date,open,close,high,low,volume,money,factor,turnover,turnover_free
2021-05-10,14.4815659,14.3615659,14.631565900000002,14.1215659,44607.77,72559.013,0.8843328756157636,,0.0
2021-05-11,14.311565900000002,13.9215659,14.4115659,13.6015659,46536.52,73595.396,0.8811117658227848,,0.0
2021-05-12,13.7915659,14.8615659,14.9115659,13.7915659,59456.09,97172.692,0.887787688172043,,0.0
2021-05-13,14.721565900000002,14.4015659,14.971565900000002,14.1215659,51390.92,84246.495,0.88461707002457,,0.0
2021-05-14,14.3415659,14.2115659,14.541565900000002,14.1515659,40160.71,65101.769,0.883254561839652,,0.0
2021-05-17,14.1215659,13.6115659,14.4815659,13.5215659,87530.01,137763.544,0.8787324661071659,,0.0
2021-05-18,13.6115659,13.6115659,14.1115659,13.5415659,59434.0,93023.584,0.8787324661071659,,0.0
2021-05-19,13.5815659,13.1415659,13.6415659,13.1115659,65224.26,98880.872,0.874937809587217,,0.0
2021-05-20,13.0015659,12.9915659,13.2615659,12.7615659,39072.83,58056.829,0.8736762542030935,,0.0
2021-05-21,13.1015659,12.8515659,13.2015659,12.6315659,54706.52,80677.99,0.8724756211812628,,0.0
2021-05-24,13.1015659,13.1215659,13.5715659,12.9415659,79758.16,120253.155,0.87477106,,0.0
2021-05-25,12.9815659,13.1115659,13.2215659,12.9215659,66550.72,99612.916,0.8746875183455637,,0.0
2021-05-26,13.1815659,13.0315659,13.3415659,12.9615659,52438.99,78697.86,0.8740151509054326,,0.0
2021-05-27,12.9915659,12.9815659,13.1215659,12.8815659,46161.37,68595.516,0.8735912449528936,,0.0
2021-05-28,12.9915659,12.9115659,13.2215659,12.8415659,55433.34,82364.207,0.8729929614604462,,0.0
2021-05-31,12.9515659,12.9815659,13.0815659,12.5415659,80083.67,117948.0,0.8735912449528936,,0.0
2021-06-01,13.11,13.03,13.16,12.74,75463.06,109390.782,0.8986206896551724,,0.0
2021-06-02,13.14,12.96,13.59,12.64,119404.1,174486.22,0.8981288981288981,,0.0
2021-06-03,12.92,12.51,13.04,12.48,62679.9,89241.002,0.8948497854077253,,0.0
2021-06-04,12.44,12.53,12.99,12.44,78560.32,111019.544,0.8949999999999999,,0.0
2021-06-07,12.72,12.99,13.13,12.48,57117.27,81805.073,0.8983402489626555,,0.0
2021-06-08,13.02,13.87,13.93,12.94,122974.74,186170.267,0.9041720990873532,,0.0
2021-06-09,13.76,13.8,13.93,13.36,69649.74,105688.623,0.9037328094302554,,0.0
2021-06-10,13.97,13.59,13.98,13.48,36087.22,54366.2,0.902390438247012,,0.0
2021-06-11,13.63,13.34,13.67,13.17,39020.21,57678.014,0.900742741390952,,0.0
2021-06-15,13.29,12.75,13.32,12.72,38272.88,54860.218,0.8966244725738396,,0.0
2021-06-16,12.74,12.51,12.9,12.39,35514.8,49830.294,0.8948497854077253,,0.0
2021-06-17,12.61,12.66,12.75,12.45,28188.96,39660.344,0.8959660297239914,,0.0
2021-06-18,12.62,12.28,12.62,12.03,41819.48,57896.893,0.893090909090909,,0.0
2021-06-21,12.28,12.27,12.38,11.98,51472.8,70052.708,0.8930131004366811,,0.0
2021-06-22,12.27,12.0,12.3,11.77,75993.86,102530.553,0.8908685968819599,,0.0
2021-06-23,11.99,12.18,12.25,11.73,58128.32,78630.922,0.8923076923076922,,0.0
2021-06-24,12.19,11.82,12.19,11.77,42455.27,56637.706,0.8893905191873589,,0.0
2021-06-25,11.8,11.94,12.05,11.72,40754.14,54552.297,0.890380313199105,,0.0
2021-06-28,11.93,12.19,12.28,11.93,47667.8,64902.732,0.8923865300146412,,0.0
2021-06-29,12.19,12.15,12.28,12.09,40006.16,54579.546,0.8920704845814977,,0.0
2021-06-30,12.11,12.45,12.66,11.96,69392.37,96036.982,0.8943965517241379,,0.0
2021-07-01,12.41,12.2,12.61,12.12,48206.01,66804.871,0.8924652523774689,,0.0
2021-07-02,12.32,12.19,12.33,11.84,52101.81,70598.12,0.8923865300146412,,0.0
2021-07-05,12.53,12.55,12.64,11.95,100410.78,138911.285,0.8951497860199714,,0.0
2021-07-06,12.64,12.63,13.02,12.51,68668.91,96734.767,0.8957446808510637,,0.0
2021-07-07,12.65,13.05,13.24,12.58,70711.3,102572.25,0.8987603305785123,,0.0
2021-07-08,13.09,13.13,13.62,12.98,81026.63,119561.959,0.8993150684931507,,0.0
2021-07-09,13.04,12.93,13.17,12.87,59744.13,86475.383,0.8979166666666666,,0.0
2021-07-12,13.0,13.14,13.27,12.93,54573.9,79726.279,0.8993839835728953,,0.0
2021-07-13,13.16,12.81,13.22,12.66,75291.34,107758.401,0.8970588235294117,,0.0
2021-07-14,12.75,12.79,13.1,12.7,41414.06,59408.834,0.896914446002805,,0.0
2021-07-15,12.9,12.95,13.03,12.53,46881.8,66753.056,0.8980582524271844,,0.0
2021-07-16,13.07,12.6,13.07,12.59,40213.24,57007.869,0.8955223880597014,,0.0
2021-07-19,12.6,12.36,12.67,12.12,33011.64,45611.931,0.8937093275488069,,0.0
2021-07-20,12.12,12.27,12.33,12.01,29490.61,40197.483,0.8930131004366811,,0.0
2021-07-21,12.27,12.07,12.42,12.03,34680.07,47250.339,0.8914327917282127,,0.0
2021-07-22,12.08,12.14,12.31,11.99,31339.05,42713.386,0.8919911829537105,,0.0
2021-07-23,12.13,11.78,12.14,11.53,54965.61,72880.288,0.8890566037735849,,0.0
2021-07-26,11.76,11.22,11.76,11.02,62617.74,79817.615,0.884160756501182,,0.0
2021-07-27,11.26,10.74,11.26,10.74,61369.51,76361.235,0.8796068796068796,,0.0
2021-07-28,10.74,10.67,10.83,10.17,40231.27,48321.949,0.8789126853377265,,0.0
2021-07-29,10.81,10.79,10.97,10.65,41741.33,51187.552,0.8800978792822185,,0.0
2021-07-30,10.68,10.7,10.85,10.3,51735.87,62217.312,0.8792111750205422,,0.0
2021-08-02,10.66,10.85,11.05,10.57,44722.87,54981.558,0.8806818181818181,,0.0
2021-08-03,10.75,10.96,11.2,10.73,42257.3,52683.088,0.8817377312952533,,0.0
2021-08-04,11.0,10.71,11.08,10.67,54071.26,66401.399,0.8793103448275862,,0.0
2021-08-05,10.77,10.85,10.96,10.51,50438.89,61819.232,0.8806818181818181,,0.0
2021-08-06,10.85,10.9,11.03,10.73,40403.0,49882.797,0.8811641067097816,,0.0
2021-08-09,10.91,11.25,11.28,10.76,51871.57,65115.503,0.8844339622641509,,0.0
2021-08-10,11.28,11.37,11.46,11.15,43972.15,56400.082,0.8855140186915887,,0.0
2021-08-11,11.37,11.34,11.51,11.18,42108.02,53736.771,0.8852459016393442,,0.0
2021-08-12,11.24,11.32,11.46,11.24,25748.0,33026.745,0.8850664581704456,,0.0
2021-08-13,11.33,11.22,11.37,11.13,34122.38,43298.289,0.884160756501182,,0.0
2021-08-16,11.22,11.38,11.49,11.11,31596.08,40400.951,0.8856031128404669,,0.0
2021-08-17,11.38,11.05,11.4,10.97,37742.76,47838.059,0.88258785942492,,0.0
2021-08-18,10.97,11.2,11.2,10.97,27072.82,34043.326,0.8839779005524862,,0.0
2021-08-19,11.13,10.98,11.13,10.76,51151.02,63119.787,0.8819277108433734,,0.0
2021-08-20,11.03,10.87,11.27,10.83,50710.67,63166.553,0.8808752025931929,,0.0
2021-08-23,10.87,11.22,11.42,10.83,73168.79,92747.277,0.884160756501182,,0.0
2021-08-24,11.28,11.2,11.33,11.08,56772.37,71875.449,0.8839779005524862,,0.0
2021-08-25,11.22,11.51,11.68,11.09,74873.72,96911.513,0.886748844375963,,0.0
2021-08-26,11.56,11.28,11.59,11.26,51079.94,65570.156,0.8847058823529411,,0.0
2021-08-27,11.22,11.29,11.39,11.16,39689.0,50524.649,0.884796238244514,,0.0
2021-08-30,11.31,11.01,11.4,11.0,61776.34,78157.057,0.8822115384615384,,0.0
2021-08-31,10.95,11.25,11.36,10.87,58697.23,74514.309,0.8844339622641509,,0.0
2021-09-01,11.25,11.08,11.25,10.91,58107.18,72752.271,0.8828685258964143,,0.0
2021-09-02,11.01,11.15,11.2,10.99,35520.0,44707.02,0.8835182250396196,,0.0
2021-09-03,11.15,11.22,11.36,11.08,61475.72,78137.392,0.884160756501182,,0.0
2021-09-06,11.2,11.41,11.45,11.16,54078.1,69168.474,0.8858695652173912,,0.0
2021-09-07,11.47,11.41,11.47,11.31,48478.36,62246.255,0.8858695652173912,,0.0
2021-09-08,11.43,11.47,11.47,11.33,49207.65,63374.546,0.8863987635239566,,0.0
2021-09-09,11.45,11.38,11.48,11.29,52181.48,67035.884,0.8856031128404669,,0.0
2021-09-10,11.38,11.63,11.95,11.35,107556.83,141714.004,0.8877862595419846,,0.0
2021-09-13,11.65,11.45,11.71,11.38,60869.21,78623.512,0.8862229102167182,,0.0
2021-09-14,11.45,11.07,11.47,11.01,59935.9,76252.881,0.8827751196172248,,0.0
2021-09-15,11.03,10.75,11.03,10.71,67262.52,82875.599,0.8797054009819967,,0.0
2021-09-16,10.74,10.8,10.98,10.73,43118.86,53125.488,0.8801955990220048,,0.0
2021-09-17,10.8,10.53,10.86,10.41,52968.95,63726.495,0.8775,,0.0
2021-09-22,10.39,10.25,10.47,10.18,60856.97,71498.27,0.8745733788395904,,0.0
2021-09-23,10.34,10.61,10.75,10.29,61101.9,73460.315,0.8783112582781456,,0.0
2021-09-24,10.59,10.35,10.6,10.28,42823.99,50750.233,0.8756345177664974,,0.0
2021-09-27,10.33,10.01,10.33,9.95,37004.69,42939.451,0.8719512195121951,,0.0
2021-09-28,10.02,10.08,10.16,9.93,32388.81,37230.353,0.8727272727272727,,0.0
2021-09-29,10.04,10.03,10.28,9.94,43698.96,50517.303,0.8721739130434782,,0.0
2021-09-30,10.03,10.16,10.19,10.03,33763.99,39086.403,0.8736027515047291,,0.0
2021-10-08,10.41,10.27,10.41,10.17,40703.48,47768.844,0.8747870528109029,,0.0
2021-10-11,10.23,10.16,10.35,10.12,37936.35,44347.359,0.8736027515047291,,0.0
2021-10-12,10.5,10.38,10.62,10.26,87774.93,104306.113,0.8759493670886075,,0.0
2021-10-13,10.45,10.36,10.63,10.15,58481.14,68910.682,0.8757396449704141,,0.0
2021-10-14,10.3,10.47,10.65,10.27,57196.37,68408.537,0.8768844221105527,,0.0
2021-10-15,10.42,10.35,10.42,10.27,35021.28,41344.478,0.8756345177664974,,0.0
2021-10-18,10.36,10.23,10.41,10.02,73998.86,85817.705,0.8743589743589743,,0.0
2021-10-19,10.2,10.31,10.38,10.13,47438.1,55611.714,0.8752122241086587,,0.0
2021-10-20,10.31,10.36,10.46,10.25,43894.83,51902.639,0.8757396449704141,,0.0
2021-10-21,10.34,10.07,10.36,10.06,56271.26,65374.483,0.8726169844020797,,0.0
2021-10-22,10.11,10.38,10.53,10.02,86564.42,101988.87,0.8759493670886075,,0.0
2021-10-25,10.41,10.21,10.48,10.06,63200.74,73423.49,0.8741438356164383,,0.0
2021-10-26,10.13,10.04,10.19,9.98,62923.48,72516.385,0.8722849695916594,,0.0
2021-10-27,10.02,9.39,10.03,9.26,87705.81,96372.817,0.8646408839779005,,0.0
2021-10-28,9.34,8.959999999999999,9.35,8.899999999999999,52894.61,55824.855,0.8590604026845637,,0.0
2021-10-29,8.91,9.32,9.45,8.91,56846.88,60878.936,0.8637627432808155,,0.0
2021-11-01,9.29,9.79,9.85,9.23,69606.89,77518.868,0.869449378330373,,0.0
2021-11-02,9.78,9.48,9.92,9.36,54733.79,60452.974,0.8657534246575341,,0.0
2021-11-03,9.48,9.42,9.51,9.27,25914.88,28127.298,0.8650137741046832,,0.0
2021-11-04,9.42,9.5,9.55,9.31,28787.61,31521.629,0.8659981768459434,,0.0
2021-11-05,9.53,9.63,9.75,9.42,32628.88,36252.64,0.8675675675675675,,0.0
2021-11-08,9.57,9.53,9.66,9.46,33472.64,36923.596,0.8663636363636363,,0.0
2021-11-09,9.47,9.57,9.66,9.31,24762.0,27293.562,0.8668478260869564,,0.0
2021-11-10,9.53,9.56,9.58,9.37,27407.0,29971.896,0.8667271078875792,,0.0
2021-11-11,9.53,9.76,9.86,9.48,40709.22,45647.154,0.8691006233303651,,0.0
2021-11-12,9.73,9.78,9.84,9.67,37001.23,41577.367,0.8693333333333333,,0.0
2021-11-15,9.8,10.19,10.28,9.76,69632.22,80420.52,0.8739279588336192,,0.0
2021-11-16,10.19,10.16,10.37,10.08,50727.01,59251.183,0.8736027515047291,,0.0
2021-11-17,10.16,10.19,10.27,10.1,38357.01,44659.569,0.8739279588336192,,0.0
2021-11-18,10.2,10.26,10.3,10.14,38190.01,44708.125,0.8746803069053708,,0.0
2021-11-19,10.28,10.22,10.31,10.03,35839.78,41649.336,0.8742514970059879,,0.0
2021-11-22,10.18,10.52,10.78,10.18,88692.5,106449.59,0.8773978315262718,,0.0
2021-11-23,10.48,10.47,10.57,10.36,40750.41,48673.816,0.8768844221105527,,0.0
2021-11-24,10.46,10.58,10.73,10.41,41195.01,49722.691,0.8780082987551867,,0.0
2021-11-25,10.6,10.54,10.7,10.48,37005.84,44632.976,0.877601998334721,,0.0
2021-11-26,10.53,10.36,10.53,10.32,46058.01,54650.227,0.8757396449704141,,0.0
2021-11-29,10.16,10.07,10.28,9.98,54492.28,63043.704,0.8726169844020797,,0.0
2021-11-30,10.18,10.47,10.56,10.13,87595.43,103550.212,0.8768844221105527,,0.0
2021-12-01,10.47,10.43,10.58,10.36,43388.0,51729.361,0.8764705882352941,,0.0
2021-12-02,10.43,10.22,10.5,10.21,34047.89,40173.944,0.8742514970059879,,0.0
2021-12-03,10.3,10.25,10.3,10.14,28876.89,33782.918,0.8745733788395904,,0.0
2021-12-06,10.26,9.94,10.35,9.88,60950.49,70181.086,0.8711656441717791,,0.0
2021-12-07,10.0,10.01,10.15,9.93,39353.31,45315.745,0.8719512195121951,,0.0
2021-12-08,10.04,10.17,10.2,9.94,35068.41,40537.017,0.8737113402061856,,0.0
2021-12-09,10.23,10.29,10.35,10.03,50572.8,59198.689,0.8749999999999999,,0.0
2021-12-10,10.25,10.72,11.18,10.19,146310.66,178836.993,0.8794093519278097,,0.0
2021-12-13,11.05,10.51,11.1,10.34,122851.1,147968.039,0.8772954924874791,,0.0
2021-12-14,10.49,10.3,10.49,10.28,81621.62,96223.616,0.8751062022090059,,0.0
2021-12-15,10.3,10.23,10.37,10.18,53769.18,63148.56,0.8743589743589743,,0.0
2021-12-16,10.27,10.3,10.31,10.2,48125.56,56433.441,0.8751062022090059,,0.0
2021-12-17,10.28,10.17,10.31,10.13,34716.05,40462.936,0.8737113402061856,,0.0
2021-12-20,10.11,9.95,10.15,9.92,52528.27,60389.455,0.871278458844133,,0.0
2021-12-21,10.01,10.14,10.14,9.94,36034.05,41545.956,0.8733850129198966,,0.0
2021-12-22,10.2,10.32,10.45,10.16,73491.91,86776.959,0.8753180661577608,,0.0
2021-12-23,10.32,10.25,10.37,10.2,40473.0,47572.102,0.8745733788395904,,0.0
2021-12-24,10.25,9.98,10.29,9.97,59896.86,69038.744,0.8716157205240174,,0.0
2021-12-27,9.94,10.05,10.09,9.94,21468.0,24663.955,0.8723958333333333,,0.0
2021-12-28,10.09,10.11,10.15,10.04,22052.12,25507.9,0.8730569948186528,,0.0
2021-12-29,10.11,9.95,10.12,9.93,47391.43,54220.264,0.871278458844133,,0.0
2021-12-30,9.95,10.19,10.22,9.9,53342.95,61721.927,0.8739279588336192,,0.0
2021-12-31,10.22,10.38,10.45,10.16,63700.7,75098.168,0.8759493670886075,,0.0
2022-01-04,10.43,11.12,11.21,10.37,221743.13,275703.95,0.8832406671961874,,0.0
2022-01-05,11.15,10.75,11.21,10.59,134705.29,166345.252,0.8797054009819967,,0.0
2022-01-06,10.77,10.87,10.95,10.69,62032.89,76249.555,0.8808752025931929,,0.0
2022-01-07,10.91,10.69,10.93,10.68,67870.93,83343.498,0.879111842105263,,0.0
2022-01-10,10.73,10.88,10.99,10.52,51122.41,62714.167,0.8809716599190283,,0.0
2022-01-11,10.88,10.94,11.09,10.81,49820.0,61856.552,0.8815471394037067,,0.0
2022-01-12,11.02,10.83,11.06,10.78,49283.48,60655.694,0.8804878048780488,,0.0
2022-01-13,10.82,10.75,11.0,10.75,56675.96,69935.43,0.8797054009819967,,0.0
2022-01-14,10.73,10.53,10.81,10.5,48135.0,58257.455,0.8775,,0.0
2022-01-17,10.56,10.87,10.89,10.51,61984.31,75446.016,0.8808752025931929,,0.0
2022-01-18,10.85,10.33,10.92,10.31,112004.13,134033.527,0.8754237288135592,,0.0
2022-01-19,10.32,10.53,10.65,10.31,59961.0,71801.716,0.8775,,0.0
2022-01-20,10.62,10.23,10.62,10.13,68502.0,80597.552,0.8743589743589743,,0.0
2022-01-21,10.23,10.28,10.32,10.15,32387.0,37971.741,0.8748936170212765,,0.0
2022-01-24,10.23,10.02,10.24,9.99,40963.0,47253.216,0.8720626631853785,,0.0
2022-01-25,10.0,9.46,10.09,9.45,54937.0,61487.55,0.8655077767612076,,0.0
2022-01-26,9.48,9.61,9.64,9.46,33701.0,37167.582,0.8673285198555956,,0.0
2022-01-27,9.59,9.23,9.68,9.23,42058.59,45652.882,0.8626168224299064,,0.0
2022-01-28,9.28,9.55,9.6,9.24,33608.0,36702.588,0.866606170598911,,0.0
2022-02-07,9.68,9.64,9.7,9.46,51287.32,56679.227,0.8676867686768677,,0.0
2022-02-08,9.55,9.81,9.95,9.55,47216.27,53122.98,0.8696808510638298,,0.0
2022-02-09,9.82,9.95,10.01,9.75,55324.02,62790.688,0.871278458844133,,0.0
2022-02-10,9.94,9.87,9.94,9.78,30327.0,34338.524,0.8703703703703703,,0.0
2022-02-11,9.82,9.69,9.9,9.66,44427.0,49987.968,0.868279569892473,,0.0
2022-02-14,9.67,9.6,9.75,9.54,40550.0,45021.299,0.8672086720867208,,0.0
2022-02-15,9.63,9.67,9.71,9.51,33776.0,37533.412,0.8680430879712746,,0.0
2022-02-16,9.71,9.71,9.8,9.67,38353.91,42950.19,0.868515205724508,,0.0
2022-02-17,9.71,9.66,9.75,9.66,36389.0,40664.709,0.8679245283018867,,0.0
2022-02-18,9.59,9.74,9.74,9.55,27511.02,30626.172,0.8688670829616414,,0.0
2022-02-21,9.74,10.19,10.23,9.64,98444.88,113295.475,0.8739279588336192,,0.0
2022-02-22,10.13,9.97,10.24,9.84,68474.66,78687.084,0.8715034965034965,,0.0
2022-02-23,9.97,9.96,10.04,9.92,47730.69,54665.762,0.8713910761154855,,0.0
2022-02-24,9.93,9.59,9.95,9.44,65635.04,73495.586,0.8670886075949367,,0.0
2022-02-25,9.68,9.63,9.78,9.5,36400.1,40567.543,0.8675675675675675,,0.0
2022-02-28,9.6,9.41,9.63,9.3,44703.49,48665.887,0.8648897058823529,,0.0
2022-03-01,9.44,9.53,9.55,9.42,32179.62,35232.71,0.8663636363636363,,0.0
2022-03-02,9.48,9.58,9.59,9.43,25429.81,27926.867,0.8669683257918551,,0.0
2022-03-03,9.63,9.6,9.68,9.52,37058.0,41012.284,0.8672086720867208,,0.0
2022-03-04,9.53,9.46,9.63,9.43,30484.0,33526.453,0.8655077767612076,,0.0
2022-03-07,9.44,9.37,9.56,9.32,45255.74,49265.184,0.864391143911439,,0.0
2022-03-08,9.4,9.06,9.45,8.969999999999999,46097.91,48974.975,0.8603988603988604,,0.0
2022-03-09,9.03,8.799999999999999,9.11,8.33,54602.93,55750.659,0.8568646543330087,,0.0
2022-03-10,8.83,8.719999999999999,9.0,8.68,67610.76,69712.64,0.8557409224730127,,0.0
2022-03-11,8.53,8.6,8.67,8.28,57985.84,57577.775,0.8540218470705064,,0.0
2022-03-14,8.51,8.229999999999999,8.559999999999999,8.219999999999999,58304.0,57315.795,0.8484536082474226,,0.0
2022-03-15,8.18,7.580000000000001,8.18,7.55,76351.92,70867.314,0.8375690607734807,,0.0
2022-03-16,7.680000000000001,7.8,7.85,7.420000000000001,55891.44,51085.452,0.8414239482200647,,0.0
2022-03-17,7.930000000000001,8.01,8.309999999999999,7.830000000000001,59978.82,57106.611,0.8449367088607594,,0.0
2022-03-18,7.96,8.1,8.16,7.94,35914.43,34309.848,0.8463949843260188,,0.0
2022-03-21,8.129999999999999,8.02,8.209999999999999,7.88,50358.0,47761.079,0.8451001053740779,,0.0
2022-03-22,7.990000000000001,8.2,8.26,7.910000000000001,49026.17,46807.889,0.8479834539813856,,0.0
2022-03-23,8.2,8.17,8.229999999999999,8.1,22744.81,21938.353,0.8475103734439834,,0.0
2022-03-24,8.17,8.049999999999999,8.219999999999999,8.01,36110.73,34549.396,0.8455882352941175,,0.0
2022-03-25,8.08,8.24,8.33,8.059999999999999,50916.79,49432.398,0.8486096807415036,,0.0
2022-03-28,8.139999999999999,8.12,8.27,8.02,36824.81,35312.798,0.8467153284671532,,0.0
2022-03-29,8.17,7.979999999999999,8.17,7.930000000000001,27859.0,26442.716,0.8444444444444444,,0.0
2022-03-30,8.059999999999999,8.16,8.2,7.930000000000001,26449.0,25298.444,0.8473520249221184,,0.0
2022-03-31,8.129999999999999,8.25,8.309999999999999,8.11,28805.0,27955.902,0.8487654320987654,,0.0
2022-04-01,8.18,8.26,8.299999999999999,8.11,31156.25,30167.512,0.8489208633093525,,0.0
2022-04-06,8.26,8.53,8.61,8.219999999999999,43289.0,43150.772,0.853,,0.0
2022-04-07,8.49,8.29,8.5,8.29,31746.9,31300.793,0.8493852459016393,,0.0
2022-04-08,8.26,8.299999999999999,8.34,8.1,22245.0,21572.178,0.8495394063459569,,0.0
2022-04-11,8.28,8.09,8.35,7.979999999999999,33282.0,32126.959,0.8462343096234309,,0.0
2022-04-12,8.11,8.33,8.33,7.990000000000001,28912.27,27796.699,0.85,,0.0
2022-04-13,8.26,8.11,8.27,8.1,27086.87,26113.466,0.8465553235908141,,0.0
2022-04-14,8.18,8.26,8.33,8.08,29478.87,28586.185,0.8489208633093525,,0.0
2022-04-15,8.229999999999999,8.1,8.26,8.049999999999999,25738.27,24735.467,0.8463949843260188,,0.0
2022-04-18,8.059999999999999,8.129999999999999,8.18,7.910000000000001,22155.91,21078.54,0.8468749999999999,,0.0
2022-04-19,8.08,8.27,8.27,8.059999999999999,22402.97,21616.015,0.8490759753593429,,0.0
2022-04-20,8.26,8.53,8.69,8.19,76896.5,76728.084,0.853,,0.0
2022-04-21,8.479999999999999,8.129999999999999,8.59,8.12,49336.62,48418.062,0.8468749999999999,,0.0
2022-04-22,8.059999999999999,8.389999999999999,8.42,8.049999999999999,41523.0,40504.655,0.8509127789046652,,0.0
2022-04-25,8.03,7.399999999999999,8.12,7.399999999999999,75387.0,68360.194,0.8342728297632469,,0.0
2022-04-26,7.229999999999999,6.95,7.37,6.94,48965.9,42254.705,0.8254156769596199,,0.0
2022-04-27,6.89,7.180000000000001,7.180000000000001,6.6000000000000005,34895.38,29199.497,0.8300578034682081,,0.0
2022-04-28,7.080000000000001,7.11,7.399999999999999,6.95,23891.57,20612.8,0.8286713286713288,,0.0
2022-04-29,7.19,7.44,7.47,6.990000000000001,32149.69,28294.622,0.8350168350168351,,0.0
2022-05-05,7.45,7.479999999999999,7.61,7.29,21843.0,19543.407,0.8357541899441341,,0.0
2022-05-06,7.340000000000001,7.319999999999999,7.37,7.229999999999999,19568.9,17199.062,0.832764505119454,,0.0
2022-05-09,7.31,7.44,7.46,7.240000000000001,15193.0,13480.807,0.8350168350168351,,0.0
2022-05-10,7.319999999999999,7.510000000000001,7.54,7.250000000000001,27481.0,24439.749,0.8363028953229399,,0.0
2022-05-11,7.45,7.510000000000001,7.72,7.44,29747.0,27005.421,0.8363028953229399,,0.0
2022-05-12,7.490000000000001,7.569999999999999,7.63,7.44,24872.91,22460.859,0.8373893805309734,,0.0
2022-05-13,7.590000000000001,7.54,7.62,7.47,24339.01,21923.371,0.8368479467258602,,0.0
2022-05-16,7.580000000000001,7.510000000000001,7.62,7.44,28633.01,25704.74,0.8363028953229399,,0.0
2022-05-17,7.500000000000001,7.399999999999999,7.510000000000001,7.28,25813.0,22839.355,0.8342728297632469,,0.0
2022-05-18,7.410000000000001,7.52,7.580000000000001,7.35,30423.01,27263.96,0.8364849833147943,,0.0
2022-05-19,7.38,7.45,7.500000000000001,7.340000000000001,30060.24,26724.583,0.8352017937219731,,0.0
2022-05-20,7.45,7.63,7.660000000000001,7.45,43869.01,39729.739,0.8384615384615385,,0.0
2022-05-23,7.670000000000001,7.62,7.670000000000001,7.56,30048.56,27291.26,0.8382838283828383,,0.0
2022-05-24,7.63,7.31,7.71,7.29,44165.0,39698.471,0.8325740318906606,,0.0
2022-05-25,7.28,7.500000000000001,7.52,7.28,26590.21,23709.446,0.8361204013377926,,0.0
2022-05-26,7.6,7.62,7.7,7.500000000000001,49285.37,44725.398,0.8382838283828383,,0.0
2022-05-27,8.53,8.53,8.53,8.53,32411.21,32411.21,0.853,,0.0
2022-05-30,9.53,9.53,9.53,9.19,179316.28,196803.79,0.8663636363636363,,0.0
2022-05-31,9.53,9.03,9.58,8.86,300205.65,319690.272,0.86,,0.0
2022-06-01,8.93,9.41,10.08,8.93,270530.74,296367.481,0.8648897058823529,,0.0
2022-06-02,9.43,9.28,9.75,9.15,205749.93,223723.926,0.8632558139534883,,0.0
2022-06-06,9.18,8.91,9.18,8.74,140733.49,145417.87,0.8583815028901733,,0.0
2022-06-07,8.959999999999999,9.04,9.21,8.78,125580.52,131015.5,0.8601332064700284,,0.0
2022-06-08,8.889999999999999,8.86,8.95,8.53,107566.32,110261.586,0.8576960309777347,,0.0
2022-06-09,8.87,9.12,9.23,8.799999999999999,128045.32,135113.583,0.8611898016997167,,0.0
2022-06-10,8.95,9.0,9.1,8.85,88364.82,89929.714,0.8849557522123894,,0.0
2022-06-13,8.88,8.89,8.98,8.69,65235.86,65222.989,0.8836978131212724,,0.0
2022-06-14,8.81,8.84,8.85,8.59,46738.0,46307.517,0.8831168831168831,,0.0
2022-06-15,8.88,9.2,9.29,8.86,106538.85,109497.825,0.8871745419479267,,0.0
2022-06-16,9.19,9.09,9.2,9.03,50816.86,52202.112,0.8859649122807017,,0.0
2022-06-17,9.01,9.06,9.17,8.94,44403.95,45372.234,0.8856304985337243,,0.0
2022-06-20,8.99,9.06,9.1,8.93,36234.36,36881.656,0.8856304985337243,,0.0
2022-06-21,9.08,8.98,9.25,8.92,41478.57,42438.862,0.8847290640394089,,0.0
2022-06-22,8.93,8.790000000000001,8.98,8.75,36856.97,36993.59,0.8825301204819277,,0.0
2022-06-23,8.8,9.12,9.13,8.76,57459.79,58464.293,0.8862973760932945,,0.0
2022-06-24,9.08,9.0,9.1,8.93,51901.0,52776.462,0.8849557522123894,,0.0
2022-06-27,9.02,9.01,9.15,8.95,39126.0,39906.248,0.8850687622789783,,0.0
2022-06-28,8.93,9.15,9.15,8.87,61061.92,62556.285,0.8866279069767442,,0.0
2022-06-29,9.11,9.12,9.29,9.01,64642.93,66864.283,0.8862973760932945,,0.0
2022-06-30,9.15,9.52,9.61,9.05,92919.37,98464.606,0.8905519176800748,,0.0
2022-07-01,9.51,9.18,9.51,9.15,52243.1,54679.721,0.8869565217391304,,0.0
2022-07-04,9.15,9.11,9.22,8.98,37390.6,38227.231,0.8861867704280155,,0.0
2022-07-05,9.11,8.97,9.15,8.88,33117.01,33646.186,0.8846153846153846,,0.0
2022-07-06,8.9,8.81,9.0,8.72,39433.0,39421.322,0.8827655310621243,,0.0
2022-07-07,8.84,8.92,8.96,8.81,23920.0,24031.53,0.8840436075322101,,0.0
2022-07-08,8.88,8.84,8.95,8.84,17604.0,17715.469,0.8831168831168831,,0.0
2022-07-11,8.82,8.81,8.9,8.65,16987.0,16918.568,0.8827655310621243,,0.0
2022-07-12,8.8,8.71,8.9,8.7,19742.6,19677.665,0.881578947368421,,0.0
2022-07-13,8.73,8.76,8.82,8.64,14587.0,14493.498,0.8821752265861027,,0.0
2022-07-14,8.74,8.82,8.86,8.71,20571.0,20498.269,0.8828828828828829,,0.0
2022-07-15,8.8,8.24,8.82,8.19,56499.0,54498.68,0.8756641870350691,,0.0
2022-07-18,8.23,8.64,8.68,8.22,37963.0,36836.261,0.8807339449541285,,0.0
2022-07-19,8.61,8.68,8.71,8.58,21524.0,21124.541,0.8812182741116751,,0.0
2022-07-20,8.68,8.7,8.72,8.6,24926.07,24478.457,0.8814589665653495,,0.0
2022-07-21,8.75,8.57,8.75,8.56,19536.0,19112.794,0.8798767967145791,,0.0
2022-07-22,8.55,8.48,8.61,8.38,19194.6,18543.115,0.8787564766839379,,0.0
2022-07-25,8.5,8.4,8.55,8.39,18413.0,17729.284,0.877742946708464,,0.0
2022-07-26,8.4,8.46,8.46,8.25,15404.0,14677.053,0.8785046728971962,,0.0
2022-07-27,8.44,8.42,8.44,8.33,19310.01,18467.784,0.8779979144942649,,0.0
2022-07-28,8.42,8.5,8.56,8.41,19441.0,18799.951,0.8790072388831438,,0.0
2022-07-29,8.52,8.57,8.57,8.36,29985.0,28889.869,0.8798767967145791,,0.0
2022-08-01,8.56,8.59,8.6,8.41,26781.0,25947.272,0.8801229508196722,,0.0
2022-08-02,8.55,8.16,8.56,8.01,35824.27,33595.675,0.8745980707395499,,0.0
2022-08-03,8.13,8.17,8.26,8.02,31325.95,29221.759,0.8747323340471093,,0.0
2022-08-04,8.19,8.290000000000001,8.31,8.07,27814.73,26040.405,0.8763213530655392,,0.0
2022-08-05,8.31,8.41,8.43,8.24,22571.0,21484.497,0.8778705636743215,,0.0
2022-08-08,8.4,8.76,9.05,8.36,85769.81,85478.578,0.8821752265861027,,0.0
2022-08-09,8.790000000000001,8.63,8.790000000000001,8.51,40966.0,40112.52,0.8806122448979592,,0.0
2022-08-10,8.61,9.61,9.61,8.57,130716.82,136349.119,0.891465677179963,,0.0
2022-08-11,9.63,9.31,9.71,9.24,176805.81,187097.8,0.8883587786259542,,0.0
2022-08-12,9.24,9.26,9.41,9.17,74590.98,77791.909,0.887823585810163,,0.0
2022-08-15,9.2,9.16,9.26,9.08,50964.54,52583.428,0.8867376573088093,,0.0
2022-08-16,9.17,9.15,9.23,9.09,38301.04,39529.03,0.8866279069767442,,0.0
2022-08-17,9.14,9.14,9.2,9.06,33563.0,34549.667,0.8865179437439379,,0.0
2022-08-18,9.09,9.15,9.2,9.05,34307.46,35388.863,0.8866279069767442,,0.0
2022-08-19,9.19,9.03,9.33,9.01,44882.96,46376.079,0.8852941176470588,,0.0
2022-08-22,8.88,9.06,9.06,8.74,45791.24,46286.343,0.8856304985337243,,0.0
2022-08-23,9.03,9.09,9.15,8.91,32591.72,33218.233,0.8859649122807017,,0.0
2022-08-24,9.13,8.91,9.17,8.86,39192.72,39820.079,0.8839285714285714,,0.0
2022-08-25,8.98,8.98,8.99,8.73,31101.63,31268.913,0.8847290640394089,,0.0
2022-08-26,8.99,8.83,9.05,8.790000000000001,29283.6,29558.726,0.883,,0.0
2022-08-29,8.73,8.9,8.92,8.64,21516.0,21489.231,0.8838133068520357,,0.0
2022-08-30,8.92,8.97,9.04,8.87,27477.72,27838.452,0.8846153846153846,,0.0
2022-08-31,8.91,8.76,8.96,8.7,30188.0,30054.24,0.8821752265861027,,0.0
2022-09-01,8.83,8.78,8.92,8.72,15888.0,15840.379,0.8824120603015075,,0.0
2022-09-02,8.790000000000001,8.92,8.97,8.73,21839.92,21923.236,0.8840436075322101,,0.0
2022-09-05,8.94,8.95,8.99,8.83,15271.98,15390.693,0.8843873517786561,,0.0
2022-09-06,8.92,9.01,9.03,8.91,25248.02,25620.862,0.8850687622789783,,0.0
2022-09-07,9.04,8.98,9.07,8.94,28293.02,28783.735,0.8847290640394089,,0.0
2022-09-08,8.97,8.88,8.97,8.84,21769.2,21920.794,0.8835820895522388,,0.0
2022-09-09,8.81,8.87,8.96,8.8,26395.32,26492.126,0.8834661354581673,,0.0
2022-09-13,8.9,9.0,9.11,8.84,29900.0,30422.473,0.8849557522123894,,0.0
2022-09-14,8.81,8.9,8.97,8.73,23165.04,23185.079,0.8838133068520357,,0.0
2022-09-15,8.96,8.73,9.04,8.62,32586.0,32542.983,0.8818181818181818,,0.0
2022-09-16,8.73,8.36,8.74,8.3,33785.0,32663.187,0.8772298006295908,,0.0
2022-09-19,8.28,8.14,8.33,8.07,17348.0,16202.053,0.874328678839957,,0.0
2022-09-20,8.18,8.41,8.41,8.18,15793.9,14988.115,0.8778705636743215,,0.0
2022-09-21,8.38,8.41,8.47,8.24,11929.0,11356.294,0.8778705636743215,,0.0
2022-09-22,8.33,8.290000000000001,8.46,8.28,11727.0,11152.167,0.8763213530655392,,0.0
2022-09-23,8.39,8.13,8.39,8.1,11142.91,10433.499,0.8741935483870968,,0.0
2022-09-26,8.11,7.9,8.11,7.85,18708.0,17136.136,0.8710033076074972,,0.0
2022-09-27,8.01,8.27,8.3,7.91,18778.0,17468.921,0.8760593220338984,,0.0
2022-09-28,8.24,8.05,8.27,8.02,16966.0,15817.981,0.8731019522776573,,0.0
2022-09-29,8.12,7.84,8.27,7.790000000000001,19796.0,18013.648,0.8701442841287459,,0.0
2022-09-30,7.82,7.73,7.859999999999999,7.710000000000001,12409.0,11128.823,0.8685393258426967,,0.0
2022-10-10,7.83,7.550000000000001,7.83,7.52,12628.0,11145.979,0.8658256880733946,,0.0
2022-10-11,7.550000000000001,7.630000000000001,7.689999999999999,7.449999999999999,12605.4,11008.691,0.8670454545454546,,0.0
2022-10-12,7.619999999999999,7.880000000000001,7.9,7.58,14882.4,13288.631,0.870718232044199,,0.0
2022-10-13,7.890000000000001,7.869999999999999,7.98,7.83,13341.01,12104.494,0.870575221238938,,0.0
2022-10-14,7.91,7.949999999999999,8.03,7.91,15115.01,13840.125,0.8717105263157895,,0.0
2022-10-17,7.91,8.08,8.08,7.9,13570.69,12483.301,0.8735135135135135,,0.0
2022-10-18,8.12,8.040000000000001,8.13,8.03,11826.0,10927.612,0.8729641693811075,,0.0
2022-10-19,8.08,7.949999999999999,8.08,7.880000000000001,15594.91,14222.513,0.8717105263157895,,0.0
2022-10-20,7.960000000000001,7.9,8.01,7.84,20318.57,18455.86,0.8710033076074972,,0.0
2022-10-21,7.91,7.9,7.960000000000001,7.859999999999999,11260.83,10221.26,0.8710033076074972,,0.0
2022-10-24,7.91,7.68,7.960000000000001,7.65,24581.8,22068.401,0.8677966101694915,,0.0
2022-10-25,7.66,7.98,8.040000000000001,7.56,27728.84,24806.7,0.8721311475409836,,0.0
2022-10-26,7.98,8.13,8.17,7.890000000000001,36595.12,33780.662,0.8741935483870968,,0.0
2022-10-27,8.13,8.24,8.39,8.06,41564.59,39168.943,0.8756641870350691,,0.0
2022-10-28,8.19,8.0,8.21,7.9,24284.01,22457.413,0.8724100327153762,,0.0
2022-10-31,8.01,8.11,8.14,7.92,18060.0,16685.123,0.8739224137931034,,0.0
2022-11-01,8.11,8.24,8.24,8.06,19718.68,18440.627,0.8756641870350691,,0.0
2022-11-02,8.24,8.37,8.39,8.18,28850.69,27382.317,0.8773584905660378,,0.0
2022-11-03,8.28,8.39,8.43,8.25,16973.67,16163.809,0.8776150627615062,,0.0
2022-11-04,8.37,8.46,8.55,8.35,29698.0,28635.753,0.8785046728971962,,0.0
2022-11-07,8.47,8.540000000000001,8.58,8.39,18205.91,17588.987,0.8795056642636457,,0.0
2022-11-08,8.5,8.55,8.57,8.45,13170.6,12738.6,0.8796296296296297,,0.0
2022-11-09,8.53,8.47,8.57,8.46,17749.6,17176.008,0.8786307053941909,,0.0
2022-11-10,8.44,8.6,8.64,8.39,24880.99,24229.858,0.8802456499488229,,0.0
2022-11-11,8.69,8.72,8.76,8.59,34048.1,33556.888,0.8816986855409504,,0.0
2022-11-14,8.72,8.93,9.17,8.63,52476.13,52739.674,0.8841584158415842,,0.0
2022-11-15,8.9,9.02,9.11,8.76,47085.64,47530.822,0.8851815505397449,,0.0
2022-11-16,9.04,9.03,9.12,8.93,24278.0,24765.841,0.8852941176470588,,0.0
2022-11-17,9.02,9.06,9.08,8.94,18469.0,18822.205,0.8856304985337243,,0.0
2022-11-18,9.08,9.32,9.41,9.04,56455.0,58764.337,0.888465204957102,,0.0
2022-11-21,9.42,9.35,9.42,9.13,34497.0,36071.467,0.8887832699619772,,0.0
2022-11-22,9.39,9.39,9.44,9.22,48807.0,51220.306,0.8892045454545454,,0.0
2022-11-23,9.45,9.19,9.45,9.12,37914.37,39377.005,0.887065637065637,,0.0
2022-11-24,9.22,9.22,9.38,9.14,31621.91,32985.884,0.8873917228103946,,0.0
2022-11-25,9.22,9.11,9.24,9.07,24640.98,25430.919,0.8861867704280155,,0.0
2022-11-28,9.11,8.98,9.11,8.87,24926.0,25275.705,0.8847290640394089,,0.0
2022-11-29,9.06,9.28,9.31,8.95,37343.6,38664.691,0.8880382775119617,,0.0
2022-11-30,9.28,9.27,9.33,9.2,22045.6,22992.964,0.8879310344827587,,0.0
2022-12-01,9.44,10.31,10.31,9.21,223558.11,253292.132,0.8980836236933798,,0.0
2022-12-02,9.74,10.0,10.52,9.58,288014.99,318426.385,0.8952551477170994,,0.0
2022-12-05,9.84,10.11,10.15,9.78,170927.34,190410.477,0.8962765957446809,,0.0
2022-12-06,10.08,9.73,10.08,9.68,105115.05,115465.062,0.8926605504587156,,0.0
2022-12-07,9.78,9.65,9.81,9.56,74641.92,80817.624,0.8918669131238447,,0.0
2022-12-08,9.65,9.77,9.78,9.49,67393.25,72980.35,0.8930530164533821,,0.0
2022-12-09,9.82,9.56,9.82,9.42,64742.0,69322.982,0.8909599254426841,,0.0
2022-12-12,9.57,9.58,9.64,9.47,35690.0,38337.821,0.8911627906976745,,0.0
2022-12-13,9.44,9.47,9.6,9.37,55701.0,59245.141,0.8900375939849624,,0.0
2022-12-14,9.41,9.36,9.51,9.33,31941.0,33762.643,0.8888888888888888,,0.0
2022-12-15,9.33,9.26,9.45,9.21,37994.91,39736.68,0.887823585810163,,0.0
2022-12-16,9.19,9.18,9.29,9.09,32178.0,33267.034,0.8869565217391304,,0.0
2022-12-19,9.22,8.94,9.26,8.87,29256.59,29746.004,0.884272997032641,,0.0
2022-12-20,9.0,8.94,9.02,8.790000000000001,24018.59,24196.511,0.884272997032641,,0.0
2022-12-21,8.95,8.92,9.03,8.88,18279.59,18491.498,0.8840436075322101,,0.0
2022-12-22,9.02,8.91,9.09,8.83,25552.01,25871.57,0.8839285714285714,,0.0
2022-12-23,8.88,9.04,9.09,8.71,43230.96,43681.326,0.8854064642507345,,0.0
2022-12-26,9.11,8.92,9.13,8.81,41909.02,42276.475,0.8840436075322101,,0.0
2022-12-27,8.89,9.19,9.26,8.83,47361.0,48598.655,0.887065637065637,,0.0
2022-12-28,9.12,9.27,9.43,9.1,49031.0,51129.181,0.8879310344827587,,0.0
2022-12-29,9.14,9.02,9.22,8.99,31480.6,32258.169,0.8851815505397449,,0.0
2022-12-30,9.09,9.27,9.28,8.9,40936.53,42234.318,0.8879310344827587,,0.0
2023-01-03,9.25,9.37,9.37,9.16,39656.91,41560.883,0.8889943074003795,,0.0
2023-01-04,9.41,9.56,9.63,9.28,47278.0,50506.335,0.8909599254426841,,0.0
2023-01-05,9.6,9.49,9.6,9.39,32211.21,34261.537,0.8902439024390244,,0.0
2023-01-06,9.49,9.38,9.52,9.32,28608.0,30294.278,0.8890995260663507,,0.0
2023-01-09,9.42,9.46,9.5,9.31,29227.0,30956.179,0.889934148635936,,0.0
2023-01-10,9.48,9.36,9.48,9.33,21248.0,22417.594,0.8888888888888888,,0.0
2023-01-11,9.35,9.21,9.37,9.19,21007.0,21915.826,0.8872832369942196,,0.0
2023-01-12,10.25,9.53,10.25,9.49,231664.85,257826.181,0.8906542056074767,,0.0
2023-01-13,9.47,9.4,9.59,9.12,138363.89,144814.295,0.8893093661305582,,0.0
2023-01-16,9.29,9.53,9.72,9.23,82097.0,87723.742,0.8906542056074767,,0.0
2023-01-17,9.6,10.6,10.6,9.48,245135.11,281639.454,0.9005947323704333,,0.0
2023-01-18,11.78,11.78,11.78,11.77,253870.0,328761.228,0.9096525096525097,,0.0
2023-01-19,11.84,10.83,12.33,10.76,571419.55,718189.938,0.9025,,0.0
2023-01-20,10.81,10.3,11.03,10.1,358009.1,415973.031,0.897994768962511,,0.0
2023-01-30,10.5,11.08,11.45,10.33,467289.44,574177.537,0.9044897959183672,,0.0
2023-01-31,10.89,10.75,10.97,10.54,272307.16,322432.585,0.9018456375838926,,0.0
2023-02-01,10.65,11.94,11.94,10.58,521740.41,663452.231,0.9107551487414188,,0.0
2023-02-02,12.05,11.32,12.38,11.22,526945.05,671975.188,0.9063250600480384,,0.0
2023-02-03,11.41,11.65,12.48,11.41,442333.68,576179.647,0.9087363494539782,,0.0
2023-02-06,11.63,11.3,11.73,10.84,309030.19,381015.912,0.9061748195669608,,0.0
2023-02-07,11.07,11.03,11.16,10.76,240794.93,290991.0,0.9040983606557376,,0.0
2023-02-08,10.84,10.73,10.92,10.69,158956.38,190128.415,0.9016806722689076,,0.0
2023-02-09,10.71,10.88,10.91,10.6,135326.23,162047.383,0.9029045643153528,,0.0
2023-02-10,10.87,10.9,11.0,10.73,123207.47,148437.009,0.9030654515327258,,0.0
2023-02-13,10.98,11.01,11.3,10.92,154412.24,188668.397,0.9039408866995072,,0.0
2023-02-14,11.03,10.76,11.1,10.67,129851.04,155118.349,0.9019279128248114,,0.0
2023-02-15,10.65,10.55,10.74,10.39,127238.09,148426.565,0.9001706484641638,,0.0
2023-02-16,10.53,10.18,10.58,10.03,119222.03,137744.308,0.8969162995594714,,0.0
2023-02-17,10.19,10.18,10.28,10.11,63907.98,72598.538,0.8969162995594714,,0.0
2023-02-20,10.27,10.43,10.44,10.03,76854.0,88283.568,0.8991379310344828,,0.0
2023-02-21,10.38,10.46,10.51,10.34,61057.0,70764.326,0.8993981083404987,,0.0
2023-02-22,10.41,10.43,10.46,10.34,33089.0,38314.511,0.8991379310344828,,0.0
2023-02-23,10.44,10.39,10.52,10.29,43583.0,50452.151,0.8987889273356402,,0.0
2023-02-24,10.44,10.37,10.44,10.29,33088.0,38111.642,0.8986135181975736,,0.0
2023-02-27,10.36,10.36,10.42,10.24,34385.27,39513.092,0.8985255854293148,,0.0
2023-02-28,10.39,10.48,10.53,10.32,49285.0,57101.098,0.8995708154506438,,0.0
2023-03-01,10.43,10.51,10.51,10.38,46615.0,54200.827,0.8998287671232876,,0.0
2023-03-02,10.45,10.49,10.59,10.44,46272.22,54112.429,0.8996569468267581,,0.0
2023-03-03,10.46,10.5,10.54,10.4,48377.81,56360.042,0.8997429305912596,,0.0
2023-03-06,10.56,10.7,10.81,10.51,110084.5,130280.747,0.9014321819713564,,0.0
2023-03-07,10.76,10.37,10.76,10.35,85647.56,100438.896,0.8986135181975736,,0.0
2023-03-08,10.37,10.43,10.44,10.27,40892.54,47185.455,0.8991379310344828,,0.0
2023-03-09,10.46,10.36,10.47,10.21,40529.77,46578.833,0.8985255854293148,,0.0
2023-03-10,10.31,10.2,10.32,10.1,45478.8,51584.298,0.8970976253298153,,0.0
2023-03-13,10.16,10.21,10.26,10.0,37340.09,42236.85,0.8971880492091389,,0.0
2023-03-14,10.22,10.26,10.34,10.08,42609.0,48491.762,0.8976377952755905,,0.0
2023-03-15,10.21,10.44,10.53,10.21,87876.51,101980.852,0.8992248062015504,,0.0
2023-03-16,10.41,10.45,10.57,10.28,66866.0,77699.699,0.8993115318416524,,0.0
2023-03-17,10.53,10.45,10.53,10.33,57336.84,66435.122,0.8993115318416524,,0.0
2023-03-20,10.31,9.94,10.36,9.9,88549.69,98968.695,0.8946894689468947,,0.0
2023-03-21,10.02,10.15,10.25,9.91,56359.02,63609.506,0.8966431095406361,,0.0
2023-03-22,10.17,10.19,10.28,10.14,32099.39,36486.451,0.8970070422535211,,0.0
2023-03-23,10.17,10.05,10.17,9.99,46633.83,52367.845,0.8957219251336899,,0.0
2023-03-24,10.11,10.26,10.3,9.99,56043.77,63493.707,0.8976377952755905,,0.0
2023-03-27,10.21,10.03,10.33,9.97,56469.0,63564.959,0.8955357142857143,,0.0
2023-03-28,10.0,9.88,10.02,9.84,37931.01,42036.488,0.8941176470588236,,0.0
2023-03-29,9.97,9.68,9.97,9.68,34872.0,38147.676,0.8921658986175115,,0.0
2023-03-30,9.75,9.81,9.81,9.65,26771.21,29183.954,0.8934426229508197,,0.0
2023-03-31,9.81,9.86,9.88,9.73,27228.0,29869.72,0.8939256572982774,,0.0
2023-04-03,9.87,9.89,9.91,9.8,40108.0,44189.428,0.8942133815551537,,0.0
2023-04-04,9.92,9.76,9.94,9.7,35102.39,38485.16,0.8929551692589204,,0.0
2023-04-06,9.73,9.7,9.75,9.61,31637.61,34246.784,0.8923643054277829,,0.0
2023-04-07,9.63,9.87,9.99,9.62,40356.01,44437.19,0.8940217391304348,,0.0
2023-04-10,9.92,9.86,10.02,9.84,37674.99,41732.938,0.8939256572982774,,0.0
2023-04-11,9.97,9.91,9.97,9.76,27450.0,30324.729,0.894404332129964,,0.0
2023-04-12,10.03,10.1,10.25,9.9,53867.6,60884.978,0.8961845607808341,,0.0
2023-04-13,10.13,10.26,10.31,10.06,51721.0,58859.387,0.8976377952755905,,0.0
2023-04-14,10.29,10.24,10.31,10.02,48326.0,54952.606,0.8974583698510079,,0.0
2023-04-17,10.3,10.32,10.39,10.17,47897.0,54997.634,0.8981723237597912,,0.0
2023-04-18,10.36,10.23,10.38,10.18,40222.0,45966.703,0.8973684210526316,,0.0
2023-04-19,10.19,10.29,10.33,10.1,39525.68,45104.513,0.8979057591623036,,0.0
2023-04-20,10.25,10.3,10.3,10.12,34340.0,39047.37,0.897994768962511,,0.0
2023-04-21,10.3,10.16,10.4,10.08,34507.0,39303.081,0.8967343336275375,,0.0
2023-04-24,10.23,9.97,10.23,9.78,40764.0,45159.212,0.8949730700179533,,0.0
2023-04-25,10.08,10.04,10.23,9.73,59916.01,66870.049,0.8956289027653881,,0.0
2023-04-26,10.04,10.28,10.38,9.86,54863.0,62336.735,0.8978165938864628,,0.0
2023-04-27,10.28,10.45,10.52,10.17,58455.02,67546.668,0.8993115318416524,,0.0
2023-04-28,10.43,10.59,10.66,10.41,58711.0,68828.348,0.9005102040816326,,0.0
2023-05-04,10.66,10.68,10.7,10.52,54714.19,64501.86,0.9012658227848102,,0.0
2023-05-05,10.69,10.58,10.69,10.5,40385.7,47423.665,0.9004255319148936,,0.0
2023-05-08,10.58,10.59,10.63,10.44,59681.07,69791.931,0.9005102040816326,,0.0
2023-05-09,10.57,10.57,10.78,10.47,71099.74,83951.273,0.9003407155025553,,0.0
2023-05-10,10.57,10.89,11.26,10.51,158684.37,192380.169,0.9029850746268656,,0.0
2023-05-11,10.93,11.08,11.16,10.84,124394.0,152074.836,0.9044897959183672,,0.0
2023-05-12,11.09,11.08,11.24,10.93,84809.65,104179.424,0.9044897959183672,,0.0
2023-05-15,11.07,10.96,11.08,10.68,74581.34,89488.289,0.9035449299258038,,0.0
2023-05-16,11.01,10.73,11.01,10.68,40503.01,48437.663,0.9016806722689076,,0.0
2023-05-17,10.75,10.84,10.91,10.64,29955.92,35870.076,0.9025811823480432,,0.0
2023-05-18,10.91,10.84,10.91,10.8,33011.38,39686.589,0.9025811823480432,,0.0
2023-05-19,10.86,10.73,10.86,10.67,33059.39,39386.827,0.9016806722689076,,0.0
2023-05-22,10.73,10.58,10.73,10.49,33645.82,39495.357,0.9004255319148936,,0.0
2023-05-23,10.57,10.43,10.61,10.38,24942.38,29099.952,0.8991379310344828,,0.0
2023-05-24,10.38,10.28,10.44,10.26,26546.12,30565.142,0.8978165938864628,,0.0
2023-05-25,10.27,10.35,10.39,10.18,32446.38,37147.004,0.8984375,,0.0
2023-05-26,10.38,10.38,10.45,10.14,25212.0,28960.085,0.8987012987012987,,0.0
2023-05-29,10.47,10.45,10.61,10.38,32674.0,38081.349,0.8993115318416524,,0.0
2023-05-30,10.45,10.58,10.59,10.37,30146.0,35207.501,0.9004255319148936,,0.0
2023-05-31,10.51,10.86,11.05,10.51,65913.4,79258.914,0.9027431421446384,,0.0
2023-06-01,10.84,11.25,11.4,10.71,108076.58,133113.862,0.9057971014492754,,0.0
2023-06-02,11.26,11.2,11.33,11.13,70825.0,87846.325,0.9054163298302343,,0.0
2023-06-05,11.25,11.5,11.61,11.23,74336.39,94044.777,0.9076558800315706,,0.0
2023-06-06,11.53,11.07,11.6,11.01,90570.4,112856.66,0.9044117647058824,,0.0
2023-06-07,11.16,11.18,11.22,10.94,37302.01,45724.773,0.9052631578947368,,0.0
2023-06-08,11.19,11.01,11.19,10.93,34677.1,42277.382,0.9039408866995072,,0.0
2023-06-09,11.01,11.01,11.16,10.93,29018.91,35437.716,0.9039408866995072,,0.0
2023-06-12,11.03,10.92,11.07,10.87,34108.01,41377.2,0.9032258064516128,,0.0
2023-06-13,10.97,10.99,11.07,10.89,29176.8,35438.33,0.903782894736842,,0.0
2023-06-14,11.03,11.09,11.18,10.95,36725.91,44957.659,0.904567699836868,,0.0
2023-06-15,11.18,11.03,11.22,10.96,36691.0,43884.683,0.9230125523012552,,0.0
2023-06-16,11.14,11.28,11.48,11.04,64741.18,78821.084,0.9245901639344264,,0.0
2023-06-19,11.18,11.06,11.21,10.94,54945.0,65667.115,0.9232053422370616,,0.0
2023-06-20,11.13,10.94,11.13,10.87,38158.81,45225.472,0.9224283305227656,,0.0
2023-06-21,10.97,10.68,10.97,10.67,33149.78,38739.56,0.9206896551724136,,0.0
2023-06-26,10.68,10.43,10.72,10.36,36831.2,42115.0,0.918942731277533,,0.0
2023-06-27,10.49,10.88,10.92,10.49,44131.0,51753.402,0.9220338983050848,,0.0
2023-06-28,10.86,10.82,10.91,10.57,33972.91,39647.701,0.9216354344122658,,0.0
2023-06-29,10.82,11.02,11.1,10.74,39691.0,47290.255,0.9229480737018424,,0.0
2023-06-30,11.09,11.14,11.27,11.01,34885.0,42150.479,0.9237147595356552,,0.0
2023-07-03,11.14,11.22,11.26,11.08,35529.0,42977.153,0.9242174629324548,,0.0
2023-07-04,11.22,11.22,11.31,11.13,23871.2,28957.889,0.9242174629324548,,0.0
2023-07-05,11.19,11.15,11.23,11.08,23879.0,28831.579,0.923777961888981,,0.0
2023-07-06,11.11,11.16,11.22,11.04,22828.0,27524.741,0.9238410596026492,,0.0
2023-07-07,11.16,11.05,11.16,10.91,25183.0,30122.577,0.923141186299081,,0.0
2023-07-10,11.05,11.02,11.18,10.95,20772.0,24789.304,0.9229480737018424,,0.0
2023-07-11,11.06,11.27,11.28,10.96,34760.0,41980.234,0.9245283018867924,,0.0
2023-07-12,11.27,11.03,11.34,10.97,28147.0,33947.027,0.9230125523012552,,0.0
2023-07-13,11.03,11.19,11.23,11.01,28987.0,35031.796,0.9240297274979355,,0.0
2023-07-14,11.31,11.24,11.32,11.08,31747.62,38498.005,0.924342105263158,,0.0
2023-07-17,11.22,11.22,11.29,10.97,25481.0,30617.394,0.9242174629324548,,0.0
2023-07-18,11.21,11.14,11.21,11.07,17946.0,21618.114,0.9237147595356552,,0.0
2023-07-19,11.15,11.3,11.42,11.09,42097.0,51495.72,0.9247135842880524,,0.0
2023-07-20,11.35,11.13,11.38,11.08,32516.02,39348.656,0.9236514522821576,,0.0
2023-07-21,11.09,11.05,11.23,11.01,29437.0,35382.821,0.923141186299081,,0.0
2023-07-24,11.08,11.06,11.15,10.94,21793.8,26115.931,0.9232053422370616,,0.0
2023-07-25,11.16,11.29,11.31,11.12,32779.0,39850.098,0.9246519246519248,,0.0
2023-07-26,11.32,11.22,11.32,11.13,27560.0,33395.533,0.9242174629324548,,0.0
2023-07-27,11.25,11.17,11.27,11.09,27525.0,33250.276,0.9239040529363112,,0.0
2023-07-28,11.03,11.27,11.3,11.0,32395.0,39244.975,0.9245283018867924,,0.0
2023-07-31,11.3,11.45,11.48,11.25,44404.0,54509.438,0.9256265157639452,,0.0
2023-08-01,11.43,11.42,11.77,11.35,58426.0,72416.269,0.9254457050243112,,0.0
2023-08-02,11.31,11.34,11.43,11.22,37230.0,45505.909,0.9249592169657422,,0.0
2023-08-03,11.24,11.26,11.34,11.15,25915.0,31462.777,0.9244663382594416,,0.0
2023-08-04,11.26,11.13,11.34,11.08,43228.0,52243.075,0.9236514522821576,,0.0
2023-08-07,11.08,10.84,11.13,10.79,44150.0,52167.016,0.9217687074829932,,0.0
2023-08-08,10.86,10.93,10.96,10.7,36225.8,42703.665,0.9223628691983122,,0.0
2023-08-09,10.87,10.66,10.92,10.64,35837.0,41704.769,0.9205526770293608,,0.0
2023-08-10,10.69,10.66,10.73,10.61,26256.0,30426.683,0.9205526770293608,,0.0
2023-08-11,10.61,10.42,10.73,10.39,34128.0,39037.45,0.9188712522045857,,0.0
2023-08-14,10.37,10.38,10.45,10.22,28602.01,32233.166,0.9185840707964602,,0.0
2023-08-15,10.39,10.46,10.5,10.33,29798.0,33832.818,0.9191564147627416,,0.0
2023-08-16,10.39,10.37,10.48,10.32,21017.0,23755.661,0.9185119574844997,,0.0
2023-08-17,10.37,10.58,10.58,10.26,21158.0,24051.253,0.92,,0.0
2023-08-18,10.56,10.36,10.63,10.33,21347.0,24285.665,0.9184397163120568,,0.0
2023-08-21,10.36,10.32,10.51,10.3,20194.0,22845.229,0.9181494661921707,,0.0
2023-08-22,10.41,10.3,10.41,10.11,32079.02,35781.923,0.9180035650623886,,0.0
2023-08-23,10.44,10.38,10.56,10.28,55881.0,63542.361,0.9185840707964602,,0.0
2023-08-24,10.38,10.27,10.41,10.08,47041.8,52651.955,0.9177837354781054,,0.0
2023-08-25,10.31,10.05,10.31,9.99,42389.01,46790.601,0.9161349134001824,,0.0
2023-08-28,10.58,10.34,10.64,10.31,77090.0,88077.451,0.9182948490230906,,0.0
2023-08-29,10.33,10.59,10.59,10.23,38856.0,44291.239,0.9200695047784536,,0.0
2023-08-30,10.57,10.68,10.75,10.54,33059.0,38281.147,0.9206896551724136,,0.0
2023-08-31,10.64,10.59,10.7,10.52,24478.0,28183.764,0.9200695047784536,,0.0
2023-09-01,10.56,10.71,10.73,10.54,25171.86,29129.419,0.9208942390369732,,0.0
2023-09-04,10.73,11.05,11.08,10.71,57256.0,67979.035,0.923141186299081,,0.0
2023-09-05,11.02,10.93,11.06,10.87,31146.01,36900.517,0.9223628691983122,,0.0
2023-09-06,10.95,11.0,11.0,10.84,29604.02,35127.488,0.9228187919463088,,0.0
2023-09-07,11.0,10.87,11.02,10.82,24326.79,28808.547,0.9219677692960137,,0.0
2023-09-08,10.78,10.83,10.9,10.74,27045.0,31714.887,0.9217021276595744,,0.0
2023-09-11,10.82,10.89,10.93,10.72,30278.0,35585.784,0.9220999153259948,,0.0
2023-09-12,10.89,10.84,10.93,10.78,29885.01,35187.713,0.9217687074829932,,0.0
2023-09-13,10.87,10.73,10.87,10.62,18151.91,21147.139,0.9210300429184548,,0.0
2023-09-14,10.67,10.68,10.75,10.59,25024.0,29007.531,0.9206896551724136,,0.0
2023-09-15,10.73,10.73,10.84,10.63,30933.0,36043.222,0.9210300429184548,,0.0
2023-09-18,10.79,10.83,10.87,10.65,28968.36,33819.204,0.9217021276595744,,0.0
2023-09-19,10.86,10.68,10.86,10.64,18078.37,21009.873,0.9206896551724136,,0.0
2023-09-20,10.63,10.61,10.72,10.57,19150.0,22113.052,0.9202081526452732,,0.0
2023-09-21,10.58,10.55,10.62,10.44,18012.0,20630.462,0.919790758500436,,0.0
2023-09-22,10.54,10.71,10.74,10.43,22896.06,26425.111,0.9208942390369732,,0.0
2023-09-25,10.68,10.64,10.76,10.6,16384.39,18954.772,0.9204152249134948,,0.0
2023-09-26,10.69,10.58,10.69,10.5,23411.37,26902.506,0.92,,0.0
2023-09-27,10.61,10.53,10.63,10.47,28570.0,32700.912,0.919650655021834,,0.0
2023-09-28,10.57,10.74,10.74,10.5,31002.99,35921.814,0.921097770154374,,0.0
2023-10-09,10.67,10.38,10.72,10.28,58504.78,66188.922,0.9185840707964602,,0.0
2023-10-10,10.36,10.26,10.41,10.19,37434.0,41884.916,0.9177101967799642,,0.0
2023-10-11,10.31,10.31,10.39,10.24,34961.61,39225.858,0.9180765805877116,,0.0
2023-10-12,10.29,10.35,10.39,10.28,24861.0,27947.349,0.9183673469387756,,0.0
2023-10-13,10.35,10.12,10.35,10.02,43314.0,47813.895,0.9166666666666666,,0.0
2023-10-16,10.08,10.16,10.25,10.05,34076.18,37684.18,0.9169675090252708,,0.0
2023-10-17,10.22,10.15,10.22,10.02,35033.0,38573.417,0.916892502258356,,0.0
2023-10-18,10.14,9.93,10.14,9.87,33851.71,36801.234,0.9152073732718894,,0.0
2023-10-19,9.93,9.83,9.95,9.78,22013.0,23724.473,0.9144186046511628,,0.0
2023-10-20,9.86,9.77,9.87,9.71,22006.2,23527.412,0.9139382600561272,,0.0
2023-10-23,9.69,9.23,9.75,9.1,71175.34,72991.64,0.90935960591133,,0.0
2023-10-24,9.23,9.27,9.33,9.04,77654.77,78817.708,0.9097154072620216,,0.0
2023-10-25,9.29,9.32,9.44,9.2,45060.14,46243.795,0.91015625,,0.0
2023-10-26,9.26,9.36,9.37,9.17,41317.71,42018.479,0.9105058365758756,,0.0
2023-10-27,9.33,9.56,9.58,9.27,39526.33,41085.967,0.9122137404580152,,0.0
2023-10-30,9.57,9.67,9.68,9.48,46487.8,48956.56,0.9131255901794144,,0.0
2023-10-31,9.7,9.72,9.74,9.62,26372.0,27955.759,0.9135338345864662,,0.0
2023-11-01,9.71,9.73,9.74,9.64,29570.63,31376.181,0.9136150234741784,,0.0
2023-11-02,9.72,9.63,9.76,9.58,29559.0,31210.695,0.9127962085308056,,0.0
2023-11-03,9.62,9.74,9.79,9.5,24212.98,25718.128,0.9136960600375236,,0.0
2023-11-06,9.81,9.88,9.89,9.72,29933.0,32120.552,0.9148148148148147,,0.0
2023-11-07,9.88,10.96,10.96,9.78,212865.03,244718.165,0.9225589225589226,,0.0
2023-11-08,10.92,11.01,11.08,10.6,246540.5,289229.853,0.922883487007544,,0.0
2023-11-09,11.02,10.78,11.06,10.54,130817.0,152201.066,0.9213675213675212,,0.0
2023-11-10,10.72,11.27,11.66,10.56,235005.69,284892.836,0.9245283018867924,,0.0
2023-11-13,11.29,11.39,11.61,10.95,168392.73,205905.343,0.925264012997563,,0.0
2023-11-14,11.58,11.42,11.73,11.07,155023.07,190098.841,0.9254457050243112,,0.0
2023-11-15,11.42,11.35,11.53,11.32,79168.01,97394.833,0.9250203748981256,,0.0
2023-11-16,11.32,11.02,11.37,10.93,125939.6,151157.072,0.9229480737018424,,0.0
2023-11-17,11.03,11.19,11.23,10.88,69839.0,83606.214,0.9240297274979355,,0.0
2023-11-20,11.13,11.4,11.49,11.12,64327.0,78603.618,0.9253246753246752,,0.0
2023-11-21,11.44,11.33,11.46,11.27,52464.0,64382.501,0.9248979591836736,,0.0
2023-11-22,11.31,11.24,11.38,11.22,40159.0,49018.201,0.924342105263158,,0.0
2023-11-23,11.24,11.28,11.32,11.17,41557.0,50551.378,0.9245901639344264,,0.0
2023-11-24,11.26,11.19,11.48,11.15,44582.0,54366.053,0.9240297274979355,,0.0
2023-11-27,11.25,11.11,11.26,11.06,34929.0,42035.416,0.9235245220282626,,0.0
2023-11-28,11.07,11.09,11.16,10.99,39286.52,47141.012,0.9233971690258118,,0.0
2023-11-29,11.12,10.95,11.16,10.88,59414.22,70899.116,0.9224936815501265,,0.0
2023-11-30,11.07,10.82,11.07,10.71,54379.0,63944.589,0.9216354344122658,,0.0
2023-12-01,10.81,10.97,10.98,10.75,50625.0,59970.436,0.9226240538267452,,0.0
2023-12-04,10.93,10.92,11.03,10.86,42824.0,50802.629,0.9222972972972971,,0.0
2023-12-05,10.88,10.75,10.89,10.71,27705.0,32425.519,0.921165381319623,,0.0
2023-12-06,10.7,10.88,10.9,10.68,35034.0,41080.889,0.9220338983050848,,0.0
2023-12-07,10.87,10.88,10.93,10.73,33012.0,38810.18,0.9220338983050848,,0.0
2023-12-08,10.9,10.61,10.92,10.58,41969.0,48774.855,0.9202081526452732,,0.0
2023-12-11,10.56,10.71,10.73,10.51,32191.0,37275.521,0.9208942390369732,,0.0
2023-12-12,10.7,10.93,11.01,10.63,34739.0,40972.902,0.9223628691983122,,0.0
2023-12-13,10.9,10.72,10.9,10.7,28938.36,33847.86,0.9209621993127148,,0.0
2023-12-14,10.76,10.77,10.93,10.71,37699.08,44327.719,0.921300256629598,,0.0
2023-12-15,10.83,10.67,10.83,10.63,29913.0,34703.777,0.9206212251941328,,0.0
2023-12-18,10.63,10.52,10.7,10.46,31597.0,36274.663,0.9195804195804196,,0.0
2023-12-19,10.57,10.54,10.63,10.43,24634.0,28123.034,0.9197207678883071,,0.0
2023-12-20,10.55,10.38,10.57,10.37,21782.0,24809.46,0.9185840707964602,,0.0
2023-12-21,10.41,10.51,10.53,10.22,27945.25,31676.55,0.9195100612423448,,0.0
2023-12-22,10.5,10.33,10.51,10.29,30993.0,35033.754,0.9182222222222224,,0.0
2023-12-25,10.28,10.2,10.36,10.06,34128.0,37872.685,0.9172661870503596,,0.0
2023-12-26,10.21,10.04,10.21,10.0,25865.0,28443.08,0.916058394160584,,0.0
2023-12-27,9.96,10.03,10.17,9.92,32438.01,35394.857,0.9159817351598174,,0.0
2023-12-28,10.03,10.02,10.1,9.89,55321.98,60403.492,0.9159049360146252,,0.0
2023-12-29,10.0,10.04,10.07,9.9,51603.0,56415.72,0.916058394160584,,0.0
2024-01-02,10.04,10.11,10.2,10.03,48927.92,54049.371,0.9165911151405258,,0.0
2024-01-03,10.06,10.05,10.11,9.95,39098.0,42760.979,0.9161349134001824,,0.0
2024-01-04,10.05,10.08,10.11,9.99,34183.2,37521.702,0.9163636363636364,,0.0
2024-01-05,10.07,9.9,10.14,9.79,38641.0,42199.934,0.9149722735674676,,0.0
2024-01-08,9.91,9.64,9.91,9.58,39626.0,42194.698,0.9128787878787878,,0.0
2024-01-09,9.62,9.8,9.83,9.59,40538.0,43200.611,0.914179104477612,,0.0
2024-01-10,9.79,9.79,9.88,9.61,33654.0,35922.815,0.9140989729225024,,0.0
2024-01-11,9.77,9.96,10.02,9.74,39699.0,42934.028,0.9154411764705882,,0.0
2024-01-12,9.91,9.86,10.08,9.84,30132.99,32733.25,0.9146567717996288,,0.0
2024-01-15,9.86,9.86,9.93,9.74,29041.3,31269.829,0.9146567717996288,,0.0
2024-01-16,9.89,9.76,9.91,9.59,30084.08,32083.189,0.9138576779026216,,0.0
2024-01-17,9.74,9.55,9.81,9.51,33247.0,35267.482,0.912129894937918,,0.0
2024-01-18,9.5,9.31,9.5,9.03,52616.62,53360.914,0.9100684261974584,,0.0
2024-01-19,9.28,9.59,10.33,9.24,155376.9,167302.497,0.912464319695528,,0.0
2024-01-22,9.59,8.89,9.79,8.86,151655.52,155595.918,0.9062181447502548,,0.0
2024-01-23,8.88,8.88,9.03,8.56,93044.98,90150.921,0.9061224489795918,,0.0
2024-01-24,8.9,9.21,9.22,8.75,71414.0,70865.885,0.9091806515301086,,0.0
2024-01-25,9.26,9.78,9.98,9.22,93772.64,99453.237,0.914018691588785,,0.0
2024-01-26,9.82,9.63,9.89,9.6,62707.0,66728.308,0.9127962085308056,,0.0
2024-01-29,9.63,9.44,9.97,9.43,74508.0,79156.116,0.9111969111969112,,0.0
2024-01-30,9.46,9.16,9.56,9.08,53753.82,55225.4,0.9087301587301588,,0.0
2024-01-31,9.12,8.59,9.15,8.540000000000001,79198.79,77056.673,0.9032597266035752,,0.0
2024-02-01,8.56,8.26,8.56,8.15,70538.79,65269.844,0.8997821350762527,,0.0
2024-02-02,8.35,7.939999999999999,8.46,7.58,71685.0,64515.762,0.8961625282167043,,0.0
2024-02-05,7.83,7.25,7.84,7.0600000000000005,105932.09,87246.283,0.8873929008567931,,0.0
2024-02-06,7.08,7.619999999999999,7.81,6.88,95467.39,78506.739,0.892271662763466,,0.0
2024-02-07,7.529999999999999,7.380000000000001,7.779999999999999,7.19,106545.95,89408.554,0.8891566265060241,,0.0
2024-02-08,7.390000000000001,8.07,8.11,7.27,115480.01,99441.102,0.8976640711902114,,0.0
2024-02-19,8.18,8.35,8.6,8.17,96465.82,89363.887,0.9007551240560948,,0.0
2024-02-20,8.33,8.31,8.33,8.13,38528.03,35284.776,0.9003250270855905,,0.0
2024-02-21,8.25,8.35,8.65,8.18,53407.0,49943.98,0.9007551240560948,,0.0
2024-02-22,8.28,8.55,8.56,8.28,42143.0,39432.585,0.9028511087645196,,0.0
2024-02-23,8.55,8.64,8.64,8.43,44456.0,42091.536,0.9037656903765692,,0.0
2024-02-26,8.63,8.67,8.85,8.57,48931.0,47167.661,0.9040667361835244,,0.0
2024-02-27,8.65,8.9,8.9,8.6,43767.01,42375.746,0.9063136456211812,,0.0
2024-02-28,8.89,8.4,9.03,8.37,88255.01,85166.868,0.9012875536480688,,0.0
2024-02-29,8.32,8.7,8.7,8.28,58038.76,54836.43,0.9043659043659044,,0.0
2024-03-01,8.7,8.73,8.8,8.61,42673.76,41050.033,0.9046632124352332,,0.0
2024-03-04,8.69,8.76,8.76,8.56,40378.34,38707.89,0.9049586776859504,,0.0
2024-03-05,8.66,8.63,8.76,8.59,30595.0,29360.873,0.9036649214659686,,0.0
2024-03-06,8.64,8.72,8.82,8.57,34821.0,33504.505,0.9045643153526972,,0.0
2024-03-07,8.74,8.74,8.94,8.7,44034.0,42789.129,0.9047619047619048,,0.0
2024-03-08,8.85,8.81,8.9,8.7,29785.0,28916.982,0.9054470709146968,,0.0
2024-03-11,8.77,8.88,8.92,8.73,36762.1,35802.616,0.9061224489795918,,0.0
2024-03-12,8.9,9.06,9.06,8.82,41060.8,40452.138,0.9078156312625252,,0.0
2024-03-13,9.05,9.07,9.15,8.86,58781.0,58284.901,0.907907907907908,,0.0
2024-03-14,9.29,9.25,9.46,9.15,104378.62,106690.344,0.9095378564405112,,0.0
2024-03-15,9.25,9.31,9.54,9.18,70125.8,71522.577,0.9100684261974584,,0.0
2024-03-18,9.33,9.45,9.48,9.27,68990.06,71000.113,0.9112825458052072,,0.0
2024-03-19,9.46,9.63,9.75,9.41,82141.88,86582.798,0.9127962085308056,,0.0
2024-03-20,9.63,9.88,10.06,9.59,78223.46,83987.615,0.9148148148148147,,0.0
2024-03-21,9.86,9.95,10.06,9.67,76048.0,81835.399,0.9153633854645814,,0.0
2024-03-22,9.97,9.94,10.16,9.76,74506.0,80907.535,0.9152854511970534,,0.0
2024-03-25,9.88,9.54,9.93,9.54,76021.7,80996.759,0.9120458891013384,,0.0
2024-03-26,9.58,9.68,9.74,9.49,51061.02,53807.745,0.9132075471698112,,0.0
2024-03-27,9.71,9.43,9.73,9.41,41013.0,43066.195,0.9111111111111112,,0.0
2024-03-28,9.43,9.54,9.7,9.4,47223.67,49593.909,0.9120458891013384,,0.0
2024-03-29,9.55,9.71,9.77,9.54,45916.0,48579.457,0.9134524929444968,,0.0
2024-04-01,9.71,9.95,9.97,9.71,53318.6,57359.359,0.9153633854645814,,0.0
2024-04-02,9.87,9.97,10.16,9.87,54475.67,59724.242,0.9155188246097336,,0.0
2024-04-03,9.96,10.03,10.12,9.91,37445.0,40980.238,0.9159817351598174,,0.0
2024-04-08,9.94,9.79,10.05,9.79,47873.33,51912.866,0.9140989729225024,,0.0
2024-04-09,9.76,9.95,10.01,9.73,32238.0,34819.058,0.9153633854645814,,0.0
2024-04-10,9.99,9.84,10.12,9.73,41057.0,44509.462,0.9144981412639406,,0.0
2024-04-11,9.75,9.84,9.92,9.72,38520.0,41458.868,0.9144981412639406,,0.0
2024-04-12,9.83,9.92,10.03,9.8,42548.0,46192.878,0.915129151291513,,0.0
2024-04-15,9.83,9.71,9.86,9.43,71815.0,75892.272,0.9134524929444968,,0.0
2024-04-16,9.66,9.11,9.66,9.04,79887.36,81102.83,0.9082751744765702,,0.0
2024-04-17,9.2,9.74,9.76,9.12,66297.67,69358.377,0.9136960600375236,,0.0
2024-04-18,9.69,9.77,9.95,9.68,51977.7,55966.648,0.9139382600561272,,0.0
2024-04-19,9.78,9.79,9.9,9.71,32152.67,34452.28,0.9140989729225024,,0.0
2024-04-22,9.87,9.85,9.97,9.7,42341.0,45606.755,0.914577530176416,,0.0
2024-04-23,9.78,9.96,10.02,9.77,41469.67,44929.656,0.9154411764705882,,0.0
2024-04-24,9.91,9.95,9.97,9.79,38841.0,42034.747,0.9153633854645814,,0.0
2024-04-25,9.47,9.28,9.47,9.17,116719.62,118919.758,0.9098039215686274,,0.0
2024-04-26,9.3,9.36,9.4,9.18,76109.33,77812.407,0.9105058365758756,,0.0
2024-04-29,9.32,9.47,9.53,9.3,48675.0,50409.107,0.9114533205004812,,0.0
2024-04-30,9.47,9.33,9.55,9.29,43954.0,45230.617,0.9102439024390244,,0.0
2024-05-06,9.39,9.44,9.48,9.35,48007.67,49597.678,0.9111969111969112,,0.0
2024-05-07,9.44,9.43,9.45,9.31,36457.67,37568.783,0.9111111111111112,,0.0
2024-05-08,9.44,9.2,9.46,9.18,50900.0,51941.147,0.9090909090909092,,0.0
2024-05-09,9.21,9.35,9.39,9.19,42407.2,43365.779,0.9104186952288218,,0.0
2024-05-10,9.41,9.27,9.41,9.22,42324.0,43151.525,0.9097154072620216,,0.0
2024-05-13,9.23,9.16,9.25,9.04,38470.99,38694.558,0.9087301587301588,,0.0
2024-05-14,9.15,9.32,9.35,9.14,36853.67,37544.012,0.91015625,,0.0
2024-05-15,9.31,9.28,9.37,9.2,28978.67,29549.945,0.9098039215686274,,0.0
2024-05-16,9.28,9.26,9.33,9.21,38669.28,39384.096,0.9096267190569745,,0.0
2024-05-17,9.25,9.28,9.3,9.13,45034.29,45598.586,0.9098039215686274,,0.0
2024-05-20,9.25,9.3,9.32,9.23,38627.0,39394.885,0.9099804305283756,,0.0
2024-05-21,9.3,9.18,9.3,9.13,39868.96,40298.423,0.9089108910891088,,0.0
2024-05-22,9.2,9.21,9.22,9.15,24641.0,24909.727,0.9091806515301086,,0.0
2024-05-23,9.2,9.03,9.2,8.99,38084.0,38108.52,0.907537688442211,,0.0
2024-05-24,9.03,8.89,9.08,8.89,23262.0,23043.687,0.9062181447502548,,0.0
2024-05-27,8.96,8.98,9.01,8.78,26148.0,25631.692,0.907070707070707,,0.0
2024-05-28,8.99,8.84,9.0,8.78,33751.0,33053.906,0.9057377049180328,,0.0
2024-05-29,8.84,8.87,8.91,8.75,29833.0,29106.281,0.906026557711951,,0.0
2024-05-30,8.82,8.78,8.88,8.71,26348.0,25529.75,0.9051546391752576,,0.0
2024-05-31,8.78,8.790000000000001,8.83,8.63,32502.0,31427.616,0.9052523171987642,,0.0
2024-06-03,8.76,8.51,8.76,8.45,33854.0,32132.974,0.902439024390244,,0.0
2024-06-04,8.61,8.66,8.67,8.47,25851.0,24564.006,0.9039665970772442,,0.0
2024-06-05,8.69,8.44,8.7,8.44,19398.0,18363.902,0.9017094017094016,,0.0
2024-06-06,8.53,8.27,8.53,8.26,26843.7,24871.019,0.8998911860718172,,0.0
2024-06-07,8.33,8.7,8.74,8.33,43597.0,41251.167,0.9043659043659044,,0.0
2024-06-11,8.63,8.59,8.74,8.46,41422.62,39261.971,0.9032597266035752,,0.0
2024-06-12,8.63,8.63,8.68,8.540000000000001,29669.7,27076.369,0.9431693989071038,,0.0
2024-06-13,8.63,8.72,8.790000000000001,8.620000000000001,28737.7,26541.366,0.9437229437229436,,0.0
2024-06-14,8.68,8.67,8.76,8.64,20165.0,18556.839,0.9434167573449402,,0.0
2024-06-17,8.67,8.55,8.67,8.52,19695.0,17874.769,0.9426681367144432,,0.0
2024-06-18,8.56,8.6,8.63,8.530000000000001,15530.0,14147.404,0.9429824561403508,,0.0
2024-06-19,8.59,8.57,8.64,8.55,15183.0,13816.229,0.9427942794279428,,0.0
2024-06-20,8.52,8.450000000000001,8.59,8.39,17644.0,15867.156,0.9420289855072465,,0.0
2024-06-21,8.39,8.52,8.52,8.39,10086.0,9073.023,0.9424778761061948,,0.0
2024-06-24,8.56,8.18,8.56,8.13,24915.42,21867.174,0.9402298850574712,,0.0
2024-06-25,8.22,8.27,8.360000000000001,8.14,20484.28,18001.244,0.9408418657565416,,0.0
2024-06-26,8.26,8.46,8.46,8.15,17923.0,15899.232,0.9420935412026726,,0.0
2024-06-27,8.46,8.25,8.46,8.200000000000001,18428.0,16262.356,0.9407069555302168,,0.0
2024-06-28,8.25,8.290000000000001,8.39,8.18,33349.0,29390.87,0.9409761634506244,,0.0
2024-07-01,8.24,8.31,8.32,8.14,16867.0,14794.85,0.941109852774632,,0.0
2024-07-02,8.31,8.38,8.52,8.31,21698.0,19368.902,0.9415730337078652,,0.0
2024-07-03,8.41,8.51,8.8,8.4,44018.0,40136.247,0.9424141749723144,,0.0
2024-07-04,8.46,8.280000000000001,8.52,8.21,33712.0,29904.164,0.9409090909090908,,0.0
2024-07-05,8.27,8.360000000000001,8.360000000000001,8.14,13821.0,12145.757,0.9414414414414416,,0.0
2024-07-08,8.370000000000001,8.16,8.370000000000001,8.09,18112.0,15790.037,0.9400921658986175,,0.0
2024-07-09,8.13,8.32,8.34,8.08,20608.02,18020.82,0.9411764705882354,,0.0
2024-07-10,8.31,8.31,8.360000000000001,8.26,16522.82,14585.027,0.941109852774632,,0.0
2024-07-11,8.38,8.540000000000001,8.55,8.360000000000001,26267.83,23590.594,0.9426048565121412,,0.0
2024-07-12,8.56,8.51,8.59,8.46,14711.0,13320.091,0.9424141749723144,,0.0
2024-07-15,8.51,8.46,8.51,8.38,10448.0,9354.59,0.9420935412026726,,0.0
2024-07-16,8.46,8.39,8.46,8.31,16124.0,14351.185,0.941638608305275,,0.0
2024-07-17,8.370000000000001,8.32,8.39,8.26,19337.0,17078.021,0.9411764705882354,,0.0
2024-07-18,8.3,8.32,8.33,8.16,17639.0,15457.917,0.9411764705882354,,0.0
2024-07-19,8.280000000000001,8.31,8.35,8.24,12479.0,11003.876,0.941109852774632,,0.0
2024-07-22,8.32,8.31,8.33,8.21,14775.01,12962.829,0.941109852774632,,0.0
2024-07-23,8.25,8.18,8.3,8.16,10934.0,9546.104,0.9402298850574712,,0.0
2024-07-24,8.15,8.09,8.18,8.030000000000001,15581.0,13416.768,0.9396051103368176,,0.0
2024-07-25,8.1,8.14,8.17,8.0,10170.0,8762.87,0.9399538106235568,,0.0
2024-07-26,8.120000000000001,8.290000000000001,8.290000000000001,8.120000000000001,15652.0,13709.814,0.9409761634506244,,0.0
2024-07-29,8.280000000000001,8.25,8.32,8.23,8893.0,7822.334,0.9407069555302168,,0.0
2024-07-30,8.25,8.38,8.5,8.22,19971.0,17714.077,0.9415730337078652,,0.0
2024-07-31,8.4,8.58,8.58,8.370000000000001,30320.0,27409.855,0.942857142857143,,0.0
2024-08-01,8.58,8.52,8.59,8.47,21342.67,19318.221,0.9424778761061948,,0.0
2024-08-02,8.49,8.440000000000001,8.56,8.39,23352.44,21008.701,0.9419642857142858,,0.0
2024-08-05,8.4,8.32,8.51,8.280000000000001,16592.97,14796.481,0.9411764705882354,,0.0
2024-08-06,8.360000000000001,8.46,8.48,8.360000000000001,14664.0,13108.491,0.9420935412026726,,0.0
2024-08-07,8.52,8.47,8.52,8.41,14782.97,13285.082,0.9421579532814238,,0.0
2024-08-08,8.43,8.52,8.530000000000001,8.370000000000001,16240.0,14640.745,0.9424778761061948,,0.0
2024-08-09,8.55,8.46,8.57,8.440000000000001,17583.86,15852.073,0.9420935412026726,,0.0
2024-08-12,8.43,8.39,8.450000000000001,8.34,12713.07,11332.08,0.941638608305275,,0.0
2024-08-13,8.41,8.42,8.450000000000001,8.33,10605.86,9449.836,0.941834451901566,,0.0
2024-08-14,8.41,8.370000000000001,8.47,8.33,15366.52,13701.789,0.9415073115860518,,0.0
2024-08-15,8.370000000000001,8.38,8.450000000000001,8.280000000000001,13063.0,11645.61,0.9415730337078652,,0.0
2024-08-16,8.38,8.370000000000001,8.52,8.32,25571.0,22802.696,0.9415073115860518,,0.0
2024-08-19,8.33,8.39,8.43,8.31,15973.29,14211.175,0.941638608305275,,0.0
2024-08-20,8.39,8.22,8.39,8.14,24894.47,21807.831,0.9405034324942791,,0.0
2024-08-21,8.23,8.15,8.3,8.06,22931.59,19943.799,0.9400230680507498,,0.0
2024-08-22,8.18,8.24,8.56,8.1,54201.36,47903.07,0.9406392694063928,,0.0
2024-08-23,8.08,8.23,8.360000000000001,8.030000000000001,43257.0,37543.019,0.9405714285714286,,0.0
2024-08-26,8.190000000000001,8.24,8.280000000000001,8.1,18677.98,16290.882,0.9406392694063928,,0.0
2024-08-27,8.14,8.18,8.24,8.120000000000001,20418.0,17754.593,0.9402298850574712,,0.0
2024-08-28,8.200000000000001,8.290000000000001,8.35,8.18,21638.02,19034.141,0.9409761634506244,,0.0
2024-08-29,8.32,8.49,8.49,8.26,35348.01,31666.093,0.9422863485016648,,0.0
2024-08-30,8.530000000000001,8.65,8.85,8.52,82043.87,75211.672,0.9432933478735006,,0.0
2024-09-02,8.57,8.43,8.610000000000001,8.4,53365.08,47989.175,0.9418994413407822,,0.0
2024-09-03,8.440000000000001,8.51,8.530000000000001,8.38,31228.31,27991.703,0.9424141749723144,,0.0
2024-09-04,8.440000000000001,8.43,8.48,8.360000000000001,23564.0,21041.77,0.9418994413407822,,0.0
2024-09-05,8.43,8.46,8.5,8.38,22260.4,19940.598,0.9420935412026726,,0.0
2024-09-06,8.48,8.38,8.5,8.33,23592.0,21085.954,0.9415730337078652,,0.0
2024-09-09,8.370000000000001,8.33,8.39,8.26,14908.0,13161.231,0.9412429378531074,,0.0
2024-09-10,8.360000000000001,8.35,8.370000000000001,8.17,20791.0,18309.147,0.9413754227733936,,0.0
2024-09-11,8.31,8.290000000000001,8.35,8.24,14602.02,12858.614,0.9409761634506244,,0.0
2024-09-12,8.280000000000001,8.280000000000001,8.33,8.23,14289.73,12569.497,0.9409090909090908,,0.0
2024-09-13,8.280000000000001,8.25,8.31,8.190000000000001,16414.03,14395.131,0.9407069555302168,,0.0
2024-09-18,8.24,8.25,8.26,8.06,17566.49,15239.866,0.9407069555302168,,0.0
2024-09-19,8.280000000000001,8.41,8.43,8.24,25902.0,23037.477,0.9417693169092946,,0.0
2024-09-20,8.440000000000001,8.39,8.46,8.32,15818.0,14083.319,0.941638608305275,,0.0
2024-09-23,8.370000000000001,8.41,8.42,8.33,14565.0,12977.706,0.9417693169092946,,0.0
2024-09-24,8.440000000000001,8.6,8.6,8.38,41611.31,37584.008,0.9429824561403508,,0.0
2024-09-25,8.68,8.67,8.84,8.6,53178.0,49157.87,0.9434167573449402,,0.0
2024-09-26,8.66,8.88,8.88,8.620000000000001,45494.0,42346.351,0.9446808510638298,,0.0
2024-09-27,9.07,9.21,9.31,8.92,83796.01,80496.605,0.94655704008222,,0.0
2024-09-30,9.45,9.91,10.05,9.25,141491.4,144066.507,0.950143815915628,,0.0
2024-10-08,10.94,10.43,10.94,9.86,156582.37,170111.617,0.9525114155251142,,0.0
2024-10-09,10.18,9.44,10.23,9.44,98505.01,101280.0,0.9477911646586346,,0.0
2024-10-10,9.48,9.54,9.71,9.29,79065.7,79607.432,0.94831013916501,,0.0
2024-10-11,9.56,9.19,9.58,9.06,68511.09,67193.554,0.9464469618949536,,0.0
2024-10-14,9.19,9.32,9.35,9.08,52218.14,51018.723,0.9471544715447154,,0.0
2024-10-15,9.3,9.11,9.33,9.07,49213.0,47909.88,0.9460020768431984,,0.0
2024-10-16,9.06,9.13,9.2,9.02,32893.3,31704.101,0.9461139896373058,,0.0
2024-10-17,9.16,9.01,9.26,9.01,31393.71,30344.475,0.9454354669464848,,0.0
2024-10-18,9.05,9.29,9.42,8.98,67804.39,65845.33,0.9469928644240572,,0.0
2024-10-21,9.32,9.26,9.36,9.19,82275.77,80554.002,0.9468302658486708,,0.0
2024-10-22,9.25,9.64,9.91,9.23,135451.32,135051.453,0.9488188976377954,,0.0
2024-10-23,9.57,9.47,9.63,9.46,64608.0,64885.832,0.947947947947948,,0.0
2024-10-24,9.46,9.67,9.83,9.44,83670.0,85239.088,0.9489695780176644,,0.0
2024-10-25,9.83,9.93,9.97,9.72,81005.43,84222.382,0.9502392344497608,,0.0
2024-10-28,9.92,10.05,10.08,9.81,88504.22,92552.514,0.9508041627246926,,0.0
2024-10-29,10.01,9.82,10.14,9.78,74669.9,78235.595,0.9497098646034816,,0.0
2024-10-30,9.76,9.81,9.95,9.69,51054.33,52803.604,0.9496611810261376,,0.0
2024-10-31,9.81,10.31,10.73,9.78,158876.21,170764.758,0.9519852262234534,,0.0
2024-11-01,10.33,9.89,10.42,9.76,98881.54,103923.635,0.9500480307396736,,0.0
2024-11-04,9.83,10.06,10.13,9.83,51123.02,53667.122,0.950850661625709,,0.0
2024-11-05,10.08,10.27,10.38,10.01,88202.0,94420.791,0.9518072289156628,,0.0
2024-11-06,10.28,10.23,10.34,10.12,68417.22,73564.833,0.9516279069767444,,0.0
2024-11-07,10.18,10.36,10.36,10.1,104199.24,112444.151,0.9522058823529412,,0.0
2024-11-08,10.36,10.25,10.41,10.11,85994.22,92773.811,0.9517177344475396,,0.0
2024-11-11,10.3,10.26,10.32,10.16,74924.85,80637.715,0.9517625231910948,,0.0
2024-11-12,10.24,10.09,10.33,9.99,96040.0,102744.033,0.9509896324222432,,0.0
2024-11-13,10.01,10.18,10.21,9.95,61834.0,65728.46,0.9514018691588786,,0.0
2024-11-14,10.19,9.91,10.19,9.87,54046.04,56930.974,0.950143815915628,,0.0
2024-11-15,9.93,9.76,10.05,9.75,51694.0,53960.929,0.9494163424124514,,0.0
2024-11-18,9.9,9.78,10.09,9.67,86522.18,90226.473,0.9495145631067962,,0.0
2024-11-19,9.78,9.85,9.86,9.59,52869.0,54277.901,0.9498553519768564,,0.0
2024-11-20,9.86,9.95,9.96,9.77,49391.0,51391.315,0.950334288443171,,0.0
2024-11-21,9.89,9.98,10.03,9.87,72457.0,75801.978,0.9504761904761904,,0.0
2024-11-22,9.99,9.58,10.03,9.57,51697.54,53434.502,0.9485148514851486,,0.0
2024-11-25,9.55,9.75,9.78,9.53,42163.0,43090.847,0.949367088607595,,0.0
2024-11-26,9.71,9.83,9.87,9.71,46667.27,48203.513,0.9497584541062802,,0.0
2024-11-27,9.78,9.93,9.93,9.6,49679.0,51256.118,0.9502392344497608,,0.0
2024-11-28,9.93,10.19,10.66,9.91,149967.01,162823.76,0.9514472455648928,,0.0
2024-11-29,10.2,10.18,10.28,10.09,91930.91,98499.177,0.9514018691588786,,0.0
2024-12-02,10.19,10.35,10.43,10.19,80435.01,87106.323,0.9521619135234592,,0.0
2024-12-03,10.36,10.49,10.52,10.3,90261.01,98868.135,0.9527702089009992,,0.0
2024-12-04,10.45,10.58,10.81,10.35,115719.0,128605.111,0.9531531531531532,,0.0
2024-12-05,10.55,10.59,10.67,10.46,63880.01,70817.803,0.9531953195319532,,0.0
2024-12-06,10.6,10.66,10.76,10.5,76699.0,85351.496,0.9534883720930232,,0.0
2024-12-09,10.66,10.44,10.74,10.33,89642.0,99041.412,0.9525547445255474,,0.0
2024-12-10,10.66,10.45,10.67,10.37,85294.0,93848.982,0.9525979945305378,,0.0
2024-12-11,10.43,10.83,10.88,10.4,107953.12,121409.626,0.9541850220264316,,0.0
2024-12-12,10.77,10.93,10.99,10.75,74658.0,85144.564,0.954585152838428,,0.0
2024-12-13,10.94,11.01,11.26,10.78,97063.07,112161.91,0.9549002601908066,,0.0
2024-12-16,11.02,10.83,11.17,10.73,71250.0,81502.783,0.9541850220264316,,0.0
2024-12-17,10.8,10.4,10.91,10.31,72631.0,79846.144,0.9523809523809524,,0.0
2024-12-18,10.44,10.52,10.68,10.29,52284.1,57665.569,0.9528985507246376,,0.0
2024-12-19,10.47,10.44,10.51,10.27,49790.0,54306.884,0.9525547445255474,,0.0
2024-12-20,10.41,10.51,10.64,10.41,41307.0,45642.866,0.9528558476881234,,0.0
2024-12-23,10.6,9.99,10.6,9.95,70476.01,75401.402,0.9505233111322552,,0.0
2024-12-24,10.03,10.18,10.22,9.91,57142.0,60447.094,0.9514018691588786,,0.0
2024-12-25,10.16,9.98,10.17,9.83,49823.01,52242.663,0.9504761904761904,,0.0
2024-12-26,9.96,10.16,10.19,9.93,38797.0,41308.989,0.951310861423221,,0.0
2024-12-27,10.25,10.29,10.36,10.13,37482.0,40487.4,0.9518963922294172,,0.0
2024-12-30,10.2,10.08,10.23,10.06,34271.0,36473.646,0.9509433962264152,,0.0
2024-12-31,10.12,9.85,10.15,9.81,47593.4,49831.779,0.9498553519768564,,0.0
2025-01-02,9.85,9.78,10.08,9.67,47077.0,49057.275,0.9495145631067962,,0.0
2025-01-03,9.8,9.31,9.86,9.27,51757.0,51812.322,0.9471007121057986,,0.0
2025-01-06,9.28,9.21,9.35,8.96,47779.0,46334.414,0.94655704008222,,0.0
2025-01-07,9.23,9.34,9.35,9.13,33246.24,32448.984,0.947261663286004,,0.0
2025-01-08,9.31,9.28,9.35,8.98,36638.0,35621.399,0.946938775510204,,0.0
2025-01-09,9.21,9.18,9.3,9.12,47946.0,46573.277,0.9463917525773196,,0.0
2025-01-10,9.16,8.93,9.2,8.91,53076.0,50747.115,0.944973544973545,,0.0
2025-01-13,8.870000000000001,9.0,9.02,8.66,43456.99,40820.704,0.9453781512605044,,0.0
2025-01-14,9.01,9.28,9.28,8.99,45685.0,44239.549,0.946938775510204,,0.0
2025-01-15,9.23,9.32,9.39,9.2,38195.0,37478.286,0.9471544715447154,,0.0
2025-01-16,9.37,9.39,9.53,9.31,30473.0,30295.891,0.9475277497477296,,0.0
2025-01-17,9.39,9.34,9.39,9.27,30042.0,29575.775,0.947261663286004,,0.0
2025-01-20,9.47,9.47,9.53,9.35,28641.99,28600.724,0.947947947947948,,0.0
2025-01-21,9.53,9.41,9.54,9.31,24755.01,24497.788,0.947633434038268,,0.0
2025-01-22,9.38,9.27,9.41,9.21,25288.0,24753.977,0.9468845760980592,,0.0
2025-01-23,9.32,9.28,9.4,9.25,29184.24,28783.997,0.946938775510204,,0.0
2025-01-24,9.27,9.44,9.45,9.2,31345.67,30885.321,0.9477911646586346,,0.0
2025-01-27,9.47,9.51,9.67,9.44,28989.0,29278.182,0.9481555333998006,,0.0
2025-02-05,9.57,9.44,9.57,9.35,30159.34,30057.202,0.9477911646586346,,0.0
2025-02-06,9.44,9.6,9.6,9.38,48279.54,48314.649,0.948616600790514,,0.0
2025-02-07,9.58,9.69,9.84,9.55,70267.4,71550.519,0.9490695396669931,,0.0
2025-02-10,9.71,9.85,9.9,9.64,71013.6,72974.555,0.9498553519768564,,0.0
2025-02-11,9.88,9.97,10.03,9.84,56763.78,59322.235,0.9504289799809342,,0.0
2025-02-12,9.93,9.95,10.02,9.8,56949.64,59314.48,0.950334288443171,,0.0
2025-02-13,9.91,9.84,9.97,9.81,58988.0,61422.721,0.9498069498069498,,0.0
2025-02-14,9.88,9.8,9.88,9.75,34076.6,35183.323,0.9496124031007752,,0.0
2025-02-17,9.83,9.86,9.88,9.76,43178.0,44628.324,0.94990366088632,,0.0
2025-02-18,9.86,9.67,9.91,9.61,36035.4,37133.448,0.9489695780176644,,0.0
2025-02-19,9.68,9.81,9.82,9.63,42808.02,43803.945,0.9496611810261376,,0.0
2025-02-20,9.84,10.0,10.01,9.74,66909.83,69871.583,0.9505703422053232,,0.0
2025-02-21,9.94,10.0,10.15,9.86,73829.24,77521.961,0.9505703422053232,,0.0
2025-02-24,10.0,9.87,10.03,9.81,71882.6,74895.728,0.94995187680462,,0.0
2025-02-25,9.83,9.81,9.9,9.74,43173.87,44593.768,0.9496611810261376,,0.0
2025-02-26,9.78,9.9,9.97,9.78,57702.94,60095.123,0.9500959692898272,,0.0
2025-02-27,9.93,10.61,10.67,9.89,188597.2,205282.217,0.9532794249775384,,0.0
2025-02-28,10.48,10.4,10.73,10.34,130229.82,143360.263,0.9523809523809524,,0.0
2025-03-03,10.46,10.34,10.55,10.23,79121.38,85995.328,0.9521178637200736,,0.0
2025-03-04,10.34,10.37,10.4,10.28,69415.42,75308.853,0.9522497704315886,,0.0
2025-03-05,10.37,10.37,10.43,10.21,54439.61,59052.023,0.9522497704315886,,0.0
2025-03-06,10.4,10.44,10.57,10.31,99074.1,108731.754,0.9525547445255474,,0.0
2025-03-07,10.46,10.47,10.64,10.39,57408.6,63274.094,0.9526842584167424,,0.0
2025-03-10,10.53,10.49,10.58,10.37,50238.83,55130.565,0.9527702089009992,,0.0
2025-03-11,10.4,10.55,10.55,10.33,62491.8,68457.843,0.953026196928636,,0.0
2025-03-12,10.55,10.59,10.88,10.49,130281.43,144792.729,0.9531953195319532,,0.0
2025-03-13,10.59,10.42,10.59,10.23,65614.0,71579.638,0.9524680073126144,,0.0
2025-03-14,10.41,10.51,10.56,10.31,108236.01,118405.579,0.9528558476881234,,0.0
2025-03-17,10.51,10.59,10.74,10.51,153924.21,171579.233,0.9531953195319532,,0.0
2025-03-18,10.56,10.57,10.6,10.42,96200.06,105871.633,0.9531109107303878,,0.0
2025-03-19,10.58,10.93,11.07,10.57,183401.43,208923.86,0.954585152838428,,0.0
2025-03-20,10.82,10.85,10.97,10.76,91124.6,103706.266,0.9542656112576956,,0.0
2025-03-21,10.94,10.6,10.95,10.54,75136.43,84281.603,0.9532374100719424,,0.0
2025-03-24,10.63,10.57,10.87,10.37,81886.0,91077.279,0.9531109107303878,,0.0
2025-03-25,10.57,10.72,10.85,10.48,67011.8,75161.498,0.9537366548042704,,0.0
2025-03-26,10.71,10.77,10.81,10.62,63276.0,71165.392,0.9539415411868912,,0.0
2025-03-27,10.78,10.64,10.78,10.52,54534.0,60776.237,0.953405017921147,,0.0
2025-03-28,10.63,10.53,10.66,10.48,44159.0,48876.64,0.9529411764705884,,0.0
2025-03-31,10.48,10.44,10.58,10.31,58174.0,63683.425,0.9525547445255474,,0.0
2025-04-01,10.43,10.51,10.66,10.43,41219.0,45666.84,0.9528558476881234,,0.0
2025-04-02,10.48,10.55,10.63,10.42,35742.0,39491.335,0.953026196928636,,0.0
2025-04-03,10.44,10.46,10.53,10.36,38840.0,42586.133,0.95264116575592,,0.0
2025-04-07,9.86,9.36,10.06,9.36,76509.0,76742.736,0.9473684210526316,,0.0
2025-04-08,9.35,9.0,9.42,8.82,103254.8,98937.481,0.9453781512605044,,0.0
2025-04-09,8.91,9.24,9.32,8.47,85410.34,80655.973,0.9467213114754098,,0.0
2025-04-10,9.33,9.47,9.69,9.33,90492.0,90837.655,0.947947947947948,,0.0
2025-04-11,9.48,9.55,9.66,9.44,46786.0,47150.499,0.948361469712016,,0.0
2025-04-14,9.63,9.74,9.82,9.61,43519.34,44632.938,0.949317738791423,,0.0
2025-04-15,9.7,9.87,9.87,9.67,43283.4,44666.017,0.94995187680462,,0.0
2025-04-16,9.87,9.82,9.91,9.61,40752.0,41879.522,0.9497098646034816,,0.0
2025-04-17,9.79,9.86,9.96,9.76,53078.0,55212.425,0.94990366088632,,0.0
2025-04-18,9.77,9.64,9.85,9.61,49797.68,50843.122,0.9488188976377954,,0.0
2025-04-21,9.64,9.74,9.74,9.56,36997.0,37694.373,0.949317738791423,,0.0
2025-04-22,9.71,9.82,9.82,9.68,32950.0,33818.32,0.9497098646034816,,0.0
2025-04-23,9.87,9.85,9.92,9.8,35401.0,36752.368,0.9498553519768564,,0.0
2025-04-24,9.78,9.78,9.95,9.74,48434.0,50217.255,0.9495145631067962,,0.0
2025-04-25,9.76,9.78,9.83,9.63,44021.0,45239.51,0.9495145631067962,,0.0
2025-04-28,9.78,9.65,9.86,9.6,39633.0,40485.107,0.9488692232055064,,0.0
2025-04-29,9.67,9.79,9.83,9.56,34217.9,35209.291,0.9495635305528614,,0.0
2025-04-30,9.75,9.69,9.85,9.65,46381.0,47535.113,0.9490695396669931,,0.0
2025-05-06,9.7,9.78,9.78,9.66,45208.01,46281.309,0.9495145631067962,,0.0
2025-05-07,9.91,9.89,10.02,9.79,55968.8,58256.755,0.9500480307396736,,0.0
2025-05-08,9.83,10.04,10.05,9.79,45363.71,47455.759,0.9507575757575758,,0.0
2025-05-09,11.01,11.1,11.1,10.56,224435.68,259447.603,0.955249569707401,,0.0
2025-05-12,11.54,11.62,12.26,11.36,645167.18,801107.821,0.9571663920922572,,0.0
2025-05-13,11.38,11.11,11.58,10.9,420962.8,493464.005,0.9552880481513328,,0.0
2025-05-14,11.0,11.12,11.55,11.0,256512.24,299515.262,0.9553264604810996,,0.0
2025-05-15,11.01,10.73,11.12,10.66,204873.26,231010.315,0.9537777777777778,,0.0
2025-05-16,10.69,11.56,11.85,10.63,333871.74,394683.681,0.956953642384106,,0.0
2025-05-19,12.34,12.24,12.53,12.04,324327.63,414451.552,0.9592476489028212,,0.0
2025-05-20,12.31,12.53,12.92,12.13,244233.32,318379.826,0.9601532567049808,,0.0
2025-05-21,12.61,12.41,12.66,12.1,144971.85,187155.177,0.959783449342614,,0.0
2025-05-22,12.51,12.61,12.89,12.29,179581.77,236777.899,0.9603960396039604,,0.0
2025-05-23,12.6,12.02,12.6,11.91,189337.57,240760.834,0.9585326953748008,,0.0
2025-05-26,12.16,13.13,13.27,12.16,418059.51,565442.802,0.961904761904762,,0.0
2025-05-27,13.23,13.65,14.02,12.88,385645.1,538500.206,0.963302752293578,,0.0
2025-05-28,13.66,14.22,14.36,13.65,284029.22,401032.208,0.99163179916318,,0.0
2025-05-29,14.18,14.260000000000002,14.33,13.73,233256.17,331026.45,0.9916550764951322,,0.0
2025-05-30,14.25,14.08,14.35,13.760000000000002,148677.8,209856.023,0.991549295774648,,0.0
2025-06-03,14.05,14.590000000000002,14.83,13.88,151090.63,219014.181,0.9918422841604352,,0.0
2025-06-04,14.6,14.68,14.71,14.260000000000002,117452.88,171800.277,0.991891891891892,,0.0
2025-06-05,13.81,13.2,13.81,13.2,88140.0,117894.776,0.9909909909909912,,0.0
2025-06-06,13.2,12.82,13.2,12.39,290751.09,372972.559,0.9907264296754252,,0.0
2025-06-09,12.8,12.99,13.16,12.590000000000002,161966.6,211247.53,0.9908466819221968,,0.0
2025-06-10,13.13,12.33,13.13,11.86,296336.28,368260.468,0.9903614457831326,,0.0
2025-06-11,12.41,12.27,12.44,12.21,118087.01,146580.884,0.9903147699757868,,0.0
2025-06-12,12.29,12.19,12.37,12.11,95725.0,117963.684,0.9902518277822908,,0.0
2025-06-13,12.18,11.77,12.31,11.68,144323.67,173564.722,0.9899074852817494,,0.0
2025-06-16,11.85,11.77,11.86,11.71,81290.0,96677.577,0.9899074852817494,,0.0
2025-06-17,11.78,11.64,11.81,11.46,129769.0,151669.434,0.989795918367347,,0.0
2025-06-18,11.58,11.63,11.66,11.36,108721.71,126594.277,0.9897872340425532,,0.0
2025-06-19,11.53,11.340000000000002,11.62,11.3,75792.61,87627.094,0.9895287958115184,,0.0
2025-06-20,11.38,11.13,11.44,11.1,70573.0,80021.02,0.9893333333333334,,0.0
2025-06-23,11.11,11.39,11.47,11.0,127894.46,145941.914,0.9895742832319724,,0.0
2025-06-24,11.44,11.41,11.6,11.36,131444.6,152061.416,0.98959236773634,,0.0
2025-06-25,11.49,11.760000000000002,11.94,11.46,193457.9,229377.517,0.98989898989899,,0.0
2025-06-26,11.71,12.95,12.95,11.67,262710.0,328360.655,0.9908186687069626,,0.0
2025-06-27,12.98,14.260000000000002,14.260000000000002,12.590000000000002,524967.11,730161.383,0.9916550764951322,,0.0
2025-06-30,15.7,15.7,15.7,15.7,84559.15,133772.575,0.9924146649810368,,0.0
2025-07-01,17.279999999999998,16.39,17.279999999999998,15.99,852026.09,1451644.273,0.9927316777710478,,0.0
2025-07-02,16.16,18.04,18.04,15.980000000000002,870001.61,1548791.482,0.9933920704845814,,0.0
2025-07-03,17.58,18.68,18.87,17.18,694407.3,1260458.209,0.9936170212765956,,0.0
2025-07-04,18.4,17.36,18.82,16.8,615297.95,1086097.853,0.9931350114416476,,0.0
2025-07-07,16.98,17.04,17.689999999999998,16.7,366486.55,632357.508,0.9930069930069928,,0.0
2025-07-08,17.259999999999998,16.65,17.27,16.36,287454.65,481605.732,0.992844364937388,,0.0
2025-07-09,16.82,17.279999999999998,18.33,16.43,641219.39,1135253.196,0.993103448275862,,0.0
2025-07-10,17.06,16.36,17.22,15.96,414812.01,684864.874,0.9927184466019416,,0.0
2025-07-11,16.13,16.33,16.63,15.95,260522.14,424707.561,0.9927051671732522,,0.0
2025-07-14,16.279999999999998,16.34,16.63,16.13,203780.8,335069.956,0.9927095990279464,,0.0
2025-07-15,16.54,16.33,17.38,16.05,275771.5,458776.433,0.9927051671732522,,0.0
2025-07-16,16.169999999999998,16.29,16.599999999999998,15.81,202125.73,329287.377,0.9926873857404022,,0.0
2025-07-17,16.29,17.49,17.74,16.14,392110.32,673308.159,0.9931856899488928,,0.0
2025-07-18,17.38,17.04,17.64,16.83,258564.97,445364.66,0.9930069930069928,,0.0
2025-07-21,17.599999999999998,18.39,18.76,17.14,430453.32,786863.605,0.9935170178282008,,0.0
2025-07-22,17.88,17.63,19.04,17.43,350817.84,640517.701,0.9932394366197184,,0.0
2025-07-23,17.099999999999998,17.25,17.59,16.939999999999998,219866.56,380835.168,0.9930915371329878,,0.0
2025-07-24,17.16,17.36,17.55,16.89,156919.99,272154.759,0.9931350114416476,,0.0
2025-07-25,17.36,17.32,17.52,17.099999999999998,101691.17,177177.956,0.993119266055046,,0.0
2025-07-28,17.48,17.3,18.66,17.05,307778.61,553800.377,0.9931113662456944,,0.0
2025-07-29,16.98,17.759999999999998,17.81,16.689999999999998,211143.64,366804.246,0.9932885906040269,,0.0
2025-07-30,17.74,16.779999999999998,17.869999999999997,16.56,196650.47,337897.841,0.9928994082840236,,0.0
2025-07-31,16.779999999999998,16.48,16.97,16.39,143955.1,241102.421,0.9927710843373492,,0.0
2025-08-01,16.47,16.33,16.73,16.06,140944.0,231587.443,0.9927051671732522,,0.0
2025-08-04,16.64,17.55,17.88,16.22,315667.99,542062.621,0.99320882852292,,0.0
2025-08-05,17.75,16.84,17.83,16.779999999999998,307342.89,529344.521,0.9929245283018868,,0.0
2025-08-06,16.68,17.029999999999998,17.439999999999998,16.669999999999998,260179.99,447638.204,0.993002915451895,,0.0
2025-08-07,17.029999999999998,18.75,18.75,17.02,418704.48,763652.54,0.9936406995230525,,0.0
2025-08-08,19.33,17.599999999999998,19.53,17.39,554828.14,1017782.583,0.9932279909706546,,0.0
2025-08-11,17.259999999999998,19.37,19.37,17.259999999999998,144249.86,274870.187,0.9938429964084146,,0.0
2025-08-12,19.89,21.32,21.32,19.38,562651.19,1139731.87,0.9944029850746268,,0.0
2025-08-13,21.87,21.61,22.95,20.38,685244.61,1487931.335,0.9944776806258628,,0.0
2025-08-14,21.17,19.51,21.38,19.44,500881.03,1015723.786,0.9938869077941924,,0.0
2025-08-15,19.38,19.87,19.99,18.95,332753.88,653388.769,0.9939969984992496,,0.0
2025-08-18,19.55,19.61,19.75,18.64,362011.79,699521.834,0.9939178915357324,,0.0
2025-08-19,19.62,18.87,19.62,18.83,259597.5,496887.809,0.9936808846761452,,0.0
2025-08-20,18.83,19.0,19.13,18.68,161021.25,307350.3,0.9937238493723848,,0.0
2025-08-21,19.03,18.85,19.12,18.38,181566.5,341858.355,0.9936742224565104,,0.0
2025-08-22,18.86,18.7,18.87,18.33,172942.05,323331.321,0.9936238044633368,,0.0
2025-08-25,18.57,19.34,19.54,18.46,292203.19,558506.2,0.9938335046248716,,0.0
2025-08-26,19.18,18.97,19.28,18.89,164096.7,314659.192,0.9937139863803036,,0.0
2025-08-27,19.08,18.18,19.08,18.18,134837.17,254642.892,0.9934426229508196,,0.0
2025-08-28,17.88,17.459999999999997,18.23,16.72,229382.63,401551.835,0.993174061433447,,0.0
2025-08-29,17.419999999999998,17.349999999999998,17.68,17.06,110767.9,193098.444,0.993131081854608,,0.0
2025-09-01,17.49,17.419999999999998,17.8,17.3,99055.89,174692.005,0.9931584948688712,,0.0
2025-09-02,17.59,18.0,18.26,16.68,236566.2,413013.692,0.9933774834437086,,0.0
2025-09-03,17.74,16.8,17.74,16.75,136446.75,236540.227,0.9929078014184396,,0.0
2025-09-04,16.86,16.09,16.86,15.890000000000002,101749.0,167989.758,0.9925971622455274,,0.0
2025-09-05,16.16,16.59,16.7,15.96,83463.72,137605.927,0.992818671454219,,0.0
2025-09-08,16.59,16.7,16.72,16.439999999999998,72587.03,121202.518,0.9928656361474436,,0.0
2025-09-09,16.7,16.959999999999997,17.27,16.58,120057.26,205696.49,0.9929742388758782,,0.0
2025-09-10,16.919999999999998,16.88,17.029999999999998,16.689999999999998,58962.98,100243.27,0.9929411764705882,,0.0
2025-09-11,17.0,16.91,17.0,16.66,68468.0,115934.105,0.992953611274222,,0.0
2025-09-12,16.98,16.959999999999997,17.009999999999998,16.689999999999998,76207.82,129426.65,0.9929742388758782,,0.0
2025-09-15,16.89,16.83,16.95,16.68,52852.0,89478.085,0.9929203539823008,,0.0
2025-09-16,16.919999999999998,17.759999999999998,17.86,16.74,175494.84,308703.925,0.9932885906040269,,0.0
2025-09-17,17.61,17.689999999999998,17.88,17.38,84260.75,149694.626,0.9932622122403144,,0.0
2025-09-18,17.709999999999997,17.23,17.82,16.959999999999997,94275.0,165765.578,0.9930835734870316,,0.0
2025-09-19,17.29,16.919999999999998,17.29,16.779999999999998,50020.0,85427.292,0.9929577464788732,,0.0
2025-09-22,17.06,16.509999999999998,17.06,16.349999999999998,70516.0,117525.312,0.9927841250751652,,0.0
2025-09-23,16.509999999999998,16.41,16.599999999999998,15.92,62143.33,101521.851,0.9927404718693283,,0.0
2025-09-24,16.56,16.39,16.56,16.2,47577.0,78296.31,0.9927316777710478,,0.0
2025-09-25,16.3,16.439999999999998,16.759999999999998,16.209999999999997,66701.9,110868.091,0.9927536231884058,,0.0
2025-09-26,16.33,16.3,16.439999999999998,16.13,37593.0,61638.359,0.9926918392204628,,0.0
2025-09-29,16.279999999999998,16.15,16.3,15.97,40181.05,65279.49,0.9926244622003688,,0.0
2025-09-30,16.32,16.2,16.369999999999997,16.08,34662.0,56731.19,0.9926470588235292,,0.0
2025-10-09,16.33,16.279999999999998,16.33,16.06,43117.0,70422.966,0.9926829268292684,,0.0
2025-10-10,16.2,16.33,16.56,16.16,40871.0,67410.078,0.9927051671732522,,0.0
2025-10-13,15.88,16.38,16.43,15.45,53040.4,85550.137,0.9927272727272728,,0.0
2025-10-14,16.57,16.32,16.619999999999997,16.189999999999998,55830.83,92436.678,0.9927007299270072,,0.0
2025-10-15,16.41,16.61,16.86,16.18,63642.0,106143.403,0.9928272564255828,,0.0
2025-10-16,16.64,16.48,16.849999999999998,16.4,56140.2,94173.043,0.9927710843373492,,0.0
2025-10-17,16.619999999999997,16.09,16.619999999999997,15.96,43456.45,70931.518,0.9925971622455274,,0.0
2025-10-20,16.2,16.34,16.5,16.08,40776.0,67152.914,0.9927095990279464,,0.0
2025-10-21,16.39,17.61,17.99,16.3,251569.64,439357.39,0.9932318104906936,,0.0
2025-10-22,17.5,16.93,17.5,16.73,178687.84,304668.847,0.9929618768328444,,0.0
2025-10-23,16.98,16.68,16.98,16.529999999999998,77280.0,129772.701,0.9928571428571428,,0.0
2025-10-24,16.75,16.58,16.79,16.529999999999998,62046.65,103925.67,0.992814371257485,,0.0
2025-10-27,16.529999999999998,16.619999999999997,16.88,16.4,63531.0,106421.759,0.992831541218638,,0.0
2025-10-28,16.63,16.279999999999998,16.63,16.11,80978.0,133010.842,0.9926829268292684,,0.0
2025-10-29,16.25,16.349999999999998,16.36,16.13,39583.0,64866.926,0.9927140255009108,,0.0
2025-10-30,16.369999999999997,16.119999999999997,16.369999999999997,16.04,50268.01,81848.497,0.9926108374384236,,0.0
2025-10-31,16.25,16.22,16.29,16.09,33637.81,54925.651,0.99265605875153,,0.0
2025-11-03,16.36,16.22,16.36,16.06,45368.0,73897.979,0.99265605875153,,0.0
2025-11-04,16.22,16.14,16.25,16.0,32616.8,52926.621,0.992619926199262,,0.0
2025-11-05,15.95,16.16,16.169999999999998,15.88,27164.03,44025.023,0.9926289926289926,,0.0
2025-11-06,16.16,16.11,16.23,15.980000000000002,42698.0,69281.461,0.9926062846580406,,0.0
2025-11-07,16.02,15.93,16.06,15.77,50917.65,81634.811,0.9925233644859812,,0.0
2025-11-10,16.009999999999998,15.910000000000002,16.009999999999998,15.67,38640.0,61575.849,0.9925140361821584,,0.0
2025-11-11,15.980000000000002,15.840000000000002,15.980000000000002,15.74,35839.65,57241.481,0.9924812030075189,,0.0
2025-11-12,15.78,15.68,15.88,15.67,33191.0,52618.199,0.9924050632911392,,0.0
2025-11-13,15.71,15.73,15.79,15.41,55900.23,87830.641,0.992429022082019,,0.0
2025-11-14,15.69,15.74,16.04,15.6,37717.85,60292.571,0.9924337957124842,,0.0
2025-11-17,15.79,15.840000000000002,15.910000000000002,15.66,26041.85,41465.698,0.9924812030075189,,0.0
2025-11-18,15.9,15.760000000000002,15.9,15.7,19727.0,31363.058,0.9924433249370278,,0.0
2025-11-19,15.760000000000002,15.55,15.83,15.41,29317.5,46014.172,0.99234205488194,,0.0
2025-11-20,15.66,15.11,15.66,14.98,49055.01,75228.574,0.9921208141825344,,0.0
2025-11-21,14.98,14.840000000000002,15.2,14.62,56910.17,85464.996,0.9919786096256684,,0.0
2025-11-24,14.840000000000002,15.16,15.29,14.68,37718.93,57276.272,0.9921465968586388,,0.0
2025-11-25,15.18,15.16,15.33,15.11,31108.0,47719.003,0.9921465968586388,,0.0
2025-11-26,15.23,15.11,15.31,15.090000000000002,23317.0,35696.216,0.9921208141825344,,0.0
2025-11-27,15.06,15.16,15.28,15.0,21614.0,33073.26,0.9921465968586388,,0.0
2025-11-28,15.14,15.23,15.24,15.010000000000002,23562.01,35893.702,0.9921824104234528,,0.0
2025-12-01,15.28,15.38,15.63,15.23,39549.0,61437.106,0.9922580645161292,,0.0
2025-12-02,15.38,15.1,15.38,15.02,34735.0,53062.375,0.9921156373193168,,0.0
2025-12-03,15.03,14.98,15.16,14.91,23992.0,36257.788,0.9920529801324504,,0.0
2025-12-04,14.99,14.95,15.06,14.78,27803.0,41864.672,0.9920371599203716,,0.0
2025-12-05,14.95,15.02,15.1,14.82,35902.97,54207.101,0.9920739762219288,,0.0
2025-12-08,14.96,15.13,15.17,14.95,30892.0,46963.897,0.9921311475409836,,0.0
2025-12-09,15.13,15.11,15.37,15.07,31347.0,48102.113,0.9921208141825344,,0.0
2025-12-10,15.11,15.21,15.260000000000002,15.0,23503.0,35898.228,0.9921722113502937,,0.0
2025-12-11,15.27,14.79,15.28,14.760000000000002,45454.0,68197.367,0.9919517102615696,,0.0
2025-12-12,14.79,14.81,14.9,14.56,43851.0,65150.643,0.9919624916275956,,0.0
2025-12-15,14.75,14.88,14.98,14.68,33079.0,49593.271,0.992,,0.0
2025-12-16,14.94,14.69,14.94,14.63,24422.0,36291.461,0.9918973666441594,,0.0
2025-12-17,14.74,14.91,14.93,14.49,32440.0,48119.622,0.9920159680638724,,0.0
2025-12-18,14.91,15.19,15.31,14.78,43058.21,65897.063,0.992161985630307,,0.0
2025-12-19,15.29,15.41,15.56,15.15,55114.79,85598.708,0.9922730199613652,,0.0
2025-12-22,15.49,15.21,15.49,15.15,40185.01,61742.232,0.9921722113502937,,0.0
2025-12-23,15.18,15.0,15.18,14.89,28256.05,42793.978,0.992063492063492,,0.0
2025-12-24,15.05,15.03,15.08,14.86,59855.0,90184.824,0.9920792079207922,,0.0
2025-12-25,15.03,15.31,15.48,15.0,61575.0,94934.937,0.9922229423201556,,0.0
2025-12-26,15.25,15.1,15.35,15.0,40159.0,61319.411,0.9921156373193168,,0.0
2025-12-29,15.11,15.0,15.12,14.91,33392.55,50438.493,0.992063492063492,,0.0
2025-12-30,15.12,14.77,15.12,14.7,49255.0,73490.355,0.9919408999328408,,0.0
2025-12-31,14.87,16.259999999999998,16.259999999999998,14.840000000000002,214683.34,339476.337,0.9926739926739926,,0.0
2026-01-05,16.45,16.279999999999998,16.45,16.029999999999998,225649.68,368280.219,0.9926829268292684,,0.0
2026-01-06,16.279999999999998,16.58,16.65,16.259999999999998,186613.86,309941.613,0.992814371257485,,0.0
2026-01-07,16.59,16.63,17.16,16.43,177251.97,300719.855,0.9928358208955224,,0.0
2026-01-08,16.619999999999997,17.06,17.65,16.509999999999998,193174.06,330973.953,0.9930151338766008,,0.0
2026-01-09,17.06,17.279999999999998,17.349999999999998,16.66,193416.72,330226.424,0.993103448275862,,0.0
2026-01-12,17.279999999999998,17.29,17.55,17.009999999999998,168981.17,293890.088,0.99310740953475,,0.0
2026-01-13,17.529999999999998,16.64,17.529999999999998,16.56,142792.9,242688.268,0.9928400954653938,,0.0
2026-01-14,16.63,16.83,17.18,16.59,128572.61,219179.262,0.9929203539823008,,0.0
2026-01-15,16.82,16.48,16.83,16.36,80287.02,133482.882,0.9927710843373492,,0.0
2026-01-16,16.47,16.52,16.599999999999998,16.33,65040.18,107930.837,0.9927884615384616,,0.0
2026-01-19,16.509999999999998,17.13,17.24,16.509999999999998,138444.28,237549.618,0.9930434782608696,,0.0
2026-01-20,17.13,16.66,17.13,16.48,88800.0,149846.227,0.9928486293206196,,0.0
2026-01-21,16.58,16.52,16.65,16.33,57446.6,95600.206,0.9927884615384616,,0.0
2026-01-22,16.58,16.56,16.73,16.4,54164.7,90289.725,0.9928057553956834,,0.0
2026-01-23,16.58,16.81,16.98,16.45,76791.08,129841.389,0.9929119905493208,,0.0
2026-01-26,16.81,16.48,16.869999999999997,16.24,89200.45,148569.238,0.9927710843373492,,0.0
2026-01-27,16.39,16.11,16.49,15.8,82127.0,132882.994,0.9926062846580406,,0.0
2026-01-28,16.2,15.96,16.209999999999997,15.77,80891.0,130406.77,0.992537313432836,,0.0
2026-01-29,15.94,15.83,16.009999999999998,15.67,74413.0,118663.477,0.9924764890282132,,0.0
2026-01-30,15.83,15.74,15.86,15.48,41415.0,65452.991,0.9924337957124842,,0.0
2026-02-02,15.57,15.27,15.63,15.24,51311.02,79977.443,0.9922027290448344,,0.0
2026-02-03,15.53,15.35,15.53,15.12,39634.0,61022.936,0.9922430510665804,,0.0
2026-02-04,15.38,15.55,15.69,15.29,40993.99,64133.004,0.99234205488194,,0.0
2026-02-05,15.54,15.42,15.57,15.37,27617.01,43007.305,0.9922779922779924,,0.0
2026-02-06,15.44,15.35,15.510000000000002,15.260000000000002,37376.01,58022.617,0.9922430510665804,,0.0
2026-02-09,15.49,15.53,15.53,15.33,35231.0,54853.458,0.9923322683706072,,0.0
2026-02-10,15.56,15.53,15.78,15.510000000000002,47126.0,74183.33,0.9923322683706072,,0.0
2026-02-11,15.63,15.57,15.8,15.45,33758.0,53193.966,0.9923518164435948,,0.0
2026-02-12,15.65,15.32,15.65,15.260000000000002,48992.01,75843.134,0.9922279792746116,,0.0
2026-02-13,15.25,15.31,15.46,15.24,26216.4,40586.915,0.9922229423201556,,0.0
2026-02-24,15.5,15.6,15.7,15.38,47586.4,74790.105,0.9923664122137406,,0.0
2026-02-25,15.69,15.56,15.69,15.49,37921.0,59495.399,0.9923469387755104,,0.0
2026-02-26,15.67,15.75,15.95,15.61,49725.58,79067.071,0.9924385633270322,,0.0
2026-02-27,15.83,15.71,15.840000000000002,15.590000000000002,39136.0,61717.17,0.9924194567277322,,0.0
2026-03-02,15.53,15.47,15.68,15.21,61247.0,95217.138,0.9923027581783196,,0.0
2026-03-03,15.53,14.79,15.57,14.74,59512.76,90484.332,0.9919517102615696,,0.0
2026-03-04,14.65,14.7,14.86,14.54,36443.22,53984.924,0.9919028340080972,,0.0
2026-03-05,14.93,14.87,15.02,14.77,36228.8,54388.817,0.9919946631087392,,0.0
2026-03-06,14.89,15.2,15.260000000000002,14.77,35159.9,53319.102,0.9921671018276764,,0.0
2026-03-09,14.93,15.04,15.27,14.91,39019.0,59153.819,0.992084432717678,,0.0
2026-03-10,15.16,15.42,15.65,15.06,39330.76,60877.56,0.9922779922779924,,0.0
2026-03-11,15.58,15.32,15.58,15.23,32310.17,49905.397,0.9922279792746116,,0.0
2026-03-12,15.33,15.28,15.44,15.2,32118.63,49599.935,0.9922077922077922,,0.0
2026-03-13,15.25,14.98,15.28,14.89,37492.76,56985.858,0.9920529801324504,,0.0
2026-03-16,14.83,14.44,14.89,14.06,88905.07,128628.034,0.9917582417582418,,0.0
2026-03-17,14.510000000000002,14.22,14.510000000000002,14.11,31264.0,45141.522,0.99163179916318,,0.0
2026-03-18,14.22,14.4,14.43,14.13,28147.0,40529.077,0.9917355371900828,,0.0
2026-03-19,14.18,14.0,14.36,13.92,29622.0,42090.131,0.991501416430595,,0.0
2026-03-20,14.05,13.81,14.16,13.760000000000002,32353.09,45544.312,0.9913854989231874,,0.0
2026-03-23,13.38,13.04,13.61,12.91,50553.5,67575.018,0.9908814589665654,,0.0
2026-03-24,13.4,13.62,13.66,13.19,54798.0,74330.097,0.9912663755458516,,0.0
2026-03-25,13.66,14.24,14.63,13.57,77452.01,110820.419,0.9916434540389972,,0.0
2026-03-26,14.33,14.08,14.56,13.95,36559.63,52497.797,0.991549295774648,,0.0
2026-03-27,13.96,14.22,14.25,13.83,35368.0,50261.775,0.99163179916318,,0.0
2026-03-30,13.97,14.05,14.21,13.92,17925.0,25370.356,0.9915314043754412,,0.0
2026-03-31,14.16,13.8,14.27,13.72,27613.0,38788.032,0.9913793103448276,,0.0
2026-04-01,13.98,13.95,14.03,13.78,24177.0,33858.373,0.9914712153518124,,0.0
2026-04-02,13.96,14.29,14.48,13.89,67641.44,96712.655,0.991672449687717,,0.0
2026-04-03,14.42,14.28,14.56,14.0,43528.01,62488.385,0.9916666666666668,,0.0
2026-04-07,14.43,14.17,14.43,14.03,25839.09,36981.7,0.9916025192442268,,0.0
2026-04-08,14.33,14.61,14.63,14.25,43705.8,63833.913,0.9918533604887984,,0.0
2026-04-09,14.53,14.510000000000002,14.62,14.36,30752.0,44910.161,0.9917976760082023,,0.0
2026-04-10,14.58,14.8,15.29,14.48,74387.0,111971.27,0.9919571045576407,,0.0
2026-04-13,15.63,16.29,16.29,15.04,112227.37,179274.295,0.9926873857404022,,0.0
2026-04-14,16.88,16.08,17.39,15.81,256352.46,423038.821,0.9925925925925926,,0.0
2026-04-15,16.0,17.7,17.7,15.79,366135.69,627411.165,0.9932659932659932,,0.0
2026-04-16,17.38,17.61,17.77,16.939999999999998,363859.84,634260.251,0.9932318104906936,,0.0
2026-04-17,17.38,17.5,17.93,17.38,187660.46,332260.948,0.9931895573212258,,0.0
2026-04-20,17.32,17.68,17.759999999999998,17.209999999999997,183981.46,324563.779,0.993258426966292,,0.0
2026-04-21,17.58,18.66,18.66,17.48,293732.42,537401.964,0.9936102236421724,,0.0
2026-04-22,17.88,17.279999999999998,18.28,16.8,272743.66,482437.231,0.993103448275862,,0.0
2026-04-23,16.89,17.97,19.02,16.89,290374.26,529785.865,0.9933665008291872,,0.0
2026-04-24,17.88,18.29,18.52,17.779999999999998,218182.76,399794.648,0.9934818033677348,,0.0
2026-04-27,18.28,18.08,18.84,17.779999999999998,207285.65,377757.475,0.9934065934065932,,0.0
2026-04-28,17.9,17.65,18.11,17.57,146398.78,261206.852,0.9932470455824424,,0.0
2026-04-29,17.64,17.97,18.16,17.48,120013.0,216444.851,0.9933665008291872,,0.0
2026-04-30,17.81,18.009999999999998,18.15,17.58,133124.01,240442.155,0.9933811362382792,,0.0
2026-05-06,18.08,17.73,18.12,17.65,150155.57,270210.22,0.9932773109243695,,0.0
2026-05-07,17.779999999999998,18.6,18.69,17.73,209144.46,387325.964,0.9935897435897436,,0.0
2026-05-08,18.36,19.78,20.08,18.13,304022.91,584846.266,0.9939698492462312,,0.0
2026-05-11,19.68,20.02,20.93,19.53,284672.03,576359.715,0.994041708043694,,0.0
2026-05-12,20.08,20.39,20.96,19.68,212118.41,433551.872,0.9941491955143832,,0.0
2026-05-13,20.13,20.07,20.16,19.54,204008.0,408156.089,0.9940564635958394,,0.0
2026-05-14,20.06,20.16,20.84,19.93,185300.0,379618.99,0.9940828402366864,,0.0
2026-05-15,20.17,20.1,20.88,19.55,224968.01,460804.517,0.9940652818991096,,0.0
2026-05-18,19.88,20.08,20.18,19.58,135527.01,270292.601,0.994059405940594,,0.0
2026-05-19,20.38,22.1,22.1,20.23,241408.55,517498.877,0.9945994599459944,,0.0
2026-05-20,22.35,21.68,22.38,21.14,222008.06,482263.445,0.9944954128440366,,0.0
2026-05-21,21.88,23.11,23.86,21.68,408009.55,955737.544,0.9948342660352992,,0.0
2026-05-22,23.38,25.43,25.43,23.38,239173.19,588024.673,0.995303326810176,,0.0
2026-05-25,25.43,26.92,27.67,25.11,433341.89,1152157.629,0.9955621301775148,,0.0
2026-05-26,25.13,24.22,25.47,24.22,288302.37,712751.016,0.9950698438783896,,0.0
2026-05-27,23.62,22.47,24.12,21.81,424632.0,975449.751,0.99468791500664,,0.0
2026-05-28,22.07,22.94,23.11,21.55,267382.7,597229.721,0.99479618386817,,0.0
2026-05-29,23.08,23.83,25.1,22.89,273393.4,665502.3726,0.9949895615866388,,0.0
2026-06-01,23.78,22.68,23.99,22.59,177993.53,413308.99685,0.9947368421052633,,0.0
2026-06-02,22.69,22.27,22.96,21.98,144357.1,323766.1717,0.9946404644930772,,0.0
2026-06-03,22.05,22.26,22.87,21.78,125079.0,280605.065,0.9946380697050938,,0.0
2026-06-04,22.16,21.44,22.29,21.18,141637.2,306283.75,0.99443413729128,,0.0
2026-06-05,21.24,22.44,23.13,20.89,199884.01,443437.634,0.9946808510638298,,0.0
2026-06-08,21.87,21.23,22.02,20.96,135198.0,292152.0,0.9943793911007024,,0.0
2026-06-09,21.54,21.78,21.96,21.1,99974.0,216155.185,0.9945205479452054,,0.0
2026-06-10,21.73,21.26,21.73,20.66,99707.14,210705.38751,1.0,,0.0
2026-06-11,20.99,20.97,21.49,20.79,75004.0,158088.378,1.0,,0.0
2026-06-12,21.2,20.41,21.58,20.22,116005.0,239526.996,1.0,,0.0
2026-06-15,20.41,20.66,20.91,20.14,106880.0,219295.121,1.0,,0.0
2026-06-16,20.66,20.76,21.08,20.41,89261.83,185065.23659,1.0,,0.0
2026-06-17,20.98,21.32,21.83,20.68,135302.01,287952.08118,1.0,,0.0
2026-06-18,21.2,21.31,21.5,20.37,115744.29,243341.90973,1.0,,0.0
2026-06-22,21.3,21.81,21.99,20.61,150191.64,319654.71284,1.0,,0.0
2026-06-23,21.79,21.65,22.01,20.98,146354.95,315453.897,1.0,,0.0
2026-06-24,21.61,21.82,22.15,20.81,147457.01,318234.30875,1.0,,0.0
2026-06-25,21.65,20.82,22.15,20.58,141361.17,297992.84724,1.0,,0.0
2026-06-26,20.65,19.72,20.75,19.63,119195.18,239941.79827,1.0,,0.0
2026-06-29,19.68,19.58,20.01,18.96,104422.51,202866.86718,1.0,,0.0
2026-06-30,19.26,21.54,21.54,19.05,138323.0,282087.25,1.0,,0.0
2026-07-01,22.26,21.05,22.45,20.9,147655.47,314641.41877,1.0,,0.0
2026-07-02,21.16,21.22,22.12,21.03,129478.25,280466.21144,1.0,,0.0
2026-07-03,21.6,21.89,22.45,21.26,193686.0,423885.025,1.0,,0.0
2026-07-06,21.9,21.67,22.86,21.22,208678.2,460370.07953,1.0,,0.0
2026-07-07,21.28,20.51,21.78,20.36,127986.0,266700.215,1.0,,0.0
2026-07-08,20.38,18.8,20.5,18.8,144371.29,279241.27308,1.0,,0.0
2026-07-09,18.77,18.75,19.11,17.89,121683.14,225163.62164,1.0,,0.0
2026-07-10,18.86,19.54,20.49,18.68,144595.59,283935.10446,1.0,,0.0
2026-07-13,19.25,17.59,19.25,17.59,115274.0,207634.781,1.0,,0.0
2026-07-14,17.28,18.28,18.49,16.8,101569.0,182358.6,1.0,,0.0
2026-07-15,18.74,18.41,18.88,18.1,70840.2,130408.48846,1.0,,0.0
2026-07-16,18.2,18.0,18.35,17.78,61961.99,111739.45289,1.0,,0.0
2026-07-17,17.95,16.94,18.05,16.52,82610.0,141813.35603,1.0,,0.0
2026-07-20,17.36,15.63,17.36,15.28,108663.0,175491.23365,1.0,,0.0
2026-07-21,15.8,16.3,16.35,14.5,122589.46,189812.30536,1.0,,0.0
2026-07-22,16.31,15.95,16.42,15.77,69487.0,111496.253,1.0,,0.0
2026-07-23,15.85,15.92,16.14,15.7,56479.0,89623.966,1.0,,0.0
2026-07-24,15.78,15.93,16.13,15.55,47301.2,75209.6012,1.0,,0.0
2026-07-27,15.87,16.5,16.71,15.81,54452.0,88935.84,1.0,,0.0
2026-07-28,16.34,15.9,16.63,15.8,42610.0,68807.12,1.0,,0.0
2026-07-29,15.94,16.1,16.11,15.62,46213.17,73347.07934,1.0,,0.0
2026-07-30,15.99,16.2,17.27,15.95,104042.93,171953.24313,1.0,,0.0
2026-07-31,16.5,16.37,16.73,16.3,66160.19,109139.47175,1.0,,0.0
2026-08-03,16.31,15.71,16.55,15.45,119909.49,190567.66409,1.0,,0.0
2026-08-04,15.97,16.34,16.37,15.5,156833.0,250479.6765,1.0,,0.0
2026-08-05,16.13,17.08,17.16,16.05,135618.69,226794.00845,1.0,,0.0
2026-08-06,16.99,17.09,17.57,16.8,120157.0,205729.976,1.0,,0.0
2026-08-07,16.51,17.34,17.47,16.51,138303.0,234678.22574,1.0,,0.0
2026-08-10,17.29,19.07,19.07,17.29,156141.85,285069.419,1.0,,0.0
2026-08-11,19.09,20.03,20.64,18.66,275563.84,543835.9513,1.0,,0.0
2026-08-12,19.94,20.77,21.08,19.71,215432.09,442144.2825,1.0,5.9094,0.0
2026-08-13,20.78,21.15,21.88,20.65,199479.2,423892.50938,1.0,5.47,0.0
2026-08-14,21.12,20.92,21.24,20.62,117078.94,244622.39348,1.0,3.21,0.0
2026-08-17,20.94,23.01,23.01,20.78,176573.14,394711.43278,1.0,0.0,0.0
2026-08-18,23.13,23.19,23.61,22.8,194616.01,450768.50812,1.0,0.0,0.0
2026-08-19,22.96,21.05,22.96,21.0,158064.0,343710.51935,1.0,0.0,0.0
2026-08-20,21.98,21.16,22.0,20.98,102087.0,218120.11188,1.0,2.5159,2.8003
2026-08-21,21.0,21.16,21.3,20.35,143340.52,300175.63461,1.0,3.5326,3.9319
2026-08-24,21.42,19.71,21.52,19.04,149173.96,295075.32582,1.0,3.6764,4.0919
2026-08-25,19.5,20.25,20.5,19.1,120788.26,239693.4252,1.0,2.9768,3.3133
2026-08-26,20.4,20.17,20.66,19.97,83601.0,169705.01696,1.0,2.0603,2.2932
2026-08-27,20.0,20.45,20.56,19.8,79337.35,160918.15095,1.0,1.9553,2.1762
2026-08-28,20.6,20.07,20.74,19.96,78023.0,158529.814,1.0,1.9229,2.1402
2026-08-31,19.71,20.31,20.35,19.64,78493.0,157064.411,1.0,1.9344,2.1531
2026-09-01,20.55,20.16,20.67,19.93,73781.69,148968.92673,1.0,1.8183,2.0239
2026-09-02,19.96,19.82,20.0,19.48,62951.5,124065.535,1.0,1.5514,1.7268
2026-09-03,20.08,19.77,20.2,19.47,56939.8,112797.9372,1.0,1.4033,1.5619
2026-09-04,20.88,19.75,21.65,19.57,175757.77,361246.31537,1.0,4.3315,4.8211
2026-09-07,19.62,21.13,21.58,19.59,172773.0,359930.754,1.0,4.258,4.7392
2026-09-08,21.21,19.77,21.24,19.69,174283.06,350047.11432,1.0,4.2952,4.7806
2026-09-09,19.9,19.38,19.98,19.32,77642.81,152163.00113,1.0,1.9135,2.1298
2026-09-10,19.3,19.15,19.42,19.0,60375.06,115823.3846,1.0,1.4879,1.6561
2026-09-11,19.06,18.52,19.06,18.06,88940.81,163728.37302,1.0,2.1919,2.4397
2026-09-14,18.52,18.23,18.56,18.0,62409.0,113797.814,1.0,1.5381,1.7119
2026-09-15,18.24,18.33,18.58,18.09,38876.0,71348.50598,1.0,0.9581,1.0664
2026-09-16,18.31,18.95,19.06,18.18,57077.02,106609.64094,1.0,1.4067,1.5656
2026-09-17,18.94,18.88,19.28,18.81,46982.0,89279.343,1.0,1.1579,1.2887
2026-09-18,19.14,19.79,20.09,19.01,106403.01,209456.41122,1.0,2.6223,2.9187
