date,open,close,high,low,volume,money,factor,turnover,turnover_free
2021-05-10,8.5,8.6,8.68,8.459999999999999,8758.01,8278.736,0.9071729957805906,,0.0
2021-05-11,8.59,8.52,8.59,8.319999999999999,7229.85,6756.667,0.906382978723404,,0.0
2021-05-12,8.79,8.719999999999999,8.92,8.639999999999999,21341.88,20531.669,0.9083333333333332,,0.0
2021-05-13,8.67,8.6,8.69,8.53,14770.02,13987.123,0.9071729957805906,,0.0
2021-05-14,8.569999999999999,8.58,8.639999999999999,8.54,6571.01,6225.179,0.9069767441860463,,0.0
2021-05-17,8.58,8.5,8.61,8.469999999999999,7242.01,6802.482,0.906183368869936,,0.0
2021-05-18,8.569999999999999,8.649999999999999,8.67,8.459999999999999,9908.34,9392.552,0.9076600209863588,,0.0
2021-05-19,8.629999999999999,8.479999999999999,8.629999999999999,8.469999999999999,8122.62,7635.15,0.905982905982906,,0.0
2021-05-20,8.43,8.459999999999999,8.5,8.42,4776.5,4457.494,0.9057815845824412,,0.0
2021-05-21,8.469999999999999,8.489999999999998,8.53,8.45,4149.62,3884.956,0.9060832443970116,,0.0
2021-05-24,8.479999999999999,8.409999999999998,8.54,8.409999999999998,7160.0,6677.796,0.905274488697524,,0.0
2021-05-25,8.45,8.43,8.489999999999998,8.36,5928.01,5522.011,0.9054779806659504,,0.0
2021-05-26,8.409999999999998,8.459999999999999,8.5,8.409999999999998,5775.01,5387.662,0.9057815845824412,,0.0
2021-05-27,8.43,8.459999999999999,8.489999999999998,8.42,4983.0,4652.158,0.9057815845824412,,0.0
2021-05-28,8.43,8.469999999999999,8.5,8.43,5289.0,4949.118,0.9058823529411764,,0.0
2021-05-31,8.479999999999999,8.42,8.479999999999999,8.36,6133.0,5697.794,0.9053763440860214,,0.0
2021-06-01,8.409999999999998,8.6,8.629999999999999,8.34,10565.36,9873.644,0.9071729957805906,,0.0
2021-06-02,8.59,8.45,8.59,8.45,13818.62,12986.605,0.905680600214362,,0.0
2021-06-03,8.42,8.399999999999999,8.54,8.399999999999999,7462.76,6977.264,0.9051724137931032,,0.0
2021-06-04,8.389999999999999,8.389999999999999,8.42,8.34,4972.0,4607.733,0.9050701186623517,,0.0
2021-06-07,8.399999999999999,8.45,8.469999999999999,8.389999999999999,4495.0,4184.277,0.905680600214362,,0.0
2021-06-08,8.43,8.75,8.78,8.399999999999999,16194.02,15344.052,0.9086188992731048,,0.0
2021-06-09,8.569999999999999,9.07,9.07,8.569999999999999,45521.72,44110.367,0.9115577889447236,,0.0
2021-06-10,8.979999999999999,9.22,9.3,8.799999999999999,32671.04,32394.014,0.9128712871287128,,0.0
2021-06-11,9.18,9.36,9.42,8.819999999999999,45428.71,45410.194,0.9140625,,0.0
2021-06-15,9.19,9.87,9.87,8.92,22166.02,22371.137,0.9181395348837208,,0.0
2021-06-16,9.33,10.31,10.42,9.1,75919.08,81587.783,0.9213583556747096,,0.0
2021-06-17,10.01,9.71,10.38,9.7,67540.73,72959.459,0.9169027384324834,,0.0
2021-06-18,9.68,9.03,9.68,9.02,47397.79,47474.839,0.9130434782608696,,0.0
2021-06-21,8.91,9.04,9.1,8.860000000000001,25448.43,25076.917,0.9131313131313132,,0.0
2021-06-22,9.04,9.09,9.26,8.92,30668.0,30663.97,0.91356783919598,,0.0
2021-06-23,9.04,8.850000000000001,9.04,8.74,30051.33,29172.559,0.9114315139031928,,0.0
2021-06-24,8.81,8.63,8.9,8.600000000000001,24306.0,23282.727,0.9093782929399368,,0.0
2021-06-25,8.59,8.690000000000001,8.72,8.59,13431.0,12799.914,0.9099476439790576,,0.0
2021-06-28,8.68,8.56,8.700000000000001,8.540000000000001,16038.0,15174.639,0.9087048832271762,,0.0
2021-06-29,8.56,8.600000000000001,8.64,8.530000000000001,12693.0,11993.257,0.9090909090909092,,0.0
2021-06-30,8.64,8.610000000000001,8.65,8.540000000000001,12165.16,11490.616,0.9091869060190074,,0.0
2021-07-01,8.610000000000001,8.48,8.610000000000001,8.450000000000001,11937.0,11170.99,0.9079229122055676,,0.0
2021-07-02,8.47,8.47,8.59,8.42,9554.1,8936.562,0.9078242229367632,,0.0
2021-07-05,8.46,8.51,8.520000000000001,8.39,9192.0,8547.207,0.9082177161152616,,0.0
2021-07-06,8.5,8.51,8.56,8.48,10843.01,10171.056,0.9082177161152616,,0.0
2021-07-07,8.450000000000001,8.42,8.47,8.33,13421.01,12402.642,0.9073275862068966,,0.0
2021-07-08,8.4,8.3,8.450000000000001,8.290000000000001,10833.0,9960.488,0.906113537117904,,0.0
2021-07-09,8.26,8.46,8.530000000000001,8.22,12440.01,11503.471,0.907725321888412,,0.0
2021-07-12,8.47,8.41,8.51,8.39,8522.01,7913.263,0.90722761596548,,0.0
2021-07-13,8.440000000000001,8.43,8.450000000000001,8.360000000000001,7640.01,7078.802,0.907427341227126,,0.0
2021-07-14,8.47,8.5,8.620000000000001,8.440000000000001,14832.02,13908.826,0.9081196581196582,,0.0
2021-07-15,8.57,8.34,8.57,8.31,11788.01,10875.218,0.9065217391304348,,0.0
2021-07-16,8.33,8.33,8.41,8.290000000000001,7814.0,7183.285,0.9064200217627856,,0.0
2021-07-19,8.370000000000001,8.22,8.370000000000001,8.15,10890.43,9896.47,0.9052863436123348,,0.0
2021-07-20,8.14,8.08,8.14,8.040000000000001,9475.72,8467.368,0.9038031319910516,,0.0
2021-07-21,8.120000000000001,8.15,8.270000000000001,8.06,11248.99,10112.814,0.904550499445061,,0.0
2021-07-22,8.16,8.18,8.24,8.16,11418.0,10325.034,0.9048672566371682,,0.0
2021-07-23,8.190000000000001,7.989999999999999,8.190000000000001,7.96,15364.01,13668.901,0.902824858757062,,0.0
2021-07-26,7.999999999999999,7.79,7.999999999999999,7.659999999999999,15054.16,13028.308,0.9005780346820809,,0.0
2021-07-27,7.8,7.64,7.85,7.64,8917.0,7668.34,0.8988235294117647,,0.0
2021-07-28,7.669999999999999,7.36,7.669999999999999,7.319999999999999,10914.0,9010.95,0.8953771289537713,,0.0
2021-07-29,7.429999999999999,7.44,7.479999999999999,7.39,9131.93,7567.882,0.8963855421686747,,0.0
2021-07-30,7.429999999999999,7.55,7.55,7.37,11535.0,9645.214,0.8977407847800237,,0.0
2021-08-02,7.54,7.62,7.649999999999999,7.479999999999999,8107.04,6830.734,0.8985849056603773,,0.0
2021-08-03,7.64,7.6,7.71,7.569999999999999,8812.0,7475.103,0.8983451536643026,,0.0
2021-08-04,7.62,7.589999999999999,7.62,7.52,7392.09,6233.923,0.8982248520710059,,0.0
2021-08-05,7.6,7.429999999999999,7.61,7.39,7449.01,6212.349,0.896260554885404,,0.0
2021-08-06,7.429999999999999,7.749999999999999,7.79,7.399999999999999,15732.18,13321.752,0.900116144018583,,0.0
2021-08-09,7.669999999999999,7.8,7.88,7.64,14666.64,12628.967,0.9006928406466512,,0.0
2021-08-10,7.749999999999999,7.759999999999999,7.829999999999999,7.679999999999999,11058.17,9512.401,0.9002320185614848,,0.0
2021-08-11,7.759999999999999,7.759999999999999,7.819999999999999,7.64,9604.0,8284.892,0.9002320185614848,,0.0
2021-08-12,7.77,7.86,7.86,7.759999999999999,11475.0,9947.21,0.9013761467889908,,0.0
2021-08-13,7.759999999999999,7.919999999999999,8.01,7.759999999999999,19301.76,16932.518,0.9020501138952164,,0.0
2021-08-16,7.88,7.919999999999999,7.999999999999999,7.86,11691.0,10257.005,0.9020501138952164,,0.0
2021-08-17,7.87,7.659999999999999,7.929999999999999,7.64,12539.0,10838.789,0.8990610328638498,,0.0
2021-08-18,7.64,7.729999999999999,7.8,7.61,8194.53,7018.729,0.89988358556461,,0.0
2021-08-19,7.71,7.62,7.71,7.6,8045.01,6839.345,0.8985849056603773,,0.0
2021-08-20,7.589999999999999,7.489999999999999,7.6,7.419999999999999,10089.02,8426.511,0.897005988023952,,0.0
2021-08-23,7.479999999999999,7.649999999999999,7.669999999999999,7.429999999999999,10976.68,9296.267,0.8989424206815511,,0.0
2021-08-24,7.72,7.729999999999999,7.81,7.649999999999999,8717.5,7499.042,0.89988358556461,,0.0
2021-08-25,7.72,7.829999999999999,7.829999999999999,7.7,14330.0,12395.796,0.9010356731875718,,0.0
2021-08-26,7.819999999999999,7.77,7.88,7.739999999999999,13350.6,11530.592,0.9003476245654692,,0.0
2021-08-27,7.78,7.71,7.829999999999999,7.649999999999999,9819.11,8415.149,0.8996499416569428,,0.0
2021-08-30,7.71,7.739999999999999,7.85,7.679999999999999,12787.64,11035.09,0.8999999999999999,,0.0
2021-08-31,7.72,7.81,7.819999999999999,7.659999999999999,10687.4,9220.613,0.90080738177624,,0.0
2021-09-01,7.839999999999999,7.87,7.94,7.739999999999999,17434.5,15158.734,0.9014891179839634,,0.0
2021-09-02,7.79,7.999999999999999,7.999999999999999,7.79,23807.57,20948.489,0.9029345372460496,,0.0
2021-09-03,8.01,8.07,8.120000000000001,7.929999999999999,24708.89,21943.875,0.9036954087346024,,0.0
2021-09-06,8.08,8.120000000000001,8.18,7.989999999999999,22191.1,19843.012,0.9042316258351892,,0.0
2021-09-07,8.23,8.620000000000001,8.83,8.17,66847.02,62917.875,0.909282700421941,,0.0
2021-09-08,8.67,8.55,8.81,8.4,46110.18,43412.925,0.9086078639744952,,0.0
2021-09-09,8.520000000000001,8.950000000000001,9.05,8.440000000000001,65192.99,63227.86,0.9123343527013252,,0.0
2021-09-10,8.940000000000001,8.51,8.940000000000001,8.450000000000001,49627.08,47080.775,0.9082177161152616,,0.0
2021-09-13,8.520000000000001,8.57,8.700000000000001,8.43,27891.28,26244.711,0.9088016967126192,,0.0
2021-09-14,8.600000000000001,8.48,8.99,8.46,43270.68,41282.771,0.9079229122055676,,0.0
2021-09-15,8.34,8.72,8.76,8.34,37908.08,35941.441,0.9102296450939458,,0.0
2021-09-16,8.770000000000001,8.47,8.92,8.47,33096.92,31742.734,0.9078242229367632,,0.0
2021-09-17,8.68,8.46,8.72,8.34,25677.01,24105.602,0.907725321888412,,0.0
2021-09-22,8.31,8.520000000000001,8.56,8.24,20935.0,19296.471,0.908315565031983,,0.0
2021-09-23,8.56,8.41,8.610000000000001,8.350000000000001,20981.0,19568.592,0.90722761596548,,0.0
2021-09-24,8.39,8.33,8.57,8.25,23730.0,21964.294,0.9064200217627856,,0.0
2021-09-27,8.34,7.85,8.38,7.759999999999999,28812.05,25445.79,0.9012629161882892,,0.0
2021-09-28,7.85,8.4,8.440000000000001,7.81,37507.77,34048.379,0.9071274298056156,,0.0
2021-09-29,8.14,7.88,8.270000000000001,7.85,23232.02,20595.717,0.9016018306636157,,0.0
2021-09-30,7.89,8.14,8.18,7.89,16876.0,15065.798,0.9044444444444444,,0.0
2021-10-08,8.39,8.64,8.790000000000001,8.350000000000001,50169.03,47411.124,0.9094736842105264,,0.0
2021-10-11,8.64,8.440000000000001,8.66,8.31,25947.0,24111.443,0.9075268817204302,,0.0
2021-10-12,8.34,8.190000000000001,8.530000000000001,8.08,20609.0,18750.756,0.9049723756906078,,0.0
2021-10-13,8.190000000000001,8.020000000000001,8.22,7.87,17921.0,15815.723,0.9031531531531533,,0.0
2021-10-14,7.94,7.94,8.06,7.829999999999999,11955.01,10527.408,0.9022727272727272,,0.0
2021-10-15,7.96,7.85,8.05,7.829999999999999,10590.0,9255.891,0.9012629161882892,,0.0
2021-10-18,7.94,8.020000000000001,8.07,7.77,12095.0,10651.898,0.9031531531531533,,0.0
2021-10-19,8.020000000000001,7.95,8.040000000000001,7.87,8871.0,7812.969,0.9023836549375708,,0.0
2021-10-20,7.989999999999999,7.839999999999999,7.989999999999999,7.81,7397.0,6441.763,0.9011494252873564,,0.0
2021-10-21,7.909999999999999,7.8,7.96,7.77,9575.35,8350.873,0.9006928406466512,,0.0
2021-10-22,7.77,7.649999999999999,7.85,7.64,10765.0,9200.251,0.8989424206815511,,0.0
2021-10-25,7.659999999999999,7.79,7.899999999999999,7.589999999999999,13264.17,11458.138,0.9005780346820809,,0.0
2021-10-26,7.79,7.739999999999999,7.87,7.71,6231.0,5361.855,0.8999999999999999,,0.0
2021-10-27,7.739999999999999,7.489999999999999,7.89,7.489999999999999,11449.0,9633.054,0.897005988023952,,0.0
2021-10-28,7.47,7.39,7.479999999999999,7.35,7539.0,6230.326,0.8957575757575758,,0.0
2021-10-29,7.37,7.55,7.589999999999999,7.37,4852.53,4046.996,0.8977407847800237,,0.0
2021-11-01,7.56,7.56,7.569999999999999,7.39,6771.0,5675.278,0.8978622327790974,,0.0
2021-11-02,7.499999999999999,7.45,7.589999999999999,7.28,8616.0,7147.942,0.8965102286401925,,0.0
2021-11-03,7.44,7.429999999999999,7.499999999999999,7.39,4991.0,4143.564,0.896260554885404,,0.0
2021-11-04,7.429999999999999,7.409999999999999,7.46,7.31,6609.78,5450.507,0.8960096735187424,,0.0
2021-11-05,7.429999999999999,7.35,7.44,7.319999999999999,4285.52,3522.247,0.8952496954933008,,0.0
2021-11-08,7.509999999999999,7.419999999999999,7.509999999999999,7.38,3307.87,2742.136,0.8961352657004831,,0.0
2021-11-09,7.419999999999999,7.429999999999999,7.479999999999999,7.36,4209.0,3486.022,0.896260554885404,,0.0
2021-11-10,7.409999999999999,7.53,7.589999999999999,7.39,8452.0,7031.174,0.8974970202622169,,0.0
2021-11-11,7.61,7.54,7.61,7.509999999999999,5906.0,4970.83,0.8976190476190475,,0.0
2021-11-12,7.54,7.579999999999999,7.61,7.47,4195.01,3525.881,0.8981042654028436,,0.0
2021-11-15,7.579999999999999,7.72,7.72,7.52,6842.0,5791.878,0.8997668997668997,,0.0
2021-11-16,7.649999999999999,7.81,7.88,7.62,13538.89,11651.704,0.90080738177624,,0.0
2021-11-17,7.61,7.999999999999999,8.040000000000001,7.61,20285.01,17657.121,0.9029345372460496,,0.0
2021-11-18,8.07,7.7,8.26,7.7,33870.0,29987.308,0.8995327102803738,,0.0
2021-11-19,7.7,7.69,7.759999999999999,7.589999999999999,15300.08,13034.735,0.8994152046783626,,0.0
2021-11-22,7.669999999999999,7.61,7.729999999999999,7.55,11488.0,9744.102,0.8984651711924438,,0.0
2021-11-23,7.579999999999999,7.61,7.64,7.579999999999999,6343.0,5376.256,0.8984651711924438,,0.0
2021-11-24,7.69,7.63,7.69,7.6,6915.27,5868.41,0.8987043580683156,,0.0
2021-11-25,7.669999999999999,7.649999999999999,7.669999999999999,7.589999999999999,6457.81,5476.008,0.8989424206815511,,0.0
2021-11-26,7.6,7.659999999999999,7.659999999999999,7.55,6528.01,5542.236,0.8990610328638498,,0.0
2021-11-29,7.589999999999999,7.55,7.589999999999999,7.399999999999999,5837.77,4895.112,0.8977407847800237,,0.0
2021-11-30,7.54,7.61,7.69,7.54,5212.27,4418.376,0.8984651711924438,,0.0
2021-12-01,7.64,7.739999999999999,7.739999999999999,7.6,8453.19,7208.521,0.8999999999999999,,0.0
2021-12-02,7.739999999999999,7.64,7.739999999999999,7.62,7098.0,6047.524,0.8988235294117647,,0.0
2021-12-03,7.69,7.69,7.759999999999999,7.64,5921.0,5055.04,0.8994152046783626,,0.0
2021-12-06,7.71,7.6,7.729999999999999,7.589999999999999,6503.09,5524.214,0.8983451536643026,,0.0
2021-12-07,7.6,7.6,7.63,7.56,6053.0,5113.98,0.8983451536643026,,0.0
2021-12-08,7.89,7.679999999999999,7.89,7.62,13490.01,11571.495,0.8992974238875878,,0.0
2021-12-09,7.64,7.659999999999999,7.71,7.55,9015.0,7675.486,0.8990610328638498,,0.0
2021-12-10,7.659999999999999,7.64,7.7,7.61,4988.1,4243.796,0.8988235294117647,,0.0
2021-12-13,7.649999999999999,7.64,7.69,7.6,7822.0,6660.915,0.8988235294117647,,0.0
2021-12-14,7.62,7.63,7.649999999999999,7.55,11255.0,9518.63,0.8987043580683156,,0.0
2021-12-15,7.579999999999999,7.69,7.7,7.569999999999999,14238.01,12097.024,0.8994152046783626,,0.0
2021-12-16,8.200000000000001,7.81,8.200000000000001,7.72,31134.03,27100.489,0.90080738177624,,0.0
2021-12-17,6.98,8.030000000000001,8.09,6.98,49239.1,43016.036,0.9032620922384704,,0.0
2021-12-20,8.020000000000001,7.919999999999999,8.200000000000001,7.89,39289.87,35058.406,0.9020501138952164,,0.0
2021-12-21,7.919999999999999,7.989999999999999,8.09,7.8,20996.01,18491.096,0.902824858757062,,0.0
2021-12-22,7.95,7.97,8.120000000000001,7.95,14111.0,12516.332,0.9026047565118912,,0.0
2021-12-23,7.989999999999999,7.89,7.989999999999999,7.819999999999999,12301.0,10754.229,0.9017142857142856,,0.0
2021-12-24,7.899999999999999,7.77,7.96,7.759999999999999,9782.1,8504.733,0.9003476245654692,,0.0
2021-12-27,7.739999999999999,7.829999999999999,7.839999999999999,7.729999999999999,11091.0,9584.072,0.9010356731875718,,0.0
2021-12-28,7.89,7.929999999999999,7.97,7.79,10720.99,9379.134,0.9021615472127416,,0.0
2021-12-29,7.97,7.96,8.01,7.839999999999999,9773.0,8602.572,0.9024943310657596,,0.0
2021-12-30,7.96,7.989999999999999,8.030000000000001,7.909999999999999,9038.03,7984.138,0.902824858757062,,0.0
2021-12-31,8.020000000000001,7.97,8.030000000000001,7.919999999999999,12136.96,10712.916,0.9026047565118912,,0.0
2022-01-04,7.97,8.08,8.09,7.94,16224.97,14418.222,0.9038031319910516,,0.0
2022-01-05,8.08,8.26,8.290000000000001,8.030000000000001,29420.11,26678.342,0.905701754385965,,0.0
2022-01-06,8.270000000000001,8.270000000000001,8.49,8.23,27834.1,25643.384,0.9058050383351588,,0.0
2022-01-07,8.33,8.16,8.39,8.14,19509.0,17812.966,0.9046563192904656,,0.0
2022-01-10,8.07,8.18,8.270000000000001,8.040000000000001,12294.0,11082.084,0.9048672566371682,,0.0
2022-01-11,8.22,8.100000000000001,8.280000000000001,8.100000000000001,9446.0,8534.987,0.9040178571428572,,0.0
2022-01-12,8.23,8.21,8.24,8.09,12007.2,10868.539,0.9051819184123484,,0.0
2022-01-13,8.22,8.190000000000001,8.33,8.17,9872.0,8986.263,0.9049723756906078,,0.0
2022-01-14,8.190000000000001,8.17,8.190000000000001,7.64,14000.1,12532.223,0.9047619047619048,,0.0
2022-01-17,8.13,8.22,8.280000000000001,8.100000000000001,14718.1,13330.557,0.9052863436123348,,0.0
2022-01-18,8.270000000000001,8.13,8.290000000000001,8.100000000000001,9678.0,8737.732,0.9043381535038932,,0.0
2022-01-19,8.13,8.15,8.290000000000001,8.06,9612.01,8685.089,0.904550499445061,,0.0
2022-01-20,8.14,7.97,8.15,7.96,9001.0,7999.737,0.9026047565118912,,0.0
2022-01-21,7.97,7.929999999999999,8.01,7.839999999999999,7347.01,6445.937,0.9021615472127416,,0.0
2022-01-24,7.929999999999999,7.96,8.190000000000001,7.839999999999999,7706.0,6826.706,0.9024943310657596,,0.0
2022-01-25,7.96,7.56,7.999999999999999,7.52,17029.0,14545.588,0.8978622327790974,,0.0
2022-01-26,7.64,7.659999999999999,7.729999999999999,7.52,8759.3,7442.918,0.8990610328638498,,0.0
2022-01-27,7.69,7.36,7.739999999999999,7.35,9929.0,8286.115,0.8953771289537713,,0.0
2022-01-28,7.36,7.55,7.649999999999999,7.36,6452.0,5401.934,0.8977407847800237,,0.0
2022-02-07,7.79,7.739999999999999,7.81,7.589999999999999,8242.0,7065.752,0.8999999999999999,,0.0
2022-02-08,7.649999999999999,7.999999999999999,8.05,7.589999999999999,12849.0,11236.055,0.9029345372460496,,0.0
2022-02-09,7.999999999999999,8.17,8.270000000000001,7.97,16427.0,14816.457,0.9047619047619048,,0.0
2022-02-10,8.26,8.190000000000001,8.26,8.09,11269.0,10173.884,0.9049723756906078,,0.0
2022-02-11,8.24,8.08,8.24,8.08,9669.0,8698.196,0.9038031319910516,,0.0
2022-02-14,8.13,8.09,8.270000000000001,8.06,11594.0,10418.852,0.9039106145251398,,0.0
2022-02-15,8.09,8.040000000000001,8.15,7.94,7670.0,6830.137,0.903370786516854,,0.0
2022-02-16,8.08,8.18,8.21,7.97,8929.0,8028.13,0.9048672566371682,,0.0
2022-02-17,8.22,8.14,8.24,8.09,6177.0,5575.369,0.9044444444444444,,0.0
2022-02-18,8.05,8.17,8.21,8.05,6036.0,5436.984,0.9047619047619048,,0.0
2022-02-21,8.290000000000001,8.21,8.3,8.16,10607.0,9640.198,0.9051819184123484,,0.0
2022-02-22,8.24,8.73,9.0,8.190000000000001,60276.87,57157.636,0.9103232533889468,,0.0
2022-02-23,8.440000000000001,8.600000000000001,8.610000000000001,8.33,33940.83,31719.861,0.9090909090909092,,0.0
2022-02-24,8.58,8.92,9.05,8.47,74975.81,72401.134,0.9120654396728016,,0.0
2022-02-25,8.71,8.540000000000001,8.8,8.47,43311.53,40859.92,0.9085106382978724,,0.0
2022-02-28,8.59,8.440000000000001,8.72,8.42,27916.86,26217.245,0.9075268817204302,,0.0
2022-03-01,8.39,8.43,8.47,8.31,23274.83,21525.436,0.907427341227126,,0.0
2022-03-02,8.74,8.530000000000001,8.790000000000001,8.41,36558.1,34379.532,0.9084132055378062,,0.0
2022-03-03,8.520000000000001,9.04,9.34,8.520000000000001,87593.76,86153.881,0.9131313131313132,,0.0
2022-03-04,8.92,8.440000000000001,8.93,8.440000000000001,52451.0,49718.009,0.9075268817204302,,0.0
2022-03-07,8.65,8.26,8.81,8.24,48901.0,45814.924,0.905701754385965,,0.0
2022-03-08,8.21,7.94,8.360000000000001,7.79,33702.0,29883.476,0.9022727272727272,,0.0
2022-03-09,8.100000000000001,7.679999999999999,8.13,7.38,25974.17,22403.698,0.8992974238875878,,0.0
2022-03-10,7.7,7.71,7.78,7.64,13704.17,11766.26,0.8996499416569428,,0.0
2022-03-11,7.589999999999999,7.64,7.669999999999999,7.329999999999999,15054.0,12560.616,0.8988235294117647,,0.0
2022-03-14,7.47,7.39,7.61,7.38,15275.0,12743.062,0.8957575757575758,,0.0
2022-03-15,7.35,6.819999999999999,7.36,6.779999999999999,22572.29,17904.612,0.8880208333333333,,0.0
2022-03-16,6.989999999999999,7.06,7.069999999999999,6.72,17766.06,13841.788,0.8914141414141413,,0.0
2022-03-17,7.09,7.19,7.27,7.05,12452.73,10015.576,0.893167701863354,,0.0
2022-03-18,7.19,7.19,7.31,7.15,12259.01,9923.742,0.893167701863354,,0.0
2022-03-21,7.249999999999999,7.239999999999999,7.3,7.19,9124.0,7378.658,0.8938271604938272,,0.0
2022-03-22,7.29,7.69,7.89,7.229999999999999,35259.1,29925.758,0.8994152046783626,,0.0
2022-03-23,7.64,7.72,7.79,7.55,16087.0,13769.717,0.8997668997668997,,0.0
2022-03-24,7.79,7.63,7.87,7.63,15533.99,13366.65,0.8987043580683156,,0.0
2022-03-25,7.759999999999999,7.739999999999999,7.96,7.649999999999999,16935.0,14636.435,0.8999999999999999,,0.0
2022-03-28,7.79,7.7,7.919999999999999,7.659999999999999,12310.0,10571.028,0.8995327102803738,,0.0
2022-03-29,7.679999999999999,7.659999999999999,7.72,7.54,10507.0,8923.442,0.8990610328638498,,0.0
2022-03-30,7.649999999999999,7.69,7.729999999999999,7.61,9048.0,7731.473,0.8994152046783626,,0.0
2022-03-31,7.7,7.669999999999999,7.72,7.579999999999999,8277.0,7037.58,0.899179366940211,,0.0
2022-04-01,7.62,7.64,7.78,7.54,10148.0,8640.158,0.8988235294117647,,0.0
2022-04-06,7.739999999999999,7.829999999999999,7.94,7.63,16228.12,14041.515,0.9010356731875718,,0.0
2022-04-07,7.829999999999999,7.7,7.909999999999999,7.649999999999999,8366.09,7191.425,0.8995327102803738,,0.0
2022-04-08,7.679999999999999,7.669999999999999,7.729999999999999,7.55,6717.0,5712.324,0.899179366940211,,0.0
2022-04-11,7.679999999999999,7.55,7.739999999999999,7.54,9042.0,7667.581,0.8977407847800237,,0.0
2022-04-12,7.64,7.78,7.86,7.63,21572.0,18610.491,0.9004629629629629,,0.0
2022-04-13,7.739999999999999,8.13,8.25,7.69,32759.01,29334.04,0.9043381535038932,,0.0
2022-04-14,8.040000000000001,8.120000000000001,8.24,7.909999999999999,22184.11,19922.961,0.9042316258351892,,0.0
2022-04-15,8.15,8.06,8.38,8.040000000000001,24553.06,22276.122,0.9035874439461884,,0.0
2022-04-18,8.020000000000001,8.22,8.270000000000001,7.96,22136.5,19982.213,0.9052863436123348,,0.0
2022-04-19,8.16,8.450000000000001,8.49,8.120000000000001,24994.0,22972.664,0.9076262083780882,,0.0
2022-04-20,8.46,8.26,8.49,8.17,20386.01,18683.339,0.905701754385965,,0.0
2022-04-21,8.280000000000001,7.909999999999999,8.290000000000001,7.88,18835.0,16794.892,0.9019384264538198,,0.0
2022-04-22,8.17,8.08,8.22,7.78,15200.0,13483.179,0.9038031319910516,,0.0
2022-04-25,7.929999999999999,7.669999999999999,8.07,7.509999999999999,23746.0,20607.244,0.899179366940211,,0.0
2022-04-26,7.7,7.12,7.72,7.09,18171.76,14947.731,0.8922305764411027,,0.0
2022-04-27,7.01,7.31,7.399999999999999,6.77,15091.02,11940.181,0.8947368421052632,,0.0
2022-04-28,7.31,7.19,7.399999999999999,7.06,9165.01,7391.924,0.893167701863354,,0.0
2022-04-29,7.19,7.85,7.88,7.19,22473.01,19231.535,0.9012629161882892,,0.0
2022-05-05,7.739999999999999,8.09,8.09,7.739999999999999,14141.0,12464.545,0.9039106145251398,,0.0
2022-05-06,7.97,8.100000000000001,8.24,7.85,15622.0,13997.876,0.9040178571428572,,0.0
2022-05-09,8.08,8.200000000000001,8.22,7.94,15170.0,13683.951,0.9050772626931568,,0.0
2022-05-10,8.14,8.17,8.200000000000001,8.01,11166.76,10024.192,0.9047619047619048,,0.0
2022-05-11,8.08,8.05,8.24,8.030000000000001,17534.0,15737.706,0.9034792368125704,,0.0
2022-05-12,8.06,8.17,8.200000000000001,7.999999999999999,11969.0,10769.703,0.9047619047619048,,0.0
2022-05-13,8.25,8.58,8.67,8.17,39886.0,37116.287,0.9088983050847458,,0.0
2022-05-16,8.59,8.620000000000001,8.75,8.440000000000001,24700.76,23247.484,0.909282700421941,,0.0
2022-05-17,8.600000000000001,8.57,8.74,8.49,19355.76,18270.321,0.9088016967126192,,0.0
2022-05-18,8.55,8.450000000000001,8.600000000000001,8.4,18258.0,17079.509,0.9076262083780882,,0.0
2022-05-19,8.42,8.42,8.440000000000001,8.290000000000001,16956.0,15643.011,0.9073275862068966,,0.0
2022-05-20,8.440000000000001,8.4,8.520000000000001,8.34,14111.76,13056.59,0.9071274298056156,,0.0
2022-05-23,8.4,8.4,8.48,8.31,12884.76,11915.842,0.9071274298056156,,0.0
2022-05-24,8.4,8.23,8.67,8.23,26423.0,24673.148,0.9053905390539054,,0.0
2022-05-25,8.14,8.360000000000001,8.51,8.14,21569.01,19900.692,0.9067245119305858,,0.0
2022-05-26,8.32,8.520000000000001,8.610000000000001,8.24,19132.08,17846.301,0.908315565031983,,0.0
2022-05-27,8.610000000000001,8.71,8.82,8.47,32224.0,30734.593,0.910135841170324,,0.0
2022-05-30,8.9,8.63,9.1,8.540000000000001,32169.0,30867.54,0.9093782929399368,,0.0
2022-05-31,8.67,8.780000000000001,8.92,8.64,22195.0,21366.644,0.9107883817427388,,0.0
2022-06-01,8.76,8.65,8.790000000000001,8.540000000000001,19339.0,18412.218,0.9095688748685594,,0.0
2022-06-02,8.690000000000001,8.46,8.690000000000001,8.440000000000001,12423.0,11615.035,0.907725321888412,,0.0
2022-06-06,8.450000000000001,8.5,8.700000000000001,8.440000000000001,15589.0,14654.615,0.9081196581196582,,0.0
2022-06-07,8.5,8.940000000000001,9.01,8.38,44411.0,42945.364,0.9122448979591836,,0.0
2022-06-08,8.92,8.75,8.96,8.540000000000001,28760.0,27624.21,0.9105098855359002,,0.0
2022-06-09,8.75,9.71,9.71,8.66,67376.28,69691.754,0.9186376537369916,,0.0
2022-06-10,10.58,10.77,10.77,10.47,62463.66,72347.275,0.9260533104041272,,0.0
2022-06-13,11.91,10.77,11.93,10.54,243876.85,298980.027,0.9260533104041272,,0.0
2022-06-14,10.06,10.98,11.23,9.73,242950.98,271811.723,0.9273648648648648,,0.0
2022-06-15,10.63,10.12,10.64,9.97,164980.64,184216.811,0.9216757741347906,,0.0
2022-06-16,10.15,9.7,10.32,9.65,105634.69,112926.188,0.918560606060606,,0.0
2022-06-17,9.64,9.81,9.98,9.25,121328.81,126404.306,0.9194001874414246,,0.0
2022-06-20,9.5,9.31,9.6,9.24,86378.14,88190.715,0.9154375614552608,,0.0
2022-06-21,9.26,9.13,9.39,8.99,69417.63,69557.259,0.913913913913914,,0.0
2022-06-22,9.11,8.770000000000001,9.11,8.75,57767.0,56583.172,0.9106957424714436,,0.0
2022-06-23,8.770000000000001,8.940000000000001,8.950000000000001,8.600000000000001,51815.14,50184.576,0.9122448979591836,,0.0
2022-06-24,8.88,8.75,8.97,8.72,40983.26,39515.173,0.9105098855359002,,0.0
2022-06-27,8.790000000000001,8.690000000000001,8.84,8.68,41584.0,39956.246,0.9099476439790576,,0.0
2022-06-28,8.770000000000001,9.08,9.09,8.73,71676.08,70405.13,0.9134808853118712,,0.0
2022-06-29,8.99,8.75,9.04,8.74,46533.05,45262.182,0.9105098855359002,,0.0
2022-06-30,8.75,8.620000000000001,8.81,8.600000000000001,38222.91,36524.84,0.909282700421941,,0.0
2022-07-01,8.620000000000001,8.46,8.67,8.440000000000001,33870.21,31687.016,0.907725321888412,,0.0
2022-07-04,8.57,8.530000000000001,8.620000000000001,8.49,22121.08,20790.828,0.9084132055378062,,0.0
2022-07-05,8.58,8.58,8.71,8.47,31479.01,29710.254,0.9088983050847458,,0.0
2022-07-06,8.440000000000001,8.24,8.440000000000001,8.21,34109.51,31142.832,0.9054945054945056,,0.0
2022-07-07,8.22,8.34,8.350000000000001,8.18,21679.27,19847.658,0.9065217391304348,,0.0
2022-07-08,8.34,8.350000000000001,8.47,8.290000000000001,17516.51,16193.031,0.9066232356134636,,0.0
2022-07-11,8.350000000000001,8.43,8.43,8.25,19516.0,17972.786,0.907427341227126,,0.0
2022-07-12,8.39,8.34,8.520000000000001,8.33,22787.7,21081.865,0.9065217391304348,,0.0
2022-07-13,8.270000000000001,8.370000000000001,8.38,8.270000000000001,17612.0,16195.703,0.9068255687973998,,0.0
2022-07-14,8.43,8.280000000000001,8.43,8.280000000000001,16807.0,15459.631,0.9059080962800876,,0.0
2022-07-15,8.3,8.08,8.31,8.08,27741.56,24934.926,0.9038031319910516,,0.0
2022-07-18,7.999999999999999,8.3,8.3,7.999999999999999,22629.21,20604.192,0.906113537117904,,0.0
2022-07-19,8.360000000000001,8.350000000000001,8.41,8.270000000000001,14840.0,13661.935,0.9066232356134636,,0.0
2022-07-20,8.370000000000001,8.39,8.4,8.32,14122.0,13025.23,0.9070270270270272,,0.0
2022-07-21,8.4,8.26,8.4,8.26,20824.0,19088.807,0.905701754385965,,0.0
2022-07-22,8.25,8.23,8.33,8.14,13747.0,12509.793,0.9053905390539054,,0.0
2022-07-25,8.290000000000001,8.280000000000001,8.31,8.18,13235.01,12073.875,0.9059080962800876,,0.0
2022-07-26,8.34,8.41,8.41,8.200000000000001,18716.0,17243.218,0.90722761596548,,0.0
2022-07-27,8.370000000000001,8.4,8.42,8.34,12942.0,11970.095,0.9071274298056156,,0.0
2022-07-28,8.43,8.370000000000001,8.47,8.360000000000001,14305.58,13239.577,0.9068255687973998,,0.0
2022-07-29,8.38,8.25,8.39,8.23,14079.0,12906.931,0.9055982436882548,,0.0
2022-08-01,8.25,8.22,8.32,8.16,13227.01,12013.547,0.9052863436123348,,0.0
2022-08-02,8.17,7.839999999999999,8.17,7.69,33191.0,28948.007,0.9011494252873564,,0.0
2022-08-03,7.759999999999999,7.79,8.01,7.759999999999999,14775.0,12943.062,0.9005780346820809,,0.0
2022-08-04,7.79,7.899999999999999,7.899999999999999,7.759999999999999,11914.0,10369.415,0.9018264840182648,,0.0
2022-08-05,7.899999999999999,8.13,8.14,7.87,17287.01,15336.984,0.9043381535038932,,0.0
2022-08-08,8.17,8.120000000000001,8.190000000000001,8.07,10373.92,9319.334,0.9042316258351892,,0.0
2022-08-09,8.13,8.41,8.42,8.08,29210.84,26724.19,0.90722761596548,,0.0
2022-08-10,8.4,8.620000000000001,8.82,8.34,47900.0,45388.434,0.909282700421941,,0.0
2022-08-11,8.600000000000001,8.76,8.76,8.520000000000001,29742.0,28334.576,0.9106029106029108,,0.0
2022-08-12,8.84,8.89,8.99,8.76,50492.36,49297.492,0.9117948717948718,,0.0
2022-08-15,8.9,8.9,8.950000000000001,8.83,42305.01,41263.251,0.9118852459016394,,0.0
2022-08-16,9.0,8.9,9.0,8.850000000000001,30987.0,30203.812,0.9118852459016394,,0.0
2022-08-17,8.940000000000001,8.92,8.96,8.860000000000001,35175.0,34347.49,0.9120654396728016,,0.0
2022-08-18,8.92,9.62,9.67,8.89,95654.18,95840.137,0.91793893129771,,0.0
2022-08-19,9.44,8.879999999999999,9.44,8.84,92863.0,84519.927,0.9823008849557522,,0.0
2022-08-22,8.8,8.59,8.8,8.55,46970.0,41126.182,0.9817142857142857,,0.0
2022-08-23,8.6,8.89,8.959999999999999,8.55,49401.4,44176.783,0.9823204419889504,,0.0
2022-08-24,8.84,8.65,8.95,8.57,36671.71,32426.756,0.981838819523269,,0.0
2022-08-25,8.66,8.89,8.99,8.65,58484.06,52720.852,0.9823204419889504,,0.0
2022-08-26,8.87,8.73,8.879999999999999,8.68,35251.0,31506.677,0.9820022497187852,,0.0
2022-08-29,8.629999999999999,8.99,8.99,8.54,50642.0,45915.412,0.9825136612021858,,0.0
2022-08-30,9.13,8.93,9.34,8.77,41164.0,37551.696,0.9823982398239824,,0.0
2022-08-31,8.82,8.56,8.82,8.55,36047.36,31789.79,0.981651376146789,,0.0
2022-09-01,8.54,8.47,8.64,8.41,23504.0,20371.135,0.981460023174971,,0.0
2022-09-02,8.47,8.66,8.67,8.44,17946.01,15670.209,0.981859410430839,,0.0
2022-09-05,8.73,9.04,9.09,8.67,59167.01,54025.056,0.982608695652174,,0.0
2022-09-06,9.18,9.0,9.18,8.87,43415.01,39633.892,0.982532751091703,,0.0
2022-09-07,9.17,8.91,9.17,8.84,35468.02,32107.817,0.9823594266813672,,0.0
2022-09-08,9.0,8.77,9.0,8.69,31346.9,27960.958,0.9820828667413214,,0.0
2022-09-09,8.82,8.7,8.82,8.59,28292.0,25010.882,0.9819413092550788,,0.0
2022-09-13,8.709999999999999,8.58,8.83,8.56,32289.0,28471.707,0.9816933638443937,,0.0
2022-09-14,8.5,8.66,8.77,8.45,26295.01,23108.752,0.981859410430839,,0.0
2022-09-15,8.7,8.48,8.74,8.36,28998.01,25150.847,0.9814814814814816,,0.0
2022-09-16,8.44,8.26,8.48,8.209999999999999,22312.01,18945.989,0.9809976247030878,,0.0
2022-09-19,8.26,8.27,8.34,8.12,15619.0,13099.41,0.9810201660735468,,0.0
2022-09-20,8.27,8.3,8.44,8.27,17447.0,14837.306,0.9810874704491724,,0.0
2022-09-21,8.22,8.34,8.37,8.04,14667.0,12286.443,0.9811764705882352,,0.0
2022-09-22,8.31,8.34,8.42,8.24,12849.0,10936.767,0.9811764705882352,,0.0
2022-09-23,8.34,8.14,8.379999999999999,8.129999999999999,14187.0,11904.424,0.980722891566265,,0.0
2022-09-26,8.14,7.76,8.14,7.74,22664.0,18190.147,0.9797979797979798,,0.0
2022-09-27,7.77,7.859999999999999,7.939999999999999,7.7,17408.0,13862.02,0.9800498753117208,,0.0
2022-09-28,7.859999999999999,7.75,7.98,7.74,23116.0,18542.917,0.9797724399494312,,0.0
2022-09-29,7.82,7.62,7.939999999999999,7.54,18518.0,14598.102,0.9794344473007712,,0.0
2022-09-30,7.64,7.54,7.67,7.5,12966.71,10048.963,0.9792207792207792,,0.0
2022-10-10,7.72,7.68,7.91,7.63,23442.06,18545.753,0.979591836734694,,0.0
2022-10-11,7.68,7.68,7.72,7.52,14180.0,11051.936,0.979591836734694,,0.0
2022-10-12,7.72,7.729999999999999,7.74,7.439999999999999,22540.42,17547.069,0.9797211660329532,,0.0
2022-10-13,7.68,7.76,7.8,7.58,20604.0,16233.584,0.9797979797979798,,0.0
2022-10-14,7.84,7.939999999999999,7.949999999999999,7.8,19225.53,15467.629,0.9802469135802468,,0.0
2022-10-17,7.869999999999999,7.93,8.01,7.78,18563.06,14950.378,0.9802224969097652,,0.0
2022-10-18,7.92,7.970000000000001,8.08,7.890000000000001,15412.99,12523.195,0.980319803198032,,0.0
2022-10-19,7.959999999999999,7.82,7.970000000000001,7.8,11736.0,9418.905,0.9799498746867168,,0.0
2022-10-20,7.84,7.84,7.98,7.8,15328.01,12335.357,0.98,,0.0
2022-10-21,7.890000000000001,7.85,7.959999999999999,7.84,12999.0,10482.416,0.9800249687890136,,0.0
2022-10-24,7.91,7.78,7.93,7.7,12893.37,10313.449,0.9798488664987406,,0.0
2022-10-25,7.78,7.71,7.82,7.609999999999999,12344.0,9731.878,0.9796696315120712,,0.0
2022-10-26,7.79,7.76,7.82,7.64,8587.01,6811.902,0.9797979797979798,,0.0
2022-10-27,7.8,7.85,7.890000000000001,7.77,11392.0,9118.21,0.9800249687890136,,0.0
2022-10-28,7.82,7.53,7.85,7.53,17139.0,13376.054,0.9791937581274384,,0.0
2022-10-31,7.64,7.479999999999999,7.64,7.45,9939.0,7646.944,0.9790575916230366,,0.0
2022-11-01,7.52,7.71,7.71,7.5,14288.92,11110.949,0.9796696315120712,,0.0
2022-11-02,7.71,7.82,7.84,7.66,15150.0,12034.728,0.9799498746867168,,0.0
2022-11-03,7.76,7.92,8.03,7.76,24921.05,20188.639,0.9801980198019802,,0.0
2022-11-04,7.93,7.949999999999999,8.04,7.91,14388.97,11664.263,0.9802712700369912,,0.0
2022-11-07,7.99,8.02,8.11,7.949999999999999,27827.05,22810.892,0.980440097799511,,0.0
2022-11-08,8.0,8.14,8.15,8.0,25009.12,20620.022,0.980722891566265,,0.0
2022-11-09,8.08,8.06,8.14,8.03,15637.93,12859.618,0.9805352798053528,,0.0
2022-11-10,8.02,8.0,8.07,7.949999999999999,10717.0,8742.748,0.9803921568627452,,0.0
2022-11-11,8.06,8.06,8.129999999999999,8.04,14740.01,12135.387,0.9805352798053528,,0.0
2022-11-14,8.07,8.0,8.1,7.959999999999999,16128.92,13212.228,0.9803921568627452,,0.0
2022-11-15,8.0,8.0,8.03,7.939999999999999,17327.1,14102.842,0.9803921568627452,,0.0
2022-11-16,8.0,8.15,8.18,7.970000000000001,21543.84,17829.682,0.980746089049338,,0.0
2022-11-17,8.15,8.29,8.45,8.04,41191.91,34661.238,0.9810650887573964,,0.0
2022-11-18,8.25,8.1,8.26,8.09,19973.52,16591.704,0.980629539951574,,0.0
2022-11-21,8.07,8.08,8.12,7.99,14663.01,12042.428,0.9805825242718448,,0.0
2022-11-22,8.08,8.26,8.43,8.07,41582.24,35105.432,0.9809976247030878,,0.0
2022-11-23,8.28,8.39,8.39,8.2,32186.0,27311.117,0.9812865497076024,,0.0
2022-11-24,8.36,8.35,8.45,8.34,24212.03,20690.692,0.981198589894242,,0.0
2022-11-25,8.42,8.36,8.42,8.3,14842.0,12631.818,0.9812206572769951,,0.0
2022-11-28,8.37,8.41,8.44,8.2,22011.0,18709.23,0.9813302217036172,,0.0
2022-11-29,8.41,8.49,8.49,8.33,21058.5,18089.113,0.9815028901734104,,0.0
2022-11-30,8.52,8.59,8.6,8.44,28463.0,24793.108,0.9817142857142857,,0.0
2022-12-01,8.64,8.49,8.66,8.459999999999999,21179.0,18398.65,0.9815028901734104,,0.0
2022-12-02,8.5,8.51,8.56,8.39,19222.0,16589.894,0.9815455594002308,,0.0
2022-12-05,8.54,8.69,8.69,8.459999999999999,28838.94,25347.848,0.9819209039548022,,0.0
2022-12-06,8.69,8.64,8.7,8.53,31719.01,27770.266,0.9818181818181818,,0.0
2022-12-07,8.64,8.54,8.69,8.5,23378.0,20387.83,0.9816091954022989,,0.0
2022-12-08,8.59,8.42,8.59,8.39,18870.0,16253.246,0.9813519813519812,,0.0
2022-12-09,8.45,8.39,8.55,8.37,17021.0,14634.933,0.9812865497076024,,0.0
2022-12-12,8.52,8.379999999999999,8.52,8.27,18727.92,16024.524,0.981264637002342,,0.0
2022-12-13,8.37,8.37,8.459999999999999,8.33,13197.01,11274.265,0.981242672919109,,0.0
2022-12-14,8.39,8.459999999999999,8.61,8.3,24840.94,21356.654,0.9814385150812064,,0.0
2022-12-15,8.379999999999999,8.2,8.47,8.17,24276.0,20495.41,0.9808612440191388,,0.0
2022-12-16,8.14,8.14,8.27,8.12,11955.0,9964.156,0.980722891566265,,0.0
2022-12-19,8.14,7.92,8.22,7.9,18969.0,15434.571,0.9801980198019802,,0.0
2022-12-20,8.01,7.91,8.05,7.9,10388.0,8445.374,0.980173482032218,,0.0
2022-12-21,8.02,7.890000000000001,8.02,7.859999999999999,8747.0,7058.688,0.9801242236024844,,0.0
2022-12-22,7.93,7.72,8.05,7.71,16991.0,13619.407,0.9796954314720812,,0.0
2022-12-23,7.8,7.74,7.84,7.649999999999999,10469.0,8267.74,0.979746835443038,,0.0
2022-12-26,7.74,7.9,7.939999999999999,7.74,10345.05,8300.171,0.98014888337469,,0.0
2022-12-27,8.07,7.91,8.1,7.859999999999999,10181.0,8244.357,0.980173482032218,,0.0
2022-12-28,7.939999999999999,7.8,7.959999999999999,7.78,11364.0,9082.653,0.9798994974874372,,0.0
2022-12-29,7.8,7.75,7.84,7.74,11265.51,8942.974,0.9797724399494312,,0.0
2022-12-30,7.79,7.859999999999999,7.890000000000001,7.76,8065.0,6438.48,0.9800498753117208,,0.0
2023-01-03,7.83,8.03,8.129999999999999,7.81,19721.01,16036.476,0.9804639804639804,,0.0
2023-01-04,8.03,8.05,8.1,7.99,7832.0,6422.275,0.9805115712545676,,0.0
2023-01-05,8.05,7.98,8.05,7.949999999999999,7828.0,6368.508,0.9803439803439804,,0.0
2023-01-06,7.99,7.959999999999999,8.0,7.92,7285.0,5920.413,0.9802955665024632,,0.0
2023-01-09,7.959999999999999,8.0,8.02,7.92,7309.0,5951.13,0.9803921568627452,,0.0
2023-01-10,8.0,8.34,8.69,7.93,76596.17,65073.504,0.9811764705882352,,0.0
2023-01-11,8.16,8.17,8.379999999999999,8.12,40605.6,33931.65,0.9807923169267708,,0.0
2023-01-12,8.17,8.06,8.209999999999999,8.02,24303.0,20045.723,0.9805352798053528,,0.0
2023-01-13,8.11,8.03,8.11,7.98,15137.0,12380.587,0.9804639804639804,,0.0
2023-01-16,8.03,8.05,8.07,7.970000000000001,16447.8,13466.275,0.9805115712545676,,0.0
2023-01-17,8.02,8.14,8.209999999999999,8.01,20023.0,16581.058,0.980722891566265,,0.0
2023-01-18,8.11,8.12,8.209999999999999,8.09,13277.85,11008.829,0.9806763285024156,,0.0
2023-01-19,8.129999999999999,8.17,8.31,8.11,17655.01,14717.227,0.9807923169267708,,0.0
2023-01-20,8.16,8.209999999999999,8.209999999999999,8.129999999999999,14265.0,11900.395,0.980884109916368,,0.0
2023-01-30,8.27,8.23,8.33,8.18,17523.0,14683.921,0.9809296781883194,,0.0
2023-01-31,8.25,8.3,8.31,8.16,18439.03,15478.47,0.9810874704491724,,0.0
2023-02-01,8.34,8.36,8.37,8.26,18705.0,15854.151,0.9812206572769951,,0.0
2023-02-02,8.36,8.37,8.379999999999999,8.3,12991.0,11035.886,0.981242672919109,,0.0
2023-02-03,8.379999999999999,8.28,8.379999999999999,8.19,15880.0,13376.756,0.981042654028436,,0.0
2023-02-06,8.3,8.37,8.44,8.24,21863.0,18625.164,0.981242672919109,,0.0
2023-02-07,8.37,8.35,8.41,8.3,12602.0,10698.25,0.981198589894242,,0.0
2023-02-08,8.34,8.36,8.42,8.33,15334.01,13077.399,0.9812206572769951,,0.0
2023-02-09,8.36,8.39,8.41,8.29,21699.54,18482.809,0.9812865497076024,,0.0
2023-02-10,8.4,8.37,8.44,8.35,15277.0,13075.406,0.981242672919109,,0.0
2023-02-13,8.39,8.37,8.42,8.31,21340.2,18145.638,0.981242672919109,,0.0
2023-02-14,8.37,8.32,8.42,8.29,17442.01,14825.278,0.981132075471698,,0.0
2023-02-15,8.37,8.31,8.37,8.29,15567.02,13197.236,0.9811097992916176,,0.0
2023-02-16,8.31,8.19,8.42,8.14,34545.88,29287.569,0.9808383233532934,,0.0
2023-02-17,8.209999999999999,8.12,8.25,8.08,27779.88,23118.035,0.9806763285024156,,0.0
2023-02-20,8.12,8.17,8.17,8.06,15723.0,13005.592,0.9807923169267708,,0.0
2023-02-21,8.18,8.25,8.28,8.17,16338.0,13693.628,0.980975029726516,,0.0
2023-02-22,8.23,8.29,8.31,8.15,12821.1,10776.743,0.9810650887573964,,0.0
2023-02-23,8.3,8.31,8.37,8.27,10405.0,8817.027,0.9811097992916176,,0.0
2023-02-24,8.32,8.36,8.36,8.26,16090.0,13647.733,0.9812206572769951,,0.0
2023-02-27,8.35,8.33,8.42,8.3,12875.0,10951.452,0.9811542991755006,,0.0
2023-02-28,8.39,8.39,8.39,8.32,13763.01,11741.751,0.9812865497076024,,0.0
2023-03-01,8.379999999999999,8.51,8.6,8.37,39225.5,33961.941,0.9815455594002308,,0.0
2023-03-02,8.52,8.73,8.81,8.49,51824.33,45801.042,0.9820022497187852,,0.0
2023-03-03,8.77,8.73,8.79,8.629999999999999,29358.02,26012.38,0.9820022497187852,,0.0
2023-03-06,8.79,8.74,8.84,8.67,22732.0,20202.691,0.9820224719101124,,0.0
2023-03-07,8.68,8.59,8.84,8.57,27515.0,24394.456,0.9817142857142857,,0.0
2023-03-08,8.59,8.58,8.64,8.51,15769.01,13767.933,0.9816933638443937,,0.0
2023-03-09,8.59,8.59,8.64,8.51,17134.0,14938.727,0.9817142857142857,,0.0
2023-03-10,8.59,8.53,8.61,8.44,14883.0,12916.551,0.9815880322209436,,0.0
2023-03-13,8.51,8.53,8.64,8.44,14249.0,12364.23,0.9815880322209436,,0.0
2023-03-14,8.57,8.35,8.57,8.34,16797.0,14402.344,0.981198589894242,,0.0
2023-03-15,8.42,8.48,8.51,8.36,10772.0,9268.575,0.9814814814814816,,0.0
2023-03-16,8.51,8.37,8.51,8.35,13046.0,11163.29,0.981242672919109,,0.0
2023-03-17,8.37,8.47,8.55,8.35,15119.86,13069.383,0.981460023174971,,0.0
2023-03-20,8.54,8.48,8.72,8.39,15690.76,13603.98,0.9814814814814816,,0.0
2023-03-21,8.45,8.44,8.48,8.379999999999999,11825.0,10145.208,0.9813953488372092,,0.0
2023-03-22,8.45,8.4,8.5,8.37,15154.0,13003.996,0.9813084112149532,,0.0
2023-03-23,8.42,8.37,8.459999999999999,8.29,17482.0,14881.826,0.981242672919109,,0.0
2023-03-24,8.37,8.34,8.42,8.27,19257.76,16320.232,0.9811764705882352,,0.0
2023-03-27,8.32,8.209999999999999,8.35,8.19,14446.0,12129.16,0.980884109916368,,0.0
2023-03-28,8.25,8.39,8.43,8.25,27382.76,23329.241,0.9812865497076024,,0.0
2023-03-29,8.379999999999999,8.2,8.44,8.17,20566.0,17256.036,0.9808612440191388,,0.0
2023-03-30,8.16,8.129999999999999,8.27,8.1,20459.01,17025.025,0.9806996381182148,,0.0
2023-03-31,8.129999999999999,8.129999999999999,8.18,8.08,13054.05,10831.293,0.9806996381182148,,0.0
2023-04-03,8.15,8.22,8.32,8.15,17841.05,14981.137,0.98090692124105,,0.0
2023-04-04,8.22,8.15,8.26,8.14,12990.0,10843.765,0.980746089049338,,0.0
2023-04-06,8.15,8.02,8.16,8.02,15024.31,12337.999,0.980440097799511,,0.0
2023-04-07,8.01,8.07,8.08,8.01,8224.76,6759.359,0.9805589307411908,,0.0
2023-04-10,8.06,8.03,8.14,8.02,10033.05,8271.14,0.9804639804639804,,0.0
2023-04-11,8.05,8.01,8.09,7.949999999999999,9742.0,7941.285,0.9804161566707468,,0.0
2023-04-12,8.0,8.07,8.12,8.0,10762.8,8854.217,0.9805589307411908,,0.0
2023-04-13,8.09,8.12,8.209999999999999,8.07,14626.76,12133.842,0.9806763285024156,,0.0
2023-04-14,8.16,8.11,8.19,8.04,9613.0,7936.56,0.9806529625151148,,0.0
2023-04-17,8.11,8.28,8.3,8.02,17141.49,14362.746,0.981042654028436,,0.0
2023-04-18,8.29,8.22,8.3,8.18,11002.01,9218.054,0.98090692124105,,0.0
2023-04-19,8.209999999999999,8.14,8.209999999999999,8.1,10834.01,8995.458,0.980722891566265,,0.0
2023-04-20,8.09,8.0,8.14,7.939999999999999,15197.0,12399.161,0.9803921568627452,,0.0
2023-04-21,8.01,7.85,8.09,7.85,14731.01,11947.817,0.9800249687890136,,0.0
2023-04-24,7.859999999999999,7.859999999999999,8.04,7.72,15276.01,12257.836,0.9800498753117208,,0.0
2023-04-25,7.859999999999999,7.75,7.879999999999999,7.609999999999999,15305.0,12073.102,0.9797724399494312,,0.0
2023-04-26,7.729999999999999,7.869999999999999,7.98,7.64,13736.0,11029.56,0.9800747198007472,,0.0
2023-04-27,7.869999999999999,7.939999999999999,8.01,7.81,14280.0,11552.357,0.9802469135802468,,0.0
2023-04-28,7.949999999999999,7.99,8.0,7.93,10690.35,8698.444,0.9803680981595092,,0.0
2023-05-04,7.98,8.19,8.2,7.91,20936.0,17354.699,0.9808383233532934,,0.0
2023-05-05,8.19,8.2,8.23,8.08,14498.51,12057.69,0.9808612440191388,,0.0
2023-05-08,8.2,8.25,8.3,8.16,17377.0,14619.682,0.980975029726516,,0.0
2023-05-09,8.31,8.28,8.36,8.19,23174.01,19593.62,0.981042654028436,,0.0
2023-05-10,8.31,8.16,8.31,8.129999999999999,9970.0,8314.806,0.9807692307692308,,0.0
2023-05-11,8.22,8.15,8.22,8.11,10899.88,9059.408,0.980746089049338,,0.0
2023-05-12,8.129999999999999,8.17,8.3,8.1,14891.77,12413.946,0.9807923169267708,,0.0
2023-05-15,8.2,8.11,8.2,8.0,14669.01,12065.488,0.9806529625151148,,0.0
2023-05-16,8.12,8.01,8.16,8.0,11039.01,9086.006,0.9804161566707468,,0.0
2023-05-17,8.01,8.09,8.1,7.91,13562.0,11082.683,0.9806060606060606,,0.0
2023-05-18,8.11,8.03,8.12,8.02,11619.01,9565.153,0.9804639804639804,,0.0
2023-05-19,8.09,7.959999999999999,8.09,7.93,13906.57,11293.481,0.9802955665024632,,0.0
2023-05-22,7.93,7.92,7.970000000000001,7.879999999999999,12882.52,10391.607,0.9801980198019802,,0.0
2023-05-23,7.93,7.85,7.949999999999999,7.85,10315.76,8302.97,0.9800249687890136,,0.0
2023-05-24,7.82,7.8,7.890000000000001,7.74,15971.32,12732.957,0.9798994974874372,,0.0
2023-05-25,7.77,7.8,7.82,7.64,18333.0,14459.937,0.9798994974874372,,0.0
2023-05-26,7.82,7.84,7.869999999999999,7.7,12763.0,10151.956,0.98,,0.0
2023-05-29,7.84,7.890000000000001,7.98,7.81,16000.0,12879.138,0.9801242236024844,,0.0
2023-05-30,7.869999999999999,7.84,7.92,7.76,9002.0,7186.262,0.98,,0.0
2023-05-31,7.859999999999999,7.8,7.859999999999999,7.77,8416.01,6715.069,0.9798994974874372,,0.0
2023-06-01,7.74,7.85,7.890000000000001,7.74,14498.01,11586.351,0.9800249687890136,,0.0
2023-06-02,7.8,7.890000000000001,7.9,7.79,9712.98,7800.219,0.9801242236024844,,0.0
2023-06-05,7.92,7.91,7.970000000000001,7.859999999999999,15768.0,12703.415,0.980173482032218,,0.0
2023-06-06,7.92,7.75,8.03,7.75,11058.0,8863.04,0.9797724399494312,,0.0
2023-06-07,7.75,7.8,7.82,7.72,10238.0,8126.407,0.9798994974874372,,0.0
2023-06-08,7.78,7.82,7.83,7.71,13159.0,10432.833,0.9799498746867168,,0.0
2023-06-09,7.82,7.84,7.9,7.79,12128.0,9717.798,0.98,,0.0
2023-06-12,7.85,7.869999999999999,7.91,7.8,12825.0,10283.53,0.9800747198007472,,0.0
2023-06-13,7.879999999999999,7.81,7.939999999999999,7.8,11118.31,8910.855,0.9799247176913424,,0.0
2023-06-14,7.84,7.84,7.869999999999999,7.8,8039.0,6432.269,0.98,,0.0
2023-06-15,7.81,7.81,7.859999999999999,7.77,10521.01,8375.583,0.9799247176913424,,0.0
2023-06-16,7.82,7.879999999999999,7.970000000000001,7.82,13941.0,11228.351,0.9800995024875622,,0.0
2023-06-19,7.859999999999999,7.82,7.93,7.81,11171.0,8957.013,0.9799498746867168,,0.0
2023-06-20,7.85,7.74,7.85,7.729999999999999,17004.0,13465.898,0.979746835443038,,0.0
2023-06-21,7.729999999999999,7.689999999999999,7.82,7.67,12207.0,9611.693,0.9796178343949044,,0.0
2023-06-26,7.689999999999999,7.62,7.72,7.609999999999999,13197.0,10308.247,0.9794344473007712,,0.0
2023-06-27,7.649999999999999,7.879999999999999,7.879999999999999,7.64,19534.0,15543.883,0.9800995024875622,,0.0
2023-06-28,7.890000000000001,7.859999999999999,7.890000000000001,7.79,8991.0,7187.451,0.9800498753117208,,0.0
2023-06-29,7.869999999999999,7.859999999999999,7.890000000000001,7.81,10653.0,8537.435,0.9800498753117208,,0.0
2023-06-30,7.869999999999999,7.859999999999999,7.93,7.859999999999999,11654.0,9386.269,0.9800498753117208,,0.0
2023-07-03,7.879999999999999,7.92,7.939999999999999,7.869999999999999,17573.01,14167.571,0.9801980198019802,,0.0
2023-07-04,7.92,7.98,7.98,7.9,11624.01,9430.756,0.9803439803439804,,0.0
2023-07-05,7.98,7.890000000000001,8.01,7.869999999999999,14157.01,11500.495,0.9801242236024844,,0.0
2023-07-06,7.96,7.930000000000001,8.01,7.87,10269.0,8300.374,0.9838709677419356,,0.0
2023-07-07,7.920000000000001,8.02,8.04,7.920000000000001,13495.0,10966.278,0.9840490797546012,,0.0
2023-07-10,8.049999999999999,8.069999999999999,8.12,8.0,15090.0,12370.627,0.9841463414634144,,0.0
2023-07-11,8.08,8.239999999999998,8.42,8.04,33867.02,28359.212,0.9844683393070488,,0.0
2023-07-12,8.37,8.26,8.37,8.229999999999999,22871.97,19260.864,0.9845053635280094,,0.0
2023-07-13,8.27,8.299999999999999,8.35,8.209999999999999,10855.01,9126.895,0.9845788849347568,,0.0
2023-07-14,8.299999999999999,8.37,8.44,8.229999999999999,21252.0,18055.754,0.9847058823529412,,0.0
2023-07-17,8.389999999999999,8.37,8.43,8.29,19638.0,16650.695,0.9847058823529412,,0.0
2023-07-18,8.399999999999999,8.479999999999999,8.54,8.33,21582.76,18550.133,0.9849012775842044,,0.0
2023-07-19,8.559999999999999,8.54,8.6,8.479999999999999,18782.1,16286.75,0.9850057670126874,,0.0
2023-07-20,8.58,8.44,8.6,8.42,17694.1,15274.086,0.984830805134189,,0.0
2023-07-21,8.44,8.469999999999999,8.52,8.389999999999999,17512.0,15029.681,0.9848837209302324,,0.0
2023-07-24,8.479999999999999,8.549999999999999,8.569999999999999,8.399999999999999,21319.1,18416.477,0.9850230414746542,,0.0
2023-07-25,8.629999999999999,8.45,8.67,8.399999999999999,16903.0,14526.903,0.9848484848484848,,0.0
2023-07-26,8.469999999999999,8.51,8.549999999999999,8.45,16858.0,14547.391,0.9849537037037036,,0.0
2023-07-27,8.469999999999999,8.459999999999999,8.52,8.43,11238.02,9679.256,0.9848661233993016,,0.0
2023-07-28,8.469999999999999,8.45,8.489999999999998,8.37,17574.73,15054.383,0.9848484848484848,,0.0
2023-07-31,8.45,8.43,8.569999999999999,8.389999999999999,15533.72,13318.384,0.9848130841121494,,0.0
2023-08-01,8.409999999999998,8.489999999999998,8.559999999999999,8.399999999999999,19491.0,16819.126,0.9849187935034802,,0.0
2023-08-02,8.479999999999999,8.43,8.52,8.399999999999999,10955.0,9386.095,0.9848130841121494,,0.0
2023-08-03,8.37,8.399999999999999,8.45,8.33,13367.0,11379.658,0.984759671746776,,0.0
2023-08-04,8.42,8.43,8.559999999999999,8.379999999999999,16150.0,13826.605,0.9848130841121494,,0.0
2023-08-07,8.42,8.469999999999999,8.5,8.33,17581.0,15055.442,0.9848837209302324,,0.0
2023-08-08,8.469999999999999,8.459999999999999,8.5,8.36,17498.0,15014.578,0.9848661233993016,,0.0
2023-08-09,8.45,8.33,8.489999999999998,8.319999999999999,12213.0,10377.047,0.9846335697399526,,0.0
2023-08-10,8.37,8.53,8.549999999999999,8.34,23939.76,20622.696,0.9849884526558892,,0.0
2023-08-11,8.54,8.29,8.549999999999999,8.27,22038.0,18725.173,0.9845605700712587,,0.0
2023-08-14,8.229999999999999,8.379999999999999,8.409999999999998,8.149999999999999,16447.0,13842.313,0.9847238542890716,,0.0
2023-08-15,8.379999999999999,8.42,8.44,8.319999999999999,14341.0,12226.074,0.9847953216374268,,0.0
2023-08-16,8.389999999999999,8.309999999999999,8.409999999999998,8.27,12455.0,10530.25,0.9845971563981042,,0.0
2023-08-17,8.309999999999999,8.33,8.35,8.17,14527.0,12164.983,0.9846335697399526,,0.0
2023-08-18,8.36,8.319999999999999,8.459999999999999,8.229999999999999,13303.76,11333.416,0.9846153846153846,,0.0
2023-08-21,8.33,8.28,8.399999999999999,8.26,13403.0,11330.435,0.9845422116527942,,0.0
2023-08-22,8.319999999999999,8.149999999999999,8.35,8.11,10828.0,9020.394,0.9842995169082124,,0.0
2023-08-23,8.219999999999999,8.12,8.229999999999999,8.08,9009.0,7462.643,0.984242424242424,,0.0
2023-08-24,8.12,8.069999999999999,8.19,7.979999999999999,11302.77,9267.905,0.9841463414634144,,0.0
2023-08-25,8.069999999999999,8.069999999999999,8.26,7.979999999999999,14043.11,11599.122,0.9841463414634144,,0.0
2023-08-28,8.36,8.219999999999999,8.389999999999999,8.149999999999999,25884.0,21813.597,0.9844311377245508,,0.0
2023-08-29,8.209999999999999,8.28,8.33,8.159999999999998,13888.01,11654.497,0.9845422116527942,,0.0
2023-08-30,8.33,8.239999999999998,8.37,8.239999999999998,11047.0,9281.272,0.9844683393070488,,0.0
2023-08-31,8.26,8.139999999999999,8.29,8.08,11575.0,9571.376,0.9842805320435308,,0.0
2023-09-01,8.139999999999999,8.319999999999999,8.33,8.09,19850.0,16639.795,0.9846153846153846,,0.0
2023-09-04,8.33,8.59,8.61,8.309999999999999,38349.76,33202.159,0.985091743119266,,0.0
2023-09-05,8.59,8.62,8.67,8.469999999999999,23201.0,20181.011,0.9851428571428572,,0.0
2023-09-06,8.659999999999998,8.77,8.819999999999999,8.559999999999999,42880.0,37963.274,0.9853932584269662,,0.0
2023-09-07,8.799999999999999,8.75,8.92,8.68,40428.17,36068.246,0.9853603603603602,,0.0
2023-09-08,8.59,8.68,8.75,8.549999999999999,22058.0,19418.188,0.985244040862656,,0.0
2023-09-11,8.68,8.639999999999999,8.78,8.62,19334.0,17059.215,0.985176738882554,,0.0
2023-09-12,8.67,8.52,8.67,8.51,16179.0,14062.252,0.984971098265896,,0.0
2023-09-13,8.559999999999999,8.53,8.629999999999999,8.469999999999999,12669.0,10995.049,0.9849884526558892,,0.0
2023-09-14,8.559999999999999,8.659999999999998,8.68,8.479999999999999,16450.0,14402.758,0.9852104664391352,,0.0
2023-09-15,8.659999999999998,8.77,8.85,8.59,32906.0,29287.126,0.9853932584269662,,0.0
2023-09-18,8.77,8.78,8.83,8.62,24752.84,21931.365,0.9854096520763188,,0.0
2023-09-19,8.79,8.959999999999999,9.21,8.77,57546.0,52550.983,0.9856985698569856,,0.0
2023-09-20,8.95,8.819999999999999,9.06,8.79,48614.0,43799.263,0.9854748603351956,,0.0
2023-09-21,8.799999999999999,8.729999999999999,8.86,8.69,28500.0,25352.54,0.9853273137697516,,0.0
2023-09-22,8.67,8.7,8.84,8.67,24282.61,21532.802,0.985277463193658,,0.0
2023-09-25,8.68,8.739999999999998,8.879999999999999,8.629999999999999,24172.11,21548.178,0.9853438556933484,,0.0
2023-09-26,8.709999999999999,8.69,8.79,8.67,22143.01,19603.61,0.9852607709750566,,0.0
2023-09-27,8.69,8.68,8.84,8.659999999999998,22168.0,19685.064,0.985244040862656,,0.0
2023-09-28,8.67,8.659999999999998,8.76,8.629999999999999,16402.0,14435.627,0.9852104664391352,,0.0
2023-10-09,8.67,8.59,8.69,8.479999999999999,26331.01,22858.953,0.985091743119266,,0.0
2023-10-10,8.629999999999999,8.7,8.799999999999999,8.5,23050.01,20380.174,0.985277463193658,,0.0
2023-10-11,8.67,8.43,8.68,8.36,29331.77,25138.468,0.9848130841121494,,0.0
2023-10-12,8.469999999999999,8.54,8.559999999999999,8.409999999999998,18998.0,16395.432,0.9850057670126874,,0.0
2023-10-13,8.52,8.559999999999999,8.58,8.43,15348.0,13251.901,0.9850402761795166,,0.0
2023-10-16,8.629999999999999,8.92,9.02,8.559999999999999,56195.0,50592.896,0.985635359116022,,0.0
2023-10-17,8.93,8.989999999999998,9.03,8.799999999999999,45352.0,41043.808,0.9857456140350876,,0.0
2023-10-18,8.989999999999998,8.86,9.04,8.799999999999999,37682.1,33912.142,0.985539488320356,,0.0
2023-10-19,8.819999999999999,8.78,8.87,8.649999999999999,34808.0,30963.349,0.9854096520763188,,0.0
2023-10-20,8.819999999999999,8.899999999999999,8.959999999999999,8.709999999999999,37748.0,33904.989,0.9856035437430786,,0.0
2023-10-23,8.59,8.42,8.719999999999999,8.37,50331.21,43562.458,0.9847953216374268,,0.0
2023-10-24,8.389999999999999,8.86,8.879999999999999,8.379999999999999,36629.01,32322.731,0.985539488320356,,0.0
2023-10-25,8.909999999999998,8.93,9.07,8.79,31960.0,29019.019,0.9856512141280352,,0.0
2023-10-26,8.989999999999998,8.809999999999999,9.0,8.7,28794.0,25735.179,0.9854586129753914,,0.0
2023-10-27,8.84,8.649999999999999,8.85,8.62,30035.5,26547.822,0.9851936218678816,,0.0
2023-10-30,8.59,8.709999999999999,8.809999999999999,8.549999999999999,33567.85,29716.156,0.9852941176470588,,0.0
2023-10-31,8.819999999999999,8.819999999999999,9.12,8.75,45191.22,40697.722,0.9854748603351956,,0.0
2023-11-01,8.889999999999999,9.2,9.21,8.79,90251.21,83067.313,0.9860664523043944,,0.0
2023-11-02,9.04,8.799999999999999,9.12,8.78,96016.01,86600.054,0.9854423292273236,,0.0
2023-11-03,8.709999999999999,8.979999999999999,9.04,8.709999999999999,67505.0,61031.201,0.9857299670691548,,0.0
2023-11-06,8.969999999999999,8.979999999999999,9.06,8.85,50107.01,45493.271,0.9857299670691548,,0.0
2023-11-07,8.879999999999999,9.23,9.27,8.879999999999999,78489.86,72805.525,0.986111111111111,,0.0
2023-11-08,9.15,9.3,9.67,9.05,102798.2,96955.716,0.9862142099681864,,0.0
2023-11-09,9.34,9.78,10.239999999999998,9.13,198786.01,195032.951,0.9868819374369324,,0.0
2023-11-10,9.67,10.0,10.34,9.57,210593.01,211981.126,0.9871668311944718,,0.0
2023-11-13,9.79,9.67,9.89,9.61,149403.66,147186.394,0.986734693877551,,0.0
2023-11-14,9.67,9.82,10.25,9.48,113484.71,113295.807,0.986934673366834,,0.0
2023-11-15,9.77,9.75,9.92,9.6,95937.01,94425.492,0.986842105263158,,0.0
2023-11-16,9.7,9.64,9.8,9.54,79479.0,77590.627,0.9866939611054248,,0.0
2023-11-17,9.57,9.69,9.69,9.43,73751.0,71265.069,0.9867617107942972,,0.0
2023-11-20,9.62,9.64,9.73,9.57,50387.02,49208.203,0.9866939611054248,,0.0
2023-11-21,9.62,9.86,9.95,9.62,116021.01,115474.503,0.986986986986987,,0.0
2023-11-22,9.87,10.09,10.15,9.69,120172.99,121965.94,0.9872798434442268,,0.0
2023-11-23,9.909999999999998,10.73,10.85,9.79,184450.21,194047.445,0.9880294659300184,,0.0
2023-11-24,10.659999999999998,10.62,10.85,10.47,128105.01,138012.12,0.987906976744186,,0.0
2023-11-27,10.52,10.9,11.0,10.52,115634.41,126961.724,0.9882139619220308,,0.0
2023-11-28,10.87,11.15,11.17,10.79,76693.46,85541.655,0.9884751773049644,,0.0
2023-11-29,11.15,10.659999999999998,11.15,10.64,98173.03,107499.49,0.9879518072289156,,0.0
2023-11-30,10.659999999999998,10.83,10.86,10.659999999999998,61638.85,67274.629,0.9881386861313868,,0.0
2023-12-01,10.73,11.18,11.34,10.73,64189.12,71725.927,0.9885057471264368,,0.0
2023-12-04,11.19,10.96,11.23,10.87,63857.01,70795.832,0.9882777276825968,,0.0
2023-12-05,10.95,10.8,10.97,10.76,55766.41,61255.824,0.9881061299176578,,0.0
2023-12-06,10.7,10.95,11.0,10.7,52062.0,57253.722,0.9882671480144404,,0.0
2023-12-07,10.96,10.909999999999998,11.08,10.84,50682.0,56101.184,0.9882246376811592,,0.0
2023-12-08,10.909999999999998,10.909999999999998,11.05,10.79,48163.0,53120.722,0.9882246376811592,,0.0
2023-12-11,10.79,10.71,10.79,10.03,71845.27,76500.599,0.9880073800738006,,0.0
2023-12-12,10.77,11.02,11.1,10.62,59328.2,65575.72,0.9883408071748878,,0.0
2023-12-13,11.02,11.27,11.36,10.94,57463.87,64990.92,0.98859649122807,,0.0
2023-12-14,11.3,11.26,11.47,11.17,49949.0,57184.516,0.9885864793678664,,0.0
2023-12-15,11.26,11.09,11.32,10.9,53868.01,60437.524,0.9884135472370764,,0.0
2023-12-18,11.07,10.77,11.2,10.48,107591.0,118408.119,0.9880733944954128,,0.0
2023-12-19,10.72,10.82,10.93,10.62,58509.99,63929.081,0.9881278538812784,,0.0
2023-12-20,10.84,10.84,11.11,10.77,53129.0,58625.018,0.9881494986326343,,0.0
2023-12-21,10.909999999999998,10.9,10.98,10.68,49439.97,54270.802,0.9882139619220308,,0.0
2023-12-22,10.87,10.8,10.97,10.739999999999998,50558.86,55475.233,0.9881061299176578,,0.0
2023-12-25,10.71,10.86,10.95,10.7,47068.0,51642.881,0.9881710646041856,,0.0
2023-12-26,10.85,10.83,10.93,10.75,52245.0,57296.649,0.9881386861313868,,0.0
2023-12-27,10.83,11.04,11.08,10.739999999999998,54915.0,60825.137,0.9883616830796776,,0.0
2023-12-28,11.1,11.239999999999998,11.32,10.97,50308.1,56696.839,0.988566402814424,,0.0
2023-12-29,11.17,11.46,11.75,11.17,53579.01,62278.01,0.988783433994823,,0.0
2024-01-02,11.44,11.73,12.0,11.27,55973.61,66238.662,0.9890387858347386,,0.0
2024-01-03,11.71,11.44,11.909999999999998,11.409999999999998,45678.01,53451.47,0.9887640449438202,,0.0
2024-01-04,11.47,11.56,11.75,11.409999999999998,43832.01,51430.037,0.9888793840889648,,0.0
2024-01-05,11.54,11.53,11.81,11.45,46246.0,54334.249,0.9888507718696398,,0.0
2024-01-08,11.48,11.15,11.48,11.09,44398.01,50655.562,0.9884751773049644,,0.0
2024-01-09,11.14,11.37,11.48,11.08,47948.65,55062.692,0.988695652173913,,0.0
2024-01-10,11.36,11.15,11.36,11.05,44284.0,50118.142,0.9884751773049644,,0.0
2024-01-11,11.18,11.27,11.34,10.96,52417.0,59170.012,0.98859649122807,,0.0
2024-01-12,11.23,11.12,11.37,11.06,46360.01,52722.556,0.9884444444444443,,0.0
2024-01-15,11.06,11.4,11.53,10.97,47877.76,54873.363,0.9887250650477016,,0.0
2024-01-16,11.38,11.33,11.43,11.12,48620.76,55250.924,0.988656195462478,,0.0
2024-01-17,11.33,11.18,11.51,11.159999999999998,44619.0,50979.848,0.9885057471264368,,0.0
2024-01-18,11.12,10.68,11.159999999999998,10.34,50941.0,54936.387,0.9879740980573544,,0.0
2024-01-19,10.81,10.55,10.81,10.489999999999998,49210.0,52726.012,0.9878277153558052,,0.0
2024-01-22,10.46,10.37,10.659999999999998,9.97,51184.0,53266.944,0.9876190476190476,,0.0
2024-01-23,10.13,9.77,10.17,9.75,51909.0,51989.698,0.9868686868686868,,0.0
2024-01-24,9.76,10.18,10.2,9.72,35497.0,35804.672,0.9873908826382152,,0.0
2024-01-25,10.17,10.78,10.86,10.15,29942.0,32112.683,0.9880843263061412,,0.0
2024-01-26,10.78,10.89,10.98,10.5,30997.0,34134.559,0.9882032667876588,,0.0
2024-01-29,10.97,10.6,10.97,10.53,28274.0,30641.702,0.9878844361602982,,0.0
2024-01-30,10.52,10.15,10.58,10.07,29549.02,30984.895,0.9873540856031128,,0.0
2024-01-31,10.159999999999998,9.85,10.2,9.72,32674.0,32607.905,0.9869739478957916,,0.0
2024-02-01,9.739999999999998,9.51,9.75,9.28,31029.0,30065.911,0.9865145228215768,,0.0
2024-02-02,9.31,9.65,9.71,8.969999999999999,53837.01,51080.028,0.9867075664621676,,0.0
2024-02-05,9.55,10.02,10.63,9.159999999999998,104117.11,105324.018,0.9871921182266008,,0.0
2024-02-06,9.62,10.01,10.37,9.15,92626.24,91035.481,0.9871794871794872,,0.0
2024-02-07,9.89,9.84,9.89,9.02,57771.7,54704.804,0.9869608826479438,,0.0
2024-02-08,9.37,9.87,9.909999999999998,9.07,36289.0,35325.011,0.987,,0.0
2024-02-19,9.77,9.9,10.22,9.67,35367.91,35622.52,0.98703888334995,,0.0
2024-02-20,9.85,9.909999999999998,9.989999999999998,9.72,33041.69,33053.189,0.9870517928286852,,0.0
2024-02-21,9.86,9.95,10.0,9.77,37159.97,37438.432,0.9871031746031744,,0.0
2024-02-22,9.96,10.19,10.22,9.87,45361.14,46241.408,0.9874031007751938,,0.0
2024-02-23,10.239999999999998,10.2,10.3,9.98,37993.0,38978.285,0.9874152952565344,,0.0
2024-02-26,10.19,9.93,10.22,9.92,42523.0,43348.767,0.9870775347912524,,0.0
2024-02-27,9.9,10.04,10.1,9.83,45590.01,46225.647,0.9872173058013766,,0.0
2024-02-28,10.06,9.7,10.06,9.47,55500.0,54839.938,0.9867751780264497,,0.0
2024-02-29,9.5,9.71,9.77,9.48,32763.01,32009.906,0.9867886178861788,,0.0
2024-03-01,9.71,9.72,9.8,9.659999999999998,31294.68,30826.645,0.9868020304568528,,0.0
2024-03-04,9.72,10.35,10.38,9.69,63886.01,64939.399,0.987595419847328,,0.0
2024-03-05,10.28,9.84,10.34,9.78,51872.0,52513.288,0.9869608826479438,,0.0
2024-03-06,9.7,9.78,9.92,9.7,36786.0,36492.438,0.9868819374369324,,0.0
2024-03-07,9.85,9.71,9.87,9.67,33716.0,33365.418,0.9867886178861788,,0.0
2024-03-08,9.67,9.97,10.08,9.67,35796.0,35909.56,0.987128712871287,,0.0
2024-03-11,10.05,9.94,10.07,9.73,30368.0,30264.364,0.987090367428004,,0.0
2024-03-12,9.92,9.909999999999998,9.95,9.78,32317.0,32344.509,0.9870517928286852,,0.0
2024-03-13,9.86,10.0,10.12,9.8,39909.0,40275.486,0.9871668311944718,,0.0
2024-03-14,10.21,10.04,10.21,9.97,30080.0,30678.682,0.9872173058013766,,0.0
2024-03-15,10.0,10.25,10.25,9.97,33290.0,34252.387,0.9874759152215798,,0.0
2024-03-18,10.25,10.51,10.54,10.18,31637.0,33385.999,0.987781954887218,,0.0
2024-03-19,10.48,10.48,10.56,10.39,32910.0,34906.859,0.9877474081055608,,0.0
2024-03-20,10.42,10.47,10.52,10.29,32811.55,34656.221,0.9877358490566036,,0.0
2024-03-21,10.48,10.57,10.62,10.409999999999998,33731.46,35919.452,0.9878504672897196,,0.0
2024-03-22,10.56,10.67,10.85,10.44,41209.0,44356.826,0.9879629629629628,,0.0
2024-03-25,10.659999999999998,10.67,10.84,10.59,38615.86,41904.988,0.9879629629629628,,0.0
2024-03-26,10.59,10.29,10.659999999999998,10.2,49797.02,52480.348,0.9875239923224568,,0.0
2024-03-27,10.22,10.36,10.53,10.17,35463.0,37252.937,0.9876072449952334,,0.0
2024-03-28,10.3,10.54,10.63,10.27,34952.51,37169.768,0.9878163074039362,,0.0
2024-03-29,10.54,10.71,10.739999999999998,10.5,43938.5,47368.708,0.9880073800738006,,0.0
2024-04-01,10.71,10.71,10.75,10.42,46226.01,49610.347,0.9880073800738006,,0.0
2024-04-02,10.69,10.94,10.98,10.67,51379.51,56317.499,0.9882565492321588,,0.0
2024-04-03,10.95,11.01,11.07,10.81,47316.01,52413.063,0.9883303411131058,,0.0
2024-04-08,11.03,10.909999999999998,11.09,10.8,55765.0,61973.438,0.9882246376811592,,0.0
2024-04-09,10.86,10.9,10.96,10.739999999999998,50941.0,55963.653,0.9882139619220308,,0.0
2024-04-10,10.94,10.85,11.159999999999998,10.77,41945.47,46293.874,0.98816029143898,,0.0
2024-04-11,10.84,11.02,11.07,10.69,46245.03,51345.689,0.9883408071748878,,0.0
2024-04-12,11.02,11.12,11.18,10.92,52813.0,59120.578,0.9884444444444443,,0.0
2024-04-15,11.21,10.77,11.22,10.67,65722.01,72340.811,0.9880733944954128,,0.0
2024-04-16,10.63,9.97,10.68,9.68,74420.46,75750.185,0.987128712871287,,0.0
2024-04-17,9.87,10.18,10.25,9.82,51404.01,52688.041,0.9873908826382152,,0.0
2024-04-18,10.14,10.159999999999998,10.27,9.96,49383.02,50540.681,0.9873663751214772,,0.0
2024-04-19,10.12,10.67,10.68,10.11,58089.0,61723.126,0.9879629629629628,,0.0
2024-04-22,10.54,10.12,10.56,9.93,65662.0,67686.336,0.9873170731707316,,0.0
2024-04-23,10.0,9.989999999999998,10.12,9.87,52589.0,53234.155,0.9871541501976284,,0.0
2024-04-24,10.02,10.3,10.34,9.97,52758.0,54575.176,0.9875359539789068,,0.0
2024-04-25,10.28,10.31,10.42,10.15,49124.0,51127.664,0.9875478927203064,,0.0
2024-04-26,10.37,10.23,10.42,10.2,48750.02,50780.418,0.9874517374517374,,0.0
2024-04-29,10.23,10.52,10.57,10.14,56819.0,59478.642,0.9877934272300468,,0.0
2024-04-30,10.51,9.98,10.51,9.97,66164.55,68140.193,0.9871414441147378,,0.0
2024-05-06,10.0,10.25,10.29,9.8,67965.0,69208.52,0.9874759152215798,,0.0
2024-05-07,10.239999999999998,10.22,10.38,10.13,50009.0,51901.704,0.98743961352657,,0.0
2024-05-08,10.23,10.12,10.26,10.1,52764.0,54196.832,0.9873170731707316,,0.0
2024-05-09,10.13,10.23,10.45,10.07,51491.1,53592.981,0.9874517374517374,,0.0
2024-05-10,10.3,10.54,10.6,10.239999999999998,54840.54,57910.097,0.9878163074039362,,0.0
2024-05-13,10.47,10.07,10.489999999999998,10.02,62270.5,64106.385,0.9872549019607842,,0.0
2024-05-14,10.12,10.28,10.29,10.05,51353.21,52961.013,0.9875120076849184,,0.0
2024-05-15,10.27,10.4,10.47,10.15,51071.03,53485.621,0.9876543209876544,,0.0
2024-05-16,10.36,10.54,10.6,10.32,50015.01,52992.308,0.9878163074039362,,0.0
2024-05-17,10.54,10.489999999999998,10.58,10.37,49152.53,52060.785,0.987758945386064,,0.0
2024-05-20,10.54,10.84,11.04,10.52,65376.0,71367.405,0.9881494986326343,,0.0
2024-05-21,10.83,10.65,10.96,10.5,57206.0,62050.134,0.9879406307977736,,0.0
2024-05-22,10.59,10.44,10.59,10.38,50038.0,52986.433,0.987701040681173,,0.0
2024-05-23,10.44,10.25,10.45,10.15,51848.0,53781.573,0.9874759152215798,,0.0
2024-05-24,10.23,10.23,10.39,10.08,50933.0,52978.034,0.9874517374517374,,0.0
2024-05-27,10.15,10.37,10.46,10.15,48355.0,50391.693,0.9876190476190476,,0.0
2024-05-28,10.4,10.43,10.489999999999998,10.27,48118.0,50515.84,0.9876893939393938,,0.0
2024-05-29,10.43,10.45,10.55,10.3,48828.5,51716.081,0.9877126654064272,,0.0
2024-05-30,10.56,10.26,10.58,9.89,83293.0,86057.349,0.9874879692011548,,0.0
2024-05-31,10.21,9.88,10.21,9.88,48014.0,48389.874,0.9870129870129868,,0.0
2024-06-03,9.82,9.62,9.85,9.51,41825.0,40964.149,0.9866666666666666,,0.0
2024-06-04,9.51,9.67,9.7,9.4,31635.0,30826.846,0.986734693877551,,0.0
2024-06-05,9.659999999999998,9.46,9.68,9.43,36159.0,34963.546,0.9864442127215848,,0.0
2024-06-06,9.44,9.29,9.47,9.18,40110.51,37826.561,0.9861995753715498,,0.0
2024-06-07,9.27,9.52,9.52,9.27,34483.01,32836.323,0.9865284974093264,,0.0
2024-06-11,9.5,9.35,9.5,9.23,32195.0,30392.319,0.9862869198312236,,0.0
2024-06-12,9.35,9.46,9.48,9.23,31743.0,30331.312,0.9864442127215848,,0.0
2024-06-13,9.46,9.3,9.56,9.25,33632.01,31791.557,0.9862142099681864,,0.0
2024-06-14,9.25,9.4,9.43,9.25,34875.0,33059.922,0.9863588667366212,,0.0
2024-06-17,9.4,9.36,9.51,9.33,32136.0,30623.665,0.9863013698630136,,0.0
2024-06-18,9.34,9.46,9.48,9.28,34677.0,33117.572,0.9864442127215848,,0.0
2024-06-19,9.46,9.4,9.54,9.39,33074.0,31732.846,0.9863588667366212,,0.0
2024-06-20,9.4,9.35,9.53,9.29,33187.0,31558.884,0.9862869198312236,,0.0
2024-06-21,9.28,9.39,9.54,9.28,32789.0,31422.043,0.986344537815126,,0.0
2024-06-24,9.35,8.969999999999999,9.45,8.959999999999999,54708.0,50462.522,0.9857142857142857,,0.0
2024-06-25,8.85,9.33,9.37,8.85,59150.0,55041.3,0.9862579281183932,,0.0
2024-06-26,9.42,9.37,9.42,9.239999999999998,50525.0,47769.208,0.986315789473684,,0.0
2024-06-27,9.37,9.239999999999998,9.53,9.23,53314.0,50517.606,0.9861259338313768,,0.0
2024-06-28,9.28,9.37,9.54,9.25,58665.53,55953.894,0.986315789473684,,0.0
2024-07-01,9.48,9.55,9.65,9.39,55489.0,53622.119,0.9865702479338844,,0.0
2024-07-02,9.61,9.3,9.63,9.14,64064.0,60761.086,0.9862142099681864,,0.0
2024-07-03,9.29,9.3,9.36,9.17,61278.0,57593.772,0.9862142099681864,,0.0
2024-07-04,9.27,9.31,9.46,9.23,56243.57,53430.974,0.986228813559322,,0.0
2024-07-05,9.33,9.46,9.51,9.21,66541.57,63128.084,0.9864442127215848,,0.0
2024-07-08,9.45,9.21,9.47,9.14,60337.0,56750.202,0.9860813704496788,,0.0
2024-07-09,9.21,9.22,9.32,8.979999999999999,56873.11,52915.62,0.986096256684492,,0.0
2024-07-10,9.23,9.17,9.28,9.05,55973.0,52129.015,0.986021505376344,,0.0
2024-07-11,9.2,9.43,9.52,9.2,55787.11,53392.117,0.9864016736401672,,0.0
2024-07-12,9.43,9.44,9.46,9.29,54057.0,51354.166,0.9864158829676072,,0.0
2024-07-15,9.44,9.33,9.45,9.27,52841.0,50170.319,0.9862579281183932,,0.0
2024-07-16,9.28,9.25,9.35,9.22,55215.0,51936.711,0.986140724946695,,0.0
2024-07-17,9.23,9.15,9.26,9.05,57715.01,53438.109,0.9859913793103448,,0.0
2024-07-18,9.19,9.19,9.22,8.92,60039.0,55310.422,0.9860515021459226,,0.0
2024-07-19,9.15,9.23,9.32,9.09,58450.0,54583.756,0.986111111111111,,0.0
2024-07-22,9.23,9.07,9.23,9.03,57106.0,52711.994,0.9858695652173912,,0.0
2024-07-23,9.07,8.93,9.18,8.92,57917.0,53468.102,0.9856512141280352,,0.0
2024-07-24,8.93,8.809999999999999,8.93,8.58,59722.0,53066.437,0.9854586129753914,,0.0
2024-07-25,8.83,8.78,8.84,8.639999999999999,57159.04,50712.033,0.9854096520763188,,0.0
2024-07-26,8.79,9.09,9.15,8.75,63760.0,58138.787,0.9859002169197396,,0.0
2024-07-29,9.1,8.959999999999999,9.22,8.93,56031.0,51229.144,0.9856985698569856,,0.0
2024-07-30,8.909999999999998,9.07,9.13,8.879999999999999,55555.0,50960.605,0.9858695652173912,,0.0
2024-07-31,9.12,9.35,9.45,9.03,61359.02,57584.588,0.9862869198312236,,0.0
2024-08-01,9.34,9.37,9.53,9.33,53529.02,51254.813,0.986315789473684,,0.0
2024-08-02,9.33,9.36,9.52,9.29,52584.0,50121.679,0.9863013698630136,,0.0
2024-08-05,9.32,9.26,9.61,9.22,56095.0,53535.956,0.9861554845580404,,0.0
2024-08-06,9.29,9.5,9.5,9.2,57698.0,54971.483,0.9865005192107996,,0.0
2024-08-07,9.5,9.64,9.72,9.45,44803.0,43698.71,0.9866939611054248,,0.0
2024-08-08,9.659999999999998,9.61,9.71,9.52,35949.0,35008.191,0.986652977412731,,0.0
2024-08-09,9.55,9.63,9.75,9.54,32063.0,31345.18,0.9866803278688524,,0.0
2024-08-12,9.62,9.6,9.72,9.53,48780.0,47586.155,0.9866392600205548,,0.0
2024-08-13,9.6,9.55,9.71,9.46,40792.0,39617.939,0.9865702479338844,,0.0
2024-08-14,9.47,9.63,9.69,9.47,45202.12,44111.613,0.9866803278688524,,0.0
2024-08-15,9.57,9.7,9.72,9.5,44002.2,42972.954,0.9867751780264497,,0.0
2024-08-16,9.67,9.55,9.85,9.48,37326.0,36730.853,0.9865702479338844,,0.0
2024-08-19,9.555,9.565,9.685,9.505,41702.0,40425.07,0.9922199170124482,,0.0
2024-08-20,9.585,9.365,9.625,9.285,53855.0,51118.166,0.9920550847457628,,0.0
2024-08-21,9.275,9.375,9.495,9.275,54454.11,51677.257,0.992063492063492,,0.0
2024-08-22,9.345,9.145,9.465,9.095,59092.0,55600.104,0.9918655097613884,,0.0
2024-08-23,9.235,9.135000000000002,9.235,8.955,55679.0,50864.912,0.99185667752443,,0.0
2024-08-26,9.125,9.315,9.335,9.085,58337.0,54202.039,0.9920127795527156,,0.0
2024-08-27,9.315,8.725000000000001,9.445,8.675,68758.04,62584.423,0.9914772727272728,,0.0
2024-08-28,8.675,8.785,8.995000000000001,8.625,59901.0,53273.389,0.9915349887133184,,0.0
2024-08-29,8.685,8.875,8.995000000000001,8.575000000000001,66788.0,59503.801,0.9916201117318436,,0.0
2024-08-30,8.775,8.765,8.955,8.725000000000001,68152.03,60987.264,0.9915158371040724,,0.0
2024-09-02,8.805000000000001,8.625,8.855,8.535,67077.0,58417.012,0.9913793103448276,,0.0
2024-09-03,8.675,8.875,9.065,8.615,68045.0,60658.725,0.9916201117318436,,0.0
2024-09-04,8.805000000000001,8.755,8.905000000000001,8.605,60263.01,53148.554,0.991506228765572,,0.0
2024-09-05,8.785,8.805000000000001,8.855,8.685,58682.01,51967.751,0.9915540540540542,,0.0
2024-09-06,8.815000000000001,8.675,8.885000000000002,8.655000000000001,57167.01,50537.943,0.9914285714285715,,0.0
2024-09-09,8.625,8.435,8.665000000000001,8.355,67124.01,57482.994,0.991186839012926,,0.0
2024-09-10,8.525,8.685,8.775,8.435,70832.01,61681.937,0.9914383561643836,,0.0
2024-09-11,8.725000000000001,8.515,8.725000000000001,8.425,70689.02,60718.068,0.991268917345751,,0.0
2024-09-12,8.565000000000001,8.635000000000002,8.775,8.455,63701.0,55877.477,0.9913892078071184,,0.0
2024-09-13,8.675,8.525,8.745000000000001,8.505,60541.01,52648.674,0.991279069767442,,0.0
2024-09-18,8.565000000000001,8.275,8.565000000000001,8.225000000000001,64024.01,53839.354,0.9910179640718564,,0.0
2024-09-19,8.295,8.535,8.555000000000001,8.245000000000001,83700.0,71313.559,0.9912891986062718,,0.0
2024-09-20,8.495000000000001,8.375,8.555000000000001,8.365,69442.76,59423.319,0.9911242603550297,,0.0
2024-09-23,8.385000000000002,8.765,8.775,8.345,65099.76,56577.491,0.9915158371040724,,0.0
2024-09-24,8.765,8.815000000000001,8.975000000000001,8.685,64868.77,57809.641,0.9915635545556806,,0.0
2024-09-25,8.935,8.755,8.935,8.695,65139.0,58019.889,0.991506228765572,,0.0
2024-09-26,8.745000000000001,8.845,8.845,8.635000000000002,88433.13,78067.31,0.9915919282511212,,0.0
2024-09-27,8.895000000000001,9.145,9.255,8.895000000000001,75108.03,68853.485,0.9918655097613884,,0.0
2024-09-30,9.425,9.805,9.855,9.185,96460.21,92306.475,0.9924089068825912,,0.0
2024-10-08,10.785,10.295,10.795,9.805,113287.07,117263.345,0.9927675988428158,,0.0
2024-10-09,10.145,9.285,10.195,9.255,79677.01,76563.22,0.9919871794871796,,0.0
2024-10-10,9.365,9.385000000000002,9.585,9.175,65881.11,62719.488,0.9920718816067654,,0.0
2024-10-11,9.375,9.215,9.565,9.145,59211.01,55756.911,0.9919268030139936,,0.0
2024-10-14,9.245,9.425,9.495,9.205,61361.01,57897.805,0.9921052631578948,,0.0
2024-10-15,9.365,9.415,9.715,9.295,58242.15,55999.588,0.9920969441517388,,0.0
2024-10-16,9.395,9.555,9.755,9.375,68901.01,66740.633,0.9922118380062306,,0.0
2024-10-17,9.575,9.685,9.795,9.535,76428.62,74455.427,0.9923155737704918,,0.0
2024-10-18,9.725,9.965,10.065,9.585,73460.14,72659.841,0.9925298804780878,,0.0
2024-10-21,10.035,10.825,10.915,9.985,87409.45,92910.022,0.993119266055046,,0.0
2024-10-22,11.125,11.075,11.365,10.905,99139.28,111473.531,0.993273542600897,,0.0
2024-10-23,11.075,11.615,11.905,11.015,96039.79,111714.166,0.993584260051326,,0.0
2024-10-24,11.605,11.185,11.605,11.105,82357.0,93888.289,0.9933392539964476,,0.0
2024-10-25,11.405,11.425,11.615,11.215,81000.0,92967.171,0.9934782608695653,,0.0
2024-10-28,11.425,11.965,12.015,11.265,84326.53,98972.046,0.9937707641196014,,0.0
2024-10-29,11.965,11.825,12.015,11.635000000000002,80643.68,96268.957,0.9936974789915968,,0.0
2024-10-30,11.845,12.125,12.285,11.845,101153.67,122020.298,0.9938524590163936,,0.0
2024-10-31,12.125,12.075,12.225,11.855,78336.0,94680.599,0.9938271604938272,,0.0
2024-11-01,12.145,11.915,12.285,11.425,88468.77,106411.795,0.993744787322769,,0.0
2024-11-04,11.915,12.315,12.375,11.895,81693.01,99374.272,0.9939467312348668,,0.0
2024-11-05,12.295,12.535,12.905,12.285,83756.58,106357.771,0.9940523394131642,,0.0
2024-11-06,12.615,12.595,13.105,12.285,85803.02,109958.898,0.9940805051302288,,0.0
2024-11-07,12.595,12.495,12.715,12.285,68194.0,85911.596,0.9940334128878282,,0.0
2024-11-08,12.555,12.905,12.985,12.485,74456.7,96242.094,0.9942218798151002,,0.0
2024-11-11,12.755,12.905,12.935,12.625,62720.72,80744.447,0.9942218798151002,,0.0
2024-11-12,12.945,12.725,13.075,12.675,74965.45,96976.077,0.994140625,,0.0
2024-11-13,12.715,12.895,13.005,12.585,72095.76,93172.075,0.9942174248265228,,0.0
2024-11-14,12.885000000000002,12.755,12.975,12.735,63014.0,81357.376,0.9941543257989088,,0.0
2024-11-15,12.635000000000002,12.685,12.995,12.635000000000002,75834.0,98066.91,0.9941222570532916,,0.0
2024-11-18,12.685,12.325,12.765,12.135000000000002,68426.23,86551.436,0.993951612903226,,0.0
2024-11-19,12.325,12.765,12.765,12.125,70989.17,88302.363,0.994158878504673,,0.0
2024-11-20,12.705,12.915,12.975,12.645,63677.01,82317.463,0.9942263279445728,,0.0
2024-11-21,12.785,12.875,12.985,12.695,66514.02,86000.859,0.9942084942084942,,0.0
2024-11-22,12.865,12.315,12.955,12.285,67557.21,86442.394,0.9939467312348668,,0.0
2024-11-25,12.325,12.615,12.745,12.285,72056.21,90923.05,0.9940898345153664,,0.0
2024-11-26,12.645,12.445,12.645,12.395,63311.0,79455.908,0.9940095846645368,,0.0
2024-11-27,12.335,12.735,12.775,12.175,71993.0,90211.96,0.994145199063232,,0.0
2024-11-28,12.775,12.885000000000002,13.025,12.635000000000002,72347.9,93818.695,0.994212962962963,,0.0
2024-11-29,12.965,12.445,12.985,12.385000000000002,72152.0,91628.989,0.9940095846645368,,0.0
2024-12-02,12.455,12.975,13.075,12.405,117377.41,151522.008,0.9942528735632185,,0.0
2024-12-03,13.025,12.525,13.075,12.335,97995.0,124191.155,0.9940476190476192,,0.0
2024-12-04,12.545,12.395,12.595,12.295,90364.0,113359.5,0.9939855653568566,,0.0
2024-12-05,12.365,12.585,12.695,12.215,80508.01,100604.677,0.9940758293838864,,0.0
2024-12-06,12.505,12.565,12.765,12.435,81060.0,102536.527,0.9940664556962026,,0.0
2024-12-09,12.645,12.765,12.805,12.405,84721.8,107799.082,0.994158878504673,,0.0
2024-12-10,12.995,12.545,13.205,12.525,80499.0,103365.743,0.9940570522979398,,0.0
2024-12-11,12.435,12.525,12.605,12.375,71988.0,90420.926,0.9940476190476192,,0.0
2024-12-12,12.565,12.895,12.965,12.525,83302.48,107283.461,0.9942174248265228,,0.0
2024-12-13,12.815,12.445,12.825,12.425,73952.0,93755.772,0.9940095846645368,,0.0
2024-12-16,12.425,13.185,13.425,12.425,129289.71,170287.529,0.994343891402715,,0.0
2024-12-17,13.185,12.825,13.365,12.665,110249.52,143004.246,0.994186046511628,,0.0
2024-12-18,12.885000000000002,12.805,12.975,12.505,91885.77,116916.123,0.9941770186335404,,0.0
2024-12-19,12.685,12.225,12.895,12.225,80352.81,100102.732,0.9939024390243903,,0.0
2024-12-20,12.205,12.645,12.665,12.035,84392.95,105911.084,0.9941037735849058,,0.0
2024-12-23,12.635000000000002,12.045,12.785,11.985,81972.0,101920.856,0.9938118811881188,,0.0
2024-12-24,12.055,12.375,12.405,11.935,77796.96,95740.769,0.993975903614458,,0.0
2024-12-25,12.345,11.745,12.355,11.635000000000002,84123.0,100368.13,0.9936548223350254,,0.0
2024-12-26,11.635000000000002,12.005,12.165,11.615,92610.01,110857.384,0.9937913907284768,,0.0
2024-12-27,12.005,12.705,12.895,11.995,92137.0,116713.748,0.9941314553990612,,0.0
2024-12-30,12.695,12.205,12.695,12.145,94959.0,117582.655,0.9938925081433224,,0.0
2024-12-31,12.205,12.185,12.675,12.165,85525.0,106759.411,0.9938825448613378,,0.0
2025-01-02,12.175,11.845,12.325,11.695,93478.06,113607.605,0.9937080536912752,,0.0
2025-01-03,11.845,11.335,11.875,11.245,87134.01,101702.374,0.9934268185801928,,0.0
2025-01-06,11.335,11.275,11.575,10.865,85953.44,97503.566,0.9933920704845816,,0.0
2025-01-07,11.345,11.865,11.875,11.195,98031.44,113219.268,0.9937185929648242,,0.0
2025-01-08,11.865,11.935,12.155,11.545,89849.01,107022.151,0.9937552039966696,,0.0
2025-01-09,11.895,11.655,12.145,11.625,84405.0,100313.954,0.9936061381074168,,0.0
2025-01-10,11.635000000000002,11.775,11.995,11.525,85472.0,101762.976,0.9936708860759494,,0.0
2025-01-13,11.785,11.345,11.885000000000002,11.235,80662.0,93722.19,0.9934325744308232,,0.0
2025-01-14,11.345,11.755,11.795,11.255,97161.0,113603.405,0.9936601859678784,,0.0
2025-01-15,11.685,11.985,12.225,11.645,86191.0,103861.632,0.9937810945273632,,0.0
2025-01-16,12.025,11.955,12.075,11.715,90612.0,108793.273,0.9937655860349128,,0.0
2025-01-17,11.955,11.835,12.015,11.675,88884.01,105634.964,0.9937027707808564,,0.0
2025-01-20,11.815,11.755,12.005,11.685,71486.02,85007.408,0.9936601859678784,,0.0
2025-01-21,11.805,11.835,11.955,11.415,82266.78,96196.548,0.9937027707808564,,0.0
2025-01-22,11.805,11.525,11.825,11.465,74385.01,87249.187,0.9935344827586208,,0.0
2025-01-23,11.525,11.775,12.075,11.525,82223.0,98390.212,0.9936708860759494,,0.0
2025-01-24,11.875,11.255,11.875,11.195,95673.37,109217.495,0.9933804060017652,,0.0
2025-01-27,11.265,11.635000000000002,12.105,11.255,89980.0,106777.52,0.9935952177625962,,0.0
2025-02-05,11.705,11.845,11.945,11.485,79388.38,93490.372,0.9937080536912752,,0.0
2025-02-06,11.775,11.695,11.955,11.435,91170.0,106736.14,0.9936278674596432,,0.0
2025-02-07,11.695,11.905,12.185,11.635000000000002,88995.02,107145.186,0.9937395659432388,,0.0
2025-02-10,11.875,12.105,12.115,11.805,85528.01,103080.693,0.9938423645320198,,0.0
2025-02-11,12.115,12.185,12.275,11.955,75829.0,92411.087,0.9938825448613378,,0.0
2025-02-12,12.175,12.365,12.365,12.025,79681.01,97707.443,0.9939710610932476,,0.0
2025-02-13,12.575,12.125,12.615,12.105,78885.46,97815.713,0.9938524590163936,,0.0
2025-02-14,11.985,12.595,12.865,11.775,101342.01,125069.538,0.9940805051302288,,0.0
2025-02-17,12.625,13.865,13.865,12.505,77323.05,103562.951,0.994619799139168,,0.0
2025-02-18,15.255,15.255,15.255,15.255,35198.82,53959.791,0.9951076320939336,,0.0
2025-02-19,15.885000000000002,14.715,15.925,14.145,241279.93,359655.899,0.9949290060851927,,0.0
2025-02-20,14.495,16.195,16.195,13.835,421153.08,619301.877,0.9953902888752304,,0.0
2025-02-21,15.235,15.155,15.665,14.825,245789.06,374933.498,0.995075508864084,,0.0
2025-02-24,14.725,16.675,16.675,14.725,228236.87,369328.992,0.9955223880597016,,0.0
2025-02-25,18.355,18.355,18.355,18.355,40462.0,74571.466,0.9959305480195334,,0.0
2025-02-26,20.195,20.195,20.195,20.195,27278.95,55294.432,0.996299950666009,,0.0
2025-02-27,22.225,22.225,22.225,22.225,18422.0,41081.06,0.9966367713004484,,0.0
2025-02-28,24.455,21.925,24.455,19.995,404777.71,860383.576,0.9965909090909092,,0.0
2025-03-03,20.005,19.725,20.785,19.725,204516.51,409975.127,0.9962121212121212,,0.0
2025-03-04,19.125,19.825,20.145,18.575,230513.92,446840.054,0.9962311557788944,,0.0
2025-03-05,19.825,19.065,20.235,18.935,129754.0,252328.015,0.9960815047021944,,0.0
2025-03-06,18.935,19.425,19.805,18.625,133392.97,256702.862,0.9961538461538462,,0.0
2025-03-07,19.015,18.855,20.175,18.835,115543.42,225086.06,0.9960380348652932,,0.0
2025-03-10,18.755,17.975,19.075,17.925,115773.03,213517.633,0.9958448753462604,,0.0
2025-03-11,17.975,17.965,18.105,17.665,103521.38,186388.64,0.9958425720620844,,0.0
2025-03-12,17.955000000000002,18.025,18.285,17.885,75605.91,137239.641,0.9958563535911604,,0.0
2025-03-13,18.125,18.225,18.375,17.745,96604.24,174895.718,0.9959016393442623,,0.0
2025-03-14,18.115,18.825,18.835,18.075,136233.42,254903.472,0.996031746031746,,0.0
2025-03-17,18.735,19.345,19.405,18.485,141472.41,270432.583,0.9961380020597322,,0.0
2025-03-18,19.355,19.625,19.715,19.015,128277.87,250690.936,0.9961928934010152,,0.0
2025-03-19,19.625,19.435,19.815,19.155,94840.9,185433.24,0.996155817529472,,0.0
2025-03-20,19.345,19.445,19.605,18.925,95866.9,185723.777,0.996157786885246,,0.0
2025-03-21,19.425,19.425,19.835,19.125,77860.94,151724.867,0.9961538461538462,,0.0
2025-03-24,19.425,18.665,19.445,18.235,76859.9,145311.594,0.9959978655282816,,0.0
2025-03-25,18.635,18.875,19.115,18.635,56860.0,107726.835,0.996042216358839,,0.0
2025-03-26,18.855,18.895,19.255,18.575,66867.98,126949.853,0.996046389035319,,0.0
2025-03-27,18.855,18.885,19.175,18.645,59735.33,113519.355,0.9960443037974684,,0.0
2025-03-28,18.865,18.575,19.305,18.315,60300.43,113658.114,0.9959785522788204,,0.0
2025-03-31,18.525,18.895,19.315,18.175,85098.0,160920.414,0.996046389035319,,0.0
2025-04-01,18.875,19.525,20.725,18.755,174689.11,343998.145,0.9961734693877552,,0.0
2025-04-02,19.505,19.185,19.755,19.095,90377.0,175551.067,0.9961059190031152,,0.0
2025-04-03,18.845,18.875,19.085,18.515,69193.0,130571.349,0.996042216358839,,0.0
2025-04-07,17.025000000000002,16.985,18.305,16.985,45931.0,79145.439,0.9956037514654162,,0.0
2025-04-08,16.015,16.965,17.275000000000002,15.715,174896.72,288490.851,0.995598591549296,,0.0
2025-04-09,16.965,17.105,17.605,15.925,107821.11,182963.54,0.9956344586728756,,0.0
2025-04-10,17.325,17.985,18.185,17.325,95387.31,170989.292,0.9958471760797344,,0.0
2025-04-11,17.885,18.085,18.275,17.775000000000002,82610.02,149581.403,0.9958700440528636,,0.0
2025-04-14,18.085,17.575,18.375,17.505,80376.01,144455.852,0.9957507082152977,,0.0
2025-04-15,17.525000000000002,17.715,17.925,17.175,66299.01,117307.778,0.9957841483979764,,0.0
2025-04-16,17.515,17.455000000000002,17.905,17.175,63486.03,111504.978,0.9957216200798632,,0.0
2025-04-17,17.455000000000002,17.375,17.795,17.235,58383.34,102548.094,0.995702005730659,,0.0
2025-04-18,17.255,17.575,18.215,17.255,79219.64,141055.308,0.9957507082152977,,0.0
2025-04-21,17.575,17.935000000000002,18.125,17.475,80885.01,145108.689,0.995835646862854,,0.0
2025-04-22,17.915,17.835,18.465,17.645,71559.0,129511.291,0.9958123953098827,,0.0
2025-04-23,17.845000000000002,17.525000000000002,18.025,17.235,113651.7,199708.395,0.9957386363636364,,0.0
2025-04-24,17.405,17.645,17.675,17.185000000000002,87435.54,153016.206,0.9957674943566592,,0.0
2025-04-25,17.875,17.395,17.885,17.165,100044.54,175115.019,0.99570692615913,,0.0
2025-04-28,17.395,17.525000000000002,17.555,16.855,100522.01,173479.434,0.9957386363636364,,0.0
2025-04-29,17.485,17.755,17.995,17.245,110801.87,196505.006,0.995793606281548,,0.0
2025-04-30,18.025,18.805,19.245,17.725,186338.0,345357.798,0.9960275423728814,,0.0
2025-05-06,19.115,18.475,19.155,18.295,130692.87,243748.792,0.995956873315364,,0.0
2025-05-07,18.575,17.665,18.605,17.215,205649.35,364405.189,0.995772266065389,,0.0
2025-05-08,17.335,16.925,17.345000000000002,16.635,148904.56,253531.185,0.9955882352941176,,0.0
2025-05-09,16.855,16.585,17.225,16.585,89470.01,151401.352,0.995498199279712,,0.0
2025-05-12,16.655,16.935000000000002,17.125,16.495,72320.48,122107.859,0.9955908289241624,,0.0
2025-05-13,17.125,17.585,18.425,17.105,190515.13,341167.285,0.995753114382786,,0.0
2025-05-14,17.565,16.845000000000002,17.565,16.665,153714.68,261068.085,0.9955673758865248,,0.0
2025-05-15,16.685000000000002,16.765,16.915,16.425,87300.65,146540.022,0.9955463182897862,,0.0
2025-05-16,16.815,16.985,17.365000000000002,16.785,117139.53,201127.221,0.9956037514654162,,0.0
2025-05-19,17.295,17.305,17.925,17.095000000000002,117718.0,204971.286,0.9956846950517836,,0.0
2025-05-20,17.225,16.925,17.225,16.585,111800.0,189690.688,0.9955882352941176,,0.0
2025-05-21,17.015,16.795,17.195,16.725,47284.65,80203.311,0.9955542382928276,,0.0
2025-05-22,16.795,17.205000000000002,17.825,16.685000000000002,180047.0,314673.793,0.9956597222222222,,0.0
2025-05-23,17.205000000000002,17.225,17.505,16.945,129666.01,224104.564,0.9956647398843932,,0.0
2025-05-26,17.225,17.655,18.175,17.065,232004.2,411024.305,0.9957698815566836,,0.0
2025-05-27,17.835,18.475,18.975,17.415,432635.49,789876.864,0.995956873315364,,0.0
2025-05-28,18.575,16.625,19.125,16.625,586687.0,1041789.69,0.9955089820359282,,0.0
2025-05-29,15.805,14.955,15.925,14.955,421970.0,638063.056,0.9950099800399202,,0.0
2025-05-30,14.865,14.465,15.145,14.095,312578.02,458839.158,0.9948418156808804,,0.0
2025-06-03,14.275,14.035,14.335,14.005,203257.06,288351.475,0.9946846208362864,,0.0
2025-06-04,13.935,14.035,14.145,13.925,129826.0,183268.289,0.9946846208362864,,0.0
2025-06-05,14.035,13.775,14.035,13.625,210550.7,291596.803,0.9945848375451264,,0.0
2025-06-06,13.735,13.695,13.765,13.595,119818.0,164697.643,0.9945533769063182,,0.0
2025-06-09,13.705,13.725,13.775,13.685,102549.0,141449.889,0.9945652173913044,,0.0
2025-06-10,13.725,13.715,13.855,13.525,147904.35,203906.807,0.9945612762871646,,0.0
2025-06-11,13.675,13.765,13.795,13.645,97788.0,135119.402,0.9945809248554914,,0.0
2025-06-12,13.735,13.645,13.785,13.625,84862.0,116760.064,0.994533527696793,,0.0
2025-06-13,13.725,14.125,14.155,13.725,261647.01,367393.959,0.994718309859155,,0.0
2025-06-16,14.525,14.385000000000002,15.225,14.355,292161.11,429244.229,0.9948132780082988,,0.0
2025-06-17,14.105,14.385000000000002,14.385000000000002,13.845,202900.01,286973.03,0.9948132780082988,,0.0
2025-06-18,14.395,14.095,14.605,14.055,137183.12,196220.888,0.9947071277346508,,0.0
2025-06-19,13.925,14.025,14.315,13.735,165298.13,232585.768,0.99468085106383,,0.0
2025-06-20,13.875,13.635000000000002,13.875,13.625,101036.01,139148.16,0.9945295404814004,,0.0
2025-06-23,13.865,13.755,13.985,13.695,109543.01,152063.72,0.9945770065075924,,0.0
2025-06-24,13.315,13.125,13.315,12.905,194868.01,257286.849,0.994318181818182,,0.0
2025-06-25,13.075,13.055,13.115,12.955,137200.03,179611.366,0.9942878903274944,,0.0
2025-06-26,13.015,13.005,13.155,12.975,143571.48,188198.68,0.9942660550458716,,0.0
2025-06-27,12.975,12.795,12.975,12.765,161627.61,208569.794,0.9941724941724942,,0.0
2025-06-30,12.805,13.055,13.055,12.775,165665.99,215530.447,0.9942878903274944,,0.0
2025-07-01,13.055,13.045,13.105,12.875,110714.0,144368.142,0.994283536585366,,0.0
2025-07-02,13.025,13.005,13.125,12.945,109154.61,143088.184,0.9942660550458716,,0.0
2025-07-03,13.005,12.935,13.065,12.915,90583.0,118052.503,0.9942352036894696,,0.0
2025-07-04,12.885000000000002,12.835,12.905,12.755,93181.0,120202.218,0.9941905499612704,,0.0
2025-07-07,12.795,12.865,12.865,12.685,66229.0,85062.627,0.9942040185471408,,0.0
2025-07-08,12.865,12.905,12.905,12.825,75751.01,98103.539,0.9942218798151002,,0.0
2025-07-09,12.885000000000002,12.815,12.965,12.785,80567.92,104305.35,0.9941815360744763,,0.0
2025-07-10,12.825,12.765,12.845,12.735,64199.71,82509.377,0.994158878504673,,0.0
2025-07-11,12.82,12.79,12.82,12.68,88673.48,113027.541,1.0,,0.0
2025-07-14,12.7,12.59,12.78,12.55,113726.0,143713.908,1.0,,0.0
2025-07-15,12.58,12.31,12.58,12.22,137218.87,169452.893,1.0,,0.0
2025-07-16,12.3,12.41,12.49,12.27,75592.0,93698.788,1.0,,0.0
2025-07-17,12.41,12.46,12.49,12.38,48946.0,60913.056,1.0,,0.0
2025-07-18,12.46,12.42,12.46,12.36,61246.0,75934.108,1.0,,0.0
2025-07-21,12.42,12.53,12.55,12.4,88780.44,110973.399,1.0,,0.0
2025-07-22,12.54,12.48,12.55,12.36,97424.35,121100.231,1.0,,0.0
2025-07-23,12.51,12.38,12.65,12.35,97209.99,121188.359,1.0,,0.0
2025-07-24,12.36,12.52,12.53,12.28,85017.46,105774.187,1.0,,0.0
2025-07-25,12.54,12.55,12.58,12.48,96655.71,121130.334,1.0,,0.0
2025-07-28,12.59,12.47,12.62,12.45,84714.0,106039.476,1.0,,0.0
2025-07-29,12.51,12.37,12.53,12.32,84198.24,104233.806,1.0,,0.0
2025-07-30,12.37,12.34,12.43,12.25,90333.0,111614.98,1.0,,0.0
2025-07-31,12.34,12.12,12.35,12.09,97819.48,119403.329,1.0,,0.0
2025-08-01,12.11,12.09,12.16,12.0,65741.0,79272.742,1.0,,0.0
2025-08-04,12.0,12.15,12.15,11.9,59745.79,72033.512,1.0,,0.0
2025-08-05,12.15,12.18,12.24,12.11,69526.0,84647.81,1.0,,0.0
2025-08-06,12.16,12.12,12.18,12.08,81541.62,98892.868,1.0,,0.0
2025-08-07,12.14,12.11,12.15,12.04,67888.44,82119.885,1.0,,0.0
2025-08-08,12.1,12.1,12.13,12.04,53124.0,64185.059,1.0,,0.0
2025-08-11,12.1,12.12,12.14,12.01,87539.0,105775.209,1.0,,0.0
2025-08-12,12.12,12.3,12.42,12.09,186209.05,229154.265,1.0,,0.0
2025-08-13,12.26,12.23,12.32,12.18,97588.02,119251.38,1.0,,0.0
2025-08-14,12.24,12.04,12.29,12.04,100300.0,121772.482,1.0,,0.0
2025-08-15,11.98,12.04,12.07,11.96,68280.0,82115.415,1.0,,0.0
2025-08-18,12.05,12.08,12.11,12.02,112191.74,135247.457,1.0,,0.0
2025-08-19,12.06,12.14,12.28,11.99,137329.37,166230.066,1.0,,0.0
2025-08-20,12.1,12.26,12.26,12.06,123691.73,150366.681,1.0,,0.0
2025-08-21,12.25,12.36,12.38,12.21,153562.0,189152.599,1.0,,0.0
2025-08-22,12.33,12.26,12.35,12.2,114637.0,140339.27,1.0,,0.0
2025-08-25,12.26,12.33,12.34,12.22,110712.44,136160.809,1.0,,0.0
2025-08-26,12.33,12.4,12.44,12.28,124960.44,154724.811,1.0,,0.0
2025-08-27,12.36,12.01,12.37,11.99,181325.01,221257.314,1.0,,0.0
2025-08-28,12.01,11.85,12.11,11.61,161158.15,191170.872,1.0,,0.0
2025-08-29,11.83,11.77,11.92,11.73,87826.01,103709.032,1.0,,0.0
2025-09-01,11.78,11.8,11.83,11.7,68223.1,80288.779,1.0,,0.0
2025-09-02,11.8,11.69,11.8,11.53,90303.01,105289.85,1.0,,0.0
2025-09-03,11.69,11.44,11.69,11.42,78520.13,90552.884,1.0,,0.0
2025-09-04,11.38,11.49,11.52,11.36,63850.0,73142.573,1.0,,0.0
2025-09-05,11.47,11.55,11.55,11.36,56662.01,65007.798,1.0,,0.0
2025-09-08,11.55,11.81,11.81,11.55,83972.0,98404.616,1.0,,0.0
2025-09-09,11.81,11.72,11.81,11.67,47443.0,55541.516,1.0,,0.0
2025-09-10,11.72,11.78,11.8,11.7,42635.02,50110.299,1.0,,0.0
2025-09-11,11.77,11.77,11.78,11.64,51523.74,60300.83,1.0,,0.0
2025-09-12,11.76,11.68,11.78,11.67,53565.71,62758.632,1.0,,0.0
2025-09-15,11.69,11.62,11.72,11.58,46634.01,54188.263,1.0,,0.0
2025-09-16,11.58,11.75,11.75,11.58,58549.01,68400.48,1.0,,0.0
2025-09-17,11.73,11.75,11.82,11.71,63933.0,75202.73,1.0,,0.0
2025-09-18,11.71,11.51,11.74,11.43,74057.87,85884.161,1.0,,0.0
2025-09-19,11.52,11.47,11.55,11.39,47311.03,54164.289,1.0,,0.0
2025-09-22,11.45,11.24,11.45,11.19,68874.0,77565.138,1.0,,0.0
2025-09-23,11.23,11.19,11.24,11.01,73192.01,81245.113,1.0,,0.0
2025-09-24,11.17,11.57,11.65,11.13,101497.71,116104.525,1.0,,0.0
2025-09-25,11.53,11.36,11.53,11.35,48689.0,55622.39,1.0,,0.0
2025-09-26,11.3,11.35,11.43,11.27,36392.0,41326.307,1.0,,0.0
2025-09-29,11.35,11.28,11.38,11.14,40264.0,45327.416,1.0,,0.0
2025-09-30,11.27,11.37,11.5,11.17,75356.01,85129.122,1.0,,0.0
2025-10-09,11.31,11.34,11.46,11.3,57009.99,64883.04,1.0,,0.0
2025-10-10,11.3,11.55,11.69,11.28,110138.02,126540.461,1.0,,0.0
2025-10-13,11.34,11.35,11.37,11.1,74041.99,83609.428,1.0,,0.0
2025-10-14,11.4,11.41,11.49,11.35,74332.99,84913.494,1.0,,0.0
2025-10-15,11.4,11.39,11.44,11.32,51264.98,58245.323,1.0,,0.0
2025-10-16,11.37,11.29,11.39,11.28,34577.98,39154.264,1.0,,0.0
2025-10-17,11.29,11.13,11.33,11.13,47355.0,53183.546,1.0,,0.0
2025-10-20,11.26,11.29,11.31,11.15,58481.0,65638.814,1.0,,0.0
2025-10-21,11.27,11.46,11.46,11.26,81398.76,92622.653,1.0,,0.0
2025-10-22,11.45,11.61,11.69,11.42,119035.67,137660.615,1.0,,0.0
2025-10-23,11.8,12.18,12.2,11.62,386388.33,462996.406,1.0,,0.0
2025-10-24,12.0,11.72,12.0,11.71,225692.06,266346.633,1.0,,0.0
2025-10-27,11.75,11.67,11.78,11.54,112326.18,130646.642,1.0,,0.0
2025-10-28,11.65,11.73,11.73,11.56,89081.31,103645.923,1.0,,0.0
2025-10-29,11.68,11.74,11.76,11.61,76707.18,89580.469,1.0,,0.0
2025-10-30,11.7,11.58,11.84,11.58,79971.0,93707.235,1.0,,0.0
2025-10-31,11.52,11.59,11.6,11.47,65044.17,75072.01,1.0,,0.0
2025-11-03,11.61,11.65,11.65,11.55,44922.0,52174.505,1.0,,0.0
2025-11-04,11.65,11.54,11.65,11.49,54915.0,63437.262,1.0,,0.0
2025-11-05,11.54,11.62,11.63,11.48,52496.0,60860.868,1.0,,0.0
2025-11-06,11.62,11.6,11.63,11.51,44844.0,51904.187,1.0,,0.0
2025-11-07,11.59,11.8,11.86,11.56,110857.01,130731.149,1.0,,0.0
2025-11-10,11.81,11.9,11.98,11.72,106621.53,126762.578,1.0,,0.0
2025-11-11,11.88,11.91,11.98,11.81,79271.53,94440.581,1.0,,0.0
2025-11-12,12.02,11.87,12.1,11.82,98409.54,117470.862,1.0,,0.0
2025-11-13,11.77,11.88,11.9,11.71,65910.76,77872.944,1.0,,0.0
2025-11-14,11.84,11.91,12.04,11.83,97756.29,117164.493,1.0,,0.0
2025-11-17,11.91,12.05,12.08,11.85,88802.0,106395.659,1.0,,0.0
2025-11-18,12.01,11.84,12.03,11.81,76024.0,90318.704,1.0,,0.0
2025-11-19,11.86,11.79,11.9,11.71,59363.01,69971.616,1.0,,0.0
2025-11-20,11.77,11.46,11.77,11.43,86789.0,100289.358,1.0,,0.0
2025-11-21,11.39,10.97,11.48,10.96,101416.0,112873.923,1.0,,0.0
2025-11-24,10.97,10.91,11.04,10.81,69962.0,76398.598,1.0,,0.0
2025-11-25,10.92,10.89,10.96,10.86,61083.01,66610.598,1.0,,0.0
2025-11-26,10.84,10.75,10.91,10.74,53949.0,58409.638,1.0,,0.0
2025-11-27,10.79,10.8,10.82,10.7,41730.0,44957.205,1.0,,0.0
2025-11-28,10.79,10.83,10.83,10.69,38816.01,41787.646,1.0,,0.0
2025-12-01,10.84,10.98,11.02,10.84,57201.0,62551.771,1.0,,0.0
2025-12-02,10.92,11.02,11.09,10.84,59482.21,65257.422,1.0,,0.0
2025-12-03,11.02,10.94,11.09,10.89,43141.01,47327.409,1.0,,0.0
2025-12-04,10.94,10.73,11.02,10.73,49496.0,53574.269,1.0,,0.0
2025-12-05,10.73,10.78,10.8,10.6,47295.01,50570.688,1.0,,0.0
2025-12-08,10.79,10.87,10.9,10.75,43479.0,47015.142,1.0,,0.0
2025-12-09,10.87,10.65,10.88,10.61,52534.0,56314.649,1.0,,0.0
2025-12-10,10.64,10.55,10.64,10.47,47926.0,50455.362,1.0,,0.0
2025-12-11,10.57,10.41,10.59,10.4,46326.88,48451.8,1.0,,0.0
2025-12-12,10.41,10.38,10.46,10.36,29415.0,30640.97,1.0,,0.0
2025-12-15,10.37,10.31,10.4,10.27,39748.0,41067.231,1.0,,0.0
2025-12-16,10.31,10.14,10.33,10.13,45165.88,45979.546,1.0,,0.0
2025-12-17,10.16,10.23,10.23,10.03,44066.0,44570.318,1.0,,0.0
2025-12-18,10.18,10.28,10.36,10.18,39608.0,40822.942,1.0,,0.0
2025-12-19,10.26,10.34,10.35,10.26,28579.0,29487.323,1.0,,0.0
2025-12-22,10.36,10.29,10.36,10.27,30514.0,31460.234,1.0,,0.0
2025-12-23,10.29,10.17,10.31,10.16,39302.76,40139.817,1.0,,0.0
2025-12-24,10.15,10.21,10.25,10.11,40965.96,41791.289,1.0,,0.0
2025-12-25,10.23,10.31,10.32,10.21,32212.88,33148.683,1.0,,0.0
2025-12-26,10.36,10.35,10.49,10.31,58363.0,60627.765,1.0,,0.0
2025-12-29,10.32,10.45,10.57,10.25,61155.0,63902.693,1.0,,0.0
2025-12-30,10.41,10.34,10.49,10.28,48795.28,50620.31,1.0,,0.0
2025-12-31,10.35,10.27,10.36,10.19,44546.1,45709.701,1.0,,0.0
2026-01-05,10.39,10.35,10.49,10.27,56159.99,58155.713,1.0,,0.0
2026-01-06,10.35,10.52,10.58,10.32,68048.01,71268.483,1.0,,0.0
2026-01-07,10.48,10.38,10.5,10.35,76204.01,79272.522,1.0,,0.0
2026-01-08,10.38,10.43,10.52,10.34,89842.07,93857.46,1.0,,0.0
2026-01-09,10.57,10.54,10.72,10.48,84771.0,89461.046,1.0,,0.0
2026-01-12,10.61,10.68,10.73,10.49,100541.53,106708.685,1.0,,0.0
2026-01-13,10.69,10.71,10.87,10.65,106276.07,114331.128,1.0,,0.0
2026-01-14,10.73,10.85,11.01,10.7,150091.89,162788.7,1.0,,0.0
2026-01-15,10.79,10.76,10.84,10.7,79874.04,85873.169,1.0,,0.0
2026-01-16,10.76,10.64,10.76,10.59,72210.07,76836.951,1.0,,0.0
2026-01-19,10.66,10.83,10.83,10.65,95429.5,102944.295,1.0,,0.0
2026-01-20,10.99,11.14,11.2,10.92,152037.05,168636.961,1.0,,0.0
2026-01-21,11.11,10.99,11.12,10.95,76807.0,84477.473,1.0,,0.0
2026-01-22,11.1,11.28,11.3,11.04,120574.06,135020.639,1.0,,0.0
2026-01-23,11.22,11.2,11.23,11.15,75856.53,84825.26,1.0,,0.0
2026-01-26,11.21,11.27,11.33,11.15,95900.54,107680.332,1.0,,0.0
2026-01-27,11.25,11.04,11.26,10.93,91587.94,101061.71,1.0,,0.0
2026-01-28,11.06,11.22,11.29,11.06,128213.0,143858.183,1.0,,0.0
2026-01-29,11.3,11.71,11.72,11.2,273748.36,315572.505,1.0,,0.0
2026-01-30,11.71,11.39,12.18,11.35,280414.64,328989.683,1.0,,0.0
2026-02-02,11.1,10.85,11.18,10.83,172620.44,190069.798,1.0,,0.0
2026-02-03,11.04,10.92,11.05,10.73,86238.3,93511.175,1.0,,0.0
2026-02-04,11.01,11.23,11.42,10.97,115811.3,129456.982,1.0,,0.0
2026-02-05,11.16,11.08,11.27,11.07,59937.01,66828.505,1.0,,0.0
2026-02-06,10.92,11.18,11.26,10.9,74057.0,82382.995,1.0,,0.0
2026-02-09,11.25,11.14,11.25,11.11,68750.0,76718.778,1.0,,0.0
2026-02-10,11.15,11.09,11.2,11.08,54307.0,60414.519,1.0,,0.0
2026-02-11,11.05,10.98,11.15,10.96,66434.0,73388.961,1.0,,0.0
2026-02-12,11.03,10.76,11.03,10.76,87880.0,95262.466,1.0,,0.0
2026-02-13,10.73,10.59,10.8,10.54,87407.0,92897.733,1.0,,0.0
2026-02-24,10.81,11.11,11.27,10.8,217623.53,242026.087,1.0,,0.0
2026-02-25,11.17,11.05,11.25,11.0,152029.0,168970.561,1.0,,0.0
2026-02-26,11.04,10.78,11.1,10.76,102399.0,111288.455,1.0,,0.0
2026-02-27,10.85,10.96,10.97,10.78,75398.2,82119.072,1.0,,0.0
2026-03-02,11.7,12.06,12.06,11.28,438993.81,512104.33,1.0,,0.0
2026-03-03,12.38,13.27,13.27,12.2,981470.96,1267520.933,1.0,,0.0
2026-03-04,13.2,12.15,13.2,11.94,594632.35,721501.947,1.0,,0.0
2026-03-05,11.99,11.84,12.58,11.53,389352.05,462695.764,1.0,,0.0
2026-03-06,11.77,11.64,11.82,11.4,299965.07,346535.617,1.0,,0.0
2026-03-09,12.48,11.67,12.66,11.67,476652.81,579434.634,1.0,,0.0
2026-03-10,11.22,11.22,11.42,11.17,341877.89,385635.76,1.0,,0.0
2026-03-11,11.15,11.25,11.28,10.97,263884.68,293552.198,1.0,,0.0
2026-03-12,11.4,11.18,11.43,11.1,225137.0,253147.345,1.0,,0.0
2026-03-13,11.26,11.04,11.33,11.01,182693.0,204251.722,1.0,,0.0
2026-03-16,11.03,11.1,11.28,11.02,137756.0,153352.908,1.0,,0.0
2026-03-17,10.99,10.76,11.07,10.73,185520.09,201832.886,1.0,,0.0
2026-03-18,10.7,10.57,10.73,10.44,131166.08,138185.231,1.0,,0.0
2026-03-19,10.76,10.66,10.89,10.61,151132.01,161966.415,1.0,,0.0
2026-03-20,10.41,10.16,10.48,10.15,139147.0,143307.357,1.0,,0.0
2026-03-23,10.28,10.26,10.45,10.05,157825.0,162060.062,1.0,,0.0
2026-03-24,10.15,10.11,10.19,9.85,144694.44,145086.564,1.0,,0.0
2026-03-25,10.0,10.21,10.31,9.93,115222.0,116890.061,1.0,,0.0
2026-03-26,10.19,10.2,10.37,10.16,119952.9,122872.155,1.0,,0.0
2026-03-27,10.18,10.28,10.29,10.08,94874.89,96696.603,1.0,,0.0
2026-03-30,10.3,10.22,10.39,10.15,84853.01,86835.296,1.0,,0.0
2026-03-31,10.18,10.04,10.28,10.0,81571.02,82695.815,1.0,,0.0
2026-04-01,10.13,10.12,10.18,10.07,66808.0,67685.082,1.0,,0.0
2026-04-02,10.14,10.21,10.25,10.1,99289.0,101185.44,1.0,,0.0
2026-04-03,10.28,9.8,10.3,9.79,107745.0,107024.466,1.0,,0.0
2026-04-07,9.78,9.99,10.04,9.56,99323.0,97348.645,1.0,,0.0
2026-04-08,9.92,10.04,10.04,9.76,110694.0,109998.598,1.0,,0.0
2026-04-09,10.04,9.91,10.23,9.89,98131.01,98111.663,1.0,,0.0
2026-04-10,9.91,9.93,10.0,9.84,65805.02,65327.174,1.0,,0.0
2026-04-13,10.0,10.0,10.01,9.85,72801.02,72318.399,1.0,,0.0
2026-04-14,9.95,9.92,9.98,9.85,64879.0,64171.181,1.0,,0.0
2026-04-15,9.9,9.77,9.9,9.76,65882.3,64540.052,1.0,,0.0
2026-04-16,9.78,9.71,9.79,9.63,82069.0,79478.148,1.0,,0.0
2026-04-17,9.72,9.62,9.73,9.58,65361.0,62905.12,1.0,,0.0
2026-04-20,9.62,9.68,9.7,9.56,60608.0,58441.511,1.0,,0.0
2026-04-21,9.68,9.62,9.7,9.53,59895.0,57387.661,1.0,,0.0
2026-04-22,9.62,9.63,9.66,9.6,42513.11,40939.162,1.0,,0.0
2026-04-23,9.68,9.79,9.83,9.62,103822.0,101170.176,1.0,,0.0
2026-04-24,9.77,9.59,9.78,9.55,70222.0,67605.966,1.0,,0.0
2026-04-27,9.57,9.7,9.71,9.41,82441.11,78929.067,1.0,,0.0
2026-04-28,9.69,9.87,9.88,9.59,115577.03,112707.733,1.0,,0.0
2026-04-29,9.77,9.75,9.81,9.73,87213.0,85188.748,1.0,,0.0
2026-04-30,9.79,9.73,9.83,9.7,63379.62,61826.453,1.0,,0.0
2026-05-06,9.73,9.61,9.77,9.55,80361.44,77099.604,1.0,,0.0
2026-05-07,9.57,9.49,9.57,9.46,71305.0,67678.162,1.0,,0.0
2026-05-08,9.46,9.52,9.54,9.45,51709.9,49140.752,1.0,,0.0
2026-05-11,9.56,9.46,9.57,9.42,570012400.0,539526280.0,1.0,,0.0
2026-05-12,9.47,9.33,9.48,9.3,68554.0,64190.375,1.0,,0.0
2026-05-13,9.33,9.24,9.35,9.23,57519.0,53304.723,1.0,,0.0
2026-05-14,9.23,9.07,9.26,9.07,70638.48,64438.298,1.0,,0.0
2026-05-15,9.07,9.03,9.17,8.97,64969.5,58829.871,1.0,,0.0
2026-05-18,9.07,9.07,9.08,8.91,61788.81,55541.295,1.0,,0.0
2026-05-19,9.05,9.11,9.14,9.0,48357.21,43849.23,1.0,,0.0
2026-05-20,9.09,8.97,9.1,8.93,41377.56,37203.148,1.0,,0.0
2026-05-21,8.91,8.64,8.97,8.64,76729.56,67533.922,1.0,,0.0
2026-05-22,8.68,8.63,8.71,8.54,49301.0,42402.533,1.0,,0.0
2026-05-25,8.62,8.45,8.66,8.42,79540.78,67589.146,1.0,,0.0
2026-05-26,8.43,8.35,8.43,8.24,75191.95,62478.903,1.0,,0.0
2026-05-27,8.38,8.18,8.51,8.1,69151.0,56708.26,1.0,,0.0
2026-05-28,8.18,8.22,8.24,8.08,53013.78,43347.181,1.0,,0.0
2026-05-29,8.16,8.21,8.28,8.15,61306.74,50311.16649,1.0,,0.0
2026-06-01,8.23,8.5,8.51,8.17,78722.38,66219.65176,1.0,,0.0
2026-06-02,8.52,8.35,8.52,8.29,62931.0,52602.646,1.0,,0.0
2026-06-03,8.35,8.33,8.38,8.18,51386.31,42461.14268,1.0,,0.0
2026-06-04,8.25,8.05,8.28,7.98,71750.0,57973.513,1.0,,0.0
2026-06-05,8.01,8.1,8.18,7.94,56668.0,45812.317,1.0,,0.0
2026-06-08,8.01,7.91,8.15,7.82,61526.0,48986.1961,1.0,,0.0
2026-06-09,7.99,7.8,7.99,7.71,47915.0,37348.693,1.0,,0.0
2026-06-10,7.76,7.7,7.8,7.61,52100.0,40028.283,1.0,,0.0
2026-06-11,7.75,7.78,7.97,7.66,57902.0,45037.637,1.0,,0.0
2026-06-12,7.8,7.91,7.94,7.66,69118.0,54115.599,1.0,,0.0
2026-06-15,7.86,7.92,8.03,7.81,51208.5,40565.52749,1.0,,0.0
2026-06-16,7.91,7.78,7.92,7.7,48101.11,37360.0987,1.0,,0.0
2026-06-17,7.75,7.55,7.78,7.5,70618.0,53684.372,1.0,,0.0
2026-06-18,7.55,7.46,7.58,7.4,43585.06,32602.81552,1.0,,0.0
2026-06-22,7.39,7.46,7.48,7.22,71935.09,52760.73193,1.0,,0.0
2026-06-23,7.42,7.57,7.71,7.4,73875.0,56141.929,1.0,,0.0
2026-06-24,7.58,7.28,7.59,7.23,64027.0,46963.371,1.0,,0.0
2026-06-25,7.26,7.17,7.29,7.08,62484.0,44682.233,1.0,,0.0
2026-06-26,7.16,6.98,7.18,6.94,70929.49,49800.17592,1.0,,0.0
2026-06-29,6.98,7.0,7.04,6.79,65602.0,45560.168,1.0,,0.0
2026-06-30,7.01,6.97,7.08,6.87,52346.0,36487.597,1.0,,0.0
2026-07-01,6.97,7.06,7.12,6.93,64255.92,45335.13076,1.0,,0.0
2026-07-02,7.06,7.18,7.3,7.03,87164.0,62770.084,1.0,,0.0
2026-07-03,7.2,7.32,7.36,7.19,64336.0,46990.842,1.0,,0.0
2026-07-06,7.3,7.25,7.38,7.23,40007.0,29156.634,1.0,,0.0
2026-07-07,7.24,7.03,7.25,7.02,49599.59,35068.53477,1.0,,0.0
2026-07-08,7.1,7.21,7.27,7.02,73531.92,52582.70572,1.0,,0.0
2026-07-09,7.19,7.17,7.35,7.11,72780.48,52526.19308,1.0,,0.0
2026-07-10,7.06,7.26,7.34,7.0,77444.67,55916.89746,1.0,,0.0
2026-07-13,7.37,7.2,7.38,7.15,54244.0,39188.49624,1.0,,0.0
2026-07-14,7.24,7.37,7.39,7.22,71630.83,52569.41682,1.0,,0.0
2026-07-15,7.27,7.54,7.54,7.26,88326.01,65869.20318,1.0,,0.0
2026-07-16,7.42,7.73,7.74,7.39,93533.75,70855.68625,1.0,,0.0
2026-07-17,7.73,7.88,8.1,7.66,214816.23,169973.59262,1.0,,0.0
2026-07-20,7.89,7.81,8.07,7.71,179810.0,141693.105,1.0,,0.0
2026-07-21,7.67,7.53,7.72,7.43,159108.69,120409.73605,1.0,,0.0
2026-07-22,7.53,7.62,7.62,7.41,92151.57,69339.9125,1.0,,0.0
2026-07-23,7.58,7.71,7.71,7.56,69469.43,53268.43089,1.0,,0.0
2026-07-24,7.74,7.44,8.02,7.42,89555.1,68545.7708,1.0,,0.0
2026-07-27,7.37,7.47,7.52,7.21,66992.0,49702.649,1.0,,0.0
2026-07-28,7.44,7.45,7.5,7.39,50556.0,37571.598,1.0,,0.0
2026-07-29,7.45,7.58,7.62,7.44,57926.1,43779.2213,1.0,,0.0
2026-07-30,7.63,7.63,7.77,7.56,63954.01,49019.09768,1.0,,0.0
2026-07-31,7.59,7.73,7.73,7.54,55518.0,42613.041,1.0,,0.0
2026-08-03,7.69,7.95,7.96,7.68,67669.0,53184.31,1.0,,0.0
2026-08-04,8.0,7.82,8.0,7.8,59854.11,47080.78857,1.0,,0.0
2026-08-05,7.82,7.72,7.84,7.66,73866.01,57051.01176,1.0,,0.0
2026-08-06,7.71,7.76,7.8,7.62,58908.0,45488.697,1.0,,0.0
2026-08-07,7.76,7.77,7.81,7.59,76639.8,59144.9448,1.0,,0.0
2026-08-10,7.77,7.9,7.91,7.73,60116.0,47247.542,1.0,,0.0
2026-08-11,8.0,7.89,8.0,7.81,60131.64,47394.95848,1.0,,0.0
2026-08-12,8.1,8.33,8.38,8.06,303129.18,248671.85113,1.0,5.9338,0.0
2026-08-13,8.19,7.95,8.2,7.94,191731.53,154482.95693,1.0,3.75,0.0
2026-08-14,7.9,7.78,7.9,7.76,94552.0,73837.2052,1.0,1.85,0.0
2026-08-17,7.77,7.81,7.84,7.72,59016.74,46002.1909,1.0,0.0,0.0
2026-08-18,7.85,7.95,7.96,7.82,68744.45,54340.05455,1.0,0.0,0.0
2026-08-19,7.93,7.81,8.02,7.78,66115.9,51986.8399,1.0,0.0,0.0
2026-08-20,7.81,7.92,7.95,7.79,59668.0,47061.771,1.0,1.1301,1.168
2026-08-21,7.91,7.96,7.97,7.84,51691.0,40892.438,1.0,0.979,1.0119
2026-08-24,7.89,7.93,7.97,7.86,42065.0,33275.494,1.0,0.7967,0.8234
2026-08-25,7.91,8.1,8.11,7.88,76293.0,61491.255,1.0,1.4449,1.4935
2026-08-26,8.06,8.13,8.15,8.0,55202.0,44642.916,1.0,1.0455,1.0806
2026-08-27,8.13,8.15,8.18,8.08,61197.01,49778.80315,1.0,1.159,1.1979
2026-08-28,8.18,8.28,8.3,8.08,96020.49,78811.12679,1.0,1.8186,1.8796
2026-08-31,8.29,8.23,8.32,8.17,62833.49,51694.01823,1.0,1.19,1.23
2026-09-01,8.27,8.35,8.38,8.24,74525.9,62153.2118,1.0,1.4115,1.4589
2026-09-02,8.42,8.37,8.47,8.26,79608.01,66457.55827,1.0,1.5077,1.5584
2026-09-03,8.31,8.25,8.4,8.18,67539.66,55916.101,1.0,1.2792,1.3221
2026-09-04,8.22,8.29,8.36,8.2,57919.25,48036.36525,1.0,1.097,1.1338
2026-09-07,8.2,8.22,8.26,8.17,34515.25,28334.32325,1.0,0.6537,0.6756
2026-09-08,8.24,8.45,8.45,8.2,83686.02,69982.72668,1.0,1.585,1.6382
2026-09-09,8.45,8.42,8.48,8.34,49581.05,41660.58795,1.0,0.939,0.9706
2026-09-10,8.45,8.29,8.53,8.28,53725.0,44933.817,1.0,1.0175,1.0517
2026-09-11,8.31,8.1,8.39,8.08,60890.0,49652.946,1.0,1.1532,1.1919
2026-09-14,8.13,8.14,8.24,8.04,51880.0,42260.633,1.0,0.9826,1.0156
2026-09-15,8.1,7.98,8.14,7.95,57782.3,46390.2478,1.0,1.0944,1.1311
2026-09-16,7.97,8.01,8.11,7.94,45589.12,36631.86148,1.0,0.8634,0.8924
2026-09-17,7.95,7.96,8.02,7.81,47103.0,37288.84,1.0,0.8921,0.9221
2026-09-18,7.98,7.97,8.08,7.9,63213.88,50639.90432,1.0,1.1972,1.2374
2026-09-21,8.0,8.07,8.09,7.97,36432.06,29277.15042,1.0,0.69,0.7132
2026-09-22,8.05,8.01,8.09,7.95,35276.0,28220.282,1.0,0.6681,0.6905
2026-09-23,7.97,7.9,7.99,7.88,27975.98,22163.53418,1.0,0.5298,0.5476
2026-09-24,7.9,7.89,7.97,7.85,25935.3,20501.3226,1.0,0.4912,0.5077
