date,open,close,high,low,volume,money,factor,turnover,turnover_free
2021-05-10,59.228521,61.398521,62.598521000000005,59.228521,549439.86,4265793.301,0.7871605256410257,,0.0
2021-05-11,60.558521,61.738521000000006,62.398521,59.988521000000006,273334.64,2127125.363,0.7880842609139648,,0.0
2021-05-12,62.29852100000001,60.668521,62.29852100000001,59.848521000000005,273410.35,2106351.405,0.7851497476381519,,0.0
2021-05-13,59.51852100000001,58.54852100000001,59.898521,58.398521,329507.62,2482149.422,0.7790887691284099,,0.0
2021-05-14,58.698521,59.838521,59.968521,57.01852100000001,304811.13,2297770.135,0.7828168628990058,,0.0
2021-05-17,60.398521,61.79852100000001,62.748521,60.278521,418092.3,3276114.961,0.7882464413265307,,0.0
2021-05-18,63.198521,61.238521000000006,63.398521,60.598521000000005,268555.15,2106345.388,0.7867230344295992,,0.0
2021-05-19,60.448521,60.728521,61.15852100000001,59.898521,225052.69,1736145.799,0.7853164489848701,,0.0
2021-05-20,62.398521,64.098521,64.258521,60.968521,735330.93,5884598.445,0.7942815489467163,,0.0
2021-05-21,64.498521,64.948521,66.498521,64.268521,502224.28,4119754.982,0.7964257633353771,,0.0
2021-05-24,66.028521,65.598521,66.398521,64.348521,360149.44,2956298.659,0.7980355352798054,,0.0
2021-05-25,66.368521,66.678521,67.598521,65.738521,417467.44,3478155.176,0.8006546709894332,,0.0
2021-05-26,67.29852100000001,67.728521,68.388521,65.848521,360381.91,3021930.596,0.8031367366299064,,0.0
2021-05-27,68.388521,67.29852100000001,68.428521,66.82852100000001,296156.6,2486863.194,0.8021277830750895,,0.0
2021-05-28,66.678521,65.928521,66.68852100000001,65.398521,387415.14,3196831.619,0.7988430994789774,,0.0
2021-05-31,66.098521,64.398521,66.098521,63.138521,523951.01,4208270.644,0.7950434691358025,,0.0
2021-06-01,64.308521,63.568521,64.308521,62.718521,473370.82,3776569.523,0.7929215541973307,,0.0
2021-06-02,64.3991057,64.4991057,64.4991057,63.4991057,342846.54,2706286.214,0.8113095056603774,,0.0
2021-06-03,64.4991057,62.92910570000001,64.8391057,62.479105700000005,416690.46,3262957.927,0.8075080931605287,,0.0
2021-06-04,62.4091057,62.729105700000005,63.4991057,61.5291057,283066.03,2194930.977,0.8070128097259746,,0.0
2021-06-07,62.7491057,61.7791057,62.7691057,61.14910570000001,277274.99,2124176.47,0.8046249765563949,,0.0
2021-06-08,61.89910570000001,61.0191057,62.2991057,60.6291057,320893.44,2446270.922,0.8026717403314917,,0.0
2021-06-09,61.2691057,60.589105700000005,61.619105700000006,60.1991057,251380.05,1900479.893,0.801549222119328,,0.0
2021-06-10,60.6991057,60.39910570000001,60.9391057,59.89910570000001,320755.63,2419455.653,0.8010491472148541,,0.0
2021-06-11,60.39910570000001,58.9991057,60.5991057,58.509105700000006,465213.67,3444045.477,0.7972852121621622,,0.0
2021-06-15,58.869105700000006,58.2391057,59.4991057,56.9991057,445900.3,3245305.091,0.7951816725832879,,0.0
2021-06-16,58.89910570000001,59.9991057,60.259105700000006,58.1991057,449701.85,3359892.667,0.799988076,,0.0
2021-06-17,60.1991057,58.4591057,60.3291057,58.2991057,299292.38,2214198.276,0.7957950680642527,,0.0
2021-06-18,58.3291057,58.7991057,59.2091057,57.1591057,388178.63,2831313.013,0.796735849593496,,0.0
2021-06-21,58.8191057,56.9991057,58.8291057,56.1691057,477386.43,3450150.41,0.7916542458333333,,0.0
2021-06-22,56.89910570000001,56.2791057,57.8791057,55.8791057,410341.69,2942649.258,0.7895497432659933,,0.0
2021-06-23,56.2091057,58.1691057,58.28910570000001,55.6991057,434043.58,3139531.924,0.7949857277572776,,0.0
2021-06-24,59.4991057,58.1991057,59.4991057,57.7091057,287028.16,2103271.9,0.79506975,,0.0
2021-06-25,58.5691057,58.1691057,58.7791057,57.5791057,412552.01,3019079.359,0.7949857277572776,,0.0
2021-06-28,58.17910570000001,58.2091057,58.89910570000001,57.4991057,306845.68,2240502.743,0.7950977421117333,,0.0
2021-06-29,58.7791057,56.4591057,58.7991057,56.2391057,349799.11,2518377.824,0.7900798446683459,,0.0
2021-06-30,56.0991057,56.369105700000006,56.89910570000001,55.8491057,284444.13,2022265.551,0.7898151282051282,,0.0
2021-07-01,56.2991057,58.2391057,58.3891057,55.5591057,446417.83,3221962.175,0.7951816725832879,,0.0
2021-07-02,57.6291057,56.0991057,57.7491057,55.6591057,403184.36,2873257.072,0.7890169578059072,,0.0
2021-07-05,55.2791057,53.1991057,55.369105700000006,51.7791057,780811.02,5309270.148,0.7800455381231672,,0.0
2021-07-06,52.6591057,53.6091057,54.3491057,51.8091057,410636.62,2802133.748,0.7813599431569742,,0.0
2021-07-07,53.9491057,55.3891057,56.9491057,53.6091057,559597.61,3961973.98,0.7868888435857366,,0.0
2021-07-08,54.9991057,54.9991057,55.78910570000001,53.8591057,359770.37,2508845.301,0.78570151,,0.0
2021-07-09,54.5491057,54.1991057,55.5791057,53.7091057,290798.3,2016604.915,0.7832240708092486,,0.0
2021-07-12,54.6391057,55.6991057,56.4991057,53.9191057,404955.49,2860148.826,0.7878232772277228,,0.0
2021-07-13,55.7791057,57.7991057,58.3291057,55.5791057,474532.41,3430086.441,0.7939437596153847,,0.0
2021-07-14,57.4491057,56.9991057,57.7991057,56.5591057,334055.15,2405155.834,0.7916542458333333,,0.0
2021-07-15,56.9991057,56.1691057,57.3491057,55.6091057,319702.43,2276242.685,0.789224472390052,,0.0
2021-07-16,56.2991057,54.6991057,56.2991057,53.7991057,456910.25,3180537.683,0.7847791348637017,,0.0
2021-07-19,54.78910570000001,55.1391057,55.2991057,53.5991057,305611.68,2124892.125,0.786129251497006,,0.0
2021-07-20,54.6591057,54.6091057,55.2191057,54.009105700000006,230947.8,1603201.065,0.7845008720011493,,0.0
2021-07-21,54.7191057,52.9891057,54.9191057,52.8091057,515186.57,3525935.836,0.7793661670833946,,0.0
2021-07-22,52.9891057,53.2991057,54.8891057,51.979105700000005,428837.59,2952043.815,0.7803675797950219,,0.0
2021-07-23,53.2991057,51.9591057,53.8791057,51.509105700000006,424513.36,2851914.803,0.7759723073476702,,0.0
2021-07-26,50.5791057,49.67910570000001,51.0691057,48.8691057,570128.81,3709400.702,0.7680752272727274,,0.0
2021-07-27,49.6691057,46.3991057,49.979105700000005,46.3991057,618698.75,3893777.293,0.7556857605863192,,0.0
2021-07-28,46.3991057,48.2791057,48.7991057,46.1091057,477829.07,2994650.503,0.7629441482300885,,0.0
2021-07-29,49.4991057,48.2991057,49.4991057,47.6291057,392712.65,2485962.571,0.7630190473933649,,0.0
2021-07-30,48.089105700000005,48.5091057,49.0791057,46.9591057,419778.74,2648623.981,0.7638026405290506,,0.0
2021-08-02,48.4991057,51.0791057,51.6591057,47.5791057,544452.6,3553099.532,0.7729888877118645,,0.0
2021-08-03,50.4991057,55.9191057,57.259105700000006,50.17910570000001,899927.68,6224743.064,0.7884814678510998,,0.0
2021-08-04,55.39910570000001,54.9891057,56.67910570000001,54.729105700000005,426362.29,3000695.827,0.7856708915559366,,0.0
2021-08-05,54.4491057,54.89910570000001,56.6091057,54.089105700000005,453382.68,3201066.025,0.7853949313304721,,0.0
2021-08-06,54.9991057,55.3491057,56.0491057,53.0491057,344817.66,2410493.994,0.7867676716417911,,0.0
2021-08-09,54.5991057,57.4691057,58.4991057,54.369105700000006,513619.21,3711851.356,0.7930054601904236,,0.0
2021-08-10,57.0991057,57.8491057,57.8491057,55.8291057,323715.45,2326129.708,0.7940851846259437,,0.0
2021-08-11,57.339105700000005,56.92910570000001,58.5491057,56.869105700000006,285607.14,2073013.76,0.7914514903378285,,0.0
2021-08-12,56.4991057,55.9191057,57.4691057,55.5991057,305392.65,2176736.608,0.7884814678510998,,0.0
2021-08-13,55.9191057,56.6091057,56.979105700000005,54.7991057,303013.04,2153012.741,0.7905195601173021,,0.0
2021-08-16,56.6091057,59.9891057,60.4491057,56.4491057,663055.82,4925830.244,0.799961404187225,,0.0
2021-08-17,59.979105700000005,58.39910570000001,60.4991057,58.1091057,414103.11,3078533.153,0.7956281430517711,,0.0
2021-08-18,58.3891057,59.4991057,59.9991057,57.6991057,326173.17,2419424.671,0.7986457140939598,,0.0
2021-08-19,59.9591057,56.9391057,60.2791057,56.869105700000006,328662.21,2403024.43,0.7914804795663053,,0.0
2021-08-20,55.9891057,56.9991057,57.4891057,54.78910570000001,301298.22,2143875.729,0.7916542458333333,,0.0
2021-08-23,56.6991057,55.6091057,57.5491057,55.1291057,242164.01,1715542.962,0.7875528352924515,,0.0
2021-08-24,55.1991057,55.4991057,56.14910570000001,53.17910570000001,387440.22,2700934.79,0.7872213574468085,,0.0
2021-08-25,55.0991057,54.14910570000001,55.6991057,53.9991057,253518.79,1761336.902,0.7830673275488069,,0.0
2021-08-26,54.1391057,52.92910570000001,54.64910570000001,52.509105700000006,305609.14,2082846.695,0.7791712895627853,,0.0
2021-08-27,52.92910570000001,52.7991057,53.979105700000005,52.3791057,245560.8,1670326.402,0.7787478716814159,,0.0
2021-08-30,52.9491057,50.979105700000005,53.1091057,50.3091057,453444.2,2990768.858,0.7726448272203699,,0.0
2021-08-31,50.89910570000001,50.9991057,52.8891057,50.259105700000006,319641.02,2120020.156,0.7727137227272728,,0.0
2021-09-01,51.509105700000006,54.14910570000001,54.8491057,50.17910570000001,541204.72,3688604.134,0.7830673275488069,,0.0
2021-09-02,54.5791057,54.1891057,54.5791057,52.8491057,427612.83,2930294.69,0.7831927402803873,,0.0
2021-09-03,53.9691057,55.03910570000001,55.1291057,53.1991057,286807.84,1995822.443,0.7858238963449458,,0.0
2021-09-06,55.119105700000006,57.119105700000006,58.2391057,55.1091057,396106.16,2853865.986,0.7920009109816972,,0.0
2021-09-07,57.6991057,58.0191057,58.92910570000001,56.8091057,389370.22,2852011.278,0.7945645809367297,,0.0
2021-09-08,57.9991057,57.7191057,58.64910570000001,57.2091057,266823.59,1945966.049,0.7937170750825082,,0.0
2021-09-09,57.7191057,57.0191057,58.3491057,56.229105700000005,223508.46,1611240.093,0.7917121035823382,,0.0
2021-09-10,57.0191057,57.39910570000001,57.9991057,56.0991057,210795.81,1520883.789,0.7928053273480663,,0.0
2021-09-13,57.3191057,55.979105700000005,57.6891057,55.729105700000005,212937.72,1519720.223,0.7886602662721893,,0.0
2021-09-14,55.9991057,53.42910570000001,56.39910570000001,53.2091057,307033.35,2132022.305,0.7807848268303376,,0.0
2021-09-15,53.009105700000006,51.5191057,53.4191057,50.7991057,396306.58,2652852.006,0.7744904645219483,,0.0
2021-09-16,51.5191057,50.9491057,52.17910570000001,50.7991057,294662.22,1952956.773,0.7725414056103108,,0.0
2021-09-17,51.3591057,53.259105700000006,53.2791057,51.089105700000005,260977.37,1757915.165,0.7802388763551128,,0.0
2021-09-22,51.9991057,51.0791057,52.2991057,50.8791057,239677.87,1589166.507,0.7729888877118645,,0.0
2021-09-23,51.759105700000006,51.78910570000001,52.0991057,50.9991057,199430.38,1327533.718,0.7754020916304837,,0.0
2021-09-24,51.4991057,52.1991057,53.1991057,51.089105700000005,273724.09,1841748.628,0.77677240625,,0.0
2021-09-27,52.1891057,53.6991057,55.3891057,51.7691057,332664.6,2292141.631,0.7816463711790393,,0.0
2021-09-28,53.0691057,55.2691057,55.4991057,52.3091057,347514.38,2424145.96,0.786524913903515,,0.0
2021-09-29,54.9491057,55.2691057,55.89910570000001,54.2791057,295308.2,2075477.39,0.786524913903515,,0.0
2021-09-30,55.2691057,54.5991057,56.1291057,54.4991057,218791.16,1537243.044,0.7844699094827586,,0.0
2021-10-08,55.1991057,57.4991057,57.5791057,54.7491057,416133.73,2987690.472,0.7930911131034483,,0.0
2021-10-11,57.6991057,56.0791057,58.0991057,56.0791057,234492.47,1683573.325,0.7889575928531233,,0.0
2021-10-12,56.1091057,56.619105700000006,57.5791057,55.0791057,215990.19,1548732.744,0.7905488089919017,,0.0
2021-10-13,56.9991057,55.9991057,57.2191057,55.2491057,160558.9,1139319.628,0.7887197985915493,,0.0
2021-10-14,56.0291057,55.1291057,56.619105700000006,54.64910570000001,162333.58,1143450.65,0.7860987551689719,,0.0
2021-10-15,55.9991057,55.9991057,56.7791057,55.3591057,204251.07,1447693.569,0.7887197985915493,,0.0
2021-10-18,55.9991057,54.619105700000006,55.9991057,53.9991057,219018.73,1524555.399,0.7845318256248205,,0.0
2021-10-19,54.3091057,54.8791057,55.4591057,54.0491057,181044.97,1265164.859,0.7853335103033772,,0.0
2021-10-20,54.9991057,53.0691057,55.4991057,53.0191057,302766.09,2074541.249,0.7796254693697664,,0.0
2021-10-21,53.2791057,54.67910570000001,54.78910570000001,53.03910570000001,205973.02,1416973.726,0.7847173607921929,,0.0
2021-10-22,54.9691057,59.4991057,59.9991057,54.9491057,819479.36,6030294.05,0.7986457140939598,,0.0
2021-10-25,58.9891057,57.39910570000001,59.2991057,56.5991057,430581.06,3124400.474,0.7928053273480663,,0.0
2021-10-26,56.7491057,55.0191057,56.979105700000005,55.0191057,396448.1,2798221.885,0.7857627206512425,,0.0
2021-10-27,54.0591057,51.9991057,54.4491057,51.9991057,678497.0,4597497.865,0.7761060552238807,,0.0
2021-10-28,51.4991057,53.119105700000006,53.3491057,51.03910570000001,277978.6,1876958.742,0.7797872240164416,,0.0
2021-10-29,52.42910570000001,53.7691057,54.4991057,52.2991057,282021.16,1933712.606,0.7818686302166642,,0.0
2021-11-01,56.2691057,57.8091057,58.9191057,55.64910570000001,748110.69,5437920.545,0.793972060156572,,0.0
2021-11-02,57.8091057,55.8091057,58.3891057,55.3791057,339795.98,2430850.401,0.7881528837734784,,0.0
2021-11-03,55.0291057,54.3191057,56.4991057,54.3191057,221362.9,1550205.587,0.7835993320830928,,0.0
2021-11-04,54.9991057,55.7191057,56.2391057,54.4891057,236740.66,1667235.035,0.7878832819570136,,0.0
2021-11-05,55.3091057,55.7491057,56.8091057,54.78910570000001,186306.32,1321929.414,0.7879732254416961,,0.0
2021-11-08,55.6291057,55.4391057,55.9591057,54.7991057,149609.96,1051451.981,0.7870401149914821,,0.0
2021-11-09,55.3491057,53.9991057,55.3491057,53.369105700000006,227670.37,1571550.505,0.7825957347826087,,0.0
2021-11-10,53.6891057,54.5791057,54.7991057,53.0191057,237357.91,1632341.271,0.7844079577464789,,0.0
2021-11-11,54.1891057,57.03910570000001,57.3591057,53.89910570000001,363320.28,2604623.041,0.7917699292059968,,0.0
2021-11-12,56.8791057,57.1691057,58.8791057,56.5991057,266143.92,1929374.935,0.7921450145489816,,0.0
2021-11-15,56.9991057,57.479105700000005,57.9991057,56.4991057,214973.17,1553116.114,0.7930340190397351,,0.0
2021-11-16,57.9991057,57.729105700000005,58.4991057,57.3891057,211401.9,1540309.641,0.793745437921078,,0.0
2021-11-17,57.2491057,57.1091057,58.1991057,56.5191057,143903.3,1039576.297,0.7919720662876162,,0.0
2021-11-18,56.8291057,55.2191057,56.839105700000005,54.979105700000005,194134.31,1370784.033,0.7863729094275136,,0.0
2021-11-19,55.2191057,54.9991057,55.4991057,54.3091057,251029.95,1750975.581,0.78570151,,0.0
2021-11-22,54.729105700000005,54.9491057,55.2791057,54.4991057,229662.39,1602179.694,0.7855483302358828,,0.0
2021-11-23,54.9391057,54.4691057,54.9391057,54.0191057,224157.18,1554230.541,0.7840665855765079,,0.0
2021-11-24,55.14910570000001,55.14910570000001,55.369105700000006,54.0191057,252709.93,1761908.032,0.7861597391304348,,0.0
2021-11-25,54.9991057,54.1391057,54.9991057,54.0791057,181103.45,1254877.493,0.7830359516922187,,0.0
2021-11-26,53.9991057,53.8091057,54.4491057,53.5791057,140483.78,969361.339,0.7819954323499492,,0.0
2021-11-29,52.9891057,53.1691057,53.5791057,52.7191057,200021.0,1361366.065,0.7799487413818396,,0.0
2021-11-30,52.8591057,52.7791057,54.14910570000001,52.6691057,195436.71,1332560.745,0.7786825863086456,,0.0
2021-12-01,52.6691057,53.1591057,53.1991057,52.1991057,180101.01,1220013.294,0.7799164568661971,,0.0
2021-12-02,52.3791057,52.7391057,52.9691057,52.1091057,172928.4,1169569.317,0.778551899911426,,0.0
2021-12-03,52.7091057,52.1591057,52.7091057,51.67910570000001,217091.79,1455435.33,0.7766394535437761,,0.0
2021-12-06,52.1591057,53.5691057,53.7791057,52.1091057,281560.18,1927815.523,0.7812324004666764,,0.0
2021-12-07,54.0991057,55.229105700000005,55.39910570000001,54.0991057,459961.0,3221759.578,0.7864033276377617,,0.0
2021-12-08,55.3891057,54.9891057,55.4491057,53.9991057,244486.18,1705575.366,0.7856708915559366,,0.0
2021-12-09,56.4991057,57.2191057,57.7491057,55.8791057,587205.74,4231464.731,0.7922889185821103,,0.0
2021-12-10,56.6591057,56.89910570000001,57.39910570000001,55.6991057,297742.71,2133466.23,0.7913644742698193,,0.0
2021-12-13,57.7491057,57.9491057,60.2691057,57.5191057,543929.76,4021351.648,0.7943674530500343,,0.0
2021-12-14,57.2491057,56.0491057,57.479105700000005,56.0491057,253301.23,1813446.503,0.7888684827586206,,0.0
2021-12-15,55.9891057,55.3491057,56.4091057,55.17910570000001,165669.27,1169764.12,0.7867676716417911,,0.0
2021-12-16,55.4491057,55.39910570000001,55.8791057,54.8191057,153603.53,1077897.221,0.7869191150568182,,0.0
2021-12-17,55.089105700000005,53.6991057,55.259105700000006,53.6991057,204678.41,1419353.357,0.7816463711790393,,0.0
2021-12-20,53.8791057,54.619105700000006,55.339105700000005,53.8091057,206579.79,1440391.946,0.7845318256248205,,0.0
2021-12-21,54.6091057,56.64910570000001,57.1291057,54.4991057,317596.6,2268444.039,0.7906365066294487,,0.0
2021-12-22,56.4491057,56.5291057,56.89910570000001,55.0291057,224831.08,1595253.317,0.790285274709912,,0.0
2021-12-23,56.089105700000005,56.869105700000006,57.869105700000006,55.9991057,196541.81,1412656.991,0.7912773855572562,,0.0
2021-12-24,56.3291057,57.1591057,57.2491057,55.8291057,163774.82,1174612.543,0.79211620981153,,0.0
2021-12-27,57.1991057,58.0491057,58.9991057,56.89910570000001,275623.36,2020201.843,0.7946489486652978,,0.0
2021-12-28,58.0491057,60.17910570000001,60.4591057,58.0491057,512720.47,3839791.457,0.8004669553072626,,0.0
2021-12-29,59.9991057,59.009105700000006,60.5491057,58.7491057,215842.58,1603790.662,0.7973126023510336,,0.0
2021-12-30,58.9991057,58.9591057,59.4991057,58.17910570000001,218290.08,1615514.267,0.7971755773391023,,0.0
2021-12-31,58.89910570000001,58.8091057,59.4391057,57.7791057,216733.93,1593276.844,0.7967633884297521,,0.0
2022-01-04,58.9991057,60.3591057,60.4991057,58.5991057,310408.01,2323005.428,0.8009435469745223,,0.0
2022-01-05,60.39910570000001,61.2691057,64.8291057,59.7391057,613699.22,4743653.586,0.8033185485774224,,0.0
2022-01-06,60.8091057,59.979105700000005,63.1891057,59.7991057,341889.49,2599839.611,0.7999347252600694,,0.0
2022-01-07,60.479105700000005,62.7791057,63.479105700000005,60.009105700000006,437220.85,3393184.312,0.8071368693751607,,0.0
2022-01-10,63.1991057,62.7991057,65.8791057,61.9991057,352521.63,2760629.556,0.8071864485861182,,0.0
2022-01-11,62.0191057,60.5991057,63.8191057,60.4991057,336945.29,2592315.666,0.8015754722222223,,0.0
2022-01-12,61.089105700000005,59.2791057,61.3191057,58.0291057,384641.29,2852050.497,0.7980493497576737,,0.0
2022-01-13,59.5791057,57.3191057,60.3591057,57.1991057,267325.85,1957650.624,0.7925761297013274,,0.0
2022-01-14,57.0991057,56.9991057,57.8491057,56.39910570000001,209969.9,1516106.943,0.7916542458333333,,0.0
2022-01-17,57.0991057,58.0291057,58.4391057,56.7191057,203811.36,1481637.501,0.7945927112145694,,0.0
2022-01-18,57.8091057,58.2991057,58.67910570000001,57.0191057,213077.18,1554810.615,0.7953493274215553,,0.0
2022-01-19,58.6991057,60.229105700000005,61.1891057,58.4591057,404010.59,3035602.735,0.8005995706500066,,0.0
2022-01-20,60.1891057,63.619105700000006,63.7991057,60.1091057,506621.97,3941616.64,0.8091974777410328,,0.0
2022-01-21,63.119105700000006,62.4091057,63.8191057,61.6291057,302262.21,2345227.569,0.8062150329414804,,0.0
2022-01-24,61.7991057,62.0791057,64.0291057,61.4991057,169130.71,1307756.734,0.8053853879086663,,0.0
2022-01-25,61.7991057,60.8491057,63.7991057,60.2191057,251851.51,1938021.218,0.8022294752801582,,0.0
2022-01-26,61.4691057,61.509105700000006,62.5291057,60.53910570000001,179965.04,1376378.669,0.8039355077767613,,0.0
2022-01-27,60.7491057,59.8191057,61.7691057,59.509105700000006,258965.59,1951701.429,0.799506892542101,,0.0
2022-01-28,59.8291057,58.1991057,60.9991057,58.0291057,269219.24,1996946.181,0.79506975,,0.0
2022-02-07,59.4991057,59.6991057,60.6391057,58.3791057,212957.84,1582887.131,0.7991848152610442,,0.0
2022-02-08,59.39910570000001,59.2991057,59.89910570000001,57.9991057,252227.89,1858705.327,0.7981037106325707,,0.0
2022-02-09,59.5991057,61.589105700000005,62.0691057,58.89910570000001,308211.3,2329350.901,0.8041403016059538,,0.0
2022-02-10,61.0991057,58.64910570000001,61.6091057,58.4991057,400938.08,2986309.64,0.7963218696537678,,0.0
2022-02-11,58.14910570000001,59.1391057,59.5991057,57.479105700000005,263156.15,1943208.565,0.7976680024278392,,0.0
2022-02-14,58.4991057,57.9991057,58.5291057,56.5991057,198336.4,1443390.305,0.7945082972602739,,0.0
2022-02-15,57.7191057,57.0291057,58.2991057,56.89910570000001,226625.61,1639397.266,0.7917410204081633,,0.0
2022-02-16,57.17910570000001,58.2991057,58.4891057,56.7991057,189392.58,1380576.75,0.7953493274215553,,0.0
2022-02-17,58.009105700000006,57.2691057,58.7991057,57.1091057,177123.19,1288420.221,0.7924326234952263,,0.0
2022-02-18,56.78910570000001,57.9991057,58.1391057,56.3091057,153925.11,1114787.733,0.7945082972602739,,0.0
2022-02-21,57.7991057,57.6991057,57.8191057,56.9991057,107090.58,776053.567,0.793660325997249,,0.0
2022-02-22,57.0991057,55.1691057,57.14910570000001,54.2491057,363014.46,2550080.183,0.7862206883283455,,0.0
2022-02-23,55.0491057,55.479105700000005,55.6391057,54.6991057,195985.6,1377756.703,0.7871609775822929,,0.0
2022-02-24,54.5191057,53.2991057,54.759105700000006,52.4591057,418996.69,2867573.788,0.7803675797950219,,0.0
2022-02-25,53.7491057,53.119105700000006,53.9491057,52.8091057,224170.97,1528873.766,0.7797872240164416,,0.0
2022-02-28,52.4991057,51.7191057,52.619105700000006,50.4991057,483623.95,3207726.547,0.7751664523381295,,0.0
2022-03-01,51.6091057,53.3291057,53.3891057,50.67910570000001,406334.96,2724504.804,0.780464008488219,,0.0
2022-03-02,52.4991057,51.9191057,52.4991057,51.1991057,247869.34,1658320.777,0.77583839958159,,0.0
2022-03-03,52.2491057,51.6691057,52.2491057,50.9491057,262305.56,1743964.879,0.7749978356082197,,0.0
2022-03-04,50.9491057,50.5991057,51.3291057,50.089105700000005,305204.27,2001514.125,0.771327830792683,,0.0
2022-03-07,49.5791057,47.5091057,49.5791057,47.0391057,476452.42,2998946.563,0.7600240873460247,,0.0
2022-03-08,46.8991057,44.7591057,47.9991057,44.6991057,577686.7,3513393.049,0.7489810190763052,,0.0
2022-03-09,44.2791057,44.5191057,45.0091057,41.6091057,562758.07,3289964.731,0.7479688457661291,,0.0
2022-03-10,46.2091057,43.8691057,46.3891057,43.1191057,473628.69,2809518.529,0.745186099881094,,0.0
2022-03-11,43.2991057,44.3791057,44.6691057,42.3291057,356389.96,2080976.811,0.7473746328730213,,0.0
2022-03-14,43.0191057,41.6891057,44.089105700000005,41.6891057,319186.08,1851362.819,0.7353872940553889,,0.0
2022-03-15,41.1991057,39.3991057,42.2291057,39.2791057,499267.66,2779415.595,0.7242482665441177,,0.0
2022-03-16,41.1991057,41.9891057,42.3091057,39.2491057,529457.81,2962039.193,0.7367802368836638,,0.0
2022-03-17,44.4391057,43.6991057,44.6791057,42.6091057,522664.37,3071637.071,0.7444481379897786,,0.0
2022-03-18,43.6991057,43.8991057,44.0091057,42.6491057,368393.05,2148265.062,0.7453158862478778,,0.0
2022-03-21,44.0291057,43.4491057,44.5491057,42.9991057,306417.15,1798629.636,0.7433551017964072,,0.0
2022-03-22,43.0991057,43.5791057,43.9391057,43.0191057,194039.69,1134303.592,0.7439246449300102,,0.0
2022-03-23,43.7291057,42.9991057,43.8591057,42.9291057,243737.29,1418165.962,0.7413638913793104,,0.0
2022-03-24,42.4991057,42.5791057,42.8191057,42.1091057,236786.7,1361843.502,0.7394773480375131,,0.0
2022-03-25,42.589105700000005,41.089105700000005,42.9191057,41.0491057,252163.69,1430819.628,0.7325567070779105,,0.0
2022-03-28,40.8691057,40.7991057,41.1591057,39.7991057,215852.82,1198968.556,0.7311667688172043,,0.0
2022-03-29,41.1091057,39.6491057,41.2291057,39.4591057,252429.58,1391082.042,0.7255097108874657,,0.0
2022-03-30,39.9891057,41.9991057,41.9991057,39.9491057,339002.53,1899860.141,0.7368264157894737,,0.0
2022-03-31,41.8991057,41.9991057,42.1991057,41.2191057,251335.97,1428403.894,0.7368264157894737,,0.0
2022-04-01,41.4991057,43.5991057,44.2391057,40.8091057,457751.7,2655473.47,0.7440120426621161,,0.0
2022-04-06,43.0491057,43.4091057,44.1791057,42.8991057,307531.72,1798592.443,0.7431793477144325,,0.0
2022-04-07,42.6491057,42.6991057,44.1191057,42.6091057,269420.29,1567998.977,0.7400191629116118,,0.0
2022-04-08,42.6991057,42.3291057,42.9191057,41.839105700000005,226827.29,1297780.224,0.738341282051282,,0.0
2022-04-11,42.4491057,40.3591057,42.4691057,40.2691057,338124.28,1894585.19,0.7290300885115607,,0.0
2022-04-12,40.7391057,42.4391057,42.4991057,40.2891057,297174.87,1671057.316,0.7388423694289694,,0.0
2022-04-13,41.9791057,41.5691057,42.4491057,41.4291057,211986.59,1206396.766,0.7348259802015202,,0.0
2022-04-14,42.0191057,43.7191057,44.0791057,42.0191057,427416.64,2497101.925,0.7445351788147139,,0.0
2022-04-15,43.3191057,43.6491057,44.2991057,43.1591057,212421.1,1246877.156,0.7442302762148337,,0.0
2022-04-18,43.4991057,42.5691057,43.4991057,42.5291057,154682.05,893259.008,0.7394320948410631,,0.0
2022-04-19,42.6491057,42.2991057,43.1491057,42.0591057,168494.54,971057.233,0.7382042879581152,,0.0
2022-04-20,42.7491057,42.5591057,43.8891057,41.9991057,216628.22,1255101.325,0.7393868259207783,,0.0
2022-04-21,42.0991057,41.0291057,42.9891057,40.5991057,279999.54,1586256.607,0.7322703141174371,,0.0
2022-04-22,40.5991057,41.9691057,42.5191057,39.6791057,244698.29,1373768.018,0.7366878304370722,,0.0
2022-04-25,41.5491057,40.0691057,42.4891057,40.0291057,325600.68,1837475.014,0.7276031541674233,,0.0
2022-04-26,40.0691057,36.7891057,40.4691057,36.5091057,632045.89,3336916.857,0.7103515292527515,,0.0
2022-04-27,35.7291057,38.0991057,38.3491057,35.4991057,375710.41,1983750.318,0.7174972824858757,,0.0
2022-04-28,38.4991057,38.2791057,38.6991057,37.0691057,252589.16,1335819.842,0.7184516835585586,,0.0
2022-04-29,38.9991057,42.089105700000005,42.2891057,38.2791057,575241.01,3198610.308,0.7372412979506043,,0.0
2022-05-05,43.0491057,43.6991057,44.3791057,42.8491057,467907.22,2748594.256,0.7444481379897786,,0.0
2022-05-06,42.5991057,43.1991057,43.4991057,42.3891057,212169.98,1232140.905,0.742252675257732,,0.0
2022-05-09,42.2491057,41.3591057,42.5191057,40.7691057,215296.84,1216418.056,0.7338379293825408,,0.0
2022-05-10,40.2291057,41.5991057,41.8891057,39.9991057,300571.37,1689113.755,0.7349665318021201,,0.0
2022-05-11,41.4791057,41.6791057,42.4991057,40.9991057,359115.06,2038556.236,0.7353406086803105,,0.0
2022-05-12,41.5791057,40.7391057,41.5791057,40.2791057,225790.89,1261668.407,0.7308773896663079,,0.0
2022-05-13,41.5191057,42.0091057,42.1691057,41.1991057,244320.11,1386786.846,0.7368725784950009,,0.0
2022-05-16,42.5191057,41.1991057,43.7491057,40.5491057,286645.01,1624257.211,0.7330801725978648,,0.0
2022-05-17,40.9991057,42.3891057,42.4991057,40.6991057,228313.67,1301041.283,0.7386148405645583,,0.0
2022-05-18,42.4991057,41.6291057,42.6691057,40.9191057,222697.49,1258738.707,0.735106934487021,,0.0
2022-05-19,40.7891057,40.8191057,41.1891057,40.3291057,201958.9,1125169.384,0.7312630902902186,,0.0
2022-05-20,40.8991057,41.8991057,42.1191057,40.3591057,266084.69,1502431.004,0.7363638963093146,,0.0
2022-05-23,41.3491057,39.3091057,41.4991057,39.089105700000005,557831.04,3054327.11,0.7237913036273247,,0.0
2022-05-24,39.0591057,38.7891057,39.6891057,38.5491057,263462.72,1425290.686,0.7211211321807027,,0.0
2022-05-25,38.4991057,38.3991057,38.7991057,37.9991057,221974.39,1182899.111,0.7190843764044944,,0.0
2022-05-26,38.3991057,38.8191057,39.0791057,36.7991057,423827.65,2242918.334,0.7212765830546266,,0.0
2022-05-27,39.4291057,38.1191057,39.7891057,38.0091057,352557.05,1897823.157,0.7176036464608434,,0.0
2022-05-30,38.1491057,38.3991057,38.7991057,38.0091057,216385.31,1152606.788,0.7190843764044944,,0.0
2022-05-31,38.4891057,39.4791057,39.4791057,38.0991057,355099.17,1910341.886,0.7246531883259912,,0.0
2022-06-01,39.2991057,39.2691057,39.7691057,38.8491057,292058.03,1584914.303,0.723587722498618,,0.0
2022-06-02,39.46,39.260000000000005,39.48,38.78,275846.41,1445923.346,0.7469558599695587,,0.0
2022-06-06,39.28,39.49,39.63,38.28,365208.9,1916117.643,0.7480583443834059,,0.0
2022-06-07,39.2,39.7,39.83,38.8,291695.48,1540591.783,0.749056603773585,,0.0
2022-06-08,39.71,39.69,40.5,39.23,362976.64,1921801.465,0.749009247027741,,0.0
2022-06-09,39.55,39.08,39.85,38.89,286835.58,1507868.964,0.746086292478045,,0.0
2022-06-10,38.81,38.95,39.040000000000006,38.45,300348.87,1563195.289,0.7454545454545455,,0.0
2022-06-13,38.5,37.760000000000005,38.55,37.36,404262.93,2064281.836,0.7395221308264788,,0.0
2022-06-14,37.0,38.13,38.260000000000005,36.81999999999999,348424.1,1764306.398,0.7413960723313241,,0.0
2022-06-15,37.81999999999999,41.14,41.7,37.81999999999999,915077.76,4906858.801,0.7556943423952976,,0.0
2022-06-16,41.17,40.53,41.63,40.19,359381.69,1942251.73,0.7529258777633291,,0.0
2022-06-17,39.73,41.46,42.11,39.22,538134.36,2909185.799,0.7571219868517165,,0.0
2022-06-20,41.86,43.760000000000005,44.25,41.86,765308.84,4349794.665,0.7669120224325272,,0.0
2022-06-21,43.8,43.99,45.09,43.35,537077.27,3093973.214,0.7678477919357654,,0.0
2022-06-22,43.97,42.7,43.97,42.7,297211.3,1674082.885,0.7625000000000001,,0.0
2022-06-23,42.66,42.69,43.17,42.0,304532.0,1698132.572,0.7624575817110197,,0.0
2022-06-24,42.69,44.5,45.650000000000006,42.46,732010.62,4236370.54,0.7698961937716263,,0.0
2022-06-27,45.0,45.8,46.78,45.0,581583.68,3454900.579,0.7749576988155668,,0.0
2022-06-28,46.3,45.8,46.3,45.150000000000006,322522.21,1902451.6,0.7749576988155668,,0.0
2022-06-29,46.17999999999999,45.97,47.34,45.91,420723.08,2520771.106,0.7756031719250885,,0.0
2022-06-30,46.06,47.09,47.36,45.7,370538.94,2223920.748,0.7797648617320749,,0.0
2022-07-01,46.89,45.49,46.89,44.86,337857.37,1992141.899,0.773771049498214,,0.0
2022-07-04,44.24,46.67,46.760000000000005,44.24,313750.14,1867732.492,0.7782224445556112,,0.0
2022-07-05,46.45,46.24,48.19,45.6,283846.93,1695670.01,0.7766207591535101,,0.0
2022-07-06,46.75,45.98,47.73,45.370000000000005,307640.43,1828885.012,0.7756410256410257,,0.0
2022-07-07,45.72,45.400000000000006,46.5,45.2,197471.89,1165987.949,0.7734241908006815,,0.0
2022-07-08,45.81999999999999,45.28,45.81999999999999,44.6,227250.14,1326085.879,0.7729600546261524,,0.0
2022-07-11,44.96,45.6,45.900000000000006,44.42,273547.36,1600533.212,0.7741935483870966,,0.0
2022-07-12,45.75,46.8,47.58,45.75,408103.85,2451083.764,0.778702163061564,,0.0
2022-07-13,46.78,45.0,46.95,44.73,387900.65,2277523.772,0.7718696397941681,,0.0
2022-07-14,45.7,42.900000000000006,45.89,42.55,545199.66,3101127.519,0.7633451957295374,,0.0
2022-07-15,42.5,41.900000000000006,43.28,41.85,302678.63,1686983.214,0.7590579710144928,,0.0
2022-07-18,41.900000000000006,41.99,42.58,40.7,235493.7,1297826.117,0.7594501718213058,,0.0
2022-07-19,41.8,41.73,42.36,41.46,197097.17,1084831.637,0.758313647101581,,0.0
2022-07-20,42.17,42.13,43.05,41.8,217051.9,1207951.154,0.7600577304708641,,0.0
2022-07-21,42.2,41.59,42.6,41.5,163846.97,902059.284,0.7576972126070323,,0.0
2022-07-22,41.35,41.790000000000006,42.17,41.0,186460.88,1022770.983,0.7585768742058451,,0.0
2022-07-25,41.8,43.150000000000006,43.42,41.71,360274.03,2023496.096,0.7643932683790966,,0.0
2022-07-26,43.2,44.1,44.56,43.06999999999999,263042.34,1507831.169,0.7682926829268292,,0.0
2022-07-27,43.900000000000006,42.620000000000005,43.95,42.47,244409.5,1372601.235,0.7621602288984264,,0.0
2022-07-28,42.7,42.45,42.84,42.21,146147.02,815071.057,0.7614349775784753,,0.0
2022-07-29,42.650000000000006,41.67999999999999,42.900000000000006,41.48,237473.7,1312270.362,0.7580938523099308,,0.0
2022-08-01,41.95,41.31,42.0,40.78,186467.47,1017042.234,0.7564548617469329,,0.0
2022-08-02,40.78,40.3,40.8,39.6,260485.94,1393045.271,0.751865671641791,,0.0
2022-08-03,39.91,38.95,40.71,38.78,318780.19,1682530.016,0.7454545454545455,,0.0
2022-08-04,39.1,39.2,39.47,38.8,135291.07,709252.637,0.7466666666666667,,0.0
2022-08-05,39.44,39.67,39.67,38.78,198190.83,1039336.002,0.7489144798942798,,0.0
2022-08-08,39.25,39.13,39.67,39.03,218081.78,1144520.138,0.7463284379172229,,0.0
2022-08-09,39.150000000000006,39.36,39.760000000000005,38.95,160515.8,846230.165,0.7474363843524497,,0.0
2022-08-10,39.33,38.53,39.33,38.47,163023.56,847521.283,0.7433918579972989,,0.0
2022-08-11,39.0,39.620000000000005,39.67999999999999,38.58,229538.84,1206195.924,0.7486772486772487,,0.0
2022-08-12,39.41,39.86,40.16,39.13,169878.56,899862.141,0.7498118886380738,,0.0
2022-08-15,39.870000000000005,39.5,40.3,39.22,183234.72,969855.784,0.7481060606060607,,0.0
2022-08-16,39.52,39.3,39.59,39.0,163357.48,858701.197,0.7471482889733839,,0.0
2022-08-17,39.36,40.13,40.58,38.81,238434.81,1266823.797,0.7510761744338386,,0.0
2022-08-18,39.8,39.31999999999999,39.95,39.11,140884.56,742672.22,0.7472443937666285,,0.0
2022-08-19,39.38,39.31,39.510000000000005,38.95,132152.5,695288.655,0.7471963505037066,,0.0
2022-08-22,39.16,39.74,40.25,38.99,238175.91,1266026.528,0.7492458521870285,,0.0
2022-08-23,39.650000000000006,38.81999999999999,39.8,38.7,220348.63,1151798.157,0.7448196469685341,,0.0
2022-08-24,38.8,38.09,38.88,38.010000000000005,215841.97,1113905.675,0.7411947849776221,,0.0
2022-08-25,38.09,38.92999999999999,39.11,37.67,209892.58,1083006.134,0.745357074478269,,0.0
2022-08-26,39.17999999999999,38.92999999999999,39.36,38.59,160406.27,837907.694,0.745357074478269,,0.0
2022-08-29,38.3,38.98,39.56999999999999,38.21,164560.7,857943.932,0.745600612088753,,0.0
2022-08-30,39.19,39.0,39.91,38.78,202708.47,1065091.301,0.745697896749522,,0.0
2022-08-31,38.8,39.94,40.35,38.790000000000006,462838.36,2459353.194,0.7501878287002254,,0.0
2022-09-01,39.92999999999999,41.81,42.2,39.92999999999999,642105.45,3521209.362,0.7586644892034115,,0.0
2022-09-02,41.81,40.35,41.81,39.870000000000005,367460.48,1976289.178,0.7520969245107175,,0.0
2022-09-05,39.8,40.5,40.7,39.58,190275.45,1017336.572,0.7527881040892194,,0.0
2022-09-06,40.510000000000005,40.16,40.91,40.1,177962.17,953823.605,0.7512158623269733,,0.0
2022-09-07,40.370000000000005,39.75,40.39,39.67999999999999,209953.08,1116835.915,0.7492931196983977,,0.0
2022-09-08,39.75,40.06999999999999,40.45,39.75,153656.77,822398.889,0.7507963275248266,,0.0
2022-09-09,40.06999999999999,42.14,42.33,39.96,523880.62,2884912.065,0.7601010101010102,,0.0
2022-09-13,42.14,43.19,43.6,41.77,346024.46,1947119.369,0.7645600991325898,,0.0
2022-09-14,42.2,42.63,42.95,42.1,187472.66,1046314.871,0.7622027534418022,,0.0
2022-09-15,42.59,43.040000000000006,43.900000000000006,42.39,289698.48,1636891.139,0.7639332623358183,,0.0
2022-09-16,42.69,41.81999999999999,42.8,41.6,259939.97,1439024.736,0.7587082728592162,,0.0
2022-09-19,41.370000000000005,41.67999999999999,42.14,40.81999999999999,203600.49,1115777.266,0.7580938523099308,,0.0
2022-09-20,41.55,40.22,41.8,40.0,350659.81,1883992.924,0.7514947683109118,,0.0
2022-09-21,41.13,39.55,41.16,39.040000000000006,267751.69,1414578.653,0.7483443708609271,,0.0
2022-09-22,39.44,38.2,39.45,37.99,401431.84,2075058.537,0.741747572815534,,0.0
2022-09-23,37.81,38.040000000000006,38.59,37.7,175176.02,899511.432,0.740942734709778,,0.0
2022-09-26,37.7,37.75,38.7,37.59,205532.86,1055235.704,0.7394711067580804,,0.0
2022-09-27,37.85,38.38,38.58,37.0,247649.67,1268264.653,0.7426470588235293,,0.0
2022-09-28,38.2,37.870000000000005,38.47,37.8,135576.68,697308.166,0.7400820793433653,,0.0
2022-09-29,38.17,37.2,38.46,37.0,253194.93,1286757.816,0.7366336633663367,,0.0
2022-09-30,36.83,36.010000000000005,37.27,36.010000000000005,355638.3,1767860.148,0.7302778341107281,,0.0
2022-10-10,36.010000000000005,35.400000000000006,36.69,35.16,260144.96,1282724.398,0.726899383983573,,0.0
2022-10-11,35.39,35.06999999999999,35.55,34.7,220036.9,1061344.41,0.7250361794500723,,0.0
2022-10-12,34.75,34.97,35.0,33.7,240971.24,1147459.231,0.7244665423658586,,0.0
2022-10-13,34.69,33.760000000000005,34.7,33.709999999999994,277453.74,1314811.925,0.7173820654483639,,0.0
2022-10-14,33.95,34.69,34.95,33.8,313387.71,1498957.703,0.7228589289435299,,0.0
2022-10-17,34.41,34.370000000000005,34.55,34.0,235017.11,1116822.628,0.7209985315712188,,0.0
2022-10-18,34.67999999999999,34.14,34.849999999999994,34.03,270086.01,1286487.097,0.7196458684654301,,0.0
2022-10-19,34.06,31.92,34.06,31.87,556549.21,2560635.75,0.7058823529411764,,0.0
2022-10-20,31.5,31.08,31.98,30.56,366478.44,1635034.406,0.7003154574132492,,0.0
2022-10-21,31.09,30.7,31.48,30.47,272431.9,1202555.595,0.6977272727272728,,0.0
2022-10-24,30.4,29.09,31.02,29.0,459169.36,1972598.643,0.6862467563104505,,0.0
2022-10-25,29.5,28.72,29.65,28.68,414401.11,1755695.125,0.6834840552118039,,0.0
2022-10-26,28.9,29.16,29.91,28.86,362814.05,1546847.301,0.6867640131888837,,0.0
2022-10-27,29.4,29.28,29.7,29.0,226402.81,965896.179,0.687646782527008,,0.0
2022-10-28,28.91,27.46,29.08,27.32,401750.3,1664548.587,0.6736997055937193,,0.0
2022-10-31,27.43,26.88,27.5,26.8,345535.05,1396541.436,0.6689895470383275,,0.0
2022-11-01,27.28,28.3,28.3,26.790000000000003,480671.42,1965965.682,0.6802884615384616,,0.0
2022-11-02,28.1,28.78,29.3,27.92,380199.49,1594625.96,0.68393536121673,,0.0
2022-11-03,28.5,28.28,28.57,27.9,288534.88,1197662.698,0.6801346801346801,,0.0
2022-11-04,28.33,29.790000000000003,30.05,28.28,457491.25,1955851.185,0.6913436992341611,,0.0
2022-11-07,29.7,29.76,29.96,29.21,331596.14,1424760.638,0.6911286576869484,,0.0
2022-11-08,29.82,29.7,29.99,29.28,305581.88,1312592.117,0.6906976744186046,,0.0
2022-11-09,30.09,29.74,30.55,29.65,229904.25,995215.2,0.6909851301115242,,0.0
2022-11-10,29.45,29.67,29.68,29.23,223053.99,954033.824,0.6904817314405399,,0.0
2022-11-11,31.23,32.33,32.900000000000006,30.41,828835.08,3734773.54,0.7085250931404776,,0.0
2022-11-14,34.620000000000005,34.5,35.81,34.0,1000204.07,4791202.404,0.7217573221757323,,0.0
2022-11-15,35.2,35.77,36.28,34.400000000000006,512287.92,2501777.032,0.7289586305278173,,0.0
2022-11-16,36.1,35.16,36.1,34.86,259926.49,1264627.973,0.7255468427569128,,0.0
2022-11-17,35.09,34.66,35.8,34.379999999999995,192845.95,927024.366,0.7226855713094245,,0.0
2022-11-18,35.06,34.67,35.239999999999995,34.379999999999995,160676.21,772609.93,0.7227433812799667,,0.0
2022-11-21,34.17,33.040000000000006,34.17,32.94,345233.82,1604372.658,0.7129909365558913,,0.0
2022-11-22,33.099999999999994,33.0,33.739999999999995,32.599999999999994,235691.57,1092152.104,0.7127429805615552,,0.0
2022-11-23,32.92999999999999,32.980000000000004,33.239999999999995,32.72,142552.19,659509.322,0.712618841832325,,0.0
2022-11-24,33.45,32.61,33.900000000000006,32.480000000000004,213799.92,987544.043,0.7103027662818558,,0.0
2022-11-25,32.61,33.39,33.790000000000006,32.53,246974.64,1150838.919,0.7151424287856073,,0.0
2022-11-28,32.379999999999995,32.989999999999995,33.150000000000006,31.93,226551.4,1036165.23,0.7126809246057463,,0.0
2022-11-29,34.7,35.120000000000005,35.480000000000004,33.620000000000005,389286.72,1868785.967,0.7253201156546882,,0.0
2022-11-30,34.879999999999995,34.56999999999999,35.67999999999999,34.19,272875.54,1310967.68,0.7221641946939628,,0.0
2022-12-01,35.510000000000005,35.010000000000005,36.03,34.97,276044.87,1344223.508,0.7246946801904368,,0.0
2022-12-02,34.739999999999995,34.739999999999995,35.3,34.459999999999994,170150.14,818020.498,0.7231473771856785,,0.0
2022-12-05,35.19,36.400000000000006,36.7,35.099999999999994,361068.42,1785930.108,0.7323943661971831,,0.0
2022-12-06,36.39,36.7,37.36,35.72,325269.56,1629245.814,0.7340000000000001,,0.0
2022-12-07,36.7,37.95,38.38,36.2,436563.79,2229128.245,0.7404878048780489,,0.0
2022-12-08,38.05,38.45,39.17999999999999,37.540000000000006,390780.18,2028801.619,0.7429951690821257,,0.0
2022-12-09,38.66,41.0,41.03,38.510000000000005,699405.81,3745342.826,0.7550644567219154,,0.0
2022-12-12,40.400000000000006,41.13,41.67,40.0,466632.87,2533376.175,0.7556494580194745,,0.0
2022-12-13,40.91,40.650000000000006,41.1,40.35,306193.3,1650838.607,0.7534754402224283,,0.0
2022-12-14,40.150000000000006,41.59,41.760000000000005,40.150000000000006,260850.29,1420701.035,0.7576972126070323,,0.0
2022-12-15,41.6,40.33,42.5,39.95,278042.72,1498675.16,0.752004475107216,,0.0
2022-12-16,39.98,40.7,40.85,39.47,197449.59,1058833.013,0.7537037037037038,,0.0
2022-12-19,40.7,40.38,41.08,39.98,160763.66,864239.617,0.7522354694485841,,0.0
2022-12-20,39.7,38.27,39.790000000000006,38.25,272453.86,1417537.681,0.7420981190614697,,0.0
2022-12-21,37.99,38.38,39.19,37.99,130741.6,679672.974,0.7426470588235293,,0.0
2022-12-22,38.64,38.900000000000006,39.98,38.47,228123.2,1199123.082,0.7452107279693487,,0.0
2022-12-23,38.67999999999999,39.08,39.85,38.13,163439.14,860296.627,0.746086292478045,,0.0
2022-12-26,39.38,38.2,39.58,38.06,153879.18,795665.125,0.741747572815534,,0.0
2022-12-27,38.49,39.64,39.73,38.11,173391.27,911438.654,0.7487721949376653,,0.0
2022-12-28,39.13,38.75,39.45,38.6,163229.11,852152.449,0.74447646493756,,0.0
2022-12-29,38.31999999999999,38.42999999999999,38.89,37.72,119950.5,619844.87,0.7428958051420838,,0.0
2022-12-30,38.5,38.5,39.2,38.400000000000006,127732.75,665300.213,0.7432432432432433,,0.0
2023-01-03,38.7,38.58,38.92999999999999,37.92999999999999,163628.02,846525.405,0.7436391673091749,,0.0
2023-01-04,38.39,40.45,40.53,38.35,261341.13,1390708.575,0.7525581395348838,,0.0
2023-01-05,40.7,41.61,41.69,40.650000000000006,294216.68,1608128.838,0.7577854671280277,,0.0
2023-01-06,41.67,40.71,41.86,40.61,195001.49,1058139.217,0.7537493056841325,,0.0
2023-01-09,40.8,40.81,41.150000000000006,40.1,204276.78,1101325.466,0.7542043984476068,,0.0
2023-01-10,40.69,40.2,41.1,40.13,154340.14,829875.435,0.7514018691588785,,0.0
2023-01-11,40.150000000000006,41.2,41.88,40.1,214610.41,1171606.255,0.7559633027522936,,0.0
2023-01-12,41.0,41.47,41.7,40.71,145818.25,797908.67,0.7571663319335402,,0.0
2023-01-13,41.56999999999999,42.650000000000006,42.7,41.2,265803.3,1471250.757,0.7622877569258267,,0.0
2023-01-16,42.73,44.400000000000006,45.06,42.72,330180.79,1899010.907,0.7694974003466205,,0.0
2023-01-17,44.39,44.7,44.88,43.85,188113.56,1087194.817,0.7706896551724138,,0.0
2023-01-18,44.7,44.3,45.2,44.06999999999999,130357.53,751785.488,0.7690972222222221,,0.0
2023-01-19,44.16,44.08,44.25,43.400000000000006,194679.45,1110365.667,0.7682119205298013,,0.0
2023-01-20,44.16,43.78,44.540000000000006,43.66,108608.28,621198.692,0.7669936930623686,,0.0
2023-01-30,44.14,42.35,44.78,42.290000000000006,256195.69,1445902.234,0.761006289308176,,0.0
2023-01-31,42.1,41.900000000000006,42.85,41.7,232598.35,1290578.245,0.7590579710144928,,0.0
2023-02-01,41.99,42.2,42.69,41.150000000000006,267247.09,1474820.029,0.7603603603603604,,0.0
2023-02-02,42.150000000000006,40.66,42.3,40.31999999999999,367678.04,1990832.647,0.7535211267605633,,0.0
2023-02-03,40.400000000000006,40.010000000000005,40.650000000000006,39.56,208300.2,1109569.943,0.7505158506846746,,0.0
2023-02-06,39.510000000000005,37.95,39.510000000000005,37.78,421856.53,2172641.979,0.7404878048780489,,0.0
2023-02-07,38.06,38.2,38.400000000000006,37.8,209008.69,1075310.677,0.741747572815534,,0.0
2023-02-08,38.09,37.71,38.2,37.56,191017.62,976761.616,0.7392668104293275,,0.0
2023-02-09,37.5,38.23,38.42999999999999,37.19,227382.53,1167989.709,0.7418979235396856,,0.0
2023-02-10,38.05,38.31999999999999,38.45,37.99,139888.66,720948.239,0.7423479271600154,,0.0
2023-02-13,38.2,39.14,39.28,37.73,306391.11,1588991.529,0.746376811594203,,0.0
2023-02-14,39.150000000000006,38.91,39.35,38.510000000000005,214375.13,1116499.05,0.7452595288258953,,0.0
2023-02-15,38.900000000000006,38.05,38.91,37.88,179488.0,924114.015,0.7409931840311587,,0.0
2023-02-16,37.8,37.98,38.45,37.5,216986.75,1115558.778,0.7406396255850235,,0.0
2023-02-17,37.75,38.08,38.2,37.72,158066.09,811189.152,0.7411444141689373,,0.0
2023-02-20,38.2,40.0,40.39,37.81,383136.06,2019572.889,0.75046904315197,,0.0
2023-02-21,40.0,40.24,40.5,39.42999999999999,256493.38,1369820.914,0.751587598057527,,0.0
2023-02-22,39.7,39.48,39.88,39.11,229115.45,1208465.938,0.7480106100795757,,0.0
2023-02-23,39.49,40.06999999999999,40.58,39.49,240107.2,1283774.547,0.7507963275248266,,0.0
2023-02-24,39.88,39.67999999999999,40.09,39.52,169277.79,898514.54,0.7489618724046809,,0.0
2023-02-27,39.3,39.1,39.67999999999999,38.56,169471.43,888727.921,0.7461832061068702,,0.0
2023-02-28,38.72,39.16,39.84,38.72,194045.36,1019960.547,0.746473503621807,,0.0
2023-03-01,39.21,41.31999999999999,41.69,39.21,432974.7,2350199.969,0.7564994507506407,,0.0
2023-03-02,41.3,41.55,42.38,40.85,255489.79,1408679.946,0.7575205104831357,,0.0
2023-03-03,41.95,41.900000000000006,42.540000000000006,41.36,197415.0,1090871.927,0.7590579710144928,,0.0
2023-03-06,41.540000000000006,40.53,41.7,40.510000000000005,259356.84,1403695.33,0.7529258777633291,,0.0
2023-03-07,40.540000000000006,39.56,41.06999999999999,39.400000000000006,194737.91,1041648.712,0.7483919788119562,,0.0
2023-03-08,39.35,38.99,39.5,38.77,144947.98,759112.018,0.7456492637215528,,0.0
2023-03-09,38.99,39.400000000000006,39.95,38.97,130131.02,688042.45,0.7476280834914611,,0.0
2023-03-10,38.94,37.85,39.2,37.72,192133.89,991798.894,0.7399804496578689,,0.0
2023-03-13,37.71,38.760000000000005,38.94,37.7,194836.58,1009855.801,0.7445255474452556,,0.0
2023-03-14,38.42,37.85,38.61,37.400000000000006,165010.73,844706.515,0.7399804496578689,,0.0
2023-03-15,38.2,37.16,38.33,37.1,209456.17,1067097.771,0.7364248910027744,,0.0
2023-03-16,36.78,36.74,37.09,36.35,121819.53,610120.756,0.734212629896083,,0.0
2023-03-17,37.2,37.03,37.88,36.760000000000005,201230.77,1018389.815,0.7357440890125174,,0.0
2023-03-20,36.88,37.14,37.83,36.8,163015.24,826038.623,0.7363203806502776,,0.0
2023-03-21,37.25,38.8,38.84,37.25,231466.46,1191368.462,0.7447216890595009,,0.0
2023-03-22,38.900000000000006,38.400000000000006,38.97,38.0,135542.48,700825.341,0.7427466150870407,,0.0
2023-03-23,38.17999999999999,38.52,38.7,38.09,123790.07,641022.829,0.7433423388653029,,0.0
2023-03-24,38.52,38.790000000000006,38.870000000000005,38.34,132775.63,689957.504,0.7446726818967173,,0.0
2023-03-27,38.790000000000006,38.55,39.16,38.400000000000006,127683.45,663222.02,0.7434908389585342,,0.0
2023-03-28,38.400000000000006,37.790000000000006,38.78,37.760000000000005,128678.93,660858.734,0.7396750831865336,,0.0
2023-03-29,38.08,38.1,38.27,37.8,128030.42,656903.325,0.7412451361867703,,0.0
2023-03-30,38.05,41.17,41.5,38.0,571574.12,3061435.505,0.7558288966403526,,0.0
2023-03-31,40.81,40.510000000000005,41.31999999999999,40.06,277887.5,1500198.904,0.7528340457164097,,0.0
2023-04-03,41.7,41.39,42.1,40.900000000000006,373914.78,2056019.795,0.7568111172060706,,0.0
2023-04-04,41.2,41.33,41.42,40.45,179891.25,975597.257,0.7565440234303495,,0.0
2023-04-06,41.120000000000005,40.72,41.7,40.45,152434.79,827518.348,0.7537948907811921,,0.0
2023-04-07,40.61,41.38,41.97,40.61,158640.67,869954.356,0.7567666422823701,,0.0
2023-04-10,41.1,41.46,41.760000000000005,40.71,156492.55,853817.627,0.7571219868517165,,0.0
2023-04-11,41.11,42.540000000000006,43.06999999999999,41.1,324365.52,1815026.843,0.7618194842406878,,0.0
2023-04-12,42.540000000000006,42.2,43.45,42.1,223024.6,1251325.789,0.7603603603603604,,0.0
2023-04-13,41.75,40.84,41.99,40.84,182594.94,994810.155,0.754340598448467,,0.0
2023-04-14,40.88,40.64,41.35,40.53,142124.47,771635.252,0.753429736744531,,0.0
2023-04-17,40.61,42.120000000000005,42.28,40.59,262280.48,1444699.532,0.7600144352219416,,0.0
2023-04-18,41.900000000000006,43.48,44.1,41.870000000000005,387063.49,2197663.192,0.7657625924621346,,0.0
2023-04-19,43.48,42.78,43.95,42.75,191886.58,1084909.581,0.7628388017118403,,0.0
2023-04-20,42.88,43.74,44.74,42.88,367949.25,2114956.905,0.7668302945301542,,0.0
2023-04-21,44.1,43.55,45.3,43.45,398924.02,2311553.652,0.7660510114335971,,0.0
2023-04-24,42.900000000000006,43.73,45.45,42.71,339921.2,1960933.654,0.7667894090829389,,0.0
2023-04-25,43.7,44.35,44.74,42.35,429620.96,2450369.691,0.7692974848222028,,0.0
2023-04-26,43.72,43.400000000000006,44.05,42.67,239341.84,1357589.707,0.7654320987654322,,0.0
2023-04-27,42.870000000000005,43.96,44.45,42.870000000000005,157770.59,898336.283,0.767726161369193,,0.0
2023-04-28,43.95,43.48,44.05,42.91,156905.51,891005.835,0.7657625924621346,,0.0
2023-05-04,43.92,43.28,45.150000000000006,42.55,268565.62,1525949.937,0.7649346058677978,,0.0
2023-05-05,43.1,42.03,43.1,40.78,342122.87,1879206.731,0.7596240737393819,,0.0
2023-05-08,42.03,41.71,42.69,41.17,208721.7,1151128.787,0.7582257771314306,,0.0
2023-05-09,41.5,41.5,42.260000000000005,40.71,181393.72,995439.011,0.7572992700729927,,0.0
2023-05-10,41.2,42.1,42.7,40.58,174625.98,965082.241,0.7599277978339349,,0.0
2023-05-11,42.25,42.150000000000006,43.42,42.040000000000006,126224.53,706491.978,0.7601442741208296,,0.0
2023-05-12,42.03,42.52,44.19,42.010000000000005,165590.1,935578.508,0.7617341454675742,,0.0
2023-05-15,42.56,43.290000000000006,43.44,41.71,140666.47,786956.985,0.7649761441950875,,0.0
2023-05-16,43.290000000000006,42.05,43.94,41.81,136125.88,760273.937,0.7597109304426377,,0.0
2023-05-17,41.92,41.72,43.1,41.510000000000005,90762.72,501402.35,0.7582697201017811,,0.0
2023-05-18,41.85,41.7,42.120000000000005,41.25,110695.23,609452.71,0.7581818181818182,,0.0
2023-05-19,41.36,42.5,43.56,41.36,203843.43,1140023.139,0.7616487455197133,,0.0
2023-05-22,42.5,43.41,43.650000000000006,42.5,151997.83,860397.294,0.76547346147064,,0.0
2023-05-23,43.39,42.650000000000006,43.650000000000006,42.58,155851.36,878179.042,0.7622877569258267,,0.0
2023-05-24,42.52,40.3,42.59,40.2,266742.42,1447402.65,0.751865671641791,,0.0
2023-05-25,40.1,40.71,41.19,39.38,171433.91,923732.853,0.7537493056841325,,0.0
2023-05-26,40.71,40.96,41.150000000000006,40.17999999999999,111660.52,602101.038,0.7548838923700699,,0.0
2023-05-29,40.97,40.150000000000006,41.39,39.78,174334.49,936727.538,0.7511693171188026,,0.0
2023-05-30,40.150000000000006,39.03,40.36,38.49,320846.04,1678415.61,0.7458436843111027,,0.0
2023-05-31,39.290000000000006,38.03,39.400000000000006,37.8,280649.59,1445385.156,0.7408922657315411,,0.0
2023-06-01,38.22,38.09,39.0,37.73,348934.93,1711949.689,0.7790959296379628,,0.0
2023-06-02,39.2,41.0,41.3,39.19,499392.27,2566107.482,0.7915057915057916,,0.0
2023-06-05,41.71,43.14,43.35,40.790000000000006,399399.7,2119331.989,0.7997775305895439,,0.0
2023-06-06,43.14,43.41,44.510000000000005,42.25,342618.27,1866611.024,0.8007747648035417,,0.0
2023-06-07,44.7,44.45,44.97,43.69,369086.74,2035955.381,0.8045248868778281,,0.0
2023-06-08,44.900000000000006,46.09,46.31,44.400000000000006,475531.47,2680031.436,0.8101599578133241,,0.0
2023-06-09,46.7,45.31,46.96,44.97,410651.87,2319633.365,0.8075209410087328,,0.0
2023-06-12,45.31999999999999,46.55,47.02,44.900000000000006,396210.01,2256003.427,0.8116826503923278,,0.0
2023-06-13,46.46,45.81,46.97,45.46,248501.43,1409611.782,0.809220985691574,,0.0
2023-06-14,46.42999999999999,46.28,47.17999999999999,45.81999999999999,360006.8,2057761.143,0.810791871058164,,0.0
2023-06-15,46.46,47.2,47.78,46.21,312765.44,1814552.067,0.8137931034482759,,0.0
2023-06-16,47.6,47.55,48.19,46.6,300060.82,1745695.208,0.8149100257069408,,0.0
2023-06-19,47.2,46.010000000000005,47.34,45.900000000000006,289110.37,1651975.82,0.8098926245379335,,0.0
2023-06-20,46.120000000000005,46.78,48.120000000000005,46.0,243810.22,1413907.766,0.8124348732198681,,0.0
2023-06-21,47.2,47.48,48.8,46.6,451303.47,2649838.248,0.814687714481812,,0.0
2023-06-26,49.03,47.34,49.150000000000006,47.0,335581.38,1957482.192,0.8142414860681115,,0.0
2023-06-27,47.42,48.89,49.35,47.08,481236.55,2851634.265,0.8190651700452337,,0.0
2023-06-28,48.650000000000006,48.900000000000006,49.72,48.41,327900.73,1964640.593,0.8190954773869348,,0.0
2023-06-29,48.92,48.34,48.99,47.42,276783.49,1635162.204,0.8173824822455191,,0.0
2023-06-30,48.42999999999999,48.120000000000005,49.02,47.760000000000005,264875.91,1563113.127,0.8167006109979634,,0.0
2023-07-03,48.08,48.260000000000005,49.58,47.53,318761.84,1892919.808,0.8171351168303421,,0.0
2023-07-04,48.48,48.1,48.8,47.31999999999999,219445.69,1290009.362,0.8166383701188454,,0.0
2023-07-05,48.290000000000006,48.31999999999999,48.53,47.620000000000005,187015.74,1103273.064,0.8173207036535859,,0.0
2023-07-06,48.33,47.56999999999999,48.95,47.5,169576.94,995554.523,0.8149734452629774,,0.0
2023-07-07,47.24,46.95,47.790000000000006,46.400000000000006,293796.08,1698410.265,0.812987012987013,,0.0
2023-07-10,47.02,45.83,47.13,45.24,320859.74,1818167.156,0.8092883630584495,,0.0
2023-07-11,46.0,45.86,46.28,45.6,158027.95,896629.01,0.8093893399223439,,0.0
2023-07-12,46.1,46.290000000000006,47.28,45.6,187815.02,1079865.899,0.8108250131371519,,0.0
2023-07-13,46.400000000000006,47.0,47.52,46.400000000000006,169306.74,978559.177,0.8131487889273357,,0.0
2023-07-14,46.95,46.66,47.47,46.22,105000.05,603243.716,0.81204316045945,,0.0
2023-07-17,46.400000000000006,46.33,46.400000000000006,45.5,90424.88,512387.287,0.8109574654297216,,0.0
2023-07-18,46.6,45.94,46.6,44.870000000000005,239882.28,1351665.336,0.8096580895311949,,0.0
2023-07-19,46.09,47.33,47.55,45.870000000000005,278044.25,1601948.634,0.8142095303629795,,0.0
2023-07-20,47.1,46.73,47.85,46.64,140515.9,815686.031,0.8122718581609596,,0.0
2023-07-21,46.75,46.33,47.28,46.19,120709.21,693513.021,0.8109574654297216,,0.0
2023-07-24,46.33,45.97,46.56,45.33,115887.57,657937.835,0.8097586753567024,,0.0
2023-07-25,47.06,48.17999999999999,48.48,47.0,376481.19,2216891.659,0.8168870803662257,,0.0
2023-07-26,48.010000000000005,47.78,48.74,47.67999999999999,187525.82,1105031.414,0.8156367360874018,,0.0
2023-07-27,47.75,47.67999999999999,48.31999999999999,47.55,151970.44,893501.893,0.8153214774281805,,0.0
2023-07-28,47.900000000000006,48.94,49.02,47.31,240041.26,1424164.599,0.8192166052895882,,0.0
2023-07-31,50.150000000000006,48.52,50.5,48.35,325182.68,1952524.583,0.8179366149696561,,0.0
2023-08-01,48.52,47.45,48.89,47.33,204186.27,1197877.269,0.8145922746781117,,0.0
2023-08-02,47.3,47.5,48.02,46.97,235436.08,1370719.586,0.8147512864493996,,0.0
2023-08-03,47.17999999999999,47.17999999999999,47.400000000000006,46.19,233629.11,1344124.458,0.813728872024836,,0.0
2023-08-04,47.5,47.120000000000005,48.19,47.010000000000005,196636.92,1147020.985,0.81353591160221,,0.0
2023-08-07,46.99,47.08,47.39,46.540000000000006,153706.96,887391.729,0.8134070490670352,,0.0
2023-08-08,46.7,46.2,46.75,46.16,136354.68,779253.638,0.8105263157894738,,0.0
2023-08-09,46.39,46.760000000000005,46.900000000000006,46.24,151434.09,868904.097,0.812369701181376,,0.0
2023-08-10,46.41,45.55,46.5,44.7,385304.64,2159087.492,0.8083407275953859,,0.0
2023-08-11,45.49,44.38,45.650000000000006,44.34,255333.12,1419423.215,0.8042769119246103,,0.0
2023-08-14,43.7,44.64,44.77,43.48,195166.87,1073370.152,0.8051948051948052,,0.0
2023-08-15,44.510000000000005,44.36,44.760000000000005,43.8,163704.34,901353.362,0.8042059463379261,,0.0
2023-08-16,44.0,44.42999999999999,44.56,43.56,153587.26,843256.905,0.8044541010320477,,0.0
2023-08-17,44.1,45.040000000000006,45.14,43.73,152165.04,842880.581,0.8065902578796562,,0.0
2023-08-18,44.98,43.99,45.05,43.83,134638.34,741138.399,0.8028837379083774,,0.0
2023-08-21,43.81,43.58,44.56,43.55,131171.58,718680.501,0.8013975726369988,,0.0
2023-08-22,43.5,43.56999999999999,43.88,42.61,230542.76,1249497.364,0.8013610446937649,,0.0
2023-08-23,43.31999999999999,42.92,43.86,42.8,157983.13,854634.875,0.798957557706627,,0.0
2023-08-24,43.19,44.25,44.650000000000006,42.7,255835.79,1398433.375,0.8038147138964578,,0.0
2023-08-25,44.150000000000006,44.46,45.19,43.72,164727.88,907722.078,0.8045602605863191,,0.0
2023-08-28,46.5,45.36,47.17999999999999,44.98,288003.77,1624044.691,0.8076923076923077,,0.0
2023-08-29,45.08,45.25,45.69,44.75,217871.21,1221870.56,0.8073148974130241,,0.0
2023-08-30,45.24,46.02,46.38,44.91,233664.21,1323189.377,0.8099260823653642,,0.0
2023-08-31,46.5,45.71,47.0,45.67999999999999,280837.65,1596998.96,0.8088833834719518,,0.0
2023-09-01,46.2,47.13,47.7,46.19,266505.64,1541478.628,0.8135680994303469,,0.0
2023-09-04,47.7,47.42,48.0,46.81999999999999,200900.11,1169057.32,0.814496736516661,,0.0
2023-09-05,47.46,46.98,47.69,46.81,153090.15,887170.82,0.8130841121495328,,0.0
2023-09-06,46.71,46.38,47.2,46.08,208883.35,1194824.718,0.8111227701993703,,0.0
2023-09-07,46.290000000000006,45.77,46.31999999999999,45.7,136399.11,774015.905,0.809086088032526,,0.0
2023-09-08,45.94,45.28,46.03,45.010000000000005,84001.81,471931.158,0.8074179743223966,,0.0
2023-09-11,45.510000000000005,45.63,46.08,45.21,140721.3,793322.668,0.8086124401913874,,0.0
2023-09-12,45.620000000000005,46.41,46.92,45.5,164034.4,937947.089,0.8112218143681174,,0.0
2023-09-13,46.3,46.2,46.74,45.900000000000006,107434.02,613122.121,0.8105263157894738,,0.0
2023-09-14,46.21,45.75,46.46,45.46,102894.65,581688.866,0.8090185676392573,,0.0
2023-09-15,45.84,44.99,45.89,44.5,164511.82,917665.599,0.8064169205950886,,0.0
2023-09-18,45.0,45.3,45.790000000000006,44.41,144277.93,808841.172,0.8074866310160427,,0.0
2023-09-19,45.19,45.25,45.35,44.650000000000006,123661.26,689874.974,0.8073148974130241,,0.0
2023-09-20,45.23,46.09,46.44,44.92999999999999,213801.1,1210967.114,0.8101599578133241,,0.0
2023-09-21,46.08,45.52,46.08,45.22,167691.42,946858.135,0.8082386363636362,,0.0
2023-09-22,45.790000000000006,46.25,46.31,45.370000000000005,221702.48,1259327.923,0.810692375109553,,0.0
2023-09-25,46.09,45.83,46.09,45.42999999999999,166431.59,941423.313,0.8092883630584495,,0.0
2023-09-26,45.96,45.2,46.400000000000006,45.2,189349.41,1067479.335,0.8071428571428572,,0.0
2023-09-27,45.2,45.39,45.86,44.63,188109.49,1054884.218,0.807794981313401,,0.0
2023-09-28,45.59,44.67999999999999,45.7,44.61,170975.78,953613.284,0.8053352559480893,,0.0
2023-10-09,44.66,44.96,45.31,44.1,286595.45,1591907.096,0.806312769010043,,0.0
2023-10-10,44.69,43.97,44.97,43.620000000000005,214996.37,1179223.5,0.802811758261822,,0.0
2023-10-11,43.95,43.97,45.09,43.7,204183.79,1123573.121,0.802811758261822,,0.0
2023-10-12,44.2,44.48,44.67999999999999,43.81,176042.42,970427.692,0.804630969609262,,0.0
2023-10-13,44.39,44.19,44.64,43.73,129960.04,712981.554,0.8036006546644844,,0.0
2023-10-16,44.0,44.28,44.61,44.0,150202.14,826944.835,0.803921568627451,,0.0
2023-10-17,44.28,45.08,45.19,44.25,168301.58,936368.372,0.8067287043664996,,0.0
2023-10-18,44.88,44.67,45.09,44.41,106370.84,590623.193,0.8053001622498649,,0.0
2023-10-19,44.49,43.42999999999999,44.49,43.38,201960.84,1103206.37,0.8008482389821131,,0.0
2023-10-20,43.14,42.38,43.260000000000005,42.08,210898.04,1123754.128,0.7969161338849191,,0.0
2023-10-23,42.2,42.45,42.83,41.91,168643.66,897561.653,0.7971830985915493,,0.0
2023-10-24,42.21,42.38,42.69,41.400000000000006,250197.82,1323069.266,0.7969161338849191,,0.0
2023-10-25,42.99,41.620000000000005,43.21,41.34,258565.46,1364767.551,0.7939717665013354,,0.0
2023-10-26,41.42,41.71,41.92,41.23,151655.12,794020.501,0.7943248904970481,,0.0
2023-10-27,41.56,42.94,43.2,41.41,253187.94,1352282.943,0.7990323781168589,,0.0
2023-10-30,42.53,43.7,43.84,42.53,164884.74,892765.17,0.8018348623853212,,0.0
2023-10-31,43.5,42.120000000000005,43.5,41.900000000000006,238072.12,1263696.55,0.7959183673469389,,0.0
2023-11-01,42.010000000000005,42.21,42.66,41.900000000000006,189338.23,1004719.416,0.7962648556876061,,0.0
2023-11-02,42.2,42.38,43.61,42.010000000000005,200854.78,1072266.18,0.7969161338849191,,0.0
2023-11-03,42.31999999999999,42.0,42.55,41.92,177406.44,939971.081,0.7954545454545455,,0.0
2023-11-06,42.2,42.34,42.5,41.900000000000006,249182.24,1322403.103,0.7967632668423034,,0.0
2023-11-07,42.3,42.3,42.48,41.78,188981.88,999762.782,0.7966101694915253,,0.0
2023-11-08,41.85,42.05,42.19,41.71,213857.28,1128009.345,0.7956480605487227,,0.0
2023-11-09,42.08,41.650000000000006,42.53,41.55,141468.93,743811.714,0.794089609151573,,0.0
2023-11-10,41.5,41.900000000000006,42.06,41.45,130270.77,685147.777,0.7950664136622392,,0.0
2023-11-13,41.84,40.260000000000005,41.84,39.88,382915.58,1957444.236,0.7884841363102233,,0.0
2023-11-14,40.22,40.290000000000006,40.620000000000005,40.0,248027.93,1266466.646,0.7886083382266589,,0.0
2023-11-15,40.64,40.74,40.96,40.150000000000006,196362.84,1010107.978,0.7904540162980209,,0.0
2023-11-16,40.6,40.95,41.39,40.510000000000005,216055.33,1121013.155,0.791304347826087,,0.0
2023-11-17,40.8,41.06,41.17,40.41,135134.22,697252.68,0.7917470111839569,,0.0
2023-11-20,40.74,41.63,42.1,40.74,182190.75,955124.72,0.7940110623688728,,0.0
2023-11-21,41.81999999999999,41.650000000000006,42.39,41.650000000000006,158459.02,836507.594,0.794089609151573,,0.0
2023-11-22,41.650000000000006,41.35,41.8,41.1,97869.06,511071.755,0.7929050814956854,,0.0
2023-11-23,41.35,41.96,42.13,41.05,101033.51,529662.623,0.7952994692949203,,0.0
2023-11-24,42.0,41.67999999999999,42.05,41.27,157245.3,822539.515,0.7942073170731706,,0.0
2023-11-27,41.63,41.17,41.63,40.95,159225.06,827425.456,0.7921878006542237,,0.0
2023-11-28,41.400000000000006,41.73,42.0,40.73,217876.37,1138681.641,0.794403198172473,,0.0
2023-11-29,41.73,41.21,41.78,40.92,124265.38,646048.742,0.7923476254566428,,0.0
2023-11-30,41.010000000000005,40.870000000000005,41.2,40.61,128618.62,664815.261,0.7909812270176119,,0.0
2023-12-01,41.5,39.75,41.56,39.53,316049.83,1604750.727,0.7863501483679526,,0.0
2023-12-04,39.67999999999999,39.290000000000006,39.99,39.040000000000006,220586.72,1107559.874,0.7843881014174486,,0.0
2023-12-05,39.290000000000006,38.42,39.39,38.42,225103.18,1120255.577,0.7805770012190167,,0.0
2023-12-06,38.260000000000005,38.38,38.85,37.95,191141.14,942351.431,0.7803985359902399,,0.0
2023-12-07,38.56,39.42,39.69,38.42,250218.6,1251685.067,0.7849462365591399,,0.0
2023-12-08,39.38,39.540000000000006,40.28,39.290000000000006,218113.4,1102240.031,0.7854588796185936,,0.0
2023-12-11,39.05,40.22,40.6,38.42,252014.67,1272635.678,0.7883183065464523,,0.0
2023-12-12,40.7,40.2,40.75,39.92,172048.15,879672.02,0.7882352941176471,,0.0
2023-12-13,40.1,39.89,40.19,39.71,128586.95,652164.458,0.7869402248964293,,0.0
2023-12-14,40.11,40.09,40.67,39.78,165634.1,847402.713,0.7877775594419336,,0.0
2023-12-15,39.71,39.53,40.3,39.5,204701.55,1034871.742,0.785416252731969,,0.0
2023-12-18,39.23,40.290000000000006,40.38,38.95,223074.69,1133044.74,0.7886083382266589,,0.0
2023-12-19,40.28,39.95,40.28,39.66,169545.33,859776.4,0.7871921182266011,,0.0
2023-12-20,39.95,40.23,40.6,39.72,254170.29,1298397.556,0.7883597883597884,,0.0
2023-12-21,40.42,41.22,41.48,40.06999999999999,274212.12,1422425.462,0.7923875432525951,,0.0
2023-12-22,41.11,41.97,42.19,40.900000000000006,227281.14,1194539.708,0.7953382603752132,,0.0
2023-12-25,41.81999999999999,41.870000000000005,42.45,41.63,113149.6,598032.182,0.7949496867286882,,0.0
2023-12-26,41.81999999999999,42.0,42.42999999999999,41.73,161523.28,855413.703,0.7954545454545455,,0.0
2023-12-27,41.98,42.8,42.900000000000006,41.92,203068.83,1081963.247,0.7985074626865671,,0.0
2023-12-28,42.64,43.25,43.36,42.45,247280.48,1331261.038,0.8001850138760408,,0.0
2023-12-29,43.27,43.83,44.17999999999999,42.92,259372.53,1410074.987,0.8023064250411861,,0.0
2024-01-02,43.83,43.760000000000005,44.25,43.400000000000006,239056.97,1305162.004,0.8020527859237537,,0.0
2024-01-03,43.790000000000006,43.650000000000006,44.0,43.3,206896.73,1126649.739,0.8016528925619836,,0.0
2024-01-04,43.86,44.45,44.52,43.650000000000006,267025.02,1467886.385,0.8045248868778281,,0.0
2024-01-05,44.400000000000006,44.8,45.28,44.05,300428.77,1669357.551,0.8057553956834531,,0.0
2024-01-08,44.8,44.2,44.8,43.81999999999999,278097.39,1531117.699,0.8036363636363637,,0.0
2024-01-09,43.91,44.370000000000005,44.53,43.31,216070.41,1184711.712,0.8042414355628059,,0.0
2024-01-10,44.370000000000005,44.42,44.97,44.040000000000006,178208.13,984854.746,0.8044186888808403,,0.0
2024-01-11,44.42,44.2,44.69,43.92999999999999,212369.2,1168392.665,0.8036363636363637,,0.0
2024-01-12,44.1,44.2,44.91,43.78,243610.8,1343879.865,0.8036363636363637,,0.0
2024-01-15,44.040000000000006,45.08,45.17999999999999,43.86,191240.97,1063527.119,0.8067287043664996,,0.0
2024-01-16,44.81,46.120000000000005,46.150000000000006,44.3,337303.99,1903147.107,0.8102600140548138,,0.0
2024-01-17,45.83,45.56999999999999,46.49,45.56999999999999,269141.26,1530395.102,0.8084087280468334,,0.0
2024-01-18,45.99,45.6,46.19,44.28,390231.0,2175726.536,0.8085106382978723,,0.0
2024-01-19,45.2,45.34,45.8,45.06,299370.04,1681993.909,0.8076237976487354,,0.0
2024-01-22,45.08,44.540000000000006,45.86,44.28,359803.22,2017295.149,0.8048427900252982,,0.0
2024-01-23,44.72,45.58,45.89,44.0,288485.18,1612570.166,0.8084427101809152,,0.0
2024-01-24,45.35,46.39,46.64,45.22,264637.21,1503303.923,0.811155796467914,,0.0
2024-01-25,46.5,45.55,46.69,45.44,249636.29,1412367.268,0.8083407275953859,,0.0
2024-01-26,45.55,46.71,46.95,45.55,327457.37,1874299.633,0.812206572769953,,0.0
2024-01-29,47.1,47.89,48.67999999999999,46.89,374987.36,2204469.37,0.8159822797750895,,0.0
2024-01-30,47.900000000000006,47.42,48.400000000000006,47.2,273732.99,1604993.046,0.814496736516661,,0.0
2024-01-31,47.11,47.45,48.14,46.620000000000005,255441.53,1486711.039,0.8145922746781117,,0.0
2024-02-01,47.42999999999999,48.010000000000005,48.66,47.2,303401.75,1785789.271,0.8163577622853256,,0.0
2024-02-02,47.7,47.45,48.08,46.510000000000005,289505.04,1687829.337,0.8145922746781117,,0.0
2024-02-05,47.2,48.650000000000006,48.8,47.02,461602.68,2724269.122,0.8183347350714887,,0.0
2024-02-06,48.46,49.150000000000006,49.99,48.22,379463.85,2279549.238,0.8198498748957466,,0.0
2024-02-07,48.49,50.31,50.370000000000005,48.23,461959.19,2791586.567,0.8232695139911635,,0.0
2024-02-08,50.49,49.49,51.56,49.17999999999999,347231.8,2112587.867,0.8208658152264057,,0.0
2024-02-19,50.900000000000006,49.8,50.900000000000006,49.010000000000005,356958.54,2157379.733,0.8217821782178217,,0.0
2024-02-20,49.5,50.900000000000006,50.99,48.870000000000005,296309.17,1807531.882,0.8249594813614263,,0.0
2024-02-21,50.2,50.91,51.75,49.88,277971.82,1719403.866,0.8249878463782206,,0.0
2024-02-22,50.41,50.55,50.99,50.23,192590.55,1180530.93,0.823960880195599,,0.0
2024-02-23,50.88,48.81999999999999,51.3,48.52,430935.97,2580957.129,0.8188527339818852,,0.0
2024-02-26,49.05,49.5,50.7,49.05,340977.31,2070387.072,0.8208955223880597,,0.0
2024-02-27,49.790000000000006,51.120000000000005,51.19,49.3,280147.95,1720508.595,0.8255813953488372,,0.0
2024-02-28,51.2,51.02,51.510000000000005,50.150000000000006,253673.64,1568616.989,0.825299255904238,,0.0
2024-02-29,51.2,51.83,52.67999999999999,50.95,489209.98,3071855.396,0.8275586779498643,,0.0
2024-03-01,52.7,53.67,53.71000000000001,52.08,328449.06,2102800.96,0.8324802233597022,,0.0
2024-03-04,54.2,53.8,55.2,52.7,373843.92,2415284.58,0.8328173374613004,,0.0
2024-03-05,53.85000000000001,54.24000000000001,54.60000000000001,52.650000000000006,355253.26,2288367.736,0.8339483394833949,,0.0
2024-03-06,54.10000000000001,53.71000000000001,54.73,53.5,219230.01,1422222.516,0.8325840954890715,,0.0
2024-03-07,53.650000000000006,55.0,55.85000000000001,53.400000000000006,306340.33,2020641.414,0.8358662613981763,,0.0
2024-03-08,55.07000000000001,55.3,55.69,54.08,261254.1,1714883.401,0.8366111951588503,,0.0
2024-03-11,55.290000000000006,54.620000000000005,55.3,53.760000000000005,280270.02,1826293.592,0.8349128706817488,,0.0
2024-03-12,54.55,53.33,54.55,52.25,507399.15,3241294.651,0.8315920785903633,,0.0
2024-03-13,52.86,53.27,53.53,52.2,327231.64,2084900.582,0.8314343686592789,,0.0
2024-03-14,53.06,53.7,53.95,52.8,315316.77,2026233.407,0.8325581395348838,,0.0
2024-03-15,53.59,53.22,53.7,52.5,254639.04,1624685.427,0.8313027179006561,,0.0
2024-03-18,53.08,51.56,53.09,51.55,425011.13,2667915.014,0.8268120590121874,,0.0
2024-03-19,51.400000000000006,51.8,52.31999999999999,51.370000000000005,297946.18,1867932.284,0.8274760383386581,,0.0
2024-03-20,51.400000000000006,51.08,51.7,50.6,377908.9,2337851.554,0.8254686489980607,,0.0
2024-03-21,51.11,49.75,51.24,49.33,391891.53,2377326.996,0.8216350123864575,,0.0
2024-03-22,49.760000000000005,51.81999999999999,51.85,49.7,431567.77,2671677.605,0.8275311402107952,,0.0
2024-03-25,51.39,52.1,52.86,50.98,269033.26,1694247.611,0.8282988871224165,,0.0
2024-03-26,51.510000000000005,51.92,52.45,51.510000000000005,253537.49,1591428.438,0.8278061224489797,,0.0
2024-03-27,51.73,52.870000000000005,54.08,51.71,348427.94,2227887.825,0.8303753730171196,,0.0
2024-03-28,53.43000000000001,53.78,54.59,52.38,451854.11,2915943.394,0.8327655620935275,,0.0
2024-03-29,53.78,53.42,54.93000000000001,52.86,254688.58,1638381.69,0.8318280909374027,,0.0
2024-04-01,53.7,55.42,55.48,53.3,327712.25,2146737.286,0.836907278767744,,0.0
2024-04-02,55.2,55.45,55.73,54.95,226536.32,1497277.78,0.8369811320754718,,0.0
2024-04-03,55.400000000000006,55.93000000000001,56.10000000000001,55.18000000000001,206264.95,1370613.983,0.838153753933763,,0.0
2024-04-08,55.92,54.52,56.05,53.870000000000005,324344.92,2125546.169,0.8346601347213717,,0.0
2024-04-09,54.2,54.24000000000001,54.8,54.02,194782.79,1270147.986,0.8339483394833949,,0.0
2024-04-10,54.07000000000001,54.370000000000005,55.400000000000006,53.760000000000005,180819.7,1184377.719,0.834279576492251,,0.0
2024-04-11,54.150000000000006,54.27,55.150000000000006,53.81,190047.69,1239842.458,0.8340248962655602,,0.0
2024-04-12,54.19,54.09,54.8,53.78,217343.88,1414407.755,0.8335644937586686,,0.0
2024-04-15,54.09,56.040000000000006,56.2,53.91,317837.41,2102897.321,0.8384201077199283,,0.0
2024-04-16,55.98,57.510000000000005,57.97,55.77,391913.8,2659237.097,0.841897233201581,,0.0
2024-04-17,57.2,57.78,58.0,56.18000000000001,245496.49,1664966.38,0.8425196850393701,,0.0
2024-04-18,57.78,59.2,60.53,57.58,395421.36,2777734.457,0.8457142857142858,,0.0
2024-04-19,58.63000000000001,59.2,59.78,58.63000000000001,288123.35,2017233.1,0.8457142857142858,,0.0
2024-04-22,59.400000000000006,59.18000000000001,60.39,58.7,289437.54,2032072.605,0.845670191483281,,0.0
2024-04-23,59.03,57.59,59.2,56.790000000000006,382179.4,2605557.575,0.8420821757566896,,0.0
2024-04-24,57.540000000000006,57.10000000000001,57.84,55.95,307830.47,2079963.046,0.8409425625920471,,0.0
2024-04-25,56.33,57.44,57.760000000000005,56.33,220332.98,1500859.468,0.8417350527549824,,0.0
2024-04-26,57.45,57.57000000000001,57.85000000000001,56.620000000000005,242257.47,1650078.938,0.8420359806932866,,0.0
2024-04-29,57.5,57.400000000000006,58.08,56.43000000000001,332263.98,2264197.665,0.841642228739003,,0.0
2024-04-30,56.040000000000006,58.98,60.35000000000001,56.0,571318.43,3988190.598,0.8452278589853827,,0.0
2024-05-06,59.7,60.21000000000001,60.66,58.85000000000001,461799.14,3263609.833,0.8479087452471483,,0.0
2024-05-07,60.010000000000005,60.3,61.53,59.82000000000001,304314.57,2176139.138,0.8481012658227849,,0.0
2024-05-08,59.7,59.95,60.540000000000006,59.59,176619.6,1252248.295,0.8473498233215548,,0.0
2024-05-09,60.2,61.05,61.540000000000006,59.82000000000001,285718.31,2046734.81,0.8496868475991649,,0.0
2024-05-10,61.400000000000006,61.08,61.53,60.540000000000006,224879.05,1616063.316,0.8497495826377296,,0.0
2024-05-13,61.08,61.91,62.19,59.900000000000006,271674.1,1965130.433,0.8514647228716821,,0.0
2024-05-14,61.88000000000001,60.040000000000006,62.09,59.400000000000006,399236.1,2827063.811,0.8475437605872389,,0.0
2024-05-15,60.7,61.96000000000001,62.3,60.31,301894.55,2090761.786,0.8881880733944955,,0.0
2024-05-16,61.96000000000001,61.540000000000006,62.0,61.0,246004.03,1703048.548,0.8875108162676666,,0.0
2024-05-17,60.98,60.23,61.7,58.72,418482.56,2828611.123,0.8853447008672645,,0.0
2024-05-20,59.21000000000001,58.77,60.08,58.41,426430.37,2846862.349,0.8828301036502929,,0.0
2024-05-21,58.47,58.75,59.5,58.400000000000006,243587.94,1626841.822,0.8827948910593539,,0.0
2024-05-22,58.540000000000006,57.61,58.74000000000001,57.510000000000005,261052.15,1715205.332,0.8807521785659685,,0.0
2024-05-23,57.60000000000001,57.94,58.39,57.2,240961.49,1582459.055,0.8813507757833892,,0.0
2024-05-24,57.60000000000001,58.82000000000001,59.18000000000001,57.3,259269.68,1724580.967,0.882918042629841,,0.0
2024-05-27,58.7,59.790000000000006,60.48,57.74000000000001,305462.19,2062139.516,0.8845983133599645,,0.0
2024-05-28,59.8,59.23,59.98,58.7,191736.67,1284865.352,0.8836341936446368,,0.0
2024-05-29,58.8,58.05,59.400000000000006,57.7,241320.98,1590410.761,0.8815489749430524,,0.0
2024-05-30,57.91,57.38000000000001,58.39,57.34,193586.23,1269509.292,0.8803313899969316,,0.0
2024-05-31,57.39,56.96000000000001,57.77,56.75,261294.19,1696172.93,0.8795552810376777,,0.0
2024-06-03,57.08,57.22,58.5,56.47,357556.29,2337233.616,0.880036911719471,,0.0
2024-06-04,57.19,56.88000000000001,57.19,55.6,306211.98,1969401.516,0.8794063079777366,,0.0
2024-06-05,56.75,56.120000000000005,57.400000000000006,56.0,283319.25,1825603.15,0.8779724655819775,,0.0
2024-06-06,56.0,57.96000000000001,58.23,56.0,436037.19,2848032.777,0.8813868613138687,,0.0
2024-06-07,57.400000000000006,57.36,57.650000000000006,55.91,400645.9,2591739.293,0.8802946593001842,,0.0
2024-06-11,56.7,57.2,58.7,56.38000000000001,336896.64,2188026.772,0.88,,0.0
2024-06-12,57.040000000000006,57.36,57.94,56.73,257071.99,1675974.671,0.8802946593001842,,0.0
2024-06-13,57.510000000000005,56.120000000000005,57.650000000000006,55.86,274850.47,1763239.544,0.8779724655819775,,0.0
2024-06-14,55.71,57.81,57.96000000000001,55.7,379244.47,2468107.111,0.8811156835848194,,0.0
2024-06-17,57.96000000000001,56.73,57.96000000000001,56.38000000000001,253358.08,1639603.939,0.8791259879125989,,0.0
2024-06-18,56.5,57.040000000000006,57.39,55.870000000000005,218674.69,1409611.739,0.8797038864898211,,0.0
2024-06-19,56.97,56.2,57.28,55.0,346999.57,2206055.298,0.878125,,0.0
2024-06-20,56.1,56.67,56.95,55.74,280857.88,1806800.938,0.8790134946486738,,0.0
2024-06-21,56.69,56.150000000000006,56.95,55.7,241536.69,1544527.731,0.8780297107114934,,0.0
2024-06-24,55.91,57.08,57.75,55.81,307990.53,1993977.958,0.8797780517879162,,0.0
2024-06-25,57.05,57.49000000000001,57.99000000000001,56.72,253092.06,1652171.356,0.880533006586001,,0.0
2024-06-26,57.21000000000001,56.45,57.59,56.11,238314.07,1531598.024,0.8785992217898834,,0.0
2024-06-27,56.25,56.3,56.68000000000001,55.67,274094.61,1750926.675,0.8783151326053042,,0.0
2024-06-28,55.7,56.7,56.99000000000001,55.68,251956.12,1624767.679,0.8790697674418605,,0.0
2024-07-01,56.49000000000001,56.290000000000006,57.58,55.8,195283.13,1255074.545,0.8782961460446248,,0.0
2024-07-02,55.900000000000006,55.2,56.400000000000006,55.0,291813.45,1843585.722,0.8761904761904762,,0.0
2024-07-03,55.25,55.23,55.88,54.940000000000005,181208.42,1145370.115,0.8762494050452166,,0.0
2024-07-04,55.400000000000006,56.8,57.400000000000006,55.400000000000006,277530.98,1794060.146,0.8792569659442725,,0.0
2024-07-05,56.7,56.2,57.35000000000001,55.2,264795.82,1686503.681,0.878125,,0.0
2024-07-08,55.8,56.43000000000001,56.92,55.370000000000005,194435.76,1247645.531,0.8785614198972443,,0.0
2024-07-09,56.010000000000005,56.3,56.870000000000005,55.82,216644.64,1392889.372,0.8783151326053042,,0.0
2024-07-10,56.74000000000001,56.010000000000005,57.260000000000005,56.010000000000005,158469.09,1016718.37,0.8777621062529385,,0.0
2024-07-11,56.05,56.1,56.650000000000006,54.720000000000006,271826.55,1727208.383,0.8779342723004695,,0.0
2024-07-12,55.99,57.2,57.400000000000006,55.84,245740.92,1588658.353,0.88,,0.0
2024-07-15,56.98,57.14,57.36,56.56,170459.13,1104204.269,0.8798891284262397,,0.0
2024-07-16,56.83,56.47,57.16,55.95,204067.78,1313240.364,0.8786370001555937,,0.0
2024-07-17,56.24000000000001,55.03,56.58,53.86,464628.49,2909157.024,0.8758554830494987,,0.0
2024-07-18,54.21,56.1,56.66,54.21,345324.62,2193053.871,0.8779342723004695,,0.0
2024-07-19,55.56,55.8,55.98,55.09,217969.63,1381064.608,0.8773584905660378,,0.0
2024-07-22,55.650000000000006,55.830000000000005,56.84,55.52,199303.45,1273643.439,0.8774163130598774,,0.0
2024-07-23,55.830000000000005,54.580000000000005,55.99,54.580000000000005,185378.45,1165932.04,0.8749599230522603,,0.0
2024-07-24,54.21,52.28,54.92,51.84,455473.36,2757887.294,0.87017310252996,,0.0
2024-07-25,51.720000000000006,51.6,52.290000000000006,51.1,301091.51,1787253.322,0.8686868686868687,,0.0
2024-07-26,55.03,55.040000000000006,55.190000000000005,53.6,577401.71,3598947.643,0.8758752387014641,,0.0
2024-07-29,54.5,55.080000000000005,55.41,54.36,207128.28,1297587.355,0.8759541984732825,,0.0
2024-07-30,54.71,53.260000000000005,54.970000000000006,52.8,225758.46,1381015.834,0.8722567965935146,,0.0
2024-07-31,52.93,55.96,56.06,52.93,401747.39,2530147.58,0.8776662484316186,,0.0
2024-08-01,56.0,55.78,56.870000000000005,55.61,244068.33,1561027.259,0.8773199119219881,,0.0
2024-08-02,55.5,55.190000000000005,56.48,54.77,202615.24,1280021.474,0.8761708207652009,,0.0
2024-08-05,54.74,53.85,56.5,53.760000000000005,354767.54,2214817.315,0.8734793187347932,,0.0
2024-08-06,53.81,52.120000000000005,54.46,51.720000000000006,384931.82,2316733.895,0.8698264352469961,,0.0
2024-08-07,52.120000000000005,52.900000000000006,53.580000000000005,51.440000000000005,252985.92,1535238.304,0.8714991762767711,,0.0
2024-08-08,52.620000000000005,53.16,53.68,52.41,142319.1,867672.45,0.8720472440944882,,0.0
2024-08-09,53.05,52.7,53.900000000000006,52.53,138023.75,839905.714,0.8710743801652893,,0.0
2024-08-12,52.7,53.580000000000005,54.34,52.510000000000005,169492.35,1042597.208,0.8729227761485826,,0.0
2024-08-13,53.580000000000005,53.56,54.31,53.120000000000005,98350.74,602892.3,0.8728813559322034,,0.0
2024-08-14,53.56,53.1,53.690000000000005,52.8,112277.8,685993.302,0.8719211822660099,,0.0
2024-08-15,52.900000000000006,53.2,53.55,52.49,191632.62,1166672.167,0.8721311475409836,,0.0
2024-08-16,53.010000000000005,53.940000000000005,54.1,52.870000000000005,180669.88,1112521.867,0.8736637512147717,,0.0
2024-08-19,53.89,54.56,55.35,53.870000000000005,172753.49,1075574.308,0.8749198203976909,,0.0
2024-08-20,55.68,55.220000000000006,55.690000000000005,53.96,257809.74,1623775.567,0.8762297683275151,,0.0
2024-08-21,54.91,55.36,55.900000000000006,54.53,211871.3,1337959.065,0.876504116529449,,0.0
2024-08-22,55.330000000000005,56.290000000000006,56.69,54.92,249787.43,1597113.183,0.8782961460446248,,0.0
2024-08-23,56.2,57.66,58.16,56.080000000000005,290471.35,1895805.009,0.8808432630614116,,0.0
2024-08-26,58.14,58.52,58.85000000000001,57.10000000000001,339581.51,2241141.518,0.882388419782871,,0.0
2024-08-27,58.2,58.19,58.68000000000001,57.69,241137.93,1590912.374,0.8818002727686013,,0.0
2024-08-28,58.18000000000001,57.13000000000001,58.35000000000001,56.77,265429.59,1726057.217,0.879870629909133,,0.0
2024-08-29,56.620000000000005,56.150000000000006,57.510000000000005,56.150000000000006,232855.63,1500197.088,0.8780297107114934,,0.0
2024-08-30,55.68,56.95,58.010000000000005,55.580000000000005,333863.34,2160911.498,0.8795366795366796,,0.0
2024-09-02,56.7,57.43000000000001,58.72,56.64,260758.82,1706301.995,0.8804231181971486,,0.0
2024-09-03,57.21000000000001,58.17,58.68000000000001,57.2,242378.88,1599193.264,0.8817644383810823,,0.0
2024-09-04,58.06,57.68000000000001,58.900000000000006,57.56,274996.33,1814975.104,0.8808796579108125,,0.0
2024-09-05,57.150000000000006,55.790000000000006,57.60000000000001,55.68,432123.22,2763225.151,0.8773392042774022,,0.0
2024-09-06,55.8,55.220000000000006,56.75,55.1,233201.64,1480652.837,0.8762297683275151,,0.0
2024-09-09,53.55,53.290000000000006,54.400000000000006,52.88,548406.38,3359451.1,0.8723195285644132,,0.0
2024-09-10,52.68,52.95,53.84,52.68,401110.34,2451075.854,0.871604938271605,,0.0
2024-09-11,52.720000000000006,53.86,54.28,51.900000000000006,419217.62,2572399.328,0.8734998378203049,,0.0
2024-09-12,54.0,54.57,55.05,53.86,276168.61,1719561.913,0.874939874939875,,0.0
2024-09-13,54.25,55.71,55.98,53.790000000000006,321489.94,2037679.478,0.8771846953235711,,0.0
2024-09-18,55.82,57.45,57.91,55.6,295025.96,1915513.518,0.8804597701149426,,0.0
2024-09-19,54.5,57.48,57.93000000000001,54.5,476115.03,3085181.571,0.880514705882353,,0.0
2024-09-20,57.11,58.260000000000005,58.5,56.96000000000001,398012.5,2608979.309,0.8819255222524978,,0.0
2024-09-23,58.66,59.8,60.09,58.400000000000006,391621.41,2643088.028,0.8846153846153847,,0.0
2024-09-24,59.8,60.24000000000001,60.45,58.400000000000006,500901.52,3378454.557,0.8853615520282188,,0.0
2024-09-25,60.41,62.31,63.7,60.41,627661.29,4428074.584,0.8887462558836116,,0.0
2024-09-26,62.2,65.76,65.88000000000001,61.99000000000001,501342.12,3592524.658,0.8939641109298532,,0.0
2024-09-27,66.95,65.2,68.60000000000001,63.35000000000001,857447.87,6253333.702,0.8931506849315068,,0.0
2024-09-30,65.36,68.26,69.10000000000001,64.23,1251664.92,9344041.944,0.8974493820667894,,0.0
2024-10-08,75.87,72.39,75.87,70.93,1352392.67,11050056.032,0.902731013842125,,0.0
2024-10-09,70.60000000000001,67.21000000000001,71.52,66.22,895501.13,6896386.875,0.8960138648180244,,0.0
2024-10-10,68.15,70.5,71.58,68.07000000000001,673033.99,5259062.088,0.9003831417624522,,0.0
2024-10-11,70.2,68.97,70.43,68.10000000000001,380601.78,2930030.642,0.898397811645174,,0.0
2024-10-14,69.23,71.2,71.49000000000001,68.8,462828.32,3620244.782,0.9012658227848102,,0.0
2024-10-15,71.2,68.2,71.2,68.2,375833.16,2905639.306,0.8973684210526316,,0.0
2024-10-16,66.9,67.44,67.7,65.93,342829.49,2559503.194,0.8963317384370016,,0.0
2024-10-17,67.44,65.28,67.73,65.10000000000001,394376.3,2920853.67,0.8932676518883416,,0.0
2024-10-18,65.28,67.21000000000001,68.4,64.85000000000001,427851.06,3180240.27,0.8960138648180244,,0.0
2024-10-21,67.55,66.28,68.18,65.48,343228.96,2547898.013,0.894708423326134,,0.0
2024-10-22,66.55,68.7,69.16,66.34,404059.73,3073890.031,0.8980392156862745,,0.0
2024-10-23,68.8,68.58,69.98,68.2,268312.8,2053544.728,0.8978790259230165,,0.0
2024-10-24,68.31,67.84,68.66,67.5,171086.73,1296926.992,0.8968799576943417,,0.0
2024-10-25,67.62,67.47,68.06,66.97,210572.89,1583775.153,0.8963730569948187,,0.0
2024-10-28,67.69,67.07000000000001,67.78,66.21000000000001,280590.96,2091524.794,0.8958194203285695,,0.0
2024-10-29,66.81,66.27,67.7,66.0,297271.77,2214621.306,0.89469420818145,,0.0
2024-10-30,65.9,64.95,66.55,64.32000000000001,404137.34,2939634.796,0.8927835051546392,,0.0
2024-10-31,65.17,63.620000000000005,65.89,63.3,500468.67,3595551.677,0.8907868944273313,,0.0
2024-11-01,63.64,64.45,65.2,62.58,416514.82,3009423.819,0.8920415224913495,,0.0
2024-11-04,64.34,65.04,65.57000000000001,63.900000000000006,232315.78,1680407.656,0.8929159802306426,,0.0
2024-11-05,64.7,65.33,65.68,63.41,416967.28,3027068.197,0.8933406262819636,,0.0
2024-11-06,65.34,63.370000000000005,65.34,63.17,525931.43,3768679.119,0.8904032598004777,,0.0
2024-11-07,62.55,64.3,64.3,62.09,547746.02,3895318.881,0.8918169209431346,,0.0
2024-11-08,64.86,64.78,65.96000000000001,63.3,593373.82,4283549.293,0.8925323780655828,,0.0
2024-11-11,63.43000000000001,63.8,64.04,63.02,442079.13,3153791.634,0.8910614525139665,,0.0
2024-11-12,64.11,64.59,67.09,63.99000000000001,575477.22,4231304.809,0.8922503108164112,,0.0
2024-11-13,64.68,65.60000000000001,66.5,64.66,458416.57,3373337.471,0.893732970027248,,0.0
2024-11-14,65.68,65.84,67.09,64.53,408434.66,3020822.981,0.8940793047256926,,0.0
2024-11-15,65.35000000000001,64.45,66.31,64.05,342825.15,2496870.647,0.8920415224913495,,0.0
2024-11-18,64.37,63.25,65.18,63.03,319385.99,2292938.837,0.8902181562280085,,0.0
2024-11-19,63.25,63.510000000000005,63.95,62.900000000000006,226651.63,1614053.712,0.8906184265881364,,0.0
2024-11-20,63.58,63.63000000000001,63.85000000000001,62.94,226371.19,1610809.493,0.8908021839563209,,0.0
2024-11-21,63.57000000000001,63.040000000000006,63.59,62.75,216528.45,1534662.636,0.8898927159796726,,0.0
2024-11-22,63.03,62.59,65.02,62.42,388458.2,2781161.792,0.8891888052280154,,0.0
2024-11-25,62.31,62.59,64.58,62.31,385867.74,2737579.009,0.8891888052280154,,0.0
2024-11-26,62.31,62.8,63.400000000000006,61.55,274187.96,1932586.725,0.8895184135977338,,0.0
2024-11-27,62.52,63.52,63.7,61.94,264824.99,1875798.199,0.8906337633202468,,0.0
2024-11-28,64.2,62.39,64.2,61.96000000000001,323289.51,2275593.42,0.8888730588402907,,0.0
2024-11-29,61.88000000000001,62.33,62.97,61.75,277501.41,1951115.164,0.8887779837444746,,0.0
2024-12-02,62.35000000000001,62.28,62.73,61.43000000000001,357905.65,2500096.04,0.8886986301369864,,0.0
2024-12-03,62.2,62.05,62.2,61.60000000000001,313174.22,2181594.388,0.8883321403006442,,0.0
2024-12-04,62.08,63.69,64.19,61.8,531955.06,3779094.534,0.8908938313050777,,0.0
2024-12-05,63.8,63.92,65.08,63.620000000000005,367644.63,2647263.413,0.8912437255995539,,0.0
2024-12-06,63.98,65.05,65.33,63.71000000000001,456778.46,3318584.662,0.8929306794783802,,0.0
2024-12-09,64.21000000000001,65.33,66.08,63.510000000000005,413219.23,3017126.124,0.8933406262819636,,0.0
2024-12-10,68.71000000000001,66.04,68.86,65.99000000000001,555132.89,4164810.151,0.8943661971830986,,0.0
2024-12-11,65.9,67.3,67.53,65.8,335433.9,2512587.263,0.8961384820239681,,0.0
2024-12-12,67.4,67.76,67.95,66.57000000000001,286398.14,2153602.254,0.8967707781895183,,0.0
2024-12-13,67.4,66.2,67.43,65.53,370633.34,2744782.532,0.8945945945945947,,0.0
2024-12-16,66.3,65.42,66.65,64.85000000000001,280470.59,2054964.896,0.8934717290357826,,0.0
2024-12-17,65.4,65.87,66.88000000000001,65.01,278873.05,2058385.955,0.8941224378987377,,0.0
2024-12-18,65.86,66.3,66.78,65.78,225785.49,1675256.403,0.8947368421052632,,0.0
2024-12-19,66.06,66.64,67.43,65.44,253552.78,1893593.092,0.8952176249328319,,0.0
2024-12-20,66.63000000000001,66.2,66.99000000000001,65.86,209396.51,1552494.957,0.8945945945945947,,0.0
2024-12-23,66.2,66.81,67.45,66.15,226028.81,1689849.27,0.8954563731403298,,0.0
2024-12-24,66.60000000000001,68.45,68.58,66.60000000000001,344141.01,2606513.926,0.897704918032787,,0.0
2024-12-25,68.5,67.74000000000001,68.8,67.24000000000001,227338.66,1719267.176,0.8967434471803019,,0.0
2024-12-26,67.46000000000001,68.18,68.44,66.85000000000001,242142.92,1829497.5,0.8973414056330614,,0.0
2024-12-27,68.18,67.62,68.25,67.0,198421.17,1493951.286,0.8965791567223549,,0.0
2024-12-30,67.2,67.52,68.38000000000001,67.12,221827.24,1676164.969,0.8964418481147106,,0.0
2024-12-31,67.3,67.42,68.25,66.89,307660.03,2324365.541,0.8963041744216964,,0.0
2025-01-02,67.60000000000001,67.52,69.4,67.2,413670.89,3143071.622,0.8964418481147106,,0.0
2025-01-03,67.2,66.89,68.26,66.10000000000001,296422.0,2225340.636,0.8955683491765967,,0.0
2025-01-06,66.88000000000001,67.58,68.48,66.48,306810.09,2308954.916,0.8965242769965508,,0.0
2025-01-07,67.2,68.13000000000001,68.96000000000001,66.7,251785.25,1913943.076,0.8972738048202292,,0.0
2025-01-08,67.71000000000001,69.78,69.86,67.63000000000001,406929.62,3129132.562,0.8994586233565353,,0.0
2025-01-09,69.9,70.93,71.2,69.4,345986.94,2715146.336,0.90092721961133,,0.0
2025-01-10,70.93,68.57000000000001,71.09,68.57000000000001,271095.67,2093133.229,0.8978656540526385,,0.0
2025-01-13,67.81,66.5,68.22,66.13000000000001,255846.06,1911136.129,0.8950201884253028,,0.0
2025-01-14,66.5,66.82000000000001,67.55,65.63000000000001,288583.96,2150563.704,0.8954703832752614,,0.0
2025-01-15,66.84,66.02,67.97,65.8,256634.53,1910565.918,0.8943375778921702,,0.0
2025-01-16,66.19,66.29,67.65,66.10000000000001,262330.35,1953070.088,0.8947226346335538,,0.0
2025-01-17,66.28,66.55,67.07000000000001,65.83,159287.51,1184446.629,0.8950907868190989,,0.0
2025-01-20,67.3,67.09,68.94,67.08,296992.51,2245932.516,0.895847242622513,,0.0
2025-01-21,67.46000000000001,66.60000000000001,67.49000000000001,66.42,162862.77,1217315.662,0.8951612903225807,,0.0
2025-01-22,66.58,65.2,66.58,64.48,322179.97,2351219.471,0.8931506849315068,,0.0
2025-01-23,65.60000000000001,65.61,66.12,64.60000000000001,270086.72,1981526.548,0.8937474458520638,,0.0
2025-01-24,65.21000000000001,65.02,65.84,64.75,304860.76,2224547.325,0.8928865696237298,,0.0
2025-01-27,65.06,66.08,66.5,64.82000000000001,280115.16,2066038.991,0.8944233892799134,,0.0
2025-02-05,65.60000000000001,64.41,65.89,63.88000000000001,363510.88,2623254.186,0.8919817199833818,,0.0
2025-02-06,64.38000000000001,64.47,64.76,63.63000000000001,285674.93,2058313.211,0.8920713989207141,,0.0
2025-02-07,64.60000000000001,65.64,65.64,63.870000000000005,355349.68,2588044.043,0.8937908496732027,,0.0
2025-02-10,65.52,65.21000000000001,65.53,64.7,318649.87,2324957.366,0.8931653198192029,,0.0
2025-02-11,65.64,65.9,66.06,64.81,300440.16,2200715.457,0.8941655359565808,,0.0
2025-02-12,65.66,65.48,65.79,64.88000000000001,228072.78,1667138.73,0.8935589519650655,,0.0
2025-02-13,65.2,64.34,65.59,64.33,410664.44,2979276.852,0.8918769060160799,,0.0
2025-02-14,64.32000000000001,64.69,64.89,64.10000000000001,234350.76,1697819.619,0.8923989515795282,,0.0
2025-02-17,64.45,64.24000000000001,64.67,63.45,402358.06,2886662.764,0.8917268184342033,,0.0
2025-02-18,64.19,64.10000000000001,64.85000000000001,63.73,293465.13,2117878.259,0.8915159944367177,,0.0
2025-02-19,63.5,63.650000000000006,64.17,63.2,337150.17,2408852.125,0.8908327501749476,,0.0
2025-02-20,63.61,63.43000000000001,63.91,63.260000000000005,314202.28,2241810.157,0.8904955777060228,,0.0
2025-02-21,63.22,62.790000000000006,63.43000000000001,62.400000000000006,553390.13,3903770.927,0.8895027624309393,,0.0
2025-02-24,62.85000000000001,63.09,63.7,62.48,469377.41,3326317.437,0.8899703766398647,,0.0
2025-02-25,62.7,61.23,62.870000000000005,61.18000000000001,565998.67,3932087.508,0.8870056497175142,,0.0
2025-02-26,60.91,62.32000000000001,62.36,60.900000000000006,404123.76,2820753.654,0.8887621220764405,,0.0
2025-02-27,63.2,64.68,64.91,62.83,652482.35,4700242.778,0.892384105960265,,0.0
2025-02-28,64.95,65.25,65.7,64.3,506479.34,3702978.856,0.8932238193018481,,0.0
2025-03-03,64.9,63.2,65.19,63.05,405917.82,2908667.199,0.8901408450704226,,0.0
2025-03-04,63.48,64.17,64.67,63.48,300419.94,2159097.772,0.8916215089620676,,0.0
2025-03-05,64.10000000000001,63.95,64.35000000000001,63.400000000000006,286186.2,2050696.436,0.8912891986062719,,0.0
2025-03-06,64.11,63.34,64.17,62.620000000000005,402398.81,2857881.528,0.8903570424515042,,0.0
2025-03-07,63.32000000000001,62.99000000000001,63.44,62.46000000000001,314826.6,2228492.957,0.8898149456137873,,0.0
2025-03-10,63.010000000000005,63.27,63.46000000000001,62.71000000000001,273440.26,1937259.286,0.8902490502321655,,0.0
2025-03-11,62.7,63.13000000000001,63.64,62.5,252824.97,1788427.242,0.8900324263358241,,0.0
2025-03-12,63.18000000000001,62.3,63.18000000000001,62.3,301301.1,2117631.624,0.8887303851640513,,0.0
2025-03-13,62.21000000000001,62.21000000000001,62.85000000000001,62.010000000000005,252621.64,1774959.974,0.8885873446650479,,0.0
2025-03-14,62.23,64.07000000000001,64.3,62.02,425449.64,3036261.982,0.8914707110059831,,0.0
2025-03-17,64.72,64.08,64.72,63.8,347332.87,2497780.791,0.8914858096828047,,0.0
2025-03-18,64.2,67.18,68.3,63.81,779313.96,5762238.29,0.8959722592691385,,0.0
2025-03-19,69.43,68.71000000000001,70.14,67.23,1066261.03,8164296.255,0.8980525421513528,,0.0
2025-03-20,68.60000000000001,67.37,69.05,67.3,585693.19,4434498.828,0.8962352002128509,,0.0
2025-03-21,66.97,67.48,68.63000000000001,66.97,384527.93,2903191.225,0.8963868225292243,,0.0
2025-03-24,67.08,68.26,68.7,67.02,387348.11,2945134.162,0.8974493820667894,,0.0
2025-03-25,69.01,69.06,69.7,68.57000000000001,324186.22,2493718.323,0.8985167837626854,,0.0
2025-03-26,68.67,68.99000000000001,69.60000000000001,68.07000000000001,237068.58,1814277.211,0.8984242739940097,,0.0
2025-03-27,68.99000000000001,68.7,69.7,68.52,257215.38,1974042.919,0.8980392156862745,,0.0
2025-03-28,68.41,69.07000000000001,69.38000000000001,67.88000000000001,249114.31,1909917.934,0.8985299856901262,,0.0
2025-03-31,69.10000000000001,70.7,72.7,69.10000000000001,689684.45,5458996.643,0.9006369426751593,,0.0
2025-04-01,70.3,67.59,70.98,67.4,551816.54,4204786.523,0.8965380023875846,,0.0
2025-04-02,67.55,68.16,68.99000000000001,67.39,268536.25,2036925.144,0.8973143759873617,,0.0
2025-04-03,66.8,65.56,67.03,65.35000000000001,565988.74,4179850.012,0.8936750272628136,,0.0
2025-04-07,60.42,59.38000000000001,61.67,58.22,880896.93,5986991.841,0.8838940160762132,,0.0
2025-04-08,60.2,62.43000000000001,62.7,59.99000000000001,744733.32,5151771.418,0.8889363519863307,,0.0
2025-04-09,61.39,61.870000000000005,62.7,60.620000000000005,578839.54,4027838.482,0.888043634275872,,0.0
2025-04-10,62.8,63.290000000000006,63.790000000000006,62.33,450848.52,3199356.7,0.8902799268532846,,0.0
2025-04-11,62.72,62.69,62.94,61.83,295625.89,2075657.472,0.8893460065257484,,0.0
2025-04-14,62.92,62.120000000000005,63.10000000000001,61.91,348835.05,2447104.07,0.8884439359267735,,0.0
2025-04-15,62.3,63.68000000000001,64.03,61.89,343666.81,2441442.777,0.8908785674314494,,0.0
2025-04-16,63.39,63.2,63.68000000000001,62.57000000000001,266729.43,1890971.34,0.8901408450704226,,0.0
2025-04-17,62.94,63.150000000000006,63.370000000000005,62.540000000000006,195912.73,1388823.325,0.890063424947146,,0.0
2025-04-18,63.150000000000006,63.120000000000005,63.53,62.67,154483.83,1094653.676,0.8900169204737733,,0.0
2025-04-21,62.98,63.59,63.81,62.7,177513.8,1262930.782,0.8907410001400757,,0.0
2025-04-22,63.5,63.92,64.43,63.41,226155.0,1626765.493,0.8912437255995539,,0.0
2025-04-23,64.3,64.05,64.62,64.0,225868.71,1627423.197,0.8914405010438413,,0.0
2025-04-24,64.60000000000001,65.15,65.39,64.16,231807.5,1684714.693,0.8930774503084304,,0.0
2025-04-25,65.15,64.95,65.2,64.58,170972.38,1244078.508,0.8927835051546392,,0.0
2025-04-28,65.59,65.43,65.78,65.0,239660.15,1755320.152,0.8934862761163458,,0.0
2025-04-29,65.46000000000001,66.4,66.57000000000001,65.06,234973.83,1733740.168,0.894878706199461,,0.0
2025-04-30,67.2,65.82000000000001,67.32000000000001,65.65,478100.26,3548715.615,0.8940505297473513,,0.0
2025-05-06,66.43,66.25,66.58,65.3,346411.79,2556249.632,0.8946657663740716,,0.0
2025-05-07,66.97,66.56,67.38000000000001,66.2,300281.02,2239595.605,0.8951048951048951,,0.0
2025-05-08,66.55,67.2,67.84,66.08,277075.67,2081094.569,0.896,,0.0
2025-05-09,67.19,68.0,68.23,66.91,245638.98,1861536.388,0.8970976253298153,,0.0
2025-05-12,68.3,68.78,68.94,68.10000000000001,272239.12,2078979.154,0.898145729955602,,0.0
2025-05-13,69.2,69.31,69.4,68.64,255278.41,1963341.233,0.8988458046945922,,0.0
2025-05-14,69.10000000000001,69.29,69.75,68.33,292496.33,2248759.306,0.8988195615514334,,0.0
2025-05-15,68.86,68.7,69.27,68.52,204901.85,1571335.906,0.8980392156862745,,0.0
2025-05-16,68.41,68.8,69.04,67.77,238659.92,1819974.356,0.8981723237597912,,0.0
2025-05-19,68.64,69.78,69.92,68.49000000000001,263086.25,2031022.754,0.8994586233565353,,0.0
2025-05-20,69.73,70.87,71.3,69.68,277995.4,2184604.655,0.9008516588280158,,0.0
2025-05-21,70.7,71.0,71.64,70.67,205438.26,1619842.976,0.901015228426396,,0.0
2025-05-22,70.93,71.56,71.76,70.51,234034.26,1850376.659,0.9017137096774194,,0.0
2025-05-23,71.56,71.09,72.68,70.92,299745.89,2385953.118,0.901128153124604,,0.0
2025-05-26,70.92,70.47,71.39,69.81,241688.84,1893696.279,0.9003449597546953,,0.0
2025-05-27,70.4,70.68,71.09,70.22,206448.98,1620472.097,0.900611620795107,,0.0
2025-05-28,71.18,71.52,72.3,70.9,240448.77,1911343.092,0.9016641452344932,,0.0
2025-05-29,71.27,71.18,71.69,70.56,251677.31,1988440.748,0.9012408204608762,,0.0
2025-05-30,70.94,71.26,71.71000000000001,70.5,215733.17,1703126.097,0.9013407538578296,,0.0
2025-06-03,71.25,68.11,71.25,67.87,561907.81,4293054.877,0.8972467395600053,,0.0
2025-06-04,67.98,67.76,68.78,67.7,367554.39,2790934.593,0.8967707781895183,,0.0
2025-06-05,67.64,67.45,68.10000000000001,67.25,235803.08,1776718.063,0.8963455149501661,,0.0
2025-06-06,67.57000000000001,67.9,68.03,67.3,275559.48,2081019.011,0.8969616908850727,,0.0
2025-06-09,67.45,67.60000000000001,67.78,66.27,466955.88,3500234.348,0.896551724137931,,0.0
2025-06-10,67.83,67.25,68.7,67.25,321074.12,2433498.302,0.8960692871419055,,0.0
2025-06-11,67.4,67.69,68.0,67.03,263083.46,1986827.774,0.8966750562988476,,0.0
2025-06-12,68.21000000000001,67.9,68.38000000000001,67.23,347028.92,2510413.458,0.9404432132963988,,0.0
2025-06-13,67.3,67.18,67.86,66.7,300452.04,2148718.105,0.9398433128147734,,0.0
2025-06-16,67.3,66.96000000000001,67.5,66.55,250204.94,1784037.774,0.939657591916924,,0.0
2025-06-17,67.5,67.76,68.78,67.5,326394.78,2362020.25,0.9403275048570636,,0.0
2025-06-18,67.89,67.8,68.34,67.72,175288.37,1265648.159,0.9403606102635228,,0.0
2025-06-19,67.9,67.03,68.11,66.83,211253.41,1512893.148,0.9397168091966914,,0.0
2025-06-20,67.05,68.08,68.08,66.96000000000001,229864.21,1655767.156,0.940591323570047,,0.0
2025-06-23,67.7,67.42,68.03,67.16,210544.95,1510951.196,0.9400446179587284,,0.0
2025-06-24,67.8,68.5,69.04,67.7,270500.87,1971805.636,0.940934065934066,,0.0
2025-06-25,68.5,68.88000000000001,69.03,68.0,243275.43,1772058.946,0.941240776168352,,0.0
2025-06-26,68.7,68.8,69.29,68.45,226726.19,1658102.065,0.9411764705882352,,0.0
2025-06-27,68.76,67.98,68.89,67.92,223640.21,1623349.472,0.9405091311566132,,0.0
2025-06-30,67.95,67.9,68.28,67.68,193022.59,1394828.333,0.9404432132963988,,0.0
2025-07-01,67.98,67.81,68.05,67.5,186252.09,1341760.455,0.9403688808764388,,0.0
2025-07-02,67.81,68.2,68.8,67.51,266154.79,1929453.681,0.940689655172414,,0.0
2025-07-03,68.49000000000001,68.59,68.65,68.04,179369.23,1304399.831,0.9410069968445604,,0.0
2025-07-04,68.58,69.18,69.54,68.3,211462.24,1548790.547,0.9414806750136092,,0.0
2025-07-07,68.9,68.25,69.15,68.03,215453.34,1567324.871,0.9407305306685044,,0.0
2025-07-08,68.25,67.92,68.4,67.77,256866.51,1856483.047,0.9404597064525064,,0.0
2025-07-09,67.77,67.5,68.05,67.5,272052.67,1958489.42,0.9401114206128134,,0.0
2025-07-10,67.54,67.38000000000001,67.67,67.03,231513.88,1656983.409,0.9400111607142858,,0.0
2025-07-11,67.44,68.18,68.5,67.39,320553.69,2324470.998,0.940673289183223,,0.0
2025-07-14,68.17,68.8,68.91,67.68,233739.0,1702246.964,0.9411764705882352,,0.0
2025-07-15,68.81,68.91,69.2,68.51,249009.78,1821265.543,0.94126485452807,,0.0
2025-07-16,69.17,68.59,69.79,68.5,206888.07,1514278.424,0.9410069968445604,,0.0
2025-07-17,68.45,68.33,69.13000000000001,68.3,247299.94,1804135.157,0.9407958144017624,,0.0
2025-07-18,68.57000000000001,68.53,68.98,68.22,219512.3,1596482.224,0.9409583962652752,,0.0
2025-07-21,68.31,68.25,68.66,68.10000000000001,308970.62,2244011.063,0.9407305306685044,,0.0
2025-07-22,68.28,68.89,68.92,67.96000000000001,357204.11,2602924.271,0.9412488044814866,,0.0
2025-07-23,68.9,69.2,69.55,68.88000000000001,369872.4,2718700.8,0.9414965986394558,,0.0
2025-07-24,69.4,69.21000000000001,69.65,68.79,290699.15,2134051.794,0.9415045572031016,,0.0
2025-07-25,69.10000000000001,68.46000000000001,69.10000000000001,68.25,244562.08,1780421.843,0.9409015942825728,,0.0
2025-07-28,68.52,67.64,68.62,67.5,377736.32,2725637.108,0.9402279677509036,,0.0
2025-07-29,67.64,66.94,67.77,66.72,398369.31,2843589.788,0.9396406513194836,,0.0
2025-07-30,67.19,67.81,68.44,66.9,411325.3,2964849.148,0.9403688808764388,,0.0
2025-07-31,67.7,65.89,67.72,65.58,694777.14,4895784.25,0.9387377119247756,,0.0
2025-08-01,65.9,66.49000000000001,66.67,65.8,286446.67,2019147.913,0.9392569571973444,,0.0
2025-08-04,66.25,66.64,66.7,65.9,197766.42,1398398.728,0.9393853961093882,,0.0
2025-08-05,66.81,67.08,67.21000000000001,66.38000000000001,191748.45,1365340.86,0.9397590361445785,,0.0
2025-08-06,67.08,67.4,67.48,66.69,221358.49,1583549.584,0.9400278940027894,,0.0
2025-08-07,67.21000000000001,67.18,67.63000000000001,66.91,203615.65,1456650.769,0.9398433128147734,,0.0
2025-08-08,67.10000000000001,67.28,67.53,66.99000000000001,201184.05,1439938.213,0.9399273540095,,0.0
2025-08-11,67.0,67.46000000000001,67.52,66.89,179123.66,1282650.77,0.9400780379041248,,0.0
2025-08-12,67.45,67.63000000000001,68.14,67.3,240475.89,1734351.324,0.9402196580008342,,0.0
2025-08-13,67.68,67.52,67.99000000000001,67.3,253846.69,1827058.28,0.9401280980228348,,0.0
2025-08-14,67.5,68.03,68.75,67.42,455149.24,3301054.398,0.9405502557721556,,0.0
2025-08-15,68.03,68.0,68.10000000000001,67.51,274699.55,1980637.245,0.9405255878284924,,0.0
2025-08-18,68.01,67.54,68.26,67.31,542997.61,3906936.963,0.9401447661469934,,0.0
2025-08-19,68.9,68.38000000000001,69.33,67.9,537602.6,3916336.802,0.9408365437534398,,0.0
2025-08-20,67.91,67.92,68.02,67.21000000000001,403770.28,2901846.346,0.9404597064525064,,0.0
2025-08-21,67.79,67.62,68.2,67.36,338013.71,2436115.382,0.9402113459399332,,0.0
2025-08-22,67.67,67.79,67.89,67.35000000000001,391388.92,2814332.706,0.9403523373560828,,0.0
2025-08-25,67.82000000000001,69.22,69.55,67.82000000000001,700234.49,5110086.586,0.941512513601741,,0.0
2025-08-26,69.22,69.5,69.98,69.01,462937.9,3417986.336,0.9417344173441736,,0.0
2025-08-27,69.59,68.41,70.25,68.39,488418.58,3605612.81,0.9408609544766884,,0.0
2025-08-28,68.41,69.2,69.67,68.21000000000001,432987.46,3171280.84,0.9414965986394558,,0.0
2025-08-29,69.2,69.41,70.54,69.09,567669.0,4210933.505,0.9416632749966084,,0.0
2025-09-01,70.7,69.73,71.54,69.22,776258.58,5792738.594,0.9419154396866136,,0.0
2025-09-02,69.91,71.86,72.10000000000001,69.69,805909.24,6106472.167,0.9435399159663866,,0.0
2025-09-03,72.25,71.32000000000001,72.84,70.65,504880.71,3826685.2,0.9431367363131448,,0.0
2025-09-04,71.68,71.29,71.7,70.12,443539.49,3328858.3,0.9431141685408124,,0.0
2025-09-05,71.51,71.92,72.39,71.14,464251.67,3530971.109,0.9435843610600892,,0.0
2025-09-08,72.37,72.73,73.78,72.2,550293.71,4245832.274,0.9441775931455276,,0.0
2025-09-09,72.72,72.88000000000001,73.3,72.05,383150.19,2947171.767,0.944286084477844,,0.0
2025-09-10,72.7,72.72,72.97,72.10000000000001,271541.94,2087580.321,0.9441703453648403,,0.0
2025-09-11,72.60000000000001,72.72,72.97,71.60000000000001,459605.11,3515566.425,0.9441703453648403,,0.0
2025-09-12,72.65,71.27,73.39,71.11,591170.75,4507931.249,0.9430991134047902,,0.0
2025-09-15,70.9,70.87,71.65,70.2,480680.47,3614905.666,0.9427963283224692,,0.0
2025-09-16,70.83,70.16,70.9,69.75,456028.31,3396155.196,0.9422508729519206,,0.0
2025-09-17,70.11,70.05,71.13000000000001,69.87,577226.75,4303710.294,0.9421654337592468,,0.0
2025-09-18,70.3,69.44,71.05,68.89,600840.03,4452255.641,0.9416870084079196,,0.0
2025-09-19,69.11,70.05,70.29,68.91,388478.38,2879645.243,0.9421654337592468,,0.0
2025-09-22,70.51,68.96000000000001,70.60000000000001,68.60000000000001,479739.93,3520814.681,0.9413049413049414,,0.0
2025-09-23,68.95,69.23,69.35000000000001,68.42,421477.21,3082692.695,0.9415204678362572,,0.0
2025-09-24,69.21000000000001,69.8,70.05,68.65,306284.81,2260146.501,0.941970310391363,,0.0
2025-09-25,69.0,68.54,69.45,68.25,478607.29,3487388.578,0.9409665019220208,,0.0
2025-09-26,68.74000000000001,69.9,70.4,68.59,476983.12,3524465.566,0.9420485175202156,,0.0
2025-09-29,70.13000000000001,69.43,70.25,68.75,465939.07,3431995.413,0.9416790994167912,,0.0
2025-09-30,69.4,68.36,69.41,68.25,506108.39,3690464.285,0.940820258739334,,0.0
2025-10-09,68.05,68.33,68.67,67.08,615939.08,4446685.218,0.9407958144017624,,0.0
2025-10-10,68.15,68.53,69.43,67.8,433305.26,3168138.019,0.9409583962652752,,0.0
2025-10-13,67.08,67.51,67.81,66.72,481604.57,3450611.7,0.940119760479042,,0.0
2025-10-14,67.7,68.3,68.85000000000001,67.39,519095.07,3767793.739,0.940771349862259,,0.0
2025-10-15,68.5,68.62,69.19,68.3,376332.51,2753955.979,0.9410312671420736,,0.0
2025-10-16,68.9,68.88000000000001,69.39,68.22,346780.0,2535057.433,0.941240776168352,,0.0
2025-10-17,68.4,68.5,69.29,68.34,276491.08,2017092.908,0.940934065934066,,0.0
2025-10-20,68.79,68.57000000000001,69.10000000000001,68.09,297557.42,2166679.568,0.9409908055441196,,0.0
2025-10-21,68.60000000000001,68.61,68.96000000000001,68.28,283946.59,2070032.731,0.941023179262104,,0.0
2025-10-22,68.5,69.58,69.69,68.31,393298.27,2894112.406,0.941797509474824,,0.0
2025-10-23,69.5,70.59,70.65,69.38000000000001,347633.41,2588236.881,0.9425824542662572,,0.0
2025-10-24,70.59,70.31,70.7,70.16,244838.06,1829626.026,0.9423669749363356,,0.0
2025-10-27,70.44,70.58,71.05,70.07000000000001,340552.64,2552508.383,0.9425747863247864,,0.0
2025-10-28,70.31,70.11,70.62,69.83,233657.75,1740011.912,0.9422120682703938,,0.0
2025-10-29,69.95,70.10000000000001,70.12,69.2,273586.5,2025139.821,0.9422043010752688,,0.0
2025-10-30,70.2,71.0,71.8,70.2,499653.01,3777679.276,0.9428950863213812,,0.0
2025-10-31,70.9,72.10000000000001,72.53,70.8,509741.59,3888018.216,0.943717277486911,,0.0
2025-11-03,72.09,71.09,72.65,70.88000000000001,281969.97,2132026.191,0.9429632577264888,,0.0
2025-11-04,70.82000000000001,70.86,71.49000000000001,70.60000000000001,302606.49,2282008.18,0.942788717402874,,0.0
2025-11-05,70.7,71.64,72.09,70.0,266151.33,2015978.787,0.9433763497498026,,0.0
2025-11-06,71.64,72.73,73.13000000000001,71.64,355111.47,2732619.897,0.9441775931455276,,0.0
2025-11-07,72.97,71.9,72.97,71.81,264419.99,2021807.28,0.9435695538057745,,0.0
2025-11-10,71.96000000000001,73.03,73.25,71.65,391008.15,3010493.959,0.9443941549204709,,0.0
2025-11-11,73.03,72.93,73.09,72.38000000000001,227707.54,1755331.384,0.9443221546031336,,0.0
2025-11-12,72.93,75.19,76.25,72.93,737847.03,5857421.168,0.9459051453012958,,0.0
2025-11-13,74.9,75.3,75.7,74.39,333370.14,2639881.174,0.9459798994974876,,0.0
2025-11-14,75.2,74.93,76.12,74.75,273127.49,2181244.56,0.9457276284235768,,0.0
2025-11-17,74.93,74.12,75.09,73.61,261095.32,2050426.784,0.9451670492221372,,0.0
2025-11-18,74.49000000000001,73.60000000000001,74.86,73.2,235904.08,1833005.28,0.950904392764858,,0.0
2025-11-19,73.58,73.60000000000001,74.29,73.22,214415.2,1661622.968,0.950904392764858,,0.0
2025-11-20,73.7,74.14,75.08,73.23,261928.79,2050174.663,0.9512445470875032,,0.0
2025-11-21,73.3,74.95,75.49000000000001,73.3,439494.76,3442968.265,0.9517460317460318,,0.0
2025-11-24,74.8,74.76,75.68,74.45,367739.38,2903024.266,0.9516293279022404,,0.0
2025-11-25,75.19,74.9,75.2,73.81,291011.52,2280195.509,0.9517153748411692,,0.0
2025-11-26,74.89,76.0,76.2,74.61,320727.77,2538706.36,0.9523809523809524,,0.0
2025-11-27,75.8,76.0,76.93,75.15,316460.71,2524590.682,0.9523809523809524,,0.0
2025-11-28,76.0,76.06,76.27,75.53,181266.61,1445017.043,0.9524167292762334,,0.0
2025-12-01,76.0,76.2,76.4,75.37,303520.24,2419268.736,0.9525,,0.0
2025-12-02,76.3,77.76,77.86,76.21000000000001,378049.31,3071966.512,0.9534085335948996,,0.0
2025-12-03,77.75,78.37,79.08,77.46000000000001,368660.05,3038100.689,0.9537544115857368,,0.0
2025-12-04,78.33,78.09,79.37,77.97,289179.66,2377656.054,0.9535962877030164,,0.0
2025-12-05,78.09,78.43,78.79,77.9,246165.11,2020996.778,0.9537881551745104,,0.0
2025-12-08,79.2,78.01,79.3,77.24000000000001,273365.29,2235419.968,0.9535509106466202,,0.0
2025-12-09,77.7,76.4,77.76,76.14,356479.4,2872571.867,0.9526184538653368,,0.0
2025-12-10,76.18,76.27,76.82000000000001,75.9,245719.72,1970629.706,0.952541526164606,,0.0
2025-12-11,76.32000000000001,75.5,76.76,75.38000000000001,272944.85,2178536.617,0.9520807061790668,,0.0
2025-12-12,75.55,75.52,76.18,75.4,328958.62,2615339.99,0.952092788703984,,0.0
2025-12-15,75.89,76.61,77.3,75.65,365546.89,2945959.175,0.9527421962442484,,0.0
2025-12-16,76.45,76.16,77.05,76.04,214230.89,1718619.061,0.9524762381190596,,0.0
2025-12-17,75.91,76.67,77.12,75.58,230281.8,1850597.016,0.9527774325835716,,0.0
2025-12-18,76.47,76.03,76.81,75.71000000000001,214097.92,1710070.019,0.952398847551046,,0.0
2025-12-19,76.05,75.65,76.10000000000001,75.0,278017.66,2205368.624,0.9521711768407805,,0.0
2025-12-22,75.5,75.36,75.99000000000001,75.10000000000001,245037.13,1941379.877,0.9519959575543204,,0.0
2025-12-23,75.58,75.85000000000001,76.51,75.22,254680.2,2029842.283,0.9522912743251728,,0.0
2025-12-24,75.63000000000001,75.0,76.14,74.96000000000001,217047.38,1715476.084,0.9517766497461928,,0.0
2025-12-25,74.72,74.79,75.08,74.38000000000001,226757.8,1780124.525,0.9516477923399924,,0.0
2025-12-26,74.79,75.07000000000001,75.27,74.75,214107.12,1688269.46,0.9518194497273996,,0.0
2025-12-29,74.99000000000001,74.61,75.92,74.45,256973.85,2026008.965,0.951536793776304,,0.0
2025-12-30,74.36,75.05,75.58,74.32000000000001,213622.22,1681118.068,0.9518072289156628,,0.0
2025-12-31,75.07000000000001,74.35000000000001,76.48,74.05,287758.22,2256598.466,0.9513755598208574,,0.0
2026-01-05,76.24000000000001,74.88000000000001,76.7,74.45,442947.09,3501427.582,0.9517031011692934,,0.0
2026-01-06,74.78,75.04,75.69,73.59,454524.76,3572813.822,0.951801116184678,,0.0
2026-01-07,75.19,75.57000000000001,75.78,74.26,401967.84,3173707.531,0.9521229683759608,,0.0
2026-01-08,75.57000000000001,75.23,75.68,74.51,312536.84,2464225.429,0.9519169935467544,,0.0
2026-01-09,75.8,75.97,76.15,75.5,341080.97,2719435.078,0.9523630437507836,,0.0
2026-01-12,75.98,74.82000000000001,75.99000000000001,74.01,525014.1,4117420.887,0.9516662426863394,,0.0
2026-01-13,74.10000000000001,72.4,74.2,72.3,945712.32,7277543.658,0.9501312335958004,,0.0
2026-01-14,72.4,73.35000000000001,73.83,72.11,539684.01,4151813.691,0.9507453013609852,,0.0
2026-01-15,73.66,73.42,74.25,73.09,360313.72,2794124.458,0.9507899507899508,,0.0
2026-01-16,73.45,73.51,74.05,73.35000000000001,371868.55,2882035.811,0.9508472383908938,,0.0
2026-01-19,73.57000000000001,73.82000000000001,74.34,73.25,336373.93,2609235.772,0.9510435454779697,,0.0
2026-01-20,73.86,75.2,75.57000000000001,73.4,455357.5,3580248.041,0.9518987341772152,,0.0
2026-01-21,75.16,73.98,75.16,73.75,368086.44,2881638.098,0.9511442530213424,,0.0
2026-01-22,74.45,73.69,74.46000000000001,73.57000000000001,344040.58,2673285.096,0.9509614143760484,,0.0
2026-01-23,73.77,72.98,73.99000000000001,72.91,373707.4,2879013.288,0.9505079447772858,,0.0
2026-01-26,73.0,72.55,74.07000000000001,72.22,473131.68,3631661.682,0.9502292075965948,,0.0
2026-01-27,72.60000000000001,72.3,73.3,72.12,325806.54,2493849.777,0.9500657030223392,,0.0
2026-01-28,72.29,71.54,72.56,71.2,628937.23,4759175.492,0.9495619856649854,,0.0
2026-01-29,71.9,74.08,74.28,71.67,622441.06,4784027.398,0.9512069851052902,,0.0
2026-01-30,73.8,73.79,75.2,73.60000000000001,532508.29,4168550.768,0.9510246165743008,,0.0
2026-02-02,73.8,74.05,74.68,73.2,345915.79,2696447.814,0.9511881824020552,,0.0
2026-02-03,74.0,74.11,75.09,73.63000000000001,345037.1,2691523.35,0.9512257733281992,,0.0
2026-02-04,74.3,76.01,76.08,74.21000000000001,389102.59,3080223.023,0.9523869189324646,,0.0
2026-02-05,76.03,76.65,77.36,75.83,429197.91,3456314.703,0.9527656929770044,,0.0
2026-02-06,76.63000000000001,75.74000000000001,77.0,75.60000000000001,312565.9,2494058.799,0.9522252954488308,,0.0
2026-02-09,75.38000000000001,75.36,75.54,74.61,334669.53,2637206.616,0.9519959575543204,,0.0
2026-02-10,75.41,76.39,76.48,75.08,306184.08,2442130.413,0.9526125452051378,,0.0
2026-02-11,76.2,75.89,76.41,75.8,198066.4,1581382.077,0.9523152214832477,,0.0
2026-02-12,75.66,76.0,76.26,75.5,188784.41,1505278.311,0.9523809523809524,,0.0
2026-02-13,75.71000000000001,75.25,76.2,75.11,255102.43,2024367.758,0.9519291587602784,,0.0
2026-02-24,76.4,75.72,76.8,75.72,252513.93,2020103.221,0.9522132796780683,,0.0
2026-02-25,76.48,75.9,76.97,75.49000000000001,285523.95,2280423.704,0.9523212045169386,,0.0
2026-02-26,76.35000000000001,75.45,76.4,74.95,253270.62,2011764.284,0.95205047318612,,0.0
2026-02-27,75.23,74.84,75.7,74.7,201603.88,1590463.839,0.951678535096643,,0.0
2026-03-02,74.2,73.65,74.26,72.9,274785.59,2126756.401,0.9509360877985796,,0.0
2026-03-03,73.66,72.76,73.84,72.7,288000.34,2219134.173,0.9503657262277952,,0.0
2026-03-04,72.2,72.36,72.72,71.57000000000001,284933.55,2165428.071,0.9501050420168068,,0.0
2026-03-05,72.8,72.47,73.19,72.32000000000001,196872.39,1505981.137,0.9501770027533762,,0.0
2026-03-06,72.42,72.72,72.92,71.96000000000001,206628.79,1576695.274,0.9503397804495556,,0.0
2026-03-09,71.93,71.61,72.3,71.22,259478.37,1958550.801,0.9496088051982496,,0.0
2026-03-10,71.95,72.8,73.04,71.95,209085.56,1598535.44,0.9503916449086164,,0.0
2026-03-11,72.8,73.59,73.92,72.3,251357.64,1941618.421,0.95089804884352,,0.0
2026-03-12,73.5,73.60000000000001,73.95,73.13000000000001,193304.78,1493891.519,0.950904392764858,,0.0
2026-03-13,73.15,73.06,73.66,72.85000000000001,187292.88,1443018.566,0.95055945875618,,0.0
2026-03-16,72.72,72.84,73.08,71.88000000000001,205600.29,1570261.577,0.9504175365344468,,0.0
2026-03-17,73.18,72.8,73.8,72.8,214074.54,1649202.285,0.9503916449086164,,0.0
2026-03-18,72.94,73.26,73.5,72.5,200716.38,1544837.048,0.9506877757591488,,0.0
2026-03-19,72.63000000000001,72.2,73.18,72.13000000000001,232729.07,1777663.11,0.95,,0.0
2026-03-20,72.12,71.32000000000001,72.35000000000001,71.32000000000001,219125.95,1657477.564,0.9494142705005324,,0.0
2026-03-23,70.15,69.57000000000001,70.17,68.55,462008.0,3377621.418,0.948207714324656,,0.0
2026-03-24,69.93,70.43,70.62,69.0,267147.23,1968463.615,0.9488077596659034,,0.0
2026-03-25,70.7,71.0,71.17,70.15,184963.62,1376467.588,0.9491978609625668,,0.0
2026-03-26,71.09,70.52,71.74000000000001,70.38000000000001,177085.33,1325335.069,0.9488697524219591,,0.0
2026-03-27,69.10000000000001,70.98,71.15,69.0,319125.35,2367294.087,0.9491842738700188,,0.0
2026-03-30,69.55,68.3,70.2,67.97,456227.15,3304801.59,0.9472954230235784,,0.0
2026-03-31,71.25,72.55,73.52,70.51,694914.61,5310077.352,0.9502292075965948,,0.0
2026-04-01,72.7,73.04,73.60000000000001,72.54,273615.77,2100652.578,0.950546590317543,,0.0
2026-04-02,73.05,73.57000000000001,74.04,72.78,326317.97,2523387.318,0.9508853560811684,,0.0
2026-04-03,73.5,72.55,73.55,72.4,172772.6,1325461.933,0.9502292075965948,,0.0
2026-04-07,72.55,72.32000000000001,72.9,71.82000000000001,163826.05,1246113.3,0.9500788229111928,,0.0
2026-04-08,73.15,72.93,73.45,72.55,286804.12,2200099.879,0.9504756939919198,,0.0
2026-04-09,72.60000000000001,72.72,73.22,72.10000000000001,235023.94,1796387.351,0.9503397804495556,,0.0
2026-04-10,72.72,72.61,72.94,72.26,258372.67,1971065.632,0.9502682894909044,,0.0
2026-04-13,72.23,71.98,72.67,71.78,182375.2,1384781.818,0.949854842966482,,0.0
2026-04-14,72.26,72.75,72.75,71.7,195781.58,1489302.845,0.9503592423252776,,0.0
2026-04-15,72.75,73.69,74.08,72.4,318450.72,2461286.853,0.9509614143760484,,0.0
2026-04-16,73.97,74.10000000000001,74.64,73.60000000000001,238078.03,1853913.748,0.951219512195122,,0.0
2026-04-17,74.38000000000001,74.85000000000001,75.45,74.04,277352.36,2181684.923,0.9516846789574064,,0.0
2026-04-20,74.60000000000001,75.78,76.10000000000001,74.25,276699.79,2201771.534,0.9522493088715758,,0.0
2026-04-21,75.95,75.7,76.28,75.4,238792.88,1903225.382,0.9522012578616352,,0.0
2026-04-22,75.7,75.5,75.83,75.07000000000001,202781.6,1606990.585,0.9520807061790668,,0.0
2026-04-23,75.49000000000001,76.05,76.35000000000001,74.93,299432.46,2388456.633,0.952410770194114,,0.0
2026-04-24,75.76,75.86,76.4,75.66,217880.11,1740580.503,0.9522972633693196,,0.0
2026-04-27,75.44,75.7,76.35000000000001,75.21000000000001,258511.62,2060818.397,0.9522012578616352,,0.0
2026-04-28,75.65,76.65,77.0,75.38000000000001,304729.06,2450034.708,0.9527656929770044,,0.0
2026-04-29,76.75,77.51,78.14,76.65,331107.92,2684108.096,0.9532652810232444,,0.0
2026-04-30,77.2,77.3,78.35000000000001,76.81,354432.69,2889837.73,0.9531442663378544,,0.0
2026-05-06,75.9,76.64,77.08,75.35000000000001,360418.63,2885237.85,0.9527598209845848,,0.0
2026-05-07,76.2,76.01,77.18,75.97,372176.47,2988466.109,0.9523869189324646,,0.0
2026-05-08,75.85000000000001,76.60000000000001,77.29,75.52,282423.27,2273797.15,0.9527363184079602,,0.0
2026-05-11,76.34,76.87,78.65,75.78,436444.07,3540579.382,0.9528945084913848,,0.0
2026-05-12,76.86,76.29,77.37,75.93,357755.83,2875768.679,0.9525533774503684,,0.0
2026-05-13,76.16,76.58,77.15,75.83,328496.85,2636662.837,0.9527245583478476,,0.0
2026-05-14,76.59,78.01,78.28,76.59,389266.88,3174393.395,0.9535509106466202,,0.0
2026-05-15,77.65,78.77,79.5,76.95,426608.57,3525964.212,0.953978442533608,,0.0
2026-05-18,78.88000000000001,79.03,79.64,78.28,377353.68,3123465.724,0.9541229023300736,,0.0
2026-05-19,79.03,77.2,79.04,76.7,335817.68,2725821.114,0.9530864197530864,,0.0
2026-05-20,76.92,77.7,78.36,76.28,301597.03,2454297.43,0.9533742331288344,,0.0
2026-05-21,78.35000000000001,77.7,79.35000000000001,77.7,311812.54,2562761.519,0.9533742331288344,,0.0
2026-05-22,77.87,76.48,78.2,76.09,309848.02,2493884.552,0.9526656701544596,,0.0
2026-05-25,76.2,76.01,76.34,74.99000000000001,231274.55,1842662.846,0.9523869189324646,,0.0
2026-05-26,76.0,75.75,76.9,75.63000000000001,244953.12,1954515.555,0.9522313010685104,,0.0
2026-05-27,75.73,76.23,76.48,75.07000000000001,255887.79,2034009.882,0.9525178058228164,,0.0
2026-05-28,75.8,75.15,75.98,74.81,241997.52,1913267.193,0.9518682710576316,,0.0
2026-05-29,75.12,77.05,77.46000000000001,74.7,429729.44,3461222.69757,0.9529993815708102,,0.0
2026-06-01,76.52,77.9,78.2,76.49000000000001,376711.19,3058758.97678,0.9534883720930232,,0.0
2026-06-02,77.46000000000001,78.8,78.99000000000001,77.42,263177.46,2162929.06026,0.953995157384988,,0.0
2026-06-03,78.5,78.81,78.9,77.76,230326.26,1895269.95217,0.9540007263043216,,0.0
2026-06-04,78.25,78.62,79.68,78.0,243658.47,2019048.245,0.9538946857558844,,0.0
2026-06-05,78.5,77.89,79.5,77.8,209494.37,1725517.859,0.9534826784184112,,0.0
2026-06-08,77.59,79.05,79.95,77.08,367031.0,3034363.53543,0.9541339770669884,,0.0
2026-06-09,78.7,78.56,79.19,77.95,220991.77,1819542.34073,0.953861097620204,,0.0
2026-06-10,78.7,80.10000000000001,81.08,77.67,386972.91,3242378.39366,0.9547079856972588,,0.0
2026-06-11,79.86,81.55,82.10000000000001,79.60000000000001,521436.92,4432709.13654,0.955477445811365,,0.0
2026-06-12,80.7,79.43,80.86,78.75,429352.87,3569548.76146,0.95434338579839,,0.0
2026-06-15,79.15,77.13000000000001,79.18,76.7,432925.54,3514282.13545,0.9530458420857532,,0.0
2026-06-16,77.17,75.16,77.19,74.76,415238.8,3291473.11458,0.951874366767984,,0.0
2026-06-17,75.17,75.42,76.05,74.74000000000001,334472.29,2647888.30823,0.9520323150719516,,0.0
2026-06-18,75.43,74.2,75.69,74.0,363667.79,2850857.59606,0.9512820512820512,,0.0
2026-06-22,73.53,74.48,75.35000000000001,73.10000000000001,306709.55,2398663.37726,0.9514563106796116,,0.0
2026-06-23,74.37,74.27,75.82000000000001,74.02,360891.0,2832542.71024,0.9513257333162548,,0.0
2026-06-24,74.7,72.83,74.9,72.2,384877.9,2950191.88716,0.9504110661620776,,0.0
2026-06-25,72.84,72.7,74.57000000000001,72.4,411489.53,3173689.87216,0.950326797385621,,0.0
2026-06-26,73.08,74.75,75.14,72.81,449533.88,3512507.55612,0.9516231699554424,,0.0
2026-06-29,75.79,77.27,77.99,75.14,743258.28,5697834.97837,1.0,,0.0
2026-06-30,76.52,75.53,78.66,75.31,577508.98,4402003.72255,1.0,,0.0
2026-07-01,76.01,77.4,77.6,73.62,502241.6,3810029.15873,1.0,,0.0
2026-07-02,77.61,77.01,79.26,76.98,561467.85,4362682.50319,1.0,,0.0
2026-07-03,77.5,77.96,79.9,77.31,557803.35,4376620.90201,1.0,,0.0
2026-07-06,78.6,80.0,80.15,78.0,503836.9,4006480.1448,1.0,,0.0
2026-07-07,79.43,79.12,80.35,78.65,340654.22,2696340.98593,1.0,,0.0
2026-07-08,78.75,79.41,79.96,78.33,315459.22,2505012.47957,1.0,,0.0
2026-07-09,79.0,79.33,79.59,78.0,301215.49,2381427.42059,1.0,,0.0
2026-07-10,79.14,78.99,79.3,77.86,279618.58,2201420.87634,1.0,,0.0
2026-07-13,78.5,80.4,80.67,78.42,470416.28,3769459.40078,1.0,,0.0
2026-07-14,80.43,81.18,82.0,79.91,457503.33,3706958.30933,1.0,,0.0
2026-07-15,81.17,82.67,82.76,80.58,332211.04,2726356.54289,1.0,,0.0
2026-07-16,82.15,81.8,83.45,81.8,362382.35,2982559.44626,1.0,,0.0
2026-07-17,82.31,82.71,83.45,81.34,462795.15,3817607.25008,1.0,,0.0
2026-07-20,81.23,84.3,84.5,81.11,547048.08,4571947.51088,1.0,,0.0
2026-07-21,84.15,84.27,85.75,83.61,459099.11,3881820.71135,1.0,,0.0
2026-07-22,84.04,84.8,84.8,83.51,326916.94,2751711.19714,1.0,,0.0
2026-07-23,84.67,84.77,85.18,84.27,191238.49,1620699.96721,1.0,,0.0
2026-07-24,84.75,84.5,85.2,84.11,237910.82,2014365.0701,1.0,,0.0
2026-07-27,84.03,84.13,84.55,83.2,228192.03,1919459.06089,1.0,,0.0
2026-07-28,84.12,85.37,85.92,84.01,336711.43,2871540.84812,1.0,,0.0
2026-07-29,85.35,87.01,87.5,85.1,478144.31,4150483.89117,1.0,,0.0
2026-07-30,87.01,88.95,89.5,86.5,461498.32,4071773.62385,1.0,,0.0
2026-07-31,87.01,87.6,87.79,84.51,475044.54,4107738.6699,1.0,,0.0
2026-08-03,87.39,85.9,87.97,85.65,336692.6,2911398.28346,1.0,,0.0
2026-08-04,85.99,85.14,86.2,84.66,381120.65,3241774.67291,1.0,,0.0
2026-08-05,85.0,85.47,85.6,84.28,291296.62,2473355.69813,1.0,,0.0
2026-08-06,85.5,85.32,86.0,84.8,208696.34,1780112.92408,1.0,,0.0
2026-08-07,85.26,83.5,85.33,82.97,400167.76,3352328.49266,1.0,,0.0
2026-08-10,83.5,85.3,86.07,83.12,311419.03,2645240.98277,1.0,,0.0
2026-08-11,85.26,85.62,86.12,85.03,195091.79,1671643.82692,1.0,,0.0
2026-08-12,85.18,84.34,85.37,84.16,219284.58,1852073.19208,1.0,0.3192,0.0
2026-08-13,84.19,84.19,84.57,83.8,199749.52,1681491.98812,1.0,0.29,0.0
2026-08-14,83.77,83.03,84.3,83.0,223923.63,1866196.09285,1.0,0.33,0.0
2026-08-17,83.15,82.61,83.28,82.39,188451.81,1559306.8642,1.0,0.0,0.0
2026-08-18,82.8,83.58,83.89,82.39,227070.2,1887839.77811,1.0,0.0,0.0
2026-08-19,83.51,84.72,84.78,83.38,334067.06,2816516.54079,1.0,0.0,0.0
2026-08-20,84.78,85.38,85.53,83.95,263355.46,2237151.42797,1.0,0.3459,0.3834
2026-08-21,85.38,84.3,85.99,84.25,180210.93,1530494.6575,1.0,0.2367,0.2623
2026-08-24,84.11,85.99,86.35,84.05,276682.64,2368707.19657,1.0,0.3634,0.4028
2026-08-25,86.2,86.69,87.4,86.03,253055.23,2195605.97704,1.0,0.3324,0.3684
2026-08-26,86.03,86.39,87.26,86.02,166376.58,1440578.17352,1.0,0.2185,0.2422
2026-08-27,86.0,86.18,86.56,85.4,219218.85,1883865.95657,1.0,0.2879,0.3191
2026-08-28,86.5,86.23,86.98,85.42,169362.04,1459282.37006,1.0,0.2225,0.2465
2026-08-31,86.6,87.73,87.98,86.12,267917.86,2344709.67725,1.0,0.3519,0.39
2026-09-01,87.9,87.49,88.41,87.0,184260.37,1616473.12032,1.0,0.242,0.2682
2026-09-02,87.37,86.98,87.89,86.68,123201.01,1070635.83359,1.0,0.1618,0.1793
2026-09-03,87.25,87.25,88.5,86.56,148596.32,1302253.1427,1.0,0.1952,0.2163
2026-09-04,87.0,87.57,88.28,86.02,179523.69,1569955.404,1.0,0.2358,0.2613
2026-09-07,87.54,86.27,87.7,85.96,228905.2,1977895.65281,1.0,0.3007,0.3332
2026-09-08,85.88,85.15,86.38,84.68,229434.53,1956253.77209,1.0,0.3014,0.334
2026-09-09,85.0,86.02,86.04,84.44,179786.28,1537157.62196,1.0,0.2361,0.2617
2026-09-10,85.99,86.2,86.6,85.4,204987.23,1764174.84961,1.0,0.2692,0.2984
2026-09-11,86.2,86.26,86.9,85.95,222863.4,1926234.92201,1.0,0.2927,0.3244
2026-09-14,86.29,86.8,87.4,86.26,180950.85,1572363.56952,1.0,0.2377,0.2634
2026-09-15,86.7,87.23,88.1,86.44,196776.44,1722618.37859,1.0,0.2585,0.2864
2026-09-16,87.0,85.0,87.41,84.51,298454.89,2546175.02649,1.0,0.392,0.4345
2026-09-17,85.25,85.04,85.28,84.16,180134.45,1527387.39043,1.0,0.2366,0.2622
2026-09-18,84.9,84.4,85.04,83.88,260872.54,2201833.15131,1.0,0.3426,0.3798
2026-09-21,84.08,80.9,84.18,80.68,616908.41,5036101.95521,1.0,0.8103,0.898
