date,open,close,high,low,volume,money,factor,turnover,turnover_free
2021-05-10,3.67,3.7,3.75,3.64,33590.02,13155.006,0.9414758269720102,,0.0
2021-05-11,3.67,3.83,3.83,3.67,62785.08,25046.524,0.9433497536945812,,0.0
2021-05-12,3.83,3.81,3.87,3.75,65307.75,26360.633,0.943069306930693,,0.0
2021-05-13,3.8,3.79,3.83,3.77,35226.9,14192.968,0.9427860696517412,,0.0
2021-05-14,3.81,3.78,3.81,3.75,42253.87,16892.113,0.942643391521197,,0.0
2021-05-17,3.78,3.72,3.78,3.72,27001.02,10709.188,0.9417721518987342,,0.0
2021-05-18,3.74,3.76,3.76,3.71,22614.23,8950.832,0.9423558897243108,,0.0
2021-05-19,3.76,3.73,3.77,3.71,27926.0,11079.305,0.941919191919192,,0.0
2021-05-20,3.73,3.66,3.76,3.64,39609.19,15473.907,0.9408740359897172,,0.0
2021-05-21,3.67,3.68,3.69,3.66,19318.0,7543.145,0.9411764705882352,,0.0
2021-05-24,3.68,3.7,3.71,3.67,18652.02,7320.942,0.9414758269720102,,0.0
2021-05-25,3.7,3.71,3.72,3.67,24999.0,9813.965,0.9416243654822336,,0.0
2021-05-26,3.7,3.73,3.74,3.68,20340.79,8036.11,0.941919191919192,,0.0
2021-05-27,3.73,3.72,3.74,3.71,22885.06,9044.707,0.9417721518987342,,0.0
2021-05-28,3.72,3.7,3.73,3.68,27471.07,10791.566,0.9414758269720102,,0.0
2021-05-31,3.71,3.7,3.71,3.67,17484.18,6846.731,0.9414758269720102,,0.0
2021-06-01,3.69,3.71,3.72,3.68,25429.02,9992.788,0.9416243654822336,,0.0
2021-06-02,3.71,3.7,3.73,3.7,17842.02,7029.217,0.9414758269720102,,0.0
2021-06-03,3.71,3.71,3.72,3.69,33094.28,13031.563,0.9416243654822336,,0.0
2021-06-04,3.7,3.68,3.71,3.67,21413.72,8389.68,0.9411764705882352,,0.0
2021-06-07,3.68,3.68,3.69,3.66,15668.84,6119.601,0.9411764705882352,,0.0
2021-06-08,3.68,3.69,3.7,3.66,24810.1,9697.743,0.9413265306122448,,0.0
2021-06-09,3.7,3.7,3.71,3.68,16202.38,6330.823,0.9462915601023018,,0.0
2021-06-10,3.7,3.68,3.71,3.67,22648.32,8826.7,0.9460154241645244,,0.0
2021-06-11,3.69,3.68,3.72,3.68,25758.02,10067.79,0.9460154241645244,,0.0
2021-06-15,3.68,3.6,3.7,3.6,33299.5,12817.208,0.9448818897637796,,0.0
2021-06-16,3.61,3.59,3.63,3.56,27858.0,10584.426,0.9447368421052632,,0.0
2021-06-17,3.59,3.58,3.61,3.57,13715.0,5210.328,0.9445910290237468,,0.0
2021-06-18,3.58,3.6,3.61,3.56,14471.81,5491.79,0.9448818897637796,,0.0
2021-06-21,3.58,3.57,3.61,3.56,30681.07,11626.38,0.9444444444444444,,0.0
2021-06-22,3.59,3.6,3.61,3.57,19119.4,7273.466,0.9448818897637796,,0.0
2021-06-23,3.59,3.58,3.61,3.57,23291.88,8855.018,0.9445910290237468,,0.0
2021-06-24,3.59,3.59,3.6,3.57,14745.13,5598.409,0.9447368421052632,,0.0
2021-06-25,3.59,3.61,3.62,3.58,26509.02,10092.101,0.9450261780104712,,0.0
2021-06-28,3.61,3.59,3.61,3.58,17119.03,6510.987,0.9447368421052632,,0.0
2021-06-29,3.59,3.59,3.6,3.57,14626.58,5544.596,0.9447368421052632,,0.0
2021-06-30,3.59,3.57,3.59,3.56,19479.11,7363.865,0.9444444444444444,,0.0
2021-07-01,3.57,3.52,3.57,3.51,27791.12,10433.158,0.9436997319034852,,0.0
2021-07-02,3.52,3.49,3.53,3.46,31440.15,11630.41,0.9432432432432432,,0.0
2021-07-05,3.48,3.51,3.52,3.47,15661.09,5806.682,0.9435483870967742,,0.0
2021-07-06,3.51,3.53,3.53,3.5,13906.27,5181.287,0.9438502673796793,,0.0
2021-07-07,3.53,3.54,3.57,3.52,17069.38,6409.828,0.944,,0.0
2021-07-08,3.54,3.48,3.55,3.47,26179.82,9702.037,0.943089430894309,,0.0
2021-07-09,3.47,3.52,3.52,3.47,16764.18,6204.528,0.9436997319034852,,0.0
2021-07-12,3.52,3.54,3.54,3.51,22429.29,8384.405,0.944,,0.0
2021-07-13,3.54,3.56,3.57,3.49,29902.07,11197.757,0.9442970822281168,,0.0
2021-07-14,3.55,3.65,3.65,3.54,86773.7,33078.857,0.9455958549222798,,0.0
2021-07-15,3.65,3.77,3.82,3.61,159434.24,62742.394,0.9472361809045228,,0.0
2021-07-16,3.77,3.77,3.78,3.72,91459.19,36265.699,0.9472361809045228,,0.0
2021-07-19,3.76,3.86,3.9,3.73,84782.72,33947.327,0.9484029484029484,,0.0
2021-07-20,3.83,3.8,3.86,3.77,50914.51,20408.89,0.9476309226932668,,0.0
2021-07-21,3.8,3.78,3.8,3.75,51592.68,20560.763,0.9473684210526316,,0.0
2021-07-22,3.78,3.9,3.9,3.76,86564.35,34973.905,0.9489051094890512,,0.0
2021-07-23,3.91,3.87,3.94,3.83,75679.75,30807.458,0.9485294117647058,,0.0
2021-07-26,3.84,3.87,4.07,3.78,94683.25,38199.21,0.9485294117647058,,0.0
2021-07-27,3.86,3.92,3.94,3.85,91638.69,37562.894,0.9491525423728814,,0.0
2021-07-28,3.9,3.71,4.29,3.68,351289.2,147170.716,0.9464285714285714,,0.0
2021-07-29,3.42,3.63,3.71,3.42,221772.36,83379.322,0.9453125,,0.0
2021-07-30,3.55,3.57,3.63,3.52,108823.39,41102.685,0.9444444444444444,,0.0
2021-08-02,3.57,3.57,3.64,3.54,71101.39,26993.203,0.9444444444444444,,0.0
2021-08-03,3.57,3.56,3.58,3.49,111350.95,41573.694,0.9442970822281168,,0.0
2021-08-04,3.51,3.49,3.53,3.49,70683.76,26244.42,0.9432432432432432,,0.0
2021-08-05,3.49,3.47,3.49,3.45,55824.62,20536.75,0.9429347826086956,,0.0
2021-08-06,3.47,3.5,3.5,3.45,32441.88,11973.788,0.9433962264150944,,0.0
2021-08-09,3.5,3.53,3.54,3.47,38252.23,14224.794,0.9438502673796793,,0.0
2021-08-10,3.53,3.53,3.56,3.5,46483.93,17398.549,0.9438502673796793,,0.0
2021-08-11,3.53,3.53,3.54,3.51,43555.21,16252.92,0.9438502673796793,,0.0
2021-08-12,3.53,3.53,3.55,3.51,39593.09,14820.981,0.9438502673796793,,0.0
2021-08-13,3.54,3.55,3.56,3.53,54536.13,20477.732,0.9441489361702128,,0.0
2021-08-16,3.55,3.54,3.57,3.54,36389.34,13685.716,0.944,,0.0
2021-08-17,3.55,3.49,3.55,3.48,37551.14,13976.06,0.9432432432432432,,0.0
2021-08-18,3.49,3.51,3.52,3.47,37475.5,13881.347,0.9435483870967742,,0.0
2021-08-19,3.5,3.49,3.52,3.48,26080.5,9654.896,0.9432432432432432,,0.0
2021-08-20,3.5,3.48,3.5,3.46,30032.5,11058.265,0.943089430894309,,0.0
2021-08-23,3.47,3.52,3.54,3.47,38244.73,14236.267,0.9436997319034852,,0.0
2021-08-24,3.52,3.52,3.56,3.52,40999.66,15345.745,0.9436997319034852,,0.0
2021-08-25,3.53,3.56,3.56,3.52,46776.75,17576.249,0.9442970822281168,,0.0
2021-08-26,3.55,3.56,3.59,3.54,38030.22,14357.24,0.9442970822281168,,0.0
2021-08-27,3.56,3.57,3.59,3.52,36604.01,13756.227,0.9444444444444444,,0.0
2021-08-30,3.56,3.55,3.57,3.53,44622.52,16763.238,0.9441489361702128,,0.0
2021-08-31,3.55,3.57,3.58,3.52,48254.32,18146.578,0.9444444444444444,,0.0
2021-09-01,3.57,3.61,3.63,3.55,56634.29,21538.363,0.9450261780104712,,0.0
2021-09-02,3.61,3.63,3.64,3.59,45744.02,17529.567,0.9453125,,0.0
2021-09-03,3.63,3.65,3.68,3.62,46089.75,17804.732,0.9455958549222798,,0.0
2021-09-06,3.66,3.68,3.68,3.63,43095.0,16676.537,0.9460154241645244,,0.0
2021-09-07,3.67,3.74,3.75,3.67,55527.01,21779.343,0.9468354430379748,,0.0
2021-09-08,3.75,3.78,3.78,3.73,53843.2,21381.884,0.9473684210526316,,0.0
2021-09-09,3.78,3.82,3.83,3.76,49924.2,20042.095,0.9478908188585607,,0.0
2021-09-10,3.82,3.75,3.97,3.72,90304.4,36174.368,0.946969696969697,,0.0
2021-09-13,3.75,3.79,3.79,3.71,51085.05,20288.153,0.9475,,0.0
2021-09-14,3.79,3.73,3.82,3.72,51060.09,20260.072,0.9467005076142132,,0.0
2021-09-15,3.72,3.75,3.77,3.69,43580.1,17211.43,0.946969696969697,,0.0
2021-09-16,3.75,3.75,3.82,3.73,44872.35,17875.698,0.946969696969697,,0.0
2021-09-17,3.73,3.69,3.77,3.65,46266.23,18095.182,0.946153846153846,,0.0
2021-09-22,3.62,3.72,3.75,3.62,40185.11,15656.826,0.9465648854961832,,0.0
2021-09-23,3.73,3.82,3.82,3.73,74210.39,29691.71,0.9478908188585607,,0.0
2021-09-24,3.83,3.73,3.83,3.73,42170.66,16756.522,0.9467005076142132,,0.0
2021-09-27,3.73,3.64,3.75,3.59,49790.7,19210.177,0.9454545454545454,,0.0
2021-09-28,3.65,3.64,3.68,3.6,30191.55,11643.92,0.9454545454545454,,0.0
2021-09-29,3.61,3.55,3.64,3.53,39842.29,15126.228,0.9441489361702128,,0.0
2021-09-30,3.57,3.6,3.61,3.54,25766.0,9755.69,0.9448818897637796,,0.0
2021-10-08,3.6,3.74,3.75,3.6,51476.5,20111.48,0.9468354430379748,,0.0
2021-10-11,3.74,3.73,3.75,3.67,28913.0,11346.504,0.9467005076142132,,0.0
2021-10-12,3.7,3.68,3.73,3.63,34092.73,13260.462,0.9460154241645244,,0.0
2021-10-13,3.68,3.65,3.69,3.6,24188.88,9300.582,0.9455958549222798,,0.0
2021-10-14,3.65,3.64,3.65,3.59,21313.0,8172.651,0.9454545454545454,,0.0
2021-10-15,3.64,3.57,3.66,3.56,33173.34,12654.51,0.9444444444444444,,0.0
2021-10-18,3.57,3.6,3.61,3.54,20829.66,7888.095,0.9448818897637796,,0.0
2021-10-19,3.61,3.58,3.61,3.57,16759.7,6363.163,0.9445910290237468,,0.0
2021-10-20,3.58,3.55,3.59,3.54,19101.0,7187.931,0.9441489361702128,,0.0
2021-10-21,3.56,3.53,3.56,3.53,18562.3,6968.836,0.9438502673796793,,0.0
2021-10-22,3.53,3.52,3.55,3.5,20217.0,7555.168,0.9436997319034852,,0.0
2021-10-25,3.5,3.5,3.53,3.49,29866.28,11095.664,0.9433962264150944,,0.0
2021-10-26,3.51,3.51,3.53,3.49,11920.33,4432.064,0.9435483870967742,,0.0
2021-10-27,3.5,3.46,3.51,3.45,28724.62,10576.88,0.9427792915531336,,0.0
2021-10-28,3.47,3.44,3.5,3.42,22456.47,8226.514,0.9424657534246575,,0.0
2021-10-29,3.43,3.48,3.49,3.41,17629.07,6454.598,0.943089430894309,,0.0
2021-11-01,3.48,3.48,3.49,3.42,11497.34,4222.088,0.943089430894309,,0.0
2021-11-02,3.49,3.4,3.49,3.37,32603.13,11802.91,0.9418282548476454,,0.0
2021-11-03,3.39,3.4,3.41,3.38,16565.06,5965.954,0.9418282548476454,,0.0
2021-11-04,3.41,3.42,3.43,3.4,14753.07,5350.55,0.9421487603305784,,0.0
2021-11-05,3.42,3.4,3.42,3.38,13985.0,5045.537,0.9418282548476454,,0.0
2021-11-08,3.41,3.41,3.41,3.37,13919.13,5021.763,0.9419889502762432,,0.0
2021-11-09,3.42,3.46,3.47,3.41,23622.12,8643.437,0.9427792915531336,,0.0
2021-11-10,3.46,3.48,3.48,3.43,14662.09,5373.324,0.943089430894309,,0.0
2021-11-11,3.48,3.53,3.57,3.45,33461.68,12476.558,0.9438502673796793,,0.0
2021-11-12,3.53,3.5,3.53,3.48,18429.11,6830.592,0.9433962264150944,,0.0
2021-11-15,3.5,3.53,3.54,3.5,15758.6,5875.184,0.9438502673796793,,0.0
2021-11-16,3.54,3.52,3.54,3.51,13304.0,4972.149,0.9436997319034852,,0.0
2021-11-17,3.51,3.53,3.54,3.51,13838.62,5166.272,0.9438502673796793,,0.0
2021-11-18,3.53,3.49,3.55,3.48,19818.13,7387.788,0.9432432432432432,,0.0
2021-11-19,3.5,3.51,3.52,3.47,20246.18,7505.953,0.9435483870967742,,0.0
2021-11-22,3.51,3.52,3.52,3.48,17840.43,6633.374,0.9436997319034852,,0.0
2021-11-23,3.51,3.58,3.6,3.5,54569.38,20587.297,0.9445910290237468,,0.0
2021-11-24,3.57,3.62,3.65,3.54,45574.44,17418.563,0.9451697127937336,,0.0
2021-11-25,3.65,3.63,3.65,3.6,30541.73,11722.288,0.9453125,,0.0
2021-11-26,3.62,3.64,3.64,3.56,28243.69,10766.622,0.9454545454545454,,0.0
2021-11-29,3.56,3.58,3.63,3.55,26929.93,10218.778,0.9445910290237468,,0.0
2021-11-30,3.57,3.59,3.62,3.56,16907.43,6420.658,0.9447368421052632,,0.0
2021-12-01,3.6,3.65,3.66,3.58,33791.11,12985.547,0.9455958549222798,,0.0
2021-12-02,3.64,3.63,3.65,3.62,18345.0,7052.239,0.9453125,,0.0
2021-12-03,3.63,3.67,3.68,3.62,25544.24,9895.653,0.9458762886597938,,0.0
2021-12-06,3.67,3.6,3.69,3.6,24277.0,9318.558,0.9448818897637796,,0.0
2021-12-07,3.63,3.62,3.65,3.58,26836.29,10240.955,0.9451697127937336,,0.0
2021-12-08,3.63,3.6,3.63,3.58,17897.32,6827.316,0.9448818897637796,,0.0
2021-12-09,3.6,3.62,3.63,3.58,27285.95,10409.674,0.9451697127937336,,0.0
2021-12-10,3.6,3.62,3.62,3.59,23714.08,9060.439,0.9451697127937336,,0.0
2021-12-13,3.62,3.64,3.65,3.61,29897.25,11479.419,0.9454545454545454,,0.0
2021-12-14,3.61,3.63,3.64,3.61,20244.0,7756.158,0.9453125,,0.0
2021-12-15,3.65,3.79,3.79,3.63,136063.39,53829.194,0.9475,,0.0
2021-12-16,3.78,3.75,3.78,3.71,66941.45,26413.836,0.946969696969697,,0.0
2021-12-17,3.73,3.8,3.86,3.72,92927.85,37372.366,0.9476309226932668,,0.0
2021-12-20,3.79,3.8,3.85,3.78,58051.99,23355.622,0.9476309226932668,,0.0
2021-12-21,3.79,3.92,3.93,3.79,87743.24,35935.916,0.9491525423728814,,0.0
2021-12-22,3.95,3.86,3.98,3.83,89963.25,36709.108,0.9484029484029484,,0.0
2021-12-23,3.86,3.79,3.86,3.78,60675.39,24382.539,0.9475,,0.0
2021-12-24,3.78,3.73,3.8,3.7,50907.78,20042.241,0.9467005076142132,,0.0
2021-12-27,3.73,3.74,3.76,3.68,41804.02,16485.444,0.9468354430379748,,0.0
2021-12-28,3.74,3.73,3.75,3.68,30872.06,12120.45,0.9467005076142132,,0.0
2021-12-29,3.73,3.76,3.78,3.7,38824.64,15358.071,0.947103274559194,,0.0
2021-12-30,3.78,3.76,3.83,3.76,39569.28,15839.588,0.947103274559194,,0.0
2021-12-31,3.76,3.8,3.86,3.73,48111.86,19307.288,0.9476309226932668,,0.0
2022-01-04,3.8,3.92,3.94,3.8,98449.21,40494.83,0.9491525423728814,,0.0
2022-01-05,3.89,3.88,3.96,3.84,57727.91,23651.507,0.9486552567237164,,0.0
2022-01-06,3.85,3.92,3.93,3.83,42302.0,17398.137,0.9491525423728814,,0.0
2022-01-07,3.91,3.86,3.94,3.84,52025.25,21359.156,0.9484029484029484,,0.0
2022-01-10,3.86,3.95,3.96,3.82,77873.38,32157.506,0.9495192307692308,,0.0
2022-01-11,3.95,3.91,3.98,3.9,52459.7,21774.2,0.9490291262135924,,0.0
2022-01-12,3.93,3.98,3.98,3.92,52801.0,21978.182,0.9498806682577564,,0.0
2022-01-13,3.97,3.99,4.01,3.95,50310.41,21093.465,0.95,,0.0
2022-01-14,3.98,3.89,4.0200000000000005,3.87,75313.22,31224.721,0.948780487804878,,0.0
2022-01-17,3.91,3.94,4.0,3.89,46163.93,19181.381,0.9493975903614458,,0.0
2022-01-18,3.93,3.87,3.96,3.83,45542.35,18613.644,0.9485294117647058,,0.0
2022-01-19,3.88,3.95,4.01,3.85,78452.61,32555.631,0.9495192307692308,,0.0
2022-01-20,3.94,3.85,3.97,3.83,56665.26,23147.181,0.9482758620689656,,0.0
2022-01-21,3.87,3.82,3.91,3.78,38800.37,15641.926,0.9478908188585607,,0.0
2022-01-24,3.83,3.75,3.84,3.75,30478.0,12150.279,0.946969696969697,,0.0
2022-01-25,3.74,3.61,3.77,3.61,50493.0,19591.089,0.9450261780104712,,0.0
2022-01-26,3.6,3.69,3.71,3.6,36510.45,14159.761,0.946153846153846,,0.0
2022-01-27,3.69,3.58,3.71,3.57,37072.68,14170.36,0.9445910290237468,,0.0
2022-01-28,3.61,3.71,3.76,3.6,50704.01,19792.442,0.9464285714285714,,0.0
2022-02-07,3.74,3.83,3.85,3.68,49037.82,19639.419,0.948019801980198,,0.0
2022-02-08,3.85,3.97,3.97,3.82,90255.51,37289.336,0.9497607655502392,,0.0
2022-02-09,3.96,3.95,4.0,3.93,49955.0,20798.625,0.9495192307692308,,0.0
2022-02-10,3.91,3.97,3.97,3.9,51865.01,21559.576,0.9497607655502392,,0.0
2022-02-11,3.97,3.9,3.97,3.89,53300.8,22030.553,0.9489051094890512,,0.0
2022-02-14,3.91,3.99,4.01,3.89,75051.17,31367.36,0.95,,0.0
2022-02-15,3.99,4.09,4.28,3.92,261480.44,112761.365,0.9511627906976744,,0.0
2022-02-16,4.09,4.26,4.28,4.04,251406.33,111125.455,0.953020134228188,,0.0
2022-02-17,4.25,4.15,4.26,4.08,142386.06,61816.827,0.9518348623853212,,0.0
2022-02-18,4.08,4.13,4.13,4.03,77274.0,33204.827,0.9516129032258064,,0.0
2022-02-21,4.12,4.09,4.16,4.07,75507.01,32545.873,0.9511627906976744,,0.0
2022-02-22,4.1,4.0200000000000005,4.12,3.99,78140.54,33199.327,0.950354609929078,,0.0
2022-02-23,4.07,4.04,4.14,4.01,68463.0,29093.151,0.9505882352941176,,0.0
2022-02-24,4.0200000000000005,3.92,4.05,3.85,98139.91,40882.64,0.9491525423728814,,0.0
2022-02-25,3.96,4.01,4.05,3.93,78807.6,33104.425,0.9502369668246444,,0.0
2022-02-28,4.03,3.97,4.05,3.92,47823.55,20052.744,0.9497607655502392,,0.0
2022-03-01,4.05,4.13,4.18,4.01,91591.46,39650.592,0.9516129032258064,,0.0
2022-03-02,4.09,4.11,4.16,4.06,53502.06,23131.756,0.951388888888889,,0.0
2022-03-03,4.13,4.15,4.19,4.12,61919.0,27040.028,0.9518348623853212,,0.0
2022-03-04,4.13,4.08,4.17,4.05,60714.02,26093.589,0.951048951048951,,0.0
2022-03-07,4.07,4.0200000000000005,4.14,4.0,48110.51,20531.522,0.950354609929078,,0.0
2022-03-08,4.05,3.92,4.05,3.89,53830.0,22349.78,0.9491525423728814,,0.0
2022-03-09,3.92,3.91,3.96,3.72,68568.0,27929.742,0.9490291262135924,,0.0
2022-03-10,3.94,4.11,4.11,3.93,76280.04,32472.443,0.951388888888889,,0.0
2022-03-11,4.09,4.17,4.18,4.0,78190.01,33623.917,0.952054794520548,,0.0
2022-03-14,4.13,4.06,4.22,4.04,79125.0,34302.855,0.9508196721311476,,0.0
2022-03-15,4.0,3.79,4.08,3.79,99832.0,41537.959,0.9475,,0.0
2022-03-16,3.86,4.1,4.19,3.83,377403.68,162424.588,0.951276102088167,,0.0
2022-03-17,4.05,4.24,4.45,4.01,421495.41,186618.932,0.952808988764045,,0.0
2022-03-18,4.12,4.23,4.28,4.12,262721.1,116328.923,0.9527027027027029,,0.0
2022-03-21,4.2700000000000005,4.33,4.41,4.2,244170.96,110321.214,0.9537444933920703,,0.0
2022-03-22,4.34,4.3,4.44,4.28,180934.12,82450.776,0.9534368070953436,,0.0
2022-03-23,4.3,4.29,4.34,4.15,149668.29,66557.843,0.9533333333333334,,0.0
2022-03-24,4.25,4.28,4.58,4.22,216048.01,99177.52,0.9532293986636972,,0.0
2022-03-25,4.2700000000000005,4.35,4.48,4.2700000000000005,166992.68,76460.125,0.9539473684210528,,0.0
2022-03-28,4.35,4.5200000000000005,4.69,4.24,272670.91,128376.627,0.955602536997886,,0.0
2022-03-29,4.53,4.36,4.55,4.31,188332.0,86689.043,0.9540481400437636,,0.0
2022-03-30,4.35,4.42,4.57,4.24,205892.76,94972.929,0.9546436285097192,,0.0
2022-03-31,4.43,4.5200000000000005,4.57,4.43,226858.4,106855.538,0.955602536997886,,0.0
2022-04-01,4.44,4.49,4.55,4.34,201628.04,93909.993,0.9553191489361702,,0.0
2022-04-06,4.49,4.96,4.96,4.49,371290.4,185295.031,0.9593810444874274,,0.0
2022-04-07,4.97,4.67,5.25,4.67,680108.87,349753.244,0.956967213114754,,0.0
2022-04-08,4.76,4.73,4.92,4.47,452816.34,220571.335,0.95748987854251,,0.0
2022-04-11,4.55,4.3,4.63,4.24,366443.18,168026.428,0.9534368070953436,,0.0
2022-04-12,4.26,4.45,4.48,4.15,236726.5,107665.334,0.9549356223175964,,0.0
2022-04-13,4.43,4.28,4.59,4.2700000000000005,207301.44,95468.497,0.9532293986636972,,0.0
2022-04-14,4.28,4.33,4.49,4.28,168185.36,77430.557,0.9537444933920703,,0.0
2022-04-15,4.29,4.15,4.36,4.12,162965.28,72567.919,0.9518348623853212,,0.0
2022-04-18,4.14,4.12,4.18,3.99,118888.0,51275.992,0.9515011547344112,,0.0
2022-04-19,4.14,4.21,4.23,4.09,84389.57,37053.213,0.9524886877828056,,0.0
2022-04-20,4.22,4.21,4.33,4.2,98964.01,44166.096,0.9524886877828056,,0.0
2022-04-21,4.15,3.99,4.23,3.96,124442.59,53334.735,0.95,,0.0
2022-04-22,3.95,3.98,4.04,3.93,93084.56,38991.972,0.9498806682577564,,0.0
2022-04-25,3.94,3.63,3.96,3.63,134180.23,53440.819,0.9453125,,0.0
2022-04-26,3.67,3.49,3.7,3.48,86796.56,32878.261,0.9432432432432432,,0.0
2022-04-27,3.47,3.86,3.86,3.45,120509.92,47412.597,0.9484029484029484,,0.0
2022-04-28,3.83,4.03,4.26,3.66,368911.92,153559.087,0.9504716981132076,,0.0
2022-04-29,4.03,4.45,4.45,3.94,386847.91,170448.086,0.9549356223175964,,0.0
2022-05-05,4.55,4.44,4.82,4.33,621629.93,296434.405,0.9548387096774194,,0.0
2022-05-06,4.09,4.39,4.43,4.09,414717.72,187192.845,0.9543478260869566,,0.0
2022-05-09,4.51,4.63,4.7700000000000005,4.39,466604.66,222757.373,0.956611570247934,,0.0
2022-05-10,4.41,4.71,4.82,4.41,452805.27,218928.066,0.9573170731707316,,0.0
2022-05-11,4.65,4.56,4.74,4.5,359578.07,173081.485,0.9559748427672956,,0.0
2022-05-12,4.54,5.04,5.04,4.5200000000000005,245787.24,125061.75,0.96,,0.0
2022-05-13,5.57,5.57,5.57,5.57,61454.5,35520.701,0.9636678200692042,,0.0
2022-05-16,6.15,6.15,6.15,6.15,27117.5,17246.73,0.9669811320754716,,0.0
2022-05-17,6.79,6.79,6.79,6.72,1156210.23,809279.553,0.97,,0.0
2022-05-18,6.5,6.09,6.88,6.09,1292424.91,841849.602,0.9666666666666668,,0.0
2022-05-19,5.46,5.46,5.76,5.46,1141099.35,653125.87,0.962962962962963,,0.0
2022-05-20,5.29,5.07,5.36,5.0,984098.65,527018.296,0.9602272727272728,,0.0
2022-05-23,5.0,4.98,5.07,4.94,525358.7,273133.556,0.9595375722543352,,0.0
2022-05-24,4.99,4.63,5.01,4.62,622285.51,310861.052,0.956611570247934,,0.0
2022-05-25,4.6,4.68,4.75,4.59,390723.74,190768.419,0.9570552147239264,,0.0
2022-05-26,4.73,4.73,4.83,4.64,447953.06,222460.895,0.95748987854251,,0.0
2022-05-27,4.72,4.9,4.92,4.62,621354.64,311371.784,0.9589041095890412,,0.0
2022-05-30,4.82,4.75,4.85,4.68,421347.97,209299.967,0.9576612903225806,,0.0
2022-05-31,4.72,4.64,4.8,4.59,355898.27,173149.109,0.9567010309278352,,0.0
2022-06-01,4.6,4.58,4.64,4.51,277132.0,132540.58,0.9561586638830898,,0.0
2022-06-02,4.59,4.5200000000000005,4.61,4.44,259919.68,122337.413,0.955602536997886,,0.0
2022-06-06,4.53,4.57,4.59,4.5,202811.25,96494.733,0.9560669456066946,,0.0
2022-06-07,4.57,4.5,4.57,4.44,201508.02,94686.97,0.9554140127388536,,0.0
2022-06-08,4.5,4.46,4.53,4.36,203473.43,94885.328,0.9550321199143468,,0.0
2022-06-09,4.47,4.36,4.49,4.36,168904.96,78085.707,0.9540481400437636,,0.0
2022-06-10,4.35,4.37,4.43,4.33,122634.63,56354.18,0.9541484716157206,,0.0
2022-06-13,4.37,4.33,4.37,4.28,160333.96,72529.825,0.9537444933920703,,0.0
2022-06-14,4.3,4.35,4.36,4.24,168446.04,76250.806,0.9539473684210528,,0.0
2022-06-15,4.35,4.33,4.43,4.33,176254.01,80975.543,0.9537444933920703,,0.0
2022-06-16,4.34,4.34,4.38,4.31,120534.01,54794.668,0.953846153846154,,0.0
2022-06-17,4.31,4.29,4.34,4.22,128761.0,57805.911,0.9533333333333334,,0.0
2022-06-20,4.31,4.33,4.37,4.3,98356.22,44738.142,0.9537444933920703,,0.0
2022-06-21,4.36,4.42,4.5200000000000005,4.34,262834.22,121897.635,0.9546436285097192,,0.0
2022-06-22,4.42,4.29,4.43,4.2700000000000005,173198.91,78311.728,0.9533333333333334,,0.0
2022-06-23,4.3,4.2700000000000005,4.31,4.2,127538.0,56765.763,0.953125,,0.0
2022-06-24,4.29,4.2700000000000005,4.29,4.23,87398.22,39083.897,0.953125,,0.0
2022-06-27,4.28,4.26,4.32,4.24,97414.73,43759.135,0.953020134228188,,0.0
2022-06-28,4.28,4.33,4.34,4.24,129522.04,58576.725,0.9537444933920703,,0.0
2022-06-29,4.36,4.3,4.4,4.29,154176.9,70291.415,0.9534368070953436,,0.0
2022-06-30,4.3,4.39,4.43,4.3,198659.97,91377.589,0.9543478260869566,,0.0
2022-07-01,4.43,4.34,4.43,4.33,139221.15,63657.288,0.953846153846154,,0.0
2022-07-04,4.37,4.36,4.39,4.3,85970.9,39091.665,0.9540481400437636,,0.0
2022-07-05,4.36,4.29,4.38,4.26,119507.97,53927.556,0.9533333333333334,,0.0
2022-07-06,4.3,4.15,4.3,4.13,147385.08,64662.871,0.9518348623853212,,0.0
2022-07-07,4.16,4.15,4.2,4.14,72088.04,31578.842,0.9518348623853212,,0.0
2022-07-08,4.16,4.28,4.33,4.15,158322.01,70837.452,0.9532293986636972,,0.0
2022-07-11,4.28,4.4,4.43,4.2700000000000005,232166.66,106307.236,0.9544468546637744,,0.0
2022-07-12,4.59,4.86,4.86,4.58,404729.15,201853.904,0.9585798816568049,,0.0
2022-07-13,5.369999999999999,5.369999999999999,5.369999999999999,5.369999999999999,78739.22,43779.006,0.9658273381294964,,0.0
2022-07-14,5.609999999999999,5.0,5.819999999999999,4.89,1364239.06,759008.329,0.9633911368015412,,0.0
2022-07-15,4.659999999999999,4.569999999999999,4.859999999999999,4.48,792423.24,380345.77,0.9600840336134452,,0.0
2022-07-18,4.449999999999999,4.55,4.65,4.35,496187.5,233718.55,0.959915611814346,,0.0
2022-07-19,4.56,5.02,5.02,4.52,288308.78,146738.597,0.9635316698656428,,0.0
2022-07-20,4.909999999999999,5.069999999999999,5.279999999999999,4.76,943082.08,490110.964,0.9638783269961976,,0.0
2022-07-21,5.0,4.9,5.109999999999999,4.869999999999999,546658.26,280893.285,0.962671905697446,,0.0
2022-07-22,4.819999999999999,4.989999999999999,5.069999999999999,4.81,508754.68,262371.501,0.9633204633204632,,0.0
2022-07-25,5.01,4.819999999999999,5.04,4.79,332081.36,168722.543,0.9620758483033932,,0.0
2022-07-26,4.85,4.88,4.88,4.72,258300.0,128898.292,0.9625246548323472,,0.0
2022-07-27,4.859999999999999,4.76,4.869999999999999,4.72,226254.29,112218.903,0.9616161616161616,,0.0
2022-07-28,4.77,4.72,4.79,4.71,213243.05,105326.468,0.9613034623217922,,0.0
2022-07-29,4.79,4.64,4.869999999999999,4.63,243200.05,119501.549,0.9606625258799172,,0.0
2022-08-01,4.59,4.569999999999999,4.699999999999999,4.569999999999999,181336.82,87115.729,0.9600840336134452,,0.0
2022-08-02,4.529999999999999,4.29,4.55,4.13,248791.02,112772.71,0.9575892857142856,,0.0
2022-08-03,4.3,4.239999999999999,4.44,4.22,171100.97,77425.577,0.9571106094808124,,0.0
2022-08-04,4.27,4.38,4.39,4.27,156012.5,70482.711,0.9584245076586432,,0.0
2022-08-05,4.409999999999999,4.34,4.409999999999999,4.27,143708.03,64733.305,0.9580573951434878,,0.0
2022-08-08,4.29,4.39,4.42,4.279999999999999,95390.07,43495.719,0.9585152838427948,,0.0
2022-08-09,4.39,4.31,4.39,4.3,118209.75,53323.584,0.9577777777777776,,0.0
2022-08-10,4.319999999999999,4.27,4.34,4.25,95526.0,42574.661,0.9573991031390132,,0.0
2022-08-11,4.3,4.359999999999999,4.39,4.27,128884.04,58426.541,0.9582417582417582,,0.0
2022-08-12,4.359999999999999,4.39,4.42,4.319999999999999,154490.71,70629.503,0.9585152838427948,,0.0
2022-08-15,4.369999999999999,4.359999999999999,4.4,4.319999999999999,99428.84,45153.964,0.9582417582417582,,0.0
2022-08-16,4.38,4.43,4.5,4.38,162118.13,74763.291,0.9588744588744588,,0.0
2022-08-17,4.47,4.489999999999999,4.529999999999999,4.449999999999999,155845.0,72993.601,0.9594017094017092,,0.0
2022-08-18,4.489999999999999,4.42,4.5,4.369999999999999,122616.09,56450.505,0.9587852494577006,,0.0
2022-08-19,4.449999999999999,4.46,4.529999999999999,4.44,177931.34,83142.912,0.9591397849462364,,0.0
2022-08-22,4.46,4.409999999999999,4.46,4.329999999999999,108415.5,49718.74,0.958695652173913,,0.0
2022-08-23,4.44,4.42,4.44,4.369999999999999,72443.0,33324.781,0.9587852494577006,,0.0
2022-08-24,4.44,4.319999999999999,4.46,4.279999999999999,117017.88,53241.046,0.957871396895787,,0.0
2022-08-25,4.329999999999999,4.38,4.39,4.279999999999999,93845.47,42560.121,0.9584245076586432,,0.0
2022-08-26,4.38,4.35,4.42,4.319999999999999,77626.01,35469.021,0.9581497797356828,,0.0
2022-08-29,4.31,4.449999999999999,4.47,4.22,131514.67,60249.573,0.9590517241379308,,0.0
2022-08-30,4.5,4.48,4.54,4.449999999999999,105313.41,49236.422,0.9593147751605996,,0.0
2022-08-31,4.47,4.369999999999999,4.48,4.34,90552.0,41500.932,0.9583333333333331,,0.0
2022-09-01,4.409999999999999,4.47,4.52,4.38,131381.01,61179.662,0.9592274678111588,,0.0
2022-09-02,4.47,4.619999999999999,4.63,4.44,218606.26,104072.049,0.9604989604989604,,0.0
2022-09-05,4.71,4.659999999999999,4.71,4.56,183076.08,87903.261,0.9608247422680412,,0.0
2022-09-06,4.619999999999999,4.69,4.71,4.609999999999999,141442.01,68785.669,0.9610655737704916,,0.0
2022-09-07,4.71,4.65,4.71,4.6,112201.99,54070.241,0.9607438016528924,,0.0
2022-09-08,4.65,4.659999999999999,4.68,4.569999999999999,129837.04,62609.145,0.9608247422680412,,0.0
2022-09-09,4.659999999999999,4.64,4.73,4.609999999999999,74337.0,35996.731,0.9606625258799172,,0.0
2022-09-13,4.659999999999999,4.65,4.699999999999999,4.63,81830.78,39703.928,0.9607438016528924,,0.0
2022-09-14,4.59,4.63,4.659999999999999,4.56,84185.04,40421.914,0.9605809128630703,,0.0
2022-09-15,4.67,4.579999999999999,4.67,4.489999999999999,107424.47,51043.535,0.960167714884696,,0.0
2022-09-16,4.56,4.34,4.569999999999999,4.329999999999999,110542.55,51111.409,0.9580573951434878,,0.0
2022-09-19,4.35,4.3,4.39,4.25,73013.94,32822.302,0.9576837416481068,,0.0
2022-09-20,4.359999999999999,4.359999999999999,4.489999999999999,4.319999999999999,80831.59,37036.491,0.9582417582417582,,0.0
2022-09-21,4.359999999999999,4.449999999999999,4.48,4.27,83409.88,38359.198,0.9590517241379308,,0.0
2022-09-22,4.46,4.359999999999999,4.48,4.34,70203.0,32185.501,0.9582417582417582,,0.0
2022-09-23,4.39,4.23,4.42,4.21,76454.82,34250.247,0.9570135746606334,,0.0
2022-09-26,4.22,4.04,4.23,4.01,88470.8,37828.343,0.9550827423167848,,0.0
2022-09-27,4.05,4.17,4.18,4.01,75064.03,32145.091,0.9564220183486236,,0.0
2022-09-28,4.17,4.119999999999999,4.239999999999999,4.119999999999999,61004.06,26605.717,0.9559164733178652,,0.0
2022-09-29,4.159999999999999,4.01,4.18,3.97,68643.75,29003.142,0.9547619047619048,,0.0
2022-09-30,4.01,4.01,4.029999999999999,3.96,39885.11,16707.92,0.9547619047619048,,0.0
2022-10-10,4.01,3.92,4.06,3.89,48949.0,20350.281,0.953771289537713,,0.0
2022-10-11,3.94,3.93,3.96,3.83,42723.04,17434.798,0.9538834951456312,,0.0
2022-10-12,3.96,4.02,4.029999999999999,3.88,53885.16,22301.436,0.9548693586698336,,0.0
2022-10-13,4.05,4.029999999999999,4.079999999999999,3.97,45247.0,19079.519,0.9549763033175356,,0.0
2022-10-14,4.05,4.09,4.109999999999999,4.01,46586.0,19946.253,0.955607476635514,,0.0
2022-10-17,4.09,4.159999999999999,4.199999999999999,4.069999999999999,59327.13,25757.415,0.9563218390804596,,0.0
2022-10-18,4.199999999999999,4.17,4.21,4.15,56028.1,24504.58,0.9564220183486236,,0.0
2022-10-19,4.18,4.17,4.199999999999999,4.119999999999999,47289.0,20616.59,0.9564220183486236,,0.0
2022-10-20,4.19,4.119999999999999,4.19,4.1,51268.14,22178.352,0.9559164733178652,,0.0
2022-10-21,4.159999999999999,4.18,4.199999999999999,4.13,55388.03,24164.371,0.9565217391304348,,0.0
2022-10-24,4.18,4.029999999999999,4.22,4.01,73712.0,31656.552,0.9549763033175356,,0.0
2022-10-25,4.04,3.99,4.069999999999999,3.94,49326.0,20633.02,0.9545454545454546,,0.0
2022-10-26,3.99,4.02,4.079999999999999,3.99,47623.1,20113.033,0.9548693586698336,,0.0
2022-10-27,4.02,4.14,4.19,4.0,102465.51,44217.095,0.9561200923787528,,0.0
2022-10-28,4.14,4.0,4.17,3.99,100519.42,42668.181,0.954653937947494,,0.0
2022-10-31,3.95,3.96,4.02,3.91,56771.21,23614.871,0.9542168674698795,,0.0
2022-11-01,3.97,4.04,4.05,3.97,50896.2,21328.006,0.9550827423167848,,0.0
2022-11-02,4.05,4.159999999999999,4.18,4.029999999999999,97046.2,41779.384,0.9563218390804596,,0.0
2022-11-03,4.109999999999999,4.18,4.29,4.09,103584.09,45452.515,0.9565217391304348,,0.0
2022-11-04,4.159999999999999,4.19,4.22,4.15,75266.86,32939.31,0.95662100456621,,0.0
2022-11-07,4.19,4.26,4.27,4.159999999999999,78336.22,34621.524,0.9573033707865168,,0.0
2022-11-08,4.21,4.22,4.3,4.19,54943.0,24255.434,0.9569160997732424,,0.0
2022-11-09,4.26,4.31,4.35,4.21,96630.18,43213.378,0.9577777777777776,,0.0
2022-11-10,4.27,4.369999999999999,4.43,4.26,103422.81,47125.636,0.9583333333333331,,0.0
2022-11-11,4.42,4.42,4.489999999999999,4.38,124731.48,57669.756,0.9587852494577006,,0.0
2022-11-14,4.48,4.369999999999999,4.489999999999999,4.359999999999999,83276.0,38344.862,0.9583333333333331,,0.0
2022-11-15,4.43,4.38,4.43,4.329999999999999,77638.0,35410.435,0.9584245076586432,,0.0
2022-11-16,4.39,4.4,4.5,4.369999999999999,79130.0,36575.396,0.9586056644880172,,0.0
2022-11-17,4.359999999999999,4.46,4.48,4.35,78253.0,36229.861,0.9591397849462364,,0.0
2022-11-18,4.46,4.359999999999999,4.489999999999999,4.35,74386.26,34183.099,0.9582417582417582,,0.0
2022-11-21,4.359999999999999,4.34,4.359999999999999,4.29,60628.61,27386.066,0.9580573951434878,,0.0
2022-11-22,4.34,4.34,4.44,4.329999999999999,53741.25,24500.066,0.9580573951434878,,0.0
2022-11-23,4.34,4.369999999999999,4.409999999999999,4.279999999999999,73392.19,33308.604,0.9583333333333331,,0.0
2022-11-24,4.369999999999999,4.44,4.529999999999999,4.34,114753.36,53300.801,0.9589632829373648,,0.0
2022-11-25,4.449999999999999,4.529999999999999,4.55,4.409999999999999,130378.62,61278.192,0.9597457627118644,,0.0
2022-11-28,4.52,4.64,4.64,4.409999999999999,201014.32,95426.808,0.9606625258799172,,0.0
2022-11-29,4.67,4.739999999999999,4.77,4.619999999999999,290085.21,142004.491,0.9614604462474644,,0.0
2022-11-30,4.659999999999999,4.81,4.89,4.65,304212.64,151604.468,0.962,,0.0
2022-12-01,4.8,4.659999999999999,4.859999999999999,4.64,223269.18,109313.183,0.9608247422680412,,0.0
2022-12-02,4.69,4.65,4.71,4.59,140692.9,67880.132,0.9607438016528924,,0.0
2022-12-05,4.659999999999999,4.68,4.779999999999999,4.65,132402.5,64794.656,0.9609856262833676,,0.0
2022-12-06,4.67,4.64,4.69,4.579999999999999,114648.27,55370.171,0.9606625258799172,,0.0
2022-12-07,4.65,4.63,4.69,4.56,106902.11,51404.214,0.9605809128630703,,0.0
2022-12-08,4.63,4.71,4.71,4.609999999999999,118467.33,57558.103,0.9612244897959182,,0.0
2022-12-09,4.8,4.65,4.81,4.59,186005.86,90622.744,0.9607438016528924,,0.0
2022-12-12,4.56,4.569999999999999,4.699999999999999,4.54,137925.2,66018.652,0.9600840336134452,,0.0
2022-12-13,4.569999999999999,5.05,5.05,4.54,179262.24,92600.574,0.9637404580152672,,0.0
2022-12-14,5.21,4.85,5.21,4.779999999999999,772862.16,397258.159,0.9623015873015872,,0.0
2022-12-15,4.77,4.81,4.88,4.68,390317.03,192867.887,0.962,,0.0
2022-12-16,4.72,4.869999999999999,4.97,4.65,515345.9,258732.614,0.9624505928853754,,0.0
2022-12-19,4.77,4.89,4.97,4.76,368570.54,185645.268,0.9625984251968503,,0.0
2022-12-20,4.79,5.029999999999999,5.159999999999999,4.72,527094.26,273628.542,0.9636015325670496,,0.0
2022-12-21,4.98,5.15,5.15,4.93,495514.93,258716.69,0.9644194756554306,,0.0
2022-12-22,5.079999999999999,5.26,5.68,5.02,751529.72,413377.348,0.965137614678899,,0.0
2022-12-23,5.22,5.1,5.46,4.94,564993.87,301081.099,0.9640831758034024,,0.0
2022-12-26,4.97,5.109999999999999,5.109999999999999,4.73,411632.2,212104.934,0.9641509433962264,,0.0
2022-12-27,5.01,5.09,5.31,4.92,469506.29,250917.705,0.9640151515151516,,0.0
2022-12-28,5.1,4.84,5.15,4.819999999999999,404181.68,206092.778,0.9622266401590456,,0.0
2022-12-29,4.79,4.6,4.85,4.569999999999999,364873.18,177070.747,0.9603340292275572,,0.0
2022-12-30,4.63,5.079999999999999,5.079999999999999,4.63,686978.52,354429.427,0.9639468690702088,,0.0
2023-01-03,5.09,5.239999999999999,5.3,5.06,711501.28,383651.617,0.9650092081031308,,0.0
2023-01-04,5.23,5.38,5.449999999999999,5.159999999999999,562360.36,310398.412,0.9658886894075404,,0.0
2023-01-05,5.31,5.449999999999999,5.67,5.18,588724.04,329976.932,0.9663120567375886,,0.0
2023-01-06,5.4,5.239999999999999,5.449999999999999,5.19,390821.3,213313.724,0.9650092081031308,,0.0
2023-01-09,5.29,5.529999999999999,5.779999999999999,5.159999999999999,667202.3,381388.05,0.9667832167832168,,0.0
2023-01-10,5.529999999999999,5.5,5.77,5.29,548849.06,311630.754,0.9666080843585236,,0.0
2023-01-11,5.409999999999999,5.29,5.43,5.23,361034.52,198462.071,0.9653284671532846,,0.0
2023-01-12,5.279999999999999,5.17,5.29,5.0,374230.18,198738.678,0.96455223880597,,0.0
2023-01-13,5.1,5.06,5.21,5.02,220920.59,116843.885,0.9638095238095238,,0.0
2023-01-16,5.1,4.989999999999999,5.109999999999999,4.94,211913.87,110188.831,0.9633204633204632,,0.0
2023-01-17,5.01,5.51,5.51,5.01,344763.22,195228.539,0.9666666666666666,,0.0
2023-01-18,5.51,5.31,5.579999999999999,5.29,575767.08,320949.203,0.9654545454545452,,0.0
2023-01-19,5.359999999999999,5.29,5.449999999999999,5.239999999999999,310363.98,170401.987,0.9653284671532846,,0.0
2023-01-20,5.29,5.21,5.35,5.18,252961.08,136777.079,0.9648148148148148,,0.0
2023-01-30,5.26,5.449999999999999,5.75,5.19,489768.39,275032.651,0.9663120567375886,,0.0
2023-01-31,5.39,5.43,5.47,5.329999999999999,263976.07,147515.184,0.9661921708185052,,0.0
2023-02-01,5.4,5.51,5.6,5.329999999999999,337548.83,191448.529,0.9666666666666666,,0.0
2023-02-02,5.46,5.43,5.51,5.38,227623.85,127884.131,0.9661921708185052,,0.0
2023-02-03,5.409999999999999,5.39,5.43,5.29,187884.42,103996.963,0.9659498207885304,,0.0
2023-02-06,5.35,5.489999999999999,5.55,5.279999999999999,293424.43,165038.503,0.9665492957746478,,0.0
2023-02-07,5.46,5.4,5.48,5.369999999999999,179830.8,100523.569,0.9660107334525938,,0.0
2023-02-08,5.39,5.26,5.4,5.26,174925.0,96093.787,0.965137614678899,,0.0
2023-02-09,5.25,5.319999999999999,5.329999999999999,5.199999999999999,121403.89,66322.817,0.9655172413793104,,0.0
2023-02-10,5.31,5.319999999999999,5.369999999999999,5.26,135730.11,74652.917,0.9655172413793104,,0.0
2023-02-13,5.359999999999999,5.29,5.359999999999999,5.26,116420.65,63735.651,0.9653284671532846,,0.0
2023-02-14,5.3,5.19,5.329999999999999,5.17,153879.27,83115.108,0.9646840148698884,,0.0
2023-02-15,5.18,5.15,5.19,5.1,130832.96,69580.316,0.9644194756554306,,0.0
2023-02-16,5.15,5.0,5.199999999999999,4.909999999999999,168149.1,89030.62,0.9633911368015412,,0.0
2023-02-17,4.97,5.02,5.079999999999999,4.96,99783.94,52069.231,0.9635316698656428,,0.0
2023-02-20,5.02,5.09,5.09,4.97,84091.85,43940.681,0.9640151515151516,,0.0
2023-02-21,5.079999999999999,5.109999999999999,5.13,5.04,80954.06,42789.133,0.9641509433962264,,0.0
2023-02-22,5.1,5.02,5.1,5.01,86693.16,45331.782,0.9635316698656428,,0.0
2023-02-23,5.029999999999999,4.98,5.05,4.92,93629.62,48373.032,0.9632495164410058,,0.0
2023-02-24,5.0,4.94,5.0,4.89,64994.0,33269.523,0.9629629629629628,,0.0
2023-02-27,4.94,4.859999999999999,4.94,4.85,58197.33,29560.024,0.9623762376237625,,0.0
2023-02-28,4.909999999999999,4.949999999999999,4.96,4.869999999999999,72230.23,36909.534,0.9630350194552528,,0.0
2023-03-01,4.949999999999999,5.02,5.02,4.93,88135.06,45640.574,0.9635316698656428,,0.0
2023-03-02,5.01,5.029999999999999,5.09,4.989999999999999,76580.19,40050.354,0.9636015325670496,,0.0
2023-03-03,5.029999999999999,5.079999999999999,5.09,5.01,90195.19,47271.742,0.9639468690702088,,0.0
2023-03-06,5.079999999999999,5.109999999999999,5.159999999999999,5.06,87213.27,46262.15,0.9641509433962264,,0.0
2023-03-07,5.15,4.989999999999999,5.15,4.989999999999999,115223.01,60698.723,0.9633204633204632,,0.0
2023-03-08,5.0,5.079999999999999,5.09,5.0,85127.57,44672.553,0.9639468690702088,,0.0
2023-03-09,5.09,5.04,5.1,5.01,52537.0,27479.969,0.9636711281070744,,0.0
2023-03-10,5.01,4.93,5.029999999999999,4.909999999999999,76649.74,39458.259,0.962890625,,0.0
2023-03-13,4.909999999999999,4.98,4.98,4.89,57321.99,29416.318,0.9632495164410058,,0.0
2023-03-14,4.96,4.9,4.989999999999999,4.84,62589.1,31927.6,0.962671905697446,,0.0
2023-03-15,4.93,5.01,5.01,4.909999999999999,57306.52,29578.67,0.9634615384615384,,0.0
2023-03-16,4.989999999999999,4.89,5.0,4.859999999999999,62739.0,32069.227,0.9625984251968503,,0.0
2023-03-17,4.93,4.96,5.0,4.9,64853.12,33360.451,0.9631067961165048,,0.0
2023-03-20,4.96,4.859999999999999,4.96,4.829999999999999,85819.0,43493.31,0.9623762376237625,,0.0
2023-03-21,4.859999999999999,4.93,4.949999999999999,4.79,99897.73,50753.873,0.962890625,,0.0
2023-03-22,4.949999999999999,4.98,4.989999999999999,4.92,68437.38,35269.752,0.9632495164410058,,0.0
2023-03-23,4.98,4.98,5.0,4.92,62688.81,32319.185,0.9632495164410058,,0.0
2023-03-24,4.98,4.909999999999999,4.98,4.9,71400.62,36522.987,0.9627450980392156,,0.0
2023-03-27,4.94,4.85,4.94,4.8,96289.11,48454.103,0.9623015873015872,,0.0
2023-03-28,4.859999999999999,4.739999999999999,4.859999999999999,4.73,77605.27,38501.759,0.9614604462474644,,0.0
2023-03-29,4.73,4.63,4.75,4.619999999999999,97568.26,47200.587,0.9605809128630703,,0.0
2023-03-30,4.659999999999999,4.579999999999999,4.699999999999999,4.56,67164.06,32160.028,0.960167714884696,,0.0
2023-03-31,4.6,4.609999999999999,4.63,4.55,53564.36,25668.893,0.9604166666666666,,0.0
2023-04-03,4.619999999999999,4.659999999999999,4.67,4.609999999999999,68455.9,33086.502,0.9608247422680412,,0.0
2023-04-04,4.68,4.6,4.69,4.579999999999999,80339.07,38689.891,0.9603340292275572,,0.0
2023-04-06,4.6,4.52,4.609999999999999,4.47,101405.31,47839.519,0.959660297239915,,0.0
2023-04-07,4.52,4.56,4.569999999999999,4.47,51257.04,24214.209,0.96,,0.0
2023-04-10,4.569999999999999,4.449999999999999,4.569999999999999,4.42,83621.49,38881.607,0.9590517241379308,,0.0
2023-04-11,4.42,4.5,4.5,4.4,58447.01,27130.96,0.9594882729211086,,0.0
2023-04-12,4.5,4.48,4.52,4.449999999999999,46957.19,21938.185,0.9593147751605996,,0.0
2023-04-13,4.48,4.5,4.51,4.46,42964.9,20094.118,0.9594882729211086,,0.0
2023-04-14,4.51,4.5,4.56,4.489999999999999,64192.6,30232.253,0.9594882729211086,,0.0
2023-04-17,4.48,4.569999999999999,4.569999999999999,4.48,52257.26,24732.436,0.9600840336134452,,0.0
2023-04-18,4.569999999999999,4.529999999999999,4.569999999999999,4.51,50929.97,24043.071,0.9597457627118644,,0.0
2023-04-19,4.51,4.529999999999999,4.56,4.47,55856.33,26283.012,0.9597457627118644,,0.0
2023-04-20,4.51,4.44,4.52,4.4,76599.8,35428.789,0.9589632829373648,,0.0
2023-04-21,4.46,4.369999999999999,4.5,4.359999999999999,69237.19,31898.702,0.9583333333333331,,0.0
2023-04-24,4.369999999999999,4.38,4.44,4.27,65141.02,29620.78,0.9584245076586432,,0.0
2023-04-25,4.4,4.34,4.43,4.279999999999999,63106.0,28546.677,0.9580573951434878,,0.0
2023-04-26,4.31,4.39,4.409999999999999,4.3,42737.1,19496.903,0.9585152838427948,,0.0
2023-04-27,4.51,4.56,4.619999999999999,4.44,170452.29,80718.005,0.96,,0.0
2023-04-28,4.55,4.68,4.69,4.52,101691.0,49001.794,0.9609856262833676,,0.0
2023-05-04,4.699999999999999,4.79,4.8,4.68,124765.06,61902.916,0.9618473895582328,,0.0
2023-05-05,4.829999999999999,4.85,4.9,4.73,136081.62,68082.583,0.9623015873015872,,0.0
2023-05-08,4.829999999999999,4.869999999999999,4.9,4.8,90939.38,45942.93,0.9624505928853754,,0.0
2023-05-09,4.869999999999999,4.85,4.94,4.84,111042.37,56356.549,0.9623015873015872,,0.0
2023-05-10,4.829999999999999,4.85,4.89,4.8,75438.79,37941.453,0.9623015873015872,,0.0
2023-05-11,4.85,4.89,4.909999999999999,4.84,59708.4,30285.219,0.9625984251968503,,0.0
2023-05-12,4.89,4.859999999999999,4.93,4.85,58330.1,29602.468,0.9623762376237625,,0.0
2023-05-15,4.859999999999999,4.96,4.96,4.81,106235.08,53955.707,0.9631067961165048,,0.0
2023-05-16,4.96,4.9,5.029999999999999,4.88,67850.83,34767.036,0.962671905697446,,0.0
2023-05-17,4.92,4.96,4.97,4.88,63106.5,32339.02,0.9631067961165048,,0.0
2023-05-18,4.94,4.93,4.989999999999999,4.909999999999999,49995.11,25678.245,0.962890625,,0.0
2023-05-19,4.909999999999999,4.85,4.92,4.8,70608.0,35591.994,0.9623015873015872,,0.0
2023-05-22,4.869999999999999,4.859999999999999,4.89,4.819999999999999,57304.13,28928.368,0.9623762376237625,,0.0
2023-05-23,4.869999999999999,4.79,4.869999999999999,4.779999999999999,45893.0,22995.606,0.9618473895582328,,0.0
2023-05-24,4.76,4.72,4.8,4.71,47467.1,23400.417,0.9613034623217922,,0.0
2023-05-25,4.72,4.72,4.76,4.659999999999999,39130.19,19142.441,0.9613034623217922,,0.0
2023-05-26,4.79,4.72,4.79,4.63,51824.57,25256.15,0.9613034623217922,,0.0
2023-05-29,4.72,4.69,4.76,4.67,48493.9,23768.542,0.9610655737704916,,0.0
2023-05-30,4.69,4.699999999999999,4.739999999999999,4.63,39872.22,19409.35,0.9611451942740286,,0.0
2023-05-31,4.69,4.67,4.75,4.65,49213.9,24042.115,0.9609053497942386,,0.0
2023-06-01,4.71,4.69,4.739999999999999,4.65,46947.23,22981.174,0.9610655737704916,,0.0
2023-06-02,4.69,4.73,4.75,4.67,42422.71,20846.136,0.961382113821138,,0.0
2023-06-05,4.739999999999999,4.699999999999999,4.739999999999999,4.65,51111.0,24905.976,0.9611451942740286,,0.0
2023-06-06,4.72,4.59,4.72,4.59,43716.0,21155.8,0.9602510460251044,,0.0
2023-06-07,4.59,4.71,4.71,4.56,53146.41,25852.064,0.9612244897959182,,0.0
2023-06-08,4.71,4.79,4.8,4.659999999999999,68154.95,33663.954,0.9618473895582328,,0.0
2023-06-09,4.79,4.76,4.79,4.73,44966.06,22273.736,0.9616161616161616,,0.0
2023-06-12,4.77,4.739999999999999,4.77,4.67,54431.63,26725.708,0.9614604462474644,,0.0
2023-06-13,4.73,4.75,4.79,4.72,37855.02,18734.106,0.9615384615384616,,0.0
2023-06-14,4.75,4.71,4.76,4.7,38413.77,18806.606,0.9651639344262296,,0.0
2023-06-15,4.72,4.66,4.74,4.64,53428.84,25851.229,0.9648033126293996,,0.0
2023-06-16,4.66,4.66,4.73,4.62,62531.0,30312.895,0.9648033126293996,,0.0
2023-06-19,4.66,4.49,4.66,4.48,93200.0,43862.057,0.9635193133047212,,0.0
2023-06-20,4.48,4.44,4.5600000000000005,4.42,64991.01,29985.766,0.9631236442516268,,0.0
2023-06-21,4.43,4.37,4.48,4.37,51238.15,23471.027,0.9625550660792952,,0.0
2023-06-26,4.37,4.36,4.38,4.3,67218.53,30374.894,0.9624724061810156,,0.0
2023-06-27,4.33,4.48,4.49,4.33,56392.44,25985.771,0.9634408602150538,,0.0
2023-06-28,4.48,4.5600000000000005,4.5600000000000005,4.43,57912.61,27099.236,0.9640591966173362,,0.0
2023-06-29,4.5600000000000005,4.63,4.65,4.53,53577.26,25621.42,0.9645833333333332,,0.0
2023-06-30,4.63,4.67,4.69,4.63,49054.13,23754.274,0.9648760330578512,,0.0
2023-07-03,4.68,4.76,4.7700000000000005,4.68,74730.38,36680.97,0.9655172413793104,,0.0
2023-07-04,4.74,4.7,4.7700000000000005,4.68,42049.29,20543.529,0.9650924024640656,,0.0
2023-07-05,4.69,4.7,4.73,4.68,37951.0,18500.587,0.9650924024640656,,0.0
2023-07-06,4.68,4.73,4.76,4.68,38737.13,18937.47,0.9653061224489796,,0.0
2023-07-07,4.71,4.74,4.7700000000000005,4.7,33500.91,16430.786,0.9653767820773932,,0.0
2023-07-10,4.74,4.7700000000000005,4.8,4.73,41797.11,20654.419,0.965587044534413,,0.0
2023-07-11,4.78,4.78,4.79,4.71,39029.0,19225.217,0.9656565656565655,,0.0
2023-07-12,4.78,4.71,4.83,4.69,45700.81,22488.264,0.9651639344262296,,0.0
2023-07-13,4.71,4.7700000000000005,4.79,4.7,46560.02,22932.903,0.965587044534413,,0.0
2023-07-14,4.7700000000000005,4.8,4.8,4.73,61728.0,30475.644,0.96579476861167,,0.0
2023-07-17,4.83,4.83,4.85,4.73,75648.0,37593.456,0.966,,0.0
2023-07-18,4.84,4.87,4.88,4.8,85312.28,42844.649,0.9662698412698412,,0.0
2023-07-19,4.88,4.92,4.93,4.86,62476.38,31720.645,0.9666011787819252,,0.0
2023-07-20,4.92,4.89,4.95,4.88,62200.72,31595.527,0.966403162055336,,0.0
2023-07-21,4.9,4.92,4.94,4.87,48361.0,24550.238,0.9666011787819252,,0.0
2023-07-24,4.91,4.92,4.95,4.85,43374.0,22006.33,0.9666011787819252,,0.0
2023-07-25,4.95,5.18,5.43,4.92,379755.8,204112.39,0.9682242990654206,,0.0
2023-07-26,4.98,5.14,5.21,4.94,413731.43,218567.565,0.967984934086629,,0.0
2023-07-27,5.09,5.05,5.15,5.03,204183.99,107066.837,0.9674329501915708,,0.0
2023-07-28,5.09,5.11,5.2,5.04,206064.47,109077.529,0.9678030303030304,,0.0
2023-07-31,5.14,5.17,5.18,5.03,157103.3,83344.941,0.9681647940074908,,0.0
2023-08-01,5.17,5.17,5.21,5.14,118650.0,63423.039,0.9681647940074908,,0.0
2023-08-02,5.17,5.18,5.22,5.13,93885.06,50290.887,0.9682242990654206,,0.0
2023-08-03,5.18,5.24,5.41,5.16,164282.63,88904.009,0.9685767097966728,,0.0
2023-08-04,5.24,5.16,5.32,5.13,145703.57,77917.648,0.9681050656660412,,0.0
2023-08-07,5.12,5.07,5.17,5.04,110285.02,57959.087,0.9675572519083968,,0.0
2023-08-08,5.07,5.0600000000000005,5.11,5.03,58337.0,30527.885,0.9674952198852772,,0.0
2023-08-09,5.03,4.99,5.05,4.97,52559.0,27200.063,0.9670542635658916,,0.0
2023-08-10,4.98,5.0600000000000005,5.0600000000000005,4.98,43856.0,22829.785,0.9674952198852772,,0.0
2023-08-11,5.05,4.99,5.09,4.98,59185.0,30730.426,0.9670542635658916,,0.0
2023-08-14,4.99,5.03,5.03,4.92,50392.82,26014.191,0.9673076923076924,,0.0
2023-08-15,5.01,5.03,5.07,4.97,44435.19,23031.146,0.9673076923076924,,0.0
2023-08-16,5.0200000000000005,5.04,5.1,4.99,60348.22,31488.837,0.9673704414587332,,0.0
2023-08-17,5.03,5.08,5.09,4.97,82388.0,42764.324,0.9676190476190476,,0.0
2023-08-18,5.09,5.03,5.12,5.0200000000000005,69619.19,36473.846,0.9673076923076924,,0.0
2023-08-21,5.04,5.0,5.13,4.99,66137.6,34527.932,0.9671179883945842,,0.0
2023-08-22,5.0200000000000005,5.01,5.05,4.91,69362.02,35711.198,0.9671814671814672,,0.0
2023-08-23,5.01,4.95,5.04,4.92,52117.0,26779.195,0.966796875,,0.0
2023-08-24,4.94,4.87,5.0,4.86,67350.47,34219.204,0.9662698412698412,,0.0
2023-08-25,4.89,4.89,5.0,4.83,73902.4,37630.168,0.966403162055336,,0.0
2023-08-28,5.1,5.08,5.21,5.0200000000000005,168820.3,89448.389,0.9676190476190476,,0.0
2023-08-29,5.04,5.1,5.11,4.99,94894.0,49657.755,0.967741935483871,,0.0
2023-08-30,5.12,4.93,5.12,4.92,93154.0,48038.704,0.9666666666666668,,0.0
2023-08-31,4.95,4.82,4.95,4.8,95794.0,48000.228,0.9659318637274548,,0.0
2023-09-01,4.82,4.86,4.9,4.76,76789.06,38510.0,0.9662027833001988,,0.0
2023-09-04,4.86,5.07,5.1,4.85,124365.5,64698.005,0.9675572519083968,,0.0
2023-09-05,5.07,4.95,5.07,4.93,72973.0,37503.86,0.966796875,,0.0
2023-09-06,4.94,4.9,4.95,4.87,46816.0,23706.35,0.9664694280078896,,0.0
2023-09-07,4.88,4.85,4.91,4.83,51551.82,25965.725,0.9661354581673308,,0.0
2023-09-08,4.83,4.82,4.87,4.8100000000000005,44253.97,22152.265,0.9659318637274548,,0.0
2023-09-11,4.86,5.01,5.03,4.8,113224.14,58007.741,0.9671814671814672,,0.0
2023-09-12,5.0200000000000005,4.91,5.0200000000000005,4.91,68281.96,34852.763,0.9665354330708662,,0.0
2023-09-13,4.9,4.99,5.05,4.9,89307.04,45981.058,0.9670542635658916,,0.0
2023-09-14,4.97,4.99,5.01,4.93,65433.0,33622.586,0.9670542635658916,,0.0
2023-09-15,4.99,5.04,5.07,4.96,100299.04,52126.713,0.9673704414587332,,0.0
2023-09-18,5.04,5.05,5.0600000000000005,4.96,76614.59,39686.419,0.9674329501915708,,0.0
2023-09-19,5.04,5.11,5.15,5.0,111344.77,58779.437,0.9678030303030304,,0.0
2023-09-20,5.0600000000000005,5.0,5.09,4.98,84762.0,44029.795,0.9671179883945842,,0.0
2023-09-21,5.0,4.99,5.05,4.96,62706.02,32394.353,0.9670542635658916,,0.0
2023-09-22,4.95,4.99,5.01,4.93,61522.11,31657.192,0.9670542635658916,,0.0
2023-09-25,4.99,5.01,5.0600000000000005,4.97,56936.0,29551.047,0.9671814671814672,,0.0
2023-09-26,5.03,5.0200000000000005,5.0600000000000005,4.97,52634.05,27308.504,0.9672447013487476,,0.0
2023-09-27,5.0,4.98,5.04,4.98,47970.0,24819.652,0.966990291262136,,0.0
2023-09-28,5.01,5.0600000000000005,5.11,4.98,72678.02,37915.743,0.9674952198852772,,0.0
2023-10-09,5.05,4.9,5.08,4.88,79361.02,40496.263,0.9664694280078896,,0.0
2023-10-10,4.93,4.86,5.0,4.84,56795.16,28768.57,0.9662027833001988,,0.0
2023-10-11,4.9,4.8,4.9,4.76,69642.15,34590.59,0.96579476861167,,0.0
2023-10-12,4.83,4.88,4.89,4.79,39204.01,19648.345,0.9663366336633664,,0.0
2023-10-13,4.89,4.76,4.89,4.74,50490.0,24955.258,0.9655172413793104,,0.0
2023-10-16,4.76,4.79,4.83,4.72,45385.24,22448.225,0.9657258064516128,,0.0
2023-10-17,4.78,4.8100000000000005,4.87,4.78,39794.1,19847.473,0.9658634538152612,,0.0
2023-10-18,4.79,4.69,4.8100000000000005,4.68,49381.0,24136.723,0.9650205761316872,,0.0
2023-10-19,4.67,4.67,4.74,4.61,37904.0,18387.036,0.9648760330578512,,0.0
2023-10-20,4.67,4.66,4.71,4.63,31389.04,15191.132,0.9648033126293996,,0.0
2023-10-23,4.65,4.59,4.68,4.53,50260.77,24016.481,0.9642857142857144,,0.0
2023-10-24,4.6,4.8,4.8100000000000005,4.6,63427.86,31178.425,0.96579476861167,,0.0
2023-10-25,4.86,4.94,4.97,4.82,82814.03,42099.186,0.9667318982387476,,0.0
2023-10-26,4.97,4.98,4.99,4.88,55593.0,28379.857,0.966990291262136,,0.0
2023-10-27,4.99,5.08,5.1,4.96,80987.84,42364.136,0.9676190476190476,,0.0
2023-10-30,5.08,5.04,5.14,5.03,89319.34,46793.224,0.9673704414587332,,0.0
2023-10-31,5.05,5.08,5.09,5.0200000000000005,57319.44,29953.523,0.9676190476190476,,0.0
2023-11-01,5.08,5.07,5.11,5.01,63809.0,33494.974,0.9675572519083968,,0.0
2023-11-02,5.11,5.05,5.11,5.04,56964.0,29835.298,0.9674329501915708,,0.0
2023-11-03,5.07,5.01,5.09,4.99,54173.18,28225.966,0.9671814671814672,,0.0
2023-11-06,5.0200000000000005,5.0200000000000005,5.0600000000000005,4.98,76283.12,39581.96,0.9672447013487476,,0.0
2023-11-07,5.05,5.0600000000000005,5.08,5.0,48068.99,25045.738,0.9674952198852772,,0.0
2023-11-08,5.0600000000000005,5.09,5.1,5.04,51852.9,27182.875,0.967680608365019,,0.0
2023-11-09,5.05,5.04,5.09,5.01,52230.27,27240.213,0.9673704414587332,,0.0
2023-11-10,5.0600000000000005,5.09,5.11,4.99,62391.0,32601.461,0.967680608365019,,0.0
2023-11-13,5.13,5.21,5.23,5.09,113134.48,60445.422,0.9684014869888476,,0.0
2023-11-14,5.23,5.16,5.23,5.1,69971.19,37224.441,0.9681050656660412,,0.0
2023-11-15,5.18,5.1,5.18,5.08,56766.62,29990.025,0.967741935483871,,0.0
2023-11-16,5.11,5.1,5.13,5.07,46361.78,24432.168,0.967741935483871,,0.0
2023-11-17,5.09,5.11,5.13,5.0600000000000005,47007.35,24789.48,0.9678030303030304,,0.0
2023-11-20,5.13,5.17,5.18,5.1,49040.18,26118.631,0.9681647940074908,,0.0
2023-11-21,5.17,5.21,5.3100000000000005,5.14,83829.31,45388.694,0.9684014869888476,,0.0
2023-11-22,5.21,5.28,5.3100000000000005,5.18,139992.96,76149.148,0.9688073394495412,,0.0
2023-11-23,5.3,5.36,5.38,5.25,180049.32,99152.339,0.969258589511754,,0.0
2023-11-24,5.34,5.3100000000000005,5.41,5.28,119667.94,65911.144,0.9689781021897812,,0.0
2023-11-27,5.3,5.24,5.3,5.21,96999.0,52559.516,0.9685767097966728,,0.0
2023-11-28,5.22,5.29,5.32,5.22,72833.25,39733.019,0.9688644688644688,,0.0
2023-11-29,5.29,5.26,5.34,5.23,54676.04,29779.472,0.9686924493554327,,0.0
2023-11-30,5.26,5.2700000000000005,5.32,5.22,59752.04,32500.196,0.96875,,0.0
2023-12-01,5.2700000000000005,5.33,5.38,5.26,82357.84,45339.913,0.9690909090909092,,0.0
2023-12-04,5.37,5.5200000000000005,5.59,5.35,161802.42,91346.094,0.9701230228471002,,0.0
2023-12-05,5.51,5.45,5.64,5.43,196680.55,112007.919,0.9697508896797152,,0.0
2023-12-06,5.41,5.49,5.53,5.38,131213.8,74069.145,0.969964664310954,,0.0
2023-12-07,5.49,5.44,5.5200000000000005,5.39,103224.48,57879.039,0.9696969696969696,,0.0
2023-12-08,5.44,5.29,5.47,5.28,99018.84,54690.207,0.9688644688644688,,0.0
2023-12-11,5.26,5.38,5.4,5.22,119389.65,65612.726,0.9693693693693692,,0.0
2023-12-12,5.41,5.57,5.62,5.32,140602.34,79366.955,0.970383275261324,,0.0
2023-12-13,5.55,5.62,6.0,5.54,390845.55,229246.819,0.9706390328151986,,0.0
2023-12-14,5.63,5.66,5.8,5.63,288012.17,168484.388,0.9708404802744426,,0.0
2023-12-15,5.66,5.68,5.7700000000000005,5.61,265232.5,155425.095,0.9709401709401708,,0.0
2023-12-18,5.64,5.6,5.71,5.55,194895.0,112665.614,0.9705372616984402,,0.0
2023-12-19,5.59,5.5600000000000005,5.63,5.44,144927.54,82642.383,0.9703315881326352,,0.0
2023-12-20,5.55,5.5,5.58,5.48,112067.01,63945.017,0.9700176366843034,,0.0
2023-12-21,5.46,5.5600000000000005,5.58,5.39,126206.57,71471.279,0.9703315881326352,,0.0
2023-12-22,5.5600000000000005,5.45,5.61,5.41,126165.55,71419.774,0.9697508896797152,,0.0
2023-12-25,5.48,5.37,5.48,5.23,130324.64,71507.75,0.9693140794223828,,0.0
2023-12-26,5.39,5.24,5.39,5.22,89231.13,48774.306,0.9685767097966728,,0.0
2023-12-27,5.26,5.32,5.35,5.24,68681.0,37479.824,0.9690346083788708,,0.0
2023-12-28,5.39,5.3100000000000005,5.41,5.25,98674.44,54168.546,0.9689781021897812,,0.0
2023-12-29,5.3100000000000005,5.28,5.33,5.22,92533.04,50358.282,0.9688073394495412,,0.0
2024-01-02,5.29,5.44,5.48,5.2700000000000005,141680.83,79149.778,0.9696969696969696,,0.0
2024-01-03,5.42,5.5,5.53,5.4,130357.49,73698.75,0.9700176366843034,,0.0
2024-01-04,5.49,5.57,5.58,5.47,105219.42,60033.991,0.970383275261324,,0.0
2024-01-05,5.55,5.49,5.59,5.43,103023.07,58494.13,0.969964664310954,,0.0
2024-01-08,5.46,5.35,5.49,5.34,87926.41,49070.425,0.9692028985507246,,0.0
2024-01-09,5.36,5.5,5.51,5.35,105511.23,59194.854,0.9700176366843034,,0.0
2024-01-10,5.48,5.46,5.5,5.36,106830.9,59799.586,0.9698046181172292,,0.0
2024-01-11,5.43,5.29,5.43,5.28,144842.54,79664.528,0.9688644688644688,,0.0
2024-01-12,5.32,5.29,5.43,5.29,117835.26,65276.133,0.9688644688644688,,0.0
2024-01-15,5.25,5.33,5.39,5.25,94020.0,51884.56,0.9690909090909092,,0.0
2024-01-16,5.33,5.29,5.46,5.2,121250.06,66117.187,0.9688644688644688,,0.0
2024-01-17,5.28,5.21,5.38,5.2,89718.0,49019.797,0.9684014869888476,,0.0
2024-01-18,5.17,5.07,5.2,4.94,116255.17,60562.792,0.9675572519083968,,0.0
2024-01-19,5.09,5.0,5.11,4.98,74831.03,38895.175,0.9671179883945842,,0.0
2024-01-22,4.98,4.62,5.01,4.59,122549.13,60597.751,0.9645093945720252,,0.0
2024-01-23,4.61,4.58,4.66,4.43,134364.15,62950.352,0.9642105263157896,,0.0
2024-01-24,4.59,4.82,4.84,4.53,154224.53,74880.709,0.9659318637274548,,0.0
2024-01-25,4.86,5.17,5.18,4.86,259182.42,135327.112,0.9681647940074908,,0.0
2024-01-26,5.14,5.32,5.41,5.1,239974.51,130826.119,0.9690346083788708,,0.0
2024-01-29,5.3100000000000005,5.17,5.4,5.12,145885.01,78956.195,0.9681647940074908,,0.0
2024-01-30,5.12,4.92,5.2,4.89,151171.98,78584.816,0.9666011787819252,,0.0
2024-01-31,5.18,4.76,5.2,4.74,309922.0,159248.056,0.9655172413793104,,0.0
2024-02-01,4.75,4.62,4.78,4.49,214962.06,103181.779,0.9645093945720252,,0.0
2024-02-02,4.61,4.42,4.78,4.23,211612.06,99371.735,0.962962962962963,,0.0
2024-02-05,4.34,3.96,4.34,3.96,222300.01,92660.583,0.9588377723970944,,0.0
2024-02-06,3.59,3.66,3.86,3.5500000000000003,355376.99,134795.219,0.9556135770234988,,0.0
2024-02-07,3.69,3.3200000000000003,3.73,3.28,433318.42,155619.077,0.9512893982808024,,0.0
2024-02-08,3.33,3.65,3.67,3.21,367763.15,133292.325,0.9554973821989527,,0.0
2024-02-19,3.71,4.03,4.03,3.69,235174.1,95643.397,0.9595238095238096,,0.0
2024-02-20,3.93,3.91,3.95,3.82,362855.05,147005.676,0.9583333333333334,,0.0
2024-02-21,3.88,3.95,4.08,3.82,297582.73,123214.207,0.95873786407767,,0.0
2024-02-22,3.93,4.05,4.05,3.91,198141.53,82541.634,0.9597156398104264,,0.0
2024-02-23,4.0600000000000005,4.17,4.18,4.04,217051.57,92835.385,0.9608294930875576,,0.0
2024-02-26,4.18,4.2,4.32,4.11,227705.1,99481.945,0.9610983981693364,,0.0
2024-02-27,4.18,4.3100000000000005,4.3100000000000005,4.17,147899.51,65495.789,0.9620535714285714,,0.0
2024-02-28,4.3100000000000005,3.96,4.41,3.96,258194.89,112631.927,0.9588377723970944,,0.0
2024-02-29,3.89,4.07,4.07,3.83,188442.56,78736.795,0.9599056603773584,,0.0
2024-03-01,4.1,4.11,4.12,4.01,144012.0,60998.813,0.9602803738317756,,0.0
2024-03-04,4.13,4.1,4.15,3.99,111496.0,47186.858,0.9601873536299766,,0.0
2024-03-05,4.08,4.0200000000000005,4.09,4.0,80387.0,33806.262,0.9594272076372315,,0.0
2024-03-06,4.01,4.0600000000000005,4.1,3.97,85081.01,35847.744,0.9598108747044918,,0.0
2024-03-07,4.0600000000000005,4.1,4.15,4.04,137676.31,58862.659,0.9601873536299766,,0.0
2024-03-08,4.09,4.08,4.1,4.0200000000000005,91882.65,38896.183,0.96,,0.0
2024-03-11,4.09,4.15,4.15,4.0600000000000005,105698.02,45158.221,0.960648148148148,,0.0
2024-03-12,4.16,4.24,4.25,4.12,123558.58,53945.447,0.9614512471655328,,0.0
2024-03-13,4.24,4.24,4.28,4.15,87559.0,38444.865,0.9614512471655328,,0.0
2024-03-14,4.22,4.2700000000000005,4.3,4.19,105869.31,46928.21,0.9617117117117118,,0.0
2024-03-15,4.2700000000000005,4.32,4.32,4.24,67556.0,30077.633,0.9621380846325168,,0.0
2024-03-18,4.33,4.43,4.51,4.32,162441.66,74541.932,0.9630434782608696,,0.0
2024-03-19,4.39,4.47,4.57,4.38,173121.9,80278.162,0.9633620689655172,,0.0
2024-03-20,4.42,4.5,4.5,4.39,127902.57,59170.311,0.9635974304068524,,0.0
2024-03-21,4.61,4.5,4.66,4.45,156120.37,73564.201,0.9635974304068524,,0.0
2024-03-22,4.46,4.44,4.5200000000000005,4.36,142473.04,65555.894,0.9631236442516268,,0.0
2024-03-25,4.43,4.33,4.45,4.32,139075.2,63309.325,0.9622222222222222,,0.0
2024-03-26,4.35,4.37,4.4,4.25,110342.1,49679.867,0.9625550660792952,,0.0
2024-03-27,4.38,4.26,4.43,4.25,102242.91,46087.861,0.9616252821670428,,0.0
2024-03-28,4.25,4.33,4.38,4.23,98920.0,44378.858,0.9622222222222222,,0.0
2024-03-29,4.34,4.55,4.5600000000000005,4.32,175466.02,81105.851,0.9639830508474576,,0.0
2024-04-01,4.6,4.55,4.61,4.48,122942.03,57629.564,0.9639830508474576,,0.0
2024-04-02,4.55,4.6,4.6,4.5200000000000005,124760.78,59021.264,0.9643605870020964,,0.0
2024-04-03,4.68,4.62,4.73,4.54,194817.01,93089.275,0.9645093945720252,,0.0
2024-04-08,4.71,4.55,4.71,4.54,184700.02,88655.187,0.9639830508474576,,0.0
2024-04-09,4.5,4.59,4.61,4.49,97534.02,46193.136,0.9642857142857144,,0.0
2024-04-10,4.5600000000000005,4.49,4.6,4.43,96035.02,44893.56,0.9635193133047212,,0.0
2024-04-11,4.44,4.51,4.57,4.42,86858.0,40764.568,0.9636752136752136,,0.0
2024-04-12,4.51,4.53,4.61,4.5,98580.74,46506.902,0.9638297872340426,,0.0
2024-04-15,4.54,4.39,4.6,4.24,167112.95,76289.796,0.962719298245614,,0.0
2024-04-16,4.32,3.93,4.35,3.93,209489.19,87895.932,0.9585365853658536,,0.0
2024-04-17,3.93,4.25,4.25,3.92,178639.14,77155.431,0.9615384615384616,,0.0
2024-04-18,4.25,4.14,4.29,4.14,134162.42,58372.516,0.9605568445475638,,0.0
2024-04-19,4.13,4.12,4.23,4.08,95890.8,41343.808,0.9603729603729604,,0.0
2024-04-22,4.08,4.09,4.17,3.98,110242.2,46906.489,0.960093896713615,,0.0
2024-04-23,4.07,4.2,4.23,4.0600000000000005,109847.0,47714.392,0.9610983981693364,,0.0
2024-04-24,4.2,4.2700000000000005,4.32,4.18,90387.01,40142.066,0.9617117117117118,,0.0
2024-04-25,4.2700000000000005,4.34,4.37,4.2700000000000005,80831.18,36356.312,0.9623059866962306,,0.0
2024-04-26,4.3100000000000005,4.35,4.36,4.26,124059.97,55607.483,0.9623893805309734,,0.0
2024-04-29,4.4,4.47,4.54,4.26,222874.2,102271.408,0.9633620689655172,,0.0
2024-04-30,4.42,4.45,4.51,4.33,182862.19,83698.912,0.9632034632034632,,0.0
2024-05-06,4.48,4.53,4.55,4.45,150127.28,70131.004,0.9638297872340426,,0.0
2024-05-07,4.53,4.5200000000000005,4.53,4.42,134946.0,62687.97,0.9637526652452024,,0.0
2024-05-08,4.51,4.43,4.5200000000000005,4.41,104074.17,48216.964,0.9630434782608696,,0.0
2024-05-09,4.42,4.49,4.5200000000000005,4.42,119555.81,55686.102,0.9635193133047212,,0.0
2024-05-10,4.5200000000000005,4.51,4.5600000000000005,4.43,106723.0,49729.357,0.9636752136752136,,0.0
2024-05-13,4.45,4.44,4.47,4.39,114026.01,52550.762,0.9631236442516268,,0.0
2024-05-14,4.43,4.5,4.51,4.43,82133.0,38254.843,0.9635974304068524,,0.0
2024-05-15,4.48,4.46,4.53,4.45,71253.01,33217.641,0.9632829373650108,,0.0
2024-05-16,4.47,4.71,4.91,4.46,384315.82,186473.472,0.9651639344262296,,0.0
2024-05-17,4.7,4.64,4.73,4.47,351718.97,167348.702,0.9646569646569648,,0.0
2024-05-20,4.6,4.5600000000000005,4.65,4.5200000000000005,239850.8,113663.012,0.9640591966173362,,0.0
2024-05-21,4.51,4.49,4.5600000000000005,4.46,150492.36,70227.208,0.9635193133047212,,0.0
2024-05-22,4.48,4.51,4.59,4.48,157245.0,74000.493,0.9636752136752136,,0.0
2024-05-23,4.48,4.3100000000000005,4.48,4.29,171996.0,77855.703,0.9620535714285714,,0.0
2024-05-24,4.3100000000000005,4.35,4.43,4.3100000000000005,108315.02,49219.054,0.9623893805309734,,0.0
2024-05-27,4.35,4.34,4.39,4.28,83303.99,37319.292,0.9623059866962306,,0.0
2024-05-28,4.36,4.3,4.36,4.28,79684.02,35736.889,0.9619686800894854,,0.0
2024-05-29,4.29,4.2700000000000005,4.35,4.25,84731.12,37843.691,0.9617117117117118,,0.0
2024-05-30,4.26,4.21,4.28,4.17,80551.07,35391.976,0.9611872146118722,,0.0
2024-05-31,4.22,4.25,4.2700000000000005,4.2,61464.27,27059.02,0.9615384615384616,,0.0
2024-06-03,4.24,4.14,4.24,4.07,87191.11,37642.6,0.9605568445475638,,0.0
2024-06-04,4.12,4.09,4.12,4.03,70077.92,29718.16,0.960093896713615,,0.0
2024-06-05,4.08,3.99,4.1,3.99,77070.01,32497.345,0.9591346153846154,,0.0
2024-06-06,3.99,3.85,4.03,3.8,120625.0,48953.044,0.9577114427860696,,0.0
2024-06-07,3.87,4.04,4.05,3.87,114640.7,47564.607,0.9596199524940616,,0.0
2024-06-11,4.05,3.98,4.0600000000000005,3.92,72133.0,29823.834,0.9590361445783132,,0.0
2024-06-12,3.98,4.0200000000000005,4.04,3.95,62670.77,26216.309,0.9594272076372315,,0.0
2024-06-13,4.05,3.98,4.08,3.95,63282.06,25845.396,0.9802955665024632,,0.0
2024-06-14,3.99,3.99,4.01,3.92,48815.66,19782.906,0.9803439803439804,,0.0
2024-06-17,3.98,3.94,4.02,3.94,66824.37,27081.566,0.9800995024875622,,0.0
2024-06-18,3.93,3.99,4.0,3.93,50269.12,20360.78,0.9803439803439804,,0.0
2024-06-19,4.0,4.01,4.04,3.99,46558.01,19080.124,0.980440097799511,,0.0
2024-06-20,4.01,3.96,4.04,3.95,48620.0,19754.13,0.9801980198019802,,0.0
2024-06-21,3.95,3.99,4.01,3.92,40752.98,16568.19,0.9803439803439804,,0.0
2024-06-24,3.96,3.78,3.97,3.77,80310.02,31449.177,0.9792746113989635,,0.0
2024-06-25,3.8,3.87,3.93,3.76,62421.02,24583.032,0.979746835443038,,0.0
2024-06-26,3.86,3.95,3.96,3.79,62096.15,24650.689,0.98014888337469,,0.0
2024-06-27,3.92,3.89,3.98,3.87,51457.0,20592.132,0.9798488664987406,,0.0
2024-06-28,3.87,3.94,3.98,3.87,59245.8,23810.86,0.9800995024875622,,0.0
2024-07-01,3.95,3.99,4.0,3.93,40930.0,16584.434,0.9803439803439804,,0.0
2024-07-02,3.97,4.04,4.07,3.97,63051.57,25973.641,0.9805825242718448,,0.0
2024-07-03,4.02,4.0,4.07,3.99,35309.0,14507.524,0.9803921568627452,,0.0
2024-07-04,4.0,3.88,4.02,3.86,61499.8,24639.445,0.9797979797979798,,0.0
2024-07-05,3.86,3.93,3.94,3.84,52085.23,20791.878,0.9800498753117208,,0.0
2024-07-08,3.94,3.82,3.95,3.81,46289.8,18195.635,0.9794871794871794,,0.0
2024-07-09,3.8,3.86,3.87,3.71,55984.85,21719.458,0.9796954314720812,,0.0
2024-07-10,3.86,3.8,3.87,3.8,41343.0,16158.094,0.979381443298969,,0.0
2024-07-11,3.83,3.91,3.93,3.83,64027.97,25439.182,0.9799498746867168,,0.0
2024-07-12,3.92,3.93,3.98,3.9,57988.06,23296.076,0.9800498753117208,,0.0
2024-07-15,3.94,3.9,3.94,3.85,61749.24,24441.045,0.9798994974874372,,0.0
2024-07-16,3.88,3.88,3.89,3.84,43238.0,17044.761,0.9797979797979798,,0.0
2024-07-17,3.87,3.83,3.88,3.82,43762.0,17150.366,0.979539641943734,,0.0
2024-07-18,3.82,3.87,3.87,3.73,57462.96,22300.109,0.979746835443038,,0.0
2024-07-19,3.85,3.83,3.88,3.81,38363.75,15037.386,0.979539641943734,,0.0
2024-07-22,3.83,3.84,3.84,3.8,31089.02,12128.512,0.979591836734694,,0.0
2024-07-23,3.84,3.9,4.04,3.83,115010.15,46192.548,0.9798994974874372,,0.0
2024-07-24,3.87,3.78,3.88,3.78,95327.13,37119.376,0.9792746113989635,,0.0
2024-07-25,3.74,3.97,4.17,3.74,332925.92,137120.288,0.9802469135802468,,0.0
2024-07-26,3.92,3.93,3.99,3.84,255719.35,102166.152,0.9800498753117208,,0.0
2024-07-29,3.94,4.06,4.12,3.92,235713.37,97201.504,0.9806763285024156,,0.0
2024-07-30,4.04,4.06,4.11,3.99,162694.85,67266.157,0.9806763285024156,,0.0
2024-07-31,4.04,4.2,4.25,4.04,218870.76,93043.809,0.9813084112149532,,0.0
2024-08-01,4.14,4.16,4.21,4.12,145065.96,61511.877,0.981132075471698,,0.0
2024-08-02,4.14,4.11,4.19,4.11,107615.14,45540.109,0.98090692124105,,0.0
2024-08-05,4.09,4.11,4.2,4.06,139993.0,58936.816,0.98090692124105,,0.0
2024-08-06,4.11,4.1,4.13,4.05,95133.01,39607.478,0.9808612440191388,,0.0
2024-08-07,4.1,4.12,4.14,4.08,63320.0,26547.009,0.9809523809523808,,0.0
2024-08-08,4.1,4.13,4.14,4.06,60031.0,25149.614,0.9809976247030878,,0.0
2024-08-09,4.12,4.11,4.16,4.09,63509.0,26720.752,0.98090692124105,,0.0
2024-08-12,4.1,4.06,4.11,4.05,59024.0,24503.162,0.9806763285024156,,0.0
2024-08-13,4.03,4.07,4.08,3.98,50606.06,20825.597,0.980722891566265,,0.0
2024-08-14,4.07,4.05,4.09,4.04,32631.0,13522.383,0.980629539951574,,0.0
2024-08-15,4.06,4.07,4.09,4.01,53422.85,22131.774,0.980722891566265,,0.0
2024-08-16,4.08,4.0,4.09,3.99,63857.59,26289.163,0.9803921568627452,,0.0
2024-08-19,4.0,4.02,4.07,3.97,49193.49,20134.07,0.9804878048780488,,0.0
2024-08-20,4.0,3.95,4.03,3.93,54618.5,22111.822,0.98014888337469,,0.0
2024-08-21,3.96,3.95,3.99,3.94,34744.06,14032.296,0.98014888337469,,0.0
2024-08-22,3.95,3.9,3.97,3.9,37453.52,15047.453,0.9798994974874372,,0.0
2024-08-23,3.9,3.87,3.91,3.82,51911.67,20444.867,0.979746835443038,,0.0
2024-08-26,3.87,3.95,3.95,3.82,50711.13,20200.621,0.98014888337469,,0.0
2024-08-27,3.95,3.91,3.98,3.89,49671.7,19928.562,0.9799498746867168,,0.0
2024-08-28,3.91,3.95,4.0,3.89,43563.84,17535.997,0.98014888337469,,0.0
2024-08-29,3.95,3.97,3.99,3.9,49502.66,19949.511,0.9802469135802468,,0.0
2024-08-30,4.02,4.03,4.06,3.97,88151.16,36090.482,0.9805352798053528,,0.0
2024-09-02,4.0,3.98,4.06,3.98,65131.42,26636.399,0.9802955665024632,,0.0
2024-09-03,3.97,3.99,4.01,3.96,36325.72,14754.52,0.9803439803439804,,0.0
2024-09-04,3.98,3.95,3.99,3.94,33690.0,13631.971,0.98014888337469,,0.0
2024-09-05,3.92,3.98,3.99,3.92,29113.0,11784.943,0.9802955665024632,,0.0
2024-09-06,4.0,3.93,4.02,3.93,43459.68,17631.763,0.9800498753117208,,0.0
2024-09-09,3.92,3.99,4.02,3.88,63190.01,25578.648,0.9803439803439804,,0.0
2024-09-10,3.99,3.98,4.02,3.91,48405.01,19580.427,0.9802955665024632,,0.0
2024-09-11,3.96,3.88,3.96,3.87,45818.0,18270.384,0.9797979797979798,,0.0
2024-09-12,3.89,3.9,3.92,3.88,29887.0,11899.535,0.9798994974874372,,0.0
2024-09-13,3.89,3.92,3.93,3.87,37214.12,14827.312,0.98,,0.0
2024-09-18,3.89,3.84,3.91,3.78,57905.42,22698.82,0.979591836734694,,0.0
2024-09-19,3.86,3.95,3.95,3.84,70666.0,28230.923,0.98014888337469,,0.0
2024-09-20,3.94,3.94,3.94,3.89,36909.1,14776.0,0.9800995024875622,,0.0
2024-09-23,3.93,3.96,3.96,3.91,35685.05,14359.924,0.9801980198019802,,0.0
2024-09-24,3.97,4.06,4.07,3.96,85086.0,34980.006,0.9806763285024156,,0.0
2024-09-25,4.47,4.47,4.47,4.47,114396.68,52050.489,0.9824175824175824,,0.0
2024-09-26,4.42,4.64,4.9,4.27,590908.26,270259.461,0.983050847457627,,0.0
2024-09-27,4.61,4.78,4.89,4.51,516265.85,245881.936,0.9835390946502056,,0.0
2024-09-30,5.09,5.12,5.2,4.8,530361.01,270025.759,0.9846153846153846,,0.0
2024-10-08,5.61,5.36,5.61,4.94,546560.82,292541.299,0.9852941176470588,,0.0
2024-10-09,5.12,4.82,5.14,4.82,267013.75,134566.159,0.9836734693877552,,0.0
2024-10-10,4.78,4.76,4.92,4.64,186016.01,90559.533,0.9834710743801652,,0.0
2024-10-11,4.76,4.68,4.86,4.66,132694.71,64055.622,0.9831932773109244,,0.0
2024-10-14,4.65,4.77,4.83,4.65,116111.04,55933.648,0.9835051546391752,,0.0
2024-10-15,4.73,4.64,4.78,4.63,123646.63,59190.529,0.983050847457627,,0.0
2024-10-16,4.6,4.68,4.71,4.57,104759.72,49717.823,0.9831932773109244,,0.0
2024-10-17,4.73,4.62,4.77,4.61,106088.36,50642.35,0.9829787234042552,,0.0
2024-10-18,4.6,4.69,4.75,4.57,160244.77,75839.741,0.9832285115303984,,0.0
2024-10-21,4.69,4.68,4.73,4.67,95047.78,45363.102,0.9831932773109244,,0.0
2024-10-22,4.69,4.8,4.83,4.68,130935.29,63582.68,0.9836065573770492,,0.0
2024-10-23,4.81,4.8,4.87,4.76,122279.4,59770.921,0.9836065573770492,,0.0
2024-10-24,4.8,4.8,4.81,4.75,76603.27,37248.307,0.9836065573770492,,0.0
2024-10-25,4.79,4.87,4.93,4.79,121924.16,60208.281,0.9838383838383838,,0.0
2024-10-28,4.88,5.05,5.05,4.88,172384.14,87591.772,0.9844054580896686,,0.0
2024-10-29,5.05,4.92,5.07,4.89,187351.2,94702.47,0.984,,0.0
2024-10-30,4.94,4.91,4.94,4.83,121236.13,60266.975,0.9839679358717436,,0.0
2024-10-31,4.91,4.98,5.0,4.91,124207.16,62702.944,0.984189723320158,,0.0
2024-11-01,4.95,4.86,4.98,4.83,124460.1,61967.256,0.9838056680161944,,0.0
2024-11-04,4.86,4.91,4.92,4.85,93027.75,46114.13,0.9839679358717436,,0.0
2024-11-05,4.92,5.01,5.02,4.91,148825.59,75210.453,0.9842829076620824,,0.0
2024-11-06,5.05,5.02,5.07,4.96,164624.39,83739.654,0.984313725490196,,0.0
2024-11-07,5.04,5.16,5.16,4.98,192184.61,99589.993,0.9847328244274808,,0.0
2024-11-08,5.22,5.07,5.26,5.05,167101.3,86882.177,0.9844660194174756,,0.0
2024-11-11,5.1,5.22,5.26,5.04,215785.31,113122.785,0.9849056603773584,,0.0
2024-11-12,5.21,5.16,5.36,5.11,187602.67,99435.247,0.9847328244274808,,0.0
2024-11-13,5.14,5.18,5.22,5.05,186971.36,97276.853,0.9847908745247148,,0.0
2024-11-14,5.19,5.07,5.21,5.05,130108.01,67961.138,0.9844660194174756,,0.0
2024-11-15,5.07,5.01,5.15,4.98,106518.19,54936.657,0.9842829076620824,,0.0
2024-11-18,5.03,5.0,5.16,4.97,155989.18,80271.326,0.984251968503937,,0.0
2024-11-19,5.02,5.07,5.07,4.93,98435.78,50086.132,0.9844660194174756,,0.0
2024-11-20,5.09,5.14,5.15,5.08,112281.54,58400.802,0.9846743295019156,,0.0
2024-11-21,5.13,5.2,5.23,5.1,121020.56,63564.511,0.9848484848484848,,0.0
2024-11-22,5.22,5.73,5.73,5.18,560152.75,314238.204,0.9862306368330463,,0.0
2024-11-25,6.12,6.31,6.31,5.96,311356.08,195478.224,0.9874804381846636,,0.0
2024-11-26,6.87,5.91,6.95,5.79,1343965.11,899841.865,0.986644407345576,,0.0
2024-11-27,5.31,5.76,6.03,5.31,801004.79,456951.689,0.9863013698630136,,0.0
2024-11-28,5.75,5.55,5.96,5.5,594507.89,339267.684,0.9857904085257548,,0.0
2024-11-29,5.67,5.61,5.87,5.53,472447.88,270844.66,0.9859402460456942,,0.0
2024-12-02,5.57,5.73,5.78,5.55,411836.15,236489.473,0.9862306368330463,,0.0
2024-12-03,5.73,5.9,5.95,5.64,454165.78,267934.071,0.9866220735785952,,0.0
2024-12-04,5.88,5.95,6.21,5.75,560182.9,341632.824,0.9867330016583749,,0.0
2024-12-05,5.91,5.87,5.97,5.82,307986.91,183245.356,0.9865546218487394,,0.0
2024-12-06,5.89,5.83,5.96,5.77,278857.53,164619.431,0.9864636209813876,,0.0
2024-12-09,5.82,5.79,5.87,5.72,190725.6,111998.548,0.9863713798977852,,0.0
2024-12-10,5.94,5.9,6.02,5.81,280561.7,167420.254,0.9866220735785952,,0.0
2024-12-11,5.85,5.97,5.97,5.84,212228.37,127503.329,0.9867768595041322,,0.0
2024-12-12,5.96,6.07,6.07,5.91,196317.55,119384.325,0.9869918699186992,,0.0
2024-12-13,6.06,5.91,6.13,5.9,212704.1,129420.751,0.986644407345576,,0.0
2024-12-16,5.93,5.98,6.05,5.91,155925.49,94459.356,0.9867986798679867,,0.0
2024-12-17,5.96,5.66,5.98,5.63,200173.55,116531.832,0.9860627177700348,,0.0
2024-12-18,5.67,5.61,5.71,5.53,113563.0,64812.911,0.9859402460456942,,0.0
2024-12-19,5.58,5.52,5.62,5.46,118930.51,66589.875,0.9857142857142857,,0.0
2024-12-20,5.52,5.53,5.58,5.47,87699.04,49321.281,0.9857397504456328,,0.0
2024-12-23,5.54,5.19,5.58,5.17,175095.0,94119.885,0.9848197343453512,,0.0
2024-12-24,5.32,5.27,5.36,5.16,127873.02,68001.502,0.9850467289719624,,0.0
2024-12-25,5.22,5.12,5.26,5.0,125202.5,64890.256,0.9846153846153846,,0.0
2024-12-26,5.11,5.13,5.2,5.07,90652.1,47362.239,0.9846449136276392,,0.0
2024-12-27,5.12,5.26,5.29,5.12,106573.52,56658.681,0.9850187265917604,,0.0
2024-12-30,5.2,5.15,5.22,5.09,100659.41,52474.007,0.9847036328871892,,0.0
2024-12-31,5.15,5.07,5.21,5.06,90026.23,46875.467,0.9844660194174756,,0.0
2025-01-02,5.07,5.05,5.21,5.0,118564.03,61593.627,0.9844054580896686,,0.0
2025-01-03,5.07,4.84,5.12,4.81,133856.01,67142.668,0.983739837398374,,0.0
2025-01-06,4.8,4.8,4.84,4.61,88347.23,42745.816,0.9836065573770492,,0.0
2025-01-07,4.79,4.9,4.9,4.77,75236.23,36900.631,0.9839357429718876,,0.0
2025-01-08,4.9,4.9,4.96,4.77,67065.19,33189.339,0.9839357429718876,,0.0
2025-01-09,4.88,4.91,4.93,4.83,49532.0,24666.737,0.9839679358717436,,0.0
2025-01-10,4.89,4.76,4.92,4.74,59906.0,29467.839,0.9834710743801652,,0.0
2025-01-13,4.72,4.79,4.83,4.59,64333.09,30907.094,0.9835728952772074,,0.0
2025-01-14,4.82,5.0,5.0,4.82,93502.01,46952.125,0.984251968503937,,0.0
2025-01-15,5.02,5.04,5.08,4.96,75060.04,38332.221,0.984375,,0.0
2025-01-16,5.04,5.09,5.12,5.02,75056.0,38715.817,0.9845261121856866,,0.0
2025-01-17,5.07,5.08,5.1,5.0,57418.0,29512.506,0.9844961240310076,,0.0
2025-01-20,5.09,5.17,5.2,5.06,68547.3,35792.028,0.9847619047619048,,0.0
2025-01-21,5.2,5.1,5.21,5.05,57209.0,29713.03,0.9845559845559846,,0.0
2025-01-22,5.09,5.06,5.1,5.02,59535.3,30562.457,0.9844357976653696,,0.0
2025-01-23,5.11,5.1,5.19,5.09,60055.3,31349.052,0.9845559845559846,,0.0
2025-01-24,5.11,5.12,5.12,5.05,62387.0,32224.305,0.9846153846153846,,0.0
2025-01-27,5.16,5.17,5.27,5.14,80400.61,42481.136,0.9847619047619048,,0.0
2025-02-05,5.18,5.09,5.22,5.08,56492.01,29414.792,0.9845261121856866,,0.0
2025-02-06,5.1,5.15,5.15,5.03,64762.04,33528.082,0.9847036328871892,,0.0
2025-02-07,5.16,5.21,5.24,5.14,76490.45,40388.566,0.9848771266540642,,0.0
2025-02-10,5.21,5.32,5.33,5.14,78721.08,42198.425,0.9851851851851852,,0.0
2025-02-11,5.32,5.3,5.34,5.24,59929.44,32141.176,0.9851301115241636,,0.0
2025-02-12,5.28,5.29,5.32,5.22,60379.02,32290.85,0.9851024208566108,,0.0
2025-02-13,5.31,5.22,5.33,5.22,56422.28,30132.199,0.9849056603773584,,0.0
2025-02-14,5.24,5.16,5.24,5.15,55995.86,29481.076,0.9847328244274808,,0.0
2025-02-17,5.18,5.25,5.29,5.15,66111.08,35091.253,0.9849906191369606,,0.0
2025-02-18,5.24,5.08,5.27,5.07,69597.52,36412.842,0.9844961240310076,,0.0
2025-02-19,5.09,5.1,5.16,5.06,68197.11,35357.811,0.9845559845559846,,0.0
2025-02-20,5.08,5.13,5.16,5.07,50320.57,26198.386,0.9846449136276392,,0.0
2025-02-21,5.15,5.08,5.15,5.03,70764.8,36475.126,0.9844961240310076,,0.0
2025-02-24,5.08,5.12,5.19,5.06,74263.54,38667.034,0.9846153846153846,,0.0
2025-02-25,5.09,5.09,5.17,5.06,57424.0,29727.257,0.9845261121856866,,0.0
2025-02-26,5.1,5.14,5.15,5.09,61413.88,31961.391,0.9846743295019156,,0.0
2025-02-27,5.14,5.17,5.22,5.07,78414.33,40970.276,0.9847619047619048,,0.0
2025-02-28,5.13,5.07,5.18,5.06,64932.56,33747.23,0.9844660194174756,,0.0
2025-03-03,5.06,5.07,5.17,5.05,75233.02,39081.028,0.9844660194174756,,0.0
2025-03-04,5.06,5.12,5.13,5.05,47514.15,24616.829,0.9846153846153846,,0.0
2025-03-05,5.13,5.06,5.14,4.97,81080.19,41334.06,0.9844357976653696,,0.0
2025-03-06,5.07,5.12,5.13,5.03,74218.39,38449.788,0.9846153846153846,,0.0
2025-03-07,5.09,5.08,5.13,5.07,70850.0,36680.691,0.9844961240310076,,0.0
2025-03-10,5.07,5.09,5.15,5.04,66901.27,34606.687,0.9845261121856866,,0.0
2025-03-11,5.07,5.11,5.11,5.0,62551.07,32101.961,0.9845857418111752,,0.0
2025-03-12,5.11,5.13,5.14,5.07,64590.47,33515.301,0.9846449136276392,,0.0
2025-03-13,5.14,5.11,5.15,5.02,77871.56,40107.235,0.9845857418111752,,0.0
2025-03-14,5.11,5.26,5.26,5.07,126038.47,66388.789,0.9850187265917604,,0.0
2025-03-17,5.27,5.27,5.3,5.23,91059.72,48728.61,0.9850467289719624,,0.0
2025-03-18,5.27,5.33,5.33,5.22,83793.51,44935.599,0.9852125693160814,,0.0
2025-03-19,5.33,5.31,5.33,5.26,64355.44,34549.734,0.9851576994434136,,0.0
2025-03-20,5.34,5.34,5.37,5.27,66790.99,36096.994,0.985239852398524,,0.0
2025-03-21,5.32,5.36,5.43,5.31,119093.58,64869.737,0.9852941176470588,,0.0
2025-03-24,5.35,5.23,5.41,5.13,130507.81,69483.32,0.9849340866290018,,0.0
2025-03-25,5.22,5.37,5.52,5.19,203391.33,110453.752,0.9853211009174312,,0.0
2025-03-26,5.4,5.58,5.61,5.36,305357.89,171336.77,0.9858657243816256,,0.0
2025-03-27,5.6,5.47,5.63,5.45,192209.0,107451.409,0.9855855855855856,,0.0
2025-03-28,5.46,5.31,5.49,5.29,127540.95,69265.636,0.9851576994434136,,0.0
2025-03-31,5.27,5.29,5.46,5.19,139525.15,74906.193,0.9851024208566108,,0.0
2025-04-01,5.29,5.4,5.4,5.27,115614.0,62889.343,0.9854014598540146,,0.0
2025-04-02,5.44,5.37,5.51,5.34,110442.02,60586.566,0.9853211009174312,,0.0
2025-04-03,5.22,5.18,5.22,5.07,200509.0,104711.452,0.9847908745247148,,0.0
2025-04-07,4.94,4.65,4.94,4.65,141878.11,68098.494,0.9830866807610994,,0.0
2025-04-08,4.63,4.49,4.65,4.41,159497.54,73231.708,0.9824945295404812,,0.0
2025-04-09,4.43,4.66,4.69,4.12,164254.23,74281.637,0.9831223628691984,,0.0
2025-04-10,4.75,4.71,4.81,4.69,109976.85,53148.991,0.9832985386221296,,0.0
2025-04-11,4.67,4.69,4.77,4.65,84165.12,40537.443,0.9832285115303984,,0.0
2025-04-14,4.71,4.78,4.8,4.71,73965.67,35870.703,0.9835390946502056,,0.0
2025-04-15,4.77,4.79,4.8,4.73,57756.73,27972.88,0.9835728952772074,,0.0
2025-04-16,4.77,4.75,4.82,4.67,85623.25,41268.176,0.9834368530020704,,0.0
2025-04-17,4.73,4.81,4.86,4.69,77241.0,37777.481,0.983640081799591,,0.0
2025-04-18,4.83,4.83,4.86,4.76,67656.96,33083.889,0.9837067209775968,,0.0
2025-04-21,4.82,4.85,4.88,4.78,63874.06,31450.233,0.9837728194726166,,0.0
2025-04-22,4.83,4.95,4.97,4.83,90298.14,45127.07,0.9840954274353876,,0.0
2025-04-23,4.95,4.92,4.99,4.9,66753.28,33457.673,0.984,,0.0
2025-04-24,4.91,4.89,4.95,4.84,56974.08,28332.606,0.9839034205231388,,0.0
2025-04-25,4.88,4.95,4.97,4.86,73164.97,36676.747,0.9840954274353876,,0.0
2025-04-28,4.93,4.85,4.97,4.79,72801.28,35855.273,0.9837728194726166,,0.0
2025-04-29,4.85,4.88,4.96,4.82,69756.48,34765.534,0.9838709677419356,,0.0
2025-04-30,4.9,4.88,4.93,4.87,56928.1,28311.317,0.9838709677419356,,0.0
2025-05-06,4.91,4.97,4.97,4.91,73391.0,36825.126,0.984158415841584,,0.0
2025-05-07,5.04,5.04,5.07,5.0,88810.41,45466.661,0.984375,,0.0
2025-05-08,5.03,5.08,5.09,5.0,62544.05,32125.704,0.9844961240310076,,0.0
2025-05-09,5.05,5.05,5.1,5.04,60942.63,31349.314,0.9844054580896686,,0.0
2025-05-12,5.07,5.09,5.1,5.02,49834.23,25652.034,0.9845261121856866,,0.0
2025-05-13,5.11,5.06,5.14,5.03,56131.28,28928.329,0.9844357976653696,,0.0
2025-05-14,5.05,5.06,5.08,5.0,53615.73,27450.957,0.9844357976653696,,0.0
2025-05-15,5.07,5.1,5.16,5.05,73376.91,37982.398,0.9845559845559846,,0.0
2025-05-16,5.08,5.07,5.13,5.06,47802.09,24706.752,0.9844660194174756,,0.0
2025-05-19,5.08,5.18,5.21,5.08,85745.02,44919.356,0.9847908745247148,,0.0
2025-05-20,5.18,5.19,5.21,5.12,75349.0,39476.515,0.9848197343453512,,0.0
2025-05-21,5.18,5.31,5.46,5.16,232616.63,125715.726,0.9851576994434136,,0.0
2025-05-22,5.33,5.16,5.36,5.15,133129.32,70628.791,0.9847328244274808,,0.0
2025-05-23,5.16,5.05,5.16,5.04,90342.0,46838.141,0.9844054580896686,,0.0
2025-05-26,5.05,5.12,5.16,5.04,58979.06,30653.83,0.9846153846153846,,0.0
2025-05-27,5.11,5.15,5.17,5.07,64499.17,33580.713,0.9847036328871892,,0.0
2025-05-28,5.13,5.14,5.17,5.11,51380.0,26785.224,0.9846743295019156,,0.0
2025-05-29,5.14,5.21,5.24,5.13,55403.36,29234.286,0.9848771266540642,,0.0
2025-05-30,5.22,5.18,5.31,5.16,78515.56,41532.705,0.9847908745247148,,0.0
2025-06-03,5.17,5.24,5.25,5.13,75815.06,40095.894,0.9849624060150376,,0.0
2025-06-04,5.23,5.26,5.27,5.2,55017.93,29274.399,0.9850187265917604,,0.0
2025-06-05,5.29,5.23,5.3,5.2,54986.06,29279.818,0.9849340866290018,,0.0
2025-06-06,5.22,5.3,5.32,5.22,73116.53,39077.077,0.9851301115241636,,0.0
2025-06-09,5.32,5.31,5.37,5.24,90027.23,48438.85,0.9851576994434136,,0.0
2025-06-10,5.34,5.3,5.34,5.23,74669.8,40120.95,0.9851301115241636,,0.0
2025-06-11,5.28,5.32,5.35,5.27,55010.04,29739.165,0.9851851851851852,,0.0
2025-06-12,5.31,5.31,5.33,5.26,54776.05,29435.271,0.9851576994434136,,0.0
2025-06-13,5.34,5.239999999999999,5.35,5.23,57175.5,30346.966,0.9943074003795066,,0.0
2025-06-16,5.2,5.26,5.33,5.2,62221.0,33002.022,0.994328922495274,,0.0
2025-06-17,5.26,5.27,5.29,5.239999999999999,37166.02,19683.362,0.9943396226415094,,0.0
2025-06-18,5.3,5.17,5.3,5.15,73736.0,38530.335,0.9942307692307693,,0.0
2025-06-19,5.17,5.069999999999999,5.2,5.05,66595.0,34238.319,0.9941176470588234,,0.0
2025-06-20,5.06,5.06,5.12,5.029999999999999,36208.0,18494.425,0.9941060903732808,,0.0
2025-06-23,5.029999999999999,5.16,5.18,5.029999999999999,62142.67,32112.974,0.9942196531791908,,0.0
2025-06-24,5.15,5.27,5.27,5.15,56714.11,29881.915,0.9943396226415094,,0.0
2025-06-25,5.27,5.31,5.319999999999999,5.25,61216.02,32558.839,0.99438202247191,,0.0
2025-06-26,5.31,5.29,5.319999999999999,5.25,60403.0,32150.451,0.994360902255639,,0.0
2025-06-27,5.31,5.3,5.34,5.26,71732.26,38209.977,0.9943714821763602,,0.0
2025-06-30,5.29,5.31,5.34,5.279999999999999,46859.04,24998.103,0.99438202247191,,0.0
2025-07-01,5.33,5.35,5.359999999999999,5.3,50869.15,27286.927,0.9944237918215612,,0.0
2025-07-02,5.34,5.38,5.4,5.319999999999999,85295.13,45942.294,0.9944547134935304,,0.0
2025-07-03,5.37,5.4,5.4,5.35,53796.02,29081.379,0.9944751381215468,,0.0
2025-07-04,5.39,5.33,5.42,5.33,68832.02,37167.144,0.9944029850746268,,0.0
2025-07-07,5.33,5.44,5.44,5.319999999999999,80492.04,43703.985,0.9945155393053016,,0.0
2025-07-08,5.47,5.43,5.47,5.4,59944.0,32679.166,0.9945054945054944,,0.0
2025-07-09,5.43,5.43,5.48,5.4,53814.18,29387.483,0.9945054945054944,,0.0
2025-07-10,5.42,5.47,5.47,5.41,51233.48,27995.829,0.9945454545454544,,0.0
2025-07-11,5.46,5.44,5.48,5.39,51773.83,28284.258,0.9945155393053016,,0.0
2025-07-14,5.44,5.47,5.489999999999999,5.44,56629.43,31142.591,0.9945454545454544,,0.0
2025-07-15,5.47,5.42,5.489999999999999,5.31,81473.71,44176.462,0.9944954128440366,,0.0
2025-07-16,5.44,5.46,5.48,5.39,49696.21,27223.734,0.994535519125683,,0.0
2025-07-17,5.44,5.59,5.859999999999999,5.44,281292.56,158141.818,0.994661921708185,,0.0
2025-07-18,5.6,5.54,5.63,5.489999999999999,168634.07,93810.439,0.9946140035906642,,0.0
2025-07-21,5.56,5.609999999999999,5.64,5.5,149887.1,84421.182,0.9946808510638298,,0.0
2025-07-22,5.6,5.58,5.62,5.52,97285.5,54444.662,0.9946524064171124,,0.0
2025-07-23,5.609999999999999,5.58,5.69,5.569999999999999,113864.49,64385.378,0.9946524064171124,,0.0
2025-07-24,5.56,5.569999999999999,5.62,5.55,102210.29,57316.783,0.994642857142857,,0.0
2025-07-25,5.58,5.58,5.6,5.54,72723.19,40727.529,0.9946524064171124,,0.0
2025-07-28,5.59,5.55,5.59,5.529999999999999,61511.51,34379.171,0.9946236559139784,,0.0
2025-07-29,5.56,5.58,5.58,5.48,83498.51,46394.17,0.9946524064171124,,0.0
2025-07-30,5.56,5.52,5.609999999999999,5.5,65448.0,36482.946,0.9945945945945944,,0.0
2025-07-31,5.55,5.42,5.55,5.39,92076.0,50325.867,0.9944954128440366,,0.0
2025-08-01,5.44,5.48,5.51,5.39,72560.48,39868.35,0.9945553539019965,,0.0
2025-08-04,5.47,5.529999999999999,5.55,5.44,63173.08,35052.177,0.9946043165467624,,0.0
2025-08-05,5.56,5.609999999999999,5.62,5.54,67018.1,37647.723,0.9946808510638298,,0.0
2025-08-06,5.63,5.56,5.64,5.54,69473.0,38917.606,0.9946332737030412,,0.0
2025-08-07,5.65,5.58,5.72,5.54,103648.0,58228.269,0.9946524064171124,,0.0
2025-08-08,5.55,5.609999999999999,5.63,5.54,82599.33,46392.234,0.9946808510638298,,0.0
2025-08-11,5.62,5.63,5.66,5.58,67023.0,37846.43,0.9946996466431096,,0.0
2025-08-12,5.64,5.64,5.67,5.609999999999999,56817.5,32209.235,0.9947089947089948,,0.0
2025-08-13,5.64,5.609999999999999,5.67,5.6,68034.01,38465.169,0.9946808510638298,,0.0
2025-08-14,5.63,5.5,5.64,5.489999999999999,81040.0,45257.139,0.9945750452079566,,0.0
2025-08-15,5.489999999999999,5.51,5.569999999999999,5.489999999999999,78085.82,43370.16,0.9945848375451264,,0.0
2025-08-18,5.54,5.54,5.59,5.5,78228.88,43647.438,0.9946140035906642,,0.0
2025-08-19,5.56,5.6,5.6,5.51,79774.92,44665.521,0.994671403197158,,0.0
2025-08-20,5.569999999999999,5.63,5.64,5.569999999999999,75192.6,42430.163,0.9946996466431096,,0.0
2025-08-21,5.63,5.65,5.68,5.609999999999999,67880.73,38527.32,0.9947183098591548,,0.0
2025-08-22,5.64,5.62,5.67,5.55,125706.93,70728.033,0.9946902654867256,,0.0
2025-08-25,5.609999999999999,5.569999999999999,5.64,5.54,129018.52,72324.06,0.994642857142857,,0.0
2025-08-26,5.56,5.609999999999999,5.63,5.52,100963.54,56860.455,0.9946808510638298,,0.0
2025-08-27,5.64,5.47,5.64,5.47,114352.97,63775.506,0.9945454545454544,,0.0
2025-08-28,5.48,5.44,5.54,5.27,114776.4,62373.193,0.9945155393053016,,0.0
2025-08-29,5.44,5.41,5.5,5.38,57477.91,31397.36,0.994485294117647,,0.0
2025-09-01,5.4,5.44,5.51,5.359999999999999,74024.38,40456.221,0.9945155393053016,,0.0
2025-09-02,5.44,5.43,5.45,5.319999999999999,75459.3,40825.968,0.9945054945054944,,0.0
2025-09-03,5.43,5.29,5.44,5.27,89447.71,48086.677,0.994360902255639,,0.0
2025-09-04,5.29,5.359999999999999,5.41,5.25,83829.73,45087.409,0.99443413729128,,0.0
2025-09-05,5.39,5.35,5.39,5.29,69933.12,37494.05,0.9944237918215612,,0.0
2025-09-08,5.38,5.45,5.47,5.359999999999999,79035.54,43167.256,0.9945255474452556,,0.0
2025-09-09,5.44,5.41,5.46,5.39,46659.08,25461.559,0.994485294117647,,0.0
2025-09-10,5.41,5.44,5.45,5.41,45847.48,25036.223,0.9945155393053016,,0.0
2025-09-11,5.42,5.46,5.46,5.35,60255.16,32788.234,0.994535519125683,,0.0
2025-09-12,5.47,5.43,5.489999999999999,5.42,52217.33,28594.135,0.9945054945054944,,0.0
2025-09-15,5.43,5.42,5.47,5.38,48859.0,26609.475,0.9944954128440366,,0.0
2025-09-16,5.43,5.52,5.529999999999999,5.41,81616.24,44967.403,0.9945945945945944,,0.0
2025-09-17,5.489999999999999,5.51,5.55,5.48,64923.7,36016.665,0.9945848375451264,,0.0
2025-09-18,5.52,5.38,5.52,5.359999999999999,94064.38,51350.469,0.9944547134935304,,0.0
2025-09-19,5.37,5.37,5.42,5.29,69223.85,37171.961,0.9944444444444444,,0.0
2025-09-22,5.33,5.26,5.37,5.239999999999999,65884.0,35007.008,0.994328922495274,,0.0
2025-09-23,5.27,5.23,5.27,5.109999999999999,78075.4,40648.324,0.994296577946768,,0.0
2025-09-24,5.26,5.279999999999999,5.31,5.18,49685.0,26337.851,0.9943502824858756,,0.0
2025-09-25,5.3,5.2,5.3,5.18,51567.02,27155.381,0.994263862332696,,0.0
2025-09-26,5.25,5.26,5.31,5.13,55061.06,29068.864,0.994328922495274,,0.0
2025-09-29,5.25,5.3,5.3,5.18,50088.34,26472.784,0.9943714821763602,,0.0
2025-09-30,5.31,5.239999999999999,5.319999999999999,5.239999999999999,44646.77,23652.943,0.9943074003795066,,0.0
2025-10-09,5.239999999999999,5.26,5.27,5.18,39619.0,20843.989,0.994328922495274,,0.0
2025-10-10,5.25,5.34,5.37,5.23,64087.31,34405.238,0.994413407821229,,0.0
2025-10-13,5.13,5.33,5.35,5.13,75079.89,39580.033,0.9944029850746268,,0.0
2025-10-14,5.35,5.35,5.39,5.319999999999999,64684.7,34860.558,0.9944237918215612,,0.0
2025-10-15,5.37,5.39,5.42,5.319999999999999,59765.0,32375.324,0.9944649446494463,,0.0
2025-10-16,5.39,5.35,5.41,5.31,43502.28,23408.194,0.9944237918215612,,0.0
2025-10-17,5.33,5.33,5.41,5.319999999999999,64261.89,34645.255,0.9944029850746268,,0.0
2025-10-20,5.37,5.41,5.41,5.319999999999999,63977.2,34551.151,0.994485294117647,,0.0
2025-10-21,5.41,5.95,5.95,5.359999999999999,512138.73,299925.684,0.9949832775919732,,0.0
2025-10-22,5.8,5.76,5.94,5.739999999999999,642966.53,376070.464,0.9948186528497408,,0.0
2025-10-23,5.859999999999999,5.77,5.89,5.71,318801.28,185385.264,0.9948275862068964,,0.0
2025-10-24,5.8,5.66,5.83,5.64,231442.51,132725.388,0.9947275922671353,,0.0
2025-10-27,5.7,5.6,5.71,5.55,171054.52,96512.817,0.994671403197158,,0.0
2025-10-28,5.59,5.63,5.7,5.59,133497.39,75881.478,0.9946996466431096,,0.0
2025-10-29,5.66,5.58,5.66,5.48,128931.77,72040.476,0.9946524064171124,,0.0
2025-10-30,5.58,5.51,5.59,5.5,85938.06,47872.784,0.9945848375451264,,0.0
2025-10-31,5.56,5.569999999999999,5.59,5.51,100402.28,56089.485,0.994642857142857,,0.0
2025-11-03,5.569999999999999,5.67,5.68,5.529999999999999,134385.43,76158.135,0.9947368421052633,,0.0
2025-11-04,5.68,5.75,5.76,5.63,170367.0,97961.729,0.9948096885813148,,0.0
2025-11-05,5.71,5.779999999999999,5.8,5.65,146994.04,85190.935,0.9948364888123924,,0.0
2025-11-06,5.779999999999999,5.81,5.92,5.7,206865.75,120805.427,0.99486301369863,,0.0
2025-11-07,5.81,5.76,5.819999999999999,5.73,158421.24,91878.301,0.9948186528497408,,0.0
2025-11-10,5.76,5.77,5.79,5.69,100090.11,57928.034,0.9948275862068964,,0.0
2025-11-11,5.79,5.84,5.92,5.739999999999999,94621.88,55393.819,0.9948892674616696,,0.0
2025-11-12,5.819999999999999,5.84,5.89,5.8,94091.1,55170.511,0.9948892674616696,,0.0
2025-11-13,5.85,5.859999999999999,5.88,5.75,98772.0,57906.383,0.99490662139219,,0.0
2025-11-14,5.859999999999999,5.92,6.0,5.83,115351.48,68786.603,0.9949579831932772,,0.0
2025-11-17,5.92,5.98,5.989999999999999,5.88,128590.2,76943.557,0.995008319467554,,0.0
2025-11-18,5.989999999999999,5.85,6.05,5.81,132915.84,78369.702,0.9948979591836734,,0.0
2025-11-19,5.85,5.77,5.89,5.739999999999999,94491.0,54917.969,0.9948275862068964,,0.0
2025-11-20,5.79,5.79,5.83,5.71,91087.3,52870.696,0.9948453608247422,,0.0
2025-11-21,5.739999999999999,5.54,5.83,5.529999999999999,125014.0,71113.271,0.9946140035906642,,0.0
2025-11-24,5.62,5.65,5.77,5.59,103921.13,58995.561,0.9947183098591548,,0.0
2025-11-25,5.7,5.9,5.96,5.63,191131.15,112120.841,0.9949409780775716,,0.0
2025-11-26,5.89,5.83,5.92,5.79,107393.0,63217.823,0.9948805460750852,,0.0
2025-11-27,5.83,5.81,5.88,5.77,88108.02,51649.269,0.99486301369863,,0.0
2025-11-28,5.81,5.9,5.9,5.779999999999999,77293.01,45438.985,0.9949409780775716,,0.0
2025-12-01,5.9,5.85,5.97,5.83,86307.0,51115.552,0.9948979591836734,,0.0
2025-12-02,5.85,5.95,5.98,5.79,119123.15,70725.615,0.9949832775919732,,0.0
2025-12-03,5.92,6.0,6.02,5.91,123002.16,73787.109,0.9950248756218903,,0.0
2025-12-04,5.97,5.819999999999999,5.989999999999999,5.8,122414.13,72189.192,0.9948717948717948,,0.0
2025-12-05,5.819999999999999,5.87,5.89,5.75,88208.0,51657.247,0.994915254237288,,0.0
2025-12-08,5.87,5.8,5.92,5.79,88578.96,52031.219,0.994854202401372,,0.0
2025-12-09,5.819999999999999,5.76,5.84,5.71,88426.18,51374.527,0.9948186528497408,,0.0
2025-12-10,5.79,5.72,5.85,5.69,88028.02,50883.975,0.9947826086956522,,0.0
2025-12-11,5.72,5.59,5.77,5.58,128691.26,72757.587,0.994661921708185,,0.0
2025-12-12,5.62,5.45,5.65,5.43,131808.5,73325.947,0.9945255474452556,,0.0
2025-12-15,5.42,5.51,5.55,5.37,93651.9,51715.137,0.9945848375451264,,0.0
2025-12-16,5.51,5.4,5.54,5.37,78485.06,42929.274,0.9944751381215468,,0.0
2025-12-17,5.39,5.34,5.42,5.26,106347.12,57000.192,0.994413407821229,,0.0
2025-12-18,5.31,5.42,5.47,5.31,79747.17,43443.139,0.9944954128440366,,0.0
2025-12-19,5.44,5.59,5.609999999999999,5.39,86285.04,47906.726,0.994661921708185,,0.0
2025-12-22,5.62,5.569999999999999,5.67,5.55,83733.0,47031.725,0.994642857142857,,0.0
2025-12-23,5.569999999999999,5.51,5.59,5.48,59829.1,33228.818,0.9945848375451264,,0.0
2025-12-24,5.51,5.52,5.54,5.46,58036.03,32163.717,0.9945945945945944,,0.0
2025-12-25,5.529999999999999,5.58,5.59,5.5,68190.13,38067.526,0.9946524064171124,,0.0
2025-12-26,5.56,5.52,5.62,5.5,69403.09,38671.336,0.9945945945945944,,0.0
2025-12-29,5.56,5.45,5.56,5.42,67387.13,36986.32,0.9945255474452556,,0.0
2025-12-30,5.44,5.34,5.45,5.34,77010.37,41749.764,0.994413407821229,,0.0
2025-12-31,5.37,5.41,5.43,5.31,71393.0,38600.224,0.994485294117647,,0.0
2026-01-05,5.41,5.35,5.44,5.34,110149.91,59554.829,0.9944237918215612,,0.0
2026-01-06,5.37,5.42,5.45,5.35,98657.23,53727.967,0.9944954128440366,,0.0
2026-01-07,5.43,5.39,5.44,5.38,85350.54,46330.291,0.9944649446494463,,0.0
2026-01-08,5.38,5.44,5.46,5.34,85972.02,46782.06,0.9945155393053016,,0.0
2026-01-09,5.43,5.44,5.46,5.39,78567.0,42881.822,0.9945155393053016,,0.0
2026-01-12,5.45,5.44,5.48,5.41,103012.0,56324.704,0.9945155393053016,,0.0
2026-01-13,5.44,5.42,5.489999999999999,5.4,97974.35,53713.444,0.9944954128440366,,0.0
2026-01-14,5.43,5.39,5.47,5.319999999999999,126866.66,69087.253,0.9944649446494463,,0.0
2026-01-15,5.39,5.42,5.45,5.359999999999999,72124.44,39280.446,0.9944954128440366,,0.0
2026-01-16,5.45,5.41,5.45,5.37,74636.78,40552.37,0.994485294117647,,0.0
2026-01-19,5.38,5.54,5.54,5.37,105786.06,58311.32,0.9946140035906642,,0.0
2026-01-20,5.529999999999999,5.58,5.59,5.51,101910.93,56937.431,0.9946524064171124,,0.0
2026-01-21,5.58,5.739999999999999,5.9,5.5,167906.7,95671.687,0.9948006932409011,,0.0
2026-01-22,5.739999999999999,5.77,5.91,5.68,226053.9,131246.016,0.9948275862068964,,0.0
2026-01-23,5.83,5.73,5.84,5.69,113810.23,65475.918,0.9947916666666666,,0.0
2026-01-26,5.73,5.71,5.779999999999999,5.66,110436.06,63476.433,0.994773519163763,,0.0
2026-01-27,5.71,5.71,5.8,5.58,96920.0,55405.565,0.994773519163763,,0.0
2026-01-28,5.69,5.67,5.77,5.66,82279.7,47208.003,0.9947368421052633,,0.0
2026-01-29,5.67,5.66,5.72,5.6,74793.23,42629.458,0.9947275922671353,,0.0
2026-01-30,5.63,5.73,5.76,5.62,99596.56,57069.602,0.9947916666666666,,0.0
2026-02-02,5.7,5.64,5.77,5.63,103513.35,59427.643,0.9947089947089948,,0.0
2026-02-03,5.68,5.75,5.75,5.64,86634.22,49729.923,0.9948096885813148,,0.0
2026-02-04,5.75,5.819999999999999,5.85,5.72,105656.49,61631.535,0.9948717948717948,,0.0
2026-02-05,5.85,5.779999999999999,5.88,5.77,108907.92,63739.451,0.9948364888123924,,0.0
2026-02-06,5.779999999999999,5.779999999999999,5.84,5.71,86228.01,50234.466,0.9948364888123924,,0.0
2026-02-09,5.83,5.8,5.859999999999999,5.779999999999999,80351.02,46903.059,0.994854202401372,,0.0
2026-02-10,5.819999999999999,5.75,5.85,5.71,88784.61,51711.837,0.9948096885813148,,0.0
2026-02-11,5.75,5.79,5.84,5.73,89929.02,52398.029,0.9948453608247422,,0.0
2026-02-12,5.79,5.62,5.79,5.62,113621.04,64895.79,0.9946902654867256,,0.0
2026-02-13,5.62,5.63,5.69,5.58,58496.11,33229.2,0.9946996466431096,,0.0
2026-02-24,5.65,5.779999999999999,5.779999999999999,5.64,92596.79,53335.322,0.9948364888123924,,0.0
2026-02-25,5.779999999999999,5.779999999999999,5.85,5.76,76614.99,44699.793,0.9948364888123924,,0.0
2026-02-26,5.779999999999999,5.73,5.819999999999999,5.69,66588.27,38471.482,0.9947916666666666,,0.0
2026-02-27,5.739999999999999,5.79,5.79,5.7,63559.05,36807.366,0.9948453608247422,,0.0
2026-03-02,5.739999999999999,5.65,5.76,5.55,98423.9,55905.078,0.9947183098591548,,0.0
2026-03-03,5.66,5.569999999999999,5.75,5.56,103237.58,58756.584,0.994642857142857,,0.0
2026-03-04,5.529999999999999,5.489999999999999,5.6,5.45,105080.34,58221.219,0.9945652173913044,,0.0
2026-03-05,5.59,5.569999999999999,5.62,5.52,79546.72,44608.775,0.994642857142857,,0.0
2026-03-06,5.55,5.779999999999999,5.779999999999999,5.529999999999999,98098.93,56234.12,0.9948364888123924,,0.0
2026-03-09,5.8,5.71,5.819999999999999,5.68,87325.0,50280.782,0.994773519163763,,0.0
2026-03-10,5.75,5.83,5.84,5.73,87552.19,51088.485,0.9948805460750852,,0.0
2026-03-11,5.83,5.83,5.84,5.76,83463.0,48725.943,0.9948805460750852,,0.0
2026-03-12,5.859999999999999,5.76,5.859999999999999,5.75,69317.34,40460.291,0.9948186528497408,,0.0
2026-03-13,5.79,5.76,5.84,5.72,73303.33,42680.471,0.9948186528497408,,0.0
2026-03-16,5.77,5.76,5.85,5.73,73223.0,42491.767,0.9948186528497408,,0.0
2026-03-17,5.81,5.69,5.83,5.67,70494.0,40802.091,0.9947552447552448,,0.0
2026-03-18,5.72,5.68,5.72,5.6,78194.56,44372.523,0.9947460595446584,,0.0
2026-03-19,5.67,5.51,5.7,5.489999999999999,84301.19,47257.463,0.9945848375451264,,0.0
2026-03-20,5.51,5.34,5.56,5.34,118817.04,64627.936,0.994413407821229,,0.0
2026-03-23,5.25,4.97,5.27,4.91,167322.06,85625.258,0.994,,0.0
2026-03-24,5.08,5.25,5.26,5.01,160316.38,83147.147,0.9943181818181818,,0.0
2026-03-25,5.26,5.43,5.45,5.26,126270.67,68309.078,0.9945054945054944,,0.0
2026-03-26,5.42,5.37,5.569999999999999,5.34,109981.0,60188.556,0.9944444444444444,,0.0
2026-03-27,5.37,5.359999999999999,5.43,5.3,103134.41,55597.689,0.99443413729128,,0.0
2026-03-30,5.33,5.46,5.47,5.279999999999999,87390.35,47404.891,0.994535519125683,,0.0
2026-03-31,5.45,5.48,5.58,5.43,77528.9,42963.477,0.9945553539019965,,0.0
2026-04-01,5.529999999999999,5.48,5.55,5.41,68330.17,37569.659,0.9945553539019965,,0.0
2026-04-02,5.489999999999999,5.45,5.52,5.4,93406.0,51265.748,0.9945255474452556,,0.0
2026-04-03,5.48,5.21,5.48,5.17,105428.37,55819.915,0.9942748091603052,,0.0
2026-04-07,5.2,5.27,5.29,5.14,108383.11,57072.567,0.9943396226415094,,0.0
2026-04-08,5.35,5.38,5.44,5.33,117328.96,63467.116,0.9944547134935304,,0.0
2026-04-09,5.38,5.19,5.39,5.17,112121.12,59168.457,0.9942528735632185,,0.0
2026-04-10,5.25,5.23,5.319999999999999,5.22,102071.0,54093.786,0.994296577946768,,0.0
2026-04-13,5.23,5.18,5.27,5.13,83514.0,43455.931,0.9942418426103646,,0.0
2026-04-14,5.239999999999999,5.15,5.239999999999999,5.08,93565.0,48274.956,0.994208494208494,,0.0
2026-04-15,5.19,5.15,5.2,5.13,80896.0,42020.462,0.994208494208494,,0.0
2026-04-16,5.17,5.27,5.29,5.12,78452.0,41028.672,0.9943396226415094,,0.0
2026-04-17,5.25,5.18,5.279999999999999,5.14,65480.86,34165.383,0.9942418426103646,,0.0
2026-04-20,5.2,5.2,5.22,5.12,66622.21,34634.144,0.994263862332696,,0.0
2026-04-21,5.2,5.2,5.21,5.14,58077.01,30275.416,0.994263862332696,,0.0
2026-04-22,5.19,5.15,5.2,5.13,57195.9,29710.503,0.994208494208494,,0.0
2026-04-23,5.16,5.109999999999999,5.18,5.09,88772.0,45767.833,0.9941634241245136,,0.0
2026-04-24,5.09,5.15,5.19,5.06,82167.63,42317.379,0.994208494208494,,0.0
2026-04-27,5.19,5.21,5.239999999999999,5.069999999999999,96024.0,49785.203,0.9942748091603052,,0.0
2026-04-28,5.21,5.239999999999999,5.26,5.18,81693.68,42922.146,0.9943074003795066,,0.0
2026-04-29,5.239999999999999,5.33,5.359999999999999,5.21,81759.26,43668.037,0.9944029850746268,,0.0
2026-04-30,5.319999999999999,5.3,5.39,5.279999999999999,64318.01,34486.126,0.9943714821763602,,0.0
2026-05-06,5.35,5.27,5.359999999999999,5.22,99078.01,52582.148,0.9943396226415094,,0.0
2026-05-07,5.27,5.23,5.33,5.2,94659.94,50072.968,0.994296577946768,,0.0
2026-05-08,5.27,5.29,5.3,5.2,68074.0,36035.37,0.994360902255639,,0.0
2026-05-11,5.29,5.239999999999999,5.33,5.19,846970000.0,445752330.0,0.9943074003795066,,0.0
2026-05-12,5.23,5.13,5.26,5.13,78321.91,40797.011,0.994186046511628,,0.0
2026-05-13,5.13,5.17,5.22,5.109999999999999,74281.45,38600.014,0.9942307692307693,,0.0
2026-05-14,5.18,5.1,5.18,5.1,78565.81,40566.023,0.9941520467836256,,0.0
2026-05-15,5.109999999999999,5.01,5.12,4.989999999999999,104668.98,53166.725,0.994047619047619,,0.0
2026-05-18,5.04,5.04,5.06,4.96,87888.83,44297.486,0.9940828402366864,,0.0
2026-05-19,5.08,5.069999999999999,5.13,5.02,69648.0,35572.94,0.9941176470588234,,0.0
2026-05-20,5.05,4.98,5.06,4.94,64847.07,32507.898,0.994011976047904,,0.0
2026-05-21,5.08,5.109999999999999,5.37,5.06,266869.54,139735.581,0.9941634241245136,,0.0
2026-05-22,5.109999999999999,5.23,5.3,4.96,240883.21,124110.911,0.994296577946768,,0.0
2026-05-25,5.279999999999999,5.25,5.39,5.13,162708.02,85825.071,0.9943181818181818,,0.0
2026-05-26,5.239999999999999,5.1,5.279999999999999,5.04,133196.0,68723.719,0.9941520467836256,,0.0
2026-05-27,5.14,4.89,5.14,4.8,139233.04,68812.359,0.9939024390243902,,0.0
2026-05-28,4.89,4.88,4.98,4.819999999999999,87862.31,43377.118,0.9938900203665988,,0.0
2026-05-29,4.87,4.8,4.92,4.76,89966.55,43833.9051,0.9937888198757764,,0.0
2026-06-01,4.79,4.97,4.989999999999999,4.73,103909.0,51240.573,0.994,,0.0
2026-06-02,4.97,4.81,4.97,4.77,110790.0,53788.501,0.993801652892562,,0.0
2026-06-03,4.8,4.72,4.819999999999999,4.65,83566.3,39709.08876,0.9936842105263156,,0.0
2026-06-04,4.7,4.63,4.739999999999999,4.59,57479.46,26920.797,0.9935622317596566,,0.0
2026-06-05,4.64,4.739999999999999,4.779999999999999,4.609999999999999,72900.47,34523.75,0.9937106918238994,,0.0
2026-06-08,4.65,4.6,4.73,4.52,83402.0,38887.95036,0.9935205183585312,,0.0
2026-06-09,4.63,4.6,4.65,4.54,62597.0,28920.359,0.9935205183585312,,0.0
2026-06-10,4.59,4.51,4.6,4.44,62013.0,28048.817,0.9933920704845814,,0.0
2026-06-11,4.489999999999999,4.48,4.529999999999999,4.359999999999999,58744.28,26180.90517,0.9933481152993348,,0.0
2026-06-12,4.48,4.48,4.529999999999999,4.41,64722.52,29178.033,0.9933481152993348,,0.0
2026-06-15,4.52,4.52,4.58,4.47,84557.29,38558.33941,0.9934065934065932,,0.0
2026-06-16,4.51,4.45,4.52,4.4,59235.93,26481.23257,0.9933035714285714,,0.0
2026-06-17,4.45,4.35,4.45,4.33,51128.57,22471.68953,0.9931506849315068,,0.0
2026-06-18,4.35,4.31,4.359999999999999,4.25,46182.09,20046.87604,0.9930875576036866,,0.0
2026-06-22,4.33,4.36,4.38,4.16,84311.65,35860.98485,1.0,,0.0
2026-06-23,4.34,4.46,4.52,4.34,69413.0,31010.08987,1.0,,0.0
2026-06-24,4.45,4.32,4.5,4.3,68955.99,30191.82568,1.0,,0.0
2026-06-25,4.31,4.23,4.32,4.2,56974.14,24149.65907,1.0,,0.0
2026-06-26,4.2,4.17,4.24,4.14,53327.72,22304.90552,1.0,,0.0
2026-06-29,4.17,4.13,4.2,4.0,77143.08,31744.07208,1.0,,0.0
2026-06-30,4.08,4.09,4.19,4.04,61938.46,25316.37382,1.0,,0.0
2026-07-01,4.09,4.2,4.24,4.03,83880.04,34961.78176,1.0,,0.0
2026-07-02,4.23,4.18,4.3,4.17,61734.02,26100.08842,1.0,,0.0
2026-07-03,4.21,4.3,4.32,4.18,75238.0,32030.116,1.0,,0.0
2026-07-06,4.29,4.27,4.36,4.23,54125.0,23168.11,1.0,,0.0
2026-07-07,4.24,4.11,4.29,4.09,61683.0,25606.577,1.0,,0.0
2026-07-08,4.11,4.12,4.15,4.03,53701.0,22026.493,1.0,,0.0
2026-07-09,4.12,4.08,4.15,4.02,53440.52,21728.71273,1.0,,0.0
2026-07-10,4.06,4.18,4.25,4.02,71567.0,29791.284,1.0,,0.0
2026-07-13,4.19,4.12,4.23,4.1,66167.0,27396.936,1.0,,0.0
2026-07-14,4.1,4.24,4.25,4.08,70696.09,29529.25091,1.0,,0.0
2026-07-15,4.23,4.27,4.32,4.2,69071.11,29538.43386,1.0,,0.0
2026-07-16,4.27,4.3,4.35,4.23,73718.02,31735.40262,1.0,,0.0
2026-07-17,4.3,4.21,4.41,4.18,88883.0,38087.536,1.0,,0.0
2026-07-20,4.2,4.17,4.33,4.09,97197.51,41013.40659,1.0,,0.0
2026-07-21,4.17,4.07,4.17,3.97,116541.24,47238.64352,1.0,,0.0
2026-07-22,4.02,4.02,4.1,4.0,73564.0,29626.072,1.0,,0.0
2026-07-23,4.0,4.12,4.14,3.99,72856.0,29645.867,1.0,,0.0
2026-07-24,4.1,4.05,4.19,4.03,56330.02,22949.96616,1.0,,0.0
2026-07-27,4.05,4.12,4.15,4.04,54390.0,22376.92799,1.0,,0.0
2026-07-28,4.12,4.15,4.19,4.1,56426.0,23425.88,1.0,,0.0
2026-07-29,4.15,4.22,4.25,4.14,64135.0,27000.138,1.0,,0.0
2026-07-30,4.22,4.24,4.31,4.2,91011.05,38862.65704,1.0,,0.0
2026-07-31,4.26,4.31,4.31,4.21,79945.11,34005.87324,1.0,,0.0
2026-08-03,4.3,4.43,4.44,4.29,66650.11,29226.35807,1.0,,0.0
2026-08-04,4.45,4.38,4.49,4.36,68740.22,30342.60902,1.0,,0.0
2026-08-05,4.38,4.37,4.42,4.32,69679.0,30423.184,1.0,,0.0
2026-08-06,4.37,4.39,4.39,4.3,46664.02,20315.22462,1.0,,0.0
2026-08-07,4.39,4.34,4.39,4.26,46306.02,19988.75166,1.0,,0.0
2026-08-10,4.37,4.5,4.51,4.34,66764.82,29748.5252,1.0,,0.0
2026-08-11,4.49,4.47,4.51,4.43,46208.0,20634.719,1.0,,0.0
2026-08-12,4.48,4.51,4.52,4.45,49903.5,22376.60002,1.0,0.9996,0.0
2026-08-13,4.51,4.46,4.52,4.44,46230.0,20713.462,1.0,0.93,0.0
2026-08-14,4.46,4.46,4.49,4.4,36296.06,16125.28264,1.0,0.73,0.0
2026-08-17,4.5,4.49,4.52,4.42,47453.61,21275.19415,1.0,0.0,0.0
2026-08-18,4.48,4.47,4.51,4.43,48921.03,21849.85944,1.0,0.0,0.0
2026-08-19,4.47,4.39,4.47,4.38,51158.99,22647.0826,1.0,0.0,0.0
2026-08-20,4.43,4.49,4.52,4.41,58829.02,26337.76194,1.0,1.1784,1.1784
2026-08-21,4.49,4.48,4.49,4.38,45330.02,20077.53886,1.0,0.908,0.908
2026-08-24,4.48,4.45,4.51,4.41,51096.0,22711.77,1.0,1.0235,1.0235
2026-08-25,4.45,4.55,4.55,4.42,61615.0,27726.651,1.0,1.2342,1.2342
2026-08-26,4.54,4.59,4.59,4.51,52306.0,23899.169,1.0,1.0478,1.0478
2026-08-27,4.59,4.55,4.59,4.52,59622.0,27097.453,1.0,1.1943,1.1943
2026-08-28,4.55,4.61,4.63,4.54,67394.01,30942.35965,1.0,1.35,1.35
2026-08-31,4.6,4.59,4.61,4.55,55171.04,25273.10226,1.0,1.1052,1.1052
2026-09-01,4.59,4.64,4.66,4.58,57030.0,26430.182,1.0,1.1424,1.1424
2026-09-02,4.63,4.6,4.63,4.54,47822.12,21887.69584,1.0,0.9579,0.9579
2026-09-03,4.61,4.55,4.65,4.55,55248.11,25414.64216,1.0,1.1067,1.1067
2026-09-04,4.57,4.63,4.7,4.56,81367.0,37844.834,1.0,1.6299,1.6299
2026-09-07,4.64,4.66,4.68,4.61,51986.0,24207.243,1.0,1.0414,1.0414
2026-09-08,4.66,4.76,4.77,4.66,67942.49,32118.12875,1.0,1.361,1.361
2026-09-09,4.75,4.72,4.76,4.7,42991.34,20310.65548,1.0,0.8612,0.8612
2026-09-10,4.72,4.67,4.73,4.66,46606.74,21808.42358,1.0,0.9336,0.9336
2026-09-11,4.62,4.56,4.67,4.54,61104.0,27981.782,1.0,1.224,1.224
2026-09-14,4.59,4.61,4.68,4.56,61761.02,28544.51116,1.0,1.2372,1.2372
2026-09-15,4.64,4.45,4.64,4.42,77427.04,34860.49184,1.0,1.551,1.551
2026-09-16,4.44,4.53,4.55,4.41,58179.01,26170.3285,1.0,1.1654,1.1654
2026-09-17,4.5,4.58,4.59,4.44,45539.16,20585.32083,1.0,0.9122,0.9122
2026-09-18,4.6,4.57,4.63,4.54,38607.0,17682.082,1.0,0.7734,0.7734
2026-09-21,4.55,4.68,4.68,4.53,55910.0,25789.86652,1.0,1.12,1.12
