date,open,close,high,low,volume,money,factor,turnover,turnover_free
2021-05-10,5.925999999999999,5.946,5.965999999999999,5.845999999999999,26629.56,16340.473,0.9652597402597402,,0.0
2021-05-11,5.885999999999999,5.965999999999999,6.036,5.835999999999999,36324.24,22349.199,0.9653721682847896,,0.0
2021-05-12,5.936,6.066,6.135999999999999,5.936,58055.44,36473.381,0.9659235668789808,,0.0
2021-05-13,5.986,5.925999999999999,6.026,5.916,36643.0,22645.719,0.9651465798045602,,0.0
2021-05-14,5.965999999999999,5.965999999999999,5.986,5.885999999999999,33631.0,20715.314,0.9653721682847896,,0.0
2021-05-17,6.005999999999999,5.996,6.085999999999999,5.936,35362.64,21982.373,0.9655394524959742,,0.0
2021-05-18,5.956,5.916,5.976,5.876,35728.0,21852.436,0.965089722675367,,0.0
2021-05-19,5.916,6.026,6.085999999999999,5.896,74411.66,46326.327,0.965705128205128,,0.0
2021-05-20,6.005999999999999,5.925999999999999,6.036,5.916,50407.0,31122.577,0.9651465798045602,,0.0
2021-05-21,5.936,5.936,6.005999999999999,5.906,35305.02,21738.913,0.9652032520325202,,0.0
2021-05-24,5.906,5.925999999999999,5.946,5.835999999999999,29416.0,17992.802,0.9651465798045602,,0.0
2021-05-25,5.965999999999999,5.996,6.005999999999999,5.936,40149.0,24825.904,0.9655394524959742,,0.0
2021-05-26,6.026,6.076,6.276,6.005999999999999,92347.7,58742.156,0.9659777424483306,,0.0
2021-05-27,6.055999999999999,6.005999999999999,6.106,5.996,51066.8,31885.321,0.9655948553054662,,0.0
2021-05-28,5.986,6.066,6.135999999999999,5.976,61412.5,38479.181,0.9659235668789808,,0.0
2021-05-31,6.066,6.036,6.076,6.005999999999999,25408.0,15871.883,0.96576,,0.0
2021-06-01,6.146,6.095999999999999,6.196,6.076,58456.94,37042.295,0.9660855784469096,,0.0
2021-06-02,6.076,6.106,6.166,6.036,50589.83,31943.345,0.966139240506329,,0.0
2021-06-03,6.095999999999999,6.016,6.135999999999999,6.016,45871.85,28769.495,0.9656500802568218,,0.0
2021-06-04,5.986,6.036,6.045999999999999,5.965999999999999,24843.96,15478.596,0.96576,,0.0
2021-06-07,6.036,6.005999999999999,6.066,5.996,26491.02,16499.52,0.9655948553054662,,0.0
2021-06-08,6.005999999999999,6.005999999999999,6.066,5.965999999999999,27600.66,17165.122,0.9655948553054662,,0.0
2021-06-09,5.996,5.946,6.005999999999999,5.936,30849.0,19041.309,0.9652597402597402,,0.0
2021-06-10,5.946,6.005999999999999,6.126,5.936,42528.0,26470.212,0.9655948553054662,,0.0
2021-06-11,6.005999999999999,5.916,6.005999999999999,5.916,42548.0,26220.487,0.965089722675367,,0.0
2021-06-15,5.936,5.845999999999999,5.936,5.826,33835.0,20570.007,0.9646864686468646,,0.0
2021-06-16,5.826,5.866,5.946,5.805999999999999,34902.22,21256.803,0.9648026315789472,,0.0
2021-06-17,5.866,5.766,5.885999999999999,5.746,40241.28,24176.001,0.9642140468227424,,0.0
2021-06-18,5.746,5.866,5.876,5.746,37349.0,22528.795,0.9648026315789472,,0.0
2021-06-21,5.835999999999999,5.835999999999999,5.885999999999999,5.816,27703.0,16794.02,0.9646280991735536,,0.0
2021-06-22,5.826,5.876,5.956,5.826,39892.99,24383.514,0.9648604269293924,,0.0
2021-06-23,5.866,5.946,6.036,5.856,63948.32,39491.59,0.9652597402597402,,0.0
2021-06-24,5.946,5.986,6.095999999999999,5.885999999999999,73867.0,45956.828,0.965483870967742,,0.0
2021-06-25,5.986,5.946,6.055999999999999,5.896,44706.0,27516.0,0.9652597402597402,,0.0
2021-06-28,5.946,5.976,6.066,5.946,40699.48,25274.345,0.965428109854604,,0.0
2021-06-29,6.005999999999999,5.856,6.005999999999999,5.845999999999999,44601.88,27221.366,0.9647446457990114,,0.0
2021-06-30,5.835999999999999,5.866,5.896,5.805999999999999,22737.11,13777.334,0.9648026315789472,,0.0
2021-07-01,5.856,5.805999999999999,5.906,5.795999999999999,32247.48,19476.796,0.9644518272425248,,0.0
2021-07-02,5.805999999999999,5.786,5.845999999999999,5.776,23475.0,14139.087,0.9643333333333332,,0.0
2021-07-05,5.826,5.826,5.856,5.786,22948.02,13843.323,0.964569536423841,,0.0
2021-07-06,5.845999999999999,5.816,5.856,5.795999999999999,26302.0,15867.007,0.9645107794361524,,0.0
2021-07-07,5.795999999999999,5.835999999999999,5.856,5.776,29103.92,17562.96,0.9646280991735536,,0.0
2021-07-08,5.845999999999999,5.726,5.845999999999999,5.706,52216.0,31179.541,0.963973063973064,,0.0
2021-07-09,5.706,5.805999999999999,5.835999999999999,5.696,31049.0,18583.383,0.9644518272425248,,0.0
2021-07-12,5.835999999999999,5.805999999999999,5.866,5.805999999999999,34123.0,20643.475,0.9644518272425248,,0.0
2021-07-13,5.845999999999999,5.795999999999999,5.925999999999999,5.766,27538.0,16562.348,0.9643926788685524,,0.0
2021-07-14,5.726,5.326,5.726,5.236,154747.09,86941.365,0.9613718411552346,,0.0
2021-07-15,5.326,5.076,5.335999999999999,5.026,93887.51,50108.918,0.959546313799622,,0.0
2021-07-16,5.076,5.095999999999999,5.135999999999999,5.036,37975.69,20163.235,0.95969868173258,,0.0
2021-07-19,5.095999999999999,5.066,5.116,5.045999999999999,26878.5,14211.665,0.9594696969696968,,0.0
2021-07-20,4.996,5.026,5.055999999999999,4.976,30222.8,15784.219,0.9591603053435114,,0.0
2021-07-21,5.026,5.135999999999999,5.215999999999999,5.016,71764.59,38340.947,0.96,,0.0
2021-07-22,5.156,5.095999999999999,5.166,5.076,49136.0,26198.061,0.95969868173258,,0.0
2021-07-23,5.095999999999999,5.126,5.135999999999999,5.026,38653.41,20519.567,0.9599250936329587,,0.0
2021-07-26,5.126,4.946,5.126,4.885999999999999,52038.52,26908.096,0.9585271317829456,,0.0
2021-07-27,4.936,4.936,5.036,4.906,34369.8,17839.615,0.9584466019417476,,0.0
2021-07-28,4.936,4.726,4.946,4.706,55403.08,27566.17,0.9566801619433196,,0.0
2021-07-29,4.755999999999999,4.755999999999999,4.805999999999999,4.746,29106.0,14515.267,0.9569416498993965,,0.0
2021-07-30,4.726,4.755999999999999,4.776,4.666,29438.5,14541.71,0.9569416498993965,,0.0
2021-08-02,4.776,5.005999999999999,5.026,4.776,61805.64,31776.398,0.9590038314176244,,0.0
2021-08-03,5.135999999999999,5.045999999999999,5.266,5.036,83607.0,44698.471,0.959315589353612,,0.0
2021-08-04,4.986,5.255999999999999,5.496,4.976,110744.94,61090.192,0.9608775137111516,,0.0
2021-08-05,5.255999999999999,5.186,5.255999999999999,5.085999999999999,70682.24,38073.788,0.9603703703703704,,0.0
2021-08-06,5.186,5.175999999999999,5.246,5.116,40205.06,21690.519,0.9602968460111316,,0.0
2021-08-09,5.156,5.196,5.206,5.116,32879.81,17710.017,0.9604436229205174,,0.0
2021-08-10,5.166,5.196,5.266,5.156,42767.76,23178.084,0.9604436229205174,,0.0
2021-08-11,5.246,5.305999999999999,5.305999999999999,5.175999999999999,59095.16,32256.081,0.9612318840579708,,0.0
2021-08-12,5.356,5.436,5.505999999999999,5.276,89699.51,50407.363,0.9621238938053096,,0.0
2021-08-13,5.425999999999999,5.366,5.436,5.326,51543.85,28764.018,0.9616487455197132,,0.0
2021-08-16,5.376,5.526,5.666,5.316,116918.07,66927.541,0.9627177700348432,,0.0
2021-08-17,5.585999999999999,5.425999999999999,5.885999999999999,5.385999999999999,158016.78,92219.792,0.9620567375886524,,0.0
2021-08-18,5.316,5.396,5.516,5.316,81999.67,46034.212,0.9618538324420676,,0.0
2021-08-19,5.396,5.246,5.465999999999999,5.226,85357.26,47284.225,0.9608058608058608,,0.0
2021-08-20,5.246,5.246,5.316,5.166,65309.9,35527.511,0.9608058608058608,,0.0
2021-08-23,5.266,5.326,5.396,5.255999999999999,41575.0,23117.151,0.9613718411552346,,0.0
2021-08-24,5.385999999999999,5.385999999999999,5.456,5.305999999999999,47430.5,26498.555,0.9617857142857142,,0.0
2021-08-25,5.465999999999999,5.425999999999999,5.465999999999999,5.326,48896.66,27438.045,0.9620567375886524,,0.0
2021-08-26,5.366,5.345999999999999,5.465999999999999,5.326,53251.14,29838.13,0.9615107913669064,,0.0
2021-08-27,5.326,5.316,5.416,5.305999999999999,43813.39,24402.477,0.9613019891500904,,0.0
2021-08-30,5.246,5.345999999999999,5.376,5.236,43083.8,23890.397,0.9615107913669064,,0.0
2021-08-31,5.345999999999999,5.255999999999999,5.376,5.196,42395.48,23233.376,0.9608775137111516,,0.0
2021-09-01,5.266,5.196,5.316,5.156,40022.0,21785.788,0.9604436229205174,,0.0
2021-09-02,5.196,5.255999999999999,5.286,5.156,40361.64,21939.888,0.9608775137111516,,0.0
2021-09-03,5.236,5.286,5.326,5.226,37681.0,20694.943,0.961090909090909,,0.0
2021-09-06,5.326,5.276,5.326,5.196,36834.97,20134.992,0.9610200364298724,,0.0
2021-09-07,5.255999999999999,5.266,5.286,5.236,32022.0,17545.946,0.9609489051094888,,0.0
2021-09-08,5.286,5.366,5.376,5.246,58431.35,32356.141,0.9616487455197132,,0.0
2021-09-09,5.366,5.356,5.406,5.305999999999999,49976.0,27822.72,0.9615798922800718,,0.0
2021-09-10,5.396,5.266,5.416,5.246,51887.78,28625.595,0.9609489051094888,,0.0
2021-09-13,5.266,5.276,5.286,5.215999999999999,27307.32,14944.297,0.9610200364298724,,0.0
2021-09-14,5.266,5.146,5.316,5.135999999999999,58358.0,31721.16,0.9600746268656716,,0.0
2021-09-15,5.166,5.146,5.166,5.095999999999999,30093.2,16060.545,0.9600746268656716,,0.0
2021-09-16,5.156,4.996,5.175999999999999,4.976,39200.5,20697.85,0.9589251439539348,,0.0
2021-09-17,5.016,4.916,5.076,4.876,42728.0,22054.749,0.9582846003898636,,0.0
2021-09-22,4.916,4.986,5.066,4.866,31481.02,16356.698,0.9588461538461538,,0.0
2021-09-23,5.005999999999999,5.026,5.066,5.005999999999999,30286.0,15894.972,0.9591603053435114,,0.0
2021-09-24,5.036,4.925999999999999,5.055999999999999,4.916,26486.0,13699.276,0.9583657587548636,,0.0
2021-09-27,4.956,4.805999999999999,4.986,4.776,41192.4,20815.139,0.9573705179282868,,0.0
2021-09-28,4.816,4.816,4.835999999999999,4.766,17730.0,8897.815,0.957455268389662,,0.0
2021-09-29,4.805999999999999,4.755999999999999,4.805999999999999,4.736,23417.0,11666.079,0.9569416498993965,,0.0
2021-09-30,4.726,4.766,4.786,4.726,18710.22,9303.165,0.9570281124497992,,0.0
2021-10-08,4.805999999999999,4.856,4.876,4.786,23915.72,12084.791,0.9577909270216962,,0.0
2021-10-11,4.856,4.866,4.885999999999999,4.816,18388.12,9315.54,0.9578740157480314,,0.0
2021-10-12,4.835999999999999,4.805999999999999,4.856,4.776,19808.0,9947.433,0.9573705179282868,,0.0
2021-10-13,4.795999999999999,4.835999999999999,4.866,4.776,21382.0,10785.918,0.9576237623762376,,0.0
2021-10-14,4.776,4.776,4.795999999999999,4.706,26890.95,13351.052,0.9571142284569136,,0.0
2021-10-15,4.776,4.715999999999999,4.776,4.706,17827.0,8828.007,0.9565922920892496,,0.0
2021-10-18,4.746,4.835999999999999,4.866,4.616,35750.13,17853.901,0.9576237623762376,,0.0
2021-10-19,4.835999999999999,4.746,4.856,4.726,21406.13,10679.079,0.9568548387096774,,0.0
2021-10-20,4.786,4.826,4.936,4.726,37076.53,18683.827,0.9575396825396824,,0.0
2021-10-21,4.845999999999999,4.746,4.845999999999999,4.726,19699.0,9819.382,0.9568548387096774,,0.0
2021-10-22,4.746,4.706,4.805999999999999,4.696,17234.82,8533.515,0.9565040650406504,,0.0
2021-10-25,4.715999999999999,4.715999999999999,4.746,4.675999999999999,12694.0,6260.899,0.9565922920892496,,0.0
2021-10-26,4.726,4.686,4.736,4.686,16328.0,8042.729,0.9563265306122448,,0.0
2021-10-27,4.706,4.595999999999999,4.726,4.585999999999999,24648.0,11916.972,0.9555093555093556,,0.0
2021-10-28,4.536,4.335999999999999,4.595999999999999,4.326,50908.26,23498.203,0.9529670329670328,,0.0
2021-10-29,4.425999999999999,4.496,4.526,4.376,43258.02,20258.301,0.9545647558386412,,0.0
2021-11-01,4.516,4.516,4.536,4.456,16692.0,7880.301,0.9547568710359408,,0.0
2021-11-02,4.486,4.436,4.566,4.385999999999999,24412.7,11426.862,0.9539784946236558,,0.0
2021-11-03,4.425999999999999,4.446,4.496,4.366,35766.91,16600.213,0.954077253218884,,0.0
2021-11-04,4.465999999999999,4.916,4.916,4.456,77654.82,39307.665,0.9582846003898636,,0.0
2021-11-05,4.916,4.965999999999999,5.135999999999999,4.856,187832.0,97796.232,0.9586872586872586,,0.0
2021-11-08,5.045999999999999,4.936,5.045999999999999,4.856,93054.34,48122.291,0.9584466019417476,,0.0
2021-11-09,4.896,4.976,4.976,4.856,59435.38,30593.478,0.958766859344894,,0.0
2021-11-10,4.916,4.956,4.956,4.856,42989.25,21993.692,0.9586073500967116,,0.0
2021-11-11,4.916,4.906,4.976,4.885999999999999,45806.82,23523.359,0.958203125,,0.0
2021-11-12,4.916,4.946,4.965999999999999,4.856,43402.6,22280.085,0.9585271317829456,,0.0
2021-11-15,4.986,5.045999999999999,5.066,4.956,69352.57,36377.798,0.959315589353612,,0.0
2021-11-16,5.016,4.986,5.095999999999999,4.986,33884.29,17763.306,0.9588461538461538,,0.0
2021-11-17,5.005999999999999,5.106,5.135999999999999,5.005999999999999,52098.52,27561.152,0.9597744360902256,,0.0
2021-11-18,5.106,5.045999999999999,5.135999999999999,5.026,37663.87,19860.769,0.959315589353612,,0.0
2021-11-19,5.076,5.106,5.135999999999999,4.916,58852.45,30998.941,0.9597744360902256,,0.0
2021-11-22,5.126,5.126,5.196,5.106,47827.95,25608.381,0.9599250936329587,,0.0
2021-11-23,5.196,5.236,5.266,5.126,63856.72,34738.437,0.9607339449541284,,0.0
2021-11-24,5.236,5.156,5.236,5.135999999999999,39416.24,21228.903,0.9601489757914338,,0.0
2021-11-25,5.175999999999999,5.135999999999999,5.236,5.076,50991.81,27293.644,0.96,,0.0
2021-11-26,5.135999999999999,5.126,5.156,5.055999999999999,35227.0,18694.395,0.9599250936329587,,0.0
2021-11-29,5.036,5.055999999999999,5.116,4.996,47124.0,24795.105,0.959392789373814,,0.0
2021-11-30,5.066,5.116,5.316,5.066,77951.86,42116.881,0.9598499061913696,,0.0
2021-12-01,5.175999999999999,5.166,5.206,5.126,62486.8,33589.847,0.9602230483271376,,0.0
2021-12-02,5.126,5.286,5.376,5.126,136638.86,74735.008,0.961090909090909,,0.0
2021-12-03,5.295999999999999,5.206,5.305999999999999,5.175999999999999,83541.88,45349.577,0.9605166051660516,,0.0
2021-12-06,5.196,5.175999999999999,5.236,5.085999999999999,56275.0,30131.913,0.9602968460111316,,0.0
2021-12-07,5.236,4.965999999999999,5.236,4.956,86564.0,45341.59,0.9586872586872586,,0.0
2021-12-08,4.996,4.996,5.016,4.946,41204.74,21386.115,0.9589251439539348,,0.0
2021-12-09,4.986,5.276,5.305999999999999,4.986,163843.0,88664.253,0.9610200364298724,,0.0
2021-12-10,5.226,5.255999999999999,5.286,5.135999999999999,72025.0,39094.377,0.9608775137111516,,0.0
2021-12-13,5.276,5.226,5.276,5.166,68007.02,36802.481,0.9606617647058824,,0.0
2021-12-14,5.276,5.166,5.345999999999999,5.135999999999999,131388.0,71229.712,0.9602230483271376,,0.0
2021-12-15,5.146,5.135999999999999,5.186,5.095999999999999,58857.77,31521.323,0.96,,0.0
2021-12-16,5.186,5.236,5.286,5.106,78767.0,42731.529,0.9607339449541284,,0.0
2021-12-17,5.295999999999999,5.456,5.516,5.186,233015.1,130659.029,0.9622574955908288,,0.0
2021-12-20,5.436,5.376,5.545999999999999,5.345999999999999,120784.24,68240.768,0.9617173524150268,,0.0
2021-12-21,5.366,5.606,5.666,5.335999999999999,143459.28,82658.036,0.963230240549828,,0.0
2021-12-22,5.656,5.516,5.746,5.436,163137.02,93902.003,0.962652705061082,,0.0
2021-12-23,5.476,5.436,5.536,5.406,91275.0,51807.529,0.9621238938053096,,0.0
2021-12-24,5.536,5.345999999999999,5.566,5.335999999999999,77661.2,43682.961,0.9615107913669064,,0.0
2021-12-27,5.335999999999999,5.385999999999999,5.406,5.246,56034.0,31068.686,0.9617857142857142,,0.0
2021-12-28,5.496,5.446,5.536,5.385999999999999,90932.0,51503.699,0.962190812720848,,0.0
2021-12-29,5.356,5.505999999999999,5.566,5.186,119129.92,67315.568,0.9625874125874124,,0.0
2021-12-30,5.486,5.476,5.526,5.425999999999999,59273.0,33678.874,0.962390158172232,,0.0
2021-12-31,5.476,5.456,5.536,5.425999999999999,55265.0,31478.912,0.9622574955908288,,0.0
2022-01-04,5.486,5.595999999999999,5.715999999999999,5.446,122871.0,71074.297,0.9631669535283992,,0.0
2022-01-05,5.576,5.606,5.646,5.456,82383.0,47516.314,0.963230240549828,,0.0
2022-01-06,5.595999999999999,5.866,5.916,5.555999999999999,181715.56,109593.937,0.9648026315789472,,0.0
2022-01-07,5.835999999999999,5.696,5.965999999999999,5.696,137688.52,83232.641,0.9637901861252114,,0.0
2022-01-10,5.786,5.646,5.786,5.606,85150.44,50016.78,0.963481228668942,,0.0
2022-01-11,5.656,5.616,5.755999999999999,5.576,82120.82,48138.59,0.9632933104631216,,0.0
2022-01-12,5.635999999999999,5.646,5.706,5.616,55802.0,32707.728,0.963481228668942,,0.0
2022-01-13,5.635999999999999,5.606,5.686,5.595999999999999,48063.0,28058.067,0.963230240549828,,0.0
2022-01-14,5.576,5.406,5.635999999999999,5.396,88794.23,50698.378,0.9619217081850532,,0.0
2022-01-17,5.425999999999999,5.555999999999999,5.606,5.425999999999999,72717.87,41892.158,0.9629116117850952,,0.0
2022-01-18,5.555999999999999,5.456,5.585999999999999,5.446,43770.38,24919.631,0.9622574955908288,,0.0
2022-01-19,5.465999999999999,5.425999999999999,5.536,5.396,39339.51,22306.382,0.9620567375886524,,0.0
2022-01-20,5.456,5.246,5.476,5.226,58988.0,32568.236,0.9608058608058608,,0.0
2022-01-21,5.196,5.236,5.326,5.196,28729.2,15726.373,0.9607339449541284,,0.0
2022-01-24,5.236,5.156,5.295999999999999,5.146,30266.02,16368.288,0.9601489757914338,,0.0
2022-01-25,5.135999999999999,4.896,5.175999999999999,4.885999999999999,48328.0,25198.491,0.9581213307240704,,0.0
2022-01-26,4.906,4.946,4.976,4.845999999999999,30865.0,15842.179,0.9585271317829456,,0.0
2022-01-27,4.976,4.766,4.976,4.746,38878.76,19544.026,0.9570281124497992,,0.0
2022-01-28,4.776,4.826,4.876,4.726,31438.45,15791.682,0.9575396825396824,,0.0
2022-02-07,4.896,4.885999999999999,4.936,4.835999999999999,30470.0,15566.241,0.9580392156862744,,0.0
2022-02-08,4.925999999999999,5.045999999999999,5.066,4.866,39000.0,20330.322,0.959315589353612,,0.0
2022-02-09,5.045999999999999,5.066,5.106,5.036,28457.02,15035.696,0.9594696969696968,,0.0
2022-02-10,5.085999999999999,5.036,5.085999999999999,5.005999999999999,28143.0,14791.052,0.9592380952380952,,0.0
2022-02-11,5.036,4.936,5.066,4.925999999999999,32581.0,16835.144,0.9584466019417476,,0.0
2022-02-14,4.925999999999999,4.976,5.026,4.896,21772.44,11315.708,0.958766859344894,,0.0
2022-02-15,4.946,4.946,4.996,4.906,19943.0,10288.852,0.9585271317829456,,0.0
2022-02-16,4.996,4.996,5.026,4.965999999999999,21318.3,11119.108,0.9589251439539348,,0.0
2022-02-17,5.005999999999999,4.925999999999999,5.026,4.916,24519.0,12685.301,0.9583657587548636,,0.0
2022-02-18,4.956,4.965999999999999,4.965999999999999,4.835999999999999,25736.02,13188.122,0.9586872586872586,,0.0
2022-02-21,4.956,5.026,5.036,4.916,33960.47,17712.935,0.9591603053435114,,0.0
2022-02-22,4.986,5.026,5.055999999999999,4.956,33881.47,17691.251,0.9591603053435114,,0.0
2022-02-23,5.036,5.045999999999999,5.066,4.986,28503.2,14939.304,0.959315589353612,,0.0
2022-02-24,5.045999999999999,4.885999999999999,5.085999999999999,4.816,46015.3,23775.631,0.9580392156862744,,0.0
2022-02-25,4.906,4.906,4.976,4.845999999999999,22988.0,11821.69,0.958203125,,0.0
2022-02-28,4.936,4.845999999999999,4.936,4.786,24639.69,12445.165,0.9577075098814228,,0.0
2022-03-01,4.866,4.916,4.925999999999999,4.845999999999999,20050.96,10237.108,0.9582846003898636,,0.0
2022-03-02,4.885999999999999,4.936,4.956,4.856,20362.65,10471.057,0.9584466019417476,,0.0
2022-03-03,4.956,4.996,5.036,4.906,35971.0,18634.608,0.9589251439539348,,0.0
2022-03-04,4.996,4.896,4.996,4.885999999999999,27792.0,14291.236,0.9581213307240704,,0.0
2022-03-07,4.906,4.835999999999999,4.916,4.826,19030.0,9659.916,0.9576237623762376,,0.0
2022-03-08,4.876,4.696,4.876,4.686,37370.65,18574.308,0.9564154786150711,,0.0
2022-03-09,4.726,4.545999999999999,4.746,4.376,37940.65,18156.916,0.9550420168067226,,0.0
2022-03-10,4.646,4.656,4.715999999999999,4.626,26011.0,12692.334,0.9560574948665296,,0.0
2022-03-11,4.626,4.686,4.706,4.486,20237.0,9702.018,0.9563265306122448,,0.0
2022-03-14,4.696,4.646,4.885999999999999,4.635999999999999,36869.0,18337.434,0.9559670781893004,,0.0
2022-03-15,4.616,4.376,4.656,4.366,36450.0,17204.062,0.9533769063180828,,0.0
2022-03-16,4.465999999999999,4.496,4.516,4.286,37234.48,17303.038,0.9545647558386412,,0.0
2022-03-17,4.516,4.555999999999999,4.726,4.516,52831.78,25400.815,0.9551362683438154,,0.0
2022-03-18,4.496,4.616,4.635999999999999,4.486,35079.0,16843.898,0.9556935817805382,,0.0
2022-03-21,4.656,4.715999999999999,4.766,4.616,38721.07,19018.38,0.9565922920892496,,0.0
2022-03-22,4.686,4.746,4.795999999999999,4.666,27749.95,13722.907,0.9568548387096774,,0.0
2022-03-23,4.786,4.786,4.826,4.746,40678.0,20328.533,0.9572,,0.0
2022-03-24,4.786,4.686,4.805999999999999,4.686,42009.74,20831.163,0.9563265306122448,,0.0
2022-03-25,4.666,4.786,4.916,4.656,73561.8,36943.227,0.9572,,0.0
2022-03-28,4.755999999999999,4.766,4.826,4.635999999999999,50256.34,24978.23,0.9570281124497992,,0.0
2022-03-29,4.835999999999999,4.696,4.845999999999999,4.686,39101.97,19386.425,0.9564154786150711,,0.0
2022-03-30,4.736,4.715999999999999,4.736,4.656,29808.02,14634.566,0.9565922920892496,,0.0
2022-03-31,4.715999999999999,4.686,4.766,4.675999999999999,28114.0,13865.912,0.9563265306122448,,0.0
2022-04-01,4.686,4.666,4.706,4.626,24598.0,11993.383,0.9561475409836064,,0.0
2022-04-06,4.686,4.776,4.816,4.675999999999999,44088.0,22002.588,0.9571142284569136,,0.0
2022-04-07,4.776,4.646,4.786,4.646,33780.0,16612.134,0.9559670781893004,,0.0
2022-04-08,4.635999999999999,4.616,4.696,4.545999999999999,25110.0,12110.712,0.9556935817805382,,0.0
2022-04-11,4.635999999999999,4.446,4.646,4.416,31844.54,15086.434,0.954077253218884,,0.0
2022-04-12,4.446,4.606,4.646,4.416,27563.0,13060.716,0.9556016597510372,,0.0
2022-04-13,4.776,4.776,4.866,4.606,69514.21,34358.01,0.9571142284569136,,0.0
2022-04-14,4.876,5.255999999999999,5.276,4.795999999999999,410661.39,223073.81,0.9608775137111516,,0.0
2022-04-15,4.816,4.866,5.126,4.706,343855.49,172515.846,0.9578740157480314,,0.0
2022-04-18,4.795999999999999,4.776,4.816,4.635999999999999,158235.85,77976.368,0.9571142284569136,,0.0
2022-04-19,4.786,4.845999999999999,5.005999999999999,4.776,158316.69,80370.524,0.9577075098814228,,0.0
2022-04-20,4.805999999999999,4.946,5.116,4.805999999999999,195077.91,101518.576,0.9585271317829456,,0.0
2022-04-21,4.835999999999999,4.715999999999999,4.986,4.706,120043.19,60524.872,0.9565922920892496,,0.0
2022-04-22,4.706,4.516,4.706,4.465999999999999,101410.54,48453.649,0.9547568710359408,,0.0
2022-04-25,4.406,4.055999999999999,4.446,4.045999999999999,115296.35,51129.668,0.9498829039812644,,0.0
2022-04-26,4.036,3.796,4.076,3.776,72513.0,30118.716,0.9466334164588528,,0.0
2022-04-27,3.816,3.876,3.906,3.636,64022.14,25531.934,0.947677261613692,,0.0
2022-04-28,3.916,3.816,3.916,3.706,45117.0,18160.083,0.9468982630272952,,0.0
2022-04-29,3.836,3.946,3.976,3.836,51892.21,21514.876,0.9485576923076924,,0.0
2022-05-05,3.936,4.135999999999999,4.226,3.886,84844.22,36439.969,0.9508045977011492,,0.0
2022-05-06,4.126,4.005999999999999,4.126,3.976,61053.0,25876.98,0.9492890995260662,,0.0
2022-05-09,3.986,4.076,4.266,3.916,67262.65,28851.255,0.95011655011655,,0.0
2022-05-10,4.026,4.055999999999999,4.066,3.966,46077.22,19489.917,0.9498829039812644,,0.0
2022-05-11,4.026,4.055999999999999,4.206,4.026,53086.0,23000.722,0.9498829039812644,,0.0
2022-05-12,4.005999999999999,4.126,4.156,3.996,44672.75,19264.173,0.9506912442396313,,0.0
2022-05-13,4.186,4.555999999999999,4.555999999999999,4.175999999999999,163101.87,76914.284,0.9551362683438154,,0.0
2022-05-16,5.036,5.036,5.036,4.946,232301.17,121903.423,0.9592380952380952,,0.0
2022-05-17,5.236,5.566,5.566,4.816,389485.69,216093.919,0.9629757785467128,,0.0
2022-05-18,6.146,6.146,6.146,6.146,65954.1,41946.808,0.9663522012578616,,0.0
2022-05-19,6.786,6.786,6.786,6.786,262782.06,183947.442,0.9694285714285714,,0.0
2022-05-20,7.486,7.486,7.486,7.486,99020.73,76245.962,0.9722077922077922,,0.0
2022-05-23,8.186,8.256,8.256,7.875999999999999,1307465.62,1098583.587,0.9747343565525384,,0.0
2022-05-24,9.106,9.106,9.106,8.985999999999999,764237.71,712184.825,0.977038626609442,,0.0
2022-05-25,9.286,10.036,10.036,9.256,1403520.25,1392652.275,0.9791219512195122,,0.0
2022-05-26,10.566,11.066,11.066,9.886,1429880.89,1555332.124,0.9810283687943262,,0.0
2022-05-27,11.336,12.196,12.196,11.066,675310.92,806512.851,0.9827558420628524,,0.0
2022-05-30,13.286,13.436,13.436,12.596,1279350.25,1716148.025,0.9843223443223444,,0.0
2022-05-31,14.086,14.806,14.806,13.166,1449274.09,2073595.222,0.9857523302263648,,0.0
2022-06-01,14.776,15.786,16.306,14.006,1513974.29,2344486.463,0.986625,,0.0
2022-06-10,14.796,15.586,17.286,14.796,2254706.74,3607431.74,0.9864556962025316,,0.0
2022-06-13,14.786,15.856,15.865999999999998,14.346,1772831.7,2718501.592,0.9866832607342876,,0.0
2022-06-14,15.486,16.536,16.986,14.896,1949630.37,3190597.149,0.987223880597015,,0.0
2022-06-15,16.286,17.446,18.136000000000003,16.126,2035813.21,3591773.291,0.9878822197055492,,0.0
2022-06-16,17.276,17.036,17.766000000000002,16.386000000000003,1673232.77,2887970.529,0.9875942028985508,,0.0
2022-06-17,17.136000000000003,18.766,18.766,17.086000000000002,1496701.44,2744889.49,0.9887249736564806,,0.0
2022-06-20,19.136000000000003,20.666,20.666,18.836,1722192.71,3436663.544,0.989750957854406,,0.0
2022-06-21,20.046000000000003,21.106,21.276,19.736,1661563.5,3469840.933,0.9899624765478424,,0.0
2022-07-06,18.976000000000003,18.976000000000003,19.906,18.976000000000003,314456.59,607374.395,0.9888483585200626,,0.0
2022-07-07,17.056,20.896,20.896,17.056,2230557.93,4275348.793,0.98986262434865,,0.0
2022-07-08,18.896,18.786,19.866,18.786,1711704.36,3307122.578,0.9887368421052632,,0.0
2022-07-11,18.006,19.226000000000003,19.676,17.456000000000003,1363529.68,2602221.231,0.9889917695473252,,0.0
2022-07-12,19.386000000000003,20.166,20.166,18.546000000000003,1378022.73,2709921.74,0.9894995093228656,,0.0
2022-07-13,19.536,20.886000000000003,21.786,19.386000000000003,1631918.23,3441307.958,0.9898578199052134,,0.0
2022-07-14,20.896,22.996,22.996,20.506,1612106.52,3593552.387,0.9907798362774668,,0.0
2022-07-15,22.606,23.936,23.936,22.006,1334420.91,3103736.616,0.9911387163561076,,0.0
2022-07-18,24.016,25.216,25.216,23.646,1251326.99,3103202.842,0.9915847424302006,,0.0
2022-07-19,27.286,22.676,27.756,22.676,2343251.3,5945531.562,0.9906509392747924,,0.0
2022-07-20,20.386000000000003,20.386000000000003,20.386000000000003,20.386000000000003,115137.0,237182.22,0.989611650485437,,0.0
2022-07-21,18.326,18.386000000000003,20.236,18.326,2267260.4,4293280.729,0.988494623655914,,0.0
2022-07-22,17.456000000000003,17.776,18.366,17.456000000000003,1364536.26,2458983.593,0.9881045025013896,,0.0
2022-07-25,17.966,18.786,19.236,17.066000000000003,1645062.17,2988736.635,0.9887368421052632,,0.0
2022-07-26,18.206000000000003,18.006,19.176,17.986,1468097.33,2751714.679,0.9882546652030736,,0.0
2022-07-27,17.846,17.376,18.136000000000003,17.216,1163512.51,2077208.102,0.9878339965889712,,0.0
2022-07-28,17.386000000000003,17.596,17.736,17.236,909050.91,1610495.036,0.9879842784952276,,0.0
2022-07-29,17.496000000000002,17.496000000000002,18.106,17.186,955748.35,1708424.911,0.9879164313946924,,0.0
2022-08-01,17.186,18.426,18.686,16.916,1278226.28,2327665.084,0.9885193133047212,,0.0
2022-08-02,18.156,16.786,18.156,16.786,1095037.52,1944782.915,0.9874117647058824,,0.0
2022-08-03,16.986,17.816000000000003,18.486,16.986,1812071.95,3330234.848,0.9881308929561842,,0.0
2022-08-04,16.586000000000002,16.746000000000002,17.096,16.016000000000002,1511480.18,2522777.464,0.9873820754716982,,0.0
2022-08-05,16.726000000000003,15.766,16.736,15.636,940990.16,1526620.565,0.9866082603254068,,0.0
2022-08-08,15.586,16.016000000000002,16.116,15.446,629909.69,1017080.832,0.986814540973506,,0.0
2022-08-09,16.696,16.236,17.326,16.236,1176597.9,1995497.181,0.9869908814589666,,0.0
2022-08-10,16.606,17.086000000000002,17.886000000000003,16.606,1837823.94,3253379.753,0.9876300578034682,,0.0
2022-08-11,16.186,16.246000000000002,16.466,15.886,1228585.55,2009676.591,0.9869987849331714,,0.0
2022-08-12,16.186,16.576,16.696,15.876,880114.56,1452793.417,0.9872543180464564,,0.0
2022-08-15,16.396,17.506,18.176,16.246000000000002,1287082.43,2261913.228,0.9879232505643342,,0.0
2022-08-16,18.086,18.166,18.506,17.456000000000003,1180728.47,2160150.247,0.9883569096844396,,0.0
2022-08-17,18.056,18.766,19.936,17.866,1629115.71,3138298.159,0.9887249736564806,,0.0
2022-08-18,18.976000000000003,18.606,19.286,17.846,1195954.47,2238944.415,0.9886291179596176,,0.0
2022-08-19,18.406,17.036,18.546000000000003,16.876,897975.59,1603425.697,0.9875942028985508,,0.0
2022-08-22,16.896,17.746000000000002,18.046000000000003,16.896,778713.73,1387066.863,0.988084632516704,,0.0
2022-08-23,17.416,17.666,17.726000000000003,16.986,641252.46,1123878.088,0.9880313199105146,,0.0
2022-08-24,18.026,18.136000000000003,18.436,17.326,1044470.36,1906809.49,0.9883378746594006,,0.0
2022-08-25,17.786,18.496,18.566000000000003,17.226000000000003,945495.12,1709758.126,0.9885622661678248,,0.0
2022-08-26,18.676,17.216,18.806,16.696,950037.75,1744010.733,0.9877223178427998,,0.0
2022-08-29,17.086000000000002,17.446,17.566000000000003,16.796000000000003,646076.37,1123490.602,0.9878822197055492,,0.0
2022-08-30,17.236,16.666,17.466,16.446,603871.15,1034744.227,0.9873222748815168,,0.0
2022-08-31,16.586000000000002,16.126,17.046000000000003,15.966,633817.38,1066033.189,0.986903304773562,,0.0
2022-09-01,15.816,16.426000000000002,16.566000000000003,15.816,595151.24,982391.752,0.9871394230769232,,0.0
2022-09-02,16.326,16.776,16.886000000000003,16.036,577326.5,961332.572,0.9874043555032372,,0.0
2022-09-05,16.486,16.246000000000002,16.656000000000002,15.666,595156.98,976374.68,0.9869987849331714,,0.0
2022-09-06,16.186,16.496000000000002,16.786,16.076,648315.88,1083201.395,0.9871932974266908,,0.0
2022-09-07,16.296000000000003,16.836000000000002,17.056,15.786,903479.1,1497451.151,0.9874486803519062,,0.0
2022-09-08,16.746000000000002,17.216,18.036,16.636000000000003,1211830.67,2130888.655,0.9877223178427998,,0.0
2022-09-09,16.956000000000003,16.406000000000002,17.156000000000002,16.056,803175.2,1339114.274,0.987123947051745,,0.0
2022-09-13,16.236,16.406000000000002,16.656000000000002,16.046000000000003,500934.54,828837.89,0.987123947051745,,0.0
2022-09-14,16.106,16.096,16.476000000000003,15.845999999999998,499370.34,816736.17,0.9868792152053956,,0.0
2022-09-15,16.096,15.845999999999998,16.766000000000002,15.836,588434.69,968336.914,0.9866749688667495,,0.0
2022-09-16,15.386,15.176,15.756,15.086,537909.67,840164.176,0.9860948667966212,,0.0
2022-09-19,15.086,15.516,15.886,14.986,524657.93,823705.273,0.9863954227590592,,0.0
2022-09-20,15.686,16.036,16.506,15.606,759375.23,1236134.759,0.9868307692307692,,0.0
2022-09-21,15.696,17.666,17.666,15.446,890737.01,1490341.598,0.9880313199105146,,0.0
2022-09-22,17.786,15.876,18.036,15.876,1614985.78,2769762.2,0.986699813548788,,0.0
2022-09-23,14.786,14.506,15.236,14.306,1123773.41,1684442.313,0.9854619565217392,,0.0
2022-09-26,14.296,13.896,14.376,13.816,729424.91,1043865.469,0.9848334514528704,,0.0
2022-09-27,14.076,14.156,14.226,13.816,550834.58,785471.525,0.985107863604732,,0.0
2022-09-28,13.956,13.336,14.046,13.226,666983.63,922558.775,0.9842066420664206,,0.0
2022-09-29,13.536,13.426,13.576,13.246,451268.37,614307.731,0.9843108504398826,,0.0
2022-09-30,13.336,12.686,13.406,12.646,570184.84,749311.853,0.9834108527131784,,0.0
2022-10-10,12.836,12.886,13.486,12.746,551487.06,734490.039,0.9836641221374044,,0.0
2022-10-11,12.906,13.086,13.236,12.806,417910.85,553642.14,0.9839097744360902,,0.0
2022-10-12,12.986,13.546,13.666,12.886,597432.53,806360.629,0.9844476744186046,,0.0
2022-10-13,13.336,13.216,13.516,13.156,490334.15,663332.097,0.9840655249441548,,0.0
2022-10-14,13.276,13.356,13.616,13.166,545969.46,743229.253,0.9842299189388356,,0.0
2022-10-17,13.086,13.636,13.726,12.936,598959.6,814611.342,0.9845487364620938,,0.0
2022-10-18,13.876,13.406,13.956,13.296,598744.49,825410.433,0.984287812041116,,0.0
2022-10-19,13.186,13.666,14.766,13.156,1052475.16,1503126.595,0.9845821325648416,,0.0
2022-10-20,13.446,13.176,13.566,12.766,758035.85,1007226.381,0.9840179238237492,,0.0
2022-10-21,13.086,12.876,13.216,12.786,404818.41,533199.786,0.983651642475172,,0.0
2022-10-24,12.996,12.816,13.336,12.606,399167.66,526460.064,0.9835763622409824,,0.0
2022-10-25,12.866,13.046,13.186,12.386,551125.89,721385.295,0.9838612368024132,,0.0
2022-10-26,12.896,13.516,14.156,12.886,1164260.24,1613040.089,0.9844136926438456,,0.0
2022-10-27,13.566,13.426,13.746,13.316,711033.96,976392.738,0.9843108504398826,,0.0
2022-10-28,13.316,12.556,13.326,12.066,875946.24,1115840.784,0.983241973375098,,0.0
2022-10-31,12.586,13.066,13.776,12.386,814632.61,1086671.826,0.9838855421686746,,0.0
2022-11-01,13.086,13.536,14.396,12.916,1307998.38,1815087.009,0.9844363636363636,,0.0
2022-11-02,13.976,14.916,14.916,13.636,1226122.88,1798339.397,0.9858559153998678,,0.0
2022-11-03,15.596,14.086,16.426000000000002,14.086,2275685.85,3583830.24,0.985034965034965,,0.0
2022-11-04,13.796,15.516,15.516,13.366,1963533.93,2913710.653,0.9863954227590592,,0.0
2022-11-07,15.516,15.686,16.146,14.886,1888712.53,2960297.209,0.9865408805031446,,0.0
2022-11-08,15.186,15.236,15.496,14.976,1008033.39,1550544.201,0.9861488673139158,,0.0
2022-11-09,15.036,14.786,15.406,14.686,919309.53,1395679.597,0.9857333333333334,,0.0
2022-11-10,14.526,14.826,15.136,14.486,816889.9,1234901.738,0.9857712765957448,,0.0
2022-11-11,15.136,14.626,15.286,14.496,843319.79,1263463.755,0.9855795148247978,,0.0
2022-11-14,14.426,14.086,14.606,13.996,654137.13,946271.169,0.985034965034965,,0.0
2022-11-15,14.066,14.426,14.586,13.986,595491.01,863952.572,0.985382513661202,,0.0
2022-11-16,14.246,14.136,14.536,14.086,454443.42,657556.654,0.9850871080139372,,0.0
2022-11-17,13.986,13.856,13.986,13.546,542077.43,756085.009,0.9847903340440654,,0.0
2022-11-18,13.886,13.306,13.936,13.286,472819.41,651571.248,0.984171597633136,,0.0
2022-11-21,13.036,13.666,13.776,13.036,478167.31,655302.026,0.9845821325648416,,0.0
2022-11-22,13.646,13.306,13.726,13.286,402388.78,551048.836,0.984171597633136,,0.0
2022-11-23,13.306,13.216,13.366,13.036,286512.4,383711.205,0.9840655249441548,,0.0
2022-11-24,13.226,13.406,13.646,13.186,389879.31,530373.565,0.984287812041116,,0.0
2022-11-25,13.266,12.966,13.276,12.846,353822.2,468640.484,0.9837632776934748,,0.0
2022-11-28,12.696,12.996,13.056,12.596,208416.74,272901.151,0.9838001514004542,,0.0
2022-11-29,12.996,13.276,13.346,12.946,305120.98,408656.654,0.9841363973313564,,0.0
2022-11-30,13.136,14.106,14.556,13.106,1184485.52,1683484.412,0.9850558659217876,,0.0
2022-12-01,14.106,13.676,14.336,13.596,819998.99,1154595.942,0.9845932325413966,,0.0
2022-12-02,13.486,13.266,13.486,13.226,442808.41,599631.318,0.9841246290801188,,0.0
2022-12-05,13.326,13.306,13.426,13.196,340916.86,460659.244,0.984171597633136,,0.0
2022-12-06,13.296,13.336,13.486,13.096,343856.95,465425.284,0.9842066420664206,,0.0
2022-12-07,13.226,13.436,13.666,13.186,445760.25,610082.331,0.9843223443223444,,0.0
2022-12-08,13.316,13.186,13.516,13.186,332880.49,449569.278,0.9840298507462686,,0.0
2022-12-09,13.176,13.036,13.246,13.006,246827.07,328168.306,0.9838490566037736,,0.0
2022-12-12,12.986,13.116,13.286,12.796,238291.69,315870.126,0.983945986496624,,0.0
2022-12-13,13.086,13.086,13.466,13.016,269861.84,362950.892,0.9839097744360902,,0.0
2022-12-14,12.976,12.776,13.036,12.746,284660.15,371608.91,0.9835257890685142,,0.0
2022-12-15,12.876,13.226,13.386,12.716,447666.65,597264.738,0.984077380952381,,0.0
2022-12-16,12.986,12.736,13.106,12.646,356477.0,466292.408,0.9834749034749034,,0.0
2022-12-19,12.786,12.956,13.286,12.786,373204.31,495351.37,0.9837509491268032,,0.0
2022-12-20,12.736,13.436,13.666,12.586,714442.54,958139.826,0.9843223443223444,,0.0
2022-12-21,13.186,12.886,13.246,12.786,475138.58,628020.324,0.9836641221374044,,0.0
2022-12-22,12.816,12.956,13.266,12.646,421043.68,554890.462,0.9837509491268032,,0.0
2022-12-23,12.686,12.276,12.776,12.206,405812.35,514789.5,0.9828662930344276,,0.0
2022-12-26,12.186,12.466,12.476,12.036,230459.09,289462.736,0.9831230283911672,,0.0
2022-12-27,12.446,12.556,12.586,12.196,274312.24,345608.17,0.983241973375098,,0.0
2022-12-28,12.386,12.096,12.466,12.046,252641.33,313186.929,0.9826157595450852,,0.0
2022-12-29,12.056,11.916,12.336,11.836,237288.22,291087.003,0.9823577906018136,,0.0
2022-12-30,12.086,11.876,12.236,11.866,224837.94,275052.166,0.9822994210090984,,0.0
2023-01-03,11.826,12.076,12.166,11.646,261885.52,318200.477,0.982587469487388,,0.0
2023-01-04,11.986,12.116,12.216,11.946,215887.53,265482.796,0.9826439578264397,,0.0
2023-01-05,12.286,12.136,12.386,12.086,271642.56,336776.033,0.982672064777328,,0.0
2023-01-06,12.016,12.126,12.366,11.986,260032.43,322419.046,0.9826580226904376,,0.0
2023-01-09,12.046,12.296,12.466,12.006,353366.15,442632.512,0.9828936850519584,,0.0
2023-01-10,12.256,12.426,12.586,12.016,508440.44,636848.384,0.9830696202531646,,0.0
2023-01-11,12.346,12.086,12.346,12.066,259898.51,321968.982,0.98260162601626,,0.0
2023-01-12,12.156,12.036,12.236,12.016,167685.0,206369.134,0.982530612244898,,0.0
2023-01-13,12.036,11.956,12.116,11.866,165215.81,201150.94,0.9824157764995892,,0.0
2023-01-16,11.956,11.996,12.156,11.866,147949.06,180650.484,0.9824733824733825,,0.0
2023-01-17,11.986,11.846,12.026,11.836,135022.17,163682.701,0.9822553897180762,,0.0
2023-01-18,11.866,11.926,12.106,11.846,134720.2,163904.702,0.9823723228995056,,0.0
2023-01-19,11.906,11.986,12.026,11.856,180401.77,219422.259,0.9824590163934426,,0.0
2023-01-20,12.056,12.136,12.166,11.976,265762.11,327427.001,0.982672064777328,,0.0
2023-01-30,12.446,12.376,12.776,12.356,481374.9,612684.723,0.9830023828435266,,0.0
2023-01-31,12.396,12.696,12.906,12.346,503471.94,650136.322,0.983423702556158,,0.0
2023-02-01,12.636,12.986,13.036,12.596,459097.7,600491.878,0.9837878787878788,,0.0
2023-02-02,12.836,12.716,12.936,12.686,326060.58,422857.487,0.9834493426140758,,0.0
2023-02-03,12.726,12.646,12.776,12.436,238315.56,304834.348,0.9833592534992224,,0.0
2023-02-06,13.036,12.696,13.256,12.626,321349.88,418660.718,0.983423702556158,,0.0
2023-02-07,12.696,12.736,12.876,12.626,218055.04,282487.061,0.9834749034749034,,0.0
2023-02-08,12.596,12.556,12.766,12.516,198210.31,254226.184,0.983241973375098,,0.0
2023-02-09,12.496,12.646,12.676,12.486,162939.32,208974.784,0.9833592534992224,,0.0
2023-02-10,12.626,12.446,12.626,12.396,176276.29,223725.804,0.9830963665086888,,0.0
2023-02-13,12.436,12.686,12.766,12.416,232140.86,297974.625,0.9834108527131784,,0.0
2023-02-14,12.766,12.586,12.796,12.446,183142.09,233685.516,0.98328125,,0.0
2023-02-15,12.636,12.576,12.866,12.536,283169.06,365398.371,0.9832681782642688,,0.0
2023-02-16,12.486,12.346,12.946,12.146,432709.43,554983.335,0.9829617834394904,,0.0
2023-02-17,12.186,12.166,12.376,12.086,250715.14,311286.601,0.982714054927302,,0.0
2023-02-20,12.156,12.376,12.476,12.156,184704.39,231785.408,0.9830023828435266,,0.0
2023-02-21,12.376,12.556,12.736,12.296,280828.16,359372.305,0.983241973375098,,0.0
2023-02-22,12.506,12.446,12.556,12.346,164697.0,208135.492,0.9830963665086888,,0.0
2023-02-23,12.436,12.466,12.646,12.416,173882.35,221573.009,0.9831230283911672,,0.0
2023-02-24,12.466,12.186,12.466,12.106,182151.64,226686.708,0.9827419354838708,,0.0
2023-02-27,12.166,12.036,12.216,12.016,127766.79,157183.078,0.982530612244898,,0.0
2023-02-28,12.046,12.196,12.196,12.036,93717.1,115471.648,0.9827558420628524,,0.0
2023-03-01,12.226,12.206,12.246,12.096,123255.64,152747.505,0.9827697262479872,,0.0
2023-03-02,12.236,12.086,12.296,12.066,128298.0,158924.044,0.98260162601626,,0.0
2023-03-03,12.086,12.216,12.256,12.026,153992.59,190675.13,0.9827835880933226,,0.0
2023-03-06,12.296,12.116,12.296,12.046,119280.97,147205.036,0.9826439578264397,,0.0
2023-03-07,12.076,12.006,12.336,11.986,213672.3,264033.917,0.9824877250409164,,0.0
2023-03-08,11.886,11.846,11.966,11.756,153686.71,185020.58,0.9822553897180762,,0.0
2023-03-09,11.936,11.986,11.986,11.766,164460.08,199168.153,0.9824590163934426,,0.0
2023-03-10,12.286,11.816,12.336,11.806,222294.81,272547.932,0.9822111388196176,,0.0
2023-03-13,11.286,10.986,11.496,10.836,341532.84,386706.188,0.9808928571428572,,0.0
2023-03-14,10.986,10.746,11.036,10.486,322072.19,352013.066,0.9804744525547444,,0.0
2023-03-15,10.706,10.906,10.986,10.706,170855.79,189566.363,0.9807553956834532,,0.0
2023-03-16,10.856,10.686,11.006,10.686,144048.5,158817.523,0.9803669724770642,,0.0
2023-03-17,10.696,10.736,10.906,10.696,141806.33,156037.031,0.9804566210045662,,0.0
2023-03-20,10.726,10.616,10.786,10.596,99306.17,108102.227,0.9802400738688828,,0.0
2023-03-21,10.636,10.866,10.886,10.596,145486.97,159943.716,0.9806859205776172,,0.0
2023-03-22,10.886,10.856,10.996,10.796,115097.85,127785.616,0.9806684733514002,,0.0
2023-03-23,10.806,10.786,10.846,10.746,84498.2,92984.964,0.9805454545454544,,0.0
2023-03-24,10.786,10.646,10.786,10.636,124771.59,135861.018,0.980294659300184,,0.0
2023-03-27,10.636,10.576,10.706,10.536,90847.61,98155.389,0.9801668211306764,,0.0
2023-03-28,10.586,10.586,10.746,10.506,140557.3,152346.817,0.9801851851851852,,0.0
2023-03-29,10.596,10.406,10.676,10.356,136812.98,146315.352,0.97984934086629,,0.0
2023-03-30,10.406,10.456,10.556,10.286,126690.91,134458.443,0.9799437675726336,,0.0
2023-03-31,10.456,10.626,10.736,10.436,157609.26,171040.68,0.9802583025830258,,0.0
2023-04-03,10.586,10.636,10.656,10.486,108453.56,116926.264,0.9802764976958523,,0.0
2023-04-04,10.586,10.386,10.606,10.316,148140.95,157421.666,0.979811320754717,,0.0
2023-04-06,10.376,10.176,10.376,10.166,130034.88,135497.8,0.979403272377286,,0.0
2023-04-07,10.176,10.336,10.406,10.156,115012.67,121497.821,0.9797156398104264,,0.0
2023-04-10,10.336,10.246,10.426,10.186,102702.76,107678.113,0.9795411089866156,,0.0
2023-04-11,10.206,10.226,10.326,10.066,116820.58,121273.969,0.9795019157088122,,0.0
2023-04-12,10.196,10.126,10.346,10.096,95924.06,99716.378,0.9793036750483558,,0.0
2023-04-13,10.126,10.016,10.236,9.986,115409.7,118864.289,0.9790811339198436,,0.0
2023-04-14,10.056,10.126,10.346,10.036,169554.92,176461.233,0.9793036750483558,,0.0
2023-04-17,10.036,10.206,10.236,10.036,113686.04,118010.385,0.9794625719769672,,0.0
2023-04-18,10.226,10.116,10.256,10.026,95754.0,98949.587,0.9792836398838336,,0.0
2023-04-19,10.046,10.086,10.146,9.946,115912.42,118890.296,0.9792233009708736,,0.0
2023-04-20,10.066,9.996,10.066,9.796,133629.57,135329.635,0.9790401567091088,,0.0
2023-04-21,9.946,9.646,10.086,9.646,144821.9,145082.08,0.9782961460446248,,0.0
2023-04-24,9.666,9.786,9.906,9.496,161243.0,160480.435,0.9786,,0.0
2023-04-25,9.746,9.476,9.786,9.296,141364.69,137144.397,0.9779153766769866,,0.0
2023-04-26,9.456,9.726,9.786,9.406,169263.22,167802.184,0.9784708249496982,,0.0
2023-04-27,9.666,9.566,9.836,9.496,119837.35,117712.482,0.9781186094069528,,0.0
2023-04-28,9.626,9.856,9.936,9.576,149842.14,149531.295,0.9787487586891758,,0.0
2023-05-04,9.856,10.036,10.126,9.856,169493.31,173438.144,0.9791219512195122,,0.0
2023-05-05,10.036,9.816,10.366,9.786,236827.92,241323.224,0.9786640079760718,,0.0
2023-05-08,9.796,9.986,10.076,9.786,177107.64,179901.157,0.9790196078431372,,0.0
2023-05-09,10.086,9.886,10.186,9.866,208410.34,212854.43,0.9788118811881188,,0.0
2023-05-10,9.776,10.896,10.896,9.716,640412.47,688322.001,0.9807380738073808,,0.0
2023-05-11,11.166,11.286,11.766,11.016,1247066.56,1441555.051,0.981391304347826,,0.0
2023-05-12,10.946,10.796,11.156,10.756,662401.53,736792.549,0.9805631244323342,,0.0
2023-05-15,10.796,10.696,10.876,10.506,394854.52,429031.482,0.98038496791934,,0.0
2023-05-16,10.756,10.376,10.756,10.216,387532.0,411123.082,0.9797922568460812,,0.0
2023-05-17,10.336,10.566,10.576,10.146,346015.05,367256.379,0.9801484230055658,,0.0
2023-05-18,10.476,10.476,10.536,10.346,258120.63,274832.35,0.9799812909260992,,0.0
2023-05-19,10.406,10.436,10.526,10.236,174354.15,184781.64,0.9799061032863848,,0.0
2023-05-22,10.776,10.286,10.966,10.246,455345.3,487742.447,0.9796190476190476,,0.0
2023-05-23,10.226,10.036,10.476,10.006,308399.88,321405.794,0.9791219512195122,,0.0
2023-05-24,9.886,9.876,10.126,9.806,205928.99,208869.398,0.9787908820614468,,0.0
2023-05-25,9.846,9.756,9.986,9.596,233880.84,233400.634,0.9785356068204614,,0.0
2023-05-26,9.756,9.826,9.856,9.386,266653.55,262413.072,0.9786852589641434,,0.0
2023-05-29,9.736,9.546,9.776,9.516,186383.48,183302.487,0.9780737704918032,,0.0
2023-05-30,9.546,9.496,9.646,9.386,151322.94,146889.092,0.9779608650875384,,0.0
2023-05-31,9.446,9.456,9.526,9.366,105541.29,102108.516,0.9778697001034126,,0.0
2023-06-01,9.436,9.636,9.786,9.346,256680.18,252770.386,0.9782741116751268,,0.0
2023-06-02,9.586,9.776,9.926,9.586,227312.81,226487.964,0.9785785785785786,,0.0
2023-06-05,9.986,9.736,10.046,9.706,200732.63,201551.732,0.9784924623115576,,0.0
2023-06-06,9.686,9.466,9.766,9.446,169649.79,166007.35,0.9778925619834712,,0.0
2023-06-07,9.466,9.356,9.516,9.306,130883.8,125422.165,0.9776384535005224,,0.0
2023-06-08,9.306,9.036,9.386,8.996,223332.59,207904.521,0.9768648648648648,,0.0
2023-06-09,9.136,9.966,9.966,9.136,537472.13,536903.67,0.9789783889980354,,0.0
2023-06-12,9.736,10.136,10.426,9.656,741775.12,763124.422,0.9793236714975844,,0.0
2023-06-13,10.106,10.086,10.256,9.986,442123.4,454700.373,0.9792233009708736,,0.0
2023-06-14,10.036,10.036,10.256,10.006,311676.87,321436.227,0.9791219512195122,,0.0
2023-06-15,9.986,10.176,10.416,9.886,430858.95,450352.611,0.979403272377286,,0.0
2023-06-16,10.166,10.236,10.336,10.126,287649.53,299678.391,0.9795215311004783,,0.0
2023-06-19,10.256,10.286,10.486,10.216,287864.25,303316.076,0.9796190476190476,,0.0
2023-06-20,10.206,10.316,10.506,10.126,326739.68,344357.84,0.9796771130104464,,0.0
2023-06-21,10.266,10.146,10.446,10.116,237275.56,248067.234,0.9793436293436292,,0.0
2023-06-26,9.996,10.036,10.636,9.936,367621.22,386847.21,0.9791219512195122,,0.0
2023-06-27,10.166,10.116,10.186,9.846,222834.84,228245.871,0.9792836398838336,,0.0
2023-06-28,10.096,10.206,10.316,9.896,200167.71,205994.337,0.9794625719769672,,0.0
2023-06-29,10.106,10.146,10.256,10.096,154643.11,160733.196,0.9793436293436292,,0.0
2023-06-30,10.086,10.346,10.486,10.046,254051.8,267360.391,0.9797348484848484,,0.0
2023-07-03,10.736,11.406,11.406,10.546,591431.55,662172.949,0.9815834767641995,,0.0
2023-07-04,12.116,11.636,12.356,11.546,1539638.6,1869609.447,0.9819409282700422,,0.0
2023-07-05,11.676,11.466,12.136,11.436,1041433.61,1254061.709,0.9816780821917808,,0.0
2023-07-06,11.116,11.326,11.546,11.106,671931.9,772100.135,0.9814558058925476,,0.0
2023-07-07,11.146,11.776,11.986,11.066,865734.74,1025711.897,0.9821517931609676,,0.0
2023-07-10,11.786,11.416,12.136,11.376,605007.58,715306.28,0.9815993121238176,,0.0
2023-07-11,11.496,12.576,12.576,11.286,1002209.73,1233235.14,0.9832681782642688,,0.0
2023-07-12,12.966,13.016,13.686,12.676,1910887.74,2552490.947,0.983824640967498,,0.0
2023-07-13,12.536,12.686,12.876,12.166,1139565.73,1446119.321,0.9834108527131784,,0.0
2023-07-14,12.476,12.296,12.836,12.046,785975.49,989430.926,0.9828936850519584,,0.0
2023-07-17,12.166,12.886,13.316,11.716,1127114.14,1419111.992,0.9836641221374044,,0.0
2023-07-18,12.586,12.576,13.286,12.296,1122287.2,1461708.036,0.9832681782642688,,0.0
2023-07-19,12.336,12.256,12.926,12.066,750790.41,954182.828,0.9828388131515636,,0.0
2023-07-20,12.206,11.686,12.746,11.616,755745.85,927390.866,0.9820168067226892,,0.0
2023-07-21,11.646,11.266,11.676,11.206,565971.26,654623.348,0.9813588850174216,,0.0
2023-07-24,11.236,11.126,11.326,11.096,315135.49,358726.233,0.9811287477954144,,0.0
2023-07-25,11.316,11.986,12.226,11.306,834182.36,1004472.06,0.9824590163934426,,0.0
2023-07-26,12.006,11.536,12.046,11.466,496202.66,590771.486,0.9817872340425532,,0.0
2023-07-27,11.906,11.426,12.126,11.396,537595.65,641467.888,0.981615120274914,,0.0
2023-07-28,11.316,11.656,11.886,10.996,662113.34,775517.088,0.9819713563605728,,0.0
2023-07-31,11.656,12.066,12.186,11.586,737782.43,902346.577,0.98257328990228,,0.0
2023-08-01,12.016,12.066,12.546,11.756,773957.89,956362.409,0.98257328990228,,0.0
2023-08-02,11.836,11.896,12.286,11.816,492599.72,600407.821,0.9823286540049544,,0.0
2023-08-03,11.796,11.696,11.886,11.636,350515.42,418172.067,0.9820319059613768,,0.0
2023-08-04,11.806,11.596,11.866,11.546,323382.27,383592.902,0.9818797629127858,,0.0
2023-08-07,11.486,11.506,11.656,11.346,222706.49,260781.902,0.9817406143344708,,0.0
2023-08-08,11.546,11.226,11.546,11.146,257361.18,295594.521,0.9812937062937064,,0.0
2023-08-09,11.136,11.116,11.316,11.086,206452.86,235093.72,0.9811120917917034,,0.0
2023-08-10,11.016,10.916,11.106,10.896,189405.61,211438.948,0.9807726864330636,,0.0
2023-08-11,10.916,10.696,10.996,10.686,201656.86,221998.898,0.98038496791934,,0.0
2023-08-14,10.586,10.676,10.676,10.386,187484.88,201312.457,0.9803489439853076,,0.0
2023-08-15,10.666,10.596,10.736,10.496,144781.99,157033.703,0.9802035152636448,,0.0
2023-08-16,10.536,10.396,10.596,10.366,151769.51,161826.33,0.9798303487276154,,0.0
2023-08-17,10.406,10.516,10.606,10.356,197316.97,211086.894,0.9800559179869524,,0.0
2023-08-18,10.436,10.156,10.506,10.156,209490.53,219998.013,0.9793635486981678,,0.0
2023-08-21,10.116,10.046,10.246,10.036,142413.79,147416.606,0.9791423001949318,,0.0
2023-08-22,10.136,10.166,10.306,9.936,161595.84,166714.966,0.979383429672447,,0.0
2023-08-23,10.086,9.846,10.106,9.846,141213.69,143453.737,0.978727634194831,,0.0
2023-08-24,9.876,9.786,9.976,9.746,144735.82,145656.782,0.9786,,0.0
2023-08-25,9.736,9.496,9.736,9.446,172401.06,168939.211,0.9779608650875384,,0.0
2023-08-28,10.006,9.736,10.086,9.676,296429.1,299810.579,0.9784924623115576,,0.0
2023-08-29,9.686,10.136,10.186,9.676,374295.59,383183.084,0.9793236714975844,,0.0
2023-08-30,10.026,9.966,10.126,9.886,250382.36,255351.174,0.9789783889980354,,0.0
2023-08-31,9.936,9.786,9.946,9.756,159942.4,160099.174,0.9786,,0.0
2023-09-01,9.846,10.536,10.786,9.826,802613.39,864253.83,0.980093023255814,,0.0
2023-09-04,10.146,10.526,10.866,10.016,700163.97,746240.983,0.9800744878957168,,0.0
2023-09-05,10.426,10.266,10.456,10.246,305036.36,321273.46,0.9795801526717556,,0.0
2023-09-06,10.176,10.226,10.396,10.166,237353.96,248667.95,0.9795019157088122,,0.0
2023-09-07,10.166,9.936,10.196,9.926,222770.61,228218.699,0.9789162561576354,,0.0
2023-09-08,9.886,9.986,10.066,9.846,141622.78,144060.006,0.9790196078431372,,0.0
2023-09-11,9.936,10.106,10.176,9.886,235032.46,241249.445,0.9792635658914728,,0.0
2023-09-12,10.216,10.106,10.316,10.076,197793.5,205113.793,0.9792635658914728,,0.0
2023-09-13,10.036,9.886,10.056,9.836,172930.37,175177.705,0.9788118811881188,,0.0
2023-09-14,9.736,9.776,9.986,9.676,150847.03,150839.382,0.9785785785785786,,0.0
2023-09-15,9.826,9.696,9.856,9.646,117372.5,116583.192,0.9784056508577196,,0.0
2023-09-18,9.696,9.956,10.076,9.636,231278.68,234411.796,0.9789577187807276,,0.0
2023-09-19,9.866,9.746,9.876,9.716,134110.02,133939.521,0.9785140562248996,,0.0
2023-09-20,9.696,9.546,9.696,9.546,129146.58,126664.221,0.9780737704918032,,0.0
2023-09-21,9.496,9.356,9.596,9.306,130241.08,125289.564,0.9776384535005224,,0.0
2023-09-22,9.316,9.466,9.476,9.266,110080.31,105851.626,0.9778925619834712,,0.0
2023-09-25,9.456,9.376,9.526,9.356,97530.4,94135.385,0.9776850886339936,,0.0
2023-09-26,9.316,9.316,9.456,9.276,95261.57,90936.321,0.9775445960125918,,0.0
2023-09-27,9.286,9.266,9.386,9.256,107137.99,101942.247,0.9774261603375528,,0.0
2023-09-28,9.286,9.436,9.526,9.286,153355.3,147771.329,0.9778238341968912,,0.0
2023-10-09,9.466,9.506,9.646,9.466,171189.88,167100.169,0.9779835390946502,,0.0
2023-10-10,9.466,9.566,9.606,9.336,172379.54,166972.727,0.9781186094069528,,0.0
2023-10-11,9.556,9.396,9.566,9.386,119912.42,115723.382,0.9777315296566076,,0.0
2023-10-12,9.376,9.896,10.006,9.376,395503.49,396604.355,0.9788328387734916,,0.0
2023-10-13,9.686,9.706,9.866,9.686,194406.95,193560.307,0.9784274193548388,,0.0
2023-10-16,9.716,9.986,10.196,9.696,334004.22,340414.933,0.9790196078431372,,0.0
2023-10-17,9.896,9.816,9.986,9.736,183378.15,184201.652,0.9786640079760718,,0.0
2023-10-18,9.766,9.916,10.046,9.686,285176.96,289163.024,0.9788746298124382,,0.0
2023-10-19,9.766,9.386,9.916,9.276,253940.25,246417.108,0.9777083333333332,,0.0
2023-10-20,9.286,9.656,10.186,9.226,346058.44,347767.405,0.9783181357649442,,0.0
2023-10-23,9.556,9.786,9.856,9.466,288164.17,286137.52,0.9786,,0.0
2023-10-24,9.776,9.886,9.946,9.406,301433.71,299501.942,0.9788118811881188,,0.0
2023-10-25,9.846,10.166,10.556,9.796,506289.35,526984.233,0.979383429672447,,0.0
2023-10-26,9.956,10.386,10.466,9.906,532718.56,558480.093,0.979811320754717,,0.0
2023-10-27,10.286,10.806,11.016,10.266,792583.25,868482.296,0.9805807622504537,,0.0
2023-10-30,10.786,10.366,10.816,10.196,527997.07,558767.342,0.9797731568998108,,0.0
2023-10-31,10.256,10.016,10.356,9.926,353128.91,364008.469,0.9790811339198436,,0.0
2023-11-01,9.966,10.076,10.176,9.936,197554.98,203124.922,0.9792031098153546,,0.0
2023-11-02,10.026,10.046,10.226,9.896,242635.9,249863.848,0.9791423001949318,,0.0
2023-11-03,9.996,10.026,10.096,9.916,188307.9,192378.519,0.9791015625,,0.0
2023-11-06,10.026,10.206,10.216,9.986,261226.87,269757.66,0.9794625719769672,,0.0
2023-11-07,10.156,10.186,10.376,10.116,294782.74,308478.295,0.9794230769230768,,0.0
2023-11-08,10.176,10.226,10.276,9.986,302506.58,312603.562,0.9795019157088122,,0.0
2023-11-09,10.136,9.986,10.136,9.986,220098.28,225676.788,0.9790196078431372,,0.0
2023-11-10,9.986,9.716,10.006,9.696,231222.96,230481.941,0.9784491440080564,,0.0
2023-11-13,9.716,9.816,9.866,9.706,129314.59,129310.249,0.9786640079760718,,0.0
2023-11-14,9.826,10.326,10.336,9.786,471543.49,487689.331,0.979696394686907,,0.0
2023-11-15,10.406,10.356,10.536,10.266,416070.64,440041.535,0.9797540208136234,,0.0
2023-11-16,10.256,10.076,10.336,10.056,247262.09,256845.653,0.9792031098153546,,0.0
2023-11-17,10.066,10.416,10.566,10.066,447358.63,471946.387,0.979868297271872,,0.0
2023-11-20,10.436,10.366,10.486,10.306,289604.97,307159.86,0.9797731568998108,,0.0
2023-11-21,10.366,10.376,10.666,10.296,334704.31,356719.364,0.9797922568460812,,0.0
2023-11-22,10.316,10.166,10.446,10.136,199895.63,209120.645,0.979383429672447,,0.0
2023-11-23,10.136,10.266,10.436,10.116,259911.86,273511.87,0.9795801526717556,,0.0
2023-11-24,10.186,10.036,10.236,10.026,206507.34,213070.958,0.9791219512195122,,0.0
2023-11-27,10.106,10.076,10.236,9.946,151048.02,155103.982,0.9792031098153546,,0.0
2023-11-28,10.056,10.226,10.236,9.806,218616.66,224731.86,0.9795019157088122,,0.0
2023-11-29,10.186,9.976,10.226,9.926,159333.25,163607.936,0.978999018645731,,0.0
2023-11-30,9.946,9.846,10.026,9.746,161044.0,161900.47,0.978727634194831,,0.0
2023-12-01,9.836,9.876,9.936,9.646,143191.05,143707.327,0.9787908820614468,,0.0
2023-12-04,9.986,9.886,10.136,9.866,186452.99,190409.547,0.9788118811881188,,0.0
2023-12-05,9.796,9.646,9.906,9.636,161991.81,161382.167,0.9782961460446248,,0.0
2023-12-06,9.546,9.646,9.806,9.546,112918.76,111855.093,0.9782961460446248,,0.0
2023-12-07,9.646,9.506,9.666,9.456,122264.28,119035.072,0.9779835390946502,,0.0
2023-12-08,9.546,9.366,9.566,9.336,118041.33,113745.9,0.977661795407098,,0.0
2023-12-11,9.336,9.416,9.416,9.236,97657.02,93266.608,0.9777777777777776,,0.0
2023-12-12,9.446,9.536,9.606,9.396,113986.59,110978.872,0.978051282051282,,0.0
2023-12-13,9.486,9.396,9.516,9.386,82313.0,79496.423,0.9777315296566076,,0.0
2023-12-14,9.426,9.376,9.496,9.346,71132.44,68449.875,0.9776850886339936,,0.0
2023-12-15,9.476,9.426,9.506,9.376,74777.0,72019.334,0.9778008298755186,,0.0
2023-12-18,9.376,9.486,9.736,9.286,159100.05,154697.833,0.9779381443298968,,0.0
2023-12-19,9.386,9.286,9.426,9.236,102963.37,97799.846,0.9774736842105264,,0.0
2023-12-20,9.256,8.886,9.296,8.886,123315.16,114652.544,0.9764835164835164,,0.0
2023-12-21,8.895999999999999,8.856,8.946,8.626,102328.79,92214.342,0.9764057331863284,,0.0
2023-12-22,8.866,8.776,8.916,8.725999999999999,78228.17,70548.119,0.9761957730812012,,0.0
2023-12-25,8.735999999999999,8.746,8.825999999999999,8.716,44639.2,39995.595,0.9761160714285714,,0.0
2023-12-26,8.776,8.466,8.796,8.446,95546.67,83615.076,0.9753456221198156,,0.0
2023-12-27,8.466,8.436,8.556,8.315999999999999,74546.24,64264.764,0.9752601156069364,,0.0
2023-12-28,8.386,8.645999999999999,8.725999999999999,8.336,120708.33,105942.014,0.975846501128668,,0.0
2023-12-29,8.645999999999999,8.766,8.856,8.586,89484.85,80244.343,0.9761692650334076,,0.0
2024-01-02,8.796,8.756,8.866,8.725999999999999,54204.84,48726.924,0.9761426978818284,,0.0
2024-01-03,8.756,8.746,8.786,8.645999999999999,53813.0,48018.659,0.9761160714285714,,0.0
2024-01-04,8.725999999999999,8.645999999999999,8.766,8.626,48833.26,43437.127,0.975846501128668,,0.0
2024-01-05,8.666,8.506,8.725999999999999,8.466,69708.0,61479.432,0.9754587155963302,,0.0
2024-01-08,8.466,8.356,8.575999999999999,8.356,63658.0,55130.76,0.975029171528588,,0.0
2024-01-09,8.366,8.306,8.456,8.235999999999999,65413.72,56048.74,0.9748826291079812,,0.0
2024-01-10,8.286,8.196,8.315999999999999,8.136,62706.34,52930.795,0.9745541022592152,,0.0
2024-01-11,8.196,8.395999999999999,8.416,8.186,74820.0,63914.67,0.9751451800232288,,0.0
2024-01-12,8.405999999999999,8.336,8.485999999999999,8.325999999999999,56628.89,48768.622,0.974970760233918,,0.0
2024-01-15,8.395999999999999,8.336,8.395999999999999,8.225999999999999,41878.0,35706.724,0.974970760233918,,0.0
2024-01-16,8.336,8.306,8.386,8.176,56696.0,48105.648,0.9748826291079812,,0.0
2024-01-17,8.246,8.046,8.266,8.036,58817.0,49195.378,0.97409200968523,,0.0
2024-01-18,7.885999999999999,7.875999999999999,8.006,7.606,117422.27,93986.886,0.9735475896168108,,0.0
2024-01-19,7.875999999999999,7.815999999999999,7.955999999999999,7.786,57645.0,46495.607,0.9733499377334992,,0.0
2024-01-22,7.825999999999999,7.926,8.306,7.745999999999999,202215.69,165772.161,0.9737100737100736,,0.0
2024-01-23,7.635999999999999,7.736,7.766,7.356,165055.1,129308.162,0.9730817610062892,,0.0
2024-01-24,7.616,7.745999999999999,7.815999999999999,7.436,129447.6,101795.849,0.9731155778894472,,0.0
2024-01-25,7.755999999999999,8.166,8.266,7.675999999999999,219509.87,180994.108,0.9744630071599044,,0.0
2024-01-26,8.136,8.155999999999999,8.246,8.075999999999999,126652.0,106270.92,0.9744324970131422,,0.0
2024-01-29,8.136,7.885999999999999,8.186,7.875999999999999,90936.99,74571.865,0.9735802469135802,,0.0
2024-01-30,7.846,7.616,8.006,7.585999999999999,85669.82,68631.787,0.972669220945083,,0.0
2024-01-31,7.585999999999999,7.036,7.715999999999999,7.026,140909.52,105542.177,0.9704827586206896,,0.0
2024-02-01,6.986,6.866,7.095999999999999,6.786,93257.7,66744.895,0.969774011299435,,0.0
2024-02-02,6.835999999999999,6.476,7.016,6.156,146493.74,99694.103,0.9680119581464872,,0.0
2024-02-05,6.476,5.805999999999999,6.476,5.805999999999999,163145.0,100911.667,0.9644518272425248,,0.0
2024-02-06,5.465999999999999,5.986,6.166,5.286,178883.63,105847.03,0.965483870967742,,0.0
2024-02-07,5.986,5.946,6.276,5.845999999999999,164397.6,103047.639,0.9652597402597402,,0.0
2024-02-08,5.956,6.456,6.486,5.956,170984.59,109630.083,0.9679160419790104,,0.0
2024-02-19,6.566,6.595999999999999,6.646,6.476,126367.67,85701.388,0.968575624082232,,0.0
2024-02-20,6.545999999999999,6.656,6.686,6.446,108298.0,73882.717,0.9688500727802036,,0.0
2024-02-21,6.686,7.345999999999999,7.345999999999999,6.576,194196.19,142539.512,0.9716931216931216,,0.0
2024-02-22,7.415999999999999,7.646,7.856,7.385999999999999,406358.83,316092.382,0.9727735368956744,,0.0
2024-02-23,7.545999999999999,7.936,8.155999999999999,7.495999999999999,368039.22,294102.543,0.9737423312883436,,0.0
2024-02-26,7.825999999999999,7.795999999999999,7.996,7.786,271913.88,220232.589,0.973283395755306,,0.0
2024-02-27,7.895999999999999,8.315999999999999,8.586,7.825999999999999,383442.23,324873.89,0.9749120750293084,,0.0
2024-02-28,8.235999999999999,7.595999999999999,8.315999999999999,7.576,359029.81,296496.141,0.9725992317541612,,0.0
2024-02-29,7.576,8.225999999999999,8.225999999999999,7.446,372573.9,306251.683,0.9746445497630332,,0.0
2024-03-01,8.395999999999999,8.606,8.815999999999999,8.256,535681.68,468143.191,0.9757369614512472,,0.0
2024-03-04,8.586,8.325999999999999,8.586,8.126,293178.46,249752.091,0.9749414519906324,,0.0
2024-03-05,8.206,8.636,9.056,8.036,532567.48,469134.42,0.975819209039548,,0.0
2024-03-06,8.485999999999999,8.386,8.536,8.296,284523.17,244960.292,0.9751162790697674,,0.0
2024-03-07,8.356,8.155999999999999,8.496,8.155999999999999,185883.44,158641.68,0.9744324970131422,,0.0
2024-03-08,8.086,8.106,8.235999999999999,7.985999999999999,131004.4,108741.135,0.974278846153846,,0.0
2024-03-11,8.086,8.206,8.276,8.046,145842.76,122591.095,0.97458432304038,,0.0
2024-03-12,8.246,8.246,8.376,8.186,156631.75,132778.699,0.9747044917257682,,0.0
2024-03-13,8.186,8.325999999999999,8.475999999999999,8.166,190872.33,163505.258,0.9749414519906324,,0.0
2024-03-14,8.475999999999999,8.556,8.866,8.386,391607.06,345495.978,0.9755986316989738,,0.0
2024-03-15,8.405999999999999,8.475999999999999,8.565999999999999,8.266,224817.48,194104.471,0.975373993095512,,0.0
2024-03-18,8.516,8.735999999999999,8.836,8.516,351137.9,313322.826,0.9760893854748602,,0.0
2024-03-19,8.616,8.565999999999999,8.696,8.546,200249.87,176720.11,0.9756264236902048,,0.0
2024-03-20,8.516,8.856,9.076,8.516,384439.55,348310.211,0.9764057331863284,,0.0
2024-03-21,8.856,8.806,8.946,8.716,277122.51,251028.664,0.9762749445676274,,0.0
2024-03-22,8.806,8.596,8.806,8.546,196580.88,173663.545,0.9757094211123722,,0.0
2024-03-25,8.526,8.306,8.616,8.286,173717.04,150619.822,0.9748826291079812,,0.0
2024-03-26,8.286,8.266,8.336,8.086,169742.96,142962.809,0.9747641509433962,,0.0
2024-03-27,8.286,7.805999999999999,8.315999999999999,7.786,143267.0,118030.891,0.9733167082294264,,0.0
2024-03-28,7.885999999999999,8.136,8.216,7.836,161357.86,134143.354,0.9743712574850298,,0.0
2024-03-29,8.136,8.206,8.216,8.016,89585.37,74761.06,0.97458432304038,,0.0
2024-04-01,8.216,8.436,8.475999999999999,8.216,131699.0,113389.853,0.9752601156069364,,0.0
2024-04-02,8.436,8.416,8.636,8.366,132132.0,114480.895,0.9752027809965236,,0.0
2024-04-03,8.446,8.296,8.516,8.136,108849.23,92188.263,0.9748531139835488,,0.0
2024-04-08,8.276,8.225999999999999,8.466,8.216,126808.25,108407.973,0.9746445497630332,,0.0
2024-04-09,8.155999999999999,8.196,8.336,8.145999999999999,82574.3,69587.53,0.9745541022592152,,0.0
2024-04-10,8.196,8.136,8.356,7.926,133528.0,111204.978,0.9743712574850298,,0.0
2024-04-11,8.086,8.296,8.446,8.016,150736.9,127909.996,0.9748531139835488,,0.0
2024-04-12,8.286,8.786,8.916,8.276,459306.96,406768.158,0.9762222222222222,,0.0
2024-04-15,8.735999999999999,8.575999999999999,8.815999999999999,8.325999999999999,298381.63,263559.63,0.9756541524459612,,0.0
2024-04-16,8.485999999999999,7.696,8.485999999999999,7.696,293447.0,240684.456,0.972945638432364,,0.0
2024-04-17,7.696,8.196,8.225999999999999,7.696,170486.31,141473.861,0.9745541022592152,,0.0
2024-04-18,8.196,8.336,8.526,8.036,191650.11,164123.832,0.974970760233918,,0.0
2024-04-19,8.225999999999999,8.655999999999999,8.756,8.206,341733.86,300957.673,0.9758737316798196,,0.0
2024-04-22,8.786,9.166,9.386,8.786,483727.35,451619.022,0.977185501066098,,0.0
2024-04-23,9.016,9.056,9.266,8.905999999999999,299447.6,278050.843,0.9769147788565264,,0.0
2024-04-24,9.056,9.276,9.436,9.036,310845.42,295858.252,0.977449947312961,,0.0
2024-04-25,9.236,8.936,9.276,8.866,295997.87,273738.443,0.9766120218579236,,0.0
2024-04-26,9.016,9.536,9.636,8.916,555151.21,535945.503,0.978051282051282,,0.0
2024-04-29,9.666,9.276,9.796,9.186,512176.88,491832.036,0.977449947312961,,0.0
2024-04-30,9.216,8.946,9.246,8.905999999999999,262378.61,242590.587,0.9766375545851528,,0.0
2024-05-06,9.036,9.106,9.206,8.985999999999999,253581.02,236191.491,0.977038626609442,,0.0
2024-05-07,9.136,9.116,9.346,8.905999999999999,249991.02,233808.529,0.9770632368703108,,0.0
2024-05-08,9.046,8.866,9.076,8.836,171552.54,156460.173,0.976431718061674,,0.0
2024-05-09,8.886,9.236,9.336,8.866,320693.1,301023.305,0.9773544973544972,,0.0
2024-05-10,9.236,9.196,9.286,9.066,181292.0,170046.822,0.9772582359192348,,0.0
2024-05-13,9.316,10.136,10.136,9.206,500035.62,506620.892,0.9793236714975844,,0.0
2024-05-14,10.986,11.176,11.176,10.576,665530.25,743968.203,0.9812115891132572,,0.0
2024-05-15,12.166,11.536,12.166,10.826,1516178.16,1792003.294,0.9817872340425532,,0.0
2024-05-16,11.016,10.866,11.586,10.716,955356.51,1073194.53,0.9806859205776172,,0.0
2024-05-17,10.386,10.446,10.946,10.186,752040.24,802804.07,0.9799249530956848,,0.0
2024-05-20,10.326,10.586,10.586,10.236,559934.28,596962.095,0.9801851851851852,,0.0
2024-05-21,10.466,11.666,11.666,10.286,782936.16,881393.868,0.981986531986532,,0.0
2024-05-22,11.086,10.926,11.666,10.766,1015243.27,1156616.528,0.980789946140036,,0.0
2024-05-23,10.796,10.266,10.796,10.176,573947.61,610718.511,0.9795801526717556,,0.0
2024-05-24,10.206,10.316,10.576,9.996,515410.77,543292.936,0.9796771130104464,,0.0
2024-05-27,10.336,10.726,11.006,10.096,541850.44,589350.257,0.9804387568555758,,0.0
2024-05-28,10.536,10.726,11.166,10.236,608539.14,658250.476,0.9804387568555758,,0.0
2024-05-29,10.516,10.346,10.686,10.336,426828.89,454353.306,0.9797348484848484,,0.0
2024-05-30,10.236,10.486,10.956,10.196,525034.57,569542.711,0.98,,0.0
2024-05-31,10.236,9.876,10.466,9.836,540437.57,557432.432,0.9787908820614468,,0.0
2024-06-03,9.746,9.676,9.986,9.556,317425.68,315549.689,0.9783619817997976,,0.0
2024-06-04,9.626,9.616,9.766,9.406,310544.89,302911.497,0.9782299084435402,,0.0
2024-06-05,9.736,9.656,10.026,9.626,355199.88,356373.694,0.9783181357649442,,0.0
2024-06-06,9.406,9.236,9.546,9.066,365697.52,347327.247,0.9773544973544972,,0.0
2024-06-07,9.236,9.576,9.786,8.946,394211.94,376338.287,0.978140960163432,,0.0
2024-06-11,9.346,9.586,9.736,9.286,270784.97,262834.871,0.9781632653061224,,0.0
2024-06-12,9.506,9.796,9.976,9.476,343998.97,344814.612,0.9786213786213784,,0.0
2024-06-13,9.646,9.516,9.866,9.466,253597.0,249656.871,0.9780061664953752,,0.0
2024-06-14,9.486,9.526,9.556,9.356,143021.44,138805.675,0.9780287474332648,,0.0
2024-06-17,9.526,9.686,9.836,9.456,244010.87,242098.952,0.9783838383838384,,0.0
2024-06-18,9.586,9.856,9.956,9.466,311292.77,309882.675,0.9787487586891758,,0.0
2024-06-19,9.856,9.556,9.906,9.546,228117.74,225888.722,0.9780962128966224,,0.0
2024-06-20,9.536,10.536,10.536,9.326,794104.42,822218.9,0.980093023255814,,0.0
2024-06-21,10.536,10.676,11.036,10.396,957791.0,1053172.297,0.9803489439853076,,0.0
2024-06-24,10.536,10.246,10.826,10.166,497648.91,529110.408,0.9795411089866156,,0.0
2024-06-25,10.29,10.3,10.66,10.14,462870.51,491190.704,0.982824427480916,,0.0
2024-06-26,10.1,10.43,10.5,10.0,423581.22,441201.442,0.9830348727615458,,0.0
2024-06-27,10.28,9.7,10.28,9.69,453517.48,458796.716,0.9817813765182186,,0.0
2024-06-28,9.62,10.34,10.69,9.56,742574.26,785170.13,0.9828897338403042,,0.0
2024-07-01,10.23,10.44,10.55,10.05,550816.32,575838.226,0.9830508474576272,,0.0
2024-07-02,10.45,10.21,10.52,10.16,352106.0,369389.244,0.9826756496631376,,0.0
2024-07-03,10.23,9.99,10.27,9.96,248503.26,255211.92,0.9823008849557522,,0.0
2024-07-04,10.04,10.31,10.6,9.8,521839.95,542692.147,0.9828408007626313,,0.0
2024-07-05,10.15,10.3,10.47,9.82,572858.08,589933.77,0.982824427480916,,0.0
2024-07-08,10.19,9.98,10.34,9.98,376524.29,388158.391,0.9822834645669292,,0.0
2024-07-09,9.96,10.26,10.31,9.62,523975.99,535970.35,0.9827586206896552,,0.0
2024-07-10,10.27,10.52,10.77,10.26,788922.74,847686.085,0.983177570093458,,0.0
2024-07-11,10.61,10.83,10.88,10.51,699272.27,762367.171,0.983651226158038,,0.0
2024-07-12,10.75,10.69,11.1,10.52,671948.16,739563.688,0.9834406623735052,,0.0
2024-07-15,10.72,10.85,11.48,10.68,805440.19,905632.259,0.9836808703535812,,0.0
2024-07-16,10.59,11.36,11.42,10.58,889753.67,1010693.689,0.9844020797227035,,0.0
2024-07-17,11.1,11.05,11.28,10.94,614950.64,693636.416,0.9839715048975958,,0.0
2024-07-18,10.77,10.77,10.9,10.32,442549.33,481373.231,0.9835616438356164,,0.0
2024-07-19,10.72,10.32,11.2,10.32,601262.77,659264.03,0.9828571428571428,,0.0
2024-07-22,10.12,10.54,10.76,10.05,429782.78,459158.12,0.9832089552238806,,0.0
2024-07-23,10.61,10.92,11.27,10.44,818782.53,912378.28,0.9837837837837838,,0.0
2024-07-24,10.67,10.11,10.74,9.86,658677.84,689927.237,0.9825072886297376,,0.0
2024-07-25,9.9,9.99,10.37,9.8,412607.52,423750.387,0.9823008849557522,,0.0
2024-07-26,10.32,11.01,11.01,10.3,1066942.27,1176658.849,0.9839142091152816,,0.0
2024-07-29,11.36,12.13,12.13,11.36,997631.74,1200770.155,0.9853777416734364,,0.0
2024-07-30,12.49,12.35,13.32,11.61,1855992.43,2309878.677,0.985634477254589,,0.0
2024-07-31,11.83,11.9,12.32,11.49,1328525.76,1603904.147,0.9850993377483444,,0.0
2024-08-01,11.81,12.25,12.62,11.72,1302682.46,1611871.663,0.9855189058728882,,0.0
2024-08-02,11.89,12.02,12.51,11.55,1056977.45,1293000.985,0.9852459016393444,,0.0
2024-08-05,11.78,10.86,11.88,10.82,939059.62,1080415.357,0.9836956521739132,,0.0
2024-08-06,11.12,10.96,11.25,10.56,606639.79,668014.617,0.9838420107719928,,0.0
2024-08-07,10.86,10.82,11.1,10.79,450498.49,500554.065,0.9836363636363636,,0.0
2024-08-08,10.67,10.58,10.86,10.41,473901.47,510762.198,0.983271375464684,,0.0
2024-08-09,10.67,10.66,10.9,10.63,346133.48,377738.176,0.9833948339483396,,0.0
2024-08-12,10.72,10.5,10.79,10.37,322669.0,346165.308,0.9831460674157304,,0.0
2024-08-13,10.49,10.56,10.58,10.19,403032.58,424918.623,0.9832402234636872,,0.0
2024-08-14,10.46,10.74,10.91,10.44,508206.0,555373.534,0.9835164835164836,,0.0
2024-08-15,10.62,10.8,10.8,10.3,512245.6,553275.283,0.9836065573770492,,0.0
2024-08-16,10.62,10.32,10.79,10.32,436234.0,466839.166,0.9828571428571428,,0.0
2024-08-19,10.19,10.25,10.39,10.14,282980.11,295799.327,0.9827420901246404,,0.0
2024-08-20,10.27,9.8,10.29,9.79,385644.53,391175.817,0.9819639278557114,,0.0
2024-08-21,9.8,9.53,9.8,9.45,304566.12,295946.473,0.9814624098867148,,0.0
2024-08-22,9.52,9.29,9.56,9.22,286940.5,273537.644,0.9809926082365364,,0.0
2024-08-23,9.27,9.31,9.47,9.22,262109.11,249828.531,0.9810326659641728,,0.0
2024-08-26,9.27,9.21,9.31,9.05,271069.78,252677.328,0.9808306709265175,,0.0
2024-08-27,9.1,8.86,9.14,8.82,271732.74,247988.211,0.9800884955752212,,0.0
2024-08-28,8.8,8.72,8.94,8.68,225021.66,201014.387,0.9797752808988764,,0.0
2024-08-29,8.620000000000001,8.91,8.96,8.620000000000001,223054.0,201205.258,0.9801980198019802,,0.0
2024-08-30,8.9,9.11,9.25,8.870000000000001,308768.0,287372.262,0.9806243272335844,,0.0
2024-09-02,9.1,8.96,9.17,8.93,202159.0,186653.65,0.9803063457330417,,0.0
2024-09-03,9.02,9.0,9.1,8.94,168276.0,154441.293,0.9803921568627452,,0.0
2024-09-04,8.92,8.9,9.01,8.870000000000001,145750.0,132764.102,0.9801762114537446,,0.0
2024-09-05,8.870000000000001,9.27,9.32,8.870000000000001,407272.02,380253.496,0.980952380952381,,0.0
2024-09-06,9.27,9.34,9.99,9.18,565552.95,548830.998,0.98109243697479,,0.0
2024-09-09,9.22,8.93,9.26,8.86,380264.31,349227.112,0.9802414928649836,,0.0
2024-09-10,8.9,8.870000000000001,8.92,8.68,231176.86,206850.147,0.980110497237569,,0.0
2024-09-11,8.83,8.81,8.92,8.75,179348.0,161604.378,0.9799777530589544,,0.0
2024-09-12,8.82,8.77,8.97,8.75,169211.1,152777.413,0.9798882681564246,,0.0
2024-09-13,8.75,8.63,8.84,8.620000000000001,169532.34,150671.329,0.9795686719636776,,0.0
2024-09-18,8.59,8.68,8.71,8.44,184577.34,161337.038,0.979683972911964,,0.0
2024-09-19,8.74,8.86,8.89,8.64,213584.34,191958.208,0.9800884955752212,,0.0
2024-09-20,8.85,8.790000000000001,8.9,8.71,154422.0,138560.068,0.979933110367893,,0.0
2024-09-23,8.74,8.86,8.9,8.71,143525.0,129507.225,0.9800884955752212,,0.0
2024-09-24,8.89,9.1,9.1,8.75,318974.0,292041.109,0.980603448275862,,0.0
2024-09-25,9.15,9.17,9.44,9.1,426512.0,402841.398,0.9807486631016044,,0.0
2024-09-26,9.12,9.45,9.46,9.11,374255.37,355654.44,0.9813084112149532,,0.0
2024-09-27,9.6,9.95,10.04,9.53,578045.0,575825.793,0.9822309970384996,,0.0
2024-09-30,10.36,10.83,10.9,9.99,818763.82,875996.822,0.983651226158038,,0.0
2024-10-08,11.9,11.31,11.92,10.35,1015155.11,1159433.15,0.9843342036553524,,0.0
2024-10-09,10.82,10.16,10.95,10.16,570652.36,609235.405,0.9825918762088977,,0.0
2024-10-10,10.1,10.22,10.49,9.88,406562.33,422747.708,0.9826923076923078,,0.0
2024-10-11,10.28,9.7,10.28,9.58,348677.58,350286.315,0.9817813765182186,,0.0
2024-10-14,9.7,10.0,10.0,9.63,288075.92,289168.724,0.9823182711198428,,0.0
2024-10-15,10.0,9.71,10.02,9.71,256025.37,256724.162,0.9817997977755308,,0.0
2024-10-16,9.61,9.7,9.8,9.55,196486.86,193785.834,0.9817813765182186,,0.0
2024-10-17,9.72,9.74,9.88,9.65,224711.2,223703.744,0.9818548387096776,,0.0
2024-10-18,9.75,10.05,10.12,9.61,461560.8,469016.885,0.9824046920821116,,0.0
2024-10-21,9.99,9.97,10.12,9.85,363888.93,369115.311,0.9822660098522168,,0.0
2024-10-22,10.08,10.44,10.5,10.02,645303.07,680190.32,0.9830508474576272,,0.0
2024-10-23,10.42,10.34,10.67,10.21,551133.11,584135.229,0.9828897338403042,,0.0
2024-10-24,10.3,10.12,10.34,10.04,291500.02,300791.069,0.9825242718446602,,0.0
2024-10-25,10.17,10.22,10.27,10.16,277707.2,288511.752,0.9826923076923078,,0.0
2024-10-28,10.21,10.65,10.66,10.12,504380.25,537003.371,0.9833795013850416,,0.0
2024-10-29,10.73,10.39,10.8,10.38,406317.93,436201.748,0.9829706717123936,,0.0
2024-10-30,10.29,11.02,11.41,10.24,886159.04,976591.932,0.9839285714285716,,0.0
2024-10-31,11.03,11.11,11.42,10.88,854088.05,965990.474,0.9840566873339238,,0.0
2024-11-01,11.0,10.56,11.08,10.48,549305.53,597603.988,0.9832402234636872,,0.0
2024-11-04,10.68,11.07,11.26,10.68,552667.49,618538.804,0.984,,0.0
2024-11-05,10.96,11.09,11.16,10.88,574566.6,645043.655,0.9840283939662822,,0.0
2024-11-06,11.06,11.36,11.89,11.0,932551.74,1085968.868,0.9844020797227035,,0.0
2024-11-07,11.07,11.45,11.5,11.07,590399.83,676927.73,0.9845227858985384,,0.0
2024-11-08,11.51,11.27,11.61,11.24,465749.1,538118.067,0.9842794759825328,,0.0
2024-11-11,11.21,11.41,11.45,11.13,461918.25,531652.192,0.9844693701466782,,0.0
2024-11-12,11.42,11.31,11.67,11.19,455774.04,529587.295,0.9843342036553524,,0.0
2024-11-13,11.14,11.13,11.27,10.89,321776.0,361843.425,0.9840848806366048,,0.0
2024-11-14,11.07,10.7,11.11,10.66,269281.44,297546.593,0.9834558823529412,,0.0
2024-11-15,10.64,11.34,11.73,10.6,805743.55,922734.033,0.984375,,0.0
2024-11-18,11.31,10.97,11.61,10.73,531416.02,597712.182,0.9838565022421524,,0.0
2024-11-19,10.97,11.18,11.27,10.82,401816.7,452123.349,0.9841549295774648,,0.0
2024-11-20,11.18,11.46,11.58,11.07,555105.82,644479.026,0.9845360824742267,,0.0
2024-11-21,11.4,12.62,12.62,11.35,701857.55,878444.316,0.9859375,,0.0
2024-11-22,12.69,11.92,12.91,11.85,1309395.47,1652541.198,0.9851239669421488,,0.0
2024-11-25,12.28,12.19,12.55,11.82,836887.96,1031672.129,0.9854486661277284,,0.0
2024-11-26,12.04,11.61,12.2,11.58,594993.0,714751.26,0.9847328244274808,,0.0
2024-11-27,11.49,11.68,11.8,11.27,475603.9,557037.901,0.984822934232715,,0.0
2024-11-28,11.53,11.48,11.7,11.29,429873.31,501130.306,0.9845626072041168,,0.0
2024-11-29,12.65,12.65,12.65,12.64,323112.33,414551.919,0.9859703819173812,,0.0
2024-12-02,13.86,13.0,13.86,12.71,1355042.41,1810219.209,0.9863429438543247,,0.0
2024-12-03,13.19,12.73,13.36,12.33,907381.21,1165408.649,0.9860573199070488,,0.0
2024-12-04,12.47,12.13,12.69,12.02,587524.02,732959.137,0.9853777416734364,,0.0
2024-12-05,12.11,12.27,12.4,12.07,462067.0,573229.355,0.9855421686746988,,0.0
2024-12-06,12.27,12.35,12.43,12.09,400982.73,499446.417,0.985634477254589,,0.0
2024-12-09,12.32,12.53,12.88,12.22,564697.71,721625.639,0.985837922895358,,0.0
2024-12-10,12.83,12.3,12.91,12.29,515397.89,654235.903,0.9855769230769232,,0.0
2024-12-11,12.22,12.34,12.5,12.16,283814.01,354817.19,0.9856230031948882,,0.0
2024-12-12,12.31,12.38,12.39,12.13,310287.52,385811.594,0.9856687898089171,,0.0
2024-12-13,12.25,12.18,12.47,12.13,262753.48,327049.729,0.9854368932038836,,0.0
2024-12-16,12.08,11.84,12.23,11.78,298690.02,363071.084,0.9850249584026622,,0.0
2024-12-17,11.76,11.62,12.12,11.59,333793.93,402992.082,0.9847457627118644,,0.0
2024-12-18,11.57,11.64,11.83,11.5,214563.94,254129.302,0.984771573604061,,0.0
2024-12-19,11.52,11.65,11.68,11.32,225991.95,264411.797,0.9847844463229078,,0.0
2024-12-20,11.61,11.59,11.68,11.55,154737.94,182520.87,0.9847068819031436,,0.0
2024-12-23,11.6,11.07,11.65,11.05,229802.0,263682.704,0.984,,0.0
2024-12-24,11.1,11.2,11.29,10.94,180162.88,203417.941,0.984182776801406,,0.0
2024-12-25,11.2,10.94,11.23,10.83,149229.0,166707.324,0.9838129496402878,,0.0
2024-12-26,11.0,11.18,11.22,10.91,156925.14,177262.532,0.9841549295774648,,0.0
2024-12-27,11.16,11.24,11.31,11.09,145067.01,165402.858,0.9842381786339756,,0.0
2024-12-30,11.18,11.16,11.24,11.04,108269.94,122556.022,0.9841269841269842,,0.0
2024-12-31,11.12,10.82,11.23,10.79,143118.05,159210.564,0.9836363636363636,,0.0
2025-01-02,10.77,10.47,10.93,10.37,186161.05,201287.933,0.9830985915492958,,0.0
2025-01-03,10.52,10.05,10.59,10.04,177971.01,185609.485,0.9824046920821116,,0.0
2025-01-06,10.08,10.27,10.37,9.83,193466.0,200992.065,0.9827751196172247,,0.0
2025-01-07,10.32,10.55,10.55,10.18,158643.88,168148.852,0.9832246039142593,,0.0
2025-01-08,10.47,10.49,10.59,10.19,154207.93,163266.162,0.9831302717900656,,0.0
2025-01-09,10.49,10.55,10.7,10.43,126538.94,136453.18,0.9832246039142593,,0.0
2025-01-10,10.55,10.27,10.62,10.26,112129.0,119314.341,0.9827751196172247,,0.0
2025-01-13,10.17,10.38,10.62,10.03,160291.94,168680.118,0.9829545454545456,,0.0
2025-01-14,10.43,10.84,10.87,10.37,195490.87,212559.047,0.9836660617059892,,0.0
2025-01-15,10.85,10.73,10.89,10.67,103611.86,113310.946,0.9835013748854262,,0.0
2025-01-16,10.77,10.83,10.92,10.67,128646.0,141170.034,0.983651226158038,,0.0
2025-01-17,10.76,10.96,11.03,10.73,190546.05,211351.087,0.9838420107719928,,0.0
2025-01-20,11.07,11.2,11.34,10.98,181354.05,206313.302,0.984182776801406,,0.0
2025-01-21,11.27,11.68,11.75,11.23,388700.45,453764.954,0.9873203719357564,,0.0
2025-01-22,11.52,11.52,11.61,11.4,198443.13,230972.176,0.987146529562982,,0.0
2025-01-23,11.62,11.27,11.66,11.24,212742.45,246064.637,0.9868651488616462,,0.0
2025-01-24,11.25,11.34,11.41,11.15,152077.08,173757.812,0.9869451697127936,,0.0
2025-01-27,11.45,11.29,11.65,11.28,168528.27,195753.896,0.986888111888112,,0.0
2025-02-05,11.29,11.41,11.52,11.22,159194.02,184002.979,0.9870242214532872,,0.0
2025-02-06,11.37,11.74,11.82,11.26,278029.6,324973.643,0.9873843566021868,,0.0
2025-02-07,11.67,11.81,11.9,11.65,326715.28,389944.036,0.9874581939799332,,0.0
2025-02-10,11.82,11.81,11.96,11.73,203515.0,243307.848,0.9874581939799332,,0.0
2025-02-11,11.86,11.72,11.86,11.65,142665.84,169268.999,0.987363100252738,,0.0
2025-02-12,11.65,11.73,11.73,11.55,146561.01,173030.912,0.9873737373737372,,0.0
2025-02-13,11.73,11.57,11.86,11.57,160787.02,190644.658,0.9872013651877132,,0.0
2025-02-14,11.6,11.52,11.74,11.45,148119.43,173742.543,0.987146529562982,,0.0
2025-02-17,11.53,11.44,11.58,11.32,141981.66,164481.605,0.9870578084555652,,0.0
2025-02-18,11.44,11.05,11.55,11.03,196881.68,225447.954,0.9866071428571428,,0.0
2025-02-19,11.0,11.14,11.14,10.98,148007.21,166247.966,0.9867139061116031,,0.0
2025-02-20,11.16,11.03,11.17,10.95,143743.98,160710.06,0.9865831842576028,,0.0
2025-02-21,11.02,11.05,11.07,10.86,161837.29,180145.988,0.9866071428571428,,0.0
2025-02-24,11.0,10.9,11.04,10.8,179286.55,198346.812,0.9864253393665158,,0.0
2025-02-25,10.82,10.95,11.13,10.76,199616.42,222135.69,0.9864864864864864,,0.0
2025-02-26,10.99,11.14,11.19,10.98,188801.0,212565.715,0.9867139061116031,,0.0
2025-02-27,11.15,11.11,11.25,10.92,156504.0,175920.783,0.9866785079928952,,0.0
2025-02-28,11.05,10.72,11.09,10.67,169477.0,186548.151,0.9862005519779208,,0.0
2025-03-03,10.73,10.71,10.93,10.64,137554.31,150560.341,0.9861878453038674,,0.0
2025-03-04,10.64,10.82,10.83,10.6,88958.43,96857.995,0.9863263445761168,,0.0
2025-03-05,10.79,10.88,10.89,10.73,91971.01,100871.063,0.986400725294651,,0.0
2025-03-06,10.89,10.88,10.98,10.83,153096.2,168925.78,0.986400725294651,,0.0
2025-03-07,10.83,10.8,10.94,10.73,140786.74,154689.675,0.9863013698630136,,0.0
2025-03-10,10.85,10.86,11.0,10.8,108310.0,119359.754,0.9863760217983653,,0.0
2025-03-11,10.8,10.79,10.86,10.7,92295.0,100648.01,0.986288848263254,,0.0
2025-03-12,10.84,10.88,10.97,10.82,164287.0,181797.265,0.986400725294651,,0.0
2025-03-13,10.85,10.62,10.87,10.52,170138.1,183712.731,0.9860724233983288,,0.0
2025-03-14,10.61,10.81,10.83,10.55,139947.12,152407.049,0.9863138686131386,,0.0
2025-03-17,10.82,10.86,10.92,10.8,98320.05,108288.361,0.9863760217983653,,0.0
2025-03-18,10.88,10.95,10.99,10.85,126427.52,139963.19,0.9864864864864864,,0.0
2025-03-19,10.95,10.95,11.04,10.9,129684.14,144280.345,0.9864864864864864,,0.0
2025-03-20,11.25,11.17,11.51,11.15,393817.07,450296.014,0.986749116607774,,0.0
2025-03-21,11.06,10.83,11.16,10.81,242628.0,270034.466,0.9863387978142076,,0.0
2025-03-24,10.76,10.59,10.78,10.38,189882.23,204099.25,0.9860335195530726,,0.0
2025-03-25,10.56,10.51,10.65,10.46,102698.0,109865.337,0.9859287054409004,,0.0
2025-03-26,10.47,10.67,10.74,10.47,123691.61,133235.859,0.9861367837338262,,0.0
2025-03-27,10.7,11.1,11.7,10.67,465704.92,528897.898,0.9866666666666666,,0.0
2025-03-28,11.08,11.02,11.3,10.94,266748.98,300874.541,0.9865711727842434,,0.0
2025-03-31,11.3,11.15,11.65,11.07,340438.03,390655.526,0.986725663716814,,0.0
2025-04-01,11.02,11.45,11.69,11.02,409296.58,475304.741,0.9870689655172412,,0.0
2025-04-02,11.39,11.21,11.39,11.16,209710.26,238714.641,0.9867957746478871,,0.0
2025-04-03,10.96,10.93,11.11,10.75,174522.42,193707.283,0.9864620938628158,,0.0
2025-04-07,10.11,9.82,10.35,9.82,193434.01,195707.47,0.9849548645937812,,0.0
2025-04-08,9.62,9.31,9.99,8.959999999999999,267328.46,255311.761,0.9841437632135306,,0.0
2025-04-09,9.15,9.39,9.46,8.74,186407.14,173169.081,0.9842767295597484,,0.0
2025-04-10,9.63,9.7,9.83,9.6,166916.49,165074.146,0.9847715736040608,,0.0
2025-04-11,9.65,9.87,10.02,9.61,147347.0,146845.3,0.9850299401197604,,0.0
2025-04-14,10.04,10.04,10.2,9.95,164205.94,167503.106,0.985279685966634,,0.0
2025-04-15,10.03,10.1,10.25,9.97,134735.0,138192.592,0.9853658536585366,,0.0
2025-04-16,10.06,9.9,10.09,9.78,97633.13,98350.754,0.9850746268656716,,0.0
2025-04-17,9.9,10.05,10.13,9.83,89431.09,91174.594,0.9852941176470588,,0.0
2025-04-18,10.08,10.06,10.18,10.01,96489.0,98790.422,0.9853085210577864,,0.0
2025-04-21,10.05,10.19,10.3,9.96,124279.21,128187.321,0.9854932301740812,,0.0
2025-04-22,10.21,11.22,11.22,10.21,478538.02,538435.789,0.9868073878627968,,0.0
2025-04-23,11.22,11.26,11.54,11.1,617850.33,707408.703,0.9868536371603857,,0.0
2025-04-24,11.26,11.15,11.35,11.02,346328.03,391149.853,0.986725663716814,,0.0
2025-04-25,11.44,11.76,11.85,11.2,588311.68,691211.045,0.9874055415617128,,0.0
2025-04-28,11.65,10.99,11.66,10.97,468770.0,528555.538,0.9865350089766608,,0.0
2025-04-29,11.0,11.18,11.3,10.89,225565.74,254677.905,0.9867608120035304,,0.0
2025-04-30,11.19,10.93,11.25,10.92,235573.04,263179.785,0.9864620938628158,,0.0
2025-05-06,11.03,11.4,11.43,11.03,280763.59,319616.729,0.987012987012987,,0.0
2025-05-07,11.5,11.58,11.77,11.41,318323.83,373800.623,0.9872122762148338,,0.0
2025-05-08,11.45,11.47,11.6,11.45,182177.92,212346.948,0.987091222030981,,0.0
2025-05-09,11.42,11.12,11.42,11.1,182365.0,206869.12,0.9866903283052352,,0.0
2025-05-12,11.24,11.37,11.53,11.17,222298.0,254423.903,0.9869791666666666,,0.0
2025-05-13,11.49,11.41,11.65,11.37,236406.94,275702.238,0.9870242214532872,,0.0
2025-05-14,11.35,11.23,11.38,11.1,202760.94,229894.16,0.9868189806678382,,0.0
2025-05-15,11.2,11.05,11.44,11.04,166192.96,187662.839,0.9866071428571428,,0.0
2025-05-16,11.01,11.16,11.29,11.01,170834.58,193900.548,0.986737400530504,,0.0
2025-05-19,11.22,11.18,11.33,11.09,124188.0,140670.768,0.9867608120035304,,0.0
2025-05-20,11.2,11.38,11.43,11.12,180388.76,205927.027,0.986990459670425,,0.0
2025-05-21,11.38,11.51,11.6,11.27,283855.0,329365.586,0.9871355060034304,,0.0
2025-05-22,11.53,11.43,11.63,11.34,234107.85,272222.324,0.9870466321243524,,0.0
2025-05-23,11.42,11.26,11.79,11.26,493544.09,576720.463,0.9868536371603857,,0.0
2025-05-26,11.18,11.17,11.41,11.13,252713.95,287667.996,0.986749116607774,,0.0
2025-05-27,11.17,11.1,11.71,11.09,273306.71,312379.75,0.9866666666666666,,0.0
2025-05-28,11.13,11.14,11.5,11.11,277785.97,316132.18,0.9867139061116031,,0.0
2025-05-29,11.15,11.66,11.83,11.13,611073.18,716708.634,0.987298899237934,,0.0
2025-05-30,11.65,11.26,11.7,11.25,329835.28,380842.755,0.9868536371603857,,0.0
2025-06-03,11.25,11.07,11.27,11.03,271895.72,305835.529,0.9866310160427808,,0.0
2025-06-04,11.12,11.1,11.18,11.05,165273.41,185897.135,0.9866666666666666,,0.0
2025-06-05,11.11,11.05,11.13,10.96,160009.92,178607.144,0.9866071428571428,,0.0
2025-06-06,11.01,11.01,11.09,10.97,124898.49,139515.754,0.9865591397849462,,0.0
2025-06-09,11.04,11.16,11.23,11.04,151961.58,171413.749,0.986737400530504,,0.0
2025-06-10,11.14,10.91,11.15,10.79,200682.42,222936.311,0.9864376130198916,,0.0
2025-06-11,10.91,10.97,11.03,10.91,93106.02,103590.209,0.9865107913669064,,0.0
2025-06-12,10.95,10.87,10.98,10.82,130734.3,144267.874,0.9863883847549908,,0.0
2025-06-13,10.82,10.53,10.82,10.51,197828.58,212992.372,0.9859550561797752,,0.0
2025-06-16,10.42,10.57,10.6,10.42,127440.0,135791.545,0.9860074626865672,,0.0
2025-06-17,10.57,10.78,11.1,10.55,219430.33,240234.909,0.9862763037511436,,0.0
2025-06-18,10.76,10.66,10.78,10.63,98027.0,106089.924,0.9861239592969472,,0.0
2025-06-19,10.65,10.41,10.65,10.32,148729.02,157699.604,0.9857954545454544,,0.0
2025-06-20,10.41,10.4,10.49,10.38,71671.9,75885.058,0.985781990521327,,0.0
2025-06-23,10.35,10.48,10.48,10.31,59643.0,63163.73,0.9858889934148636,,0.0
2025-06-24,10.59,10.69,10.71,10.59,103346.0,111798.632,0.9861623616236164,,0.0
2025-06-25,10.69,10.72,10.74,10.64,99337.64,107734.244,0.9862005519779208,,0.0
2025-06-26,10.78,10.7,10.84,10.7,110244.02,120073.422,0.9861751152073732,,0.0
2025-06-27,10.7,10.8,10.83,10.7,103202.77,112731.216,0.9863013698630136,,0.0
2025-06-30,10.82,10.78,10.83,10.73,90648.01,99046.084,0.9862763037511436,,0.0
2025-07-01,10.78,10.81,10.85,10.76,94233.94,103316.239,0.9863138686131386,,0.0
2025-07-02,10.76,10.79,10.88,10.73,92009.02,100651.057,0.986288848263254,,0.0
2025-07-03,10.76,11.06,11.28,10.76,242738.89,270418.313,0.9866190900981266,,0.0
2025-07-04,11.07,10.99,11.32,10.95,161138.68,180517.897,0.9865350089766608,,0.0
2025-07-07,11.03,11.05,11.05,10.89,95022.71,105821.329,0.9866071428571428,,0.0
2025-07-08,11.03,11.43,11.45,11.03,401953.96,462723.673,0.9870466321243524,,0.0
2025-07-09,11.43,11.47,11.55,11.38,236217.05,274629.338,0.987091222030981,,0.0
2025-07-10,11.47,11.56,11.62,11.38,172220.05,200722.371,0.987190435525192,,0.0
2025-07-11,11.59,11.7,11.75,11.46,252244.45,295391.484,0.9915254237288136,,0.0
2025-07-14,11.49,11.15,11.49,10.98,430365.39,482960.0,0.9911111111111112,,0.0
2025-07-15,11.16,11.14,11.26,11.06,198916.91,223684.507,0.9911032028469752,,0.0
2025-07-16,11.11,11.13,11.18,11.07,128115.0,143865.791,0.9910952804986644,,0.0
2025-07-17,11.24,11.17,11.25,11.12,157406.0,177423.568,0.9911268855368236,,0.0
2025-07-18,11.18,11.17,11.25,11.05,193060.98,216505.686,0.9911268855368236,,0.0
2025-07-21,11.17,11.21,11.25,11.13,147005.0,166136.673,0.991158267020336,,0.0
2025-07-22,11.21,11.2,11.23,11.12,155152.56,174886.636,0.991150442477876,,0.0
2025-07-23,11.2,11.07,11.22,11.06,183265.7,205966.871,0.991047448522829,,0.0
2025-07-24,11.08,11.12,11.13,11.05,150050.14,167905.636,0.9910873440285204,,0.0
2025-07-25,11.12,11.12,11.23,11.08,172597.0,193983.656,0.9910873440285204,,0.0
2025-07-28,11.12,11.05,11.15,11.02,134311.0,149943.611,0.9910313901345292,,0.0
2025-07-29,11.05,11.04,11.07,10.87,151668.81,167524.654,0.991023339317774,,0.0
2025-07-30,11.01,10.97,11.06,10.92,112957.87,125252.22,0.99096657633243,,0.0
2025-07-31,10.94,10.83,10.99,10.81,118428.43,130177.164,0.9908508691674291,,0.0
2025-08-01,10.83,10.87,10.9,10.8,75027.08,82163.435,0.9908842297174112,,0.0
2025-08-04,10.83,10.88,10.88,10.78,75136.0,82151.132,0.9908925318761383,,0.0
2025-08-05,10.88,10.96,10.97,10.87,99028.87,109322.455,0.9909584086799276,,0.0
2025-08-06,10.96,10.94,10.98,10.87,82173.02,90642.496,0.9909420289855072,,0.0
2025-08-07,10.92,10.95,10.97,10.87,102810.08,113374.639,0.990950226244344,,0.0
2025-08-08,10.92,10.96,11.0,10.88,85206.0,94110.837,0.9909584086799276,,0.0
2025-08-11,10.95,11.01,11.01,10.93,101553.36,112571.555,0.990999099909991,,0.0
2025-08-12,11.0,11.04,11.06,10.97,118180.02,131558.193,0.991023339317774,,0.0
2025-08-13,11.06,11.05,11.08,10.95,133353.68,148259.97,0.9910313901345292,,0.0
2025-08-14,11.06,10.83,11.06,10.83,168033.9,185329.864,0.9908508691674291,,0.0
2025-08-15,10.8,10.93,10.98,10.8,124134.79,136439.376,0.9909338168631008,,0.0
2025-08-18,10.93,11.03,11.09,10.92,210433.16,233418.631,0.991015274034142,,0.0
2025-08-19,11.04,11.01,11.04,10.91,132916.02,147462.652,0.990999099909991,,0.0
2025-08-20,10.98,11.22,11.3,10.95,313896.32,353446.795,0.991166077738516,,0.0
2025-08-21,11.22,11.21,11.4,11.17,251121.96,285154.427,0.991158267020336,,0.0
2025-08-22,11.22,11.27,11.35,11.13,198277.24,224625.378,0.9912049252418644,,0.0
2025-08-25,11.34,11.29,11.36,11.21,218649.1,248432.671,0.9912203687445128,,0.0
2025-08-26,11.28,11.47,11.56,11.22,256521.02,294696.369,0.9913569576490924,,0.0
2025-08-27,11.55,11.4,11.83,11.35,442989.84,518754.016,0.991304347826087,,0.0
2025-08-28,11.36,11.32,11.45,11.0,297232.52,337338.411,0.9912434325744308,,0.0
2025-08-29,11.32,11.42,11.5,11.21,250258.98,287580.709,0.9913194444444444,,0.0
2025-09-01,11.5,11.44,11.54,11.31,189195.06,217639.609,0.9913344887348354,,0.0
2025-09-02,11.44,11.55,11.63,11.25,303442.61,349934.719,0.9914163090128756,,0.0
2025-09-03,11.56,11.3,11.61,11.18,229081.58,263172.33,0.9912280701754388,,0.0
2025-09-04,11.32,11.17,11.38,11.01,198979.34,225301.961,0.9911268855368236,,0.0
2025-09-05,11.17,11.34,11.34,11.15,158600.0,180000.66,0.9912587412587412,,0.0
2025-09-08,11.34,11.52,11.54,11.27,209470.64,241040.407,0.991394148020654,,0.0
2025-09-09,11.49,11.58,11.63,11.4,261518.02,304409.093,0.9914383561643836,,0.0
2025-09-10,11.59,11.52,11.65,11.51,159284.0,185761.709,0.991394148020654,,0.0
2025-09-11,11.55,11.57,11.58,11.38,158081.0,183198.797,0.9914310197086548,,0.0
2025-09-12,11.62,11.41,11.7,11.37,219221.14,254925.115,0.9913119026933102,,0.0
2025-09-15,11.53,11.73,11.85,11.52,390439.84,459805.349,0.9915469146238376,,0.0
2025-09-16,11.79,11.62,11.83,11.41,266831.57,310916.833,0.9914675767918087,,0.0
2025-09-17,11.58,11.5,11.59,11.47,163564.51,189933.292,0.9913793103448276,,0.0
2025-09-18,11.53,11.39,11.67,11.2,285577.14,328950.629,0.9912967798085291,,0.0
2025-09-19,11.28,11.24,11.35,11.14,188429.57,213439.27,0.9911816578483246,,0.0
2025-09-22,11.27,11.15,11.37,10.98,158064.0,177695.254,0.9911111111111112,,0.0
2025-09-23,11.13,11.01,11.14,10.85,175268.68,193835.611,0.990999099909991,,0.0
2025-09-24,11.0,11.12,11.17,10.93,109535.48,122315.524,0.9910873440285204,,0.0
2025-09-25,11.07,10.9,11.1,10.9,128536.51,142469.777,0.990909090909091,,0.0
2025-09-26,10.9,10.91,11.08,10.85,139191.94,153958.472,0.9909173478655768,,0.0
2025-09-29,10.88,10.92,10.95,10.75,122882.68,134727.781,0.9909255898366608,,0.0
2025-09-30,10.92,10.89,10.94,10.87,101465.54,111562.507,0.9909008189262968,,0.0
2025-10-09,10.93,10.99,10.99,10.87,133561.93,147435.781,0.9909828674481516,,0.0
2025-10-10,10.95,11.33,11.43,10.93,292756.18,331345.068,0.9912510936132984,,0.0
2025-10-13,11.01,11.26,11.31,10.98,185643.44,209626.865,0.9911971830985916,,0.0
2025-10-14,11.41,11.45,11.76,11.39,357405.04,416551.404,0.9913419913419914,,0.0
2025-10-15,11.6,12.61,12.61,11.51,827176.6,1005456.567,0.99213217938631,,0.0
2025-10-16,12.88,12.43,12.88,12.36,860834.07,1093341.811,0.9920191540303273,,0.0
2025-10-17,12.4,12.14,12.49,12.1,398779.99,492305.83,0.9918300653594772,,0.0
2025-10-20,12.34,12.25,12.44,11.96,411316.32,504946.509,0.9919028340080972,,0.0
2025-10-21,12.19,12.35,12.42,12.07,355690.52,440225.267,0.9919678714859438,,0.0
2025-10-22,12.3,12.38,12.54,12.15,377680.7,471459.046,0.9919871794871796,,0.0
2025-10-23,12.24,12.49,12.54,12.18,311055.1,387712.069,0.9920571882446386,,0.0
2025-10-24,12.41,12.5,12.71,12.35,353400.9,446379.244,0.992063492063492,,0.0
2025-10-27,12.59,12.49,12.69,12.39,300757.99,378473.076,0.9920571882446386,,0.0
2025-10-28,12.26,11.91,12.4,11.88,500185.81,607276.828,0.9916736053288926,,0.0
2025-10-29,11.91,11.65,11.95,11.58,344000.55,404371.551,0.9914893617021276,,0.0
2025-10-30,11.65,11.62,11.81,11.45,262688.64,308448.795,0.9914675767918087,,0.0
2025-10-31,11.58,11.65,11.88,11.58,216056.43,255186.651,0.9914893617021276,,0.0
2025-11-03,11.7,11.71,11.77,11.57,167816.7,197397.423,0.991532599491956,,0.0
2025-11-04,11.71,11.64,11.78,11.52,187786.93,220439.232,0.9914821124361158,,0.0
2025-11-05,11.53,11.57,11.63,11.49,163724.0,190913.89,0.9914310197086548,,0.0
2025-11-06,11.59,11.66,11.69,11.45,204130.05,239019.464,0.9914965986394558,,0.0
2025-11-07,11.67,11.62,11.75,11.6,163996.4,193092.041,0.9914675767918087,,0.0
2025-11-10,11.65,11.56,11.68,11.41,166169.46,193264.646,0.9914236706689538,,0.0
2025-11-11,11.53,11.42,11.54,11.36,156780.09,181070.14,0.9913194444444444,,0.0
2025-11-12,11.45,11.39,11.5,11.32,131284.0,150465.335,0.9956293706293704,,0.0
2025-11-13,11.38,11.66,11.67,11.3,264040.89,305778.297,0.995730145175064,,0.0
2025-11-14,11.55,11.66,11.81,11.53,215541.02,253851.036,0.995730145175064,,0.0
2025-11-17,11.61,11.48,11.64,11.42,150282.51,173660.543,0.9956634865568084,,0.0
2025-11-18,11.489999999999998,11.21,11.51,11.17,195055.96,220973.288,0.9955595026642984,,0.0
2025-11-19,11.22,11.05,11.26,10.989999999999998,148761.19,165773.523,0.9954954954954954,,0.0
2025-11-20,11.18,10.989999999999998,11.18,10.96,119401.96,132292.385,0.9954710144927535,,0.0
2025-11-21,10.88,10.62,10.93,10.55,195169.97,210444.084,0.9953139643861292,,0.0
2025-11-24,10.65,10.81,10.86,10.62,115635.12,124823.327,0.9953959484346224,,0.0
2025-11-25,10.83,10.75,10.89,10.65,134322.56,145514.108,0.9953703703703703,,0.0
2025-11-26,10.739999999999998,10.72,10.86,10.7,84476.0,91412.791,0.9953574744661094,,0.0
2025-11-27,10.66,10.7,10.79,10.66,81024.08,87303.726,0.9953488372093022,,0.0
2025-11-28,10.7,10.83,10.84,10.65,96456.18,104390.679,0.9954044117647058,,0.0
2025-12-01,10.82,10.92,10.95,10.77,118724.0,129801.479,0.9954421148587056,,0.0
2025-12-02,10.92,10.83,10.92,10.8,70987.93,77273.098,0.9954044117647058,,0.0
2025-12-03,10.85,10.85,10.89,10.73,93034.98,101039.344,0.9954128440366972,,0.0
2025-12-04,10.87,10.76,10.88,10.7,90621.6,98106.052,0.9953746530989824,,0.0
2025-12-05,10.7,10.97,10.98,10.65,142019.58,155144.481,0.9954627949183302,,0.0
2025-12-08,10.989999999999998,11.05,11.08,10.96,106855.0,118364.593,0.9954954954954954,,0.0
2025-12-09,11.08,10.989999999999998,11.13,10.95,104920.36,116530.987,0.9954710144927535,,0.0
2025-12-10,10.97,11.17,11.29,10.92,132777.47,148651.556,0.9955436720142602,,0.0
2025-12-11,11.18,11.3,11.489999999999998,11.17,221272.14,252656.712,0.9955947136563876,,0.0
2025-12-12,11.27,11.2,11.489999999999998,11.19,134788.45,153517.63,0.9955555555555556,,0.0
2025-12-15,11.21,11.41,11.53,11.21,152180.68,174864.726,0.9956369982547992,,0.0
2025-12-16,11.55,11.35,11.58,11.28,136717.02,156129.756,0.9956140350877192,,0.0
2025-12-17,11.25,11.43,11.43,11.15,130940.4,148576.686,0.995644599303136,,0.0
2025-12-18,11.39,11.37,11.5,11.32,80323.4,92107.69,0.9956217162872152,,0.0
2025-12-19,11.4,11.489999999999998,11.53,11.37,117962.6,135862.998,0.9956672443674176,,0.0
2025-12-22,11.489999999999998,11.59,11.66,11.4,174746.04,203531.368,0.9957044673539518,,0.0
2025-12-23,11.55,11.5,11.65,11.41,126983.95,146655.137,0.9956709956709956,,0.0
2025-12-24,11.43,11.45,11.6,11.4,91136.13,104992.654,0.9956521739130434,,0.0
2025-12-25,11.46,11.28,11.47,11.28,136677.91,155593.267,0.99558693733451,,0.0
2025-12-26,11.28,11.2,11.34,11.11,144710.91,163161.626,0.9955555555555556,,0.0
2025-12-29,11.15,10.94,11.17,10.93,148256.02,164233.49,0.9954504094631482,,0.0
2025-12-30,10.9,10.91,10.97,10.83,101246.91,110895.666,0.9954379562043796,,0.0
2025-12-31,10.989999999999998,11.37,11.55,10.95,291150.85,330420.236,0.9956217162872152,,0.0
2026-01-05,11.35,11.46,11.55,11.28,206655.92,237605.921,0.995655951346655,,0.0
2026-01-06,11.51,11.61,11.71,11.46,192554.7,224054.136,0.9957118353344768,,0.0
2026-01-07,11.56,11.54,11.7,11.4,184983.0,214486.136,0.995685936151855,,0.0
2026-01-08,11.47,11.41,11.489999999999998,11.35,148197.98,169685.464,0.9956369982547992,,0.0
2026-01-09,11.44,11.34,11.44,11.25,204501.0,232663.284,0.9956101843722563,,0.0
2026-01-12,11.39,11.4,11.48,11.3,173602.07,198496.579,0.9956331877729258,,0.0
2026-01-13,11.42,11.35,11.48,11.32,195930.8,224342.854,0.9956140350877192,,0.0
2026-01-14,11.38,11.2,11.38,11.07,238632.13,269448.114,0.9955555555555556,,0.0
2026-01-15,11.16,11.27,11.38,11.15,179621.91,203723.494,0.995583038869258,,0.0
2026-01-16,11.29,11.27,11.37,11.23,108550.91,123050.479,0.995583038869258,,0.0
2026-01-19,11.32,11.62,11.62,11.32,257319.0,298525.769,0.9957155098543272,,0.0
2026-01-20,11.62,11.68,11.8,11.55,222883.0,261578.01,0.9957374254049444,,0.0
2026-01-21,11.64,11.73,11.8,11.57,150484.59,176770.108,0.995755517826825,,0.0
2026-01-22,11.75,11.96,12.03,11.64,263961.01,314032.179,0.9958368026644462,,0.0
2026-01-23,11.97,11.79,12.13,11.76,194958.0,232178.16,0.995777027027027,,0.0
2026-01-26,11.83,11.59,11.83,11.51,177723.87,207462.658,0.9957044673539518,,0.0
2026-01-27,11.58,11.739999999999998,11.82,11.4,185867.57,216948.898,0.9957591178965224,,0.0
2026-01-28,11.91,11.63,11.94,11.6,136430.0,160193.399,0.9957191780821916,,0.0
2026-01-29,11.63,11.5,11.69,11.43,129173.0,149856.995,0.9956709956709956,,0.0
2026-01-30,11.489999999999998,11.51,11.6,11.35,127067.0,146549.955,0.995674740484429,,0.0
2026-02-02,11.47,11.22,11.58,11.21,125854.64,143768.337,0.9955634427684116,,0.0
2026-02-03,11.29,11.26,11.29,11.13,110105.0,124125.698,0.995579133510168,,0.0
2026-02-04,11.23,11.48,11.489999999999998,11.16,128641.62,147359.306,0.9956634865568084,,0.0
2026-02-05,11.43,11.6,11.78,11.42,144200.42,168515.715,0.9957081545064376,,0.0
2026-02-06,11.55,11.98,12.2,11.53,352829.6,423241.563,0.995843724023275,,0.0
2026-02-09,12.239999999999998,11.97,12.239999999999998,11.94,188618.57,227681.412,0.9958402662229616,,0.0
2026-02-10,11.97,11.9,11.989999999999998,11.78,106625.47,127356.92,0.99581589958159,,0.0
2026-02-11,11.93,12.0,12.09,11.87,133362.64,161019.073,0.9958506224066388,,0.0
2026-02-12,11.98,11.9,12.01,11.85,99071.28,118569.313,0.99581589958159,,0.0
2026-02-13,11.9,11.77,11.97,11.739999999999998,107084.43,127592.228,0.9957698815566836,,0.0
2026-02-24,11.87,12.17,12.239999999999998,11.84,175883.6,213041.763,0.9959083469721768,,0.0
2026-02-25,12.17,12.18,12.26,12.11,142217.81,174036.674,0.9959116925592804,,0.0
2026-02-26,12.17,12.11,12.18,12.03,93907.31,114037.92,0.9958881578947368,,0.0
2026-02-27,12.08,12.07,12.16,12.02,82496.31,100050.31,0.9958745874587458,,0.0
2026-03-02,11.84,11.55,11.94,11.52,218084.82,255364.704,0.9956896551724136,,0.0
2026-03-03,11.62,11.01,11.66,10.97,283232.36,319997.85,0.9954792043399636,,0.0
2026-03-04,10.9,10.81,10.98,10.71,204990.0,223069.398,0.9953959484346224,,0.0
2026-03-05,10.97,11.06,11.12,10.94,129263.0,143522.161,0.9954995499549956,,0.0
2026-03-06,10.989999999999998,11.17,11.23,10.95,94743.61,105939.354,0.9955436720142602,,0.0
2026-03-09,11.03,10.94,11.13,10.86,132255.06,145521.588,0.9954504094631482,,0.0
2026-03-10,11.16,11.31,11.33,11.07,144486.64,162562.118,0.9955985915492958,,0.0
2026-03-11,11.35,11.5,11.59,11.32,168831.5,194503.183,0.9956709956709956,,0.0
2026-03-12,11.45,11.31,11.5,11.25,102950.56,117126.81,0.9955985915492958,,0.0
2026-03-13,11.27,11.16,11.38,11.14,83435.0,94429.562,0.9955396966993756,,0.0
2026-03-16,11.239999999999998,11.22,11.239999999999998,11.07,79804.2,89429.657,0.9955634427684116,,0.0
2026-03-17,11.3,11.52,11.84,11.3,309774.76,362810.617,0.9956784788245462,,0.0
2026-03-18,11.47,11.5,11.75,11.33,187524.85,216451.465,0.9956709956709956,,0.0
2026-03-19,11.41,11.08,11.41,11.05,164066.34,184496.726,0.9955076370170708,,0.0
2026-03-20,11.13,10.88,11.15,10.85,171422.55,188852.591,0.9954254345837144,,0.0
2026-03-23,10.67,10.31,10.71,10.22,244249.71,257223.387,0.9951737451737452,,0.0
2026-03-24,10.59,10.739999999999998,10.75,10.38,165153.8,175641.179,0.995366079703429,,0.0
2026-03-25,10.83,10.91,10.94,10.71,119482.27,130110.829,0.9954379562043796,,0.0
2026-03-26,10.91,11.02,11.46,10.9,187991.67,211356.355,0.9954832881662148,,0.0
2026-03-27,10.86,11.07,11.13,10.83,98359.66,109091.903,0.995503597122302,,0.0
2026-03-30,10.95,11.03,11.1,10.85,99118.8,109495.205,0.9954873646209386,,0.0
2026-03-31,11.05,11.47,12.05,11.05,437027.62,509112.272,0.9956597222222222,,0.0
2026-04-01,11.51,11.23,11.6,11.16,320488.36,363353.979,0.9955673758865248,,0.0
2026-04-02,11.239999999999998,11.21,11.27,11.09,154485.92,173738.379,0.9955595026642984,,0.0
2026-04-03,11.25,10.88,11.25,10.83,171687.03,188619.016,0.9954254345837144,,0.0
2026-04-07,10.79,11.13,11.14,10.79,117712.0,129955.739,0.9955277280858676,,0.0
2026-04-08,11.21,11.21,11.28,11.08,204210.01,229480.612,0.9955595026642984,,0.0
2026-04-09,11.25,11.27,11.42,11.16,177864.93,201085.545,0.995583038869258,,0.0
2026-04-10,11.27,11.35,11.42,11.25,173509.89,197986.658,0.9956140350877192,,0.0
2026-04-13,11.3,11.83,12.239999999999998,11.25,523168.89,619845.266,0.9957912457912458,,0.0
2026-04-14,11.95,11.92,12.31,11.67,450018.59,541382.019,0.9958228905597326,,0.0
2026-04-15,11.95,11.85,12.04,11.73,243717.12,290250.22,0.995798319327731,,0.0
2026-04-16,11.91,12.26,12.3,11.91,291516.4,356877.94,0.9959382615759544,,0.0
2026-04-17,12.13,12.01,12.29,11.95,217143.61,263094.557,0.995854063018242,,0.0
2026-04-20,12.15,12.02,12.2,11.82,189025.0,227017.254,0.9958574979287488,,0.0
2026-04-21,12.1,12.09,12.13,11.84,163674.45,197180.559,0.9958813838550248,,0.0
2026-04-22,12.0,12.25,12.3,11.91,162720.53,198896.011,0.9959349593495934,,0.0
2026-04-23,12.25,12.47,12.73,12.15,330280.19,414643.936,0.9960063897763578,,0.0
2026-04-24,12.35,12.14,12.4,12.03,225603.33,275223.482,0.995898277276456,,0.0
2026-04-27,12.08,12.41,12.7,12.08,318176.47,398339.954,0.9959871589085072,,0.0
2026-04-28,12.37,12.11,12.4,12.0,204022.92,247956.929,0.9958881578947368,,0.0
2026-04-29,12.03,12.0,12.11,11.95,166049.06,200666.32,0.9958506224066388,,0.0
2026-04-30,11.96,11.88,12.17,11.83,174516.29,209526.667,0.9958088851634534,,0.0
2026-05-06,11.96,11.98,12.06,11.88,175546.6,210758.909,0.995843724023275,,0.0
2026-05-07,11.96,12.16,12.26,11.91,197827.0,240875.234,0.9959049959049958,,0.0
2026-05-08,12.13,11.91,12.13,11.81,168564.89,201730.352,0.995819397993311,,0.0
2026-05-11,11.96,11.739999999999998,11.97,11.67,177736.35,209578.404,0.9957591178965224,,0.0
2026-05-12,11.83,11.73,12.13,11.66,237497.67,282904.855,0.995755517826825,,0.0
2026-05-13,11.739999999999998,11.84,11.98,11.53,187147.74,221734.26,0.9957947855340622,,0.0
2026-05-14,11.87,11.72,11.98,11.63,156543.98,185668.882,0.995751911639762,,0.0
2026-05-15,11.75,11.6,11.84,11.489999999999998,170735.61,199402.268,0.9957081545064376,,0.0
2026-05-18,11.6,11.239999999999998,11.6,11.09,248470.89,279981.689,0.995571302037201,,0.0
2026-05-19,11.25,11.33,11.48,11.2,154466.87,175920.128,0.9956063268892794,,0.0
2026-05-20,11.28,11.28,11.33,11.05,135624.55,152819.793,0.99558693733451,,0.0
2026-05-21,11.29,11.03,11.52,11.01,169890.0,192513.219,0.9954873646209386,,0.0
2026-05-22,11.1,11.1,11.13,10.94,143827.19,159371.37,0.9955156950672646,,0.0
2026-05-25,11.09,10.85,11.16,10.8,142327.13,156080.495,0.9954128440366972,,0.0
2026-05-26,10.85,10.83,10.88,10.61,185172.54,199536.196,0.9954044117647058,,0.0
2026-05-27,10.8,10.38,10.82,10.36,174490.56,184240.655,0.9952061361457334,,0.0
2026-05-28,10.38,10.26,10.44,10.08,154002.21,158671.374,0.9951503394762364,,0.0
2026-05-29,10.36,10.2,10.44,10.17,125681.77,129616.99541,0.995121951219512,,0.0
2026-06-01,10.3,10.37,10.46,10.16,133464.14,138550.25938,0.9952015355086372,,0.0
2026-06-02,10.39,10.25,10.4,10.11,115889.02,118662.77942,0.9951456310679612,,0.0
2026-06-03,10.2,10.26,10.4,10.16,104470.98,107980.31202,0.9951503394762364,,0.0
2026-06-04,10.25,9.95,10.25,9.91,116652.04,117446.746,0.995,,0.0
2026-06-05,9.96,9.92,10.03,9.84,100581.0,100344.311,0.9949849548645936,,0.0
2026-06-08,9.73,9.78,9.97,9.58,110885.0,108974.52262,0.9949135300101728,,0.0
2026-06-09,9.77,9.8,9.84,9.64,82544.22,80885.65996,0.9949238578680202,,0.0
2026-06-10,9.83,10.02,10.21,9.77,153302.83,154316.82955,0.9950347567030784,,0.0
2026-06-11,9.93,10.18,10.2,9.85,125354.14,127139.98251,0.9951124144672532,,0.0
2026-06-12,10.16,10.47,10.56,10.09,162300.22,169510.36021,0.9952471482889732,,0.0
2026-06-15,10.47,10.57,10.71,10.42,138807.09,147669.72342,0.995291902071563,,0.0
2026-06-16,10.5,10.239999999999998,10.66,10.21,128182.0,133687.30006,0.9951409135082604,,0.0
2026-06-17,10.17,10.07,10.23,9.98,79849.44,80828.11207,0.9950592885375492,,0.0
2026-06-18,10.03,9.98,10.07,9.83,90803.78,90652.5361,0.995014955134596,,0.0
2026-06-22,9.91,9.9,9.95,9.63,104782.57,102899.97258,0.9949748743718592,,0.0
2026-06-23,9.85,10.07,10.27,9.84,108476.03,110189.23833,0.9950592885375492,,0.0
2026-06-24,10.07,9.9,10.08,9.77,83324.03,82599.44761,0.9949748743718592,,0.0
2026-06-25,9.78,9.65,9.86,9.62,77916.07,76077.62363,0.9948453608247422,,0.0
2026-06-26,9.65,9.3,9.68,9.3,96431.05,91246.31568,0.9946524064171124,,0.0
2026-06-29,9.16,9.35,9.51,8.83,134670.68,123624.48969,0.9946808510638298,,0.0
2026-06-30,9.27,9.31,9.54,9.2,75426.36,70482.88992,0.9946581196581196,,0.0
2026-07-01,9.28,9.55,9.63,9.23,99726.44,95190.8194,0.9947916666666666,,0.0
2026-07-02,9.55,9.55,9.72,9.51,77107.62,74471.88662,0.9947916666666666,,0.0
2026-07-03,9.63,9.81,9.94,9.6,105454.27,104051.71823,0.9949290060851926,,0.0
2026-07-06,9.81,9.79,9.83,9.65,68048.8,66733.88254,0.9949186991869918,,0.0
2026-07-07,9.75,9.54,9.83,9.52,60794.16,58898.46458,0.994786235662148,,0.0
2026-07-08,9.5,9.42,9.61,9.39,48605.0,46327.658,0.9947201689545934,,0.0
2026-07-09,9.38,9.21,9.42,9.1,90900.09,84224.8648,0.9946004319654428,,0.0
2026-07-10,9.21,9.27,9.39,8.979999999999999,70679.56,65633.06904,0.9946351931330472,,0.0
2026-07-13,9.2,8.99,9.26,8.98,75422.8,68306.9514,1.0,,0.0
2026-07-14,8.95,9.23,9.23,8.93,69368.8,63308.2266,1.0,,0.0
2026-07-15,9.5,9.8,9.86,9.34,154028.57,149253.18313,1.0,,0.0
2026-07-16,9.7,9.74,9.88,9.67,99761.0,97603.13498,1.0,,0.0
2026-07-17,9.75,9.72,9.97,9.63,93873.03,92070.81581,1.0,,0.0
2026-07-20,9.68,9.96,10.07,9.68,142174.41,140786.49544,1.0,,0.0
2026-07-21,9.9,9.95,10.01,9.8,100935.81,99991.01387,1.0,,0.0
2026-07-22,9.86,9.82,9.9,9.74,83681.33,82020.55439,1.0,,0.0
2026-07-23,9.77,9.97,9.98,9.72,75791.65,75007.90945,1.0,,0.0
2026-07-24,9.89,9.76,9.98,9.72,65574.73,64846.95089,1.0,,0.0
2026-07-27,9.73,9.87,9.96,9.72,69941.35,69219.3718,1.0,,0.0
2026-07-28,9.8,10.03,10.04,9.78,86996.33,86621.42068,1.0,,0.0
2026-07-29,10.06,10.4,10.47,10.01,155668.0,160419.736,1.0,,0.0
2026-07-30,10.39,10.59,10.69,10.33,153973.39,162464.41666,1.0,,0.0
2026-07-31,10.39,10.37,10.47,10.27,121771.56,126130.24124,1.0,,0.0
2026-08-03,10.38,10.48,10.6,10.31,86997.0,91232.16,1.0,,0.0
2026-08-04,10.51,10.31,10.55,10.23,82571.01,85424.08531,1.0,,0.0
2026-08-05,10.36,10.27,10.41,10.2,83236.73,85651.37817,1.0,,0.0
2026-08-06,10.27,10.2,10.29,10.01,92341.72,93642.6169,1.0,,0.0
2026-08-07,10.15,10.2,10.2,10.02,97232.52,98155.75716,1.0,,0.0
2026-08-10,10.16,10.36,10.36,10.11,88998.53,91507.53397,1.0,,0.0
2026-08-11,10.36,10.23,10.47,10.22,103300.02,106916.8693,1.0,,0.0
2026-08-12,10.18,10.41,10.41,10.18,71841.16,73965.29427,1.0,1.2117,0.0
2026-08-13,10.43,10.21,10.49,10.18,89952.55,92756.04805,1.0,1.52,0.0
2026-08-14,10.17,10.36,10.39,10.04,95533.41,98100.70946,1.0,1.61,0.0
2026-08-17,10.37,10.45,10.46,10.16,98686.0,101619.113,1.0,0.0,0.0
2026-08-18,10.4,10.53,10.56,10.32,90206.56,94421.02778,1.0,0.0,0.0
2026-08-19,10.51,10.25,10.51,10.16,77792.07,80053.65761,1.0,0.0,0.0
2026-08-20,10.29,10.35,10.43,10.21,53768.0,55599.144,1.0,0.9069,0.9069
2026-08-21,10.3,10.27,10.35,10.09,62423.36,63667.87136,1.0,1.0528,1.0528
2026-08-24,10.25,10.34,10.35,10.16,60981.0,62694.996,1.0,1.0285,1.0285
2026-08-25,10.31,10.42,10.45,10.27,65409.0,67958.338,1.0,1.1032,1.1032
2026-08-26,10.41,10.33,10.52,10.32,89339.0,92963.26888,1.0,1.5068,1.5068
2026-08-27,10.3,10.28,10.33,10.1,105726.64,108148.49028,1.0,1.7832,1.7832
2026-08-28,10.35,10.22,10.4,10.17,93056.94,95469.1345,1.0,1.5695,1.5695
2026-08-31,10.19,10.13,10.25,9.94,136536.08,137471.65627,1.0,2.3028,2.3028
2026-09-01,10.08,10.32,10.49,10.05,153963.08,158823.39424,1.0,2.5968,2.5968
2026-09-02,10.3,10.22,10.44,10.12,123855.0,127158.128,1.0,2.089,2.089
2026-09-03,10.21,10.39,10.6,10.21,213148.01,222564.43732,1.0,3.595,3.595
2026-09-04,10.45,10.39,10.5,10.2,178757.01,184642.66741,1.0,3.0149,3.0149
2026-09-07,10.32,10.18,10.39,10.16,144814.32,148110.85049,1.0,2.4425,2.4425
2026-09-08,10.22,10.36,10.52,10.17,177489.34,184054.10098,1.0,2.9936,2.9936
2026-09-09,10.35,10.53,10.68,10.34,186803.95,197016.42467,1.0,3.1507,3.1507
2026-09-10,10.5,10.45,10.68,10.43,132206.24,139520.94471,1.0,2.2298,2.2298
2026-09-11,10.38,10.17,10.39,10.08,145262.03,148139.06636,1.0,2.45,2.45
2026-09-14,10.15,10.53,10.92,10.14,236422.21,250286.35811,1.0,3.9875,3.9875
2026-09-15,10.66,10.12,10.75,10.06,280163.03,288496.583,1.0,4.7253,4.7253
2026-09-16,9.86,9.8,9.97,9.68,175406.78,172150.60331,1.0,2.9584,2.9584
2026-09-17,9.79,9.97,10.11,9.69,146428.24,145786.49118,1.0,2.4697,2.4697
2026-09-18,9.9,9.86,10.01,9.82,136590.91,135162.61002,1.0,2.3038,2.3038
2026-09-21,9.87,10.07,10.13,9.79,122938.01,122653.63507,1.0,2.0735,2.0735
2026-09-22,10.12,10.0,10.13,9.96,77709.48,77795.2843,1.0,1.3107,1.3107
2026-09-23,10.0,9.85,10.14,9.84,112863.0,112435.82264,1.0,1.9036,1.9036
2026-09-24,9.79,9.68,9.89,9.64,91821.38,89369.54988,1.0,1.5487,1.5487
