date,open,close,high,low,volume,money,factor,turnover,turnover_free
2021-05-10,3.858,3.908,3.938,3.828,115167.78,49665.955,0.902540415704388,,0.0
2021-05-11,3.908,3.858,3.948,3.848,114188.76,49218.829,0.9014018691588784,,0.0
2021-05-12,3.838,3.848,3.858,3.798,84304.41,35741.265,0.9011709601873537,,0.0
2021-05-13,3.808,3.798,3.858,3.778,68181.24,28953.224,0.8999999999999999,,0.0
2021-05-14,3.828,3.868,3.878,3.808,83215.84,35530.361,0.9016317016317016,,0.0
2021-05-17,3.868,3.848,3.898,3.818,100641.82,43079.024,0.9011709601873537,,0.0
2021-05-18,3.858,3.858,3.888,3.828,61720.75,26401.596,0.9014018691588784,,0.0
2021-05-19,3.838,3.838,3.898,3.778,117865.68,50166.399,0.9009389671361502,,0.0
2021-05-20,3.808,3.818,3.858,3.788,90635.73,38436.203,0.9004716981132075,,0.0
2021-05-21,3.818,3.898,3.928,3.798,147004.21,63244.736,0.9023148148148148,,0.0
2021-05-24,3.888,3.968,4.0280000000000005,3.878,155464.02,68226.12,0.9038724373576308,,0.0
2021-05-25,3.948,3.938,3.978,3.878,127740.91,55496.484,0.903211009174312,,0.0
2021-05-26,3.938,3.978,4.0280000000000005,3.908,148802.18,65441.525,0.9040909090909092,,0.0
2021-05-27,3.968,3.938,3.998,3.928,115444.47,50520.136,0.903211009174312,,0.0
2021-05-28,3.918,3.998,4.058000000000001,3.898,145696.0,64273.739,0.904524886877828,,0.0
2021-05-31,3.998,3.968,4.0280000000000005,3.938,113612.0,49825.947,0.9038724373576308,,0.0
2021-06-01,3.938,3.878,3.948,3.848,136175.0,58574.431,0.901860465116279,,0.0
2021-06-02,3.858,3.868,3.928,3.858,84182.0,36233.662,0.9016317016317016,,0.0
2021-06-03,3.868,3.818,3.878,3.818,101123.93,43059.162,0.9004716981132075,,0.0
2021-06-04,3.808,3.798,3.838,3.778,97470.2,41190.997,0.8999999999999999,,0.0
2021-06-07,3.798,3.778,3.828,3.768,72773.0,30651.779,0.8995238095238095,,0.0
2021-06-08,3.788,3.798,3.808,3.768,63610.01,26818.634,0.8999999999999999,,0.0
2021-06-09,3.798,3.758,3.798,3.758,67024.19,28108.992,0.8990430622009569,,0.0
2021-06-10,3.768,3.758,3.768,3.738,78519.94,32758.271,0.8990430622009569,,0.0
2021-06-11,3.758,3.788,3.818,3.738,77838.38,32779.655,0.8997624703087885,,0.0
2021-06-15,3.808,3.728,3.818,3.728,80654.99,33681.703,0.8983132530120481,,0.0
2021-06-16,3.728,3.668,3.728,3.638,79679.57,32682.226,0.8968215158924205,,0.0
2021-06-17,3.648,3.658,3.708,3.648,44485.02,18217.625,0.8965686274509803,,0.0
2021-06-18,3.668,3.698,3.698,3.638,48151.05,19692.082,0.8975728155339805,,0.0
2021-06-21,3.678,3.728,3.728,3.678,54494.32,22483.413,0.8983132530120481,,0.0
2021-06-22,3.728,3.768,3.798,3.708,74668.2,31245.015,0.8992840095465393,,0.0
2021-06-23,3.768,3.788,3.808,3.748,68524.0,28857.127,0.8997624703087885,,0.0
2021-06-24,3.798,3.758,3.808,3.738,74675.0,31287.476,0.8990430622009569,,0.0
2021-06-25,3.788,3.768,3.788,3.718,81479.66,34006.274,0.8992840095465393,,0.0
2021-06-28,3.828,3.788,3.828,3.768,73327.23,30873.011,0.8997624703087885,,0.0
2021-06-29,3.798,3.698,3.798,3.688,78751.7,32639.492,0.8975728155339805,,0.0
2021-06-30,3.708,3.968,4.1080000000000005,3.688,402867.31,176182.719,0.9038724373576308,,0.0
2021-07-01,3.858,3.878,4.018000000000001,3.778,248639.2,107199.04,0.901860465116279,,0.0
2021-07-02,3.858,3.808,3.878,3.778,122331.53,51793.953,0.9002364066193853,,0.0
2021-07-05,3.778,3.758,3.818,3.738,82165.69,34331.549,0.8990430622009569,,0.0
2021-07-06,3.758,3.788,3.798,3.738,61521.96,25811.804,0.8997624703087885,,0.0
2021-07-07,3.798,3.748,3.808,3.748,65798.66,27524.649,0.8988009592326138,,0.0
2021-07-08,3.758,3.728,3.788,3.728,63236.56,26386.039,0.8983132530120481,,0.0
2021-07-09,3.718,3.748,3.768,3.698,66639.89,27693.521,0.8988009592326138,,0.0
2021-07-12,3.768,3.768,3.778,3.738,79602.74,33277.011,0.8992840095465393,,0.0
2021-07-13,3.768,3.848,3.878,3.738,142341.39,60386.691,0.9011709601873537,,0.0
2021-07-14,3.848,3.818,3.898,3.798,98661.3,41988.887,0.9004716981132075,,0.0
2021-07-15,3.818,3.818,3.838,3.778,66870.66,28269.934,0.9004716981132075,,0.0
2021-07-16,3.818,3.828,3.868,3.808,71616.96,30446.776,0.9007058823529411,,0.0
2021-07-19,3.848,3.798,3.848,3.768,53928.0,22728.318,0.8999999999999999,,0.0
2021-07-20,3.778,3.778,3.798,3.748,59208.7,24816.728,0.8995238095238095,,0.0
2021-07-21,3.768,3.838,3.888,3.738,101339.0,42901.256,0.9009389671361502,,0.0
2021-07-22,3.838,3.868,3.868,3.818,94281.29,40275.756,0.9016317016317016,,0.0
2021-07-23,3.838,3.838,3.868,3.808,99098.13,42177.396,0.9009389671361502,,0.0
2021-07-26,3.828,3.878,3.878,3.818,138692.98,59246.276,0.901860465116279,,0.0
2021-07-27,3.878,3.748,3.898,3.738,144487.0,61279.726,0.8988009592326138,,0.0
2021-07-28,3.768,3.588,3.768,3.538,165618.79,66702.547,0.8947630922693266,,0.0
2021-07-29,3.5979999999999994,3.608,3.618,3.558,78980.53,31722.755,0.8952853598014888,,0.0
2021-07-30,3.608,3.758,3.798,3.578,172073.56,71038.856,0.8990430622009569,,0.0
2021-08-02,3.788,3.788,3.818,3.718,124857.15,52355.748,0.8997624703087885,,0.0
2021-08-03,3.768,3.858,3.878,3.758,200871.69,85385.618,0.9014018691588784,,0.0
2021-08-04,3.898,3.878,3.958,3.848,179928.16,77685.92,0.901860465116279,,0.0
2021-08-05,3.868,3.818,3.888,3.788,146299.84,62366.847,0.9004716981132075,,0.0
2021-08-06,3.838,3.878,3.898,3.808,108603.09,46526.305,0.901860465116279,,0.0
2021-08-09,3.868,3.878,3.908,3.838,93219.02,39950.959,0.901860465116279,,0.0
2021-08-10,3.888,3.878,3.898,3.838,113292.13,48644.852,0.901860465116279,,0.0
2021-08-11,3.878,4.0280000000000005,4.098,3.838,315165.72,138974.832,0.9051685393258428,,0.0
2021-08-12,4.098,3.978,4.118,3.968,210730.8,93392.096,0.9040909090909092,,0.0
2021-08-13,3.988,3.968,4.048,3.948,153312.92,67558.47,0.9038724373576308,,0.0
2021-08-16,3.978,3.988,4.078,3.958,184800.04,81790.619,0.9043083900226756,,0.0
2021-08-17,3.988,3.868,4.0280000000000005,3.848,207826.44,90483.958,0.9016317016317016,,0.0
2021-08-18,3.878,3.968,3.978,3.838,155477.95,67383.27,0.9038724373576308,,0.0
2021-08-19,3.948,3.878,3.988,3.858,142265.11,61469.809,0.901860465116279,,0.0
2021-08-20,3.848,3.788,3.858,3.758,126267.0,53242.769,0.8997624703087885,,0.0
2021-08-23,3.808,3.878,3.908,3.798,132511.0,56881.154,0.901860465116279,,0.0
2021-08-24,3.888,3.938,3.958,3.858,133206.75,57784.123,0.903211009174312,,0.0
2021-08-25,3.928,3.988,4.008,3.878,153809.0,67269.792,0.9043083900226756,,0.0
2021-08-26,3.998,4.0280000000000005,4.058000000000001,3.948,195788.41,86969.926,0.9051685393258428,,0.0
2021-08-27,3.998,3.958,4.058000000000001,3.928,143281.0,62906.174,0.9036529680365296,,0.0
2021-08-30,3.938,4.128,4.168,3.928,334061.64,151055.542,0.9072527472527472,,0.0
2021-08-31,4.118,4.1080000000000005,4.128,4.058000000000001,167609.28,75568.856,0.906843267108168,,0.0
2021-09-01,4.118,4.218,4.248,4.048,354636.77,163009.479,0.9090517241379312,,0.0
2021-09-02,4.188000000000001,4.438000000000001,4.458,4.168,437706.79,209427.407,0.9131687242798354,,0.0
2021-09-03,4.688000000000001,4.508,4.718,4.388,801630.89,399224.793,0.9144016227180528,,0.0
2021-09-06,4.458,4.428,4.6080000000000005,4.378,388428.26,189655.146,0.9129896907216496,,0.0
2021-09-07,4.398000000000001,4.458,4.488,4.378,280047.45,135982.189,0.9135245901639344,,0.0
2021-09-08,4.478000000000001,4.658,4.698,4.458,561574.9,282817.77,0.9169291338582678,,0.0
2021-09-09,4.588,4.578,4.658,4.5280000000000005,336141.72,168053.34,0.9156,,0.0
2021-09-10,4.628,4.518000000000001,4.668,4.468,314959.13,156992.856,0.9145748987854252,,0.0
2021-09-13,4.478000000000001,4.628,4.648000000000001,4.478000000000001,302463.13,151112.596,0.9164356435643564,,0.0
2021-09-14,4.648000000000001,4.498,4.658,4.458,278431.12,138295.015,0.9142276422764228,,0.0
2021-09-15,4.578,4.868,4.928,4.5280000000000005,629795.47,326567.977,0.9202268431001892,,0.0
2021-09-16,4.918,4.668,4.938000000000001,4.628,481478.27,249157.12,0.9170923379174852,,0.0
2021-09-17,4.658,4.658,4.8180000000000005,4.538,386871.31,197436.964,0.9169291338582678,,0.0
2021-09-22,4.5680000000000005,4.878,4.978000000000001,4.558000000000001,544507.66,285349.804,0.920377358490566,,0.0
2021-09-23,4.948,4.808000000000001,5.0280000000000005,4.718,493607.98,258737.656,0.9193116634799235,,0.0
2021-09-24,4.7780000000000005,5.328,5.328,4.728000000000001,517626.06,291244.87,0.926608695652174,,0.0
2021-09-27,5.908,5.338,5.908,4.758,1556688.07,920779.402,0.9267361111111112,,0.0
2021-09-28,4.948,5.5680000000000005,5.5680000000000005,4.798,1199569.72,681991.916,0.9295492487479132,,0.0
2021-09-29,5.3180000000000005,5.198,5.508,5.008,778025.99,442251.181,0.9249110320284698,,0.0
2021-09-30,5.208,5.2780000000000005,5.478000000000001,5.058000000000001,642475.43,365117.917,0.9259649122807018,,0.0
2021-10-08,5.338,5.058000000000001,5.368,4.988,498474.88,276996.828,0.9229927007299272,,0.0
2021-10-11,5.098,4.738,5.228000000000001,4.628,518599.63,270505.9,0.918217054263566,,0.0
2021-10-12,4.708,4.448,4.808000000000001,4.3580000000000005,466342.05,230897.461,0.9133470225872692,,0.0
2021-10-13,4.418,4.268000000000001,4.438000000000001,4.198,324109.95,152816.382,0.9100213219616206,,0.0
2021-10-14,4.258,4.2780000000000005,4.3580000000000005,4.178,196202.8,92151.931,0.9102127659574468,,0.0
2021-10-15,4.228000000000001,4.228000000000001,4.3180000000000005,4.178,201004.03,93787.861,0.909247311827957,,0.0
2021-10-18,4.238,4.398000000000001,4.408,4.218,270493.35,128604.409,0.9124481327800832,,0.0
2021-10-19,4.348,4.398000000000001,4.428,4.2780000000000005,226655.97,108703.165,0.9124481327800832,,0.0
2021-10-20,4.408,4.538,4.5680000000000005,4.328,293916.42,144648.385,0.9149193548387098,,0.0
2021-10-21,4.518000000000001,4.448,4.518000000000001,4.388,266134.89,129559.728,0.9133470225872692,,0.0
2021-10-22,4.438000000000001,4.188000000000001,4.468,4.178,296003.42,139408.063,0.9084598698481564,,0.0
2021-10-25,4.198,4.378,4.448,4.178,250428.88,119486.147,0.9120833333333334,,0.0
2021-10-26,4.308000000000001,4.268000000000001,4.448,4.248,229177.25,108877.197,0.9100213219616206,,0.0
2021-10-27,4.288,4.398000000000001,4.428,4.218,314947.39,150731.183,0.9124481327800832,,0.0
2021-10-28,4.408,4.398000000000001,4.548,4.308000000000001,381913.24,185111.867,0.9124481327800832,,0.0
2021-10-29,4.3580000000000005,4.2780000000000005,4.438000000000001,4.158,268508.04,125638.683,0.9102127659574468,,0.0
2021-11-01,4.258,4.308000000000001,4.398000000000001,4.168,244831.47,115237.424,0.9107822410147992,,0.0
2021-11-02,4.258,4.038,4.308000000000001,3.948,354530.51,161213.619,0.9053811659192824,,0.0
2021-11-03,4.038,4.0280000000000005,4.118,3.978,162493.23,72343.621,0.9051685393258428,,0.0
2021-11-04,4.0280000000000005,4.208,4.268000000000001,4.008,234837.49,107326.519,0.908855291576674,,0.0
2021-11-05,4.168,3.998,4.198,3.998,222566.19,100129.859,0.904524886877828,,0.0
2021-11-08,4.078,3.988,4.078,3.968,121558.71,53644.821,0.9043083900226756,,0.0
2021-11-09,4.0280000000000005,4.038,4.098,4.018000000000001,133100.35,59553.109,0.9053811659192824,,0.0
2021-11-10,4.0280000000000005,3.988,4.078,3.938,139652.19,61504.205,0.9043083900226756,,0.0
2021-11-11,3.968,3.998,4.018000000000001,3.958,110188.07,48693.005,0.904524886877828,,0.0
2021-11-12,4.008,4.048,4.058000000000001,3.978,133938.19,59603.119,0.9055928411633112,,0.0
2021-11-15,4.088,4.078,4.088,4.048,113440.18,50320.1,0.9184684684684684,,0.0
2021-11-16,4.078,4.038,4.098,4.038,110207.75,48690.774,0.9177272727272728,,0.0
2021-11-17,4.038,4.108,4.148,4.038,137410.83,61174.143,0.9190156599552572,,0.0
2021-11-18,4.108,4.228,4.348,4.098,301994.25,138815.082,0.9211328976034858,,0.0
2021-11-19,4.208,4.278,4.288,4.148,176948.93,81133.101,0.9219827586206896,,0.0
2021-11-22,4.288,4.278,4.328,4.228,136529.0,63274.306,0.9219827586206896,,0.0
2021-11-23,4.348,4.338,4.468,4.298,240278.38,113898.734,0.9229787234042554,,0.0
2021-11-24,4.328,4.418,4.428,4.298,216548.15,102383.953,0.9242677824267782,,0.0
2021-11-25,4.398,4.528,4.628,4.368,284695.02,138983.844,0.9259713701431492,,0.0
2021-11-26,4.518,4.408,4.518,4.388,193874.0,92960.927,0.9241090146750524,,0.0
2021-11-29,4.318,4.348,4.378,4.248,160497.89,75044.743,0.9231422505307856,,0.0
2021-11-30,4.378,4.378,4.458,4.338,132289.92,62984.378,0.9236286919831224,,0.0
2021-12-01,4.378,4.438,4.448,4.288,150144.39,71168.809,0.9245833333333332,,0.0
2021-12-02,4.438,4.438,4.548,4.408,181832.54,87958.167,0.9245833333333332,,0.0
2021-12-03,4.428,4.568,4.588,4.398,270518.12,132357.718,0.9265720081135902,,0.0
2021-12-06,4.558,4.598,4.698,4.558,268581.48,133944.847,0.927016129032258,,0.0
2021-12-07,4.598,4.608,4.638,4.478,204790.71,100771.906,0.9271629778672033,,0.0
2021-12-08,4.598,4.648,4.718,4.568,247835.3,124083.374,0.927744510978044,,0.0
2021-12-09,4.638,4.598,4.678,4.568,211886.72,105366.167,0.927016129032258,,0.0
2021-12-10,4.558,4.578,4.668,4.538,173213.94,85947.509,0.9267206477732792,,0.0
2021-12-13,4.558,4.558,4.678,4.558,201906.51,100075.474,0.9264227642276422,,0.0
2021-12-14,4.538,4.498,4.558,4.458,174123.13,84750.114,0.925514403292181,,0.0
2021-12-15,4.518,4.718,4.798,4.498,446649.81,225632.674,0.9287401574803148,,0.0
2021-12-16,4.738,4.768,4.818,4.698,266692.08,136545.886,0.9294346978557504,,0.0
2021-12-17,4.768,4.798,4.908,4.758,312566.19,161971.984,0.92984496124031,,0.0
2021-12-20,4.818,4.668,4.838,4.638,225011.0,113822.053,0.9280318091451292,,0.0
2021-12-21,4.658,4.678,4.698,4.598,159954.36,80180.253,0.9281746031746032,,0.0
2021-12-22,4.688,4.738,4.788,4.618,206383.85,104743.17,0.9290196078431372,,0.0
2021-12-23,4.738,4.898,4.968,4.658,370687.0,193244.327,0.9311787072243346,,0.0
2021-12-24,4.918,4.798,4.998,4.788,324000.66,169987.41,0.92984496124031,,0.0
2021-12-27,4.798,4.868,4.958,4.758,257109.01,135005.608,0.9307839388145316,,0.0
2021-12-28,4.838,4.718,4.868,4.668,277789.18,141608.474,0.9287401574803148,,0.0
2021-12-29,4.738,4.578,4.748,4.528,260192.91,128731.049,0.9267206477732792,,0.0
2021-12-30,4.598,4.688,4.808,4.568,259158.92,131487.904,0.9283168316831684,,0.0
2021-12-31,4.788,4.738,4.908,4.708,282424.97,145925.9,0.9290196078431372,,0.0
2022-01-04,4.788,4.788,4.838,4.718,184796.0,95149.35,0.9297087378640776,,0.0
2022-01-05,4.788,4.588,4.798,4.568,253191.3,127114.63,0.9268686868686868,,0.0
2022-01-06,4.578,4.598,4.648,4.548,141280.81,70140.261,0.927016129032258,,0.0
2022-01-07,4.598,4.468,4.648,4.448,175376.02,85872.318,0.9250517598343684,,0.0
2022-01-10,4.478,4.498,4.538,4.448,109392.02,53127.331,0.925514403292181,,0.0
2022-01-11,4.518,4.438,4.538,4.418,127081.15,61616.804,0.9245833333333332,,0.0
2022-01-12,4.468,4.458,4.498,4.418,116763.35,56101.845,0.924896265560166,,0.0
2022-01-13,4.438,4.308,4.438,4.288,219299.74,103463.012,0.9224839400428264,,0.0
2022-01-14,4.298,4.168,4.318,4.158,243781.86,111873.97,0.9200883002207504,,0.0
2022-01-17,4.158,4.228,4.248,4.158,114947.08,52644.664,0.9211328976034858,,0.0
2022-01-18,4.218,4.308,4.348,4.198,172229.77,80217.902,0.9224839400428264,,0.0
2022-01-19,4.318,4.298,4.348,4.258,102137.9,47625.884,0.9223175965665236,,0.0
2022-01-20,4.298,4.278,4.338,4.198,122681.88,56845.503,0.9219827586206896,,0.0
2022-01-21,4.238,4.208,4.308,4.198,89196.83,40988.158,0.9207877461706784,,0.0
2022-01-24,4.198,4.168,4.208,4.148,79099.9,35829.746,0.9200883002207504,,0.0
2022-01-25,4.168,3.988,4.168,3.978,159636.65,70263.357,0.9167816091954024,,0.0
2022-01-26,3.988,4.048,4.078,3.978,83362.03,36661.003,0.9179138321995464,,0.0
2022-01-27,4.048,3.938,4.068,3.938,111986.11,48825.468,0.915813953488372,,0.0
2022-01-28,3.968,3.998,4.028,3.888,99366.45,42984.592,0.91697247706422,,0.0
2022-02-07,4.128,4.088,4.138,4.058,88214.6,39328.348,0.9186516853932584,,0.0
2022-02-08,4.108,4.228,4.238,4.048,142134.12,64320.769,0.9211328976034858,,0.0
2022-02-09,4.418,4.688,4.688,4.348,283904.45,140421.421,0.9283168316831684,,0.0
2022-02-10,4.768,4.648,4.788,4.518,599401.33,297603.373,0.927744510978044,,0.0
2022-02-11,4.588,4.538,4.648,4.508,300851.41,148270.43,0.9261224489795918,,0.0
2022-02-14,4.938,5.028,5.028,4.868,1110470.91,596703.636,0.9328385899814472,,0.0
2022-02-15,4.488,4.668,5.058,4.488,1173094.87,596413.926,0.9280318091451292,,0.0
2022-02-16,4.628,4.648,4.818,4.608,611083.63,308863.539,0.927744510978044,,0.0
2022-02-17,4.648,4.958,5.138,4.648,1060893.44,559842.967,0.9319548872180452,,0.0
2022-02-18,4.888,4.928,5.008,4.848,570640.12,301023.491,0.9315689981096408,,0.0
2022-02-21,4.888,4.838,4.928,4.778,509133.67,264808.327,0.9303846153846154,,0.0
2022-02-22,4.788,4.818,4.858,4.738,388292.26,200095.987,0.93011583011583,,0.0
2022-02-23,4.828,4.748,4.858,4.708,299083.62,152815.31,0.9291585127201566,,0.0
2022-02-24,4.748,4.738,4.888,4.638,473788.59,243318.597,0.9290196078431372,,0.0
2022-02-25,4.738,4.728,4.808,4.668,285979.4,145842.476,0.9288801571709232,,0.0
2022-02-28,4.768,4.748,4.888,4.668,306960.48,157128.847,0.9291585127201566,,0.0
2022-03-01,4.798,4.798,4.888,4.738,356964.05,184415.21,0.92984496124031,,0.0
2022-03-02,4.788,4.858,4.868,4.758,278201.13,144308.886,0.9306513409961684,,0.0
2022-03-03,4.908,4.788,4.928,4.748,288026.79,148713.739,0.9297087378640776,,0.0
2022-03-04,4.758,4.718,4.778,4.608,309338.92,156606.092,0.9287401574803148,,0.0
2022-03-07,4.738,4.728,4.878,4.708,320591.53,165036.061,0.9288801571709232,,0.0
2022-03-08,4.678,4.658,4.738,4.518,282211.7,141059.743,0.9278884462151394,,0.0
2022-03-09,4.648,5.038,5.148,4.618,1100185.81,580152.2,0.932962962962963,,0.0
2022-03-10,5.128,5.068,5.218,4.948,976993.03,530232.599,0.9333333333333332,,0.0
2022-03-11,4.968,5.158,5.188,4.928,697203.4,379721.817,0.9344202898550724,,0.0
2022-03-14,5.128,4.938,5.188,4.938,522826.44,282503.686,0.9316981132075473,,0.0
2022-03-15,4.888,4.548,4.978,4.528,593330.69,302487.684,0.9262729124236252,,0.0
2022-03-16,4.638,4.818,4.858,4.608,539334.45,274812.858,0.93011583011583,,0.0
2022-03-17,4.838,4.818,4.878,4.748,368435.61,190816.759,0.93011583011583,,0.0
2022-03-18,4.798,4.918,4.978,4.768,326731.21,171920.147,0.931439393939394,,0.0
2022-03-21,4.948,4.858,5.068,4.778,319829.25,167066.692,0.9306513409961684,,0.0
2022-03-22,4.828,4.768,4.888,4.738,239949.42,123420.869,0.9294346978557504,,0.0
2022-03-23,4.808,4.998,5.068,4.768,516658.44,273868.095,0.932462686567164,,0.0
2022-03-24,4.948,4.798,4.998,4.788,379289.29,199205.479,0.92984496124031,,0.0
2022-03-25,4.768,4.808,4.878,4.638,373375.41,190842.444,0.929980657640232,,0.0
2022-03-28,4.818,5.328,5.328,4.688,816063.38,453953.53,0.9363796133567662,,0.0
2022-03-29,5.518,5.338,5.698,5.318,1415910.83,825544.812,0.9364912280701754,,0.0
2022-03-30,5.358,5.258,5.418,5.168,759558.41,427417.683,0.9355871886120996,,0.0
2022-03-31,5.258,5.338,5.418,5.208,594434.82,337735.556,0.9364912280701754,,0.0
2022-04-01,5.268,5.278,5.298,5.118,415664.44,231937.823,0.9358156028368794,,0.0
2022-04-06,5.318,5.208,5.358,5.148,381747.7,212375.891,0.9350089766606822,,0.0
2022-04-07,5.168,4.988,5.258,4.968,378265.54,206261.19,0.9323364485981308,,0.0
2022-04-08,4.968,4.948,5.058,4.848,292270.71,154533.338,0.9318267419962336,,0.0
2022-04-11,4.928,4.668,4.938,4.648,339646.65,174244.381,0.9280318091451292,,0.0
2022-04-12,4.618,4.638,4.668,4.388,422852.01,206678.172,0.9276,,0.0
2022-04-13,4.628,4.408,4.628,4.408,273161.75,132236.234,0.9241090146750524,,0.0
2022-04-14,4.418,4.458,4.488,4.408,160017.25,77007.255,0.924896265560166,,0.0
2022-04-15,4.478,4.428,4.548,4.358,203774.1,98030.294,0.9244258872651356,,0.0
2022-04-18,4.418,4.348,4.418,4.258,151771.16,71218.323,0.9231422505307856,,0.0
2022-04-19,4.358,4.428,4.468,4.358,151088.41,72272.521,0.9244258872651356,,0.0
2022-04-20,4.448,4.318,4.458,4.278,173357.86,81894.057,0.9226495726495726,,0.0
2022-04-21,4.308,4.138,4.328,4.128,206659.0,94661.894,0.9195555555555556,,0.0
2022-04-22,4.138,4.218,4.278,4.088,192589.46,87715.585,0.9209606986899564,,0.0
2022-04-25,4.158,3.918,4.198,3.848,251192.0,110273.696,0.9154205607476636,,0.0
2022-04-26,3.928,3.758,3.988,3.718,214479.63,90380.777,0.9121359223300972,,0.0
2022-04-27,3.778,3.908,3.928,3.638,218790.89,90991.427,0.9152224824355972,,0.0
2022-04-28,3.908,3.828,3.928,3.738,147509.0,62113.417,0.9136038186157518,,0.0
2022-04-29,3.928,3.988,4.008,3.848,207028.61,89137.969,0.9167816091954024,,0.0
2022-05-05,3.968,3.978,4.028,3.938,159170.42,69264.166,0.916589861751152,,0.0
2022-05-06,3.868,3.838,3.888,3.798,148805.37,62530.71,0.9138095238095236,,0.0
2022-05-09,3.838,3.918,3.938,3.808,120159.72,51191.736,0.9154205607476636,,0.0
2022-05-10,3.868,3.988,3.998,3.848,148477.98,63788.43,0.9167816091954024,,0.0
2022-05-11,3.978,4.068,4.138,3.948,258620.78,114496.556,0.9182844243792324,,0.0
2022-05-12,4.228,4.188,4.408,4.168,457167.36,210742.748,0.9204395604395604,,0.0
2022-05-13,4.188,4.248,4.368,4.188,306061.36,141515.379,0.9214750542299348,,0.0
2022-05-16,4.278,4.148,4.308,4.118,224610.66,101698.105,0.9197339246119732,,0.0
2022-05-17,4.158,4.148,4.188,4.108,140980.31,63586.449,0.9197339246119732,,0.0
2022-05-18,4.118,4.178,4.248,4.118,199004.81,90574.493,0.9202643171806169,,0.0
2022-05-19,4.128,4.238,4.238,4.098,184978.81,84058.968,0.921304347826087,,0.0
2022-05-20,4.268,4.288,4.388,4.238,252500.29,118156.343,0.9221505376344086,,0.0
2022-05-23,4.288,4.238,4.298,4.208,153596.6,70764.205,0.921304347826087,,0.0
2022-05-24,4.248,4.048,4.278,4.018,197448.35,88878.422,0.9179138321995464,,0.0
2022-05-25,4.048,4.208,4.208,3.998,167165.14,74981.217,0.9207877461706784,,0.0
2022-05-26,4.248,4.178,4.258,4.118,122165.31,55433.959,0.9202643171806169,,0.0
2022-05-27,4.178,4.188,4.198,4.108,149219.02,67373.244,0.9204395604395604,,0.0
2022-05-30,4.208,4.278,4.278,4.148,164897.71,75549.278,0.9219827586206896,,0.0
2022-05-31,4.328,4.328,4.408,4.268,265424.76,124450.69,0.922814498933902,,0.0
2022-06-01,4.378,4.318,4.378,4.208,205263.71,95195.979,0.9226495726495726,,0.0
2022-06-02,4.308,4.288,4.308,4.228,153398.74,71099.736,0.9221505376344086,,0.0
2022-06-06,4.268,4.318,4.318,4.238,153097.51,71216.809,0.9226495726495726,,0.0
2022-06-07,4.338,4.308,4.388,4.278,159092.66,74642.929,0.9224839400428264,,0.0
2022-06-08,4.278,4.398,4.468,4.278,315819.0,149947.161,0.9239495798319328,,0.0
2022-06-09,4.368,4.298,4.438,4.278,202152.44,95225.391,0.9223175965665236,,0.0
2022-06-10,4.298,4.488,4.508,4.248,332701.03,159385.206,0.925360824742268,,0.0
2022-06-13,4.418,4.448,4.488,4.338,262520.58,125144.865,0.9247401247401248,,0.0
2022-06-14,4.388,4.568,4.658,4.358,377545.57,183662.641,0.9265720081135902,,0.0
2022-06-15,4.548,4.538,4.688,4.478,400481.94,198275.78,0.9261224489795918,,0.0
2022-06-16,4.538,4.448,4.548,4.418,248695.38,120172.579,0.9247401247401248,,0.0
2022-06-17,4.408,4.378,4.428,4.308,195485.48,92481.21,0.9236286919831224,,0.0
2022-06-20,4.378,4.438,4.488,4.368,176698.81,84681.52,0.9245833333333332,,0.0
2022-06-21,4.448,4.408,4.488,4.338,137300.48,65585.066,0.9241090146750524,,0.0
2022-06-22,4.388,4.248,4.418,4.248,153974.52,72123.379,0.9214750542299348,,0.0
2022-06-23,4.258,4.378,4.378,4.258,142976.13,66989.039,0.9236286919831224,,0.0
2022-06-24,4.388,4.378,4.398,4.318,129476.17,61067.796,0.9236286919831224,,0.0
2022-06-27,4.368,4.298,4.378,4.268,162561.46,76009.94,0.9223175965665236,,0.0
2022-06-28,4.308,4.358,4.358,4.288,130584.69,61143.654,0.9233050847457628,,0.0
2022-06-29,4.338,4.188,4.358,4.188,194658.86,90007.983,0.9204395604395604,,0.0
2022-06-30,4.198,4.178,4.248,4.158,129962.92,59306.159,0.9202643171806169,,0.0
2022-07-01,4.178,4.148,4.238,4.148,146660.03,66783.319,0.9197339246119732,,0.0
2022-07-04,4.148,4.258,4.268,4.138,153720.22,70612.649,0.9216450216450216,,0.0
2022-07-05,4.248,4.308,4.368,4.238,168987.04,78914.652,0.9224839400428264,,0.0
2022-07-06,4.288,4.218,4.358,4.178,144316.02,66697.31,0.9209606986899564,,0.0
2022-07-07,4.238,4.338,4.338,4.208,169383.11,79094.088,0.9229787234042554,,0.0
2022-07-08,4.328,4.468,4.558,4.328,335866.89,161749.277,0.9250517598343684,,0.0
2022-07-11,4.488,4.498,4.538,4.448,224282.06,108866.365,0.925514403292181,,0.0
2022-07-12,4.478,4.538,4.638,4.478,270974.04,133744.64,0.9261224489795918,,0.0
2022-07-13,4.518,4.588,4.598,4.458,239621.44,117539.58,0.9268686868686868,,0.0
2022-07-14,4.608,4.678,4.838,4.558,427151.77,214606.456,0.9281746031746032,,0.0
2022-07-15,4.628,4.528,4.658,4.498,333227.03,163914.126,0.9259713701431492,,0.0
2022-07-18,4.558,4.568,4.658,4.528,252047.66,124929.604,0.9265720081135902,,0.0
2022-07-19,4.608,4.518,4.628,4.498,168834.3,82625.992,0.9258196721311476,,0.0
2022-07-20,4.538,4.508,4.548,4.458,148118.61,71879.573,0.9256673511293634,,0.0
2022-07-21,4.508,4.478,4.538,4.468,155762.59,75695.12,0.925206611570248,,0.0
2022-07-22,4.488,4.588,4.628,4.488,240181.74,118461.64,0.9268686868686868,,0.0
2022-07-25,4.578,4.458,4.628,4.448,192020.02,93686.605,0.924896265560166,,0.0
2022-07-26,4.478,4.498,4.498,4.388,115295.01,55499.903,0.925514403292181,,0.0
2022-07-27,4.478,4.438,4.518,4.428,113492.24,54651.187,0.9245833333333332,,0.0
2022-07-28,4.438,4.518,4.568,4.438,165682.63,81058.287,0.9258196721311476,,0.0
2022-07-29,4.508,4.558,4.638,4.488,195292.63,96463.897,0.9264227642276422,,0.0
2022-08-01,4.568,4.618,4.638,4.508,238438.81,117879.86,0.9273092369477912,,0.0
2022-08-02,4.598,4.268,4.598,4.198,402121.03,188438.685,0.9218142548596112,,0.0
2022-08-03,4.268,4.168,4.378,4.158,208149.24,96549.143,0.9200883002207504,,0.0
2022-08-04,4.208,4.258,4.298,4.158,131268.74,60182.062,0.9216450216450216,,0.0
2022-08-05,4.258,4.338,4.338,4.208,139253.69,64610.294,0.9229787234042554,,0.0
2022-08-08,4.328,4.338,4.348,4.278,117794.93,55089.835,0.9229787234042554,,0.0
2022-08-09,4.328,4.258,4.338,4.238,147639.57,68432.297,0.9216450216450216,,0.0
2022-08-10,4.268,4.208,4.268,4.188,97913.06,44779.279,0.9207877461706784,,0.0
2022-08-11,4.218,4.298,4.308,4.218,133947.82,61946.927,0.9223175965665236,,0.0
2022-08-12,4.288,4.308,4.348,4.258,156486.65,73281.432,0.9224839400428264,,0.0
2022-08-15,4.328,4.358,4.378,4.268,139193.73,65332.88,0.9233050847457628,,0.0
2022-08-16,4.378,4.698,4.828,4.368,751250.85,375495.823,0.9284584980237154,,0.0
2022-08-17,4.818,4.718,4.868,4.638,547208.7,278442.417,0.9287401574803148,,0.0
2022-08-18,4.748,4.778,4.918,4.718,408933.29,211542.555,0.9295719844357976,,0.0
2022-08-19,4.748,4.768,4.828,4.668,280312.46,143169.116,0.9294346978557504,,0.0
2022-08-22,4.768,4.768,4.908,4.738,296783.29,153716.714,0.9294346978557504,,0.0
2022-08-23,4.768,4.848,4.918,4.708,261349.07,135301.077,0.9305182341650672,,0.0
2022-08-24,4.898,4.738,4.908,4.718,290607.09,150005.136,0.9290196078431372,,0.0
2022-08-25,4.788,4.798,4.848,4.718,243482.54,125230.501,0.92984496124031,,0.0
2022-08-26,4.798,4.778,4.868,4.738,210000.12,108586.127,0.9295719844357976,,0.0
2022-08-29,4.718,4.768,4.808,4.698,172877.69,88289.833,0.9294346978557504,,0.0
2022-08-30,4.768,4.738,4.858,4.708,158931.21,81182.282,0.9290196078431372,,0.0
2022-08-31,4.708,4.578,4.718,4.528,252144.02,124848.994,0.9267206477732792,,0.0
2022-09-01,4.588,4.508,4.638,4.488,156885.84,77091.237,0.9256673511293634,,0.0
2022-09-02,4.508,4.538,4.608,4.488,127735.06,62542.61,0.9261224489795918,,0.0
2022-09-05,4.538,4.538,4.568,4.448,132457.74,64500.398,0.9261224489795918,,0.0
2022-09-06,4.578,4.678,4.678,4.498,177083.24,88020.625,0.9281746031746032,,0.0
2022-09-07,4.658,4.618,4.678,4.588,134907.44,67318.503,0.9273092369477912,,0.0
2022-09-08,4.628,4.698,4.758,4.618,224647.25,113306.041,0.9284584980237154,,0.0
2022-09-09,4.688,4.708,4.728,4.618,171673.53,86553.775,0.9285996055226824,,0.0
2022-09-13,4.738,4.638,4.758,4.608,154766.02,77469.617,0.9276,,0.0
2022-09-14,4.578,4.508,4.608,4.488,152565.8,74723.371,0.9256673511293634,,0.0
2022-09-15,4.548,4.328,4.558,4.258,242016.99,114483.991,0.922814498933902,,0.0
2022-09-16,4.318,4.078,4.328,4.068,242884.0,109978.433,0.9184684684684684,,0.0
2022-09-19,4.058,3.978,4.068,3.858,217575.27,94198.368,0.916589861751152,,0.0
2022-09-20,4.018,3.968,4.058,3.938,131502.64,57211.651,0.9163972286374134,,0.0
2022-09-21,3.968,4.008,4.048,3.898,141072.68,61279.861,0.917162471395881,,0.0
2022-09-22,3.978,3.988,4.048,3.978,104960.45,45826.835,0.9167816091954024,,0.0
2022-09-23,4.028,3.918,4.028,3.878,109474.39,47123.001,0.9154205607476636,,0.0
2022-09-26,3.878,3.768,3.908,3.768,142674.4,59856.666,0.9123486682808716,,0.0
2022-09-27,3.778,3.858,3.888,3.758,131881.49,55224.387,0.9142180094786728,,0.0
2022-09-28,3.878,3.728,3.878,3.728,134517.33,55721.014,0.9114914425427872,,0.0
2022-09-29,3.758,3.698,3.818,3.648,114621.78,47004.167,0.9108374384236452,,0.0
2022-09-30,3.698,3.708,3.768,3.688,82518.21,33657.976,0.9110565110565112,,0.0
2022-10-10,3.718,3.688,3.798,3.678,123485.47,50543.314,0.9106172839506173,,0.0
2022-10-11,3.688,3.768,3.778,3.658,98863.62,40426.465,0.9123486682808716,,0.0
2022-10-12,3.808,3.828,3.838,3.698,111747.04,46119.728,0.9136038186157518,,0.0
2022-10-13,3.808,3.888,3.928,3.788,130717.48,55335.869,0.9148235294117648,,0.0
2022-10-14,3.858,3.918,3.968,3.858,99877.31,42766.148,0.9154205607476636,,0.0
2022-10-17,3.898,3.908,3.928,3.838,100065.0,42537.895,0.9152224824355972,,0.0
2022-10-18,3.928,3.878,3.938,3.878,80918.34,34467.35,0.914622641509434,,0.0
2022-10-19,3.878,3.868,3.908,3.858,82596.65,35019.747,0.914420803782506,,0.0
2022-10-20,3.838,3.838,3.888,3.788,90247.02,37876.064,0.9138095238095236,,0.0
2022-10-21,3.858,3.878,3.928,3.848,115481.3,49208.331,0.914622641509434,,0.0
2022-10-24,3.968,3.848,4.008,3.818,171930.91,73673.616,0.9140142517814728,,0.0
2022-10-25,3.818,3.898,3.898,3.778,106839.93,44896.686,0.9150234741784036,,0.0
2022-10-26,3.898,3.918,3.948,3.868,104193.79,44551.916,0.9154205607476636,,0.0
2022-10-27,3.888,3.878,3.938,3.868,92515.0,39431.976,0.914622641509434,,0.0
2022-10-28,3.858,3.718,3.888,3.688,131765.0,54493.618,0.9112745098039216,,0.0
2022-10-31,3.708,3.748,3.788,3.678,89753.49,36782.782,0.9119221411192214,,0.0
2022-11-01,3.738,3.898,3.898,3.738,107836.58,45275.808,0.9150234741784036,,0.0
2022-11-02,3.888,3.908,3.908,3.848,93131.02,39561.782,0.9152224824355972,,0.0
2022-11-03,3.868,3.868,3.898,3.858,82223.86,34821.022,0.914420803782506,,0.0
2022-11-04,3.878,3.948,3.958,3.868,123492.79,52957.135,0.9160092807424594,,0.0
2022-11-07,3.938,3.988,3.998,3.918,121400.57,52609.755,0.9167816091954024,,0.0
2022-11-08,3.988,3.958,3.988,3.918,82803.96,35688.07,0.9162037037037036,,0.0
2022-11-09,3.948,3.948,3.978,3.918,64678.71,27857.68,0.9160092807424594,,0.0
2022-11-10,3.958,3.958,3.968,3.898,82085.59,35207.642,0.9162037037037036,,0.0
2022-11-11,4.028,3.988,4.038,3.958,124031.75,53967.394,0.9167816091954024,,0.0
2022-11-14,3.998,3.938,4.018,3.928,110165.01,47765.846,0.915813953488372,,0.0
2022-11-15,3.938,4.008,4.008,3.908,106653.74,46325.578,0.917162471395881,,0.0
2022-11-16,4.028,4.008,4.048,3.978,99790.21,43664.624,0.917162471395881,,0.0
2022-11-17,3.998,3.998,4.008,3.968,61849.0,26888.171,0.91697247706422,,0.0
2022-11-18,4.028,3.988,4.028,3.968,109114.2,47514.35,0.9167816091954024,,0.0
2022-11-21,3.988,3.958,3.988,3.908,73372.35,31583.912,0.9162037037037036,,0.0
2022-11-22,3.988,3.948,4.008,3.928,103547.79,44771.044,0.9160092807424594,,0.0
2022-11-23,3.978,4.038,4.038,3.948,137853.79,59297.286,0.9304147465437788,,0.0
2022-11-24,4.038,3.998,4.048,3.978,98675.86,42528.498,0.9297674418604652,,0.0
2022-11-25,3.988,4.008,4.0280000000000005,3.958,84663.79,36459.273,0.9299303944315546,,0.0
2022-11-28,3.958,4.0680000000000005,4.098000000000001,3.918,162966.93,70527.386,0.930892448512586,,0.0
2022-11-29,4.0680000000000005,4.128,4.138000000000001,4.038,181295.03,79732.339,0.9318284424379232,,0.0
2022-11-30,4.118,4.118,4.158,4.088,134925.44,59684.712,0.9316742081447964,,0.0
2022-12-01,4.138000000000001,4.0680000000000005,4.168,4.058000000000001,136809.42,60252.015,0.930892448512586,,0.0
2022-12-02,4.088,4.138000000000001,4.138000000000001,4.0280000000000005,106355.13,46493.009,0.931981981981982,,0.0
2022-12-05,4.158,4.578,4.578,4.158,399501.14,190395.678,0.9381147540983608,,0.0
2022-12-06,5.0680000000000005,5.0680000000000005,5.0680000000000005,5.0680000000000005,300948.74,161609.473,0.943761638733706,,0.0
2022-12-07,5.148000000000001,4.868,5.258,4.7780000000000005,1595724.21,845861.33,0.9415860735009672,,0.0
2022-12-08,4.728000000000001,4.548,4.798,4.5280000000000005,1046963.3,515997.387,0.9377319587628868,,0.0
2022-12-09,4.548,4.488,4.588,4.468,533097.93,257035.332,0.9369519832985388,,0.0
2022-12-12,4.448,4.338,4.478000000000001,4.298,483538.67,225787.654,0.9349137931034484,,0.0
2022-12-13,4.348000000000001,4.378,4.468,4.3180000000000005,450646.82,212265.326,0.9354700854700856,,0.0
2022-12-14,4.338,4.408,4.438000000000001,4.308000000000001,300991.98,140770.132,0.9358811040339704,,0.0
2022-12-15,4.408,4.3580000000000005,4.438000000000001,4.268000000000001,286731.09,133024.568,0.9351931330472104,,0.0
2022-12-16,4.348000000000001,4.328,4.3580000000000005,4.268000000000001,214725.87,99052.432,0.9347732181425488,,0.0
2022-12-19,4.328,4.218,4.348000000000001,4.178000000000001,228413.02,103621.129,0.9331858407079648,,0.0
2022-12-20,4.198,4.258,4.288,4.178000000000001,155970.74,70955.628,0.9337719298245616,,0.0
2022-12-21,4.258,4.158,4.258,4.128,198335.04,88810.489,0.9322869955156952,,0.0
2022-12-22,4.218,4.088,4.228000000000001,4.078,164328.35,72971.307,0.9312072892938498,,0.0
2022-12-23,4.058000000000001,4.1080000000000005,4.148000000000001,4.058000000000001,112660.46,49742.877,0.9315192743764172,,0.0
2022-12-26,4.098000000000001,4.148000000000001,4.148000000000001,4.098000000000001,86431.86,38256.099,0.9321348314606742,,0.0
2022-12-27,4.158,4.168,4.218,4.088,136867.59,60998.123,0.9324384787472036,,0.0
2022-12-28,4.138000000000001,4.178000000000001,4.228000000000001,4.128,150739.18,67609.683,0.9325892857142858,,0.0
2022-12-29,4.148000000000001,4.118,4.178000000000001,4.098000000000001,107039.0,47487.06,0.9316742081447964,,0.0
2022-12-30,4.128,4.158,4.178000000000001,4.098000000000001,96256.71,42781.813,0.9322869955156952,,0.0
2023-01-03,4.158,4.238,4.248,4.148000000000001,163637.3,73929.45,0.9334801762114538,,0.0
2023-01-04,4.238,4.218,4.248,4.188000000000001,132960.67,60095.578,0.9331858407079648,,0.0
2023-01-05,4.148000000000001,3.998,4.148000000000001,3.958,453982.49,195580.042,0.9297674418604652,,0.0
2023-01-06,3.998,3.998,4.058000000000001,3.958,213395.92,91922.379,0.9297674418604652,,0.0
2023-01-09,3.988,4.008,4.038,3.968,164870.41,70923.167,0.9299303944315546,,0.0
2023-01-10,4.008,3.968,4.018000000000001,3.958,121545.85,52012.154,0.9292740046838408,,0.0
2023-01-11,3.978,3.918,3.978,3.918,124227.0,52766.932,0.928436018957346,,0.0
2023-01-12,3.918,3.938,3.958,3.908,88125.32,37292.87,0.9287735849056604,,0.0
2023-01-13,3.968,3.978,3.978,3.918,97064.25,41291.563,0.9294392523364486,,0.0
2023-01-16,3.988,4.0680000000000005,4.128,3.978,286529.4,125354.806,0.930892448512586,,0.0
2023-01-17,4.0680000000000005,4.048,4.078,4.008,144973.48,62881.531,0.9305747126436782,,0.0
2023-01-18,4.048,4.178000000000001,4.368,4.038,516319.85,231988.38,0.9325892857142858,,0.0
2023-01-19,4.178000000000001,4.198,4.218,4.128,294669.65,131586.759,0.932888888888889,,0.0
2023-01-20,4.218,4.268000000000001,4.398000000000001,4.178000000000001,437844.22,200672.408,0.9339168490153174,,0.0
2023-01-30,4.378,4.338,4.398000000000001,4.2780000000000005,367523.07,170169.821,0.9349137931034484,,0.0
2023-01-31,4.328,4.308000000000001,4.378,4.258,267057.09,123086.356,0.9344902386117138,,0.0
2023-02-01,4.328,4.448,4.468,4.288,371596.76,174048.8,0.936421052631579,,0.0
2023-02-02,4.468,4.3580000000000005,4.478000000000001,4.348000000000001,269452.84,126572.45,0.9351931330472104,,0.0
2023-02-03,4.368,4.348000000000001,4.378,4.288,183984.86,85295.924,0.9350537634408604,,0.0
2023-02-06,4.308000000000001,4.3180000000000005,4.378,4.2780000000000005,141851.74,65562.317,0.9346320346320348,,0.0
2023-02-07,4.308000000000001,4.328,4.338,4.298,161820.22,74677.242,0.9347732181425488,,0.0
2023-02-08,4.308000000000001,4.2780000000000005,4.338,4.258,157254.96,72200.473,0.9340611353711792,,0.0
2023-02-09,4.288,4.298,4.298,4.258,154522.34,70859.78,0.9343478260869568,,0.0
2023-02-10,4.298,4.268000000000001,4.298,4.218,223414.61,101834.728,0.9339168490153174,,0.0
2023-02-13,4.268000000000001,4.268000000000001,4.288,4.248,191945.81,87719.871,0.9339168490153174,,0.0
2023-02-14,4.288,4.268000000000001,4.298,4.248,228500.33,104544.805,0.9339168490153174,,0.0
2023-02-15,4.268000000000001,4.218,4.2780000000000005,4.208,193498.0,87702.488,0.9331858407079648,,0.0
2023-02-16,4.218,4.128,4.2780000000000005,4.098000000000001,337588.97,152579.898,0.9318284424379232,,0.0
2023-02-17,4.128,4.1080000000000005,4.168,4.1080000000000005,170020.42,75476.127,0.9315192743764172,,0.0
2023-02-20,4.128,4.208,4.228000000000001,4.078,182963.44,81660.536,0.9330376940133038,,0.0
2023-02-21,4.218,4.208,4.238,4.178000000000001,151294.73,68196.907,0.9330376940133038,,0.0
2023-02-22,4.188000000000001,4.188000000000001,4.208,4.168,96421.0,43278.374,0.932739420935412,,0.0
2023-02-23,4.198,4.188000000000001,4.228000000000001,4.168,140991.35,63447.231,0.932739420935412,,0.0
2023-02-24,4.208,4.188000000000001,4.218,4.138000000000001,132964.82,59626.062,0.932739420935412,,0.0
2023-02-27,4.178000000000001,4.158,4.198,4.138000000000001,99859.0,44656.574,0.9322869955156952,,0.0
2023-02-28,4.158,4.218,4.228000000000001,4.158,130421.72,58666.865,0.9331858407079648,,0.0
2023-03-01,4.228000000000001,4.238,4.248,4.198,129484.02,58656.008,0.9334801762114538,,0.0
2023-03-02,4.268000000000001,4.258,4.288,4.228000000000001,152957.0,69769.975,0.9337719298245616,,0.0
2023-03-03,4.2780000000000005,4.348000000000001,4.378,4.248,288210.46,133047.973,0.9350537634408604,,0.0
2023-03-06,4.418,4.3580000000000005,4.518000000000001,4.338,354985.32,167028.713,0.9351931330472104,,0.0
2023-03-07,4.378,4.288,4.438000000000001,4.288,246672.0,115071.4,0.9342047930283224,,0.0
2023-03-08,4.288,4.258,4.298,4.228000000000001,134139.3,61155.755,0.9337719298245616,,0.0
2023-03-09,4.268000000000001,4.238,4.2780000000000005,4.208,112431.0,51031.413,0.9334801762114538,,0.0
2023-03-10,4.218,4.168,4.238,4.168,140437.2,63156.044,0.9324384787472036,,0.0
2023-03-13,4.168,4.168,4.208,4.128,138392.2,61711.098,0.9324384787472036,,0.0
2023-03-14,4.148000000000001,4.088,4.158,4.048,177778.44,78245.69,0.9312072892938498,,0.0
2023-03-15,4.168,4.198,4.198,4.1080000000000005,140204.0,62553.73,0.932888888888889,,0.0
2023-03-16,4.168,4.1080000000000005,4.188000000000001,4.098000000000001,118309.04,52593.114,0.9315192743764172,,0.0
2023-03-17,4.158,4.158,4.198,4.128,134444.15,60091.268,0.9322869955156952,,0.0
2023-03-20,4.178000000000001,4.128,4.218,4.118,176324.38,78763.841,0.9318284424379232,,0.0
2023-03-21,4.148000000000001,4.148000000000001,4.158,4.118,117809.02,52301.469,0.9321348314606742,,0.0
2023-03-22,4.158,4.168,4.178000000000001,4.138000000000001,120039.02,53520.713,0.9324384787472036,,0.0
2023-03-23,4.158,4.168,4.178000000000001,4.128,113902.0,50700.699,0.9324384787472036,,0.0
2023-03-24,4.168,4.188000000000001,4.188000000000001,4.148000000000001,103308.0,46230.365,0.932739420935412,,0.0
2023-03-27,4.198,4.128,4.198,4.088,164879.39,72993.327,0.9318284424379232,,0.0
2023-03-28,4.148000000000001,4.1080000000000005,4.148000000000001,4.088,104098.78,46048.472,0.9315192743764172,,0.0
2023-03-29,4.1080000000000005,3.988,4.128,3.978,242048.04,104538.759,0.9296037296037296,,0.0
2023-03-30,3.998,3.978,4.008,3.938,128677.0,54902.624,0.9294392523364486,,0.0
2023-03-31,3.978,3.988,3.998,3.968,94727.12,40589.376,0.9296037296037296,,0.0
2023-04-03,3.978,4.0280000000000005,4.0280000000000005,3.968,116323.97,50096.421,0.9302540415704388,,0.0
2023-04-04,4.0280000000000005,3.988,4.038,3.958,146831.0,62970.369,0.9296037296037296,,0.0
2023-04-06,3.968,3.988,4.008,3.928,109338.0,46764.271,0.9296037296037296,,0.0
2023-04-07,3.988,4.008,4.018000000000001,3.988,78779.02,33919.067,0.9299303944315546,,0.0
2023-04-10,4.008,3.978,4.018000000000001,3.968,97505.02,41780.876,0.9294392523364486,,0.0
2023-04-11,3.958,3.948,3.978,3.928,99094.02,42121.961,0.9289411764705884,,0.0
2023-04-12,3.948,3.978,3.978,3.938,90239.94,38431.135,0.9294392523364486,,0.0
2023-04-13,3.978,3.968,4.0280000000000005,3.958,111861.16,48018.824,0.9292740046838408,,0.0
2023-04-14,3.968,4.018000000000001,4.0280000000000005,3.958,117988.93,50698.652,0.9300925925925928,,0.0
2023-04-17,4.008,4.0680000000000005,4.0680000000000005,4.008,136390.0,59323.22,0.930892448512586,,0.0
2023-04-18,4.078,4.0680000000000005,4.078,4.038,113781.25,49615.243,0.930892448512586,,0.0
2023-04-19,4.0680000000000005,4.018000000000001,4.078,4.008,81956.87,35528.888,0.9300925925925928,,0.0
2023-04-20,4.0280000000000005,3.968,4.0280000000000005,3.948,91482.03,39082.876,0.9292740046838408,,0.0
2023-04-21,3.968,3.898,3.988,3.878,135710.2,57386.329,0.928095238095238,,0.0
2023-04-24,3.898,3.908,3.918,3.828,94048.0,39367.035,0.9282660332541568,,0.0
2023-04-25,3.908,3.858,3.918,3.798,124806.0,51808.95,0.9274038461538462,,0.0
2023-04-26,3.838,3.878,3.888,3.818,104192.42,43362.285,0.9277511961722488,,0.0
2023-04-27,3.888,3.918,3.918,3.848,98923.08,41431.181,0.928436018957346,,0.0
2023-04-28,3.968,3.998,3.998,3.928,108361.02,46233.778,0.9297674418604652,,0.0
2023-05-04,3.968,4.078,4.088,3.968,195241.96,85120.939,0.9310502283105024,,0.0
2023-05-05,4.098000000000001,4.098000000000001,4.1080000000000005,4.058000000000001,151592.5,66547.409,0.9313636363636364,,0.0
2023-05-08,4.128,4.198,4.218,4.1080000000000005,246784.0,110671.75,0.932888888888889,,0.0
2023-05-09,4.208,4.268000000000001,4.428000000000001,4.198,606824.22,280262.968,0.9339168490153174,,0.0
2023-05-10,4.258,4.258,4.3180000000000005,4.228000000000001,333896.46,152418.694,0.9337719298245616,,0.0
2023-05-11,4.268000000000001,4.288,4.3180000000000005,4.228000000000001,237349.15,108610.377,0.9342047930283224,,0.0
2023-05-12,4.2780000000000005,4.308000000000001,4.3580000000000005,4.238,270623.76,124976.705,0.9344902386117138,,0.0
2023-05-15,4.3180000000000005,4.3180000000000005,4.348000000000001,4.208,271448.68,124368.874,0.9346320346320348,,0.0
2023-05-16,4.308000000000001,4.298,4.378,4.268000000000001,193677.83,89333.978,0.9343478260869568,,0.0
2023-05-17,4.308000000000001,4.328,4.3580000000000005,4.228000000000001,233549.0,107793.612,0.9347732181425488,,0.0
2023-05-18,4.378,4.288,4.388000000000001,4.2780000000000005,173168.94,79821.609,0.9342047930283224,,0.0
2023-05-19,4.2780000000000005,4.218,4.288,4.218,169129.85,76821.987,0.9331858407079648,,0.0
2023-05-22,4.238,4.288,4.328,4.208,152238.45,69729.428,0.9342047930283224,,0.0
2023-05-23,4.248,4.198,4.298,4.198,140452.05,63881.144,0.932888888888889,,0.0
2023-05-24,4.198,4.168,4.218,4.148000000000001,127285.85,57068.587,0.9324384787472036,,0.0
2023-05-25,4.158,4.208,4.218,4.138000000000001,139683.64,62705.454,0.9330376940133038,,0.0
2023-05-26,4.198,4.208,4.218,4.148000000000001,100995.0,45283.731,0.9330376940133038,,0.0
2023-05-29,4.198,4.3180000000000005,4.348000000000001,4.168,257880.57,118804.938,0.9346320346320348,,0.0
2023-05-30,4.308000000000001,4.3180000000000005,4.348000000000001,4.248,144740.34,66511.27,0.9346320346320348,,0.0
2023-05-31,4.328,4.248,4.338,4.228000000000001,148535.8,67725.209,0.9336263736263736,,0.0
2023-06-01,4.268000000000001,4.208,4.2780000000000005,4.168,147462.41,66726.285,0.9330376940133038,,0.0
2023-06-02,4.208,4.268000000000001,4.298,4.198,160982.0,73627.393,0.9339168490153174,,0.0
2023-06-05,4.258,4.258,4.2780000000000005,4.218,103775.64,47172.915,0.9337719298245616,,0.0
2023-06-06,4.258,4.138000000000001,4.268000000000001,4.118,159892.7,71682.15,0.931981981981982,,0.0
2023-06-07,4.138000000000001,4.048,4.158,4.038,184868.53,80906.519,0.9305747126436782,,0.0
2023-06-08,4.048,4.098000000000001,4.118,4.0280000000000005,163001.27,71336.947,0.9313636363636364,,0.0
2023-06-09,4.118,4.218,4.218,4.098000000000001,348638.54,155303.738,0.9331858407079648,,0.0
2023-06-12,4.208,3.988,4.208,3.968,376507.76,163211.324,0.9296037296037296,,0.0
2023-06-13,3.988,3.958,3.988,3.938,171033.58,72983.633,0.9291079812206572,,0.0
2023-06-14,3.958,3.928,3.968,3.908,132351.6,55956.163,0.9286052009456264,,0.0
2023-06-15,3.928,3.948,3.948,3.888,110918.76,46867.157,0.9289411764705884,,0.0
2023-06-16,3.948,3.988,4.008,3.928,134600.85,57650.77,0.9296037296037296,,0.0
2023-06-19,3.988,3.998,4.0280000000000005,3.958,116941.89,50228.028,0.9297674418604652,,0.0
2023-06-20,3.998,3.968,3.998,3.938,89756.68,38287.604,0.9292740046838408,,0.0
2023-06-21,3.958,3.948,4.008,3.938,106138.6,45450.038,0.9289411764705884,,0.0
2023-06-26,3.948,3.988,4.0280000000000005,3.938,132448.81,56841.68,0.9296037296037296,,0.0
2023-06-27,3.988,4.018000000000001,4.0280000000000005,3.948,124137.57,53445.857,0.9300925925925928,,0.0
2023-06-28,4.0280000000000005,4.048,4.048,3.988,114536.54,49541.212,0.9305747126436782,,0.0
2023-06-29,4.048,4.018000000000001,4.048,4.008,102962.3,44566.895,0.9300925925925928,,0.0
2023-06-30,4.018000000000001,4.0280000000000005,4.048,4.008,83495.6,36193.599,0.9302540415704388,,0.0
2023-07-03,4.048,4.098000000000001,4.098000000000001,4.038,127937.0,55952.539,0.9313636363636364,,0.0
2023-07-04,4.098000000000001,4.1080000000000005,4.168,4.0680000000000005,143874.02,63530.612,0.9315192743764172,,0.0
2023-07-05,4.1080000000000005,4.0680000000000005,4.118,4.058000000000001,70413.0,30854.49,0.930892448512586,,0.0
2023-07-06,4.0680000000000005,4.0680000000000005,4.088,4.038,54578.0,23821.282,0.930892448512586,,0.0
2023-07-07,4.038,4.078,4.098000000000001,4.038,67413.0,29556.844,0.9310502283105024,,0.0
2023-07-10,4.1080000000000005,4.1080000000000005,4.128,4.078,73065.32,32144.898,0.9315192743764172,,0.0
2023-07-11,4.128,4.148,4.168,4.098,105665.0,46306.632,0.944874715261959,,0.0
2023-07-12,4.168,4.108,4.168,4.088,87869.0,38329.188,0.944367816091954,,0.0
2023-07-13,4.108,4.148,4.158,4.108,75783.24,33236.428,0.944874715261959,,0.0
2023-07-14,4.168,4.128,4.168,4.108,80199.0,35056.557,0.9446224256292908,,0.0
2023-07-17,4.138,4.148,4.158,4.078,93781.0,40881.617,0.944874715261959,,0.0
2023-07-18,4.158,4.128,4.158,4.118,84414.02,36937.718,0.9446224256292908,,0.0
2023-07-19,4.118,4.148,4.158,4.118,70959.0,31074.262,0.944874715261959,,0.0
2023-07-20,4.188,4.138,4.198,4.128,125932.22,55503.708,0.9447488584474886,,0.0
2023-07-21,4.138,4.138,4.168,4.118,74111.11,32501.196,0.9447488584474886,,0.0
2023-07-24,4.138,4.118,4.158,4.088,97329.73,42541.579,0.9444954128440368,,0.0
2023-07-25,4.158,4.208,4.218,4.128,215064.86,94996.418,0.9456179775280898,,0.0
2023-07-26,4.198,4.208,4.218,4.168,132652.75,58952.186,0.9456179775280898,,0.0
2023-07-27,4.218,4.208,4.278,4.188,145230.56,64833.132,0.9456179775280898,,0.0
2023-07-28,4.198,4.308,4.318,4.178,232393.22,104952.492,0.9468131868131868,,0.0
2023-07-31,4.318,4.318,4.398,4.308,236685.0,108390.163,0.9469298245614036,,0.0
2023-08-01,4.318,4.338,4.368,4.298,180678.98,82634.07,0.9471615720524016,,0.0
2023-08-02,4.328,4.338,4.358,4.318,124967.32,57204.164,0.9471615720524016,,0.0
2023-08-03,4.358,4.398,4.408,4.308,218573.09,100812.487,0.9478448275862068,,0.0
2023-08-04,4.438,4.458,4.558,4.428,444613.15,210049.343,0.9485106382978724,,0.0
2023-08-07,4.428,4.358,4.428,4.338,220754.12,101784.957,0.947391304347826,,0.0
2023-08-08,4.388,4.348,4.388,4.308,131608.02,60320.471,0.947276688453159,,0.0
2023-08-09,4.348,4.288,4.358,4.278,132895.03,60359.308,0.946578366445916,,0.0
2023-08-10,4.308,4.328,4.328,4.278,96524.0,43917.29,0.9470459518599562,,0.0
2023-08-11,4.338,4.228,4.338,4.208,114691.0,51589.51,0.94586129753915,,0.0
2023-08-14,4.208,4.198,4.228,4.138,132592.3,58619.07,0.9454954954954956,,0.0
2023-08-15,4.198,4.188,4.228,4.158,113199.97,50155.847,0.945372460496614,,0.0
2023-08-16,4.178,4.238,4.268,4.168,99726.97,44558.773,0.9459821428571428,,0.0
2023-08-17,4.218,4.188,4.228,4.138,128111.97,56505.567,0.945372460496614,,0.0
2023-08-18,4.198,4.158,4.238,4.158,98793.9,43878.326,0.945,,0.0
2023-08-21,4.138,4.118,4.218,4.118,96550.0,42474.322,0.9444954128440368,,0.0
2023-08-22,4.138,4.118,4.158,4.068,116607.0,50650.256,0.9444954128440368,,0.0
2023-08-23,4.098,4.068,4.128,4.048,90483.0,39143.243,0.9438515081206496,,0.0
2023-08-24,4.028,4.048,4.088,4.018,92405.88,39650.76,0.9435897435897436,,0.0
2023-08-25,4.008,4.028,4.128,3.998,133557.22,57470.118,0.9433255269320844,,0.0
2023-08-28,4.278,4.168,4.358,4.138,301192.59,134827.864,0.945124716553288,,0.0
2023-08-29,4.138,4.108,4.168,4.048,254928.4,110712.207,0.944367816091954,,0.0
2023-08-30,4.098,4.038,4.118,4.038,174865.83,75335.144,0.9434579439252336,,0.0
2023-08-31,4.018,3.948,4.048,3.938,199961.0,84240.08,0.9422434367541768,,0.0
2023-09-01,3.938,3.948,3.978,3.918,124781.0,52113.671,0.9422434367541768,,0.0
2023-09-04,3.958,4.028,4.038,3.948,131860.0,55821.136,0.9433255269320844,,0.0
2023-09-05,4.018,4.018,4.048,3.988,126321.49,53751.523,0.9431924882629108,,0.0
2023-09-06,4.018,4.018,4.028,3.978,67299.45,28609.536,0.9431924882629108,,0.0
2023-09-07,4.018,3.968,4.038,3.958,94274.42,39941.379,0.9425178147268408,,0.0
2023-09-08,3.988,4.018,4.028,3.938,117812.98,49969.256,0.9431924882629108,,0.0
2023-09-11,4.038,4.028,4.048,4.008,111724.51,47707.781,0.9433255269320844,,0.0
2023-09-12,4.038,3.998,4.038,3.988,81390.0,34585.356,0.9429245283018868,,0.0
2023-09-13,3.998,3.988,4.018,3.968,74731.57,31639.92,0.9427895981087472,,0.0
2023-09-14,4.008,4.018,4.028,3.978,71164.0,30255.968,0.9431924882629108,,0.0
2023-09-15,4.028,4.008,4.028,3.988,67148.0,28546.443,0.9430588235294116,,0.0
2023-09-18,3.998,4.018,4.028,3.968,94259.0,40009.34,0.9431924882629108,,0.0
2023-09-19,4.018,4.038,4.048,4.008,78097.57,33358.769,0.9434579439252336,,0.0
2023-09-20,4.018,3.998,4.038,3.988,49103.0,20867.198,0.9429245283018868,,0.0
2023-09-21,3.998,3.968,4.018,3.968,72626.06,30695.819,0.9425178147268408,,0.0
2023-09-22,3.958,4.018,4.028,3.948,73441.66,31116.357,0.9431924882629108,,0.0
2023-09-25,4.018,3.978,4.028,3.978,79206.02,33584.708,0.942654028436019,,0.0
2023-09-26,3.978,3.978,3.998,3.958,66266.0,27965.626,0.942654028436019,,0.0
2023-09-27,3.968,3.968,4.008,3.968,68557.0,28961.998,0.9425178147268408,,0.0
2023-09-28,3.978,3.968,3.988,3.958,78398.02,33025.686,0.9425178147268408,,0.0
2023-10-09,3.968,3.988,3.988,3.928,95102.91,39916.764,0.9427895981087472,,0.0
2023-10-10,3.978,3.928,4.008,3.928,116797.0,48999.765,0.9419664268585132,,0.0
2023-10-11,3.938,3.898,3.948,3.888,93986.0,39067.963,0.9415458937198068,,0.0
2023-10-12,3.918,3.968,3.968,3.918,108999.0,45716.559,0.9425178147268408,,0.0
2023-10-13,3.958,3.928,3.958,3.908,68323.98,28494.627,0.9419664268585132,,0.0
2023-10-16,3.928,3.948,3.958,3.888,68704.0,28667.615,0.9422434367541768,,0.0
2023-10-17,3.938,3.978,3.998,3.938,86527.46,36405.761,0.942654028436019,,0.0
2023-10-18,3.978,3.908,3.988,3.898,81214.98,33893.214,0.941686746987952,,0.0
2023-10-19,3.898,3.858,3.928,3.858,99367.46,40988.996,0.9409756097560976,,0.0
2023-10-20,3.838,3.848,3.898,3.818,76939.0,31493.273,0.9408312958435208,,0.0
2023-10-23,3.848,3.768,3.858,3.758,107826.98,43610.073,0.9396508728179552,,0.0
2023-10-24,3.788,3.828,3.838,3.758,78966.6,31906.689,0.9405405405405406,,0.0
2023-10-25,3.858,3.888,3.908,3.828,88536.08,36469.021,0.9414043583535108,,0.0
2023-10-26,3.888,3.908,3.928,3.848,70073.4,28975.793,0.941686746987952,,0.0
2023-10-27,3.908,3.928,3.948,3.888,107981.46,44924.181,0.9419664268585132,,0.0
2023-10-30,3.928,3.918,3.938,3.908,75457.83,31414.738,0.9418269230769232,,0.0
2023-10-31,3.908,3.918,3.938,3.878,82909.05,34402.175,0.9418269230769232,,0.0
2023-11-01,3.918,3.938,3.948,3.908,75295.47,31403.843,0.9421052631578948,,0.0
2023-11-02,3.928,3.898,3.958,3.898,58129.0,24186.84,0.9415458937198068,,0.0
2023-11-03,3.908,3.908,3.948,3.888,90898.0,37822.071,0.941686746987952,,0.0
2023-11-06,3.938,3.948,3.968,3.908,123627.22,51758.406,0.9422434367541768,,0.0
2023-11-07,3.958,3.938,3.968,3.928,69895.0,29287.258,0.9421052631578948,,0.0
2023-11-08,3.958,3.918,3.968,3.898,96414.0,40163.328,0.9418269230769232,,0.0
2023-11-09,3.918,3.878,3.918,3.878,111741.22,46192.27,0.94126213592233,,0.0
2023-11-10,3.878,3.878,3.908,3.838,104345.26,42882.943,0.94126213592233,,0.0
2023-11-13,3.878,3.918,3.928,3.868,95859.83,39703.976,0.9418269230769232,,0.0
2023-11-14,3.918,3.918,3.938,3.908,83677.02,34842.465,0.9418269230769232,,0.0
2023-11-15,3.938,3.918,3.948,3.908,67069.0,27938.853,0.9418269230769232,,0.0
2023-11-16,3.928,3.898,3.928,3.898,63703.74,26440.084,0.9415458937198068,,0.0
2023-11-17,3.898,3.908,3.928,3.878,67284.25,27897.139,0.941686746987952,,0.0
2023-11-20,3.908,3.908,3.928,3.898,58483.12,24323.056,0.941686746987952,,0.0
2023-11-21,3.918,3.908,3.948,3.908,108872.0,45429.054,0.941686746987952,,0.0
2023-11-22,3.908,3.878,3.928,3.878,81729.26,33841.69,0.94126213592233,,0.0
2023-11-23,3.878,3.878,3.898,3.858,91401.02,37620.22,0.94126213592233,,0.0
2023-11-24,3.878,3.868,3.908,3.858,78297.87,32273.308,0.9411192214111922,,0.0
2023-11-27,3.868,3.828,3.868,3.818,95087.0,38785.216,0.9405405405405406,,0.0
2023-11-28,3.828,3.838,3.858,3.798,76925.0,31373.62,0.940686274509804,,0.0
2023-11-29,3.848,3.808,3.848,3.798,71963.0,29195.506,0.9402469135802468,,0.0
2023-11-30,3.818,3.818,3.838,3.798,68016.26,27617.662,0.9403940886699508,,0.0
2023-12-01,3.828,3.828,3.848,3.808,72450.0,29518.289,0.9405405405405406,,0.0
2023-12-04,3.838,3.848,3.858,3.828,66567.0,27193.342,0.9408312958435208,,0.0
2023-12-05,3.848,3.788,3.848,3.788,72501.45,29430.546,0.9399503722084368,,0.0
2023-12-06,3.788,3.798,3.818,3.778,66447.52,26835.323,0.94009900990099,,0.0
2023-12-07,3.808,3.818,3.828,3.778,65515.46,26510.302,0.9403940886699508,,0.0
2023-12-08,3.808,3.818,3.848,3.808,76946.93,31340.021,0.9403940886699508,,0.0
2023-12-11,3.828,3.888,3.898,3.758,166738.0,67887.13,0.9414043583535108,,0.0
2023-12-12,3.888,3.878,3.908,3.868,79562.0,32815.054,0.94126213592233,,0.0
2023-12-13,3.868,3.858,3.898,3.858,61541.49,25353.791,0.9409756097560976,,0.0
2023-12-14,3.858,3.868,3.898,3.858,71142.0,29305.523,0.9411192214111922,,0.0
2023-12-15,3.868,3.878,3.918,3.868,77359.45,31978.907,0.94126213592233,,0.0
2023-12-18,3.878,3.858,3.898,3.818,83252.02,34214.572,0.9409756097560976,,0.0
2023-12-19,3.848,3.808,3.848,3.788,76559.71,31107.251,0.9402469135802468,,0.0
2023-12-20,3.818,3.778,3.838,3.768,71382.1,28814.091,0.9398009950248756,,0.0
2023-12-21,3.758,3.728,3.768,3.648,156165.7,61575.542,0.9390428211586902,,0.0
2023-12-22,3.698,3.708,3.728,3.648,88351.57,34720.809,0.93873417721519,,0.0
2023-12-25,3.698,3.678,3.708,3.658,55887.0,21932.02,0.938265306122449,,0.0
2023-12-26,3.678,3.658,3.698,3.648,43093.21,16834.707,0.937948717948718,,0.0
2023-12-27,3.648,3.638,3.678,3.588,84620.62,32787.075,0.9376288659793814,,0.0
2023-12-28,3.648,3.708,3.718,3.618,84644.74,33284.916,0.93873417721519,,0.0
2023-12-29,3.708,3.698,3.718,3.688,64397.0,25432.289,0.9385786802030456,,0.0
2024-01-02,3.708,3.728,3.778,3.698,82052.0,32688.756,0.9390428211586902,,0.0
2024-01-03,3.728,3.748,3.758,3.718,78175.56,31120.863,0.9393483709273184,,0.0
2024-01-04,3.748,3.768,3.778,3.698,77341.56,30782.469,0.9396508728179552,,0.0
2024-01-05,3.748,3.728,3.788,3.708,74637.02,29782.137,0.9390428211586902,,0.0
2024-01-08,3.728,3.628,3.738,3.618,95266.68,37231.207,0.937467700258398,,0.0
2024-01-09,3.638,3.638,3.658,3.598,60800.36,23552.649,0.9376288659793814,,0.0
2024-01-10,3.638,3.598,3.648,3.578,64867.0,25011.521,0.9369791666666668,,0.0
2024-01-11,3.588,3.628,3.638,3.578,56031.32,21631.49,0.937467700258398,,0.0
2024-01-12,3.638,3.658,3.698,3.628,87672.0,34274.544,0.937948717948718,,0.0
2024-01-15,3.658,3.628,3.668,3.618,50319.21,19547.337,0.937467700258398,,0.0
2024-01-16,3.628,3.608,3.648,3.568,72755.0,27955.05,0.9371428571428572,,0.0
2024-01-17,3.608,3.558,3.668,3.558,92899.71,35827.095,0.9363157894736842,,0.0
2024-01-18,3.548,3.478,3.548,3.368,164076.02,60527.076,0.9349462365591398,,0.0
2024-01-19,3.488,3.468,3.508,3.438,70964.06,26385.332,0.9347708894878706,,0.0
2024-01-22,3.478,3.288,3.488,3.268,118914.84,43000.534,0.9314447592067988,,0.0
2024-01-23,3.248,3.348,3.378,3.198,131781.0,46650.421,0.9325905292479107,,0.0
2024-01-24,3.368,3.548,3.638,3.318,213708.05,78841.701,0.9361477572559368,,0.0
2024-01-25,3.538,3.688,3.688,3.478,236535.64,91377.742,0.9384223918575064,,0.0
2024-01-26,3.658,3.748,3.788,3.638,221177.0,88089.847,0.9393483709273184,,0.0
2024-01-29,3.758,3.678,3.798,3.658,194180.23,77063.199,0.938265306122449,,0.0
2024-01-30,3.618,3.608,3.748,3.598,140074.25,54824.703,0.9371428571428572,,0.0
2024-01-31,3.568,3.548,3.678,3.528,164979.46,63281.693,0.9361477572559368,,0.0
2024-02-01,3.518,3.928,3.928,3.478,312353.31,127474.267,0.9419664268585132,,0.0
2024-02-02,3.968,3.658,4.028,3.508,953802.22,384272.04,0.937948717948718,,0.0
2024-02-05,3.418,3.268,3.528,3.268,604189.12,220400.378,0.931054131054131,,0.0
2024-02-06,3.158,3.618,3.618,3.058,470503.82,173459.831,0.9373056994818652,,0.0
2024-02-07,3.598,3.728,3.738,3.488,804281.74,310504.349,0.9390428211586902,,0.0
2024-02-08,3.638,3.778,3.878,3.618,485690.08,195239.029,0.9398009950248756,,0.0
2024-02-19,3.778,3.708,3.808,3.678,308611.59,122754.145,0.93873417721519,,0.0
2024-02-20,3.698,3.738,3.758,3.668,195698.33,77470.838,0.9391959798994974,,0.0
2024-02-21,3.718,3.738,3.818,3.668,253628.08,101395.372,0.9391959798994974,,0.0
2024-02-22,3.708,3.718,3.758,3.658,211525.66,83442.111,0.9388888888888888,,0.0
2024-02-23,3.728,3.718,3.728,3.678,170741.0,67392.875,0.9388888888888888,,0.0
2024-02-26,3.708,3.698,3.738,3.668,191649.0,75735.682,0.9385786802030456,,0.0
2024-02-27,3.698,3.718,3.718,3.668,184029.29,72431.397,0.9388888888888888,,0.0
2024-02-28,3.728,3.758,3.868,3.708,401408.47,161898.42,0.9395,,0.0
2024-02-29,3.738,3.798,3.798,3.708,307493.11,122961.153,0.94009900990099,,0.0
2024-03-01,3.798,3.738,3.798,3.708,217965.96,86828.167,0.9391959798994974,,0.0
2024-03-04,3.738,3.668,3.748,3.648,162713.44,63792.761,0.9381074168797954,,0.0
2024-03-05,3.668,3.678,3.718,3.638,154905.0,60588.164,0.938265306122449,,0.0
2024-03-06,3.658,3.668,3.708,3.648,122046.0,47700.904,0.9381074168797954,,0.0
2024-03-07,3.658,3.608,3.678,3.588,147640.52,57300.941,0.9371428571428572,,0.0
2024-03-08,3.608,3.588,3.628,3.558,132006.88,50485.749,0.9368146214099216,,0.0
2024-03-11,3.588,3.638,3.638,3.568,106322.54,40831.784,0.9376288659793814,,0.0
2024-03-12,3.628,3.658,3.678,3.608,138087.81,53647.576,0.937948717948718,,0.0
2024-03-13,3.658,3.608,3.658,3.598,105288.38,40652.308,0.9371428571428572,,0.0
2024-03-14,3.588,3.598,3.628,3.568,73460.0,28234.76,0.9369791666666668,,0.0
2024-03-15,3.588,3.638,3.638,3.568,95949.42,36938.8,0.9376288659793814,,0.0
2024-03-18,3.638,3.668,3.668,3.618,122665.0,47720.162,0.9381074168797954,,0.0
2024-03-19,3.658,3.598,3.668,3.588,129201.0,49892.056,0.9369791666666668,,0.0
2024-03-20,3.588,3.618,3.628,3.568,95350.03,36698.891,0.9373056994818652,,0.0
2024-03-21,3.628,3.608,3.638,3.588,81777.1,31474.9,0.9371428571428572,,0.0
2024-03-22,3.618,3.518,3.618,3.508,170531.74,64626.193,0.9356382978723404,,0.0
2024-03-25,3.508,3.478,3.568,3.468,116738.55,43780.777,0.9349462365591398,,0.0
2024-03-26,3.478,3.488,3.518,3.458,90842.39,33890.924,0.9351206434316354,,0.0
2024-03-27,3.478,3.398,3.498,3.398,130638.38,48089.178,0.9335164835164836,,0.0
2024-03-28,3.388,3.398,3.458,3.388,126851.0,46433.528,0.9335164835164836,,0.0
2024-03-29,3.418,3.478,3.478,3.388,105013.31,38576.172,0.9349462365591398,,0.0
2024-04-01,3.478,3.548,3.558,3.478,106764.89,40281.356,0.9361477572559368,,0.0
2024-04-02,3.548,3.598,3.618,3.538,153272.06,58683.023,0.9369791666666668,,0.0
2024-04-03,3.608,3.588,3.608,3.558,93310.42,35686.078,0.9368146214099216,,0.0
2024-04-08,3.588,3.588,3.638,3.548,136542.3,52475.849,0.9368146214099216,,0.0
2024-04-09,3.588,3.628,3.648,3.578,105293.53,40678.985,0.937467700258398,,0.0
2024-04-10,3.618,3.628,3.648,3.588,126134.14,48763.062,0.937467700258398,,0.0
2024-04-11,3.618,3.648,3.678,3.598,125870.42,49089.947,0.9377892030848328,,0.0
2024-04-12,3.678,3.628,3.678,3.628,115786.0,45087.562,0.937467700258398,,0.0
2024-04-15,3.638,3.678,3.718,3.568,186929.14,73082.181,0.938265306122449,,0.0
2024-04-16,3.718,3.608,3.718,3.588,187078.58,73042.407,0.9371428571428572,,0.0
2024-04-17,3.588,3.638,3.648,3.568,180383.48,69506.848,0.9376288659793814,,0.0
2024-04-18,3.628,3.608,3.658,3.588,151320.25,58446.847,0.9371428571428572,,0.0
2024-04-19,3.728,3.668,3.898,3.628,433951.24,173286.175,0.9381074168797954,,0.0
2024-04-22,3.618,3.668,3.728,3.618,246992.0,96786.085,0.9381074168797954,,0.0
2024-04-23,3.668,3.638,3.708,3.638,160569.75,62627.688,0.9376288659793814,,0.0
2024-04-24,3.628,3.658,3.658,3.608,126218.0,48919.443,0.937948717948718,,0.0
2024-04-25,3.608,3.698,3.718,3.608,128878.0,50576.934,0.9385786802030456,,0.0
2024-04-26,3.698,3.798,3.808,3.678,230204.2,91819.578,0.94009900990099,,0.0
2024-04-29,3.788,3.818,3.848,3.768,215106.0,87102.599,0.9403940886699508,,0.0
2024-04-30,3.808,3.828,3.858,3.798,180989.28,73755.238,0.9405405405405406,,0.0
2024-05-06,3.848,3.938,3.958,3.838,241100.4,100218.706,0.9421052631578948,,0.0
2024-05-07,3.938,3.918,3.948,3.888,167505.74,69743.226,0.9418269230769232,,0.0
2024-05-08,3.948,3.898,3.958,3.898,164883.34,68708.444,0.9415458937198068,,0.0
2024-05-09,3.908,3.948,3.978,3.898,150184.88,62889.003,0.9422434367541768,,0.0
2024-05-10,3.958,3.998,4.008,3.938,164305.34,69333.323,0.9429245283018868,,0.0
2024-05-13,4.018,4.028,4.048,3.978,215630.92,92008.533,0.9433255269320844,,0.0
2024-05-14,3.998,4.028,4.108,3.988,154167.9,66237.88,0.9433255269320844,,0.0
2024-05-15,4.058,3.978,4.058,3.968,139873.92,59440.027,0.942654028436019,,0.0
2024-05-16,3.978,3.938,4.018,3.928,160806.2,67795.974,0.9421052631578948,,0.0
2024-05-17,3.938,3.988,3.998,3.918,147804.88,62023.059,0.9427895981087472,,0.0
2024-05-20,3.998,4.038,4.038,3.978,156565.88,66608.928,0.9434579439252336,,0.0
2024-05-21,4.008,3.988,4.038,3.968,112029.36,47539.752,0.9427895981087472,,0.0
2024-05-22,3.988,3.938,3.998,3.928,120204.0,50549.542,0.9421052631578948,,0.0
2024-05-23,3.918,3.848,3.958,3.838,144425.9,59497.466,0.9408312958435208,,0.0
2024-05-24,4.058,4.258,4.258,4.058,409014.27,183662.202,0.9462222222222222,,0.0
2024-05-27,4.420999999999999,4.001,4.501,3.981,1439299.31,621452.123,0.9571770334928228,,0.0
2024-05-28,3.911,4.041,4.121,3.851,1012851.47,420703.375,0.9575829383886256,,0.0
2024-05-29,3.981,4.031,4.081,3.911,605843.59,254392.774,0.9574821852731592,,0.0
2024-05-30,4.001,3.881,4.011,3.861,411919.0,168751.106,0.9559113300492612,,0.0
2024-05-31,3.891000000000001,3.821,3.901,3.821,289176.88,116419.026,0.95525,,0.0
2024-06-03,3.861,3.771,3.861,3.741,270831.0,107281.472,0.9546835443037976,,0.0
2024-06-04,3.771,3.901,3.921,3.751,274565.0,110494.592,0.9561274509803922,,0.0
2024-06-05,3.921,3.861,3.941,3.851,206660.7,84193.523,0.9556930693069308,,0.0
2024-06-06,3.861,3.781,3.861,3.761,184284.0,73365.365,0.95479797979798,,0.0
2024-06-07,3.801,3.811,3.841,3.771,181706.5,72310.21,0.9551378446115288,,0.0
2024-06-11,3.791,3.811,3.851,3.771,225488.0,89822.642,0.9551378446115288,,0.0
2024-06-12,3.771,3.701,3.791,3.691,260230.5,101458.544,0.9538659793814434,,0.0
2024-06-13,3.721,3.711,3.731,3.691,149337.5,58165.373,0.9539845758354756,,0.0
2024-06-14,3.721,3.741,3.761,3.691,168363.6,65886.813,0.9543367346938776,,0.0
2024-06-17,3.751,3.701,3.761,3.691,152142.0,59331.902,0.9538659793814434,,0.0
2024-06-18,3.701,3.681,3.731,3.661,187901.45,72575.716,0.9536269430051814,,0.0
2024-06-19,3.691,3.621,3.691,3.601,133773.86,51062.227,0.9528947368421052,,0.0
2024-06-20,3.581,3.511,3.621,3.5010000000000003,197810.72,73785.586,0.9514905149051492,,0.0
2024-06-21,3.491,3.531,3.591,3.491,124471.2,46415.694,0.9517520215633424,,0.0
2024-06-24,3.531,3.471,3.5610000000000004,3.4410000000000003,169747.43,62323.415,0.950958904109589,,0.0
2024-06-25,3.4810000000000003,3.471,3.511,3.4410000000000003,126120.12,46085.945,0.950958904109589,,0.0
2024-06-26,3.4410000000000003,3.5010000000000003,3.5210000000000004,3.4210000000000003,157229.63,57400.653,0.951358695652174,,0.0
2024-06-27,3.511,3.471,3.511,3.431,177017.0,64592.008,0.950958904109589,,0.0
2024-06-28,3.4610000000000003,3.4810000000000003,3.5610000000000004,3.4410000000000003,187534.0,69098.302,0.9510928961748636,,0.0
2024-07-01,3.4610000000000003,3.5210000000000004,3.5410000000000004,3.4610000000000003,154228.81,56808.07,0.9516216216216216,,0.0
2024-07-02,3.511,3.5410000000000004,3.581,3.491,158514.0,58986.196,0.9518817204301075,,0.0
2024-07-03,3.5410000000000004,3.5210000000000004,3.571,3.511,117337.09,43612.719,0.9516216216216216,,0.0
2024-07-04,3.511,3.4410000000000003,3.5410000000000004,3.4210000000000003,135134.18,49341.273,0.9505524861878454,,0.0
2024-07-05,3.431,3.451,3.4610000000000003,3.401,122347.63,44221.709,0.9506887052341598,,0.0
2024-07-08,3.431,3.381,3.4410000000000003,3.371,128815.0,46099.02,0.9497191011235956,,0.0
2024-07-09,3.371,3.451,3.471,3.341,146323.91,52549.979,0.9506887052341598,,0.0
2024-07-10,3.491,3.411,3.491,3.391,125988.0,45363.851,0.9501392757660168,,0.0
2024-07-11,3.431,3.471,3.491,3.4210000000000003,152414.76,55533.574,0.950958904109589,,0.0
2024-07-12,3.491,3.491,3.531,3.4610000000000003,123600.41,45394.447,0.9512261580381473,,0.0
2024-07-15,3.451,3.451,3.4610000000000003,3.391,122683.39,44253.962,0.9506887052341598,,0.0
2024-07-16,3.431,3.4210000000000003,3.4610000000000003,3.401,106366.79,38373.704,0.9502777777777778,,0.0
2024-07-17,3.411,3.401,3.431,3.381,119629.57,42852.851,0.95,,0.0
2024-07-18,3.371,3.401,3.4210000000000003,3.331,122093.92,43464.494,0.95,,0.0
2024-07-19,3.4210000000000003,3.371,3.4210000000000003,3.361,120733.9,43023.199,0.9495774647887324,,0.0
2024-07-22,3.4210000000000003,3.381,3.431,3.361,107894.01,38456.001,0.9497191011235956,,0.0
2024-07-23,3.401,3.331,3.411,3.321,130583.0,46373.944,0.949002849002849,,0.0
2024-07-24,3.321,3.3110000000000004,3.361,3.2910000000000004,157714.0,55264.752,0.9487106017191976,,0.0
2024-07-25,3.301,3.361,3.391,3.301,126064.0,44488.79,0.9494350282485876,,0.0
2024-07-26,3.371,3.4210000000000003,3.4410000000000003,3.371,127998.42,46025.514,0.9502777777777778,,0.0
2024-07-29,3.451,3.431,3.4610000000000003,3.391,112665.85,40742.53,0.950415512465374,,0.0
2024-07-30,3.431,3.451,3.471,3.4210000000000003,100847.47,36539.917,0.9506887052341598,,0.0
2024-07-31,3.4410000000000003,3.581,3.581,3.4410000000000003,208737.08,77414.972,0.9523936170212768,,0.0
2024-08-01,3.581,3.581,3.651,3.571,145396.64,55000.348,0.9523936170212768,,0.0
2024-08-02,3.581,3.5410000000000004,3.601,3.531,116660.87,43725.151,0.9518817204301075,,0.0
2024-08-05,3.531,3.5210000000000004,3.601,3.5010000000000003,137652.19,51340.554,0.9516216216216216,,0.0
2024-08-06,3.531,3.5210000000000004,3.581,3.491,105476.67,39142.3,0.9516216216216216,,0.0
2024-08-07,3.531,3.571,3.581,3.4810000000000003,121022.0,45044.13,0.9522666666666668,,0.0
2024-08-08,3.571,3.5610000000000004,3.591,3.531,85142.7,31798.078,0.9521390374331552,,0.0
2024-08-09,3.5610000000000004,3.551,3.591,3.5410000000000004,83591.81,31318.493,0.9520107238605898,,0.0
2024-08-12,3.5610000000000004,3.571,3.591,3.5410000000000004,95177.02,35624.687,0.9522666666666668,,0.0
2024-08-13,3.5610000000000004,3.601,3.611,3.5210000000000004,106834.57,40122.905,0.9526455026455029,,0.0
2024-08-14,3.631,3.601,3.651,3.591,121737.0,46255.537,0.9526455026455029,,0.0
2024-08-15,3.641,3.671,3.701,3.601,128206.0,49170.201,0.9535064935064936,,0.0
2024-08-16,3.711,3.601,3.711,3.591,128823.0,49052.855,0.9526455026455029,,0.0
2024-08-19,3.641,3.651,3.681,3.611,104324.88,39892.551,0.9532637075718016,,0.0
2024-08-20,3.621,3.5410000000000004,3.641,3.531,133183.95,49906.842,0.9518817204301075,,0.0
2024-08-21,3.5410000000000004,3.491,3.551,3.471,111000.0,40882.782,0.9512261580381473,,0.0
2024-08-22,3.491,3.471,3.5210000000000004,3.4610000000000003,93878.83,34503.974,0.950958904109589,,0.0
2024-08-23,3.4610000000000003,3.431,3.511,3.431,100814.0,36710.937,0.950415512465374,,0.0
2024-08-26,3.381,3.281,3.4210000000000003,3.2710000000000004,236185.64,82197.518,0.9482658959537572,,0.0
2024-08-27,3.281,3.2310000000000003,3.2910000000000004,3.221,146270.53,50087.707,0.9475073313782992,,0.0
2024-08-28,3.221,3.241,3.2910000000000004,3.1910000000000003,101744.64,34888.102,0.9476608187134504,,0.0
2024-08-29,3.2510000000000003,3.2510000000000003,3.301,3.241,108739.26,37454.537,0.9478134110787172,,0.0
2024-08-30,3.2510000000000003,3.2910000000000004,3.341,3.2310000000000003,145032.85,50519.927,0.9484149855907782,,0.0
2024-09-02,3.2910000000000004,3.1710000000000003,3.301,3.1710000000000003,221770.85,75025.14,0.9465671641791046,,0.0
2024-09-03,3.201,3.151,3.201,3.141,103300.72,34575.191,0.9462462462462464,,0.0
2024-09-04,3.151,3.161,3.1910000000000003,3.131,81192.0,27124.229,0.9464071856287426,,0.0
2024-09-05,3.131,3.151,3.181,3.131,93798.0,31295.467,0.9462462462462464,,0.0
2024-09-06,3.161,3.151,3.201,3.131,105793.0,35350.921,0.9462462462462464,,0.0
2024-09-09,3.101,3.131,3.1710000000000003,3.0610000000000004,128472.67,42386.271,0.9459214501510574,,0.0
2024-09-10,3.131,3.081,3.151,3.031,146047.0,47517.086,0.9450920245398774,,0.0
2024-09-11,3.071,3.051,3.081,3.0210000000000004,85811.04,27713.988,0.9445820433436533,,0.0
2024-09-12,3.051,3.0610000000000004,3.101,3.051,109347.13,35542.826,0.9447530864197532,,0.0
2024-09-13,3.071,3.081,3.121,3.051,91284.38,29790.734,0.9450920245398774,,0.0
2024-09-18,3.081,3.1710000000000003,3.1710000000000003,3.0410000000000004,180564.25,59551.966,0.9465671641791046,,0.0
2024-09-19,3.151,3.221,3.261,3.141,214544.03,72604.566,0.9473529411764706,,0.0
2024-09-20,3.2110000000000003,3.221,3.2310000000000003,3.151,118969.04,40123.384,0.9473529411764706,,0.0
2024-09-23,3.2110000000000003,3.221,3.2310000000000003,3.1910000000000003,108709.98,36890.406,0.9473529411764706,,0.0
2024-09-24,3.2310000000000003,3.431,3.4410000000000003,3.2310000000000003,279050.78,98640.471,0.950415512465374,,0.0
2024-09-25,3.511,3.661,3.791,3.511,767444.53,295769.258,0.9533854166666668,,0.0
2024-09-26,3.571,3.781,3.791,3.511,645226.97,247779.135,0.95479797979798,,0.0
2024-09-27,3.861,3.911,3.991,3.771,548866.84,222181.304,0.956234718826406,,0.0
2024-10-21,4.321,4.321,4.321,4.321,70145.93,31565.669,0.9602222222222222,,0.0
2024-10-22,4.771,4.771,4.771,4.771,30514.54,15104.697,0.9638383838383838,,0.0
2024-10-23,5.271,5.271,5.271,5.271,33817.84,18430.723,0.9671559633027522,,0.0
2024-10-24,5.821,5.821,5.821,5.821,53965.54,32379.324,0.9701666666666666,,0.0
2024-10-25,6.420999999999999,6.420999999999999,6.420999999999999,6.420999999999999,186416.49,123034.883,0.9728787878787878,,0.0
2024-10-28,7.081,7.081,7.081,7.081,174909.63,126984.391,0.97534435261708,,0.0
2024-10-29,7.811,7.811,7.811,7.811,112215.09,89659.857,0.9775969962453066,,0.0
2024-10-30,8.610999999999999,8.610999999999999,8.610999999999999,8.610999999999999,211276.08,185711.674,0.9796359499431172,,0.0
2024-10-31,9.491,9.491,9.491,9.491,303415.06,293402.363,0.9814891416752844,,0.0
2024-11-01,10.461,10.461,10.461,9.621,6487404.07,6789232.835,0.9831766917293232,,0.0
2024-11-04,9.421,9.401,9.701,9.401,1910507.0,1833933.07,0.9813152400835072,,0.0
2024-11-05,9.181,9.021,9.611,8.531,3723502.04,3443698.153,0.9805434782608696,,0.0
2024-11-06,8.770999999999999,8.131,8.881,8.100999999999999,3269001.62,2822910.59,0.978459687123947,,0.0
2024-11-07,7.920999999999999,8.241,8.571,7.840999999999999,2409087.09,2036433.75,0.9787410926365796,,0.0
2024-11-08,8.241,8.481,8.951,8.031,2483053.58,2163864.053,0.9793302540415704,,0.0
2024-11-11,8.561,8.141,8.561,7.860999999999999,1769800.64,1470343.274,0.9784855769230768,,0.0
2024-11-12,8.171,8.331,8.701,8.110999999999999,1768913.46,1514119.394,0.9789659224441832,,0.0
2024-11-13,8.261,7.930999999999999,8.261,7.721,1353689.53,1100512.477,0.977928483353884,,0.0
2024-11-14,7.940999999999999,8.041,8.501,7.881,1706286.63,1428124.035,0.9782238442822384,,0.0
2024-11-15,7.920999999999999,7.221,8.071,7.221,2100283.74,1616941.427,0.9758108108108108,,0.0
2024-11-18,7.271,7.041,7.531,7.001,1421040.36,1053272.729,0.975207756232687,,0.0
2024-11-19,7.031,7.401,7.401,7.011,1340999.17,992438.723,0.9763852242744064,,0.0
2024-11-20,7.441,7.521,7.551,7.231,1462048.24,1105065.3,0.9767532467532468,,0.0
2024-11-21,7.441,7.380999999999999,7.881,7.301,1658643.58,1276270.963,0.9763227513227511,,0.0
2024-11-22,7.571,7.021,7.590999999999999,7.021,1327148.45,988653.967,0.9751388888888888,,0.0
2024-11-25,7.021,6.871,7.101,6.761,907321.01,640765.739,0.974609929078014,,0.0
2024-11-26,6.821,6.751,6.960999999999999,6.741,616166.01,432715.717,0.974170274170274,,0.0
2024-11-27,6.670999999999999,6.851,6.851,6.590999999999999,746377.0,515483.032,0.9745376955903272,,0.0
2024-11-28,6.851,6.741,6.911,6.731,632561.72,441757.275,0.9741329479768784,,0.0
2024-11-29,6.670999999999999,6.821,6.960999999999999,6.670999999999999,756482.85,530003.168,0.9744285714285714,,0.0
2024-12-02,6.901,7.261,7.521,6.851,1931995.5,1434722.743,0.9759408602150538,,0.0
2024-12-03,7.201,7.361,7.491,7.161,1475190.67,1104754.731,0.976259946949602,,0.0
2024-12-04,7.380999999999999,7.041,7.380999999999999,6.971,1026729.2,754511.312,0.975207756232687,,0.0
2024-12-05,6.991,6.991,7.081,6.920999999999999,610283.28,437240.212,0.9750348675034868,,0.0
2024-12-06,6.951,6.941,7.061,6.861,657654.92,469082.231,0.9748595505617976,,0.0
2024-12-09,6.871,6.771,6.981,6.721,628000.1,439693.133,0.9742446043165468,,0.0
2024-12-10,6.960999999999999,6.731,7.031,6.721,738863.41,519827.319,0.974095513748191,,0.0
2024-12-11,6.681,6.891,6.931,6.681,641676.12,451157.056,0.9746817538896746,,0.0
2024-12-12,6.880999999999999,6.901,6.951,6.831,506687.12,358586.178,0.9747175141242936,,0.0
2024-12-13,6.871,6.710999999999999,6.891,6.691,585961.22,406430.776,0.974020319303338,,0.0
2024-12-16,6.681,6.641,6.721,6.581,459494.11,313343.465,0.9737536656891496,,0.0
2024-12-17,6.641,6.561,6.861,6.551,654330.92,449316.626,0.9734421364985164,,0.0
2024-12-18,6.641,6.601,6.781,6.581,605431.15,414575.27,0.973598820058997,,0.0
2024-12-19,6.541,6.621,6.651,6.420999999999999,491638.01,332340.666,0.9736764705882353,,0.0
2024-12-20,6.630999999999999,6.541,6.661,6.511,510605.26,345007.008,0.9733630952380952,,0.0
2024-12-23,6.511,6.411,6.561,6.340999999999999,450915.78,298419.212,0.9728376327769348,,0.0
2024-12-24,6.380999999999999,6.471,6.511,6.321,430645.52,283901.125,0.9730827067669172,,0.0
2024-12-25,6.441,6.321,6.460999999999999,6.221,514666.0,334023.362,0.9724615384615384,,0.0
2024-12-26,6.271,6.231,6.351,6.221,424051.53,273818.907,0.9720748829953196,,0.0
2024-12-27,6.231,6.351,6.401,6.231,406396.0,264808.305,0.9725880551301684,,0.0
2024-12-30,6.311,6.261,6.351,6.191,347620.93,223309.605,0.9722049689440994,,0.0
2024-12-31,6.231,6.051,6.281,6.051,409782.64,259328.991,0.9712680577849117,,0.0
2025-01-02,6.021,5.960999999999999,6.170999999999999,5.880999999999999,474357.06,294227.49,0.9708469055374592,,0.0
2025-01-03,5.960999999999999,5.670999999999999,5.991,5.651,544828.17,324471.322,0.9694017094017092,,0.0
2025-01-06,5.630999999999999,5.701,5.751,5.581,450565.6,263987.479,0.9695578231292517,,0.0
2025-01-07,5.681,5.761,5.811,5.641,430495.65,254520.862,0.96986531986532,,0.0
2025-01-08,5.751,5.801,5.840999999999999,5.590999999999999,439453.89,259296.653,0.970066889632107,,0.0
2025-01-09,5.751,5.781,5.801,5.731,237846.86,141481.67,0.96996644295302,,0.0
2025-01-10,5.781,5.641,5.821,5.621,278699.91,164290.924,0.9692439862542956,,0.0
2025-01-13,5.571,5.590999999999999,5.590999999999999,5.460999999999999,301335.57,172463.277,0.9689774696707104,,0.0
2025-01-14,5.621,5.801,5.831,5.590999999999999,492568.0,291038.818,0.970066889632107,,0.0
2025-01-15,5.791,5.791,5.851,5.701,403950.0,240788.113,0.9700167504187605,,0.0
2025-01-16,5.821,5.771,5.911,5.721,376721.0,225382.229,0.9699159663865544,,0.0
2025-01-17,5.731,5.721,5.781,5.691,295418.24,174816.218,0.9696610169491524,,0.0
2025-01-20,5.781,5.771,5.951,5.701,585572.1,351910.685,0.9699159663865544,,0.0
2025-01-21,5.811,5.681,5.871,5.651,387508.25,228351.355,0.9694539249146756,,0.0
2025-01-22,5.670999999999999,5.630999999999999,5.701,5.590999999999999,237722.6,138340.567,0.9691910499139414,,0.0
2025-01-23,5.710999999999999,5.641,5.960999999999999,5.641,657119.87,392196.762,0.9692439862542956,,0.0
2025-01-24,5.651,5.670999999999999,5.731,5.601,372612.18,218235.471,0.9694017094017092,,0.0
2025-01-27,5.701,5.501,5.751,5.501,353152.0,204104.563,0.9684859154929576,,0.0
2025-02-05,5.571,5.541,5.601,5.501,260931.0,149564.775,0.9687062937062936,,0.0
2025-02-06,5.551,5.691,5.691,5.491,406880.1,235973.454,0.9695059625212948,,0.0
2025-02-07,5.681,5.751,5.851,5.651,680891.92,404513.329,0.969814502529511,,0.0
2025-02-10,5.801,6.340999999999999,6.340999999999999,5.791,1987939.5,1264486.697,0.9725460122699386,,0.0
2025-02-11,6.340999999999999,6.051,6.340999999999999,6.031,1476653.98,930619.485,0.9712680577849117,,0.0
2025-02-12,6.031,6.141,6.170999999999999,6.031,868622.79,545952.101,0.9716772151898734,,0.0
2025-02-13,6.151,6.071,6.181,6.011,746402.45,467589.456,0.97136,,0.0
2025-02-14,6.031,5.991,6.051,5.931,554648.02,341468.6,0.9709886547811992,,0.0
2025-02-17,6.011,6.121,6.161,5.971,787203.96,492140.639,0.9715873015873016,,0.0
2025-02-18,6.081,5.951,6.141,5.931,731394.43,455504.195,0.9707993474714518,,0.0
2025-02-19,5.951,5.991,6.001,5.891,513178.43,314406.92,0.9709886547811992,,0.0
2025-02-20,5.960999999999999,6.011,6.021,5.851,557066.15,340365.783,0.9710823909531502,,0.0
2025-02-21,5.991,5.991,6.031,5.891,502947.89,309191.245,0.9709886547811992,,0.0
2025-02-24,5.960999999999999,5.951,6.041,5.880999999999999,476666.15,291893.09,0.9707993474714518,,0.0
2025-02-25,5.901,5.880999999999999,5.951,5.851,396659.82,241111.991,0.9704620462046204,,0.0
2025-02-26,5.871,5.941,5.951,5.871,403430.86,245815.527,0.970751633986928,,0.0
2025-02-27,5.931,5.920999999999999,6.041,5.831,630781.79,385012.105,0.970655737704918,,0.0
2025-02-28,5.891,5.861,6.061,5.831,763674.79,468842.557,0.970364238410596,,0.0
2025-03-03,5.851,6.111,6.231,5.751,1390997.24,865626.337,0.9715421303656596,,0.0
2025-03-04,6.021,6.130999999999999,6.281,6.021,927332.59,585776.007,0.9716323296354992,,0.0
2025-03-05,6.141,6.090999999999999,6.340999999999999,6.041,906054.77,575547.757,0.971451355661882,,0.0
2025-03-06,6.051,6.061,6.151,5.951,1016015.99,632899.873,0.9713141025641026,,0.0
2025-03-07,6.011,5.831,6.041,5.811,935500.84,568215.079,0.970216306156406,,0.0
2025-03-10,5.831,5.771,5.851,5.731,452650.47,269401.665,0.9699159663865544,,0.0
2025-03-11,5.721,5.781,5.781,5.670999999999999,278189.54,164238.791,0.96996644295302,,0.0
2025-03-12,5.920999999999999,5.721,5.960999999999999,5.721,704714.69,423597.229,0.9696610169491524,,0.0
2025-03-13,5.681,5.561,5.710999999999999,5.511,572210.95,329966.235,0.9688153310104528,,0.0
2025-03-14,5.581,5.801,5.801,5.541,698505.34,410285.392,0.970066889632107,,0.0
2025-03-17,5.811,5.731,5.911,5.721,459593.05,273976.083,0.9697123519458544,,0.0
2025-03-18,5.751,5.710999999999999,5.761,5.691,267130.18,157454.158,0.9696095076400678,,0.0
2025-03-19,5.710999999999999,5.710999999999999,5.781,5.681,287462.81,169864.748,0.9696095076400678,,0.0
2025-03-20,5.741,5.721,5.801,5.710999999999999,408556.34,242298.087,0.9696610169491524,,0.0
2025-03-21,5.710999999999999,5.661,5.710999999999999,5.571,437165.04,253940.933,0.9693493150684932,,0.0
2025-03-24,5.641,5.561,5.641,5.481,343933.24,196666.179,0.9688153310104528,,0.0
2025-03-25,5.511,5.571,5.731,5.491,525508.1,305526.832,0.9688695652173912,,0.0
2025-03-26,5.771,6.151,6.151,5.701,2928087.3,1814379.278,0.9717219589257504,,0.0
2025-03-27,6.241,6.291,6.481,6.151,3428477.56,2222557.698,0.9723338485316848,,0.0
2025-03-28,6.291,6.710999999999999,6.941,6.081,3469379.75,2342709.921,0.974020319303338,,0.0
2025-03-31,6.840999999999999,6.601,7.170999999999999,6.380999999999999,3387726.71,2379105.149,0.973598820058997,,0.0
2025-04-01,6.630999999999999,6.531,6.721,6.481,2162951.38,1462604.112,0.9733233979135618,,0.0
2025-04-02,6.621,7.201,7.201,6.291,2890090.1,1982589.328,0.9757452574525745,,0.0
2025-04-03,7.250999999999999,7.481,7.901,7.241,4385627.85,3376457.293,0.9766318537859008,,0.0
2025-04-07,6.931,7.081,7.811,6.751,3546830.63,2644277.589,0.97534435261708,,0.0
2025-04-08,7.031,7.290999999999999,7.370999999999999,6.821,3058299.32,2239048.194,0.9760374832663988,,0.0
2025-04-09,7.321,7.641,8.001,7.290999999999999,3397257.18,2653198.782,0.9771099744245524,,0.0
2025-04-10,7.641,7.590999999999999,7.911,7.170999999999999,3100175.45,2441836.602,0.9769626769626768,,0.0
2025-04-11,7.601,7.041,7.670999999999999,7.041,2477700.52,1846669.396,0.975207756232687,,0.0
2025-04-14,7.161,7.511,7.641,7.051,2596848.69,1956635.384,0.9767230169050716,,0.0
2025-04-15,7.661,7.271,7.691,7.191,1780139.67,1332295.746,0.975973154362416,,0.0
2025-04-16,7.271,6.911,7.271,6.871,1549981.74,1111075.252,0.97475317348378,,0.0
2025-04-17,6.901,6.880999999999999,7.061,6.821,1059952.79,755102.629,0.9746458923512747,,0.0
2025-04-18,6.861,6.590999999999999,6.891,6.581,1281796.29,879373.72,0.973559822747415,,0.0
2025-04-21,6.521,6.641,6.670999999999999,6.481,993094.86,673045.055,0.9737536656891496,,0.0
2025-04-22,6.611,6.670999999999999,6.871,6.590999999999999,1150143.49,797382.675,0.973868613138686,,0.0
2025-04-23,6.651,6.471,6.681,6.451,1176027.1,789378.228,0.9730827067669172,,0.0
2025-04-24,6.451,6.521,6.641,6.361,1131907.47,758820.064,0.9732835820895522,,0.0
2025-04-25,6.521,6.771,6.861,6.411,1451143.62,996568.051,0.9742446043165468,,0.0
2025-04-28,6.911,6.531,6.911,6.521,1024261.0,702242.558,0.9733233979135618,,0.0
2025-04-29,6.441,6.241,6.501,6.231,898437.22,582228.595,0.9721183800623052,,0.0
2025-04-30,6.271,6.221,6.311,6.201,536221.0,344930.914,0.97203125,,0.0
2025-05-06,6.271,6.420999999999999,6.441,6.251,752956.08,494338.696,0.9728787878787878,,0.0
2025-05-07,6.521,6.411,6.601,6.340999999999999,761562.02,504863.473,0.9728376327769348,,0.0
2025-05-08,6.361,6.441,6.491,6.340999999999999,528152.0,349423.295,0.9729607250755288,,0.0
2025-05-09,6.411,6.301,6.420999999999999,6.281,506760.03,329125.099,0.9723765432098764,,0.0
2025-05-12,6.321,6.321,6.351,6.281,424804.78,275694.635,0.9724615384615384,,0.0
2025-05-13,6.401,6.971,6.971,6.311,2020059.13,1396559.222,0.974965034965035,,0.0
2025-05-14,6.971,7.391,7.691,6.840999999999999,3733346.88,2796680.6,0.9763540290620872,,0.0
2025-05-15,7.201,7.051,7.201,7.021,2014401.93,1464582.445,0.9752420470262794,,0.0
2025-05-16,7.051,7.031,7.170999999999999,6.991,1050070.6,759758.251,0.9751733703190012,,0.0
2025-05-19,7.271,7.511,7.750999999999999,7.151,2598738.75,1979090.112,0.9767230169050716,,0.0
2025-05-20,7.401,7.340999999999999,7.661,7.281,1884586.85,1430219.478,0.9761968085106384,,0.0
2025-05-21,7.250999999999999,7.231,7.391,7.181,1235888.0,919522.254,0.9758434547908232,,0.0
2025-05-22,7.241,7.090999999999999,7.281,7.041,965482.14,706583.171,0.9753782668500688,,0.0
2025-05-23,7.111,7.411,7.721,7.051,1566806.19,1169605.753,0.9764163372859024,,0.0
2025-05-26,7.420999999999999,7.551,8.001,7.340999999999999,2153608.21,1689898.639,0.9768434670116428,,0.0
2025-05-27,7.551,7.111,7.551,7.101,1653720.75,1221029.18,0.9754458161865568,,0.0
2025-05-28,7.081,6.951,7.221,6.920999999999999,1161370.14,838365.538,0.9748948106591864,,0.0
2025-05-29,6.880999999999999,6.941,6.991,6.741,943823.92,667123.74,0.9748595505617976,,0.0
2025-05-30,6.981,6.751,7.031,6.741,774194.22,540554.065,0.974170274170274,,0.0
2025-06-03,6.681,6.971,7.130999999999999,6.641,992150.87,702769.125,0.974965034965035,,0.0
2025-06-04,6.931,6.880999999999999,6.951,6.840999999999999,618564.0,437298.813,0.9746458923512747,,0.0
2025-06-05,6.851,6.861,6.920999999999999,6.821,545506.0,384050.288,0.9745738636363636,,0.0
2025-06-06,6.851,6.891,7.001,6.851,566001.45,401542.502,0.9746817538896746,,0.0
2025-06-09,6.901,6.931,6.971,6.811,530651.87,376898.357,0.9748241912798874,,0.0
2025-06-10,6.941,7.001,7.161,6.840999999999999,1050353.21,752646.496,0.9750696378830084,,0.0
2025-06-11,6.960999999999999,6.931,7.011,6.891,568625.98,404736.52,0.9748241912798874,,0.0
2025-06-12,6.891,6.840999999999999,6.911,6.821,502472.95,353393.252,0.9745014245014244,,0.0
2025-06-13,6.821,6.731,6.831,6.691,562815.02,389373.512,0.974095513748191,,0.0
2025-06-16,6.641,6.751,6.781,6.641,333417.0,230205.413,0.974170274170274,,0.0
2025-06-17,6.801,6.951,7.021,6.781,837546.0,594230.139,0.9748948106591864,,0.0
2025-06-18,6.920999999999999,6.801,6.931,6.781,507142.27,354967.314,0.9743553008595988,,0.0
2025-06-19,6.771,6.531,6.781,6.521,575710.55,392142.532,0.9733233979135618,,0.0
2025-06-20,6.521,6.501,6.571,6.481,337390.15,226234.532,0.9732035928143712,,0.0
2025-06-23,6.451,6.541,6.551,6.420999999999999,322618.0,215636.56,0.9733630952380952,,0.0
2025-06-24,6.541,6.590999999999999,6.651,6.501,393110.22,266485.06,0.973559822747415,,0.0
2025-06-25,6.611,6.771,6.821,6.590999999999999,637819.21,441277.479,0.9742446043165468,,0.0
2025-06-26,6.731,6.670999999999999,6.761,6.661,501867.96,345541.536,0.973868613138686,,0.0
2025-06-27,6.661,6.670999999999999,6.751,6.651,405082.17,278334.143,0.973868613138686,,0.0
2025-06-30,6.651,6.661,6.661,6.590999999999999,374390.1,254997.388,0.9738304093567252,,0.0
2025-07-01,6.68,6.67,6.699999999999999,6.62,362764.35,245812.408,0.9837758112094396,,0.0
2025-07-02,6.659999999999999,6.62,6.659999999999999,6.56,338423.15,227110.873,0.9836552748885586,,0.0
2025-07-03,6.609999999999999,6.62,6.65,6.6,238605.74,160559.311,0.9836552748885586,,0.0
2025-07-04,6.609999999999999,6.62,6.68,6.58,417964.52,282500.76,0.9836552748885586,,0.0
2025-07-07,6.67,6.909999999999999,6.94,6.64,1081335.4,750283.111,0.9843304843304844,,0.0
2025-07-08,6.909999999999999,6.96,7.09,6.779999999999999,1084553.67,761507.064,0.9844413012729843,,0.0
2025-07-09,6.949999999999999,6.93,7.06,6.88,992324.99,702252.033,0.984375,,0.0
2025-07-10,6.93,7.0,7.18,6.88,920044.72,656989.487,0.9845288326300984,,0.0
2025-07-11,6.98,6.949999999999999,7.05,6.85,790275.73,557651.749,0.9844192634560908,,0.0
2025-07-14,6.949999999999999,6.89,6.989999999999999,6.88,455649.13,320064.357,0.9842857142857142,,0.0
2025-07-15,6.85,6.75,6.87,6.72,519242.27,357136.093,0.9839650145772594,,0.0
2025-07-16,6.75,6.76,6.79,6.72,285281.82,195914.772,0.9839883551673944,,0.0
2025-07-17,6.77,6.779999999999999,6.83,6.76,320742.99,221080.935,0.9840348330914368,,0.0
2025-07-18,6.79,6.83,6.85,6.76,387466.39,267938.986,0.9841498559077808,,0.0
2025-07-21,6.83,6.909999999999999,6.93,6.8,563353.29,394028.586,0.9843304843304844,,0.0
2025-07-22,6.909999999999999,6.859999999999999,6.909999999999999,6.8,461876.0,320794.252,0.9842180774748924,,0.0
2025-07-23,6.84,6.85,7.02,6.81,726123.8,510161.164,0.9841954022988504,,0.0
2025-07-24,6.859999999999999,6.909999999999999,6.909999999999999,6.79,547008.9,381894.446,0.9843304843304844,,0.0
2025-07-25,6.89,6.81,6.89,6.8,466137.06,323332.953,0.9841040462427744,,0.0
2025-07-28,6.81,6.739999999999999,6.81,6.72,431816.0,296135.738,0.983941605839416,,0.0
2025-07-29,6.72,6.73,6.73,6.62,415274.75,281459.536,0.9839181286549707,,0.0
2025-07-30,6.699999999999999,6.659999999999999,6.71,6.63,308154.0,209040.614,0.983751846381093,,0.0
2025-07-31,6.64,6.569999999999999,6.65,6.55,382277.31,256057.21,0.9835329341317364,,0.0
2025-08-01,6.56,6.6,6.609999999999999,6.55,203032.94,135904.933,0.9836065573770492,,0.0
2025-08-04,6.56,6.58,6.58,6.5,237565.13,157946.182,0.98355754857997,,0.0
2025-08-05,6.58,6.67,6.68,6.58,307447.07,207526.67,0.9837758112094396,,0.0
2025-08-06,6.65,6.64,6.659999999999999,6.6,265943.98,178856.644,0.9837037037037036,,0.0
2025-08-07,6.64,6.58,6.64,6.56,293815.77,196859.064,0.98355754857997,,0.0
2025-08-08,6.58,6.609999999999999,6.609999999999999,6.55,244216.29,163553.461,0.9836309523809524,,0.0
2025-08-11,6.6,6.62,6.64,6.55,282935.2,189719.957,0.9836552748885586,,0.0
2025-08-12,6.62,6.659999999999999,6.68,6.58,338293.67,227987.775,0.983751846381093,,0.0
2025-08-13,6.64,6.64,6.659999999999999,6.609999999999999,289416.65,195272.58,0.9837037037037036,,0.0
2025-08-14,6.609999999999999,6.55,6.63,6.529999999999999,435846.92,291525.855,0.9834834834834836,,0.0
2025-08-15,6.55,6.67,6.69,6.52,545385.53,367628.213,0.9837758112094396,,0.0
2025-08-18,6.68,6.94,7.12,6.67,1358703.64,956889.497,0.9843971631205674,,0.0
2025-08-19,6.88,6.88,6.949999999999999,6.81,626397.67,437128.993,0.9842632331902718,,0.0
2025-08-20,6.84,6.89,6.89,6.8,393073.77,273530.552,0.9842857142857142,,0.0
2025-08-21,6.89,6.89,6.98,6.85,456923.79,320894.92,0.9842857142857142,,0.0
2025-08-22,6.85,6.89,6.89,6.8,477302.41,331735.649,0.9842857142857142,,0.0
2025-08-25,6.9,6.94,6.97,6.819999999999999,930877.15,653034.51,0.9843971631205674,,0.0
2025-08-26,6.93,6.92,6.989999999999999,6.9,542093.35,382908.382,0.984352773826458,,0.0
2025-08-27,6.9,6.75,6.98,6.739999999999999,662192.81,461731.921,0.9839650145772594,,0.0
2025-08-28,6.75,6.84,6.84,6.64,589235.0,404637.503,0.9841726618705036,,0.0
2025-08-29,6.79,6.73,6.859999999999999,6.699999999999999,426990.69,293545.209,0.9839181286549707,,0.0
2025-09-01,6.739999999999999,6.72,6.81,6.699999999999999,336656.46,230765.333,0.9838945827232796,,0.0
2025-09-02,6.699999999999999,6.6,6.72,6.56,441259.19,296832.402,0.9836065573770492,,0.0
2025-09-03,6.6,6.42,6.609999999999999,6.4,449448.95,297384.452,0.9831546707503828,,0.0
2025-09-04,6.42,6.38,6.47,6.29,413491.38,269242.55,0.983050847457627,,0.0
2025-09-05,6.38,6.569999999999999,6.58,6.33,413209.28,271747.365,0.9835329341317364,,0.0
2025-09-08,6.569999999999999,6.56,6.62,6.51,329936.05,220363.48,0.9835082458770614,,0.0
2025-09-09,6.55,6.48,6.55,6.47,224888.48,148846.725,0.983308042488619,,0.0
2025-09-10,6.47,6.62,6.69,6.46,486084.1,325604.448,0.9836552748885586,,0.0
2025-09-11,6.69,6.65,6.69,6.56,403088.67,271138.686,0.9837278106508875,,0.0
2025-09-12,6.63,6.819999999999999,6.89,6.62,878097.92,608943.369,0.984126984126984,,0.0
2025-09-15,6.81,6.85,6.87,6.73,510725.41,353426.619,0.9841954022988504,,0.0
2025-09-16,6.79,6.84,6.87,6.779999999999999,416093.14,288409.65,0.9841726618705036,,0.0
2025-09-17,6.819999999999999,6.89,6.93,6.8,522152.39,365052.15,0.9842857142857142,,0.0
2025-09-18,6.859999999999999,6.68,6.87,6.63,680178.0,468067.299,0.98379970544919,,0.0
2025-09-19,6.67,6.6,6.699999999999999,6.59,348129.8,234483.325,0.9836065573770492,,0.0
2025-09-22,6.6,6.58,6.609999999999999,6.52,301057.0,200288.89,0.98355754857997,,0.0
2025-09-23,6.54,6.48,6.56,6.39,350815.0,230055.412,0.983308042488619,,0.0
2025-09-24,6.44,6.48,6.5,6.42,328381.0,215647.626,0.983308042488619,,0.0
2025-09-25,6.47,6.489999999999999,6.569999999999999,6.42,391716.92,257887.37,0.9833333333333332,,0.0
2025-09-26,6.5,6.409999999999999,6.55,6.4,359294.2,236555.186,0.9831288343558282,,0.0
2025-09-29,6.409999999999999,6.44,6.5,6.319999999999999,351716.98,229118.595,0.9832061068702288,,0.0
2025-09-30,6.44,6.43,6.449999999999999,6.4,283964.61,185481.581,0.9831804281345564,,0.0
2025-10-09,6.23,6.27,6.29,6.069999999999999,815464.67,512989.685,0.9827586206896552,,0.0
2025-10-10,6.279999999999999,6.37,6.51,6.25,601163.73,391471.753,0.9830246913580246,,0.0
2025-10-13,6.15,6.42,6.44,6.15,349739.73,225735.465,0.9831546707503828,,0.0
2025-10-14,6.409999999999999,6.38,6.46,6.37,337456.45,220047.006,0.983050847457627,,0.0
2025-10-15,6.38,6.35,6.4,6.27,325401.98,209247.782,0.98297213622291,,0.0
2025-10-16,6.359999999999999,6.26,6.359999999999999,6.23,261811.0,167216.158,0.9827315541601256,,0.0
2025-10-17,6.26,6.159999999999999,6.3,6.159999999999999,249376.04,157846.033,0.9824561403508772,,0.0
2025-10-20,6.19,6.17,6.239999999999999,6.14,234125.0,146841.081,0.982484076433121,,0.0
2025-10-21,6.15,6.25,6.27,6.15,273005.05,173289.247,0.9827044025157232,,0.0
2025-10-22,6.25,6.199999999999999,6.27,6.19,186189.26,117876.336,0.98256735340729,,0.0
2025-10-23,6.22,6.26,6.27,6.13,212506.65,133921.91,0.9827315541601256,,0.0
2025-10-24,6.27,6.359999999999999,6.44,6.23,367041.28,235960.692,0.9829984544049458,,0.0
2025-10-27,6.359999999999999,6.37,6.39,6.31,271195.0,175433.08,0.9830246913580246,,0.0
2025-10-28,6.37,6.37,6.43,6.35,240370.0,156250.591,0.9830246913580246,,0.0
2025-10-29,6.33,6.38,6.4,6.279999999999999,258443.91,166894.552,0.983050847457627,,0.0
2025-10-30,6.39,6.46,6.52,6.38,501959.9,330184.043,0.9832572298325722,,0.0
2025-10-31,6.46,6.489999999999999,6.55,6.409999999999999,370071.48,243453.116,0.9833333333333332,,0.0
2025-11-03,6.51,6.62,6.69,6.51,581472.37,389765.702,0.9836552748885586,,0.0
2025-11-04,6.609999999999999,6.609999999999999,6.63,6.55,344215.63,230635.505,0.9836309523809524,,0.0
2025-11-05,6.58,6.72,6.83,6.53,528254.16,354669.789,1.0,,0.0
2025-11-06,6.71,6.77,6.84,6.69,505815.52,342238.954,1.0,,0.0
2025-11-07,6.73,6.96,7.02,6.72,841133.77,581932.236,1.0,,0.0
2025-11-10,6.98,6.82,7.0,6.81,605811.0,416463.577,1.0,,0.0
2025-11-11,6.81,6.72,6.82,6.7,471331.35,317810.271,1.0,,0.0
2025-11-12,6.7,6.63,6.72,6.58,347824.0,230421.064,1.0,,0.0
2025-11-13,6.63,6.64,6.67,6.6,288852.8,191400.088,1.0,,0.0
2025-11-14,6.86,7.3,7.3,6.83,1163013.31,841791.736,1.0,,0.0
2025-11-17,7.5,7.08,7.5,7.07,1942241.73,1403988.896,1.0,,0.0
2025-11-18,7.1,6.86,7.13,6.81,888109.18,614636.044,1.0,,0.0
2025-11-19,6.82,6.82,6.87,6.72,587306.61,398926.83,1.0,,0.0
2025-11-20,6.86,6.78,6.89,6.76,440588.67,300248.652,1.0,,0.0
2025-11-21,6.72,6.72,6.9,6.68,619554.76,419253.542,1.0,,0.0
2025-11-24,6.72,6.63,6.75,6.5,536973.98,354850.439,1.0,,0.0
2025-11-25,6.65,6.72,6.84,6.61,622026.13,420132.117,1.0,,0.0
2025-11-26,6.86,6.9,7.02,6.76,872067.94,600213.209,1.0,,0.0
2025-11-27,7.02,7.07,7.28,6.98,1012760.05,722531.339,1.0,,0.0
2025-11-28,7.14,7.18,7.18,7.01,679762.19,483029.403,1.0,,0.0
2025-12-01,7.18,7.03,7.19,7.0,555664.83,392260.72,1.0,,0.0
2025-12-02,6.99,7.08,7.15,6.94,577006.98,406033.717,1.0,,0.0
2025-12-03,7.06,7.13,7.16,7.04,591501.94,421429.582,1.0,,0.0
2025-12-04,7.08,7.0,7.1,6.94,415294.0,290523.716,1.0,,0.0
2025-12-05,7.0,6.73,7.0,6.63,964360.92,648147.472,1.0,,0.0
2025-12-08,6.75,6.67,6.75,6.63,452559.0,302348.427,1.0,,0.0
2025-12-09,6.73,6.64,6.73,6.63,334827.07,223390.483,1.0,,0.0
2025-12-10,6.61,6.6,6.62,6.51,349065.54,228959.004,1.0,,0.0
2025-12-11,6.6,6.55,6.69,6.53,322814.53,212903.497,1.0,,0.0
2025-12-12,6.6,6.71,6.73,6.55,404500.68,269663.574,1.0,,0.0
2025-12-15,6.73,6.61,6.73,6.6,296639.28,196871.629,1.0,,0.0
2025-12-16,6.59,6.42,6.6,6.41,351518.58,227042.047,1.0,,0.0
2025-12-17,6.42,6.47,6.49,6.37,226530.19,145736.366,1.0,,0.0
2025-12-18,6.45,6.53,6.56,6.42,264192.0,171291.673,1.0,,0.0
2025-12-19,6.5,6.61,6.64,6.49,268678.13,176541.466,1.0,,0.0
2025-12-22,6.61,6.57,6.65,6.56,210647.4,138917.663,1.0,,0.0
2025-12-23,6.57,6.5,6.61,6.48,211061.58,137923.62,1.0,,0.0
2025-12-24,6.49,6.52,6.53,6.46,162249.29,105661.559,1.0,,0.0
2025-12-25,6.5,6.51,6.54,6.48,221760.68,144402.764,1.0,,0.0
2025-12-26,6.51,6.57,6.61,6.48,276631.0,181429.486,1.0,,0.0
2025-12-29,6.7,6.66,6.87,6.62,664806.6,448393.487,1.0,,0.0
2025-12-30,6.6,6.52,6.65,6.5,390364.74,254845.986,1.0,,0.0
2025-12-31,6.52,6.47,6.52,6.46,242293.87,157141.027,1.0,,0.0
2026-01-05,6.56,6.55,6.64,6.53,306115.53,200734.056,1.0,,0.0
2026-01-06,6.53,6.6,6.6,6.51,378577.34,248375.96,1.0,,0.0
2026-01-07,6.57,6.56,6.69,6.55,399786.35,263965.799,1.0,,0.0
2026-01-08,6.52,6.57,6.6,6.49,348053.6,228311.792,1.0,,0.0
2026-01-09,6.57,6.7,6.71,6.57,551543.84,367046.341,1.0,,0.0
2026-01-12,6.8,6.72,6.8,6.62,626396.5,419228.38,1.0,,0.0
2026-01-13,6.72,6.64,6.8,6.57,662186.72,440346.514,1.0,,0.0
2026-01-14,6.78,7.04,7.3,6.67,1800704.1,1247484.789,1.0,,0.0
2026-01-15,7.09,7.03,7.16,6.87,1043710.6,728356.316,1.0,,0.0
2026-01-16,7.02,6.88,7.09,6.86,679694.97,474218.002,1.0,,0.0
2026-01-19,6.85,6.86,6.93,6.78,444312.96,304715.512,1.0,,0.0
2026-01-20,6.85,6.78,6.89,6.73,504347.54,342381.585,1.0,,0.0
2026-01-21,6.76,6.72,6.84,6.69,405361.91,272427.165,1.0,,0.0
2026-01-22,6.7,6.82,6.85,6.7,399835.58,271559.806,1.0,,0.0
2026-01-23,6.85,6.79,6.85,6.75,405303.24,274843.916,1.0,,0.0
2026-01-26,6.78,6.66,6.83,6.65,454184.79,305026.22,1.0,,0.0
2026-01-27,6.66,6.66,6.68,6.56,298709.52,197730.519,1.0,,0.0
2026-01-28,6.76,6.69,6.76,6.68,312451.21,209611.951,1.0,,0.0
2026-01-29,6.65,6.61,6.67,6.52,410693.02,271307.08,1.0,,0.0
2026-01-30,6.6,6.52,6.61,6.46,358064.94,233615.237,1.0,,0.0
2026-02-02,6.51,6.44,6.57,6.43,324080.85,210961.175,1.0,,0.0
2026-02-03,6.47,6.52,6.53,6.45,232527.51,151079.213,1.0,,0.0
2026-02-04,6.52,6.56,6.57,6.5,250181.99,163369.307,1.0,,0.0
2026-02-05,6.53,6.48,6.54,6.46,251386.3,163085.073,1.0,,0.0
2026-02-06,6.46,6.46,6.51,6.4,194300.74,125634.241,1.0,,0.0
2026-02-09,6.48,6.49,6.51,6.46,204998.67,132997.639,1.0,,0.0
2026-02-10,6.49,6.45,6.5,6.44,180698.0,116657.809,1.0,,0.0
2026-02-11,6.46,6.47,6.57,6.45,243742.0,158539.716,1.0,,0.0
2026-02-12,6.5,6.49,6.57,6.48,223774.57,145646.597,1.0,,0.0
2026-02-13,6.53,6.41,6.53,6.41,266332.57,172034.19,1.0,,0.0
2026-02-24,6.43,6.47,6.49,6.43,213697.23,138179.889,1.0,,0.0
2026-02-25,6.47,6.5,6.54,6.46,215945.31,140585.31,1.0,,0.0
2026-02-26,6.51,6.5,6.53,6.48,235938.0,153337.847,1.0,,0.0
2026-02-27,6.51,6.65,6.66,6.49,555701.89,366890.967,1.0,,0.0
2026-03-02,6.6,6.73,6.75,6.56,655677.49,437243.099,1.0,,0.0
2026-03-03,6.73,6.59,6.74,6.56,451276.76,299424.28,1.0,,0.0
2026-03-04,6.51,6.57,6.63,6.5,287707.29,189099.518,1.0,,0.0
2026-03-05,6.63,6.7,6.74,6.6,527968.55,352868.795,1.0,,0.0
2026-03-06,6.7,6.8,6.83,6.66,552822.41,374369.117,1.0,,0.0
2026-03-09,6.76,6.85,6.88,6.75,568233.98,388110.495,1.0,,0.0
2026-03-10,6.83,6.9,6.99,6.8,670693.43,462862.217,1.0,,0.0
2026-03-11,6.9,6.89,6.91,6.74,536137.06,367316.444,1.0,,0.0
2026-03-12,6.86,6.95,6.97,6.84,641252.59,443593.83,1.0,,0.0
2026-03-13,6.92,6.81,6.97,6.79,505502.02,346596.319,1.0,,0.0
2026-03-16,6.8,6.79,6.88,6.74,460573.74,313523.43,1.0,,0.0
2026-03-17,6.79,6.81,6.97,6.74,650008.75,446173.512,1.0,,0.0
2026-03-18,6.81,6.73,6.86,6.66,490626.52,330427.696,1.0,,0.0
2026-03-19,6.68,6.68,6.76,6.66,346577.29,232295.95,1.0,,0.0
2026-03-20,6.67,6.54,6.75,6.54,387130.91,256219.212,1.0,,0.0
2026-03-23,6.45,6.29,6.5,6.24,587786.4,374926.285,1.0,,0.0
2026-03-24,6.37,6.51,6.51,6.24,495045.17,315842.839,1.0,,0.0
2026-03-25,6.46,6.63,6.69,6.46,523863.64,347018.888,1.0,,0.0
2026-03-26,6.65,6.43,6.67,6.4,538196.02,349245.314,1.0,,0.0
2026-03-27,6.32,6.43,6.44,6.31,377096.01,240749.045,1.0,,0.0
2026-03-30,6.35,6.41,6.42,6.19,446405.62,280632.675,1.0,,0.0
2026-03-31,6.35,6.26,6.42,6.25,326603.08,206549.709,1.0,,0.0
2026-04-01,6.33,6.27,6.34,6.24,253941.0,159323.272,1.0,,0.0
2026-04-02,6.27,6.21,6.3,6.19,282632.73,176219.336,1.0,,0.0
2026-04-03,6.22,6.02,6.24,5.99,413933.53,251003.632,1.0,,0.0
2026-04-07,6.04,5.99,6.05,5.97,235950.25,141440.534,1.0,,0.0
2026-04-08,6.08,6.17,6.17,6.05,398933.6,243695.299,1.0,,0.0
2026-04-09,6.12,6.04,6.17,6.02,269844.0,163829.297,1.0,,0.0
2026-04-10,6.05,6.08,6.12,6.04,208841.0,127260.344,1.0,,0.0
2026-04-13,6.09,6.09,6.1,6.05,170271.02,103485.292,1.0,,0.0
2026-04-14,6.11,6.07,6.13,6.02,234178.0,141942.499,1.0,,0.0
2026-04-15,6.08,6.04,6.09,6.04,176565.0,106983.54,1.0,,0.0
2026-04-16,6.05,6.04,6.06,6.01,191411.0,115545.636,1.0,,0.0
2026-04-17,6.04,6.09,6.11,6.03,244194.02,148294.286,1.0,,0.0
2026-04-20,6.1,6.08,6.12,6.05,225469.41,137063.941,1.0,,0.0
2026-04-21,6.07,6.09,6.12,6.02,259455.0,157592.896,1.0,,0.0
2026-04-22,6.07,6.13,6.14,6.05,228302.0,139385.542,1.0,,0.0
2026-04-23,6.14,6.23,6.24,6.13,446420.0,276679.698,1.0,,0.0
2026-04-24,6.16,6.03,6.17,6.0,480849.35,290327.706,1.0,,0.0
2026-04-27,6.03,5.96,6.09,5.88,366497.99,218847.684,1.0,,0.0
2026-04-28,5.96,5.92,5.97,5.81,416457.74,244819.188,1.0,,0.0
2026-04-29,5.9,5.99,6.02,5.87,323084.24,192965.15,1.0,,0.0
2026-04-30,5.99,5.92,6.02,5.91,220366.91,130997.751,1.0,,0.0
2026-05-06,5.92,5.95,5.99,5.86,497188.45,294783.719,1.0,,0.0
2026-05-07,5.96,6.13,6.14,5.92,636705.72,383408.759,1.0,,0.0
2026-05-08,6.1,6.08,6.23,6.06,408361.06,250187.959,1.0,,0.0
2026-05-11,6.08,6.2,6.22,6.08,452306.59,278850.678,1.0,,0.0
2026-05-12,6.2,6.26,6.33,6.17,469726.19,294280.063,1.0,,0.0
2026-05-13,6.28,6.3,6.35,6.24,424042.26,266932.677,1.0,,0.0
2026-05-14,6.3,6.11,6.34,6.1,479737.99,297489.898,1.0,,0.0
2026-05-15,6.11,5.98,6.12,5.95,448475.09,269201.508,1.0,,0.0
2026-05-18,5.98,6.05,6.08,5.95,300157.05,181197.011,1.0,,0.0
2026-05-19,6.06,6.17,6.19,6.01,438947.73,269162.605,1.0,,0.0
2026-05-20,6.17,6.24,6.26,6.1,473605.19,292065.79,1.0,,0.0
2026-05-21,6.2,6.08,6.29,6.07,438922.39,272334.799,1.0,,0.0
2026-05-22,6.12,6.06,6.14,6.04,286974.0,174516.847,1.0,,0.0
2026-05-25,6.08,6.05,6.11,6.02,247100.47,149598.349,1.0,,0.0
2026-05-26,6.05,6.05,6.05,5.94,292899.09,175776.298,1.0,,0.0
2026-05-27,6.04,5.88,6.06,5.87,295516.8,175422.744,1.0,,0.0
2026-05-28,6.0,6.03,6.2,5.9,546506.16,332139.014,1.0,,0.0
2026-05-29,6.01,6.1,6.16,5.99,572040.85,349632.2354,1.0,,0.0
2026-06-01,6.14,6.2,6.25,6.05,641398.65,396453.68163,1.0,,0.0
2026-06-02,6.17,6.31,6.35,6.16,790782.8,496428.8118,1.0,,0.0
2026-06-03,6.31,6.2,6.31,6.16,608014.31,377905.29479,1.0,,0.0
2026-06-04,6.16,6.21,6.22,6.06,544250.14,334069.308,1.0,,0.0
2026-06-05,6.22,6.18,6.5,6.15,765426.12,484028.133,1.0,,0.0
2026-06-08,6.05,5.81,6.11,5.76,823824.0,486881.10203,1.0,,0.0
2026-06-09,5.8,5.72,5.83,5.53,560374.68,318678.38627,1.0,,0.0
2026-06-10,5.67,5.77,6.0,5.53,521963.57,301307.72837,1.0,,0.0
2026-06-11,5.71,5.88,5.92,5.6,447276.17,257944.20396,1.0,,0.0
2026-06-12,5.83,6.41,6.47,5.83,1741462.67,1108568.02493,1.0,,0.0
2026-06-15,6.37,6.61,6.64,6.33,1767738.8,1152198.90379,1.0,,0.0
2026-06-16,6.55,6.31,6.63,6.28,926045.23,593706.45104,1.0,,0.0
2026-06-17,6.29,5.93,6.31,5.9,807646.53,487752.18336,1.0,,0.0
2026-06-18,5.9,5.82,5.99,5.79,463223.74,270943.89994,1.0,,0.0
2026-06-22,5.81,5.88,5.9,5.68,476362.3,274396.14558,1.0,,0.0
2026-06-23,5.84,5.77,5.94,5.75,320213.92,186948.68844,1.0,,0.0
2026-06-24,5.71,5.73,5.82,5.68,300145.0,172051.041,1.0,,0.0
2026-06-25,5.73,5.62,5.74,5.6,305213.41,171794.65986,1.0,,0.0
2026-06-26,5.63,5.6,5.72,5.6,253025.58,142491.10607,1.0,,0.0
2026-06-29,5.61,5.74,5.76,5.53,269301.28,151765.37524,1.0,,0.0
2026-06-30,5.72,5.64,5.72,5.59,205873.51,115785.23342,1.0,,0.0
2026-07-01,5.64,5.68,5.72,5.59,249025.38,141280.36428,1.0,,0.0
2026-07-02,5.65,5.61,5.71,5.6,218993.02,123641.04232,1.0,,0.0
2026-07-03,5.63,5.64,5.64,5.57,192821.46,108175.57413,1.0,,0.0
2026-07-06,5.65,5.61,5.65,5.58,158648.75,88839.73495,1.0,,0.0
2026-07-07,5.59,5.61,5.67,5.56,173895.58,97578.5338,1.0,,0.0
2026-07-08,5.6,5.38,5.6,5.35,315019.88,171185.44617,1.0,,0.0
2026-07-09,5.4,5.32,5.4,5.23,224528.61,119004.46055,1.0,,0.0
2026-07-10,5.33,5.34,5.4,5.27,187856.07,100466.47796,1.0,,0.0
2026-07-13,5.3,5.22,5.31,5.2,179492.0,94042.501,1.0,,0.0
2026-07-14,5.23,5.29,5.32,5.2,162256.42,85626.9895,1.0,,0.0
2026-07-15,5.3,5.41,5.42,5.29,182175.73,97973.30747,1.0,,0.0
2026-07-16,5.4,5.39,5.42,5.35,167368.73,90109.84174,1.0,,0.0
2026-07-17,5.4,5.4,5.54,5.34,296993.97,162155.10283,1.0,,0.0
2026-07-20,5.38,5.51,5.52,5.35,290594.0,158582.23212,1.0,,0.0
2026-07-21,5.5,5.46,5.56,5.41,285356.2,156553.52365,1.0,,0.0
2026-07-22,5.42,5.4,5.45,5.35,193288.85,104301.36346,1.0,,0.0
2026-07-23,5.4,5.48,5.49,5.36,169781.34,92569.23232,1.0,,0.0
2026-07-24,5.45,5.3,5.47,5.29,219352.84,117372.18472,1.0,,0.0
2026-07-27,5.26,5.39,5.4,5.25,155223.0,82902.767,1.0,,0.0
2026-07-28,5.39,5.4,5.43,5.34,137227.0,74023.214,1.0,,0.0
2026-07-29,5.4,5.43,5.44,5.38,121100.94,65606.69146,1.0,,0.0
2026-07-30,5.42,5.42,5.48,5.4,151144.33,82158.26019,1.0,,0.0
2026-07-31,5.42,5.5,5.5,5.41,209566.02,114267.63424,1.0,,0.0
2026-08-03,5.65,5.6,5.77,5.59,536544.29,304177.34603,1.0,,0.0
2026-08-04,5.59,5.55,5.63,5.51,307045.83,170495.25499,1.0,,0.0
2026-08-05,5.53,5.5,5.54,5.45,269236.26,147598.45574,1.0,,0.0
2026-08-06,5.48,5.53,5.53,5.44,240737.0,132019.987,1.0,,0.0
2026-08-07,5.51,5.47,5.51,5.45,175768.95,96011.1537,1.0,,0.0
2026-08-10,5.47,5.48,5.5,5.45,132169.0,72409.607,1.0,,0.0
2026-08-11,5.48,5.59,5.71,5.44,333494.98,185165.99482,1.0,,0.0
2026-08-12,5.54,5.51,5.54,5.48,222506.3,122534.5397,1.0,0.4133,0.0
2026-08-13,5.49,5.46,5.5,5.46,151455.0,82896.054,1.0,0.28,0.0
2026-08-14,5.45,5.4,5.45,5.39,142340.1,77010.768,1.0,0.26,0.0
2026-08-17,5.38,5.4,5.4,5.35,105094.45,56523.47775,1.0,0.0,0.0
2026-08-18,5.39,5.36,5.4,5.35,93859.18,50377.82348,1.0,0.0,0.0
2026-08-19,5.34,5.26,5.37,5.23,202263.35,107031.66589,1.0,0.0,0.0
2026-08-20,5.26,5.28,5.32,5.26,102178.0,54056.521,1.0,0.0558,0.1898
2026-08-21,5.25,5.25,5.27,5.21,110899.0,58060.411,1.0,0.0605,0.206
2026-08-24,5.25,5.25,5.27,5.23,94061.0,49380.309,1.0,0.0514,0.1747
2026-08-25,5.25,5.31,5.32,5.24,103298.37,54590.43662,1.0,0.0564,0.1919
2026-08-26,5.3,5.34,5.35,5.29,95068.0,50673.99,1.0,0.0519,0.1766
2026-08-27,5.33,5.34,5.35,5.29,116330.8,61910.9232,1.0,0.0635,0.2161
2026-08-28,5.31,5.31,5.33,5.29,101778.0,54015.679,1.0,0.0556,0.1891
2026-08-31,5.3,5.27,5.31,5.23,138512.23,72772.09132,1.0,0.0756,0.2573
2026-09-01,5.26,5.28,5.3,5.26,106124.37,56090.18336,1.0,0.0579,0.1971
2026-09-02,5.28,5.26,5.3,5.24,102909.85,54198.9811,1.0,0.0562,0.1912
2026-09-03,5.26,5.24,5.29,5.24,85925.58,45163.13392,1.0,0.0469,0.1596
2026-09-04,5.25,5.25,5.28,5.24,106161.0,55873.632,1.0,0.058,0.1972
2026-09-07,5.26,5.27,5.27,5.24,78614.0,41351.756,1.0,0.0429,0.146
2026-09-08,5.27,5.31,5.31,5.26,116351.0,61551.969,1.0,0.0635,0.2161
2026-09-09,5.29,5.29,5.31,5.27,84647.0,44763.596,1.0,0.0462,0.1572
2026-09-10,5.29,5.3,5.31,5.27,79987.0,42352.485,1.0,0.0437,0.1486
2026-09-11,5.28,5.24,5.29,5.23,135784.13,71216.76412,1.0,0.0741,0.2522
2026-09-14,5.23,5.23,5.28,5.22,89102.0,46696.874,1.0,0.0486,0.1655
2026-09-15,5.22,5.11,5.25,5.05,215085.76,110932.05262,1.0,0.1174,0.3995
2026-09-16,5.1,5.07,5.13,5.05,126828.01,64401.22707,1.0,0.0692,0.2356
2026-09-17,5.06,5.05,5.1,5.01,98640.49,49762.25547,1.0,0.0539,0.1832
