date,open,close,high,low,volume,money,factor,turnover,turnover_free
2021-05-10,6.434,6.374,6.434,6.354,22563.0,15445.638,0.9318713450292396,,0.0
2021-05-11,6.364,6.404,6.424,6.324,24761.02,16943.801,0.9321688500727802,,0.0
2021-05-12,6.384,6.494,6.504,6.374,33291.63,23054.932,0.9330459770114944,,0.0
2021-05-13,6.464,6.474,6.524,6.434,22497.01,15612.494,0.9328530259365994,,0.0
2021-05-14,6.494,6.504,6.534,6.464,34123.02,23743.594,0.933142037302726,,0.0
2021-05-17,6.454,6.464,6.524,6.384,33319.02,23085.332,0.9327561327561328,,0.0
2021-05-18,6.464,6.464,6.474,6.404,19606.8,13539.491,0.9327561327561328,,0.0
2021-05-19,6.444,6.324,6.454,6.314,42728.0,29221.852,0.9313696612665684,,0.0
2021-05-20,6.284,6.254,6.334,6.234,33817.0,22762.195,0.930654761904762,,0.0
2021-05-21,6.274,6.264,6.284,6.234,20414.0,13725.599,0.9307578008915304,,0.0
2021-05-24,6.254,6.334,6.354,6.224,29784.46,20167.833,0.931470588235294,,0.0
2021-05-25,6.354,6.364,6.374,6.284,22887.23,15576.404,0.9317715959004392,,0.0
2021-05-26,6.374,6.384,6.424,6.364,29459.01,20222.767,0.931970802919708,,0.0
2021-05-27,6.374,6.384,6.424,6.343999999999999,21527.14,14744.807,0.931970802919708,,0.0
2021-05-28,6.374,6.343999999999999,6.414,6.334,28263.59,19288.338,0.9315712187958884,,0.0
2021-05-31,6.354,6.324,6.354,6.294,20333.0,13789.532,0.9313696612665684,,0.0
2021-06-01,6.334,6.354,6.364,6.294,17781.0,12092.076,0.9316715542521994,,0.0
2021-06-02,6.354,6.314,6.364,6.284,20260.0,13746.748,0.931268436578171,,0.0
2021-06-03,6.314,6.404,6.414,6.303999999999999,37590.38,25721.806,0.9321688500727802,,0.0
2021-06-04,6.452,6.352,6.462,6.3420000000000005,29270.01,20012.869,0.9341176470588236,,0.0
2021-06-07,6.3420000000000005,6.321999999999999,6.401999999999999,6.311999999999999,21352.92,14515.048,0.9338257016248152,,0.0
2021-06-08,6.292,6.311999999999999,6.352,6.2620000000000005,23303.0,15737.868,0.9337278106508876,,0.0
2021-06-09,6.311999999999999,6.321999999999999,6.352,6.292,16443.0,11139.435,0.9338257016248152,,0.0
2021-06-10,6.332000000000001,6.311999999999999,6.352,6.302,19604.05,13278.157,0.9337278106508876,,0.0
2021-06-11,6.321999999999999,6.252000000000001,6.3420000000000005,6.252000000000001,32212.15,21725.477,0.933134328358209,,0.0
2021-06-15,6.252000000000001,6.182,6.272,6.151999999999999,30191.95,20054.873,0.9324283559577676,,0.0
2021-06-16,6.162000000000001,6.151999999999999,6.202,6.151999999999999,16237.17,10745.002,0.932121212121212,,0.0
2021-06-17,6.151999999999999,6.162000000000001,6.222,6.122,28004.21,18550.906,0.9322239031770048,,0.0
2021-06-18,6.162000000000001,6.202,6.212,6.142,16008.58,10605.312,0.9326315789473684,,0.0
2021-06-21,6.212,6.222,6.231999999999999,6.172000000000001,16597.84,11038.255,0.9328335832083956,,0.0
2021-06-22,6.222,6.252000000000001,6.282,6.182,14361.3,9622.261,0.933134328358209,,0.0
2021-06-23,6.212,6.2620000000000005,6.292,6.212,24419.63,16362.357,0.9332339791356186,,0.0
2021-06-24,6.2620000000000005,6.311999999999999,6.332000000000001,6.222,39793.04,26708.045,0.9337278106508876,,0.0
2021-06-25,6.311999999999999,6.311999999999999,6.332000000000001,6.2620000000000005,25412.74,17132.653,0.9337278106508876,,0.0
2021-06-28,6.321999999999999,6.272,6.332000000000001,6.231999999999999,24291.0,16338.889,0.9333333333333336,,0.0
2021-06-29,6.2620000000000005,6.202,6.292,6.192,22074.86,14775.138,0.9326315789473684,,0.0
2021-06-30,6.212,6.212,6.231999999999999,6.182,17128.83,11395.103,0.9327327327327328,,0.0
2021-07-01,6.182,6.162000000000001,6.222,6.162000000000001,20850.78,13831.135,0.9322239031770048,,0.0
2021-07-02,6.151999999999999,6.162000000000001,6.252000000000001,6.142,15809.18,10484.122,0.9322239031770048,,0.0
2021-07-05,6.172000000000001,6.202,6.212,6.162000000000001,15897.0,10571.112,0.9326315789473684,,0.0
2021-07-06,6.202,6.212,6.242000000000001,6.172000000000001,17086.0,11354.598,0.9327327327327328,,0.0
2021-07-07,6.202,6.192,6.222,6.162000000000001,22144.01,14699.497,0.9325301204819276,,0.0
2021-07-08,6.192,6.071999999999999,6.222,6.052,40833.0,26765.398,0.9312883435582822,,0.0
2021-07-09,6.071999999999999,6.071999999999999,6.082000000000001,6.032,27158.69,17639.416,0.9312883435582822,,0.0
2021-07-12,6.0920000000000005,6.112,6.151999999999999,6.082000000000001,20399.01,13399.493,0.9317073170731708,,0.0
2021-07-13,6.112,6.102,6.122,6.052,19780.0,12943.569,0.9316030534351146,,0.0
2021-07-14,6.102,6.071999999999999,6.132,6.061999999999999,26971.0,17647.216,0.9312883435582822,,0.0
2021-07-15,6.0920000000000005,6.052,6.112,6.022,24366.6,15836.869,0.931076923076923,,0.0
2021-07-16,6.071999999999999,6.162000000000001,6.182,6.002000000000001,34025.84,22283.021,0.9322239031770048,,0.0
2021-07-19,6.122,6.182,6.231999999999999,6.061999999999999,31356.85,20658.661,0.9324283559577676,,0.0
2021-07-20,6.162000000000001,6.122,6.172000000000001,6.112,19158.1,12608.627,0.9318112633181126,,0.0
2021-07-21,6.142,6.102,6.162000000000001,6.071999999999999,19805.1,13000.941,0.9316030534351146,,0.0
2021-07-22,6.102,6.142,6.151999999999999,6.071999999999999,21161.17,13894.093,0.932018209408194,,0.0
2021-07-23,6.142,6.071999999999999,6.142,6.061999999999999,32091.89,20951.844,0.9312883435582822,,0.0
2021-07-26,6.052,5.981999999999999,6.071999999999999,5.972,28228.11,18232.312,0.930326594090202,,0.0
2021-07-27,5.981999999999999,5.912000000000001,6.022,5.912000000000001,21446.0,13750.13,0.9295597484276732,,0.0
2021-07-28,5.922000000000001,5.772,5.972,5.752000000000001,29405.7,18399.1,0.9279742765273312,,0.0
2021-07-29,5.821999999999999,5.772,5.832000000000001,5.742000000000001,24231.03,15088.976,0.9279742765273312,,0.0
2021-07-30,5.832000000000001,5.862,5.942,5.752000000000001,25974.3,16345.144,0.929001584786054,,0.0
2021-08-02,5.852,5.922000000000001,5.922000000000001,5.752000000000001,19369.01,12214.756,0.9296703296703296,,0.0
2021-08-03,5.901999999999999,5.912000000000001,5.981999999999999,5.852,17262.0,11012.662,0.9295597484276732,,0.0
2021-08-04,5.942,5.901999999999999,5.952,5.862,13031.0,8273.273,0.9294488188976378,,0.0
2021-08-05,5.901999999999999,5.892,5.932,5.852,14746.68,9335.044,0.9293375394321766,,0.0
2021-08-06,5.892,5.892,5.901999999999999,5.821999999999999,13000.58,8221.456,0.9293375394321766,,0.0
2021-08-09,5.882,5.952,5.952,5.872,15753.91,10056.45,0.93,,0.0
2021-08-10,5.962,5.972,5.992000000000001,5.922000000000001,16267.01,10409.031,0.9302180685358254,,0.0
2021-08-11,5.952,5.962,5.981999999999999,5.922000000000001,15269.9,9780.13,0.9301092043681748,,0.0
2021-08-12,5.962,5.972,5.992000000000001,5.932,15957.01,10244.45,0.9302180685358254,,0.0
2021-08-13,5.952,6.042,6.052,5.952,29072.1,18800.219,0.9309707241910632,,0.0
2021-08-16,6.042,6.102,6.122,6.0120000000000005,22704.01,14792.154,0.9316030534351146,,0.0
2021-08-17,6.061999999999999,5.981999999999999,6.102,5.952,27602.0,17853.108,0.930326594090202,,0.0
2021-08-18,6.0120000000000005,6.0920000000000005,6.122,5.942,44459.11,28851.259,0.9314984709480124,,0.0
2021-08-19,6.071999999999999,6.022,6.112,5.992000000000001,27808.36,18023.703,0.930757341576507,,0.0
2021-08-20,6.0120000000000005,6.022,6.071999999999999,5.992000000000001,19648.7,12711.914,0.930757341576507,,0.0
2021-08-23,6.052,6.0920000000000005,6.112,6.032,25205.0,16458.324,0.9314984709480124,,0.0
2021-08-24,6.0920000000000005,6.132,6.162000000000001,6.082000000000001,33545.01,22065.509,0.9319148936170212,,0.0
2021-08-25,6.122,6.202,6.231999999999999,6.112,32613.05,21624.94,0.9326315789473684,,0.0
2021-08-26,6.202,6.212,6.272,6.192,38902.0,25964.268,0.9327327327327328,,0.0
2021-08-27,6.202,6.222,6.311999999999999,6.192,47842.1,32009.792,0.9328335832083956,,0.0
2021-08-30,6.2620000000000005,6.242000000000001,6.302,6.202,28875.98,19341.663,0.9330343796711512,,0.0
2021-08-31,6.231999999999999,6.222,6.231999999999999,6.151999999999999,30132.0,19994.67,0.9328335832083956,,0.0
2021-09-01,6.202,6.282,6.332000000000001,6.202,48571.6,32668.865,0.9334323922734026,,0.0
2021-09-02,6.252000000000001,6.302,6.302,6.242000000000001,34737.86,23319.849,0.9336296296296296,,0.0
2021-09-03,6.311999999999999,6.372,6.372,6.282,55096.88,37372.234,0.9343108504398826,,0.0
2021-09-06,6.372,6.401999999999999,6.432,6.3420000000000005,43972.83,30052.447,0.9345985401459852,,0.0
2021-09-07,6.401999999999999,6.422000000000001,6.432,6.362,44531.22,30494.581,0.9347889374090248,,0.0
2021-09-08,6.422000000000001,6.481999999999999,6.502000000000001,6.382,58204.6,40180.572,0.9353535353535352,,0.0
2021-09-09,6.522,6.5920000000000005,6.712,6.472,95642.99,67457.947,0.9363636363636364,,0.0
2021-09-10,6.612,6.462,6.692,6.432,86139.92,60307.694,0.9351664254703328,,0.0
2021-09-13,6.452,6.752000000000001,6.772,6.412000000000001,125453.86,89428.695,0.9377777777777778,,0.0
2021-09-14,6.712,6.552,6.712,6.542,75416.97,53340.641,0.936,,0.0
2021-09-15,6.542,6.571999999999999,6.642,6.5120000000000005,46502.29,32711.759,0.9361823361823362,,0.0
2021-09-16,6.561999999999999,6.481999999999999,6.752000000000001,6.452,71770.09,50575.501,0.9353535353535352,,0.0
2021-09-17,6.481999999999999,6.472,6.542,6.382,49985.92,34581.47,0.9352601156069364,,0.0
2021-09-22,6.442,6.612,6.622,6.392,51221.8,35736.572,0.936543909348442,,0.0
2021-09-23,6.622,6.642,6.672000000000001,6.582000000000001,46503.12,32921.763,0.9368124118476728,,0.0
2021-09-24,6.651999999999999,6.522,6.742000000000001,6.502000000000001,55995.27,39500.563,0.9357245337159256,,0.0
2021-09-27,6.542,6.2620000000000005,6.602,6.222,55378.2,37623.688,0.9332339791356186,,0.0
2021-09-28,6.2620000000000005,6.292,6.3420000000000005,6.212,31579.8,21246.62,0.9335311572700296,,0.0
2021-09-29,6.272,6.0920000000000005,6.302,6.071999999999999,45266.51,30011.054,0.9314984709480124,,0.0
2021-09-30,6.142,6.172000000000001,6.192,6.0920000000000005,23509.01,15507.825,0.9323262839879156,,0.0
2021-10-08,6.231999999999999,6.3420000000000005,6.382,6.202,34888.01,23617.572,0.9340206185567012,,0.0
2021-10-11,6.3420000000000005,6.362,6.401999999999999,6.282,28102.54,19090.045,0.934214390602056,,0.0
2021-10-12,6.392,6.272,6.412000000000001,6.202,31113.06,20934.127,0.9333333333333336,,0.0
2021-10-13,6.2620000000000005,6.192,6.321999999999999,6.112,32443.82,21467.699,0.9325301204819276,,0.0
2021-10-14,6.151999999999999,6.172000000000001,6.202,6.102,22256.32,14714.593,0.9323262839879156,,0.0
2021-10-15,6.172000000000001,6.061999999999999,6.202,6.042,31065.93,20271.276,0.9311827956989248,,0.0
2021-10-18,6.061999999999999,6.112,6.172000000000001,6.022,30082.25,19756.889,0.9317073170731708,,0.0
2021-10-19,6.112,6.122,6.151999999999999,6.0920000000000005,17205.17,11299.159,0.9318112633181126,,0.0
2021-10-20,6.112,6.0920000000000005,6.132,6.032,19424.03,12671.189,0.9314984709480124,,0.0
2021-10-21,6.0920000000000005,6.071999999999999,6.132,6.052,23190.45,15157.223,0.9312883435582822,,0.0
2021-10-22,6.052,5.922000000000001,6.112,5.912000000000001,34212.0,22005.513,0.9296703296703296,,0.0
2021-10-25,5.952,5.942,5.952,5.862,17719.0,11260.207,0.9298904538341158,,0.0
2021-10-26,5.912000000000001,5.912000000000001,5.972,5.882,20400.09,13002.914,0.9295597484276732,,0.0
2021-10-27,5.912000000000001,5.8420000000000005,5.952,5.811999999999999,23519.46,14821.162,0.9287758346581876,,0.0
2021-10-28,5.821999999999999,5.772,5.852,5.752000000000001,23143.65,14413.759,0.9279742765273312,,0.0
2021-10-29,5.782,5.892,5.892,5.772,20098.49,12643.946,0.9293375394321766,,0.0
2021-11-01,5.892,5.912000000000001,5.942,5.8420000000000005,22259.01,14129.49,0.9295597484276732,,0.0
2021-11-02,5.912000000000001,6.552,6.552,5.882,251522.89,171244.575,0.936,,0.0
2021-11-03,6.252000000000001,6.702,7.052,6.252000000000001,301203.71,213102.485,0.9373426573426572,,0.0
2021-11-04,6.651999999999999,6.622,6.7620000000000005,6.552,151852.48,107618.979,0.9366336633663366,,0.0
2021-11-05,6.622,6.462,6.672000000000001,6.442,103894.13,72358.986,0.9351664254703328,,0.0
2021-11-08,6.412000000000001,6.462,6.5120000000000005,6.382,71088.52,48913.398,0.9351664254703328,,0.0
2021-11-09,6.422000000000001,6.392,6.472,6.321999999999999,68881.41,47089.085,0.9345029239766082,,0.0
2021-11-10,6.412000000000001,6.422000000000001,6.502000000000001,6.332000000000001,70594.18,48463.307,0.9347889374090248,,0.0
2021-11-11,6.412000000000001,6.452,6.502000000000001,6.382,62642.58,43101.059,0.935072463768116,,0.0
2021-11-12,6.401999999999999,6.412000000000001,6.452,6.252000000000001,62145.1,42442.184,0.9346938775510204,,0.0
2021-11-15,6.412000000000001,6.582000000000001,6.632,6.382,103063.21,72005.483,0.9362731152204836,,0.0
2021-11-16,6.582000000000001,6.442,6.642,6.382,70195.18,48795.786,0.934978229317852,,0.0
2021-11-17,6.401999999999999,6.432,6.462,6.392,37730.0,25965.084,0.9348837209302326,,0.0
2021-11-18,6.462,6.362,6.472,6.3420000000000005,38580.0,26446.757,0.934214390602056,,0.0
2021-11-19,6.372,6.942,7.032,6.372,287783.88,209044.031,0.9393775372124492,,0.0
2021-11-22,6.962,6.731999999999999,7.0920000000000005,6.712,163132.33,118865.926,0.9376044568245124,,0.0
2021-11-23,6.802,6.752000000000001,6.802,6.682,68313.37,49083.082,0.9377777777777778,,0.0
2021-11-24,6.702,6.8420000000000005,7.022,6.651999999999999,132452.28,96610.949,0.9385459533607684,,0.0
2021-11-25,6.7620000000000005,6.811999999999999,6.992000000000001,6.731999999999999,97081.05,70637.04,0.9382920110192836,,0.0
2021-11-26,6.7620000000000005,6.872,6.972,6.722,122558.04,89572.803,0.9387978142076502,,0.0
2021-11-29,6.782,7.061999999999999,7.221999999999999,6.682,246047.02,181854.922,0.94034620505992,,0.0
2021-11-30,6.962,7.022,7.352,6.901999999999999,252554.93,190243.037,0.9400267737617136,,0.0
2021-12-01,7.0120000000000005,6.981999999999999,7.071999999999999,6.912000000000001,106636.81,79313.578,0.9397039030955584,,0.0
2021-12-02,7.032,6.852,7.032,6.8420000000000005,91409.59,67412.09,0.9386301369863016,,0.0
2021-12-03,6.952,7.042,7.352,6.932,244653.43,185156.232,0.9401869158878504,,0.0
2021-12-06,7.002000000000001,6.811999999999999,7.102,6.772,140838.8,103988.83,0.9382920110192836,,0.0
2021-12-07,6.892,6.772,6.901999999999999,6.682,84853.24,61118.056,0.9379501385041552,,0.0
2021-12-08,6.772,6.802,6.832000000000001,6.662000000000001,61204.8,44161.388,0.938206896551724,,0.0
2021-12-09,6.811999999999999,6.892,6.992000000000001,6.782,73964.72,54314.782,0.9389645776566756,,0.0
2021-12-10,6.8420000000000005,6.8420000000000005,6.972,6.792,60748.11,44507.697,0.9385459533607684,,0.0
2021-12-13,6.852,6.811999999999999,6.952,6.792,69841.0,51066.031,0.9382920110192836,,0.0
2021-12-14,6.811999999999999,6.651999999999999,6.872,6.642,81531.01,58525.649,0.936901408450704,,0.0
2021-12-15,6.651999999999999,6.672000000000001,6.772,6.632,55122.53,39353.676,0.9370786516853932,,0.0
2021-12-16,6.692,6.7620000000000005,6.8420000000000005,6.632,72100.78,51947.536,0.937864077669903,,0.0
2021-12-17,6.722,6.872,6.952,6.702,93381.92,68348.488,0.9387978142076502,,0.0
2021-12-20,6.852,7.372,7.422000000000001,6.821999999999999,275018.46,210154.516,0.9427109974424552,,0.0
2021-12-21,7.231999999999999,7.462,7.502000000000001,7.212,172233.75,134578.484,0.9433628318584072,,0.0
2021-12-22,7.362,7.221999999999999,7.401999999999999,7.122,140534.06,107840.741,0.9415906127770534,,0.0
2021-12-23,7.231999999999999,7.192,7.401999999999999,7.162000000000001,106385.27,81941.534,0.9413612565445026,,0.0
2021-12-24,7.221999999999999,7.061999999999999,7.252000000000001,7.052,84177.81,63781.228,0.94034620505992,,0.0
2021-12-27,7.052,7.192,7.302,7.042,73655.63,56226.92,0.9413612565445026,,0.0
2021-12-28,7.202,7.172000000000001,7.262,7.112,63452.05,48430.18,0.9412073490813648,,0.0
2021-12-29,7.192,7.332000000000001,7.382,7.132,94801.67,73284.717,0.9424164524421594,,0.0
2021-12-30,7.272,7.132,7.432,7.102,210117.99,161122.089,0.9408970976253298,,0.0
2021-12-31,7.102,7.071999999999999,7.262,7.002000000000001,123346.5,93380.185,0.9404255319148936,,0.0
2022-01-04,7.112,7.401999999999999,7.712,7.082000000000001,331722.22,262918.908,0.9429299363057324,,0.0
2022-01-05,7.471999999999999,7.401999999999999,7.502000000000001,7.321999999999999,128308.46,100711.356,0.9429299363057324,,0.0
2022-01-06,7.332000000000001,7.522,7.552,7.332000000000001,97088.51,77104.728,0.9437892095357592,,0.0
2022-01-07,7.542,7.391999999999999,7.571999999999999,7.342,76025.97,60012.874,0.9428571428571428,,0.0
2022-01-10,7.422000000000001,7.321999999999999,7.452,7.212,71278.38,55289.696,0.9423423423423424,,0.0
2022-01-11,7.311999999999999,7.321999999999999,7.432,7.282,56046.32,43794.833,0.9423423423423424,,0.0
2022-01-12,7.332000000000001,7.302,7.382,7.202,59509.55,45951.452,0.9421935483870968,,0.0
2022-01-13,7.292,7.552,7.591999999999999,7.202,121462.91,95076.052,0.944,,0.0
2022-01-14,7.462,6.972,7.571999999999999,6.892,242603.44,184548.569,0.939622641509434,,0.0
2022-01-17,6.962,7.042,7.262,6.892,117248.88,88091.036,0.9401869158878504,,0.0
2022-01-18,7.071999999999999,7.052,7.192,6.942,71058.31,53227.238,0.9402666666666666,,0.0
2022-01-19,7.052,7.262,7.522,7.0120000000000005,159223.43,123424.079,0.94189364461738,,0.0
2022-01-20,7.342,7.0120000000000005,7.362,7.0120000000000005,95875.2,72646.974,0.939946380697051,,0.0
2022-01-21,7.052,7.052,7.122,6.942,62957.7,47119.564,0.9402666666666666,,0.0
2022-01-24,7.002000000000001,6.682,7.071999999999999,6.602,122280.01,88301.937,0.9371669004207576,,0.0
2022-01-25,6.672000000000001,6.311999999999999,6.722,6.311999999999999,124163.53,86088.904,0.9337278106508876,,0.0
2022-01-26,6.332000000000001,6.542,6.672000000000001,6.332000000000001,86832.0,60354.902,0.9359084406294708,,0.0
2022-01-27,6.481999999999999,6.472,6.602,6.442,56720.0,39453.847,0.9352601156069364,,0.0
2022-01-28,6.552,6.672000000000001,6.702,6.462,72986.87,51448.104,0.9370786516853932,,0.0
2022-02-07,6.742000000000001,7.042,7.231999999999999,6.662000000000001,161354.69,120311.984,0.9401869158878504,,0.0
2022-02-08,7.032,7.332000000000001,7.372,6.981999999999999,136503.43,105117.196,0.9424164524421594,,0.0
2022-02-09,7.382,7.242000000000001,7.382,7.162000000000001,79897.92,61473.406,0.9417425227568272,,0.0
2022-02-10,7.242000000000001,7.292,7.332000000000001,7.182,70543.93,54424.646,0.9421188630490956,,0.0
2022-02-11,7.321999999999999,7.262,7.401999999999999,7.212,98311.1,76170.144,0.94189364461738,,0.0
2022-02-14,7.202,7.151999999999999,7.302,7.082000000000001,92071.19,69973.151,0.9410526315789474,,0.0
2022-02-15,7.231999999999999,7.002000000000001,7.231999999999999,6.901999999999999,88694.0,66090.071,0.9398657718120806,,0.0
2022-02-16,7.032,7.071999999999999,7.142,7.002000000000001,54778.0,41087.404,0.9404255319148936,,0.0
2022-02-17,7.052,7.022,7.0920000000000005,6.952,68559.86,51201.993,0.9400267737617136,,0.0
2022-02-18,6.972,7.262,7.282,6.942,111106.69,84869.188,0.94189364461738,,0.0
2022-02-21,7.231999999999999,7.192,7.242000000000001,7.142,64139.97,48869.718,0.9413612565445026,,0.0
2022-02-22,7.142,7.002000000000001,7.172000000000001,6.981999999999999,78053.71,58554.64,0.9398657718120806,,0.0
2022-02-23,7.022,6.962,7.071999999999999,6.952,87215.0,64883.328,0.939541160593792,,0.0
2022-02-24,6.942,6.622,6.962,6.5920000000000005,182392.29,131131.413,0.9366336633663366,,0.0
2022-02-25,6.702,7.061999999999999,7.142,6.702,193508.0,143881.521,0.94034620505992,,0.0
2022-02-28,7.102,7.202,7.352,6.932,205028.79,155380.837,0.941437908496732,,0.0
2022-03-01,7.071999999999999,7.302,7.311999999999999,7.032,146198.81,111663.904,0.9421935483870968,,0.0
2022-03-02,7.262,7.782,8.042,7.182,365492.71,296178.071,0.945565006075334,,0.0
2022-03-03,7.782,7.971999999999999,8.091999999999999,7.682,307694.31,256731.488,0.946793349168646,,0.0
2022-03-04,7.821999999999999,7.641999999999999,7.942,7.571999999999999,241159.96,196587.332,0.9446229913473424,,0.0
2022-03-07,7.552,7.422000000000001,7.682,7.372,144465.0,114378.053,0.9430749682337992,,0.0
2022-03-08,7.522,7.262,7.522,7.221999999999999,123012.91,95621.032,0.94189364461738,,0.0
2022-03-09,7.321999999999999,7.132,7.382,6.782,120203.01,91283.485,0.9408970976253298,,0.0
2022-03-10,7.252000000000001,7.202,7.412000000000001,7.162000000000001,106299.01,82123.679,0.941437908496732,,0.0
2022-03-11,7.162000000000001,7.342,7.352,6.981999999999999,99714.8,75821.272,0.9424903722721438,,0.0
2022-03-14,7.252000000000001,7.221999999999999,7.692,7.202,158388.97,124749.526,0.9415906127770534,,0.0
2022-03-15,7.221999999999999,6.561999999999999,7.332000000000001,6.552,169475.01,124648.984,0.9360912981455064,,0.0
2022-03-16,6.682,6.811999999999999,6.892,6.561999999999999,133786.29,96399.067,0.9382920110192836,,0.0
2022-03-17,6.892,6.772,7.071999999999999,6.752000000000001,132703.8,97408.808,0.9379501385041552,,0.0
2022-03-18,6.702,6.872,6.932,6.692,97220.26,70959.018,0.9387978142076502,,0.0
2022-03-21,6.872,6.811999999999999,6.952,6.712,118663.34,86307.657,0.9382920110192836,,0.0
2022-03-22,6.752000000000001,6.752000000000001,6.832000000000001,6.672000000000001,68369.89,49236.504,0.9377777777777778,,0.0
2022-03-23,6.792,6.742000000000001,6.802,6.692,85358.93,61340.261,0.93769123783032,,0.0
2022-03-24,6.731999999999999,6.852,6.952,6.682,133837.22,97730.21,0.9386301369863016,,0.0
2022-03-25,6.8420000000000005,6.901999999999999,6.952,6.742000000000001,98275.49,71775.276,0.939047619047619,,0.0
2022-03-28,6.802,6.942,6.981999999999999,6.712,90776.65,66389.447,0.9393775372124492,,0.0
2022-03-29,6.942,6.952,7.071999999999999,6.872,85209.32,63254.012,0.9394594594594594,,0.0
2022-03-30,7.042,7.082000000000001,7.142,6.942,88727.96,66656.098,0.9405046480743692,,0.0
2022-03-31,7.082000000000001,7.252000000000001,7.372,7.071999999999999,135661.22,104782.831,0.941818181818182,,0.0
2022-04-01,7.172000000000001,7.692,7.751999999999999,7.162000000000001,250636.15,201676.718,0.9449631449631448,,0.0
2022-04-06,7.571999999999999,7.692,7.692,7.401999999999999,204267.08,163679.084,0.9449631449631448,,0.0
2022-04-07,7.561999999999999,7.282,7.591999999999999,7.252000000000001,165520.73,129901.522,0.9420439844760672,,0.0
2022-04-08,7.372,7.462,7.561999999999999,7.102,161648.92,125741.706,0.9433628318584072,,0.0
2022-04-11,7.492000000000001,7.432,7.682,7.352,156206.27,124200.62,0.9431472081218276,,0.0
2022-04-12,7.302,8.222,8.222,7.272,178694.93,147577.367,0.948327566320646,,0.0
2022-04-13,9.092,9.092,9.092,8.802,716149.06,681102.291,0.9530398322851152,,0.0
2022-04-14,9.092,8.212,9.502,8.142,953835.89,885228.02,0.9482678983833718,,0.0
2022-04-15,7.692,7.772,8.102,7.571999999999999,645948.04,530431.229,0.9454987834549878,,0.0
2022-04-18,7.622,7.811999999999999,8.072,7.591999999999999,370775.65,307941.343,0.9457627118644067,,0.0
2022-04-19,7.857,7.687,7.987000000000001,7.537,279699.78,227796.859,0.951361386138614,,0.0
2022-04-20,7.646999999999999,7.357,7.787,7.267,302064.24,238461.588,0.9492903225806452,,0.0
2022-04-21,7.207,7.007000000000001,7.377,6.957,268279.16,201963.763,0.946891891891892,,0.0
2022-04-22,6.907,7.037,7.207,6.817,198121.45,148423.794,0.9471063257065948,,0.0
2022-04-25,6.907,6.487,6.9670000000000005,6.457,226602.93,160802.077,0.9428779069767442,,0.0
2022-04-26,6.537,6.337000000000001,6.667,6.257000000000001,187898.55,129488.842,0.9416047548291232,,0.0
2022-04-27,6.287,6.447,6.4670000000000005,6.127,167566.72,112554.483,0.9425438596491228,,0.0
2022-04-28,6.407,6.267,6.547000000000001,6.147,152630.13,102717.15,0.940990990990991,,0.0
2022-04-29,6.277,6.4670000000000005,6.507000000000001,6.267,149170.84,101228.093,0.9427113702623908,,0.0
2022-05-05,6.4670000000000005,6.547000000000001,6.607,6.3870000000000005,159279.66,110186.065,0.943371757925072,,0.0
2022-05-06,6.357,6.367,6.437,6.227,155037.59,104234.926,0.9418639053254438,,0.0
2022-05-09,6.367,6.537,6.557,6.347,121173.44,83542.243,0.9432900432900432,,0.0
2022-05-10,6.457,6.657,6.667,6.377,140750.94,97409.181,0.9442553191489362,,0.0
2022-05-11,6.787,6.657,6.947,6.657,226277.49,162650.575,0.9442553191489362,,0.0
2022-05-12,6.607,6.907,7.167,6.587000000000001,232806.73,168879.906,0.946164383561644,,0.0
2022-05-13,6.9670000000000005,7.087000000000001,7.1770000000000005,6.857,214570.14,158849.95,0.9474598930481284,,0.0
2022-05-16,7.057,7.267,7.357,6.977,226254.06,171877.533,0.9486945169712794,,0.0
2022-05-17,7.317,7.157,7.337000000000001,7.037,179323.99,135086.651,0.9479470198675496,,0.0
2022-05-18,7.157,7.207,7.307,7.087000000000001,137834.93,104754.185,0.9482894736842106,,0.0
2022-05-19,7.037,7.497,7.757000000000001,6.987,249822.97,194336.156,0.9501901140684412,,0.0
2022-05-20,7.407,7.387,7.537,7.327,161312.56,125492.978,0.9494858611825192,,0.0
2022-05-23,7.327,7.447,7.497,7.307,124648.43,97412.995,0.949872448979592,,0.0
2022-05-24,7.437,7.157,7.507000000000001,7.147,153864.77,119062.474,0.9479470198675496,,0.0
2022-05-25,7.1770000000000005,7.677,7.827000000000001,7.1770000000000005,321331.96,257109.223,0.9513011152416356,,0.0
2022-05-26,7.627,8.126999999999999,8.487,7.577,580157.99,492513.743,0.9538732394366196,,0.0
2022-05-27,7.907000000000001,8.007,8.327,7.857,420031.23,352966.696,0.9532142857142856,,0.0
2022-05-30,7.997000000000001,7.877,8.077,7.827000000000001,203780.55,169424.907,0.9524788391777508,,0.0
2022-05-31,7.927,8.017,8.216999999999999,7.767,260220.83,219602.942,0.953269916765755,,0.0
2022-06-01,8.017,8.857,8.857,8.017,223429.77,201398.825,0.9575135135135134,,0.0
2022-06-02,8.796999999999999,8.327,8.796999999999999,8.056999999999999,538419.58,465576.571,0.9549311926605504,,0.0
2022-06-06,9.197,7.917000000000001,9.197,7.887,621977.93,550959.877,0.9527075812274368,,0.0
2022-06-07,7.707,8.007,8.187,7.517,479366.02,395535.457,0.9532142857142856,,0.0
2022-06-08,7.806999999999999,7.827000000000001,8.017,7.637,317997.85,260010.611,0.952189781021898,,0.0
2022-06-09,7.767,7.537,7.837000000000001,7.457,235231.34,188097.895,0.9504413619167718,,0.0
2022-06-10,7.517,7.737000000000001,7.857,7.457,212600.16,172733.252,0.951660516605166,,0.0
2022-06-13,7.667000000000001,7.587000000000001,7.847,7.467,176643.0,141421.477,0.950751879699248,,0.0
2022-06-14,7.497,7.567,7.567,7.287,143697.11,112609.8,0.9506281407035176,,0.0
2022-06-15,7.547000000000001,7.477,7.627,7.477,158562.7,126226.877,0.9500635324015247,,0.0
2022-06-16,7.457,7.427,7.557,7.397,124074.18,97413.197,0.9497442455242968,,0.0
2022-06-17,7.397,7.377,7.407,7.217,128789.33,99581.2,0.9494208494208496,,0.0
2022-06-20,7.377,7.497,7.527,7.357,125478.48,98369.854,0.9501901140684412,,0.0
2022-06-21,7.457,7.547000000000001,7.646999999999999,7.417,138864.39,109972.503,0.9505037783375316,,0.0
2022-06-22,7.527,7.387,7.637,7.387,137037.83,108456.539,0.9494858611825192,,0.0
2022-06-23,7.357,7.487,7.497,7.307,90861.0,71050.517,0.9501269035532997,,0.0
2022-06-24,7.437,7.487,7.547000000000001,7.437,102235.51,80582.504,0.9501269035532997,,0.0
2022-06-27,7.487,7.537,7.567,7.427,86620.97,68519.068,0.9504413619167718,,0.0
2022-06-28,7.537,7.617,7.627,7.507000000000001,111214.08,88652.146,0.950936329588015,,0.0
2022-06-29,7.597,7.557,7.707,7.537,110357.71,88449.5,0.9505660377358492,,0.0
2022-06-30,7.557,7.507000000000001,7.587000000000001,7.477,101085.75,80094.782,0.950253164556962,,0.0
2022-07-01,7.517,7.437,7.517,7.387,83131.81,65189.671,0.949808429118774,,0.0
2022-07-04,7.427,7.407,7.427,7.337000000000001,68769.04,53414.109,0.9496153846153846,,0.0
2022-07-05,7.437,7.427,7.646999999999999,7.337000000000001,108507.43,85398.016,0.9497442455242968,,0.0
2022-07-06,7.387,7.127,7.417,7.037,133608.79,100967.312,0.9477393617021276,,0.0
2022-07-07,7.097,7.227,7.317,7.097,76456.16,58301.054,0.9484251968503936,,0.0
2022-07-08,7.247,7.317,7.387,7.247,61729.0,47609.844,0.9490272373540856,,0.0
2022-07-11,7.397,7.417,7.497,7.167,89218.1,69251.879,0.9496798975672216,,0.0
2022-07-12,7.407,7.367,7.467,7.327,68247.37,53154.93,0.9493556701030929,,0.0
2022-07-13,7.377,7.657000000000001,7.657000000000001,7.377,170987.95,135971.069,0.9511801242236024,,0.0
2022-07-14,7.597,7.537,7.637,7.457,100358.51,79401.018,0.9504413619167718,,0.0
2022-07-15,7.537,7.497,7.637,7.407,125264.56,99401.609,0.9501901140684412,,0.0
2022-07-18,7.497,7.726999999999999,7.757000000000001,7.457,138503.63,111835.441,0.9516009852216748,,0.0
2022-07-19,7.817000000000001,7.767,7.867,7.707,120998.34,98978.487,0.9518382352941176,,0.0
2022-07-20,7.767,7.767,7.817000000000001,7.717,103963.31,84856.773,0.9518382352941176,,0.0
2022-07-21,7.797,7.677,7.857,7.667000000000001,79631.86,64586.537,0.9513011152416356,,0.0
2022-07-22,7.687,7.687,7.797,7.577,79367.56,64111.37,0.951361386138614,,0.0
2022-07-25,7.687,7.697,7.817000000000001,7.637,85315.61,69328.057,0.9514215080346108,,0.0
2022-07-26,7.707,7.827000000000001,7.827000000000001,7.657000000000001,82782.01,67549.165,0.952189781021898,,0.0
2022-07-27,7.767,7.747000000000001,7.817000000000001,7.687,68338.3,55603.511,0.9517199017199016,,0.0
2022-07-28,7.747000000000001,7.747000000000001,7.806999999999999,7.697,74672.6,60859.779,0.9517199017199016,,0.0
2022-07-29,7.787,7.607,7.806999999999999,7.597,72810.28,58815.674,0.950875,,0.0
2022-08-01,7.607,7.617,7.757000000000001,7.547000000000001,62508.0,50057.47,0.950936329588015,,0.0
2022-08-02,7.587000000000001,7.397,8.146999999999998,7.107,359711.31,289303.387,0.949550706033376,,0.0
2022-08-03,7.247,7.637,8.167,7.217,330894.61,266093.829,0.9510585305105852,,0.0
2022-08-04,7.517,7.307,7.557,7.237,226246.44,176024.624,0.948961038961039,,0.0
2022-08-05,7.267,7.367,7.367,7.107,131981.18,100613.333,0.9493556701030929,,0.0
2022-08-08,7.367,7.877,8.136999999999999,7.267,369662.01,304854.663,0.9524788391777508,,0.0
2022-08-09,7.947,7.877,7.947,7.697,197508.16,161511.104,0.9524788391777508,,0.0
2022-08-10,7.947,7.937,8.157,7.787,213795.73,178403.127,0.9528211284513806,,0.0
2022-08-11,7.957,7.997000000000001,8.097,7.887,164129.55,137625.663,0.9531585220500596,,0.0
2022-08-12,7.947,7.917000000000001,8.067,7.907000000000001,156324.87,130918.174,0.9527075812274368,,0.0
2022-08-15,7.887,7.877,7.997000000000001,7.806999999999999,109169.58,90301.982,0.9524788391777508,,0.0
2022-08-16,7.887,8.067,8.116999999999999,7.867,148551.04,125085.793,0.95354609929078,,0.0
2022-08-17,7.957,7.976999999999999,8.067,7.857,134583.0,112051.708,0.9530465949820788,,0.0
2022-08-18,7.976999999999999,8.087,8.257,7.927,195413.73,166231.401,0.9536556603773584,,0.0
2022-08-19,8.077,8.197,8.327,8.007,219430.69,188575.048,0.9542491268917344,,0.0
2022-08-22,8.277,8.187,8.277,7.867,151460.29,128507.725,0.954195804195804,,0.0
2022-08-23,8.187,8.177,8.296999999999999,7.997000000000001,135868.77,115893.475,0.95414235705951,,0.0
2022-08-24,8.126999999999999,8.036999999999999,8.427,7.987000000000001,220240.61,189369.434,0.9533807829181494,,0.0
2022-08-25,8.036999999999999,8.286999999999999,8.407,7.917000000000001,276605.27,237887.605,0.9547235023041474,,0.0
2022-08-26,8.187,8.027,8.267,7.947,205062.78,174123.186,0.9533254156769596,,0.0
2022-08-29,7.787,7.947,7.987000000000001,7.767,111704.86,92668.042,0.9528776978417266,,0.0
2022-08-30,7.887,7.987000000000001,8.206999999999999,7.887,137162.0,115949.574,0.9531026252983292,,0.0
2022-08-31,7.976999999999999,7.667000000000001,8.017,7.617,121596.21,98778.885,0.951240694789082,,0.0
2022-09-01,7.737000000000001,7.747000000000001,7.937,7.697,93390.74,76514.589,0.9517199017199016,,0.0
2022-09-02,7.726999999999999,7.757000000000001,7.976999999999999,7.717,92388.96,75732.888,0.9517791411042944,,0.0
2022-09-05,7.797,7.997000000000001,8.077,7.767,119393.14,99770.237,0.9531585220500596,,0.0
2022-09-06,8.097,8.007,8.107,7.947,85764.05,71997.604,0.9532142857142856,,0.0
2022-09-07,8.067,7.827000000000001,8.067,7.757000000000001,115642.79,95251.832,0.952189781021898,,0.0
2022-09-08,7.817000000000001,7.737000000000001,7.867,7.687,89283.97,72804.454,0.951660516605166,,0.0
2022-09-09,7.737000000000001,7.687,7.896999999999999,7.667000000000001,85573.07,69621.436,0.951361386138614,,0.0
2022-09-13,7.707,7.607,7.757000000000001,7.547000000000001,91477.0,73439.629,0.950875,,0.0
2022-09-14,7.517,7.537,7.657000000000001,7.437,76768.75,60964.956,0.9504413619167718,,0.0
2022-09-15,7.547000000000001,7.337000000000001,7.637,7.257000000000001,97168.81,75756.791,0.9491591203104788,,0.0
2022-09-16,7.347,7.077,7.347,7.067,92448.69,70104.206,0.9473895582329318,,0.0
2022-09-19,7.097,7.027,7.147,6.9670000000000005,57519.13,42750.026,0.9470350404312669,,0.0
2022-09-20,7.067,7.067,7.207,7.047000000000001,64831.62,48709.678,0.947319034852547,,0.0
2022-09-21,7.067,7.237,7.287,6.937,83502.84,63129.451,0.9484927916120576,,0.0
2022-09-22,7.187,7.257000000000001,7.357,7.1370000000000005,74198.84,56634.83,0.948627450980392,,0.0
2022-09-23,7.287,7.147,7.347,7.087000000000001,64905.08,49248.175,0.9478779840848808,,0.0
2022-09-26,7.147,6.867,7.167,6.787,76593.66,56490.036,0.9458677685950414,,0.0
2022-09-27,6.877,7.027,7.037,6.807,65041.53,47718.207,0.9470350404312669,,0.0
2022-09-28,7.007000000000001,6.817,7.027,6.817,55652.55,40637.263,0.945492371705964,,0.0
2022-09-29,6.867,6.727,6.9270000000000005,6.687,69097.1,49689.868,0.9448033707865168,,0.0
2022-09-30,6.687,6.687,6.777,6.657,38990.01,27639.577,0.9444915254237288,,0.0
2022-10-10,6.737,6.687,6.787,6.647,60362.79,42950.608,0.9444915254237288,,0.0
2022-10-11,6.727,6.787,6.807,6.587000000000001,61291.48,43587.928,0.9452646239554318,,0.0
2022-10-12,6.767,6.917,6.917,6.727,72359.0,52287.71,0.9462380300957592,,0.0
2022-10-13,6.877,6.9270000000000005,6.997,6.847,65196.71,47610.238,0.946311475409836,,0.0
2022-10-14,6.987,7.017,7.097,6.9670000000000005,74691.97,55516.855,0.9469635627530364,,0.0
2022-10-17,6.997,7.097,7.147,6.937,67766.98,50496.227,0.9475300400534046,,0.0
2022-10-18,7.107,7.097,7.287,7.087000000000001,80409.87,60778.6,0.9475300400534046,,0.0
2022-10-19,7.077,7.207,7.307,7.077,102572.67,77970.237,0.9482894736842106,,0.0
2022-10-20,7.167,7.097,7.217,6.997,76640.46,57466.581,0.9475300400534046,,0.0
2022-10-21,7.107,7.217,7.327,7.107,99168.38,75671.158,0.9483574244415244,,0.0
2022-10-24,7.217,7.017,7.307,7.007000000000001,81138.36,61270.245,0.9469635627530364,,0.0
2022-10-25,7.007000000000001,6.987,7.087000000000001,6.867,69560.48,51202.183,0.9467479674796748,,0.0
2022-10-26,7.037,7.077,7.1770000000000005,6.947,64844.08,48403.308,0.9473895582329318,,0.0
2022-10-27,7.077,7.187,7.317,7.077,88507.77,67327.672,0.9481530343007916,,0.0
2022-10-28,7.117,6.957,7.157,6.937,78034.11,57861.837,0.946530612244898,,0.0
2022-10-31,6.877,6.857,6.9670000000000005,6.797000000000001,57314.15,41715.096,0.945793103448276,,0.0
2022-11-01,6.867,6.977,6.977,6.807,51206.35,37313.791,0.946675712347354,,0.0
2022-11-02,6.957,7.067,7.087000000000001,6.947,49511.7,36706.254,0.947319034852547,,0.0
2022-11-03,7.027,7.007000000000001,7.097,6.9670000000000005,35560.02,26378.127,0.946891891891892,,0.0
2022-11-04,7.057,7.097,7.127,7.007000000000001,48321.68,36062.305,0.9475300400534046,,0.0
2022-11-07,7.107,7.127,7.157,7.067,56774.85,42609.309,0.9477393617021276,,0.0
2022-11-08,7.087000000000001,7.107,7.127,7.037,43798.79,32743.646,0.9476,,0.0
2022-11-09,7.107,6.997,7.157,6.987,63210.24,46977.289,0.9468200270635996,,0.0
2022-11-10,6.9670000000000005,6.987,7.017,6.8870000000000005,53398.56,39199.625,0.9467479674796748,,0.0
2022-11-11,7.087000000000001,7.1370000000000005,7.167,7.017,86858.99,65068.923,0.947808764940239,,0.0
2022-11-14,7.127,7.117,7.207,7.077,64747.26,48788.652,0.9476697736351531,,0.0
2022-11-15,7.127,7.187,7.197,7.067,60724.0,45854.794,0.9481530343007916,,0.0
2022-11-16,7.207,7.197,7.247,7.157,64155.64,48747.61,0.948221343873518,,0.0
2022-11-17,7.1770000000000005,7.257000000000001,7.277,7.157,70258.0,53617.811,0.948627450980392,,0.0
2022-11-18,7.247,7.097,7.267,7.067,66666.0,50416.794,0.9475300400534046,,0.0
2022-11-21,7.077,6.9670000000000005,7.117,6.947,58693.17,43251.234,0.9466032608695653,,0.0
2022-11-22,7.007000000000001,6.977,7.097,6.957,62884.66,46557.72,0.946675712347354,,0.0
2022-11-23,6.997,6.997,7.037,6.937,55851.26,41169.102,0.9468200270635996,,0.0
2022-11-24,7.007000000000001,6.917,7.007000000000001,6.8870000000000005,48751.84,35774.086,0.9462380300957592,,0.0
2022-11-25,6.917,6.987,6.987,6.867,40631.25,29792.842,0.9467479674796748,,0.0
2022-11-28,7.077,7.237,7.257000000000001,6.907,204689.62,153516.753,0.9484927916120576,,0.0
2022-11-29,7.147,7.207,7.237,7.117,130069.0,98513.78,0.9482894736842106,,0.0
2022-11-30,7.1770000000000005,7.237,7.277,7.1770000000000005,96998.59,73985.044,0.9484927916120576,,0.0
2022-12-01,7.257000000000001,7.217,7.337000000000001,7.187,76317.84,58203.692,0.9483574244415244,,0.0
2022-12-02,7.187,7.187,7.217,7.127,49573.74,37470.953,0.9481530343007916,,0.0
2022-12-05,7.197,7.447,7.517,7.197,159583.95,123939.992,0.949872448979592,,0.0
2022-12-06,7.447,7.427,7.497,7.357,70364.75,54937.814,0.9497442455242968,,0.0
2022-12-07,7.407,7.387,7.497,7.317,79451.6,61774.304,0.9494858611825192,,0.0
2022-12-08,7.407,7.547000000000001,7.717,7.397,160528.01,127742.369,0.9505037783375316,,0.0
2022-12-09,7.547000000000001,7.447,7.637,7.377,97515.19,76613.384,0.949872448979592,,0.0
2022-12-12,7.377,7.287,7.437,7.267,70686.17,54558.544,0.948828125,,0.0
2022-12-13,7.357,7.427,7.487,7.307,79800.83,62417.537,0.9497442455242968,,0.0
2022-12-14,7.367,7.377,7.457,7.327,45823.03,35640.159,0.9494208494208496,,0.0
2022-12-15,7.377,7.267,7.387,7.217,56911.14,43651.342,0.9486945169712794,,0.0
2022-12-16,7.257000000000001,7.247,7.277,7.1370000000000005,48749.35,37049.026,0.9485602094240838,,0.0
2022-12-19,7.257000000000001,7.007000000000001,7.257000000000001,6.957,68437.0,50978.63,0.946891891891892,,0.0
2022-12-20,7.027,6.957,7.107,6.9270000000000005,43699.0,32289.732,0.946530612244898,,0.0
2022-12-21,6.957,7.007000000000001,7.047000000000001,6.937,30737.19,22672.796,0.946891891891892,,0.0
2022-12-22,6.987,6.847,7.067,6.817,41737.0,30634.279,0.9457182320441988,,0.0
2022-12-23,6.847,6.897,7.057,6.837000000000001,54354.48,39670.114,0.946090534979424,,0.0
2022-12-26,6.847,6.897,6.917,6.837000000000001,46838.08,34016.2,0.946090534979424,,0.0
2022-12-27,6.907,7.007000000000001,7.097,6.877,70766.08,52372.416,0.946891891891892,,0.0
2022-12-28,6.957,6.877,6.9670000000000005,6.847,52898.86,38545.523,0.945942228335626,,0.0
2022-12-29,6.827,6.727,6.857,6.707,55154.14,39469.441,0.9448033707865168,,0.0
2022-12-30,6.737,6.827,6.837000000000001,6.707,37152.58,26669.385,0.9455678670360111,,0.0
2023-01-03,6.837000000000001,6.897,6.897,6.797000000000001,39636.58,28724.217,0.946090534979424,,0.0
2023-01-04,6.907,6.907,6.9270000000000005,6.867,31579.04,23015.725,0.946164383561644,,0.0
2023-01-05,6.907,6.9270000000000005,6.997,6.847,53995.84,39426.307,0.946311475409836,,0.0
2023-01-06,6.907,6.867,6.917,6.837000000000001,46810.0,34018.035,0.9458677685950414,,0.0
2023-01-09,6.867,6.857,6.897,6.847,30441.0,22104.913,0.945793103448276,,0.0
2023-01-10,6.867,6.807,6.877,6.787,29928.0,21564.932,0.9454166666666668,,0.0
2023-01-11,6.777,6.777,6.827,6.767,25608.9,18407.318,0.9451882845188284,,0.0
2023-01-12,6.777,6.727,6.797000000000001,6.7170000000000005,31413.86,22420.853,0.9448033707865168,,0.0
2023-01-13,6.757000000000001,6.867,6.937,6.7170000000000005,76257.96,54910.413,0.9458677685950414,,0.0
2023-01-16,6.867,6.947,7.017,6.867,69234.29,50721.661,0.946457765667575,,0.0
2023-01-17,6.9670000000000005,6.897,6.9670000000000005,6.867,24822.0,18085.261,0.946090534979424,,0.0
2023-01-18,6.897,6.877,6.917,6.867,25649.6,18679.042,0.945942228335626,,0.0
2023-01-19,6.877,6.9270000000000005,6.947,6.857,28769.28,20999.121,0.946311475409836,,0.0
2023-01-20,6.937,7.267,7.387,6.917,191124.27,145130.008,0.9486945169712794,,0.0
2023-01-30,7.267,7.227,7.317,7.147,104213.96,79399.525,0.9484251968503936,,0.0
2023-01-31,7.247,7.307,7.327,7.207,84167.99,64758.522,0.948961038961039,,0.0
2023-02-01,7.297000000000001,7.337000000000001,7.337000000000001,7.267,47591.88,36674.556,0.9491591203104788,,0.0
2023-02-02,7.337000000000001,7.337000000000001,7.367,7.257000000000001,58297.25,44920.928,0.9491591203104788,,0.0
2023-02-03,7.347,7.267,7.347,7.227,33158.08,25397.192,0.9486945169712794,,0.0
2023-02-06,7.267,7.357,7.477,7.217,82291.96,63736.069,0.9492903225806452,,0.0
2023-02-07,7.267,7.737000000000001,7.896999999999999,7.267,214821.55,171850.176,0.951660516605166,,0.0
2023-02-08,7.507000000000001,7.407,7.597,7.377,188362.31,148217.083,0.9496153846153846,,0.0
2023-02-09,7.397,7.467,7.527,7.347,102580.98,80474.119,0.95,,0.0
2023-02-10,7.467,7.457,7.527,7.417,60984.9,47938.08,0.949936305732484,,0.0
2023-02-13,7.507000000000001,7.437,7.507000000000001,7.407,62835.0,49207.306,0.949808429118774,,0.0
2023-02-14,7.447,7.357,7.447,7.267,105878.8,81847.247,0.9492903225806452,,0.0
2023-02-15,7.377,7.297000000000001,7.387,7.287,51109.0,39398.742,0.9488946684005202,,0.0
2023-02-16,7.307,6.957,7.307,6.867,450408.45,337245.042,0.946530612244898,,0.0
2023-02-17,6.947,6.9270000000000005,7.007000000000001,6.897,165572.66,121434.252,0.946311475409836,,0.0
2023-02-20,6.9270000000000005,7.007000000000001,7.017,6.917,120972.45,88928.783,0.946891891891892,,0.0
2023-02-21,7.007000000000001,7.037,7.047000000000001,6.977,130376.38,96530.61,0.9471063257065948,,0.0
2023-02-22,6.997,7.037,7.057,6.977,95451.69,70761.693,0.9471063257065948,,0.0
2023-02-23,7.037,7.027,7.087000000000001,6.977,107680.36,80005.546,0.9470350404312669,,0.0
2023-02-24,7.027,6.987,7.057,6.957,82798.97,61181.526,0.9467479674796748,,0.0
2023-02-27,6.9670000000000005,7.007000000000001,7.017,6.9270000000000005,61349.0,45215.085,0.946891891891892,,0.0
2023-02-28,6.987,7.047000000000001,7.057,6.987,75976.75,56289.271,0.9471774193548388,,0.0
2023-03-01,7.037,7.097,7.117,7.037,120523.18,89998.612,0.9475300400534046,,0.0
2023-03-02,7.097,7.1770000000000005,7.257000000000001,7.067,188580.55,142769.216,0.9480845442536328,,0.0
2023-03-03,7.1770000000000005,7.247,7.287,7.127,146005.39,110953.568,0.9485602094240838,,0.0
2023-03-06,7.257000000000001,7.237,7.367,7.197,159798.33,122639.801,0.9484927916120576,,0.0
2023-03-07,7.257000000000001,7.207,7.357,7.207,169351.85,129997.058,0.9482894736842106,,0.0
2023-03-08,7.207,7.257000000000001,7.267,7.167,74246.72,56535.978,0.948627450980392,,0.0
2023-03-09,7.277,7.217,7.287,7.1770000000000005,56755.73,43287.576,0.9483574244415244,,0.0
2023-03-10,7.167,7.087000000000001,7.247,7.087000000000001,69220.08,52168.858,0.9474598930481284,,0.0
2023-03-13,7.097,7.187,7.187,7.057,73334.65,55079.581,0.9481530343007916,,0.0
2023-03-14,7.167,7.117,7.217,7.057,69514.56,52321.931,0.9476697736351531,,0.0
2023-03-15,7.117,7.297000000000001,7.307,7.117,155104.17,118477.008,0.9488946684005202,,0.0
2023-03-16,7.257000000000001,7.207,7.327,7.187,103406.0,78994.45,0.9482894736842106,,0.0
2023-03-17,7.247,7.297000000000001,7.317,7.217,135009.36,103601.209,0.9488946684005202,,0.0
2023-03-20,7.337000000000001,7.197,7.377,7.187,106246.1,81222.703,0.948221343873518,,0.0
2023-03-21,7.207,7.257000000000001,7.267,7.167,90066.0,68653.862,0.948627450980392,,0.0
2023-03-22,7.267,7.257000000000001,7.267,7.207,68955.39,52603.082,0.948627450980392,,0.0
2023-03-23,7.247,7.167,7.247,7.107,94943.18,71694.395,0.9480158730158732,,0.0
2023-03-24,7.167,7.057,7.167,7.057,84985.46,63635.18,0.9472483221476512,,0.0
2023-03-27,7.057,6.997,7.097,6.877,110776.0,81568.282,0.9468200270635996,,0.0
2023-03-28,7.027,6.917,7.027,6.907,68681.89,50420.122,0.9462380300957592,,0.0
2023-03-29,6.9270000000000005,6.827,6.937,6.817,102971.4,74695.379,0.9455678670360111,,0.0
2023-03-30,6.867,6.777,6.877,6.727,78669.98,56423.691,0.9451882845188284,,0.0
2023-03-31,6.797000000000001,6.817,6.837000000000001,6.747,61306.6,44146.365,0.945492371705964,,0.0
2023-04-03,6.817,6.8870000000000005,6.917,6.797000000000001,72980.72,53089.04,0.9460164835164836,,0.0
2023-04-04,6.897,6.897,6.977,6.857,76401.46,55806.569,0.946090534979424,,0.0
2023-04-06,6.877,6.787,6.8870000000000005,6.767,80111.21,57681.843,0.9452646239554318,,0.0
2023-04-07,6.817,6.827,6.837000000000001,6.767,57317.7,41259.396,0.9455678670360111,,0.0
2023-04-10,6.837000000000001,6.647,6.837000000000001,6.607,175104.75,124273.025,0.9441761363636364,,0.0
2023-04-11,6.6770000000000005,6.657,6.6770000000000005,6.587000000000001,63792.45,44827.616,0.9442553191489362,,0.0
2023-04-12,6.687,6.707,6.737,6.657,94070.19,66743.812,0.9446478873239436,,0.0
2023-04-13,6.707,6.697,6.737,6.667,78357.0,55588.146,0.9445698166431594,,0.0
2023-04-14,6.707,6.747,6.757000000000001,6.687,81558.69,58007.228,0.9449579831932772,,0.0
2023-04-17,6.737,7.457,7.457,6.697,715668.62,546506.309,0.949936305732484,,0.0
2023-04-18,7.477,7.357,7.537,7.307,624434.2,486479.177,0.9492903225806452,,0.0
2023-04-19,7.317,7.667000000000001,7.827000000000001,7.317,660422.88,526589.874,0.951240694789082,,0.0
2023-04-20,7.627,7.587000000000001,7.677,7.377,384034.94,304124.809,0.950751879699248,,0.0
2023-04-21,7.457,7.197,7.646999999999999,7.107,432750.06,334909.049,0.948221343873518,,0.0
2023-04-24,7.157,6.947,7.167,6.867,334026.42,246429.133,0.946457765667575,,0.0
2023-04-25,6.987,6.997,7.057,6.807,235133.67,172729.803,0.9468200270635996,,0.0
2023-04-26,6.917,6.877,7.007000000000001,6.837000000000001,211538.42,154288.261,0.945942228335626,,0.0
2023-04-27,6.857,6.897,6.947,6.767,165275.6,120020.002,0.946090534979424,,0.0
2023-04-28,6.937,7.147,7.187,6.8870000000000005,233935.89,173971.155,0.9478779840848808,,0.0
2023-05-04,7.097,7.347,7.407,7.047000000000001,247757.08,189915.53,0.9492248062015504,,0.0
2023-05-05,7.377,7.347,7.457,7.217,204055.31,157410.105,0.9492248062015504,,0.0
2023-05-08,7.337000000000001,7.487,7.547000000000001,7.327,302135.22,237598.817,0.9501269035532997,,0.0
2023-05-09,7.487,7.497,7.777,7.427,437359.38,348817.886,0.9501901140684412,,0.0
2023-05-10,7.377,7.457,7.646999999999999,7.327,243835.1,192392.649,0.949936305732484,,0.0
2023-05-11,7.427,7.407,7.477,7.307,146050.26,113754.68,0.9496153846153846,,0.0
2023-05-12,7.357,7.347,7.507000000000001,7.307,113801.07,88798.388,0.9492248062015504,,0.0
2023-05-15,7.507000000000001,7.427,7.507000000000001,7.207,160574.46,124093.182,0.9497442455242968,,0.0
2023-05-16,7.427,7.267,7.427,7.227,112740.89,86797.769,0.9486945169712794,,0.0
2023-05-17,7.257000000000001,7.337000000000001,7.397,7.147,125220.35,96088.466,0.9491591203104788,,0.0
2023-05-18,7.307,7.267,7.387,7.257000000000001,100636.15,77645.368,0.9486945169712794,,0.0
2023-05-19,7.227,7.167,7.307,7.147,102695.87,77971.972,0.9480158730158732,,0.0
2023-05-22,7.157,7.077,7.227,7.047000000000001,95868.91,72024.1,0.9473895582329318,,0.0
2023-05-23,7.067,7.027,7.147,6.997,100352.07,74844.687,0.9470350404312669,,0.0
2023-05-24,6.987,6.907,7.007000000000001,6.897,90737.46,66591.842,0.946164383561644,,0.0
2023-05-25,6.8870000000000005,6.9270000000000005,6.947,6.827,90940.54,66149.484,0.946311475409836,,0.0
2023-05-26,6.917,6.947,6.977,6.847,76013.17,55553.182,0.946457765667575,,0.0
2023-05-29,6.9270000000000005,6.957,7.007000000000001,6.917,92994.25,68399.563,0.946530612244898,,0.0
2023-05-30,6.937,6.937,6.957,6.837000000000001,85810.1,62521.992,0.9463847203274216,,0.0
2023-05-31,6.937,7.1370000000000005,7.217,6.917,161676.46,120425.761,0.947808764940239,,0.0
2023-06-01,7.107,7.287,7.347,7.057,158778.63,120991.864,0.948828125,,0.0
2023-06-02,7.287,7.227,7.347,7.207,110805.44,84781.555,0.9484251968503936,,0.0
2023-06-05,7.207,7.257000000000001,7.297000000000001,7.207,79666.82,60857.423,0.948627450980392,,0.0
2023-06-06,7.267,7.117,7.317,7.097,111384.72,84633.338,0.9476697736351531,,0.0
2023-06-07,7.097,7.377,7.557,7.097,247165.08,191987.855,0.9494208494208496,,0.0
2023-06-08,7.377,7.357,7.537,7.327,181268.26,141292.809,0.9492903225806452,,0.0
2023-06-09,7.347,7.287,7.457,7.267,155014.56,119838.32,0.948828125,,0.0
2023-06-12,7.287,7.377,7.417,7.247,122148.14,93670.773,0.9568093385214008,,0.0
2023-06-13,7.327,7.377,7.497,7.327,100910.42,78014.605,0.9568093385214008,,0.0
2023-06-14,7.357,7.357,7.417,7.306999999999999,79794.54,61393.729,0.9566970091027308,,0.0
2023-06-15,7.346999999999999,7.306999999999999,7.377,7.217,88809.73,67626.571,0.956413612565445,,0.0
2023-06-16,7.306999999999999,7.467,7.487,7.287,142519.43,110697.013,0.9573076923076924,,0.0
2023-06-19,7.457,7.266999999999999,7.457,7.226999999999999,140597.0,107357.5,0.9561842105263156,,0.0
2023-06-20,7.277,7.097,7.277,7.067,147466.94,110251.293,0.9551816958277254,,0.0
2023-06-21,7.107,7.017,7.147,6.997,77474.0,57206.692,0.9546938775510204,,0.0
2023-06-26,7.007,6.927,7.017,6.877,132241.64,96076.217,0.9541322314049586,,0.0
2023-06-27,6.927,7.346999999999999,7.417,6.907,269912.2,203764.675,0.956640625,,0.0
2023-06-28,7.377,7.607,7.727,7.247,456289.2,358091.373,0.9580604534005036,,0.0
2023-06-29,7.467,7.476999999999999,7.547,7.407,230653.0,179938.493,0.9573623559539052,,0.0
2023-06-30,7.547,7.447,7.547,7.417,124356.52,96874.138,0.95719794344473,,0.0
2023-07-03,7.457,7.436999999999999,7.537,7.417,132105.0,103208.738,0.9571428571428572,,0.0
2023-07-04,7.436999999999999,7.487,7.556999999999999,7.407,143843.11,112138.629,0.9574168797953964,,0.0
2023-07-05,7.467,7.497,7.547,7.377,108436.96,84750.134,0.957471264367816,,0.0
2023-07-06,7.516999999999999,7.507,7.617,7.436999999999999,119891.93,94041.496,0.9575255102040816,,0.0
2023-07-07,7.467,7.507,7.577,7.436999999999999,119603.85,94015.97,0.9575255102040816,,0.0
2023-07-10,7.476999999999999,7.577,7.577,7.417,151600.29,118849.251,0.9579013906447534,,0.0
2023-07-11,7.567,7.497,7.567,7.447,85635.76,67092.511,0.957471264367816,,0.0
2023-07-12,7.487,7.346999999999999,7.516999999999999,7.317,153646.87,118949.217,0.956640625,,0.0
2023-07-13,7.346999999999999,7.447,7.497,7.346999999999999,92996.84,72319.212,0.95719794344473,,0.0
2023-07-14,7.447,7.507,7.577,7.407,104625.23,82025.126,0.9575255102040816,,0.0
2023-07-17,7.507,7.407,7.507,7.337,78143.0,60254.437,0.9569767441860464,,0.0
2023-07-18,7.397,7.587,7.596999999999999,7.346999999999999,168743.75,132547.608,0.9579545454545454,,0.0
2023-07-19,7.567,7.647,7.766999999999999,7.537,216405.13,172324.98,0.9582706766917292,,0.0
2023-07-20,7.637,7.537,7.647,7.516999999999999,114956.01,90925.676,0.957687420584498,,0.0
2023-07-21,7.516999999999999,7.537,7.596999999999999,7.457,87854.92,69039.795,0.957687420584498,,0.0
2023-07-24,7.547,7.757,7.956999999999999,7.497,337372.48,273355.663,0.9588380716934488,,0.0
2023-07-25,7.766999999999999,7.807,7.817,7.686999999999999,232170.31,187767.239,0.9590909090909092,,0.0
2023-07-26,7.766999999999999,7.686999999999999,7.797000000000001,7.617,187109.63,150138.616,0.9584788029925186,,0.0
2023-07-27,7.706999999999999,7.657,7.776999999999999,7.637,125298.11,100719.919,0.9583229036295368,,0.0
2023-07-28,7.637,7.776999999999999,7.786999999999999,7.567,186899.58,150088.715,0.9589395807644884,,0.0
2023-07-31,7.766999999999999,7.786999999999999,7.817,7.706999999999999,167435.7,135609.279,0.9589901477832512,,0.0
2023-08-01,7.776999999999999,7.706999999999999,7.837,7.696999999999999,126421.33,102082.311,0.9585820895522388,,0.0
2023-08-02,7.717,7.747,7.817,7.647,143682.42,115582.608,0.9587871287128712,,0.0
2023-08-03,7.706999999999999,7.617,7.706999999999999,7.527,158503.0,125980.661,0.9581132075471698,,0.0
2023-08-04,7.627,7.556999999999999,7.657,7.537,119947.92,95068.946,0.9577946768060835,,0.0
2023-08-07,7.547,7.447,7.547,7.417,95891.02,74741.571,0.95719794344473,,0.0
2023-08-08,7.476999999999999,7.507,7.607,7.397,85628.42,67028.176,0.9575255102040816,,0.0
2023-08-09,7.457,7.547,7.677,7.427,129495.02,102082.921,0.957741116751269,,0.0
2023-08-10,7.577,7.596999999999999,7.667,7.516999999999999,109745.92,87165.808,0.9580075662042876,,0.0
2023-08-11,7.657,7.306999999999999,7.657,7.306999999999999,159143.07,123366.151,0.956413612565445,,0.0
2023-08-14,7.257,7.377,7.397,7.237,80547.08,61718.92,0.9568093385214008,,0.0
2023-08-15,7.357,7.377,7.407,7.287,56794.0,43672.883,0.9568093385214008,,0.0
2023-08-16,7.337,7.377,7.476999999999999,7.317,76853.9,59412.704,0.9568093385214008,,0.0
2023-08-17,7.337,7.537,7.537,7.277,91433.1,70924.87,0.957687420584498,,0.0
2023-08-18,7.527,7.497,7.677,7.497,152664.73,121043.755,0.957471264367816,,0.0
2023-08-21,7.527,7.297,7.587,7.287,146577.22,113848.435,0.956356487549148,,0.0
2023-08-22,7.387,7.297,7.387,7.157,111833.0,84783.395,0.956356487549148,,0.0
2023-08-23,7.257,7.107,7.297,7.097,87959.01,66071.156,0.9552419354838708,,0.0
2023-08-24,7.117,7.057,7.167,7.047,78983.15,58660.564,0.954939106901218,,0.0
2023-08-25,7.047,7.057,7.167,6.987,97853.85,72414.687,0.954939106901218,,0.0
2023-08-28,7.266999999999999,7.057,7.367,7.057,165826.12,124961.158,0.954939106901218,,0.0
2023-08-29,7.017,7.157,7.197,6.997,94004.3,70103.647,0.9555407209612816,,0.0
2023-08-30,7.157,7.017,7.217,6.997,135964.23,100752.111,0.9546938775510204,,0.0
2023-08-31,7.017,6.957,7.047,6.907,87221.2,63611.094,0.9543209876543208,,0.0
2023-09-01,6.987,7.097,7.097,6.936999999999999,109549.37,80634.047,0.9551816958277254,,0.0
2023-09-04,7.127,7.266999999999999,7.297,7.077,154470.56,116523.704,0.9561842105263156,,0.0
2023-09-05,7.257,7.287,7.367,7.137,134540.21,101981.94,0.9562992125984252,,0.0
2023-09-06,7.277,7.266999999999999,7.357,7.167,103364.66,78349.425,0.9561842105263156,,0.0
2023-09-07,7.247,7.207,7.447,7.197,160906.39,123271.642,0.9558355437665782,,0.0
2023-09-08,7.177,7.377,7.417,7.147,149354.97,114241.526,0.9568093385214008,,0.0
2023-09-11,7.377,7.457,7.487,7.297,183289.93,141569.092,0.9572528883183568,,0.0
2023-09-12,7.407,7.327,7.436999999999999,7.277,130613.22,100459.441,0.9565274151436032,,0.0
2023-09-13,7.757,7.577,8.057,7.567,1016096.21,825900.505,0.9579013906447534,,0.0
2023-09-14,7.427,7.137,7.556999999999999,7.117,575292.72,437761.807,0.955421686746988,,0.0
2023-09-15,7.127,7.127,7.247,7.087,289699.86,217147.214,0.955361930294906,,0.0
2023-09-18,7.097,7.147,7.177,7.017,234710.84,174248.874,0.95548128342246,,0.0
2023-09-19,7.107,7.137,7.237,7.097,156088.06,117128.209,0.955421686746988,,0.0
2023-09-20,7.117,7.017,7.127,7.007,111297.14,82285.446,0.9546938775510204,,0.0
2023-09-21,6.997,7.027,7.087,6.967,92104.55,67831.348,0.9547554347826088,,0.0
2023-09-22,7.017,7.127,7.137,6.997,117289.05,86809.536,0.955361930294906,,0.0
2023-09-25,7.097,7.057,7.137,7.027,87084.0,64502.144,0.954939106901218,,0.0
2023-09-26,7.057,7.027,7.127,7.017,148604.89,109898.579,0.9547554347826088,,0.0
2023-09-27,7.027,7.037,7.057,7.017,110836.17,81622.85,0.9548168249660788,,0.0
2023-09-28,7.037,7.047,7.077,7.027,66589.24,49158.855,0.9548780487804878,,0.0
2023-10-09,7.047,7.007,7.047,6.947,67841.24,49724.63,0.9546321525885558,,0.0
2023-10-10,7.007,6.947,7.037,6.927,102674.01,74845.663,0.9542582417582416,,0.0
2023-10-11,6.947,6.967,6.987,6.927,52718.38,38461.278,0.9543835616438356,,0.0
2023-10-12,6.976999999999999,7.017,7.027,6.967,64874.77,47612.697,0.9546938775510204,,0.0
2023-10-13,6.997,6.907,6.997,6.907,78502.0,57145.719,0.9540055248618784,,0.0
2023-10-16,6.907,6.976999999999999,6.997,6.907,65856.98,48021.847,0.9544459644322844,,0.0
2023-10-17,6.976999999999999,6.957,7.007,6.936999999999999,47591.0,34706.657,0.9543209876543208,,0.0
2023-10-18,6.957,6.677,6.957,6.627,172427.92,121867.166,0.9524964336661912,,0.0
2023-10-19,6.637,6.607,6.697,6.567,61419.71,42850.917,0.9520172910662824,,0.0
2023-10-20,6.607,6.597,6.637,6.557,49351.7,34192.772,0.951948051948052,,0.0
2023-10-23,6.587,6.377,6.587,6.367,81791.0,55446.462,0.9503725782414306,,0.0
2023-10-24,6.387,6.476999999999999,6.487,6.387,47252.3,32067.65,0.9511013215859032,,0.0
2023-10-25,6.517,6.527,6.577,6.517,56486.7,38860.263,0.951457725947522,,0.0
2023-10-26,6.487,6.567,6.577,6.476999999999999,42801.76,29406.297,0.9517391304347824,,0.0
2023-10-27,6.527,6.627,6.667,6.517,67379.0,46803.519,0.9521551724137932,,0.0
2023-10-30,6.627,6.637,6.647,6.587,50884.1,35398.603,0.9522238163558104,,0.0
2023-10-31,6.667,6.686999999999999,6.737,6.627,54931.01,38510.931,0.9525641025641024,,0.0
2023-11-01,6.677,6.677,6.707,6.647,32517.04,22789.611,0.9524964336661912,,0.0
2023-11-02,6.677,6.657,6.707,6.637,47159.0,33016.182,0.9523605150214592,,0.0
2023-11-03,6.677,6.726999999999999,6.747,6.627,57212.07,40214.745,0.9528328611898016,,0.0
2023-11-06,6.726999999999999,6.807,6.847,6.717,65183.07,46370.781,0.9533613445378152,,0.0
2023-11-07,6.777,6.797,6.807,6.726999999999999,54955.01,39041.029,0.9532959326788218,,0.0
2023-11-08,6.797,6.767,6.827,6.747,40665.64,28955.201,0.9530985915492958,,0.0
2023-11-09,6.747,6.787,6.807,6.747,38504.2,27361.154,0.9532303370786516,,0.0
2023-11-10,6.777,6.797,6.797,6.707,43653.0,30892.031,0.9532959326788218,,0.0
2023-11-13,6.817,6.857,6.867,6.777,56810.0,40677.12,0.9536856745479833,,0.0
2023-11-14,6.887,6.867,6.927,6.827,43725.0,31471.486,0.95375,,0.0
2023-11-15,6.887,6.927,6.957,6.847,76048.85,54976.472,0.9541322314049586,,0.0
2023-11-16,6.897,6.887,6.927,6.857,53488.91,38625.984,0.9538781163434904,,0.0
2023-11-17,6.877,6.957,6.987,6.857,80562.72,58601.166,0.9543209876543208,,0.0
2023-11-20,6.877,6.936999999999999,6.967,6.787,79195.08,57204.414,0.9541953232462173,,0.0
2023-11-21,6.936999999999999,6.887,6.957,6.877,55061.91,39954.778,0.9538781163434904,,0.0
2023-11-22,6.857,6.857,6.917,6.857,45480.52,32831.966,0.9536856745479833,,0.0
2023-11-23,6.877,6.936999999999999,6.936999999999999,6.837,54435.7,39437.97,0.9541953232462173,,0.0
2023-11-24,6.887,6.897,6.936999999999999,6.857,58956.7,42650.47,0.9539419087136928,,0.0
2023-11-27,6.867,6.897,6.917,6.827,47489.08,34244.129,0.9539419087136928,,0.0
2023-11-28,6.887,6.927,6.936999999999999,6.867,45460.56,32903.934,0.9541322314049586,,0.0
2023-11-29,6.917,6.887,6.947,6.867,61079.0,44213.96,0.9538781163434904,,0.0
2023-11-30,6.877,6.917,6.927,6.857,46444.0,33566.103,0.9540689655172414,,0.0
2023-12-01,6.917,6.936999999999999,6.976999999999999,6.897,72854.49,53066.59,0.9541953232462173,,0.0
2023-12-04,6.947,7.007,7.017,6.936999999999999,70378.58,51530.587,0.9546321525885558,,0.0
2023-12-05,7.017,6.897,7.017,6.887,66962.0,48772.963,0.9539419087136928,,0.0
2023-12-06,6.847,6.917,6.936999999999999,6.827,49923.99,36096.761,0.9540689655172414,,0.0
2023-12-07,6.907,6.917,6.927,6.857,44250.0,31976.661,0.9540689655172414,,0.0
2023-12-08,6.897,6.717,6.917,6.717,91223.01,65018.212,0.9527659574468084,,0.0
2023-12-11,6.717,6.817,6.827,6.657,56278.42,39884.613,0.9534265734265734,,0.0
2023-12-12,6.837,6.957,6.976999999999999,6.787,79866.78,57836.168,0.9543209876543208,,0.0
2023-12-13,6.936999999999999,6.936999999999999,7.007,6.907,75576.68,55148.516,0.9541953232462173,,0.0
2023-12-14,6.936999999999999,7.007,7.067,6.917,87578.2,64185.027,0.9546321525885558,,0.0
2023-12-15,6.997,6.967,7.027,6.927,63484.52,46281.502,0.9543835616438356,,0.0
2023-12-18,6.947,6.987,7.037,6.927,101858.64,74444.571,0.9545081967213116,,0.0
2023-12-19,6.967,6.877,6.976999999999999,6.807,91459.01,66092.562,0.9538141470180304,,0.0
2023-12-20,6.847,6.817,6.967,6.817,49458.01,35714.547,0.9534265734265734,,0.0
2023-12-21,6.797,6.957,6.997,6.707,105317.02,75907.988,0.9543209876543208,,0.0
2023-12-22,6.947,6.967,7.017,6.917,98375.0,71822.655,0.9543835616438356,,0.0
2023-12-25,6.936999999999999,6.837,6.947,6.787,59706.0,42814.847,0.9535564853556484,,0.0
2023-12-26,6.807,6.787,6.887,6.757,40651.0,28992.825,0.9532303370786516,,0.0
2023-12-27,6.757,6.787,6.807,6.707,46262.9,32804.474,0.9532303370786516,,0.0
2023-12-28,6.777,6.837,6.867,6.707,55753.35,39819.429,0.9535564853556484,,0.0
2023-12-29,6.817,6.837,6.867,6.787,60036.13,42969.323,0.9535564853556484,,0.0
2024-01-02,6.867,6.917,6.967,6.827,94814.0,68721.348,0.9540689655172414,,0.0
2024-01-03,6.917,6.947,6.987,6.877,55596.98,40474.12,0.9542582417582416,,0.0
2024-01-04,6.957,6.967,6.987,6.917,56554.35,41201.068,0.9543835616438356,,0.0
2024-01-05,6.967,6.936999999999999,7.027,6.887,101557.1,74189.782,0.9541953232462173,,0.0
2024-01-08,6.877,6.747,6.927,6.726999999999999,90736.0,64860.642,0.9529661016949152,,0.0
2024-01-09,6.777,6.847,7.097,6.726999999999999,150987.17,108990.584,0.9536211699164344,,0.0
2024-01-10,6.747,6.827,6.917,6.657,134233.67,95635.931,0.9534916201117318,,0.0
2024-01-11,6.807,6.917,6.927,6.767,106297.66,76409.655,0.9540689655172414,,0.0
2024-01-12,6.897,6.936999999999999,7.047,6.877,174368.11,127418.274,0.9541953232462173,,0.0
2024-01-15,6.686999999999999,6.747,6.827,6.597,171929.6,121525.02,0.9529661016949152,,0.0
2024-01-16,6.726999999999999,6.617,6.747,6.527,132439.74,92097.102,0.9520863309352516,,0.0
2024-01-17,6.637,6.607,6.907,6.567,180974.83,127895.956,0.9520172910662824,,0.0
2024-01-18,6.476999999999999,6.436999999999999,6.507,6.247,172741.36,115843.885,0.9508124076809452,,0.0
2024-01-19,6.417,6.337,6.476999999999999,6.337,71258.25,47891.708,0.9500749625187406,,0.0
2024-01-22,6.337,5.936999999999999,6.337,5.887,106837.79,68735.484,0.94688995215311,,0.0
2024-01-23,5.857,5.927,5.997,5.787,63584.82,39535.742,0.9468051118210862,,0.0
2024-01-24,5.947,6.186999999999999,6.197,5.936999999999999,131670.74,84568.306,0.9489263803680982,,0.0
2024-01-25,6.147,6.407,6.417,6.127,110038.49,73112.754,0.950593471810089,,0.0
2024-01-26,6.377,6.587,6.717,6.377,203910.07,140854.202,0.951878612716763,,0.0
2024-01-29,6.587,6.387,6.607,6.367,118061.04,80499.862,0.9504464285714286,,0.0
2024-01-30,6.387,6.237,6.436999999999999,6.226999999999999,93389.52,62225.517,0.9493150684931506,,0.0
2024-01-31,6.226999999999999,5.987,6.257,5.987,104108.74,67142.35,0.9473101265822784,,0.0
2024-02-01,5.967,5.887,6.047,5.847,91895.09,57569.954,0.9464630225080386,,0.0
2024-02-02,5.907,5.767,6.047,5.577,126351.07,77785.976,0.9454098360655736,,0.0
2024-02-05,5.717,5.317,5.717,5.247,144390.66,83005.351,0.9410619469026548,,0.0
2024-02-06,5.247,5.557,5.726999999999999,5.097,113905.97,65161.009,0.9434634974533108,,0.0
2024-02-07,5.547,5.577,5.667,5.457,99044.39,58399.536,0.9436548223350254,,0.0
2024-02-08,5.607,5.847,5.867,5.567,122571.88,74258.39,0.9461165048543688,,0.0
2024-02-19,5.897,5.927,5.997,5.847,91093.75,56982.418,0.9468051118210862,,0.0
2024-02-20,5.877,5.936999999999999,5.957,5.817,53897.05,33672.492,0.94688995215311,,0.0
2024-02-21,5.887,5.957,6.077,5.887,84221.23,53279.815,0.9470588235294116,,0.0
2024-02-22,5.957,5.987,6.027,5.917,61119.29,38496.247,0.9473101265822784,,0.0
2024-02-23,5.976999999999999,6.027,6.047,5.936999999999999,77496.21,49060.754,0.9476415094339622,,0.0
2024-02-26,6.037,6.017,6.087,5.997,78782.23,50234.437,0.9475590551181102,,0.0
2024-02-27,5.997,6.137,6.137,5.997,81353.69,52247.951,0.9485316846986088,,0.0
2024-02-28,6.127,5.967,6.237,5.957,143495.0,92325.719,0.9471428571428572,,0.0
2024-02-29,5.936999999999999,6.057,6.067,5.907,88637.0,56302.242,0.947887323943662,,0.0
2024-03-01,6.067,6.037,6.087,5.997,58678.32,37377.708,0.947723704866562,,0.0
2024-03-04,6.047,5.976999999999999,6.057,5.917,57020.0,35897.384,0.9472266244057052,,0.0
2024-03-05,5.936999999999999,5.897,5.967,5.887,48913.01,30544.894,0.9465489566613162,,0.0
2024-03-06,5.907,5.967,6.047,5.877,63512.32,39943.986,0.9471428571428572,,0.0
2024-03-07,5.947,5.967,6.107,5.947,86361.4,54806.045,0.9471428571428572,,0.0
2024-03-08,5.947,5.976999999999999,5.987,5.907,52429.18,32976.632,0.9472266244057052,,0.0
2024-03-11,5.976999999999999,6.017,6.017,5.957,62336.18,39409.639,0.9475590551181102,,0.0
2024-03-12,6.017,6.057,6.057,5.976999999999999,68889.52,43762.815,0.947887323943662,,0.0
2024-03-13,6.057,6.047,6.087,6.007,72183.23,46004.405,0.9478056426332288,,0.0
2024-03-14,6.017,6.077,6.127,6.017,96487.35,61817.309,0.94804992199688,,0.0
2024-03-15,6.057,6.127,6.127,6.027,77181.35,49470.103,0.9484520123839008,,0.0
2024-03-18,6.127,6.167,6.197,6.117,68444.57,44410.038,0.9487692307692308,,0.0
2024-03-19,6.157,6.147,6.197,6.137,71615.0,46593.551,0.9486111111111112,,0.0
2024-03-20,6.127,6.177,6.186999999999999,6.127,59304.95,38491.864,0.9488479262672812,,0.0
2024-03-21,6.186999999999999,6.207,6.226999999999999,6.157,72886.0,47617.23,0.9490825688073394,,0.0
2024-03-22,6.207,6.117,6.217,6.017,83987.81,54111.897,0.9483720930232558,,0.0
2024-03-25,6.077,6.017,6.137,6.017,68051.63,43608.295,0.9475590551181102,,0.0
2024-03-26,6.017,6.017,6.047,5.936999999999999,81020.9,51250.707,0.9475590551181102,,0.0
2024-03-27,5.987,5.877,6.017,5.877,62544.01,39380.238,0.9463768115942028,,0.0
2024-03-28,5.867,5.967,5.997,5.867,61251.4,38448.735,0.9471428571428572,,0.0
2024-03-29,5.997,6.107,6.107,5.957,83658.0,53356.105,0.9482919254658384,,0.0
2024-04-01,6.107,6.147,6.147,6.047,99813.93,64208.089,0.9486111111111112,,0.0
2024-04-02,6.117,6.247,6.257,6.107,136066.46,89059.331,0.9493920972644376,,0.0
2024-04-03,6.237,6.307,6.327,6.197,117053.58,77270.236,0.9498493975903616,,0.0
2024-04-08,6.107,6.167,6.297,6.077,112441.08,73351.643,0.9487692307692308,,0.0
2024-04-09,6.157,6.186999999999999,6.186999999999999,6.097,63417.0,41154.733,0.9489263803680982,,0.0
2024-04-10,6.177,6.097,6.217,6.047,73377.0,47358.599,0.9482115085536548,,0.0
2024-04-11,6.067,6.186999999999999,6.226999999999999,6.047,72902.15,47360.841,0.9489263803680982,,0.0
2024-04-12,6.186999999999999,6.147,6.226999999999999,6.127,52360.0,34135.519,0.9486111111111112,,0.0
2024-04-15,6.147,6.067,6.197,5.947,102233.41,65571.835,0.94796875,,0.0
2024-04-16,6.047,5.686999999999999,6.057,5.677,158459.63,97442.296,0.9446843853820598,,0.0
2024-04-17,5.726999999999999,5.967,5.967,5.717,106048.53,66088.563,0.9471428571428572,,0.0
2024-04-18,5.967,5.936999999999999,6.017,5.927,68985.91,43484.131,0.94688995215311,,0.0
2024-04-19,5.927,5.976999999999999,6.067,5.907,75892.61,48011.724,0.9472266244057052,,0.0
2024-04-22,5.927,5.917,5.987,5.837,79346.37,49427.829,0.94672,,0.0
2024-04-23,5.917,5.887,5.936999999999999,5.867,40987.37,25564.487,0.9464630225080386,,0.0
2024-04-24,5.877,5.947,5.957,5.867,48956.89,30562.687,0.9469745222929936,,0.0
2024-04-25,5.936999999999999,6.017,6.047,5.907,72334.0,45703.845,0.9475590551181102,,0.0
2024-04-26,5.987,6.067,6.077,5.947,75359.54,47814.686,0.94796875,,0.0
2024-04-29,6.067,6.147,6.147,6.037,86922.0,56030.021,0.9486111111111112,,0.0
2024-04-30,6.137,6.107,6.157,6.077,66102.07,42645.192,0.9482919254658384,,0.0
2024-05-06,6.117,6.207,6.217,6.117,71530.0,46668.645,0.9490825688073394,,0.0
2024-05-07,6.217,6.207,6.237,6.157,47926.58,31255.141,0.9490825688073394,,0.0
2024-05-08,6.197,6.117,6.207,6.107,52530.01,34047.369,0.9483720930232558,,0.0
2024-05-09,6.117,6.226999999999999,6.247,6.107,67570.69,44225.795,0.9492378048780488,,0.0
2024-05-10,6.247,6.217,6.267,6.186999999999999,57333.0,37613.126,0.9491603053435114,,0.0
2024-05-13,6.207,6.237,6.257,6.127,83071.56,54325.423,0.9493150684931506,,0.0
2024-05-14,6.217,6.297,6.307,6.177,65904.69,43521.778,0.9497737556561086,,0.0
2024-05-15,6.287,6.207,6.297,6.207,43950.01,28922.951,0.9490825688073394,,0.0
2024-05-16,6.207,6.186999999999999,6.247,6.157,48370.24,31630.916,0.9489263803680982,,0.0
2024-05-17,6.197,6.237,6.247,6.157,44766.89,29231.482,0.9493150684931506,,0.0
2024-05-20,6.226999999999999,6.297,6.317,6.226999999999999,67663.37,44766.742,0.9497737556561086,,0.0
2024-05-21,6.277,6.237,6.317,6.207,50111.0,33043.049,0.9493150684931506,,0.0
2024-05-22,6.257,6.226999999999999,6.287,6.207,45182.0,29684.85,0.9492378048780488,,0.0
2024-05-23,6.226999999999999,6.097,6.237,6.087,61862.0,40031.755,0.9482115085536548,,0.0
2024-05-24,6.077,6.127,6.167,6.077,46001.02,29731.197,0.9484520123839008,,0.0
2024-05-27,6.127,6.167,6.186999999999999,6.107,54238.0,35155.728,0.9487692307692308,,0.0
2024-05-28,6.157,6.067,6.157,6.047,53965.0,34709.08,0.94796875,,0.0
2024-05-29,6.067,6.047,6.117,6.017,35675.02,22841.821,0.9478056426332288,,0.0
2024-05-30,6.037,5.976999999999999,6.067,5.976999999999999,40160.02,25476.086,0.9472266244057052,,0.0
2024-05-31,5.976999999999999,5.997,6.017,5.976999999999999,27640.0,17497.485,0.94739336492891,,0.0
2024-06-03,5.976999999999999,5.837,6.007,5.787,75251.08,46716.815,0.9460291734197732,,0.0
2024-06-04,5.817,5.827,5.877,5.767,45451.74,27974.339,0.9459415584415584,,0.0
2024-06-05,5.807,5.707,5.847,5.697,60634.0,36913.039,0.944867549668874,,0.0
2024-06-06,5.707,5.547,5.747,5.527,82058.41,48722.348,0.9433673469387754,,0.0
2024-06-07,5.587,5.747,5.757,5.587,72229.0,43433.788,0.9452302631578948,,0.0
2024-06-11,5.747,5.647,5.757,5.597,54321.0,32494.299,0.944314381270903,,0.0
2024-06-12,5.607,5.686999999999999,5.697,5.607,34452.05,20640.15,0.9446843853820598,,0.0
2024-06-13,5.686999999999999,5.597,5.686999999999999,5.577,41069.89,24416.998,0.9438448566610456,,0.0
2024-06-14,5.587,5.627,5.647,5.587,32587.01,19393.491,0.9441275167785236,,0.0
2024-06-17,5.667000000000001,5.597,5.667000000000001,5.577,33668.01,19673.417,0.9600343053173244,,0.0
2024-06-18,5.597,5.6370000000000005,5.657,5.597,36379.01,21311.787,0.9603066439523,,0.0
2024-06-19,5.6370000000000005,5.597,5.657,5.597,30107.0,17636.041,0.9600343053173244,,0.0
2024-06-20,5.617,5.477,5.627000000000001,5.4670000000000005,44249.1,25483.473,0.9591943957968476,,0.0
2024-06-21,5.487,5.497000000000001,5.557,5.447,21915.0,12573.68,0.9593368237347296,,0.0
2024-06-24,5.497000000000001,5.317,5.497000000000001,5.297000000000001,55012.0,30763.321,0.958018018018018,,0.0
2024-06-25,5.327,5.417000000000001,5.457000000000001,5.327,44623.89,25169.107,0.9587610619469028,,0.0
2024-06-26,5.407,5.477,5.487,5.347,36162.0,20403.37,0.9591943957968476,,0.0
2024-06-27,5.477,5.397,5.477,5.377000000000001,30868.41,17419.982,0.9586145648312612,,0.0
2024-06-28,5.377000000000001,5.417000000000001,5.477,5.377000000000001,45017.09,25486.544,0.9587610619469028,,0.0
2024-07-01,5.4270000000000005,5.487,5.497000000000001,5.377000000000001,38403.64,21787.051,0.9592657342657344,,0.0
2024-07-02,5.487,5.547000000000001,5.557,5.477,42534.38,24486.044,0.959688581314879,,0.0
2024-07-03,5.547000000000001,5.557,5.607,5.527,41829.0,24293.677,0.9597582037996546,,0.0
2024-07-04,5.567,5.447,5.587000000000001,5.437,30820.0,17673.815,0.9589788732394366,,0.0
2024-07-05,5.477,5.4670000000000005,5.487,5.407,29445.0,16719.534,0.959122807017544,,0.0
2024-07-08,5.457000000000001,5.317,5.457000000000001,5.287,34303.0,19159.08,0.958018018018018,,0.0
2024-07-09,5.307,5.367,5.3870000000000005,5.197,47127.0,26030.36,0.9583928571428572,,0.0
2024-07-10,5.337000000000001,5.287,5.3870000000000005,5.277,32127.0,17869.724,0.9577898550724638,,0.0
2024-07-11,5.347,5.447,5.457000000000001,5.347,45430.0,25654.771,0.9589788732394366,,0.0
2024-07-12,5.4270000000000005,5.497000000000001,5.507000000000001,5.4270000000000005,36595.01,20861.221,0.9593368237347296,,0.0
2024-07-15,5.487,5.437,5.487,5.437,24566.0,13963.81,0.9589065255731924,,0.0
2024-07-16,5.457000000000001,5.437,5.457000000000001,5.407,19448.0,11018.911,0.9589065255731924,,0.0
2024-07-17,5.447,5.407,5.457000000000001,5.3870000000000005,20736.1,11732.547,0.9586879432624114,,0.0
2024-07-18,5.407,5.407,5.417000000000001,5.317,25894.01,14495.349,0.9586879432624114,,0.0
2024-07-19,5.377000000000001,5.397,5.407,5.327,23242.0,13054.427,0.9586145648312612,,0.0
2024-07-22,5.367,5.367,5.397,5.347,19278.0,10790.656,0.9583928571428572,,0.0
2024-07-23,5.3870000000000005,5.357,5.447,5.357,36566.78,20658.08,0.9583184257602864,,0.0
2024-07-24,5.327,5.327,5.397,5.297000000000001,34108.01,19018.122,0.958093525179856,,0.0
2024-07-25,5.337000000000001,5.397,5.4270000000000005,5.297000000000001,31552.83,17715.603,0.9586145648312612,,0.0
2024-07-26,5.407,5.437,5.447,5.3870000000000005,31379.01,17734.457,0.9589065255731924,,0.0
2024-07-29,5.4270000000000005,5.4670000000000005,5.497000000000001,5.4270000000000005,27268.0,15538.221,0.959122807017544,,0.0
2024-07-30,5.447,5.527,5.537,5.447,31709.04,18191.359,0.9595486111111112,,0.0
2024-07-31,5.537,5.607,5.627000000000001,5.517,55775.56,32540.181,0.9601027397260274,,0.0
2024-08-01,5.617,5.617,5.657,5.587000000000001,49882.48,29231.101,0.9601709401709402,,0.0
2024-08-02,5.577,5.597,5.6770000000000005,5.577,49254.0,28862.078,0.9600343053173244,,0.0
2024-08-05,5.567,5.547000000000001,5.647,5.517,40491.0,23572.986,0.959688581314879,,0.0
2024-08-06,5.627000000000001,5.547000000000001,5.627000000000001,5.507000000000001,33217.0,19226.378,0.959688581314879,,0.0
2024-08-07,5.547000000000001,5.547000000000001,5.587000000000001,5.537,27494.01,15924.385,0.959688581314879,,0.0
2024-08-08,5.547000000000001,5.557,5.587000000000001,5.517,24629.83,14263.554,0.9597582037996546,,0.0
2024-08-09,5.577,5.547000000000001,5.597,5.537,25005.0,14512.638,0.959688581314879,,0.0
2024-08-12,5.527,5.517,5.557,5.517,17968.19,10364.915,0.9594782608695652,,0.0
2024-08-13,5.497000000000001,5.567,5.577,5.497000000000001,25324.0,14630.975,0.9598275862068966,,0.0
2024-08-14,5.567,5.517,5.577,5.517,19360.0,11194.796,0.9594782608695652,,0.0
2024-08-15,5.477,5.567,5.577,5.477,28054.63,16212.949,0.9598275862068966,,0.0
2024-08-16,5.567,5.507000000000001,5.567,5.507000000000001,21024.0,12117.946,0.9594076655052264,,0.0
2024-08-19,5.517,5.567,5.577,5.507000000000001,22570.04,13062.954,0.9598275862068966,,0.0
2024-08-20,5.557,5.477,5.557,5.447,30924.0,17727.853,0.9591943957968476,,0.0
2024-08-21,5.4670000000000005,5.377000000000001,5.477,5.377000000000001,28144.0,15889.861,0.9584670231729056,,0.0
2024-08-22,5.377000000000001,5.367,5.4270000000000005,5.357,24753.0,13927.63,0.9583928571428572,,0.0
2024-08-23,5.377000000000001,5.317,5.3870000000000005,5.277,29926.73,16616.901,0.958018018018018,,0.0
2024-08-26,5.307,5.357,5.367,5.267,25058.0,13935.924,0.9583184257602864,,0.0
2024-08-27,5.347,5.297000000000001,5.3870000000000005,5.287,26240.78,14591.912,0.9578661844484628,,0.0
2024-08-28,5.297000000000001,5.307,5.347,5.267,28715.89,15909.523,0.957942238267148,,0.0
2024-08-29,5.277,5.267,5.297000000000001,5.197,51753.49,28376.46,0.9576363636363636,,0.0
2024-08-30,5.247000000000001,5.347,5.397,5.247000000000001,49742.24,27698.347,0.9582437275985664,,0.0
2024-09-02,5.347,5.317,5.407,5.307,36262.0,20284.684,0.958018018018018,,0.0
2024-09-03,5.307,5.307,5.327,5.267,31369.0,17352.125,0.957942238267148,,0.0
2024-09-04,5.277,5.257000000000001,5.307,5.257000000000001,31031.03,17098.975,0.9575591985428052,,0.0
2024-09-05,5.257000000000001,5.287,5.297000000000001,5.257000000000001,19479.86,10728.055,0.9577898550724638,,0.0
2024-09-06,5.287,5.297000000000001,5.347,5.287,35716.33,19808.068,0.9578661844484628,,0.0
2024-09-09,5.277,5.227,5.277,5.197,30614.0,16738.924,0.9573260073260074,,0.0
2024-09-10,5.207000000000001,5.227,5.247000000000001,5.157,35364.91,19195.628,0.9573260073260074,,0.0
2024-09-11,5.187,5.167000000000001,5.2170000000000005,5.147,25954.0,14027.342,0.956851851851852,,0.0
2024-09-12,5.157,5.187,5.237,5.157,24709.95,13427.865,0.9570110701107012,,0.0
2024-09-13,5.207000000000001,5.167000000000001,5.2170000000000005,5.157,22368.0,12112.111,0.956851851851852,,0.0
2024-09-18,5.187,5.167000000000001,5.187,5.107,26056.91,14006.821,0.956851851851852,,0.0
2024-09-19,5.167000000000001,5.267,5.287,5.167000000000001,38101.22,20871.912,0.9576363636363636,,0.0
2024-09-20,5.257000000000001,5.277,5.287,5.237,28678.32,15768.794,0.9577132486388386,,0.0
2024-09-23,5.277,5.327,5.337000000000001,5.257000000000001,32362.01,17892.801,0.958093525179856,,0.0
2024-09-24,5.327,5.457000000000001,5.4670000000000005,5.327,65084.23,36654.656,0.9590509666080844,,0.0
2024-09-25,5.517,5.527,5.607,5.487,84024.73,48621.371,0.9595486111111112,,0.0
2024-09-26,5.517,5.647,5.6770000000000005,5.497000000000001,97007.0,56503.273,0.960374149659864,,0.0
2024-09-27,5.697,5.797000000000001,5.847,5.6770000000000005,143788.14,86156.344,0.9613598673300168,,0.0
2024-09-30,5.937,6.227,6.287,5.877000000000001,277019.02,175008.238,0.9639318885448916,,0.0
2024-10-08,6.797000000000001,6.4670000000000005,6.847,6.227,322708.47,218290.124,0.965223880597015,,0.0
2024-10-09,6.347,5.9670000000000005,6.347,5.9670000000000005,185494.36,117860.256,0.9624193548387098,,0.0
2024-10-10,5.987,6.037,6.147,5.9270000000000005,122233.23,76728.878,0.9628389154704944,,0.0
2024-10-11,6.047000000000001,6.017,6.107,5.957000000000001,103319.04,64585.835,0.96272,,0.0
2024-10-14,6.037,6.147,6.147,6.037,120923.05,76499.819,0.9634796238244516,,0.0
2024-10-15,6.127000000000001,6.367,6.587000000000001,6.107,293757.19,194964.291,0.9646969696969696,,0.0
2024-10-16,6.367,6.2170000000000005,6.4670000000000005,6.197,179685.12,117901.925,0.963875968992248,,0.0
2024-10-17,6.197,5.9670000000000005,6.2170000000000005,5.947,178436.0,112138.916,0.9624193548387098,,0.0
2024-10-18,5.997000000000001,6.037,6.117,5.907,148254.26,92419.749,0.9628389154704944,,0.0
2024-10-21,6.09,6.0200000000000005,6.12,6.0,103578.21,64430.936,0.970967741935484,,0.0
2024-10-22,6.03,6.1000000000000005,6.12,6.0200000000000005,103979.01,64970.879,0.9713375796178344,,0.0
2024-10-23,6.1000000000000005,6.1000000000000005,6.17,6.07,90545.0,56973.605,0.9713375796178344,,0.0
2024-10-24,6.09,6.1000000000000005,6.13,6.050000000000001,56792.0,35621.842,0.9713375796178344,,0.0
2024-10-25,6.1000000000000005,6.16,6.17,6.07,92991.6,58759.806,0.971608832807571,,0.0
2024-10-28,6.16,6.260000000000001,6.2700000000000005,6.13,133899.0,85639.508,0.9720496894409938,,0.0
2024-10-29,6.260000000000001,6.54,6.9,6.1000000000000005,505226.58,340665.758,0.9732142857142858,,0.0
2024-10-30,6.37,6.390000000000001,6.67,6.2700000000000005,374520.9,246165.489,0.9726027397260274,,0.0
2024-10-31,6.34,6.38,6.48,6.300000000000001,208642.5,136815.167,0.9725609756097562,,0.0
2024-11-01,6.390000000000001,6.2700000000000005,6.390000000000001,6.21,142532.03,92191.759,0.972093023255814,,0.0
2024-11-04,6.2700000000000005,6.32,6.33,6.220000000000001,91413.3,59050.077,0.9723076923076924,,0.0
2024-11-05,6.3100000000000005,6.41,6.48,6.28,158624.82,104163.807,0.9726858877086496,,0.0
2024-11-06,6.38,6.4,6.46,6.34,142194.01,93601.301,0.972644376899696,,0.0
2024-11-07,6.36,6.5600000000000005,6.57,6.33,204032.82,136372.922,0.973293768545994,,0.0
2024-11-08,6.58,6.61,6.66,6.44,221657.38,149378.777,0.9734904270986746,,0.0
2024-11-11,6.5600000000000005,6.62,6.65,6.53,139941.8,94727.319,0.973529411764706,,0.0
2024-11-12,6.62,6.59,6.760000000000001,6.54,231147.97,158235.809,0.9734121122599704,,0.0
2024-11-13,6.550000000000001,6.5600000000000005,6.66,6.470000000000001,118145.03,79539.884,0.973293768545994,,0.0
2024-11-14,6.5200000000000005,6.3500000000000005,6.550000000000001,6.34,152235.0,100515.558,0.9724349157733538,,0.0
2024-11-15,6.33,6.2700000000000005,6.430000000000001,6.25,96136.0,62801.377,0.972093023255814,,0.0
2024-11-18,6.32,6.32,6.46,6.28,137086.97,89943.911,0.9723076923076924,,0.0
2024-11-19,6.34,6.38,6.390000000000001,6.24,84698.81,55036.204,0.9725609756097562,,0.0
2024-11-20,6.3500000000000005,6.510000000000001,6.550000000000001,6.33,165872.86,110176.353,0.9730941704035876,,0.0
2024-11-21,6.470000000000001,6.470000000000001,6.5,6.41,92376.02,61288.656,0.9729323308270678,,0.0
2024-11-22,6.44,6.260000000000001,6.5200000000000005,6.25,108841.66,71566.847,0.9720496894409938,,0.0
2024-11-25,6.2700000000000005,6.37,6.430000000000001,6.220000000000001,97006.06,63247.098,0.9725190839694656,,0.0
2024-11-26,6.36,6.390000000000001,6.57,6.34,101637.01,67140.777,0.9726027397260274,,0.0
2024-11-27,6.37,6.4,6.4,6.2,90667.0,58736.635,0.972644376899696,,0.0
2024-11-28,6.36,6.46,6.5,6.36,111427.02,73900.455,0.9728915662650602,,0.0
2024-11-29,6.45,6.5,6.54,6.44,102565.0,68506.056,0.9730538922155688,,0.0
2024-12-02,6.53,6.61,6.62,6.5,139322.83,94252.577,0.9734904270986746,,0.0
2024-12-03,6.63,6.7700000000000005,6.91,6.57,293651.32,202939.875,0.9741007194244604,,0.0
2024-12-04,6.680000000000001,6.54,6.7,6.510000000000001,184492.0,125282.22,0.9732142857142858,,0.0
2024-12-05,6.54,6.53,6.550000000000001,6.48,93273.0,62378.329,0.9731743666169896,,0.0
2024-12-06,6.53,6.62,6.62,6.510000000000001,92742.91,62625.327,0.973529411764706,,0.0
2024-12-09,6.62,6.6000000000000005,6.66,6.53,82430.0,55882.932,0.9734513274336284,,0.0
2024-12-10,6.73,6.5600000000000005,6.760000000000001,6.550000000000001,137453.1,93523.48,0.973293768545994,,0.0
2024-12-11,6.57,6.67,6.720000000000001,6.53,115595.17,78864.188,0.9737226277372264,,0.0
2024-12-12,6.7,6.74,6.760000000000001,6.67,140391.04,96896.932,0.9739884393063584,,0.0
2024-12-13,6.74,6.550000000000001,6.74,6.550000000000001,110124.87,75114.593,0.973254086181278,,0.0
2024-12-16,6.61,6.73,6.8500000000000005,6.6000000000000005,242236.43,168326.359,0.9739507959479016,,0.0
2024-12-17,6.78,6.46,6.800000000000001,6.44,177374.01,119689.245,0.9728915662650602,,0.0
2024-12-18,6.5,6.42,6.53,6.4,86887.5,57773.669,0.9727272727272728,,0.0
2024-12-19,6.37,6.390000000000001,6.42,6.32,85187.33,55759.874,0.9726027397260274,,0.0
2024-12-20,6.38,6.4,6.45,6.36,59665.51,39334.229,0.972644376899696,,0.0
2024-12-23,6.390000000000001,6.21,6.44,6.19,109390.5,70717.847,0.971830985915493,,0.0
2024-12-24,6.21,6.300000000000001,6.32,6.21,68966.0,44444.045,0.9722222222222224,,0.0
2024-12-25,6.28,6.23,6.3100000000000005,6.16,62339.0,39881.423,0.9719188767550704,,0.0
2024-12-26,6.220000000000001,6.24,6.2700000000000005,6.21,43317.0,27852.674,0.97196261682243,,0.0
2024-12-27,6.23,6.41,6.5,6.21,115227.14,75875.352,0.9726858877086496,,0.0
2024-12-30,6.34,6.33,6.45,6.300000000000001,63405.0,41303.768,0.9723502304147466,,0.0
2024-12-31,6.44,6.98,6.98,6.41,602845.14,424229.543,0.9748603351955308,,0.0
2025-01-02,6.8500000000000005,6.66,7.260000000000001,6.62,768701.04,544275.135,0.9736842105263158,,0.0
2025-01-03,6.78,6.65,7.0200000000000005,6.510000000000001,588014.35,404697.98,0.9736456808199122,,0.0
2025-01-06,6.5600000000000005,6.970000000000001,7.0,6.28,660654.75,456919.685,0.9748251748251748,,0.0
2025-01-07,6.82,6.94,6.94,6.63,473404.54,328956.058,0.9747191011235956,,0.0
2025-01-08,6.84,7.2,7.65,6.8100000000000005,1079842.52,814794.133,0.9756097560975612,,0.0
2025-01-09,7.09,7.38,7.49,6.91,793772.23,580727.698,0.9761904761904764,,0.0
2025-01-10,7.19,6.84,7.31,6.720000000000001,568055.93,408107.46,0.9743589743589745,,0.0
2025-01-13,6.65,7.0600000000000005,7.53,6.65,466874.35,338454.49,0.9751381215469612,,0.0
2025-01-14,7.050000000000001,7.23,7.28,6.930000000000001,489725.11,358561.46,0.9757085020242916,,0.0
2025-01-15,7.16,7.34,7.62,7.11,587762.55,445281.34,0.976063829787234,,0.0
2025-01-16,7.21,7.15,7.35,7.04,389928.01,287107.132,0.975443383356071,,0.0
2025-01-17,7.2,7.31,7.59,6.91,525621.57,390281.974,0.9759679572763684,,0.0
2025-01-20,7.2,7.19,7.36,7.12,383724.82,284755.885,0.9755766621438264,,0.0
2025-01-21,7.15,6.96,7.19,6.94,309408.36,222805.109,0.9747899159663866,,0.0
2025-01-22,6.92,6.83,7.08,6.83,221666.99,157771.135,0.9743223965763196,,0.0
2025-01-23,6.87,6.760000000000001,6.99,6.74,247378.0,175146.77,0.9740634005763688,,0.0
2025-01-24,6.82,7.0200000000000005,7.17,6.71,337584.85,242539.098,0.975,,0.0
2025-01-27,7.0200000000000005,7.0,7.260000000000001,6.95,265950.0,193644.603,0.9749303621169916,,0.0
2025-02-05,7.010000000000001,6.82,7.07,6.7700000000000005,240296.01,169293.356,0.9742857142857144,,0.0
2025-02-06,6.82,6.78,6.83,6.63,237659.09,163823.319,0.9741379310344828,,0.0
2025-02-07,6.74,6.82,6.890000000000001,6.720000000000001,239912.0,167726.737,0.9742857142857144,,0.0
2025-02-10,6.800000000000001,6.84,6.890000000000001,6.75,205619.17,143572.74,0.9743589743589745,,0.0
2025-02-11,6.82,7.0600000000000005,7.08,6.74,408067.98,291650.491,0.9751381215469612,,0.0
2025-02-12,7.050000000000001,6.96,7.050000000000001,6.9,232047.0,165413.587,0.9747899159663866,,0.0
2025-02-13,6.95,6.91,7.010000000000001,6.87,162220.0,115298.844,0.9746121297602256,,0.0
2025-02-14,6.86,6.78,6.88,6.75,180285.53,125749.464,0.9741379310344828,,0.0
2025-02-17,6.78,6.800000000000001,6.8500000000000005,6.680000000000001,157991.76,109471.954,0.9742120343839542,,0.0
2025-02-18,6.79,6.59,6.8100000000000005,6.57,186015.45,127752.575,0.9734121122599704,,0.0
2025-02-19,6.5600000000000005,6.6000000000000005,6.62,6.550000000000001,135049.31,91326.278,0.9734513274336284,,0.0
2025-02-20,6.6000000000000005,6.66,6.67,6.53,125399.01,85159.447,0.9736842105263158,,0.0
2025-02-21,6.62,6.62,6.73,6.6000000000000005,121589.37,83029.492,0.973529411764706,,0.0
2025-02-24,6.63,6.66,6.720000000000001,6.6000000000000005,112540.38,77004.835,0.9736842105263158,,0.0
2025-02-25,6.65,6.59,6.720000000000001,6.57,97648.84,66530.914,0.9734121122599704,,0.0
2025-02-26,6.58,6.63,6.66,6.57,112496.7,76446.259,0.973568281938326,,0.0
2025-02-27,6.62,6.69,6.7,6.6000000000000005,133092.0,91027.417,0.9737991266375546,,0.0
2025-02-28,6.71,6.7700000000000005,6.96,6.680000000000001,308733.16,216946.74,0.9741007194244604,,0.0
2025-03-03,6.75,6.84,6.890000000000001,6.74,174914.0,122513.021,0.9743589743589745,,0.0
2025-03-04,6.8500000000000005,6.91,6.95,6.760000000000001,173013.68,122185.207,0.9746121297602256,,0.0
2025-03-05,6.9,6.970000000000001,7.010000000000001,6.800000000000001,179605.0,127223.686,0.9748251748251748,,0.0
2025-03-06,6.970000000000001,7.08,7.16,6.930000000000001,275387.18,199451.854,0.975206611570248,,0.0
2025-03-07,7.04,6.99,7.16,6.930000000000001,201825.02,145727.593,0.9748953974895398,,0.0
2025-03-10,7.21,7.71,7.71,7.21,445819.11,344676.863,0.9771863117870724,,0.0
2025-03-18,8.5,8.5,8.5,8.5,26491.0,22994.188,0.97926267281106,,0.0
2025-03-19,9.37,8.42,9.37,8.42,1724458.77,1606509.844,0.9790697674418604,,0.0
2025-03-20,8.22,7.870000000000001,8.32,7.81,984679.63,804571.171,0.977639751552795,,0.0
2025-03-21,7.950000000000001,7.77,8.05,7.75,634918.53,512137.924,0.9773584905660376,,0.0
2025-03-24,7.82,7.74,7.9,7.57,448252.07,353812.567,0.9772727272727272,,0.0
2025-03-25,7.73,7.550000000000001,7.74,7.5,303483.06,235265.99,0.9767141009055628,,0.0
2025-03-26,7.57,7.58,7.67,7.52,272628.01,211710.349,0.9768041237113404,,0.0
2025-03-27,7.53,7.49,7.640000000000001,7.4,233841.78,179566.639,0.9765319426336376,,0.0
2025-03-28,7.5,7.36,7.53,7.34,185175.01,140573.889,0.9761273209549072,,0.0
2025-03-31,7.32,7.38,7.4,7.220000000000001,168736.4,126584.346,0.9761904761904764,,0.0
2025-04-01,7.38,7.54,7.59,7.38,231769.0,178284.339,0.9766839378238342,,0.0
2025-04-02,7.54,7.91,7.950000000000001,7.48,562128.27,446689.835,0.9777503090234858,,0.0
2025-04-03,7.7,7.78,7.84,7.63,334863.49,265141.222,0.9773869346733668,,0.0
2025-04-07,7.180000000000001,6.98,7.35,6.98,245201.5,178146.374,0.9748603351955308,,0.0
2025-04-08,6.8100000000000005,6.800000000000001,7.04,6.63,325707.56,227398.737,0.9742120343839542,,0.0
2025-04-09,6.720000000000001,7.5,7.5,6.28,514907.38,368091.819,0.9765625,,0.0
2025-04-10,7.49,7.890000000000001,8.27,7.37,925208.7,753913.696,0.9776951672862454,,0.0
2025-04-11,7.85,7.66,8.040000000000001,7.62,656661.15,523546.678,0.9770408163265306,,0.0
2025-04-14,7.800000000000001,7.82,8.02,7.720000000000001,544780.22,438675.504,0.9775,,0.0
2025-04-15,7.81,7.59,7.83,7.56,262932.0,205723.373,0.9768339768339768,,0.0
2025-04-16,7.59,8.01,8.120000000000001,7.53,708705.94,571333.886,0.978021978021978,,0.0
2025-04-17,7.93,7.82,7.970000000000001,7.7,412667.02,330499.176,0.9775,,0.0
2025-04-18,7.9,7.71,7.99,7.7,295588.91,235884.055,0.9771863117870724,,0.0
2025-04-21,7.59,7.6,7.640000000000001,7.44,304283.9,235188.004,0.9768637532133676,,0.0
2025-04-22,7.67,7.720000000000001,7.84,7.65,299640.0,237360.265,0.9772151898734176,,0.0
2025-04-23,7.720000000000001,7.54,7.720000000000001,7.49,276649.0,214715.298,0.9766839378238342,,0.0
2025-04-24,7.52,7.34,7.56,7.32,194499.01,147545.651,0.976063829787234,,0.0
2025-04-25,7.33,7.390000000000001,7.470000000000001,7.33,108291.01,82049.028,0.976221928665786,,0.0
2025-04-28,7.390000000000001,7.27,7.42,7.27,110707.0,83017.113,0.9758389261744966,,0.0
2025-04-29,7.32,7.25,7.34,7.220000000000001,93378.01,69621.376,0.9757738896366084,,0.0
2025-04-30,7.220000000000001,7.21,7.300000000000001,7.19,98304.9,73074.328,0.9756427604871448,,0.0
2025-05-06,7.24,7.36,7.36,7.23,114897.01,85873.971,0.9761273209549072,,0.0
2025-05-07,7.41,7.470000000000001,7.6,7.37,223370.9,170820.391,0.9764705882352942,,0.0
2025-05-08,7.41,7.45,7.5,7.390000000000001,130096.25,99255.216,0.9764089121887288,,0.0
2025-05-09,7.430000000000001,7.31,7.45,7.300000000000001,109429.0,82463.392,0.9759679572763684,,0.0
2025-05-12,7.37,7.48,7.550000000000001,7.37,150078.0,114912.494,0.9765013054830288,,0.0
2025-05-13,7.62,7.950000000000001,8.22,7.54,571148.02,456071.962,0.977859778597786,,0.0
2025-05-14,7.800000000000001,8.32,8.33,7.77,871453.8,729550.819,0.9788235294117648,,0.0
2025-05-15,8.42,7.98,8.75,7.939999999999999,699381.83,592510.702,0.9779411764705884,,0.0
2025-05-16,7.93,7.75,8.09,7.73,460670.12,368963.402,0.9773013871374528,,0.0
2025-05-19,8.030000000000001,8.540000000000001,8.540000000000001,7.98,307005.13,263146.497,0.9793577981651376,,0.0
2025-05-20,9.41,8.450000000000001,9.41,8.36,1330883.78,1206859.774,0.9791425260718424,,0.0
2025-05-21,8.3,8.620000000000001,9.11,8.02,968580.87,848690.951,0.9795454545454546,,0.0
2025-05-22,8.22,8.11,8.48,8.02,702122.9,584358.628,0.9782870928829916,,0.0
2025-05-23,8.02,7.720000000000001,8.030000000000001,7.720000000000001,460722.88,369926.249,0.9772151898734176,,0.0
2025-05-26,7.800000000000001,7.800000000000001,7.939999999999999,7.73,253811.77,202862.274,0.9774436090225564,,0.0
2025-05-27,7.75,7.7,7.760000000000001,7.63,241485.19,189810.745,0.9771573604060914,,0.0
2025-05-28,7.7,7.66,7.73,7.63,172030.26,135035.806,0.9770408163265306,,0.0
2025-05-29,7.680000000000001,7.79,7.84,7.67,237423.79,188777.253,0.9774153074027604,,0.0
2025-05-30,7.760000000000001,7.79,8.02,7.71,267193.1,214624.151,0.9774153074027604,,0.0
2025-06-03,7.69,7.83,7.880000000000001,7.69,220107.92,175891.486,0.9775280898876404,,0.0
2025-06-04,7.82,7.83,7.85,7.71,178122.14,141846.676,0.9775280898876404,,0.0
2025-06-05,7.81,7.760000000000001,7.859999999999999,7.73,142313.01,113190.17,0.9773299748110832,,0.0
2025-06-06,7.79,7.82,7.92,7.74,225198.72,180862.495,0.9775,,0.0
2025-06-09,7.82,7.81,7.84,7.75,144418.05,115166.79,0.9774718397997496,,0.0
2025-06-10,7.81,8.25,8.4,7.760000000000001,596593.53,492234.017,0.9786476868327404,,0.0
2025-06-11,8.11,8.06,8.26,7.950000000000001,417553.86,344231.066,0.9781553398058253,,0.0
2025-06-12,7.98,7.98,8.02,7.890000000000001,206570.84,167855.512,0.9779411764705884,,0.0
2025-06-13,8.11,8.26,8.32,7.950000000000001,484381.3,403425.499,0.9786729857819906,,0.0
2025-06-16,8.105,8.375,8.445,8.035,397352.78,333894.617,0.9852941176470588,,0.0
2025-06-17,8.295,8.245,8.345,8.175,279178.06,233644.508,0.9850657108721624,,0.0
2025-06-18,8.245,8.125,8.305,8.085,185392.84,153429.055,0.9848484848484848,,0.0
2025-06-19,8.065,7.795,8.075,7.745,286234.0,228791.314,0.9842171717171716,,0.0
2025-06-20,7.815,7.805,7.935,7.755,179492.0,143309.155,0.9842370744010088,,0.0
2025-06-23,8.095,8.145,8.195,7.955,325786.0,267873.664,0.9848851269649336,,0.0
2025-06-24,7.925000000000001,7.895,7.994999999999999,7.875,317903.01,255753.066,0.9844139650872816,,0.0
2025-06-25,7.895,7.994999999999999,8.025,7.835,228140.55,184121.384,0.9846059113300492,,0.0
2025-06-26,7.994999999999999,7.914999999999999,8.005,7.904999999999999,170197.27,137306.391,0.984452736318408,,0.0
2025-06-27,7.914999999999999,7.904999999999999,7.935,7.855,166438.92,133470.094,0.9844333748443338,,0.0
2025-06-30,7.925000000000001,7.925000000000001,7.955,7.865,142364.0,114495.95,0.984472049689441,,0.0
2025-07-01,7.945,7.975,7.994999999999999,7.895,165036.0,133130.723,0.984567901234568,,0.0
2025-07-02,8.025,8.025,8.095,7.955,221027.83,180089.448,0.9846625766871164,,0.0
2025-07-03,8.045,8.165,8.325,8.045,298200.68,247040.996,0.9849215922798552,,0.0
2025-07-04,8.325,8.125,8.355,8.095,306110.6,256208.665,0.9848484848484848,,0.0
2025-07-07,8.095,8.145,8.185,8.045,160464.02,132527.12,0.9848851269649336,,0.0
2025-07-08,8.155,8.155,8.245,8.115,150558.01,124789.142,0.984903381642512,,0.0
2025-07-09,8.145,8.035,8.165,7.994999999999999,192899.95,158379.14,0.9846813725490196,,0.0
2025-07-10,7.994999999999999,8.025,8.055,7.994999999999999,119789.78,97600.129,0.9846625766871164,,0.0
2025-07-11,8.005,8.035,8.055,7.955,126447.5,102922.872,0.9846813725490196,,0.0
2025-07-14,8.025,8.025,8.065,7.994999999999999,99809.0,81448.179,0.9846625766871164,,0.0
2025-07-15,8.035,7.965,8.045,7.875,140650.1,113459.478,0.984548825710754,,0.0
2025-07-16,7.955,8.025,8.025,7.935,81745.0,66391.318,0.9846625766871164,,0.0
2025-07-17,8.015,7.975,8.045,7.935,86678.0,70157.373,0.984567901234568,,0.0
2025-07-18,7.965,7.984999999999999,7.994999999999999,7.925000000000001,88302.0,71357.934,0.9845869297163996,,0.0
2025-07-21,7.965,8.065,8.075,7.955,128591.71,104865.243,0.9847374847374848,,0.0
2025-07-22,8.075,8.145,8.145,8.035,159732.99,131180.886,0.9848851269649336,,0.0
2025-07-23,8.145,8.085,8.155,8.075,157578.05,129833.57,0.9847746650426308,,0.0
2025-07-24,8.075,8.205,8.205,8.065,155373.9,128480.557,0.9849939975990396,,0.0
2025-07-25,8.205,8.275,8.355,8.135,240237.0,201359.892,0.9851190476190476,,0.0
2025-07-28,8.295,8.165,8.295,8.145,136924.0,113994.505,0.9849215922798552,,0.0
2025-07-29,8.155,8.125,8.175,8.065,101259.0,83260.909,0.9848484848484848,,0.0
2025-07-30,8.165,8.485,8.755,8.095,462594.72,395752.643,0.9854819976771196,,0.0
2025-07-31,8.455,8.175,8.475,8.165,274335.64,229679.065,0.9849397590361446,,0.0
2025-08-01,8.185,8.165,8.255,8.145,119819.0,99652.197,0.9849215922798552,,0.0
2025-08-04,8.145,8.255,8.375,8.085,140062.86,117298.713,0.9850835322195703,,0.0
2025-08-05,8.295,8.455,8.455,8.255,176125.95,150036.321,0.9854312354312356,,0.0
2025-08-06,8.505,8.325,8.645,8.285,347069.32,296528.913,0.985207100591716,,0.0
2025-08-07,8.275,8.365,8.365,8.215,193882.57,163227.653,0.9852767962308598,,0.0
2025-08-08,8.325,8.255,8.345,8.245,139377.0,117093.616,0.9850835322195703,,0.0
2025-08-11,8.265,8.265,8.275,8.195,134160.82,112167.884,0.9851013110846244,,0.0
2025-08-12,8.255,8.355,8.435,8.235,218026.82,184642.077,0.985259433962264,,0.0
2025-08-13,8.305,8.265,8.325,8.205,178859.07,149654.212,0.9851013110846244,,0.0
2025-08-14,8.275,8.045,8.305,8.035,235972.28,195126.322,0.9847001223990208,,0.0
2025-08-15,8.025,8.085,8.085,8.005,127453.32,104223.926,0.9847746650426308,,0.0
2025-08-18,8.065,8.085,8.115,8.065,174964.68,143674.883,0.9847746650426308,,0.0
2025-08-19,8.075,8.185,8.335,8.035,219925.17,182747.067,0.9849578820697954,,0.0
2025-08-20,8.195,8.245,8.315,8.165,166774.91,139518.113,0.9850657108721624,,0.0
2025-08-21,8.245,8.435,8.615,8.175,421860.27,361216.969,0.9853971962616822,,0.0
2025-08-22,8.505,8.485,8.565,8.345,256356.85,219196.153,0.9854819976771196,,0.0
2025-08-25,8.525,8.645,8.715,8.455,293237.38,255344.663,0.9857468643101482,,0.0
2025-08-26,8.755,8.845,8.905,8.635,328503.06,293011.232,0.9860646599777034,,0.0
2025-08-27,8.785,8.595,8.975,8.515,297886.06,264486.418,0.9856651376146788,,0.0
2025-08-28,8.565,8.985,9.025,8.375,347389.63,304939.793,0.986278814489572,,0.0
2025-08-29,8.985,8.725,9.045,8.675,284673.33,255224.628,0.9858757062146892,,0.0
2025-09-01,8.775,8.625,8.805,8.575,169402.67,148763.386,0.9857142857142858,,0.0
2025-09-02,8.625,8.685,8.775,8.495,193289.67,169218.292,0.985811577752554,,0.0
2025-09-03,8.665,8.355,8.705,8.325,154224.8,132826.685,0.985259433962264,,0.0
2025-09-04,8.415,8.395,8.465,8.245,142373.0,120974.465,0.9853286384976526,,0.0
2025-09-05,8.395,8.455,8.455,8.275,102634.15,87370.757,0.9854312354312356,,0.0
2025-09-08,8.465,8.635,8.715,8.465,174195.0,152589.072,0.985730593607306,,0.0
2025-09-09,8.635,8.505,8.635,8.435,109366.28,94511.792,0.985515643105446,,0.0
2025-09-10,8.525,8.465,8.545,8.405,75360.18,64709.691,0.9854481955762514,,0.0
2025-09-11,8.525,8.605,8.605,8.435,108277.0,93719.801,0.9856815578465064,,0.0
2025-09-12,8.635,8.675,8.875,8.575,155271.8,137114.268,0.9857954545454546,,0.0
2025-09-15,8.665,8.395,8.705,8.345,197916.49,169754.487,0.9853286384976526,,0.0
2025-09-16,8.415,8.465,8.475,8.375,109949.81,94078.059,0.9854481955762514,,0.0
2025-09-17,8.435,8.375,8.545,8.355,148922.66,127266.332,0.9852941176470588,,0.0
2025-09-18,8.375,8.155,8.385,8.095,207059.66,173262.364,0.984903381642512,,0.0
2025-09-19,8.215,8.305,8.365,8.155,128978.0,108340.744,0.9851720047449584,,0.0
2025-09-22,8.305,8.205,8.305,8.145,91769.0,76290.009,0.9849939975990396,,0.0
2025-09-23,8.185,8.225,8.275,8.085,135066.0,112079.208,0.9850299401197604,,0.0
2025-09-24,8.175,8.275,8.365,8.145,122186.85,102455.909,0.9851190476190476,,0.0
2025-09-25,8.255,8.095,8.255,8.065,146392.35,120847.575,0.984793187347932,,0.0
2025-09-26,8.085,8.135,8.295,8.005,132343.53,109590.563,0.9848668280871672,,0.0
2025-09-29,8.105,8.075,8.125,7.975,95416.02,77958.524,0.9847560975609756,,0.0
2025-09-30,8.065,8.075,8.125,8.055,82599.5,67777.672,0.9847560975609756,,0.0
2025-10-09,8.065,8.085,8.115,7.975,115814.41,94572.811,0.9847746650426308,,0.0
2025-10-10,8.085,8.305,8.375,8.045,180195.0,151121.358,0.9851720047449584,,0.0
2025-10-13,8.175,8.295,8.305,8.105,160198.1,133772.378,0.9851543942992874,,0.0
2025-10-14,8.315,8.405,8.465,8.265,216122.56,183853.946,0.985345838218054,,0.0
2025-10-15,8.365,8.335,8.395,8.235,146258.22,123245.455,0.985224586288416,,0.0
2025-10-16,8.365,8.385,8.445,8.325,139414.64,118667.637,0.9853113983548766,,0.0
2025-10-17,8.375,9.235,9.235,8.325,638017.31,584434.784,0.9866452991452992,,0.0
2025-10-20,9.395,9.795,10.175,9.245,1421585.49,1429677.957,0.9873991935483872,,0.0
2025-10-21,9.665,9.915,9.985,9.225,931327.58,908123.774,0.9875498007968128,,0.0
2025-10-22,9.915,9.465,9.975,9.465,554458.76,539463.405,0.98696558915537,,0.0
2025-10-23,9.67,10.17,10.42,9.52,885263.93,896178.784,0.9931640625,,0.0
2025-10-24,10.28,10.52,11.03,10.05,1069325.53,1130117.77,0.9933899905571292,,0.0
2025-10-27,10.48,10.33,11.36,10.01,1212597.28,1279256.208,0.9932692307692308,,0.0
2025-10-28,10.55,11.37,11.37,10.49,393854.79,440914.222,0.9938811188811189,,0.0
2025-10-29,12.43,11.0,12.43,10.83,1284844.12,1479367.558,0.9936766034327008,,0.0
2025-10-30,10.82,10.25,10.88,10.23,867764.6,914934.351,0.993217054263566,,0.0
2025-10-31,10.3,10.38,10.72,10.07,692950.86,723406.013,0.9933014354066986,,0.0
2025-11-03,10.18,10.24,10.69,10.06,567543.72,595294.427,0.9932104752667312,,0.0
2025-11-04,10.13,10.93,11.27,10.09,777699.5,849738.858,0.9936363636363637,,0.0
2025-11-05,10.71,11.6,11.93,10.7,1210863.04,1366712.587,0.9940017137960584,,0.0
2025-11-06,11.31,10.43,11.32,10.43,918401.17,991687.138,0.9933333333333332,,0.0
2025-11-07,10.62,10.78,10.95,10.45,713768.8,768468.861,0.9935483870967742,,0.0
2025-11-10,10.56,10.8,11.03,10.38,674012.5,727942.146,0.9935602575896963,,0.0
2025-11-11,10.76,10.82,10.93,10.64,445512.34,484282.296,0.9935720844811754,,0.0
2025-11-12,10.8,10.73,11.2,10.59,380860.7,414950.142,0.9935185185185184,,0.0
2025-11-13,10.71,11.04,11.22,10.52,684009.42,759422.568,0.9936993699369936,,0.0
2025-11-14,11.01,11.44,11.62,10.94,762310.73,869394.859,0.9939183318853172,,0.0
2025-11-17,11.74,12.59,12.59,11.65,736167.3,894872.25,0.9944707740916272,,0.0
2025-11-18,12.6,11.51,12.84,11.44,1003106.14,1207052.482,0.9939550949913644,,0.0
2025-11-19,11.7,11.12,11.81,11.05,522445.39,593136.377,0.9937444146559428,,0.0
2025-11-20,11.09,10.93,11.27,10.81,401264.11,444171.372,0.9936363636363637,,0.0
2025-11-21,10.71,10.11,10.93,10.03,536198.21,558685.846,0.9931237721021612,,0.0
2025-11-24,10.29,10.02,10.3,9.83,353934.94,356903.947,0.9930624380574826,,0.0
2025-11-25,10.05,10.52,10.57,9.96,330614.8,344876.197,0.9933899905571292,,0.0
2025-11-26,10.46,10.37,10.59,10.31,256661.39,269582.758,0.993295019157088,,0.0
2025-11-27,10.35,10.12,10.41,10.08,205882.93,211155.408,0.9931305201177624,,0.0
2025-11-28,10.15,10.74,10.86,10.04,404257.76,429223.426,0.9935245143385754,,0.0
2025-12-01,10.73,10.67,10.81,10.58,318045.1,341582.487,0.9934823091247672,,0.0
2025-12-02,10.59,10.87,11.03,10.53,536776.16,585038.082,0.993601462522852,,0.0
2025-12-03,10.79,10.99,11.25,10.69,580728.02,641509.765,0.9936708860759492,,0.0
2025-12-04,10.96,10.84,11.35,10.84,535757.81,595581.615,0.9935838680109992,,0.0
2025-12-05,10.89,11.93,11.93,10.82,768495.69,877437.603,0.9941666666666666,,0.0
2025-12-08,11.93,13.13,13.13,11.83,1085348.59,1355139.736,0.9946969696969696,,0.0
2025-12-09,13.93,14.45,14.45,13.73,667628.34,961619.628,0.9951790633608816,,0.0
2025-12-10,15.89,15.9,15.9,15.02,1449942.97,2288576.749,0.9956167814652472,,0.0
2025-12-11,16.33,15.13,16.93,14.79,1559659.99,2481786.486,0.9953947368421052,,0.0
2025-12-12,15.09,13.81,15.18,13.62,1310685.86,1864830.374,0.994956772334294,,0.0
2025-12-15,14.03,14.08,15.2,13.76,1474367.28,2140258.135,0.9950530035335688,,0.0
2025-12-16,14.1,12.93,14.11,12.88,979541.8,1306085.504,0.9946153846153846,,0.0
2025-12-17,12.92,12.77,13.01,12.56,649986.14,833601.263,0.9945482866043612,,0.0
2025-12-18,12.82,12.58,12.98,12.46,624069.17,795625.951,0.9944664031620554,,0.0
2025-12-19,12.48,13.1,13.48,12.44,806508.3,1059762.749,0.9946848899012908,,0.0
2025-12-22,13.13,13.36,13.6,12.84,717297.42,958143.727,0.9947877885331348,,0.0
2025-12-23,13.37,13.64,14.3,13.16,985533.91,1355331.207,0.9948942377826404,,0.0
2025-12-24,13.39,14.13,14.3,13.31,799259.75,1120793.668,0.9950704225352112,,0.0
2025-12-25,14.28,14.1,14.91,13.84,927541.92,1335991.87,0.995059985885674,,0.0
2025-12-26,13.85,14.29,14.37,13.66,802750.76,1131921.387,0.995125348189415,,0.0
2025-12-29,14.2,14.55,15.04,13.66,843916.16,1221883.042,0.9952120383036936,,0.0
2025-12-30,14.73,13.79,14.73,13.73,744934.97,1050103.425,0.9949494949494948,,0.0
2025-12-31,13.42,13.0,13.53,12.82,591340.66,775861.071,0.9946442234123948,,0.0
2026-01-05,12.85,12.72,13.11,12.61,451529.17,579796.935,0.9945269741985926,,0.0
2026-01-06,12.69,12.81,12.89,12.69,333213.33,428209.736,0.9945652173913044,,0.0
2026-01-07,12.96,14.1,14.1,12.96,711009.08,975379.04,0.995059985885674,,0.0
2026-01-08,14.33,14.12,14.73,14.03,837263.61,1204838.283,0.9950669485553206,,0.0
2026-01-09,13.93,13.91,14.21,13.76,546833.21,765430.232,0.9949928469241772,,0.0
2026-01-12,13.91,14.08,14.29,13.81,547468.19,773020.776,0.9950530035335688,,0.0
2026-01-13,14.08,13.86,14.78,13.75,749215.7,1076468.327,0.9949748743718592,,0.0
2026-01-14,13.86,13.38,13.89,13.19,594581.47,811486.402,0.9947955390334572,,0.0
2026-01-15,13.24,12.84,13.36,12.75,383417.24,499891.606,0.994577846630519,,0.0
2026-01-16,12.92,12.81,13.06,12.67,267611.99,345514.364,0.9945652173913044,,0.0
2026-01-19,12.91,13.53,13.81,12.85,510731.72,689896.602,0.9948529411764706,,0.0
2026-01-20,13.4,12.85,13.4,12.75,377826.86,493028.864,0.9945820433436532,,0.0
2026-01-21,12.75,12.77,12.89,12.37,213839.65,273615.179,0.9945482866043612,,0.0
2026-01-22,12.77,12.96,12.98,12.77,190426.62,246916.713,0.9946277820414428,,0.0
2026-01-23,12.99,13.27,13.39,12.9,288186.05,382198.946,0.994752623688156,,0.0
2026-01-26,13.27,12.87,13.28,12.81,261034.58,339928.895,0.9945904173106646,,0.0
2026-01-27,12.91,13.2,13.37,12.58,360181.43,473400.058,0.9947249434815372,,0.0
2026-01-28,13.35,13.29,13.63,13.1,300772.73,401864.885,0.994760479041916,,0.0
2026-01-29,13.18,12.87,13.33,12.78,289102.09,377942.157,0.9945904173106646,,0.0
2026-01-30,12.76,12.58,12.95,12.41,235111.14,298621.192,0.9944664031620554,,0.0
2026-02-02,12.53,12.14,12.7,12.13,198344.58,246961.026,0.9942669942669944,,0.0
2026-02-03,12.23,12.41,12.44,12.17,157267.94,195138.234,0.9943910256410255,,0.0
2026-02-04,12.39,12.48,12.67,12.28,145031.43,181873.943,0.994422310756972,,0.0
2026-02-05,12.71,13.09,13.41,12.71,588414.05,777387.498,0.9946808510638298,,0.0
2026-02-06,12.8,12.45,12.82,12.2,432059.12,538842.018,0.994408945686901,,0.0
2026-02-09,12.41,12.46,12.55,12.4,189343.03,237370.501,0.994413407821229,,0.0
2026-02-10,12.46,12.28,12.47,12.23,151761.13,187550.071,0.994331983805668,,0.0
2026-02-11,12.28,12.22,12.33,12.18,109478.2,134761.597,0.9943043124491456,,0.0
2026-02-12,12.22,12.16,12.34,12.06,127499.01,156333.975,0.9942763695829926,,0.0
2026-02-13,12.13,12.15,12.29,12.12,83935.35,102993.036,0.9942716857610474,,0.0
2026-02-24,12.37,12.23,12.42,12.2,148451.29,183508.37,0.9943089430894309,,0.0
2026-02-25,12.18,12.35,12.58,12.11,237212.98,296063.915,0.9943639291465378,,0.0
2026-02-26,12.33,12.48,12.66,12.25,183093.81,229541.205,0.994422310756972,,0.0
2026-02-27,12.41,12.67,12.73,12.31,251077.89,317202.836,0.9945054945054944,,0.0
2026-03-02,12.63,13.42,13.71,12.62,547975.49,718588.392,0.994810971089696,,0.0
2026-03-03,13.29,13.72,14.61,12.96,782952.46,1074349.927,0.9949238578680204,,0.0
2026-03-04,13.24,12.92,13.43,12.34,504558.13,648383.819,0.9946112394149346,,0.0
2026-03-05,12.76,12.52,12.92,12.47,315863.05,400918.364,0.994440031771247,,0.0
2026-03-06,12.510000000000002,12.68,12.72,12.31,198737.24,250546.294,0.9968553459119498,,0.0
2026-03-09,12.62,12.260000000000002,12.86,12.15,252043.4,312351.753,0.9967479674796748,,0.0
2026-03-10,12.28,12.36,12.510000000000002,12.28,136091.34,168934.125,0.9967741935483873,,0.0
2026-03-11,12.340000000000002,12.13,12.340000000000002,12.07,174200.66,212383.887,0.9967132292522596,,0.0
2026-03-12,12.11,11.86,12.14,11.760000000000002,179427.1,214755.91,0.996638655462185,,0.0
2026-03-13,11.78,11.66,11.91,11.66,123493.01,145977.784,0.9965811965811968,,0.0
2026-03-16,11.760000000000002,11.920000000000002,12.010000000000002,11.71,136286.11,162479.02,0.9966555183946488,,0.0
2026-03-17,11.91,11.43,11.920000000000002,11.420000000000002,168045.15,196558.36,0.996512641673932,,0.0
2026-03-18,11.420000000000002,11.38,11.47,11.170000000000002,131554.66,149260.514,0.9964973730297724,,0.0
2026-03-19,11.33,11.010000000000002,11.36,10.95,145967.0,162748.719,0.9963800904977376,,0.0
2026-03-20,11.010000000000002,10.9,11.25,10.87,125665.58,139536.48,0.9963436928702012,,0.0
2026-03-23,10.72,10.41,10.81,10.31,191864.59,203564.904,0.9961722488038278,,0.0
2026-03-24,10.6,10.73,10.75,10.45,145321.01,154793.928,0.9962859795728878,,0.0
2026-03-25,10.81,11.48,11.72,10.73,292083.94,327589.649,0.996527777777778,,0.0
2026-03-26,11.23,10.920000000000002,11.3,10.87,208781.89,231503.218,0.9963503649635036,,0.0
2026-03-27,10.71,10.94,11.03,10.670000000000002,117931.98,128965.983,0.9963570127504554,,0.0
2026-03-30,10.73,11.58,11.7,10.73,359115.84,411626.9,0.9965576592082616,,0.0
2026-03-31,11.54,11.77,12.11,11.54,397139.06,473444.347,0.9966130397967824,,0.0
2026-04-01,11.9,11.4,11.920000000000002,11.36,259160.89,300000.231,0.9965034965034966,,0.0
2026-04-02,11.46,11.66,11.81,11.420000000000002,244301.66,286103.821,0.9965811965811968,,0.0
2026-04-03,11.61,11.260000000000002,11.670000000000002,11.22,169228.0,193033.373,0.9964601769911504,,0.0
2026-04-07,11.260000000000002,11.39,11.52,11.260000000000002,134956.85,154492.564,0.9965004374453196,,0.0
2026-04-08,11.55,11.81,11.81,11.420000000000002,186291.75,218529.125,0.9966244725738396,,0.0
2026-04-09,11.69,11.54,11.760000000000002,11.47,142868.98,165488.765,0.996545768566494,,0.0
2026-04-10,11.66,11.23,11.66,11.23,248706.36,284461.501,0.9964507542147294,,0.0
2026-04-13,11.840000000000002,11.31,11.95,11.31,292716.49,338837.935,0.9964757709251102,,0.0
2026-04-14,11.18,11.03,11.29,10.9,228494.5,252363.863,0.996386630532972,,0.0
2026-04-15,10.99,10.88,11.06,10.83,148437.45,162727.537,0.9963369963369964,,0.0
2026-04-16,10.89,10.99,11.1,10.79,119335.67,130901.009,0.9963735267452404,,0.0
2026-04-17,10.9,10.91,10.98,10.86,87024.23,95222.445,0.9963470319634704,,0.0
2026-04-20,10.95,11.05,11.090000000000002,10.95,109939.57,121770.86,0.9963931469792606,,0.0
2026-04-21,11.010000000000002,10.85,11.010000000000002,10.81,97080.1,105862.681,0.9963269054178144,,0.0
2026-04-22,10.79,10.760000000000002,10.85,10.69,91292.0,98374.259,0.9962962962962963,,0.0
2026-04-23,10.77,10.81,10.93,10.57,142436.63,153255.312,0.9963133640552996,,0.0
2026-04-24,10.71,10.6,10.79,10.57,92319.07,98774.7,0.9962406015037596,,0.0
2026-04-27,10.58,10.73,10.75,10.41,88585.88,94249.032,0.9962859795728878,,0.0
2026-04-28,10.63,10.78,11.06,10.5,146709.0,158371.016,0.9963031423290204,,0.0
2026-04-29,10.66,10.75,10.83,10.57,100547.58,108242.359,0.9962928637627434,,0.0
2026-04-30,10.74,10.87,10.9,10.7,109780.53,119177.306,0.996333638863428,,0.0
2026-05-06,10.96,11.010000000000002,11.1,10.89,129415.95,142962.871,0.9963800904977376,,0.0
2026-05-07,11.090000000000002,11.260000000000002,11.340000000000002,10.98,153490.32,172378.395,0.9964601769911504,,0.0
2026-05-08,11.23,11.47,11.53,11.19,171186.48,196648.189,0.996524761077324,,0.0
2026-05-11,11.48,11.4,11.5,11.29,145822.37,166489.117,0.9965034965034966,,0.0
2026-05-12,11.38,11.45,11.5,11.36,125602.61,143956.201,0.9965187119234116,,0.0
2026-05-13,11.41,11.72,11.760000000000002,11.36,179449.97,209157.916,0.9965986394557824,,0.0
2026-05-14,11.77,11.39,11.82,11.36,225446.0,262226.556,0.9965004374453196,,0.0
2026-05-15,11.27,10.88,11.36,10.78,195160.5,215752.099,0.9963369963369964,,0.0
2026-05-18,10.8,10.670000000000002,10.85,10.57,120523.85,129484.026,0.9962651727357612,,0.0
2026-05-19,10.71,10.840000000000002,11.0,10.670000000000002,117505.78,127369.254,0.9963235294117648,,0.0
2026-05-20,10.74,10.11,10.83,10.04,254994.03,264226.66,0.9960591133004928,,0.0
2026-05-21,10.16,9.95,10.29,9.89,163783.01,166178.561,0.995995995995996,,0.0
2026-05-22,9.98,10.0,10.08,9.9,96915.46,96820.17,1.0,,0.0
2026-05-25,10.02,9.7,10.02,9.68,141421.04,138554.764,1.0,,0.0
2026-05-26,9.65,9.63,9.75,9.55,111786.56,107510.137,1.0,,0.0
2026-05-27,9.58,9.38,9.62,9.31,112699.41,105853.106,1.0,,0.0
2026-05-28,9.37,9.35,9.54,9.2,99686.0,93432.252,1.0,,0.0
2026-05-29,9.36,9.28,9.45,9.25,92966.49,86796.84184,1.0,,0.0
2026-06-01,9.25,9.34,9.48,9.15,89345.98,83745.40728,1.0,,0.0
2026-06-02,9.34,9.16,9.35,9.07,90695.01,83118.73513,1.0,,0.0
2026-06-03,9.15,9.12,9.2,9.02,74983.02,68320.82918,1.0,,0.0
2026-06-04,9.09,8.93,9.16,8.88,98715.0,88677.695,1.0,,0.0
2026-06-05,9.0,9.0,9.14,8.95,92308.0,83449.363,1.0,,0.0
2026-06-08,8.88,8.7,9.02,8.6,115319.0,101359.75466,1.0,,0.0
2026-06-09,8.71,8.66,8.86,8.59,76208.5,65947.60392,1.0,,0.0
2026-06-10,8.66,8.53,8.66,8.4,112568.99,95912.3884,1.0,,0.0
2026-06-11,8.46,8.36,8.56,8.33,82149.0,68967.82799,1.0,,0.0
2026-06-12,8.45,8.65,8.72,8.43,113666.0,97872.771,1.0,,0.0
2026-06-15,8.8,8.86,9.02,8.72,142761.73,126651.85952,1.0,,0.0
2026-06-16,8.8,8.77,8.95,8.64,105098.51,92636.89084,1.0,,0.0
2026-06-17,8.78,8.61,8.81,8.57,84901.85,73289.84227,1.0,,0.0
2026-06-18,8.65,8.57,8.67,8.5,76690.26,65612.45246,1.0,,0.0
2026-06-22,8.59,8.47,8.59,8.19,115787.16,96444.20249,1.0,,0.0
2026-06-23,8.43,8.46,8.66,8.36,85373.16,72993.47096,1.0,,0.0
2026-06-24,8.47,8.31,8.49,8.25,76033.0,63457.878,1.0,,0.0
2026-06-25,8.31,8.21,8.37,8.16,84166.84,69409.08486,1.0,,0.0
2026-06-26,8.23,7.96,8.23,7.9,113054.13,90875.55904,1.0,,0.0
2026-06-29,7.95,7.88,7.95,7.69,118826.33,93175.76223,1.0,,0.0
2026-06-30,7.88,7.76,7.88,7.7,105760.43,82193.92358,1.0,,0.0
2026-07-01,7.78,8.01,8.05,7.75,117981.37,93497.93333,1.0,,0.0
2026-07-02,7.99,8.09,8.36,7.94,138760.94,113459.0718,1.0,,0.0
2026-07-03,8.09,8.09,8.15,7.98,109206.43,88184.93039,1.0,,0.0
2026-07-06,8.13,8.1,8.23,8.05,87542.09,71139.57682,1.0,,0.0
2026-07-07,8.04,7.87,8.09,7.85,77486.01,61486.75039,1.0,,0.0
2026-07-08,7.88,7.76,7.92,7.74,71033.0,55451.911,1.0,,0.0
2026-07-09,7.73,7.73,7.82,7.6,86521.39,66611.01198,1.0,,0.0
2026-07-10,7.72,7.89,8.0,7.58,111825.62,87740.17908,1.0,,0.0
2026-07-13,7.89,7.66,7.89,7.61,90485.82,69844.9003,1.0,,0.0
2026-07-14,7.61,7.88,7.9,7.59,87426.33,67860.27213,1.0,,0.0
2026-07-15,8.15,8.12,8.33,7.93,150524.0,122601.624,1.0,,0.0
2026-07-16,8.07,8.26,8.39,8.06,141539.56,116967.70332,1.0,,0.0
2026-07-17,8.28,8.01,8.35,7.97,127111.03,103439.09403,1.0,,0.0
2026-07-20,8.02,8.04,8.2,7.95,129131.34,104429.3097,1.0,,0.0
2026-07-21,8.06,7.97,8.06,7.82,140647.51,111625.89742,1.0,,0.0
2026-07-22,7.97,8.01,8.04,7.89,90928.64,72409.06784,1.0,,0.0
2026-07-23,7.97,8.57,8.58,7.94,186655.47,155565.30494,1.0,,0.0
2026-07-24,8.55,8.29,8.57,8.25,175827.01,146930.83234,1.0,,0.0
2026-07-27,8.23,8.54,8.6,8.15,155925.24,131938.48322,1.0,,0.0
2026-07-28,8.5,8.46,8.6,8.42,100204.0,85108.17156,1.0,,0.0
2026-07-29,8.59,8.48,8.59,8.3,111367.91,94214.68034,1.0,,0.0
2026-07-30,8.43,8.43,8.57,8.38,111290.0,94271.826,1.0,,0.0
2026-07-31,8.43,8.55,8.57,8.42,100249.13,85208.01702,1.0,,0.0
2026-08-03,8.55,8.79,8.8,8.52,107715.15,93765.6127,1.0,,0.0
2026-08-04,8.78,8.66,8.88,8.63,103175.46,90032.03848,1.0,,0.0
2026-08-05,8.65,8.73,8.82,8.61,95811.53,83464.37687,1.0,,0.0
2026-08-06,8.68,8.61,8.71,8.52,83938.13,72227.55867,1.0,,0.0
2026-08-07,8.58,8.54,8.59,8.43,71975.75,61198.5855,1.0,,0.0
2026-08-10,8.55,8.79,8.8,8.49,96961.24,84404.14844,1.0,,0.0
2026-08-11,8.78,8.62,8.78,8.6,71684.0,62033.052,1.0,,0.0
2026-08-12,8.63,8.7,8.76,8.58,62557.08,54394.0796,1.0,0.8433,0.0
2026-08-13,8.76,8.5,8.76,8.49,76457.0,65580.153,1.0,1.03,0.0
2026-08-14,8.55,8.36,8.55,8.33,82600.18,69217.97449,1.0,1.11,0.0
2026-08-17,8.38,8.56,8.57,8.31,81634.85,69356.95619,1.0,0.0,0.0
2026-08-18,8.54,8.67,8.89,8.51,132224.03,115491.80101,1.0,0.0,0.0
2026-08-19,8.59,8.48,8.67,8.45,107023.91,91274.23768,1.0,0.0,0.0
2026-08-20,8.48,8.51,8.64,8.43,69134.0,59004.31,1.0,0.4483,0.932
2026-08-21,8.53,8.57,8.59,8.41,60435.92,51466.77152,1.0,0.3919,0.8147
2026-08-24,8.59,8.54,8.62,8.43,60184.8,51233.6822,1.0,0.3902,0.8113
2026-08-25,8.46,8.88,8.97,8.46,176185.32,155463.74378,1.0,1.1423,2.3751
2026-08-26,8.85,8.73,8.95,8.6,156097.13,136186.2185,1.0,1.0121,2.1043
2026-08-27,8.67,8.88,8.95,8.61,133901.71,118095.15746,1.0,0.8682,1.8051
2026-08-28,8.9,8.97,9.14,8.8,131817.68,117805.36835,1.0,0.8547,1.777
2026-08-31,8.93,8.77,8.95,8.7,110373.81,96763.0688,1.0,0.7156,1.4879
2026-09-01,8.73,8.89,8.99,8.71,106971.08,95335.3382,1.0,0.6936,1.442
2026-09-02,8.9,8.9,8.98,8.78,91909.28,81724.26188,1.0,0.5959,1.239
2026-09-03,8.91,8.96,9.07,8.87,102002.0,91653.754,1.0,0.6614,1.375
2026-09-04,8.94,9.33,9.6,8.85,305392.58,283493.44633,1.0,1.9801,4.1169
2026-09-07,9.27,9.13,9.35,9.03,233834.27,213895.10098,1.0,1.5161,3.1522
2026-09-08,9.13,9.19,9.25,9.07,152764.73,140005.84134,1.0,0.9905,2.0594
2026-09-09,9.18,9.43,9.5,9.03,230013.97,214489.58071,1.0,1.4914,3.1007
2026-09-10,9.4,9.46,9.66,9.27,264871.09,251507.98431,1.0,1.7174,3.5706
2026-09-11,9.31,9.02,9.55,8.98,237384.12,216631.02914,1.0,1.5391,3.2001
2026-09-14,9.03,9.01,9.38,8.9,191197.55,173562.90905,1.0,1.2397,2.5775
2026-09-15,9.0,9.06,9.22,8.87,161271.1,145736.12433,1.0,1.0456,2.174
2026-09-16,9.02,9.32,9.41,9.02,291769.25,271733.66091,1.0,1.8918,3.9332
2026-09-17,9.28,9.06,9.39,8.76,244122.25,219696.60396,1.0,1.5828,3.2909
2026-09-18,9.08,9.4,9.7,8.91,296838.01,278703.76301,1.0,1.9246,4.0015
2026-09-21,9.39,9.37,9.4,9.17,165555.98,154273.77546,1.0,1.0734,2.2318
2026-09-22,9.38,9.34,9.5,9.19,178120.1,166202.7305,1.0,1.1549,2.4012
