date,open,close,high,low,volume,money,factor,turnover,turnover_free
2021-05-10,7.300000000000001,7.9,7.92,7.24,406087.97,334136.057,0.9294117647058824,,0.0
2021-05-11,7.9,8.25,8.65,7.31,638902.23,554982.985,0.9322033898305084,,0.0
2021-05-12,8.13,8.93,9.05,8.13,627725.67,578538.241,0.9370409233997902,,0.0
2021-05-13,8.6,8.77,9.28,8.51,554165.89,522193.966,0.935965848452508,,0.0
2021-05-14,8.68,8.700000000000001,8.780000000000001,8.360000000000001,397712.96,364288.624,0.935483870967742,,0.0
2021-05-17,8.530000000000001,8.290000000000001,8.610000000000001,8.22,279155.36,251448.672,0.9325084364454445,,0.0
2021-05-18,8.18,8.42,8.540000000000001,8.13,258581.17,231681.292,0.933481152993348,,0.0
2021-05-19,8.39,7.99,8.51,7.99,272469.43,241680.68,0.930151338766007,,0.0
2021-05-20,7.960000000000001,7.65,8.15,7.52,294891.09,247405.64,0.9272727272727274,,0.0
2021-05-21,7.68,7.56,7.77,7.530000000000001,173391.73,142815.951,0.9264705882352942,,0.0
2021-05-24,7.550000000000001,7.630000000000001,7.630000000000001,7.36,177759.76,144159.256,0.9270959902794654,,0.0
2021-05-25,7.56,8.02,8.07,7.550000000000001,294681.01,248588.862,0.9303944315545244,,0.0
2021-05-26,7.91,7.82,8.1,7.77,210055.57,178631.568,0.9287410926365796,,0.0
2021-05-27,7.81,7.640000000000001,7.82,7.610000000000001,152512.54,126274.121,0.9271844660194176,,0.0
2021-05-28,7.700000000000001,7.49,7.76,7.4,187490.26,152880.205,0.9258343634116192,,0.0
2021-05-31,7.51,7.640000000000001,7.689999999999999,7.300000000000001,187895.29,152247.069,0.9271844660194176,,0.0
2021-06-01,7.640000000000001,7.380000000000001,7.689999999999999,7.37,194492.86,156920.874,0.924812030075188,,0.0
2021-06-02,7.300000000000001,7.07,7.32,7.04,174069.97,135138.38,0.9217731421121252,,0.0
2021-06-03,7.07,7.08,7.130000000000001,7.010000000000001,81040.0,62161.762,0.921875,,0.0
2021-06-04,7.07,6.970000000000001,7.12,6.96,86559.41,65985.384,0.9207397622192868,,0.0
2021-06-07,6.930000000000001,6.98,7.0200000000000005,6.8500000000000005,85040.11,64074.835,0.920844327176781,,0.0
2021-06-08,6.99,6.91,7.0200000000000005,6.8100000000000005,70996.0,53344.135,0.9201065246338216,,0.0
2021-06-09,6.91,6.930000000000001,6.970000000000001,6.86,59791.0,44925.039,0.9203187250996016,,0.0
2021-06-10,6.930000000000001,6.7,6.930000000000001,6.69,118045.0,86893.433,0.9178082191780822,,0.0
2021-06-11,6.680000000000001,6.66,6.800000000000001,6.65,65980.0,48183.205,0.9173553719008264,,0.0
2021-06-15,6.67,6.57,6.69,6.54,60724.0,43625.707,0.9163179916317992,,0.0
2021-06-16,6.57,6.5,6.58,6.470000000000001,53889.0,38325.012,0.9154929577464788,,0.0
2021-06-17,6.470000000000001,6.53,6.61,6.470000000000001,58449.0,41839.567,0.9158485273492286,,0.0
2021-06-18,6.5200000000000005,6.67,6.67,6.45,74073.59,53080.924,0.9174690508940854,,0.0
2021-06-21,6.65,6.720000000000001,6.78,6.61,79133.59,57824.958,0.918032786885246,,0.0
2021-06-22,6.720000000000001,6.65,6.7700000000000005,6.61,54868.75,39854.079,0.9172413793103448,,0.0
2021-06-23,6.65,6.680000000000001,6.71,6.54,60207.0,43499.582,0.9175824175824177,,0.0
2021-06-24,6.640000000000001,6.54,6.66,6.54,50027.0,35915.827,0.915966386554622,,0.0
2021-06-25,6.5600000000000005,6.71,6.73,6.5200000000000005,66230.3,47864.581,0.917920656634747,,0.0
2021-06-28,6.69,6.74,6.75,6.67,53335.49,39019.248,0.9182561307901907,,0.0
2021-06-29,6.74,6.67,6.760000000000001,6.61,45848.0,33401.681,0.9174690508940854,,0.0
2021-06-30,6.67,6.86,6.94,6.640000000000001,102673.01,75999.53,0.9195710455764076,,0.0
2021-07-01,6.8100000000000005,7.12,7.25,6.78,238975.46,183395.845,0.922279792746114,,0.0
2021-07-02,7.0200000000000005,6.9,7.1000000000000005,6.86,134003.01,101093.969,0.92,,0.0
2021-07-05,6.840000000000001,6.680000000000001,6.92,6.65,102096.01,74698.716,0.9175824175824177,,0.0
2021-07-06,6.69,6.5600000000000005,6.69,6.48,84206.09,60233.188,0.9162011173184358,,0.0
2021-07-07,6.5,6.550000000000001,6.590000000000001,6.5,48199.88,34413.179,0.916083916083916,,0.0
2021-07-08,6.550000000000001,6.430000000000001,6.58,6.430000000000001,66654.0,47147.452,0.914651493598862,,0.0
2021-07-09,6.4,6.41,6.42,6.2700000000000005,61448.0,42648.943,0.914407988587732,,0.0
2021-07-12,6.430000000000001,6.5,6.5200000000000005,6.42,44914.09,31804.898,0.9154929577464788,,0.0
2021-07-13,6.58,6.590000000000001,6.630000000000001,6.510000000000001,63346.5,45481.28,0.9165507649513214,,0.0
2021-07-14,6.630000000000001,6.75,6.82,6.54,104440.0,76271.462,0.9183673469387756,,0.0
2021-07-15,6.75,6.65,6.75,6.590000000000001,61851.79,44794.175,0.9172413793103448,,0.0
2021-07-16,6.640000000000001,6.58,6.66,6.57,43962.98,31665.157,0.9164345403899722,,0.0
2021-07-19,6.5200000000000005,6.66,6.71,6.5200000000000005,54062.0,39105.547,0.9173553719008264,,0.0
2021-07-20,6.58,6.78,6.800000000000001,6.5600000000000005,77898.01,57204.655,0.91869918699187,,0.0
2021-07-21,6.75,6.800000000000001,6.8500000000000005,6.7,69288.34,51023.098,0.918918918918919,,0.0
2021-07-22,6.800000000000001,6.7,6.800000000000001,6.66,59465.0,43474.233,0.9178082191780822,,0.0
2021-07-23,6.67,6.5600000000000005,6.680000000000001,6.54,52476.5,37772.813,0.9162011173184358,,0.0
2021-07-26,6.53,6.45,6.550000000000001,6.36,46362.37,32759.574,0.9148936170212768,,0.0
2021-07-27,6.430000000000001,6.3100000000000005,6.5200000000000005,6.300000000000001,48566.77,33957.392,0.9131693198263386,,0.0
2021-07-28,6.28,6.07,6.32,5.92,71643.07,47754.061,0.9100449775112444,,0.0
2021-07-29,6.12,6.090000000000001,6.2,6.08,42817.04,28785.976,0.9103139013452916,,0.0
2021-07-30,6.08,6.130000000000001,6.140000000000001,5.930000000000001,42477.63,28227.449,0.910846953937593,,0.0
2021-08-02,6.130000000000001,6.24,6.24,5.99,42197.47,28506.126,0.912280701754386,,0.0
2021-08-03,6.24,6.300000000000001,6.380000000000001,6.2,50458.46,34855.108,0.9130434782608696,,0.0
2021-08-04,6.300000000000001,6.180000000000001,6.300000000000001,6.16,48327.08,32832.059,0.9115044247787611,,0.0
2021-08-05,6.180000000000001,6.130000000000001,6.260000000000001,6.08,36215.0,24505.571,0.910846953937593,,0.0
2021-08-06,6.130000000000001,6.090000000000001,6.15,6.050000000000001,32492.68,21746.215,0.9103139013452916,,0.0
2021-08-09,6.1000000000000005,6.16,6.19,6.08,32228.08,21746.34,0.911242603550296,,0.0
2021-08-10,6.16,6.23,6.25,6.130000000000001,36946.88,25129.328,0.9121522693997072,,0.0
2021-08-11,6.25,6.2,6.2700000000000005,6.16,40814.15,27742.237,0.911764705882353,,0.0
2021-08-12,6.21,6.19,6.25,6.18,32518.0,21816.349,0.9252615844544096,,0.0
2021-08-13,6.19,6.23,6.23,6.15,33341.91,22322.121,0.925705794947994,,0.0
2021-08-16,6.23,6.28,6.33,6.18,40919.96,27709.897,0.9262536873156342,,0.0
2021-08-17,6.28,6.11,6.28,6.1,44671.0,29947.808,0.924357034795764,,0.0
2021-08-18,6.1,6.15,6.16,6.09,29884.0,19793.95,0.924812030075188,,0.0
2021-08-19,6.14,6.2,6.26,6.11,32857.0,21997.682,0.9253731343283582,,0.0
2021-08-20,6.19,6.18,6.21,6.09,35115.0,23299.376,0.9251497005988024,,0.0
2021-08-23,6.18,6.22,6.24,6.15,34671.0,23254.574,0.925595238095238,,0.0
2021-08-24,6.23,6.22,6.27,6.19,43719.41,29395.242,0.925595238095238,,0.0
2021-08-25,6.21,6.31,6.32,6.18,49600.01,33590.085,0.9265785609397944,,0.0
2021-08-26,6.29,6.27,6.31,6.23,42384.62,28695.539,0.9261447562776955,,0.0
2021-08-27,6.27,6.36,6.39,6.23,51599.62,35152.967,0.9271137026239068,,0.0
2021-08-30,6.37,6.27,6.38,6.24,41691.01,28342.181,0.9261447562776955,,0.0
2021-08-31,6.3,6.27,6.3,6.23,36050.0,24373.975,0.9261447562776955,,0.0
2021-09-01,6.26,6.3,6.32,6.24,48177.01,32676.902,0.9264705882352942,,0.0
2021-09-02,6.3,6.29,6.3,6.25,37545.76,25445.394,0.9263622974963182,,0.0
2021-09-03,6.28,6.37,6.4,6.28,58182.59,39897.05,0.9272197962154294,,0.0
2021-09-06,6.4,6.62,6.63,6.39,95830.6,67370.219,0.9297752808988764,,0.0
2021-09-07,6.62,6.65,6.7,6.57,77693.11,55395.498,0.93006993006993,,0.0
2021-09-08,6.67,6.67,6.69,6.61,61269.12,43832.47,0.9302649930264992,,0.0
2021-09-09,6.66,6.7,6.75,6.62,60671.09,43705.386,0.9305555555555556,,0.0
2021-09-10,6.7,6.65,6.85,6.65,78909.0,57113.297,0.93006993006993,,0.0
2021-09-13,6.61,6.72,6.75,6.59,56361.0,40593.609,0.9307479224376732,,0.0
2021-09-14,6.73,6.59,6.77,6.55,66269.01,47389.543,0.9294781382228492,,0.0
2021-09-15,6.59,6.59,6.64,6.54,39183.0,27798.92,0.9294781382228492,,0.0
2021-09-16,6.56,6.54,6.69,6.52,44738.0,31743.307,0.9289772727272728,,0.0
2021-09-17,6.56,6.64,6.69,6.48,63576.62,45006.606,0.9299719887955182,,0.0
2021-09-22,6.6,6.78,6.79,6.55,79766.5,57667.748,0.9313186813186812,,0.0
2021-09-23,6.8,6.77,6.83,6.73,58849.01,42764.581,0.9312242090784044,,0.0
2021-09-24,6.78,6.63,6.78,6.63,44447.0,31955.371,0.9298737727910238,,0.0
2021-09-27,6.63,6.4,6.64,6.32,55407.01,38705.662,0.927536231884058,,0.0
2021-09-28,6.4,6.51,6.52,6.35,37366.23,25946.453,0.92867332382311,,0.0
2021-09-29,6.48,6.23,6.48,6.22,47583.0,32387.557,0.925705794947994,,0.0
2021-09-30,6.26,6.29,6.32,6.23,22475.0,15226.197,0.9263622974963182,,0.0
2021-10-08,6.32,6.7,6.71,6.32,95766.5,67967.569,0.9305555555555556,,0.0
2021-10-11,6.72,6.68,6.78,6.64,46847.02,33649.746,0.9303621169916436,,0.0
2021-10-12,6.68,6.79,6.9,6.63,114572.81,83391.255,0.9314128943758574,,0.0
2021-10-13,6.8,6.92,6.94,6.71,127109.01,93413.907,0.9326145552560648,,0.0
2021-10-14,6.9,6.73,6.93,6.72,81422.0,59436.15,0.9308437067773168,,0.0
2021-10-15,6.78,6.68,6.8,6.6,53828.0,38593.882,0.9303621169916436,,0.0
2021-10-18,6.63,6.68,6.7,6.56,39558.51,28232.94,0.9303621169916436,,0.0
2021-10-19,6.63,6.66,6.73,6.63,30507.0,21864.113,0.9301675977653632,,0.0
2021-10-20,6.63,6.45,6.63,6.43,63216.5,44138.163,0.9280575539568344,,0.0
2021-10-21,6.44,6.36,6.52,6.34,43666.0,30196.852,0.9271137026239068,,0.0
2021-10-22,6.34,6.26,6.43,6.25,35909.0,24518.57,0.9260355029585798,,0.0
2021-10-25,6.26,6.37,6.37,6.22,28394.0,19280.359,0.9272197962154294,,0.0
2021-10-26,6.36,6.17,6.36,6.16,42760.0,28824.217,0.9250374812593704,,0.0
2021-10-27,6.11,5.95,6.18,5.92,54486.0,35498.887,0.9224806201550388,,0.0
2021-10-28,5.95,5.9,5.98,5.88,25356.0,16275.307,0.921875,,0.0
2021-10-29,5.93,6.03,6.07,5.9,24241.79,15750.278,0.9234303215926492,,0.0
2021-11-01,6.03,6.05,6.05,5.92,19960.0,12980.335,0.9236641221374046,,0.0
2021-11-02,6.03,5.89,6.07,5.83,27936.0,18010.289,0.9217527386541472,,0.0
2021-11-03,5.9,5.96,5.97,5.88,13153.0,8446.376,0.9226006191950464,,0.0
2021-11-04,5.96,5.94,5.97,5.87,24774.16,15883.915,0.922360248447205,,0.0
2021-11-05,5.94,5.9,5.94,5.88,17642.52,11301.466,0.921875,,0.0
2021-11-08,5.89,5.91,5.92,5.83,14577.0,9320.69,0.921996879875195,,0.0
2021-11-09,5.91,5.98,5.98,5.91,17523.62,11304.288,0.9228395061728396,,0.0
2021-11-10,5.96,6.02,6.03,5.92,18649.45,12087.449,0.9233128834355828,,0.0
2021-11-11,6.0,6.06,6.07,6.0,17769.44,11619.543,0.923780487804878,,0.0
2021-11-12,6.09,6.07,6.11,6.03,16693.0,10950.263,0.923896499238965,,0.0
2021-11-15,6.05,6.15,6.17,6.04,22697.01,15029.825,0.924812030075188,,0.0
2021-11-16,6.15,6.12,6.23,6.1,30052.03,20044.2,0.9244712990936556,,0.0
2021-11-17,6.11,6.39,6.45,6.11,67229.99,45798.208,0.9274310595065312,,0.0
2021-11-18,6.33,6.22,6.33,6.2,49043.05,33129.384,0.925595238095238,,0.0
2021-11-19,6.22,6.22,6.25,6.16,22525.32,15085.292,0.925595238095238,,0.0
2021-11-22,6.25,6.28,6.29,6.23,19895.02,13457.163,0.9262536873156342,,0.0
2021-11-23,6.25,6.27,6.3,6.21,19113.01,12903.649,0.9261447562776955,,0.0
2021-11-24,6.26,6.29,6.31,6.22,19278.0,13056.597,0.9263622974963182,,0.0
2021-11-25,6.44,6.33,6.53,6.31,67300.54,46628.481,0.9267935578330894,,0.0
2021-11-26,6.38,6.32,6.44,6.28,41668.03,28472.856,0.9266862170087976,,0.0
2021-11-29,6.3,6.24,6.4,6.22,35801.0,24347.335,0.9258160237388724,,0.0
2021-11-30,6.24,6.35,6.36,6.2,32703.0,22243.909,0.927007299270073,,0.0
2021-12-01,6.35,6.35,6.36,6.28,26155.0,17848.387,0.927007299270073,,0.0
2021-12-02,6.35,6.29,6.41,6.27,29030.0,19854.106,0.9263622974963182,,0.0
2021-12-03,6.28,6.32,6.35,6.26,20021.01,13626.209,0.9266862170087976,,0.0
2021-12-06,6.32,6.23,6.34,6.21,27289.02,18421.311,0.925705794947994,,0.0
2021-12-07,6.28,6.27,6.31,6.23,19080.02,12897.214,0.9261447562776955,,0.0
2021-12-08,6.29,6.31,6.32,6.24,24886.35,16877.805,0.9265785609397944,,0.0
2021-12-09,6.32,6.39,6.4,6.29,40677.82,27899.111,0.9274310595065312,,0.0
2021-12-10,6.37,6.37,6.42,6.34,29955.51,20593.29,0.9272197962154294,,0.0
2021-12-13,6.36,6.37,6.41,6.35,25798.02,17753.26,0.9272197962154294,,0.0
2021-12-14,6.4,6.48,6.51,6.38,51370.01,35803.143,0.9283667621776504,,0.0
2021-12-15,6.48,6.46,6.49,6.41,28004.02,19471.691,0.9281609195402298,,0.0
2021-12-16,6.5,6.45,6.5,6.43,29188.02,20285.319,0.9280575539568344,,0.0
2021-12-17,6.45,6.38,6.47,6.38,36675.53,25365.136,0.9273255813953488,,0.0
2021-12-20,6.38,6.56,6.7,6.38,92194.59,65311.113,0.9291784702549576,,0.0
2021-12-21,6.57,6.62,6.65,6.49,54064.99,38389.359,0.9297752808988764,,0.0
2021-12-22,6.62,6.76,6.83,6.61,94090.2,67883.696,0.931129476584022,,0.0
2021-12-23,6.72,6.59,6.74,6.55,61047.87,43545.882,0.9294781382228492,,0.0
2021-12-24,6.59,6.74,6.9,6.57,110059.22,79898.103,0.930939226519337,,0.0
2021-12-27,6.74,7.0,7.0,6.7,144738.99,107411.372,0.9333333333333332,,0.0
2021-12-28,6.97,6.84,6.99,6.78,77193.37,56635.65,0.9318801089918256,,0.0
2021-12-29,6.84,6.76,6.93,6.75,75694.67,55485.806,0.931129476584022,,0.0
2021-12-30,6.75,6.92,6.97,6.73,78387.96,57744.346,0.9326145552560648,,0.0
2021-12-31,6.96,7.15,7.24,6.91,157874.34,120399.997,0.934640522875817,,0.0
2022-01-04,7.22,7.51,7.720000000000001,7.21,274514.74,220766.692,0.937578027465668,,0.0
2022-01-05,7.43,7.21,7.47,7.09,183525.58,142223.951,0.9351491569390402,,0.0
2022-01-06,7.18,7.33,7.38,7.08,118425.28,91500.23,0.9361430395913156,,0.0
2022-01-07,7.26,7.02,7.29,7.0,108709.88,83002.363,0.9335106382978724,,0.0
2022-01-10,7.03,7.11,7.2,6.98,71738.5,54524.245,0.9342969776609724,,0.0
2022-01-11,7.14,7.37,7.5,7.08,162939.03,128588.928,0.9364675984752224,,0.0
2022-01-12,7.39,7.35,7.43,7.18,94270.1,73787.524,0.9363057324840764,,0.0
2022-01-13,7.3,7.16,7.38,7.12,108450.97,83669.322,0.9347258485639688,,0.0
2022-01-14,7.2,7.3,7.47,7.11,132552.53,103949.349,0.935897435897436,,0.0
2022-01-17,7.28,7.21,7.44,7.15,101044.01,78370.398,0.9351491569390402,,0.0
2022-01-18,7.21,6.77,7.25,6.75,155392.88,114944.499,0.9312242090784044,,0.0
2022-01-19,6.8,6.85,6.88,6.73,68454.88,50007.395,0.9319727891156464,,0.0
2022-01-20,6.9,6.69,7.14,6.68,104794.0,77685.005,0.9304589707927676,,0.0
2022-01-21,6.73,6.68,6.85,6.6,58093.0,41845.192,0.9303621169916436,,0.0
2022-01-24,6.7,6.63,6.71,6.57,47612.01,34013.153,0.9298737727910238,,0.0
2022-01-25,6.6,6.27,6.64,6.25,79752.0,54945.817,0.9261447562776955,,0.0
2022-01-26,6.28,6.23,6.35,6.17,44571.0,30108.434,0.925705794947994,,0.0
2022-01-27,6.24,6.11,6.3,6.08,42127.0,28044.477,0.924357034795764,,0.0
2022-01-28,6.13,6.23,6.27,6.07,42088.79,28176.263,0.925705794947994,,0.0
2022-02-07,6.33,6.28,6.37,6.19,49972.0,33905.411,0.9262536873156342,,0.0
2022-02-08,6.25,6.47,6.48,6.25,48117.8,33188.147,0.928263988522238,,0.0
2022-02-09,6.48,6.64,6.66,6.44,59128.0,41864.971,0.9299719887955182,,0.0
2022-02-10,6.61,6.59,6.68,6.56,31124.01,22123.77,0.9294781382228492,,0.0
2022-02-11,6.57,6.41,6.61,6.4,58377.0,40623.774,0.9276410998552822,,0.0
2022-02-14,6.37,6.47,6.56,6.36,39995.02,27986.018,0.928263988522238,,0.0
2022-02-15,6.53,6.54,6.62,6.43,42681.62,30127.666,0.9289772727272728,,0.0
2022-02-16,6.57,6.57,6.59,6.52,30132.0,21235.936,0.9292786421499292,,0.0
2022-02-17,6.55,6.51,6.62,6.49,41450.36,29266.062,0.92867332382311,,0.0
2022-02-18,6.49,6.71,6.73,6.45,62555.92,44593.935,0.9306518723994452,,0.0
2022-02-21,6.68,6.78,6.82,6.67,58363.0,42278.24,0.9313186813186812,,0.0
2022-02-22,6.91,6.79,6.94,6.69,78973.01,57599.941,0.9314128943758574,,0.0
2022-02-23,6.82,6.75,6.87,6.75,51912.19,37920.301,0.9310344827586208,,0.0
2022-02-24,6.78,6.6,6.81,6.52,68930.11,49456.04,0.9295774647887324,,0.0
2022-02-25,6.64,6.99,6.99,6.64,119986.51,88609.852,0.9332443257676902,,0.0
2022-02-28,6.95,6.97,7.05,6.86,64791.11,48157.932,0.933065595716198,,0.0
2022-03-01,6.97,6.95,6.98,6.88,43095.19,32014.605,0.9328859060402684,,0.0
2022-03-02,6.95,7.1,7.13,6.9,75354.0,56987.845,0.9342105263157896,,0.0
2022-03-03,7.07,7.13,7.15,7.05,58351.91,44403.883,0.9344692005242464,,0.0
2022-03-04,7.13,7.09,7.23,7.05,68767.0,52529.634,0.9341238471673254,,0.0
2022-03-07,7.13,7.07,7.22,6.98,85749.05,65191.383,0.9339498018494056,,0.0
2022-03-08,6.99,6.75,7.03,6.74,70393.01,51747.895,0.9310344827586208,,0.0
2022-03-09,6.8,6.59,6.84,6.34,69596.82,49380.254,0.9294781382228492,,0.0
2022-03-10,6.75,6.92,6.99,6.66,76135.03,56219.75,0.9326145552560648,,0.0
2022-03-11,6.92,7.11,7.14,6.81,85666.0,63987.358,0.9342969776609724,,0.0
2022-03-14,7.1,6.94,7.18,6.93,71951.91,54251.272,0.9327956989247312,,0.0
2022-03-15,6.9,6.5,6.96,6.5,72523.0,52357.724,0.9285714285714286,,0.0
2022-03-16,6.63,6.68,6.7,6.33,72499.01,50859.345,0.9303621169916436,,0.0
2022-03-17,6.7,6.87,7.06,6.62,86127.0,63561.14,0.932157394843962,,0.0
2022-03-18,6.82,7.14,7.15,6.82,103335.91,77997.601,0.9345549738219896,,0.0
2022-03-21,7.75,7.9,7.9,7.27,193724.2,159208.108,0.9404761904761904,,0.0
2022-03-22,7.699999999999999,7.49,7.77,7.39,308095.01,246648.258,0.9374217772215268,,0.0
2022-03-23,7.4,7.42,7.66,7.35,163890.06,130462.583,0.9368686868686869,,0.0
2022-03-24,7.34,7.5,7.630000000000001,7.3,135571.54,108357.618,0.9375,,0.0
2022-03-25,7.52,7.48,7.65,7.44,128647.06,103444.731,0.93734335839599,,0.0
2022-03-28,7.39,7.5,7.619999999999999,7.35,90511.47,71916.643,0.9375,,0.0
2022-03-29,7.52,7.529999999999999,7.58,7.32,108980.04,87047.799,0.937733499377335,,0.0
2022-03-30,7.59,7.619999999999999,7.779999999999999,7.23,168930.15,135774.411,0.9384236453201972,,0.0
2022-03-31,7.51,8.0,8.43,7.46,429778.89,376067.708,0.9411764705882352,,0.0
2022-04-01,7.99,7.689999999999999,8.27,7.65,360096.87,301680.155,0.938949938949939,,0.0
2022-04-06,7.720000000000001,7.74,8.19,7.66,246672.84,206239.904,0.9393203883495146,,0.0
2022-04-07,7.67,7.59,7.93,7.46,150900.0,123252.832,0.938195302843016,,0.0
2022-04-08,7.720000000000001,7.26,7.720000000000001,7.21,118356.02,92599.626,0.9355670103092784,,0.0
2022-04-11,7.21,7.06,7.35,6.98,92117.35,70481.298,0.9338624338624338,,0.0
2022-04-12,7.04,7.27,7.29,7.04,82203.34,63183.433,0.9356499356499356,,0.0
2022-04-13,7.25,7.1,7.32,7.09,84668.0,65048.607,0.9342105263157896,,0.0
2022-04-14,7.1,7.3,7.34,7.09,71557.84,55501.466,0.935897435897436,,0.0
2022-04-15,7.25,7.0,7.26,6.96,76301.55,57717.052,0.9333333333333332,,0.0
2022-04-18,6.98,6.8,6.98,6.76,52104.73,38147.671,0.9315068493150684,,0.0
2022-04-19,6.81,6.96,6.97,6.74,41475.72,30663.85,0.9329758713136728,,0.0
2022-04-20,6.96,6.77,7.02,6.75,48690.88,35847.751,0.9312242090784044,,0.0
2022-04-21,6.77,6.43,6.77,6.38,70381.02,49687.192,0.9278499278499278,,0.0
2022-04-22,6.39,6.37,6.49,6.27,52314.0,36031.554,0.9272197962154294,,0.0
2022-04-25,6.32,5.93,6.38,5.9,76791.01,51129.858,0.9222395023328148,,0.0
2022-04-26,5.98,5.81,6.07,5.79,69358.0,44668.83,0.9207606973058636,,0.0
2022-04-27,5.81,5.82,5.83,5.53,82679.01,51121.41,0.9208860759493672,,0.0
2022-04-28,5.8,5.86,5.93,5.69,65763.0,41662.979,0.9213836477987422,,0.0
2022-04-29,5.89,6.03,6.07,5.87,67976.0,44176.232,0.9234303215926492,,0.0
2022-05-05,6.02,6.15,6.22,5.95,72673.16,48027.791,0.924812030075188,,0.0
2022-05-06,6.03,6.18,6.21,5.99,59118.01,39181.479,0.9251497005988024,,0.0
2022-05-09,6.2,6.38,6.42,6.18,72392.02,49454.03,0.9273255813953488,,0.0
2022-05-10,6.31,6.4,6.44,6.19,62531.02,42663.945,0.927536231884058,,0.0
2022-05-11,6.37,6.29,6.55,6.27,72853.0,50421.639,0.9263622974963182,,0.0
2022-05-12,6.24,6.42,6.47,6.21,57312.0,39399.727,0.9277456647398844,,0.0
2022-05-13,6.43,6.52,6.53,6.36,58516.01,40707.229,0.9287749287749288,,0.0
2022-05-16,6.55,6.62,6.79,6.47,88325.01,62707.665,0.9297752808988764,,0.0
2022-05-17,6.62,6.47,6.65,6.43,59008.23,41190.642,0.928263988522238,,0.0
2022-05-18,6.47,6.45,6.56,6.44,40570.8,28423.157,0.9280575539568344,,0.0
2022-05-19,6.35,6.48,6.54,6.33,42726.19,29669.224,0.9283667621776504,,0.0
2022-05-20,6.51,6.57,6.64,6.44,51316.0,36111.674,0.9292786421499292,,0.0
2022-05-23,6.58,6.66,6.76,6.58,72544.58,52033.052,0.9301675977653632,,0.0
2022-05-24,6.63,6.27,6.68,6.25,69108.0,48033.437,0.9261447562776955,,0.0
2022-05-25,6.24,6.42,6.44,6.22,47216.0,32457.676,0.9277456647398844,,0.0
2022-05-26,6.49,6.49,6.52,6.3,46375.0,32130.541,0.9284692417739628,,0.0
2022-05-27,6.44,6.55,6.6,6.44,40251.0,28275.361,0.9290780141843972,,0.0
2022-05-30,6.58,6.95,7.16,6.54,152032.01,112006.679,0.9328859060402684,,0.0
2022-05-31,6.9,7.01,7.06,6.8,106674.0,79042.413,0.933422103861518,,0.0
2022-06-01,7.01,6.84,7.05,6.71,102078.0,75066.422,0.9318801089918256,,0.0
2022-06-02,6.84,6.8,6.84,6.71,46418.82,33750.713,0.9315068493150684,,0.0
2022-06-06,6.8,6.85,6.87,6.76,61314.0,44788.48,0.9319727891156464,,0.0
2022-06-07,6.81,6.95,6.96,6.74,80985.0,59525.324,0.9328859060402684,,0.0
2022-06-08,6.91,6.88,6.97,6.71,71627.01,52590.903,0.9322493224932248,,0.0
2022-06-09,6.85,6.91,6.97,6.8,71041.0,52554.548,0.9325236167341432,,0.0
2022-06-10,6.89,6.9,7.0,6.83,70679.0,52580.003,0.9324324324324323,,0.0
2022-06-13,6.9,6.86,6.93,6.75,64193.0,47240.606,0.9320652173913044,,0.0
2022-06-14,6.89,6.86,6.89,6.61,58115.0,42104.477,0.9320652173913044,,0.0
2022-06-15,6.86,6.85,6.92,6.83,61873.01,45660.833,0.9319727891156464,,0.0
2022-06-16,6.84,7.04,7.23,6.83,111111.0,84011.235,0.93368700265252,,0.0
2022-06-17,7.08,7.03,7.1,6.93,64267.0,48289.223,0.9335989375830012,,0.0
2022-06-20,7.01,7.11,7.13,6.97,54461.0,41084.171,0.9342969776609724,,0.0
2022-06-21,7.1,7.1,7.16,6.97,54614.0,41448.705,0.9342105263157896,,0.0
2022-06-22,7.07,6.99,7.13,6.99,42055.0,31773.295,0.9332443257676902,,0.0
2022-06-23,6.98,7.03,7.04,6.92,35308.23,26402.586,0.9335989375830012,,0.0
2022-06-24,7.03,7.0,7.07,6.98,36445.0,27400.768,0.9333333333333332,,0.0
2022-06-27,7.05,7.07,7.2,7.04,63622.96,48428.237,0.9339498018494056,,0.0
2022-06-28,7.04,7.1,7.12,7.0,48658.0,36865.393,0.9342105263157896,,0.0
2022-06-29,7.11,6.9,7.12,6.9,50680.2,38058.254,0.9324324324324323,,0.0
2022-06-30,6.93,7.07,7.13,6.9,61373.0,46362.194,0.9339498018494056,,0.0
2022-07-01,7.1,7.07,7.13,6.98,37788.0,28575.273,0.9339498018494056,,0.0
2022-07-04,7.05,7.2,7.22,7.02,57787.01,44247.187,0.935064935064935,,0.0
2022-07-05,7.21,7.05,7.22,6.93,57746.0,43593.575,0.933774834437086,,0.0
2022-07-06,7.01,6.84,7.07,6.77,53900.0,39676.443,0.9318801089918256,,0.0
2022-07-07,6.86,6.85,6.93,6.83,37833.04,27872.851,0.9319727891156464,,0.0
2022-07-08,6.85,6.98,6.98,6.84,40154.51,29837.071,0.9331550802139036,,0.0
2022-07-11,6.98,7.27,7.58,6.98,123854.3,95958.087,0.9356499356499356,,0.0
2022-07-12,7.21,7.02,7.35,7.01,68009.02,51804.032,0.9335106382978724,,0.0
2022-07-13,7.1,7.07,7.13,6.89,56561.9,42395.452,0.9339498018494056,,0.0
2022-07-14,7.09,7.14,7.18,7.02,53551.05,40787.57,0.9345549738219896,,0.0
2022-07-15,7.06,6.72,7.09,6.69,79493.03,58457.977,0.9307479224376732,,0.0
2022-07-18,6.72,6.96,6.99,6.72,60186.0,44594.79,0.9329758713136728,,0.0
2022-07-19,6.95,7.06,7.07,6.92,42495.12,31858.836,0.9338624338624338,,0.0
2022-07-20,7.09,7.27,7.28,7.06,72788.09,56082.848,0.9356499356499356,,0.0
2022-07-21,7.33,7.17,7.37,7.12,60990.1,46897.527,0.9348109517601044,,0.0
2022-07-22,7.09,7.11,7.24,7.06,46173.0,35358.839,0.9342969776609724,,0.0
2022-07-25,7.13,7.2,7.24,7.11,48030.01,36918.965,0.935064935064935,,0.0
2022-07-26,7.2,7.28,7.28,7.09,39842.64,30630.601,0.93573264781491,,0.0
2022-07-27,7.26,7.3,7.35,7.2,46035.24,35847.91,0.935897435897436,,0.0
2022-07-28,7.32,7.23,7.32,7.21,38825.0,30102.106,0.9353169469598964,,0.0
2022-07-29,7.23,7.1,7.25,7.08,36561.64,27918.836,0.9342105263157896,,0.0
2022-08-01,7.06,7.02,7.1,6.95,38576.0,28952.11,0.9335106382978724,,0.0
2022-08-02,7.0,6.58,7.0,6.56,81829.14,58777.197,0.9293785310734464,,0.0
2022-08-03,6.61,6.5,6.7,6.44,58043.0,41230.676,0.9285714285714286,,0.0
2022-08-04,6.52,6.61,6.64,6.52,31859.1,22582.718,0.929676511954993,,0.0
2022-08-05,6.64,6.72,6.73,6.59,38516.0,27620.315,0.9307479224376732,,0.0
2022-08-08,6.74,6.75,6.79,6.67,36531.12,26431.286,0.9310344827586208,,0.0
2022-08-09,6.75,6.76,6.79,6.72,27818.0,20189.356,0.931129476584022,,0.0
2022-08-10,6.74,6.71,6.76,6.64,37215.0,26750.566,0.9306518723994452,,0.0
2022-08-11,6.72,6.88,6.88,6.71,45185.55,32640.152,0.945054945054945,,0.0
2022-08-12,6.859999999999999,7.069999999999999,7.08,6.85,49936.0,36902.622,0.9464524765729584,,0.0
2022-08-15,7.05,7.1,7.18,6.96,40758.15,30410.08,0.9466666666666668,,0.0
2022-08-16,7.1,7.15,7.18,7.01,29493.12,22183.56,0.9470198675496688,,0.0
2022-08-17,7.159999999999999,7.18,7.21,7.1,34981.9,26462.707,0.9472295514511871,,0.0
2022-08-18,7.19,7.14,7.19,7.05,29393.0,22088.152,0.9469496021220158,,0.0
2022-08-19,7.14,7.05,7.18,7.01,33695.01,25235.161,0.9463087248322148,,0.0
2022-08-22,7.01,7.109999999999999,7.13,6.98,32187.01,24064.031,0.9467376830892144,,0.0
2022-08-23,7.05,7.119999999999999,7.18,6.89,70244.0,52085.173,0.946808510638298,,0.0
2022-08-24,7.159999999999999,7.04,7.199999999999999,6.97,55757.0,41614.503,0.9462365591397848,,0.0
2022-08-25,6.989999999999999,6.94,7.05,6.85,35005.88,25658.043,0.9455040871934604,,0.0
2022-08-26,6.9,6.89,6.98,6.84,28603.0,20918.254,0.9451303155006858,,0.0
2022-08-29,6.8,6.97,6.97,6.739999999999999,27194.88,19789.005,0.9457259158751696,,0.0
2022-08-30,6.98,7.01,7.109999999999999,6.93,36059.0,26779.308,0.9460188933873144,,0.0
2022-08-31,7.01,6.88,7.119999999999999,6.869999999999999,38052.0,28059.871,0.945054945054945,,0.0
2022-09-01,6.909999999999999,7.029999999999999,7.13,6.9,59741.9,44471.997,0.946164199192463,,0.0
2022-09-02,7.08,7.06,7.109999999999999,7.0,39104.51,29147.216,0.9463806970509384,,0.0
2022-09-05,7.069999999999999,7.22,7.22,6.989999999999999,57353.0,43344.683,0.94750656167979,,0.0
2022-09-06,7.25,7.239999999999999,7.27,7.14,48020.0,36454.125,0.9476439790575916,,0.0
2022-09-07,7.26,7.18,7.26,7.119999999999999,34218.0,25930.046,0.9472295514511871,,0.0
2022-09-08,7.18,7.159999999999999,7.25,7.119999999999999,27064.0,20489.827,0.9470899470899472,,0.0
2022-09-09,7.19,7.199999999999999,7.33,7.14,36511.3,27787.263,0.9473684210526316,,0.0
2022-09-13,7.229999999999999,7.19,7.26,7.14,38375.34,29167.257,0.9472990777338602,,0.0
2022-09-14,7.119999999999999,7.109999999999999,7.13,7.0,33563.0,25072.838,0.9467376830892144,,0.0
2022-09-15,7.119999999999999,6.97,7.17,6.869999999999999,37800.0,27960.117,0.9457259158751696,,0.0
2022-09-16,6.92,6.58,6.949999999999999,6.55,71020.0,50437.56,0.9426934097421203,,0.0
2022-09-19,6.619999999999999,6.47,6.63,6.319999999999999,43655.0,29833.656,0.9417758369723436,,0.0
2022-09-20,6.48,6.48,6.619999999999999,6.449999999999999,24713.0,17069.265,0.941860465116279,,0.0
2022-09-21,6.47,6.52,6.55,6.359999999999999,24908.34,17093.224,0.9421965317919074,,0.0
2022-09-22,6.52,6.38,6.52,6.369999999999999,31177.34,21289.584,0.9410029498525072,,0.0
2022-09-23,6.38,6.26,6.409999999999999,6.26,29551.01,19885.461,0.93993993993994,,0.0
2022-09-26,6.239999999999999,6.04,6.239999999999999,6.02,36539.85,23798.882,0.937888198757764,,0.0
2022-09-27,6.069999999999999,6.29,6.3,6.0,33614.01,22158.783,0.9402092675635276,,0.0
2022-09-28,6.26,6.18,6.369999999999999,6.17,19956.61,13278.8,0.939209726443769,,0.0
2022-09-29,6.199999999999999,6.19,6.34,6.119999999999999,22607.17,15002.707,0.9393019726858876,,0.0
2022-09-30,6.18,6.33,6.4,6.17,35244.76,23699.473,0.9405646359583952,,0.0
2022-10-10,6.359999999999999,6.25,6.449999999999999,6.22,37307.13,25187.937,0.9398496240601504,,0.0
2022-10-11,6.25,6.159999999999999,6.35,6.069999999999999,31222.0,20507.139,0.9390243902439024,,0.0
2022-10-12,6.13,6.3,6.3,6.06,30379.0,19954.504,0.9402985074626864,,0.0
2022-10-13,6.25,6.43,6.46,6.22,30404.0,20612.86,0.9414348462664714,,0.0
2022-10-14,6.48,6.65,6.67,6.409999999999999,47339.0,33178.346,0.9432624113475176,,0.0
2022-10-17,6.65,6.819999999999999,6.85,6.65,47911.0,34433.155,0.9445983379501384,,0.0
2022-10-18,6.819999999999999,7.109999999999999,7.199999999999999,6.819999999999999,108592.0,80848.009,0.9467376830892144,,0.0
2022-10-19,7.05,6.88,7.1,6.85,66008.0,48492.601,0.945054945054945,,0.0
2022-10-20,6.92,6.9,7.1,6.81,53682.91,39503.813,0.9452054794520548,,0.0
2022-10-21,6.869999999999999,6.96,7.0,6.85,32672.01,23905.521,0.9456521739130436,,0.0
2022-10-24,6.949999999999999,6.72,7.029999999999999,6.68,44510.5,32235.652,0.9438202247191012,,0.0
2022-10-25,6.77,6.609999999999999,6.819999999999999,6.5,40807.0,28639.073,0.9429386590584878,,0.0
2022-10-26,6.69,6.9,7.01,6.65,57632.02,42033.24,0.9452054794520548,,0.0
2022-10-27,6.949999999999999,7.14,7.25,6.859999999999999,75348.0,56383.107,0.9469496021220158,,0.0
2022-10-28,7.08,7.0,7.19,6.96,60414.0,45196.056,0.945945945945946,,0.0
2022-10-31,6.92,7.74,7.74,6.92,217085.27,171204.345,0.9508599508599508,,0.0
2022-11-01,8.299999999999999,7.799999999999999,8.549999999999999,7.409999999999999,603806.57,503359.652,0.951219512195122,,0.0
2022-11-02,7.33,7.629999999999999,7.82,7.27,451378.36,361521.804,0.950186799501868,,0.0
2022-11-03,7.5,7.51,7.889999999999999,7.42,200151.45,158968.631,0.9494310998735777,,0.0
2022-11-04,7.46,7.409999999999999,7.619999999999999,7.369999999999999,180441.73,141532.353,0.9487836107554416,,0.0
2022-11-07,7.42,7.38,7.5,7.35,163894.63,128104.304,0.948586118251928,,0.0
2022-11-08,7.35,7.51,7.569999999999999,7.159999999999999,199671.16,156266.63,0.9494310998735777,,0.0
2022-11-09,7.46,7.55,7.66,7.38,182193.35,144767.179,0.949685534591195,,0.0
2022-11-10,7.55,7.9,7.9,7.51,292691.2,238473.042,0.9518072289156626,,0.0
2022-11-11,7.83,7.479999999999999,8.06,7.47,347254.89,284829.683,0.949238578680203,,0.0
2022-11-14,7.51,8.27,8.27,7.479999999999999,452811.29,386269.418,0.9538638985005766,,0.0
2022-11-15,8.34,8.12,8.58,8.07,565836.07,492545.35,0.9530516431924884,,0.0
2022-11-16,8.17,7.969999999999999,8.25,7.879999999999999,343634.06,290703.904,0.95221027479092,,0.0
2022-11-17,7.9,7.98,8.15,7.879999999999999,239971.27,202317.416,0.9522673031026252,,0.0
2022-11-18,8.11,8.82,8.82,8.11,399564.23,359387.259,0.9566160520607376,,0.0
2022-11-21,9.35,9.74,9.74,9.31,466646.67,465829.29,0.960552268244576,,0.0
2022-11-22,10.01,10.75,10.75,9.74,612328.81,670779.166,0.9641255605381166,,0.0
2022-11-23,10.91,10.37,11.55,9.64,1020846.05,1094208.815,0.9628597957288764,,0.0
2022-11-24,10.9,11.45,11.45,10.7,1032503.95,1204611.403,0.9662447257383966,,0.0
2022-11-25,11.25,10.27,11.6,10.27,1040269.21,1152353.424,0.9625117150890348,,0.0
2022-11-28,9.59,9.4,10.19,9.35,798452.17,803683.256,0.9591836734693876,,0.0
2022-11-29,9.15,9.62,9.81,9.15,714831.52,713413.078,0.9600798403193612,,0.0
2022-11-30,9.39,9.18,9.58,8.95,562245.0,542843.51,0.9582463465553236,,0.0
2022-12-01,9.31,8.879999999999999,9.38,8.66,474627.21,440014.295,0.956896551724138,,0.0
2022-12-02,8.87,8.969999999999999,9.07,8.85,344185.83,322362.97,0.9573105656350052,,0.0
2022-12-05,8.98,8.959999999999999,9.15,8.76,391379.0,365728.846,0.9572649572649572,,0.0
2022-12-06,8.92,8.62,9.08,8.56,360749.89,330809.422,0.9556541019955652,,0.0
2022-12-07,8.639999999999999,8.84,8.85,8.33,344758.92,313705.996,0.9567099567099566,,0.0
2022-12-08,8.78,8.87,9.03,8.66,396173.7,365730.592,0.9568500539374324,,0.0
2022-12-09,8.73,8.91,9.05,8.68,366896.28,340346.26,0.9570354457572502,,0.0
2022-12-12,9.01,9.44,9.48,8.93,618813.4,596024.799,0.959349593495935,,0.0
2022-12-13,9.44,9.78,9.87,8.93,673264.25,657760.512,0.9607072691552062,,0.0
2022-12-14,9.6,10.02,10.75,9.38,861214.61,897942.465,0.9616122840690978,,0.0
2022-12-15,9.64,9.15,9.83,9.04,545740.54,532076.758,0.9581151832460733,,0.0
2022-12-16,9.15,9.06,9.36,8.959999999999999,383645.0,367025.962,0.9577167019027484,,0.0
2022-12-19,8.9,8.15,9.03,8.11,442260.05,389010.794,0.953216374269006,,0.0
2022-12-20,8.12,8.389999999999999,8.52,8.11,321518.56,282260.35,0.9544937428896472,,0.0
2022-12-21,8.37,8.11,8.45,8.07,209488.02,179947.26,0.9529964747356052,,0.0
2022-12-22,8.23,7.83,8.25,7.81,169011.0,140796.886,0.9513973268529768,,0.0
2022-12-23,7.81,7.779999999999999,7.98,7.699999999999999,125642.0,103179.655,0.9511002444987776,,0.0
2022-12-26,7.789999999999999,7.699999999999999,7.869999999999999,7.629999999999999,132945.14,107996.317,0.9506172839506172,,0.0
2022-12-27,7.68,7.51,7.709999999999999,7.38,161829.05,127575.728,0.9494310998735777,,0.0
2022-12-28,7.529999999999999,7.38,7.55,7.35,106233.0,83202.036,0.948586118251928,,0.0
2022-12-29,7.369999999999999,7.43,7.51,7.279999999999999,113289.08,88869.399,0.9489144316730524,,0.0
2022-12-30,7.489999999999999,7.369999999999999,7.5,7.31,93900.7,73191.146,0.9485199485199484,,0.0
2023-01-03,7.42,7.639999999999999,7.65,7.42,137708.17,109957.496,0.9502487562189056,,0.0
2023-01-04,7.619999999999999,7.569999999999999,7.66,7.5,123342.17,98061.975,0.9498117942283564,,0.0
2023-01-05,7.55,7.58,7.619999999999999,7.5,104719.0,83363.945,0.949874686716792,,0.0
2023-01-06,7.55,7.46,7.6,7.439999999999999,106548.01,84326.53,0.9491094147582696,,0.0
2023-01-09,7.479999999999999,7.51,7.54,7.399999999999999,71986.64,56787.189,0.9494310998735777,,0.0
2023-01-10,7.479999999999999,7.399999999999999,7.51,7.39,73323.08,57408.653,0.9487179487179488,,0.0
2023-01-11,7.409999999999999,7.439999999999999,7.56,7.39,96107.04,75858.446,0.9489795918367346,,0.0
2023-01-12,7.439999999999999,7.369999999999999,7.51,7.33,69378.0,54197.599,0.9485199485199484,,0.0
2023-01-13,7.39,7.43,7.479999999999999,7.359999999999999,64424.38,50495.423,0.9489144316730524,,0.0
2023-01-16,7.46,7.59,7.639999999999999,7.43,110976.0,88510.865,0.9499374217772216,,0.0
2023-01-17,7.619999999999999,7.439999999999999,7.619999999999999,7.42,83461.6,65738.731,0.9489795918367346,,0.0
2023-01-18,7.449999999999999,7.46,7.529999999999999,7.439999999999999,51749.0,40777.205,0.9491094147582696,,0.0
2023-01-19,7.46,7.55,7.58,7.42,69627.0,55117.131,0.949685534591195,,0.0
2023-01-20,7.55,7.68,7.699999999999999,7.54,95367.0,76742.282,0.9504950495049505,,0.0
2023-01-30,7.779999999999999,7.66,7.779999999999999,7.629999999999999,101955.4,82413.408,0.9503722084367244,,0.0
2023-01-31,7.66,7.67,7.689999999999999,7.569999999999999,75591.1,60737.535,0.9504337050805453,,0.0
2023-02-01,7.68,7.799999999999999,7.799999999999999,7.67,115365.74,93863.987,0.951219512195122,,0.0
2023-02-02,7.81,7.869999999999999,7.869999999999999,7.75,83373.0,68575.237,0.9516324062877872,,0.0
2023-02-03,7.879999999999999,7.799999999999999,7.949999999999999,7.719999999999999,97112.0,79877.773,0.951219512195122,,0.0
2023-02-06,7.799999999999999,7.75,7.84,7.719999999999999,65001.01,53124.953,0.950920245398773,,0.0
2023-02-07,7.74,7.719999999999999,7.799999999999999,7.68,53970.0,43866.202,0.9507389162561576,,0.0
2023-02-08,7.75,7.73,7.77,7.709999999999999,44140.0,35921.207,0.95079950799508,,0.0
2023-02-09,7.709999999999999,7.779999999999999,7.779999999999999,7.67,48503.0,39461.012,0.9511002444987776,,0.0
2023-02-10,7.76,7.74,7.81,7.689999999999999,48873.0,39833.637,0.9508599508599508,,0.0
2023-02-13,7.75,7.85,7.85,7.709999999999999,77966.09,63942.05,0.9515151515151514,,0.0
2023-02-14,7.869999999999999,7.9,7.91,7.81,63927.18,52802.913,0.9518072289156626,,0.0
2023-02-15,7.91,7.879999999999999,7.969999999999999,7.859999999999999,78275.0,65007.586,0.9516908212560388,,0.0
2023-02-16,7.9,7.889999999999999,8.08,7.76,151889.0,127109.78,0.9517490952955368,,0.0
2023-02-17,7.879999999999999,8.04,8.11,7.83,245124.97,206275.127,0.95260663507109,,0.0
2023-02-20,8.08,7.939999999999999,8.2,7.73,178964.41,147751.691,0.9520383693045564,,0.0
2023-02-21,7.92,7.959999999999999,8.0,7.869999999999999,112557.0,93905.02,0.9521531100478468,,0.0
2023-02-22,7.949999999999999,7.949999999999999,8.03,7.9,89642.19,74926.171,0.9520958083832336,,0.0
2023-02-23,7.949999999999999,7.859999999999999,7.969999999999999,7.83,80189.28,66513.259,0.9515738498789346,,0.0
2023-02-24,7.879999999999999,7.84,7.9,7.82,53172.41,43901.92,0.9514563106796116,,0.0
2023-02-27,7.83,7.77,7.879999999999999,7.75,57201.01,46957.634,0.9510403916768664,,0.0
2023-02-28,7.859999999999999,8.59,8.59,7.75,366291.08,316414.661,0.9555061179087876,,0.0
2023-03-01,9.11,8.709999999999999,9.37,8.6,778584.07,718667.804,0.95609220636663,,0.0
2023-03-02,8.66,8.43,8.709999999999999,8.42,394376.65,351091.983,0.9546998867497168,,0.0
2023-03-03,8.459999999999999,8.56,8.76,8.44,404585.41,365007.889,0.9553571428571428,,0.0
2023-03-06,8.51,8.459999999999999,8.6,8.37,244796.62,217306.356,0.9548532731376976,,0.0
2023-03-07,8.41,8.23,8.52,8.19,197268.09,171895.195,0.9536500579374276,,0.0
2023-03-08,8.18,8.25,8.299999999999999,8.15,112495.98,97100.935,0.953757225433526,,0.0
2023-03-09,8.2,8.27,8.379999999999999,8.2,154147.0,133945.033,0.9538638985005766,,0.0
2023-03-10,8.209999999999999,8.07,8.23,8.02,134683.11,114448.169,0.9527744982290436,,0.0
2023-03-13,8.02,8.17,8.18,8.0,94632.3,80494.089,0.9533255542590432,,0.0
2023-03-14,8.16,7.91,8.24,7.859999999999999,138115.0,116086.048,0.9518652226233452,,0.0
2023-03-15,7.959999999999999,8.23,8.27,7.92,205353.0,176069.157,0.9536500579374276,,0.0
2023-03-16,8.18,8.209999999999999,8.389999999999999,8.08,166942.0,144185.427,0.9535423925667827,,0.0
2023-03-17,8.23,8.03,8.29,8.01,145315.0,123897.961,0.9525504151838672,,0.0
2023-03-20,8.04,7.85,8.06,7.779999999999999,123631.0,102144.157,0.9515151515151514,,0.0
2023-03-21,7.85,7.92,7.93,7.83,87775.0,72719.626,0.9519230769230768,,0.0
2023-03-22,7.84,8.09,8.35,7.84,145506.0,123896.702,0.9528857479387516,,0.0
2023-03-23,8.0,7.969999999999999,8.15,7.85,135100.19,112821.539,0.95221027479092,,0.0
2023-03-24,7.969999999999999,7.58,8.02,7.54,220765.05,178834.454,0.949874686716792,,0.0
2023-03-27,7.59,7.42,7.6,7.399999999999999,105770.0,83162.987,0.948849104859335,,0.0
2023-03-28,7.399999999999999,7.369999999999999,7.46,7.29,100250.15,78037.474,0.9485199485199484,,0.0
2023-03-29,7.369999999999999,7.26,7.38,7.239999999999999,74889.43,57634.785,0.9477806788511748,,0.0
2023-03-30,7.25,7.14,7.25,7.08,72910.0,54985.71,0.9469496021220158,,0.0
2023-03-31,7.14,7.359999999999999,7.39,7.14,105175.62,81115.098,0.9484536082474226,,0.0
2023-04-03,7.35,7.34,7.42,7.29,65180.01,50388.801,0.9483204134366924,,0.0
2023-04-04,7.35,7.31,7.35,7.27,59957.0,46218.615,0.948119325551232,,0.0
2023-04-06,7.319999999999999,7.33,7.43,7.279999999999999,78812.43,61251.908,0.9482535575679172,,0.0
2023-04-07,7.31,7.479999999999999,7.479999999999999,7.31,81918.01,64053.328,0.949238578680203,,0.0
2023-04-10,7.479999999999999,7.279999999999999,7.489999999999999,7.26,75847.0,58797.964,0.9479166666666666,,0.0
2023-04-11,7.279999999999999,7.27,7.33,7.21,42492.0,32562.691,0.9478487614080834,,0.0
2023-04-12,7.26,7.34,7.409999999999999,7.239999999999999,46648.0,36124.636,0.9483204134366924,,0.0
2023-04-13,7.319999999999999,7.409999999999999,7.449999999999999,7.229999999999999,60963.0,47406.746,0.9487836107554416,,0.0
2023-04-14,7.43,7.399999999999999,7.489999999999999,7.33,41808.0,32623.946,0.9487179487179488,,0.0
2023-04-17,7.359999999999999,7.409999999999999,7.43,7.279999999999999,41206.0,31991.469,0.9487836107554416,,0.0
2023-04-18,7.43,7.319999999999999,7.43,7.3,41400.0,32001.477,0.9481865284974093,,0.0
2023-04-19,7.319999999999999,7.229999999999999,7.34,7.21,47318.0,36297.2,0.947575360419397,,0.0
2023-04-20,7.22,7.14,7.229999999999999,7.13,44902.0,33927.833,0.9469496021220158,,0.0
2023-04-21,7.119999999999999,7.06,7.25,7.05,55663.0,42023.305,0.9463806970509384,,0.0
2023-04-24,7.06,7.119999999999999,7.229999999999999,7.02,54680.15,41198.51,0.946808510638298,,0.0
2023-04-25,7.09,6.9,7.09,6.77,74016.16,53991.639,0.9452054794520548,,0.0
2023-04-26,6.9,7.02,7.05,6.869999999999999,45726.0,33811.506,0.9460916442048516,,0.0
2023-04-27,7.02,7.27,7.34,7.0,98823.0,75586.819,0.9478487614080834,,0.0
2023-04-28,7.27,7.33,7.35,7.13,75110.98,57503.541,0.9482535575679172,,0.0
2023-05-04,7.29,7.58,7.619999999999999,7.26,122746.0,97311.333,0.949874686716792,,0.0
2023-05-05,7.58,7.56,7.629999999999999,7.51,81801.91,65137.201,0.949748743718593,,0.0
2023-05-08,7.56,7.59,7.709999999999999,7.55,71858.21,57548.924,0.9499374217772216,,0.0
2023-05-09,7.58,7.529999999999999,7.639999999999999,7.52,70874.0,56500.027,0.9495586380832282,,0.0
2023-05-10,7.52,7.51,7.54,7.42,51009.0,40225.245,0.9494310998735777,,0.0
2023-05-11,7.52,7.6,7.609999999999999,7.46,61886.0,49223.378,0.95,,0.0
2023-05-12,7.569999999999999,7.66,7.77,7.51,90160.0,72770.535,0.9503722084367244,,0.0
2023-05-15,7.65,7.81,8.01,7.609999999999999,135377.0,111339.268,0.951278928136419,,0.0
2023-05-16,7.81,7.75,7.84,7.67,68820.0,56083.857,0.950920245398773,,0.0
2023-05-17,7.699999999999999,7.73,7.75,7.629999999999999,52653.0,42673.16,0.95079950799508,,0.0
2023-05-18,7.719999999999999,7.75,7.85,7.689999999999999,49248.0,40137.23,0.950920245398773,,0.0
2023-05-19,7.75,7.869999999999999,7.91,7.699999999999999,78195.44,64335.737,0.9516324062877872,,0.0
2023-05-22,7.879999999999999,7.85,7.98,7.77,71034.09,58643.697,0.9515151515151514,,0.0
2023-05-23,7.84,7.879999999999999,7.959999999999999,7.82,68337.0,56767.977,0.9516908212560388,,0.0
2023-05-24,7.83,7.719999999999999,7.84,7.699999999999999,74807.1,60972.464,0.9507389162561576,,0.0
2023-05-25,7.699999999999999,7.68,7.779999999999999,7.619999999999999,51964.01,41993.291,0.9504950495049505,,0.0
2023-05-26,7.74,7.84,7.869999999999999,7.639999999999999,57753.0,47275.145,0.9514563106796116,,0.0
2023-05-29,7.779999999999999,7.84,7.939999999999999,7.77,45583.97,37600.666,0.9514563106796116,,0.0
2023-05-30,7.779999999999999,7.889999999999999,7.9,7.76,48004.0,39520.225,0.9517490952955368,,0.0
2023-05-31,7.85,7.779999999999999,7.949999999999999,7.77,50097.0,41257.448,0.9511002444987776,,0.0
2023-06-01,7.799999999999999,7.609999999999999,7.81,7.609999999999999,59142.01,47919.66,0.9500624219725344,,0.0
2023-06-02,7.65,7.56,7.68,7.55,53925.01,43253.328,0.949748743718593,,0.0
2023-06-05,7.54,7.68,7.699999999999999,7.51,43902.0,35213.972,0.9504950495049505,,0.0
2023-06-06,7.68,7.39,7.68,7.39,55612.0,43956.715,0.9486521181001284,,0.0
2023-06-07,7.409999999999999,7.439999999999999,7.58,7.34,40443.0,31788.325,0.9489795918367346,,0.0
2023-06-08,7.439999999999999,7.33,7.47,7.3,36043.0,27935.417,0.9482535575679172,,0.0
2023-06-09,7.35,7.39,7.42,7.26,36458.0,28320.884,0.9486521181001284,,0.0
2023-06-12,7.399999999999999,7.22,7.399999999999999,7.15,65333.0,49736.237,0.94750656167979,,0.0
2023-06-13,7.199999999999999,7.19,7.25,7.18,35691.63,27145.913,0.9472990777338602,,0.0
2023-06-14,7.199999999999999,7.29,7.369999999999999,7.15,56654.0,43462.796,0.9479843953185956,,0.0
2023-06-15,7.26,7.319999999999999,7.319999999999999,7.22,38472.0,29514.308,0.9481865284974093,,0.0
2023-06-16,7.3,7.34,7.38,7.27,33025.0,25587.811,0.9483204134366924,,0.0
2023-06-19,7.34,7.27,7.34,7.26,32076.0,24654.75,0.9478487614080834,,0.0
2023-06-20,7.29,7.229999999999999,7.319999999999999,7.22,21268.0,16295.243,0.947575360419397,,0.0
2023-06-21,7.22,7.13,7.27,7.119999999999999,30109.0,22828.792,0.946879150066401,,0.0
2023-06-26,7.109999999999999,7.02,7.21,7.0,34807.0,26030.22,0.9460916442048516,,0.0
2023-06-27,7.04,7.19,7.22,7.029999999999999,42220.0,31954.671,0.9472990777338602,,0.0
2023-06-28,7.21,7.19,7.22,7.069999999999999,31614.63,23835.494,0.9472990777338602,,0.0
2023-06-29,7.18,7.3,7.33,7.15,44892.0,34464.029,0.948051948051948,,0.0
2023-06-30,7.319999999999999,7.42,7.529999999999999,7.27,55508.0,43556.713,0.948849104859335,,0.0
2023-07-03,7.449999999999999,7.46,7.479999999999999,7.33,42622.0,33270.811,0.9491094147582696,,0.0
2023-07-04,7.439999999999999,7.39,7.449999999999999,7.359999999999999,30075.0,23451.863,0.9486521181001284,,0.0
2023-07-05,7.399999999999999,7.47,7.619999999999999,7.369999999999999,59376.0,46876.976,0.949174078780178,,0.0
2023-07-06,7.439999999999999,7.319999999999999,7.46,7.3,45288.01,35138.4,0.9481865284974093,,0.0
2023-07-07,7.3,7.33,7.359999999999999,7.26,29830.0,23029.82,0.9482535575679172,,0.0
2023-07-10,7.33,7.34,7.369999999999999,7.279999999999999,24614.13,18997.718,0.9483204134366924,,0.0
2023-07-11,7.33,7.399999999999999,7.399999999999999,7.3,28348.0,22009.483,0.9487179487179488,,0.0
2023-07-12,7.399999999999999,7.29,7.399999999999999,7.27,26158.0,20241.975,0.9479843953185956,,0.0
2023-07-13,7.29,7.369999999999999,7.39,7.29,34233.0,26563.624,0.9485199485199484,,0.0
2023-07-14,7.4,7.36,7.44,7.35,31383.0,24130.623,0.9608355091383812,,0.0
2023-07-17,7.37,7.36,7.37,7.25,27645.0,21040.904,0.9608355091383812,,0.0
2023-07-18,7.35,7.36,7.41,7.31,26532.01,20340.932,0.9608355091383812,,0.0
2023-07-19,7.36,7.4,7.41,7.34,21976.89,16886.534,0.961038961038961,,0.0
2023-07-20,7.42,7.390000000000001,7.45,7.37,28399.0,21892.04,0.9609882964889468,,0.0
2023-07-21,7.37,7.46,7.52,7.35,45653.0,35411.72,0.961340206185567,,0.0
2023-07-24,7.45,7.52,7.54,7.430000000000001,50361.0,39309.879,0.9616368286445012,,0.0
2023-07-25,7.55,7.59,7.6,7.5,44965.11,35301.902,0.9619771863117872,,0.0
2023-07-26,7.58,7.59,7.63,7.55,40023.0,31579.56,0.9619771863117872,,0.0
2023-07-27,7.58,7.53,7.65,7.52,32295.01,25433.441,0.9616858237547892,,0.0
2023-07-28,7.53,7.61,7.63,7.51,37344.0,29438.519,0.9620733249051834,,0.0
2023-07-31,7.61,7.61,7.67,7.58,38088.11,30133.161,0.9620733249051834,,0.0
2023-08-01,7.63,7.63,7.66,7.57,41379.0,32811.449,0.9621689785624212,,0.0
2023-08-02,7.640000000000001,7.57,7.640000000000001,7.54,37385.0,29458.59,0.9618805590851336,,0.0
2023-08-03,7.57,7.680000000000001,7.680000000000001,7.55,54626.02,43393.476,0.962406015037594,,0.0
2023-08-04,7.680000000000001,7.62,7.71,7.61,40972.51,32562.617,0.9621212121212122,,0.0
2023-08-07,7.6,7.42,7.61,7.41,52244.0,40615.441,0.961139896373057,,0.0
2023-08-08,7.430000000000001,7.55,7.62,7.35,63197.01,49258.444,0.961783439490446,,0.0
2023-08-09,7.5,7.59,7.61,7.46,62394.0,48989.582,0.9619771863117872,,0.0
2023-08-10,7.55,7.65,7.65,7.55,49110.0,38834.191,0.9622641509433962,,0.0
2023-08-11,7.65,7.72,7.78,7.6,97840.0,78531.957,0.9625935162094764,,0.0
2023-08-14,7.71,7.750000000000001,7.78,7.56,95013.0,75880.71,0.9627329192546584,,0.0
2023-08-15,7.78,7.830000000000001,7.840000000000001,7.66,102753.09,82971.852,0.96309963099631,,0.0
2023-08-16,7.899999999999999,7.729999999999999,7.920000000000001,7.69,96774.0,78130.314,0.9626400996264012,,0.0
2023-08-17,7.63,7.680000000000001,7.760000000000001,7.62,77253.93,61555.839,0.962406015037594,,0.0
2023-08-18,7.680000000000001,7.35,7.680000000000001,7.33,98149.0,76256.355,0.9607843137254902,,0.0
2023-08-21,7.4,7.42,7.52,7.32,68536.51,53010.791,0.961139896373057,,0.0
2023-08-22,7.41,7.4,7.5,7.25,57744.0,44133.835,0.961038961038961,,0.0
2023-08-23,7.4,7.28,7.41,7.24,50848.0,38644.892,0.9604221635883904,,0.0
2023-08-24,7.27,7.41,7.49,7.2,58198.0,44523.355,0.9610894941634242,,0.0
2023-08-25,7.4,7.28,7.46,7.24,45632.0,34895.196,0.9604221635883904,,0.0
2023-08-28,7.55,7.4,7.66,7.37,95005.0,74399.203,0.961038961038961,,0.0
2023-08-29,7.42,7.57,7.59,7.36,52814.0,41219.182,0.9618805590851336,,0.0
2023-08-30,7.54,7.59,7.63,7.53,42941.0,33828.259,0.9619771863117872,,0.0
2023-08-31,7.57,7.680000000000001,7.69,7.51,66116.2,52377.47,0.962406015037594,,0.0
2023-09-01,7.640000000000001,7.63,7.680000000000001,7.56,48007.0,37927.641,0.9621689785624212,,0.0
2023-09-04,7.59,7.63,7.680000000000001,7.58,43558.05,34468.266,0.9621689785624212,,0.0
2023-09-05,7.6,7.6,7.67,7.58,37940.78,30076.508,0.9620253164556962,,0.0
2023-09-06,7.58,7.58,7.66,7.55,32951.77,26024.229,0.9619289340101524,,0.0
2023-09-07,7.6,7.430000000000001,7.6,7.430000000000001,30922.0,24142.389,0.961190168175938,,0.0
2023-09-08,7.390000000000001,7.430000000000001,7.5,7.390000000000001,25654.0,19871.806,0.961190168175938,,0.0
2023-09-11,7.42,7.67,7.69,7.42,57109.0,45270.974,0.9623588456712672,,0.0
2023-09-12,7.69,7.739999999999999,7.78,7.640000000000001,57536.01,46260.292,0.9626865671641792,,0.0
2023-09-13,7.72,7.65,7.760000000000001,7.58,37748.0,29989.629,0.9622641509433962,,0.0
2023-09-14,7.67,7.680000000000001,7.72,7.61,35739.02,28471.917,0.962406015037594,,0.0
2023-09-15,7.69,7.78,7.81,7.63,60567.5,48822.559,0.9628712871287128,,0.0
2023-09-18,7.77,7.86,7.86,7.739999999999999,62106.01,50349.305,0.9632352941176472,,0.0
2023-09-19,7.840000000000001,7.8,7.899999999999999,7.78,54031.0,43909.233,0.962962962962963,,0.0
2023-09-20,7.8,7.79,7.85,7.77,35939.0,29114.07,0.9629171817058096,,0.0
2023-09-21,7.8,7.729999999999999,7.830000000000001,7.729999999999999,37282.0,30105.262,0.9626400996264012,,0.0
2023-09-22,7.739999999999999,7.81,7.819999999999999,7.65,50711.0,40738.898,0.9630086313193588,,0.0
2023-09-25,7.81,7.88,7.920000000000001,7.77,58320.0,47618.23,0.9633251833740832,,0.0
2023-09-26,7.88,7.8,7.88,7.78,37627.91,30577.543,0.962962962962963,,0.0
2023-09-27,7.81,7.899999999999999,7.910000000000001,7.81,46511.01,38026.064,0.9634146341463414,,0.0
2023-09-28,7.89,7.94,7.97,7.85,62047.17,51061.382,0.9635922330097088,,0.0
2023-10-09,7.94,7.840000000000001,7.96,7.750000000000001,57699.5,46828.738,0.9631449631449632,,0.0
2023-10-10,7.819999999999999,7.67,7.830000000000001,7.640000000000001,44665.0,35741.84,0.9623588456712672,,0.0
2023-10-11,7.71,7.77,7.85,7.67,58896.0,47608.926,0.9628252788104088,,0.0
2023-10-12,7.79,7.89,7.989999999999999,7.78,55702.0,45623.223,0.9633699633699634,,0.0
2023-10-13,7.88,7.97,8.02,7.85,80359.0,66503.434,0.9637243047158404,,0.0
2023-10-16,8.01,7.95,8.09,7.89,69867.78,57734.461,0.9636363636363636,,0.0
2023-10-17,7.95,7.910000000000001,7.97,7.830000000000001,51686.01,42295.69,0.9634591961023142,,0.0
2023-10-18,7.910000000000001,7.67,7.910000000000001,7.66,54858.48,44045.296,0.9623588456712672,,0.0
2023-10-19,7.66,7.45,7.680000000000001,7.45,56480.3,44171.53,0.9612903225806452,,0.0
2023-10-20,7.45,7.42,7.51,7.37,51070.65,39531.244,0.961139896373057,,0.0
2023-10-23,7.38,7.28,7.48,7.25,53673.01,40997.379,0.9604221635883904,,0.0
2023-10-24,7.3,7.45,7.47,7.27,48916.0,37671.211,0.9612903225806452,,0.0
2023-10-25,7.46,7.47,7.55,7.42,38296.0,29862.861,0.9613899613899614,,0.0
2023-10-26,7.45,7.55,7.55,7.38,43815.0,34089.392,0.961783439490446,,0.0
2023-10-27,7.5,7.830000000000001,7.840000000000001,7.4,85083.0,67868.674,0.96309963099631,,0.0
2023-10-30,7.78,8.0,8.059999999999999,7.77,112828.22,93419.961,0.9638554216867468,,0.0
2023-10-31,7.979999999999999,7.89,7.989999999999999,7.85,106353.99,87409.812,0.9633699633699634,,0.0
2023-11-01,7.89,7.85,7.95,7.830000000000001,72612.0,59328.288,0.9631901840490796,,0.0
2023-11-02,7.899999999999999,7.819999999999999,7.920000000000001,7.79,52754.0,42942.072,0.9630541871921182,,0.0
2023-11-03,7.840000000000001,7.819999999999999,7.95,7.8,56743.0,46396.466,0.9630541871921182,,0.0
2023-11-06,7.830000000000001,7.97,8.0,7.830000000000001,64494.01,53222.47,0.9637243047158404,,0.0
2023-11-07,7.96,7.899999999999999,8.0,7.86,48844.0,40176.538,0.9634146341463414,,0.0
2023-11-08,7.88,8.059999999999999,8.1,7.87,91332.01,76158.731,0.964114832535885,,0.0
2023-11-09,8.03,7.979999999999999,8.17,7.94,78891.0,65641.341,0.963768115942029,,0.0
2023-11-10,7.920000000000001,7.95,8.01,7.840000000000001,52830.0,43550.776,0.9636363636363636,,0.0
2023-11-13,8.0,7.96,8.04,7.899999999999999,59726.0,49196.95,0.963680387409201,,0.0
2023-11-14,7.94,7.95,8.02,7.910000000000001,47180.0,39005.303,0.9636363636363636,,0.0
2023-11-15,7.97,7.899999999999999,8.0,7.87,44357.0,36446.127,0.9634146341463414,,0.0
2023-11-16,7.899999999999999,7.86,7.930000000000001,7.840000000000001,38634.0,31571.924,0.9632352941176472,,0.0
2023-11-17,7.86,8.059999999999999,8.09,7.830000000000001,73595.02,60996.864,0.964114832535885,,0.0
2023-11-20,8.19,8.319999999999999,8.479999999999999,8.09,185229.0,159524.333,0.965197215777262,,0.0
2023-11-21,8.26,8.2,8.34,8.11,136441.02,115907.122,0.9647058823529412,,0.0
2023-11-22,8.229999999999999,8.239999999999998,8.33,8.19,105151.02,90091.846,0.9648711943793912,,0.0
2023-11-23,8.229999999999999,8.34,8.399999999999999,8.229999999999999,114059.0,98382.102,0.9652777777777776,,0.0
2023-11-24,8.309999999999999,8.42,8.489999999999998,8.28,120876.0,105051.564,0.9655963302752292,,0.0
2023-11-27,8.469999999999999,8.209999999999999,8.479999999999999,8.19,128018.0,109553.278,0.9647473560517038,,0.0
2023-11-28,8.18,8.28,8.29,8.09,77219.1,65742.391,0.965034965034965,,0.0
2023-11-29,8.28,8.16,8.28,8.12,55647.99,47216.066,0.9645390070921984,,0.0
2023-11-30,8.129999999999999,8.219999999999999,8.26,8.12,65217.0,55339.12,0.964788732394366,,0.0
2023-12-01,8.2,8.25,8.379999999999999,8.2,65316.76,56045.484,0.9649122807017544,,0.0
2023-12-04,8.239999999999998,8.29,8.389999999999999,8.18,88079.0,75706.176,0.9650756693830034,,0.0
2023-12-05,8.26,8.19,8.309999999999999,8.149999999999999,68648.0,58417.71,0.9646643109540636,,0.0
2023-12-06,8.18,8.139999999999999,8.27,8.09,58074.0,49148.695,0.9644549763033174,,0.0
2023-12-07,8.149999999999999,8.069999999999999,8.18,8.04,64796.0,54457.39,0.9641577060931898,,0.0
2023-12-08,8.09,7.95,8.1,7.94,53956.0,44857.71,0.9636363636363636,,0.0
2023-12-11,7.920000000000001,7.97,8.0,7.87,56788.0,46773.629,0.9637243047158404,,0.0
2023-12-12,7.96,8.069999999999999,8.08,7.96,50875.0,42321.868,0.9641577060931898,,0.0
2023-12-13,8.08,8.91,8.91,8.049999999999999,156569.4,142576.972,0.9674267100977196,,0.0
2023-12-14,9.83,8.899999999999999,9.83,8.78,994667.81,959437.12,0.967391304347826,,0.0
2023-12-15,8.729999999999999,8.469999999999999,8.879999999999999,8.41,615528.36,544525.702,0.9657924743443556,,0.0
2023-12-18,8.389999999999999,8.219999999999999,8.569999999999999,8.19,427601.11,370600.104,0.964788732394366,,0.0
2023-12-19,8.129999999999999,7.910000000000001,8.17,7.830000000000001,332371.16,273941.992,0.9634591961023142,,0.0
2023-12-20,7.86,7.910000000000001,8.08,7.85,216320.22,179032.751,0.9634591961023142,,0.0
2023-12-21,7.85,7.85,7.899999999999999,7.7,176198.45,142822.509,0.9631901840490796,,0.0
2023-12-22,7.85,7.53,7.88,7.52,209754.6,166592.64,0.9616858237547892,,0.0
2023-12-25,7.5,7.48,7.58,7.41,106362.0,82692.695,0.961439588688946,,0.0
2023-12-26,7.47,7.4,7.56,7.38,108785.0,84442.992,0.961038961038961,,0.0
2023-12-27,7.37,7.430000000000001,7.46,7.31,95899.03,73688.325,0.961190168175938,,0.0
2023-12-28,7.430000000000001,7.54,7.54,7.33,133181.0,103541.251,0.9617346938775512,,0.0
2023-12-29,7.52,7.57,7.6,7.5,116210.0,91270.785,0.9618805590851336,,0.0
2024-01-02,7.57,7.729999999999999,7.79,7.54,147458.0,117736.65,0.9626400996264012,,0.0
2024-01-03,7.7,7.85,7.94,7.69,174338.0,142080.229,0.9631901840490796,,0.0
2024-01-04,7.85,7.86,7.88,7.760000000000001,93974.17,76375.147,0.9632352941176472,,0.0
2024-01-05,7.88,7.729999999999999,7.88,7.71,96812.0,78426.395,0.9626400996264012,,0.0
2024-01-08,7.750000000000001,7.57,7.77,7.55,87745.0,69618.481,0.9618805590851336,,0.0
2024-01-09,7.59,7.640000000000001,7.72,7.54,73644.0,58474.87,0.9622166246851386,,0.0
2024-01-10,7.640000000000001,7.54,7.640000000000001,7.51,60884.0,47903.416,0.9617346938775512,,0.0
2024-01-11,7.51,7.58,7.6,7.46,66572.03,52202.976,0.9619289340101524,,0.0
2024-01-12,7.54,7.48,7.61,7.47,72964.0,57215.048,0.961439588688946,,0.0
2024-01-15,7.49,7.5,7.6,7.430000000000001,65214.19,51060.821,0.9615384615384616,,0.0
2024-01-16,7.5,7.56,7.729999999999999,7.42,123959.44,97253.962,0.9618320610687024,,0.0
2024-01-17,7.57,7.37,7.65,7.36,106665.0,83089.48,0.9608865710560626,,0.0
2024-01-18,7.31,7.16,7.31,6.95,117577.22,86924.768,0.9597855227882036,,0.0
2024-01-19,7.140000000000001,7.0600000000000005,7.21,7.05,71443.72,53063.099,0.9592391304347826,,0.0
2024-01-22,7.01,6.61,7.04,6.55,86739.48,61692.913,0.9565846599131692,,0.0
2024-01-23,6.61,6.54,6.65,6.46,82287.99,56208.131,0.956140350877193,,0.0
2024-01-24,6.5600000000000005,6.7,6.7,6.390000000000001,85151.0,58615.419,0.9571428571428572,,0.0
2024-01-25,6.7,6.99,7.0,6.66,91607.0,65715.98,0.9588477366255144,,0.0
2024-01-26,7.0,7.08,7.180000000000001,6.97,85321.0,63049.373,0.959349593495935,,0.0
2024-01-29,7.08,6.9,7.13,6.88,55802.0,40625.497,0.9583333333333334,,0.0
2024-01-30,6.86,6.7700000000000005,6.94,6.75,55668.0,39791.975,0.9575671852899575,,0.0
2024-01-31,6.74,6.42,6.75,6.390000000000001,92851.0,63671.679,0.9553571428571428,,0.0
2024-02-01,6.41,6.23,6.430000000000001,6.180000000000001,81921.06,53992.533,0.9540581929555896,,0.0
2024-02-02,6.22,5.94,6.3500000000000005,5.71,89240.82,56518.268,0.951923076923077,,0.0
2024-02-05,5.87,5.41,5.890000000000001,5.33,124048.03,72159.589,0.947460595446585,,0.0
2024-02-06,5.3,5.61,5.75,5.08,148616.53,85112.268,0.9492385786802032,,0.0
2024-02-07,5.6000000000000005,5.47,5.65,5.390000000000001,170025.63,98776.659,0.948006932409012,,0.0
2024-02-08,5.5,5.890000000000001,5.91,5.41,192673.73,114811.907,0.951534733441034,,0.0
2024-02-19,5.9,6.07,6.140000000000001,5.8500000000000005,153553.34,96763.563,0.9529042386185244,,0.0
2024-02-20,6.05,6.140000000000001,6.2,5.930000000000001,83195.24,53308.633,0.9534161490683232,,0.0
2024-02-21,6.08,6.21,6.33,6.0600000000000005,103695.83,67697.615,0.9539170506912442,,0.0
2024-02-22,6.180000000000001,6.32,6.32,6.17,77625.0,50904.752,0.9546827794561934,,0.0
2024-02-23,6.3,6.46,6.46,6.25,76222.32,50762.522,0.955621301775148,,0.0
2024-02-26,6.46,6.49,6.61,6.41,77328.0,52576.575,0.9558173784977908,,0.0
2024-02-27,6.48,6.61,6.62,6.45,62872.0,43071.004,0.9565846599131692,,0.0
2024-02-28,6.6000000000000005,6.3,6.76,6.28,122618.83,83883.651,0.9545454545454546,,0.0
2024-02-29,6.24,6.430000000000001,6.44,6.2,78937.0,52518.118,0.9554234769687964,,0.0
2024-03-01,6.42,6.44,6.49,6.37,56550.5,37999.564,0.9554896142433236,,0.0
2024-03-04,6.45,6.5600000000000005,6.5600000000000005,6.41,79506.0,53982.123,0.956268221574344,,0.0
2024-03-05,6.5200000000000005,6.430000000000001,6.53,6.390000000000001,57055.0,38464.635,0.9554234769687964,,0.0
2024-03-06,6.37,6.49,6.51,6.34,44689.0,30043.354,0.9558173784977908,,0.0
2024-03-07,6.49,6.42,6.53,6.390000000000001,53466.0,36145.412,0.9553571428571428,,0.0
2024-03-08,6.4,6.430000000000001,6.46,6.36,36400.08,24442.64,0.9554234769687964,,0.0
2024-03-11,6.44,6.47,6.47,6.4,49765.0,33536.104,0.9556868537666174,,0.0
2024-03-12,6.49,6.65,6.65,6.49,93595.82,64549.066,0.9568345323741008,,0.0
2024-03-13,6.65,6.58,6.65,6.5,66108.08,45333.586,0.9563953488372092,,0.0
2024-03-14,6.58,6.57,6.7,6.51,67035.08,46287.327,0.9563318777292577,,0.0
2024-03-15,6.57,6.65,6.65,6.54,53226.0,36813.534,0.9568345323741008,,0.0
2024-03-18,6.65,6.82,6.83,6.640000000000001,70566.0,49602.527,0.957865168539326,,0.0
2024-03-19,6.8100000000000005,6.7,6.8100000000000005,6.66,79620.0,55999.633,0.9571428571428572,,0.0
2024-03-20,6.67,6.73,6.7700000000000005,6.66,56588.0,39666.004,0.957325746799431,,0.0
2024-03-21,6.75,6.7,6.78,6.66,51998.0,36454.005,0.9571428571428572,,0.0
2024-03-22,6.680000000000001,6.55,6.7,6.48,84322.0,57948.328,0.9562043795620438,,0.0
2024-03-25,6.5200000000000005,6.390000000000001,6.6000000000000005,6.38,55804.01,37927.641,0.9551569506726456,,0.0
2024-03-26,6.38,6.3500000000000005,6.44,6.26,53702.0,35663.016,0.9548872180451128,,0.0
2024-03-27,6.3500000000000005,6.29,6.430000000000001,6.28,46704.02,31174.084,0.9544764795144158,,0.0
2024-03-28,6.28,6.37,6.430000000000001,6.24,60374.16,40159.848,0.9550224887556222,,0.0
2024-03-29,6.36,6.53,6.53,6.36,65021.17,43809.437,0.9560761346998536,,0.0
2024-04-01,6.5,6.640000000000001,6.65,6.5,59916.01,41222.624,0.956772334293948,,0.0
2024-04-02,6.6000000000000005,6.640000000000001,6.66,6.6000000000000005,49123.01,34017.626,0.956772334293948,,0.0
2024-04-03,6.640000000000001,6.69,6.69,6.5600000000000005,61559.0,42752.796,0.9570815450643776,,0.0
2024-04-08,6.67,6.57,6.67,6.5600000000000005,59186.77,40875.302,0.9563318777292577,,0.0
2024-04-09,6.5600000000000005,6.71,6.75,6.49,76796.0,53217.606,0.957203994293866,,0.0
2024-04-10,6.72,6.58,6.72,6.5200000000000005,63094.02,43640.162,0.9563953488372092,,0.0
2024-04-11,6.5,6.58,6.67,6.47,45233.0,31190.369,0.9563953488372092,,0.0
2024-04-12,6.6000000000000005,6.5,6.640000000000001,6.49,40400.0,27709.011,0.9558823529411764,,0.0
2024-04-15,6.51,6.37,6.53,6.23,85676.0,57134.007,0.9550224887556222,,0.0
2024-04-16,6.3,5.890000000000001,6.36,5.88,108191.0,68690.804,0.951534733441034,,0.0
2024-04-17,5.94,6.2700000000000005,6.2700000000000005,5.94,77852.4,50139.505,0.954337899543379,,0.0
2024-04-18,6.24,6.16,6.29,6.15,45832.0,29886.624,0.953560371517028,,0.0
2024-04-19,6.13,6.16,6.26,6.08,47368.0,30590.654,0.953560371517028,,0.0
2024-04-22,6.16,6.1000000000000005,6.25,6.07,50552.0,32553.384,0.953125,,0.0
2024-04-23,6.08,6.11,6.16,6.03,54929.02,35152.335,0.953198127925117,,0.0
2024-04-24,6.13,6.21,6.21,6.08,40728.02,26276.337,0.9539170506912442,,0.0
2024-04-25,6.19,6.3100000000000005,6.33,6.180000000000001,49202.22,32381.495,0.9546142208774584,,0.0
2024-04-26,6.3100000000000005,6.32,6.3500000000000005,6.25,42305.01,27930.996,0.9546827794561934,,0.0
2024-04-29,6.34,6.53,6.53,6.32,63422.18,42864.122,0.9560761346998536,,0.0
2024-04-30,6.49,6.66,6.69,6.49,95026.81,65964.411,0.956896551724138,,0.0
2024-05-06,6.7,6.890000000000001,6.9,6.69,108349.82,77235.015,0.9582753824756608,,0.0
2024-05-07,6.86,6.88,6.930000000000001,6.8,64101.03,45883.447,0.958217270194986,,0.0
2024-05-08,6.87,6.930000000000001,6.98,6.84,80031.0,57783.65,0.95850622406639,,0.0
2024-05-09,6.9,6.98,7.09,6.87,85168.82,62250.097,0.9587912087912088,,0.0
2024-05-10,6.99,6.92,7.04,6.91,55080.0,39968.396,0.958448753462604,,0.0
2024-05-13,6.91,6.84,6.94,6.82,57418.0,41178.065,0.957983193277311,,0.0
2024-05-14,6.890000000000001,6.97,7.01,6.8500000000000005,52300.0,37956.472,0.9587345254470426,,0.0
2024-05-15,6.98,6.88,6.98,6.86,38684.0,27898.36,0.958217270194986,,0.0
2024-05-16,6.88,6.86,6.930000000000001,6.84,41139.82,29551.769,0.958100558659218,,0.0
2024-05-17,6.8500000000000005,6.8500000000000005,6.890000000000001,6.78,38303.19,27296.115,0.958041958041958,,0.0
2024-05-20,6.84,6.87,6.930000000000001,6.84,38577.82,27686.226,0.9581589958158996,,0.0
2024-05-21,6.8500000000000005,6.82,6.86,6.76,38317.0,27233.781,0.957865168539326,,0.0
2024-05-22,6.86,6.79,6.94,6.78,41250.72,29388.731,0.9576868829337096,,0.0
2024-05-23,6.8,6.67,6.84,6.66,54809.01,38588.208,0.956958393113343,,0.0
2024-05-24,6.680000000000001,6.72,6.79,6.66,36798.0,25935.967,0.9572649572649572,,0.0
2024-05-27,6.72,6.86,6.88,6.69,54984.44,39011.327,0.958100558659218,,0.0
2024-05-28,6.86,6.72,6.87,6.71,40579.0,28729.511,0.9572649572649572,,0.0
2024-05-29,6.680000000000001,6.73,6.78,6.680000000000001,35063.0,24646.282,0.957325746799431,,0.0
2024-05-30,6.69,6.640000000000001,6.75,6.640000000000001,32080.0,22403.195,0.956772334293948,,0.0
2024-05-31,6.7,6.76,6.77,6.68,30498.02,21108.853,0.971264367816092,,0.0
2024-06-03,6.76,6.55,6.76,6.49,49997.0,33931.427,0.9703703703703704,,0.0
2024-06-04,6.52,6.56,6.59,6.46,37569.26,25266.127,0.970414201183432,,0.0
2024-06-05,6.55,6.45,6.56,6.44,40141.0,26850.665,0.9699248120300752,,0.0
2024-06-06,6.45,6.22,6.49,6.16,58476.4,37971.611,0.968847352024922,,0.0
2024-06-07,6.28,6.33,6.4,6.23,58841.6,38402.743,0.9693721286370596,,0.0
2024-06-11,6.319999999999999,6.37,6.42,6.25,37310.0,24381.78,0.969558599695586,,0.0
2024-06-12,6.37,6.49,6.51,6.35,46377.0,30840.509,0.9701046337817638,,0.0
2024-06-13,6.49,6.43,6.5,6.41,34321.0,22791.766,0.9698340874811464,,0.0
2024-06-14,6.44,6.319999999999999,6.44,6.25,47214.01,30754.097,0.9693251533742332,,0.0
2024-06-17,6.27,6.3,6.37,6.25,28608.21,18627.281,0.9692307692307692,,0.0
2024-06-18,6.3,6.34,6.359999999999999,6.25,42043.0,27403.466,0.9694189602446482,,0.0
2024-06-19,6.35,6.33,6.39,6.31,27537.0,18036.51,0.9693721286370596,,0.0
2024-06-20,6.3,6.17,6.37,6.15,41088.0,26494.194,0.9686028257456828,,0.0
2024-06-21,6.13,6.22,6.33,6.12,30209.51,19437.042,0.968847352024922,,0.0
2024-06-24,6.21,5.96,6.21,5.94,41421.74,25807.291,0.9675324675324676,,0.0
2024-06-25,6.0,6.01,6.06,5.96,32926.0,20456.168,0.9677938808373592,,0.0
2024-06-26,6.01,6.16,6.17,5.97,30845.02,19342.198,0.9685534591194968,,0.0
2024-06-27,6.13,6.069999999999999,6.18,6.069999999999999,24399.35,15427.403,0.9681020733652312,,0.0
2024-06-28,6.06,6.06,6.14,6.04,35073.36,22074.463,0.9680511182108624,,0.0
2024-07-01,6.06,6.21,6.22,6.02,36135.01,22875.501,0.968798751950078,,0.0
2024-07-02,6.23,6.29,6.33,6.19,30442.02,19740.602,0.9691833590138674,,0.0
2024-07-03,6.31,6.21,6.34,6.19,27294.0,17648.945,0.968798751950078,,0.0
2024-07-04,6.23,6.069999999999999,6.23,6.05,32375.0,20449.835,0.9681020733652312,,0.0
2024-07-05,6.05,6.24,6.26,6.02,40054.7,25409.581,0.968944099378882,,0.0
2024-07-08,6.24,6.09,6.25,6.08,36752.0,23290.555,0.9682034976152624,,0.0
2024-07-09,6.09,6.1,6.13,5.94,47897.04,29862.502,0.9682539682539684,,0.0
2024-07-10,6.08,6.0,6.109999999999999,5.98,37584.01,23422.315,0.9677419354838708,,0.0
2024-07-11,6.069999999999999,6.17,6.18,6.03,57878.01,36600.766,0.9686028257456828,,0.0
2024-07-12,6.17,6.19,6.25,6.15,44629.24,28557.018,0.9687010954616588,,0.0
2024-07-15,6.18,6.12,6.21,6.1,38857.02,24619.823,0.9683544303797468,,0.0
2024-07-16,6.12,6.06,6.12,6.02,29117.0,18224.499,0.9680511182108624,,0.0
2024-07-17,6.05,6.06,6.09,5.98,35374.0,22041.211,0.9680511182108624,,0.0
2024-07-18,6.02,6.109999999999999,6.109999999999999,5.96,38344.0,23984.086,0.9683042789223456,,0.0
2024-07-19,6.09,6.08,6.13,6.06,34347.0,21586.257,0.9681528662420382,,0.0
2024-07-22,6.05,6.1,6.13,6.02,30134.0,18926.579,0.9682539682539684,,0.0
2024-07-23,6.12,6.02,6.12,6.01,34917.0,21832.71,0.9678456591639872,,0.0
2024-07-24,6.01,5.94,6.03,5.92,31957.02,19707.388,0.96742671009772,,0.0
2024-07-25,5.94,5.96,6.0,5.9,24342.04,14960.088,0.9675324675324676,,0.0
2024-07-26,5.96,6.04,6.05,5.95,29632.02,18392.503,0.967948717948718,,0.0
2024-07-29,6.03,6.03,6.069999999999999,5.99,29177.0,18180.503,0.9678972712680578,,0.0
2024-07-30,6.0,6.06,6.069999999999999,6.0,26787.0,16715.712,0.9680511182108624,,0.0
2024-07-31,6.08,6.23,6.23,6.06,45974.0,29282.341,0.968895800933126,,0.0
2024-08-01,6.22,6.26,6.3,6.18,39605.0,25566.385,0.9690402476780186,,0.0
2024-08-02,6.25,6.29,6.39,6.2,63076.43,41164.031,0.9691833590138674,,0.0
2024-08-05,6.29,6.23,6.41,6.22,49851.0,32491.116,0.968895800933126,,0.0
2024-08-06,6.27,6.4,6.4,6.26,46947.03,30691.914,0.9696969696969696,,0.0
2024-08-07,6.41,6.42,6.45,6.34,32076.0,21173.719,0.9697885196374622,,0.0
2024-08-08,6.35,6.5,6.53,6.35,47508.13,31735.294,0.9701492537313432,,0.0
2024-08-09,6.53,6.45,6.54,6.43,33216.17,22166.761,0.9699248120300752,,0.0
2024-08-12,6.48,6.53,6.62,6.43,53798.02,36294.736,0.9702823179791976,,0.0
2024-08-13,6.51,6.55,6.56,6.46,40895.0,27464.808,0.9703703703703704,,0.0
2024-08-14,6.56,6.49,6.56,6.44,31127.0,20811.786,0.9701046337817638,,0.0
2024-08-15,6.46,6.48,6.54,6.43,31101.0,20795.601,0.9700598802395208,,0.0
2024-08-16,6.5,6.5,6.53,6.4,34444.0,22962.341,0.9701492537313432,,0.0
2024-08-19,6.47,6.41,6.49,6.38,29990.0,19864.864,0.9697428139183056,,0.0
2024-08-20,6.37,6.27,6.43,6.24,33077.0,21540.403,0.9690880989180836,,0.0
2024-08-21,6.28,6.23,6.28,6.2,27933.0,17975.724,0.968895800933126,,0.0
2024-08-22,6.26,6.15,6.26,6.14,26336.02,16842.922,0.968503937007874,,0.0
2024-08-23,6.12,6.03,6.17,6.0,29848.01,18689.189,0.9678972712680578,,0.0
2024-08-26,6.01,6.03,6.06,5.97,42416.01,26337.145,0.9678972712680578,,0.0
2024-08-27,5.87,5.69,5.9,5.67,98881.14,58738.539,0.966044142614601,,0.0
2024-08-28,5.65,5.62,5.74,5.56,64531.0,37692.096,0.9656357388316152,,0.0
2024-08-29,5.6,5.68,5.7,5.569999999999999,40140.01,23505.029,0.9659863945578232,,0.0
2024-08-30,5.71,5.74,5.79,5.67,46169.64,27440.522,0.9663299663299664,,0.0
2024-09-02,5.72,5.62,5.74,5.609999999999999,39935.42,23487.386,0.9656357388316152,,0.0
2024-09-03,5.62,5.68,5.72,5.59,28343.1,16646.509,0.9659863945578232,,0.0
2024-09-04,5.65,5.59,5.71,5.58,33189.0,19348.613,0.9654576856649396,,0.0
2024-09-05,5.609999999999999,5.7,5.72,5.59,29990.0,17621.668,0.9661016949152542,,0.0
2024-09-06,5.71,5.63,5.73,5.62,27624.02,16209.557,0.9656946826758148,,0.0
2024-09-09,5.63,5.75,5.84,5.6,47130.0,27999.879,0.9663865546218487,,0.0
2024-09-10,5.75,5.73,5.99,5.7,87031.0,52219.108,0.966273187183811,,0.0
2024-09-11,5.75,5.66,5.75,5.62,42201.0,24826.217,0.9658703071672354,,0.0
2024-09-12,5.66,5.66,5.76,5.64,38896.37,22926.146,0.9658703071672354,,0.0
2024-09-13,5.64,5.65,5.7,5.609999999999999,35077.96,20531.892,0.9658119658119658,,0.0
2024-09-18,5.6,5.45,5.62,5.35,50220.02,28372.917,0.9646017699115044,,0.0
2024-09-19,5.46,5.609999999999999,5.62,5.46,43010.56,24786.516,0.965576592082616,,0.0
2024-09-20,5.6,5.569999999999999,5.63,5.54,27188.17,15694.749,0.9653379549393414,,0.0
2024-09-23,5.56,5.62,5.64,5.56,20225.0,11770.377,0.9656357388316152,,0.0
2024-09-24,5.64,5.78,5.79,5.63,47208.46,27974.751,0.9665551839464884,,0.0
2024-09-25,5.85,5.85,5.96,5.81,57426.49,34969.619,0.9669421487603306,,0.0
2024-09-26,5.819999999999999,6.0,6.0,5.819999999999999,53887.93,32894.48,0.9677419354838708,,0.0
2024-09-27,6.069999999999999,6.2,6.26,6.04,74838.0,47522.904,0.96875,,0.0
2024-09-30,6.359999999999999,6.7,6.75,6.319999999999999,147711.17,99621.841,0.9710144927536232,,0.0
2024-10-08,7.38,7.06,7.39,6.71,193205.46,140090.395,0.9724517906336088,,0.0
2024-10-09,6.9,6.48,6.9,6.46,118944.01,82155.782,0.9700598802395208,,0.0
2024-10-10,6.51,6.49,6.69,6.42,81649.82,55251.199,0.9701046337817638,,0.0
2024-10-11,6.5,6.29,6.5,6.22,80041.0,52413.356,0.9691833590138674,,0.0
2024-10-14,6.29,6.319999999999999,6.37,6.2,54685.3,35507.73,0.9693251533742332,,0.0
2024-10-15,6.3,6.27,6.38,6.24,47330.91,30860.261,0.9690880989180836,,0.0
2024-10-16,6.26,6.33,6.35,6.23,43116.87,28008.131,0.9693721286370596,,0.0
2024-10-17,6.319999999999999,6.24,6.38,6.24,39822.59,25884.604,0.968944099378882,,0.0
2024-10-18,6.22,6.33,6.38,6.2,58614.68,38090.021,0.9693721286370596,,0.0
2024-10-21,6.33,6.34,6.37,6.25,53393.05,34898.321,0.9694189602446482,,0.0
2024-10-22,6.37,6.59,6.62,6.359999999999999,80721.21,54358.293,0.9705449189985272,,0.0
2024-10-23,6.59,6.53,6.62,6.5,60229.27,40732.863,0.9702823179791976,,0.0
2024-10-24,6.54,6.569999999999999,6.65,6.51,45704.86,30982.434,0.9704579025110782,,0.0
2024-10-25,6.56,6.63,6.63,6.53,47527.0,32336.393,0.9707174231332356,,0.0
2024-10-28,6.59,6.83,6.83,6.59,83912.32,58352.158,0.9715504978662872,,0.0
2024-10-29,6.85,6.62,6.859999999999999,6.6,76287.55,52504.631,0.9706744868035192,,0.0
2024-10-30,6.5,6.31,6.569999999999999,6.09,293276.43,189735.217,0.9692780337941628,,0.0
2024-10-31,6.29,6.319999999999999,6.4,6.28,155968.85,101890.946,0.9693251533742332,,0.0
2024-11-01,6.319999999999999,6.22,6.35,6.14,128828.9,83176.583,0.968847352024922,,0.0
2024-11-04,6.28,6.35,6.359999999999999,6.23,97495.14,63324.778,0.9694656488549618,,0.0
2024-11-05,6.34,6.48,6.48,6.34,105852.56,70166.914,0.9700598802395208,,0.0
2024-11-06,6.48,6.52,6.55,6.41,113957.54,76362.885,0.9702380952380952,,0.0
2024-11-07,6.52,6.68,6.69,6.48,149439.17,102208.239,0.9709302325581396,,0.0
2024-11-08,6.7,6.609999999999999,6.75,6.56,162577.78,111309.824,0.9706314243759178,,0.0
2024-11-11,6.58,6.66,6.66,6.53,121847.01,82857.419,0.9708454810495628,,0.0
2024-11-12,6.66,6.72,6.88,6.65,263925.17,183693.324,0.9710982658959536,,0.0
2024-11-13,6.69,6.65,6.76,6.53,143319.13,97985.774,0.9708029197080292,,0.0
2024-11-14,6.65,6.45,6.68,6.44,118847.27,80135.544,0.9699248120300752,,0.0
2024-11-15,6.42,6.37,6.5,6.35,84785.56,56212.434,0.969558599695586,,0.0
2024-11-18,6.4,6.38,6.54,6.319999999999999,111987.9,74292.218,0.9696048632218844,,0.0
2024-11-19,6.39,6.609999999999999,6.62,6.39,138243.72,92710.017,0.9706314243759178,,0.0
2024-11-20,6.59,6.77,6.78,6.569999999999999,194003.48,133553.647,0.9713055954088952,,0.0
2024-11-21,6.74,6.95,6.99,6.7,264678.2,186594.581,0.972027972027972,,0.0
2024-11-22,6.92,6.68,7.13,6.65,243291.51,170973.879,0.9709302325581396,,0.0
2024-11-25,6.76,6.85,6.98,6.68,238663.23,166903.121,0.9716312056737588,,0.0
2024-11-26,6.85,6.83,7.05,6.77,295795.64,209028.478,0.9715504978662872,,0.0
2024-11-27,6.8,6.75,6.81,6.59,196920.29,135802.498,0.9712230215827338,,0.0
2024-11-28,6.75,6.84,6.89,6.74,184833.66,129990.259,0.9715909090909092,,0.0
2024-11-29,6.89,6.87,6.98,6.79,196141.01,139097.925,0.9717114568599716,,0.0
2024-12-02,6.92,6.97,7.05,6.87,189102.0,135165.275,0.9721059972105996,,0.0
2024-12-03,6.93,6.92,6.99,6.88,142280.8,101366.051,0.9719101123595504,,0.0
2024-12-04,6.88,6.77,6.9,6.74,127960.87,89849.11,0.9713055954088952,,0.0
2024-12-05,6.78,6.81,6.81,6.75,84840.37,59275.067,0.971469329529244,,0.0
2024-12-06,6.84,6.93,6.94,6.8,147645.65,104704.327,0.9719495091164096,,0.0
2024-12-09,6.95,6.97,7.03,6.9,154080.34,110546.162,0.9721059972105996,,0.0
2024-12-10,7.06,6.89,7.1,6.88,161892.0,116203.252,0.9717912552891396,,0.0
2024-12-11,6.87,7.0,7.04,6.87,122958.95,88039.186,0.9722222222222222,,0.0
2024-12-12,7.03,7.069999999999999,7.1,7.02,170838.11,124171.754,0.9724896836313618,,0.0
2024-12-13,7.06,6.94,7.09,6.92,138242.0,99391.424,0.9719887955182072,,0.0
2024-12-16,7.069999999999999,7.359999999999999,7.649999999999999,7.069999999999999,806562.5,621388.194,0.9735449735449736,,0.0
2024-12-17,7.24,6.91,7.34,6.89,559520.78,405157.93,0.9718706047819972,,0.0
2024-12-18,6.9,6.79,6.96,6.78,259319.4,183024.213,0.9713876967095852,,0.0
2024-12-19,6.76,6.7,6.79,6.6,181359.34,124787.701,0.9710144927536232,,0.0
2024-12-20,6.69,6.9,7.05,6.68,290813.4,206108.1,0.9718309859154928,,0.0
2024-12-23,6.9,6.54,6.93,6.51,217754.89,149237.428,0.9703264094955488,,0.0
2024-12-24,6.53,6.58,6.609999999999999,6.46,114084.5,76931.562,0.9705014749262536,,0.0
2024-12-25,6.65,6.48,6.68,6.39,135599.18,90645.24,0.9700598802395208,,0.0
2024-12-26,6.45,6.47,6.52,6.44,83010.4,55502.979,0.970014992503748,,0.0
2024-12-27,6.47,6.6,6.67,6.44,113036.16,76683.434,0.9705882352941176,,0.0
2024-12-30,6.6,6.54,6.63,6.48,87044.52,58587.209,0.9703264094955488,,0.0
2024-12-31,6.53,6.38,6.58,6.359999999999999,102889.54,68418.443,0.9696048632218844,,0.0
2025-01-02,6.41,6.28,6.48,6.24,96091.09,63184.023,0.9691358024691358,,0.0
2025-01-03,6.3,6.16,6.38,6.14,107918.0,69683.235,0.9685534591194968,,0.0
2025-01-06,6.19,6.33,6.39,6.08,148824.42,96555.856,0.9693721286370596,,0.0
2025-01-07,6.33,6.24,6.33,6.08,134759.01,86075.655,0.968944099378882,,0.0
2025-01-08,6.29,6.319999999999999,6.42,6.17,133894.11,87355.375,0.9693251533742332,,0.0
2025-01-09,6.27,6.24,6.319999999999999,6.2,82330.8,53176.891,0.968944099378882,,0.0
2025-01-10,6.22,6.1,6.25,6.1,69399.72,44153.439,0.9682539682539684,,0.0
2025-01-13,6.05,6.08,6.1,5.95,72024.52,44940.884,0.9681528662420382,,0.0
2025-01-14,6.13,6.25,6.26,6.1,84039.2,53662.776,0.9689922480620154,,0.0
2025-01-15,6.25,6.27,6.29,6.2,65091.99,41991.803,0.9690880989180836,,0.0
2025-01-16,6.29,6.28,6.37,6.25,61277.96,39899.371,0.9691358024691358,,0.0
2025-01-17,6.27,6.33,6.39,6.23,54857.0,35760.506,0.9693721286370596,,0.0
2025-01-20,6.359999999999999,6.359999999999999,6.4,6.33,40880.0,26848.565,0.9695121951219512,,0.0
2025-01-21,6.4,6.3,6.41,6.27,50197.0,32681.504,0.9692307692307692,,0.0
2025-01-22,6.3,6.27,6.3,6.23,50758.95,32821.903,0.9690880989180836,,0.0
2025-01-23,6.33,6.31,6.39,6.3,61827.0,40475.145,0.9692780337941628,,0.0
2025-01-24,6.3,6.3,6.31,6.2,61582.0,39807.202,0.9692307692307692,,0.0
2025-01-27,6.26,6.29,6.38,6.25,72787.0,47566.125,0.9691833590138674,,0.0
2025-02-05,6.34,6.319999999999999,6.34,6.26,53001.0,34488.408,0.9693251533742332,,0.0
2025-02-06,6.3,6.319999999999999,6.33,6.21,61586.0,39884.417,0.9693251533742332,,0.0
2025-02-07,6.31,6.4,6.43,6.3,88534.53,58266.996,0.9696969696969696,,0.0
2025-02-10,6.42,6.5,6.52,6.41,85236.46,56855.605,0.9701492537313432,,0.0
2025-02-11,6.49,6.45,6.51,6.4,68851.96,45687.577,0.9699248120300752,,0.0
2025-02-12,6.45,6.45,6.46,6.37,57359.02,37971.949,0.9699248120300752,,0.0
2025-02-13,6.44,6.39,6.49,6.38,58609.65,38855.567,0.9696509863429438,,0.0
2025-02-14,6.41,6.45,6.47,6.38,62507.01,41512.145,0.9699248120300752,,0.0
2025-02-17,6.5,6.5,6.54,6.45,85112.56,57042.852,0.9701492537313432,,0.0
2025-02-18,6.5,6.29,6.5,6.27,94041.0,61893.61,0.9691833590138674,,0.0
2025-02-19,6.31,6.35,6.35,6.26,64594.55,42017.057,0.9694656488549618,,0.0
2025-02-20,6.33,6.44,6.48,6.319999999999999,89426.0,59207.67,0.9698795180722892,,0.0
2025-02-21,6.44,6.41,6.5,6.37,72164.0,47665.755,0.9697428139183056,,0.0
2025-02-24,6.39,6.43,6.47,6.37,72617.0,48109.591,0.9698340874811464,,0.0
2025-02-25,6.4,6.33,6.42,6.31,66421.0,43644.365,0.9693721286370596,,0.0
2025-02-26,6.319999999999999,6.43,6.43,6.319999999999999,66609.05,43929.461,0.9698340874811464,,0.0
2025-02-27,6.42,6.49,6.64,6.42,142982.11,95859.861,0.9701046337817638,,0.0
2025-02-28,6.45,6.49,6.7,6.45,175938.09,118672.058,0.9701046337817638,,0.0
2025-03-03,6.5,6.45,6.59,6.41,115318.02,77380.064,0.9699248120300752,,0.0
2025-03-04,6.4,6.52,6.53,6.39,73462.94,49092.695,0.9702380952380952,,0.0
2025-03-05,6.53,6.46,6.54,6.4,68471.03,45521.172,0.96996996996997,,0.0
2025-03-06,6.46,6.48,6.5,6.42,77484.0,51674.801,0.9700598802395208,,0.0
2025-03-07,6.48,6.5,6.58,6.46,86296.25,58008.789,0.9701492537313432,,0.0
2025-03-10,6.54,6.569999999999999,6.6,6.5,83381.1,56260.999,0.9704579025110782,,0.0
2025-03-11,6.5,6.56,6.56,6.48,65441.79,44026.506,0.970414201183432,,0.0
2025-03-12,6.56,6.53,6.59,6.5,69805.0,47000.093,0.9702823179791976,,0.0
2025-03-13,6.53,6.54,6.54,6.44,74915.15,50126.838,0.9703264094955488,,0.0
2025-03-14,6.53,6.64,6.64,6.52,121175.93,82291.817,0.9707602339181286,,0.0
2025-03-17,6.65,6.66,6.7,6.62,103104.99,70693.249,0.9708454810495628,,0.0
2025-03-18,6.69,6.71,6.75,6.65,95858.49,66157.337,0.9710564399421128,,0.0
2025-03-19,6.73,6.67,6.76,6.65,68967.0,47584.378,0.9708879184861716,,0.0
2025-03-20,6.68,6.65,6.7,6.65,65357.0,44911.921,0.9708029197080292,,0.0
2025-03-21,6.72,6.62,6.75,6.6,83941.47,57618.816,0.9706744868035192,,0.0
2025-03-24,6.609999999999999,6.52,6.63,6.43,90348.0,60703.332,0.9702380952380952,,0.0
2025-03-25,6.51,6.66,6.68,6.47,86514.0,58772.213,0.9708454810495628,,0.0
2025-03-26,6.67,6.72,6.75,6.63,69635.11,48065.676,0.9710982658959536,,0.0
2025-03-27,6.71,6.71,6.74,6.59,72408.0,49779.561,0.9710564399421128,,0.0
2025-03-28,6.7,6.62,6.76,6.6,67582.0,46483.717,0.9706744868035192,,0.0
2025-03-31,6.609999999999999,6.47,6.63,6.39,107368.5,72043.751,0.970014992503748,,0.0
2025-04-01,6.47,6.67,6.74,6.47,146808.19,100523.23,0.9708879184861716,,0.0
2025-04-02,6.64,6.58,6.69,6.569999999999999,59111.0,40270.277,0.9705014749262536,,0.0
2025-04-03,6.54,6.64,6.67,6.52,91913.01,62664.171,0.9707602339181286,,0.0
2025-04-07,6.44,5.96,6.44,5.96,173813.0,109548.468,0.9675324675324676,,0.0
2025-04-08,5.98,6.01,6.08,5.89,113112.71,70063.364,0.9677938808373592,,0.0
2025-04-09,5.95,6.09,6.1,5.7,135554.47,82943.476,0.9682034976152624,,0.0
2025-04-10,6.2,6.15,6.22,6.12,98351.25,62654.06,0.968503937007874,,0.0
2025-04-11,6.109999999999999,6.15,6.19,6.1,62195.81,39516.331,0.968503937007874,,0.0
2025-04-14,6.18,6.24,6.26,6.18,69608.67,44721.708,0.968944099378882,,0.0
2025-04-15,6.22,6.25,6.28,6.18,46525.47,29944.458,0.9689922480620154,,0.0
2025-04-16,6.23,6.25,6.359999999999999,6.15,80165.0,51688.551,0.9689922480620154,,0.0
2025-04-17,6.21,6.29,6.33,6.19,59559.3,38671.089,0.9691833590138674,,0.0
2025-04-18,6.28,6.3,6.44,6.28,65175.6,42672.748,0.9692307692307692,,0.0
2025-04-21,6.29,6.319999999999999,6.33,6.27,45556.0,29666.457,0.9693251533742332,,0.0
2025-04-22,6.319999999999999,6.45,6.47,6.29,75342.0,49737.589,0.9699248120300752,,0.0
2025-04-23,6.43,6.37,6.47,6.35,66841.0,44117.679,0.969558599695586,,0.0
2025-04-24,6.37,6.38,6.43,6.33,47174.31,31066.989,0.9696048632218844,,0.0
2025-04-25,6.4,6.359999999999999,6.42,6.35,35309.0,23238.568,0.9695121951219512,,0.0
2025-04-28,6.3,6.24,6.31,6.15,65394.0,41979.15,0.968944099378882,,0.0
2025-04-29,6.22,6.25,6.3,6.21,52458.0,33902.413,0.9689922480620154,,0.0
2025-04-30,6.27,6.26,6.34,6.24,44273.0,28752.395,0.9690402476780186,,0.0
2025-05-06,6.28,6.35,6.35,6.28,44627.0,29107.277,0.9694656488549618,,0.0
2025-05-07,6.39,6.38,6.4,6.33,48424.0,31792.826,0.9696048632218844,,0.0
2025-05-08,6.35,6.41,6.41,6.33,43251.16,28458.776,0.9697428139183056,,0.0
2025-05-09,6.4,6.39,6.42,6.35,39422.0,25964.881,0.9696509863429438,,0.0
2025-05-12,6.39,6.37,6.43,6.33,44166.0,28951.432,0.969558599695586,,0.0
2025-05-13,6.39,6.4,6.42,6.359999999999999,41011.0,27045.975,0.9696969696969696,,0.0
2025-05-14,6.39,6.38,6.41,6.33,62860.21,41269.831,0.9696048632218844,,0.0
2025-05-15,6.38,6.39,6.43,6.28,71886.0,47278.87,0.9696509863429438,,0.0
2025-05-16,6.42,6.45,6.51,6.38,86411.0,57417.666,0.9699248120300752,,0.0
2025-05-19,6.45,6.5,6.5,6.42,61550.0,40989.11,0.9701492537313432,,0.0
2025-05-20,6.49,6.55,6.55,6.48,62607.0,42110.642,0.9703703703703704,,0.0
2025-05-21,6.52,6.54,6.58,6.52,58892.0,39760.366,0.9703264094955488,,0.0
2025-05-22,6.55,6.47,6.59,6.47,103015.0,69326.698,0.970014992503748,,0.0
2025-05-23,6.48,6.43,6.569999999999999,6.42,86234.1,57885.368,0.9698340874811464,,0.0
2025-05-26,6.45,6.37,6.45,6.34,69308.0,45652.378,0.969558599695586,,0.0
2025-05-27,6.38,6.5,6.5,6.38,78750.0,52379.87,0.9701492537313432,,0.0
2025-05-28,6.49,6.48,6.52,6.43,46298.0,30916.154,0.9700598802395208,,0.0
2025-05-29,6.46,6.54,6.569999999999999,6.44,65170.0,43826.994,0.9703264094955488,,0.0
2025-05-30,6.54,6.55,6.6,6.53,75254.51,50923.706,0.9703703703703704,,0.0
2025-06-03,6.53,6.67,6.68,6.51,130037.0,88704.529,0.9708879184861716,,0.0
2025-06-04,6.67,6.66,6.68,6.63,84102.0,57641.882,0.9708454810495628,,0.0
2025-06-05,6.66,6.66,6.819999999999999,6.609999999999999,205881.53,142361.835,0.9708454810495628,,0.0
2025-06-06,6.68,6.67,6.81,6.63,123075.0,84668.584,0.9708879184861716,,0.0
2025-06-09,6.68,6.84,6.99,6.67,229802.83,161384.455,0.9715909090909092,,0.0
2025-06-10,6.81,6.96,7.1,6.81,337040.16,242216.781,0.9720670391061452,,0.0
2025-06-11,6.9,6.81,6.99,6.79,219505.3,154803.889,0.971469329529244,,0.0
2025-06-12,6.81,6.83,6.859999999999999,6.75,125971.0,88236.894,0.9715504978662872,,0.0
2025-06-13,6.77,6.64,6.83,6.62,111642.01,76963.62,0.9707602339181286,,0.0
2025-06-16,6.62,6.64,6.71,6.58,78206.0,53544.513,0.9707602339181286,,0.0
2025-06-17,6.69,6.63,6.8,6.609999999999999,102571.0,70792.374,0.9707174231332356,,0.0
2025-06-18,6.609999999999999,6.51,6.63,6.5,86284.0,58171.36,0.970193740685544,,0.0
2025-06-19,6.5,6.37,6.53,6.33,96554.16,63734.701,0.969558599695586,,0.0
2025-06-20,6.359999999999999,6.359999999999999,6.41,6.33,56866.0,37369.274,0.9695121951219512,,0.0
2025-06-23,6.33,6.46,6.47,6.3,58698.0,38676.24,0.96996996996997,,0.0
2025-06-24,6.46,6.62,6.67,6.43,98786.0,66994.121,0.9706744868035192,,0.0
2025-06-25,6.64,6.609999999999999,6.65,6.52,102989.29,69831.0,0.9706314243759178,,0.0
2025-06-26,6.609999999999999,6.59,6.68,6.569999999999999,73218.29,49897.475,0.9705449189985272,,0.0
2025-06-27,6.59,6.63,6.64,6.58,51934.0,35379.745,0.9707174231332356,,0.0
2025-06-30,6.62,6.609999999999999,6.64,6.56,46666.0,31703.805,0.9706314243759178,,0.0
2025-07-01,6.62,6.68,6.69,6.6,71407.0,48911.921,0.9709302325581396,,0.0
2025-07-02,6.7,6.72,6.75,6.66,72122.0,49758.481,0.9710982658959536,,0.0
2025-07-03,6.7,6.77,6.79,6.7,85522.54,59535.398,0.9713055954088952,,0.0
2025-07-04,6.77,6.75,6.81,6.73,70702.0,49239.266,0.9712230215827338,,0.0
2025-07-07,6.75,6.75,6.81,6.73,62203.0,43265.387,0.9712230215827338,,0.0
2025-07-08,6.760000000000001,6.800000000000001,6.840000000000001,6.760000000000001,58985.62,40666.92,0.9855072463768116,,0.0
2025-07-09,6.800000000000001,6.78,6.840000000000001,6.78,67769.0,46825.063,0.98546511627907,,0.0
2025-07-10,6.78,6.87,6.87,6.7700000000000005,99221.0,68843.703,0.9856527977044476,,0.0
2025-07-11,6.86,6.86,6.9,6.79,90226.0,62791.246,0.985632183908046,,0.0
2025-07-14,6.87,6.9,6.92,6.83,91453.0,63919.065,0.9857142857142858,,0.0
2025-07-15,6.9,6.79,6.91,6.73,84340.0,58115.144,0.9854862119013064,,0.0
2025-07-16,6.79,6.94,7.010000000000001,6.7700000000000005,146160.46,102465.272,0.9857954545454546,,0.0
2025-07-17,6.930000000000001,6.98,7.050000000000001,6.91,147755.46,104939.199,0.9858757062146892,,0.0
2025-07-18,7.010000000000001,7.010000000000001,7.03,6.890000000000001,114456.0,80627.889,0.9859353023909988,,0.0
2025-07-21,7.0,7.08,7.11,6.970000000000001,110907.61,79246.759,0.9860724233983288,,0.0
2025-07-22,7.0600000000000005,7.0600000000000005,7.090000000000001,7.010000000000001,108195.14,77419.43,0.9860335195530728,,0.0
2025-07-23,7.0600000000000005,7.010000000000001,7.08,7.0,99016.91,70737.849,0.9859353023909988,,0.0
2025-07-24,7.010000000000001,7.08,7.11,7.010000000000001,99434.0,71181.958,0.9860724233983288,,0.0
2025-07-25,7.08,7.050000000000001,7.15,7.0200000000000005,92863.02,66664.951,0.986013986013986,,0.0
2025-07-28,7.050000000000001,7.090000000000001,7.140000000000001,7.04,78946.0,56657.171,0.9860917941585536,,0.0
2025-07-29,7.090000000000001,7.140000000000001,7.23,6.98,182943.01,132272.428,0.9861878453038676,,0.0
2025-07-30,7.130000000000001,7.25,7.32,7.090000000000001,208511.34,152881.09,0.9863945578231292,,0.0
2025-07-31,7.2,7.17,7.29,7.12,198165.52,144526.518,0.986244841815681,,0.0
2025-08-01,7.17,7.29,7.37,7.140000000000001,235365.01,174112.212,0.986468200270636,,0.0
2025-08-04,7.220000000000001,7.260000000000001,7.300000000000001,7.140000000000001,192804.15,141189.003,0.9864130434782608,,0.0
2025-08-05,7.29,7.23,7.35,7.2,153057.67,112656.387,0.9863574351978172,,0.0
2025-08-06,7.220000000000001,7.0200000000000005,7.28,7.0,227573.01,163013.919,0.9859550561797752,,0.0
2025-08-07,7.0200000000000005,7.29,7.73,7.0200000000000005,689905.69,517481.25,0.986468200270636,,0.0
2025-08-08,7.19,7.16,7.33,7.07,512070.36,372896.278,0.9862258953168044,,0.0
2025-08-11,7.19,7.15,7.23,7.090000000000001,224123.79,162197.953,0.9862068965517242,,0.0
2025-08-12,7.19,7.17,7.340000000000001,7.12,254706.0,185683.384,0.986244841815681,,0.0
2025-08-13,7.17,7.15,7.19,7.0600000000000005,239465.1,173075.121,0.9862068965517242,,0.0
2025-08-14,7.16,6.95,7.180000000000001,6.95,211577.0,151304.919,0.9858156028368796,,0.0
2025-08-15,6.95,6.99,7.0200000000000005,6.94,124586.09,88205.673,0.9858956276445698,,0.0
2025-08-18,7.04,7.03,7.1000000000000005,7.0,136495.0,97482.521,0.9859747545582048,,0.0
2025-08-19,7.0200000000000005,7.130000000000001,7.19,7.0200000000000005,232628.01,168231.31,0.9861687413554634,,0.0
2025-08-20,7.1000000000000005,7.140000000000001,7.16,7.050000000000001,118028.01,85000.453,0.9861878453038676,,0.0
2025-08-21,7.15,7.16,7.19,7.11,123019.49,89207.74,0.9862258953168044,,0.0
2025-08-22,7.300000000000001,7.180000000000001,7.35,7.1000000000000005,171336.14,124663.383,0.9862637362637364,,0.0
2025-08-25,7.23,7.16,7.24,7.12,169800.52,123316.772,0.9862258953168044,,0.0
2025-08-26,7.130000000000001,7.15,7.19,7.130000000000001,114691.5,83231.02,0.9862068965517242,,0.0
2025-08-27,7.140000000000001,6.98,7.15,6.970000000000001,155705.39,111399.852,0.9858757062146892,,0.0
2025-08-28,7.03,7.0200000000000005,7.130000000000001,6.83,166567.0,117813.989,0.9859550561797752,,0.0
2025-08-29,6.99,7.010000000000001,7.04,6.96,95836.0,68101.192,0.9859353023909988,,0.0
2025-09-01,6.99,7.0600000000000005,7.07,6.94,101281.03,72213.061,0.9860335195530728,,0.0
2025-09-02,7.0600000000000005,7.1000000000000005,7.12,6.970000000000001,130447.6,93395.018,0.9861111111111112,,0.0
2025-09-03,7.08,6.970000000000001,7.140000000000001,6.94,86873.0,61988.189,0.985855728429986,,0.0
2025-09-04,6.99,7.0200000000000005,7.08,6.96,114008.13,81245.701,0.9859550561797752,,0.0
2025-09-05,7.010000000000001,7.050000000000001,7.050000000000001,6.91,92600.02,65723.41,0.986013986013986,,0.0
2025-09-08,7.050000000000001,7.16,7.17,7.050000000000001,132195.01,95562.641,0.9862258953168044,,0.0
2025-09-09,7.15,7.12,7.17,7.090000000000001,90634.51,65531.294,0.9861495844875346,,0.0
2025-09-10,7.11,7.1000000000000005,7.15,7.0600000000000005,67935.45,48911.603,0.9861111111111112,,0.0
2025-09-11,7.08,7.140000000000001,7.140000000000001,6.99,90477.21,64871.882,0.9861878453038676,,0.0
2025-09-12,7.130000000000001,7.12,7.16,7.090000000000001,83292.01,60150.617,0.9861495844875346,,0.0
2025-09-15,7.12,7.0600000000000005,7.12,7.03,60357.0,43203.271,0.9860335195530728,,0.0
2025-09-16,7.07,7.0600000000000005,7.08,6.98,65881.0,46982.645,0.9860335195530728,,0.0
2025-09-17,7.0600000000000005,7.0,7.090000000000001,6.98,78994.01,56180.044,0.9859154929577464,,0.0
2025-09-18,7.0200000000000005,6.890000000000001,7.0200000000000005,6.86,115870.52,81653.328,0.9856938483547926,,0.0
2025-09-19,6.890000000000001,6.8100000000000005,6.91,6.760000000000001,97191.81,67232.624,0.9855282199710564,,0.0
2025-09-22,6.800000000000001,6.79,6.8500000000000005,6.74,74535.35,51356.576,0.9854862119013064,,0.0
2025-09-23,6.760000000000001,6.74,6.79,6.66,83369.91,56775.222,0.9853801169590644,,0.0
2025-09-24,6.71,6.8100000000000005,6.82,6.69,69355.88,47742.957,0.9855282199710564,,0.0
2025-09-25,6.82,6.74,6.840000000000001,6.71,63329.01,43455.385,0.9853801169590644,,0.0
2025-09-26,6.74,6.75,6.7700000000000005,6.67,49111.0,33530.526,0.9854014598540146,,0.0
2025-09-29,6.75,6.73,6.760000000000001,6.630000000000001,67665.0,45915.835,0.985358711566618,,0.0
2025-09-30,6.75,6.75,6.78,6.720000000000001,49423.98,33831.823,0.9854014598540146,,0.0
2025-10-09,6.7700000000000005,6.74,6.7700000000000005,6.69,61538.43,41989.227,0.9853801169590644,,0.0
2025-10-10,6.73,6.8100000000000005,6.83,6.71,79867.04,55117.883,0.9855282199710564,,0.0
2025-10-13,6.7,6.74,6.760000000000001,6.65,83994.37,57119.617,0.9853801169590644,,0.0
2025-10-14,6.760000000000001,6.82,6.840000000000001,6.760000000000001,89173.81,61575.489,0.985549132947977,,0.0
2025-10-15,6.83,6.87,6.9,6.79,81484.08,56765.704,0.9856527977044476,,0.0
2025-10-16,6.87,6.880000000000001,6.92,6.840000000000001,82254.0,57449.904,0.98567335243553,,0.0
2025-10-17,6.86,6.840000000000001,6.930000000000001,6.83,75604.0,52743.078,0.9855907780979828,,0.0
2025-10-20,6.8500000000000005,6.91,6.92,6.82,65159.47,45435.661,0.985734664764622,,0.0
2025-10-21,6.890000000000001,6.99,6.99,6.880000000000001,79641.98,56147.73,0.9858956276445698,,0.0
2025-10-22,6.99,7.08,7.12,6.96,136678.22,97967.036,0.9860724233983288,,0.0
2025-10-23,7.08,7.090000000000001,7.130000000000001,7.010000000000001,88763.0,63591.646,0.9860917941585536,,0.0
2025-10-24,7.090000000000001,7.03,7.11,7.03,75184.0,53835.877,0.9859747545582048,,0.0
2025-10-27,7.07,7.0,7.08,6.95,74846.92,53115.855,0.9859154929577464,,0.0
2025-10-28,7.050000000000001,7.08,7.140000000000001,7.0,101739.3,73079.099,0.9860724233983288,,0.0
2025-10-29,7.08,7.04,7.1000000000000005,7.010000000000001,71689.29,51181.766,0.9859943977591036,,0.0
2025-10-30,7.03,6.96,7.04,6.91,65061.01,46109.733,0.9858356940509916,,0.0
2025-10-31,7.0,7.050000000000001,7.08,6.95,98243.78,69839.491,0.986013986013986,,0.0
2025-11-03,7.140000000000001,7.140000000000001,7.2,7.07,113853.01,82414.824,0.9861878453038676,,0.0
2025-11-04,7.140000000000001,7.140000000000001,7.17,7.090000000000001,77734.0,56227.165,0.9861878453038676,,0.0
2025-11-05,7.1000000000000005,7.180000000000001,7.2,7.090000000000001,85074.0,61813.795,0.9862637362637364,,0.0
2025-11-06,7.19,7.15,7.19,7.12,53276.01,38599.305,0.9862068965517242,,0.0
2025-11-07,7.130000000000001,7.16,7.180000000000001,7.12,58193.0,42230.602,0.9862258953168044,,0.0
2025-11-10,7.180000000000001,7.260000000000001,7.28,7.15,100193.01,73385.635,0.9864130434782608,,0.0
2025-11-11,7.27,7.32,7.340000000000001,7.23,115567.01,85527.28,0.986522911051213,,0.0
2025-11-12,7.32,7.35,7.380000000000001,7.27,110913.01,82387.92,0.9865771812080536,,0.0
2025-11-13,7.36,7.35,7.380000000000001,7.260000000000001,120123.0,89089.06,0.9865771812080536,,0.0
2025-11-14,7.33,7.36,7.46,7.33,161761.01,121397.98,0.9865951742627348,,0.0
2025-11-17,7.36,7.33,7.36,7.220000000000001,112592.0,83288.521,0.9865410497981156,,0.0
2025-11-18,7.31,7.21,7.36,7.16,114899.0,84171.607,0.9863201094391244,,0.0
2025-11-19,7.220000000000001,7.08,7.24,7.0600000000000005,96214.0,69412.435,0.9860724233983288,,0.0
2025-11-20,7.1000000000000005,7.11,7.15,7.0200000000000005,71613.04,51500.727,0.986130374479889,,0.0
2025-11-21,7.090000000000001,6.79,7.140000000000001,6.78,124289.0,87124.864,0.9854862119013064,,0.0
2025-11-24,6.83,6.9,6.92,6.83,98581.0,68754.91,0.9857142857142858,,0.0
2025-11-25,6.9,7.050000000000001,7.1000000000000005,6.86,102692.25,73050.535,0.986013986013986,,0.0
2025-11-26,7.0600000000000005,7.090000000000001,7.220000000000001,7.050000000000001,101659.0,73536.301,0.9860917941585536,,0.0
2025-11-27,7.130000000000001,7.1000000000000005,7.130000000000001,7.0,76393.0,54715.624,0.9861111111111112,,0.0
2025-11-28,7.12,7.16,7.23,7.04,100159.99,72377.276,0.9862258953168044,,0.0
2025-12-01,7.16,7.220000000000001,7.29,7.140000000000001,104942.02,77038.911,0.9863387978142076,,0.0
2025-12-02,7.21,7.21,7.260000000000001,7.15,89262.84,65253.459,0.9863201094391244,,0.0
2025-12-03,7.2,7.29,7.36,7.180000000000001,115547.18,85227.369,0.986468200270636,,0.0
2025-12-04,7.29,7.300000000000001,7.390000000000001,7.17,111876.02,82558.111,0.9864864864864864,,0.0
2025-12-05,7.27,7.29,7.300000000000001,7.19,79279.0,58315.247,0.986468200270636,,0.0
2025-12-08,7.33,7.260000000000001,7.37,7.23,74482.0,55086.296,0.9864130434782608,,0.0
2025-12-09,7.260000000000001,7.140000000000001,7.260000000000001,7.11,79182.0,57613.584,0.9861878453038676,,0.0
2025-12-10,7.12,7.16,7.21,7.0600000000000005,92700.01,67110.507,0.9862258953168044,,0.0
2025-12-11,7.16,6.98,7.17,6.96,98608.0,70173.883,0.9858757062146892,,0.0
2025-12-12,7.03,6.8500000000000005,7.03,6.840000000000001,83736.0,58741.219,0.985611510791367,,0.0
2025-12-15,6.86,6.880000000000001,6.9,6.800000000000001,82100.0,57069.279,0.98567335243553,,0.0
2025-12-16,6.87,6.7700000000000005,6.880000000000001,6.75,79331.0,54733.039,0.985443959243086,,0.0
2025-12-17,6.7700000000000005,6.83,6.840000000000001,6.720000000000001,72518.0,49948.251,0.9855699855699857,,0.0
2025-12-18,6.8100000000000005,7.27,7.33,6.8100000000000005,282212.01,204329.566,0.9864314789687924,,0.0
2025-12-19,7.550000000000001,7.61,7.99,7.48,762996.8,594690.022,0.987029831387808,,0.0
2025-12-22,7.69,7.630000000000001,7.82,7.49,438974.03,340130.105,0.9870633893919794,,0.0
2025-12-23,7.62,7.41,7.630000000000001,7.390000000000001,253987.09,191826.211,0.9866844207723036,,0.0
2025-12-24,7.45,7.35,7.48,7.300000000000001,177010.99,132143.389,0.9865771812080536,,0.0
2025-12-25,7.36,7.4,7.45,7.340000000000001,162831.0,122128.972,0.9866666666666668,,0.0
2025-12-26,7.41,7.62,7.760000000000001,7.380000000000001,266206.01,205393.287,0.9870466321243524,,0.0
2025-12-29,7.65,7.5,7.7,7.45,170048.0,129577.25,0.986842105263158,,0.0
2025-12-30,7.45,7.430000000000001,7.510000000000001,7.340000000000001,161563.38,121598.089,0.9867197875166004,,0.0
2025-12-31,7.470000000000001,7.85,8.14,7.470000000000001,417696.15,329553.868,0.9874213836477987,,0.0
2026-01-05,7.87,7.71,7.91,7.590000000000001,293969.0,229233.399,0.9871959026888604,,0.0
2026-01-06,7.69,7.74,7.91,7.67,223437.1,175722.292,0.9872448979591836,,0.0
2026-01-07,7.77,7.6,7.77,7.550000000000001,161447.01,125305.218,0.987012987012987,,0.0
2026-01-08,7.58,7.640000000000001,7.66,7.53,131537.0,101477.322,0.9870801033591732,,0.0
2026-01-09,7.62,7.75,7.800000000000001,7.590000000000001,172951.11,134523.817,0.9872611464968152,,0.0
2026-01-12,7.71,7.7,7.75,7.61,185203.1,143559.032,0.9871794871794872,,0.0
2026-01-13,7.7,7.71,7.9,7.680000000000001,247244.0,195219.6,0.9871959026888604,,0.0
2026-01-14,7.71,7.800000000000001,7.880000000000001,7.67,230264.76,181609.621,0.9873417721518988,,0.0
2026-01-15,7.800000000000001,7.640000000000001,7.800000000000001,7.58,166519.18,129065.517,0.9870801033591732,,0.0
2026-01-16,7.77,7.61,7.91,7.590000000000001,167655.87,131133.805,0.987029831387808,,0.0
2026-01-19,7.58,7.800000000000001,7.98,7.52,191331.78,150203.09,0.9873417721518988,,0.0
2026-01-20,7.800000000000001,7.78,7.890000000000001,7.720000000000001,149957.0,118171.36,0.9873096446700508,,0.0
2026-01-21,7.720000000000001,7.87,8.0,7.630000000000001,178140.31,141798.388,0.9874529485570892,,0.0
2026-01-22,7.85,7.87,7.880000000000001,7.78,117113.82,92954.731,0.9874529485570892,,0.0
2026-01-23,7.9,7.93,8.07,7.840000000000001,175665.82,141192.059,0.9875466998754672,,0.0
2026-01-26,7.960000000000001,7.91,7.99,7.840000000000001,141781.01,113477.087,0.9875156054931336,,0.0
2026-01-27,7.85,7.7,7.890000000000001,7.57,181285.0,140940.215,0.9871794871794872,,0.0
2026-01-28,7.69,7.5,7.7,7.49,145356.0,111185.373,0.986842105263158,,0.0
2026-01-29,7.48,7.510000000000001,7.590000000000001,7.45,103546.0,78931.387,0.9868593955321944,,0.0
2026-01-30,7.5,7.510000000000001,7.6,7.44,100283.0,76426.714,0.9868593955321944,,0.0
2026-02-02,7.470000000000001,7.46,7.680000000000001,7.46,118072.0,90664.967,0.9867724867724867,,0.0
2026-02-03,7.510000000000001,7.52,7.6,7.470000000000001,87857.0,66965.752,0.9868766404199476,,0.0
2026-02-04,7.56,7.67,7.720000000000001,7.510000000000001,112873.5,87449.571,0.9871299871299872,,0.0
2026-02-05,7.66,7.73,7.800000000000001,7.61,103913.0,81402.0,0.9872286079182632,,0.0
2026-02-06,7.83,7.680000000000001,7.92,7.680000000000001,214273.0,169694.967,0.987146529562982,,0.0
2026-02-09,7.75,7.640000000000001,7.78,7.62,116402.15,90346.205,0.9870801033591732,,0.0
2026-02-10,7.640000000000001,7.67,7.75,7.58,107153.01,83283.072,0.9871299871299872,,0.0
2026-02-11,7.69,7.58,7.69,7.57,93499.0,72119.658,0.9869791666666669,,0.0
2026-02-12,7.58,7.46,7.62,7.44,116307.0,88402.576,0.9867724867724867,,0.0
2026-02-13,7.46,7.340000000000001,7.48,7.33,91661.0,68720.148,0.9865591397849462,,0.0
2026-02-24,7.36,7.48,7.48,7.35,83569.0,62828.893,0.9868073878627968,,0.0
2026-02-25,7.54,7.57,7.800000000000001,7.52,148575.0,114985.646,0.9869621903520208,,0.0
2026-02-26,7.58,7.45,7.590000000000001,7.42,100894.0,76511.65,0.9867549668874172,,0.0
2026-02-27,7.42,7.44,7.470000000000001,7.390000000000001,63075.0,47473.851,0.986737400530504,,0.0
2026-03-02,7.36,7.27,7.390000000000001,7.2,114005.01,84378.133,0.9864314789687924,,0.0
2026-03-03,7.27,7.12,7.340000000000001,7.11,93589.0,68506.397,0.9861495844875346,,0.0
2026-03-04,7.1000000000000005,7.04,7.140000000000001,6.96,93651.16,66979.059,0.9859943977591036,,0.0
2026-03-05,7.11,7.08,7.180000000000001,7.07,74413.6,53770.611,0.9860724233983288,,0.0
2026-03-06,7.11,7.33,7.33,7.07,105379.45,77480.096,0.9865410497981156,,0.0
2026-03-09,7.25,7.28,7.340000000000001,7.2,98475.0,72683.571,0.986449864498645,,0.0
2026-03-10,7.32,7.32,7.35,7.260000000000001,59039.0,43723.425,0.986522911051213,,0.0
2026-03-11,7.32,7.300000000000001,7.33,7.24,55307.0,40762.027,0.9864864864864864,,0.0
2026-03-12,7.300000000000001,7.25,7.340000000000001,7.25,62904.0,46501.073,0.9863945578231292,,0.0
2026-03-13,7.25,7.27,7.35,7.220000000000001,59655.0,44085.728,0.9864314789687924,,0.0
2026-03-16,7.23,7.31,7.33,7.23,68137.0,50356.15,0.9865047233468288,,0.0
2026-03-17,7.32,7.29,7.45,7.28,84469.0,63134.224,0.986468200270636,,0.0
2026-03-18,7.29,7.340000000000001,7.35,7.220000000000001,49838.0,36797.708,0.9865591397849462,,0.0
2026-03-19,7.28,7.12,7.33,7.1000000000000005,72474.15,52855.928,0.9861495844875346,,0.0
2026-03-20,7.12,7.0,7.19,6.98,69304.3,49605.996,0.9859154929577464,,0.0
2026-03-23,6.86,6.49,6.9,6.430000000000001,148724.86,100279.081,0.984825493171472,,0.0
2026-03-24,6.590000000000001,6.78,6.79,6.5600000000000005,112048.73,75941.397,0.98546511627907,,0.0
2026-03-25,6.8100000000000005,6.9,6.96,6.760000000000001,87676.0,61150.503,0.9857142857142858,,0.0
2026-03-26,6.9,6.880000000000001,7.0,6.87,59478.0,41820.626,0.98567335243553,,0.0
2026-03-27,6.82,7.07,7.090000000000001,6.79,81919.0,58164.755,0.9860529986053,,0.0
2026-03-30,7.0600000000000005,7.2,7.21,7.0200000000000005,92326.0,66976.894,0.9863013698630138,,0.0
2026-03-31,7.180000000000001,7.08,7.24,7.04,115367.0,83658.587,0.9860724233983288,,0.0
2026-04-01,7.130000000000001,7.23,7.24,7.0200000000000005,111165.01,80777.575,0.9863574351978172,,0.0
2026-04-02,7.24,7.32,7.37,7.19,125293.0,92831.255,0.986522911051213,,0.0
2026-04-03,7.300000000000001,7.260000000000001,7.42,7.16,132129.47,97290.884,0.9864130434782608,,0.0
2026-04-07,7.260000000000001,8.0,8.0,7.08,388469.84,305142.065,0.9876543209876544,,0.0
2026-04-08,8.4,8.81,8.81,8.25,957188.51,843109.02,0.9887766554433222,,0.0
2026-04-09,8.89,8.48,9.7,8.370000000000001,1838203.52,1721781.277,0.9883449883449884,,0.0
2026-04-10,8.030000000000001,7.83,8.200000000000001,7.630000000000001,1475698.34,1178419.648,0.9873896595208072,,0.0
2026-04-13,7.56,7.15,7.590000000000001,7.1000000000000005,985833.71,724008.748,0.9862068965517242,,0.0
2026-04-14,7.52,7.41,7.73,7.24,869850.91,653964.95,0.9866844207723036,,0.0
2026-04-15,7.78,8.16,8.16,7.61,743963.11,591954.93,0.9878934624697338,,0.0
2026-04-16,8.39,8.200000000000001,8.73,8.07,1422701.8,1206811.41,0.9879518072289156,,0.0
2026-04-17,8.13,7.86,8.16,7.75,800980.29,640243.669,0.9874371859296482,,0.0
2026-04-20,7.87,7.78,7.9,7.66,554603.9,435787.558,0.9873096446700508,,0.0
2026-04-21,7.74,7.7,8.13,7.65,593779.0,470526.343,0.9871794871794872,,0.0
2026-04-22,7.5,7.62,7.65,7.4,551725.64,419891.895,0.9870466321243524,,0.0
2026-04-23,7.54,7.37,7.54,7.340000000000001,420602.0,316169.967,0.9866131191432396,,0.0
2026-04-24,7.260000000000001,7.260000000000001,7.33,7.19,287381.11,211449.638,0.9864130434782608,,0.0
2026-04-27,7.19,7.180000000000001,7.21,7.07,255725.0,184954.435,0.9862637362637364,,0.0
2026-04-28,7.16,7.2,7.37,7.15,276219.0,203388.342,0.9863013698630138,,0.0
2026-04-29,7.15,7.220000000000001,7.27,7.08,214879.0,156838.543,0.9863387978142076,,0.0
2026-04-30,7.19,7.29,7.340000000000001,7.15,235060.0,172890.106,0.986468200270636,,0.0
2026-05-06,7.25,7.23,7.260000000000001,7.15,232944.31,169932.909,0.9863574351978172,,0.0
2026-05-07,7.23,7.130000000000001,7.23,7.1000000000000005,235383.0,170520.309,0.9861687413554634,,0.0
2026-05-08,7.140000000000001,7.180000000000001,7.19,7.1000000000000005,193206.0,139998.71,0.9862637362637364,,0.0
2026-05-11,7.15,7.260000000000001,7.27,7.050000000000001,341020.01,247720.814,0.9864130434782608,,0.0
2026-05-12,7.21,7.130000000000001,7.25,7.08,236458.01,171494.67,0.9861687413554634,,0.0
2026-05-13,7.140000000000001,7.0,7.17,7.0,234214.84,167820.181,0.9859154929577464,,0.0
2026-05-14,6.970000000000001,6.7700000000000005,6.970000000000001,6.7700000000000005,305845.0,211894.735,0.985443959243086,,0.0
2026-05-15,6.7700000000000005,6.7,6.800000000000001,6.65,179235.0,122086.303,0.9852941176470588,,0.0
2026-05-18,6.67,6.66,6.69,6.6000000000000005,129284.0,87036.886,0.985207100591716,,0.0
2026-05-19,6.7,6.680000000000001,6.720000000000001,6.61,103024.0,69658.777,0.9852507374631267,,0.0
2026-05-20,6.66,6.590000000000001,6.680000000000001,6.5600000000000005,104507.0,69966.262,0.985052316890882,,0.0
2026-05-21,6.6000000000000005,6.4,6.65,6.4,149082.0,98998.856,0.9846153846153848,,0.0
2026-05-22,6.46,6.46,6.49,6.380000000000001,103796.0,67824.278,0.9847560975609756,,0.0
2026-05-25,6.46,6.390000000000001,6.49,6.3500000000000005,104157.0,67736.052,0.9845916795069338,,0.0
2026-05-26,6.380000000000001,6.2700000000000005,6.380000000000001,6.21,115680.0,73737.253,0.9843014128728416,,0.0
2026-05-27,6.29,6.12,6.29,6.1000000000000005,109192.97,68247.617,0.9839228295819936,,0.0
2026-05-28,6.130000000000001,6.17,6.23,6.090000000000001,107979.31,67672.842,0.9840510366826156,,0.0
2026-05-29,6.17,6.24,6.32,6.15,127941.0,81150.734,0.9842271293375396,,0.0
2026-06-01,6.21,6.37,6.380000000000001,6.21,108733.0,69784.65269,0.9845440494590418,,0.0
2026-06-02,6.3500000000000005,6.25,6.36,6.2,104795.0,66670.029,0.984251968503937,,0.0
2026-06-03,6.24,6.17,6.24,6.12,77568.0,48612.735,0.9840510366826156,,0.0
2026-06-04,6.16,6.090000000000001,6.19,6.050000000000001,70593.0,43834.186,0.9838449111470112,,0.0
2026-06-05,6.130000000000001,6.12,6.180000000000001,6.1000000000000005,67223.03,41947.176,0.9839228295819936,,0.0
2026-06-08,6.0,6.03,6.16,5.95,96376.0,59278.013,0.9836867862969004,,0.0
2026-06-09,6.010000000000001,5.98,6.07,5.95,74715.0,45510.712,0.9835526315789476,,0.0
2026-06-10,5.98,6.010000000000001,6.03,5.94,78231.86,47563.69429,0.9836333878887072,,0.0
2026-06-11,5.99,5.94,6.0,5.87,81151.0,48857.911,0.9834437086092715,,0.0
2026-06-12,5.99,6.0600000000000005,6.08,5.94,93859.0,57457.356,0.9837662337662338,,0.0
2026-06-15,6.07,6.17,6.17,6.04,84465.55,52542.9213,0.9840510366826156,,0.0
2026-06-16,6.16,6.11,6.16,6.03,64375.0,39786.796,0.9838969404186796,,0.0
2026-06-17,6.12,6.07,6.17,6.03,69007.08,41942.72148,1.0,,0.0
2026-06-18,6.06,6.1,6.15,6.02,75431.55,45899.33185,1.0,,0.0
2026-06-22,6.04,6.02,6.07,5.8,140506.88,82666.99295,1.0,,0.0
2026-06-23,5.99,6.18,6.25,5.95,138348.0,85493.49,1.0,,0.0
2026-06-24,6.18,6.12,6.29,6.09,118046.0,72910.391,1.0,,0.0
2026-06-25,6.07,5.97,6.07,5.85,122536.01,72901.89193,1.0,,0.0
2026-06-26,5.9,5.78,6.0,5.78,90668.0,53070.846,1.0,,0.0
2026-06-29,5.79,5.98,6.01,5.67,139842.18,82429.79142,1.0,,0.0
2026-06-30,5.94,5.83,5.96,5.78,101703.0,59312.6882,1.0,,0.0
2026-07-01,5.78,6.03,6.04,5.75,135145.5,80326.044,1.0,,0.0
2026-07-02,5.98,6.09,6.18,5.97,137477.1,83897.6419,1.0,,0.0
2026-07-03,6.18,6.18,6.21,6.06,104535.24,64213.84364,1.0,,0.0
2026-07-06,6.16,6.23,6.26,6.1,152317.0,94593.032,1.0,,0.0
2026-07-07,6.19,5.98,6.22,5.97,111822.0,67597.867,1.0,,0.0
2026-07-08,5.96,6.02,6.09,5.92,72785.0,43768.285,1.0,,0.0
2026-07-09,5.96,5.99,6.09,5.89,77463.0,46236.142,1.0,,0.0
2026-07-10,5.96,6.13,6.18,5.89,124599.02,75817.90422,1.0,,0.0
2026-07-13,6.13,6.18,6.26,6.12,147246.81,91240.25148,1.0,,0.0
2026-07-14,6.13,6.37,6.37,6.11,193533.7,122026.2146,1.0,,0.0
2026-07-15,6.3,6.5,6.55,6.28,240905.0,156113.18,1.0,,0.0
2026-07-16,6.42,6.51,6.57,6.38,210006.0,136595.003,1.0,,0.0
2026-07-17,6.48,6.27,6.53,6.22,196799.26,124696.82568,1.0,,0.0
2026-07-20,6.22,6.27,6.36,6.15,149507.0,93728.957,1.0,,0.0
2026-07-21,6.27,6.08,6.27,6.01,187593.38,114334.71688,1.0,,0.0
2026-07-22,6.05,6.07,6.2,6.03,145666.81,88910.4221,1.0,,0.0
2026-07-23,6.03,6.2,6.21,6.0,130644.0,79983.958,1.0,,0.0
2026-07-24,6.16,6.01,6.25,6.01,110764.0,67565.668,1.0,,0.0
2026-07-27,5.98,6.15,6.17,5.97,104432.0,63903.264,1.0,,0.0
2026-07-28,6.13,6.17,6.24,6.1,86004.0,53193.935,1.0,,0.0
2026-07-29,6.18,6.25,6.28,6.18,101215.0,63179.453,1.0,,0.0
2026-07-30,6.22,6.19,6.31,6.14,109666.0,68280.267,1.0,,0.0
2026-07-31,6.19,6.29,6.29,6.17,98422.36,61453.73672,1.0,,0.0
2026-08-03,6.3,6.36,6.36,6.28,81603.0,51624.793,1.0,,0.0
2026-08-04,6.37,6.36,6.42,6.33,90902.0,57906.392,1.0,,0.0
2026-08-05,6.33,6.33,6.37,6.28,104538.1,66006.8653,1.0,,0.0
2026-08-06,6.33,6.34,6.35,6.25,89994.0,56721.422,1.0,,0.0
2026-08-07,6.31,6.45,6.45,6.28,161006.0,102824.115,1.0,,0.0
2026-08-10,6.49,6.58,6.6,6.48,164952.0,108131.811,1.0,,0.0
2026-08-11,6.56,6.53,6.63,6.51,117749.0,77288.183,1.0,,0.0
2026-08-12,6.55,6.63,6.64,6.48,121575.35,80014.4922,1.0,1.9553,0.0
2026-08-13,6.59,6.67,6.76,6.48,190401.0,126707.5739,1.0,3.06,0.0
2026-08-14,6.7,6.79,6.84,6.6,225856.0,152548.525,1.0,3.63,0.0
2026-08-17,6.8,6.84,7.0,6.64,265051.49,180970.27518,1.0,0.0,0.0
2026-08-18,6.77,6.8,6.95,6.77,247545.42,169566.0977,1.0,0.0,0.0
2026-08-19,6.75,6.9,7.35,6.72,392424.47,273801.18153,1.0,0.0,0.0
2026-08-20,7.1,7.05,7.19,6.89,418624.87,294974.83614,1.0,6.7311,6.7328
2026-08-21,6.88,6.64,6.9,6.5,340382.18,226205.89221,1.0,5.473,5.4744
2026-08-24,6.6,6.51,6.67,6.47,196645.43,128511.76736,1.0,3.1619,3.1627
2026-08-25,6.51,6.71,6.73,6.43,173860.44,115267.20429,1.0,2.7955,2.7962
2026-08-26,6.72,6.66,6.86,6.63,165608.25,111192.32575,1.0,2.6628,2.6635
2026-08-27,6.66,6.82,6.85,6.63,189887.76,128832.44472,1.0,3.0532,3.054
2026-08-28,6.86,6.85,6.95,6.78,144218.9,98870.4403,1.0,2.3189,2.3195
2026-08-31,6.8,6.72,6.82,6.64,159527.0,106930.772,1.0,2.5651,2.5657
2026-09-01,6.71,6.86,6.89,6.68,159235.0,108239.369,1.0,2.5604,2.561
2026-09-02,6.82,6.7,6.86,6.68,120439.0,80970.697,1.0,1.9366,1.937
2026-09-03,6.73,6.59,6.74,6.56,107198.0,70909.23,1.0,1.7236,1.7241
2026-09-04,6.62,6.56,6.68,6.53,88069.0,58300.514,1.0,1.4161,1.4164
2026-09-07,6.57,6.6,6.63,6.57,66771.0,44065.654,1.0,1.0736,1.0739
2026-09-08,6.6,6.79,6.79,6.56,138910.0,93179.217,1.0,2.2336,2.2341
2026-09-09,6.74,6.7,6.76,6.63,98883.0,66194.331,1.0,1.59,1.5904
2026-09-10,6.7,6.64,6.84,6.58,103192.0,68905.771,1.0,1.6592,1.6597
2026-09-11,6.59,6.47,6.62,6.42,90925.0,58891.488,1.0,1.462,1.4624
2026-09-14,6.47,6.6,6.63,6.44,77576.0,50926.525,1.0,1.2474,1.2477
2026-09-15,6.57,6.39,6.59,6.38,101831.85,65738.12445,1.0,1.6374,1.6378
2026-09-16,6.37,6.41,6.47,6.33,70193.0,45027.66715,1.0,1.1286,1.1289
2026-09-17,6.37,6.47,6.48,6.35,71187.0,45806.344,1.0,1.1446,1.1449
2026-09-18,6.43,6.46,6.58,6.42,85825.0,55805.092,1.0,1.38,1.3803
2026-09-21,6.49,6.73,6.74,6.46,148917.0,99236.736,1.0,2.3945,2.3951
