date,open,close,high,low,volume,money,factor,turnover,turnover_free
2021-05-10,5.43,5.39,5.43,5.31,72649.07,43951.208,0.8850574712643677,,0.0
2021-05-11,5.35,5.69,5.76,5.34,141816.67,89101.741,0.8904538341158059,,0.0
2021-05-12,5.609999999999999,5.69,5.83,5.609999999999999,102775.05,65942.839,0.8904538341158059,,0.0
2021-05-13,5.69,5.58,5.74,5.55,67562.31,42711.215,0.8885350318471338,,0.0
2021-05-14,5.53,5.63,5.7,5.53,59413.26,37622.833,0.8894154818325434,,0.0
2021-05-17,5.65,5.48,5.67,5.41,91187.06,56382.086,0.8867313915857605,,0.0
2021-05-18,5.51,5.56,5.58,5.45,58019.01,36097.424,0.8881789137380192,,0.0
2021-05-19,5.51,5.62,5.67,5.45,76468.01,48024.835,0.8892405063291139,,0.0
2021-05-20,5.63,5.8,5.83,5.62,123353.76,79809.103,0.8923076923076922,,0.0
2021-05-21,5.83,5.74,5.95,5.7,81097.3,52493.086,0.8913043478260869,,0.0
2021-05-24,5.75,6.04,6.04,5.71,135034.55,89283.635,0.8961424332344213,,0.0
2021-05-25,6.03,5.95,6.03,5.85,93431.71,62005.292,0.8947368421052632,,0.0
2021-05-26,5.95,5.93,6.12,5.9,80685.57,53910.967,0.894419306184012,,0.0
2021-05-27,5.859999999999999,5.9,6.02,5.85,69495.06,45931.675,0.8939393939393939,,0.0
2021-05-28,5.88,6.09,6.18,5.88,123170.72,83480.347,0.8969072164948453,,0.0
2021-05-31,6.09,6.08,6.22,6.05,96708.98,65908.831,0.8967551622418879,,0.0
2021-06-01,6.06,6.28,6.319999999999999,6.05,117057.61,81253.845,0.8997134670487106,,0.0
2021-06-02,6.3,6.19,6.319999999999999,6.15,88100.01,60927.595,0.8984034833091437,,0.0
2021-06-03,6.17,6.1,6.28,6.069999999999999,71578.07,49027.471,0.8970588235294117,,0.0
2021-06-04,6.08,6.17,6.25,6.02,71484.52,48842.914,0.8981077147016011,,0.0
2021-06-07,6.18,6.109999999999999,6.28,6.05,66334.0,45447.876,0.8972099853157122,,0.0
2021-06-08,6.09,6.05,6.14,5.96,67162.01,45221.907,0.8962962962962963,,0.0
2021-06-09,6.0,6.22,6.3,5.98,79712.01,55078.469,0.8988439306358381,,0.0
2021-06-10,6.26,6.23,6.27,6.16,51265.53,35416.699,0.898989898989899,,0.0
2021-06-11,6.29,6.92,6.92,6.22,201964.71,148776.379,0.9081364829396326,,0.0
2021-06-15,7.21,6.55,7.21,6.39,302216.86,221857.94,0.903448275862069,,0.0
2021-06-16,6.56,6.25,6.7,6.17,174768.39,123685.254,0.8992805755395683,,0.0
2021-06-17,6.21,6.95,6.95,6.18,135728.52,100376.929,0.9084967320261438,,0.0
2021-06-18,7.319999999999999,7.069999999999999,7.319999999999999,6.9,331475.4,257098.593,0.9099099099099098,,0.0
2021-06-21,6.98,6.98,7.04,6.81,181010.62,137840.038,0.9088541666666666,,0.0
2021-06-22,6.96,7.35,7.749999999999999,6.85,297237.51,240729.489,0.9130434782608696,,0.0
2021-06-23,7.319999999999999,7.329999999999999,7.72,7.25,214903.94,175131.908,0.912826899128269,,0.0
2021-06-24,7.3,7.7,7.979999999999999,7.229999999999999,252676.22,208788.209,0.9166666666666666,,0.0
2021-06-25,7.64,7.399999999999999,7.64,7.3,166646.3,135382.164,0.9135802469135802,,0.0
2021-06-28,7.409999999999999,7.569999999999999,7.569999999999999,7.109999999999999,146710.3,118721.683,0.9153567110036276,,0.0
2021-06-29,7.56,7.3,7.56,7.22,107273.92,86720.251,0.9125,,0.0
2021-06-30,7.339999999999999,7.739999999999999,7.979999999999999,7.3,168817.01,141475.357,0.9170616113744076,,0.0
2021-07-01,7.8,7.36,7.8,7.3,131828.11,107795.151,0.913151364764268,,0.0
2021-07-02,7.36,7.19,7.47,7.13,92045.13,72999.004,0.9112801013941698,,0.0
2021-07-05,7.2,7.3,7.6,7.16,101333.63,81921.04,0.9125,,0.0
2021-07-06,7.25,7.31,7.399999999999999,7.12,90476.93,71950.688,0.9126092384519352,,0.0
2021-07-07,7.25,7.55,7.589999999999999,7.13,124935.12,102238.653,0.9151515151515152,,0.0
2021-07-08,7.499999999999999,7.489999999999999,7.649999999999999,7.430000000000001,90148.45,74053.072,0.9145299145299144,,0.0
2021-07-09,7.430000000000001,7.589999999999999,7.6,7.319999999999999,113420.38,92712.101,0.9155609167671892,,0.0
2021-07-12,7.63,8.110000000000001,8.15,7.510000000000001,207053.37,177059.274,0.920544835414302,,0.0
2021-07-13,8.22,8.110000000000001,8.8,8.06,282046.58,255869.677,0.920544835414302,,0.0
2021-07-14,8.260000000000002,8.38,8.55,8.110000000000001,194720.2,175720.094,0.9229074889867842,,0.0
2021-07-15,8.17,8.200000000000001,8.33,7.899999999999999,130253.32,114630.26,0.9213483146067416,,0.0
2021-07-16,8.200000000000001,8.49,8.510000000000002,7.999999999999999,138714.99,125087.831,0.9238302502720348,,0.0
2021-07-19,8.620000000000001,8.55,8.8,8.4,111148.78,102626.483,0.9243243243243244,,0.0
2021-07-20,8.350000000000001,8.850000000000001,8.98,8.200000000000001,142247.26,133242.5,0.9267015706806284,,0.0
2021-07-21,8.8,8.860000000000001,8.98,8.71,100657.62,95964.11,0.9267782426778244,,0.0
2021-07-22,8.850000000000001,8.71,9.22,8.700000000000001,136075.24,130951.478,0.9256110520722636,,0.0
2021-07-23,8.64,9.05,9.17,8.520000000000001,164558.74,156797.34,0.9282051282051282,,0.0
2021-07-26,8.98,9.760000000000002,9.86,8.92,256732.03,259413.049,0.9330783938814532,,0.0
2021-07-27,9.61,9.48,9.88,9.15,205926.01,211149.791,0.9312377210216112,,0.0
2021-07-28,9.23,9.29,9.45,8.610000000000001,172285.76,169072.988,0.92992992992993,,0.0
2021-07-29,9.45,9.6,9.75,9.31,162473.09,166105.744,0.9320388349514565,,0.0
2021-07-30,9.55,10.24,10.28,9.45,198470.85,212368.168,0.9360146252285192,,0.0
2021-08-02,10.15,10.53,10.7,10.010000000000002,223727.52,246793.602,0.9376669634906502,,0.0
2021-08-03,10.35,11.36,11.6,10.33,251819.83,297553.285,0.9419568822553898,,0.0
2021-08-04,11.5,12.57,12.57,11.18,413750.69,534176.237,0.947249434815373,,0.0
2021-08-05,12.57,12.38,13.24,11.86,550070.71,723756.19,0.9464831804281346,,0.0
2021-08-06,12.21,12.55,12.71,11.92,314881.37,410080.767,0.9471698113207548,,0.0
2021-08-09,12.4,13.88,13.88,12.4,416721.41,590945.751,0.9519890260631002,,0.0
2021-08-10,13.48,14.55,15.14,13.33,422202.02,625156.537,0.9540983606557376,,0.0
2021-08-11,14.6,14.8,15.25,13.66,376158.6,572157.55,0.9548387096774194,,0.0
2021-08-12,14.39,14.08,14.75,14.06,275257.38,412653.083,0.952638700947226,,0.0
2021-08-13,13.95,15.560000000000002,15.560000000000002,13.78,508093.75,810752.45,0.956949569495695,,0.0
2021-08-16,15.310000000000002,15.12,16.23,14.69,469302.61,755326.492,0.9557522123893806,,0.0
2021-08-17,14.61,13.54,15.16,13.54,271266.25,400396.336,0.9508426966292136,,0.0
2021-08-18,13.11,13.54,13.97,12.65,410019.18,575524.028,0.9508426966292136,,0.0
2021-08-19,13.61,14.96,14.96,13.47,316926.43,478545.346,0.9553001277139208,,0.0
2021-08-20,15.18,15.260000000000002,15.86,14.59,392110.02,626600.651,0.9561403508771932,,0.0
2021-08-23,15.29,15.68,15.740000000000002,14.3,362112.89,570899.062,0.9572649572649572,,0.0
2021-08-24,15.63,15.22,15.670000000000002,14.9,273323.02,434807.933,0.9560301507537688,,0.0
2021-08-25,14.87,15.28,16.13,14.84,278348.29,449482.243,0.9561952440550688,,0.0
2021-08-26,15.18,16.28,16.88,15.02,520966.82,894673.635,0.9587750294464076,,0.0
2021-08-27,16.45,16.44,17.18,15.830000000000002,371340.22,634937.152,0.9591598599766628,,0.0
2021-08-30,16.37,16.75,16.990000000000002,16.01,390597.18,673435.848,0.9598853868194844,,0.0
2021-08-31,16.52,16.32,16.580000000000002,15.54,304290.63,510880.883,0.9588719153936546,,0.0
2021-09-01,16.27,14.98,16.27,14.7,265729.58,426943.444,0.9553571428571428,,0.0
2021-09-02,14.98,15.85,16.1,14.72,227348.16,373547.847,0.9577039274924471,,0.0
2021-09-03,15.580000000000002,17.51,17.51,15.510000000000002,479426.1,864174.682,0.9615595826468972,,0.0
2021-09-06,18.01,19.33,19.33,18.01,400008.48,787740.718,0.965052421367948,,0.0
2021-09-07,19.38,21.06,21.3,18.81,492492.56,1021939.085,0.9678308823529412,,0.0
2021-09-08,21.25,20.17,21.35,19.88,352356.22,743337.105,0.966459032103498,,0.0
2021-09-09,20.48,20.42,20.59,19.7,254295.25,531570.171,0.9668560606060608,,0.0
2021-09-10,20.98,20.61,21.63,19.31,351463.64,739460.354,0.96715157203191,,0.0
2021-09-13,20.01,19.89,20.72,19.35,244999.49,504233.155,0.96600291403594,,0.0
2021-09-14,19.99,20.72,21.4,19.7,328114.41,699043.682,0.9673202614379084,,0.0
2021-09-15,20.8,21.1,21.96,20.0,302609.16,655686.169,0.9678899082568808,,0.0
2021-09-16,20.58,19.9,21.47,19.9,218535.01,463843.487,0.9660194174757282,,0.0
2021-09-17,19.31,19.69,20.12,18.83,207805.22,417168.325,0.965669445806768,,0.0
2021-09-22,19.32,19.44,20.18,19.13,164959.51,335545.432,0.9652432969215492,,0.0
2021-09-23,19.76,18.76,19.79,18.65,148986.56,293355.355,0.9640287769784172,,0.0
2021-09-24,18.85,19.13,19.6,18.77,165243.85,328861.487,0.9646999495713564,,0.0
2021-09-27,19.3,17.19,19.59,17.150000000000002,245374.83,455995.519,0.960871995528228,,0.0
2021-09-28,18.15,17.12,18.15,16.5,199886.18,358347.347,0.9607182940516276,,0.0
2021-09-29,17.12,15.79,17.3,15.53,241389.69,409603.172,0.957550030321407,,0.0
2021-09-30,16.1,16.8,16.95,15.82,151641.82,261419.999,0.96,,0.0
2021-10-08,17.29,16.400000000000002,17.7,16.03,142112.62,244893.298,0.9590643274853802,,0.0
2021-10-11,16.400000000000002,16.11,16.73,15.88,107799.0,182069.224,0.9583581201665676,,0.0
2021-10-12,16.27,15.400000000000002,16.27,14.92,141218.17,227472.0,0.9565217391304348,,0.0
2021-10-13,15.420000000000002,15.53,16.0,15.15,108121.75,174817.013,0.9568699938385706,,0.0
2021-10-14,15.84,16.7,16.88,15.44,164584.0,280922.287,0.9597701149425288,,0.0
2021-10-15,16.48,16.5,16.77,16.13,96152.17,165069.301,0.9593023255813954,,0.0
2021-10-18,16.34,16.580000000000002,17.09,15.88,113959.87,195969.84,0.9594907407407408,,0.0
2021-10-19,16.720000000000002,17.18,17.55,16.470000000000002,138702.91,247449.912,0.9608501118568232,,0.0
2021-10-20,16.92,18.16,18.58,16.5,172197.55,317346.666,0.9628844114528102,,0.0
2021-10-21,17.900000000000002,17.720000000000002,18.45,17.71,104319.95,194816.263,0.96199782844734,,0.0
2021-10-22,17.84,16.32,17.86,16.2,188576.18,328439.194,0.9588719153936546,,0.0
2021-10-25,16.26,16.5,16.900000000000002,16.18,104068.52,179802.479,0.9593023255813954,,0.0
2021-10-26,16.53,16.27,16.830000000000002,16.1,84446.0,144261.565,0.9587507365939896,,0.0
2021-10-27,16.32,16.42,16.54,16.1,58440.38,99722.902,0.9591121495327104,,0.0
2021-10-28,16.3,15.85,16.5,15.36,102887.13,170263.615,0.9577039274924471,,0.0
2021-10-29,15.77,16.86,16.970000000000002,15.73,154337.57,264539.195,0.9601366742596812,,0.0
2021-11-01,16.85,16.87,17.36,16.61,97986.1,172823.48,0.9601593625498008,,0.0
2021-11-02,16.8,16.16,16.92,15.85,98990.0,167871.41,0.9584816132858838,,0.0
2021-11-03,16.11,15.93,16.26,15.580000000000002,79567.0,131539.485,0.957907396271798,,0.0
2021-11-04,15.86,17.59,17.59,15.79,190439.47,342987.814,0.9617277200656096,,0.0
2021-11-05,17.8,18.09,18.96,17.12,342730.33,642559.684,0.962746141564662,,0.0
2021-11-08,17.91,19.11,19.47,17.900000000000002,248233.69,486711.057,0.9646643109540636,,0.0
2021-11-09,19.15,19.88,20.33,19.15,234422.19,481875.098,0.9659863945578232,,0.0
2021-11-10,19.82,19.92,20.07,19.48,159082.79,325957.78,0.9660523763336568,,0.0
2021-11-11,19.93,19.84,20.13,19.42,110312.12,225836.996,0.9659201557935736,,0.0
2021-11-12,19.79,20.56,20.79,19.72,135630.1,286014.116,0.9670743179680152,,0.0
2021-11-15,21.79,22.69,22.69,20.56,376967.36,864363.087,0.9700726806327492,,0.0
2021-11-16,23.43,23.28,24.94,23.07,484786.47,1194035.68,0.9708090075062552,,0.0
2021-11-17,23.8,25.68,25.68,22.35,339384.28,849456.356,0.973464746019712,,0.0
2021-11-18,25.78,25.06,26.38,25.06,313807.23,828881.959,0.9728260869565216,,0.0
2021-11-19,26.06,26.34,27.2,25.58,283837.95,771143.38,0.974112426035503,,0.0
2021-11-22,26.67,28.16,28.96,26.4,275186.13,794858.3,0.9757449757449758,,0.0
2021-11-23,27.33,29.45,29.89,26.63,330668.18,963346.65,0.976782752902156,,0.0
2021-11-24,29.46,28.6,29.95,27.7,293654.59,861930.348,0.9761092150170648,,0.0
2021-11-25,28.23,27.37,28.71,27.12,227139.28,647695.025,0.9750623441396508,,0.0
2021-11-26,27.11,28.24,28.66,26.19,225714.82,643924.601,0.9758120248790602,,0.0
2021-11-29,27.49,31.13,31.13,27.48,229217.43,706823.502,0.9780081683945964,,0.0
2021-11-30,31.29,31.3,33.18,31.29,286103.69,937432.397,0.978125,,0.0
2021-12-01,31.44,34.5,34.5,30.43,261671.41,878494.841,0.9801136363636362,,0.0
2021-12-02,34.34,32.41,34.34,31.9,226394.46,755064.985,0.978858350951374,,0.0
2021-12-03,32.37,32.93,33.89,31.94,154902.66,521685.084,0.9791852512637526,,0.0
2021-12-06,32.93,31.73,33.059999999999995,31.21,165150.44,538566.566,0.9784150477952512,,0.0
2021-12-07,32.059999999999995,29.66,32.059999999999995,29.27,216594.78,663156.825,0.976943346508564,,0.0
2021-12-08,29.96,29.57,29.96,28.6,199940.75,597541.993,0.9768747935249422,,0.0
2021-12-09,29.6,28.88,29.77,28.7,128430.61,383080.673,0.9763353617308992,,0.0
2021-12-10,28.9,31.84,31.84,28.39,217314.35,681741.168,0.9784880147510756,,0.0
2021-12-13,32.29,31.6,32.4,29.69,219070.75,692956.878,0.978328173374613,,0.0
2021-12-14,32.3,30.88,32.739999999999995,30.7,117035.08,378706.505,0.9778340721975934,,0.0
2021-12-15,30.98,30.4,31.87,29.94,107717.58,335550.766,0.977491961414791,,0.0
2021-12-16,30.01,30.13,30.55,29.56,69692.51,214529.352,0.9772948426856958,,0.0
2021-12-17,30.26,29.26,30.26,28.58,122040.96,362359.531,0.9766355140186916,,0.0
2021-12-20,29.09,28.12,29.26,27.58,111424.23,321390.591,0.9757113115891742,,0.0
2021-12-21,28.1,27.96,28.79,27.42,85770.52,244845.568,0.975575715282624,,0.0
2021-12-22,27.7,27.64,28.8,27.38,68232.66,194179.671,0.9752999294283698,,0.0
2021-12-23,27.6,28.0,28.7,27.42,91414.3,263348.243,0.975609756097561,,0.0
2021-12-24,27.78,26.08,28.24,26.04,106303.9,293500.745,0.9738610903659448,,0.0
2021-12-27,26.64,26.81,27.49,25.63,107327.73,294168.337,0.9745547073791349,,0.0
2021-12-28,27.22,27.52,28.15,26.18,94726.48,262807.391,0.9751948972360028,,0.0
2021-12-29,28.8,26.33,29.0,26.25,153022.78,428441.85,0.9741028486866444,,0.0
2021-12-30,25.87,26.79,27.02,25.3,127542.75,341158.685,0.9745361949799928,,0.0
2021-12-31,26.3,26.18,27.26,26.1,100901.71,274468.956,0.9739583333333334,,0.0
2022-01-04,26.37,25.98,26.7,25.5,82381.74,220407.301,0.9737631184407796,,0.0
2022-01-05,25.98,25.27,25.98,24.52,88774.0,228354.419,0.973045822102426,,0.0
2022-01-06,25.05,25.43,25.55,24.3,68510.03,176240.023,0.9732108687332568,,0.0
2022-01-07,25.8,24.11,25.8,24.03,78539.0,198855.959,0.9717855703345426,,0.0
2022-01-10,23.81,23.42,24.4,23.28,103955.75,254050.35,0.9709784411276948,,0.0
2022-01-11,23.53,22.43,23.54,22.29,138293.51,322392.6,0.9697362732382188,,0.0
2022-01-12,22.57,22.45,22.93,22.19,107224.04,249408.52,0.9697624190064796,,0.0
2022-01-13,22.45,21.49,22.77,21.29,137026.65,306345.932,0.968454258675079,,0.0
2022-01-14,21.75,21.45,22.3,21.12,109219.0,244893.2,0.9683972911963884,,0.0
2022-01-17,21.53,22.27,22.73,21.05,105772.52,241808.077,0.9695254680017414,,0.0
2022-01-18,22.03,21.76,22.56,21.6,80027.2,181461.626,0.968833481745325,,0.0
2022-01-19,22.0,21.12,22.0,20.93,62672.19,137560.184,0.9679193400549956,,0.0
2022-01-20,21.2,20.23,21.22,20.09,98077.85,207572.537,0.9665551839464884,,0.0
2022-01-21,20.1,20.1,20.65,19.88,86325.87,180340.629,0.966346153846154,,0.0
2022-01-24,20.21,20.13,20.36,19.61,76744.5,159562.985,0.9663946231397024,,0.0
2022-01-25,20.22,19.39,20.53,19.25,66287.62,135811.765,0.9651567944250872,,0.0
2022-01-26,19.65,19.4,20.04,19.32,54444.0,110339.576,0.965174129353234,,0.0
2022-01-27,19.63,18.82,20.32,18.7,85795.24,172132.9,0.9641393442622952,,0.0
2022-01-28,18.99,18.87,19.2,18.21,82783.5,160871.134,0.9642309657639244,,0.0
2022-02-07,19.3,18.35,19.53,17.98,104516.01,199193.413,0.963254593175853,,0.0
2022-02-08,18.31,18.09,18.45,17.42,98429.63,182447.083,0.962746141564662,,0.0
2022-02-09,18.09,19.97,19.97,17.71,107264.69,210576.786,0.9661344944363812,,0.0
2022-02-10,20.1,18.6,20.86,18.4,315513.49,633319.649,0.9637305699481866,,0.0
2022-02-11,18.58,18.07,18.58,17.76,152348.0,287711.95,0.9627064464571125,,0.0
2022-02-14,17.94,18.63,19.5,17.66,124764.51,243528.954,0.9637868598034144,,0.0
2022-02-15,18.76,19.2,19.75,18.1,204573.91,402493.166,0.9648241206030151,,0.0
2022-02-16,19.35,19.71,20.08,19.0,181021.42,368204.211,0.9657030867221952,,0.0
2022-02-17,19.6,20.41,21.02,19.33,179050.0,377554.026,0.9668403600189484,,0.0
2022-02-18,20.3,21.56,21.8,19.9,218194.92,471888.74,0.9685534591194968,,0.0
2022-02-21,22.13,23.79,23.79,21.48,251763.39,597332.915,0.9714169048591262,,0.0
2022-02-22,23.79,23.36,24.87,22.69,318144.78,776070.869,0.970906068162926,,0.0
2022-02-23,23.34,23.97,24.46,23.23,165388.2,403263.498,0.9716254560194568,,0.0
2022-02-24,23.85,23.51,24.35,22.28,217481.34,528424.797,0.9710863279636516,,0.0
2022-02-25,23.8,23.49,24.3,23.32,128606.33,315218.47,0.9710624224886316,,0.0
2022-02-28,23.17,24.37,24.77,22.9,150709.59,370749.845,0.9720781810929398,,0.0
2022-03-01,24.07,24.6,24.85,24.01,171698.84,429220.221,0.9723320158102768,,0.0
2022-03-02,24.48,26.18,26.7,24.28,212539.17,562145.762,0.9739583333333334,,0.0
2022-03-03,26.0,26.05,26.9,25.61,147718.05,397020.145,0.9738317757009346,,0.0
2022-03-04,25.65,25.06,26.23,24.94,120613.02,317562.227,0.9728260869565216,,0.0
2022-03-07,24.9,23.55,25.18,23.18,220552.12,543906.535,0.9711340206185568,,0.0
2022-03-08,23.61,22.91,23.95,22.49,154075.0,368235.064,0.9703515459551038,,0.0
2022-03-09,22.97,23.55,23.68,21.9,159465.01,376698.322,0.9711340206185568,,0.0
2022-03-10,24.4,23.76,24.98,23.55,153863.45,382270.917,0.9713818479149632,,0.0
2022-03-11,23.31,23.17,23.47,22.1,150398.5,353471.843,0.9706744868035192,,0.0
2022-03-14,23.18,22.4,23.2,22.31,85628.5,200041.721,0.9696969696969696,,0.0
2022-03-15,22.78,21.34,23.32,21.34,138827.02,316613.599,0.9682395644283122,,0.0
2022-03-16,22.14,21.67,22.14,20.06,153649.64,333662.378,0.9687080911935628,,0.0
2022-03-17,21.95,22.35,23.1,21.84,151516.5,351533.671,0.9696312364425164,,0.0
2022-03-18,22.1,21.99,22.29,21.35,113445.0,255482.986,0.9691494050242396,,0.0
2022-03-21,22.02,23.4,23.8,21.9,150233.7,357458.555,0.970954356846473,,0.0
2022-03-22,23.3,23.8,24.0,22.56,124102.65,297885.852,0.9714285714285714,,0.0
2022-03-23,24.0,23.77,24.77,23.34,123765.05,307693.241,0.9713935431140172,,0.0
2022-03-24,23.5,22.96,23.77,22.72,96249.0,228766.824,0.970414201183432,,0.0
2022-03-25,23.0,22.14,23.55,22.1,80767.77,189737.582,0.969352014010508,,0.0
2022-03-28,22.03,22.53,23.08,21.4,88955.01,205826.26,0.9698665518725786,,0.0
2022-03-29,22.59,22.74,22.8,21.71,87173.24,200440.486,0.9701365187713312,,0.0
2022-03-30,22.7,22.71,23.0,21.96,104847.39,243863.649,0.9700982486117044,,0.0
2022-03-31,22.66,21.98,22.7,21.88,65001.05,148536.756,0.969135802469136,,0.0
2022-04-01,21.95,22.8,23.15,21.76,90028.02,210342.594,0.9702127659574468,,0.0
2022-04-06,22.76,22.15,22.76,21.97,58617.01,134207.603,0.9693654266958424,,0.0
2022-04-07,21.98,21.2,22.14,21.18,54598.55,122040.79,0.9680365296803654,,0.0
2022-04-08,21.15,20.31,21.49,20.19,106074.51,225256.935,0.9666825321275584,,0.0
2022-04-11,20.3,18.95,20.31,18.9,88384.47,177317.889,0.9643765903307888,,0.0
2022-04-12,18.95,19.04,19.57,18.28,89967.5,175710.663,0.9645390070921986,,0.0
2022-04-13,18.82,19.07,19.6,18.54,70057.01,138014.865,0.9645928174001012,,0.0
2022-04-14,19.06,19.06,19.47,18.76,59276.95,117395.584,0.9645748987854252,,0.0
2022-04-15,18.87,18.82,18.99,17.970000000000002,78543.5,150496.868,0.9641393442622952,,0.0
2022-04-18,18.85,19.07,19.3,18.28,62103.65,121739.598,0.9645928174001012,,0.0
2022-04-19,19.15,19.45,19.97,18.96,70599.11,143107.322,0.9652605459057072,,0.0
2022-04-20,19.45,19.26,19.74,18.86,58408.77,117049.319,0.9649298597194388,,0.0
2022-04-21,19.2,18.41,19.2,18.22,51449.2,99326.128,0.9633699633699634,,0.0
2022-04-22,18.3,17.94,18.39,17.79,44734.44,83581.931,0.9624463519313304,,0.0
2022-04-25,17.580000000000002,16.080000000000002,17.6,16.080000000000002,82835.03,143713.226,0.9582836710369488,,0.0
2022-04-26,15.8,14.89,16.03,14.69,106204.34,169831.94,0.9550994227068634,,0.0
2022-04-27,14.8,16.3,16.43,14.1,100868.9,161651.241,0.9588235294117649,,0.0
2022-04-28,16.32,16.68,17.35,16.12,95738.14,167189.788,0.9597238204833142,,0.0
2022-04-29,16.92,17.11,17.21,16.37,59900.5,104972.31,0.9606962380685008,,0.0
2022-05-05,17.150000000000002,18.47,18.71,17.150000000000002,75437.67,142263.589,0.9634846113719352,,0.0
2022-05-06,18.08,18.33,19.18,17.75,72548.46,139478.348,0.9632159747766684,,0.0
2022-05-09,18.48,18.47,18.68,18.05,41292.0,79023.433,0.9634846113719352,,0.0
2022-05-10,18.31,20.39,20.39,18.23,67221.59,136417.013,0.9668089141773352,,0.0
2022-05-11,20.76,22.0,22.5,20.4,209664.9,467196.336,0.9691629955947136,,0.0
2022-05-12,21.79,22.19,22.5,21.56,105406.64,239655.174,0.9694189602446484,,0.0
2022-05-13,22.18,22.86,23.0,22.15,107769.54,251402.605,0.970288624787776,,0.0
2022-05-16,23.2,21.74,23.2,21.16,174965.86,394518.666,0.9688057040998218,,0.0
2022-05-17,21.92,22.4,22.8,20.82,136876.51,307271.851,0.9696969696969696,,0.0
2022-05-18,22.41,21.86,23.25,21.8,88760.0,204870.964,0.9689716312056738,,0.0
2022-05-19,21.34,22.06,22.64,21.08,97187.03,219302.645,0.969244288224956,,0.0
2022-05-20,22.17,22.91,23.82,22.17,145241.56,345077.328,0.9703515459551038,,0.0
2022-05-23,22.85,22.75,22.92,22.21,85465.5,198573.796,0.9701492537313432,,0.0
2022-05-24,22.75,22.43,23.58,22.43,108990.61,258632.838,0.9697362732382188,,0.0
2022-05-25,22.37,23.74,24.04,22.3,130183.11,313428.921,0.9713584288052374,,0.0
2022-05-26,23.7,23.3,23.8,22.79,91652.25,219328.615,0.9708333333333332,,0.0
2022-05-27,23.49,22.65,23.49,22.31,79009.23,185721.975,0.9700214132762311,,0.0
2022-05-30,22.67,23.42,23.78,22.23,89506.77,211344.078,0.9709784411276948,,0.0
2022-05-31,23.3,24.02,24.6,22.86,108637.36,268567.48,0.97168284789644,,0.0
2022-06-01,23.88,23.91,24.45,23.55,49657.5,122424.062,0.9715562779357984,,0.0
2022-06-02,23.66,24.45,24.77,23.66,69861.21,174758.833,0.9721669980119284,,0.0
2022-06-06,24.4,25.4,25.44,24.32,84898.54,219093.616,0.9731800766283524,,0.0
2022-06-07,25.3,24.42,25.48,24.31,88645.13,224868.244,0.9721337579617836,,0.0
2022-06-08,24.29,24.23,24.76,23.82,61206.0,153046.487,0.9719213798636182,,0.0
2022-06-09,24.32,25.2,26.71,24.3,154601.16,405895.361,0.972972972972973,,0.0
2022-06-10,25.3,26.7,27.3,25.22,154623.32,420830.076,0.9744525547445256,,0.0
2022-06-13,26.75,26.87,27.3,26.3,98868.58,271806.961,0.9746100834240116,,0.0
2022-06-14,26.37,26.75,26.89,26.01,74102.68,201349.893,0.9744990892531876,,0.0
2022-06-15,26.86,25.73,27.18,25.71,92707.89,249201.524,0.9735149451381008,,0.0
2022-06-16,25.6,27.05,27.08,25.5,89076.09,242891.087,0.9747747747747748,,0.0
2022-06-17,26.73,27.05,27.3,26.36,76028.12,209873.327,0.9747747747747748,,0.0
2022-06-20,27.05,28.34,29.0,27.05,110730.19,318816.71,0.9758953168044078,,0.0
2022-06-21,28.3,28.3,28.4,27.5,48503.4,139145.61,0.9758620689655172,,0.0
2022-06-22,28.4,27.9,29.15,27.88,64930.54,189275.9,0.9755244755244756,,0.0
2022-06-23,27.8,28.0,28.1,27.31,50343.14,143607.764,0.975609756097561,,0.0
2022-06-24,28.0,27.6,28.5,27.4,61010.01,174509.696,0.9752650176678446,,0.0
2022-06-27,27.6,26.24,27.6,25.61,190519.31,516553.553,0.9740163325909428,,0.0
2022-06-28,26.31,28.93,28.93,25.98,150516.41,433407.512,0.9763752953088086,,0.0
2022-06-29,28.0,27.79,28.95,27.65,142288.15,410847.855,0.9754299754299754,,0.0
2022-06-30,27.97,29.03,29.5,27.38,170170.45,504423.995,0.9764547595021864,,0.0
2022-07-01,28.64,30.7,31.29,28.64,183902.1,571943.424,0.9777070063694268,,0.0
2022-07-04,30.16,30.25,30.65,29.6,109456.27,336802.274,0.9773828756058158,,0.0
2022-07-05,30.7,31.0,31.66,30.21,114728.88,363915.696,0.9779179810725552,,0.0
2022-07-06,31.03,33.029999999999994,33.69,30.79,205870.46,689061.545,0.97924696116217,,0.0
2022-07-07,32.77,33.32,33.8,32.3,116910.4,394799.785,0.9794238683127572,,0.0
2022-07-08,33.419999999999995,33.66,33.87,32.349999999999994,95260.7,321460.548,0.979627473806752,,0.0
2022-07-11,33.27,33.27,34.349999999999994,32.059999999999995,92563.16,314151.93,0.9793935825728584,,0.0
2022-07-12,32.9,32.5,34.8,32.29,134955.1,461639.915,0.9789156626506024,,0.0
2022-07-13,32.37,32.489999999999995,33.5,31.3,102927.4,339722.184,0.9789093100331424,,0.0
2022-07-14,32.3,33.44,33.64,32.01,73566.0,248686.951,0.9794961921499706,,0.0
2022-07-15,33.3,30.99,33.599999999999994,30.03,221207.47,701535.016,0.9779110129378352,,0.0
2022-07-18,30.36,31.94,32.29,29.61,124326.5,397181.56,0.9785539215686276,,0.0
2022-07-19,32.16,34.68,35.15,31.97,164013.36,567515.481,0.9802148106274732,,0.0
2022-07-20,35.25,34.809999999999995,35.65,33.989999999999995,96841.79,342910.475,0.9802872430301324,,0.0
2022-07-21,34.7,34.279999999999994,35.26,33.52,64786.39,226874.176,0.9799885648942251,,0.0
2022-07-22,33.98,33.5,34.98,33.19,50765.89,174674.194,0.97953216374269,,0.0
2022-07-25,33.51,33.75,34.8,32.82,66669.13,230891.972,0.9796806966618288,,0.0
2022-07-26,34.059999999999995,33.65,34.07,32.529999999999994,53469.97,181671.342,0.97962154294032,,0.0
2022-07-27,33.239999999999995,34.099999999999994,34.8,32.849999999999994,61469.51,214599.965,0.9798850574712644,,0.0
2022-07-28,34.12,34.489999999999995,35.4,33.8,58484.06,207032.086,0.9801079852230746,,0.0
2022-07-29,34.489999999999995,34.169999999999995,34.94,33.599999999999994,49120.0,170816.771,0.9799254373386864,,0.0
2022-08-01,34.169999999999995,34.0,34.349999999999994,32.97,49392.51,169532.909,0.9798270893371755,,0.0
2022-08-02,33.599999999999994,32.51,33.95,32.11,65508.11,219542.711,0.9789220114423366,,0.0
2022-08-03,32.45,31.03,33.37,31.01,119487.23,387693.58,0.9779388591238576,,0.0
2022-08-04,31.58,29.77,31.58,28.96,170110.25,520140.67,0.9770265835247784,,0.0
2022-08-05,29.78,29.65,30.46,28.65,109398.13,328857.709,0.9769357495881384,,0.0
2022-08-08,29.28,30.62,30.93,28.89,76279.83,236713.285,0.9776500638569604,,0.0
2022-08-09,30.95,31.04,32.8,30.63,93128.71,301431.236,0.9779458097038436,,0.0
2022-08-10,30.82,30.9,31.59,30.23,75282.13,236785.819,0.9778481012658228,,0.0
2022-08-11,31.3,30.24,31.6,30.16,61370.62,191534.059,0.9773755656108596,,0.0
2022-08-12,30.19,29.92,30.96,29.8,56923.01,176944.085,0.977139124755062,,0.0
2022-08-15,29.95,30.07,31.0,29.61,61567.0,189577.042,0.9772505687357816,,0.0
2022-08-16,29.91,30.82,31.7,29.79,73980.01,233773.531,0.9777918781725888,,0.0
2022-08-17,30.83,30.47,31.53,30.33,70455.0,221672.221,0.977542508822586,,0.0
2022-08-18,30.48,31.21,31.750000000000004,30.33,83321.64,264889.392,0.9780633030397996,,0.0
2022-08-19,31.25,30.49,31.4,30.0,77128.24,239696.355,0.9775569092657904,,0.0
2022-08-22,30.6,33.61,33.61,30.24,153296.0,506451.7,0.9795977849023608,,0.0
2022-08-23,33.59,34.51,35.25,33.19,147554.76,518661.786,0.9801192842942346,,0.0
2022-08-24,34.16,32.709999999999994,34.489999999999995,32.349999999999994,97174.04,327977.283,0.9790481891649206,,0.0
2022-08-25,32.529999999999994,31.610000000000003,32.709999999999994,30.84,73042.12,235454.604,0.9783348808418446,,0.0
2022-08-26,31.81,31.930000000000003,33.059999999999995,31.51,62247.5,205277.986,0.9785473490652774,,0.0
2022-08-29,31.610000000000003,33.55,33.8,30.96,88607.46,299673.075,0.9795620437956204,,0.0
2022-08-30,33.58,32.349999999999994,33.599999999999994,32.08,58893.66,195046.858,0.9788199697428138,,0.0
2022-08-31,32.36,31.11,32.47,30.95,47077.75,150840.856,0.9779943414020748,,0.0
2022-09-01,31.11,27.93,31.29,27.93,168973.38,497250.402,0.9755501222493888,,0.0
2022-09-02,27.63,27.91,28.54,27.21,117373.15,336093.99,0.975533030408948,,0.0
2022-09-05,27.94,28.86,29.0,27.63,67510.72,197471.023,0.9763193504736132,,0.0
2022-09-06,29.1,27.81,29.15,25.91,222707.01,615510.256,0.9754472115047352,,0.0
2022-09-07,27.37,27.19,27.92,26.82,125118.01,350370.227,0.9749013983506634,,0.0
2022-09-08,27.48,27.75,28.98,27.11,107414.75,310252.038,0.9753954305799648,,0.0
2022-09-09,27.78,26.8,28.17,26.55,95651.42,263858.813,0.9745454545454546,,0.0
2022-09-13,26.81,27.45,27.86,26.63,66399.37,186437.742,0.9751332149200712,,0.0
2022-09-14,27.29,26.9,27.57,26.72,51471.11,142438.856,0.9746376811594204,,0.0
2022-09-15,27.15,25.18,27.2,24.9,88730.03,233294.017,0.9729520865533232,,0.0
2022-09-16,25.08,25.02,25.64,24.73,63870.27,165561.236,0.9727838258164851,,0.0
2022-09-19,24.82,24.67,25.5,24.3,58630.98,148836.523,0.9724083563263698,,0.0
2022-09-20,24.78,25.96,26.5,24.78,70596.0,187993.548,0.9737434358589648,,0.0
2022-09-21,25.96,26.18,26.95,25.62,78149.38,211314.033,0.9739583333333334,,0.0
2022-09-22,25.97,26.29,27.15,25.71,79126.06,216151.792,0.9740644683216008,,0.0
2022-09-23,26.16,25.86,26.7,25.63,50023.0,133407.8,0.973644578313253,,0.0
2022-09-26,25.79,25.53,26.06,24.9,53621.24,141544.406,0.9733130003812428,,0.0
2022-09-27,25.84,25.94,26.31,25.31,53547.61,141580.169,0.9737237237237236,,0.0
2022-09-28,25.94,24.93,26.22,24.58,48721.04,125914.592,0.9726882559500586,,0.0
2022-09-29,24.88,24.89,25.07,24.08,62381.22,157909.088,0.9726455646737008,,0.0
2022-09-30,24.9,24.3,25.15,23.88,46806.98,117187.762,0.972,,0.0
2022-10-10,24.56,23.18,24.63,23.0,58208.5,140777.901,0.9706867671691792,,0.0
2022-10-11,23.35,25.0,25.57,23.17,102810.62,261118.007,0.9727626459143968,,0.0
2022-10-12,24.75,26.71,26.8,24.52,81419.58,214049.095,0.974461875228019,,0.0
2022-10-13,26.3,25.68,26.8,25.15,106771.4,284354.846,0.973464746019712,,0.0
2022-10-14,26.13,27.08,27.17,25.42,103950.1,282787.519,0.9748020158387328,,0.0
2022-10-17,27.08,26.84,27.08,26.55,47297.44,130012.05,0.9745824255628176,,0.0
2022-10-18,27.03,27.19,27.5,26.76,47477.34,132138.599,0.9749013983506634,,0.0
2022-10-19,27.0,27.5,28.56,26.8,67408.97,193001.889,0.975177304964539,,0.0
2022-10-20,27.33,26.7,27.33,26.27,48313.63,132291.713,0.9744525547445256,,0.0
2022-10-21,26.85,27.19,27.5,26.33,63168.58,174750.918,0.9749013983506634,,0.0
2022-10-24,27.3,26.8,28.0,26.51,69609.5,194504.611,0.9745454545454546,,0.0
2022-10-25,26.82,28.3,28.78,26.82,113322.87,327350.45,0.9758620689655172,,0.0
2022-10-26,28.45,27.57,28.5,27.0,125655.64,354856.143,0.975238769013088,,0.0
2022-10-27,27.85,27.47,28.84,27.3,89422.88,257608.695,0.97515086971956,,0.0
2022-10-28,27.3,26.75,27.43,26.67,60419.47,167229.935,0.9744990892531876,,0.0
2022-10-31,26.75,26.6,27.08,26.28,48493.37,132757.686,0.9743589743589745,,0.0
2022-11-01,26.47,26.98,27.05,25.96,59132.39,161832.72,0.9747109826589596,,0.0
2022-11-02,26.71,27.68,28.18,26.71,78629.57,223597.309,0.9753347427766031,,0.0
2022-11-03,27.62,29.5,29.8,27.5,98870.63,291958.351,0.97682119205298,,0.0
2022-11-04,29.44,30.02,30.58,29.3,79490.38,244479.437,0.9772135416666669,,0.0
2022-11-07,29.67,29.6,30.24,29.35,47611.27,144445.321,0.976897689768977,,0.0
2022-11-08,29.59,29.49,29.74,28.95,50045.19,149929.693,0.9768135144087446,,0.0
2022-11-09,29.48,30.59,32.25,29.48,121716.84,386115.983,0.977628635346756,,0.0
2022-11-10,30.31,30.83,31.65,30.3,78389.41,249364.935,0.9777989216619092,,0.0
2022-11-11,31.4,30.0,31.8,28.7,110082.51,334617.694,0.977198697068404,,0.0
2022-11-14,29.95,28.6,29.95,28.2,73500.85,216911.329,0.9761092150170648,,0.0
2022-11-15,28.6,29.13,29.25,28.3,43171.41,127586.921,0.976533690915186,,0.0
2022-11-16,29.04,28.74,29.1,28.39,40355.06,118885.159,0.9762228260869564,,0.0
2022-11-17,28.7,28.32,28.7,27.68,48360.29,139023.119,0.9758787043418332,,0.0
2022-11-18,28.32,28.04,28.68,27.88,38896.65,112675.822,0.975643702157272,,0.0
2022-11-21,28.04,28.13,28.37,27.46,45621.27,130512.594,0.9757197363857092,,0.0
2022-11-22,28.07,27.44,28.07,27.17,44219.57,124630.697,0.9751243781094528,,0.0
2022-11-23,27.44,27.71,27.8,26.8,40463.47,113153.801,0.9753607884547696,,0.0
2022-11-24,27.88,28.15,28.36,27.47,36985.1,106249.5,0.975736568457539,,0.0
2022-11-25,28.02,27.29,28.02,26.93,48973.16,137057.457,0.9749910682386568,,0.0
2022-11-28,27.07,26.82,27.09,26.5,27963.68,76759.594,0.974563953488372,,0.0
2022-11-29,26.96,28.01,28.34,26.96,59271.55,169995.534,0.9756182514803204,,0.0
2022-11-30,27.9,27.19,27.98,26.71,64708.36,180009.677,0.9749013983506634,,0.0
2022-12-01,27.27,26.97,27.49,26.02,80868.92,221945.354,0.9747018431514276,,0.0
2022-12-02,26.94,27.24,27.61,26.77,39860.58,111484.421,0.9749463135289907,,0.0
2022-12-05,27.24,26.68,27.3,26.41,45358.7,124122.543,0.9744338933528124,,0.0
2022-12-06,26.45,26.45,26.64,26.05,42606.6,115071.433,0.974217311233886,,0.0
2022-12-07,26.62,26.9,27.09,26.2,52331.2,143229.515,0.9746376811594204,,0.0
2022-12-08,26.85,26.36,26.85,26.23,33842.21,92016.446,0.9741315594974131,,0.0
2022-12-09,26.36,25.95,26.44,25.47,58470.56,155651.763,0.9737335834896812,,0.0
2022-12-12,25.75,25.83,25.98,25.47,31829.77,83989.382,0.9736147757255936,,0.0
2022-12-13,25.78,25.19,26.04,25.0,43746.88,113907.811,0.9729625337968328,,0.0
2022-12-14,25.18,25.36,25.79,25.11,19325.35,50486.693,0.973138910207214,,0.0
2022-12-15,25.76,25.44,26.1,25.01,43300.02,113188.786,0.973221117061974,,0.0
2022-12-16,25.28,25.06,25.39,24.68,33038.86,84573.2,0.9728260869565216,,0.0
2022-12-19,25.09,24.65,25.37,24.3,42258.74,106905.755,0.9723865877712032,,0.0
2022-12-20,24.63,24.62,24.75,24.3,21986.12,55399.995,0.972353870458136,,0.0
2022-12-21,24.78,24.29,24.78,23.83,38892.5,96380.253,0.9719887955182072,,0.0
2022-12-22,24.29,23.6,24.38,23.42,32054.28,78184.281,0.97119341563786,,0.0
2022-12-23,23.5,23.26,23.55,22.81,24659.29,58851.693,0.9707846410684474,,0.0
2022-12-26,23.25,24.23,24.33,23.15,33890.39,83735.118,0.9719213798636182,,0.0
2022-12-27,24.23,24.58,25.05,24.12,30286.55,76445.305,0.9723101265822786,,0.0
2022-12-28,24.33,24.36,24.91,24.2,22119.52,55741.094,0.9720670391061452,,0.0
2022-12-29,24.11,24.22,24.58,24.11,16418.71,41102.369,0.9719101123595506,,0.0
2022-12-30,24.24,24.3,24.58,24.16,14458.09,36114.515,0.972,,0.0
2023-01-03,24.3,24.8,24.96,24.0,33759.39,85108.568,0.9725490196078432,,0.0
2023-01-04,24.95,24.7,25.34,24.47,36078.53,92306.721,0.9724409448818898,,0.0
2023-01-05,24.7,25.16,25.29,24.65,29652.18,76398.911,0.9729311678267596,,0.0
2023-01-06,25.23,25.38,25.66,25.11,36416.72,95264.977,0.973159509202454,,0.0
2023-01-09,25.05,24.87,25.46,24.81,36074.32,92793.428,0.972624168947986,,0.0
2023-01-10,24.87,26.33,26.6,24.74,80524.74,215513.844,0.9741028486866444,,0.0
2023-01-11,26.25,25.9,26.42,25.82,41643.43,111463.361,0.9736842105263158,,0.0
2023-01-12,25.9,25.75,26.19,25.51,22825.31,60484.949,0.9735349716446126,,0.0
2023-01-13,25.86,25.18,25.88,24.9,39541.92,102499.885,0.9729520865533232,,0.0
2023-01-16,25.24,25.46,25.59,24.81,33449.0,87135.152,0.9732415902140672,,0.0
2023-01-17,25.56,25.31,25.73,25.1,28448.78,74086.825,0.9730872741253364,,0.0
2023-01-18,25.39,25.2,25.39,24.97,16620.01,42983.253,0.972972972972973,,0.0
2023-01-19,26.24,27.02,27.25,25.7,82154.19,223258.991,0.9747474747474748,,0.0
2023-01-20,26.96,27.13,27.25,26.72,48046.62,133344.613,0.9748472871002516,,0.0
2023-01-30,27.13,27.5,27.8,27.13,56835.25,160425.562,0.975177304964539,,0.0
2023-01-31,27.32,28.21,28.45,27.32,61219.12,176508.598,0.9757869249394672,,0.0
2023-02-01,28.22,28.63,28.79,28.1,56300.34,164897.465,0.9761336515513128,,0.0
2023-02-02,28.64,28.42,29.39,28.41,75509.29,223271.723,0.9759615384615384,,0.0
2023-02-03,28.37,28.7,28.84,28.3,45862.29,134226.491,0.9761904761904762,,0.0
2023-02-06,28.7,29.05,29.3,28.48,42167.13,125368.63,0.976470588235294,,0.0
2023-02-07,29.05,29.05,29.29,28.5,43110.04,127613.92,0.976470588235294,,0.0
2023-02-08,29.09,29.04,29.55,28.96,30120.5,90019.756,0.976462676529926,,0.0
2023-02-09,28.92,29.2,29.2,28.6,33726.05,100123.297,0.9765886287625418,,0.0
2023-02-10,29.2,28.9,29.25,28.63,37061.01,109668.408,0.9763513513513514,,0.0
2023-02-13,29.24,29.82,30.09,28.8,61485.7,185890.02,0.9770642201834864,,0.0
2023-02-14,29.82,29.7,30.13,29.48,36353.25,110806.347,0.9769736842105264,,0.0
2023-02-15,29.45,28.63,30.05,28.49,81644.04,242626.835,0.9761336515513128,,0.0
2023-02-16,28.75,27.91,28.76,27.62,51331.12,148887.261,0.975533030408948,,0.0
2023-02-17,27.91,27.7,28.08,27.61,35526.59,101222.489,0.9753521126760564,,0.0
2023-02-20,27.73,27.52,28.0,27.25,39726.55,112104.158,0.9751948972360028,,0.0
2023-02-21,27.59,28.01,28.21,27.56,32510.42,93169.991,0.9756182514803204,,0.0
2023-02-22,28.03,27.86,28.03,27.54,25702.3,73174.566,0.9754901960784312,,0.0
2023-02-23,27.95,27.75,28.11,27.51,25694.5,73187.583,0.9753954305799648,,0.0
2023-02-24,27.8,27.76,27.95,27.41,18224.02,51900.88,0.9754040758959944,,0.0
2023-02-27,27.76,27.18,27.81,27.16,32813.02,92234.462,0.9748923959827834,,0.0
2023-02-28,27.26,27.41,27.53,26.97,27403.43,76451.336,0.9750978299537532,,0.0
2023-03-01,27.49,27.27,27.55,27.13,21970.42,61405.644,0.9749731855559528,,0.0
2023-03-02,27.1,26.88,27.37,26.66,33153.06,91487.538,0.9746192893401016,,0.0
2023-03-03,26.83,26.75,27.08,26.53,21917.0,60197.569,0.9744990892531876,,0.0
2023-03-06,26.75,27.25,27.27,26.6,35973.96,99529.808,0.9749552772808588,,0.0
2023-03-07,27.0,25.82,27.22,25.7,82999.5,221593.314,0.973604826546003,,0.0
2023-03-08,25.85,26.34,26.47,25.76,41945.9,112466.248,0.974112426035503,,0.0
2023-03-09,26.25,26.37,27.04,26.17,35217.71,95997.12,0.9741411156261544,,0.0
2023-03-10,26.49,26.54,26.62,25.91,31401.03,84743.93,0.974302496328928,,0.0
2023-03-13,26.4,26.16,26.47,25.8,48170.51,128826.811,0.973938942665674,,0.0
2023-03-14,26.25,25.54,26.25,25.27,45722.0,120223.315,0.9733231707317074,,0.0
2023-03-15,25.95,24.97,25.95,24.8,72458.01,187372.464,0.9727308141799766,,0.0
2023-03-16,24.97,24.21,24.97,24.1,50684.89,126965.355,0.971898835808912,,0.0
2023-03-17,24.3,23.54,24.5,23.3,83759.12,203915.641,0.9711221122112212,,0.0
2023-03-20,23.54,24.07,24.42,22.88,71531.22,174922.075,0.9717400080742834,,0.0
2023-03-21,24.1,24.07,24.16,23.75,35374.97,87307.443,0.9717400080742834,,0.0
2023-03-22,23.99,23.92,24.45,23.7,39901.16,98687.441,0.9715678310316817,,0.0
2023-03-23,23.95,23.79,24.22,23.57,38231.01,94034.265,0.9714169048591262,,0.0
2023-03-24,23.75,23.29,23.75,23.17,60326.65,145349.679,0.9708211754897874,,0.0
2023-03-27,23.19,22.91,23.3,22.75,82528.14,195447.687,0.9703515459551038,,0.0
2023-03-28,22.98,22.74,23.09,22.66,45934.68,107911.547,0.9701365187713312,,0.0
2023-03-29,22.7,22.75,22.98,22.68,32997.0,77613.3,0.9701492537313432,,0.0
2023-03-30,22.75,22.56,22.85,22.42,35224.99,82042.589,0.9699054170249356,,0.0
2023-03-31,22.6,22.52,22.89,22.43,39103.36,91193.878,0.9698535745047372,,0.0
2023-04-03,22.55,22.7,22.85,22.31,51652.36,120379.085,0.97008547008547,,0.0
2023-04-04,22.7,22.16,22.71,21.9,78720.36,179961.187,0.9693788276465444,,0.0
2023-04-06,22.1,21.73,22.16,21.57,63698.0,143100.211,0.9687917967008473,,0.0
2023-04-07,21.69,22.32,22.46,21.69,62637.16,143915.835,0.9695916594265857,,0.0
2023-04-10,22.18,21.8,22.35,21.73,43871.54,99413.446,0.9688888888888888,,0.0
2023-04-11,21.9,21.48,21.9,20.9,67835.08,149892.607,0.9684400360685302,,0.0
2023-04-12,21.52,21.61,21.73,21.23,43712.0,96898.939,0.968623935454953,,0.0
2023-04-13,21.61,21.27,21.63,21.18,36825.0,80975.774,0.9681383705052344,,0.0
2023-04-14,21.4,21.48,21.68,21.21,36989.31,81823.201,0.9684400360685302,,0.0
2023-04-17,21.46,21.75,22.11,21.33,38605.15,86758.929,0.9688195991091314,,0.0
2023-04-18,21.75,21.35,21.75,21.26,41389.0,91656.077,0.9682539682539684,,0.0
2023-04-19,21.31,20.9,21.45,20.8,46327.89,100564.768,0.9675925925925928,,0.0
2023-04-20,21.0,20.37,21.07,20.31,68328.01,144862.34,0.9667774086378738,,0.0
2023-04-21,20.31,19.99,21.06,19.93,79508.2,168271.109,0.9661672305461576,,0.0
2023-04-24,19.68,19.83,20.21,19.27,71152.54,145465.868,0.9659035557720408,,0.0
2023-04-25,19.79,19.22,20.23,18.73,74178.8,148152.782,0.964859437751004,,0.0
2023-04-26,19.22,19.38,19.59,19.1,68130.37,136694.842,0.9651394422310756,,0.0
2023-04-27,19.3,19.58,19.59,19.18,47010.68,94594.16,0.965483234714004,,0.0
2023-04-28,19.5,19.34,19.65,19.2,37070.63,74332.617,0.9650698602794412,,0.0
2023-05-04,19.31,19.08,19.79,19.01,66365.28,132778.486,0.9646107178968656,,0.0
2023-05-05,19.05,18.69,19.05,18.41,55789.36,107868.884,0.9638989169675092,,0.0
2023-05-08,18.61,18.57,18.98,18.46,39742.77,76954.372,0.9636741048261548,,0.0
2023-05-09,18.6,18.19,18.62,18.05,57803.15,109579.08,0.9629433562731604,,0.0
2023-05-10,18.23,18.22,18.55,17.8,65497.27,123729.314,0.9630021141649048,,0.0
2023-05-11,18.2,18.16,18.59,18.09,44934.51,85270.31,0.9628844114528102,,0.0
2023-05-12,18.17,17.59,18.25,17.560000000000002,46205.0,85527.125,0.9617277200656096,,0.0
2023-05-15,17.66,18.66,18.81,17.6,121427.72,230509.434,0.9638429752066116,,0.0
2023-05-16,18.76,19.18,19.29,18.52,119752.41,236175.02,0.9647887323943662,,0.0
2023-05-17,19.82,19.67,20.25,19.01,152281.84,309006.067,0.9656357388316152,,0.0
2023-05-18,19.56,19.7,19.89,19.46,86623.52,176145.005,0.965686274509804,,0.0
2023-05-19,19.52,20.6,20.68,19.52,150502.98,315639.665,0.967136150234742,,0.0
2023-05-22,20.83,22.13,22.65,20.8,253870.6,567189.569,0.9693385895751204,,0.0
2023-05-23,21.81,21.93,22.38,21.53,143409.87,324523.997,0.9690676093680954,,0.0
2023-05-24,21.7,22.0,22.19,21.3,123300.45,278144.526,0.9691629955947136,,0.0
2023-05-25,21.89,22.21,23.17,21.61,188239.78,436072.922,0.9694456569183764,,0.0
2023-05-26,22.24,22.07,22.9,21.91,131791.38,303228.808,0.969257795344752,,0.0
2023-05-29,21.95,21.31,22.09,20.95,181674.97,402501.652,0.968196274420718,,0.0
2023-05-30,21.3,22.44,23.0,21.18,182413.57,419405.897,0.9697493517718238,,0.0
2023-05-31,22.38,21.74,22.42,21.7,93168.74,211120.176,0.9688057040998218,,0.0
2023-06-01,21.73,21.45,22.05,21.27,88909.63,197660.903,0.9683972911963884,,0.0
2023-06-02,21.55,21.27,21.65,21.16,56196.84,123866.236,0.9681383705052344,,0.0
2023-06-05,21.35,21.81,22.44,21.05,114354.33,256153.636,0.968902709906708,,0.0
2023-06-06,21.81,21.24,21.82,21.11,73177.96,161525.782,0.968094804010939,,0.0
2023-06-07,21.21,21.35,21.67,20.96,62237.67,136689.697,0.9682539682539684,,0.0
2023-06-08,21.12,20.55,21.36,20.5,60679.22,130508.373,0.9670588235294116,,0.0
2023-06-09,20.48,20.36,20.64,20.1,56198.68,118114.39,0.9667616334283,,0.0
2023-06-12,20.42,19.84,20.5,19.76,65655.99,135971.289,0.9659201557935736,,0.0
2023-06-13,19.8,19.4,19.96,19.3,64073.04,129714.189,0.965174129353234,,0.0
2023-06-14,19.45,19.32,19.67,19.01,68902.0,137636.294,0.9650349650349652,,0.0
2023-06-15,19.27,19.66,19.83,19.22,64077.38,130413.159,0.9656188605108056,,0.0
2023-06-16,19.74,19.7,20.02,19.59,61866.92,126685.665,0.965686274509804,,0.0
2023-06-19,19.68,19.42,19.82,19.35,55346.24,111832.59,0.9652087475149106,,0.0
2023-06-20,19.52,19.53,19.56,19.1,60719.69,121755.384,0.9653979238754326,,0.0
2023-06-21,19.53,19.35,20.36,19.34,81891.55,165923.791,0.9748110831234256,,0.0
2023-06-26,19.35,18.96,19.55,18.86,62494.01,122368.496,0.974306269270298,,0.0
2023-06-27,18.99,19.13,19.44,18.86,46025.53,90531.84,0.9745287824758024,,0.0
2023-06-28,19.09,18.82,19.23,18.67,57798.06,111940.596,0.974120082815735,,0.0
2023-06-29,18.76,19.11,19.27,18.76,54181.0,106020.918,0.974502804691484,,0.0
2023-06-30,19.06,21.07,21.07,19.01,187579.67,393900.593,0.9768196569309224,,0.0
2023-07-03,21.45,21.01,21.48,20.79,187882.59,404709.233,0.9767549976754998,,0.0
2023-07-04,20.9,20.91,21.28,20.69,89573.27,192011.022,0.9766464269033162,,0.0
2023-07-05,20.87,20.86,21.2,20.61,77431.89,166066.437,0.9765917602996256,,0.0
2023-07-06,20.94,20.28,20.94,20.22,68816.98,144485.801,0.9759384023099134,,0.0
2023-07-07,20.2,19.85,20.35,19.79,56542.73,115867.082,0.9754299754299754,,0.0
2023-07-10,19.84,19.6,19.98,19.5,58676.89,118549.653,0.9751243781094528,,0.0
2023-07-11,19.63,19.94,20.01,19.4,57415.64,116248.466,0.9755381604696672,,0.0
2023-07-12,19.98,19.82,20.18,19.5,58659.1,119315.011,0.9753937007874016,,0.0
2023-07-13,19.8,19.85,20.05,19.66,44785.01,90946.006,0.9754299754299754,,0.0
2023-07-14,19.83,19.23,19.83,19.2,71349.25,141801.273,0.974657881398885,,0.0
2023-07-17,19.2,18.97,19.2,18.68,50993.35,98851.81,0.9743194658448896,,0.0
2023-07-18,18.97,18.75,18.97,18.55,48740.29,93661.337,0.974025974025974,,0.0
2023-07-19,18.76,18.62,18.85,18.43,38588.23,73646.731,0.9738493723849372,,0.0
2023-07-20,18.6,18.5,18.78,18.4,35993.0,68755.371,0.9736842105263158,,0.0
2023-07-21,18.45,18.31,18.59,18.21,33767.82,63719.932,0.973418394471026,,0.0
2023-07-24,18.44,18.11,18.5,17.99,45185.99,84241.476,0.9731327243417518,,0.0
2023-07-25,18.2,18.78,18.84,18.18,62689.17,119771.264,0.9740663900414938,,0.0
2023-07-26,18.78,18.54,18.78,18.44,29949.83,57129.169,0.9737394957983192,,0.0
2023-07-27,18.59,18.31,18.65,18.18,27695.0,52334.988,0.973418394471026,,0.0
2023-07-28,18.21,18.32,18.4,18.01,25897.0,48523.609,0.973432518597237,,0.0
2023-07-31,18.32,18.47,18.68,18.32,37521.0,71413.298,0.9736425935687928,,0.0
2023-08-01,18.55,18.14,18.57,18.03,42338.14,78965.048,0.973175965665236,,0.0
2023-08-02,18.08,18.2,18.45,18.07,27476.18,51374.614,0.9732620320855616,,0.0
2023-08-03,18.16,18.06,18.3,18.01,33945.14,63184.372,0.9730603448275862,,0.0
2023-08-04,18.16,18.36,18.46,18.08,35490.01,66577.742,0.9734888653234358,,0.0
2023-08-07,18.36,18.33,18.48,18.2,26949.32,50782.613,0.9734466277217206,,0.0
2023-08-08,18.36,18.1,18.45,18.0,45343.32,84677.474,0.9731182795698924,,0.0
2023-08-09,18.85,18.34,18.92,18.3,64164.12,121992.37,0.9734607218683652,,0.0
2023-08-10,18.3,18.69,18.92,18.12,70042.21,134381.378,0.9739447628973424,,0.0
2023-08-11,18.76,18.05,18.76,17.91,69233.0,129726.075,0.973045822102426,,0.0
2023-08-14,17.88,17.35,18.06,17.19,59293.43,106078.833,0.9719887955182072,,0.0
2023-08-15,17.33,16.66,17.34,16.42,77246.64,132799.932,0.9708624708624708,,0.0
2023-08-16,16.56,16.66,16.82,16.41,38192.62,65485.553,0.9708624708624708,,0.0
2023-08-17,16.51,17.02,17.12,16.35,43044.5,74731.8,0.9714611872146118,,0.0
2023-08-18,16.99,16.9,17.25,16.82,32996.45,57818.395,0.971264367816092,,0.0
2023-08-21,17.15,18.37,18.64,17.1,216946.54,410523.338,0.9735029146793852,,0.0
2023-08-22,17.99,17.51,18.05,17.06,136258.18,245433.26,0.9722376457523598,,0.0
2023-08-23,17.39,16.63,17.4,16.6,58639.0,102120.915,0.9708114419147694,,0.0
2023-08-24,16.54,16.62,16.8,16.13,66155.56,112304.574,0.9707943925233644,,0.0
2023-08-25,16.14,16.13,16.61,15.4,76954.37,127293.107,0.9699338544798556,,0.0
2023-08-28,16.99,16.18,17.09,16.1,65908.49,112327.271,0.9700239808153476,,0.0
2023-08-29,16.1,16.98,17.07,16.03,69285.19,119555.066,0.971395881006865,,0.0
2023-08-30,16.86,17.08,17.45,16.86,49481.58,87443.966,0.9715585893060296,,0.0
2023-08-31,17.0,17.0,17.2,16.8,33583.61,58750.052,0.9714285714285714,,0.0
2023-09-01,16.97,17.04,17.17,16.82,22001.78,38382.354,0.9714937286202964,,0.0
2023-09-04,17.13,17.77,17.83,17.09,65065.42,116711.511,0.9726327312534208,,0.0
2023-09-05,17.74,18.01,18.02,17.58,57166.51,104676.804,0.9729875742841708,,0.0
2023-09-06,17.91,18.73,18.86,17.8,117751.89,223915.592,0.9739989599583984,,0.0
2023-09-07,18.73,17.81,18.79,17.77,79579.3,148016.995,0.9726925177498634,,0.0
2023-09-08,17.78,17.51,17.92,17.48,38256.53,69375.894,0.9722376457523598,,0.0
2023-09-11,17.49,17.54,17.7,17.21,33065.11,59550.443,0.9722838137472284,,0.0
2023-09-12,17.5,17.42,17.63,17.33,24662.49,44319.718,0.9720982142857144,,0.0
2023-09-13,17.3,16.97,17.42,16.81,37318.55,65547.229,0.9713795077275328,,0.0
2023-09-14,17.1,16.56,17.2,16.44,32741.85,56113.99,0.970691676436108,,0.0
2023-09-15,16.68,16.64,16.78,16.3,28552.15,48493.687,0.970828471411902,,0.0
2023-09-18,16.64,16.76,16.98,16.32,24687.65,42541.544,0.9710312862108922,,0.0
2023-09-19,16.7,16.49,16.71,16.41,21392.0,36360.632,0.970570924072984,,0.0
2023-09-20,16.5,16.39,16.59,16.36,16056.8,27189.917,0.970396684428656,,0.0
2023-09-21,16.43,16.14,16.65,16.1,36581.55,61602.39,0.9699519230769232,,0.0
2023-09-22,16.77,16.57,17.13,16.45,68600.23,117735.441,0.9707088459285296,,0.0
2023-09-25,16.42,16.34,16.57,16.26,39346.88,66415.889,0.9703087885985748,,0.0
2023-09-26,16.34,16.12,16.43,16.12,24177.47,40401.378,0.9699157641395908,,0.0
2023-09-27,16.2,16.6,16.98,16.2,71333.53,122532.436,0.9707602339181288,,0.0
2023-09-28,16.61,16.59,16.74,16.48,28514.9,48684.672,0.970743124634289,,0.0
2023-10-09,16.55,16.44,16.67,16.34,28589.0,48531.999,0.9704840613931524,,0.0
2023-10-10,16.45,16.27,16.58,16.24,26366.52,44512.364,0.970184853905784,,0.0
2023-10-11,16.28,16.16,16.43,16.14,27059.0,45399.288,0.9699879951980792,,0.0
2023-10-12,16.25,16.52,16.57,16.11,35166.0,59110.789,0.9706227967097532,,0.0
2023-10-13,16.48,16.13,16.48,16.04,32299.18,53831.081,0.9699338544798556,,0.0
2023-10-16,16.13,15.95,16.18,15.6,52595.8,85572.445,0.9696048632218844,,0.0
2023-10-17,15.81,15.9,15.920000000000002,15.579999999999998,33275.49,53840.655,0.9695121951219512,,0.0
2023-10-18,15.760000000000002,15.84,15.84,15.55,30868.0,49851.719,0.9694002447980417,,0.0
2023-10-19,15.73,15.26,15.73,15.26,40477.84,64648.71,0.9682741116751268,,0.0
2023-10-20,15.25,14.71,15.4,14.71,36903.73,57285.885,0.9671268902038131,,0.0
2023-10-23,14.8,13.95,14.81,13.91,47261.5,69394.57,0.9653979238754326,,0.0
2023-10-24,14.04,14.46,14.56,13.91,39327.88,58280.737,0.9665775401069518,,0.0
2023-10-25,14.5,14.58,15.0,14.5,37756.41,57494.519,0.96684350132626,,0.0
2023-10-26,14.53,14.45,14.57,14.14,33535.0,49634.858,0.9665551839464884,,0.0
2023-10-27,14.48,14.83,14.96,14.24,41262.01,62595.836,0.9673842139595564,,0.0
2023-10-30,14.83,14.99,15.01,14.67,34606.23,53109.059,0.9677211103938024,,0.0
2023-10-31,14.92,14.88,15.15,14.76,29783.0,45750.428,0.9674902470741222,,0.0
2023-11-01,14.97,15.06,15.17,14.85,27513.29,42714.036,0.967866323907455,,0.0
2023-11-02,15.0,14.86,15.2,14.82,23027.0,35647.908,0.9674479166666666,,0.0
2023-11-03,15.0,15.46,15.57,14.93,43514.01,69159.112,0.968671679197995,,0.0
2023-11-06,15.579999999999998,15.93,16.02,15.510000000000002,37841.02,62014.854,0.9695678636640293,,0.0
2023-11-07,15.89,16.03,16.14,15.82,33640.65,55422.822,0.969751966122202,,0.0
2023-11-08,16.04,15.989999999999998,16.25,15.87,32804.0,54199.776,0.9696785930867192,,0.0
2023-11-09,16.09,15.88,16.1,15.84,25380.0,41716.859,0.9694749694749696,,0.0
2023-11-10,15.920000000000002,15.7,15.920000000000002,15.61,24794.0,40184.586,0.9691358024691358,,0.0
2023-11-13,15.85,15.86,15.94,15.69,25846.95,42109.591,0.969437652811736,,0.0
2023-11-14,15.91,15.87,15.989999999999998,15.73,22488.05,36777.607,0.969456322541234,,0.0
2023-11-15,15.93,16.02,16.08,15.93,28857.06,47664.687,0.9697336561743342,,0.0
2023-11-16,16.02,15.739999999999998,16.03,15.739999999999998,23317.08,38089.871,0.9692118226600984,,0.0
2023-11-17,15.739999999999998,15.93,16.03,15.61,24510.69,40106.164,0.9695678636640293,,0.0
2023-11-20,15.98,16.17,16.19,15.71,37208.94,61462.123,0.97000599880024,,0.0
2023-11-21,16.11,16.05,16.28,16.01,36443.94,60610.719,0.9697885196374624,,0.0
2023-11-22,15.91,15.69,16.1,15.69,28208.87,46167.904,0.9691167387276096,,0.0
2023-11-23,15.510000000000002,15.7,15.87,15.510000000000002,30060.31,48627.803,0.9691358024691358,,0.0
2023-11-24,15.579999999999998,15.3,15.7,15.3,28372.6,45182.896,0.9683544303797468,,0.0
2023-11-27,15.3,15.26,15.38,14.97,33982.99,53293.364,0.9682741116751268,,0.0
2023-11-28,15.26,15.39,15.53,15.06,28995.89,45871.211,0.9685336689741976,,0.0
2023-11-29,15.35,15.32,15.52,15.16,19819.0,31428.468,0.968394437420986,,0.0
2023-11-30,15.18,15.16,15.39,14.98,25940.0,40659.91,0.9680715197956578,,0.0
2023-12-01,15.16,14.98,15.16,14.87,25579.0,39627.725,0.9677002583979328,,0.0
2023-12-04,15.09,14.9,15.11,14.83,23238.55,35892.103,0.9675324675324676,,0.0
2023-12-05,14.98,14.5,14.98,14.5,29142.0,44188.653,0.9666666666666668,,0.0
2023-12-06,14.46,14.55,14.84,14.44,25039.01,37967.556,0.9667774086378738,,0.0
2023-12-07,14.55,14.47,14.58,14.27,22151.01,33025.653,0.9665998663994656,,0.0
2023-12-08,14.47,14.36,14.61,14.36,24193.01,36208.727,0.9663526244952894,,0.0
2023-12-11,14.3,14.51,14.61,14.06,29400.72,43576.894,0.966688874083944,,0.0
2023-12-12,14.51,14.51,14.7,14.36,20821.0,31159.036,0.966688874083944,,0.0
2023-12-13,14.51,14.32,14.57,14.32,22908.82,34211.58,0.9662618083670717,,0.0
2023-12-14,14.41,14.16,14.7,14.16,27718.2,41166.462,0.965893587994543,,0.0
2023-12-15,14.2,14.13,14.4,14.04,24848.0,36509.262,0.9658236500341764,,0.0
2023-12-18,14.14,13.91,14.15,13.87,30268.0,43891.001,0.9653018736988204,,0.0
2023-12-19,14.0,14.04,14.18,13.93,30735.01,44712.363,0.9656121045392022,,0.0
2023-12-20,14.0,13.74,14.13,13.71,24981.0,35930.327,0.9648876404494382,,0.0
2023-12-21,13.71,13.84,14.0,13.47,48808.06,69376.274,0.9651324965132496,,0.0
2023-12-22,13.9,13.98,14.12,13.66,40024.0,57618.896,0.9654696132596684,,0.0
2023-12-25,13.92,13.85,14.02,13.78,26190.76,37584.897,0.9651567944250872,,0.0
2023-12-26,13.8,13.62,13.85,13.49,22726.01,32084.669,0.9645892351274789,,0.0
2023-12-27,13.71,13.63,13.81,13.5,21547.01,30403.317,0.9646142958244868,,0.0
2023-12-28,13.61,14.65,14.78,13.56,93289.55,139091.469,0.966996699669967,,0.0
2023-12-29,14.64,14.78,14.78,14.54,55009.99,83644.719,0.9672774869109948,,0.0
2024-01-02,14.69,14.7,14.89,14.61,32455.0,49532.158,0.9671052631578948,,0.0
2024-01-03,14.61,14.49,14.72,14.33,39008.0,58450.055,0.9666444296197464,,0.0
2024-01-04,14.36,14.26,14.59,14.18,35439.0,52469.866,0.9661246612466124,,0.0
2024-01-05,14.19,13.88,14.41,13.81,29109.14,42387.192,0.965229485396384,,0.0
2024-01-08,13.84,13.43,13.93,13.4,38116.0,53722.653,0.9641062455132808,,0.0
2024-01-09,13.43,13.58,14.05,13.32,45851.93,64965.026,0.9644886363636364,,0.0
2024-01-10,13.58,13.6,13.88,13.33,34949.0,49440.455,0.9645390070921984,,0.0
2024-01-11,13.57,13.87,14.05,13.15,104326.51,147562.508,0.965205288796103,,0.0
2024-01-12,13.7,13.88,14.2,13.7,72248.89,104769.562,0.965229485396384,,0.0
2024-01-15,13.89,13.43,13.89,13.35,48775.0,68235.431,0.9641062455132808,,0.0
2024-01-16,13.38,13.5,13.76,13.25,43805.75,61192.054,0.9642857142857144,,0.0
2024-01-17,13.42,12.87,13.46,12.78,42433.18,57598.763,0.962602842183994,,0.0
2024-01-18,12.83,12.75,12.98,12.33,59340.52,78044.418,0.9622641509433962,,0.0
2024-01-19,12.68,12.6,13.03,12.6,36198.91,48086.448,0.9618320610687024,,0.0
2024-01-22,12.6,11.53,12.61,11.48,64620.96,80666.506,0.9584372402327516,,0.0
2024-01-23,11.56,11.75,12.0,11.32,56993.76,69562.515,0.9591836734693876,,0.0
2024-01-24,11.79,11.77,11.98,11.31,44376.18,53911.304,0.9592502037489812,,0.0
2024-01-25,11.87,12.2,12.23,11.56,49401.68,61431.467,0.9606299212598424,,0.0
2024-01-26,12.19,11.94,12.21,11.9,37007.2,46490.606,0.959807073954984,,0.0
2024-01-29,12.0,11.45,12.0,11.41,40929.0,49491.454,0.9581589958158996,,0.0
2024-01-30,11.32,10.9,11.52,10.85,42371.19,49458.999,0.956140350877193,,0.0
2024-01-31,10.88,10.42,11.05,10.23,55356.86,61188.343,0.9542124542124544,,0.0
2024-02-01,10.21,10.05,10.38,9.87,56140.48,59617.986,0.95260663507109,,0.0
2024-02-02,9.99,9.39,10.35,9.0,80167.85,81245.264,0.9494438827098078,,0.0
2024-02-05,9.29,8.46,9.38,8.4,103321.43,94994.409,0.9441964285714286,,0.0
2024-02-06,8.32,8.87,9.07,7.98,102772.55,92307.24,0.9466382070437568,,0.0
2024-02-07,8.98,9.42,9.67,8.82,98889.15,97007.176,0.9495967741935484,,0.0
2024-02-08,9.52,10.41,10.41,9.45,52941.01,56872.439,0.9541704857928506,,0.0
2024-02-19,10.8,10.79,11.12,10.6,142633.78,161667.889,0.9557130203720108,,0.0
2024-02-20,10.7,10.68,10.74,10.32,78996.12,86977.784,0.9552772808586762,,0.0
2024-02-21,10.5,10.75,11.13,10.45,93950.51,107113.29,0.9555555555555556,,0.0
2024-02-22,10.71,10.83,10.95,10.65,54075.03,61027.768,0.9558693733451016,,0.0
2024-02-23,10.83,11.15,11.2,10.81,68791.0,79086.315,0.9570815450643776,,0.0
2024-02-26,11.5,11.67,11.91,11.24,95914.5,115721.408,0.9589153656532456,,0.0
2024-02-27,11.5,12.01,12.01,11.46,73578.06,90247.616,0.9600319744204636,,0.0
2024-02-28,12.1,11.37,12.46,11.34,106155.93,132059.707,0.95787700084246,,0.0
2024-02-29,11.25,11.8,11.82,11.17,76045.5,91909.836,0.959349593495935,,0.0
2024-03-01,11.95,12.0,12.3,11.84,72565.19,90784.733,0.96,,0.0
2024-03-04,11.97,11.85,12.1,11.61,62780.5,77272.684,0.9595141700404858,,0.0
2024-03-05,11.76,11.62,11.82,11.56,48654.26,59155.651,0.9587458745874587,,0.0
2024-03-06,11.53,11.9,12.08,11.53,51388.44,63255.598,0.9596774193548387,,0.0
2024-03-07,12.09,11.81,12.23,11.79,49749.5,62140.699,0.9593826157595452,,0.0
2024-03-08,11.81,11.87,11.97,11.67,34391.29,42381.401,0.9595796281325788,,0.0
2024-03-11,11.81,12.18,12.2,11.8,51031.29,63855.966,0.9605678233438486,,0.0
2024-03-12,12.2,13.45,13.45,12.03,168076.01,222917.134,0.96415770609319,,0.0
2024-03-13,13.64,14.25,14.85,13.14,324688.09,473105.397,0.9661016949152542,,0.0
2024-03-14,13.8,14.98,15.19,13.51,296991.51,444353.59,0.9677002583979328,,0.0
2024-03-15,14.5,14.61,14.82,14.26,187657.72,281593.032,0.9669093315684976,,0.0
2024-03-18,14.65,14.98,15.39,14.35,194050.52,299390.055,0.9677002583979328,,0.0
2024-03-19,14.77,14.35,14.79,14.35,136180.84,204646.361,0.9663299663299664,,0.0
2024-03-20,14.43,14.8,14.95,14.43,120075.47,182358.604,0.9673202614379084,,0.0
2024-03-21,14.68,15.63,16.06,14.63,242809.91,384730.65,0.9690018598884068,,0.0
2024-03-22,15.86,16.1,16.75,15.6,328893.65,550152.47,0.9698795180722892,,0.0
2024-03-25,15.579999999999998,15.2,16.69,15.2,209200.39,341897.311,0.9681528662420382,,0.0
2024-03-26,14.91,14.55,15.09,14.38,163962.58,248392.32,0.9667774086378738,,0.0
2024-03-27,14.52,13.83,14.55,13.78,99215.51,144938.624,0.9651081646894628,,0.0
2024-03-28,13.86,14.56,14.82,13.86,131406.91,197143.947,0.9667994687915008,,0.0
2024-03-29,14.54,14.48,14.9,14.3,84416.63,127016.633,0.9666221628838452,,0.0
2024-04-01,14.5,14.59,14.76,14.36,73732.38,110812.045,0.9668654738237245,,0.0
2024-04-02,14.44,14.53,14.91,14.0,100473.8,150541.52,0.9667332002661344,,0.0
2024-04-03,14.4,13.97,14.44,13.88,74171.92,107808.215,0.9654457498272287,,0.0
2024-04-08,13.95,13.36,13.95,13.32,89469.07,125359.67,0.963924963924964,,0.0
2024-04-09,13.34,13.48,13.74,13.26,46078.07,64460.487,0.9642346208869814,,0.0
2024-04-10,13.51,13.41,13.74,13.1,66866.47,93186.046,0.9640546369518332,,0.0
2024-04-11,13.26,13.29,13.57,13.1,44454.31,61621.708,0.9637418419144308,,0.0
2024-04-12,13.31,12.92,13.4,12.85,47797.02,64863.908,0.96274217585693,,0.0
2024-04-15,12.99,12.52,13.08,12.3,61430.0,80381.563,0.9615975422427036,,0.0
2024-04-16,12.5,11.58,12.5,11.58,77360.51,96202.115,0.9586092715231788,,0.0
2024-04-17,11.7,12.45,12.46,11.7,72783.66,92989.466,0.9613899613899614,,0.0
2024-04-18,12.38,12.7,13.09,12.21,81480.87,107849.235,0.9621212121212122,,0.0
2024-04-19,12.5,12.7,12.88,12.48,59340.0,77961.92,0.9621212121212122,,0.0
2024-04-22,12.5,12.77,12.88,12.39,48813.0,64416.794,0.9623210248681237,,0.0
2024-04-23,12.78,12.69,13.02,12.59,46884.0,62302.395,0.962092494313874,,0.0
2024-04-24,12.68,12.8,12.9,12.63,49119.25,65182.18,0.962406015037594,,0.0
2024-04-25,12.7,12.3,12.77,12.27,75916.05,98309.162,0.9609375,,0.0
2024-04-26,12.3,12.77,12.95,12.27,67363.29,88467.694,0.9623210248681237,,0.0
2024-04-29,12.77,13.32,13.38,12.72,73680.02,100714.833,0.9638205499276412,,0.0
2024-04-30,13.51,13.39,13.8,13.29,69825.11,97317.14,0.9640028797696184,,0.0
2024-05-06,13.66,13.64,13.84,13.64,65357.15,93006.053,0.9646393210749646,,0.0
2024-05-07,13.64,13.78,13.9,13.54,48832.0,69637.034,0.9649859943977592,,0.0
2024-05-08,13.88,14.78,14.85,13.66,195326.97,292124.651,0.9672774869109948,,0.0
2024-05-09,14.62,14.71,14.74,14.29,112913.0,170347.983,0.9671268902038131,,0.0
2024-05-10,14.82,14.2,14.83,14.15,97284.0,144131.031,0.9659863945578232,,0.0
2024-05-13,14.19,13.72,14.19,13.64,74246.58,106071.334,0.9648382559774964,,0.0
2024-05-14,13.71,13.94,14.1,13.68,53727.0,77620.759,0.9653739612188366,,0.0
2024-05-15,13.94,13.95,14.4,13.7,94222.19,138534.345,0.9653979238754326,,0.0
2024-05-16,13.9,13.84,14.45,13.78,72685.0,105533.934,0.9651324965132496,,0.0
2024-05-17,13.92,14.38,14.68,13.72,141330.01,209156.456,0.9663978494623656,,0.0
2024-05-20,14.48,14.22,14.55,14.16,75545.5,112058.915,0.9660326086956522,,0.0
2024-05-21,14.11,13.93,14.18,13.86,48942.0,70773.936,0.9653499653499652,,0.0
2024-05-22,13.9,14.18,14.23,13.8,47739.65,69534.455,0.9659400544959128,,0.0
2024-05-23,14.12,13.61,14.12,13.6,56129.0,79972.643,0.9645641389085756,,0.0
2024-05-24,13.5,13.35,13.79,13.33,42963.65,60247.84,0.9638989169675092,,0.0
2024-05-27,13.44,13.34,13.52,12.92,51914.0,70768.403,0.963872832369942,,0.0
2024-05-28,13.29,13.13,13.4,13.11,32889.0,45103.451,0.9633162142333088,,0.0
2024-05-29,13.1,13.13,13.48,13.05,32869.91,45127.684,0.9633162142333088,,0.0
2024-05-30,13.13,13.26,13.37,12.99,42544.42,58475.838,0.9636627906976744,,0.0
2024-05-31,13.13,13.26,13.43,13.13,30042.0,41509.996,0.9636627906976744,,0.0
2024-06-03,13.3,12.78,13.3,12.66,53232.01,71227.879,0.9623493975903614,,0.0
2024-06-04,12.78,12.75,12.84,12.53,38534.0,50728.414,0.9622641509433962,,0.0
2024-06-05,12.58,12.59,12.82,12.58,24086.0,31735.374,0.9618029029793737,,0.0
2024-06-06,12.63,12.18,12.7,11.95,61291.93,77738.549,0.9605678233438486,,0.0
2024-06-07,12.18,12.21,12.35,12.0,40120.0,50978.271,0.96066089693155,,0.0
2024-06-11,12.1,12.39,12.41,11.93,32170.37,40793.278,0.9612102404965088,,0.0
2024-06-12,12.47,12.63,12.7,12.39,30637.0,40182.679,0.961919268849962,,0.0
2024-06-13,12.61,12.59,12.73,12.54,30344.0,39838.675,0.9618029029793737,,0.0
2024-06-14,12.51,12.43,12.59,12.2,42128.19,54129.217,0.9613302397525136,,0.0
2024-06-17,12.43,13.33,13.68,12.35,104131.01,141916.19,0.9638467100506146,,0.0
2024-06-18,13.37,13.63,13.73,13.3,72186.69,101346.958,0.9646142958244868,,0.0
2024-06-19,13.86,13.84,14.13,13.4,107876.2,152088.077,0.9753347427766031,,0.0
2024-06-20,13.82,13.48,14.05,13.46,63037.67,88536.88,0.9746926970354304,,0.0
2024-06-21,13.45,13.83,14.0,13.41,74223.09,104840.413,0.9753173483779972,,0.0
2024-06-24,14.02,13.1,14.12,13.07,71805.0,99926.747,0.9739776951672864,,0.0
2024-06-25,13.03,13.01,13.24,12.79,62112.0,82970.271,0.9738023952095808,,0.0
2024-06-26,12.89,13.52,13.53,12.79,52939.12,71761.971,0.9747656813266042,,0.0
2024-06-27,13.42,12.99,13.46,12.99,40639.0,55076.033,0.9737631184407796,,0.0
2024-06-28,12.94,13.07,13.45,12.94,40093.0,54428.656,0.973919523099851,,0.0
2024-07-01,13.06,13.03,13.21,12.79,36389.84,48431.57,0.9738415545590434,,0.0
2024-07-02,13.13,12.78,13.13,12.69,33058.04,43615.875,0.9733434881949734,,0.0
2024-07-03,12.8,12.48,12.8,12.39,34085.0,43916.925,0.9727201870615744,,0.0
2024-07-04,12.41,12.14,12.6,12.03,32458.01,40940.762,0.9719775820656524,,0.0
2024-07-05,12.12,12.36,12.56,11.88,35197.19,44337.628,0.972462627852085,,0.0
2024-07-08,12.31,11.76,12.36,11.72,40143.0,49324.66,0.9710982658959538,,0.0
2024-07-09,11.75,11.91,11.98,11.56,45448.46,55191.679,0.9714518760195758,,0.0
2024-07-10,11.85,11.93,12.16,11.76,31048.85,38378.622,0.9714983713355048,,0.0
2024-07-11,12.15,12.79,12.8,12.15,62245.19,80469.232,0.9733637747336378,,0.0
2024-07-12,12.86,12.44,12.88,12.33,45583.0,58760.68,0.9726348709929632,,0.0
2024-07-15,12.5,12.15,12.5,12.03,29179.0,36567.953,0.972,,0.0
2024-07-16,12.1,12.22,12.28,12.0,23591.0,29556.235,0.9721559268098648,,0.0
2024-07-17,12.2,12.03,12.24,12.0,30369.0,37821.705,0.9717285945072698,,0.0
2024-07-18,12.02,12.12,12.25,11.77,38967.0,48207.933,0.9719326383319968,,0.0
2024-07-19,12.25,12.33,12.5,12.05,34422.0,43527.045,0.972397476340694,,0.0
2024-07-22,12.22,12.36,12.49,12.22,21433.0,27276.6,0.972462627852085,,0.0
2024-07-23,12.28,11.91,12.36,11.89,21525.0,26802.287,0.9714518760195758,,0.0
2024-07-24,11.91,11.69,12.02,11.58,29874.5,36155.159,0.9709302325581396,,0.0
2024-07-25,11.65,11.79,11.97,11.59,22544.0,27303.733,0.971169686985173,,0.0
2024-07-26,11.85,12.06,12.13,11.8,23355.0,28836.874,0.9717969379532636,,0.0
2024-07-29,12.1,12.15,12.2,11.93,29099.0,36146.565,0.972,,0.0
2024-07-30,12.02,12.35,12.37,11.98,32852.89,41190.745,0.9724409448818898,,0.0
2024-07-31,12.4,12.64,12.65,12.2,52882.54,68195.917,0.9730561970746728,,0.0
2024-08-01,12.55,12.72,12.87,12.53,37826.67,49494.952,0.973221117061974,,0.0
2024-08-02,12.63,12.49,12.82,12.48,29482.51,38367.327,0.9727414330218068,,0.0
2024-08-05,12.47,12.2,12.73,12.2,39112.5,50118.616,0.9721115537848606,,0.0
2024-08-06,12.35,12.55,12.64,12.28,30640.5,39335.994,0.9728682170542636,,0.0
2024-08-07,12.55,12.67,12.74,12.44,34337.15,44516.168,0.9731182795698924,,0.0
2024-08-08,12.55,12.62,12.75,12.4,45141.0,58459.063,0.9730146491904396,,0.0
2024-08-09,12.58,12.48,12.75,12.47,33089.0,42914.539,0.9727201870615744,,0.0
2024-08-12,12.16,11.84,12.22,11.68,66028.33,80938.441,0.9712879409351928,,0.0
2024-08-13,11.79,11.91,11.95,11.73,22155.0,27000.437,0.9714518760195758,,0.0
2024-08-14,11.95,11.69,12.02,11.67,24711.01,29901.322,0.9709302325581396,,0.0
2024-08-15,11.58,11.75,11.93,11.37,39846.0,47899.672,0.9710743801652892,,0.0
2024-08-16,11.91,11.53,11.91,11.53,29122.43,35015.619,0.9705387205387206,,0.0
2024-08-19,11.52,11.2,11.68,11.17,43252.2,50875.128,0.9696969696969696,,0.0
2024-08-20,11.21,10.87,11.29,10.82,36525.01,41302.907,0.9688057040998218,,0.0
2024-08-21,10.86,10.87,11.0,10.75,20597.0,23211.81,0.9688057040998218,,0.0
2024-08-22,10.87,10.64,10.93,10.61,30093.42,33346.074,0.9681528662420382,,0.0
2024-08-23,10.66,10.62,10.77,10.57,20893.0,22947.932,0.968094804010939,,0.0
2024-08-26,10.57,10.61,10.87,10.56,28215.0,31185.843,0.968065693430657,,0.0
2024-08-27,10.61,10.34,10.67,10.27,32048.0,34477.496,0.9672591206735268,,0.0
2024-08-28,10.29,10.47,10.55,10.29,23860.0,25768.786,0.967652495378928,,0.0
2024-08-29,10.49,10.88,10.95,10.45,44068.0,49024.813,0.968833481745325,,0.0
2024-08-30,10.91,11.12,11.25,10.78,41988.07,48018.303,0.969485614646905,,0.0
2024-09-02,11.12,10.82,11.21,10.81,29738.0,33697.768,0.9686660698299016,,0.0
2024-09-03,10.73,10.88,11.0,10.73,26930.0,30245.793,0.968833481745325,,0.0
2024-09-04,10.8,10.88,10.99,10.71,24408.0,27361.448,0.968833481745325,,0.0
2024-09-05,10.86,10.92,11.04,10.85,16837.02,19025.557,0.968944099378882,,0.0
2024-09-06,10.94,10.5,10.95,10.49,27793.0,30576.061,0.967741935483871,,0.0
2024-09-09,10.51,10.42,10.58,10.32,22033.01,23772.213,0.967502321262767,,0.0
2024-09-10,10.44,10.61,10.65,10.3,29679.16,32143.51,0.968065693430657,,0.0
2024-09-11,10.62,10.66,10.72,10.54,20353.01,22362.119,0.9682107175295188,,0.0
2024-09-12,10.67,10.65,10.99,10.57,28643.17,31931.708,0.9681818181818184,,0.0
2024-09-13,10.67,10.32,10.73,10.31,24075.11,26000.146,0.9671977507029054,,0.0
2024-09-18,10.43,10.24,10.43,10.02,30374.66,31925.719,0.9669499527856468,,0.0
2024-09-19,10.24,10.5,10.6,10.19,30226.0,32608.452,0.967741935483871,,0.0
2024-09-20,10.47,10.34,10.56,10.23,27583.0,29490.007,0.9672591206735268,,0.0
2024-09-23,10.34,10.33,10.51,10.27,17752.0,19027.256,0.9672284644194756,,0.0
2024-09-24,10.4,10.79,10.8,10.37,60135.67,66067.49,0.9685816876122084,,0.0
2024-09-25,10.9,10.85,11.12,10.82,59860.0,67855.729,0.96875,,0.0
2024-09-26,10.82,11.33,11.35,10.79,57572.1,65792.15,0.9700342465753424,,0.0
2024-09-27,11.5,12.13,12.31,11.5,80277.1,98430.229,0.9719551282051282,,0.0
2024-09-30,12.94,13.38,13.38,12.83,130800.81,177329.962,0.9745083758193736,,0.0
2024-10-08,14.75,14.67,14.75,13.75,181795.1,268669.95,0.9766977363515312,,0.0
2024-10-09,14.68,13.43,14.68,13.4,122546.28,175728.866,0.974600870827286,,0.0
2024-10-10,13.44,13.23,13.95,13.22,101150.18,140340.624,0.9742268041237112,,0.0
2024-10-11,13.22,12.45,13.22,12.26,76052.11,98709.842,0.97265625,,0.0
2024-10-14,12.45,12.78,12.82,12.25,67768.24,87615.253,0.9733434881949734,,0.0
2024-10-15,12.74,12.44,12.95,12.43,66575.28,87084.279,0.9726348709929632,,0.0
2024-10-16,12.43,12.35,12.63,12.21,54402.0,69385.307,0.9724409448818898,,0.0
2024-10-17,12.48,12.27,12.71,12.26,47271.84,60520.855,0.9722662440570524,,0.0
2024-10-18,12.27,12.76,13.13,12.18,103971.78,135224.725,0.973302822273074,,0.0
2024-10-21,13.01,12.87,13.23,12.75,134397.05,178762.204,0.9735249621785176,,0.0
2024-10-22,12.83,13.1,13.15,12.5,135727.25,178953.018,0.9739776951672864,,0.0
2024-10-23,13.07,13.01,13.22,12.95,85766.0,115078.499,0.9738023952095808,,0.0
2024-10-24,13.09,12.71,13.12,12.65,60476.28,79462.054,0.9732006125574272,,0.0
2024-10-25,12.71,13.23,13.3,12.65,108791.86,146137.714,0.9742268041237112,,0.0
2024-10-28,12.73,12.76,12.84,12.46,178040.52,231314.649,0.973302822273074,,0.0
2024-10-29,12.88,13.33,14.03,12.87,279378.56,382436.26,0.9744152046783626,,0.0
2024-10-30,13.1,13.04,13.54,12.87,186390.46,250830.918,0.9738610903659448,,0.0
2024-10-31,12.9,12.94,13.11,12.71,158175.66,209221.015,0.9736644093303236,,0.0
2024-11-01,12.94,12.34,13.09,12.31,128510.46,165741.711,0.9724192277383767,,0.0
2024-11-04,12.34,12.67,12.79,12.3,90949.79,118294.761,0.9731182795698924,,0.0
2024-11-05,12.67,12.99,13.04,12.6,115419.49,152517.527,0.9737631184407796,,0.0
2024-11-06,13.22,13.0,13.44,12.93,142162.0,192500.901,0.9737827715355806,,0.0
2024-11-07,12.83,13.17,13.18,12.8,102555.93,137156.053,0.974112426035503,,0.0
2024-11-08,13.36,13.28,13.54,13.23,138736.27,190744.415,0.9743213499633162,,0.0
2024-11-11,13.28,13.94,14.1,13.28,189401.14,268496.758,0.9755073477956612,,0.0
2024-11-12,13.94,13.68,14.13,13.55,138837.89,197099.551,0.9750534568781184,,0.0
2024-11-13,13.71,13.84,13.93,13.27,110599.07,154680.794,0.9753347427766031,,0.0
2024-11-14,13.84,13.44,13.93,13.39,75872.92,106238.014,0.9746192893401016,,0.0
2024-11-15,13.44,13.03,13.61,13.01,83004.92,113274.059,0.9738415545590434,,0.0
2024-11-18,13.1,13.34,13.77,12.87,150134.94,205581.477,0.9744338933528124,,0.0
2024-11-19,13.21,14.71,14.71,13.21,351860.96,514415.464,0.9767596281540504,,0.0
2024-11-20,15.0,16.22,16.22,14.95,367336.3,593699.039,0.9788774894387446,,0.0
2024-11-21,17.65,16.24,17.88,16.009999999999998,877922.97,1516304.486,0.9789029535864978,,0.0
2024-11-22,16.31,14.95,16.849999999999998,14.92,626541.46,1001085.002,0.977124183006536,,0.0
2024-11-25,14.95,16.479999999999997,16.479999999999997,14.7,613418.03,989757.287,0.9792038027332144,,0.0
2024-11-26,16.31,15.34,16.369999999999997,15.25,419736.1,671357.887,0.9776927979604844,,0.0
2024-11-27,15.15,16.91,16.91,15.06,499239.2,838642.935,0.9797219003476244,,0.0
2024-11-28,17.509999999999998,18.64,18.64,17.509999999999998,798984.58,1491904.347,0.9815692469720904,,0.0
2024-11-29,17.65,18.31,18.98,17.52,674391.97,1247407.669,0.9812433011789924,,0.0
2024-12-02,18.29,18.85,19.59,18.29,536540.92,1033491.442,0.9817708333333331,,0.0
2024-12-03,20.77,20.77,20.77,20.77,104663.96,221050.284,0.9834280303030304,,0.0
2024-12-04,22.53,19.76,22.53,19.54,709307.77,1485486.606,0.9825957235206364,,0.0
2024-12-05,19.27,18.98,19.85,18.75,456402.94,886425.709,0.9818934299017072,,0.0
2024-12-06,18.88,18.34,18.88,17.93,352205.71,658316.594,0.9812734082397004,,0.0
2024-12-09,18.2,18.83,19.24,18.2,352424.3,678386.691,0.9817518248175182,,0.0
2024-12-10,19.55,20.75,20.75,18.96,659000.94,1354399.533,0.9834123222748814,,0.0
2024-12-11,20.14,20.88,21.35,19.95,534563.66,1122345.617,0.9835138954309938,,0.0
2024-12-12,20.77,21.0,22.29,20.45,486783.63,1054759.965,0.9836065573770492,,0.0
2024-12-13,20.8,19.87,20.9,19.83,382844.84,788106.134,0.9826904055390702,,0.0
2024-12-16,19.86,18.91,20.24,18.71,328513.26,648622.33,0.981827622014538,,0.0
2024-12-17,18.66,18.51,19.28,18.42,182097.89,347784.576,0.9814422057264052,,0.0
2024-12-18,18.51,18.02,18.64,17.84,171055.96,315315.65,0.9809471965160588,,0.0
2024-12-19,17.81,17.74,18.02,17.529999999999998,141148.02,255132.686,0.9806522940851298,,0.0
2024-12-20,17.869999999999997,18.38,18.69,17.849999999999998,224778.96,418008.335,0.981313400961025,,0.0
2024-12-23,18.67,17.43,18.81,17.4,170288.01,309668.961,0.9803149606299212,,0.0
2024-12-24,17.639999999999997,17.479999999999997,17.849999999999998,17.229999999999997,121656.03,217305.681,0.9803701626472237,,0.0
2024-12-25,17.479999999999997,17.11,17.549999999999997,16.619999999999997,156777.35,270995.54,0.9799541809851088,,0.0
2024-12-26,17.119999999999997,17.11,17.389999999999997,16.99,97525.03,171392.168,0.9799541809851088,,0.0
2024-12-27,17.049999999999997,16.959999999999997,17.259999999999998,16.77,104069.03,181481.505,0.9797804737146156,,0.0
2024-12-30,16.95,17.02,17.169999999999998,16.549999999999997,86955.0,150498.949,0.9798503166378814,,0.0
2024-12-31,17.02,16.15,17.049999999999997,16.119999999999997,119159.4,200466.334,0.9787878787878788,,0.0
2025-01-02,16.15,15.62,16.4,15.43,141579.39,229535.496,0.9780839073262368,,0.0
2025-01-03,15.660000000000002,14.83,15.750000000000002,14.78,129760.29,201128.338,0.976943346508564,,0.0
2025-01-06,14.72,14.81,15.08,14.45,89086.47,135201.409,0.9769129287598944,,0.0
2025-01-07,14.81,15.19,15.26,14.75,93527.41,143720.293,0.9774774774774776,,0.0
2025-01-08,15.13,15.35,15.63,14.46,151855.44,233770.327,0.9777070063694268,,0.0
2025-01-09,15.17,15.72,16.06,15.1,167754.03,270174.063,0.9782202862476664,,0.0
2025-01-10,15.65,15.31,15.99,15.31,130786.0,209675.552,0.9776500638569604,,0.0
2025-01-13,15.01,15.61,15.97,14.8,148139.04,235148.564,0.9780701754385964,,0.0
2025-01-14,15.67,16.689999999999998,16.82,15.56,196184.85,326969.067,0.9794600938967136,,0.0
2025-01-15,16.79,17.04,17.509999999999998,16.459999999999997,223989.94,388157.576,0.9798734905117884,,0.0
2025-01-16,17.049999999999997,16.95,17.38,16.549999999999997,196649.12,340935.384,0.9797687861271676,,0.0
2025-01-17,16.9,16.93,17.27,16.75,115414.4,200318.75,0.9797453703703702,,0.0
2025-01-20,17.11,16.979999999999997,17.27,16.889999999999997,92905.5,161368.637,0.9798038084246968,,0.0
2025-01-21,17.049999999999997,17.099999999999998,17.24,16.889999999999997,91395.0,159160.48,0.979942693409742,,0.0
2025-01-22,17.029999999999998,16.63,17.08,16.549999999999997,101075.0,173061.144,0.9793875147232036,,0.0
2025-01-23,16.86,16.47,17.15,16.47,108166.0,186253.911,0.9791914387633768,,0.0
2025-01-24,16.41,16.49,16.65,16.36,103986.55,175123.599,0.9792161520190024,,0.0
2025-01-27,16.25,15.43,16.25,15.16,181309.64,286243.833,0.9778200253485424,,0.0
2025-02-05,15.65,15.83,16.02,15.46,101715.09,163675.812,0.9783683559950556,,0.0
2025-02-06,15.76,16.91,17.0,15.71,181890.94,308082.915,0.9797219003476244,,0.0
2025-02-07,17.009999999999998,17.5,17.81,16.86,260177.01,461512.812,0.9803921568627452,,0.0
2025-02-10,17.65,17.49,17.77,17.08,197028.31,348632.593,0.9803811659192824,,0.0
2025-02-11,17.4,17.33,17.4,17.07,123080.07,216656.162,0.9802036199095022,,0.0
2025-02-12,17.279999999999998,18.29,18.48,17.099999999999998,321535.7,586636.495,0.9812231759656652,,0.0
2025-02-13,18.4,18.02,18.46,17.889999999999997,190048.02,351518.757,0.9809471965160588,,0.0
2025-02-14,17.91,18.0,18.31,17.52,213134.88,389900.882,0.9809264305177112,,0.0
2025-02-17,18.13,17.849999999999998,18.13,17.58,165899.81,300514.22,0.9807692307692308,,0.0
2025-02-18,17.79,17.47,18.0,17.27,133113.63,239589.633,0.9803591470258136,,0.0
2025-02-19,17.369999999999997,18.56,18.6,17.299999999999997,310645.03,575704.836,0.9814912744579588,,0.0
2025-02-20,18.51,18.59,18.85,18.25,278707.65,527832.763,0.981520591341077,,0.0
2025-02-21,18.58,18.81,19.04,18.34,256297.63,490064.994,0.981732776617954,,0.0
2025-02-24,19.03,18.69,19.2,18.36,210939.89,402484.731,0.9816176470588236,,0.0
2025-02-25,18.36,18.49,18.8,18.27,137476.0,259794.865,0.9814225053078556,,0.0
2025-02-26,18.49,18.94,19.3,18.49,244272.64,470919.914,0.9818558838776568,,0.0
2025-02-27,18.9,18.96,19.22,18.49,275595.52,530038.238,0.981874676333506,,0.0
2025-02-28,18.93,17.72,18.96,17.66,203305.0,376564.252,0.9806308799114554,,0.0
2025-03-03,17.9,17.54,18.13,17.419999999999998,117608.0,213671.575,0.980435997764114,,0.0
2025-03-04,17.439999999999998,18.19,18.36,17.31,129227.51,236926.805,0.9811218985976268,,0.0
2025-03-05,18.09,18.18,18.27,17.81,103556.01,190780.744,0.9811117107393416,,0.0
2025-03-06,18.29,18.21,18.35,18.12,131411.15,244204.005,0.9811422413793104,,0.0
2025-03-07,18.05,17.939999999999998,18.43,17.849999999999998,119323.77,219870.629,0.9808638600328048,,0.0
2025-03-10,17.95,18.13,18.33,17.95,126492.76,234479.024,0.981060606060606,,0.0
2025-03-11,17.869999999999997,18.09,18.28,17.75,91261.13,167407.37,0.9810195227765726,,0.0
2025-03-12,18.18,17.93,18.26,17.88,106422.05,195340.137,0.9808533916849016,,0.0
2025-03-13,17.869999999999997,17.34,17.93,17.169999999999998,106255.28,188896.039,0.9802148106274732,,0.0
2025-03-14,17.529999999999998,17.549999999999997,17.75,17.15,89979.04,160181.17,0.9804469273743016,,0.0
2025-03-17,17.549999999999997,17.45,17.63,17.349999999999998,69345.76,123499.154,0.9803370786516852,,0.0
2025-03-18,17.459999999999997,18.19,18.85,17.36,197130.98,363399.28,0.9811218985976268,,0.0
2025-03-19,17.95,17.779999999999998,18.13,17.65,130261.48,236800.788,0.9806949806949806,,0.0
2025-03-20,17.68,17.799999999999997,18.23,17.549999999999997,139178.33,253817.462,0.980716253443526,,0.0
2025-03-21,17.7,17.509999999999998,18.33,17.49,145998.11,265366.195,0.98040313549832,,0.0
2025-03-24,17.34,16.759999999999998,17.5,16.439999999999998,131700.67,226342.429,0.9795441262419636,,0.0
2025-03-25,16.759999999999998,16.759999999999998,17.4,16.66,74020.9,128037.292,0.9795441262419636,,0.0
2025-03-26,16.759999999999998,16.79,17.07,16.61,58034.02,99958.545,0.9795799299883312,,0.0
2025-03-27,16.66,16.459999999999997,16.709999999999997,16.18,68960.01,115995.737,0.9791790600832836,,0.0
2025-03-28,16.369999999999997,16.11,16.59,16.09,53091.91,88456.182,0.9787363304981772,,0.0
2025-03-31,16.049999999999997,15.78,16.049999999999997,15.53,73222.11,117764.289,0.9783013019218848,,0.0
2025-04-01,15.820000000000002,15.9,16.08,15.820000000000002,46614.42,76053.87,0.9784615384615384,,0.0
2025-04-02,15.910000000000002,17.529999999999998,17.529999999999998,15.87,245367.83,428417.494,0.9804250559284116,,0.0
2025-04-03,18.53,18.67,19.23,18.2,697520.13,1330040.629,0.9815983175604626,,0.0
2025-04-07,16.77,16.77,18.1,16.77,408311.58,710758.607,0.9795560747663552,,0.0
2025-04-08,16.779999999999998,15.45,17.13,15.08,377611.39,619852.61,0.9778481012658228,,0.0
2025-04-09,14.38,15.54,15.81,13.87,308931.43,463952.9,0.9779735682819384,,0.0
2025-04-10,15.660000000000002,15.74,16.259999999999998,15.65,212196.0,345837.091,0.978247358607831,,0.0
2025-04-11,15.33,15.78,16.11,15.33,143777.41,232493.796,0.9783013019218848,,0.0
2025-04-14,15.99,16.15,16.5,15.95,142290.2,235715.253,0.9787878787878788,,0.0
2025-04-15,16.049999999999997,15.92,16.25,15.7,92287.0,150300.553,0.9784880147510756,,0.0
2025-04-16,15.94,16.07,16.529999999999998,15.750000000000002,184065.03,302838.116,0.9786845310596832,,0.0
2025-04-17,15.95,15.65,16.119999999999997,15.65,118129.72,191892.632,0.978125,,0.0
2025-04-18,15.46,15.65,15.65,15.28,87722.03,138523.952,0.978125,,0.0
2025-04-21,15.62,16.07,16.15,15.45,119700.9,195495.48,0.9786845310596832,,0.0
2025-04-22,16.049999999999997,15.9,16.13,15.9,81616.5,133308.81,0.9784615384615384,,0.0
2025-04-23,16.049999999999997,16.24,16.299999999999997,15.98,114951.49,190137.105,0.9789029535864978,,0.0
2025-04-24,16.25,15.71,16.25,15.660000000000002,100597.72,163614.565,0.9782067247820672,,0.0
2025-04-25,15.77,15.78,16.029999999999998,15.65,75787.44,122618.579,0.9783013019218848,,0.0
2025-04-28,15.62,15.08,15.7,15.02,121434.48,188889.336,0.9773169151004536,,0.0
2025-04-29,15.05,15.29,15.39,14.9,80267.05,125228.357,0.9776214833759592,,0.0
2025-04-30,15.29,16.849999999999998,16.849999999999998,15.29,263045.32,441517.147,0.9796511627906976,,0.0
2025-05-06,18.57,18.03,18.57,18.0,837169.73,1571256.462,0.9809575625680086,,0.0
2025-05-07,18.05,18.32,18.76,17.68,713503.44,1333429.772,0.981253347616497,,0.0
2025-05-08,18.32,18.67,19.03,17.97,591589.67,1125472.402,0.9815983175604626,,0.0
2025-05-09,18.45,18.42,19.11,18.23,330573.03,621890.284,0.981353223228556,,0.0
2025-05-12,18.74,18.57,18.88,18.41,296444.85,561947.149,0.9815010570824524,,0.0
2025-05-13,18.67,18.009999999999998,18.69,17.959999999999997,316986.08,587857.522,0.9809368191721132,,0.0
2025-05-14,17.97,17.889999999999997,18.11,17.729999999999997,177935.87,323749.449,0.9808114035087718,,0.0
2025-05-15,17.95,17.669999999999998,18.65,17.549999999999997,332759.66,612754.382,0.9805771365149832,,0.0
2025-05-16,17.47,17.56,18.009999999999998,17.47,223132.97,404606.423,0.9804578447794527,,0.0
2025-05-19,17.54,17.52,17.7,17.13,157673.02,279589.914,0.9804141018466704,,0.0
2025-05-20,17.5,17.599999999999998,17.68,17.38,135378.14,242478.654,0.98050139275766,,0.0
2025-05-21,17.59,17.41,17.599999999999998,17.299999999999997,114043.06,202872.693,0.9802927927927928,,0.0
2025-05-22,17.4,17.0,17.549999999999997,16.959999999999997,124787.0,219118.517,0.9798270893371755,,0.0
2025-05-23,16.869999999999997,16.66,17.229999999999997,16.65,132598.92,229213.642,0.9794238683127572,,0.0
2025-05-26,16.549999999999997,16.77,16.77,16.43,100052.85,169376.922,0.9795560747663552,,0.0
2025-05-27,16.77,17.15,17.5,16.61,204978.78,359192.204,0.98,,0.0
2025-05-28,16.979999999999997,16.66,17.139999999999997,16.509999999999998,142313.9,242889.907,0.9794238683127572,,0.0
2025-05-29,16.549999999999997,16.84,16.95,16.45,104581.43,179301.613,0.9796393251890634,,0.0
2025-05-30,16.75,16.32,16.799999999999997,16.259999999999998,110912.63,185627.918,0.979004199160168,,0.0
2025-06-03,16.119999999999997,16.41,16.5,16.049999999999997,70015.0,117101.65,0.9791169451073984,,0.0
2025-06-04,16.299999999999997,16.34,16.479999999999997,16.299999999999997,75271.4,125786.858,0.9790293588975434,,0.0
2025-06-05,16.4,16.56,16.869999999999997,16.259999999999998,125041.95,211825.488,0.9793021880544056,,0.0
2025-06-06,16.5,16.33,16.549999999999997,16.259999999999998,76508.71,127704.521,0.9790167865707432,,0.0
2025-06-09,16.299999999999997,16.65,16.799999999999997,16.279999999999998,119502.11,203266.007,0.9794117647058824,,0.0
2025-06-10,16.59,16.18,16.639999999999997,15.95,131171.51,218424.347,0.9788263762855414,,0.0
2025-06-11,16.189999999999998,16.189999999999998,16.389999999999997,16.16,68384.26,113537.148,0.9788391777509068,,0.0
2025-06-12,16.15,15.98,16.169999999999998,15.97,66225.46,108492.403,0.9785670545009184,,0.0
2025-06-13,15.99,15.69,15.99,15.64,82757.71,133179.937,0.9781795511221946,,0.0
2025-06-16,15.63,15.88,16.029999999999998,15.58,68209.76,110027.569,0.9784349969192851,,0.0
2025-06-17,15.910000000000002,15.92,16.07,15.8,58058.38,94498.483,0.9784880147510756,,0.0
2025-06-18,15.840000000000002,15.86,15.92,15.68,47844.01,77209.213,0.9784083898827884,,0.0
2025-06-19,15.77,15.74,16.24,15.55,119982.19,194537.916,0.978247358607831,,0.0
2025-06-20,15.660000000000002,15.47,15.87,15.46,68867.0,109665.823,0.9778761061946905,,0.0
2025-06-23,15.45,15.49,15.54,15.25,61316.32,96830.052,0.9779040404040404,,0.0
2025-06-24,15.59,15.97,15.99,15.53,97786.03,158408.516,0.9785539215686276,,0.0
2025-06-25,15.97,16.119999999999997,16.139999999999997,15.88,90946.15,148786.771,0.9787492410443228,,0.0
2025-06-26,15.79,15.8,16.029999999999998,15.48,254137.51,409707.834,0.978328173374613,,0.0
2025-06-27,15.910000000000002,16.16,16.229999999999997,15.9,196851.5,324176.36,0.9788007268322227,,0.0
2025-06-30,16.2,16.08,16.259999999999998,16.029999999999998,174012.94,286475.766,0.9786975045648204,,0.0
2025-07-01,16.09,16.07,16.349999999999998,15.750000000000002,183326.51,299159.331,0.9786845310596832,,0.0
2025-07-02,16.0,15.7,16.0,15.64,136548.26,220018.812,0.9781931464174456,,0.0
2025-07-03,15.73,15.79,15.9,15.660000000000002,76005.2,122584.049,0.9783147459727386,,0.0
2025-07-04,15.84,15.54,15.84,15.54,119052.87,188840.54,0.9872935196950444,,0.0
2025-07-07,15.57,15.6,15.6,15.42,65498.79,103059.195,0.9873417721518988,,0.0
2025-07-08,15.62,15.88,15.89,15.53,118359.75,189330.155,0.9875621890547264,,0.0
2025-07-09,15.93,15.79,16.04,15.74,103689.35,166710.019,0.987492182614134,,0.0
2025-07-10,15.75,15.77,15.84,15.68,71189.59,113568.169,0.9874765184721352,,0.0
2025-07-11,15.68,15.86,15.93,15.68,94674.49,151727.788,0.9875466998754672,,0.0
2025-07-14,15.89,16.2,16.28,15.89,183971.32,300643.893,0.9878048780487804,,0.0
2025-07-15,16.2,16.12,16.25,15.96,120008.59,195324.499,0.9877450980392156,,0.0
2025-07-16,16.19,16.21,16.27,16.060000000000002,111750.07,183175.404,0.987812309567337,,0.0
2025-07-17,16.21,16.32,16.37,16.1,130821.57,215608.092,0.9878934624697338,,0.0
2025-07-18,16.32,16.400000000000002,16.43,16.23,121965.02,201514.703,0.9879518072289156,,0.0
2025-07-21,16.69,17.07,17.13,16.6,275325.49,471282.623,0.988419224088014,,0.0
2025-07-22,17.19,16.85,17.19,16.650000000000002,205012.5,348932.142,0.9882697947214076,,0.0
2025-07-23,16.75,16.810000000000002,16.990000000000002,16.650000000000002,154006.91,262064.828,0.9882422104644328,,0.0
2025-07-24,16.810000000000002,16.75,16.89,16.7,129492.12,219448.869,0.9882005899705016,,0.0
2025-07-25,16.76,16.62,16.78,16.53,113036.0,189989.604,0.9881093935790726,,0.0
2025-07-28,16.57,16.53,16.66,16.46,114023.0,191242.28,0.9880454273759712,,0.0
2025-07-29,16.5,16.64,16.75,16.3,139790.61,233287.31,0.98812351543943,,0.0
2025-07-30,16.6,16.400000000000002,16.61,16.19,120778.21,200202.877,0.9879518072289156,,0.0
2025-07-31,16.3,16.23,16.470000000000002,16.14,82755.92,136717.023,0.9878271454656116,,0.0
2025-08-01,16.220000000000002,16.12,16.28,16.060000000000002,61949.9,101376.214,0.9877450980392156,,0.0
2025-08-04,15.96,16.28,16.29,15.94,70649.12,115717.93,0.9878640776699028,,0.0
2025-08-05,16.3,16.490000000000002,16.55,16.28,90337.0,150398.119,0.988016776512882,,0.0
2025-08-06,16.53,16.8,16.900000000000002,16.44,179056.82,303247.931,0.9882352941176472,,0.0
2025-08-07,16.8,16.78,16.89,16.63,146955.42,248993.952,0.988221436984688,,0.0
2025-08-08,16.66,16.68,16.900000000000002,16.66,109083.09,185225.183,0.9881516587677726,,0.0
2025-08-11,16.77,16.96,17.27,16.71,198388.01,340920.338,0.9883449883449884,,0.0
2025-08-12,16.970000000000002,17.560000000000002,17.78,16.87,336831.25,590720.31,0.9887387387387389,,0.0
2025-08-13,17.560000000000002,17.52,17.650000000000002,17.35,217218.79,384296.865,0.9887133182844244,,0.0
2025-08-14,17.55,17.18,17.6,17.02,215506.15,376643.837,0.9884925201380896,,0.0
2025-08-15,17.23,17.34,17.45,17.2,162838.25,285653.069,0.9885974914481186,,0.0
2025-08-18,17.8,17.89,18.03,17.62,329032.09,593798.882,0.9889441680486456,,0.0
2025-08-19,17.82,17.92,18.17,17.51,231163.28,416065.382,0.9889624724061812,,0.0
2025-08-20,17.93,18.28,18.41,17.87,258519.36,475385.364,0.9891774891774892,,0.0
2025-08-21,18.4,18.07,18.75,17.96,209430.5,385999.127,0.9890530925013684,,0.0
2025-08-22,18.11,18.17,18.29,18.02,152015.27,278711.861,0.9891126837234622,,0.0
2025-08-25,18.33,18.08,18.35,17.900000000000002,251626.31,460499.518,0.9890590809628008,,0.0
2025-08-26,18.05,17.91,18.06,17.86,163002.8,295558.406,0.9889563776918828,,0.0
2025-08-27,17.91,17.45,18.06,17.41,214688.73,386330.63,0.9886685552407932,,0.0
2025-08-28,17.39,17.5,17.59,16.87,182087.52,318576.465,0.9887005649717514,,0.0
2025-08-29,17.650000000000002,17.55,18.03,17.41,158890.39,283064.059,0.9887323943661972,,0.0
2025-09-01,17.55,17.79,18.0,17.55,187504.74,337680.403,0.9888827126181212,,0.0
2025-09-02,17.8,17.650000000000002,17.86,17.21,166500.79,294769.336,0.988795518207283,,0.0
2025-09-03,17.7,17.03,17.78,16.98,121644.72,213178.084,0.9883923389437028,,0.0
2025-09-04,17.04,16.66,17.37,16.36,157090.98,268782.561,0.9881376037959668,,0.0
2025-09-05,16.66,17.2,17.25,16.62,164131.03,283070.64,0.9885057471264368,,0.0
2025-09-08,17.26,17.57,17.580000000000002,17.2,148474.83,261259.003,0.9887450759707372,,0.0
2025-09-09,17.57,17.45,17.82,17.330000000000002,132994.22,236255.433,0.9886685552407932,,0.0
2025-09-10,17.46,17.11,17.63,17.060000000000002,116935.24,204124.347,0.9884459849797804,,0.0
2025-09-11,17.080000000000002,17.84,18.03,16.95,282637.14,503713.405,0.9889135254988914,,0.0
2025-09-12,17.94,18.09,18.25,17.61,283725.55,517548.6,0.9890650628758884,,0.0
2025-09-15,18.15,19.26,19.92,18.15,714799.1,1396306.707,0.9897225077081192,,0.0
2025-09-16,19.28,19.58,19.85,19.28,553736.18,1094378.057,0.9898887765419616,,0.0
2025-09-17,19.68,19.94,20.02,19.54,409455.41,819993.935,0.9900695134061568,,0.0
2025-09-18,20.47,20.39,21.45,20.06,562058.67,1180577.737,0.9902865468674114,,0.0
2025-09-19,20.29,20.27,20.8,20.05,306378.23,630609.828,0.990229604298974,,0.0
2025-09-22,20.33,22.32,22.32,20.33,670753.29,1469918.539,0.9911190053285968,,0.0
2025-09-23,22.36,21.91,23.03,21.45,541396.26,1203038.957,0.9909543193125284,,0.0
2025-09-24,22.12,22.05,22.25,21.54,310627.53,687960.251,0.9910112359550562,,0.0
2025-09-25,22.05,22.38,22.76,21.8,373625.44,846934.663,0.991142604074402,,0.0
2025-09-26,22.29,21.75,22.29,21.68,265805.32,589207.928,0.9908883826879272,,0.0
2025-09-29,21.62,21.58,21.83,21.29,280827.31,610427.588,0.9908172635445364,,0.0
2025-09-30,21.58,21.89,22.15,21.57,220560.45,488110.86,0.9909461294703488,,0.0
2025-10-09,21.92,22.12,22.43,21.8,290523.75,649368.61,0.9910394265232976,,0.0
2025-10-10,22.0,21.72,22.63,21.65,229526.93,507463.141,0.9908759124087592,,0.0
2025-10-13,20.2,21.07,21.17,20.15,303472.66,637074.104,0.99059708509638,,0.0
2025-10-14,21.25,20.11,21.36,20.0,239101.46,496680.016,0.9901526341703596,,0.0
2025-10-15,20.1,20.61,20.67,19.66,175352.81,357901.144,0.9903892359442577,,0.0
2025-10-16,20.67,20.24,20.67,20.1,110482.01,226849.197,0.990215264187867,,0.0
2025-10-17,20.24,19.22,20.41,19.15,163734.0,324885.204,0.9897013388259528,,0.0
2025-10-20,19.4,19.82,20.05,19.4,135712.85,271178.667,0.99000999000999,,0.0
2025-10-21,20.05,19.8,20.15,19.7,128196.4,256914.145,0.99,,0.0
2025-10-22,19.8,19.67,20.1,19.53,104966.99,209603.747,0.9899345747357826,,0.0
2025-10-23,19.6,19.62,19.7,19.21,95778.86,187845.293,0.9899091826437942,,0.0
2025-10-24,19.7,20.08,20.38,19.63,153002.34,309436.405,0.990138067061144,,0.0
2025-10-27,20.4,20.26,20.53,19.98,164296.66,335244.548,0.9902248289345064,,0.0
2025-10-28,20.25,20.51,21.02,20.15,214679.81,446694.227,0.9903428295509416,,0.0
2025-10-29,20.52,21.19,21.39,20.44,249244.92,528059.088,0.9906498363721364,,0.0
2025-10-30,21.29,20.93,21.49,20.46,295872.4,623655.132,0.9905347846663513,,0.0
2025-10-31,20.39,20.34,20.88,19.79,233494.48,482227.833,0.9902629016553068,,0.0
2025-11-03,20.53,21.34,21.35,20.41,339952.22,722881.248,0.9907149489322192,,0.0
2025-11-04,21.3,20.75,21.3,20.57,208945.44,439369.656,0.9904534606205252,,0.0
2025-11-05,20.42,21.69,22.02,20.31,313886.8,678683.137,0.9908634079488352,,0.0
2025-11-06,21.94,21.81,22.22,21.67,264185.39,583166.894,0.9909132212630622,,0.0
2025-11-07,21.59,21.19,21.69,21.0,261848.17,563299.012,0.9906498363721364,,0.0
2025-11-10,21.26,22.68,23.0,21.26,408802.45,911648.9,0.9912587412587412,,0.0
2025-11-11,22.74,22.9,23.35,22.51,342603.52,790702.763,0.9913419913419914,,0.0
2025-11-12,22.73,21.82,22.74,21.7,286255.04,638326.43,0.9909173478655768,,0.0
2025-11-13,21.8,22.08,22.75,21.62,217056.38,483511.41,0.991023339317774,,0.0
2025-11-14,21.88,22.08,22.64,21.47,238190.57,530650.312,0.991023339317774,,0.0
2025-11-17,22.08,22.23,22.78,21.96,249873.11,561746.489,0.9910833704859564,,0.0
2025-11-18,22.6,23.68,24.4,22.43,600331.69,1429133.435,0.9916247906197656,,0.0
2025-11-19,23.94,23.1,24.85,22.94,451873.07,1080258.327,0.9914163090128756,,0.0
2025-11-20,23.1,21.19,23.32,20.77,535950.94,1173823.283,0.9906498363721364,,0.0
2025-11-21,20.86,19.96,21.3,19.9,301357.85,619083.772,0.9900793650793652,,0.0
2025-11-24,20.25,19.8,20.48,19.4,186597.1,375443.336,0.99,,0.0
2025-11-25,20.06,19.73,20.45,19.63,215696.15,435562.724,0.989964877069744,,0.0
2025-11-26,19.63,19.73,19.98,19.33,136779.68,272470.321,0.989964877069744,,0.0
2025-11-27,19.61,19.43,19.88,19.35,137605.55,272209.437,0.989811512990321,,0.0
2025-11-28,19.43,19.56,19.72,19.21,121753.42,239834.551,0.9898785425101216,,0.0
2025-12-01,19.75,20.88,20.98,19.72,302340.29,624423.811,0.9905123339658444,,0.0
2025-12-02,20.86,21.81,22.02,20.7,331045.49,716872.016,0.9909132212630622,,0.0
2025-12-03,21.92,22.3,22.65,21.81,311775.35,699691.685,0.9911111111111112,,0.0
2025-12-04,22.41,21.18,22.66,20.93,403439.95,873781.476,0.9906454630495792,,0.0
2025-12-05,21.31,21.65,21.78,21.18,189121.2,409778.953,0.9908466819221968,,0.0
2025-12-08,22.1,22.53,23.04,21.75,297139.86,673086.075,0.9912010558732952,,0.0
2025-12-09,22.36,22.19,22.6,21.82,193304.61,434333.403,0.9910674408217954,,0.0
2025-12-10,22.3,22.12,22.42,21.7,157313.43,348975.737,0.9910394265232976,,0.0
2025-12-11,22.14,21.75,22.2,21.73,125665.68,277122.686,0.9908883826879272,,0.0
2025-12-12,21.74,21.55,21.88,21.02,182618.36,395338.894,0.9908045977011496,,0.0
2025-12-15,21.69,22.06,22.36,21.41,272181.96,602885.1,0.991015274034142,,0.0
2025-12-16,21.8,20.62,21.8,20.4,251369.37,530018.313,0.9903938520653218,,0.0
2025-12-17,20.73,20.82,20.98,20.08,164622.76,340776.47,0.9904852521408184,,0.0
2025-12-18,20.65,20.76,21.12,20.52,113712.01,239196.429,0.9904580152671756,,0.0
2025-12-19,20.74,20.78,21.22,20.56,121904.29,255852.328,0.990467111534795,,0.0
2025-12-22,21.0,20.69,21.0,20.49,156344.77,326126.118,0.990426041168023,,0.0
2025-12-23,20.65,20.31,20.73,20.2,132750.52,273318.664,0.9902486591906388,,0.0
2025-12-24,20.35,20.85,21.25,20.22,164821.25,346136.957,0.990498812351544,,0.0
2025-12-25,20.9,21.68,21.75,20.86,221636.5,481115.88,0.9908592321755028,,0.0
2025-12-26,21.69,21.6,21.98,21.4,194646.59,424965.132,0.9908256880733946,,0.0
2025-12-29,21.75,23.1,23.45,21.57,481535.46,1109521.319,0.9914163090128756,,0.0
2025-12-30,23.0,23.24,23.63,22.57,476935.61,1119230.56,0.9914675767918087,,0.0
2025-12-31,23.35,22.96,23.42,22.6,257648.81,594525.492,0.9913644214162348,,0.0
2026-01-05,23.39,23.99,24.49,22.97,418528.52,1000361.083,0.9917321207110376,,0.0
2026-01-06,23.8,23.52,23.8,23.3,315698.81,746940.649,0.9915682967959528,,0.0
2026-01-07,23.3,23.27,23.52,23.07,244287.3,573016.114,0.9914784831700044,,0.0
2026-01-08,23.2,23.25,23.65,22.7,317165.73,744089.515,0.9914712153518124,,0.0
2026-01-09,23.26,23.14,23.59,22.98,351915.74,824503.56,0.9914310197086548,,0.0
2026-01-12,23.32,23.58,23.88,22.84,469285.65,1109640.808,0.9915895710681244,,0.0
2026-01-13,23.49,22.41,23.49,22.36,331047.05,758248.079,0.991154356479434,,0.0
2026-01-14,22.41,21.88,22.77,21.68,345662.03,776035.296,0.9909420289855072,,0.0
2026-01-15,21.8,21.69,22.08,21.5,176825.33,387325.942,0.9908634079488352,,0.0
2026-01-16,21.9,22.48,22.74,21.76,266630.14,598077.248,0.9911816578483246,,0.0
2026-01-19,22.48,22.81,23.03,22.48,276660.58,635548.238,0.9913081269013472,,0.0
2026-01-20,22.8,22.76,23.46,22.52,264861.24,612251.848,0.9912891986062718,,0.0
2026-01-21,22.56,22.79,22.94,22.44,195412.68,448581.504,0.991300565463245,,0.0
2026-01-22,22.8,22.78,23.09,22.65,178622.45,411034.802,0.9912967798085291,,0.0
2026-01-23,22.82,23.38,23.55,22.82,309793.94,727627.711,0.991518235793045,,0.0
2026-01-26,23.38,22.4,23.54,22.26,280058.39,643334.382,0.991150442477876,,0.0
2026-01-27,22.4,22.28,22.45,21.58,189463.03,420937.356,0.9911032028469752,,0.0
2026-01-28,22.15,21.49,22.33,21.35,238311.48,519653.702,0.9907791609036424,,0.0
2026-01-29,21.43,20.63,21.44,20.5,229387.61,484526.494,0.9903984637542008,,0.0
2026-01-30,20.48,20.39,20.73,19.76,174107.41,355616.347,0.9902865468674114,,0.0
2026-02-02,20.36,19.78,20.55,19.75,141398.2,287133.116,0.98998998998999,,0.0
2026-02-03,20.0,20.4,20.44,19.88,173372.19,353975.473,0.9902912621359224,,0.0
2026-02-04,20.28,20.37,20.4,20.08,104519.21,213775.559,0.990277102576568,,0.0
2026-02-05,20.4,20.0,20.42,19.84,121572.28,245889.292,0.99009900990099,,0.0
2026-02-06,19.8,20.08,20.26,19.66,105131.5,213095.59,0.990138067061144,,0.0
2026-02-09,20.37,20.37,20.46,20.19,99666.03,204529.925,0.990277102576568,,0.0
2026-02-10,20.33,20.29,20.43,20.22,109634.21,224858.198,0.990239141044412,,0.0
2026-02-11,20.24,20.25,20.5,20.17,103257.26,212030.902,0.9902200488997556,,0.0
2026-02-12,20.22,20.24,20.35,20.0,98486.25,201450.368,0.990215264187867,,0.0
2026-02-13,20.12,20.07,20.3,20.06,92324.36,188313.237,0.9901332017760236,,0.0
2026-02-24,20.4,20.46,20.53,20.23,119694.0,246838.817,0.9903194578896418,,0.0
2026-02-25,20.5,20.65,20.82,20.46,128817.72,268844.106,0.9904076738609112,,0.0
2026-02-26,20.64,20.6,20.7,20.37,97096.17,201457.614,0.9903846153846154,,0.0
2026-02-27,20.5,20.62,20.65,20.42,95750.67,198695.278,0.9903938520653218,,0.0
2026-03-02,20.23,19.98,20.46,19.9,136263.43,276905.084,0.9900891972249752,,0.0
2026-03-03,20.01,18.84,20.18,18.75,170451.58,333373.871,0.9894957983193278,,0.0
2026-03-04,18.6,18.73,19.09,18.5,108019.46,205451.218,0.989434759640782,,0.0
2026-03-05,19.08,19.03,19.3,18.92,105454.13,203443.289,0.9895995839833592,,0.0
2026-03-06,18.97,19.14,19.24,18.9,63132.46,122022.665,0.9896587383660806,,0.0
2026-03-09,18.79,18.83,18.99,18.25,104725.25,196529.686,0.9894902785076196,,0.0
2026-03-10,19.17,19.35,19.38,19.09,83842.28,163045.191,0.989769820971867,,0.0
2026-03-11,19.42,19.5,19.75,19.36,103203.9,203769.646,0.9898477157360408,,0.0
2026-03-12,20.6,19.9,21.0,19.84,290631.73,596272.023,0.9900497512437813,,0.0
2026-03-13,19.33,19.38,19.75,19.15,159427.95,313060.339,0.9897854954034728,,0.0
2026-03-16,19.12,19.37,19.68,18.95,104104.95,203464.693,0.9897802759325498,,0.0
2026-03-17,19.43,19.81,19.9,19.27,190088.2,377019.396,0.9900049975012494,,0.0
2026-03-18,19.6,19.37,19.61,19.06,147608.95,287197.238,0.9897802759325498,,0.0
2026-03-19,18.96,18.62,19.07,18.51,111050.32,210921.394,0.9893730074388948,,0.0
2026-03-20,18.61,17.73,18.76,17.73,122529.0,224887.082,0.988845510317903,,0.0
2026-03-23,17.63,17.14,18.0,16.93,124314.32,220664.386,0.9884659746251442,,0.0
2026-03-24,17.490000000000002,17.45,17.57,17.0,86382.0,150892.116,0.9886685552407932,,0.0
2026-03-25,17.490000000000002,17.71,17.79,17.490000000000002,78507.81,140471.375,0.9888330541596874,,0.0
2026-03-26,17.68,17.21,17.71,17.14,73622.0,129505.086,0.9885123492245836,,0.0
2026-03-27,16.970000000000002,17.38,17.48,16.91,71899.08,125704.756,0.9886234357224118,,0.0
2026-03-30,17.17,17.19,17.28,16.86,69310.42,119843.161,0.9884991374353076,,0.0
2026-03-31,17.23,17.060000000000002,17.580000000000002,17.04,80170.37,140203.318,0.988412514484357,,0.0
2026-04-01,17.41,17.37,17.5,17.16,70175.0,122868.061,0.9886169607285146,,0.0
2026-04-02,17.29,16.87,17.32,16.71,80660.0,138487.568,0.988283538371412,,0.0
2026-04-03,16.87,16.55,16.95,16.5,60134.01,101224.142,0.9880597014925372,,0.0
2026-04-07,16.66,16.650000000000002,16.87,16.57,49743.05,84208.926,0.9881305637982196,,0.0
2026-04-08,17.0,17.59,17.6,17.0,111097.51,194982.709,0.9887577290612704,,0.0
2026-04-09,17.42,17.28,17.470000000000002,17.2,73944.0,129660.864,0.988558352402746,,0.0
2026-04-10,17.400000000000002,17.57,17.7,17.400000000000002,68623.96,122217.543,0.9887450759707372,,0.0
2026-04-13,17.48,17.7,17.75,17.48,55983.66,99806.805,0.988826815642458,,0.0
2026-04-14,17.900000000000002,18.0,18.0,17.79,79610.12,144064.249,0.989010989010989,,0.0
2026-04-15,18.1,17.84,18.15,17.810000000000002,68277.22,124125.888,0.9889135254988914,,0.0
2026-04-16,17.900000000000002,17.95,17.98,17.720000000000002,58686.92,106224.722,0.9889807162534436,,0.0
2026-04-17,17.900000000000002,18.05,18.13,17.75,72111.0,130903.457,0.989041095890411,,0.0
2026-04-20,17.68,17.79,17.85,17.5,123384.0,221077.141,0.9888827126181212,,0.0
2026-04-21,17.8,17.68,17.87,17.5,77652.21,138597.386,0.988814317673378,,0.0
2026-04-22,17.650000000000002,17.810000000000002,17.84,17.53,86363.66,154700.754,0.988895058300944,,0.0
2026-04-23,17.810000000000002,17.45,17.85,17.32,93880.0,166364.938,0.9886685552407932,,0.0
2026-04-24,17.3,17.1,17.46,17.0,70367.65,121896.644,0.9884393063583816,,0.0
2026-04-27,17.1,17.26,17.310000000000002,16.95,72940.37,127017.242,0.9885452462772052,,0.0
2026-04-28,17.19,16.87,17.25,16.75,82243.79,140950.345,0.988283538371412,,0.0
2026-04-29,16.75,17.18,17.23,16.740000000000002,61370.75,106236.423,0.9884925201380896,,0.0
2026-04-30,17.400000000000002,17.61,18.08,17.400000000000002,106083.03,190074.555,0.9887703537338576,,0.0
2026-05-06,17.76,17.89,18.05,17.76,118465.31,214840.174,0.9889441680486456,,0.0
2026-05-07,17.990000000000002,17.89,18.05,17.8,131561.0,238203.988,0.9889441680486456,,0.0
2026-05-08,17.830000000000002,18.09,18.12,17.73,137354.64,249870.649,0.9890650628758884,,0.0
2026-05-11,18.2,18.17,18.34,18.07,148955.54,273441.073,0.9891126837234622,,0.0
2026-05-12,18.14,17.82,18.14,17.73,109551.0,197979.253,0.9889012208657048,,0.0
2026-05-13,17.740000000000002,18.3,18.36,17.580000000000002,148305.03,271111.148,0.9891891891891892,,0.0
2026-05-14,18.38,18.02,18.46,18.01,127931.52,235637.934,0.9890230515916576,,0.0
2026-05-15,18.01,18.41,18.68,17.88,191157.28,354417.474,0.9892530897367008,,0.0
2026-05-18,18.43,18.98,18.98,18.25,247651.7,469301.36,0.9895724713242962,,0.0
2026-05-19,19.08,18.85,19.1,18.58,169112.23,320544.355,0.989501312335958,,0.0
2026-05-20,18.78,18.42,18.78,18.3,133307.39,248516.857,0.9892588614393126,,0.0
2026-05-21,18.42,18.0,18.7,18.0,174662.95,325014.979,0.989010989010989,,0.0
2026-05-22,18.06,18.19,18.29,17.88,108286.57,198207.791,0.9891245241979336,,0.0
2026-05-25,18.24,18.27,18.44,18.02,97222.74,178981.954,0.9891716296697348,,0.0
2026-05-26,18.35,18.42,18.75,18.08,146079.73,272039.732,0.9892588614393126,,0.0
2026-05-27,18.25,17.490000000000002,18.34,17.470000000000002,146674.36,264758.75,0.9886941775014132,,0.0
2026-05-28,17.44,17.720000000000002,17.77,17.26,112459.88,199288.892,0.9888392857142858,,0.0
2026-05-29,17.7,16.740000000000002,17.7,16.68,151646.55,260605.79491,0.988193624557261,,0.0
2026-06-01,16.32,16.400000000000002,16.720000000000002,16.32,94448.81,157541.82866,0.9879518072289156,,0.0
2026-06-02,16.46,15.7,16.55,15.67,122401.36,196800.00937,0.9874213836477987,,0.0
2026-06-03,15.84,15.67,16.04,15.56,111704.12,179211.18836,0.9873976055450536,,0.0
2026-06-04,15.84,15.78,16.09,15.66,88901.72,142571.133,0.9874843554443056,,0.0
2026-06-05,15.73,16.12,16.34,15.17,152492.1,243395.827,0.9877450980392156,,0.0
2026-06-08,15.69,15.65,16.17,15.47,88779.0,142250.34604,0.9873817034700316,,0.0
2026-06-09,15.760000000000002,15.8,15.8,15.47,61221.01,97078.6428,0.9875,,0.0
2026-06-10,15.65,15.0,15.74,14.78,105079.4,160687.18798,0.986842105263158,,0.0
2026-06-11,14.85,14.6,14.97,14.42,85833.87,126886.76147,0.9864864864864864,,0.0
2026-06-12,14.78,14.69,14.92,14.57,88511.28,132326.46338,0.9865681665547348,,0.0
2026-06-15,14.8,15.11,15.13,14.8,79352.0,120451.608,0.9869366427171784,,0.0
2026-06-16,15.05,15.16,15.27,14.85,70431.86,107785.98493,0.9869791666666669,,0.0
2026-06-17,15.06,14.64,15.14,14.5,97704.12,146255.02024,0.986522911051213,,0.0
2026-06-18,14.58,14.73,14.92,14.42,75946.84,113294.29937,0.9866041527126592,,0.0
2026-06-22,14.68,14.34,14.71,13.8,147713.6,211119.10418,0.986244841815681,,0.0
2026-06-23,14.23,14.3,14.77,14.17,90881.27,133285.30262,0.9862068965517242,,0.0
2026-06-24,14.4,14.42,14.54,13.86,112368.88,161793.39341,0.9863201094391244,,0.0
2026-06-25,14.37,14.14,14.46,14.0,95649.16,137572.08427,0.9860529986053,,0.0
2026-06-26,14.1,13.6,14.13,13.58,101278.99,141666.9942,0.9855072463768116,,0.0
2026-06-29,13.61,13.83,14.2,13.6,131002.9,185243.08024,0.985744832501782,,0.0
2026-06-30,13.83,14.510000000000002,14.59,13.7,135889.37,196893.62943,0.9864038069340584,,0.0
2026-07-01,14.7,15.67,15.86,14.62,212966.31,331968.56328,0.9873976055450536,,0.0
2026-07-02,15.67,15.4,15.900000000000002,15.35,152592.65,242274.51837,0.9871794871794872,,0.0
2026-07-03,15.62,15.66,15.94,15.24,161103.85,254439.06945,0.9873896595208072,,0.0
2026-07-06,15.64,15.41,15.96,15.38,126256.19,199558.77307,0.9871877001921844,,0.0
2026-07-07,15.35,14.9,15.6,14.85,99490.13,152468.13115,0.9867549668874172,,0.0
2026-07-08,14.86,14.48,14.91,14.4,91800.56,133582.22103,1.0,,0.0
2026-07-09,14.46,14.58,14.63,14.01,85864.75,123171.2725,1.0,,0.0
2026-07-10,14.5,14.79,15.09,14.46,111364.0,164607.07042,1.0,,0.0
2026-07-13,14.68,13.86,14.73,13.86,111223.42,157450.0917,1.0,,0.0
2026-07-14,13.85,13.73,13.97,13.44,90087.23,123310.78596,1.0,,0.0
2026-07-15,13.76,13.81,14.03,13.6,64657.62,89230.97137,1.0,,0.0
2026-07-16,13.66,13.97,14.14,13.6,80198.01,111613.29585,1.0,,0.0
2026-07-17,13.96,13.19,14.05,13.14,92935.28,126180.79694,1.0,,0.0
2026-07-20,13.25,13.17,13.48,12.87,91208.01,120228.51812,1.0,,0.0
2026-07-21,13.16,13.45,13.56,12.97,100966.75,134375.9329,1.0,,0.0
2026-07-22,13.38,12.88,13.41,12.83,114197.8,148567.18176,1.0,,0.0
2026-07-23,12.86,13.11,13.17,12.8,72830.53,94862.53746,1.0,,0.0
2026-07-24,13.0,12.67,13.05,12.67,65812.53,84331.72535,1.0,,0.0
2026-07-27,12.61,12.9,12.91,12.61,59398.33,76301.83374,1.0,,0.0
2026-07-28,12.82,12.95,13.1,12.75,55564.18,71889.01632,1.0,,0.0
2026-07-29,12.94,13.31,13.33,12.82,93910.01,123039.54429,1.0,,0.0
2026-07-30,13.2,13.12,13.45,12.98,84044.37,111099.10378,1.0,,0.0
2026-07-31,13.38,13.4,13.62,13.32,79024.31,106452.00279,1.0,,0.0
2026-08-03,13.49,13.69,13.75,13.41,70387.55,95873.16541,1.0,,0.0
2026-08-04,13.75,13.79,13.87,13.64,60317.21,83019.82578,1.0,,0.0
2026-08-05,13.91,13.9,13.99,13.77,76425.42,106239.47244,1.0,,0.0
2026-08-06,13.8,13.84,14.0,13.69,70839.92,98087.94028,1.0,,0.0
2026-08-07,13.85,13.82,13.85,13.58,66867.04,91832.06572,1.0,,0.0
2026-08-10,13.85,14.04,14.09,13.64,72093.77,99996.55643,1.0,,0.0
2026-08-11,14.18,13.94,14.35,13.88,65313.0,91746.177,1.0,,0.0
2026-08-12,13.95,13.97,14.05,13.87,50187.29,70187.24551,1.0,0.9655,0.0
2026-08-13,14.01,13.76,14.06,13.76,53259.0,74072.044,1.0,1.02,0.0
2026-08-14,13.78,13.8,13.9,13.71,49253.0,68010.047,1.0,0.95,0.0
2026-08-17,13.8,14.05,14.05,13.65,62887.55,87149.61106,1.0,0.0,0.0
2026-08-18,14.0,14.0,14.06,13.82,65317.0,91011.108,1.0,0.0,0.0
2026-08-19,13.9,13.07,13.95,13.03,99502.1,132921.80644,1.0,0.0,0.0
2026-08-20,13.29,13.26,13.38,13.08,57985.67,76731.40775,1.0,1.1158,1.1158
2026-08-21,13.13,13.15,13.25,12.93,46019.12,60445.31294,1.0,0.8855,0.8855
2026-08-24,13.19,12.86,13.26,12.77,53619.54,69391.88434,1.0,1.0318,1.0318
2026-08-25,12.85,13.18,13.22,12.78,52397.56,68310.15964,1.0,1.0083,1.0083
2026-08-26,13.24,13.23,13.47,13.12,52910.56,70417.0104,1.0,1.0181,1.0181
2026-08-27,13.22,13.37,13.37,13.11,46578.3,61762.88577,1.0,0.8963,0.8963
2026-08-28,13.37,13.44,13.54,13.33,37886.3,50963.8238,1.0,0.729,0.729
2026-08-31,13.32,13.56,13.6,13.26,49569.77,66644.7956,1.0,0.9538,0.9538
2026-09-01,13.56,13.45,13.56,13.34,47677.0,64119.207,1.0,0.9174,0.9174
2026-09-02,13.38,13.35,13.4,13.2,41977.11,55916.19974,1.0,0.8077,0.8077
2026-09-03,13.35,13.24,13.45,13.22,32752.04,43628.3872,1.0,0.6302,0.6302
2026-09-04,13.36,13.5,13.85,13.3,105486.26,144100.21918,1.0,2.0298,2.0298
2026-09-07,13.51,14.29,14.47,13.5,201777.42,285522.76408,1.0,3.8827,3.8827
2026-09-08,14.29,14.03,14.32,14.0,103012.01,145058.31896,1.0,1.9822,1.9822
2026-09-09,14.05,13.93,14.13,13.83,72787.0,101598.477,1.0,1.4006,1.4006
2026-09-10,13.85,13.75,13.98,13.67,52733.64,72672.95794,1.0,1.0147,1.0147
2026-09-11,13.65,13.39,13.68,13.25,80401.0,107734.24249,1.0,1.5471,1.5471
2026-09-14,13.32,13.26,13.5,13.22,53266.92,71025.03434,1.0,1.025,1.025
2026-09-15,13.21,13.1,13.3,13.08,43013.61,56655.76108,1.0,0.8277,0.8277
2026-09-16,13.07,13.26,13.33,12.97,45744.0,60253.85,1.0,0.8802,0.8802
