date,open,close,high,low,volume,money,factor,turnover,turnover_free
2021-05-10,12.020006,11.560006,12.090006,11.410006,145268.0,178499.992,0.9483187858900738,,0.0
2021-05-11,11.690006,11.850006,12.090006,11.210006,177534.0,218104.222,0.9495197115384616,,0.0
2021-05-12,11.760006,12.380006,12.630006,11.680006,143213.0,183962.282,0.9515761721752498,,0.0
2021-05-13,12.360006,11.790006,12.360006,11.510006,144674.86,180672.618,0.949275845410628,,0.0
2021-05-14,11.830006,11.880006,12.500006,11.790006,186506.29,237347.429,0.9496407673860912,,0.0
2021-05-17,11.580006,11.470006,12.070006,11.450006,147912.0,180405.0,0.9479343801652892,,0.0
2021-05-18,11.650006,11.500006,11.650006,11.340006,79450.03,96222.756,0.9480631492168178,,0.0
2021-05-19,11.420006,11.570006,11.800006,11.220006,104278.59,126339.818,0.9483611475409836,,0.0
2021-05-20,11.670006,12.210006,12.670006,11.520006,252013.03,323129.326,0.950935046728972,,0.0
2021-05-21,12.440006,12.400006,12.890006,12.280006,239690.9,316453.095,0.9516504988488104,,0.0
2021-05-24,12.170006,13.160006,13.480006,12.100006,252826.0,342396.173,0.9543151559100798,,0.0
2021-05-25,13.170006,13.060006,13.180006,12.570006,153072.0,207002.627,0.953981446311176,,0.0
2021-05-26,13.060006,12.640006,13.220006,12.580006,144862.12,194355.359,0.9525249434815372,,0.0
2021-05-27,12.710006,12.780006,13.290006,12.710006,126837.78,172009.27,0.953020581655481,,0.0
2021-05-28,13.120006,12.910006,13.440006,12.880006,157481.4,216995.726,0.9534716395864108,,0.0
2021-05-31,12.770006,12.960006,13.160006,12.670006,133152.54,180319.948,0.953642825607064,,0.0
2021-06-01,12.920006,12.300006,12.990006,12.240006,209445.62,273990.336,0.95127656612529,,0.0
2021-06-02,12.350006,11.770006,12.350006,11.750006,151485.16,190465.399,0.9491940322580644,,0.0
2021-06-03,11.860006,11.690006,12.000006,11.670006,92893.0,115443.674,0.9488641233766234,,0.0
2021-06-04,11.650006,11.720006,11.940006,11.570006,87034.91,107552.899,0.9489883400809715,,0.0
2021-06-07,11.690006,11.750006,11.810006,11.480006,78499.05,96404.376,0.9491119547657512,,0.0
2021-06-08,11.750006,11.880006,12.120006,11.710006,88946.08,111692.522,0.9496407673860912,,0.0
2021-06-09,11.790006,11.670006,11.920006,11.580006,73428.82,90635.008,0.948780975609756,,0.0
2021-06-10,11.590006,11.580006,11.790006,11.550006,57279.2,70227.707,0.9484034398034398,,0.0
2021-06-11,11.660006,11.690006,11.890006,11.600006,86998.33,107863.652,0.9488641233766234,,0.0
2021-06-15,11.770006,11.020006,11.770006,10.780006,142722.01,167624.353,0.9459232618025752,,0.0
2021-06-16,10.950006,10.700006,11.050006,10.600006,87175.05,99380.69,0.9443959399823476,,0.0
2021-06-17,10.710006,10.680006,10.920006,10.580006,85298.47,95980.406,0.952721320249777,,0.0
2021-06-18,10.680006,10.890006,11.080006,10.670006,78406.61,89519.112,0.9535907180385288,,0.0
2021-06-21,10.920006,10.990006,11.230006,10.830006,80415.92,93072.37,0.9539935763888888,,0.0
2021-06-22,10.990006,11.180006,11.400006,10.930006,81998.0,95906.555,0.954740051238258,,0.0
2021-06-23,11.250006,11.010006,11.290006,10.980006,76505.62,88872.331,0.9540733102253032,,0.0
2021-06-24,11.030006,10.960006,11.050006,10.790006,54798.0,62733.24,0.953873455178416,,0.0
2021-06-25,10.990006,11.080006,11.200006,10.680006,65195.77,74972.134,0.9543502153316108,,0.0
2021-06-28,11.090006,11.690006,11.940006,11.090006,156327.5,189818.044,0.956628968903437,,0.0
2021-06-29,11.590006,12.330006,12.650006,11.520006,272613.4,347826.355,0.958787402799378,,0.0
2021-06-30,12.340006,13.130006,13.150006,12.180006,275364.19,365395.218,0.9612010248901904,,0.0
2021-07-01,13.210006,12.680006,13.280006,12.660006,210756.41,284309.408,0.9598793338380016,,0.0
2021-07-02,12.790006,13.200006,13.420006,12.700006,216263.31,294970.394,0.9613988346686088,,0.0
2021-07-05,13.370006,13.340006,13.600006,13.020006,189516.25,261380.418,0.9617884643114636,,0.0
2021-07-06,13.260006,13.290006,13.630006,13.020006,167764.7,231558.095,0.9616502170767004,,0.0
2021-07-07,13.200006,13.270006,13.430006,13.010006,180359.21,248606.024,0.9615946376811594,,0.0
2021-07-08,13.350006,13.540006,14.010006,13.300006,242170.0,343074.947,0.9623316275764036,,0.0
2021-07-09,13.090006,14.000006,14.320006,13.010006,261939.01,373982.427,0.963524156916724,,0.0
2021-07-12,13.470006,13.180006,13.720006,12.910006,396885.45,549725.326,0.9613425237053246,,0.0
2021-07-13,13.000006,13.560006,14.030006,13.000006,352936.66,498060.633,0.9623850958126332,,0.0
2021-07-14,13.360006,12.940006,13.460006,12.670006,260878.57,353443.959,0.9606537490720118,,0.0
2021-07-15,12.970006,13.470006,13.650006,12.730006,237255.56,326317.281,0.9621432857142856,,0.0
2021-07-16,13.580006,13.570006,13.930006,13.380006,179312.91,253738.479,0.9624117730496452,,0.0
2021-07-19,13.420006,13.020006,13.770006,12.940006,165456.34,228265.478,0.9608860516605164,,0.0
2021-07-20,12.950006,13.190006,13.310006,12.830006,113136.0,153452.626,0.9613706997084548,,0.0
2021-07-21,13.080006,13.110006,13.270006,12.960006,131062.17,179049.416,0.9611441348973608,,0.0
2021-07-22,13.060006,13.250006,13.720006,12.990006,147493.98,204535.604,0.9615388969521044,,0.0
2021-07-23,13.090006,12.320006,13.160006,12.070006,250127.55,326408.018,0.9587553307392996,,0.0
2021-07-26,12.160006,12.080006,12.480006,11.930006,136336.62,173168.545,0.957970340999207,,0.0
2021-07-27,12.080006,11.490006,12.150006,11.430006,143466.6,176561.961,0.9559073211314476,,0.0
2021-07-28,11.500006,10.850006,11.540006,10.810006,152935.0,176899.149,0.9534275922671352,,0.0
2021-07-29,11.130006,11.560006,11.640006,11.070006,134085.0,159890.724,0.9561626137303556,,0.0
2021-07-30,11.700006,11.810006,11.850006,11.360006,108601.61,131866.838,0.9570507293354944,,0.0
2021-08-02,11.970006,12.180006,12.800006,11.960006,167673.94,215870.052,0.9583010228166796,,0.0
2021-08-03,12.140006,12.030006,12.660006,12.010006,161476.17,207386.036,0.957803025477707,,0.0
2021-08-04,11.990006,12.530006,12.620006,11.980006,183423.99,237795.653,0.9594185298621746,,0.0
2021-08-05,12.620006,12.850006,13.080006,12.270006,240805.83,319501.641,0.9603890881913304,,0.0
2021-08-06,12.770006,12.900006,13.020006,12.570006,165696.7,220558.367,0.960536559940432,,0.0
2021-08-09,13.070006,14.240006,14.240006,12.840006,449937.75,637925.471,0.9641168584969532,,0.0
2021-08-10,14.070006,14.420006,14.600006,13.900006,349972.96,517812.994,0.9645488963210702,,0.0
2021-08-11,14.370006,14.850006,14.850006,14.070006,250510.79,378276.579,0.9655400520156048,,0.0
2021-08-12,14.760006,14.520006,15.210006,14.370006,272038.99,413029.487,0.9647844518272424,,0.0
2021-08-13,14.410006,14.570006,14.900006,14.410006,186611.65,282404.901,0.9649010596026488,,0.0
2021-08-16,14.270006,13.620006,14.300006,13.550006,268257.11,385521.526,0.962544593639576,,0.0
2021-08-17,13.980006,12.900006,14.120006,12.820006,242856.74,337028.233,0.960536559940432,,0.0
2021-08-18,13.040006,12.250006,13.040006,12.110006,280475.12,364565.438,0.958529420970266,,0.0
2021-08-19,12.430006,12.250006,12.530006,11.900006,208206.36,265683.2,0.958529420970266,,0.0
2021-08-20,12.250006,12.610006,12.650006,11.850006,201852.89,261484.385,0.959665601217656,,0.0
2021-08-23,13.070006,13.920006,13.920006,12.950006,288689.83,404831.272,0.963322214532872,,0.0
2021-08-24,14.500006,13.720006,14.800006,13.620006,414351.87,604378.21,0.9628074385964912,,0.0
2021-08-25,13.800006,14.280006,14.390006,13.470006,356978.74,519418.958,0.9642137744767048,,0.0
2021-08-26,14.480006,14.290006,14.600006,13.920006,382336.49,566297.842,0.9642379217273954,,0.0
2021-08-27,14.220006,14.430006,14.850006,14.070006,336698.71,505280.287,0.9645725935828876,,0.0
2021-08-30,14.170006,14.470006,14.720006,13.970006,339122.52,504315.954,0.9646670666666668,,0.0
2021-08-31,14.370006,14.450006,14.470006,13.770006,319983.69,468290.465,0.9646198931909212,,0.0
2021-09-01,14.620006,14.200006,14.660006,14.120006,273874.82,407612.115,0.9640194161575016,,0.0
2021-09-02,14.250006,15.360006,15.520006,14.150006,402729.78,628259.335,0.9666460667086216,,0.0
2021-09-03,15.200006,14.620006,15.590006,14.290006,343475.32,529924.512,0.965016897689769,,0.0
2021-09-06,14.690006,14.320006,14.690006,13.580006,247418.7,361545.349,0.9643101683501684,,0.0
2021-09-07,14.200006,14.410006,14.650006,14.020006,179955.34,267657.395,0.9645251673360108,,0.0
2021-09-08,14.270006,15.440006,15.770006,14.180006,419634.11,662541.402,0.9668131496556044,,0.0
2021-09-09,15.670006,14.720006,15.730006,14.500006,292819.53,451704.101,0.9652462950819672,,0.0
2021-09-10,14.750006,14.780006,15.550005999999998,14.580006,219947.08,342886.422,0.965382495101241,,0.0
2021-09-13,14.780006,14.820006,14.930006,14.250006,188602.67,284919.263,0.965472703583062,,0.0
2021-09-14,14.830006,15.600006,15.950006,14.370006,359873.76,573109.011,0.9671423434593924,,0.0
2021-09-15,15.770006,15.440006,15.860006,15.270006,245064.39,392703.185,0.9668131496556044,,0.0
2021-09-16,15.320006,13.840006,15.470006,13.840006,417692.0,624775.359,0.9631180236604036,,0.0
2021-09-17,13.450006,13.580006,13.970006,13.290006,212873.41,299675.455,0.9624384124734232,,0.0
2021-09-22,13.320006,13.830006,13.840006,13.280006,130207.62,183427.835,0.963092339832869,,0.0
2021-09-23,13.980006,13.930006,14.410006,13.750006,149628.69,218522.374,0.9633475795297372,,0.0
2021-09-24,13.900006,13.500006,13.910006,13.340006,119654.24,168714.22,0.962224233784747,,0.0
2021-09-27,13.530006,12.810006,13.570006,12.600006,144307.73,194743.485,0.9602703148425789,,0.0
2021-09-28,12.870006,13.060006,13.220006,12.850006,74066.68,100585.054,0.9610011773362768,,0.0
2021-09-29,12.970006,13.220006,13.490006,12.820006,116229.81,159414.349,0.9614549818181818,,0.0
2021-09-30,13.270006,13.390006,13.600006,13.270006,95756.95,133759.692,0.9619257183908044,,0.0
2021-10-08,13.800006,13.350006,13.810006,13.270006,84461.43,118235.959,0.9618159942363111,,0.0
2021-10-11,13.300006,12.450006,13.350006,12.390006,142424.0,188389.307,0.9591684129429892,,0.0
2021-10-12,12.470006,12.180006,12.580006,11.820006,98619.0,124404.407,0.9583010228166796,,0.0
2021-10-13,12.240006,12.960006,13.030006,12.200006,154307.44,204370.567,0.9607120830244624,,0.0
2021-10-14,13.130006,13.450006,13.710006,12.790006,177883.89,246753.31,0.9620891273247496,,0.0
2021-10-15,13.320006,13.250006,13.420006,12.880006,128147.3,175069.533,0.9615388969521044,,0.0
2021-10-18,13.200006,13.440006,13.650006,13.150006,110905.0,155262.964,0.9620619899785254,,0.0
2021-10-19,13.560006,13.950006,14.200006,13.370006,175008.35,251579.3,0.9633982044198894,,0.0
2021-10-20,13.770006,14.090006,14.290006,13.650006,173905.01,253150.058,0.9637487004103968,,0.0
2021-10-21,13.880006,13.880006,14.220006,13.780006,144618.01,209481.513,0.9632204024982652,,0.0
2021-10-22,13.770006,13.450006,13.850006,13.350006,126290.86,178083.139,0.9620891273247496,,0.0
2021-10-25,13.360006,13.630006,13.750006,13.280006,94921.0,134196.888,0.96257104519774,,0.0
2021-10-26,13.820006,14.050006,14.170006,13.620006,205171.0,297335.267,0.963649245541838,,0.0
2021-10-27,14.050006,13.720006,14.110006,13.500006,131932.0,187998.281,0.9628074385964912,,0.0
2021-10-28,13.690006,13.230006,13.730006,12.600006,181946.6,247888.589,0.9614829941860464,,0.0
2021-10-29,13.970006,13.880006,14.470006,13.460006,306016.39,440854.571,0.9632204024982652,,0.0
2021-11-01,13.550006,14.260006,14.470006,13.170006,344760.85,502874.787,0.9641653820148748,,0.0
2021-11-02,14.250006,13.870006,14.390006,13.630006,212018.52,308254.769,0.9631948611111112,,0.0
2021-11-03,13.710006,13.360006,13.920006,13.130006,203620.44,283099.528,0.9618434845212382,,0.0
2021-11-04,13.390006,14.750006,14.750006,13.390006,340806.36,504965.251,0.9653145287958116,,0.0
2021-11-05,14.780006,14.420006,14.950006,14.230006,323673.33,485511.315,0.9645488963210702,,0.0
2021-11-08,14.500006,14.640006,14.710006,14.270006,216840.64,326266.499,0.9650630191166776,,0.0
2021-11-09,14.420006,14.870006,14.880006,14.170006,235135.03,355613.43,0.9655848051948052,,0.0
2021-11-10,14.930006,15.020006,15.090006,14.470006,224169.98,344559.354,0.9659167845659165,,0.0
2021-11-11,15.020006,14.750006,15.030006,14.580006,171293.86,261708.279,0.9653145287958116,,0.0
2021-11-12,14.680006,15.120006,15.210006,14.610006,220825.18,342206.718,0.9661345686900958,,0.0
2021-11-15,15.510006,16.690006,16.690006,15.510006,306478.92,519487.292,0.9692221835075494,,0.0
2021-11-16,16.630006,17.710006,18.410006000000003,16.380006,740987.26,1335361.003,0.9709433114035088,,0.0
2021-11-17,17.710006,19.530006,19.530006,17.710006,823242.86,1627278.906,0.973579561316052,,0.0
2021-11-18,19.470006,18.370006,19.470006,18.080006,678829.01,1299194.146,0.9719579894179896,,0.0
2021-11-19,18.300006,18.370006,18.940006,18.000006000000003,426569.63,809920.962,0.9719579894179896,,0.0
2021-11-22,18.390006000000003,19.820006000000003,20.260006,18.070006000000003,545974.64,1089970.946,0.9739560687960688,,0.0
2021-11-23,19.730006000000003,18.930006,20.670006,18.880006,465033.81,934114.57,0.9727649537512848,,0.0
2021-11-24,18.930006,18.630006,19.330006,18.500006000000003,317524.7,613737.497,0.9723385177453028,,0.0
2021-11-25,18.790006,18.620006,19.450006,18.280006,336558.46,646543.028,0.9723240731070496,,0.0
2021-11-26,19.070006000000003,19.870006,20.250006000000003,18.820006000000003,420849.39,843893.824,0.9740199019607844,,0.0
2021-11-29,19.250006000000003,21.910006000000003,21.910006000000003,19.100006,563917.01,1215861.242,0.9763817290552586,,0.0
2021-11-30,21.660006000000003,22.220006,22.820006000000003,20.930006,478081.13,1073383.622,0.9767035604395604,,0.0
2021-12-01,22.070006000000003,20.890006000000003,22.310006,20.770006,352553.55,766429.687,0.9752570494864612,,0.0
2021-12-02,20.860006,20.070006000000003,20.890006000000003,19.920006,278041.4,578967.534,0.9742721359223302,,0.0
2021-12-03,19.910006000000003,21.260006,21.670006,19.580006,388982.43,827566.378,0.9756771913721892,,0.0
2021-12-06,20.920006,19.980006000000003,20.950006,19.840006,270470.33,564725.644,0.9741592393954168,,0.0
2021-12-07,19.910006000000003,19.330006,20.220006,18.830006,273097.0,542797.794,0.9733134944612288,,0.0
2021-12-08,19.750006000000003,20.030006,20.410006000000003,19.450006,208088.72,427131.765,0.9742220817120624,,0.0
2021-12-09,20.110006,19.590006,20.390006000000003,19.550006,190307.97,389282.337,0.9736583499005964,,0.0
2021-12-10,20.740006,20.080006,21.600006,19.990006,498670.06,1066149.933,0.9742846191169336,,0.0
2021-12-13,20.060006,19.400006,20.160006000000003,19.080006,355177.07,709717.035,0.97340722528851,,0.0
2021-12-14,19.070006000000003,19.340006,20.470006,19.030006,335190.38,681945.62,0.973326925012582,,0.0
2021-12-15,19.860006,20.090006,20.800006,19.220006,311088.74,637799.079,0.9742970902036858,,0.0
2021-12-16,20.090006,20.120006,20.960006,19.700006,285392.55,595979.755,0.9743344309927362,,0.0
2021-12-17,20.040006,19.370006,20.700006,19.320006000000003,303881.02,617349.293,0.973367135678392,,0.0
2021-12-20,19.270006,17.550006,19.510006,17.380006,388422.72,719658.66,0.9706861725663718,,0.0
2021-12-21,17.510006,17.630006,18.120006,17.200006000000002,195540.6,353086.432,0.970815308370044,,0.0
2021-12-22,17.800006,17.730006000000003,17.870006,17.370006,152176.41,276344.836,0.9709751369112816,,0.0
2021-12-23,17.670006,17.850006,17.900006,17.440006,155572.0,283871.861,0.9711646354733406,,0.0
2021-12-24,17.860006000000002,16.940006,17.940006,16.860006000000002,208484.55,370473.234,0.9696626216370924,,0.0
2021-12-27,17.070006000000003,17.220006,17.500006000000003,16.850006,122610.94,217393.297,0.9701411830985917,,0.0
2021-12-28,17.200006000000002,17.670006,18.030006,17.090006000000002,164073.9,298986.024,0.9708794505494508,,0.0
2021-12-29,17.570006000000003,17.430006000000002,17.840006000000002,17.230006000000003,103474.78,186541.7,0.970490311804009,,0.0
2021-12-30,17.430006000000002,17.270006000000002,17.650006,17.200006000000002,128556.0,230953.047,0.9702250561797754,,0.0
2021-12-31,17.390006000000003,17.880006,18.460006,17.390006000000003,227805.01,421590.623,0.9712116241173276,,0.0
2022-01-04,17.970006,17.530006,18.640006000000003,17.420006,210388.0,386682.937,0.9706537098560356,,0.0
2022-01-05,17.460006,16.270006000000002,17.460006,16.190006,224456.34,382461.736,0.968452738095238,,0.0
2022-01-06,16.340006000000002,16.950006000000002,17.050006,16.150006,165057.55,283217.91,0.9696799771167048,,0.0
2022-01-07,16.870006,16.800006,17.250006000000003,16.600006,129550.96,226362.537,0.9694175418349684,,0.0
2022-01-10,16.780006,16.870006,16.980006000000003,16.240006,120937.12,207784.907,0.9695405747126438,,0.0
2022-01-11,16.580006,16.470006,16.870006,16.300006,94625.69,161564.056,0.9688238823529411,,0.0
2022-01-12,16.420006,17.000006000000003,17.160006000000003,16.370006,122057.35,211295.11,0.9697664575014262,,0.0
2022-01-13,16.970006,17.330006,17.540006,16.690006,181790.01,322045.372,0.9703250839865624,,0.0
2022-01-14,17.160006000000003,17.520006000000002,17.650006,16.960006,169231.96,302946.55,0.9706374515235456,,0.0
2022-01-17,18.470006,19.330006,19.330006,17.990006,481607.81,932090.269,0.9733134944612288,,0.0
2022-01-18,19.360006,19.660006000000003,19.770006,18.450006,450947.38,882978.538,0.9737496780584448,,0.0
2022-01-19,20.020006,20.640006000000003,21.440006,19.190006,496631.53,1038908.991,0.9749648559282004,,0.0
2022-01-20,20.040006,18.990006,20.680006,18.830006,333182.85,670185.136,0.9728486680327868,,0.0
2022-01-21,18.990006,18.990006,19.450006,18.500006000000003,187525.87,366832.434,0.9728486680327868,,0.0
2022-01-24,19.470006,19.540006,20.150006,19.030006,237538.4,478692.196,0.9735927254608868,,0.0
2022-01-25,19.170006,18.870006,19.550006,18.370006,231987.63,452822.883,0.9726807216494846,,0.0
2022-01-26,18.920006,18.330006,19.240006,18.190006,179303.6,343018.235,0.9718985153764582,,0.0
2022-01-27,18.370006,17.160006000000003,18.440006,16.970006,200234.59,361604.236,0.97003990955342,,0.0
2022-01-28,17.670006,16.540006,17.720006,16.450006000000002,140458.75,245359.792,0.9689517281780904,,0.0
2022-02-07,16.710006,16.490006,17.160006000000003,16.280006,118845.19,204256.971,0.968860517038778,,0.0
2022-02-08,16.330006,15.850006,16.390006000000003,15.450006,170339.43,277798.969,0.967643833943834,,0.0
2022-02-09,15.870005999999998,16.540006,16.740006,15.590006,148957.4,249332.86,0.9689517281780904,,0.0
2022-02-10,16.450006000000002,16.110006000000002,16.540006,15.970006,111349.22,186357.641,0.9681493990384616,,0.0
2022-02-11,15.890006,15.240006,16.020006000000002,15.210006,175443.25,282081.45,0.9663922637920102,,0.0
2022-02-14,15.220006,14.920006,15.480006,14.650006,120383.04,186802.297,0.9656961812297734,,0.0
2022-02-15,14.980006,15.250006,15.250006,14.710006,113342.04,176129.578,0.9664135614702154,,0.0
2022-02-16,15.670006,15.550005999999998,15.800005999999998,15.290006,147455.46,237581.498,0.9670401741293532,,0.0
2022-02-17,15.440006,15.680006,15.890006,15.280006,148854.0,240674.853,0.9673045033929673,,0.0
2022-02-18,15.350006,15.520006,15.560006,15.310006,80475.79,128557.212,0.9669785669781932,,0.0
2022-02-21,15.390006,15.470006,15.620005999999998,15.180006,94481.77,150426.866,0.966875375,,0.0
2022-02-22,15.220006,15.200006,15.310006,14.800006,113366.5,177090.416,0.9663068022886204,,0.0
2022-02-23,15.080006,15.850006,16.000006000000003,15.080006,143578.0,232941.347,0.967643833943834,,0.0
2022-02-24,15.670006,15.360006,16.380006,15.080006,186245.34,301891.469,0.9666460667086216,,0.0
2022-02-25,15.520006,15.590006,15.920006,15.390006,112143.0,180978.663,0.9671219602977668,,0.0
2022-02-28,15.470006,15.610006,15.620005999999998,15.040006,101888.0,161892.272,0.9671627013630733,,0.0
2022-03-01,15.650006,15.820006,15.870005999999998,15.510006,97547.95,158255.805,0.9675844648318044,,0.0
2022-03-02,15.590006,15.530005999999998,15.590006,15.380006,80862.34,129539.424,0.9669991282689911,,0.0
2022-03-03,15.580006,15.110006,15.650006,15.070006,105423.0,166535.669,0.966112915601023,,0.0
2022-03-04,14.940006,14.960006,15.310006,14.850006,77416.33,120571.656,0.965784764364106,,0.0
2022-03-07,14.920006,14.270006,14.920006,14.220006,103852.61,155152.391,0.9641895945945944,,0.0
2022-03-08,14.200006,13.570006,14.410006,13.570006,98106.4,141573.402,0.9624117730496452,,0.0
2022-03-09,13.600006,13.560006,13.820006,12.820006,97825.4,136486.501,0.9623850958126332,,0.0
2022-03-10,13.870006,13.760006,13.980006,13.650006,85008.0,121881.135,0.9629115465360392,,0.0
2022-03-11,13.420006,13.620006,13.700006,13.160006,79034.12,110070.369,0.962544593639576,,0.0
2022-03-14,13.470006,12.930006,13.470006,12.920006,72756.0,99872.302,0.9606245170876672,,0.0
2022-03-15,12.860006,12.210006,13.010006,12.110006,128148.22,167917.266,0.9583992150706436,,0.0
2022-03-16,12.470006,12.600006,12.760006,11.750006,119631.17,153096.664,0.9596348819497336,,0.0
2022-03-17,12.870006,13.040006,13.410006,12.870006,121808.0,166599.641,0.9609436993367724,,0.0
2022-03-18,13.040006,13.200006,13.230006,12.900006,59108.0,80512.373,0.9613988346686088,,0.0
2022-03-21,13.370006,13.680006,13.920006,13.200006,126544.34,179418.156,0.9627027445460944,,0.0
2022-03-22,13.730006,13.370006,13.800006,13.270006,91051.0,126963.922,0.9618709352517986,,0.0
2022-03-23,13.610006,13.820006,14.010006,13.330006,112123.41,160333.584,0.9630666202090592,,0.0
2022-03-24,13.760006,13.490006,13.760006,13.370006,74221.43,104039.136,0.9621972895863052,,0.0
2022-03-25,13.480006,13.280006,13.620006,13.220006,56690.3,78899.591,0.9616224475018104,,0.0
2022-03-28,13.020006,13.120006,13.310006,12.890006,54297.6,73860.392,0.9611726007326008,,0.0
2022-03-29,13.270006,12.920006,13.380006,12.850006,47363.0,64477.173,0.9605952416356875,,0.0
2022-03-30,13.170006,13.400006,13.410006,12.970006,67740.0,93385.64,0.9619530509691312,,0.0
2022-03-31,13.350006,12.990006,13.350006,12.910006,61239.0,83301.626,0.9607992603550296,,0.0
2022-04-01,12.920006,12.850006,12.990006,12.600006,42540.6,56711.952,0.9603890881913304,,0.0
2022-04-06,12.850006,12.730006,12.860006,12.630006,43539.3,57822.05,0.9600306184012066,,0.0
2022-04-07,12.700006,12.110006,12.710006,12.070006,78987.6,101451.376,0.9580700949367088,,0.0
2022-04-08,12.330006,11.950006,12.340006,11.670006,69208.41,85995.508,0.957532532051282,,0.0
2022-04-11,11.820006,11.190006,11.970006,11.090006,90980.5,108420.252,0.9547786689419796,,0.0
2022-04-12,11.270006,11.500006,11.540006,10.920006,71306.0,83857.019,0.9559439733998336,,0.0
2022-04-13,11.330006,11.060006,11.420006,11.000006,69395.0,81189.733,0.9542714408973252,,0.0
2022-04-14,11.170006,11.180006,11.380006,11.030006,60895.04,71410.15,0.954740051238258,,0.0
2022-04-15,11.120006,10.870006,11.120006,10.710006,84611.0,96435.931,0.953509298245614,,0.0
2022-04-18,10.780006,10.990006,11.090006,10.560006,71626.48,81673.701,0.9539935763888888,,0.0
2022-04-19,11.170006,10.850006,11.440006,10.770006,99246.0,114986.38,0.9534275922671352,,0.0
2022-04-20,10.860006,10.470006,10.940006,10.420006,101743.0,113781.669,0.9518187272727272,,0.0
2022-04-21,10.420006,9.870006,10.470006,9.820006,92912.0,98992.951,0.9490390384615384,,0.0
2022-04-22,9.970006,9.670006,9.970006,9.490006,93186.0,95336.162,0.9480398039215686,,0.0
2022-04-25,9.430006,8.650006,9.460006,8.650006,107790.04,102516.286,0.9422664488017428,,0.0
2022-04-26,8.340005999999999,8.000005999999999,8.560006,7.960006,156686.97,138437.619,0.9378670574443142,,0.0
2022-04-27,7.810006,8.500005999999999,8.560006,7.770006,118823.0,103020.87,0.9413074197120708,,0.0
2022-04-28,8.420005999999999,8.180006,8.490006,7.970006,102591.0,89960.926,0.9391510907003444,,0.0
2022-04-29,8.350006,8.600006,8.670005999999999,8.240006,117266.0,105378.208,0.9419502738225628,,0.0
2022-05-05,8.620006,8.760005999999999,8.960006,8.520006,111915.22,104145.821,0.9429500538213132,,0.0
2022-05-06,8.550006,8.580006,8.710006,8.390006,97180.0,88553.423,0.9418228320526894,,0.0
2022-05-09,8.570006,8.620006,8.770006,8.530006,59910.0,54981.08,0.9420771584699452,,0.0
2022-05-10,8.530006,8.990006,9.270006,8.400006,162844.0,154006.544,0.9443283613445378,,0.0
2022-05-11,8.950006,9.190006,9.630006,8.910006,181470.0,179258.132,0.9454738683127571,,0.0
2022-05-12,9.180006,9.380006,9.650006,9.090006,132482.68,130483.648,0.9465192734611504,,0.0
2022-05-13,9.450006,9.410006,9.510006,9.270006,94914.0,94057.765,0.9466806841046276,,0.0
2022-05-16,9.490006,9.370006,9.540006,9.320006,77004.68,76654.667,0.9464652525252524,,0.0
2022-05-17,9.300006,9.710006,9.770006,9.240006,141495.77,142238.942,0.9482427734375,,0.0
2022-05-18,9.650006,9.590006,9.750006,9.570006,85864.13,87283.498,0.9476290513833991,,0.0
2022-05-19,9.370006,9.770006,9.770006,9.300006,84448.46,85591.431,0.9485442718446602,,0.0
2022-05-20,9.790006,10.080006,10.160006,9.680006,124053.88,129802.895,0.9500476908576814,,0.0
2022-05-23,10.110006,10.090006,10.130006,9.900006,83161.0,87717.291,0.9500947269303202,,0.0
2022-05-24,10.140006,9.530006,10.210006,9.490006,102764.0,106891.67,0.9473166998011928,,0.0
2022-05-25,9.530006,9.870006,10.050006,9.430006,114718.46,117359.32,0.9490390384615384,,0.0
2022-05-26,9.830006,9.670006,9.920006,9.570006,102686.26,105196.998,0.9480398039215686,,0.0
2022-05-27,9.780006,9.670006,9.920006,9.540006,80464.0,82667.497,0.9480398039215686,,0.0
2022-05-30,9.770006,9.780006,9.870006,9.550006,92014.0,94325.959,0.9485941804073714,,0.0
2022-05-31,9.830006,10.090006,10.180006,9.640006,153256.11,161280.482,0.9500947269303202,,0.0
2022-06-01,10.220006,10.210006,10.430006,10.100006,114695.87,123324.605,0.9506523277467412,,0.0
2022-06-02,10.140006,10.580006,10.710006,10.100006,145153.85,159950.527,0.9522957695769576,,0.0
2022-06-06,10.680006,10.600006,10.710006,10.480006,132806.0,147771.817,0.9523814914645105,,0.0
2022-06-07,10.600006,10.410006,10.610006,10.190006,119609.18,130412.868,0.951554478976234,,0.0
2022-06-08,10.380006,10.300006,10.560006,10.040006,114206.0,123432.996,0.9510624192059096,,0.0
2022-06-09,10.300006,9.850006,10.310006,9.770006,96774.89,101688.809,0.9489408477842004,,0.0
2022-06-10,9.990006,10.470006,10.540006,9.890006,150536.28,163573.338,0.9518187272727272,,0.0
2022-06-13,10.450006,11.570006,11.570006,10.370006,152449.71,178056.156,0.9561988429752066,,0.0
2022-06-14,11.620006,11.420006,11.630006,10.900006,362129.91,427201.935,0.9556490376569038,,0.0
2022-06-15,11.430006,11.590006,12.120006,11.170006,389821.33,475567.979,0.9562711221122112,,0.0
2022-06-16,11.430006,12.230006,12.280006,11.380006,326440.71,402309.217,0.958464420062696,,0.0
2022-06-17,11.92,12.409999999999998,12.72,11.82,309208.52,391960.819,0.9702892885066458,,0.0
2022-06-20,12.32,12.239999999999998,12.739999999999998,12.12,247555.81,316537.774,0.9698890649762282,,0.0
2022-06-21,12.239999999999998,11.92,12.72,11.909999999999998,262168.1,332205.066,0.9691056910569104,,0.0
2022-06-22,11.94,11.78,12.21,11.72,199070.13,245093.977,0.96875,,0.0
2022-06-23,11.739999999999998,12.37,12.39,11.52,244557.08,302797.924,0.9701960784313725,,0.0
2022-06-24,12.22,12.39,12.62,12.09,213672.89,271541.899,0.970242756460454,,0.0
2022-06-27,12.52,12.85,12.88,12.19,253552.56,327566.134,0.9712773998488284,,0.0
2022-06-28,12.73,12.68,13.08,12.51,251869.16,331670.715,0.9709035222052068,,0.0
2022-06-29,12.53,11.84,12.57,11.8,232770.08,291969.944,0.9689034369885432,,0.0
2022-06-30,11.95,11.84,12.14,11.82,117512.96,144685.643,0.9689034369885432,,0.0
2022-07-01,11.909999999999998,11.77,11.97,11.73,83660.62,102119.859,0.9687242798353908,,0.0
2022-07-04,11.68,11.87,11.909999999999998,11.27,107764.88,129966.13,0.9689795918367348,,0.0
2022-07-05,11.97,11.62,11.98,11.43,112743.01,135641.44,0.9683333333333332,,0.0
2022-07-06,11.55,11.44,11.7,11.27,82592.49,97967.033,0.9678510998307952,,0.0
2022-07-07,12.07,11.94,12.42,11.659999999999998,187816.0,231674.164,0.969155844155844,,0.0
2022-07-08,11.95,11.989999999999998,12.58,11.88,193390.33,244010.434,0.9692805173807598,,0.0
2022-07-11,11.78,11.52,11.84,11.38,122093.06,146039.821,0.9680672268907562,,0.0
2022-07-12,11.409999999999998,11.09,11.59,11.05,107239.4,124995.505,0.966870095902354,,0.0
2022-07-13,11.09,11.76,11.89,11.07,193404.04,232378.218,0.9686985172981878,,0.0
2022-07-14,11.8,12.159999999999998,12.22,11.62,155448.3,193291.898,0.9696969696969696,,0.0
2022-07-15,12.18,12.65,12.97,12.0,382765.79,497207.071,0.970836531082118,,0.0
2022-07-18,12.97,12.92,13.19,12.43,343650.25,455701.436,0.9714285714285714,,0.0
2022-07-19,12.8,13.05,13.1,12.63,215447.1,286147.746,0.971705137751303,,0.0
2022-07-20,13.08,13.0,13.21,12.84,179995.13,240803.63,0.9715994020926756,,0.0
2022-07-21,12.989999999999998,13.82,14.33,12.89,496833.92,691896.84,0.9732394366197182,,0.0
2022-07-22,13.53,13.34,13.68,13.17,267270.7,368925.998,0.9723032069970844,,0.0
2022-07-25,13.13,12.7,13.22,12.45,193913.25,255681.339,0.970948012232416,,0.0
2022-07-26,12.78,12.84,13.04,12.65,113801.5,150491.54,0.9712556732223904,,0.0
2022-07-27,12.73,13.27,13.27,12.53,164017.76,220713.424,0.972161172161172,,0.0
2022-07-28,13.62,13.52,14.12,13.37,312261.7,441133.197,0.9726618705035972,,0.0
2022-07-29,13.6,13.8,14.02,13.27,261291.8,369365.555,0.9732016925246826,,0.0
2022-08-01,13.64,13.78,13.97,13.47,204039.61,286901.698,0.9731638418079096,,0.0
2022-08-02,13.57,13.08,13.58,12.88,190976.1,259883.277,0.9717682020802376,,0.0
2022-08-03,13.23,12.65,13.47,12.56,192797.41,258868.652,0.970836531082118,,0.0
2022-08-04,12.73,12.81,13.04,12.52,127514.53,167754.374,0.9711902956785444,,0.0
2022-08-05,12.8,12.71,12.909999999999998,12.28,154326.92,199343.027,0.9709702062643238,,0.0
2022-08-08,12.62,13.07,13.15,12.37,145816.51,193644.148,0.9717472118959108,,0.0
2022-08-09,13.07,12.94,13.239999999999998,12.88,107522.33,144334.274,0.9714714714714714,,0.0
2022-08-10,12.83,12.84,12.92,12.67,103467.33,136198.219,0.9712556732223904,,0.0
2022-08-11,12.88,12.81,12.97,12.63,123759.76,162599.211,0.9711902956785444,,0.0
2022-08-12,12.8,12.82,13.34,12.71,138887.9,185688.653,0.9712121212121212,,0.0
2022-08-15,12.7,12.92,12.97,12.65,92716.9,122746.427,0.9714285714285714,,0.0
2022-08-16,12.95,13.44,13.44,12.9,197428.01,269546.936,0.9725036179450072,,0.0
2022-08-17,13.42,13.51,13.67,13.27,185586.84,257395.462,0.97264218862491,,0.0
2022-08-18,13.51,13.72,13.78,13.33,180888.32,253253.433,0.9730496453900708,,0.0
2022-08-19,13.72,13.15,13.739999999999998,13.12,181632.17,248399.18,0.9719142645971912,,0.0
2022-08-22,13.22,12.96,13.3,12.82,110401.37,147288.893,0.9715142428785608,,0.0
2022-08-23,12.92,14.29,14.29,12.85,285886.36,410151.417,0.9740967961826856,,0.0
2022-08-24,14.52,14.14,14.89,13.92,622108.83,915945.383,0.9738292011019284,,0.0
2022-08-25,13.989999999999998,13.38,14.1,13.0,344879.44,474582.766,0.9723837209302324,,0.0
2022-08-26,13.33,13.53,13.98,13.28,241071.89,337712.651,0.9726815240833931,,0.0
2022-08-29,12.989999999999998,13.13,13.3,12.82,153806.0,207362.285,0.9718726868985936,,0.0
2022-08-30,13.14,12.2,13.14,12.15,248320.0,319805.717,0.9697933227344993,,0.0
2022-08-31,12.03,11.32,12.05,11.32,177971.4,213079.813,0.9675213675213674,,0.0
2022-09-01,11.36,11.18,11.51,11.12,100579.0,117401.753,0.9671280276816608,,0.0
2022-09-02,11.15,11.26,11.33,10.9,71475.39,82558.831,0.9673539518900344,,0.0
2022-09-05,11.47,11.43,11.69,11.32,89242.6,106103.127,0.9678238780694326,,0.0
2022-09-06,11.44,11.81,11.84,11.27,106882.7,128075.39,0.9688269073010664,,0.0
2022-09-07,11.76,11.84,11.989999999999998,11.67,87120.0,106636.243,0.9689034369885432,,0.0
2022-09-08,11.85,11.38,11.86,11.32,128747.03,153124.017,0.967687074829932,,0.0
2022-09-09,11.37,11.31,11.38,11.14,64217.0,74678.121,0.9674935842600512,,0.0
2022-09-13,12.47,11.57,12.48,11.46,118351.03,143571.503,0.9682008368200836,,0.0
2022-09-14,11.32,11.39,11.47,11.1,68841.1,80535.817,0.967714528462192,,0.0
2022-09-15,11.33,10.77,11.42,10.62,133395.13,150047.93,0.9659192825112108,,0.0
2022-09-16,10.63,10.32,10.73,10.3,77129.07,83808.49,0.9644859813084112,,0.0
2022-09-19,10.3,10.37,10.55,10.13,48859.27,52550.857,0.9646511627906976,,0.0
2022-09-20,10.35,10.63,10.72,10.35,52641.0,57792.724,0.9654859218891916,,0.0
2022-09-21,10.63,10.6,10.659999999999998,10.32,45196.43,49354.029,0.965391621129326,,0.0
2022-09-22,10.48,10.81,11.01,10.44,92466.0,102873.146,0.9660411081322609,,0.0
2022-09-23,10.77,10.36,10.94,10.3,78817.14,86110.286,0.9646182495344506,,0.0
2022-09-26,10.17,10.25,10.46,10.14,52043.0,55482.079,0.9642521166509876,,0.0
2022-09-27,10.28,10.42,10.47,10.1,54102.4,57835.662,0.9648148148148148,,0.0
2022-09-28,10.35,9.94,10.43,9.94,55306.0,58014.845,0.9631782945736432,,0.0
2022-09-29,10.06,9.96,10.12,9.92,38353.98,39795.465,0.9632495164410058,,0.0
2022-09-30,9.92,9.76,10.01,9.659999999999998,45592.93,46494.262,0.9625246548323472,,0.0
2022-10-10,9.78,9.52,9.82,9.42,46148.71,46054.05,0.9616161616161616,,0.0
2022-10-11,9.52,9.81,9.82,9.5,53175.9,53595.279,0.9627085377821392,,0.0
2022-10-12,9.82,10.39,10.43,9.77,72018.4,75353.93,0.9647168059424326,,0.0
2022-10-13,10.32,10.38,10.55,10.28,63924.0,69270.797,0.9646840148698884,,0.0
2022-10-14,10.46,10.55,10.62,10.39,64727.0,70564.372,0.9652333028362304,,0.0
2022-10-17,10.55,10.92,10.989999999999998,10.489999999999998,99694.3,111359.478,0.9663716814159292,,0.0
2022-10-18,11.0,10.96,11.09,10.81,92322.71,104629.89,0.9664902998236332,,0.0
2022-10-19,10.92,11.08,11.37,10.88,115434.0,133448.328,0.9668411867364748,,0.0
2022-10-20,10.989999999999998,10.85,11.11,10.78,75093.1,84738.151,0.9661620658949244,,0.0
2022-10-21,10.85,10.9,11.09,10.83,51981.0,58895.335,0.9663120567375886,,0.0
2022-10-24,10.909999999999998,10.84,11.17,10.77,68210.57,77732.945,0.9661319073083778,,0.0
2022-10-25,10.64,10.81,10.96,10.33,93898.47,104038.129,0.9660411081322609,,0.0
2022-10-26,10.83,10.92,11.04,10.65,107150.7,120257.69,0.9663716814159292,,0.0
2022-10-27,10.78,10.56,11.08,10.54,78723.0,87943.922,0.9652650822669104,,0.0
2022-10-28,10.57,9.96,10.67,9.96,82747.74,87887.89,0.9632495164410058,,0.0
2022-10-31,10.02,10.34,10.43,10.02,82040.0,87587.197,0.96455223880597,,0.0
2022-11-01,10.42,10.64,10.739999999999998,10.36,84265.3,92625.175,0.9655172413793104,,0.0
2022-11-02,10.68,10.62,10.73,10.5,82654.62,90741.737,0.9654545454545452,,0.0
2022-11-03,10.5,10.659999999999998,10.75,10.42,60944.48,67146.898,0.9655797101449276,,0.0
2022-11-04,10.62,11.02,11.02,10.62,126479.26,142505.722,0.9666666666666666,,0.0
2022-11-07,11.0,10.93,11.11,10.87,81063.0,91971.046,0.9664014146772768,,0.0
2022-11-08,10.96,10.81,10.96,10.69,58340.0,65054.4,0.9660411081322609,,0.0
2022-11-09,10.76,10.73,10.86,10.659999999999998,47757.07,53127.246,0.9657965796579656,,0.0
2022-11-10,10.64,10.54,10.77,10.489999999999998,64741.07,71096.856,0.9652014652014652,,0.0
2022-11-11,10.77,10.56,10.85,10.53,79632.38,88069.563,0.9652650822669104,,0.0
2022-11-14,10.54,10.25,10.59,10.2,88045.09,94707.592,0.9642521166509876,,0.0
2022-11-15,10.239999999999998,10.67,10.67,10.17,102444.93,111743.155,0.9656108597285068,,0.0
2022-11-16,10.68,10.489999999999998,10.75,10.45,63551.0,69596.331,0.9650413983440662,,0.0
2022-11-17,10.48,10.33,10.48,10.19,68225.0,72745.047,0.9645191409897292,,0.0
2022-11-18,10.42,10.14,10.43,10.13,67253.51,71622.055,0.9638783269961976,,0.0
2022-11-21,10.1,10.34,10.37,10.02,63858.51,67703.946,0.96455223880597,,0.0
2022-11-22,10.32,10.04,10.36,9.989999999999998,63392.0,66776.686,0.9635316698656428,,0.0
2022-11-23,10.04,10.0,10.1,9.739999999999998,63855.17,65703.976,0.9633911368015412,,0.0
2022-11-24,10.02,10.15,10.25,9.95,49670.56,52217.734,0.9639126305792972,,0.0
2022-11-25,10.13,9.85,10.14,9.83,55491.0,57248.052,0.962854349951124,,0.0
2022-11-28,9.7,9.739999999999998,9.76,9.59,38205.93,38474.429,0.9624505928853754,,0.0
2022-11-29,9.78,9.89,9.909999999999998,9.739999999999998,41399.0,42302.002,0.9629990262901654,,0.0
2022-11-30,9.88,9.95,10.06,9.84,49373.27,50990.99,0.9632139399806388,,0.0
2022-12-01,10.09,10.0,10.19,9.98,51430.93,53808.552,0.9633911368015412,,0.0
2022-12-02,9.97,10.08,10.14,9.97,42461.0,44435.505,0.9636711281070744,,0.0
2022-12-05,10.18,10.11,10.2,10.01,49363.0,51629.604,0.9637750238322212,,0.0
2022-12-06,10.17,10.11,10.27,9.98,63203.0,66363.226,0.9637750238322212,,0.0
2022-12-07,10.09,10.03,10.14,9.95,51994.0,54127.79,0.9634966378482228,,0.0
2022-12-08,10.01,9.94,10.08,9.92,37434.81,38798.486,0.9631782945736432,,0.0
2022-12-09,9.94,9.88,10.04,9.86,33433.0,34389.09,0.9629629629629628,,0.0
2022-12-12,9.909999999999998,9.85,9.93,9.78,34256.0,35049.57,0.962854349951124,,0.0
2022-12-13,9.85,9.71,9.89,9.7,45630.81,46333.43,0.9623389494549056,,0.0
2022-12-14,9.71,9.659999999999998,9.83,9.64,41037.0,41476.916,0.9621513944223108,,0.0
2022-12-15,9.76,9.97,9.98,9.7,85159.3,87211.072,0.9632850241545892,,0.0
2022-12-16,9.84,9.68,9.9,9.64,54695.0,55344.772,0.9622266401590456,,0.0
2022-12-19,9.67,9.5,9.73,9.47,44558.0,44362.458,0.9615384615384616,,0.0
2022-12-20,9.489999999999998,9.54,9.64,9.36,31620.58,31285.229,0.9616935483870966,,0.0
2022-12-21,9.55,9.26,9.57,9.19,43936.93,42754.575,0.9605809128630703,,0.0
2022-12-22,9.3,9.07,9.35,9.01,33417.07,31956.0,0.9597883597883596,,0.0
2022-12-23,9.02,9.18,9.19,8.969999999999999,24928.25,23580.803,0.9602510460251044,,0.0
2022-12-26,9.2,9.38,9.39,9.12,30660.97,29729.781,0.9610655737704916,,0.0
2022-12-27,9.38,9.37,9.42,9.239999999999998,26073.1,25315.428,0.9610256410256408,,0.0
2022-12-28,9.35,9.17,9.36,9.15,23539.49,22601.994,0.9602094240837696,,0.0
2022-12-29,9.12,9.08,9.22,9.07,21383.94,20321.101,0.9598308668076108,,0.0
2022-12-30,9.15,9.1,9.2,9.08,16344.91,15536.518,0.959915611814346,,0.0
2023-01-03,9.1,9.35,9.37,9.06,37986.33,36663.444,0.960945529290853,,0.0
2023-01-04,9.36,9.31,9.37,9.22,32798.88,31760.279,0.96078431372549,,0.0
2023-01-05,9.31,9.43,9.46,9.29,34968.57,34160.195,0.9612640163098878,,0.0
2023-01-06,9.42,9.47,9.64,9.39,49033.2,48611.225,0.9614213197969542,,0.0
2023-01-09,9.5,9.7,9.739999999999998,9.48,53624.93,53857.981,0.9623015873015872,,0.0
2023-01-10,9.67,9.65,9.7,9.58,31622.01,31667.986,0.9621136590229312,,0.0
2023-01-11,9.67,9.44,9.67,9.43,35733.52,35469.01,0.9613034623217922,,0.0
2023-01-12,9.489999999999998,9.6,9.68,9.48,32134.7,32094.449,0.9619238476953909,,0.0
2023-01-13,9.62,9.56,9.659999999999998,9.48,26901.02,26727.952,0.9617706237424548,,0.0
2023-01-16,9.55,9.76,9.82,9.53,59667.9,60278.167,0.9625246548323472,,0.0
2023-01-17,9.75,9.86,10.05,9.68,84068.12,86135.35,0.962890625,,0.0
2023-01-18,9.909999999999998,9.93,10.02,9.79,61975.06,63843.889,0.9631425800193986,,0.0
2023-01-19,9.92,10.08,10.08,9.89,82762.63,85843.724,0.9636711281070744,,0.0
2023-01-20,10.159999999999998,10.01,10.19,9.97,60717.55,63253.217,0.9634263715110682,,0.0
2023-01-30,10.12,10.11,10.28,10.1,76579.07,80807.139,0.9637750238322212,,0.0
2023-01-31,10.03,10.21,10.21,10.02,58809.79,61949.505,0.964117091595845,,0.0
2023-02-01,10.14,10.27,10.28,10.14,57981.11,61502.44,0.964319248826291,,0.0
2023-02-02,10.31,10.28,10.4,10.17,67516.91,72121.23,0.9643527204502812,,0.0
2023-02-03,10.25,10.12,10.28,9.989999999999998,90965.41,95352.339,0.9638095238095238,,0.0
2023-02-06,10.46,10.42,10.89,10.38,231413.62,253777.708,0.9648148148148148,,0.0
2023-02-07,10.43,10.55,10.62,10.39,126396.49,137680.22,0.9652333028362304,,0.0
2023-02-08,10.489999999999998,10.48,10.64,10.42,85475.06,93096.706,0.9650092081031308,,0.0
2023-02-09,10.44,10.6,10.62,10.38,82355.8,90054.997,0.965391621129326,,0.0
2023-02-10,10.52,10.54,10.67,10.47,75687.02,82718.731,0.9652014652014652,,0.0
2023-02-13,10.64,10.61,10.7,10.55,78113.1,85960.509,0.9654231119199272,,0.0
2023-02-14,10.61,10.75,10.76,10.53,101572.65,112150.417,0.9658580413297394,,0.0
2023-02-15,10.71,10.92,11.05,10.7,146408.2,165684.014,0.9663716814159292,,0.0
2023-02-16,10.89,10.46,10.89,10.34,140310.06,154773.803,0.9649446494464944,,0.0
2023-02-17,10.44,10.39,10.6,10.34,72798.4,78876.556,0.9647168059424326,,0.0
2023-02-20,10.45,10.48,10.5,10.239999999999998,66817.1,72031.268,0.9650092081031308,,0.0
2023-02-21,10.52,11.14,11.4,10.489999999999998,236706.13,269329.862,0.9670138888888888,,0.0
2023-02-22,11.02,11.15,11.32,10.92,155212.72,179115.364,0.9670424978317432,,0.0
2023-02-23,11.22,11.04,11.25,10.97,97278.0,111288.022,0.9667250437828372,,0.0
2023-02-24,11.05,10.96,11.12,10.84,64469.64,73141.096,0.9664902998236332,,0.0
2023-02-27,10.909999999999998,10.69,10.92,10.62,87519.13,97382.296,0.965672990063234,,0.0
2023-02-28,10.76,10.69,10.77,10.51,72749.11,80085.496,0.965672990063234,,0.0
2023-03-01,10.62,10.72,10.72,10.58,61477.5,67799.329,0.9657657657657656,,0.0
2023-03-02,10.75,10.51,10.8,10.42,116819.76,127682.405,0.9651056014692376,,0.0
2023-03-03,10.53,10.39,10.53,10.32,63479.09,68527.201,0.9647168059424326,,0.0
2023-03-06,10.44,10.38,10.45,10.28,47634.27,51207.416,0.9646840148698884,,0.0
2023-03-07,10.38,10.07,10.409999999999998,10.05,62838.0,66487.098,0.9636363636363636,,0.0
2023-03-08,10.05,10.13,10.17,10.03,34383.09,36005.197,0.9638439581351094,,0.0
2023-03-09,10.15,10.08,10.19,10.04,32825.0,34333.374,0.9636711281070744,,0.0
2023-03-10,10.01,9.76,10.05,9.739999999999998,79737.0,81471.745,0.9625246548323472,,0.0
2023-03-13,9.78,9.67,9.83,9.6,47269.15,47469.304,0.962189054726368,,0.0
2023-03-14,9.67,9.52,9.71,9.37,54705.05,54109.096,0.9616161616161616,,0.0
2023-03-15,9.58,9.64,9.78,9.58,38027.0,38259.486,0.9620758483033932,,0.0
2023-03-16,9.6,9.54,9.69,9.489999999999998,33510.58,33316.25,0.9616935483870966,,0.0
2023-03-17,9.6,9.6,9.67,9.56,32452.18,32435.485,0.9619238476953909,,0.0
2023-03-20,9.6,9.64,9.65,9.46,34070.73,33917.747,0.9620758483033932,,0.0
2023-03-21,9.64,9.82,9.83,9.6,45956.12,46511.734,0.9627450980392156,,0.0
2023-03-22,9.89,9.83,9.89,9.739999999999998,33931.12,34571.382,0.9627815866797256,,0.0
2023-03-23,9.8,9.84,9.86,9.76,25220.12,25698.153,0.9628180039138944,,0.0
2023-03-24,9.83,10.01,10.03,9.78,65662.29,67615.874,0.9634263715110682,,0.0
2023-03-27,10.02,9.97,10.03,9.88,35186.2,36340.554,0.9632850241545892,,0.0
2023-03-28,9.989999999999998,9.77,9.989999999999998,9.77,34415.42,35201.637,0.9625615763546798,,0.0
2023-03-29,9.82,9.909999999999998,10.0,9.78,44228.41,45484.702,0.9630709426627794,,0.0
2023-03-30,9.87,9.86,9.94,9.81,31757.67,32527.681,0.962890625,,0.0
2023-03-31,9.9,9.89,9.95,9.84,27394.0,28140.576,0.9629990262901654,,0.0
2023-04-03,9.82,9.76,9.86,9.69,55249.8,56032.118,0.9625246548323472,,0.0
2023-04-04,9.81,9.47,9.81,9.42,85080.54,84080.833,0.9614213197969542,,0.0
2023-04-06,9.44,9.5,9.58,9.33,50299.8,49335.7,0.9615384615384616,,0.0
2023-04-07,9.48,9.57,9.65,9.48,34972.12,34844.296,0.9618090452261304,,0.0
2023-04-10,9.54,9.58,9.65,9.5,48578.15,48346.27,0.9618473895582328,,0.0
2023-04-11,9.58,9.44,9.6,9.38,46162.12,45379.369,0.9613034623217922,,0.0
2023-04-12,9.43,9.54,9.58,9.42,33393.0,32977.713,0.9616935483870966,,0.0
2023-04-13,9.54,9.28,9.55,9.23,58388.0,56928.087,0.9606625258799172,,0.0
2023-04-14,9.32,9.35,9.36,9.28,27485.57,26678.251,0.960945529290853,,0.0
2023-04-17,9.35,9.43,9.44,9.28,36722.0,35925.161,0.9612640163098878,,0.0
2023-04-18,9.44,9.38,9.48,9.33,28432.0,27714.82,0.9610655737704916,,0.0
2023-04-19,9.39,9.33,9.39,9.29,26816.46,26055.194,0.96086508753862,,0.0
2023-04-20,9.33,9.19,9.33,9.14,31963.56,30602.177,0.960292580982236,,0.0
2023-04-21,9.26,9.1,9.36,9.05,38683.35,37006.963,0.959915611814346,,0.0
2023-04-24,9.12,8.92,9.13,8.83,36833.78,34404.174,0.9591397849462364,,0.0
2023-04-25,8.309999999999999,7.989999999999999,8.319999999999999,7.989999999999999,86234.0,72496.574,0.954599761051374,,0.0
2023-04-26,7.739999999999999,8.03,8.129999999999999,7.64,74689.77,62110.314,0.9548156956004756,,0.0
2023-04-27,8.049999999999999,8.11,8.17,7.95,44991.41,38118.948,0.9552414605418138,,0.0
2023-04-28,8.139999999999999,8.299999999999999,8.33,8.11,45436.41,39240.226,0.956221198156682,,0.0
2023-05-04,8.34,8.43,8.58,8.319999999999999,44701.0,39501.162,0.956867196367764,,0.0
2023-05-05,8.479999999999999,8.229999999999999,8.5,8.12,39478.0,34064.575,0.9558652729384436,,0.0
2023-05-08,8.319999999999999,8.33,8.399999999999999,8.299999999999999,30168.37,26306.13,0.9563719862227325,,0.0
2023-05-09,8.33,8.129999999999999,8.35,8.129999999999999,27858.0,23926.33,0.9553466509988248,,0.0
2023-05-10,8.1,8.389999999999999,8.409999999999998,8.069999999999999,37900.05,32869.202,0.9566704675028506,,0.0
2023-05-11,8.37,8.42,8.489999999999998,8.28,29028.03,25476.556,0.9568181818181816,,0.0
2023-05-12,8.389999999999999,8.409999999999998,8.489999999999998,8.309999999999999,31456.92,27551.534,0.9567690557451648,,0.0
2023-05-15,8.389999999999999,8.569999999999999,8.58,8.299999999999999,53872.1,47754.555,0.9575418994413408,,0.0
2023-05-16,8.559999999999999,8.489999999999998,8.739999999999998,8.44,57914.68,51980.897,0.9571589627959411,,0.0
2023-05-17,8.489999999999998,8.58,8.69,8.45,70113.42,62891.548,0.9575892857142856,,0.0
2023-05-18,8.58,8.709999999999999,8.739999999999998,8.559999999999999,48383.31,43734.724,0.958195819581958,,0.0
2023-05-19,8.67,8.729999999999999,8.77,8.629999999999999,53628.56,48668.832,0.9582875960482984,,0.0
2023-05-22,8.719999999999999,8.79,8.799999999999999,8.68,38023.0,34766.449,0.9585605234460196,,0.0
2023-05-23,8.79,8.729999999999999,8.889999999999999,8.709999999999999,41659.56,38199.671,0.9582875960482984,,0.0
2023-05-24,8.709999999999999,8.68,8.819999999999999,8.629999999999999,31697.49,28912.094,0.9580573951434878,,0.0
2023-05-25,8.68,8.719999999999999,8.79,8.61,35008.19,31797.214,0.9582417582417582,,0.0
2023-05-26,8.709999999999999,8.709999999999999,8.739999999999998,8.53,36230.72,32642.865,0.958195819581958,,0.0
2023-05-29,8.709999999999999,8.52,8.75,8.469999999999999,36349.79,32477.106,0.9573033707865168,,0.0
2023-05-30,8.569999999999999,8.52,8.569999999999999,8.34,30940.27,27315.998,0.9573033707865168,,0.0
2023-05-31,8.479999999999999,8.33,8.52,8.309999999999999,34391.21,30181.031,0.9563719862227325,,0.0
2023-06-01,8.29,8.379999999999999,8.489999999999998,8.239999999999998,26059.0,22810.064,0.95662100456621,,0.0
2023-06-02,8.37,8.53,8.559999999999999,8.37,30949.92,27474.22,0.957351290684624,,0.0
2023-06-05,8.54,8.479999999999999,8.569999999999999,8.399999999999999,34127.7,30258.563,0.9571106094808124,,0.0
2023-06-06,8.479999999999999,8.12,8.479999999999999,8.1,43030.92,37080.796,0.9552941176470588,,0.0
2023-06-07,8.09,7.89,8.149999999999999,7.86,41482.22,34565.137,0.954050785973398,,0.0
2023-06-08,7.87,7.8,7.95,7.750000000000001,29040.0,23838.351,0.9535452322738388,,0.0
2023-06-09,7.819999999999999,7.899999999999999,8.059999999999999,7.77,37195.0,30760.124,0.9541062801932368,,0.0
2023-06-12,7.86,8.08,8.12,7.680000000000001,56538.38,47056.415,0.9550827423167848,,0.0
2023-06-13,8.3,8.61,8.92,8.29,207743.44,187114.098,0.9630872483221476,,0.0
2023-06-14,8.47,8.3,8.47,8.24,145490.08,125927.043,0.9617612977983776,,0.0
2023-06-15,8.27,8.8,9.04,8.27,194679.16,175105.343,0.963855421686747,,0.0
2023-06-16,8.81,8.66,8.89,8.65,104097.7,94086.305,0.9632925472747496,,0.0
2023-06-19,8.64,8.77,8.81,8.64,85112.0,77111.045,0.9637362637362638,,0.0
2023-06-20,8.81,8.86,9.07,8.75,131080.48,121308.532,0.9640914036996736,,0.0
2023-06-21,8.86,8.95,9.14,8.83,97107.31,90264.606,0.9644396551724138,,0.0
2023-06-26,8.97,8.75,9.17,8.67,103380.4,95125.894,0.9636563876651982,,0.0
2023-06-27,8.67,8.86,8.9,8.67,58518.83,53600.029,0.9640914036996736,,0.0
2023-06-28,8.84,8.94,9.0,8.62,74352.0,68087.663,0.964401294498382,,0.0
2023-06-29,8.89,9.15,9.21,8.85,92273.39,87005.654,0.9651898734177216,,0.0
2023-06-30,9.05,9.07,9.23,9.03,62751.12,59130.941,0.9648936170212766,,0.0
2023-07-03,9.12,9.0,9.19,8.98,57681.0,54112.588,0.964630225080386,,0.0
2023-07-04,8.97,9.08,9.16,8.95,51555.2,48523.507,0.9649309245483528,,0.0
2023-07-05,9.04,9.0,9.16,8.97,41535.2,39007.807,0.964630225080386,,0.0
2023-07-06,8.95,8.95,9.03,8.86,52492.4,48704.153,0.9644396551724138,,0.0
2023-07-07,8.94,8.84,8.95,8.8,40218.0,36980.602,0.9640130861504908,,0.0
2023-07-10,8.85,8.83,9.0,8.8,31108.01,28594.559,0.9639737991266376,,0.0
2023-07-11,8.83,9.75,9.75,8.76,203381.39,200044.45,0.9672619047619048,,0.0
2023-07-12,10.76,10.76,10.76,10.76,82078.51,91025.068,0.9702434625789,,0.0
2023-07-13,11.64,10.59,11.64,10.45,815724.04,926216.173,0.9697802197802198,,0.0
2023-07-14,10.23,9.92,10.55,9.62,648748.91,669018.116,0.9678048780487803,,0.0
2023-07-17,9.89,9.77,10.36,9.72,383663.01,395692.08,0.9673267326732672,,0.0
2023-07-18,9.88,9.69,9.93,9.62,237688.55,239218.799,0.9670658682634732,,0.0
2023-07-19,9.67,9.5,9.74,9.39,226040.02,222380.843,0.9664292980671414,,0.0
2023-07-20,9.48,9.24,9.48,9.22,162518.51,157159.009,0.9655172413793104,,0.0
2023-07-21,9.19,8.98,9.27,8.97,125582.22,118527.733,0.9645542427497314,,0.0
2023-07-24,8.98,8.98,9.09,8.9,77628.96,72472.021,0.9645542427497314,,0.0
2023-07-25,9.08,9.15,9.16,9.01,92507.74,87199.07,0.9651898734177216,,0.0
2023-07-26,9.13,8.95,9.14,8.89,94022.0,87522.324,0.9644396551724138,,0.0
2023-07-27,8.93,8.95,9.07,8.93,66550.0,62095.446,0.9644396551724138,,0.0
2023-07-28,8.92,9.01,9.01,8.77,71748.71,66306.677,0.9646680942184154,,0.0
2023-07-31,9.03,9.06,9.16,8.97,99714.9,93753.246,0.9648562300319488,,0.0
2023-08-01,9.07,8.92,9.09,8.85,83561.02,77264.013,0.9643243243243244,,0.0
2023-08-02,8.88,9.03,9.09,8.87,74769.85,69713.463,0.9647435897435898,,0.0
2023-08-03,9.03,8.92,9.03,8.88,55632.0,51491.312,0.9643243243243244,,0.0
2023-08-04,8.91,9.05,9.09,8.89,73688.56,68700.161,0.964818763326226,,0.0
2023-08-07,9.17,9.41,9.41,9.03,245916.96,236028.622,0.9661190965092402,,0.0
2023-08-08,9.29,9.17,9.38,9.15,125275.25,119539.589,0.9652631578947368,,0.0
2023-08-09,9.17,8.93,9.17,8.9,93481.11,87129.449,0.9643628509719222,,0.0
2023-08-10,9.0,8.97,9.09,8.94,50542.0,47148.88,0.964516129032258,,0.0
2023-08-11,8.959999999999999,8.72,8.959999999999999,8.72,69213.35,63502.903,0.96353591160221,,0.0
2023-08-14,8.68,8.73,8.75,8.59,47870.93,43052.541,0.9635761589403974,,0.0
2023-08-15,8.709999999999999,8.57,8.74,8.52,55694.0,49768.366,0.9629213483146069,,0.0
2023-08-16,8.57,8.39,8.57,8.39,45977.78,40394.546,0.9621559633027524,,0.0
2023-08-17,8.37,8.67,8.68,8.32,63550.95,56487.276,0.9633333333333334,,0.0
2023-08-18,8.66,8.56,8.76,8.56,40424.73,36295.528,0.9628796400449944,,0.0
2023-08-21,9.16,8.55,9.16,8.53,129850.12,119270.902,0.9628378378378378,,0.0
2023-08-22,8.44,8.57,8.64,8.35,81674.0,71933.451,0.9629213483146069,,0.0
2023-08-23,8.65,8.459999999999999,8.65,8.42,48038.58,42553.928,0.962457337883959,,0.0
2023-08-24,8.459999999999999,8.37,8.53,8.32,48190.44,42080.922,0.9620689655172414,,0.0
2023-08-25,8.31,8.19,8.35,8.15,53882.0,46114.811,0.9612676056338028,,0.0
2023-08-28,8.66,8.33,8.66,8.31,62638.12,55118.35,0.9618937644341802,,0.0
2023-08-29,8.31,8.64,8.67,8.31,80192.39,71355.822,0.9632107023411371,,0.0
2023-08-30,8.68,8.74,8.87,8.67,62083.56,56508.356,0.9636163175303196,,0.0
2023-08-31,8.75,8.77,8.81,8.69,45939.88,41750.757,0.9637362637362638,,0.0
2023-09-01,8.81,8.82,8.83,8.67,41822.0,38063.29,0.9639344262295082,,0.0
2023-09-04,8.85,8.94,8.95,8.78,49291.5,45415.174,0.964401294498382,,0.0
2023-09-05,8.91,8.97,8.99,8.89,43271.4,40108.026,0.964516129032258,,0.0
2023-09-06,8.97,8.99,9.01,8.91,33851.0,31492.1,0.9645922746781116,,0.0
2023-09-07,8.99,8.79,8.99,8.78,44855.97,41216.903,0.9638157894736842,,0.0
2023-09-08,8.76,8.85,8.92,8.74,37333.43,34250.169,0.9640522875816994,,0.0
2023-09-11,8.92,8.87,8.92,8.74,31162.64,28626.362,0.9641304347826088,,0.0
2023-09-12,8.87,8.86,8.93,8.84,23366.0,21496.571,0.9640914036996736,,0.0
2023-09-13,8.92,8.72,8.92,8.65,43348.0,39288.244,0.96353591160221,,0.0
2023-09-14,8.709999999999999,8.65,8.82,8.6,34294.0,30931.18,0.9632516703786193,,0.0
2023-09-15,8.73,8.66,8.79,8.62,35363.0,31878.792,0.9632925472747496,,0.0
2023-09-18,8.65,8.79,8.87,8.53,45140.0,41070.517,0.9638157894736842,,0.0
2023-09-19,8.81,8.65,8.83,8.63,38245.0,34453.675,0.9632516703786193,,0.0
2023-09-20,8.52,8.55,8.709999999999999,8.52,24289.0,21667.745,0.9628378378378378,,0.0
2023-09-21,8.55,8.51,8.6,8.459999999999999,29980.17,26520.174,0.9626696832579186,,0.0
2023-09-22,8.5,8.68,8.7,8.459999999999999,34004.0,30449.223,0.9633740288568258,,0.0
2023-09-25,8.7,8.74,8.84,8.69,29804.0,27025.136,0.9636163175303196,,0.0
2023-09-26,8.74,8.83,8.87,8.68,47340.0,43241.997,0.9639737991266376,,0.0
2023-09-27,8.77,8.79,8.88,8.62,45154.1,41205.314,0.9638157894736842,,0.0
2023-09-28,8.8,8.87,8.89,8.79,38365.0,35199.866,0.9641304347826088,,0.0
2023-10-09,8.86,8.88,8.92,8.79,39625.45,36473.833,0.9641693811074918,,0.0
2023-10-10,8.89,8.86,8.93,8.78,35547.0,32602.297,0.9640914036996736,,0.0
2023-10-11,8.9,8.89,8.95,8.78,41108.0,37855.543,0.9642082429501084,,0.0
2023-10-12,8.9,8.93,8.94,8.82,30122.0,27769.336,0.9643628509719222,,0.0
2023-10-13,8.94,8.86,8.97,8.83,24711.71,22745.869,0.9640914036996736,,0.0
2023-10-16,8.87,8.74,8.91,8.69,40196.0,36515.024,0.9636163175303196,,0.0
2023-10-17,8.74,8.62,8.74,8.62,29409.0,26424.252,0.9631284916201116,,0.0
2023-10-18,8.63,8.42,8.63,8.42,31400.0,27709.407,0.9622857142857144,,0.0
2023-10-19,8.43,8.39,8.75,8.37,69867.61,61829.373,0.9621559633027524,,0.0
2023-10-20,8.29,8.33,8.52,8.29,42278.0,36873.013,0.9618937644341802,,0.0
2023-10-23,8.33,8.07,8.35,8.04,51791.81,43860.115,0.9607142857142856,,0.0
2023-10-24,8.08,8.2,8.27,8.02,29705.88,25222.693,0.9613130128956624,,0.0
2023-10-25,8.25,8.37,8.44,8.22,31297.81,27266.0,0.9620689655172414,,0.0
2023-10-26,8.37,8.42,8.43,8.22,30997.0,26874.471,0.9622857142857144,,0.0
2023-10-27,8.42,8.47,8.51,8.38,29878.0,26227.696,0.9625,,0.0
2023-10-30,8.45,8.62,8.64,8.39,46979.0,41627.486,0.9631284916201116,,0.0
2023-10-31,8.6,8.55,8.69,8.5,28104.0,25047.572,0.9628378378378378,,0.0
2023-11-01,8.55,8.67,8.68,8.49,31568.0,28303.758,0.9633333333333334,,0.0
2023-11-02,8.67,8.55,8.73,8.55,23264.0,20814.641,0.9628378378378378,,0.0
2023-11-03,8.58,8.72,8.8,8.53,45429.83,41179.233,0.96353591160221,,0.0
2023-11-06,8.73,8.85,8.89,8.73,44333.12,40685.452,0.9640522875816994,,0.0
2023-11-07,8.85,8.86,8.9,8.8,46085.0,42301.148,0.9640914036996736,,0.0
2023-11-08,8.85,8.81,8.88,8.75,42093.0,38537.065,0.9638949671772428,,0.0
2023-11-09,8.79,8.79,8.9,8.73,37964.39,34779.401,0.9638157894736842,,0.0
2023-11-10,8.75,8.76,8.81,8.72,26375.39,23983.964,0.9636963696369636,,0.0
2023-11-13,8.76,8.85,8.88,8.76,34504.46,31618.067,0.9640522875816994,,0.0
2023-11-14,8.86,8.89,8.93,8.82,39065.0,35967.778,0.9642082429501084,,0.0
2023-11-15,8.95,8.93,8.95,8.86,44485.0,41096.164,0.9643628509719222,,0.0
2023-11-16,8.94,8.87,8.959999999999999,8.87,32813.0,30329.44,0.9641304347826088,,0.0
2023-11-17,8.84,8.97,8.98,8.8,45922.01,42482.48,0.964516129032258,,0.0
2023-11-20,8.98,9.24,9.27,8.98,101107.83,95968.363,0.9655172413793104,,0.0
2023-11-21,9.63,9.67,10.2,9.56,366135.94,372268.397,0.967,,0.0
2023-11-22,9.46,9.27,9.58,9.26,237365.36,230449.085,0.965625,,0.0
2023-11-23,9.41,9.33,9.42,9.15,136882.77,131603.875,0.9658385093167702,,0.0
2023-11-24,9.27,9.14,9.34,9.11,111346.4,105880.21,0.9651531151003168,,0.0
2023-11-27,9.16,9.17,9.23,9.09,72260.0,68653.638,0.9652631578947368,,0.0
2023-11-28,9.18,9.58,9.61,9.17,147283.24,144282.072,0.9667003027245208,,0.0
2023-11-29,9.54,10.16,10.32,9.48,335527.8,347038.896,0.9685414680648236,,0.0
2023-11-30,9.87,10.14,10.62,9.77,356501.44,372513.512,0.968481375358166,,0.0
2023-12-01,9.94,9.84,10.05,9.79,190485.39,194385.441,0.967551622418879,,0.0
2023-12-04,9.87,9.85,10.12,9.68,128031.44,131296.692,0.9675834970530452,,0.0
2023-12-05,9.77,9.6,9.87,9.6,101244.56,101831.682,0.9667673716012084,,0.0
2023-12-06,9.58,9.73,9.95,9.57,96705.81,97796.958,0.967196819085487,,0.0
2023-12-07,9.8,9.65,9.85,9.65,68785.0,68992.378,0.966933867735471,,0.0
2023-12-08,9.62,9.44,9.75,9.41,92426.0,90982.242,0.9662231320368476,,0.0
2023-12-11,9.4,9.53,9.56,9.29,76427.52,74662.813,0.9665314401622718,,0.0
2023-12-12,9.54,9.67,9.75,9.38,72911.0,72725.928,0.967,,0.0
2023-12-13,9.64,9.68,9.92,9.56,70388.0,70753.976,0.967032967032967,,0.0
2023-12-14,9.67,9.64,9.8,9.61,54711.0,54866.825,0.966900702106319,,0.0
2023-12-15,9.61,9.65,9.76,9.59,42157.0,42069.719,0.966933867735471,,0.0
2023-12-18,9.56,9.52,9.7,9.48,43333.15,42940.223,0.966497461928934,,0.0
2023-12-19,9.53,9.6,9.6,9.38,32791.41,32232.59,0.9667673716012084,,0.0
2023-12-20,9.54,9.57,9.72,9.51,33862.0,33639.131,0.9666666666666668,,0.0
2023-12-21,9.48,9.59,9.63,9.33,48179.0,47302.031,0.966733870967742,,0.0
2023-12-22,9.64,9.55,9.77,9.47,65161.61,64546.481,0.9665991902834008,,0.0
2023-12-25,9.5,9.39,9.61,9.33,38292.44,37343.369,0.9660493827160492,,0.0
2023-12-26,9.38,9.21,9.43,9.2,44313.71,42516.781,0.9654088050314464,,0.0
2023-12-27,9.25,9.46,9.47,9.24,40365.0,39229.242,0.9662921348314608,,0.0
2023-12-28,9.49,9.8,10.05,9.39,146244.53,148502.307,0.9674234945705824,,0.0
2023-12-29,9.59,9.82,9.83,9.44,107500.56,107795.976,0.967487684729064,,0.0
2024-01-02,9.81,9.86,9.91,9.75,83508.56,85022.087,0.9676153091265948,,0.0
2024-01-03,9.81,9.75,9.85,9.66,49308.0,49663.21,0.9672619047619048,,0.0
2024-01-04,9.75,9.71,9.79,9.65,43255.0,43461.637,0.9671314741035856,,0.0
2024-01-05,9.78,9.49,9.88,9.42,59955.0,59700.577,0.9663951120162932,,0.0
2024-01-08,9.49,9.31,9.52,9.3,46637.0,45319.684,0.9657676348547718,,0.0
2024-01-09,9.42,9.46,9.64,9.32,66298.0,65256.625,0.9662921348314608,,0.0
2024-01-10,9.47,9.35,9.51,9.22,43636.0,42296.895,0.9659090909090908,,0.0
2024-01-11,9.32,9.53,9.55,9.3,45065.0,43924.923,0.9665314401622718,,0.0
2024-01-12,9.58,9.68,10.52,9.58,207212.0,213017.61,0.967032967032967,,0.0
2024-01-15,9.68,9.55,9.75,9.37,118888.0,117130.509,0.9665991902834008,,0.0
2024-01-16,9.52,9.36,9.55,9.19,107267.33,103704.985,0.9659442724458204,,0.0
2024-01-17,9.33,8.97,9.33,8.959999999999999,82481.03,77910.627,0.964516129032258,,0.0
2024-01-18,8.92,8.87,9.02,8.57,84466.37,77382.711,0.9641304347826088,,0.0
2024-01-19,8.87,8.74,8.98,8.69,53392.0,48861.85,0.9636163175303196,,0.0
2024-01-22,8.73,8.18,8.81,8.09,72094.79,63327.307,0.9612220916568742,,0.0
2024-01-23,8.11,7.93,8.17,7.84,62469.52,51765.972,0.9600484261501212,,0.0
2024-01-24,7.99,8.01,8.11,7.67,58142.0,47943.087,0.960431654676259,,0.0
2024-01-25,8.0,8.3,8.32,7.890000000000001,57547.08,48836.001,0.9617612977983776,,0.0
2024-01-26,8.28,8.26,8.42,8.24,44036.07,38113.525,0.9615832363213038,,0.0
2024-01-29,8.28,7.959999999999999,8.34,7.92,42132.0,35288.425,0.960193003618818,,0.0
2024-01-30,7.92,7.6,7.98,7.59,57824.0,46893.172,0.9583858764186632,,0.0
2024-01-31,7.59,7.08,7.62,7.07,68379.0,52198.595,0.9554655870445344,,0.0
2024-02-01,7.05,6.95,7.12,6.82,52087.0,38080.007,0.9546703296703296,,0.0
2024-02-02,7.03,6.57,7.12,6.33,73960.5,51864.266,0.9521739130434782,,0.0
2024-02-05,6.49,5.97,6.49,5.88,105950.21,67477.333,0.9476190476190476,,0.0
2024-02-06,5.83,6.24,6.37,5.57,103423.63,64972.234,0.9497716894977168,,0.0
2024-02-07,6.28,5.78,6.31,5.58,164195.91,102860.9,0.9459901800327332,,0.0
2024-02-08,5.79,6.34,6.35,5.58,151774.28,95358.21,0.9505247376311844,,0.0
2024-02-19,6.38,6.53,6.64,6.38,105245.6,71948.403,0.9518950437317784,,0.0
2024-02-20,6.49,6.61,6.62,6.39,56396.34,38845.893,0.9524495677233428,,0.0
2024-02-21,6.55,6.71,6.92,6.52,95771.05,68144.264,0.953125,,0.0
2024-02-22,6.72,6.85,6.86,6.67,68749.0,48850.209,0.9540389972144848,,0.0
2024-02-23,6.87,7.06,7.06,6.81,111938.83,81326.608,0.9553450608930988,,0.0
2024-02-26,7.33,7.800000000000001,7.800000000000001,7.24,255197.69,201930.546,0.959409594095941,,0.0
2024-02-27,7.66,7.81,7.85,7.56,220048.94,176691.75,0.9594594594594594,,0.0
2024-02-28,7.85,7.13,7.959999999999999,7.12,202962.4,161040.334,0.955764075067024,,0.0
2024-02-29,7.12,7.52,7.55,7.12,139785.37,108152.876,0.9579617834394905,,0.0
2024-03-01,7.57,7.61,7.81,7.439999999999999,125973.0,99771.45,0.9584382871536524,,0.0
2024-03-04,7.61,7.51,7.62,7.32,98166.0,76514.543,0.957908163265306,,0.0
2024-03-05,7.43,7.32,7.479999999999999,7.3,68840.25,53048.451,0.9568627450980391,,0.0
2024-03-06,7.33,7.52,7.59,7.33,86489.55,67649.869,0.9579617834394905,,0.0
2024-03-07,7.63,7.52,7.709999999999999,7.47,97040.03,77162.013,0.9579617834394905,,0.0
2024-03-08,7.47,7.51,7.56,7.41,67028.53,52282.206,0.957908163265306,,0.0
2024-03-11,7.5,7.63,7.64,7.45,69342.4,54791.32,0.9585427135678392,,0.0
2024-03-12,7.62,7.76,7.77,7.59,75796.53,60868.327,0.9592088998763906,,0.0
2024-03-13,7.74,7.779999999999999,7.85,7.64,76054.1,61422.014,0.9593094944512948,,0.0
2024-03-14,7.779999999999999,7.699999999999999,7.869999999999999,7.59,68271.32,55037.835,0.958904109589041,,0.0
2024-03-15,7.65,7.82,7.84,7.62,57350.03,46330.21,0.9595092024539876,,0.0
2024-03-18,7.869999999999999,8.0,8.01,7.84,77563.0,64118.635,0.9603841536614646,,0.0
2024-03-19,7.939999999999999,7.93,8.09,7.9,73278.73,60893.539,0.9600484261501212,,0.0
2024-03-20,7.949999999999999,7.959999999999999,8.01,7.9,52153.79,43185.862,0.960193003618818,,0.0
2024-03-21,7.959999999999999,7.98,7.99,7.81,59319.0,48989.563,0.96028880866426,,0.0
2024-03-22,7.959999999999999,7.81,7.959999999999999,7.73,55907.34,45595.631,0.9594594594594594,,0.0
2024-03-25,7.81,7.55,7.82,7.5,52382.0,41949.22,0.9581218274111676,,0.0
2024-03-26,7.57,7.6,7.67,7.38,66345.0,52203.71,0.9583858764186632,,0.0
2024-03-27,7.6,7.26,7.6,7.25,57650.0,44464.298,0.9565217391304348,,0.0
2024-03-28,7.27,7.47,7.54,7.25,58569.0,45408.151,0.9576923076923076,,0.0
2024-03-29,7.47,7.6,7.61,7.42,48336.53,38007.799,0.9583858764186632,,0.0
2024-04-01,7.62,7.85,7.859999999999999,7.62,54244.4,44043.092,0.9596577017114916,,0.0
2024-04-02,7.91,7.84,7.91,7.77,58973.42,48129.563,0.9596083231334148,,0.0
2024-04-03,7.84,7.699999999999999,7.84,7.63,44655.0,35870.525,0.958904109589041,,0.0
2024-04-08,7.699999999999999,7.4,7.699999999999999,7.39,50075.0,39297.28,0.9573091849935316,,0.0
2024-04-09,7.39,7.62,7.64,7.39,47162.25,37178.683,0.958490566037736,,0.0
2024-04-10,7.779999999999999,7.800000000000001,8.37,7.699999999999999,241984.72,200675.665,0.959409594095941,,0.0
2024-04-11,7.55,7.76,7.890000000000001,7.43,184856.53,147985.531,0.9592088998763906,,0.0
2024-04-12,7.779999999999999,7.49,7.779999999999999,7.47,94890.83,75317.725,0.9578005115089514,,0.0
2024-04-15,7.4,7.11,7.54,6.97,118272.19,88791.877,0.9556451612903226,,0.0
2024-04-16,7.06,6.46,7.06,6.4,113878.0,79077.48,0.95139911634757,,0.0
2024-04-17,6.56,7.1,7.12,6.55,105724.0,76742.216,0.955585464333782,,0.0
2024-04-18,7.11,7.02,7.21,6.93,55967.88,41445.332,0.9551020408163264,,0.0
2024-04-19,7.01,7.09,7.42,6.94,89240.91,66622.328,0.9555256064690026,,0.0
2024-04-22,6.98,7.0,7.11,6.82,64320.13,46982.556,0.9549795361527968,,0.0
2024-04-23,7.73,7.73,7.73,7.73,37472.68,30202.98,0.9590570719602978,,0.0
2024-04-24,8.1,7.83,8.22,7.74,325631.22,268969.681,0.9595588235294118,,0.0
2024-04-25,7.67,7.949999999999999,8.09,7.66,239286.13,195631.681,0.9601449275362318,,0.0
2024-04-26,7.85,8.1,8.18,7.82,233829.19,195836.915,0.9608540925266904,,0.0
2024-04-29,8.15,8.37,8.43,8.1,179857.8,154760.012,0.9620689655172414,,0.0
2024-04-30,8.33,8.41,8.44,8.24,130771.49,113480.172,0.9622425629290616,,0.0
2024-05-06,8.53,8.74,8.76,8.459999999999999,129209.8,116360.595,0.9636163175303196,,0.0
2024-05-07,8.69,8.67,8.82,8.6,96004.4,86579.947,0.9633333333333334,,0.0
2024-05-08,8.67,8.63,8.82,8.61,86638.0,78122.936,0.9631696428571428,,0.0
2024-05-09,8.63,8.82,8.84,8.61,83268.0,75578.288,0.9639344262295082,,0.0
2024-05-10,8.85,8.74,8.85,8.68,72614.05,65869.324,0.9636163175303196,,0.0
2024-05-13,8.67,8.63,8.77,8.53,70939.43,63701.209,0.9631696428571428,,0.0
2024-05-14,8.62,8.709999999999999,8.8,8.62,65093.66,59024.826,0.963495575221239,,0.0
2024-05-15,8.709999999999999,8.8,8.88,8.59,74826.27,68172.817,0.963855421686747,,0.0
2024-05-16,8.72,8.709999999999999,8.82,8.65,56170.0,50913.297,0.963495575221239,,0.0
2024-05-17,8.73,8.73,8.75,8.61,55267.53,49807.781,0.9635761589403974,,0.0
2024-05-20,8.73,8.709999999999999,8.77,8.66,48114.07,43500.878,0.963495575221239,,0.0
2024-05-21,8.76,8.74,8.86,8.64,54807.0,49880.576,0.9636163175303196,,0.0
2024-05-22,8.74,8.87,8.94,8.69,73254.53,67186.79,0.9641304347826088,,0.0
2024-05-23,8.82,8.65,8.84,8.61,63473.86,57393.635,0.9632516703786193,,0.0
2024-05-24,8.65,8.68,8.8,8.64,46432.0,42080.601,0.9633740288568258,,0.0
2024-05-27,8.67,8.76,8.76,8.54,47405.0,42576.477,0.9636963696369636,,0.0
2024-05-28,8.76,8.88,9.17,8.7,138837.48,128432.058,0.9641693811074918,,0.0
2024-05-29,8.79,8.76,8.85,8.72,77154.86,70241.471,0.9636963696369636,,0.0
2024-05-30,8.73,8.67,8.81,8.65,50724.0,45918.731,0.9633333333333334,,0.0
2024-05-31,8.66,8.68,8.76,8.65,50326.0,45425.037,0.9633740288568258,,0.0
2024-06-03,8.72,8.63,8.84,8.53,67114.45,60441.052,0.9631696428571428,,0.0
2024-06-04,8.53,8.42,8.55,8.31,82782.0,72369.465,0.9622857142857144,,0.0
2024-06-05,8.32,8.14,8.41,8.13,68486.52,58787.773,0.961038961038961,,0.0
2024-06-06,8.15,7.81,8.209999999999999,7.709999999999999,94296.0,77717.733,0.9594594594594594,,0.0
2024-06-07,7.859999999999999,7.99,8.03,7.800000000000001,58921.88,48714.081,0.9603365384615384,,0.0
2024-06-11,7.949999999999999,7.98,8.01,7.789999999999999,45369.38,37382.437,0.96028880866426,,0.0
2024-06-12,7.949999999999999,8.08,8.18,7.93,48348.88,40780.783,0.9607609988109392,,0.0
2024-06-13,8.05,8.1,8.2,8.02,44679.88,37719.942,0.9608540925266904,,0.0
2024-06-14,8.1,8.05,8.15,7.9,33812.0,28271.991,0.960620525059666,,0.0
2024-06-17,8.01,7.939999999999999,8.08,7.92,42513.0,35345.313,0.9600967351874244,,0.0
2024-06-18,7.959999999999999,8.19,8.209999999999999,7.93,47539.0,40137.542,0.9612676056338028,,0.0
2024-06-19,8.17,8.15,8.24,8.09,33137.0,28143.793,0.9610849056603772,,0.0
2024-06-20,8.15,7.9,8.15,7.9,36761.5,30584.898,0.959902794653706,,0.0
2024-06-21,7.94,7.95,8.049999999999999,7.85,34101.0,27885.753,0.9742647058823528,,0.0
2024-06-24,7.909999999999999,7.79,7.94,7.66,60744.0,48494.97,0.97375,,0.0
2024-06-25,7.840000000000001,7.88,7.989999999999999,7.75,57262.64,46422.954,0.9740420271940669,,0.0
2024-06-26,7.87,8.11,8.11,7.78,43286.0,35349.358,0.9747596153846152,,0.0
2024-06-27,8.059999999999999,7.989999999999999,8.18,7.97,42167.0,34932.151,0.974390243902439,,0.0
2024-06-28,8.0,8.09,8.19,7.930000000000001,43032.0,35801.949,0.9746987951807228,,0.0
2024-07-01,8.03,8.12,8.149999999999999,7.909999999999999,46606.08,38406.358,0.9747899159663864,,0.0
2024-07-02,8.17,8.139999999999999,8.19,8.069999999999999,37044.0,30881.87,0.9748502994011976,,0.0
2024-07-03,8.139999999999999,7.96,8.159999999999998,7.94,34537.0,28442.286,0.974296205630355,,0.0
2024-07-04,7.96,7.75,8.059999999999999,7.7,44992.0,36242.389,0.9736180904522612,,0.0
2024-07-05,7.76,7.75,7.79,7.59,34556.0,27362.621,0.9736180904522612,,0.0
2024-07-08,7.75,7.6,7.75,7.55,44735.0,34972.941,0.9731113956466068,,0.0
2024-07-09,7.57,7.88,7.899999999999999,7.54,46119.0,36692.11,0.9740420271940669,,0.0
2024-07-10,8.28,8.469999999999999,8.69,8.149999999999999,285851.68,250728.688,0.9758064516129032,,0.0
2024-07-11,8.52,9.03,9.1,8.489999999999998,339006.14,306160.956,0.9772727272727272,,0.0
2024-07-12,9.02,9.19,9.29,8.85,315082.0,292244.96,0.977659574468085,,0.0
2024-07-15,9.1,8.77,9.18,8.729999999999999,205606.63,186616.824,0.9766146993318484,,0.0
2024-07-16,8.7,8.7,8.77,8.53,163144.53,144567.379,0.9764309764309764,,0.0
2024-07-17,8.75,8.459999999999999,8.75,8.45,143380.0,125642.23,0.9757785467128026,,0.0
2024-07-18,8.36,8.37,8.389999999999999,8.18,143784.1,122112.509,0.9755244755244754,,0.0
2024-07-19,8.309999999999999,8.26,8.43,8.239999999999998,121601.0,103699.481,0.9752066115702478,,0.0
2024-07-22,8.229999999999999,8.11,8.309999999999999,8.059999999999999,105197.0,88039.247,0.9747596153846152,,0.0
2024-07-23,8.04,7.94,8.149999999999999,7.920000000000001,79912.5,65971.243,0.974233128834356,,0.0
2024-07-24,7.89,7.840000000000001,8.03,7.79,84820.29,68547.529,0.9739130434782608,,0.0
2024-07-25,7.8,7.87,7.94,7.69,72477.72,58192.562,0.974009900990099,,0.0
2024-07-26,7.85,8.059999999999999,8.059999999999999,7.85,80340.45,65909.193,0.974607013301088,,0.0
2024-07-29,8.049999999999999,8.1,8.17,8.02,68227.0,56731.143,0.9747292418772562,,0.0
2024-07-30,8.1,8.1,8.17,7.97,52186.0,43280.075,0.9747292418772562,,0.0
2024-07-31,8.1,8.52,8.53,8.03,104847.0,90025.318,0.9759450171821304,,0.0
2024-08-01,8.54,8.469999999999999,8.62,8.43,82036.02,71554.882,0.9758064516129032,,0.0
2024-08-02,8.37,8.27,8.51,8.26,58193.0,49950.102,0.9752358490566037,,0.0
2024-08-05,8.2,7.920000000000001,8.299999999999999,7.920000000000001,63823.0,53016.036,0.974169741697417,,0.0
2024-08-06,8.049999999999999,8.129999999999999,8.19,8.03,53929.0,44845.117,0.974820143884892,,0.0
2024-08-07,8.11,8.12,8.219999999999999,8.079999999999998,37302.0,31162.271,0.9747899159663864,,0.0
2024-08-08,8.079999999999998,7.95,8.139999999999999,7.86,45640.0,37356.187,0.9742647058823528,,0.0
2024-08-09,7.97,7.930000000000001,8.079999999999998,7.930000000000001,37331.0,30606.256,0.9742014742014742,,0.0
2024-08-12,7.920000000000001,7.899999999999999,7.979999999999999,7.840000000000001,35494.0,28795.153,0.9741060419235512,,0.0
2024-08-13,7.920000000000001,7.979999999999999,8.03,7.840000000000001,40033.03,32601.732,0.9743589743589745,,0.0
2024-08-14,7.989999999999999,7.909999999999999,8.02,7.909999999999999,37251.02,30403.42,0.9741379310344828,,0.0
2024-08-15,7.89,7.96,8.059999999999999,7.829999999999999,48162.0,39356.88,0.974296205630355,,0.0
2024-08-16,7.989999999999999,7.909999999999999,8.02,7.909999999999999,50531.0,41225.356,0.9741379310344828,,0.0
2024-08-19,7.930000000000001,7.94,8.02,7.89,48820.0,39811.21,0.974233128834356,,0.0
2024-08-20,7.88,7.55,7.920000000000001,7.52,132875.86,104245.06,0.9729381443298968,,0.0
2024-08-21,7.51,7.63,7.66,7.44,72368.0,56368.115,0.9732142857142856,,0.0
2024-08-22,7.73,7.44,7.73,7.43,53637.0,41376.114,0.9725490196078432,,0.0
2024-08-23,7.4,7.35,7.44,7.26,43960.0,33160.513,0.9722222222222222,,0.0
2024-08-26,7.35,7.49,7.5,7.3,34529.0,26395.254,0.9727272727272728,,0.0
2024-08-27,7.48,7.42,7.54,7.36,43964.64,33560.46,0.9724770642201837,,0.0
2024-08-28,7.39,7.48,7.53,7.32,42119.0,32255.568,0.9726918075422628,,0.0
2024-08-29,7.44,7.72,7.75,7.42,48819.0,38364.319,0.9735182849936947,,0.0
2024-08-30,7.69,7.8,7.909999999999999,7.66,58705.0,47174.547,0.9737827715355806,,0.0
2024-09-02,7.76,7.71,7.909999999999999,7.69,64743.5,51888.345,0.9734848484848484,,0.0
2024-09-03,7.67,7.71,7.819999999999999,7.67,48775.0,38699.07,0.9734848484848484,,0.0
2024-09-04,7.64,7.65,7.75,7.62,31089.7,24510.041,0.9732824427480916,,0.0
2024-09-05,7.66,7.68,7.75,7.62,28343.0,22354.641,0.973384030418251,,0.0
2024-09-06,7.71,7.51,7.76,7.49,40323.0,31419.694,0.97279792746114,,0.0
2024-09-09,7.53,7.48,7.59,7.42,31882.0,24548.184,0.9726918075422628,,0.0
2024-09-10,7.52,7.54,7.57,7.37,35412.0,27144.738,0.9729032258064516,,0.0
2024-09-11,7.54,7.5,7.57,7.46,31727.0,24487.717,0.9727626459143968,,0.0
2024-09-12,7.5,7.45,7.58,7.39,25854.0,19933.034,0.9725848563968668,,0.0
2024-09-13,7.48,7.32,7.48,7.31,40895.0,30953.905,0.9721115537848606,,0.0
2024-09-18,7.26,7.19,7.34,7.07,52777.0,38875.896,0.9716216216216216,,0.0
2024-09-19,7.23,7.4,7.44,7.19,45563.0,34499.716,0.9724047306176083,,0.0
2024-09-20,7.41,7.34,7.44,7.28,33537.0,25292.793,0.9721854304635762,,0.0
2024-09-23,7.29,7.35,7.39,7.25,24649.0,18568.65,0.9722222222222222,,0.0
2024-09-24,7.37,7.64,7.64,7.32,65427.5,50561.936,0.973248407643312,,0.0
2024-09-25,7.77,7.67,7.88,7.65,70963.01,56666.302,0.9733502538071066,,0.0
2024-09-26,7.64,7.87,7.87,7.64,53408.0,42732.659,0.974009900990099,,0.0
2024-09-27,7.989999999999999,8.2,8.37,7.95,115275.24,96086.245,0.9750297265160522,,0.0
2024-09-30,8.45,8.989999999999998,9.02,8.45,228820.33,206324.462,0.977173913043478,,0.0
2024-10-08,9.86,9.76,9.909999999999998,9.0,260607.09,254837.844,0.9789368104312938,,0.0
2024-10-09,9.489999999999998,9.079999999999998,9.55,8.899999999999999,165884.2,157672.709,0.9773950484391818,,0.0
2024-10-10,9.07,9.09,9.329999999999998,8.909999999999998,116138.71,108643.994,0.9774193548387096,,0.0
2024-10-11,8.989999999999998,8.69,9.09,8.6,104062.0,93904.265,0.9764044943820224,,0.0
2024-10-14,8.799999999999999,8.7,8.86,8.389999999999999,111714.0,98423.507,0.9764309764309764,,0.0
2024-10-15,8.62,8.44,8.69,8.389999999999999,92053.0,80503.572,0.9757225433526012,,0.0
2024-10-16,8.59,8.59,8.76,8.52,148985.87,131764.822,0.9761363636363636,,0.0
2024-10-17,8.62,8.409999999999998,8.69,8.389999999999999,108415.76,94901.69,0.9756380510440834,,0.0
2024-10-18,8.36,8.639999999999999,8.739999999999998,8.36,110994.73,97578.72,0.976271186440678,,0.0
2024-10-21,8.69,8.69,8.809999999999999,8.54,122947.2,109306.968,0.9764044943820224,,0.0
2024-10-22,8.709999999999999,8.819999999999999,8.86,8.62,100094.07,89927.765,0.9767441860465116,,0.0
2024-10-23,8.84,8.809999999999999,8.909999999999998,8.75,101737.0,91904.484,0.9767184035476716,,0.0
2024-10-24,8.79,8.78,8.799999999999999,8.68,55010.0,49298.452,0.9766407119021132,,0.0
2024-10-25,8.77,8.969999999999999,8.969999999999999,8.77,106802.49,97399.808,0.9771241830065358,,0.0
2024-10-28,8.989999999999998,9.43,9.53,8.909999999999998,209639.14,197483.508,0.9782157676348548,,0.0
2024-10-29,9.44,9.06,9.47,9.04,194461.92,182646.213,0.977346278317152,,0.0
2024-10-30,9.06,9.1,9.2,8.94,95895.01,88980.95,0.9774436090225564,,0.0
2024-10-31,9.1,9.079999999999998,9.15,9.02,86311.43,80208.064,0.9773950484391818,,0.0
2024-11-01,9.03,8.76,9.09,8.75,102362.49,92969.14,0.9765886287625416,,0.0
2024-11-04,8.76,8.969999999999999,8.989999999999998,8.719999999999999,67257.0,61405.039,0.9771241830065358,,0.0
2024-11-05,8.92,9.19,9.28,8.92,120723.98,112486.48,0.977659574468085,,0.0
2024-11-06,9.17,9.329999999999998,9.489999999999998,9.079999999999998,199911.0,189962.995,0.9779874213836476,,0.0
2024-11-07,9.239999999999998,9.4,9.42,9.2,145484.14,138929.989,0.9781477627471384,,0.0
2024-11-08,9.489999999999998,9.32,9.53,9.27,120845.0,115816.008,0.9779643231899264,,0.0
2024-11-11,9.36,9.55,9.55,9.32,116792.27,112748.217,0.978483606557377,,0.0
2024-11-12,9.59,9.42,9.64,9.29,117289.76,114189.994,0.9781931464174454,,0.0
2024-11-13,9.34,9.44,9.47,9.19,73447.0,70145.381,0.9782383419689118,,0.0
2024-11-14,9.42,9.22,9.57,9.19,77112.27,73763.942,0.977730646871686,,0.0
2024-11-15,9.2,8.979999999999999,9.329999999999998,8.979999999999999,79718.0,74883.149,0.9771490750816104,,0.0
2024-11-18,9.03,8.889999999999999,9.17,8.829999999999998,71990.87,66002.234,0.9769230769230768,,0.0
2024-11-19,8.92,9.19,9.21,8.86,67333.0,62146.336,0.977659574468085,,0.0
2024-11-20,9.12,9.75,9.89,9.1,240182.92,235991.899,0.9789156626506024,,0.0
2024-11-21,9.67,9.9,9.989999999999998,9.6,213631.53,213856.445,0.9792284866468842,,0.0
2024-11-22,9.82,9.37,9.93,9.36,148715.13,145847.915,0.9780793319415448,,0.0
2024-11-25,9.38,9.68,9.77,9.19,138961.54,135460.527,0.9787664307381192,,0.0
2024-11-26,9.65,9.53,9.989999999999998,9.51,136305.36,136016.224,0.9784394250513346,,0.0
2024-11-27,9.47,9.56,9.56,9.13,121192.0,115547.281,0.9785056294779938,,0.0
2024-11-28,9.659999999999998,9.65,10.29,9.63,167525.73,167875.972,0.9787018255578092,,0.0
2024-11-29,9.71,10.15,10.239999999999998,9.659999999999998,251777.99,256828.017,0.9797297297297296,,0.0
2024-12-02,10.6,10.36,10.77,10.25,258380.44,274093.564,0.9801324503311256,,0.0
2024-12-03,10.37,10.52,11.15,10.37,302071.45,329859.662,0.9804287045666356,,0.0
2024-12-04,10.45,10.87,11.59,10.36,685614.13,776116.784,0.9810469314079422,,0.0
2024-12-05,10.6,11.31,11.42,10.6,591546.22,663000.834,0.9817708333333331,,0.0
2024-12-06,11.11,10.82,11.14,10.77,452287.82,502944.411,0.9809610154125112,,0.0
2024-12-09,10.56,10.56,10.86,10.45,261111.0,281148.573,0.98050139275766,,0.0
2024-12-10,10.739999999999998,10.53,10.81,10.5,278626.46,303149.94,0.9804469273743016,,0.0
2024-12-11,10.54,10.48,10.56,10.28,188046.66,199660.458,0.980355472404116,,0.0
2024-12-12,10.43,10.53,10.54,10.3,180493.98,192207.333,0.9804469273743016,,0.0
2024-12-13,10.4,10.2,10.45,10.2,148124.0,155688.483,0.9798270893371755,,0.0
2024-12-16,10.24,10.09,10.3,9.98,119487.66,122629.935,0.9853515625,,0.0
2024-12-17,10.1,9.76,10.12,9.69,121100.0,121355.018,0.9848637739656912,,0.0
2024-12-18,9.73,9.67,9.82,9.62,102548.0,101170.618,0.9847250509164968,,0.0
2024-12-19,9.74,10.65,10.65,9.71,315493.77,335244.532,0.986111111111111,,0.0
2024-12-20,10.35,10.41,10.6,10.27,371300.99,393338.544,0.9857954545454544,,0.0
2024-12-23,10.36,9.99,10.48,9.81,203732.94,208921.324,0.985207100591716,,0.0
2024-12-24,9.98,10.16,10.3,9.98,159675.0,164339.509,0.98545101842871,,0.0
2024-12-25,10.2,9.77,10.21,9.73,144784.28,144926.398,0.9848790322580644,,0.0
2024-12-26,9.81,10.11,10.37,9.74,220338.0,227872.334,0.9853801169590642,,0.0
2024-12-27,10.08,10.07,10.31,10.0,138843.94,142740.557,0.9853228962818004,,0.0
2024-12-30,9.96,9.95,10.07,9.84,100461.94,101522.647,0.9851485148514852,,0.0
2024-12-31,9.95,9.69,10.05,9.66,128360.76,128328.525,0.9847560975609756,,0.0
2025-01-02,9.7,9.33,9.72,9.19,128088.0,123248.306,0.9841772151898732,,0.0
2025-01-03,9.35,8.879999999999999,9.41,8.85,107381.0,98986.911,0.9833887043189368,,0.0
2025-01-06,8.879999999999999,8.95,9.06,8.69,76390.94,69014.868,0.9835164835164836,,0.0
2025-01-07,8.959999999999999,9.14,9.14,8.87,67122.44,61491.541,0.983853606027987,,0.0
2025-01-08,9.11,9.15,9.24,8.76,86695.0,79613.518,0.9838709677419356,,0.0
2025-01-09,9.09,9.19,9.25,9.05,68553.52,64003.689,0.9839400428265525,,0.0
2025-01-10,9.21,9.1,9.44,9.1,110072.44,103630.435,0.9837837837837836,,0.0
2025-01-13,8.95,9.27,9.31,8.82,91686.44,84913.128,0.9840764331210192,,0.0
2025-01-14,9.33,9.88,9.88,9.3,146680.0,143933.048,0.9850448654037884,,0.0
2025-01-15,9.85,9.85,9.92,9.78,83551.94,83522.111,0.985,,0.0
2025-01-16,9.85,9.84,10.01,9.74,72306.23,72464.185,0.984984984984985,,0.0
2025-01-17,9.82,9.84,9.88,9.75,57972.0,57854.071,0.984984984984985,,0.0
2025-01-20,9.88,10.04,10.08,9.85,92870.0,94212.553,0.985279685966634,,0.0
2025-01-21,10.27,10.25,10.35,10.08,156855.06,162373.378,0.985576923076923,,0.0
2025-01-22,10.18,10.46,10.57,10.17,192069.01,202755.117,0.9858623939679548,,0.0
2025-01-23,10.53,10.33,10.6,10.33,152927.2,162038.629,0.9856870229007634,,0.0
2025-01-24,10.25,10.35,10.39,10.18,104072.0,108644.944,0.9857142857142857,,0.0
2025-01-27,10.39,10.17,10.44,10.14,86488.0,89889.718,0.9854651162790696,,0.0
2025-02-05,10.23,10.09,10.3,10.07,72562.0,74871.077,0.9853515625,,0.0
2025-02-06,10.05,10.34,10.35,10.05,98069.5,102242.428,0.9857006673021924,,0.0
2025-02-07,10.33,10.4,10.53,10.28,116461.8,123027.407,0.985781990521327,,0.0
2025-02-10,10.4,10.34,10.47,10.3,94814.0,99483.705,0.9857006673021924,,0.0
2025-02-11,10.32,10.29,10.35,10.17,64863.0,67554.845,0.985632183908046,,0.0
2025-02-12,10.32,10.56,10.61,10.3,129225.94,137074.184,0.9859943977591036,,0.0
2025-02-13,10.5,10.26,10.55,10.26,95549.67,100727.68,0.9855907780979828,,0.0
2025-02-14,10.26,10.14,10.35,10.11,82516.0,85417.923,0.9854227405247812,,0.0
2025-02-17,10.15,10.2,10.27,10.11,86105.0,88919.918,0.9855072463768116,,0.0
2025-02-18,10.18,10.15,10.41,10.12,91847.0,95381.027,0.9854368932038836,,0.0
2025-02-19,10.09,10.74,10.76,10.09,235992.29,253505.058,0.9862258953168044,,0.0
2025-02-20,10.75,10.8,10.81,10.6,162566.0,176817.168,0.9863013698630136,,0.0
2025-02-21,10.75,10.81,10.89,10.69,162788.0,178351.992,0.9863138686131386,,0.0
2025-02-24,10.8,10.86,11.08,10.58,154599.0,169657.942,0.9863760217983653,,0.0
2025-02-25,10.73,11.01,11.1,10.66,169799.7,189040.528,0.9865591397849462,,0.0
2025-02-26,11.09,11.31,11.54,11.08,287170.0,329948.642,0.986910994764398,,0.0
2025-02-27,11.28,11.09,11.28,10.85,204917.0,230210.467,0.9866548042704626,,0.0
2025-02-28,11.04,10.62,11.09,10.59,129707.0,141622.413,0.9860724233983288,,0.0
2025-03-03,10.7,10.62,10.84,10.55,104947.29,113640.926,0.9860724233983288,,0.0
2025-03-04,10.52,10.82,10.92,10.5,97151.0,106284.696,0.9863263445761168,,0.0
2025-03-05,10.79,11.22,11.24,10.71,165306.0,184729.564,0.9868073878627968,,0.0
2025-03-06,11.2,11.14,11.28,11.12,137559.0,156101.256,0.9867139061116031,,0.0
2025-03-07,11.07,11.31,11.38,11.07,160084.61,182309.224,0.986910994764398,,0.0
2025-03-10,11.54,11.83,12.46,11.48,511072.97,618966.5,0.9874791318864774,,0.0
2025-03-11,11.62,11.84,12.16,11.6,383367.83,460275.048,0.987489574645538,,0.0
2025-03-12,11.97,12.04,12.25,11.97,367907.84,450801.149,0.9876948318293683,,0.0
2025-03-13,12.02,11.65,12.08,11.52,237069.44,281728.433,0.9872881355932204,,0.0
2025-03-14,11.66,11.69,11.77,11.42,182717.0,215192.16,0.987331081081081,,0.0
2025-03-17,11.73,11.58,11.77,11.47,146336.84,171280.691,0.9872122762148338,,0.0
2025-03-18,11.56,12.75,12.75,11.56,824940.56,1044094.811,0.9883720930232558,,0.0
2025-03-19,13.05,12.32,13.3,12.25,825504.39,1054633.171,0.9879711307137128,,0.0
2025-03-20,12.51,12.78,13.08,12.28,694002.83,890237.592,0.988399071925754,,0.0
2025-03-21,12.6,12.65,13.02,12.31,559528.07,717660.342,0.98828125,,0.0
2025-03-24,12.65,11.96,12.84,11.66,471873.99,577364.379,0.9876135425268372,,0.0
2025-03-25,12.16,11.74,12.3,11.68,284485.56,344635.167,0.9873843566021868,,0.0
2025-03-26,11.52,11.87,12.08,11.49,240657.0,288886.565,0.9875207986688852,,0.0
2025-03-27,11.87,11.67,12.14,11.43,258913.56,308447.832,0.9873096446700508,,0.0
2025-03-28,11.85,11.9,12.64,11.77,327606.56,401380.78,0.987551867219917,,0.0
2025-03-31,11.79,11.38,11.9,10.96,314667.52,359870.464,0.986990459670425,,0.0
2025-04-01,11.46,11.05,11.48,11.04,204949.14,232091.424,0.9866071428571428,,0.0
2025-04-02,11.02,11.55,11.83,10.99,318927.17,369192.811,0.9871794871794872,,0.0
2025-04-03,11.33,11.09,11.64,11.02,203070.56,231284.436,0.9866548042704626,,0.0
2025-04-07,10.35,9.97,10.4,9.97,220065.0,223799.585,0.9851778656126482,,0.0
2025-04-08,9.81,9.15,9.95,8.959999999999999,306804.25,290398.213,0.9838709677419356,,0.0
2025-04-09,8.959999999999999,9.21,9.34,8.25,213896.0,193227.535,0.9839743589743588,,0.0
2025-04-10,9.6,9.53,9.81,9.51,209878.0,206011.417,0.9845041322314048,,0.0
2025-04-11,9.36,9.68,9.89,9.36,156476.0,154343.378,0.9847405900305188,,0.0
2025-04-14,9.83,9.8,10.06,9.77,118565.0,119049.252,0.9849246231155778,,0.0
2025-04-15,9.78,9.94,9.95,9.71,98457.0,98387.471,0.9851337958374627,,0.0
2025-04-16,9.86,9.65,9.92,9.51,99689.26,98223.139,0.9846938775510204,,0.0
2025-04-17,9.62,9.69,9.87,9.59,66821.0,66161.263,0.9847560975609756,,0.0
2025-04-18,9.7,9.77,9.86,9.59,74952.0,73983.715,0.9848790322580644,,0.0
2025-04-21,9.77,10.17,10.17,9.71,111655.42,113167.821,0.9854651162790696,,0.0
2025-04-22,10.07,9.97,10.1,9.85,122374.0,123816.044,0.9851778656126482,,0.0
2025-04-23,10.1,10.24,10.31,10.0,143159.99,148098.977,0.985563041385948,,0.0
2025-04-24,10.2,10.07,10.29,9.99,106577.0,109687.707,0.9853228962818004,,0.0
2025-04-25,10.08,10.06,10.21,10.0,84667.0,86743.239,0.9853085210577864,,0.0
2025-04-28,10.08,9.84,10.09,9.82,71691.0,71966.617,0.984984984984985,,0.0
2025-04-29,9.83,10.01,10.07,9.81,69928.42,70973.709,0.9852362204724407,,0.0
2025-04-30,10.01,10.12,10.24,9.97,84651.0,86911.325,0.98539435248296,,0.0
2025-05-06,10.27,10.33,10.39,10.21,105924.0,110811.468,0.9856870229007634,,0.0
2025-05-07,10.45,10.34,10.49,10.24,128729.0,135595.924,0.9857006673021924,,0.0
2025-05-08,10.31,10.64,10.7,10.29,128176.0,137268.467,0.9860982391102872,,0.0
2025-05-09,10.65,10.57,10.93,10.52,129533.75,139969.774,0.9860074626865672,,0.0
2025-05-12,10.85,10.92,11.41,10.81,227055.0,254275.118,0.9864498644986448,,0.0
2025-05-13,11.15,11.03,11.29,10.87,157158.18,176425.299,0.9865831842576028,,0.0
2025-05-14,10.94,10.91,11.11,10.83,106155.9,117760.525,0.9864376130198916,,0.0
2025-05-15,10.97,10.69,10.97,10.6,99361.0,107899.654,0.9861623616236164,,0.0
2025-05-16,10.69,11.09,11.39,10.65,206557.77,232381.658,0.9866548042704626,,0.0
2025-05-19,11.28,11.41,12.02,11.25,276838.0,323698.005,0.9870242214532872,,0.0
2025-05-20,11.35,12.1,12.57,11.2,688514.54,845806.692,0.9877551020408164,,0.0
2025-05-21,12.05,11.61,12.13,11.6,357854.94,426576.083,0.9872448979591836,,0.0
2025-05-22,11.69,11.7,12.03,11.66,247095.87,296857.864,0.9873417721518988,,0.0
2025-05-23,11.65,11.51,12.26,11.51,261367.0,312675.934,0.9871355060034304,,0.0
2025-05-26,11.42,11.85,11.9,11.31,261639.0,306648.514,0.9875,,0.0
2025-05-27,11.73,12.17,12.3,11.68,294965.02,360700.401,0.9878246753246752,,0.0
2025-05-28,12.17,11.92,12.25,11.85,156278.96,189545.105,0.9875724937862468,,0.0
2025-05-29,11.93,11.84,12.02,11.75,149013.0,179000.357,0.987489574645538,,0.0
2025-05-30,11.75,11.77,12.11,11.38,237063.0,282754.845,0.9874161073825504,,0.0
2025-06-03,11.76,11.57,11.86,11.55,119244.0,140825.923,0.9872013651877132,,0.0
2025-06-04,11.55,11.78,11.92,11.55,126366.25,150352.528,0.9874266554903603,,0.0
2025-06-05,11.67,12.02,12.08,11.56,170165.93,204329.751,0.9876746096959736,,0.0
2025-06-06,11.98,11.98,12.17,11.8,152829.37,184978.316,0.9876339653751032,,0.0
2025-06-09,12.0,12.02,12.21,11.87,118987.37,145180.38,0.9876746096959736,,0.0
2025-06-10,11.93,11.64,12.01,11.45,184375.0,217496.243,0.9872773536895674,,0.0
2025-06-11,11.63,11.61,11.71,11.57,90401.32,106510.424,0.9872448979591836,,0.0
2025-06-12,11.58,11.46,11.63,11.36,100690.27,117146.67,0.9870801033591732,,0.0
2025-06-13,11.38,11.21,11.46,11.19,97321.0,111290.236,0.9867957746478871,,0.0
2025-06-16,11.21,11.2,11.3,11.11,67324.0,76463.771,0.986784140969163,,0.0
2025-06-17,11.17,11.25,11.29,11.14,61185.0,69581.305,0.986842105263158,,0.0
2025-06-18,11.37,11.27,11.37,11.15,71458.0,81540.102,0.9868651488616462,,0.0
2025-06-19,11.22,10.86,11.33,10.13,120408.0,134547.696,0.9863760217983653,,0.0
2025-06-20,10.85,11.33,11.7,10.84,285391.01,329490.563,0.9869337979094076,,0.0
2025-06-23,11.22,11.74,11.89,11.22,180462.01,213462.514,0.9873843566021868,,0.0
2025-06-24,11.65,11.89,12.05,11.65,157314.0,189898.621,0.9875415282392026,,0.0
2025-06-25,11.83,11.82,11.95,11.7,115714.0,138134.09,0.987468671679198,,0.0
2025-06-26,11.85,11.69,11.92,11.65,88029.0,105058.416,0.987331081081081,,0.0
2025-06-27,11.69,12.19,12.31,11.63,197923.8,240121.771,0.9878444084278768,,0.0
2025-06-30,12.57,12.0,12.79,11.95,230670.81,285762.903,0.9876543209876544,,0.0
2025-07-01,12.03,12.0,12.1,11.73,144854.82,174810.635,0.9876543209876544,,0.0
2025-07-02,11.92,11.71,12.0,11.68,116195.0,138797.09,0.9873524451939292,,0.0
2025-07-03,11.68,11.71,11.78,11.66,73660.0,87429.664,0.9873524451939292,,0.0
2025-07-04,11.66,11.59,11.75,11.47,97385.0,114373.519,0.9872231686541736,,0.0
2025-07-07,11.54,11.54,11.59,11.4,80320.0,93437.615,0.9871685201026518,,0.0
2025-07-08,11.5,11.59,11.63,11.47,71576.0,83887.147,0.9872231686541736,,0.0
2025-07-09,11.6,11.51,11.74,11.5,90261.9,106235.837,0.9871355060034304,,0.0
2025-07-10,11.51,11.45,11.59,11.39,89700.0,104330.868,0.9870689655172412,,0.0
2025-07-11,11.46,11.46,11.52,11.31,71500.89,82683.921,0.9870801033591732,,0.0
2025-07-14,11.43,11.71,11.75,11.43,100576.0,118626.406,0.9873524451939292,,0.0
2025-07-15,11.7,11.58,11.75,11.5,78294.58,91934.392,0.9872122762148338,,0.0
2025-07-16,11.59,11.79,11.81,11.59,93492.14,110491.257,0.9940978077571668,,0.0
2025-07-17,11.81,11.76,11.81,11.67,67538.0,79733.289,0.9940828402366864,,0.0
2025-07-18,11.77,11.74,11.8,11.64,75943.0,89436.78,0.9940728196443692,,0.0
2025-07-21,11.78,11.84,11.86,11.7,100911.0,119709.75,0.9941225860621328,,0.0
2025-07-22,11.84,12.12,12.33,11.84,201377.0,245577.251,0.9942575881870386,,0.0
2025-07-23,12.11,11.96,12.13,11.93,102667.0,124281.902,0.9941812136325852,,0.0
2025-07-24,11.98,12.18,12.46,11.98,164201.77,202228.875,0.9942857142857142,,0.0
2025-07-25,12.33,12.81,12.99,12.2,385321.25,492172.235,0.9945652173913044,,0.0
2025-07-28,12.79,12.54,12.94,12.5,220035.11,279266.008,0.9944488501189532,,0.0
2025-07-29,12.53,12.36,12.54,12.19,146345.0,181190.567,0.994368463395012,,0.0
2025-07-30,12.33,12.37,12.48,12.26,129292.81,160589.069,0.9943729903536976,,0.0
2025-07-31,12.36,12.12,12.69,11.98,206862.0,256670.885,0.9942575881870386,,0.0
2025-08-01,12.09,12.23,12.31,12.04,92430.58,113198.76,0.9943089430894309,,0.0
2025-08-04,12.14,13.46,13.46,12.09,623507.41,821571.558,0.9948263118994826,,0.0
2025-08-05,13.46,13.35,13.66,13.24,541724.55,728156.555,0.99478390461997,,0.0
2025-08-06,13.46,13.79,13.91,13.3,585687.33,804704.824,0.9949494949494948,,0.0
2025-08-07,13.67,13.33,13.71,13.32,337369.05,455162.723,0.994776119402985,,0.0
2025-08-08,13.36,13.2,13.46,13.13,238530.28,317666.0,0.9947249434815372,,0.0
2025-08-11,13.23,13.24,13.29,13.11,195215.09,259107.724,0.994740796393689,,0.0
2025-08-12,13.25,13.54,13.54,13.08,291651.75,389147.364,0.9948567229977956,,0.0
2025-08-13,13.47,13.6,13.79,13.38,307076.84,420238.575,0.9948792977322604,,0.0
2025-08-14,13.54,14.03,14.03,13.4,383016.05,530057.034,0.9950354609929076,,0.0
2025-08-15,13.93,14.06,14.07,13.7,303624.58,424837.553,0.995046001415428,,0.0
2025-08-18,14.07,14.0,14.19,13.86,235116.51,330960.443,0.9950248756218906,,0.0
2025-08-19,13.91,13.67,13.91,13.48,250818.17,344320.997,0.99490538573508,,0.0
2025-08-20,13.58,13.79,13.85,13.52,144757.94,199203.505,0.9949494949494948,,0.0
2025-08-21,13.81,13.43,13.83,13.34,185233.6,251023.898,0.9948148148148148,,0.0
2025-08-22,13.53,13.96,14.31,13.41,320373.2,445487.062,0.9950106913756236,,0.0
2025-08-25,14.24,13.99,14.68,13.82,279322.0,393600.864,0.9950213371266002,,0.0
2025-08-26,13.83,13.86,14.04,13.73,155221.88,216610.237,0.9949748743718592,,0.0
2025-08-27,13.87,14.05,14.73,13.87,376176.07,542108.728,0.995042492917847,,0.0
2025-08-28,13.8,13.85,13.98,13.34,250540.86,344920.396,0.994971264367816,,0.0
2025-08-29,13.85,13.61,13.9,13.54,136310.01,187644.969,0.9948830409356724,,0.0
2025-09-01,13.83,14.06,14.18,13.7,235515.72,331723.592,0.995046001415428,,0.0
2025-09-02,14.35,13.57,14.37,13.25,268928.54,366838.19,0.9948680351906158,,0.0
2025-09-03,13.51,13.17,13.78,13.13,122675.08,164684.527,0.994712990936556,,0.0
2025-09-04,13.16,12.95,13.34,12.74,139561.61,183841.04,0.9946236559139784,,0.0
2025-09-05,13.01,13.84,13.89,12.99,244339.76,333204.409,0.9949676491732566,,0.0
2025-09-08,13.84,14.1,14.27,13.78,244552.06,345507.718,0.995059985885674,,0.0
2025-09-09,13.97,14.05,14.23,13.8,156868.54,220443.101,0.995042492917847,,0.0
2025-09-10,14.32,14.4,15.13,14.16,379200.98,556229.711,0.995162404975812,,0.0
2025-09-11,14.34,14.34,14.4,14.05,216098.91,309457.61,0.9951422623178348,,0.0
2025-09-12,14.35,13.73,14.37,13.67,295901.0,413300.231,0.994927536231884,,0.0
2025-09-15,13.7,13.65,13.82,13.59,122534.81,168317.412,0.9948979591836734,,0.0
2025-09-16,13.64,13.86,13.89,13.52,141169.19,194600.567,0.9949748743718592,,0.0
2025-09-17,13.83,14.06,14.17,13.75,179303.0,252775.12,0.995046001415428,,0.0
2025-09-18,13.96,13.84,14.21,13.65,186466.16,261900.412,0.9949676491732566,,0.0
2025-09-19,13.74,13.57,13.81,13.45,116031.86,158585.377,0.9948680351906158,,0.0
2025-09-22,13.58,13.52,13.72,13.4,90139.72,122577.209,0.9948491537895512,,0.0
2025-09-23,13.57,13.3,13.57,13.0,133637.43,177564.303,0.9947643979057592,,0.0
2025-09-24,13.19,13.49,13.49,13.06,116810.15,156316.134,0.9948377581120944,,0.0
2025-09-25,13.43,13.21,13.52,13.18,96677.13,129400.129,0.9947289156626504,,0.0
2025-09-26,13.21,13.52,13.91,13.01,247499.37,334577.55,0.9948491537895512,,0.0
2025-09-29,14.03,13.73,14.21,13.5,260788.46,361851.641,0.994927536231884,,0.0
2025-09-30,13.73,14.15,14.19,13.54,271481.44,380061.714,0.9950773558368496,,0.0
2025-10-09,14.03,15.2,15.4,14.03,469867.71,703139.822,0.9954158480681072,,0.0
2025-10-10,15.12,15.53,16.09,14.93,434074.4,679310.052,0.9955128205128204,,0.0
2025-10-13,14.93,15.74,15.83,14.93,316854.09,489238.811,0.995572422517394,,0.0
2025-10-14,16.02,15.72,16.83,15.63,378139.64,614937.293,0.9955668144395188,,0.0
2025-10-15,15.78,16.259999999999998,16.43,15.75,273499.1,440908.021,0.9957134109001836,,0.0
2025-10-16,16.32,15.83,16.43,15.76,216758.56,348568.503,0.9955974842767296,,0.0
2025-10-17,15.83,14.92,15.83,14.85,290765.21,445596.514,0.9953302201467644,,0.0
2025-10-20,15.07,14.78,15.17,14.64,194349.07,289510.242,0.9952861952861952,,0.0
2025-10-21,14.87,15.13,15.26,14.87,148054.75,224642.066,0.9953947368421052,,0.0
2025-10-22,15.03,14.96,15.31,14.91,119700.43,181153.434,0.9953426480372588,,0.0
2025-10-23,14.83,14.68,14.89,14.42,115815.94,169914.012,0.9952542372881356,,0.0
2025-10-24,14.78,15.01,15.12,14.63,123684.53,185461.293,0.9953580901856764,,0.0
2025-10-27,15.49,15.85,16.08,15.24,326960.95,515254.197,0.9956030150753769,,0.0
2025-10-28,15.53,15.38,15.75,15.15,204871.05,315834.07,0.9954692556634304,,0.0
2025-10-29,15.53,15.64,15.94,15.23,218200.63,342117.33,0.9955442393380012,,0.0
2025-10-30,15.62,15.19,15.88,15.14,207563.32,322101.907,0.9954128440366972,,0.0
2025-10-31,15.21,15.25,15.44,15.12,128475.73,197239.186,0.9954308093994778,,0.0
2025-11-03,15.25,15.12,15.31,14.84,119786.49,181206.902,0.9953917050691244,,0.0
2025-11-04,15.29,14.93,15.38,14.79,118562.0,178993.338,0.9953333333333332,,0.0
2025-11-05,14.78,15.05,15.13,14.53,102417.27,153143.508,0.9953703703703703,,0.0
2025-11-06,15.05,15.2,15.47,14.98,119719.13,183161.455,0.9954158480681072,,0.0
2025-11-07,15.17,15.29,15.6,14.98,144131.67,221073.418,0.9954427083333331,,0.0
2025-11-10,15.29,15.58,15.84,14.81,262321.97,404689.862,0.9955271565495208,,0.0
2025-11-11,15.54,15.46,15.68,15.4,113340.21,176786.564,0.995492594977463,,0.0
2025-11-12,15.35,15.21,15.66,14.99,148333.47,228254.003,0.9954188481675392,,0.0
2025-11-13,15.23,15.87,16.009999999999998,15.13,258511.04,408137.315,0.9956085319949812,,0.0
2025-11-14,15.87,15.43,15.87,15.43,158807.52,249605.366,0.995483870967742,,0.0
2025-11-17,15.33,14.77,15.43,14.77,176455.0,265970.787,0.9952830188679244,,0.0
2025-11-18,14.76,14.85,14.91,14.43,117864.55,174689.016,0.995308310991957,,0.0
2025-11-19,14.8,14.11,14.95,13.93,191677.98,274736.353,0.9950634696755994,,0.0
2025-11-20,14.11,14.04,14.3,14.01,71225.0,101001.189,0.9950389794472004,,0.0
2025-11-21,13.83,13.46,14.01,13.45,109879.4,151111.115,0.9948263118994826,,0.0
2025-11-24,13.58,13.68,13.7,13.42,78033.15,106374.465,0.9949090909090909,,0.0
2025-11-25,13.68,13.87,14.41,13.65,113567.66,159570.832,0.9949784791965568,,0.0
2025-11-26,13.81,13.59,13.98,13.58,95266.53,131777.224,0.9948755490483162,,0.0
2025-11-27,13.49,13.49,13.77,13.48,78251.57,107073.308,0.9948377581120944,,0.0
2025-11-28,13.48,13.95,14.04,13.37,103186.09,142599.081,0.9950071326676176,,0.0
2025-12-01,14.16,14.91,14.99,13.98,250253.99,369420.12,0.9953271028037384,,0.0
2025-12-02,14.93,14.96,15.12,14.81,123949.0,185961.15,0.9953426480372588,,0.0
2025-12-03,14.93,14.83,15.13,14.79,82829.94,124269.518,0.9953020134228188,,0.0
2025-12-04,14.93,16.11,16.26,14.73,324345.9,507240.584,0.9987600743955364,,0.0
2025-12-05,16.19,16.47,16.57,15.5,441432.55,714587.658,0.9987871437234688,,0.0
2025-12-08,16.46,15.48,16.580000000000002,15.31,386559.91,605327.25,0.9987096774193548,,0.0
2025-12-09,15.33,14.91,15.59,14.88,299379.91,454852.355,0.998660415271266,,0.0
2025-12-10,14.91,14.77,15.05,14.6,141150.54,209009.304,0.9986477349560514,,0.0
2025-12-11,14.78,14.31,14.83,14.31,125991.0,182679.347,0.9986043265875786,,0.0
2025-12-12,14.36,14.08,14.41,14.08,131010.0,186529.593,0.998581560283688,,0.0
2025-12-15,14.08,14.06,14.22,14.0,102615.72,144786.037,0.9985795454545456,,0.0
2025-12-16,14.03,13.55,14.06,13.51,162460.38,222217.848,0.9985261606484892,,0.0
2025-12-17,13.55,13.77,13.8,13.3,135879.0,184697.36,0.9985496736765772,,0.0
2025-12-18,13.77,13.99,14.74,13.72,276196.86,394739.456,0.9985724482512492,,0.0
2025-12-19,14.0,14.06,14.11,13.9,122998.81,172696.475,0.9985795454545456,,0.0
2025-12-22,14.18,13.94,14.19,13.86,152606.0,213873.709,0.998567335243553,,0.0
2025-12-23,13.91,14.0,14.1,13.82,116893.1,163672.71,0.9985734664764624,,0.0
2025-12-24,13.98,14.32,14.34,13.88,183735.81,261470.222,0.99860529986053,,0.0
2025-12-25,14.28,15.02,15.12,14.17,286358.25,424767.717,0.9986702127659576,,0.0
2025-12-26,14.98,14.98,15.23,14.83,185756.68,279830.703,0.9986666666666668,,0.0
2025-12-29,15.09,15.14,15.38,14.98,195578.53,296839.811,0.9986807387862796,,0.0
2025-12-30,15.01,15.1,15.27,14.9,176309.0,266700.333,0.9986772486772488,,0.0
2025-12-31,15.2,15.03,15.33,14.92,195411.89,295215.737,0.998671096345515,,0.0
2026-01-05,15.0,14.75,15.04,14.58,201833.99,298238.771,0.998645903859174,,0.0
2026-01-06,14.76,14.92,15.02,14.68,152708.96,226880.412,0.998661311914324,,0.0
2026-01-07,14.83,15.06,15.28,14.78,154373.56,233267.811,0.9986737400530504,,0.0
2026-01-08,14.99,15.03,15.21,14.95,121757.44,183813.078,0.998671096345515,,0.0
2026-01-09,14.98,14.87,15.33,14.79,203466.0,305197.263,0.9986568166554736,,0.0
2026-01-12,14.88,14.87,14.98,14.64,185097.55,274837.531,0.9986568166554736,,0.0
2026-01-13,14.87,14.6,14.96,14.45,166072.9,244292.761,0.9986320109439124,,0.0
2026-01-14,14.63,15.13,15.3,14.61,324864.51,489047.086,0.9986798679867988,,0.0
2026-01-15,15.03,15.28,15.48,14.79,252659.82,383389.121,0.9986928104575163,,0.0
2026-01-16,15.3,15.74,15.95,15.23,308960.0,485258.129,0.9987309644670052,,0.0
2026-01-19,15.86,15.76,15.95,15.58,186017.6,294019.107,0.9987325728770596,,0.0
2026-01-20,15.74,15.9,16.16,15.7,220265.88,351484.87,0.9987437185929648,,0.0
2026-01-21,15.83,16.38,16.53,15.6,250113.81,404844.029,0.998780487804878,,0.0
2026-01-22,16.38,16.91,17.17,15.990000000000002,336284.01,561415.597,0.9988186650915536,,0.0
2026-01-23,16.830000000000002,16.63,16.86,16.34,228310.74,378908.089,0.9987987987987988,,0.0
2026-01-26,16.77,16.740000000000002,17.27,16.490000000000002,256370.52,432978.03,0.9988066825775656,,0.0
2026-01-27,16.78,16.79,16.89,16.01,183825.52,303539.532,0.998810232004759,,0.0
2026-01-28,16.6,15.74,16.69,15.44,352303.44,556195.061,0.9987309644670052,,0.0
2026-01-29,15.77,14.98,15.86,14.98,230339.15,354164.055,0.9986666666666668,,0.0
2026-01-30,15.03,15.83,15.96,14.7,281275.6,434052.591,0.9987381703470032,,0.0
2026-02-02,15.63,15.34,15.88,15.28,149997.01,233148.608,0.9986979166666669,,0.0
2026-02-03,15.41,15.52,15.58,15.23,93217.0,144032.294,0.9987129987129988,,0.0
2026-02-04,15.48,15.45,15.84,15.21,135461.4,210197.315,0.9987071751777634,,0.0
2026-02-05,15.45,15.13,15.67,15.1,102692.0,157757.39,0.9986798679867988,,0.0
2026-02-06,15.16,15.57,15.83,15.06,168856.13,262855.96,0.9987171263630532,,0.0
2026-02-09,15.65,15.75,15.87,15.41,135695.0,211883.375,0.9987317691819912,,0.0
2026-02-10,15.75,15.76,16.37,15.63,150548.48,239955.497,0.9987325728770596,,0.0
2026-02-11,15.76,15.55,16.04,15.49,131837.42,207309.995,0.9987154784842648,,0.0
2026-02-12,15.69,15.91,16.23,15.55,191087.29,304328.968,0.9987445072190836,,0.0
2026-02-13,15.87,15.61,15.95,15.61,109841.93,173121.502,0.99872040946897,,0.0
2026-02-24,15.75,15.52,15.81,15.51,102564.34,160529.054,0.9987129987129988,,0.0
2026-02-25,15.52,15.56,15.7,15.31,93774.82,145827.81,0.9987163029525032,,0.0
2026-02-26,15.58,15.31,15.61,15.31,114953.05,177211.621,0.9986953685583824,,0.0
2026-02-27,15.34,15.16,15.34,15.04,122000.7,185354.086,0.9986824769433466,,0.0
2026-03-02,14.93,14.32,15.02,14.26,193841.17,282081.388,0.99860529986053,,0.0
2026-03-03,14.33,13.76,14.47,13.76,121744.77,171176.349,0.9985486211901308,,0.0
2026-03-04,13.74,13.79,13.96,13.58,79443.15,109804.166,0.998551774076756,,0.0
2026-03-05,14.02,13.96,14.14,13.9,76122.01,106995.196,0.9985693848354792,,0.0
2026-03-06,13.96,14.17,14.29,13.86,71367.01,101203.23,0.9985905567300916,,0.0
2026-03-09,13.99,13.74,13.99,13.52,117623.96,161380.415,0.998546511627907,,0.0
2026-03-10,13.86,14.26,14.33,13.86,104662.64,148880.421,0.9985994397759104,,0.0
2026-03-11,14.38,14.18,14.68,14.17,79253.65,113674.651,0.9985915492957746,,0.0
2026-03-12,14.1,14.07,14.41,13.99,72055.51,102273.343,0.9985805535841022,,0.0
2026-03-13,14.08,13.84,14.15,13.82,66936.43,93684.719,0.9985569985569986,,0.0
2026-03-16,13.84,13.94,14.12,13.75,80914.05,112771.843,0.998567335243553,,0.0
2026-03-17,13.97,13.51,14.19,13.51,93563.0,129376.322,0.9985218033998522,,0.0
2026-03-18,13.61,13.57,13.68,13.38,59146.23,79848.472,0.9985283296541576,,0.0
2026-03-19,13.33,13.22,13.37,13.12,78814.0,104468.445,0.9984894259818732,,0.0
2026-03-20,13.24,13.25,13.42,13.11,57797.85,76678.266,0.998492840994725,,0.0
2026-03-23,13.05,12.2,13.05,12.1,125658.98,157684.013,0.9983633387888708,,0.0
2026-03-24,12.43,12.6,12.63,12.17,85747.53,106428.726,0.9984152139461172,,0.0
2026-03-25,12.66,12.91,13.02,12.62,72368.39,93120.463,0.9984532095901004,,0.0
2026-03-26,12.88,12.75,12.95,12.69,39675.0,50902.821,0.9984338292873924,,0.0
2026-03-27,12.64,12.86,12.93,12.59,40964.0,52583.976,0.998447204968944,,0.0
2026-03-30,12.68,12.82,12.91,12.63,41884.27,53707.883,0.9984423676012462,,0.0
2026-03-31,12.88,12.71,13.01,12.7,45255.91,58268.314,0.9984289080911234,,0.0
2026-04-01,12.93,12.97,13.03,12.85,54578.0,70711.519,0.9984603541185528,,0.0
2026-04-02,12.98,12.77,13.04,12.7,45049.0,57961.482,0.9984362783424552,,0.0
2026-04-03,12.86,12.5,12.88,12.45,44367.5,55792.833,0.9984025559105432,,0.0
2026-04-07,12.51,12.54,12.72,12.49,40746.0,51433.63,0.998407643312102,,0.0
2026-04-08,12.88,13.1,13.1,12.82,87718.46,114160.386,0.9984756097560976,,0.0
2026-04-09,12.98,12.89,13.06,12.87,45418.2,58886.392,0.9984508133230054,,0.0
2026-04-10,12.98,13.13,13.38,12.97,72326.0,95783.71,0.9984790874524716,,0.0
2026-04-13,13.03,13.24,13.29,13.03,51794.0,68540.732,0.9984917043740572,,0.0
2026-04-14,13.31,13.28,13.34,13.19,48413.9,64320.482,0.9984962406015038,,0.0
2026-04-15,13.4,13.18,13.53,13.16,53739.0,71620.018,0.9984848484848484,,0.0
2026-04-16,13.26,13.31,13.32,13.18,41806.0,55497.905,0.9984996249062266,,0.0
2026-04-17,13.28,13.34,13.37,13.19,46483.25,61819.319,0.998502994011976,,0.0
2026-04-20,13.34,13.37,13.43,13.18,53745.44,71794.361,0.9985063480209112,,0.0
2026-04-21,13.29,13.07,13.37,12.94,81959.43,107313.421,0.998472116119175,,0.0
2026-04-22,13.04,13.09,13.17,13.01,47958.69,62869.193,0.9984744469870328,,0.0
2026-04-23,13.09,12.82,13.13,12.78,58452.0,75433.301,0.9984423676012462,,0.0
2026-04-24,12.86,12.93,13.0,12.72,50387.0,64978.438,0.9984555984555984,,0.0
2026-04-27,12.94,13.13,13.14,12.78,53926.0,70258.739,0.9984790874524716,,0.0
2026-04-28,13.13,12.74,13.13,12.7,65519.82,84556.71,0.9984326018808778,,0.0
2026-04-29,12.69,12.92,13.0,12.66,55427.96,71633.239,0.9984544049459042,,0.0
2026-04-30,12.89,12.83,13.0,12.81,51053.33,66047.247,0.998443579766537,,0.0
2026-05-06,12.87,12.96,13.06,12.87,55132.47,71594.682,0.9984591679506934,,0.0
2026-05-07,13.0,13.24,13.32,12.99,85468.67,113177.141,0.9984917043740572,,0.0
2026-05-08,13.24,13.48,13.52,13.15,101836.29,136991.634,0.9985185185185186,,0.0
2026-05-11,13.46,13.36,13.53,13.29,783858300.0,1048525510.0,0.9985052316890882,,0.0
2026-05-12,13.36,13.06,13.48,13.04,87114.75,115205.156,0.9984709480122324,,0.0
2026-05-13,13.06,13.2,13.26,12.91,83442.75,109466.013,0.9984871406959152,,0.0
2026-05-14,13.19,12.81,13.24,12.81,78885.5,102190.144,0.9984411535463756,,0.0
2026-05-15,12.79,13.01,13.21,12.78,82144.0,107152.696,0.9984650805832694,,0.0
2026-05-18,12.93,12.72,12.93,12.62,77246.5,98723.086,0.998430141287284,,0.0
2026-05-19,12.72,12.83,12.89,12.55,71462.0,91032.604,0.998443579766537,,0.0
2026-05-20,12.78,12.78,12.94,12.43,100799.0,127807.728,0.9984375,,0.0
2026-05-21,12.78,12.61,13.02,12.61,91663.15,118237.244,0.9984164687252574,,0.0
2026-05-22,12.69,12.9,13.02,12.48,68392.47,87445.388,0.9984520123839008,,0.0
2026-05-25,12.89,12.79,12.96,12.73,59230.29,76075.452,0.9984387197501952,,0.0
2026-05-26,12.79,12.48,12.85,12.31,79861.76,100028.089,0.9984,,0.0
2026-05-27,12.46,12.23,12.55,12.16,67265.88,82802.368,0.9983673469387756,,0.0
2026-05-28,12.3,12.92,13.28,12.1,173828.06,224752.839,0.9984544049459042,,0.0
2026-05-29,12.85,12.26,12.96,12.26,102369.24,128294.65498,0.998371335504886,,0.0
2026-06-01,12.14,12.19,12.43,12.14,59459.51,73079.82924,0.9983619983619983,,0.0
2026-06-02,12.2,12.49,12.86,12.16,110024.09,137813.65891,0.9984012789768186,,0.0
2026-06-03,12.53,12.51,12.8,12.38,86942.31,109877.66171,0.9984038308060654,,0.0
2026-06-04,12.4,12.25,12.65,12.18,80217.55,99382.534,0.9983700081499592,,0.0
2026-06-05,12.25,12.39,12.64,11.93,93475.64,115375.422,0.9983883964544722,,0.0
2026-06-08,12.08,12.18,12.4,12.0,58047.0,70805.39235,0.9983606557377048,,0.0
2026-06-09,12.47,12.4,12.47,12.14,42101.69,51847.49701,0.998389694041868,,0.0
2026-06-10,12.29,12.11,12.36,12.04,46976.75,57175.21134,0.9983511953833472,,0.0
2026-06-11,12.06,11.88,12.21,11.79,51192.72,61353.75841,0.9983193277310924,,0.0
2026-06-12,11.98,11.92,12.15,11.84,56835.0,68367.096,0.9983249581239532,,0.0
2026-06-15,11.98,12.14,12.16,11.98,50813.9,61517.5371,0.9983552631578948,,0.0
2026-06-16,12.16,12.31,12.48,12.01,72944.77,89759.36149,0.9983779399837794,,0.0
2026-06-17,12.24,11.97,12.31,11.89,70719.0,85363.22,0.9983319432860718,,0.0
2026-06-18,11.93,11.97,12.11,11.88,44555.0,53420.824,0.9983319432860718,,0.0
2026-06-22,11.99,11.7,11.99,11.2,98917.0,113708.40682,0.998293515358362,,0.0
2026-06-23,11.66,11.7,12.02,11.56,71404.09,84819.58334,0.998293515358362,,0.0
2026-06-24,11.64,11.6,11.7,11.28,55383.99,63585.32319,0.9982788296041308,,0.0
2026-06-25,11.57,11.31,11.57,11.24,60196.52,68265.51486,0.998234774933804,,0.0
2026-06-26,11.31,10.82,11.31,10.78,59918.72,66036.42754,0.9981549815498156,,0.0
2026-06-29,10.77,10.64,10.77,10.42,80447.0,85538.74,0.99812382739212,,0.0
2026-06-30,10.58,10.78,10.83,10.47,60856.09,65342.25166,0.9981481481481482,,0.0
2026-07-01,10.78,10.81,11.13,10.71,59639.0,64677.671,0.9981532779316712,,0.0
2026-07-02,10.82,11.06,11.46,10.74,109474.23,122657.1111,0.9981949458483756,,0.0
2026-07-03,11.1,11.28,11.62,11.1,94912.12,108382.52859,0.9982300884955752,,0.0
2026-07-06,11.29,11.32,11.44,11.15,66741.07,75486.04948,0.998236331569665,,0.0
2026-07-07,11.25,11.0,11.41,10.98,45247.0,50490.95562,0.998185117967332,,0.0
2026-07-08,10.98,10.74,11.05,10.69,35927.07,38797.74577,0.9981412639405204,,0.0
2026-07-09,10.64,10.56,10.77,10.31,45734.62,48201.73848,0.998109640831758,,0.0
2026-07-10,10.56,10.55,10.85,10.43,53936.93,57667.9328,0.9981078524124882,,0.0
2026-07-13,10.53,9.91,10.53,9.89,68515.77,69242.64124,0.9979859013091642,,0.0
2026-07-14,9.92,10.1,10.13,9.8,48056.0,48161.733,0.9980237154150198,,0.0
2026-07-15,10.09,10.14,10.31,10.02,38295.0,39060.691,1.0,,0.0
2026-07-16,10.11,10.05,10.24,10.02,36867.04,37361.26252,1.0,,0.0
2026-07-17,10.06,9.69,10.13,9.68,54321.01,53694.34406,1.0,,0.0
2026-07-20,9.68,9.45,9.91,9.36,78304.0,75249.03302,1.0,,0.0
2026-07-21,9.47,9.4,9.54,9.0,73191.56,68029.92614,1.0,,0.0
2026-07-22,9.38,9.22,9.4,9.18,50324.0,46708.65076,1.0,,0.0
2026-07-23,9.22,9.51,9.53,9.18,47740.21,44871.18071,1.0,,0.0
2026-07-24,9.4,9.35,9.62,9.32,36716.0,34726.885,1.0,,0.0
2026-07-27,9.35,9.54,9.56,9.3,30362.0,28819.281,1.0,,0.0
2026-07-28,9.48,9.58,9.69,9.45,43059.0,41230.433,1.0,,0.0
2026-07-29,9.51,9.8,9.84,9.51,49949.0,48633.989,1.0,,0.0
2026-07-30,9.73,9.61,9.9,9.61,63275.22,61680.33864,1.0,,0.0
2026-07-31,9.72,9.82,9.84,9.68,52819.0,51673.184,1.0,,0.0
2026-08-03,9.77,10.39,10.44,9.77,91928.35,94068.49295,1.0,,0.0
2026-08-04,10.47,10.37,10.53,10.25,67042.85,69451.5705,1.0,,0.0
2026-08-05,10.41,10.3,10.46,10.24,67288.62,69690.67498,1.0,,0.0
2026-08-06,10.29,10.36,10.41,10.2,52524.17,54149.0338,1.0,,0.0
2026-08-07,10.37,10.4,10.46,10.23,44452.66,45978.70874,1.0,,0.0
2026-08-10,10.39,10.73,10.77,10.31,63698.59,67592.03895,1.0,,0.0
2026-08-11,10.84,10.6,10.84,10.57,49988.99,53171.54028,1.0,,0.0
2026-08-12,10.64,10.64,10.83,10.6,39980.78,42807.27697,1.0,0.9076,0.0
2026-08-13,10.72,10.56,10.75,10.56,46051.22,48906.96429,1.0,1.05,0.0
2026-08-14,10.55,10.49,10.62,10.46,31942.0,33572.008,1.0,0.73,0.0
2026-08-17,10.52,10.61,10.67,10.42,41586.3,44003.4948,1.0,0.0,0.0
2026-08-18,10.62,10.77,10.79,10.56,58479.23,62562.44541,1.0,0.0,0.0
2026-08-19,10.75,10.24,10.76,10.21,60615.0,63156.388,1.0,0.0,0.0
2026-08-20,10.31,10.4,10.46,10.31,38207.69,39709.1048,1.0,0.8673,0.8674
2026-08-21,10.38,10.3,10.44,10.21,39654.31,40912.11261,1.0,0.9001,0.9002
2026-08-24,10.28,10.23,10.42,10.09,41580.31,42380.23765,1.0,0.9439,0.9439
2026-08-25,10.03,11.0,11.15,9.8,184935.89,196725.05547,1.0,4.198,4.1984
2026-08-26,11.22,11.9,12.1,10.88,396926.91,463872.53345,1.0,9.0102,9.011
2026-08-27,11.92,12.36,12.4,11.59,354022.42,426922.85251,1.0,8.0362,8.0369
2026-08-28,12.93,12.71,13.0,12.35,324589.31,410317.68188,1.0,7.3681,7.3688
2026-08-31,12.59,12.23,12.94,12.07,213499.04,263482.29136,1.0,4.8464,4.8468
2026-09-01,12.13,11.98,12.42,11.96,131019.93,158860.88947,1.0,2.9741,2.9744
2026-09-02,11.91,11.95,12.23,11.85,92290.0,110544.31445,1.0,2.095,2.0951
2026-09-03,12.13,12.04,12.3,11.86,105948.94,127726.42509,1.0,2.405,2.4052
2026-09-04,12.05,11.44,12.09,11.37,142359.0,166111.597,1.0,3.2315,3.2318
2026-09-07,11.7,12.36,12.39,11.5,211694.15,256275.45886,1.0,4.8054,4.8058
2026-09-08,12.33,12.25,12.34,11.96,124285.5,150739.022,1.0,2.8213,2.8215
2026-09-09,12.16,11.86,12.22,11.66,106297.7,126435.2556,1.0,2.4129,2.4131
2026-09-10,11.73,11.43,11.81,11.34,109397.64,125741.52124,1.0,2.4833,2.4835
2026-09-11,11.3,11.66,11.69,10.96,167125.0,190535.599,1.0,3.7937,3.794
2026-09-14,11.49,11.6,11.74,11.37,109159.43,125866.46616,1.0,2.4779,2.4781
2026-09-15,11.61,12.03,12.32,11.48,131400.42,157628.46149,1.0,2.9828,2.983
2026-09-16,11.87,11.83,12.06,11.74,126129.78,149977.80849,1.0,2.8631,2.8634
2026-09-17,11.74,11.46,11.93,11.28,150330.0,174496.1319,1.0,3.4125,3.4128
