date,open,close,high,low,volume,money,factor,turnover,turnover_free
2021-05-10,19.21,18.85,19.39,18.57,172915.69,357625.877,0.9150485436893204,,0.0
2021-05-11,18.74,18.7,18.87,18.35,159849.31,325728.976,0.9144254278728606,,0.0
2021-05-12,18.7,19.0,19.08,18.53,123372.55,251072.331,0.926829268292683,,0.0
2021-05-13,18.71,18.54,18.86,18.42,168977.37,339515.934,0.9251497005988024,,0.0
2021-05-14,18.55,18.91,18.94,18.2,171717.46,345215.745,0.9265066144047036,,0.0
2021-05-17,18.92,19.61,19.68,18.91,213580.04,446844.857,0.9289436286120322,,0.0
2021-05-18,19.58,19.43,19.84,19.15,133600.12,279528.171,0.9283325370281892,,0.0
2021-05-19,19.2,19.99,20.17,19.16,194183.15,413254.803,0.9302000930665426,,0.0
2021-05-20,19.74,19.71,20.2,19.6,142520.45,303816.873,0.9292786421499292,,0.0
2021-05-21,19.8,19.05,19.95,18.9,204747.3,424365.34,0.927007299270073,,0.0
2021-05-24,19.0,19.11,19.14,18.8,104745.84,214236.4,0.9272197962154294,,0.0
2021-05-25,19.11,19.93,19.93,18.9,236755.99,499250.171,0.9300046663555764,,0.0
2021-05-26,19.9,20.0,20.48,19.78,178789.35,385696.771,0.9302325581395348,,0.0
2021-05-27,20.0,20.15,20.19,19.85,148407.73,319702.17,0.930715935334873,,0.0
2021-05-28,20.26,20.56,21.19,20.26,310559.44,687658.168,0.9320036264732549,,0.0
2021-05-31,20.59,20.82,20.88,20.39,319350.52,707411.979,0.9327956989247312,,0.0
2021-06-01,20.52,20.37,20.78,19.96,255064.2,556924.213,0.9314128943758574,,0.0
2021-06-02,20.63,20.53,20.63,20.07,158827.54,346765.808,0.9319110304130732,,0.0
2021-06-03,20.47,20.28,20.57,20.06,192466.73,419814.522,0.931129476584022,,0.0
2021-06-04,20.08,20.38,20.4,19.93,208836.7,453267.922,0.9314442413162706,,0.0
2021-06-07,20.39,19.74,20.43,19.61,194568.22,415385.89,0.9293785310734464,,0.0
2021-06-08,19.72,20.06,20.63,19.57,192420.35,415719.577,0.9304267161410018,,0.0
2021-06-09,20.06,19.96,20.24,19.88,126708.13,272631.855,0.9301025163094128,,0.0
2021-06-10,19.94,20.4,20.58,19.78,194114.59,424081.182,0.9315068493150684,,0.0
2021-06-11,20.57,20.18,20.72,20.01,231598.17,502858.285,0.9308118081180812,,0.0
2021-06-15,20.16,18.98,20.3,18.96,320415.92,667608.459,0.9267578125,,0.0
2021-06-16,19.0,18.5,19.05,18.4,216712.02,435986.152,0.925,,0.0
2021-06-17,18.35,18.57,18.78,18.3,181508.43,363284.808,0.9252615844544096,,0.0
2021-06-18,18.57,18.91,18.96,17.98,317797.41,636471.06,0.9265066144047036,,0.0
2021-06-21,18.85,19.46,19.55,18.56,251892.58,522249.38,0.9284351145038168,,0.0
2021-06-22,19.5,19.57,19.65,19.2,198281.2,415513.425,0.9288087327954436,,0.0
2021-06-23,19.57,20.38,20.52,19.43,348533.87,755130.333,0.9314442413162706,,0.0
2021-06-24,20.46,21.39,21.87,20.46,618541.61,1410581.325,0.9344692005242464,,0.0
2021-06-25,21.38,22.0,22.09,21.08,468692.69,1092338.282,0.9361702127659576,,0.0
2021-06-28,21.84,22.59,22.83,21.75,334753.38,801858.276,0.937733499377335,,0.0
2021-06-29,22.73,22.51,22.84,22.36,395827.71,952018.392,0.9375260308204916,,0.0
2021-06-30,22.6,22.48,23.0,22.25,221947.17,535143.274,0.9374478732276896,,0.0
2021-07-01,22.75,21.88,22.79,21.8,170059.5,402992.895,0.9358426005132592,,0.0
2021-07-02,22.0,21.83,22.2,21.55,173803.64,405352.767,0.9357051007286756,,0.0
2021-07-05,21.89,21.71,22.01,21.26,202749.14,467677.796,0.93537268418785,,0.0
2021-07-06,21.8,21.5,22.33,21.0,268396.29,620193.944,0.9347826086956522,,0.0
2021-07-07,21.38,22.19,22.3,21.08,236236.57,553990.105,0.9366821443647108,,0.0
2021-07-08,22.21,22.59,22.98,22.09,259656.82,624246.103,0.937733499377335,,0.0
2021-07-09,22.46,22.25,22.46,21.63,186450.54,438503.321,0.936842105263158,,0.0
2021-07-12,22.45,22.45,23.46,22.39,274132.1,665354.074,0.9373695198329852,,0.0
2021-07-13,22.15,22.0,22.59,21.8,213920.23,505157.41,0.9361702127659576,,0.0
2021-07-14,21.85,21.36,21.88,21.25,208659.39,480779.643,0.9343832020997376,,0.0
2021-07-15,21.2,20.87,21.44,20.42,228107.22,508076.629,0.9329459097004916,,0.0
2021-07-16,21.02,20.13,21.04,20.11,239610.94,525374.739,0.9306518723994452,,0.0
2021-07-19,20.5,19.87,20.68,19.5,198981.1,427720.559,0.9298081422554983,,0.0
2021-07-20,19.73,19.7,20.03,19.52,203537.68,430685.63,0.929245283018868,,0.0
2021-07-21,20.0,20.54,20.55,19.8,325735.06,709630.554,0.9319419237749548,,0.0
2021-07-22,20.6,20.35,20.81,20.16,250991.5,550785.414,0.931350114416476,,0.0
2021-07-23,20.27,19.77,20.3,19.67,217589.22,465142.742,0.9294781382228492,,0.0
2021-07-26,19.61,19.33,20.05,19.01,219423.79,460615.666,0.927988478156505,,0.0
2021-07-27,19.41,19.43,20.72,19.36,358515.81,769378.653,0.9283325370281892,,0.0
2021-07-28,19.42,19.24,19.78,18.7,262917.77,546139.574,0.927675988428158,,0.0
2021-07-29,19.5,19.83,20.0,19.26,220580.22,466838.678,0.929676511954993,,0.0
2021-07-30,19.64,19.9,20.09,19.54,193147.87,411601.501,0.9299065420560748,,0.0
2021-08-02,20.04,20.57,20.58,19.8,334058.21,726784.904,0.9320344358858178,,0.0
2021-08-03,20.75,20.4,20.87,20.31,329864.59,727785.758,0.9315068493150684,,0.0
2021-08-04,20.4,21.67,21.77,20.38,447107.94,1016305.719,0.9352611135088476,,0.0
2021-08-05,21.67,21.49,21.95,21.22,297250.41,684961.941,0.9347542409743368,,0.0
2021-08-06,21.8,21.22,22.07,21.04,234626.15,537950.688,0.9339788732394366,,0.0
2021-08-09,20.84,20.55,21.06,20.2,296255.82,651921.317,0.9319727891156464,,0.0
2021-08-10,20.6,21.18,21.3,20.47,303202.28,677509.537,0.9338624338624338,,0.0
2021-08-11,21.11,22.39,22.85,21.0,579896.79,1371659.151,0.9372122226873169,,0.0
2021-08-12,22.5,21.96,22.6,21.71,381405.18,895592.998,0.9360613810741688,,0.0
2021-08-13,22.4,23.82,23.99,22.3,848758.11,2103083.416,0.9407582938388626,,0.0
2021-08-16,24.14,23.68,25.02,23.53,512297.11,1312664.032,0.9404289118347896,,0.0
2021-08-17,23.59,23.06,24.32,22.82,339913.47,847270.533,0.9389250814332248,,0.0
2021-08-18,23.35,22.5,23.5,22.34,320085.0,772210.113,0.9375,,0.0
2021-08-19,22.58,22.63,22.91,22.34,256667.16,619108.803,0.9378367177786988,,0.0
2021-08-20,22.64,22.78,22.8,22.14,272683.51,654032.061,0.9382207578253708,,0.0
2021-08-23,22.8,23.35,23.6,22.5,323489.09,799103.104,0.9396378269617708,,0.0
2021-08-24,23.35,23.18,23.5,22.9,225822.34,554975.714,0.939222042139384,,0.0
2021-08-25,23.33,22.58,23.35,22.43,235087.56,570105.999,0.9377076411960132,,0.0
2021-08-26,22.47,22.92,22.95,22.32,219194.74,528955.904,0.9385749385749386,,0.0
2021-08-27,22.95,24.21,24.24,22.52,382675.93,962592.876,0.941656942823804,,0.0
2021-08-30,24.21,24.27,24.62,23.59,268639.22,685939.564,0.9417927823050058,,0.0
2021-08-31,24.15,23.75,24.26,23.15,256250.32,644148.907,0.9405940594059404,,0.0
2021-09-01,23.6,23.59,24.06,23.02,208720.44,523309.719,0.9402152251893184,,0.0
2021-09-02,23.64,24.58,24.64,23.17,332966.76,852459.995,0.9424846625766872,,0.0
2021-09-03,24.2,24.11,25.28,24.0,305854.62,795727.488,0.941429129246388,,0.0
2021-09-06,24.03,24.7,24.83,23.75,217556.11,566810.337,0.9427480916030534,,0.0
2021-09-07,24.69,25.1,25.87,24.51,322633.04,865715.704,0.943609022556391,,0.0
2021-09-08,25.11,25.07,25.3,24.68,191396.14,506074.106,0.9435453519006398,,0.0
2021-09-09,25.0,24.79,25.28,24.42,199031.01,522125.136,0.9429440852034996,,0.0
2021-09-10,24.77,23.18,24.96,23.11,439885.55,1108639.99,0.939222042139384,,0.0
2021-09-13,23.21,22.56,23.37,22.42,282593.1,683408.655,0.9376558603491272,,0.0
2021-09-14,22.48,22.5,22.79,22.38,192739.18,464176.221,0.9375,,0.0
2021-09-15,22.25,21.53,22.3,21.45,389570.08,903009.416,0.9348675640468952,,0.0
2021-09-16,21.51,21.25,22.05,20.97,335021.11,762187.392,0.934065934065934,,0.0
2021-09-17,21.4,20.98,21.45,20.7,161446.77,362861.754,0.9332740213523132,,0.0
2021-09-22,20.89,21.29,21.54,20.73,198822.06,453423.85,0.9341816586222028,,0.0
2021-09-23,22.1,22.45,22.9,21.86,355211.07,846713.126,0.9373695198329852,,0.0
2021-09-24,22.5,21.8,22.58,21.75,161181.01,380026.91,0.9356223175965666,,0.0
2021-09-27,21.91,21.26,22.04,21.18,161869.63,373133.202,0.9340949033391917,,0.0
2021-09-28,21.25,21.32,21.46,21.05,108673.38,247431.537,0.9342681858019282,,0.0
2021-09-29,21.35,21.18,21.54,21.11,115601.42,263620.242,0.9338624338624338,,0.0
2021-09-30,21.32,21.26,21.5,21.12,110589.39,251820.801,0.9340949033391917,,0.0
2021-10-08,21.67,21.55,21.83,21.22,136059.71,314239.905,0.9349240780911064,,0.0
2021-10-11,21.5,22.1,22.49,21.36,157052.2,369144.716,0.9364406779661018,,0.0
2021-10-12,22.19,22.14,22.4,21.68,153694.44,362422.894,0.9365482233502538,,0.0
2021-10-13,22.1,22.57,22.9,21.9,155595.59,375166.766,0.9376817615288742,,0.0
2021-10-14,22.57,22.57,23.42,22.49,200597.01,489557.609,0.9376817615288742,,0.0
2021-10-15,22.36,22.86,23.08,22.32,177428.98,431092.785,0.9384236453201972,,0.0
2021-10-18,22.93,22.63,23.18,22.2,150577.93,363343.688,0.9378367177786988,,0.0
2021-10-19,22.52,22.67,22.83,22.26,136476.64,327959.136,0.9379395945386844,,0.0
2021-10-20,22.6,22.16,22.75,22.11,158684.73,378105.247,0.9366018596787828,,0.0
2021-10-21,22.26,22.2,22.4,21.6,161913.85,380230.258,0.9367088607594936,,0.0
2021-10-22,22.08,21.65,22.43,21.55,185331.88,432590.604,0.9352051835853132,,0.0
2021-10-25,21.79,22.6,22.6,21.61,182879.8,434825.059,0.9377593360995852,,0.0
2021-10-26,22.76,23.32,23.7,22.64,328836.16,811399.201,0.9395648670427076,,0.0
2021-10-27,23.07,22.67,23.37,22.57,203808.14,496495.438,0.9379395945386844,,0.0
2021-10-28,22.67,21.72,22.88,21.62,182491.14,429935.822,0.9354005167958656,,0.0
2021-10-29,21.83,22.22,22.3,21.71,195474.97,458776.027,0.936762225969646,,0.0
2021-11-01,22.16,22.35,22.55,21.95,152919.95,364273.966,0.9371069182389936,,0.0
2021-11-02,22.45,22.5,23.2,22.2,221844.0,536939.461,0.9375,,0.0
2021-11-03,22.54,22.29,23.2,22.05,191324.94,460806.678,0.9369482976040352,,0.0
2021-11-04,22.3,22.6,22.76,22.0,153154.4,366229.404,0.9377593360995852,,0.0
2021-11-05,22.49,23.13,23.64,22.45,281582.75,695967.135,0.9390986601705238,,0.0
2021-11-08,23.13,23.26,23.62,22.8,202138.44,499782.042,0.9394184168012925,,0.0
2021-11-09,23.4,23.03,23.46,22.74,163693.54,400791.396,0.9388503872808804,,0.0
2021-11-10,22.84,22.74,23.16,22.34,197818.9,478576.221,0.938118811881188,,0.0
2021-11-11,22.5,22.53,22.93,22.43,223346.83,537449.088,0.937578027465668,,0.0
2021-11-12,22.58,23.03,23.59,22.58,321094.88,786236.36,0.9388503872808804,,0.0
2021-11-15,23.29,23.49,24.18,23.05,410565.48,1028835.925,0.9399759903961584,,0.0
2021-11-16,23.35,23.61,23.75,23.2,232047.85,580193.134,0.94026284348865,,0.0
2021-11-17,23.5,22.27,23.5,21.1,776923.47,1824747.19,0.93689524610854,,0.0
2021-11-18,21.8,21.74,22.47,21.66,308841.27,727915.466,0.9354561101549054,,0.0
2021-11-19,21.7,21.99,22.25,21.54,223911.23,524120.306,0.9361430395913154,,0.0
2021-11-22,22.03,22.19,22.39,21.97,224988.56,532013.726,0.9366821443647108,,0.0
2021-11-23,22.2,21.98,22.6,21.78,200635.61,473674.653,0.9361158432708688,,0.0
2021-11-24,21.96,21.85,22.15,21.68,122040.03,285067.597,0.9357601713062098,,0.0
2021-11-25,21.93,21.84,22.06,21.76,109701.78,256745.508,0.93573264781491,,0.0
2021-11-26,21.94,21.72,22.08,21.56,163755.82,380882.481,0.9354005167958656,,0.0
2021-11-29,21.5,21.1,21.61,20.89,272850.14,617925.566,0.9336283185840708,,0.0
2021-11-30,21.15,21.73,22.35,20.99,301794.1,699014.523,0.9354283254412398,,0.0
2021-12-01,21.8,21.61,22.15,21.41,199800.28,464676.458,0.9350930333189096,,0.0
2021-12-02,21.44,22.76,22.94,21.44,388850.99,932566.905,0.9381698268755152,,0.0
2021-12-03,22.64,22.55,23.0,22.25,226714.26,543726.38,0.9376299376299376,,0.0
2021-12-06,22.47,21.88,22.6,21.88,179699.21,424797.85,0.9358426005132592,,0.0
2021-12-07,21.88,22.02,22.35,21.72,177211.52,416308.32,0.9362244897959184,,0.0
2021-12-08,22.0,21.82,22.13,21.61,188463.88,440083.292,0.9356775300171528,,0.0
2021-12-09,21.8,21.83,22.1,21.46,261939.11,610257.812,0.9357051007286756,,0.0
2021-12-10,21.71,22.39,22.78,21.64,322082.18,766338.315,0.9372122226873169,,0.0
2021-12-13,22.42,22.48,22.69,22.0,172305.79,412380.759,0.9374478732276896,,0.0
2021-12-14,22.36,22.11,22.47,21.95,138246.37,326894.031,0.9364675984752224,,0.0
2021-12-15,22.09,21.97,22.22,21.87,115060.06,271077.09,0.936088623775032,,0.0
2021-12-16,22.05,21.95,22.12,21.66,108603.94,253383.068,0.9360341151385928,,0.0
2021-12-17,21.9,21.55,21.91,21.5,160921.14,372204.121,0.9349240780911064,,0.0
2021-12-20,21.39,20.94,21.69,20.91,193619.49,439486.656,0.9331550802139036,,0.0
2021-12-21,20.9,21.18,21.4,20.72,161745.76,364633.669,0.9338624338624338,,0.0
2021-12-22,21.16,21.42,21.47,21.05,93606.64,213757.728,0.9345549738219896,,0.0
2021-12-23,21.49,21.44,21.6,21.38,71070.15,163346.622,0.934612031386225,,0.0
2021-12-24,21.65,21.2,21.73,21.12,86399.63,197511.767,0.933920704845815,,0.0
2021-12-27,21.15,21.76,22.27,21.05,173412.93,404757.827,0.935511607910576,,0.0
2021-12-28,22.0,23.01,23.16,22.0,642765.95,1556059.534,0.9388004895960832,,0.0
2021-12-29,22.99,23.27,23.64,22.71,431217.55,1068465.472,0.939442874444893,,0.0
2021-12-30,23.28,23.88,24.1,23.1,397898.59,1006576.654,0.9408983451536644,,0.0
2021-12-31,23.85,23.8,24.04,23.55,207796.63,525011.786,0.9407114624505928,,0.0
2022-01-04,23.87,24.18,24.9,23.48,408958.81,1048291.544,0.9415887850467288,,0.0
2022-01-05,24.06,23.37,24.22,23.1,296756.19,745146.248,0.9396863691194208,,0.0
2022-01-06,23.35,22.91,23.61,22.68,204464.29,499455.746,0.9385497746825072,,0.0
2022-01-07,22.99,23.41,24.0,22.7,298481.1,742154.19,0.939783219590526,,0.0
2022-01-10,23.26,23.76,23.94,22.86,186465.94,467951.38,0.9406175771971496,,0.0
2022-01-11,23.69,23.1,23.75,23.0,127131.06,315624.621,0.9390243902439024,,0.0
2022-01-12,23.01,23.62,23.72,22.92,141471.06,351237.343,0.9402866242038216,,0.0
2022-01-13,23.65,23.0,23.76,22.92,109195.11,269460.929,0.9387755102040816,,0.0
2022-01-14,23.02,22.61,23.08,22.5,150092.17,363246.066,0.9377851513894648,,0.0
2022-01-17,22.5,22.89,23.06,22.32,155388.02,377177.995,0.93849938499385,,0.0
2022-01-18,22.85,23.0,23.15,22.66,80305.4,196115.319,0.9387755102040816,,0.0
2022-01-19,22.9,22.9,23.21,22.68,115643.92,282390.959,0.9385245901639344,,0.0
2022-01-20,22.81,21.64,22.9,21.53,346906.88,808960.903,0.9351771823681936,,0.0
2022-01-21,21.64,21.14,21.73,20.83,398223.05,899630.809,0.9337455830388692,,0.0
2022-01-24,21.01,20.83,21.34,20.71,305653.33,686556.679,0.9328257948947604,,0.0
2022-01-25,21.09,20.33,21.32,20.2,285522.31,634742.032,0.9312872194228128,,0.0
2022-01-26,20.35,19.2,20.66,19.06,563705.24,1195289.875,0.927536231884058,,0.0
2022-01-27,19.32,17.46,19.32,17.13,1047360.6,1984375.851,0.9208860759493672,,0.0
2022-01-28,17.65,17.61,18.21,17.36,493208.45,949892.215,0.9215070643642072,,0.0
2022-02-07,18.04,17.73,18.16,17.45,275807.63,530336.304,0.921996879875195,,0.0
2022-02-08,17.78,17.95,18.0,17.42,203359.79,390836.432,0.922879177377892,,0.0
2022-02-09,17.98,17.83,17.98,17.62,248168.19,477931.339,0.9224004138644594,,0.0
2022-02-10,17.83,17.69,18.0,17.47,265358.63,508094.772,0.9218342886920272,,0.0
2022-02-11,17.58,17.33,17.63,17.2,178399.68,337126.845,0.920339883165162,,0.0
2022-02-14,17.2,17.44,17.44,16.57,330364.33,606530.836,0.9208025343189018,,0.0
2022-02-15,17.15,17.34,17.4,16.89,236401.21,441688.865,0.9203821656050956,,0.0
2022-02-16,17.6,17.38,17.71,17.21,276282.89,523288.422,0.9205508474576272,,0.0
2022-02-17,17.4,17.68,17.82,17.31,257297.66,492156.637,0.921793534932221,,0.0
2022-02-18,17.59,17.73,17.73,17.23,200490.72,380411.702,0.921996879875195,,0.0
2022-02-21,17.68,18.17,18.26,17.55,304955.08,594813.478,0.923741738688358,,0.0
2022-02-22,17.96,18.06,18.16,17.81,173619.98,338208.115,0.9233128834355828,,0.0
2022-02-23,18.03,18.31,18.35,17.96,172034.86,338708.405,0.9242806663301364,,0.0
2022-02-24,18.27,18.45,18.98,18.07,383731.56,766741.775,0.924812030075188,,0.0
2022-02-25,18.59,18.82,18.87,18.5,197735.4,399244.171,0.9261811023622047,,0.0
2022-02-28,18.76,18.6,18.83,18.36,245812.38,493628.734,0.9253731343283582,,0.0
2022-03-01,18.68,18.94,19.08,18.65,205780.41,418737.581,0.926614481409002,,0.0
2022-03-02,18.84,18.69,18.9,18.56,115526.39,233175.064,0.925705794947994,,0.0
2022-03-03,18.76,18.24,18.77,18.2,123975.7,246342.012,0.9240121580547112,,0.0
2022-03-04,18.1,17.7,18.2,17.59,231388.44,445593.187,0.921875,,0.0
2022-03-07,17.6,16.72,17.7,16.65,265240.85,490573.102,0.9176728869374314,,0.0
2022-03-08,16.58,15.93,16.8,15.579999999999998,307601.67,544267.367,0.9139414802065404,,0.0
2022-03-09,15.65,14.93,15.89,14.22,490339.52,807235.387,0.9087035909920876,,0.0
2022-03-10,15.57,15.7,15.86,15.27,288737.63,496463.803,0.9127906976744186,,0.0
2022-03-11,15.4,15.61,15.63,15.1,274031.36,462530.346,0.912331969608416,,0.0
2022-03-14,15.45,15.079999999999998,15.48,15.079999999999998,158387.18,265884.694,0.9095295536791316,,0.0
2022-03-15,15.0,14.17,15.1,14.12,235088.31,379136.426,0.90427568602425,,0.0
2022-03-16,14.5,14.920000000000002,15.010000000000002,13.89,262913.72,420699.969,0.9086479902557856,,0.0
2022-03-17,15.2,15.36,15.65,14.95,269211.97,453494.479,0.9110320284697508,,0.0
2022-03-18,15.4,15.39,15.57,15.2,265315.61,448277.43,0.911190053285968,,0.0
2022-03-21,15.39,15.57,15.920000000000002,15.3,197402.73,337496.691,0.9121265377855888,,0.0
2022-03-22,15.39,15.52,15.579999999999998,15.32,104673.83,177220.072,0.9118683901292596,,0.0
2022-03-23,15.53,15.45,15.79,15.41,143352.08,244765.571,0.911504424778761,,0.0
2022-03-24,15.32,15.47,15.64,15.18,125074.27,211164.036,0.9116087212728344,,0.0
2022-03-25,15.489999999999998,15.21,15.88,15.19,174171.65,295974.621,0.910233393177738,,0.0
2022-03-28,15.35,15.420000000000002,15.47,14.96,141721.21,237378.249,0.9113475177304964,,0.0
2022-03-29,15.59,15.28,15.59,15.27,134855.46,227654.318,0.9106078665077472,,0.0
2022-03-30,15.329999999999998,15.579999999999998,15.670000000000002,15.23,158618.88,268645.707,0.9121779859484778,,0.0
2022-03-31,15.4,15.12,15.43,15.010000000000002,111596.73,186517.209,0.9097472924187726,,0.0
2022-04-01,14.96,15.510000000000002,15.56,14.91,144710.14,244151.008,0.9118165784832452,,0.0
2022-04-06,15.44,15.63,15.81,15.31,151897.95,259034.591,0.9124343257443084,,0.0
2022-04-07,15.670000000000002,15.3,15.920000000000002,15.3,211389.28,361036.029,0.9107142857142856,,0.0
2022-04-08,15.3,15.05,15.35,14.68,176436.96,291026.39,0.9093655589123868,,0.0
2022-04-11,15.14,13.9,15.19,13.8,273611.42,431144.89,0.9025974025974026,,0.0
2022-04-12,13.84,14.3,14.37,13.73,181201.89,282441.967,0.9050632911392406,,0.0
2022-04-13,14.09,13.65,14.21,13.63,143357.33,220038.485,0.900990099009901,,0.0
2022-04-14,13.79,13.96,14.0,13.7,96960.97,148869.493,0.9029754204398448,,0.0
2022-04-15,13.81,14.23,14.38,13.61,139192.3,215575.394,0.9046408137317228,,0.0
2022-04-18,14.24,14.4,14.5,14.0,111899.26,176867.538,0.9056603773584906,,0.0
2022-04-19,14.45,13.97,14.49,13.92,103276.94,161321.464,0.903038138332256,,0.0
2022-04-20,14.0,13.93,14.29,13.85,105409.74,163785.333,0.9027867790019444,,0.0
2022-04-21,13.85,13.3,14.0,13.23,147719.63,222622.975,0.8986486486486487,,0.0
2022-04-22,13.13,13.13,13.36,12.88,121474.83,177268.056,0.8974709501025291,,0.0
2022-04-25,12.8,11.83,13.01,11.83,255220.55,352141.859,0.8874718679669917,,0.0
2022-04-26,12.29,13.15,13.16,12.23,488857.1,701638.946,0.8976109215017065,,0.0
2022-04-27,13.1,13.65,13.95,12.93,453809.12,678796.959,0.900990099009901,,0.0
2022-04-28,13.7,15.0,15.170000000000002,13.48,456440.36,730211.351,0.9090909090909092,,0.0
2022-04-29,15.29,15.260000000000002,15.56,14.81,276805.85,461319.041,0.9105011933174224,,0.0
2022-05-05,15.329999999999998,15.19,15.8,14.8,304081.3,505626.509,0.9101258238466148,,0.0
2022-05-06,14.69,15.2,15.44,14.579999999999998,158149.11,262269.713,0.9101796407185628,,0.0
2022-05-09,14.989999999999998,15.1,15.329999999999998,14.8,107438.81,177670.064,0.9096385542168676,,0.0
2022-05-10,15.0,15.3,15.489999999999998,14.62,215383.84,359804.511,0.9107142857142856,,0.0
2022-05-11,15.35,15.44,15.85,15.23,316347.49,532719.604,0.919594997022037,,0.0
2022-05-12,15.24,15.37,15.42,14.9,159731.28,264515.673,0.9192583732057416,,0.0
2022-05-13,15.36,15.7,15.73,15.1,187718.21,317181.615,0.9208211143695016,,0.0
2022-05-16,15.81,15.42,16.15,15.320000000000002,170392.45,289123.039,0.9194991055456172,,0.0
2022-05-17,15.42,16.049999999999997,16.049999999999997,15.29,194741.03,333586.479,0.9224137931034482,,0.0
2022-05-18,16.209999999999997,16.099999999999998,16.29,15.68,216870.29,377513.1,0.9226361031518624,,0.0
2022-05-19,15.76,15.92,16.099999999999998,15.62,138542.06,237563.152,0.9218297625940938,,0.0
2022-05-20,15.8,16.22,16.419999999999998,15.8,167366.8,292454.212,0.9231644849174728,,0.0
2022-05-23,15.86,15.46,16.25,15.46,282376.61,484254.216,0.9196906603212374,,0.0
2022-05-24,15.47,15.000000000000002,15.97,14.96,257634.03,434296.717,0.9174311926605504,,0.0
2022-05-25,14.9,15.19,15.29,14.71,138394.21,226276.412,0.9183796856106408,,0.0
2022-05-26,15.31,15.21,15.49,14.93,111938.13,185879.337,0.9184782608695652,,0.0
2022-05-27,15.19,15.01,15.55,15.000000000000002,137753.44,229222.94,0.9174816625916872,,0.0
2022-05-30,15.13,15.35,15.45,14.910000000000002,106703.22,177071.977,0.9191616766467066,,0.0
2022-05-31,15.35,16.09,16.24,15.18,226626.28,391638.889,0.922591743119266,,0.0
2022-06-01,16.119999999999997,16.57,16.799999999999997,16.06,214988.85,383257.549,0.9246651785714284,,0.0
2022-06-02,16.36,16.97,17.119999999999997,16.36,187580.75,340128.924,0.9263100436681222,,0.0
2022-06-06,16.97,17.11,17.349999999999998,16.779999999999998,207981.65,382325.828,0.9268689057421452,,0.0
2022-06-07,17.18,17.049999999999997,17.419999999999998,16.869999999999997,193957.48,357705.117,0.9266304347826086,,0.0
2022-06-08,17.06,17.709999999999997,17.79,16.95,240096.1,452110.256,0.9291710388247638,,0.0
2022-06-09,17.7,17.509999999999998,17.779999999999998,17.299999999999997,121459.23,228747.771,0.9284199363732768,,0.0
2022-06-10,17.59,18.8,19.25,17.13,379153.29,754245.386,0.933002481389578,,0.0
2022-06-13,18.55,19.35,19.75,18.5,347602.21,719038.842,0.934782608695652,,0.0
2022-06-14,19.05,19.87,20.23,18.52,303446.78,620156.08,0.9363807728557964,,0.0
2022-06-15,19.65,19.63,20.1,19.17,296375.11,622078.16,0.9356530028598664,,0.0
2022-06-16,19.63,20.53,20.77,19.53,373389.79,809818.686,0.9382998171846434,,0.0
2022-06-17,20.33,21.61,22.33,20.07,453198.37,1022407.237,0.9412020905923344,,0.0
2022-06-20,23.85,23.65,23.91,21.98,1073490.26,2650004.52,0.946,,0.0
2022-06-21,23.85,22.95,25.34,22.69,1057844.67,2662673.218,0.9444444444444444,,0.0
2022-06-22,22.65,22.96,23.6,22.27,802462.1,1954160.543,0.9444672974084738,,0.0
2022-06-23,22.89,24.67,24.87,22.89,878706.78,2229919.806,0.9481168332052268,,0.0
2022-06-24,24.45,23.75,24.52,23.38,759783.98,1914668.631,0.946215139442231,,0.0
2022-06-27,23.79,26.26,26.26,23.62,1063011.64,2846125.031,0.95110467222021,,0.0
2022-06-28,26.95,27.01,27.5,26.26,1009274.94,2850074.432,0.952397743300423,,0.0
2022-06-29,26.65,25.1,26.83,24.95,889369.83,2415695.444,0.9489603024574668,,0.0
2022-06-30,26.2,26.13,27.45,25.48,804855.7,2217639.523,0.9508733624454148,,0.0
2022-07-01,25.99,25.85,26.11,25.0,609805.8,1637477.555,0.9503676470588236,,0.0
2022-07-04,26.38,26.4,27.1,25.85,546160.48,1517394.843,0.9513513513513512,,0.0
2022-07-05,26.45,26.54,27.76,25.85,592585.88,1655785.005,0.9515955539619936,,0.0
2022-07-06,26.44,25.85,26.64,25.5,456221.14,1246286.79,0.9503676470588236,,0.0
2022-07-07,25.58,27.05,27.05,24.95,718013.43,1995717.838,0.9524647887323944,,0.0
2022-07-08,26.65,26.56,27.67,26.25,386988.42,1092002.774,0.9516302400573272,,0.0
2022-07-11,26.66,25.96,26.85,25.56,427511.62,1165864.387,0.9505675576711826,,0.0
2022-07-12,25.91,25.08,26.3,25.05,329323.38,883167.237,0.948921679909194,,0.0
2022-07-13,25.61,26.98,27.36,25.18,507450.57,1415162.89,0.952347334980586,,0.0
2022-07-14,27.06,27.91,28.97,26.51,664985.94,1962525.802,0.953861927546138,,0.0
2022-07-15,27.67,27.87,28.89,27.2,549369.93,1624887.234,0.9537987679671456,,0.0
2022-07-18,28.25,27.61,28.25,26.51,462432.79,1324737.248,0.9533839779005524,,0.0
2022-07-19,27.6,28.12,29.25,27.29,495793.71,1472575.774,0.9541907024092297,,0.0
2022-07-20,27.89,26.98,28.44,26.72,612550.94,1754334.404,0.952347334980586,,0.0
2022-07-21,26.85,26.55,27.65,26.42,356319.26,1005972.272,0.9516129032258064,,0.0
2022-07-22,26.72,26.51,26.89,25.95,360388.2,1003142.323,0.9515434314429289,,0.0
2022-07-25,26.55,26.1,26.65,25.56,242009.92,663676.914,0.9508196721311476,,0.0
2022-07-26,26.35,27.57,27.81,25.82,456511.42,1295361.087,0.9533195020746889,,0.0
2022-07-27,27.45,30.46,30.46,27.37,760750.68,2353096.914,0.9575605155611444,,0.0
2022-07-28,30.62,29.96,31.42,29.35,830861.35,2627104.534,0.9568827850526987,,0.0
2022-07-29,30.43,31.15,32.09,29.99,645950.64,2108816.588,0.9584615384615384,,0.0
2022-08-01,31.05,31.42,32.65,30.66,529600.32,1747252.363,0.9588037839487336,,0.0
2022-08-02,30.65,30.56,31.08,29.95,488622.2,1556702.11,0.9576935130053276,,0.0
2022-08-03,30.76,28.05,30.96,27.82,828208.03,2518523.396,0.9540816326530612,,0.0
2022-08-04,28.34,27.4,28.44,26.35,851221.0,2427921.133,0.9530434782608695,,0.0
2022-08-05,28.38,26.32,28.46,25.65,869539.98,2421556.031,0.9512106975063244,,0.0
2022-08-08,25.66,29.09,29.09,25.66,846974.39,2470579.543,0.9556504599211564,,0.0
2022-08-09,28.79,28.3,29.23,28.28,471396.75,1412213.094,0.9544688026981448,,0.0
2022-08-10,28.94,29.98,30.67,28.41,612955.69,1899478.94,0.956910309607405,,0.0
2022-08-11,30.06,28.78,30.06,28.39,531901.03,1614891.792,0.955194158645868,,0.0
2022-08-12,29.15,27.94,30.5,27.72,664761.21,2001835.294,0.9539091840218504,,0.0
2022-08-15,27.78,29.71,30.05,27.78,634596.26,1941659.294,0.9565357372826786,,0.0
2022-08-16,29.65,29.02,30.14,28.73,510842.79,1567948.667,0.9555482383931512,,0.0
2022-08-17,28.45,28.69,29.25,27.28,660403.57,1964027.035,0.9550599201065246,,0.0
2022-08-18,28.76,29.83,30.15,28.53,530700.75,1648404.933,0.9567030147530468,,0.0
2022-08-19,29.87,28.05,30.02,28.0,626934.55,1872614.809,0.9540816326530612,,0.0
2022-08-22,28.05,28.03,28.55,27.54,314074.88,921134.634,0.9540503744043568,,0.0
2022-08-23,27.99,28.34,28.81,27.83,265662.62,790322.239,0.954530144829909,,0.0
2022-08-24,28.3,26.56,28.54,26.45,592823.71,1679554.363,0.9516302400573272,,0.0
2022-08-25,26.65,26.35,26.95,25.85,387143.92,1069542.425,0.9512635379061372,,0.0
2022-08-26,26.58,25.55,26.94,25.4,449240.42,1232800.299,0.949814126394052,,0.0
2022-08-29,25.15,26.01,26.36,24.96,491253.3,1328937.713,0.950657894736842,,0.0
2022-08-30,26.53,25.84,26.53,25.66,258053.18,705486.165,0.9503493931592496,,0.0
2022-08-31,25.7,24.29,25.82,23.91,668555.9,1722135.553,0.9473478939157566,,0.0
2022-09-01,24.3,24.12,24.87,24.03,296561.95,761949.084,0.9469964664310954,,0.0
2022-09-02,24.61,24.6,25.12,23.46,476471.85,1231812.402,0.9479768786127168,,0.0
2022-09-05,24.6,24.63,25.44,23.93,315864.31,826976.747,0.9480369515011546,,0.0
2022-09-06,24.73,26.7,27.03,24.55,570400.67,1565830.614,0.9518716577540106,,0.0
2022-09-07,26.38,28.73,28.85,26.35,573734.48,1698869.196,0.9551196808510638,,0.0
2022-09-08,28.32,27.45,28.73,27.32,354616.11,1036638.839,0.953125,,0.0
2022-09-09,27.75,27.61,28.09,27.02,282016.67,817947.483,0.9533839779005524,,0.0
2022-09-13,27.95,28.37,28.68,26.95,331106.94,972105.846,0.9545760430686406,,0.0
2022-09-14,28.07,27.91,28.44,27.55,341297.29,998102.264,0.953861927546138,,0.0
2022-09-15,27.67,25.87,28.05,25.55,539315.0,1498105.134,0.9504041146216016,,0.0
2022-09-16,26.01,25.05,26.34,25.05,289565.89,778543.152,0.9488636363636364,,0.0
2022-09-19,25.33,25.44,25.92,25.05,240770.14,643056.582,0.9496080627099664,,0.0
2022-09-20,25.71,27.51,27.7,25.48,477263.26,1350749.272,0.9532224532224532,,0.0
2022-09-21,27.66,27.28,28.22,27.12,427802.66,1242575.345,0.9528466643381068,,0.0
2022-09-22,26.76,26.75,27.66,26.45,355055.13,997881.521,0.9553571428571428,,0.0
2022-09-23,26.81,24.8,26.99,23.97,790912.68,2074887.835,0.9520153550863724,,0.0
2022-09-26,25.1,26.72,27.09,24.81,750988.47,2077189.41,0.9553092599213444,,0.0
2022-09-27,26.83,25.45,26.83,24.98,513480.86,1373985.198,0.9531835205992508,,0.0
2022-09-28,25.26,24.35,25.55,24.27,437374.43,1133291.656,0.951171875,,0.0
2022-09-29,24.75,24.52,25.47,23.95,331736.85,853190.02,0.9514939852541716,,0.0
2022-09-30,24.63,23.35,24.73,23.33,449215.79,1123790.056,0.9491869918699188,,0.0
2022-10-10,20.9,20.89,21.1,20.89,166774.0,369313.455,0.9435411020776876,,0.0
2022-10-11,19.37,20.34,20.75,19.15,1181982.61,2498649.275,0.9421028253821212,,0.0
2022-10-12,20.34,21.63,21.74,19.65,795791.98,1739463.46,0.9453671328671328,,0.0
2022-10-13,21.26,20.6,21.61,20.43,682275.13,1504857.282,0.94279176201373,,0.0
2022-10-14,20.85,21.12,21.37,20.52,459578.46,1024256.158,0.9441215914170764,,0.0
2022-10-17,21.07,20.68,21.36,20.15,489813.34,1073512.211,0.943000455996352,,0.0
2022-10-18,20.92,20.82,21.63,20.59,403282.05,894810.719,0.9433620299048482,,0.0
2022-10-19,20.66,20.7,21.51,20.64,297795.81,663458.043,0.9430523917995444,,0.0
2022-10-20,20.33,19.35,20.69,18.65,968128.15,1991396.81,0.9393203883495146,,0.0
2022-10-21,19.45,20.07,20.21,19.17,491124.23,1035066.773,0.9413696060037524,,0.0
2022-10-24,20.18,19.56,20.37,19.42,363370.2,764607.513,0.9399327246516098,,0.0
2022-10-25,19.56,20.13,20.57,19.36,472450.12,1004613.138,0.941534144059869,,0.0
2022-10-26,20.32,20.24,20.64,19.95,410049.43,881331.436,0.9418334108887856,,0.0
2022-10-27,21.3,20.43,21.63,20.37,763682.51,1697431.179,0.9423431734317343,,0.0
2022-10-28,20.22,19.4,20.6,19.25,491642.73,1034114.759,0.9394673123486684,,0.0
2022-10-31,19.18,20.0,20.17,18.86,565996.83,1189947.826,0.9411764705882352,,0.0
2022-11-01,20.0,20.63,20.65,19.87,299770.96,648391.78,0.942870201096892,,0.0
2022-11-02,20.57,21.93,22.46,20.26,641334.61,1466678.587,0.946074201898188,,0.0
2022-11-03,21.76,21.89,22.1,21.55,299982.1,693345.305,0.945980985306828,,0.0
2022-11-04,21.96,22.96,23.3,21.96,437827.41,1053731.279,0.9483684427922346,,0.0
2022-11-07,22.93,22.75,23.24,22.36,279085.72,669499.628,0.9479166666666666,,0.0
2022-11-08,22.74,22.46,22.75,22.03,246620.5,580929.959,0.9472796288485872,,0.0
2022-11-09,22.46,22.5,23.15,22.2,207710.65,496843.29,0.9473684210526316,,0.0
2022-11-10,22.07,21.56,22.25,21.18,368452.13,840797.924,0.9451994739149496,,0.0
2022-11-11,22.35,22.11,22.84,21.74,301351.7,706661.831,0.9464897260273972,,0.0
2022-11-14,22.09,21.61,22.43,21.49,268098.86,617316.268,0.9453193350831146,,0.0
2022-11-15,21.53,22.17,22.25,21.32,289435.21,668918.803,0.9466268146883006,,0.0
2022-11-16,22.05,21.35,22.2,21.27,221202.91,504817.681,0.9446902654867256,,0.0
2022-11-17,21.19,20.8,21.33,20.15,389626.69,850458.693,0.943310657596372,,0.0
2022-11-18,20.88,20.99,21.27,20.3,285162.21,632137.844,0.9437949640287768,,0.0
2022-11-21,20.79,21.71,21.78,20.49,252179.46,569899.317,0.9455574912891986,,0.0
2022-11-22,21.52,21.0,21.63,20.81,215808.6,482585.709,0.9438202247191012,,0.0
2022-11-23,21.05,21.69,21.85,20.76,211411.75,479846.093,0.9455100261551874,,0.0
2022-11-24,21.75,21.5,22.15,21.42,148702.11,340676.215,0.945054945054945,,0.0
2022-11-25,21.36,20.85,21.49,20.72,160606.56,356266.963,0.9434389140271492,,0.0
2022-11-28,20.63,20.93,20.98,20.46,157728.88,347035.101,0.9436429215509468,,0.0
2022-11-29,20.65,19.67,20.92,19.49,591484.8,1249581.558,0.9402485659655831,,0.0
2022-11-30,19.64,20.75,21.07,19.55,473067.65,1026415.967,0.9431818181818182,,0.0
2022-12-01,20.75,21.15,21.63,20.59,285769.04,642219.676,0.9441964285714286,,0.0
2022-12-02,21.15,20.55,21.17,20.4,273256.62,599534.674,0.9426605504587156,,0.0
2022-12-05,21.23,21.45,21.58,20.55,345907.54,779005.97,0.9449339207048458,,0.0
2022-12-06,21.45,21.32,21.74,21.0,236312.37,534180.214,0.9446167478954364,,0.0
2022-12-07,21.32,21.74,22.33,21.05,270096.36,623050.446,0.9456285341452806,,0.0
2022-12-08,21.75,21.57,21.95,21.37,223620.23,512829.007,0.9452234881682734,,0.0
2022-12-09,21.65,21.88,21.92,21.35,265356.7,609746.833,0.9459576307825336,,0.0
2022-12-12,21.88,22.11,22.63,21.53,262734.89,614924.85,0.9464897260273972,,0.0
2022-12-13,22.01,21.78,22.48,21.69,175834.28,407870.537,0.9457229700390796,,0.0
2022-12-14,21.74,21.99,22.38,21.66,160819.38,374630.304,0.9462134251290878,,0.0
2022-12-15,22.02,22.61,22.61,21.9,212549.54,500605.117,0.9476110645431683,,0.0
2022-12-16,22.31,21.84,22.54,21.67,208202.88,483652.253,0.94586401039411,,0.0
2022-12-19,21.84,22.04,22.4,21.78,212603.39,495804.426,0.9463288965221124,,0.0
2022-12-20,21.86,21.8,22.31,21.63,163068.91,378089.894,0.945770065075922,,0.0
2022-12-21,21.95,21.56,22.0,21.35,168039.37,384767.56,0.9451994739149496,,0.0
2022-12-22,21.61,21.24,21.72,21.05,127624.52,288298.284,0.9444197421076034,,0.0
2022-12-23,21.04,20.49,21.29,20.3,156923.35,343478.328,0.9425022999080036,,0.0
2022-12-26,20.65,21.11,21.14,20.55,120729.08,267764.426,0.9440966010733453,,0.0
2022-12-27,21.15,20.75,21.19,20.43,173720.43,381008.42,0.9431818181818182,,0.0
2022-12-28,20.81,19.81,20.87,19.45,420041.61,882741.256,0.9406457739791072,,0.0
2022-12-29,20.24,19.93,20.29,19.84,197449.83,420356.979,0.940982058545798,,0.0
2022-12-30,20.26,19.97,20.62,19.87,217770.83,466335.081,0.9410933081998116,,0.0
2023-01-03,19.84,19.57,19.9,19.17,474378.97,984055.242,0.9399615754082612,,0.0
2023-01-04,19.54,19.35,19.7,18.75,416205.85,851628.475,0.9393203883495146,,0.0
2023-01-05,19.35,19.63,20.14,19.27,532038.92,1112857.477,0.9401340996168582,,0.0
2023-01-06,19.46,19.83,20.14,19.42,380501.41,805336.606,0.9407020872865276,,0.0
2023-01-09,20.33,20.38,20.77,19.98,513224.49,1113280.037,0.9422098936662044,,0.0
2023-01-10,20.55,21.12,21.45,20.01,455775.65,1005701.578,0.9441215914170764,,0.0
2023-01-11,21.14,21.77,21.95,20.95,460023.08,1054409.545,0.9456993918331884,,0.0
2023-01-12,21.83,21.79,22.2,21.57,266447.07,615645.678,0.9457465277777778,,0.0
2023-01-13,21.78,22.55,23.33,21.75,605865.89,1458863.376,0.9474789915966386,,0.0
2023-01-16,23.33,23.17,23.53,22.83,432838.37,1058641.595,0.9488124488124487,,0.0
2023-01-17,23.18,23.35,23.45,22.79,285725.22,698851.569,0.9491869918699188,,0.0
2023-01-18,23.55,23.65,24.06,23.45,244319.91,612035.336,0.9497991967871486,,0.0
2023-01-19,23.73,23.68,23.95,23.34,203190.32,507156.396,0.949859606899318,,0.0
2023-01-20,23.85,23.34,23.94,23.27,185834.41,459699.861,0.9491663277755183,,0.0
2023-01-30,24.05,25.01,25.25,24.0,407572.54,1063884.025,0.9523990860624524,,0.0
2023-01-31,24.75,24.31,24.9,24.16,194286.0,499274.162,0.951095461658842,,0.0
2023-02-01,24.42,24.75,24.82,24.3,238187.43,617152.37,0.9519230769230768,,0.0
2023-02-02,24.7,24.56,24.89,24.5,128160.62,332076.263,0.9515691592406044,,0.0
2023-02-03,24.59,24.05,24.59,23.57,239134.62,602624.785,0.950592885375494,,0.0
2023-02-06,23.9,23.64,24.05,23.38,248407.04,617497.447,0.9497790277219768,,0.0
2023-02-07,23.84,26.13,26.13,23.71,582028.64,1554152.764,0.954346238130022,,0.0
2023-02-08,25.71,25.6,26.04,25.09,560079.22,1498986.238,0.9534450651769087,,0.0
2023-02-09,25.55,25.85,26.25,25.23,511515.16,1382128.24,0.9538745387453874,,0.0
2023-02-10,26.03,26.71,27.18,25.53,470760.67,1306592.17,0.9552932761087268,,0.0
2023-02-13,26.62,25.93,26.7,25.65,438424.46,1197852.609,0.9540103016924208,,0.0
2023-02-14,26.13,25.79,26.52,25.45,216506.57,583489.899,0.9537721893491125,,0.0
2023-02-15,25.79,25.79,26.3,25.68,215772.45,585806.339,0.9537721893491125,,0.0
2023-02-16,25.93,25.3,25.95,25.05,191244.12,511926.997,0.9529190207156308,,0.0
2023-02-17,25.3,25.29,25.63,25.04,188484.63,503598.571,0.9529012810851544,,0.0
2023-02-20,25.15,25.73,26.02,24.94,200330.59,537960.652,0.9536693847294292,,0.0
2023-02-21,25.72,25.61,25.9,25.2,200212.14,536460.091,0.9534623976172748,,0.0
2023-02-22,25.46,25.26,25.81,25.11,143003.38,379899.61,0.9528479818936252,,0.0
2023-02-23,25.37,25.06,25.37,24.5,358906.17,937052.636,0.952489547700494,,0.0
2023-02-24,24.98,24.32,25.0,24.11,330696.75,847425.09,0.9511145874071176,,0.0
2023-02-27,24.23,24.89,25.34,24.1,263993.64,686075.083,0.9521805661820965,,0.0
2023-02-28,24.83,24.3,24.83,24.03,271262.6,691413.554,0.9510763209393346,,0.0
2023-03-01,24.42,24.07,24.57,23.81,343432.01,869008.367,0.9506319115323856,,0.0
2023-03-02,24.77,22.6,24.94,22.51,684431.99,1657979.733,0.9475890985324948,,0.0
2023-03-03,22.74,22.84,23.3,22.69,332725.45,805104.15,0.9481112494811124,,0.0
2023-03-06,22.83,23.25,23.49,22.6,307127.68,749488.862,0.9489795918367347,,0.0
2023-03-07,23.3,22.73,23.34,22.66,160505.99,388607.663,0.9478732276897416,,0.0
2023-03-08,22.6,22.61,23.17,22.43,158395.45,380537.052,0.9476110645431683,,0.0
2023-03-09,22.61,22.67,23.5,22.54,225033.22,546624.783,0.947742474916388,,0.0
2023-03-10,22.53,22.12,22.63,22.03,201685.53,472589.002,0.9465126230209672,,0.0
2023-03-13,21.85,22.6,22.75,21.74,245137.7,579491.06,0.9475890985324948,,0.0
2023-03-14,22.57,22.47,22.71,22.17,245189.33,581852.051,0.9473018549747048,,0.0
2023-03-15,22.64,22.62,23.64,22.56,272485.76,659638.617,0.9476330121491412,,0.0
2023-03-16,22.25,22.41,22.79,22.1,218755.19,520033.295,0.9471682163989856,,0.0
2023-03-17,22.46,22.34,22.82,21.89,259595.76,609990.851,0.947011445527766,,0.0
2023-03-20,22.03,22.25,22.4,21.72,321672.5,749772.153,0.946808510638298,,0.0
2023-03-21,22.22,23.02,23.06,22.06,228300.7,548526.824,0.9484960857025134,,0.0
2023-03-22,23.55,23.12,23.66,22.89,223883.9,548602.306,0.9487074271645466,,0.0
2023-03-23,23.1,21.73,23.1,21.56,460329.99,1072544.577,0.9456048738033072,,0.0
2023-03-24,21.73,22.48,22.6,21.29,438265.62,1020921.001,0.94732406236831,,0.0
2023-03-27,22.43,24.31,24.72,22.38,676299.2,1719183.928,0.951095461658842,,0.0
2023-03-28,24.18,24.5,24.88,24.1,348993.28,898736.806,0.9514563106796116,,0.0
2023-03-29,24.4,24.83,25.55,24.19,293621.61,766656.696,0.9520705521472392,,0.0
2023-03-30,24.83,24.78,24.9,24.41,172534.29,446775.275,0.95197848636189,,0.0
2023-03-31,24.67,24.5,24.95,24.35,146882.03,379414.773,0.9514563106796116,,0.0
2023-04-03,24.45,23.95,24.48,23.76,232652.34,587305.905,0.9503968253968254,,0.0
2023-04-04,23.97,23.85,24.11,23.36,256130.25,640034.08,0.950199203187251,,0.0
2023-04-06,23.65,24.04,24.11,23.61,141151.71,355023.589,0.9505733491498616,,0.0
2023-04-07,24.03,23.5,24.27,23.33,170929.67,425142.752,0.9494949494949496,,0.0
2023-04-10,23.75,23.11,24.22,22.69,258158.9,631626.985,0.9486863711001642,,0.0
2023-04-11,23.11,23.16,23.35,22.9,218139.33,531066.02,0.9487914789020891,,0.0
2023-04-12,23.25,22.98,23.48,22.6,208734.73,504401.339,0.9484110606685928,,0.0
2023-04-13,22.96,22.55,23.18,22.54,139233.32,334786.206,0.9474789915966386,,0.0
2023-04-14,22.55,22.84,23.15,22.5,162482.07,391845.911,0.9481112494811124,,0.0
2023-04-17,23.85,23.34,24.93,23.32,641116.7,1633494.274,0.9491663277755183,,0.0
2023-04-18,23.33,23.13,23.71,23.0,265913.12,651184.671,0.9487284659557014,,0.0
2023-04-19,23.11,23.25,23.46,22.86,200793.47,490542.44,0.9489795918367347,,0.0
2023-04-20,22.94,22.24,23.14,21.77,385317.11,907739.82,0.9467858663260962,,0.0
2023-04-21,21.98,21.42,22.15,21.41,278699.91,640099.867,0.9448610498456108,,0.0
2023-04-24,21.45,21.53,21.86,21.08,191602.36,436443.865,0.9451273046532046,,0.0
2023-04-25,21.53,20.91,21.6,20.71,165731.27,369118.4,0.9435920577617328,,0.0
2023-04-26,20.84,22.22,22.51,20.76,312296.87,724084.143,0.9467405198125266,,0.0
2023-04-27,22.11,22.07,22.45,21.75,145762.11,339505.336,0.9463979416809606,,0.0
2023-04-28,22.2,22.09,22.42,21.59,158426.74,367202.583,0.9464438731790916,,0.0
2023-05-04,21.88,22.58,23.41,21.88,382766.14,921813.725,0.9475451112043642,,0.0
2023-05-05,22.55,22.04,22.68,21.88,246174.9,577509.948,0.9463288965221124,,0.0
2023-05-08,22.07,21.71,22.51,21.71,146468.37,338035.807,0.9455574912891986,,0.0
2023-05-09,21.86,21.38,21.86,21.17,147016.32,334836.245,0.9447635881573132,,0.0
2023-05-10,21.16,21.83,22.13,20.93,177637.91,405530.881,0.945840554592721,,0.0
2023-05-11,21.59,22.17,22.85,21.55,226691.43,534230.484,0.9466268146883006,,0.0
2023-05-12,22.25,21.95,22.55,21.95,103461.49,242166.548,0.9461206896551724,,0.0
2023-05-15,21.95,22.56,22.79,21.66,143806.33,341547.549,0.9475010499790004,,0.0
2023-05-16,22.83,22.66,22.95,22.45,92178.69,220613.543,0.9477206189878712,,0.0
2023-05-17,22.75,23.25,23.25,22.69,187547.47,455623.309,0.9489795918367347,,0.0
2023-05-18,23.93,24.38,24.92,23.85,550338.67,1414115.477,0.9512290284822472,,0.0
2023-05-19,24.6,24.3,25.01,24.15,403970.41,1040829.901,0.9510763209393346,,0.0
2023-05-22,24.24,24.53,24.63,23.87,268075.06,684549.277,0.951512800620636,,0.0
2023-05-23,24.47,24.26,24.8,24.08,241015.12,615888.112,0.950999607996864,,0.0
2023-05-24,24.1,23.81,24.27,23.77,151047.33,380983.107,0.9501197126895452,,0.0
2023-05-25,23.74,24.52,24.58,23.3,228006.3,578318.503,0.9514939852541716,,0.0
2023-05-26,24.45,24.93,25.3,23.98,205047.93,532775.708,0.9522536287242168,,0.0
2023-05-29,24.8,24.3,24.9,23.75,182503.05,464563.307,0.9510763209393346,,0.0
2023-05-30,24.31,24.15,24.97,23.89,148748.02,379309.044,0.9507874015748032,,0.0
2023-05-31,24.4,24.74,24.75,23.65,414256.06,1060082.962,0.9519045786841092,,0.0
2023-06-01,24.3,23.87,24.31,23.43,307824.21,772670.645,0.9502388535031848,,0.0
2023-06-02,23.9,24.1,24.47,23.65,217350.07,553034.887,0.95069033530572,,0.0
2023-06-05,24.27,24.52,25.05,23.8,232229.25,596767.78,0.9514939852541716,,0.0
2023-06-06,24.52,23.62,24.64,23.55,186507.32,469115.054,0.9497386409328508,,0.0
2023-06-07,23.62,23.39,23.76,23.2,182317.44,448366.036,0.9492694805194806,,0.0
2023-06-08,23.3,23.15,23.48,22.89,132648.35,324141.85,0.9487704918032788,,0.0
2023-06-09,23.36,23.15,23.86,23.06,192101.57,468961.095,0.956611570247934,,0.0
2023-06-12,23.08,25.57,25.57,23.01,832044.41,2181911.572,0.9605559729526671,,0.0
2023-06-13,25.85,26.31,26.86,25.6,853221.05,2318452.512,0.961622807017544,,0.0
2023-06-14,26.21,26.23,26.7,25.99,418828.79,1143907.524,0.9615102639296188,,0.0
2023-06-15,26.27,27.95,28.63,26.24,855440.71,2451612.736,0.9637931034482758,,0.0
2023-06-16,27.95,28.33,28.65,27.66,475334.71,1385580.35,0.9642614023144996,,0.0
2023-06-19,27.95,29.26,29.96,27.95,596162.02,1790882.41,0.9653579676674364,,0.0
2023-06-20,28.74,30.44,31.95,28.63,679471.06,2126478.269,0.9666560812956494,,0.0
2023-06-21,30.37,29.89,31.07,29.5,496508.93,1541389.917,0.9660633484162896,,0.0
2023-06-26,29.65,28.53,30.33,28.09,864869.14,2595953.78,0.9645030425963488,,0.0
2023-06-27,28.7,28.75,29.08,27.66,426853.79,1261946.717,0.964765100671141,,0.0
2023-06-28,28.6,28.75,29.12,27.88,359661.02,1065640.143,0.964765100671141,,0.0
2023-06-29,28.73,29.65,30.07,28.61,684074.4,2094432.069,0.9657980456026058,,0.0
2023-06-30,29.45,29.21,29.55,28.71,403262.99,1219545.959,0.965300727032386,,0.0
2023-07-03,28.86,28.15,29.6,27.95,692592.59,2048117.24,0.964041095890411,,0.0
2023-07-04,28.21,28.68,29.05,27.95,529091.64,1571640.432,0.9646821392532796,,0.0
2023-07-05,28.56,28.05,28.85,27.93,504516.29,1480941.832,0.963917525773196,,0.0
2023-07-06,27.94,27.77,28.28,27.55,405303.82,1171818.996,0.9635669673837612,,0.0
2023-07-07,27.94,27.12,28.0,26.97,434993.99,1233281.549,0.9627263045793396,,0.0
2023-07-10,26.95,26.05,27.17,25.95,629788.14,1723708.275,0.9612546125461254,,0.0
2023-07-11,26.27,27.01,27.11,25.88,625888.09,1735190.842,0.9625801853171776,,0.0
2023-07-12,26.95,26.74,27.49,26.64,326030.12,915301.574,0.9622166246851384,,0.0
2023-07-13,26.74,26.76,27.01,26.28,380389.75,1059120.554,0.9622437971952534,,0.0
2023-07-14,26.73,26.86,27.5,26.71,462817.31,1301336.926,0.9623790756001432,,0.0
2023-07-17,26.79,26.57,27.15,26.21,234988.25,648346.175,0.9619840695148444,,0.0
2023-07-18,26.35,26.88,27.31,26.19,448491.47,1251606.995,0.962406015037594,,0.0
2023-07-19,26.88,27.02,27.35,26.7,248445.2,696054.755,0.9625935162094764,,0.0
2023-07-20,27.01,26.37,27.16,26.25,383271.21,1061163.558,0.9617067833698032,,0.0
2023-07-21,26.14,25.83,26.45,25.71,297259.59,802309.809,0.9609375,,0.0
2023-07-24,25.95,26.01,26.41,25.59,199122.06,540246.943,0.9611973392461196,,0.0
2023-07-25,26.45,26.99,27.11,26.06,461103.91,1284752.078,0.9625534950071326,,0.0
2023-07-26,26.99,25.81,26.99,25.65,406072.41,1100492.464,0.9609084139985108,,0.0
2023-07-27,26.05,26.19,26.52,26.05,287641.21,785995.644,0.961453744493392,,0.0
2023-07-28,26.19,25.78,26.19,25.42,360086.24,967115.246,0.9608647036898992,,0.0
2023-07-31,25.83,26.8,27.24,25.82,395516.98,1103865.908,0.96229802513465,,0.0
2023-08-01,26.93,26.79,27.05,26.37,207119.31,575259.947,0.9622844827586208,,0.0
2023-08-02,26.8,26.93,27.45,26.66,376928.82,1061012.853,0.9624731951393852,,0.0
2023-08-03,26.83,27.06,27.41,26.43,244819.14,685515.33,0.9626467449306296,,0.0
2023-08-04,26.81,27.65,27.85,26.55,420697.17,1193826.285,0.9634146341463414,,0.0
2023-08-07,27.6,27.7,28.05,27.45,306770.84,885710.323,0.9634782608695652,,0.0
2023-08-08,27.51,28.08,28.35,27.46,246547.86,717534.972,0.9639546858908342,,0.0
2023-08-09,27.83,27.35,27.94,27.15,184501.26,525163.309,0.9630281690140844,,0.0
2023-08-10,27.23,27.25,27.3,26.93,119267.59,335789.595,0.9628975265017669,,0.0
2023-08-11,27.43,26.55,27.5,26.53,113068.52,315397.943,0.9619565217391304,,0.0
2023-08-14,26.25,26.66,26.75,25.63,205100.87,558697.945,0.9621075424034644,,0.0
2023-08-15,26.84,26.26,26.9,26.0,160003.07,438396.787,0.9615525448553645,,0.0
2023-08-16,26.24,25.87,26.7,25.73,184709.38,500917.37,0.9609955423476968,,0.0
2023-08-17,25.8,26.12,26.54,25.26,230713.73,622629.058,0.9613544350386456,,0.0
2023-08-18,26.15,25.45,26.15,25.15,216451.19,574339.835,0.960377358490566,,0.0
2023-08-21,25.37,25.45,25.73,24.83,219169.06,579630.302,0.960377358490566,,0.0
2023-08-22,25.79,26.48,26.55,25.65,306599.85,833041.837,0.961859789320741,,0.0
2023-08-23,26.65,26.31,27.09,26.2,245072.64,677498.128,0.961622807017544,,0.0
2023-08-24,26.34,26.8,27.13,26.1,204972.24,568025.966,0.96229802513465,,0.0
2023-08-25,26.77,26.63,26.84,25.83,154034.45,423703.397,0.9620664739884393,,0.0
2023-08-28,28.05,27.12,28.55,26.75,281836.97,801254.86,0.9627263045793396,,0.0
2023-08-29,26.87,29.06,29.94,26.87,618343.56,1847413.505,0.9651278644968448,,0.0
2023-08-30,28.95,28.96,29.88,28.82,402500.75,1215557.991,0.9650116627790736,,0.0
2023-08-31,28.81,28.65,29.25,28.38,289941.19,861796.171,0.9646464646464646,,0.0
2023-09-01,28.5,28.73,28.75,27.65,327117.13,957682.02,0.9647414372061788,,0.0
2023-09-04,28.6,27.48,28.64,26.97,510823.86,1456139.513,0.9631966351209252,,0.0
2023-09-05,27.5,27.65,28.12,27.49,294183.0,849544.127,0.9634146341463414,,0.0
2023-09-06,27.35,27.54,27.65,27.17,167139.83,476264.673,0.9632738719832108,,0.0
2023-09-07,27.51,27.16,27.55,27.11,128733.16,364753.898,0.9627791563275434,,0.0
2023-09-08,27.15,27.54,28.19,27.04,181703.34,522894.821,0.9632738719832108,,0.0
2023-09-11,27.53,27.67,28.02,27.2,188560.21,541886.742,0.9634401114206128,,0.0
2023-09-12,28.24,28.1,28.5,27.36,232801.83,676237.057,0.9639794168096054,,0.0
2023-09-13,28.0,27.39,28.11,27.25,179573.21,512980.872,0.9630801687763711,,0.0
2023-09-14,27.29,26.89,27.57,26.75,151614.63,425630.129,0.962419470293486,,0.0
2023-09-15,26.9,26.68,26.99,26.5,150588.34,417701.744,0.9621348719798052,,0.0
2023-09-18,26.58,27.2,27.63,26.41,195996.72,554095.353,0.9628318584070796,,0.0
2023-09-19,27.1,26.92,27.42,26.57,170598.94,477317.742,0.9624597783339292,,0.0
2023-09-20,26.92,26.55,27.01,26.38,181053.11,500753.286,0.9619565217391304,,0.0
2023-09-21,26.55,26.46,26.55,25.96,170619.72,467057.533,0.9618320610687022,,0.0
2023-09-22,26.58,26.46,26.84,26.0,337175.17,924352.026,0.9618320610687022,,0.0
2023-09-25,27.29,27.51,28.32,26.99,575730.51,1652579.294,0.9632352941176472,,0.0
2023-09-26,27.7,27.96,28.12,27.05,249667.38,718011.448,0.9638055842812824,,0.0
2023-09-27,27.96,28.14,28.6,27.75,206954.38,603409.33,0.9640287769784172,,0.0
2023-09-28,28.34,28.65,28.82,28.1,220786.71,652570.666,0.9646464646464646,,0.0
2023-10-09,28.47,29.06,29.48,28.1,275115.18,826638.03,0.9651278644968448,,0.0
2023-10-10,28.97,28.18,29.03,28.08,257581.61,757002.626,0.9640780020526856,,0.0
2023-10-11,28.36,28.04,28.37,27.83,182928.65,532532.495,0.9639051220350636,,0.0
2023-10-12,28.16,27.65,28.22,27.57,149546.48,432295.346,0.9634146341463414,,0.0
2023-10-13,27.57,26.82,27.7,26.56,294245.71,822132.988,0.96232508073197,,0.0
2023-10-16,26.66,26.76,27.21,26.13,213922.6,593285.693,0.9622437971952534,,0.0
2023-10-17,26.59,26.6,26.75,26.15,133857.82,368363.253,0.9620253164556962,,0.0
2023-10-18,26.52,26.73,26.92,26.4,158103.15,437490.175,0.9639379733141002,,0.0
2023-10-19,26.5,25.88,26.55,25.75,240366.35,647565.24,0.9627976190476192,,0.0
2023-10-20,25.82,25.39,25.87,25.3,139541.32,369946.881,0.9621068586585828,,0.0
2023-10-23,25.2,24.95,25.34,24.6,172874.56,448355.783,0.9614643545279384,,0.0
2023-10-24,24.78,25.54,26.4,24.77,297342.95,788919.58,0.9623210248681237,,0.0
2023-10-25,25.64,26.04,26.33,25.5,158798.34,427566.829,0.96301775147929,,0.0
2023-10-26,25.89,26.55,26.58,25.68,189897.54,515594.794,0.9637023593466424,,0.0
2023-10-27,26.51,26.28,26.65,26.18,140610.39,385090.656,0.9633431085043987,,0.0
2023-10-30,26.27,26.25,26.49,25.8,240260.19,652210.603,0.963302752293578,,0.0
2023-10-31,25.7,25.74,25.89,24.64,363834.31,958461.001,0.962602842183994,,0.0
2023-11-01,25.74,25.86,26.29,25.43,151205.59,406216.402,0.9627699180938198,,0.0
2023-11-02,25.86,24.83,25.99,24.8,269329.25,703910.106,0.9612853271389856,,0.0
2023-11-03,25.43,25.5,26.02,25.03,334769.68,889630.614,0.9622641509433962,,0.0
2023-11-06,25.54,26.96,26.96,25.35,370563.81,1009633.249,0.9642346208869814,,0.0
2023-11-07,26.96,27.21,27.57,26.72,212818.46,600711.522,0.9645515774548032,,0.0
2023-11-08,27.2,26.93,27.34,26.7,156441.81,438076.894,0.9641962047977084,,0.0
2023-11-09,26.93,26.83,26.93,26.16,210772.15,582301.284,0.9640675530003592,,0.0
2023-11-10,26.66,26.7,26.83,26.44,109128.89,301509.907,0.9638989169675092,,0.0
2023-11-13,26.7,26.86,27.25,26.7,158010.1,442447.504,0.9641062455132808,,0.0
2023-11-14,26.94,26.63,27.05,26.52,122084.54,338215.821,0.9638074556641332,,0.0
2023-11-15,26.86,27.63,28.05,26.8,312692.71,892580.748,0.9650716032134125,,0.0
2023-11-16,27.55,27.18,27.66,27.15,103773.39,294560.017,0.964513839602555,,0.0
2023-11-17,27.11,28.31,28.4,27.04,264999.77,765494.278,0.9658819515523712,,0.0
2023-11-20,28.4,28.4,28.69,27.78,221696.98,647479.55,0.9659863945578232,,0.0
2023-11-21,28.2,27.4,28.39,27.32,326604.57,935975.071,0.9647887323943662,,0.0
2023-11-22,27.3,26.71,27.3,26.68,212369.56,594260.268,0.9639119451461566,,0.0
2023-11-23,26.67,27.49,27.9,26.62,303322.87,858900.578,0.9648999648999648,,0.0
2023-11-24,27.48,27.16,27.5,26.95,102719.81,288827.758,0.9644886363636364,,0.0
2023-11-27,27.11,27.08,27.23,26.53,118931.49,331937.982,0.9643874643874644,,0.0
2023-11-28,27.07,27.9,27.96,26.98,183851.6,527580.961,0.9653979238754326,,0.0
2023-11-29,27.86,27.93,28.16,27.7,125035.43,361090.583,0.9654338057379882,,0.0
2023-11-30,27.87,27.92,28.25,27.68,149602.94,432577.772,0.9654218533886584,,0.0
2023-12-01,27.82,27.49,27.86,27.11,150398.45,427310.658,0.9648999648999648,,0.0
2023-12-04,27.34,27.75,27.91,27.22,129008.26,368801.743,0.9652173913043478,,0.0
2023-12-05,27.63,26.81,27.68,26.8,174915.37,491574.76,0.9640417116145272,,0.0
2023-12-06,26.74,26.7,27.34,26.49,152754.35,424399.838,0.9638989169675092,,0.0
2023-12-07,26.69,27.23,27.42,26.6,135997.79,382040.023,0.9645766914629826,,0.0
2023-12-08,27.38,27.25,27.88,27.08,117416.88,332985.445,0.9646017699115044,,0.0
2023-12-11,27.3,28.4,28.5,26.98,267847.72,777700.907,0.9659863945578232,,0.0
2023-12-12,28.27,27.95,28.5,27.9,112331.05,326597.225,0.9654576856649396,,0.0
2023-12-13,27.88,28.51,29.74,27.07,460339.58,1357747.289,0.9661131819722129,,0.0
2023-12-14,28.44,28.23,28.84,28.2,179055.28,527268.158,0.96578857338351,,0.0
2023-12-15,28.37,28.04,28.83,27.97,198656.2,582547.804,0.9655647382920112,,0.0
2023-12-18,28.04,28.15,28.63,27.74,195846.63,571785.737,0.9656946826758148,,0.0
2023-12-19,28.15,28.44,28.66,27.86,169983.0,498072.126,0.9660326086956522,,0.0
2023-12-20,28.5,27.97,29.16,27.83,230409.46,678434.747,0.9654815326199516,,0.0
2023-12-21,27.98,27.56,28.06,27.38,219734.53,628416.687,0.9649859943977592,,0.0
2023-12-22,27.61,27.83,28.03,27.34,187714.48,539529.966,0.965313909122442,,0.0
2023-12-25,27.69,28.08,28.35,27.61,150179.78,435128.749,0.9656121045392022,,0.0
2023-12-26,28.0,27.12,28.0,26.5,309040.03,864683.898,0.9644381223328592,,0.0
2023-12-27,27.18,27.4,27.85,27.0,201040.4,571823.53,0.9647887323943662,,0.0
2023-12-28,27.49,27.18,27.55,26.94,216352.86,610944.534,0.964513839602555,,0.0
2023-12-29,27.19,28.4,28.45,27.11,355409.46,1031116.203,0.9659863945578232,,0.0
2024-01-02,28.4,27.36,28.4,27.36,203744.24,584633.038,0.9647390691114244,,0.0
2024-01-03,27.34,25.62,27.34,25.5,554781.76,1495936.589,0.9624342599549212,,0.0
2024-01-04,25.85,26.05,26.31,25.62,266865.46,720222.943,0.9630314232902032,,0.0
2024-01-05,26.14,26.0,26.88,25.82,284874.38,777596.283,0.9629629629629628,,0.0
2024-01-08,25.91,25.07,25.91,24.78,338839.05,883536.868,0.9616417337936324,,0.0
2024-01-09,25.15,25.28,25.81,24.91,176525.58,465613.69,0.9619482496194824,,0.0
2024-01-10,25.11,24.92,25.33,24.85,189723.22,493245.779,0.9614197530864198,,0.0
2024-01-11,24.9,24.81,24.92,23.83,334703.32,854703.351,0.9612553273924836,,0.0
2024-01-12,24.7,24.53,25.09,24.47,266255.92,684405.257,0.9608303956130044,,0.0
2024-01-15,24.5,24.57,24.61,23.95,242978.11,614317.988,0.9608916699256942,,0.0
2024-01-16,24.54,24.47,25.05,24.1,254348.35,650077.096,0.9607381232822928,,0.0
2024-01-17,24.35,23.2,24.35,23.2,389846.48,957845.783,0.9586776859504132,,0.0
2024-01-18,23.0,23.47,23.52,22.59,388594.34,933093.027,0.9591336330200244,,0.0
2024-01-19,23.48,23.11,23.75,22.88,217004.65,523753.299,0.9585234342596431,,0.0
2024-01-22,23.03,22.11,23.11,21.88,331374.25,780578.548,0.9567286888792732,,0.0
2024-01-23,22.06,22.26,22.56,21.82,249595.98,579276.512,0.9570077386070508,,0.0
2024-01-24,22.28,22.15,22.46,21.23,410135.11,932173.886,0.956803455723542,,0.0
2024-01-25,22.0,21.23,22.0,20.38,727887.26,1611158.864,0.9550157444894288,,0.0
2024-01-26,20.79,20.32,20.79,19.97,563782.5,1209451.468,0.953095684803002,,0.0
2024-01-29,20.25,19.81,20.28,19.67,352625.67,738485.472,0.9519461797212878,,0.0
2024-01-30,19.96,19.61,20.81,19.61,411671.71,869065.928,0.9514798641436196,,0.0
2024-01-31,19.61,20.0,20.7,19.6,563122.88,1187802.497,0.9523809523809524,,0.0
2024-02-01,19.93,20.6,21.0,19.72,421145.52,908147.947,0.9537037037037036,,0.0
2024-02-02,20.6,20.1,20.69,19.48,432001.01,912094.132,0.95260663507109,,0.0
2024-02-05,19.67,19.3,19.99,18.77,573136.76,1169453.21,0.9507389162561576,,0.0
2024-02-06,19.29,20.95,21.08,19.09,473437.6,1012896.757,0.9544419134396356,,0.0
2024-02-07,21.0,21.69,21.92,20.61,587268.3,1321001.867,0.9559277214631996,,0.0
2024-02-08,21.6,22.4,22.42,21.39,447850.51,1034798.707,0.9572649572649572,,0.0
2024-02-19,22.45,21.1,22.5,20.58,616491.4,1374938.487,0.9547511312217196,,0.0
2024-02-20,20.78,21.35,21.39,19.15,1052073.08,2213634.17,0.9552572706935124,,0.0
2024-02-21,20.85,22.33,23.14,20.71,1128234.84,2625657.385,0.957136733819117,,0.0
2024-02-22,21.99,22.4,22.4,21.75,482059.54,1113567.415,0.9572649572649572,,0.0
2024-02-23,22.4,23.95,24.2,22.37,773445.23,1887344.149,0.9599198396793588,,0.0
2024-02-26,24.89,24.15,25.17,23.9,816165.98,2077553.825,0.9602385685884692,,0.0
2024-02-27,24.0,24.6,24.82,23.52,535009.12,1346064.667,0.9609375,,0.0
2024-02-28,24.58,23.25,24.63,23.25,543095.37,1353376.727,0.9587628865979382,,0.0
2024-02-29,22.98,23.92,23.96,22.88,362221.03,895324.226,0.9598715890850722,,0.0
2024-03-01,23.87,24.24,24.38,23.47,377650.49,945018.592,0.960380348652932,,0.0
2024-03-04,24.02,25.0,25.0,23.78,452618.02,1145432.976,0.9615384615384616,,0.0
2024-03-05,24.5,23.96,24.6,23.42,514253.96,1284533.002,0.9599358974358976,,0.0
2024-03-06,23.67,23.93,24.35,23.52,310771.04,775282.362,0.9598876855194544,,0.0
2024-03-07,24.38,23.26,24.48,23.18,349844.58,865614.366,0.9587798845836768,,0.0
2024-03-08,23.2,23.71,23.74,22.92,261019.05,637138.191,0.9595305544314044,,0.0
2024-03-11,23.71,24.25,24.28,23.4,427726.4,1064694.178,0.9603960396039604,,0.0
2024-03-12,24.25,24.51,25.07,24.08,524383.69,1344897.185,0.9607996863974912,,0.0
2024-03-13,24.42,24.52,24.8,24.17,350053.49,891200.681,0.9608150470219436,,0.0
2024-03-14,24.85,24.23,25.34,23.86,526131.86,1345200.936,0.9603646452635752,,0.0
2024-03-15,24.26,24.59,24.6,24.0,286308.49,724883.197,0.9609222352481438,,0.0
2024-03-18,24.6,24.63,24.72,24.21,361384.23,921231.099,0.9609832227857978,,0.0
2024-03-19,24.62,24.21,24.75,24.18,289093.85,734154.035,0.9603332011106704,,0.0
2024-03-20,24.21,23.72,24.29,23.4,378470.8,936265.399,0.959546925566343,,0.0
2024-03-21,23.7,23.53,23.71,23.28,254090.87,622432.788,0.9592335915205872,,0.0
2024-03-22,23.34,23.54,23.67,23.01,381473.96,928813.088,0.9592502037489812,,0.0
2024-03-25,23.4,23.42,24.32,23.21,481814.79,1194499.9,0.959049959049959,,0.0
2024-03-26,23.42,23.11,23.52,22.7,389465.1,936500.232,0.9585234342596431,,0.0
2024-03-27,23.13,22.16,23.17,22.16,287079.03,678182.787,0.9568221070811744,,0.0
2024-03-28,22.13,23.01,23.35,22.1,379312.71,908617.329,0.958350687213661,,0.0
2024-03-29,23.08,22.73,23.16,22.3,217328.32,514522.978,0.957859249894648,,0.0
2024-04-01,22.8,23.19,23.5,22.6,218842.99,528640.997,0.958660603555188,,0.0
2024-04-02,23.09,22.4,23.19,22.17,364005.43,853551.311,0.9572649572649572,,0.0
2024-04-03,22.25,21.31,22.25,21.08,681151.02,1525425.346,0.9551770506499327,,0.0
2024-04-08,21.26,20.75,21.43,20.7,364170.75,801954.572,0.9540229885057472,,0.0
2024-04-09,20.75,20.88,21.08,20.45,344709.43,750842.544,0.9542961608775136,,0.0
2024-04-10,20.89,20.44,20.98,20.32,369480.74,797442.525,0.9533582089552238,,0.0
2024-04-11,20.34,20.21,20.67,20.03,349299.37,743993.681,0.9528524280999529,,0.0
2024-04-12,20.21,19.87,20.4,19.81,323744.66,681635.037,0.9520843315764256,,0.0
2024-04-15,19.75,20.5,20.68,19.71,475031.23,1010917.214,0.9534883720930232,,0.0
2024-04-16,20.56,19.78,20.56,19.74,430469.51,905233.599,0.9518768046198268,,0.0
2024-04-17,19.86,19.9,20.46,19.6,727586.64,1522068.722,0.9521531100478468,,0.0
2024-04-18,19.85,20.65,21.05,19.35,868452.41,1860076.342,0.953810623556582,,0.0
2024-04-19,20.43,19.82,20.45,19.69,502664.12,1056405.868,0.951969260326609,,0.0
2024-04-22,19.53,19.39,19.88,19.21,511875.73,1051411.497,0.9509563511525256,,0.0
2024-04-23,19.01,20.06,20.27,19.01,567797.16,1181612.601,0.952516619183286,,0.0
2024-04-24,20.8,20.94,21.47,20.75,857477.5,1895862.813,0.9544211485870556,,0.0
2024-04-25,20.84,20.84,21.1,20.5,358078.0,782844.94,0.9542124542124544,,0.0
2024-04-26,20.75,21.16,21.28,20.7,433707.26,958182.752,0.9548736462093864,,0.0
2024-04-29,21.66,21.67,22.04,21.08,749869.36,1695541.033,0.9558888398764888,,0.0
2024-04-30,21.22,20.91,21.79,20.61,713062.7,1580659.4,0.9543587403012324,,0.0
2024-05-06,21.35,21.58,21.86,21.29,666867.55,1506112.399,0.9557130203720108,,0.0
2024-05-07,21.6,21.41,21.67,21.26,381567.68,855451.536,0.9553770638107988,,0.0
2024-05-08,21.41,20.87,21.43,20.87,293278.0,646421.547,0.9542752629172382,,0.0
2024-05-09,20.8,21.13,21.33,20.75,300153.49,662579.07,0.9548124717577948,,0.0
2024-05-10,21.15,20.57,21.19,20.48,423474.91,916721.337,0.9536393138618452,,0.0
2024-05-13,20.38,20.15,20.57,19.94,391893.99,833803.841,0.9527186761229316,,0.0
2024-05-14,20.35,20.43,20.62,20.25,304926.4,653402.696,0.9533364442370508,,0.0
2024-05-15,20.35,20.8,21.13,20.12,398622.84,869767.312,0.9541284403669724,,0.0
2024-05-16,20.85,20.69,21.01,20.41,350926.67,760686.528,0.9538958045182112,,0.0
2024-05-17,20.67,21.68,21.74,20.52,695187.94,1547380.44,0.9559082892416224,,0.0
2024-05-20,21.59,21.4,21.9,21.18,447384.5,1003580.371,0.9553571428571428,,0.0
2024-05-21,21.3,20.89,21.3,20.75,374516.24,820165.407,0.9543170397441756,,0.0
2024-05-22,20.85,21.43,21.68,20.85,487701.96,1095229.038,0.9554168524297816,,0.0
2024-05-23,21.35,21.22,21.74,21.18,305161.66,682434.349,0.954995499549955,,0.0
2024-05-24,21.04,20.33,21.1,20.31,434931.23,939679.774,0.953117674636662,,0.0
2024-05-27,20.44,20.57,20.6,20.0,273343.73,580454.792,0.9536393138618452,,0.0
2024-05-28,20.45,20.64,20.89,20.24,242307.38,523503.37,0.953789279112754,,0.0
2024-05-29,20.54,20.59,20.88,20.34,271365.19,585847.024,0.953682260305697,,0.0
2024-05-30,20.51,20.9,21.05,20.31,362318.47,790477.401,0.954337899543379,,0.0
2024-05-31,21.08,22.02,22.7,21.0,938372.32,2158292.074,0.9565595134665508,,0.0
2024-06-03,22.4,22.44,22.82,22.16,717818.1,1690540.199,0.9573378839590444,,0.0
2024-06-04,22.5,22.71,22.89,22.26,541041.15,1275719.222,0.9578237030788695,,0.0
2024-06-05,22.9,23.42,23.72,22.87,648124.88,1582244.081,0.959049959049959,,0.0
2024-06-06,23.36,22.91,23.5,22.7,568086.57,1367719.293,0.9581764951902968,,0.0
2024-06-07,22.92,22.51,23.1,22.32,404620.64,956293.236,0.9574649085495534,,0.0
2024-06-11,22.18,22.37,22.56,22.05,291856.88,678812.803,0.9572100984167736,,0.0
2024-06-12,22.19,22.8,23.18,22.07,464288.54,1105082.53,0.957983193277311,,0.0
2024-06-13,22.85,23.79,23.95,22.56,682692.15,1656588.96,0.969437652811736,,0.0
2024-06-14,23.2,22.22,23.2,22.04,813941.59,1882434.142,0.9673487157161516,,0.0
2024-06-17,22.04,22.27,22.37,21.85,462318.9,1055891.724,0.9674196350999132,,0.0
2024-06-18,22.35,22.62,22.9,22.34,399076.12,932776.389,0.9679075738125802,,0.0
2024-06-19,22.65,21.76,22.65,21.65,422462.68,961438.162,0.9666814749000444,,0.0
2024-06-20,21.56,21.05,21.65,20.96,375449.61,824369.485,0.9655963302752294,,0.0
2024-06-21,20.92,20.95,21.09,20.42,577790.48,1239148.017,0.9654377880184332,,0.0
2024-06-24,20.75,20.14,20.87,20.07,439112.3,929943.974,0.9640976543800862,,0.0
2024-06-25,20.14,19.72,20.33,19.55,440980.76,908966.229,0.9633610161211528,,0.0
2024-06-26,19.65,19.85,19.92,19.3,442645.12,901543.768,0.9635922330097088,,0.0
2024-06-27,19.73,18.81,19.73,18.81,644863.45,1278165.183,0.9616564417177914,,0.0
2024-06-28,18.43,18.33,18.83,18.19,554725.44,1068134.507,0.960691823899371,,0.0
2024-07-01,18.34,17.89,18.45,17.59,584199.7,1089012.091,0.959763948497854,,0.0
2024-07-02,18.93,18.64,19.27,18.56,913021.67,1791438.296,0.961320268179474,,0.0
2024-07-03,19.33,18.37,19.6,18.34,854600.81,1677017.644,0.9607740585774058,,0.0
2024-07-04,18.8,19.43,19.98,18.72,1340673.75,2703897.38,0.9628344895936573,,0.0
2024-07-05,18.8,18.43,19.05,18.13,997491.23,1915213.164,0.9608967674661104,,0.0
2024-07-08,18.15,17.54,18.18,17.41,626728.94,1159282.442,0.9589939857845816,,0.0
2024-07-09,17.43,18.45,18.58,17.1,792546.36,1480382.818,0.9609375,,0.0
2024-07-10,18.31,18.65,19.27,18.25,744796.0,1457767.07,0.961340206185567,,0.0
2024-07-11,18.85,19.03,19.2,18.58,569806.21,1121152.584,0.962082912032356,,0.0
2024-07-12,18.74,18.3,18.75,18.19,545842.29,1042965.943,0.9606299212598424,,0.0
2024-07-15,18.26,18.25,18.43,17.95,356565.52,674536.642,0.9605263157894736,,0.0
2024-07-16,18.1,18.45,18.45,18.05,304327.65,578875.019,0.9609375,,0.0
2024-07-17,18.45,18.2,18.45,18.08,269890.83,512956.314,0.9604221635883904,,0.0
2024-07-18,18.03,18.33,18.49,17.85,338240.59,639403.307,0.960691823899371,,0.0
2024-07-19,18.24,18.45,18.7,18.16,383409.1,736827.146,0.9609375,,0.0
2024-07-22,18.31,18.26,18.45,18.17,308170.42,586292.133,0.9605470804839558,,0.0
2024-07-23,18.84,17.88,18.95,17.88,445278.92,849369.458,0.9597423510466988,,0.0
2024-07-24,17.4,16.83,17.78,16.78,604466.21,1082776.365,0.9573378839590444,,0.0
2024-07-25,16.51,16.53,16.73,16.29,407327.99,702125.594,0.9565972222222222,,0.0
2024-07-26,16.66,17.33,17.74,16.6,546223.38,983148.742,0.9585176991150444,,0.0
2024-07-29,17.26,16.82,17.32,16.62,423822.05,744430.14,0.9573136027319294,,0.0
2024-07-30,16.7,17.23,17.65,16.58,599426.74,1071856.175,0.9582869855394884,,0.0
2024-07-31,16.96,17.67,18.0,16.79,861735.02,1583999.801,0.9592833876221498,,0.0
2024-08-01,17.68,17.12,17.88,17.1,773087.62,1397626.4,0.9580302182428652,,0.0
2024-08-02,16.77,16.64,17.11,16.58,474053.12,831762.963,0.9568717653824036,,0.0
2024-08-05,16.48,16.42,17.13,16.39,503673.5,882140.194,0.9563191613278976,,0.0
2024-08-06,16.57,16.53,16.76,16.27,413208.18,709467.599,0.9565972222222222,,0.0
2024-08-07,16.45,16.63,16.68,16.27,352770.13,610171.645,0.9568469505178366,,0.0
2024-08-08,16.47,16.3,16.53,16.15,384742.51,655569.889,0.9560117302052786,,0.0
2024-08-09,16.4,16.16,16.69,16.16,309494.47,530385.745,0.9556475458308692,,0.0
2024-08-12,16.05,15.69,16.1,15.579999999999998,427116.62,704014.839,0.9543795620437956,,0.0
2024-08-13,15.69,15.59,15.81,15.43,413778.17,673951.093,0.9541003671970624,,0.0
2024-08-14,15.63,15.260000000000002,15.66,15.22,355488.81,572177.488,0.95315427857589,,0.0
2024-08-15,15.23,15.829999999999998,16.04,15.18,679101.18,1119691.601,0.9547647768395656,,0.0
2024-08-16,15.82,15.75,15.98,15.6,250247.53,414055.398,0.9545454545454546,,0.0
2024-08-19,15.85,15.79,16.05,15.760000000000002,254898.0,424143.125,0.9546553808948004,,0.0
2024-08-20,15.75,15.48,15.79,15.39,243571.86,396773.037,0.953789279112754,,0.0
2024-08-21,15.4,15.82,15.98,15.36,389051.14,642305.434,0.9547374773687388,,0.0
2024-08-22,15.82,15.489999999999998,15.829999999999998,15.44,252539.9,411942.836,0.9538177339901478,,0.0
2024-08-23,15.48,15.65,15.81,15.43,210674.34,344577.338,0.9542682926829268,,0.0
2024-08-26,15.68,15.57,15.89,15.45,271087.8,444963.408,0.9540441176470588,,0.0
2024-08-27,15.45,14.94,15.47,14.91,370821.51,588389.506,0.9521988527724664,,0.0
2024-08-28,14.91,15.36,15.47,14.91,352965.48,564071.601,0.9534450651769087,,0.0
2024-08-29,15.260000000000002,16.32,16.44,15.18,672410.28,1128734.203,0.9560632688927944,,0.0
2024-08-30,16.22,16.59,16.97,16.14,715769.63,1246487.425,0.9567474048442908,,0.0
2024-09-02,16.62,16.0,16.82,16.0,452776.88,775377.752,0.9552238805970148,,0.0
2024-09-03,16.11,16.63,16.67,15.9,475476.79,817795.376,0.9568469505178366,,0.0
2024-09-04,16.45,16.7,17.08,16.33,417768.95,730080.003,0.9570200573065902,,0.0
2024-09-05,16.73,17.19,17.5,16.73,565263.35,1017883.133,0.9581939799331104,,0.0
2024-09-06,17.15,16.93,17.42,16.87,331239.66,591197.602,0.957579185520362,,0.0
2024-09-09,16.71,17.12,17.39,16.6,467874.37,835301.658,0.9580302182428652,,0.0
2024-09-10,17.19,17.0,17.25,16.86,299060.85,532196.353,0.9577464788732394,,0.0
2024-09-11,16.99,17.46,17.55,16.81,448098.38,809196.186,0.9588138385502472,,0.0
2024-09-12,17.57,16.92,17.75,16.86,388401.18,696031.978,0.9575551782682512,,0.0
2024-09-13,16.9,16.73,17.16,16.73,249179.54,440150.705,0.9570938215102976,,0.0
2024-09-18,16.65,16.75,16.92,16.48,290475.2,507157.567,0.9571428571428572,,0.0
2024-09-19,16.81,16.94,17.27,16.53,549286.17,973448.976,0.9576031656302996,,0.0
2024-09-20,16.95,17.15,17.51,16.91,586057.34,1052764.885,0.9581005586592178,,0.0
2024-09-23,17.12,16.81,17.3,16.67,364376.7,642932.746,0.9572892938496584,,0.0
2024-09-24,16.93,17.79,17.95,16.57,768586.63,1392542.729,0.959546925566343,,0.0
2024-09-25,17.91,17.96,18.6,17.9,759468.32,1442204.931,0.9599144842330304,,0.0
2024-09-26,18.01,18.95,19.0,18.01,964711.12,1875439.51,0.9619289340101524,,0.0
2024-09-27,19.3,20.92,20.92,19.2,1116675.02,2342164.743,0.9653899400092294,,0.0
2024-09-30,21.85,23.08,23.08,21.15,1124435.57,2596112.46,0.9685270667226186,,0.0
2024-10-08,25.46,24.61,25.46,23.24,1460536.88,3729825.406,0.9704258675078864,,0.0
2024-10-09,23.5,23.85,25.76,22.83,1400562.4,3507495.931,0.9695121951219512,,0.0
2024-10-10,23.86,22.81,24.65,22.75,1259872.14,3062364.053,0.9681663837011883,,0.0
2024-10-11,22.66,21.27,22.75,20.93,1150419.37,2577952.266,0.9659400544959128,,0.0
2024-10-14,20.94,21.07,21.45,19.96,1182061.16,2534090.226,0.965627864344638,,0.0
2024-10-15,21.08,20.56,21.25,20.53,668731.58,1438794.936,0.9648052557484748,,0.0
2024-10-16,20.05,20.07,20.35,19.66,711326.57,1476780.799,0.9639769452449568,,0.0
2024-10-17,20.1,20.33,20.89,20.08,729856.63,1551622.468,0.9644212523719166,,0.0
2024-10-18,20.35,21.7,22.3,20.15,1056748.23,2326167.638,0.9665924276169264,,0.0
2024-10-21,22.15,21.15,22.21,21.0,1031717.42,2289231.991,0.9657534246575342,,0.0
2024-10-22,21.15,22.52,22.95,21.08,1030574.21,2361379.864,0.9677696605070908,,0.0
2024-10-23,22.53,22.200000000000003,22.68,21.85,708995.26,1622572.881,0.9715536105032824,,0.0
2024-10-24,23.200000000000003,22.23,23.82,22.17,848330.94,1994102.302,0.9715909090909092,,0.0
2024-10-25,23.05,22.41,23.05,22.16,679365.86,1578700.371,0.971812662619254,,0.0
2024-10-28,22.200000000000003,22.610000000000003,22.73,22.01,435194.99,1001784.31,0.972055030094583,,0.0
2024-10-29,22.540000000000003,22.25,22.92,22.15,444226.6,1026266.026,0.9716157205240176,,0.0
2024-10-30,22.05,21.99,22.74,21.76,440513.77,1003057.519,0.9712897526501768,,0.0
2024-10-31,21.51,21.23,21.700000000000003,20.78,940787.34,2051893.939,0.970292504570384,,0.0
2024-11-01,21.08,20.880000000000003,21.450000000000003,20.73,457561.22,992023.518,0.9698095680445892,,0.0
2024-11-04,21.35,22.15,22.64,21.35,835862.24,1900799.535,0.9714912280701756,,0.0
2024-11-05,22.26,22.3,22.55,21.360000000000003,879013.67,1987291.592,0.971677559912854,,0.0
2024-11-06,22.34,23.950000000000003,24.6,22.34,1889426.64,4636978.122,0.9735772357723578,,0.0
2024-11-07,24.450000000000003,24.43,25.12,23.78,1790663.38,4475957.106,0.9740829346092504,,0.0
2024-11-08,23.93,24.43,25.860000000000003,23.9,1556921.82,3953335.898,0.9740829346092504,,0.0
2024-11-11,24.47,26.83,26.94,24.16,1690741.14,4486971.734,0.9763464337700146,,0.0
2024-11-12,26.950000000000003,26.26,27.78,25.84,1532723.2,4187794.153,0.9758454106280192,,0.0
2024-11-13,25.71,24.83,25.84,24.200000000000003,1394463.8,3538196.62,0.9744897959183674,,0.0
2024-11-14,24.85,24.44,25.35,24.360000000000003,812196.02,2068567.807,0.9740932642487048,,0.0
2024-11-15,24.07,23.17,24.25,23.1,958827.23,2327335.391,0.9727120067170446,,0.0
2024-11-18,23.31,22.770000000000003,23.44,22.6,664693.29,1569655.063,0.9722459436379164,,0.0
2024-11-19,23.1,24.08,24.15,23.040000000000003,874867.19,2120409.976,0.973716134249899,,0.0
2024-11-20,24.020000000000003,24.33,24.83,23.84,784933.1,1965370.757,0.9739791833466774,,0.0
2024-11-21,24.15,23.950000000000003,24.28,23.69,500777.13,1234000.093,0.9735772357723578,,0.0
2024-11-22,23.950000000000003,23.14,24.130000000000003,23.08,647913.82,1573505.178,0.9726775956284154,,0.0
2024-11-25,23.040000000000003,22.040000000000003,23.28,21.42,1216072.62,2781839.667,0.9713530189510798,,0.0
2024-11-26,21.9,21.42,22.12,21.35,606443.23,1350176.075,0.9705482555505212,,0.0
2024-11-27,21.4,21.85,21.860000000000003,20.91,647638.57,1429920.979,0.9711111111111111,,0.0
2024-11-28,21.85,21.47,21.93,21.380000000000003,435284.53,969017.373,0.970614828209765,,0.0
2024-11-29,21.35,22.55,22.880000000000003,21.35,943624.17,2161866.903,0.9719827586206896,,0.0
2024-12-02,22.82,23.84,24.32,22.55,1124018.52,2719836.892,0.9734585545120458,,0.0
2024-12-03,23.84,23.5,23.94,23.26,658858.48,1596950.772,0.9730848861283644,,0.0
2024-12-04,23.35,24.15,24.9,23.15,1059764.28,2622098.841,0.9737903225806452,,0.0
2024-12-05,23.790000000000003,24.05,24.73,23.64,956734.7,2373252.892,0.9736842105263158,,0.0
2024-12-06,24.23,24.21,24.5,23.32,818042.26,2012009.427,0.9738535800482704,,0.0
2024-12-09,24.110000000000003,24.83,25.35,24.03,1130840.76,2892606.775,0.9744897959183674,,0.0
2024-12-10,25.73,24.57,25.74,24.48,1086976.94,2800331.26,0.9742268041237114,,0.0
2024-12-11,24.4,24.33,24.55,23.83,805654.92,2001933.774,0.9739791833466774,,0.0
2024-12-12,24.31,24.47,24.950000000000003,24.15,609713.5,1532678.644,0.974124203821656,,0.0
2024-12-13,24.3,23.51,24.43,23.44,707991.13,1730594.177,0.9730960264900664,,0.0
2024-12-16,23.35,23.12,23.6,22.91,497298.23,1180754.375,0.9726546066470342,,0.0
2024-12-17,23.03,23.0,23.67,22.93,452341.48,1081863.192,0.9725158562367864,,0.0
2024-12-18,23.05,22.91,23.22,22.76,378440.03,892363.777,0.9724108658743634,,0.0
2024-12-19,22.65,23.49,23.74,22.58,534929.91,1281965.532,0.9730737365368684,,0.0
2024-12-20,23.43,23.18,23.71,23.1,496783.89,1191322.354,0.9727234578262696,,0.0
2024-12-23,23.12,22.42,23.53,22.35,571522.27,1335762.353,0.9718248807975728,,0.0
2024-12-24,22.55,22.6,22.75,22.31,345812.01,801388.605,0.9720430107526884,,0.0
2024-12-25,22.65,22.540000000000003,22.84,22.46,328204.17,764644.681,0.9719706770159552,,0.0
2024-12-26,22.5,24.35,24.5,22.32,1117395.87,2736045.197,0.974,,0.0
2024-12-27,24.34,23.92,24.35,23.75,573939.61,1418022.226,0.9735449735449736,,0.0
2024-12-30,23.85,23.540000000000003,23.99,23.35,505823.42,1226455.088,0.9731293923108724,,0.0
2024-12-31,23.66,22.860000000000003,23.790000000000003,22.84,458632.12,1089371.482,0.9723521905572098,,0.0
2025-01-02,22.81,22.19,22.860000000000003,21.98,534916.47,1230253.154,0.9715411558669004,,0.0
2025-01-03,22.14,21.32,22.25,21.24,595201.61,1328740.887,0.970414201183432,,0.0
2025-01-06,21.450000000000003,21.41,21.770000000000003,21.24,355407.19,787264.98,0.9705349048050772,,0.0
2025-01-07,21.450000000000003,21.91,22.22,21.15,416061.44,932260.182,0.9711879432624114,,0.0
2025-01-08,21.78,22.15,22.4,21.32,466158.74,1049797.928,0.9714912280701756,,0.0
2025-01-09,22.020000000000003,24.43,24.43,21.96,1318165.25,3171948.401,0.9740829346092504,,0.0
2025-01-10,25.01,26.05,26.94,25.01,3390900.74,9039385.299,0.9756554307116104,,0.0
2025-01-13,26.55,25.35,27.06,25.110000000000003,2612139.49,6970778.66,0.975,,0.0
2025-01-14,25.65,27.950000000000003,27.950000000000003,25.1,1814072.27,4948698.876,0.9772727272727272,,0.0
2025-01-15,28.8,28.57,29.3,27.9,2937542.16,8577200.136,0.9777549623545516,,0.0
2025-01-16,28.35,27.55,29.020000000000003,27.03,2422718.82,6936167.891,0.9769503546099292,,0.0
2025-01-17,27.35,27.790000000000003,28.6,26.87,1741764.34,4929489.642,0.9771448663853728,,0.0
2025-01-20,28.17,27.94,28.43,27.55,1491574.19,4274621.099,0.9772647778943688,,0.0
2025-01-21,27.96,29.73,30.57,27.65,2573342.31,7616230.314,0.978604344963792,,0.0
2025-01-22,29.35,29.55,29.98,29.0,1655235.44,4981239.381,0.978476821192053,,0.0
2025-01-23,29.75,29.130000000000003,30.71,28.770000000000003,1537928.24,4653134.871,0.978173270651444,,0.0
2025-01-24,28.85,30.880000000000003,31.410000000000004,28.770000000000003,1718694.25,5320087.836,0.979384712971773,,0.0
2025-01-27,30.48,29.92,30.76,29.65,1045779.44,3220127.513,0.9787373241740268,,0.0
2025-02-05,30.790000000000003,31.910000000000004,32.940000000000005,30.22,1673002.41,5402117.588,0.9800368550368552,,0.0
2025-02-06,31.85,34.57,35.17,31.64,2014045.91,6911092.512,0.9815445769449176,,0.0
2025-02-07,33.83,34.67,36.31,33.47,2195269.4,7726750.463,0.9815968289920726,,0.0
2025-02-10,34.22,33.49,34.45,32.82,1875920.87,6362410.977,0.9809607498535444,,0.0
2025-02-11,33.13,33.25,34.45,32.89,1417439.81,4848153.513,0.9808259587020648,,0.0
2025-02-12,31.56,32.58,32.910000000000004,30.69,2038063.51,6658550.559,0.9804393620222692,,0.0
2025-02-13,32.35,31.75,32.97,31.590000000000003,1442022.01,4730253.013,0.9799382716049384,,0.0
2025-02-14,31.660000000000004,31.32,31.85,31.020000000000003,1173585.46,3753561.254,0.9796684391617142,,0.0
2025-02-17,31.4,32.72,32.75,31.4,1815652.85,5962544.257,0.980521426430926,,0.0
2025-02-18,32.410000000000004,32.02,33.230000000000004,31.76,1396402.48,4612168.639,0.980104071013162,,0.0
2025-02-19,31.800000000000004,33.940000000000005,34.33,31.660000000000004,2022033.85,6879445.689,0.9812084417461696,,0.0
2025-02-20,33.800000000000004,33.38,34.22,33.15,1423697.29,4874710.437,0.9808992065824274,,0.0
2025-02-21,33.09,33.7,34.53,33.0,1523112.91,5220066.29,0.9810771470160116,,0.0
2025-02-24,33.65,32.92,34.64,32.24,1693420.58,5731702.479,0.9806374739350612,,0.0
2025-02-25,32.15,33.35,33.85,31.950000000000003,1453491.19,4897620.461,0.9808823529411764,,0.0
2025-02-26,33.050000000000004,34.07,35.32,32.980000000000004,2008466.56,7038921.364,0.981278801843318,,0.0
2025-02-27,33.59,31.770000000000003,33.81,30.860000000000003,2276997.96,7475188.516,0.9799506477483036,,0.0
2025-02-28,31.18,29.67,31.18,29.51,1748932.65,5399630.095,0.978562005277045,,0.0
2025-03-03,29.85,29.87,30.450000000000003,28.97,1211683.66,3683921.567,0.97870249017038,,0.0
2025-03-04,29.450000000000003,30.37,31.23,29.450000000000003,1400393.95,4339961.939,0.9790457769181172,,0.0
2025-03-05,30.35,30.6,31.1,30.15,846080.56,2638937.373,0.9792,,0.0
2025-03-06,30.880000000000003,31.05,31.92,30.75,1166341.44,3728047.718,0.9794952681388012,,0.0
2025-03-07,30.9,31.05,31.47,30.42,1017305.47,3222969.001,0.9794952681388012,,0.0
2025-03-10,31.440000000000005,30.950000000000003,31.5,30.69,739549.77,2340511.113,0.9794303797468354,,0.0
2025-03-11,29.84,29.84,30.47,29.44,1222739.65,3730342.659,0.9786815349294852,,0.0
2025-03-12,30.15,29.700000000000003,30.25,29.68,686645.76,2099641.358,0.9785831960461284,,0.0
2025-03-13,29.8,28.82,29.9,28.540000000000003,943937.63,2798331.871,0.97794367153037,,0.0
2025-03-14,28.75,30.92,31.550000000000004,28.62,1816144.99,5667530.896,0.9794108330693696,,0.0
2025-03-17,30.55,30.66,30.83,29.93,862177.5,2682286.164,0.979239859469818,,0.0
2025-03-18,30.75,30.270000000000003,30.83,30.01,750670.26,2322835.922,0.9789780077619664,,0.0
2025-03-19,30.17,29.67,30.22,29.44,742939.75,2256890.185,0.978562005277045,,0.0
2025-03-20,29.85,30.08,30.68,29.41,861816.39,2648310.407,0.9788480312398308,,0.0
2025-03-21,29.8,28.83,30.08,28.75,990279.36,2949176.836,0.9779511533242876,,0.0
2025-03-24,29.05,29.020000000000003,29.12,28.35,673622.31,1980191.955,0.97809234917425,,0.0
2025-03-25,29.380000000000003,28.57,29.6,28.450000000000003,531211.47,1571886.252,0.9777549623545516,,0.0
2025-03-26,28.35,28.83,29.58,28.35,689926.89,2049976.852,0.9779511533242876,,0.0
2025-03-27,28.66,29.64,30.450000000000003,28.380000000000003,1542206.28,4694602.678,0.9785407725321889,,0.0
2025-03-28,29.35,29.020000000000003,29.75,28.9,801303.38,2390166.721,0.97809234917425,,0.0
2025-03-31,28.8,28.18,28.9,27.72,963376.48,2770758.122,0.9774540409295872,,0.0
2025-04-01,28.28,27.92,28.47,27.84,515302.72,1480517.419,0.9772488624431224,,0.0
2025-04-02,28.020000000000003,28.19,28.51,27.82,555691.09,1601720.378,0.9774618585298196,,0.0
2025-04-03,27.520000000000003,27.360000000000003,28.21,27.290000000000003,656633.11,1858099.864,0.976794002142092,,0.0
2025-04-07,24.56,24.56,25.09,24.56,454786.0,1151334.652,0.9742165807219358,,0.0
2025-04-08,23.9,22.21,24.15,22.040000000000003,1886004.36,4360752.695,0.9715660542432196,,0.0
2025-04-09,21.41,22.5,23.03,20.610000000000003,1604445.91,3645813.153,0.9719222462203024,,0.0
2025-04-10,24.33,23.75,24.8,23.68,1441631.81,3572761.853,0.973360655737705,,0.0
2025-04-11,23.33,24.4,24.700000000000003,23.15,952185.8,2363266.906,0.9740518962075848,,0.0
2025-04-14,24.790000000000003,24.16,24.93,24.1,900168.49,2255094.291,0.9738008867392182,,0.0
2025-04-15,24.4,24.1,25.15,23.950000000000003,715690.69,1790628.356,0.9737373737373738,,0.0
2025-04-16,23.85,23.35,23.92,22.99,757467.12,1821283.277,0.9729166666666668,,0.0
2025-04-17,23.3,23.33,23.73,23.15,393433.52,948666.393,0.9728940783986656,,0.0
2025-04-18,23.31,23.43,23.51,23.05,351166.09,840603.68,0.9730066445182723,,0.0
2025-04-21,23.360000000000003,25.07,25.44,23.12,1113477.4,2801395.588,0.9747278382581648,,0.0
2025-04-22,24.950000000000003,24.26,25.05,24.21,758551.4,1904284.512,0.9739060618225612,,0.0
2025-04-23,25.0,25.18,25.51,24.860000000000003,1151047.98,2969291.283,0.9748354626403408,,0.0
2025-04-24,25.18,24.56,25.34,24.48,623487.42,1590025.559,0.9742165807219358,,0.0
2025-04-25,24.66,24.8,25.3,24.65,606358.91,1554081.428,0.9744597249508842,,0.0
2025-04-28,24.93,24.91,25.35,24.69,639289.5,1639217.085,0.9745696400625978,,0.0
2025-04-29,24.91,25.39,25.64,24.75,837129.99,2173340.056,0.9750384024577572,,0.0
2025-04-30,25.93,26.15,26.43,25.360000000000003,1185083.03,3159168.061,0.9757462686567164,,0.0
2025-05-06,26.35,26.67,26.89,26.22,982153.52,2673981.492,0.976207906295754,,0.0
2025-05-07,27.33,26.290000000000003,27.4,26.01,875582.67,2382803.703,0.975872308834447,,0.0
2025-05-08,26.24,26.4,26.68,26.14,572150.64,1545865.04,0.9759704251386322,,0.0
2025-05-09,26.47,25.94,26.85,25.770000000000003,529228.13,1414172.368,0.975554719819481,,0.0
2025-05-12,26.74,27.25,27.450000000000003,26.700000000000003,1087591.24,3015663.371,0.9767025089605736,,0.0
2025-05-13,27.540000000000003,26.92,27.55,26.85,753511.35,2099000.952,0.9764236488937252,,0.0
2025-05-14,26.85,26.91,27.3,26.51,649593.39,1786379.435,0.9764150943396228,,0.0
2025-05-15,26.84,26.06,26.92,26.05,560973.3,1509401.354,0.9756645451141897,,0.0
2025-05-16,25.93,26.35,26.75,25.87,551254.16,1494755.599,0.975925925925926,,0.0
2025-05-19,26.25,26.01,26.31,25.48,490754.78,1299569.564,0.9756189047261816,,0.0
2025-05-20,25.89,26.040000000000003,26.32,25.62,462666.79,1233301.657,0.9756463094792056,,0.0
2025-05-21,26.01,26.24,26.380000000000003,25.53,517208.48,1376472.279,0.9758274451468948,,0.0
2025-05-22,26.1,25.92,26.24,25.89,365278.15,964775.522,0.9848024316109424,,0.0
2025-05-23,25.87,26.69,27.540000000000003,25.76,1390183.54,3791304.178,0.985234403839055,,0.0
2025-05-26,26.5,26.14,26.68,25.9,810364.26,2157065.877,0.9849284099472496,,0.0
2025-05-27,26.0,25.23,26.08,25.08,799122.39,2056673.796,0.9843932891143192,,0.0
2025-05-28,25.28,25.32,25.790000000000003,25.1,412165.18,1060884.782,0.984447900466563,,0.0
2025-05-29,25.25,26.17,26.32,25.200000000000003,782845.94,2069905.952,0.984945427173504,,0.0
2025-05-30,25.94,25.450000000000003,25.99,25.24,575410.8,1489992.884,0.9845261121856868,,0.0
2025-06-03,25.18,25.360000000000003,25.51,25.06,343391.14,883502.892,0.984472049689441,,0.0
2025-06-04,25.43,25.78,26.08,25.34,420288.5,1097712.181,0.9847211611917496,,0.0
2025-06-05,26.08,26.69,26.85,25.520000000000003,876765.3,2350056.862,0.985234403839055,,0.0
2025-06-06,26.14,25.75,26.200000000000003,25.48,947224.68,2471942.091,0.9847036328871892,,0.0
2025-06-09,25.74,25.520000000000003,25.74,25.4,709824.53,1839570.106,0.984567901234568,,0.0
2025-06-10,25.62,25.53,25.700000000000003,25.15,479023.4,1236985.672,0.9845738526802932,,0.0
2025-06-11,25.68,25.81,26.16,25.6,620379.9,1629961.567,0.9847386493704692,,0.0
2025-06-12,25.72,25.48,25.790000000000003,25.43,437538.3,1136736.729,0.9845440494590418,,0.0
2025-06-13,25.200000000000003,24.860000000000003,25.37,24.8,564789.04,1433422.701,0.9841646872525732,,0.0
2025-06-16,24.75,24.98,25.01,24.68,291465.95,737703.239,0.984239558707644,,0.0
2025-06-17,25.0,24.82,25.26,24.78,298446.95,755912.288,0.9841395717684378,,0.0
2025-06-18,24.74,25.08,25.18,24.62,369060.93,935150.373,0.9843014128728416,,0.0
2025-06-19,25.09,25.72,26.44,24.96,1395184.25,3676437.353,0.98468606431853,,0.0
2025-06-20,25.4,24.55,25.450000000000003,24.34,1073630.01,2702371.466,0.9839679358717436,,0.0
2025-06-23,23.8,24.1,24.22,23.4,757515.69,1843148.431,0.9836734693877552,,0.0
2025-06-24,24.4,25.3,25.32,24.39,1068793.71,2717474.77,0.9844357976653696,,0.0
2025-06-25,25.75,26.09,26.1,25.42,1068610.04,2807524.691,0.9848999622499056,,0.0
2025-06-26,26.08,25.72,26.270000000000003,25.700000000000003,823313.06,2165962.977,0.98468606431853,,0.0
2025-06-27,25.85,25.64,25.94,25.58,562881.54,1470714.197,0.9846390168970814,,0.0
2025-06-30,25.76,25.98,26.05,25.65,502023.17,1320819.486,0.9848369977255496,,0.0
2025-07-01,25.99,25.860000000000003,26.03,25.68,378758.87,992745.372,0.9847677075399848,,0.0
2025-07-02,25.630000000000003,25.360000000000003,25.71,25.3,447409.48,1155921.563,0.984472049689441,,0.0
2025-07-03,25.31,25.56,25.71,25.31,355920.79,921548.083,0.9845916795069338,,0.0
2025-07-04,25.47,25.270000000000003,25.59,25.12,466026.59,1198996.763,0.9844176081028438,,0.0
2025-07-07,25.12,24.770000000000003,25.12,24.71,476531.76,1201288.253,0.9841080651569328,,0.0
2025-07-08,24.770000000000003,25.07,25.110000000000003,24.66,365397.59,927955.022,0.9842952493129172,,0.0
2025-07-09,25.17,25.07,25.5,25.05,442476.92,1133849.23,0.9842952493129172,,0.0
2025-07-10,24.96,25.020000000000003,25.22,24.85,311360.02,790100.888,0.98426435877262,,0.0
2025-07-11,25.05,25.35,25.58,24.9,582379.27,1497211.162,0.9844660194174758,,0.0
2025-07-14,25.3,25.47,25.68,25.16,588119.26,1520124.9,0.9845380749903364,,0.0
2025-07-15,25.58,26.3,26.3,25.380000000000003,1270749.5,3340933.472,0.9850187265917604,,0.0
2025-07-16,26.200000000000003,27.130000000000003,27.770000000000003,26.17,1609092.1,4418392.633,0.9854703959317108,,0.0
2025-07-17,26.9,27.5,27.53,26.83,1019388.76,2822501.495,0.985663082437276,,0.0
2025-07-18,27.5,27.28,27.51,27.07,654970.14,1809365.25,0.985549132947977,,0.0
2025-07-21,27.35,27.4,27.9,27.03,845785.61,2352975.462,0.985611510791367,,0.0
2025-07-22,27.17,27.22,27.55,26.91,714800.18,1972366.158,0.9855177407675598,,0.0
2025-07-23,27.1,27.06,27.33,26.950000000000003,565876.49,1555298.356,0.9854333576110706,,0.0
2025-07-24,26.880000000000003,27.39,27.51,26.880000000000003,635150.46,1761800.605,0.9856063332133862,,0.0
2025-07-25,27.32,26.67,27.34,26.56,830422.63,2259805.301,0.9852234946435168,,0.0
2025-07-28,27.08,26.94,27.47,26.81,652270.66,1794736.265,0.9853694220921728,,0.0
2025-07-29,26.790000000000003,26.76,26.92,26.56,458179.79,1242389.143,0.9852724594992636,,0.0
2025-07-30,26.700000000000003,26.22,26.71,26.09,564584.42,1513255.639,0.9849737039819684,,0.0
2025-07-31,26.23,26.05,26.74,25.94,625749.7,1675560.293,0.9848771266540643,,0.0
2025-08-01,26.06,25.91,26.450000000000003,25.72,500225.47,1321260.75,0.9847966552641582,,0.0
2025-08-04,25.72,26.46,26.46,25.65,498132.53,1322826.766,0.985107967237528,,0.0
2025-08-05,26.5,26.520000000000003,26.6,26.24,494882.96,1327717.174,0.9851411589895988,,0.0
2025-08-06,26.57,27.25,27.33,26.35,981327.5,2686242.469,0.9855334538878844,,0.0
2025-08-07,27.3,26.97,27.380000000000003,26.75,619436.51,1696376.581,0.9853854585312386,,0.0
2025-08-08,26.9,26.450000000000003,26.9,26.42,471184.46,1270577.527,0.9851024208566108,,0.0
2025-08-11,26.49,26.610000000000003,26.860000000000003,26.450000000000003,468430.87,1266446.422,0.985190670122177,,0.0
2025-08-12,26.700000000000003,26.51,26.85,26.42,496161.32,1339332.935,0.9851356373095504,,0.0
2025-08-13,26.53,27.23,27.28,26.4,944371.84,2578035.467,0.9855229822656534,,0.0
2025-08-14,27.23,26.770000000000003,27.25,26.520000000000003,739108.44,2021716.924,0.9852778800147222,,0.0
2025-08-15,26.71,28.130000000000003,28.34,26.68,1592534.6,4488057.44,0.9859796705222572,,0.0
2025-08-18,28.37,28.520000000000003,28.82,27.9,1393984.73,4021840.962,0.9861687413554634,,0.0
2025-08-19,28.53,30.06,31.12,28.110000000000003,2247966.76,6747014.912,0.9868680236375575,,0.0
2025-08-20,29.6,29.96,30.0,29.18,1184540.11,3568888.123,0.9868247694334652,,0.0
2025-08-21,30.07,30.41,30.96,29.520000000000003,1472475.14,4512674.418,0.9870172022070756,,0.0
2025-08-22,30.09,30.48,30.72,29.91,1194525.66,3674401.509,0.9870466321243524,,0.0
2025-08-25,30.74,30.610000000000003,31.17,30.16,1311663.91,4067227.833,0.9871009351821992,,0.0
2025-08-26,30.3,30.26,30.72,30.01,975568.45,2995295.276,0.9869536855838226,,0.0
2025-08-27,30.22,30.040000000000003,31.28,30.03,1383016.86,4307877.438,0.9868593955321944,,0.0
2025-08-28,29.9,31.28,31.28,29.860000000000003,1346834.31,4184424.46,0.9873737373737376,,0.0
2025-08-29,31.800000000000004,31.48,32.74,30.5,1899429.23,6081170.724,0.9874529485570892,,0.0
2025-09-01,31.64,31.49,32.24,30.91,1014271.31,3221433.557,0.9874568830354344,,0.0
2025-09-02,31.700000000000003,32.6,33.6,30.34,2557175.88,8301432.215,0.987878787878788,,0.0
2025-09-03,32.480000000000004,30.85,32.57,30.48,1825256.57,5789739.714,0.9872,,0.0
2025-09-04,30.91,29.39,31.22,28.78,1456124.22,4404522.531,0.9865726753944276,,0.0
2025-09-05,29.3,30.3,30.44,29.0,983197.38,2974872.905,0.986970684039088,,0.0
2025-09-08,31.08,33.370000000000005,33.370000000000005,30.92,1110602.36,3699593.2,0.9881551673082618,,0.0
2025-09-09,33.75,33.64,34.480000000000004,33.120000000000005,3297950.27,11268115.591,0.9882491186839012,,0.0
2025-09-10,33.160000000000004,33.1,34.18,32.42,2220986.28,7482643.241,0.9880597014925372,,0.0
2025-09-11,32.93,34.36,34.51,32.4,2082405.7,7099437.416,0.9884925201380896,,0.0
2025-09-12,34.61,34.1,35.35,34.1,1907029.04,6684477.989,0.9884057971014492,,0.0
2025-09-15,34.4,35.26,36.48,34.050000000000004,2290509.88,8213318.039,0.988782950084128,,0.0
2025-09-16,35.78,38.83,38.83,35.56,2380192.88,8960440.857,0.9898037216416008,,0.0
2025-09-17,40.59,41.5,41.78,39.91,3681606.13,15151664.849,0.9904534606205252,,0.0
2025-09-18,42.61,45.15,45.690000000000005,42.33,4864579.15,21610523.782,0.991218441273326,,0.0
2025-09-19,43.0,41.25,43.5,40.6,3815907.84,16069807.392,0.9903961584633854,,0.0
2025-09-22,41.47,42.57,43.06,41.31,2631978.13,11211059.683,0.9906911798929486,,0.0
2025-09-23,42.4,44.63,45.31,42.1,3322881.38,14718508.896,0.9911170330890516,,0.0
2025-09-24,43.6,44.15,44.38,42.370000000000005,2599258.48,11370714.196,0.9910213243546576,,0.0
2025-09-25,44.59,43.65,45.0,42.42,2129901.43,9375430.766,0.9909194097616344,,0.0
2025-09-26,42.73,42.72,44.75,42.6,2032796.77,8954687.749,0.9907235621521336,,0.0
2025-09-29,43.18,46.2,46.99,43.15,2827964.7,12894257.859,0.9914163090128756,,0.0
2025-09-30,45.89,48.03,48.5,45.79,2390819.35,11410335.975,0.9917406566177988,,0.0
2025-10-09,46.6,48.99,50.03,45.2,2696672.9,13009009.113,0.9919011945738004,,0.0
2025-10-10,48.1,45.14,49.190000000000005,44.6,2821653.03,13172376.501,0.9912165129556434,,0.0
2025-10-13,42.0,42.76,43.55,41.2,2182789.29,9357956.9,0.9907321594068582,,0.0
2025-10-14,43.620000000000005,39.76,43.88,39.6,2292316.05,9576922.022,0.9900398406374502,,0.0
2025-10-15,39.99,43.78,43.78,39.3,2813527.97,11979556.742,0.9909461294703488,,0.0
2025-10-16,41.6,42.52,43.57,41.45,2343642.54,10060467.806,0.9906803355079218,,0.0
2025-10-17,43.28,42.92,44.49,41.61,2367881.84,10307481.528,0.9907663896583564,,0.0
2025-10-20,44.6,45.7,47.04,43.65,2860961.83,13186362.719,0.9913232104121475,,0.0
2025-10-21,45.6,46.53,47.04,44.9,2484081.71,11580092.453,0.9914766673769444,,0.0
2025-10-22,45.68,47.7,48.3,45.52,2487342.49,11801051.936,0.9916839916839916,,0.0
2025-10-23,46.59,47.56,47.940000000000005,46.0,2013408.84,9551111.287,0.9916597164303588,,0.0
2025-10-24,47.7,48.23,49.6,46.56,2598793.8,12570980.865,0.9917746247172528,,0.0
2025-10-27,48.620000000000005,48.22,49.04,47.4,2368096.09,11494807.453,0.9917729329494036,,0.0
2025-10-28,48.6,52.21,53.08,48.33,3543885.86,18084854.309,0.992396882721916,,0.0
2025-10-29,51.5,52.59,52.98,51.3,2420215.49,12713249.001,0.9924514059256464,,0.0
2025-10-30,52.6,50.82,52.85,50.67,2146064.62,11131161.104,0.9921905505661852,,0.0
2025-10-31,50.42,49.53,52.1,49.4,2223244.25,11369306.685,0.9919887842980172,,0.0
2025-11-03,49.01,48.39,49.79,47.32,2108252.67,10242353.796,0.9918015986882558,,0.0
2025-11-04,48.4,46.55,48.74,45.870000000000005,1903613.71,8992197.942,0.9914802981895634,,0.0
2025-11-05,45.32,46.22,46.97,44.940000000000005,1625670.43,7514152.755,0.9914199914199916,,0.0
2025-11-06,46.59,49.96,50.71,46.03,2904362.86,14070360.347,0.9920571882446386,,0.0
2025-11-07,48.6,48.02,49.48,47.61,2043134.86,9991363.347,0.9917389508467576,,0.0
2025-11-10,47.42,45.11,47.95,44.6,2528674.13,11675561.541,0.99121072291804,,0.0
2025-11-11,45.52,43.5,45.7,43.33,2156745.07,9591868.412,0.9908883826879272,,0.0
2025-11-12,43.9,43.48,44.83,43.2,1577205.79,6990763.427,0.9908842297174112,,0.0
2025-11-13,42.9,43.89,44.54,42.6,1698686.38,7452680.458,0.9909686159403928,,0.0
2025-11-14,42.74,42.08,43.07,41.85,1432178.91,6132791.7,0.9905838041431262,,0.0
2025-11-17,41.26,41.45,42.48,41.1,1379428.16,5796973.485,0.990442054958184,,0.0
2025-11-18,41.53,41.74,42.2,41.1,1146175.36,4828623.866,0.9905078310393926,,0.0
2025-11-19,41.61,41.63,42.4,41.28,1033502.64,4355483.139,0.9904829883416608,,0.0
2025-11-20,41.940000000000005,40.77,42.07,40.68,1034844.79,4302588.814,0.990284187515181,,0.0
2025-11-21,40.11,41.5,42.48,39.93,2123859.83,8865881.839,0.9904534606205252,,0.0
2025-11-24,41.2,40.99,41.47,39.43,1481396.4,6064777.126,0.9903358299106064,,0.0
2025-11-25,41.76,41.77,42.4,41.5,1374282.79,5813677.757,0.9905145838273656,,0.0
2025-11-26,41.190000000000005,42.79,43.440000000000005,40.59,2064341.65,8854635.476,0.99073859689743,,0.0
2025-11-27,42.8,42.39,43.79,42.31,1614517.09,7003745.594,0.9906520215003506,,0.0
2025-11-28,41.96,42.58,43.02,41.6,1137915.48,4867661.775,0.9906933457422056,,0.0
2025-12-01,42.7,43.39,43.77,42.59,1306196.86,5711522.418,0.9908654944051154,,0.0
2025-12-02,42.96,41.63,42.97,41.370000000000005,1357757.89,5765361.559,0.9904829883416608,,0.0
2025-12-03,41.6,41.26,42.25,41.0,762339.22,3186368.109,0.9903984637542008,,0.0
2025-12-04,42.95,44.39,45.43,42.42,3263720.79,14481556.409,0.9910694351417728,,0.0
2025-12-05,43.4,44.7,44.88,43.370000000000005,2193634.93,9786379.536,0.9911308203991132,,0.0
2025-12-08,44.75,46.4,46.6,44.1,2568680.79,11770969.462,0.9914529914529916,,0.0
2025-12-09,45.41,45.56,46.57,45.18,1695814.45,7835680.866,0.9912967798085291,,0.0
2025-12-10,45.58,46.2,46.55,45.01,1508337.95,6996366.778,0.9914163090128756,,0.0
2025-12-11,46.48,44.77,46.870000000000005,44.76,1536219.3,7067701.535,0.9911445649767544,,0.0
2025-12-12,44.5,44.64,45.08,43.61,1335925.54,5983037.126,0.9911190053285968,,0.0
2025-12-15,44.1,43.14,44.36,43.120000000000005,1044105.13,4594101.491,0.9908130454754248,,0.0
2025-12-16,43.11,42.47,43.66,42.31,883805.37,3824940.526,0.9906694658269186,,0.0
2025-12-17,42.73,43.620000000000005,43.76,42.67,1094049.54,4781633.616,0.9909132212630622,,0.0
2025-12-18,42.88,42.48,43.83,42.39,928176.47,4027898.457,0.9906716417910448,,0.0
2025-12-19,42.95,43.07,43.78,42.940000000000005,898476.91,3929064.536,0.9907982516678168,,0.0
2025-12-22,43.65,45.02,45.52,43.4,1801219.11,8100184.634,0.991193306913254,,0.0
2025-12-23,45.39,44.48,45.39,44.3,1331302.41,6002618.072,0.9910873440285204,,0.0
2025-12-24,44.48,44.68,44.99,44.25,889128.17,4010597.73,0.9911268855368236,,0.0
2025-12-25,45.09,47.16,47.6,44.86,2217163.97,10382557.564,0.9915895710681244,,0.0
2025-12-26,46.690000000000005,46.9,47.42,46.04,1720363.11,8096430.505,0.9915433403805496,,0.0
2025-12-29,47.0,47.33,48.73,46.690000000000005,2016341.95,9683861.719,0.9916195265032476,,0.0
2025-12-30,46.6,52.1,52.1,46.48,2811100.83,14133714.654,0.9923809523809524,,0.0
2025-12-31,53.78,54.91,56.09,52.0,4130749.87,22472647.843,0.9927680347134334,,0.0
2026-01-05,54.1,55.88,57.59,53.65,3413471.09,19212148.092,0.9928926794598436,,0.0
2026-01-06,55.59,56.440000000000005,58.48,55.18,3185183.75,18138552.018,0.9929627023223082,,0.0
2026-01-07,55.4,55.35,57.2,53.9,3314545.92,18491344.799,0.9928251121076234,,0.0
2026-01-08,54.9,53.97,55.48,53.6,2138388.05,11739907.063,0.9926430016553248,,0.0
2026-01-09,53.81,56.74,57.48,53.78,2799071.41,15843319.381,0.9929996499824992,,0.0
2026-01-12,57.2,56.6,57.83,55.36,2779437.55,15827514.843,0.9929824561403509,,0.0
2026-01-13,56.29,56.75,59.75,55.9,2929986.38,17033868.714,0.9930008748906388,,0.0
2026-01-14,55.91,54.46,57.24,53.95,3087789.1,17298989.993,0.99270871308786,,0.0
2026-01-15,54.19,54.31,55.02,53.75,1484150.32,8100785.563,0.9948708554680344,,0.0
2026-01-16,54.82,57.18,58.58,54.81,2840671.39,16284917.316,0.9951270449008004,,0.0
2026-01-19,57.94,58.28,60.49,57.05,2734994.06,16103344.492,0.9952185792349728,,0.0
2026-01-20,58.52,57.59,59.84,56.83,2264147.62,13234869.334,0.9951615690340418,,0.0
2026-01-21,56.78,57.67,58.99,56.78,1732829.6,10087492.32,0.9951682484900776,,0.0
2026-01-22,57.82,55.75,58.32,55.72,2042848.8,11604960.718,0.995002677137248,,0.0
2026-01-23,54.78,53.76,55.37,53.49,2828333.98,15368857.612,0.9948186528497408,,0.0
2026-01-26,53.76,51.66,54.61,51.52,2176727.57,11495842.189,0.9946091644204852,,0.0
2026-01-27,51.71,51.99,52.39,50.5,1646089.1,8533862.642,0.9946431987755884,,0.0
2026-01-28,51.67,51.13,51.92,50.82,1220878.17,6287210.455,0.994553588795954,,0.0
2026-01-29,51.22,49.79,51.47,49.73,1364594.8,6905879.589,0.9944078290393448,,0.0
2026-01-30,49.81,50.66,51.7,49.02,1787981.55,9054455.986,0.994503337259521,,0.0
2026-02-02,50.14,50.46,52.41,50.09,1818787.33,9358079.003,0.994481671265274,,0.0
2026-02-03,50.66,52.05,52.05,49.83,1627587.85,8399772.966,0.994649340722339,,0.0
2026-02-04,51.62,51.38,51.71,50.78,1106918.04,5694679.424,0.994579945799458,,0.0
2026-02-05,50.23,49.81,50.61,49.58,919934.21,4625737.85,0.9944100618886004,,0.0
2026-02-06,49.08,50.84,51.89,48.8,1308063.27,6691040.679,0.9945226917057904,,0.0
2026-02-09,51.42,51.3,51.51,50.73,965102.39,4958475.649,0.9945715393563396,,0.0
2026-02-10,51.3,53.02,53.62,50.87,1851899.52,9752072.388,0.9947467166979362,,0.0
2026-02-11,52.32,51.88,52.92,51.72,972987.14,5102572.654,0.9946319018404908,,0.0
2026-02-12,51.72,52.39,52.82,51.49,858743.66,4521258.483,0.99468388076704,,0.0
2026-02-13,51.87,53.2,53.62,51.63,1307069.67,6977349.027,0.9947643979057592,,0.0
2026-02-24,54.74,52.45,54.74,52.08,1426444.07,7576283.108,0.9946899298312156,,0.0
2026-02-25,52.46,51.87,52.52,51.02,1306545.84,6770428.826,0.9946308724832216,,0.0
2026-02-26,51.52,51.66,52.22,51.09,981067.6,5089017.298,0.9946091644204852,,0.0
2026-02-27,51.4,50.93,51.65,50.84,915694.84,4698511.778,0.9945323179066587,,0.0
2026-03-02,49.62,49.12,50.18,49.08,1302208.73,6472251.738,0.994331983805668,,0.0
2026-03-03,49.11,46.3,49.6,46.21,1474787.71,7052847.059,0.9939888364104764,,0.0
2026-03-04,45.67,47.22,47.69,45.52,1090411.48,5124019.743,0.9941052631578948,,0.0
2026-03-05,48.09,47.31,48.17,47.08,755432.72,3611104.046,0.9941164110107163,,0.0
2026-03-06,47.06,47.43,47.81,46.83,558878.25,2670556.478,0.9941312093900648,,0.0
2026-03-09,45.95,46.71,47.0,45.22,905068.87,4179996.287,0.994041285379868,,0.0
2026-03-10,47.36,48.16,48.47,47.27,962013.51,4638541.371,0.9942196531791908,,0.0
2026-03-11,47.88,47.93,48.4,47.63,671201.8,3243162.212,0.994192076332711,,0.0
2026-03-12,47.9,48.5,48.69,47.53,900299.32,4363157.54,0.994259942599426,,0.0
2026-03-13,47.93,47.02,48.07,46.9,709775.41,3382233.733,0.9940803382663848,,0.0
2026-03-16,46.72,46.39,46.73,45.79,551784.33,2564808.948,0.9940004285408184,,0.0
2026-03-17,46.72,45.61,47.12,45.59,602055.38,2810410.571,0.9938984528219657,,0.0
2026-03-18,45.71,46.13,46.18,45.32,518477.77,2387766.284,0.9939668174962292,,0.0
2026-03-19,45.32,44.7,45.42,44.41,728155.93,3287793.666,0.9937750111160516,,0.0
2026-03-20,45.16,43.95,45.17,43.92,576536.52,2585564.392,0.9936694551209586,,0.0
2026-03-23,43.52,42.72,44.67,42.44,979048.4,4297983.577,0.9934883720930232,,0.0
2026-03-24,43.27,42.29,43.4,40.86,959206.53,4042117.987,0.9934225980737608,,0.0
2026-03-25,42.59,43.21,43.66,42.42,834379.77,3621125.126,0.9935617383306506,,0.0
2026-03-26,43.72,43.59,44.69,43.38,1064730.18,4717158.434,0.9936175062685206,,0.0
2026-03-27,42.72,43.07,43.47,42.42,675599.3,2921087.647,0.9935409457900808,,0.0
2026-03-30,42.35,42.75,42.97,42.1,537122.76,2301365.852,0.9934929119219148,,0.0
2026-03-31,42.78,42.25,43.48,42.18,584809.63,2519371.033,0.9934164119445096,,0.0
2026-04-01,43.06,43.31,43.72,42.77,779857.6,3393458.358,0.99357650837348,,0.0
2026-04-02,43.02,42.53,43.55,42.41,579386.41,2505347.307,0.9934594720859612,,0.0
2026-04-03,42.72,41.62,43.14,41.6,456836.79,1931114.288,0.9933174224343676,,0.0
2026-04-07,41.62,41.49,41.97,41.12,399293.2,1670578.981,0.9932966243715584,,0.0
2026-04-08,42.72,44.0,44.02,42.72,1017518.49,4450094.241,0.9936766034327008,,0.0
2026-04-09,43.39,43.5,43.88,42.92,643807.12,2815482.171,0.9936043855641844,,0.0
2026-04-10,43.93,44.59,45.57,43.92,1043669.99,4704049.094,0.9937597503900156,,0.0
2026-04-13,43.92,44.17,44.46,43.73,605135.77,2686132.407,0.9937007874015747,,0.0
2026-04-14,44.52,45.26,45.52,44.28,902245.81,4084161.205,0.9938515590689504,,0.0
2026-04-15,45.9,44.83,46.2,44.54,923333.83,4215295.419,0.9937929505652848,,0.0
2026-04-16,46.22,45.5,46.38,45.13,924923.17,4243891.531,0.9938837920489296,,0.0
2026-04-17,45.12,45.26,45.65,44.75,718523.32,3263459.711,0.9938515590689504,,0.0
2026-04-20,45.52,45.66,46.17,45.02,820082.12,3770805.454,0.9939050936003484,,0.0
2026-04-21,45.62,45.83,46.59,44.92,898007.47,4123020.362,0.9939275645196268,,0.0
2026-04-22,45.52,45.81,45.88,45.2,799533.23,3666857.107,0.9939249294857888,,0.0
2026-04-23,45.81,44.88,45.82,44.16,1142349.23,5161798.232,0.9937998228520816,,0.0
2026-04-24,44.55,44.66,45.02,44.03,699287.36,3132572.646,0.9937694704049844,,0.0
2026-04-27,44.59,45.63,45.95,44.32,965683.44,4422983.974,0.9939011108690916,,0.0
2026-04-28,45.58,43.88,45.58,43.83,876431.51,3923957.202,0.9936594202898552,,0.0
2026-04-29,43.62,44.54,44.8,43.5,684562.8,3054568.789,0.9937527889335118,,0.0
2026-04-30,44.41,46.64,47.09,44.3,1644679.85,7670256.266,0.9940323955669224,,0.0
2026-05-06,46.64,47.88,48.32,46.32,1590111.52,7628197.752,0.994186046511628,,0.0
2026-05-07,47.89,50.04,50.12,47.6,1957613.4,9730789.945,0.9944356120826708,,0.0
2026-05-08,49.72,51.41,53.6,49.43,2735313.9,14198905.867,0.9945830915070611,,0.0
2026-05-11,51.46,50.93,51.61,50.65,1805482.71,9265318.213,0.9945323179066587,,0.0
2026-05-12,51.17,50.64,51.82,50.17,1325642.17,6775326.452,0.9945011783189316,,0.0
2026-05-13,50.12,51.22,51.39,49.32,1437170.14,7277939.385,0.9945631067961164,,0.0
2026-05-14,51.42,49.15,51.78,49.1,1523612.22,7721883.485,0.9943354238316812,,0.0
2026-05-15,49.0,51.78,53.49,48.97,2886054.38,14956474.241,0.9946215904725316,,0.0
2026-05-18,51.72,52.64,53.55,51.02,2198828.25,11603956.142,0.9947089947089948,,0.0
2026-05-19,52.72,52.05,53.52,51.54,1465681.55,7701529.532,0.994649340722339,,0.0
2026-05-20,51.42,50.27,51.44,49.94,1570083.55,7967857.257,0.9944609297725024,,0.0
2026-05-21,50.81,52.55,54.2,50.42,3075762.0,16231014.146,0.9946999810713608,,0.0
2026-05-22,52.23,53.77,53.87,51.42,2324288.32,12369099.25,0.9948196114708604,,0.0
2026-05-25,54.12,53.63,54.7,53.07,2034776.86,10975922.831,0.9948061584121684,,0.0
2026-05-26,53.67,54.16,55.72,52.89,2539357.24,13927527.757,0.9948567229977956,,0.0
2026-05-27,52.75,50.74,53.2,50.62,2188465.73,11407670.101,0.9945119560956488,,0.0
2026-05-28,50.42,48.33,50.52,47.0,2168338.75,10518986.921,0.9942398683398478,,0.0
2026-05-29,48.19,46.06,49.01,45.45,1636325.65,7716653.56082,0.9939577039274924,,0.0
2026-06-01,46.06,44.29,46.72,44.26,1411432.37,6433059.08656,0.9937177473636976,,0.0
2026-06-02,44.94,44.89,45.6,44.22,1138316.81,5147205.75414,0.993801195483728,,0.0
2026-06-03,44.26,44.8,46.22,43.96,1202121.97,5491193.58932,0.9937888198757764,,0.0
2026-06-04,44.32,46.73,47.72,44.2,1670492.65,7837805.836,0.9940438204637312,,0.0
2026-06-05,46.33,47.23,49.08,44.89,2016417.61,9503739.218,0.9941065038939172,,0.0
2026-06-08,45.22,47.1,48.35,45.22,1599774.0,7617251.44983,0.9940903334740396,,0.0
2026-06-09,47.09,47.21,47.57,45.42,1351384.25,6277778.65883,0.9941040218993472,,0.0
2026-06-10,46.7,45.08,47.03,44.9,1113482.91,5117904.88342,0.9938271604938272,,0.0
2026-06-11,44.22,45.41,45.89,43.22,1047378.14,4725497.66673,0.9938717443641936,,0.0
2026-06-12,45.87,44.53,47.02,44.53,1237364.33,5721472.44725,0.9937513947779514,,0.0
2026-06-15,45.03,45.47,45.53,44.45,772222.84,3511047.25281,0.993879781420765,,0.0
2026-06-16,45.48,44.84,45.66,44.62,960810.96,4350049.7804,0.9937943262411348,,0.0
2026-06-17,44.42,44.32,44.87,43.83,930614.57,4142558.0796,0.9937219730941704,,0.0
2026-06-18,44.02,45.46,45.95,43.9,1248589.34,5678369.60955,0.9938784433756012,,0.0
2026-06-22,45.4,44.95,45.72,43.4,1288797.83,5764347.53484,0.993809418527526,,0.0
2026-06-23,44.52,42.91,44.7,42.57,1063572.45,4676254.12559,0.9935170178282008,,0.0
2026-06-24,42.9,43.62,44.28,42.42,880203.09,3855765.81592,0.9936218678815488,,0.0
2026-06-25,43.52,43.66,45.39,43.3,1136107.26,5050146.62443,0.9936276741010468,,0.0
2026-06-26,43.4,41.22,43.4,41.22,1099026.6,4645658.25797,0.9932530120481928,,0.0
2026-06-29,41.2,40.99,41.82,40.07,912018.33,3754259.24535,0.9932154107099588,,0.0
2026-06-30,41.73,43.55,44.01,41.41,1304645.31,5630490.44632,0.9936116814966918,,0.0
2026-07-01,43.55,43.93,45.12,43.05,1253677.72,5570153.40332,0.9936665912689436,,0.0
2026-07-02,44.5,44.64,46.22,43.6,1799867.29,8160538.14573,0.993766696349065,,0.0
2026-07-03,43.72,48.71,49.13,43.71,3215300.78,15371202.1235,0.9942845478669116,,0.0
2026-07-06,47.46,45.87,48.08,45.72,2192329.93,10328847.8366,0.9939328277356446,,0.0
2026-07-07,45.89,45.23,47.2,44.88,1401089.56,6477016.0357,0.993847506042628,,0.0
2026-07-08,44.6,41.73,44.85,41.72,1425035.63,6102201.36066,0.9933349202570816,,0.0
2026-07-09,41.42,42.57,42.72,41.11,932733.39,3925939.69593,0.993465577596266,,0.0
2026-07-10,42.72,42.92,44.41,42.57,1120095.64,4893732.97935,0.9935185185185184,,0.0
2026-07-13,42.16,41.32,42.63,41.25,729859.73,3068892.57207,0.9932692307692308,,0.0
2026-07-14,41.32,41.66,41.66,40.12,669695.81,2761889.0277,0.9933237958989032,,0.0
2026-07-15,42.09,41.5,42.25,41.0,530161.94,2212165.89311,1.0,,0.0
2026-07-16,41.0,41.83,42.81,40.7,639450.99,2688865.17512,1.0,,0.0
2026-07-17,41.7,39.75,41.99,38.48,973730.48,3918420.91104,1.0,,0.0
2026-07-20,39.5,36.12,39.88,35.78,1199712.9,4495788.17992,1.0,,0.0
2026-07-21,36.77,38.1,38.16,36.19,1004960.99,3745118.19572,1.0,,0.0
2026-07-22,37.71,38.36,38.4,37.04,761614.53,2871242.96616,1.0,,0.0
2026-07-23,37.0,37.19,37.44,36.5,721351.13,2669184.5147,1.0,,0.0
2026-07-24,35.95,35.05,36.2,35.03,753893.34,2674415.52401,1.0,,0.0
2026-07-27,35.0,36.03,36.05,34.91,554243.59,1976076.44459,1.0,,0.0
2026-07-28,35.7,35.58,36.75,35.53,527051.0,1900322.86804,1.0,,0.0
2026-07-29,35.58,36.02,36.3,35.04,578176.38,2065726.01165,1.0,,0.0
2026-07-30,35.65,35.46,36.23,35.2,475219.28,1695794.69083,1.0,,0.0
2026-07-31,36.51,37.53,38.0,36.45,1091411.11,4068812.52782,1.0,,0.0
2026-08-03,37.8,38.3,38.7,37.55,779760.93,2990398.40925,1.0,,0.0
2026-08-04,38.4,38.74,38.97,37.9,655333.89,2521922.03829,1.0,,0.0
2026-08-05,38.5,39.41,39.6,38.4,857314.29,3350640.4538,1.0,,0.0
2026-08-06,38.9,38.71,39.36,38.43,660557.1,2566473.32946,1.0,,0.0
2026-08-07,38.71,39.12,39.16,38.13,604203.2,2346071.66878,1.0,,0.0
2026-08-10,39.22,38.53,39.6,38.38,462668.1,1790057.29685,1.0,,0.0
2026-08-11,38.3,39.7,40.45,38.03,987445.55,3901447.42624,1.0,,0.0
2026-08-12,39.71,39.17,39.72,39.1,513122.14,2014998.73028,1.0,1.3902,0.0
2026-08-13,39.15,38.53,39.45,38.53,544523.46,2128314.019,1.0,1.48,0.0
2026-08-14,38.63,38.3,38.89,37.99,434663.74,1663693.45124,1.0,1.18,0.0
2026-08-17,38.47,39.02,39.06,38.18,470568.8,1820631.58997,1.0,0.0,0.0
2026-08-18,39.03,39.6,39.6,38.58,832264.51,3262894.97278,1.0,0.0,0.0
2026-08-19,38.96,36.79,38.97,36.37,930769.35,3472268.34235,1.0,0.0,0.0
2026-08-20,36.88,36.14,37.14,36.04,474668.81,1726581.08776,1.0,1.128,1.286
2026-08-21,35.98,36.71,36.9,35.9,373598.69,1362165.76218,1.0,0.8878,1.0122
2026-08-24,36.71,35.71,37.05,35.44,435714.89,1566150.97421,1.0,1.0354,1.1805
2026-08-25,35.48,35.95,36.27,35.13,336060.67,1202989.46304,1.0,0.7986,0.9105
2026-08-26,35.92,36.14,36.67,35.92,303888.73,1103924.44014,1.0,0.7222,0.8233
2026-08-27,36.09,36.82,36.92,36.0,420691.37,1541929.03838,1.0,0.9997,1.1398
2026-08-28,36.82,36.17,37.0,36.16,402073.13,1464952.42175,1.0,0.9555,1.0893
2026-08-31,35.83,36.3,36.34,35.45,297355.81,1071230.62721,1.0,0.7066,0.8056
2026-09-01,36.5,35.96,36.72,35.95,305721.95,1106562.54367,1.0,0.7265,0.8283
2026-09-02,35.57,35.62,35.75,35.4,281086.43,999247.83774,1.0,0.668,0.7615
2026-09-03,35.8,36.3,36.82,35.75,486551.14,1769450.1256,1.0,1.1562,1.3182
2026-09-04,36.82,35.46,37.1,35.37,495810.67,1791676.15542,1.0,1.1783,1.3433
2026-09-07,35.4,36.5,36.8,35.38,560570.51,2037772.32636,1.0,1.3321,1.5187
2026-09-08,36.3,36.22,36.85,36.16,332164.2,1209221.63071,1.0,0.7894,0.8999
2026-09-09,36.3,36.19,36.5,36.1,240266.18,870939.16703,1.0,0.571,0.6509
2026-09-10,36.0,35.46,36.01,35.45,308878.33,1100636.86421,1.0,0.734,0.8368
2026-09-11,35.18,34.87,35.53,34.6,405002.44,1416794.39136,1.0,0.9625,1.0973
2026-09-14,34.68,34.7,35.25,34.5,257042.53,896347.75315,1.0,0.6108,0.6964
2026-09-15,34.65,33.8,34.68,33.72,403179.5,1374587.17825,1.0,0.9581,1.0923
2026-09-16,33.7,33.73,34.0,33.28,367605.55,1236551.19198,1.0,0.8736,0.9959
2026-09-17,33.5,34.64,34.85,33.45,559690.68,1925036.90495,1.0,1.3301,1.5163
2026-09-18,35.33,35.31,36.13,34.9,525467.96,1860224.09259,1.0,1.2487,1.4236
