date,open,close,high,low,volume,money,factor,turnover,turnover_free
2021-05-10,7.767999999999999,8.058,8.088,7.6179999999999986,164461.94,177846.982,0.7345487693710118,,0.0
2021-05-11,7.957999999999998,7.808,8.218,7.687999999999999,154648.51,166533.478,0.7283582089552239,,0.0
2021-05-12,7.6179999999999986,7.427999999999999,7.687999999999999,7.298,191407.26,197402.008,0.718375241779497,,0.0
2021-05-13,7.277999999999999,7.097999999999999,7.3679999999999986,7.097999999999999,149205.97,150498.608,0.709090909090909,,0.0
2021-05-14,7.117999999999999,7.158,7.247999999999999,7.087999999999999,104555.95,105192.232,0.7108242303872889,,0.0
2021-05-17,7.158,6.937999999999999,7.167999999999999,6.877999999999998,163436.01,161150.738,0.7043654822335025,,0.0
2021-05-18,6.937999999999999,6.888,7.027999999999999,6.867999999999999,106332.29,104780.325,0.7028571428571428,,0.0
2021-05-19,6.937999999999999,6.877999999999998,6.988,6.787999999999999,94410.18,92593.104,0.7025536261491316,,0.0
2021-05-20,6.877999999999998,6.707999999999998,6.877999999999998,6.507999999999999,150292.15,143947.497,0.6972972972972972,,0.0
2021-05-21,6.738,6.818,6.898,6.648,93047.78,90327.961,0.7007194244604316,,0.0
2021-05-24,6.867999999999999,6.937999999999999,7.017999999999999,6.867999999999999,98109.39,96573.499,0.7043654822335025,,0.0
2021-05-25,7.068,6.947999999999999,7.068,6.888,83364.49,82154.482,0.7046653144016226,,0.0
2021-05-26,6.957999999999998,6.787999999999999,6.957999999999998,6.767999999999999,122664.62,119862.674,0.6997938144329896,,0.0
2021-05-27,6.747999999999999,6.787999999999999,6.888,6.697999999999999,97684.3,94598.382,0.6997938144329896,,0.0
2021-05-28,6.747999999999999,6.827999999999999,6.867999999999999,6.697999999999999,77474.97,75180.49,0.7010266940451745,,0.0
2021-05-31,6.767999999999999,7.068,7.068,6.738,146431.41,145070.221,0.7082164328657314,,0.0
2021-06-01,7.077999999999999,6.957999999999998,7.077999999999999,6.888,97972.59,96532.879,0.7049645390070921,,0.0
2021-06-02,7.058,6.997999999999999,7.077999999999999,6.927999999999999,93294.42,92342.275,0.7061553985872855,,0.0
2021-06-03,6.997999999999999,6.798,6.997999999999999,6.787999999999999,91090.55,89190.609,0.7001029866117404,,0.0
2021-06-04,6.798,6.558,6.818,6.488,131483.34,124755.344,0.6925026399155226,,0.0
2021-06-07,6.517999999999999,6.617999999999999,6.617999999999999,6.488,72529.2,68646.035,0.6944386149003147,,0.0
2021-06-08,6.638,6.447999999999999,6.638,6.417999999999999,81077.65,76288.363,0.6888888888888888,,0.0
2021-06-09,6.468,6.638,6.738,6.437999999999999,86687.18,82648.815,0.6950785340314135,,0.0
2021-06-10,6.677999999999999,6.597999999999999,6.677999999999999,6.507999999999999,58449.61,55357.831,0.6937960042060988,,0.0
2021-06-11,6.677999999999999,6.777999999999999,6.917999999999999,6.597999999999999,123613.15,120106.003,0.6994840041279669,,0.0
2021-06-15,6.867999999999999,6.497999999999999,6.867999999999999,6.457999999999998,93181.92,88860.088,0.6905419766206163,,0.0
2021-06-16,6.527999999999999,6.537999999999999,6.597999999999999,6.177999999999999,116603.3,107759.373,0.6918518518518517,,0.0
2021-06-17,6.537999999999999,6.818,6.847999999999999,6.447999999999999,130707.47,125903.571,0.7007194244604316,,0.0
2021-06-18,6.738,6.867999999999999,6.947999999999999,6.707999999999998,121705.22,118873.196,0.7022494887525561,,0.0
2021-06-21,6.818,6.898,7.048,6.787999999999999,153315.76,150959.169,0.7031600407747196,,0.0
2021-06-22,6.888,6.677999999999999,6.917999999999999,6.667999999999999,108339.29,104718.144,0.6963503649635036,,0.0
2021-06-23,6.738,6.808,6.818,6.627999999999998,79201.6,76345.92,0.7004115226337448,,0.0
2021-06-24,6.808,6.947999999999999,7.007999999999999,6.777999999999999,124250.19,122542.212,0.7046653144016226,,0.0
2021-06-25,7.048,7.337999999999999,7.827999999999999,7.037999999999999,290937.42,301005.551,0.7159024390243902,,0.0
2021-06-28,7.337999999999999,7.2879999999999985,7.388,7.138,101262.49,102819.442,0.7145098039215685,,0.0
2021-06-29,7.197999999999999,6.917999999999999,7.257999999999999,6.867999999999999,127528.62,126585.774,0.703763987792472,,0.0
2021-06-30,6.917999999999999,6.947999999999999,7.027999999999999,6.867999999999999,83430.2,82147.644,0.7046653144016226,,0.0
2021-07-01,6.937999999999999,6.877999999999998,6.957999999999998,6.808,70459.7,68927.814,0.7025536261491316,,0.0
2021-07-02,6.877999999999998,6.968,6.997999999999999,6.687999999999999,73792.72,71911.379,0.7052631578947368,,0.0
2021-07-05,7.008000000000001,7.058,7.088000000000001,6.888,95833.19,93003.836,0.7224155578300921,,0.0
2021-07-06,7.048,7.288,7.378,6.958,143710.42,142308.572,0.7288,,0.0
2021-07-07,7.258000000000001,7.258000000000001,7.308,7.148,74734.25,74314.263,0.7279839518555667,,0.0
2021-07-08,7.288,7.208,7.428000000000001,7.118,78184.95,78044.951,0.7266129032258065,,0.0
2021-07-09,7.188000000000001,7.077999999999999,7.188000000000001,7.0280000000000005,63580.9,62283.651,0.7229826353421859,,0.0
2021-07-12,7.1080000000000005,7.148,7.178000000000001,6.978,73904.78,72395.588,0.724949290060852,,0.0
2021-07-13,7.138,7.487999999999999,7.508000000000001,7.077999999999999,191095.66,193059.336,0.7341176470588235,,0.0
2021-07-14,8.158,7.818,8.168000000000001,7.778,353414.87,378596.784,0.7424501424501425,,0.0
2021-07-15,7.928000000000001,7.737999999999999,8.028,7.508000000000001,163587.6,170364.282,0.7404784688995215,,0.0
2021-07-16,7.907999999999999,7.978,8.208,7.808,231896.43,250257.37,0.7463049579045837,,0.0
2021-07-19,8.058,8.128,8.188,7.888,172654.16,185915.068,0.7498154981549816,,0.0
2021-07-20,8.088000000000001,8.148,8.228,7.998000000000001,119882.24,129905.849,0.7502762430939227,,0.0
2021-07-21,8.208,7.958,8.208,7.848000000000001,174445.89,186807.086,0.7458294283036552,,0.0
2021-07-22,7.938000000000001,8.068,8.188,7.938000000000001,154092.46,166108.376,0.7484230055658627,,0.0
2021-07-23,8.138,7.958,8.148,7.888,120193.86,128617.981,0.7458294283036552,,0.0
2021-07-26,7.798,7.648,7.918000000000001,7.558,107895.29,112429.135,0.7382239382239383,,0.0
2021-07-27,7.718,7.358,7.928000000000001,7.348000000000001,154761.75,160549.463,0.7306852035749752,,0.0
2021-07-28,7.478,6.958,7.508000000000001,6.908,143952.42,141679.223,0.7195449844881076,,0.0
2021-07-29,7.058,6.978,7.258000000000001,6.928000000000001,116721.87,113955.189,0.7201238390092879,,0.0
2021-07-30,7.038,6.968,7.038,6.788,91716.82,88343.764,0.7198347107438017,,0.0
2021-08-02,6.798,7.088000000000001,7.168000000000001,6.688000000000001,115450.93,111353.197,0.723265306122449,,0.0
2021-08-03,7.128,7.128,7.318,7.088000000000001,99514.5,98851.991,0.724390243902439,,0.0
2021-08-04,7.178000000000001,7.308,7.407999999999999,6.998000000000001,99448.18,99109.297,0.7293413173652695,,0.0
2021-08-05,7.308,7.318,7.398,7.228,69381.16,69566.918,0.7296111665004985,,0.0
2021-08-06,7.438000000000001,7.468,7.688000000000001,7.278,132431.57,134889.847,0.7335952848722986,,0.0
2021-08-09,7.508000000000001,7.907999999999999,7.968,7.428000000000001,171745.36,180632.869,0.7446327683615819,,0.0
2021-08-10,8.048,8.028,8.058,7.818,148050.16,158111.376,0.7474860335195531,,0.0
2021-08-11,8.058,8.158,8.188,7.998000000000001,126894.44,137408.534,0.7505059797608096,,0.0
2021-08-12,8.068,8.768,8.788,8.068,227931.08,258161.987,0.7637630662020907,,0.0
2021-08-13,8.678,8.438,8.818,8.308,167279.81,187996.171,0.7567713004484306,,0.0
2021-08-16,8.478,8.478,8.698,8.378,110957.55,124678.186,0.7576407506702413,,0.0
2021-08-17,8.378,8.238,8.618,8.158,108047.7,119658.658,0.7523287671232877,,0.0
2021-08-18,8.418000000000001,8.248000000000001,8.468,8.038,194582.07,212530.953,0.7525547445255475,,0.0
2021-08-19,8.278,8.108,8.428,7.968,126231.74,137072.528,0.7493530499075786,,0.0
2021-08-20,8.188,8.108,8.238,7.878,111162.0,119570.79,0.7493530499075786,,0.0
2021-08-23,8.178,8.008000000000001,8.258000000000001,7.868,161943.02,173562.536,0.7470149253731344,,0.0
2021-08-24,8.048,8.118,8.198,7.978,112028.27,121004.855,0.749584487534626,,0.0
2021-08-25,8.098,8.118,8.188,7.868,91417.92,98120.061,0.749584487534626,,0.0
2021-08-26,8.088000000000001,7.907999999999999,8.118,7.888,79647.99,85320.024,0.7446327683615819,,0.0
2021-08-27,7.898,7.798,7.928000000000001,7.708,79838.78,84139.529,0.7419600380589915,,0.0
2021-08-30,7.768000000000001,7.748000000000001,7.998000000000001,7.708,114995.41,121457.276,0.7407265774378585,,0.0
2021-08-31,7.708,7.798,7.848000000000001,7.577999999999999,99717.44,104283.959,0.7419600380589915,,0.0
2021-09-01,7.888,7.638,7.948,7.548,99930.6,104417.364,0.7379710144927536,,0.0
2021-09-02,7.538,7.907999999999999,7.938000000000001,7.538,107422.99,112777.819,0.7446327683615819,,0.0
2021-09-03,7.868,7.858,7.968,7.618,130237.89,137187.888,0.7434247871333964,,0.0
2021-09-06,7.858,8.058,8.128,7.818,113501.63,121809.729,0.7481894150417827,,0.0
2021-09-07,8.048,8.038,8.088000000000001,7.838000000000001,112751.67,120552.72,0.7477209302325581,,0.0
2021-09-08,8.038,8.488,8.528,8.038,170924.1,189711.834,0.7578571428571429,,0.0
2021-09-09,8.458,8.468,8.628,8.288,107549.76,119820.149,0.7574239713774598,,0.0
2021-09-10,8.468,8.348,8.568,8.298,112189.13,124956.74,0.7547920433996383,,0.0
2021-09-13,8.378,8.518,8.588000000000001,8.368,118734.31,133000.372,0.7585040071237756,,0.0
2021-09-14,8.558,8.328,8.588000000000001,8.228,116643.06,129536.296,0.7543478260869565,,0.0
2021-09-15,8.378,8.088000000000001,8.408,7.998000000000001,119990.37,130370.546,0.7488888888888889,,0.0
2021-09-16,8.068,7.528,8.658,7.487999999999999,229595.73,246625.589,0.7351562500000001,,0.0
2021-09-17,7.478,7.388,7.628,7.208,114340.05,115869.074,0.7314851485148515,,0.0
2021-09-22,7.278,7.298,7.418000000000001,7.198,78727.39,78772.156,0.7290709290709291,,0.0
2021-09-23,7.368,7.368,7.498000000000001,7.268000000000001,97151.33,98182.315,0.730952380952381,,0.0
2021-09-24,7.368,7.098000000000001,7.438000000000001,7.088000000000001,100978.0,100211.89,0.7235474006116208,,0.0
2021-09-27,7.098000000000001,6.898,7.138,6.648,147687.37,141797.336,0.7177939646201873,,0.0
2021-09-28,6.918000000000001,6.888,6.968,6.748000000000001,55844.63,53501.428,0.7175,,0.0
2021-09-29,6.808,6.558,6.888,6.548,83215.63,77859.666,0.7074433656957929,,0.0
2021-09-30,6.558,6.738,6.758000000000001,6.558,52128.42,48904.844,0.713015873015873,,0.0
2021-10-08,6.798,6.908,6.938000000000001,6.798,67308.21,64554.688,0.7180873180873181,,0.0
2021-10-11,7.128,6.938000000000001,7.198,6.888,102757.46,100062.686,0.7189637305699482,,0.0
2021-10-12,6.918000000000001,7.068,7.158,6.878,114775.45,112078.213,0.7226993865030675,,0.0
2021-10-13,7.1080000000000005,6.908,7.138,6.818,82440.91,79255.591,0.7180873180873181,,0.0
2021-10-14,6.838000000000001,6.908,6.978,6.798,56073.92,53934.724,0.7180873180873181,,0.0
2021-10-15,6.888,7.077999999999999,7.128,6.827999999999999,75020.27,73074.622,0.7229826353421859,,0.0
2021-10-18,7.077999999999999,6.888,7.077999999999999,6.827999999999999,77647.36,74467.495,0.7175,,0.0
2021-10-19,6.888,6.818,6.938000000000001,6.798,77246.01,73954.714,0.7154249737670514,,0.0
2021-10-20,6.798,6.688000000000001,6.818,6.618,71756.99,67386.58,0.7114893617021277,,0.0
2021-10-21,6.738,6.648,6.738,6.568,85399.96,79702.703,0.7102564102564103,,0.0
2021-10-22,6.658,6.848000000000001,6.948,6.588000000000001,110122.77,104868.706,0.7163179916317992,,0.0
2021-10-25,6.7780000000000005,6.518000000000001,6.7780000000000005,6.398,132994.1,122590.306,0.7061755146262189,,0.0
2021-10-26,6.478,6.548,6.588000000000001,6.418000000000001,66899.85,61845.181,0.7071274298056156,,0.0
2021-10-27,6.478,6.228,6.5280000000000005,6.188000000000001,95048.97,85664.056,0.6966442953020134,,0.0
2021-10-28,6.208,5.908,6.218,5.848000000000001,108748.91,94227.009,0.6853828306264501,,0.0
2021-10-29,6.038,6.218,6.438000000000001,5.928000000000001,134101.94,118945.369,0.6963045912653976,,0.0
2021-11-01,6.218,6.128,6.218,5.998000000000001,112399.24,98781.421,0.6932126696832579,,0.0
2021-11-02,6.088000000000001,5.878,6.218,5.748000000000001,98443.4,85609.621,0.6842840512223516,,0.0
2021-11-03,5.908,5.898,5.968,5.818,60776.89,52236.572,0.6850174216027874,,0.0
2021-11-04,5.898,5.7780000000000005,5.958,5.718,121208.82,102971.018,0.680565371024735,,0.0
2021-11-05,5.788,5.708,5.868,5.668000000000001,80510.64,68083.677,0.6779097387173397,,0.0
2021-11-08,5.728,5.788,5.808,5.658,59992.11,50808.007,0.6809411764705883,,0.0
2021-11-09,5.768000000000001,5.827999999999999,5.838000000000001,5.698,63616.32,53933.964,0.6824355971896956,,0.0
2021-11-10,5.818,5.758000000000001,5.827999999999999,5.688000000000001,71173.73,60031.578,0.6798110979929163,,0.0
2021-11-11,5.738,6.138,6.158,5.708,162307.35,142350.079,0.6935593220338984,,0.0
2021-11-12,6.128,6.138,6.188000000000001,5.948,114022.6,100031.677,0.6935593220338984,,0.0
2021-11-15,6.148,6.188000000000001,6.208,5.978,99510.36,87798.971,0.6952808988764045,,0.0
2021-11-16,6.138,6.148,6.228,6.077999999999999,94752.34,83997.509,0.6939051918735891,,0.0
2021-11-17,6.138,6.1080000000000005,6.188000000000001,5.998000000000001,65366.51,57666.034,0.6925170068027211,,0.0
2021-11-18,6.1080000000000005,6.008000000000001,6.138,5.998000000000001,55732.28,48937.559,0.6889908256880735,,0.0
2021-11-19,6.038,6.198,6.218,5.968,77885.78,68694.276,0.6956228956228957,,0.0
2021-11-22,6.188000000000001,6.118,6.198,6.068,86140.38,75980.763,0.6928652321630805,,0.0
2021-11-23,6.338000000000001,6.648,6.818,6.288,303235.44,282124.61,0.7102564102564103,,0.0
2021-11-24,6.648,6.628,6.7780000000000005,6.498000000000001,132824.59,123892.31,0.7096359743040686,,0.0
2021-11-25,6.638,6.438000000000001,6.648,6.428000000000001,90319.02,83330.304,0.7036065573770492,,0.0
2021-11-26,6.448,6.3580000000000005,6.478,6.308,84938.56,77038.118,0.7009922822491731,,0.0
2021-11-29,6.228,6.218,6.368,6.148,93227.73,83551.241,0.6963045912653976,,0.0
2021-11-30,6.288,6.628,6.768000000000001,6.288,174454.54,162414.629,0.7096359743040686,,0.0
2021-12-01,6.748000000000001,6.728,6.808,6.548,106465.33,100206.96,0.7127118644067797,,0.0
2021-12-02,6.827999999999999,6.808,7.038,6.768000000000001,136984.34,131664.734,0.7151260504201681,,0.0
2021-12-03,6.898,6.818,6.988,6.708,88578.29,84740.168,0.7154249737670514,,0.0
2021-12-06,6.868,6.888,7.018000000000001,6.827999999999999,106249.83,102731.942,0.7175,,0.0
2021-12-07,7.048,7.148,7.368,6.928000000000001,158766.73,156627.96,0.724949290060852,,0.0
2021-12-08,7.048,6.868,7.088000000000001,6.728,151704.0,144622.428,0.716910229645094,,0.0
2021-12-09,7.288,7.827999999999999,7.827999999999999,7.218,473908.55,494303.524,0.7426944971537002,,0.0
2021-12-10,7.308,7.698,7.838000000000001,7.308,398601.75,410469.608,0.7394812680115274,,0.0
2021-12-13,7.698,8.738,8.738,7.618,566304.61,633944.392,0.7631441048034935,,0.0
2021-12-14,8.398,7.938000000000001,8.678,7.898,445871.36,484472.386,0.7453521126760564,,0.0
2021-12-15,8.008000000000001,7.858,8.238,7.748000000000001,255785.67,272438.052,0.7434247871333964,,0.0
2021-12-16,7.848000000000001,7.858,7.938000000000001,7.678000000000001,176932.11,185776.005,0.7434247871333964,,0.0
2021-12-17,7.788,7.737999999999999,7.838000000000001,7.528,160646.11,166648.634,0.7404784688995215,,0.0
2021-12-20,7.538,7.268000000000001,7.668000000000001,7.237999999999999,202147.3,204161.891,0.7282565130260521,,0.0
2021-12-21,7.407999999999999,7.728,7.968,7.308,234606.62,244551.6,0.7402298850574712,,0.0
2021-12-22,7.788,7.678000000000001,7.838000000000001,7.598000000000001,108428.25,112691.116,0.7389797882579404,,0.0
2021-12-23,7.657999999999999,7.568,7.778,7.487999999999999,96769.51,99862.631,0.7361867704280156,,0.0
2021-12-24,7.558,7.748000000000001,7.928000000000001,7.478,206603.28,215336.344,0.7407265774378585,,0.0
2021-12-27,7.808,8.798,8.798,7.768000000000001,325345.66,363213.066,0.7643788010425717,,0.0
2021-12-28,8.488,9.208,9.378,8.318,499709.65,576928.96,0.77248322147651,,0.0
2021-12-29,9.168,9.628,9.738,8.988,519246.61,633461.017,0.7802269043760129,,0.0
2021-12-30,9.578,9.748,10.108,9.418,344803.25,430511.412,0.7823434991974318,,0.0
2021-12-31,9.588,9.368,9.808,9.168,307664.4,372514.58,0.7754966887417218,,0.0
2022-01-04,9.458,8.988,9.468,8.928,282882.12,333798.717,0.7682051282051282,,0.0
2022-01-05,9.058,8.898,9.238,8.748000000000001,277471.92,322158.035,0.7664082687338502,,0.0
2022-01-06,8.858,10.058,10.058,8.818,451757.79,566689.014,0.7876272513703994,,0.0
2022-01-07,9.818,9.838,10.468,9.558,451511.62,573072.817,0.7839043824701195,,0.0
2022-01-10,10.058,9.978,10.598,9.668,334059.89,426670.263,0.7862884160756501,,0.0
2022-01-11,10.048,9.688,10.218,9.568,214943.17,270426.762,0.7812903225806452,,0.0
2022-01-12,9.578,9.768,10.118,9.368,261554.55,325297.44,0.7826923076923077,,0.0
2022-01-13,9.798,9.468,9.798,9.288,189175.62,230932.408,0.7773399014778325,,0.0
2022-01-14,9.288,9.268,9.638,9.248,146685.8,177383.252,0.7736227045075126,,0.0
2022-01-17,9.278,9.218,9.388,9.048,133889.49,159423.308,0.7726739312657167,,0.0
2022-01-18,9.218,9.478,9.818,9.208,237554.45,289832.973,0.7775225594749795,,0.0
2022-01-19,9.588,9.958,10.428,9.468,271672.8,344155.965,0.7859510655090766,,0.0
2022-01-20,9.778,9.668,10.578,9.538,279168.88,356555.546,0.7809369951534734,,0.0
2022-01-21,9.488,9.478,9.968,9.418,116190.66,143495.773,0.7775225594749795,,0.0
2022-01-24,9.298,9.498,9.718,9.048,112672.63,136721.662,0.7778869778869779,,0.0
2022-01-25,9.388,8.768,9.498,8.728,199598.51,233088.895,0.7637630662020907,,0.0
2022-01-26,8.598,8.938,9.198,8.598,125298.38,146073.73,0.7672103004291846,,0.0
2022-01-27,8.838000000000001,8.628,9.038,8.538,101151.5,115548.792,0.7608465608465609,,0.0
2022-01-28,8.708,9.098,9.508,8.688,189266.02,225286.553,0.7703640982218459,,0.0
2022-02-07,9.448,9.128,9.628,8.968,129013.99,153267.263,0.770945945945946,,0.0
2022-02-08,9.038,9.268,9.368,8.748000000000001,179154.95,210551.309,0.7736227045075126,,0.0
2022-02-09,9.268,9.758,10.258,9.188,228893.12,286726.622,0.7825180433039295,,0.0
2022-02-10,9.828,9.338,9.878,9.268,172974.02,210910.785,0.7749377593360997,,0.0
2022-02-11,9.348,9.428,10.238,9.288,237432.19,296140.98,0.7766062602965403,,0.0
2022-02-14,9.088,8.708,9.128,8.648,188001.67,217498.64,0.762521891418564,,0.0
2022-02-15,8.788,8.628,8.838000000000001,8.408,136392.88,153931.25,0.7608465608465609,,0.0
2022-02-16,8.668000000000001,9.758,9.758,8.628,246278.89,299633.887,0.7825180433039295,,0.0
2022-02-17,9.988,9.648,10.198,9.428,264390.75,328341.241,0.7805825242718447,,0.0
2022-02-18,9.648,9.848,9.948,9.348,175009.6,218027.986,0.7840764331210192,,0.0
2022-02-21,9.788,9.588,9.828,9.408,160244.6,196167.427,0.7795121951219512,,0.0
2022-02-22,9.488,9.498,9.728,9.408,148423.02,181813.688,0.7778869778869779,,0.0
2022-02-23,9.548,10.388,10.448,9.528,281365.56,360426.149,0.7929770992366413,,0.0
2022-02-24,10.198,9.698,10.198,9.368,308019.55,381503.178,0.7814665592264303,,0.0
2022-02-25,9.808,9.588,10.028,9.458,161503.61,200082.868,0.7795121951219512,,0.0
2022-02-28,9.438,9.628,9.708,9.138,116545.19,142257.544,0.7802269043760129,,0.0
2022-03-01,9.708,9.968,10.088,9.588,153773.11,193900.628,0.7861198738170347,,0.0
2022-03-02,9.898,9.618,10.088,9.548,129945.53,161956.278,0.7800486618004866,,0.0
2022-03-03,9.688,9.268,9.688,9.208,146757.05,177312.614,0.7736227045075126,,0.0
2022-03-04,9.198,9.118,9.348,8.968,96250.6,114234.568,0.7707523245984784,,0.0
2022-03-07,9.118,8.868,9.278,8.708,128935.94,149991.743,0.7658031088082902,,0.0
2022-03-08,8.878,8.328,9.128,8.268,142122.95,160908.194,0.7543478260869565,,0.0
2022-03-09,8.318,8.038,8.448,7.608,133233.69,143413.012,0.7477209302325581,,0.0
2022-03-10,8.238,8.388,8.558,8.148,128127.85,142524.612,0.7556756756756757,,0.0
2022-03-11,8.238,8.528,8.588000000000001,7.987999999999999,124397.05,137390.26,0.7587188612099645,,0.0
2022-03-14,8.388,8.068,8.508000000000001,8.028,94559.15,103406.359,0.7484230055658627,,0.0
2022-03-15,8.038,7.218,8.068,7.178000000000001,172068.38,176654.171,0.7268882175226586,,0.0
2022-03-16,7.358,7.438000000000001,7.468,6.8580000000000005,205496.99,204119.475,0.7328078817733991,,0.0
2022-03-17,7.548,7.907999999999999,8.288,7.448,274592.43,290349.554,0.7446327683615819,,0.0
2022-03-18,7.838000000000001,7.948,8.078,7.768000000000001,106964.9,113764.361,0.7455909943714822,,0.0
2022-03-21,8.138,7.888,8.158,7.748000000000001,104560.57,110767.916,0.7441509433962264,,0.0
2022-03-22,7.848000000000001,8.098,8.138,7.528,164974.73,174767.239,0.7491211840888067,,0.0
2022-03-23,8.038,7.838000000000001,8.138,7.748000000000001,147906.12,156372.751,0.7429383886255925,,0.0
2022-03-24,7.748000000000001,7.458,7.758000000000001,7.318,152508.99,155291.287,0.7333333333333334,,0.0
2022-03-25,7.508000000000001,7.208,7.508000000000001,7.158,132652.46,132358.721,0.7266129032258065,,0.0
2022-03-28,7.1080000000000005,6.938000000000001,7.138,6.788,147710.5,142354.369,0.7189637305699482,,0.0
2022-03-29,6.938000000000001,6.688000000000001,6.988,6.628,119808.23,113146.989,0.7114893617021277,,0.0
2022-03-30,6.748000000000001,7.338000000000001,7.618,6.698,291293.85,288478.396,0.7301492537313433,,0.0
2022-03-31,7.338000000000001,7.558,7.708,7.237999999999999,227506.52,232784.933,0.7359298928919182,,0.0
2022-04-01,7.308,7.487999999999999,7.518000000000001,7.288,110070.93,111413.815,0.7341176470588235,,0.0
2022-04-06,7.538,8.358,8.488,7.528,306693.42,335184.755,0.7550135501355014,,0.0
2022-04-07,8.368,8.398,8.968,8.198,305190.77,344341.036,0.7558955895589559,,0.0
2022-04-08,8.408,8.478,8.628,8.088000000000001,222963.64,247092.245,0.7576407506702413,,0.0
2022-04-11,8.318,8.408,8.618,8.198,182302.82,202838.563,0.7561151079136691,,0.0
2022-04-12,8.318,8.268,8.578,8.058,119893.42,131468.693,0.7530054644808744,,0.0
2022-04-13,8.158,7.907999999999999,8.258000000000001,7.798,122190.87,130197.137,0.7446327683615819,,0.0
2022-04-14,7.888,8.288,8.438,7.888,109974.13,120317.754,0.7534545454545455,,0.0
2022-04-15,8.208,8.188,8.318,8.018,84469.42,91963.695,0.7511926605504587,,0.0
2022-04-18,8.178,8.188,8.198,7.808,96374.72,103130.057,0.7511926605504587,,0.0
2022-04-19,8.148,7.918000000000001,8.238,7.688000000000001,108133.98,114809.011,0.7448730009407338,,0.0
2022-04-20,7.827999999999999,7.378,7.898,7.308,153060.82,156111.616,0.731219028741328,,0.0
2022-04-21,7.288,6.988,7.438000000000001,6.938000000000001,109810.81,108342.97,0.7204123711340207,,0.0
2022-04-22,6.988,7.048,7.218,6.728,114975.2,111918.02,0.7221311475409836,,0.0
2022-04-25,7.008000000000001,6.138,7.008000000000001,6.118,179655.59,164850.364,0.6935593220338984,,0.0
2022-04-26,6.128,5.948,6.2780000000000005,5.868,105306.75,92712.777,0.686836027713626,,0.0
2022-04-27,5.888,6.198,6.318,5.788,163776.06,144459.563,0.6956228956228957,,0.0
2022-04-28,6.178000000000001,6.128,6.338000000000001,6.0280000000000005,138502.81,122875.712,0.6932126696832579,,0.0
2022-04-29,6.148,6.788,6.798,6.128,164165.89,151825.317,0.7145263157894737,,0.0
2022-05-05,6.738,6.728,7.018000000000001,6.6080000000000005,195984.85,186999.569,0.7127118644067797,,0.0
2022-05-06,6.498000000000001,6.398,6.588000000000001,6.288,107628.6,97962.889,0.702305159165752,,0.0
2022-05-09,6.398,6.438000000000001,6.518000000000001,6.338000000000001,62318.04,56854.773,0.7036065573770492,,0.0
2022-05-10,6.288,6.558,6.598000000000001,6.098000000000001,97319.1,88965.077,0.7074433656957929,,0.0
2022-05-11,6.568,6.418000000000001,6.878,6.398,159341.72,148476.117,0.7029572836801753,,0.0
2022-05-12,6.3580000000000005,6.368,6.448,6.248000000000001,93832.76,84922.263,0.7013215859030837,,0.0
2022-05-13,6.378,6.258000000000001,6.468,6.168000000000001,120518.99,108197.246,0.6976588628762542,,0.0
2022-05-16,6.468,6.848000000000001,6.988,6.468,302831.66,287880.749,0.7163179916317992,,0.0
2022-05-17,6.758000000000001,6.668000000000001,6.798,6.408,180816.19,167694.233,0.7108742004264392,,0.0
2022-05-18,6.668000000000001,6.558,6.668000000000001,6.518000000000001,88331.46,82061.949,0.7074433656957929,,0.0
2022-05-19,6.448,6.5280000000000005,6.548,6.288,115406.56,105373.665,0.7064935064935065,,0.0
2022-05-20,6.518000000000001,6.648,6.738,6.518000000000001,101224.5,94819.245,0.7102564102564103,,0.0
2022-05-23,6.658,6.8580000000000005,6.938000000000001,6.6080000000000005,116115.77,110940.296,0.7166144200626959,,0.0
2022-05-24,6.7780000000000005,6.5280000000000005,6.968,6.518000000000001,115560.83,109232.155,0.7064935064935065,,0.0
2022-05-25,6.498000000000001,6.628,6.638,6.458,54618.53,50593.513,0.7096359743040686,,0.0
2022-05-26,6.6080000000000005,6.658,6.738,6.438000000000001,95188.66,88702.994,0.7105656350053362,,0.0
2022-05-27,6.668000000000001,6.598000000000001,6.668000000000001,6.488,59249.71,55031.105,0.7087003222341569,,0.0
2022-05-30,6.698,6.708,6.7780000000000005,6.598000000000001,77965.65,73198.899,0.7121019108280255,,0.0
2022-05-31,6.708,6.8580000000000005,6.978,6.708,94343.51,90315.033,0.7166144200626959,,0.0
2022-06-01,6.878,7.358,7.748000000000001,6.848000000000001,199259.66,199732.453,0.7306852035749752,,0.0
2022-06-02,7.358,7.288,7.368,7.098000000000001,126753.76,126091.426,0.7288,,0.0
2022-06-06,7.288,7.548,7.568,7.258000000000001,95360.1,96486.14,0.735672514619883,,0.0
2022-06-07,7.568,7.487999999999999,7.568,7.298,97144.77,98297.513,0.7341176470588235,,0.0
2022-06-08,7.498,7.318,7.508,7.117999999999999,104401.75,99548.443,0.7654811715481171,,0.0
2022-06-09,7.278,7.308000000000001,7.377999999999999,7.168,102043.46,97126.396,0.7652356020942409,,0.0
2022-06-10,7.297999999999999,7.388000000000001,7.428,7.158,64718.0,62129.77,0.7671858774662513,,0.0
2022-06-13,7.388000000000001,7.297999999999999,7.547999999999999,7.207999999999999,90319.0,86535.356,0.7649895178197065,,0.0
2022-06-14,7.207999999999999,7.148000000000001,7.248,6.908,98286.15,91396.289,0.7612353567625133,,0.0
2022-06-15,7.158,7.408,7.668,7.088,179904.44,173605.044,0.7676683937823834,,0.0
2022-06-16,7.328,7.228000000000001,7.558000000000001,7.228000000000001,123865.09,118994.689,0.7632523759239704,,0.0
2022-06-17,7.188,7.228000000000001,7.258,7.028,72932.7,68588.477,0.7632523759239704,,0.0
2022-06-20,7.328,7.898000000000001,8.138000000000002,7.318,251669.61,254303.13,0.7788954635108482,,0.0
2022-06-21,7.928,8.187999999999999,8.518,7.787999999999999,257830.75,269320.849,0.7850431447746883,,0.0
2022-06-22,8.178,7.838,8.187999999999999,7.808000000000001,125736.2,127720.206,0.7775793650793651,,0.0
2022-06-23,7.778,7.957999999999999,8.038,7.778,76834.59,78162.324,0.7801960784313725,,0.0
2022-06-24,7.957999999999999,8.228000000000002,8.388000000000002,7.928,131390.32,137892.986,0.7858643744030565,,0.0
2022-06-27,8.297999999999998,8.558,8.628,8.277999999999999,151088.35,161872.672,0.7924074074074073,,0.0
2022-06-28,8.508,8.558,8.687999999999999,8.318000000000001,124994.65,134735.231,0.7924074074074073,,0.0
2022-06-29,8.608,8.707999999999998,9.028,8.558,145286.98,160833.304,0.7952511415525113,,0.0
2022-06-30,8.758,9.358,9.408,8.568000000000001,189808.88,215431.666,0.8067241379310346,,0.0
2022-07-01,9.328,9.358,9.707999999999998,9.238,141228.87,165781.306,0.8067241379310346,,0.0
2022-07-04,9.207999999999998,9.158,9.358,8.878,123679.6,139591.675,0.8033333333333335,,0.0
2022-07-05,9.128,8.628,9.188,8.297999999999998,218862.63,236400.524,0.7937442502299908,,0.0
2022-07-06,8.588000000000001,8.178,8.638000000000002,8.018,171683.39,179223.316,0.7848368522072937,,0.0
2022-07-07,8.277999999999999,8.068000000000001,8.277999999999999,7.918,82949.83,85687.512,0.7825412221144521,,0.0
2022-07-08,8.088000000000001,7.947999999999999,8.158000000000001,7.918,78045.26,79958.775,0.7799803729146222,,0.0
2022-07-11,7.938,7.638000000000001,7.947999999999999,7.558000000000001,110844.88,109496.096,0.7730769230769231,,0.0
2022-07-12,7.678,7.638000000000001,7.748,7.358,125843.82,123191.156,0.7730769230769231,,0.0
2022-07-13,7.528,7.718000000000001,7.858,7.528,115438.85,114851.991,0.7748995983935744,,0.0
2022-07-14,7.718000000000001,7.438,7.838,7.398000000000001,149726.34,146999.665,0.7683884297520661,,0.0
2022-07-15,7.478000000000001,7.228000000000001,7.518,7.198,92858.79,89055.277,0.7632523759239704,,0.0
2022-07-18,7.258,7.418,7.578,7.238,69390.91,67129.22,0.7679089026915114,,0.0
2022-07-19,7.447999999999999,7.418,7.498,7.308000000000001,60360.77,58134.591,0.7679089026915114,,0.0
2022-07-20,7.428,7.688,7.718000000000001,7.428,113697.75,111493.915,0.7742195367573012,,0.0
2022-07-21,7.688,7.297999999999999,7.697999999999999,7.287999999999999,157681.83,151850.461,0.7649895178197065,,0.0
2022-07-22,7.308000000000001,7.228000000000001,7.367999999999999,7.158,70383.82,66680.981,0.7632523759239704,,0.0
2022-07-25,7.238,7.348,7.508,7.158,100347.07,96539.6,0.7662148070907195,,0.0
2022-07-26,7.377999999999999,7.547999999999999,7.598,7.218000000000001,123028.71,119173.335,0.7709908069458631,,0.0
2022-07-27,7.438,7.408,7.528,7.367999999999999,55144.24,53312.325,0.7676683937823834,,0.0
2022-07-28,7.438,7.408,7.568,7.367999999999999,77386.09,74737.146,0.7676683937823834,,0.0
2022-07-29,7.398000000000001,7.287999999999999,7.457999999999999,7.258,72654.65,69394.183,0.7647429171038824,,0.0
2022-08-01,7.218000000000001,6.848,7.278,6.8180000000000005,178342.64,163988.466,0.7533553355335534,,0.0
2022-08-02,6.828,6.478000000000001,6.828,6.268,188770.19,164348.966,0.7428899082568807,,0.0
2022-08-03,6.528,6.158,6.707999999999999,6.108,197154.82,169932.987,0.7330952380952381,,0.0
2022-08-04,6.258,6.218000000000001,6.338,6.088,109916.33,92473.564,0.7349881796690307,,0.0
2022-08-05,6.198,6.457999999999999,6.488,6.158,106030.31,90920.743,0.7422988505747127,,0.0
2022-08-08,6.457999999999999,6.528,6.678,6.388000000000001,82971.07,72686.275,0.7443557582668187,,0.0
2022-08-09,6.617999999999999,6.398000000000001,6.648000000000001,6.367999999999999,107817.72,93778.74,0.7405092592592593,,0.0
2022-08-10,6.358,6.287999999999999,6.398000000000001,6.228000000000001,108280.46,92375.516,0.7371629542790152,,0.0
2022-08-11,6.297999999999999,6.508,6.518,6.278,90109.69,78229.399,0.7437714285714285,,0.0
2022-08-12,6.508,6.578,6.627999999999999,6.428,91079.25,80080.715,0.7458049886621315,,0.0
2022-08-15,6.588,6.627999999999999,6.627999999999999,6.508,87360.82,76966.554,0.7472378804960541,,0.0
2022-08-16,6.627999999999999,6.698,6.787999999999999,6.608,104169.49,92970.171,0.7492170022371365,,0.0
2022-08-17,6.698,6.678,6.718000000000001,6.518,73642.33,65292.217,0.7486547085201793,,0.0
2022-08-18,6.668,6.528,6.668,6.488,74687.66,65641.591,0.7443557582668187,,0.0
2022-08-19,6.558000000000001,6.627999999999999,6.758,6.518,101524.71,90390.65,0.7472378804960541,,0.0
2022-08-22,6.617999999999999,6.718000000000001,6.778,6.537999999999999,84855.65,75931.65,0.7497767857142857,,0.0
2022-08-23,6.658,6.457999999999999,6.688,6.418,148919.22,130081.504,0.7422988505747127,,0.0
2022-08-24,6.528,6.258,6.528,6.238,109049.7,93134.232,0.7362352941176471,,0.0
2022-08-25,6.258,6.398000000000001,6.457999999999999,6.218000000000001,103179.48,88616.729,0.7405092592592593,,0.0
2022-08-26,6.377999999999999,6.448,6.608,6.358,107197.57,93717.325,0.7420023014959723,,0.0
2022-08-29,6.358,6.358,6.398000000000001,6.248,73925.0,63304.472,0.7393023255813953,,0.0
2022-08-30,6.328,6.398000000000001,6.537999999999999,6.328,64901.63,56217.557,0.7405092592592593,,0.0
2022-08-31,6.367999999999999,6.518,6.648000000000001,6.338,134752.92,117774.316,0.7440639269406393,,0.0
2022-09-01,6.537999999999999,6.638000000000001,6.758,6.418,162392.86,144338.791,0.7475225225225225,,0.0
2022-09-02,6.668,6.398000000000001,6.698,6.287999999999999,184491.24,159385.156,0.7405092592592593,,0.0
2022-09-05,6.3180000000000005,6.367999999999999,6.388000000000001,6.168,119717.38,101720.614,0.7396051103368176,,0.0
2022-09-06,6.338,6.438,6.5680000000000005,6.278,102347.34,88215.855,0.7417050691244239,,0.0
2022-09-07,6.408,6.328,6.408,6.308000000000001,74445.4,63861.327,0.738389731621937,,0.0
2022-09-08,6.367999999999999,6.238,6.388000000000001,6.207999999999999,88472.41,75205.388,0.7356132075471699,,0.0
2022-09-09,6.218000000000001,6.648000000000001,6.728000000000001,6.207999999999999,282287.27,247868.517,0.7478065241844769,,0.0
2022-09-13,6.668,6.978000000000001,7.058000000000001,6.658,354651.77,325864.216,0.7568329718004339,,0.0
2022-09-14,6.858,7.178,7.318,6.787999999999999,368919.15,345840.282,0.761995753715499,,0.0
2022-09-15,7.158,7.238,7.418,7.0680000000000005,334115.19,317872.136,0.7635021097046414,,0.0
2022-09-16,7.178,6.778,7.228000000000001,6.758,203871.16,186579.847,0.7514412416851441,,0.0
2022-09-19,6.867999999999999,6.488,6.898000000000001,6.308000000000001,163160.25,142807.092,0.743184421534937,,0.0
2022-09-20,6.518,6.518,6.658,6.408,124713.87,108926.62,0.7440639269406393,,0.0
2022-09-21,6.457999999999999,6.438,6.518,6.278,91079.83,78644.141,0.7417050691244239,,0.0
2022-09-22,6.377999999999999,6.308000000000001,6.488,6.278,92519.0,79698.934,0.7377777777777778,,0.0
2022-09-23,6.3180000000000005,6.388000000000001,6.508,6.268,102888.52,88913.183,0.7402085747392816,,0.0
2022-09-26,6.367999999999999,6.448,6.547999999999999,6.238,98357.09,85227.887,0.7420023014959723,,0.0
2022-09-27,6.408,6.707999999999999,6.738,6.388000000000001,130355.36,114738.699,0.7494972067039106,,0.0
2022-09-28,6.678,6.388000000000001,6.707999999999999,6.367999999999999,95782.38,83913.528,0.7402085747392816,,0.0
2022-09-29,6.388000000000001,6.338,6.498,6.287999999999999,72828.39,62687.208,0.7386946386946387,,0.0
2022-09-30,6.348,6.428,6.478000000000001,6.308000000000001,59686.24,51614.712,0.7414071510957324,,0.0
2022-10-10,6.468000000000001,6.468000000000001,6.537999999999999,6.377999999999999,80834.03,70393.092,0.7425947187141217,,0.0
2022-10-11,6.448,6.518,6.598,6.278,90894.33,78714.25,0.7440639269406393,,0.0
2022-10-12,6.508,6.707999999999999,6.718000000000001,6.398000000000001,106632.04,94262.286,0.7494972067039106,,0.0
2022-10-13,6.638000000000001,6.578,6.688,6.528,108805.19,96067.653,0.7458049886621315,,0.0
2022-10-14,6.617999999999999,6.728000000000001,6.838,6.588,110187.16,98897.698,0.7500557413600892,,0.0
2022-10-17,6.658,6.728000000000001,6.758,6.558000000000001,95620.9,85246.721,0.7500557413600892,,0.0
2022-10-18,6.748,6.498,6.787999999999999,6.488,120139.38,105942.141,0.7434782608695653,,0.0
2022-10-19,6.478000000000001,6.388000000000001,6.508,6.388000000000001,80827.13,70184.088,0.7402085747392816,,0.0
2022-10-20,6.398000000000001,6.488,6.508,6.308000000000001,71538.19,61884.662,0.743184421534937,,0.0
2022-10-21,6.528,6.377999999999999,6.528,6.3180000000000005,69625.19,60269.166,0.739907192575406,,0.0
2022-10-24,6.338,6.297999999999999,6.478000000000001,6.258,61235.73,52558.896,0.7374707259953162,,0.0
2022-10-25,6.297999999999999,6.358,6.388000000000001,6.248,43281.12,37089.156,0.7393023255813953,,0.0
2022-10-26,6.358,6.388000000000001,6.428,6.328,76120.44,65668.889,0.7402085747392816,,0.0
2022-10-27,6.367999999999999,5.998,6.398000000000001,5.928,150805.56,127220.127,0.7279126213592233,,0.0
2022-10-28,5.957999999999999,5.348,5.978000000000001,5.208,227928.4,176889.348,0.7046113306982872,,0.0
2022-10-31,5.208,5.138,5.338,5.028,124431.93,91907.442,0.6962059620596206,,0.0
2022-11-01,5.158,5.248,5.248,4.998,145246.93,106856.038,0.7006675567423231,,0.0
2022-11-02,5.158,5.348,5.408,5.148,110603.0,83635.593,0.7046113306982872,,0.0
2022-11-03,5.288,5.228,5.378,5.208,97613.86,73269.473,0.6998661311914324,,0.0
2022-11-04,5.248,5.368,5.428,5.238,140522.18,106769.967,0.7053876478318003,,0.0
2022-11-07,5.378,5.518,5.588,5.358,105329.3,81410.294,0.7110824742268042,,0.0
2022-11-08,5.528,5.498,5.648,5.438,108214.42,83735.123,0.7103359173126615,,0.0
2022-11-09,5.538,5.478,5.628,5.448,97357.29,75712.571,0.7095854922279793,,0.0
2022-11-10,5.408,5.508,5.528,5.368,68849.24,53047.649,0.7107096774193549,,0.0
2022-11-11,5.648,6.287999999999999,6.287999999999999,5.588,311118.63,261460.503,0.7371629542790152,,0.0
2022-11-14,7.138000000000001,7.138000000000001,7.138000000000001,6.978000000000001,765107.31,717141.318,0.7609808102345416,,0.0
2022-11-15,7.158,7.238,7.758,6.787999999999999,1148813.22,1108741.777,0.7635021097046414,,0.0
2022-11-16,7.0680000000000005,6.858,7.138000000000001,6.768,622745.08,569891.868,0.7536263736263736,,0.0
2022-11-17,6.867999999999999,6.877999999999999,7.078,6.718000000000001,484875.06,443583.333,0.7541666666666667,,0.0
2022-11-18,6.928,6.877999999999999,7.228000000000001,6.8180000000000005,448012.11,412317.798,0.7541666666666667,,0.0
2022-11-21,6.648000000000001,6.688,6.718000000000001,6.438,335503.89,295409.401,0.7489361702127659,,0.0
2022-11-22,6.768,6.728000000000001,7.127999999999999,6.5680000000000005,329116.24,297882.38,0.7500557413600892,,0.0
2022-11-23,6.617999999999999,6.498,6.698,6.377999999999999,224338.21,196033.936,0.7434782608695653,,0.0
2022-11-24,6.728000000000001,6.938,7.367999999999999,6.728000000000001,840346.69,786490.738,0.7557734204793028,,0.0
2022-11-25,7.028,7.438,7.718000000000001,7.018,837713.97,801193.218,0.7683884297520661,,0.0
2022-11-28,7.238,7.658,7.957999999999999,7.0680000000000005,658723.26,641011.301,0.7735353535353535,,0.0
2022-11-29,8.638000000000002,7.947999999999999,8.638000000000002,7.658,879605.5,905752.17,0.7799803729146222,,0.0
2022-11-30,7.957999999999999,7.367999999999999,8.068000000000001,7.328,654702.4,646072.004,0.7667013527575443,,0.0
2022-12-01,7.478000000000001,7.478000000000001,7.938,7.308000000000001,499694.06,492781.503,0.7693415637860083,,0.0
2022-12-02,7.398000000000001,7.518,7.697999999999999,7.318,348868.47,339162.595,0.7702868852459016,,0.0
2022-12-05,7.547999999999999,8.088000000000001,8.207999999999998,7.547999999999999,564957.64,576185.98,0.7829622458857697,,0.0
2022-12-06,7.957999999999999,8.268,8.367999999999999,7.908,407941.95,425576.413,0.7866793529971456,,0.0
2022-12-07,8.158000000000001,8.617999999999999,8.738,7.957999999999999,420584.46,448560.671,0.7935543278084713,,0.0
2022-12-08,8.408000000000001,8.418,8.638000000000002,8.198,301621.28,320717.577,0.7896810506566604,,0.0
2022-12-09,8.358,9.058,9.198,8.168,439468.82,485827.44,0.8015929203539822,,0.0
2022-12-12,8.858,8.527999999999999,9.068,8.478000000000002,304853.32,335343.226,0.7918291550603528,,0.0
2022-12-13,8.408000000000001,8.707999999999998,8.918,8.248000000000001,274727.46,300357.917,0.7952511415525113,,0.0
2022-12-14,8.547999999999998,8.748000000000001,9.088,8.498000000000001,244436.36,270281.743,0.7959963603275706,,0.0
2022-12-15,8.597999999999999,8.668,8.788,8.258,325731.21,351358.272,0.794500458295142,,0.0
2022-12-16,8.818000000000001,8.838000000000001,9.297999999999998,8.678,338595.89,379887.436,0.7976534296028882,,0.0
2022-12-19,8.777999999999999,8.698,9.188,8.457999999999998,264830.3,291455.337,0.7950639853747715,,0.0
2022-12-20,8.457999999999998,8.268,8.638000000000002,8.207999999999998,252064.03,266284.437,0.7866793529971456,,0.0
2022-12-21,8.277999999999999,8.518,8.658000000000001,8.258,178956.56,191417.649,0.791635687732342,,0.0
2022-12-22,8.617999999999999,8.777999999999999,9.047999999999998,8.588000000000001,254238.55,281156.972,0.796551724137931,,0.0
2022-12-23,8.758,8.578,8.948,8.408000000000001,173817.83,188913.167,0.7927911275415895,,0.0
2022-12-26,8.448,8.498000000000001,8.547999999999998,8.158000000000001,185852.96,196904.955,0.791247672253259,,0.0
2022-12-27,8.488,8.558,8.738,8.218,243144.67,261588.467,0.7924074074074073,,0.0
2022-12-28,8.457999999999998,8.478000000000002,8.547999999999998,8.097999999999999,179544.01,190265.589,0.790858208955224,,0.0
2022-12-29,8.498000000000001,8.948,8.948,8.218,267795.54,292012.122,0.7996425379803397,,0.0
2022-12-30,9.008,8.617999999999999,9.108,8.457999999999998,393139.8,432046.504,0.7935543278084713,,0.0
2023-01-03,8.457999999999998,8.457999999999998,8.808,8.308,230615.51,247389.046,0.7904672897196261,,0.0
2023-01-04,8.378,9.528,9.528,8.308,353719.67,407340.571,0.8095157179269328,,0.0
2023-01-05,9.948,10.707999999999998,10.707999999999998,9.928,498724.57,626369.202,0.8268725868725868,,0.0
2023-01-06,12.008,10.718,12.008,10.698,1229446.33,1693535.858,0.8270061728395062,,0.0
2023-01-09,10.948,11.038,11.418,10.457999999999998,861721.34,1137904.738,0.8311746987951808,,0.0
2023-01-10,10.748,12.368,12.368,10.168,682790.0,922502.884,0.8465434633812456,,0.0
2023-01-11,13.128,13.118,13.738,12.858,1484585.93,2305284.707,0.8540364583333333,,0.0
2023-01-12,13.358,14.657999999999998,14.657999999999998,12.868,1070947.34,1700063.948,0.8673372781065088,,0.0
2023-01-13,15.348,14.358,16.348,13.868,1795831.68,3192972.469,0.8649397590361445,,0.0
2023-01-16,14.657999999999998,15.008,15.598,13.928,1534470.51,2602267.193,0.8700289855072463,,0.0
2023-01-17,14.518,13.658,14.727999999999998,13.288,1556452.44,2500639.391,0.858993710691824,,0.0
2023-01-18,13.448,12.638000000000002,14.297999999999998,12.418,1389355.59,2169756.916,0.8493279569892473,,0.0
2023-01-19,12.148,11.148,12.248,11.148,1199607.88,1636595.051,0.8325616131441373,,0.0
2023-01-20,11.178,11.558,11.878,11.018,956382.72,1307004.192,0.8375362318840579,,0.0
2023-01-30,11.568,11.678,12.128,11.358,838524.36,1172341.292,0.8389367816091955,,0.0
2023-01-31,11.518,11.988,12.338,11.428,830733.29,1178434.628,0.8424455375966268,,0.0
2023-02-01,11.768,11.678,11.868,11.178,863446.37,1187801.014,0.8389367816091955,,0.0
2023-02-02,11.468,11.988,12.058,11.358,818671.8,1144782.901,0.8424455375966268,,0.0
2023-02-03,12.028,11.648,12.118,11.558,634348.95,889477.185,0.838588912886969,,0.0
2023-02-06,11.368,10.678,11.388000000000002,10.648,737759.77,973313.462,0.8264705882352942,,0.0
2023-02-07,10.698,10.838,10.988,10.598,402476.85,526064.06,0.8285932721712539,,0.0
2023-02-08,10.658,11.038,11.238,10.658,465765.25,616713.702,0.8311746987951808,,0.0
2023-02-09,10.888000000000002,10.928,11.128,10.738,362394.09,477484.58,0.8297646165527716,,0.0
2023-02-10,10.868,11.047999999999998,11.207999999999998,10.838,388819.9,516855.049,0.8313017306245296,,0.0
2023-02-13,10.957999999999998,11.858,12.038,10.948,794260.02,1105665.632,0.8409929078014186,,0.0
2023-02-14,11.688,12.728000000000002,13.248,11.578,944806.93,1369549.317,0.8502338009352038,,0.0
2023-02-15,12.428,12.178,12.598,11.988,602348.77,873839.978,0.8445214979195562,,0.0
2023-02-16,12.008,11.538,12.408,11.438,535610.21,760185.359,0.837300435413643,,0.0
2023-02-17,11.448,11.598,12.138000000000002,11.428,403775.05,566868.123,0.8380057803468207,,0.0
2023-02-20,11.508,12.358,12.588,11.428,669084.71,969997.08,0.8464383561643836,,0.0
2023-02-21,12.258,12.438,12.707999999999998,12.128,517249.37,757213.357,0.847275204359673,,0.0
2023-02-22,12.188,12.418,12.508,12.038,347923.79,507119.257,0.8470668485675307,,0.0
2023-02-23,12.448,12.238,12.908,12.218,504406.46,745549.949,0.8451657458563535,,0.0
2023-02-24,12.198,11.638000000000002,12.198,11.338,521335.54,725829.761,0.8384726224783863,,0.0
2023-02-27,11.478000000000002,11.388000000000002,11.728000000000002,11.178,331681.44,450535.546,0.8355099046221571,,0.0
2023-02-28,11.348,11.648,11.758,11.228000000000002,270543.01,373281.885,0.838588912886969,,0.0
2023-03-01,11.648,11.938,12.008,11.558,362895.23,509024.945,0.8418899858956276,,0.0
2023-03-02,11.828,12.138000000000002,12.618,11.598,469456.32,673038.143,0.8440890125173853,,0.0
2023-03-03,12.058,11.888000000000002,12.118,11.718,283207.62,400316.019,0.8413305024769994,,0.0
2023-03-06,11.758,11.478000000000002,11.758,11.178,352992.52,482835.352,0.8365889212827989,,0.0
2023-03-07,11.488,11.148,11.558,11.138000000000002,235147.31,318493.975,0.8325616131441373,,0.0
2023-03-08,11.228000000000002,11.338,11.408,11.018,173656.8,234078.627,0.8349042709867452,,0.0
2023-03-09,11.308,10.828,11.308,10.758,238144.0,314327.862,0.8284621270084161,,0.0
2023-03-10,10.658,10.238,10.688,10.078,334713.49,420029.837,0.8203525641025641,,0.0
2023-03-13,10.258,10.308,10.508,10.168,159398.94,199847.691,0.8213545816733067,,0.0
2023-03-14,10.288,9.818,10.288,9.738,297277.69,361693.914,0.8140961857379768,,0.0
2023-03-15,9.848,9.768,10.008,9.738,161736.95,195456.81,0.8133222314737719,,0.0
2023-03-16,9.668,9.618,9.788,9.598,150432.87,179269.539,0.8109612141652613,,0.0
2023-03-17,9.758,9.978000000000002,10.028,9.738,237848.11,288646.857,0.816530278232406,,0.0
2023-03-20,10.008,9.758,10.158,9.648,184951.37,223177.546,0.8131666666666666,,0.0
2023-03-21,9.788,10.248,10.297999999999998,9.688,308235.77,381239.459,0.8204963971176942,,0.0
2023-03-22,10.238,10.248,10.408,10.168,189246.31,236710.156,0.8204963971176942,,0.0
2023-03-23,10.178,10.168,10.268,9.998,161041.08,199026.942,0.8193392425463335,,0.0
2023-03-24,10.168,10.188,10.297999999999998,10.068,131524.43,163395.049,0.8196299275945292,,0.0
2023-03-27,10.098,9.898,10.148,9.878,169308.33,206643.589,0.815321252059308,,0.0
2023-03-28,9.898,9.788,9.968,9.768,113896.18,137589.515,0.8136325852036576,,0.0
2023-03-29,9.797999999999998,9.628,9.818,9.598,128841.24,153337.577,0.8111204717775906,,0.0
2023-03-30,9.618,9.908,10.088,9.528,190306.06,229251.802,0.8154732510288066,,0.0
2023-03-31,9.908,9.828,10.038,9.758,128865.19,156140.357,0.8142502071251035,,0.0
2023-04-03,9.858,10.028,10.188,9.838,269285.05,329953.816,0.8172779136104319,,0.0
2023-04-04,9.938,9.678,10.058,9.568,253867.35,302971.28,0.8119127516778524,,0.0
2023-04-06,9.547999999999998,9.688,9.808,9.428,126094.55,150057.125,0.8120704107292539,,0.0
2023-04-07,9.638000000000002,10.268,10.308,9.638000000000002,349064.61,432083.842,0.820783373301359,,0.0
2023-04-10,10.228000000000002,9.648,10.238,9.588,264887.0,319717.332,0.8114381833473506,,0.0
2023-04-11,9.578,9.658,9.898,9.468,132918.0,158085.43,0.8115966386554623,,0.0
2023-04-12,9.598,9.308,9.718,9.088,268478.15,309932.086,0.8058874458874459,,0.0
2023-04-13,9.218,9.078,9.278,9.047999999999998,137917.37,156647.991,0.8019434628975264,,0.0
2023-04-14,9.088,9.078,9.188,9.028,108348.78,122948.739,0.8019434628975264,,0.0
2023-04-17,9.038,8.998000000000001,9.148,8.908000000000001,133144.54,150144.972,0.8005338078291816,,0.0
2023-04-18,8.998000000000001,9.168,9.268,8.908000000000001,146497.75,166644.595,0.8035056967572304,,0.0
2023-04-19,9.207999999999998,8.788,9.238,8.768,172172.05,191181.171,0.7967361740707163,,0.0
2023-04-20,8.788,8.658000000000001,8.788,8.538,159593.68,173602.833,0.7943119266055046,,0.0
2023-04-21,8.617999999999999,8.408000000000001,8.818000000000001,8.408000000000001,127287.5,137867.013,0.7894835680751174,,0.0
2023-04-24,8.358,8.428,8.498000000000001,8.268,81948.1,87227.82,0.7898781630740395,,0.0
2023-04-25,8.408000000000001,8.198,8.408000000000001,8.018,131329.12,136750.168,0.785249042145594,,0.0
2023-04-26,8.138000000000002,8.238,8.347999999999999,8.058,73345.0,76801.005,0.7860687022900763,,0.0
2023-04-27,8.238,8.168,8.288,8.138000000000002,57987.64,60633.842,0.7846301633045148,,0.0
2023-04-28,8.207999999999998,8.617999999999999,8.678,8.207999999999998,160696.0,173017.658,0.7935543278084713,,0.0
2023-05-04,8.558,8.628,8.668,8.488,76101.76,82440.74,0.7937442502299908,,0.0
2023-05-05,8.648,8.478000000000002,8.748000000000001,8.378,95813.5,102810.586,0.790858208955224,,0.0
2023-05-08,8.418,8.358,8.558,8.308,71283.86,75727.898,0.7884905660377359,,0.0
2023-05-09,8.328,8.187999999999999,8.448,8.158000000000001,104957.27,110593.714,0.7850431447746883,,0.0
2023-05-10,8.187999999999999,8.378,8.428,8.097999999999999,94102.5,99237.694,0.788888888888889,,0.0
2023-05-11,8.358,8.117999999999999,8.428,8.078,121518.23,126832.143,0.7835907335907335,,0.0
2023-05-12,8.117999999999999,8.018,8.478000000000002,7.957999999999999,169237.8,176369.907,0.7814814814814816,,0.0
2023-05-15,7.988,8.187999999999999,8.238,7.908,124577.43,128774.754,0.7850431447746883,,0.0
2023-05-16,8.187999999999999,7.908,8.187999999999999,7.858,114871.78,117255.412,0.7791133004926108,,0.0
2023-05-17,7.888000000000001,7.918,8.018,7.848,101757.54,103434.138,0.7793307086614173,,0.0
2023-05-18,7.898000000000001,7.838,7.978000000000001,7.808000000000001,85837.26,86860.043,0.7775793650793651,,0.0
2023-05-19,7.838,7.938,7.998,7.738,89996.59,91058.651,0.7797642436149312,,0.0
2023-05-22,7.938,8.078,8.078,7.797999999999999,98503.66,100656.296,0.782751937984496,,0.0
2023-05-23,8.078,7.688,8.078,7.688,162739.23,163686.726,0.7742195367573012,,0.0
2023-05-24,7.668,7.697999999999999,7.768,7.498,69054.71,68444.358,0.7744466800804829,,0.0
2023-05-25,7.648000000000001,7.658,7.728000000000001,7.518,74198.72,73194.516,0.7735353535353535,,0.0
2023-05-26,7.707999999999999,7.658,7.728000000000001,7.518,59262.89,58336.341,0.7735353535353535,,0.0
2023-05-29,7.668,7.558000000000001,7.728000000000001,7.508,69205.37,68064.242,0.7712244897959184,,0.0
2023-05-30,7.568,7.608,7.608,7.358,80455.98,78247.826,0.7723857868020304,,0.0
2023-05-31,7.638000000000001,7.438,7.758,7.438,96562.58,94411.044,0.7683884297520661,,0.0
2023-06-01,7.457999999999999,7.498,7.648000000000001,7.308000000000001,109292.11,106920.926,0.7698151950718686,,0.0
2023-06-02,7.537999999999999,8.138000000000002,8.228000000000002,7.508,384705.29,393380.702,0.7840077071290945,,0.0
2023-06-05,7.928,7.947999999999999,8.038,7.797999999999999,208713.63,211789.947,0.7799803729146222,,0.0
2023-06-06,7.908,8.527999999999999,8.608,7.898000000000001,553279.63,587566.246,0.7918291550603528,,0.0
2023-06-07,8.347999999999999,8.218,8.748000000000001,8.088000000000001,392234.97,395296.013,0.8251004016064256,,0.0
2023-06-08,8.198,9.218,9.218,7.938,776014.1,816532.55,0.8410583941605839,,0.0
2023-06-09,9.158,9.498,9.868,9.038,900575.96,1010088.783,0.8450177935943062,,0.0
2023-06-12,9.158,9.738,9.858,8.957999999999998,627943.72,703061.988,0.8482578397212542,,0.0
2023-06-13,9.448,9.408,9.658,9.258,447969.69,499101.717,0.8437668161434978,,0.0
2023-06-14,9.408,9.158,9.408,9.038,357703.99,389778.949,0.8401834862385322,,0.0
2023-06-15,9.078,9.198,9.248,8.968,264061.06,287436.865,0.8407678244972578,,0.0
2023-06-16,9.068,9.488,9.618,9.047999999999998,426741.68,475003.822,0.8448797862867319,,0.0
2023-06-19,9.378,9.068,9.378,9.058,304755.88,332038.034,0.8388529139685478,,0.0
2023-06-20,8.968,8.698,8.968,8.508,453746.12,472095.411,0.8331417624521074,,0.0
2023-06-21,8.608,8.617999999999999,8.847999999999999,8.558,199914.24,208593.925,0.8318532818532818,,0.0
2023-06-26,8.508,8.338000000000001,8.597999999999999,8.207999999999998,216424.56,218743.498,0.8271825396825397,,0.0
2023-06-27,8.418,9.348,9.348,8.358,387091.49,413561.879,0.8429215509467989,,0.0
2023-06-28,9.608,9.628,9.758,9.338,660565.92,744198.388,0.8467897977132807,,0.0
2023-06-29,9.547999999999998,9.428,9.638000000000002,9.348,320071.47,357697.065,0.8440465532676814,,0.0
2023-06-30,9.707999999999998,9.168,9.858,9.138000000000002,558806.83,622434.748,0.8403299725022914,,0.0
2023-07-03,9.128,9.608,9.758,8.978000000000002,563232.45,631662.651,0.8465198237885463,,0.0
2023-07-04,9.388000000000002,9.408,9.538,9.278,306872.27,342061.645,0.8437668161434978,,0.0
2023-07-05,9.478000000000002,9.148,9.478000000000002,9.098,262196.37,288743.524,0.8400367309458218,,0.0
2023-07-06,9.218,8.957999999999998,9.218,8.918,231579.19,248954.453,0.8371962616822429,,0.0
2023-07-07,8.957999999999998,9.038,9.278,8.898,226983.88,245474.732,0.8384044526901671,,0.0
2023-07-10,9.028,8.937999999999999,9.188,8.878,156420.54,167749.881,0.8368913857677902,,0.0
2023-07-11,9.018,9.008,9.418,8.957999999999998,256285.72,278392.247,0.8379534883720929,,0.0
2023-07-12,8.957999999999998,8.498000000000001,8.957999999999998,8.478000000000002,291151.47,303614.664,0.8298828125000001,,0.0
2023-07-13,8.538,8.547999999999998,8.707999999999998,8.518,157418.54,162800.658,0.8307094266277939,,0.0
2023-07-14,8.588000000000001,8.488,8.617999999999999,8.437999999999999,137067.43,140609.262,0.8297165200391006,,0.0
2023-07-17,8.448,8.608,8.608,8.268,128477.23,131314.489,0.8316908212560388,,0.0
2023-07-18,8.617999999999999,8.858,9.047999999999998,8.378,343773.42,361393.571,0.8356603773584906,,0.0
2023-07-19,8.728000000000002,9.368,9.448,8.668,599923.83,650950.57,0.8432043204320431,,0.0
2023-07-20,9.358,9.238,9.547999999999998,9.168,449789.02,498104.07,0.8413479052823314,,0.0
2023-07-21,9.168,9.297999999999998,9.398,9.058,333251.03,366579.494,0.8422101449275361,,0.0
2023-07-24,9.408,8.738,9.408,8.558,453205.91,478787.679,0.8337786259541984,,0.0
2023-07-25,9.238,9.788,9.788,9.218,451375.34,514882.091,0.8489158716392021,,0.0
2023-07-26,10.478000000000002,10.168,10.828,10.028,1332351.53,1609564.076,0.8537363560033584,,0.0
2023-07-27,9.928,9.658,10.308,9.628,767940.63,893602.052,0.8471929824561404,,0.0
2023-07-28,9.598,10.468,10.797999999999998,9.598,1270994.44,1542423.852,0.8573300573300573,,0.0
2023-07-31,10.468,10.468,11.068,10.457999999999998,1133148.94,1411394.435,0.8573300573300573,,0.0
2023-08-01,10.618,10.188,10.628,10.058,617635.77,740847.036,0.8539815590947191,,0.0
2023-08-02,10.118,10.158,10.348,9.938,418806.95,499193.453,0.8536134453781513,,0.0
2023-08-03,10.128,10.278,10.328,9.918,442822.94,526025.039,0.8550748752079866,,0.0
2023-08-04,10.328,9.928,10.408,9.868,480908.03,567831.159,0.8507283633247644,,0.0
2023-08-07,9.758,9.568,9.818,9.468,396131.77,448749.943,0.845977011494253,,0.0
2023-08-08,9.578,9.308,9.678,9.278,279633.75,311251.623,0.8423529411764705,,0.0
2023-08-09,9.308,9.128,9.428,9.058,249322.34,273350.581,0.839742410303588,,0.0
2023-08-10,9.108,9.188,9.207999999999998,9.018,186027.62,202385.649,0.8406221408966147,,0.0
2023-08-11,9.207999999999998,8.898,9.328,8.888000000000002,222597.6,239326.723,0.8362781954887217,,0.0
2023-08-14,8.728000000000002,8.968,9.108,8.608,261992.4,277379.044,0.8373482726423902,,0.0
2023-08-15,8.937999999999999,8.878,9.008,8.728000000000002,164489.34,174210.589,0.835969868173258,,0.0
2023-08-16,8.888000000000002,9.328,9.408,8.797999999999998,447141.74,488989.887,0.8426377597109304,,0.0
2023-08-17,9.158,9.297999999999998,9.338,8.818000000000001,312617.58,339997.948,0.8422101449275361,,0.0
2023-08-18,9.258,8.957999999999998,9.468,8.957999999999998,257423.13,282341.419,0.8371962616822429,,0.0
2023-08-21,8.878,8.687999999999999,9.028,8.658000000000001,201212.36,212557.284,0.8329817833173537,,0.0
2023-08-22,8.707999999999998,8.488,8.788,8.258,310597.59,315699.163,0.8297165200391006,,0.0
2023-08-23,8.388000000000002,7.877999999999999,8.398,7.838,341572.89,333831.225,0.8189189189189189,,0.0
2023-08-24,7.947999999999999,7.908,8.047999999999998,7.838,150953.49,146139.055,0.8194818652849741,,0.0
2023-08-25,7.877999999999999,8.008,8.238,7.697999999999999,256259.26,247995.066,0.8213333333333332,,0.0
2023-08-28,8.678,8.398,8.878,8.268,445901.39,460087.912,0.8282051282051281,,0.0
2023-08-29,8.388000000000002,8.957999999999998,9.148,8.338000000000001,469966.97,494250.249,0.8371962616822429,,0.0
2023-08-30,8.918,9.297999999999998,9.308,8.828,488508.03,531552.424,0.8422101449275361,,0.0
2023-08-31,9.168,8.898,9.368,8.867999999999999,290106.19,312387.0,0.8362781954887217,,0.0
2023-09-01,9.218,9.258,9.488,9.047999999999998,461454.3,509059.844,0.8416363636363635,,0.0
2023-09-04,9.718,9.928,10.108,9.628,719812.54,835845.915,0.8507283633247644,,0.0
2023-09-05,9.908,9.858,10.078,9.768,364815.45,424129.849,0.8498275862068966,,0.0
2023-09-06,9.758,9.688,9.898,9.488,313851.86,357530.559,0.847594050743657,,0.0
2023-09-07,9.668,9.457999999999998,9.908,9.418,229344.21,260853.732,0.8444642857142857,,0.0
2023-09-08,9.457999999999998,9.388000000000002,9.508,9.198,196825.79,217855.482,0.843486073674753,,0.0
2023-09-11,9.378,9.228000000000002,9.428,9.118,182257.54,199675.847,0.8412032816773019,,0.0
2023-09-12,9.218,9.088,9.218,9.038,129809.0,140609.836,0.8391505078485689,,0.0
2023-09-13,9.038,8.758,9.108,8.758,162341.47,173719.072,0.834095238095238,,0.0
2023-09-14,9.028,8.808,9.038,8.748000000000001,141905.05,150377.784,0.8348815165876776,,0.0
2023-09-15,8.957999999999998,8.818000000000001,9.038,8.768,172221.62,182919.097,0.8350378787878788,,0.0
2023-09-18,8.728000000000002,8.738,8.847999999999999,8.597999999999999,158383.5,166145.701,0.8337786259541984,,0.0
2023-09-19,8.738,8.597999999999999,8.758,8.538,139469.38,144404.251,0.8315280464216633,,0.0
2023-09-20,8.478000000000002,8.428,8.547999999999998,8.338000000000001,174754.58,178353.949,0.8287118977384464,,0.0
2023-09-21,8.428,8.468,8.687999999999999,8.408000000000001,204446.67,209698.806,0.829382957884427,,0.0
2023-09-22,8.418,8.558,8.568000000000001,8.358,165354.26,168976.256,0.8308737864077669,,0.0
2023-09-25,8.547999999999998,8.328,8.547999999999998,8.297999999999998,158710.91,160499.998,0.8270109235352532,,0.0
2023-09-26,8.358,8.258,8.408000000000001,8.258,116961.71,117579.115,0.8257999999999999,,0.0
2023-09-27,8.258,8.288,8.408000000000001,8.248000000000001,100601.48,101202.683,0.8263210368893321,,0.0
2023-09-28,8.288,8.308,8.367999999999999,8.248000000000001,95340.13,95613.822,0.8266666666666665,,0.0
2023-10-09,8.347999999999999,8.158000000000001,8.388000000000002,8.128,139228.04,138528.342,0.8240404040404041,,0.0
2023-10-10,8.218,8.027999999999999,8.248000000000001,7.998,127942.96,125516.339,0.8216990788126918,,0.0
2023-10-11,8.058,7.978000000000001,8.108,7.938,119940.19,117188.205,0.8207818930041152,,0.0
2023-10-12,8.038,8.078,8.138000000000002,7.978000000000001,121668.33,119333.42,0.8226069246435844,,0.0
2023-10-13,8.027999999999999,7.877999999999999,8.047999999999998,7.858,133725.5,128995.082,0.8189189189189189,,0.0
2023-10-16,7.898000000000001,7.838,7.968000000000001,7.797999999999999,100340.5,96421.684,0.8181628392484342,,0.0
2023-10-17,7.928,7.818,7.928,7.738,93278.0,88972.567,0.8177824267782426,,0.0
2023-10-18,7.768,7.598,7.797999999999999,7.588,127272.84,119524.05,0.813490364025696,,0.0
2023-10-19,7.537999999999999,7.537999999999999,7.678,7.508,78134.0,72830.893,0.8122844827586206,,0.0
2023-10-20,7.528,7.558000000000001,7.688,7.468000000000001,92757.52,86503.781,0.8126881720430108,,0.0
2023-10-23,7.617999999999999,7.278,7.617999999999999,7.218000000000001,114241.5,103957.602,0.8068736141906874,,0.0
2023-10-24,7.438,7.438,7.468000000000001,7.268,113916.0,104089.667,0.810239651416122,,0.0
2023-10-25,7.568,7.468000000000001,7.668,7.447999999999999,147333.24,136860.134,0.8108577633007601,,0.0
2023-10-26,7.367999999999999,7.438,7.457999999999999,7.278,106613.23,97101.815,0.810239651416122,,0.0
2023-10-27,7.558000000000001,7.828,7.867999999999999,7.518,287768.33,272917.69,0.8179728317659353,,0.0
2023-10-30,7.808000000000001,7.828,7.908,7.707999999999999,191019.5,182792.343,0.8179728317659353,,0.0
2023-10-31,7.867999999999999,7.768,7.877999999999999,7.638000000000001,142125.57,134568.832,0.8168243953732913,,0.0
2023-11-01,7.797999999999999,7.888000000000001,7.968000000000001,7.738,189647.49,182243.193,0.8191069574247144,,0.0
2023-11-02,7.888000000000001,7.658,7.888000000000001,7.658,139765.0,132392.896,0.8146808510638298,,0.0
2023-11-03,7.658,7.758,7.818,7.658,108481.26,103058.027,0.8166315789473684,,0.0
2023-11-06,7.787999999999999,7.968000000000001,7.998,7.778,206051.91,198818.486,0.8205973223480948,,0.0
2023-11-07,8.018,7.918,8.018,7.828,128502.0,123758.702,0.8196687370600414,,0.0
2023-11-08,7.918,7.947999999999999,8.097999999999999,7.877999999999999,153881.87,149536.359,0.8202270381836945,,0.0
2023-11-09,7.968000000000001,7.898000000000001,8.018,7.848,102764.42,99232.69,0.8192946058091286,,0.0
2023-11-10,7.898000000000001,7.797999999999999,7.898000000000001,7.728000000000001,88760.0,84496.865,0.8174004192872117,,0.0
2023-11-13,7.828,7.797999999999999,7.858,7.707999999999999,91768.0,87332.001,0.8174004192872117,,0.0
2023-11-14,7.748,7.908,7.998,7.738,139352.26,134574.615,0.8194818652849741,,0.0
2023-11-15,7.998,8.027999999999999,8.238,7.968000000000001,166912.84,163722.761,0.8216990788126918,,0.0
2023-11-16,7.978000000000001,7.888000000000001,8.027999999999999,7.867999999999999,93459.61,90193.719,0.8191069574247144,,0.0
2023-11-17,7.877999999999999,7.898000000000001,7.908,7.787999999999999,78052.05,74802.444,0.8192946058091286,,0.0
2023-11-20,7.918,7.968000000000001,7.978000000000001,7.828,94990.01,91819.618,0.8205973223480948,,0.0
2023-11-21,7.957999999999999,8.038,8.258,7.957999999999999,236120.6,233351.345,0.8218813905930471,,0.0
2023-11-22,7.968000000000001,7.838,8.117999999999999,7.828,141891.48,137599.05,0.8181628392484342,,0.0
2023-11-23,7.797999999999999,8.078,8.108,7.768,185777.7,180720.723,0.8226069246435844,,0.0
2023-11-24,8.088000000000001,7.918,8.187999999999999,7.867999999999999,137972.01,134152.136,0.8196687370600414,,0.0
2023-11-27,7.858,7.697999999999999,7.867999999999999,7.627999999999999,145443.84,137366.879,0.8154661016949153,,0.0
2023-11-28,7.697999999999999,7.748,7.797999999999999,7.608,102583.75,96993.391,0.8164383561643835,,0.0
2023-11-29,7.738,7.537999999999999,7.738,7.488,127670.82,118971.121,0.8122844827586206,,0.0
2023-11-30,7.578,7.528,7.598,7.468000000000001,67595.56,62697.125,0.8120819848975188,,0.0
2023-12-01,7.568,7.488,7.568,7.388000000000001,125747.66,115540.695,0.8112676056338028,,0.0
2023-12-04,7.488,7.377999999999999,7.508,7.348,111094.29,101390.961,0.8089912280701754,,0.0
2023-12-05,7.367999999999999,7.258,7.367999999999999,7.248,101314.41,91406.459,0.8064444444444444,,0.0
2023-12-06,7.238,7.358,7.388000000000001,7.158,101874.71,92347.99,0.8085714285714286,,0.0
2023-12-07,7.358,7.318,7.367999999999999,7.207999999999999,77680.03,70031.61,0.8077262693156733,,0.0
2023-12-08,7.328,7.328,7.388000000000001,7.268,81013.0,73434.523,0.8079382579933848,,0.0
2023-12-11,7.297999999999999,7.338,7.348,7.138000000000001,95191.35,85526.556,0.8081497797356828,,0.0
2023-12-12,7.308000000000001,7.468000000000001,7.537999999999999,7.297999999999999,125662.58,115459.867,0.8108577633007601,,0.0
2023-12-13,7.447999999999999,7.297999999999999,7.457999999999999,7.287999999999999,92850.44,84370.153,0.8073008849557521,,0.0
2023-12-14,7.308000000000001,7.297999999999999,7.428,7.287999999999999,62137.0,56424.759,0.8073008849557521,,0.0
2023-12-15,7.338,7.388000000000001,7.558000000000001,7.318,154897.93,142055.161,0.8092004381161008,,0.0
2023-12-18,7.338,7.148000000000001,7.348,7.098,126684.09,113308.395,0.8040494938132734,,0.0
2023-12-19,7.148000000000001,7.108,7.158,7.058000000000001,66644.0,58903.371,0.8031638418079096,,0.0
2023-12-20,7.108,6.938,7.127999999999999,6.938,100313.09,87532.129,0.7993087557603686,,0.0
2023-12-21,6.948,7.028,7.047999999999999,6.867999999999999,70857.64,61774.376,0.8013683010262258,,0.0
2023-12-22,7.028,6.898000000000001,7.078,6.867999999999999,79297.21,69005.963,0.7983796296296296,,0.0
2023-12-25,6.898000000000001,6.867999999999999,6.948,6.787999999999999,55018.01,47244.244,0.7976771196283391,,0.0
2023-12-26,6.858,6.728000000000001,6.867999999999999,6.728000000000001,59987.71,51072.705,0.7943329397874852,,0.0
2023-12-27,6.728000000000001,6.768,6.808000000000001,6.658,53075.01,45036.344,0.7952996474735605,,0.0
2023-12-28,6.778,6.988,7.018,6.678,96243.1,83387.96,0.8004581901489118,,0.0
2023-12-29,7.008,7.117999999999999,7.148000000000001,6.968000000000001,86194.58,76118.721,0.8033860045146727,,0.0
2024-01-02,7.098,7.158,7.207999999999999,7.037999999999999,74965.41,66638.853,0.8042696629213483,,0.0
2024-01-03,7.198,7.158,7.228000000000001,7.078,65717.0,58465.574,0.8042696629213483,,0.0
2024-01-04,7.188,7.138000000000001,7.207999999999999,7.078,50039.0,44366.546,0.8038288288288289,,0.0
2024-01-05,7.168,7.098,7.248,7.0680000000000005,75645.0,67456.526,0.8029411764705883,,0.0
2024-01-08,7.218000000000001,7.047999999999999,7.238,7.018,103813.41,91937.131,0.8018202502844141,,0.0
2024-01-09,6.998,7.188,7.297999999999999,6.968000000000001,122615.07,109338.81,0.8049272116461366,,0.0
2024-01-10,7.158,7.268,7.308000000000001,7.058000000000001,100041.34,89791.895,0.8066592674805771,,0.0
2024-01-11,7.268,7.348,7.388000000000001,7.198,99028.5,89730.24,0.8083608360836083,,0.0
2024-01-12,7.338,7.408,7.537999999999999,7.308000000000001,121351.23,111638.377,0.8096174863387978,,0.0
2024-01-15,7.377999999999999,7.558000000000001,7.608,7.328,152155.68,140824.142,0.8126881720430108,,0.0
2024-01-16,7.588,7.718000000000001,7.768,7.508,198858.78,187468.704,0.8158562367864693,,0.0
2024-01-17,7.658,7.528,7.758,7.518,134372.83,126314.228,0.8120819848975188,,0.0
2024-01-18,7.488,7.668,7.707999999999999,7.328,177827.21,163892.409,0.8148777895855472,,0.0
2024-01-19,7.658,7.558000000000001,7.697999999999999,7.478000000000001,122095.0,113874.085,0.8126881720430108,,0.0
2024-01-22,7.537999999999999,7.238,7.547999999999999,7.158,116529.63,105840.396,0.8060133630289532,,0.0
2024-01-23,7.168,7.308000000000001,7.428,7.037999999999999,104878.48,94458.543,0.8075138121546962,,0.0
2024-01-24,7.328,7.377999999999999,7.478000000000001,7.078,121466.2,109620.771,0.8089912280701754,,0.0
2024-01-25,7.388000000000001,7.457999999999999,7.488,7.258,158710.0,144827.3,0.8106521739130435,,0.0
2024-01-26,7.438,7.668,7.908,7.418,235037.72,222340.343,0.8148777895855472,,0.0
2024-01-29,8.158000000000001,7.707999999999999,8.328,7.697999999999999,330364.64,320711.845,0.8156613756613756,,0.0
2024-01-30,7.648000000000001,7.728000000000001,7.957999999999999,7.518,215080.7,204448.443,0.8160506863780359,,0.0
2024-01-31,7.778,7.998,7.998,7.468000000000001,292462.83,280492.367,0.8211498973305955,,0.0
2024-02-01,7.867999999999999,7.818,8.047999999999998,7.707999999999999,218482.95,210584.179,0.8177824267782426,,0.0
2024-02-02,7.738,7.938,8.058,7.468000000000001,216351.58,207456.672,0.8200413223140496,,0.0
2024-02-05,7.828,7.908,8.058,7.568,214100.64,205045.034,0.8194818652849741,,0.0
2024-02-06,7.758,8.367999999999999,8.437999999999999,7.707999999999999,263054.74,260180.832,0.8276953511374875,,0.0
2024-02-07,8.318000000000001,8.597999999999999,8.638000000000002,8.288,248262.15,255062.435,0.8315280464216633,,0.0
2024-02-08,8.508,8.338000000000001,8.828,8.308,253245.62,260793.681,0.8271825396825397,,0.0
2024-02-19,8.378,8.358,8.478000000000002,8.187999999999999,193382.36,194551.314,0.8275247524752476,,0.0
2024-02-20,8.328,8.388000000000002,8.558,8.308,152917.65,155350.999,0.8280355380059231,,0.0
2024-02-21,8.277999999999999,8.428,8.698,8.218,234919.66,240523.122,0.8287118977384464,,0.0
2024-02-22,8.388000000000002,8.437999999999999,8.457999999999998,8.297999999999998,141408.0,143265.94,0.8288801571709233,,0.0
2024-02-23,8.448,8.367999999999999,8.457999999999998,8.078,198883.31,199200.766,0.8276953511374875,,0.0
2024-02-26,8.297999999999998,8.288,8.367999999999999,8.187999999999999,152181.19,152425.646,0.8263210368893321,,0.0
2024-02-27,8.288,8.498000000000001,8.518,8.218,150940.52,153375.793,0.8298828125000001,,0.0
2024-02-28,8.498000000000001,8.058,8.588000000000001,8.058,171737.01,173204.383,0.8222448979591837,,0.0
2024-02-29,8.027999999999999,8.258,8.318000000000001,8.027999999999999,143607.21,143252.206,0.8257999999999999,,0.0
2024-03-01,8.268,8.268,8.347999999999999,8.178,123228.52,123248.355,0.825974025974026,,0.0
2024-03-04,8.318000000000001,8.328,8.408000000000001,8.228000000000002,148849.03,149373.068,0.8270109235352532,,0.0
2024-03-05,8.328,8.347999999999999,8.378,8.187999999999999,139058.85,139578.437,0.8273538156590683,,0.0
2024-03-06,8.268,8.338000000000001,8.408000000000001,8.228000000000002,122375.08,123343.063,0.8271825396825397,,0.0
2024-03-07,8.338000000000001,8.277999999999999,8.457999999999998,8.268,116677.23,117939.033,0.8261477045908183,,0.0
2024-03-08,8.258,8.308,8.318000000000001,8.198,100959.35,101011.061,0.8266666666666665,,0.0
2024-03-11,8.297999999999998,8.268,8.347999999999999,8.218,95840.8,95911.549,0.825974025974026,,0.0
2024-03-12,8.308,8.728000000000002,8.738,8.288,260699.9,268253.915,0.8336198662846228,,0.0
2024-03-13,8.718,8.588000000000001,8.788,8.558,185414.23,192659.641,0.8313649564375606,,0.0
2024-03-14,8.568000000000001,8.597999999999999,8.658000000000001,8.448,100359.46,103384.493,0.8315280464216633,,0.0
2024-03-15,8.608,8.468,8.608,8.297999999999998,150208.58,152497.482,0.829382957884427,,0.0
2024-03-18,8.468,8.498000000000001,8.508,8.367999999999999,88627.98,90223.427,0.8298828125000001,,0.0
2024-03-19,8.478000000000002,8.258,8.488,8.248000000000001,173456.55,174878.738,0.8257999999999999,,0.0
2024-03-20,8.218,8.078,8.238,7.938,189913.96,186039.34,0.8226069246435844,,0.0
2024-03-21,8.078,8.047999999999998,8.128,7.988,110552.25,108242.663,0.8220633299284984,,0.0
2024-03-22,8.058,7.928,8.068000000000001,7.867999999999999,94530.74,91683.647,0.8198552223371252,,0.0
2024-03-25,7.957999999999999,8.058,8.388000000000002,7.898000000000001,168913.44,166857.505,0.8222448979591837,,0.0
2024-03-26,8.058,8.088000000000001,8.108,7.898000000000001,96066.7,93641.917,0.8227873855544253,,0.0
2024-03-27,7.998,7.808000000000001,8.068000000000001,7.808000000000001,82696.73,80060.652,0.8175916230366492,,0.0
2024-03-28,7.787999999999999,7.858,7.988,7.758,78089.7,75124.187,0.8185416666666666,,0.0
2024-03-29,7.838,7.888000000000001,7.908,7.787999999999999,45680.54,43800.322,0.8191069574247144,,0.0
2024-04-01,7.867999999999999,8.047999999999998,8.047999999999998,7.867999999999999,70711.0,68951.536,0.8220633299284984,,0.0
2024-04-02,7.998,8.138000000000002,8.158000000000001,7.978000000000001,95788.67,94174.634,0.8236842105263159,,0.0
2024-04-03,8.178,8.187999999999999,8.228000000000002,8.058,85752.3,84855.826,0.8245720040281973,,0.0
2024-04-08,8.168,7.938,8.187999999999999,7.888000000000001,82921.93,81321.047,0.8200413223140496,,0.0
2024-04-09,7.938,8.078,8.088000000000001,7.918,54457.9,53125.153,0.8226069246435844,,0.0
2024-04-10,8.088000000000001,7.908,8.097999999999999,7.808000000000001,69696.99,67241.299,0.8194818652849741,,0.0
2024-04-11,7.877999999999999,7.968000000000001,8.078,7.828,64626.67,62917.745,0.8205973223480948,,0.0
2024-04-12,7.988,7.858,8.058,7.848,54871.18,53143.399,0.8185416666666666,,0.0
2024-04-15,7.918,7.888000000000001,8.008,7.648000000000001,84609.0,81254.084,0.8191069574247144,,0.0
2024-04-16,7.877999999999999,7.707999999999999,7.957999999999999,7.688,97584.52,93318.696,0.8156613756613756,,0.0
2024-04-17,7.787999999999999,8.088000000000001,8.097999999999999,7.787999999999999,115373.46,112199.987,0.8227873855544253,,0.0
2024-04-18,8.097999999999999,8.207999999999998,8.308,8.018,116275.5,115691.069,0.8249246231155778,,0.0
2024-04-19,8.207999999999998,8.187999999999999,8.277999999999999,8.108,67803.21,67355.85,0.8245720040281973,,0.0
2024-04-22,8.187999999999999,8.218,8.268,8.148,69807.0,69465.827,0.8251004016064256,,0.0
2024-04-23,8.168,8.158000000000001,8.238,8.038,66381.64,65702.867,0.8240404040404041,,0.0
2024-04-24,8.148,8.158000000000001,8.178,7.968000000000001,83230.25,81734.535,0.8240404040404041,,0.0
2024-04-25,8.558,8.957999999999998,9.148,8.338000000000001,527002.66,552463.58,0.8371962616822429,,0.0
2024-04-26,8.878,8.707999999999998,8.928,8.527999999999999,288888.71,301034.34,0.8333014354066984,,0.0
2024-04-29,8.617999999999999,9.058,9.148,8.617999999999999,279496.04,298873.51,0.8387037037037036,,0.0
2024-04-30,8.957999999999998,8.918,9.028,8.888000000000002,145066.42,155077.177,0.8365853658536585,,0.0
2024-05-06,9.128,9.238,9.457999999999998,9.098,277640.37,306122.098,0.8413479052823314,,0.0
2024-05-07,9.088,9.288,9.338,9.068,155964.76,170670.98,0.8420670897552132,,0.0
2024-05-08,9.138000000000002,8.968,9.258,8.948,109683.62,118691.642,0.8373482726423902,,0.0
2024-05-09,8.998000000000001,9.118,9.207999999999998,8.998000000000001,84645.64,91819.25,0.8395948434622467,,0.0
2024-05-10,9.118,9.608,9.738,9.118,309052.19,347710.398,0.8465198237885463,,0.0
2024-05-13,9.478000000000002,9.748,10.038,9.368,339776.14,390968.202,0.8483899042645779,,0.0
2024-05-14,9.678,9.838,10.047999999999998,9.628,186837.24,217083.451,0.8495682210708119,,0.0
2024-05-15,9.858,9.938,10.098,9.707999999999998,167777.61,195731.598,0.8508561643835616,,0.0
2024-05-16,9.928,10.608,10.797999999999998,9.858,438197.89,532365.778,0.8589473684210527,,0.0
2024-05-17,10.608,10.998,11.258,10.198,422062.63,522066.166,0.863265306122449,,0.0
2024-05-20,11.078,10.648,11.078,10.528,317322.95,394534.441,0.8594027441485068,,0.0
2024-05-21,10.558,10.668,10.858,10.528,167075.28,207698.073,0.8596293311845286,,0.0
2024-05-22,10.658,10.608,10.878,10.558,181300.42,225112.536,0.8589473684210527,,0.0
2024-05-23,10.428,10.288,10.558,10.238,200697.48,242575.218,0.8551953449709061,,0.0
2024-05-24,10.258,10.108,10.368,9.948,142419.46,169085.008,0.8529957805907173,,0.0
2024-05-27,10.218,10.168,10.288,9.858,142898.0,168533.693,0.8537363560033584,,0.0
2024-05-28,10.188,10.128,10.378,10.028,137446.0,164429.222,0.8532434709351306,,0.0
2024-05-29,10.148,10.228000000000002,10.308,10.108,115332.0,137887.085,0.8544695071010862,,0.0
2024-05-30,10.228,10.108,10.298,10.028,103336.8,117051.373,0.8945132743362831,,0.0
2024-05-31,10.078,9.958,10.218,9.918,93970.72,105430.022,0.8930941704035874,,0.0
2024-06-03,10.018,9.798,10.018,9.678,179150.83,197083.812,0.8915377616014558,,0.0
2024-06-04,9.808,10.248,10.278,9.718,173392.8,195762.908,0.8958041958041958,,0.0
2024-06-05,10.168,10.028,10.248,10.028,80279.0,90681.862,0.8937611408199644,,0.0
2024-06-06,10.008,9.828,10.118,9.768,90825.41,100590.475,0.8918330308529946,,0.0
2024-06-07,9.888,9.898,9.968,9.808,84515.41,93751.006,0.8925157799819657,,0.0
2024-06-11,9.898,10.148,10.298,9.798,160517.41,181649.673,0.8948853615520282,,0.0
2024-06-12,10.138,10.208,10.388,10.028,91869.32,104802.204,0.895438596491228,,0.0
2024-06-13,10.218,10.028,10.278,9.898,111833.78,125151.585,0.8937611408199644,,0.0
2024-06-14,10.008,10.148,10.208,9.858,69683.04,78727.371,0.8948853615520282,,0.0
2024-06-17,10.078,9.938,10.148,9.918,63496.46,71035.833,0.8929020664869721,,0.0
2024-06-18,9.938,9.688,9.938,9.578,146072.43,159458.973,0.8904411764705882,,0.0
2024-06-19,9.678,9.648,9.738,9.608,65422.94,71158.689,0.8900369003690036,,0.0
2024-06-20,9.588,9.508,9.718,9.438,61478.77,66043.356,0.8885981308411215,,0.0
2024-06-21,9.428,9.538,9.768,9.428,69436.24,74888.814,0.8889095992544268,,0.0
2024-06-24,9.438,9.288,9.658,9.228,95647.5,101290.362,0.8862595419847328,,0.0
2024-06-25,9.228,9.468,9.648,9.228,78538.24,83829.769,0.8881801125703565,,0.0
2024-06-26,9.418,9.648,9.748,9.368,81953.4,88595.47,0.8900369003690036,,0.0
2024-06-27,9.638,9.338,9.638,9.278,87512.63,92685.757,0.8867996201329534,,0.0
2024-06-28,9.338,9.178,9.588,9.138,112996.17,119078.882,0.885053037608486,,0.0
2024-07-01,9.178,9.448,9.498,9.178,82480.02,87484.797,0.8879699248120301,,0.0
2024-07-02,9.458,9.138,9.478,9.088,81880.0,85043.022,0.8846079380445305,,0.0
2024-07-03,9.138,9.168,9.268,9.088,58458.95,60693.633,0.8849420849420849,,0.0
2024-07-04,9.228,9.028,9.228,8.968,70305.29,72125.628,0.8833659491193737,,0.0
2024-07-05,9.008,8.998,9.068,8.958,57253.0,58400.669,0.8830225711481845,,0.0
2024-07-08,8.998,8.618,8.998,8.568,144273.0,142747.116,0.8784913353720694,,0.0
2024-07-09,8.638,8.498,8.638,8.198,163034.85,156315.635,0.8769865841073271,,0.0
2024-07-10,8.498,8.208,8.498,8.177999999999999,117244.8,111078.024,0.8731914893617021,,0.0
2024-07-11,8.347999999999999,8.318,8.378,8.158,103819.1,98275.036,0.87465825446898,,0.0
2024-07-12,8.318,8.448,8.528,8.278,105513.43,101651.488,0.8763485477178423,,0.0
2024-07-15,8.448,8.518,8.628,8.258,117789.5,114014.586,0.8772399588053553,,0.0
2024-07-16,8.458,8.347999999999999,8.528,8.258,73430.32,70272.502,0.8750524109014675,,0.0
2024-07-17,8.308,8.468,8.558,8.288,90138.93,86743.899,0.8766045548654244,,0.0
2024-07-18,8.378,8.648,8.698,8.338,112567.24,109413.362,0.8788617886178861,,0.0
2024-07-19,8.608,8.258,8.608,8.218,136597.47,129607.162,0.8738624338624338,,0.0
2024-07-22,8.258,8.118,8.288,8.068,85710.0,79986.484,0.8719656283566057,,0.0
2024-07-23,8.138,7.888,8.148,7.878,75113.0,68916.392,0.8687224669603524,,0.0
2024-07-24,7.847999999999999,7.728,7.907999999999999,7.718,77389.0,69504.882,0.8663677130044842,,0.0
2024-07-25,7.718,7.808,7.917999999999999,7.667999999999999,52036.75,46958.732,0.8675555555555555,,0.0
2024-07-26,7.808,7.917999999999999,7.987999999999999,7.808,73377.15,66650.631,0.8691547749725576,,0.0
2024-07-29,7.968,7.808,7.968,7.747999999999999,74406.88,66921.499,0.8675555555555555,,0.0
2024-07-30,7.778,7.878,7.898,7.648,60950.5,54696.813,0.8685777287761852,,0.0
2024-07-31,7.868,8.328,8.328,7.837999999999999,132009.01,123707.377,0.8747899159663866,,0.0
2024-08-01,8.328,8.158,8.458,8.138,83214.5,79012.541,0.8725133689839571,,0.0
2024-08-02,8.268,8.097999999999999,8.268,8.038,54490.5,50805.467,0.8716899892357374,,0.0
2024-08-05,8.028,8.118,8.338,7.987999999999999,86106.5,80732.098,0.8719656283566057,,0.0
2024-08-06,8.097999999999999,8.248,8.248,8.068,61703.0,57696.589,0.873728813559322,,0.0
2024-08-07,8.208,8.158,8.298,8.088,64944.43,60790.545,0.8725133689839571,,0.0
2024-08-08,8.138,8.528,8.688,8.128,163185.79,157400.922,0.8773662551440329,,0.0
2024-08-09,8.478,8.608,8.798,8.478,115671.34,114257.387,0.8783673469387755,,0.0
2024-08-12,8.528,8.508,8.608,8.448,51706.38,50218.543,0.8771134020618556,,0.0
2024-08-13,8.488,8.488,8.558,8.408,49634.91,47965.346,0.8768595041322313,,0.0
2024-08-14,8.488,8.427999999999999,8.558,8.418,42425.37,41006.113,0.8760914760914761,,0.0
2024-08-15,8.408,8.427999999999999,8.528,8.368,48446.34,46682.523,0.8760914760914761,,0.0
2024-08-16,8.398,8.097999999999999,8.427999999999999,8.068,102713.14,95942.487,0.8716899892357374,,0.0
2024-08-19,8.097999999999999,8.308,8.358,8.058,66138.17,62558.903,0.8745263157894737,,0.0
2024-08-20,8.308,8.218,8.427999999999999,8.168,45248.0,42740.521,0.8733262486716259,,0.0
2024-08-21,8.208,8.158,8.248,8.068,50205.95,46840.825,0.8725133689839571,,0.0
2024-08-22,8.148,8.058,8.218,8.008,32515.89,30128.435,0.8711351351351351,,0.0
2024-08-23,8.078,8.038,8.168,7.938000000000001,41909.89,38684.376,0.8708559046587215,,0.0
2024-08-26,8.048,7.978,8.148,7.878,72326.48,66367.206,0.8700109051254089,,0.0
2024-08-27,7.958,8.008,8.028,7.898,49039.99,44939.603,0.8704347826086957,,0.0
2024-08-28,8.008,8.177999999999999,8.208,7.747999999999999,92272.05,85127.55,0.8727854855923158,,0.0
2024-08-29,8.177999999999999,8.448,8.518,8.138,102107.51,97685.247,0.8763485477178423,,0.0
2024-08-30,8.448,8.638,8.847999999999999,8.308,131708.45,129046.027,0.8787385554425229,,0.0
2024-09-02,8.558,8.588,8.688,8.508,90462.5,88520.808,0.878118609406953,,0.0
2024-09-03,8.578,8.738,8.778,8.538,73383.69,72613.525,0.8799597180261832,,0.0
2024-09-04,8.708,8.588,8.818,8.568,40888.82,40271.847,0.878118609406953,,0.0
2024-09-05,8.618,8.658,8.688,8.578,44858.0,44136.328,0.878984771573604,,0.0
2024-09-06,8.568,8.448,8.658,8.427999999999999,46435.0,45181.955,0.8763485477178423,,0.0
2024-09-09,8.458,8.208,8.458,8.138,63836.3,60231.447,0.8731914893617021,,0.0
2024-09-10,8.228,8.148,8.278,7.968,54909.0,50928.69,0.8723768736616702,,0.0
2024-09-11,8.138,8.068,8.168,8.008,34080.8,31585.945,0.8712742980561555,,0.0
2024-09-12,8.028,8.078,8.278,8.028,41240.0,38427.067,0.871413160733549,,0.0
2024-09-13,8.108,7.997999999999999,8.248,7.978,51871.0,48191.632,0.8702937976060936,,0.0
2024-09-18,7.997999999999999,8.168,8.238,7.917999999999999,60327.92,55934.226,0.8726495726495727,,0.0
2024-09-19,8.208,8.578,8.658,8.177999999999999,90804.5,87923.259,0.8779938587512794,,0.0
2024-09-20,8.597999999999999,8.658,8.688,8.388,61435.0,59975.516,0.878984771573604,,0.0
2024-09-23,8.658,8.677999999999999,8.847999999999999,8.597999999999999,50454.8,49916.75,0.8792299898682877,,0.0
2024-09-24,8.758,9.088,9.108,8.688,125588.94,126730.799,0.8840466926070039,,0.0
2024-09-25,9.318,9.198,9.518,9.178,102547.92,105123.875,0.9097922848664688,,0.0
2024-09-26,9.207999999999998,10.038,10.058,9.138000000000002,179445.59,189293.789,0.9167123287671234,,0.0
2024-09-27,10.188,10.398,10.568,10.138000000000002,210223.69,236650.121,0.9193633952254642,,0.0
2024-09-30,10.898,11.138000000000002,11.338,10.818,306245.66,367441.629,0.9243153526970956,,0.0
2024-10-08,12.338,11.078,12.348,10.778,347946.03,428664.72,0.9239366138448708,,0.0
2024-10-09,10.858,10.188,10.868,10.118,225247.44,256406.645,0.9178378378378378,,0.0
2024-10-10,10.288,10.068,10.568,10.038,186961.0,208284.299,0.9169398907103826,,0.0
2024-10-11,10.068,9.978000000000002,10.218,9.838,124525.6,135667.435,0.9162534435261708,,0.0
2024-10-14,10.088,10.808,10.918,10.018,260732.61,297846.641,0.9221843003412968,,0.0
2024-10-15,10.788,10.538,10.988,10.448,158002.28,183657.284,0.920349344978166,,0.0
2024-10-16,10.508,10.978000000000002,11.388000000000002,10.508,301379.25,361346.343,0.9232968881412952,,0.0
2024-10-17,10.957999999999998,10.468,11.038,10.438,216917.0,251396.232,0.9198594024604568,,0.0
2024-10-18,10.538,10.588,10.738,10.368,153460.96,176378.049,0.9206956521739132,,0.0
2024-10-21,10.578,10.758,11.088,10.408,171054.1,199430.785,0.9218508997429306,,0.0
2024-10-22,10.748,11.108,11.378,10.718,230513.47,278341.084,0.924126455906822,,0.0
2024-10-23,11.168,11.358,11.558,11.068,170269.07,208409.957,0.925672371638142,,0.0
2024-10-24,11.338,10.908,11.338,10.848,149083.0,177595.572,0.9228426395939088,,0.0
2024-10-25,11.198,11.738,11.928,11.188,340162.64,426940.202,0.9279051383399208,,0.0
2024-10-28,11.788,11.838,11.978000000000002,11.538,234117.65,297610.859,0.9284705882352942,,0.0
2024-10-29,11.838,11.298000000000002,11.938,11.238,183929.51,227855.414,0.9253071253071254,,0.0
2024-10-30,11.207999999999998,11.598,11.818,11.188,173075.5,215818.755,0.9270983213429256,,0.0
2024-10-31,11.588,11.558,11.888000000000002,11.268,147990.99,185349.144,0.9268644747393744,,0.0
2024-11-01,11.488,11.308,11.678,11.288,125485.0,154907.703,0.925368248772504,,0.0
2024-11-04,11.388000000000002,11.588,11.658,11.207999999999998,140762.76,174356.352,0.92704,,0.0
2024-11-05,11.588,11.508,11.588,11.038,176846.96,217034.745,0.9265700483091788,,0.0
2024-11-06,11.468,11.618,11.788,11.207999999999998,183029.53,226434.361,0.927214684756584,,0.0
2024-11-07,11.548000000000002,12.018,12.338,11.508,266144.88,343222.204,0.9294663573085848,,0.0
2024-11-08,12.038,11.448,12.088,11.388000000000002,224666.69,280963.425,0.9262135922330098,,0.0
2024-11-11,11.368,11.068,11.368,10.988,211691.16,254261.444,0.9238731218697832,,0.0
2024-11-12,11.088,11.338,11.588,11.078,207462.68,254606.38,0.9255510204081634,,0.0
2024-11-13,11.278,11.308,11.368,11.068,87476.0,106231.059,0.925368248772504,,0.0
2024-11-14,11.338,11.158,11.398,11.128,78408.0,95278.674,0.9244407622203812,,0.0
2024-11-15,11.108,10.957999999999998,11.258,10.798000000000002,147104.19,174829.484,0.923167649536647,,0.0
2024-11-18,10.988,10.688,11.138000000000002,10.598,107175.59,126113.894,0.9213793103448276,,0.0
2024-11-19,10.648,10.788,10.808,10.568,74878.65,87018.48,0.9220512820512822,,0.0
2024-11-20,10.738,10.748,10.828,10.658,83800.38,97654.982,0.9217838765008576,,0.0
2024-11-21,10.748,10.678,10.808,10.558,77130.39,89318.047,0.9213114754098362,,0.0
2024-11-22,10.658,10.168,10.678,10.148,152242.18,171820.184,0.9176895306859204,,0.0
2024-11-25,10.198,10.328,10.418,9.998,109789.5,122158.104,0.9188612099644128,,0.0
2024-11-26,10.328,10.358,10.548000000000002,10.268,65933.25,74805.408,0.9190771960958296,,0.0
2024-11-27,10.368,10.758,10.788,10.188,124760.19,143004.39,0.9218508997429306,,0.0
2024-11-28,10.778,10.707999999999998,11.028,10.668,120426.0,141924.525,0.9215146299483647,,0.0
2024-11-29,10.707999999999998,11.138000000000002,11.338,10.688,172049.01,206656.838,0.9243153526970956,,0.0
2024-12-02,11.138000000000002,11.318,11.538,10.788,258318.15,313233.702,0.9254292722812756,,0.0
2024-12-03,11.108,11.028,11.308,10.968,189521.0,227631.882,0.9236180904522612,,0.0
2024-12-04,10.968,10.788,11.008,10.758,96084.34,113295.406,0.9220512820512822,,0.0
2024-12-05,10.738,10.768,10.818,10.538,81519.32,94563.286,0.921917808219178,,0.0
2024-12-06,10.758,10.868,10.978000000000002,10.638000000000002,125321.94,147222.761,0.9225806451612902,,0.0
2024-12-09,10.878,10.808,10.898,10.698,84424.0,98773.936,0.9221843003412968,,0.0
2024-12-10,11.338,10.998,11.358,10.968,173249.8,209949.348,0.9234256926952142,,0.0
2024-12-11,10.918,11.038,11.268,10.918,100240.0,120496.158,0.9236820083682008,,0.0
2024-12-12,11.058,11.698,11.778,10.948,241407.01,298288.556,0.9276764472640762,,0.0
2024-12-13,11.628,11.328,11.658,11.207999999999998,169300.7,208529.274,0.9254901960784312,,0.0
2024-12-16,11.298000000000002,11.138000000000002,11.358,11.068,107823.49,130325.177,0.9243153526970956,,0.0
2024-12-17,11.098,11.058,11.268,11.018,78900.99,94972.823,0.9238095238095236,,0.0
2024-12-18,11.088,11.008,11.168,10.968,68004.0,81387.871,0.923489932885906,,0.0
2024-12-19,10.918,10.948,10.968,10.718,97018.0,114219.925,0.9231028667790896,,0.0
2024-12-20,10.948,11.018,11.108,10.898,71703.0,85413.692,0.9235540653813916,,0.0
2024-12-23,10.978000000000002,11.018,11.207999999999998,10.898,79790.84,95725.853,0.9235540653813916,,0.0
2024-12-24,11.008,11.308,11.478000000000002,11.008,126338.15,154586.846,0.925368248772504,,0.0
2024-12-25,11.258,10.998,11.308,10.878,84495.0,101081.885,0.9234256926952142,,0.0
2024-12-26,10.928,10.898,11.058,10.798000000000002,60657.02,71800.173,0.9227773073666384,,0.0
2024-12-27,10.898,11.148,11.238,10.788,79131.81,94694.726,0.9243781094527362,,0.0
2024-12-30,11.098,11.028,11.238,10.988,69461.43,83392.483,0.9236180904522612,,0.0
2024-12-31,11.028,10.968,11.448,10.957999999999998,125768.43,151650.114,0.9232323232323232,,0.0
2025-01-02,10.918,10.798000000000002,11.258,10.688,123201.13,146722.169,0.9221178479931684,,0.0
2025-01-03,10.838,10.478000000000002,10.968,10.438,90645.35,105017.846,0.9199297629499562,,0.0
2025-01-06,10.457999999999998,10.707999999999998,10.957999999999998,10.308,114785.92,133648.712,0.9215146299483647,,0.0
2025-01-07,10.698,10.648,10.928,10.538,71847.94,83371.59,0.921107266435986,,0.0
2025-01-08,10.628,10.538,10.658,10.298000000000002,86445.82,98377.402,0.920349344978166,,0.0
2025-01-09,10.438,10.238,10.468,10.088,111466.0,124039.117,0.9182062780269058,,0.0
2025-01-10,10.268,10.008,10.308,9.998,76162.24,83911.885,0.9164835164835164,,0.0
2025-01-13,9.928,9.908,10.098,9.798000000000002,53807.0,58473.787,0.9157116451016636,,0.0
2025-01-14,9.908,10.058,10.148,9.808,123271.63,134620.327,0.9168641750227894,,0.0
2025-01-15,10.038,9.928,10.118,9.868,90355.95,98252.554,0.9158671586715867,,0.0
2025-01-16,9.978000000000002,10.158,10.268,9.948,106504.13,117753.772,0.9176151761517616,,0.0
2025-01-17,10.168,10.278,10.448,9.998,101606.12,113273.669,0.9184986595174262,,0.0
2025-01-20,10.318,10.138000000000002,10.398,10.108,74445.0,83171.504,0.9174660633484164,,0.0
2025-01-21,10.218,10.088,10.288,10.038,80834.39,89251.305,0.9170909090909092,,0.0
2025-01-22,10.028,9.818,10.088,9.778,95122.67,102748.25,0.915004659832246,,0.0
2025-01-23,9.918,9.848,10.058,9.848,77153.5,83567.743,0.9152416356877324,,0.0
2025-01-24,9.848,9.878,9.938,9.738,87719.41,94286.843,0.9154772937905468,,0.0
2025-01-27,9.908,10.068,10.228000000000002,9.898,91678.81,101213.933,0.9169398907103826,,0.0
2025-02-05,10.068,9.578,10.138000000000002,9.518,166586.32,176744.203,0.9130600571973309,,0.0
2025-02-06,9.578,9.528,9.618,9.368,116209.14,120589.089,0.9126436781609196,,0.0
2025-02-07,9.518,9.678,9.788,9.398,143922.9,152249.676,0.9138810198300285,,0.0
2025-02-10,9.707999999999998,9.707999999999998,9.758,9.598,112801.46,119652.667,0.9141242937853108,,0.0
2025-02-11,9.748,9.688,9.748,9.498,95930.02,100907.105,0.9139622641509432,,0.0
2025-02-12,9.648,9.788,9.788,9.598,83414.53,88308.437,0.914766355140187,,0.0
2025-02-13,9.808,10.138000000000002,10.298000000000002,9.758,239520.84,264691.431,0.9174660633484164,,0.0
2025-02-14,10.108,10.028,10.148,9.888000000000002,130936.47,142612.967,0.9166361974405848,,0.0
2025-02-17,10.028,10.098,10.178,9.858,117828.65,128831.834,0.9171662125340598,,0.0
2025-02-18,10.068,9.758,10.068,9.718,111027.37,119460.439,0.9145267104029988,,0.0
2025-02-19,9.748,9.728000000000002,9.778,9.658,78194.15,83014.33,0.9142857142857144,,0.0
2025-02-20,9.728000000000002,9.638000000000002,9.798000000000002,9.588,96233.78,101474.566,0.9135545023696684,,0.0
2025-02-21,9.638000000000002,9.688,9.758,9.498,94011.53,99174.447,0.9139622641509432,,0.0
2025-02-24,9.688,9.648,9.798000000000002,9.588,92583.0,97861.554,0.9136363636363636,,0.0
2025-02-25,9.588,9.528,9.618,9.508,80872.53,84596.524,0.9126436781609196,,0.0
2025-02-26,9.488,9.818,10.138000000000002,9.488,263124.99,283516.048,0.915004659832246,,0.0
2025-02-27,9.818,10.308,10.438,9.738,338325.04,375824.553,0.9187165775401068,,0.0
2025-02-28,10.368,10.118,10.457999999999998,10.078,149652.0,166748.458,0.9173164097914775,,0.0
2025-03-03,10.118,9.898,10.328,9.798000000000002,215705.5,234986.505,0.9156336725254394,,0.0
2025-03-04,9.868,9.698,9.888000000000002,9.598,149741.11,158780.224,0.914043355325165,,0.0
2025-03-05,9.738,9.728000000000002,9.738,9.498,137114.51,144315.861,0.9142857142857144,,0.0
2025-03-06,9.738,9.918,9.938,9.588,143078.44,153267.087,0.9157894736842104,,0.0
2025-03-07,9.908,9.798000000000002,9.908,9.688,126358.01,134654.068,0.9148459383753502,,0.0
2025-03-10,9.838,10.168,10.378,9.818,264431.54,293099.621,0.9176895306859204,,0.0
2025-03-11,10.108,10.218,10.288,9.948,122260.87,134829.826,0.9180592991913746,,0.0
2025-03-12,10.268,10.098,10.288,10.068,117204.0,129676.112,0.9171662125340598,,0.0
2025-03-13,10.078,9.858,10.108,9.748,113464.0,122392.002,0.9153203342618386,,0.0
2025-03-14,9.848,10.018,10.048000000000002,9.838,125071.5,136006.303,0.9165599268069534,,0.0
2025-03-17,10.048000000000002,10.268,10.368,10.048000000000002,175728.0,196632.133,0.9184257602862256,,0.0
2025-03-18,10.288,10.138000000000002,10.288,10.078,77603.98,85861.468,0.9174660633484164,,0.0
2025-03-19,10.148,10.258,10.438,10.108,96269.52,107653.42,0.9183527305282004,,0.0
2025-03-20,10.278,10.118,10.438,10.098,81248.67,90182.16,0.9173164097914775,,0.0
2025-03-21,10.048000000000002,10.078,10.218,10.028,57847.93,63660.306,0.9170154686078252,,0.0
2025-03-24,10.078,10.118,10.178,9.948,86069.5,94396.131,0.9173164097914775,,0.0
2025-03-25,10.038,10.068,10.108,9.908,69448.5,75797.737,0.9169398907103826,,0.0
2025-03-26,10.018,9.998,10.068,9.938,55374.5,60374.235,0.9164069660861596,,0.0
2025-03-27,9.918,10.018,10.088,9.908,50994.98,55704.464,0.9165599268069534,,0.0
2025-03-28,10.028,10.018,10.098,9.918,55402.42,60563.013,0.9165599268069534,,0.0
2025-03-31,9.948,9.748,10.048000000000002,9.688,72725.0,78099.162,0.9144465290806756,,0.0
2025-04-01,9.748,9.718,9.898,9.688,75817.93,80973.386,0.9142050799623704,,0.0
2025-04-02,9.698,9.618,9.738,9.528,97082.91,102312.338,0.9133903133903132,,0.0
2025-04-03,9.508,9.578,9.758,9.498,74514.26,78503.652,0.9130600571973309,,0.0
2025-04-07,9.288,8.687999999999999,9.308,8.527999999999999,162462.6,158789.514,0.905,,0.0
2025-04-08,8.808,9.418,9.538,8.808,197387.0,200264.757,0.9117134559535334,,0.0
2025-04-09,9.328,9.738,9.888000000000002,9.038,160369.17,167764.637,0.9143661971830984,,0.0
2025-04-10,9.638000000000002,9.707999999999998,9.848,9.618,101995.71,108676.552,0.9141242937853108,,0.0
2025-04-11,9.618,9.578,9.698,9.548000000000002,51587.17,54250.323,0.9130600571973309,,0.0
2025-04-14,9.658,9.588,9.688,9.538,54653.84,57397.871,0.9131428571428571,,0.0
2025-04-15,9.608,9.638000000000002,9.638000000000002,9.438,44369.0,46456.646,0.9135545023696684,,0.0
2025-04-16,9.608,9.788,9.808,9.558,86341.25,91655.393,0.914766355140187,,0.0
2025-04-17,9.798000000000002,10.098,10.418,9.698,261273.63,290238.308,0.9171662125340598,,0.0
2025-04-18,10.098,10.058,10.118,9.918,79612.2,86927.191,0.9168641750227894,,0.0
2025-04-21,10.218,10.048000000000002,10.228000000000002,9.868,85510.62,93085.095,0.9167883211678832,,0.0
2025-04-22,9.968,10.268,10.308,9.918,115801.3,128722.822,0.9184257602862256,,0.0
2025-04-23,10.268,10.158,10.288,10.148,58094.56,64552.963,0.9176151761517616,,0.0
2025-04-24,10.168,10.138000000000002,10.268,10.038,66181.99,73157.771,0.9174660633484164,,0.0
2025-04-25,10.238,10.158,10.438,10.118,147912.03,165832.094,0.9176151761517616,,0.0
2025-04-28,10.148,9.618,10.168,9.578,143228.55,152945.299,0.9133903133903132,,0.0
2025-04-29,9.707999999999998,9.588,9.778,9.558,67174.03,70814.913,0.9131428571428571,,0.0
2025-04-30,9.578,9.408,9.668,9.398,95311.0,99230.295,0.9116279069767442,,0.0
2025-05-06,9.468,9.498,9.508,9.338,102027.61,105519.152,0.912391930835735,,0.0
2025-05-07,9.658,9.558,9.918,9.488,115683.0,122196.8,0.9128939828080228,,0.0
2025-05-08,9.498,9.578,9.598,9.418,59639.22,62420.167,0.9130600571973309,,0.0
2025-05-09,9.548000000000002,9.668,9.738,9.518,88252.76,93338.655,0.9137996219281664,,0.0
2025-05-12,9.688,9.478000000000002,9.707999999999998,9.398,188806.5,196032.818,0.912223291626564,,0.0
2025-05-13,9.528,9.388000000000002,9.538,9.308,162868.03,168038.176,0.9114563106796116,,0.0
2025-05-14,9.378,9.398,9.438,9.268,90526.01,93027.647,0.9115421920465566,,0.0
2025-05-15,9.398,9.378,9.448,9.318,54045.5,55601.508,0.9113702623906706,,0.0
2025-05-16,9.378,9.318,9.388000000000002,9.268,62206.81,63699.628,0.910850439882698,,0.0
2025-05-19,9.318,9.378,9.388000000000002,9.278,70956.16,72735.968,0.9113702623906706,,0.0
2025-05-20,9.378,9.418,9.558,9.318,137482.71,142130.767,0.9117134559535334,,0.0
2025-05-21,9.438,9.457999999999998,9.508,9.408,74006.0,76769.926,0.9120540019286404,,0.0
2025-05-22,9.457999999999998,9.508,9.538,9.318,96111.11,99825.546,0.9124760076775432,,0.0
2025-05-23,9.498,9.488,9.658,9.388000000000002,126398.07,131902.474,0.9123076923076924,,0.0
2025-05-26,9.498,9.388000000000002,9.528,9.338,93205.0,96514.643,0.9114563106796116,,0.0
2025-05-27,9.388000000000002,9.388000000000002,9.418,9.318,67670.06,69480.008,0.9114563106796116,,0.0
2025-05-28,9.378,9.378,9.428,9.338,48360.0,49753.936,0.9113702623906706,,0.0
2025-05-29,9.418,9.428,9.458,9.338,83922.06,84020.414,0.9409181636726548,,0.0
2025-05-30,9.438,9.518,9.568,9.388,75658.71,76324.482,0.9414441147378833,,0.0
2025-06-03,9.518,9.408,9.518,9.388,62958.29,63066.4,0.9408,,0.0
2025-06-04,9.468,9.508,9.508,9.368,71775.67,71963.391,0.9413861386138612,,0.0
2025-06-05,9.508,9.488,9.508,9.398,62750.34,62967.53,0.9412698412698411,,0.0
2025-06-06,9.498,9.408,9.508,9.388,56883.23,56945.583,0.9408,,0.0
2025-06-09,9.408,9.398,9.438,9.368,81357.97,81279.578,0.9407407407407408,,0.0
2025-06-10,9.428,9.438,9.518,9.388,75932.12,76143.603,0.9409770687936192,,0.0
2025-06-11,9.418,9.458,9.598,9.408,113506.5,114470.764,0.941094527363184,,0.0
2025-06-12,9.458,9.498,9.588,9.408,67596.61,68330.309,0.9413280475718532,,0.0
2025-06-13,9.488,9.558,9.608,9.418,112266.67,113580.02,0.9416748768472906,,0.0
2025-06-16,9.558,9.548,9.588,9.468,59937.49,60716.948,0.9416173570019724,,0.0
2025-06-17,9.558,9.448,9.568,9.418,70793.69,71195.612,0.9410358565737053,,0.0
2025-06-18,9.458,9.428,9.468,9.378,45571.0,45593.87,0.9409181636726548,,0.0
2025-06-19,9.458,9.238,9.458,9.168,93710.99,92700.325,0.9397761953204476,,0.0
2025-06-20,9.208,9.158,9.288,9.158,46453.0,45489.649,0.9392820512820512,,0.0
2025-06-23,9.078,9.028,9.118,8.868,92278.5,88192.22,0.9384615384615383,,0.0
2025-06-24,9.058,9.328,9.358,9.028,94157.11,92554.951,0.9403225806451612,,0.0
2025-06-25,9.358,9.298,9.358,9.158,92992.0,91422.325,0.9401415571284124,,0.0
2025-06-26,9.288,9.318,9.358,9.228,69784.79,68868.926,0.9402623612512612,,0.0
2025-06-27,9.298,9.248,9.338,9.228,59702.5,58914.882,0.9398373983739836,,0.0
2025-06-30,9.238,9.208,9.268,9.128,105253.46,102775.655,0.9395918367346938,,0.0
2025-07-01,9.178,9.168,9.198,9.128,50045.09,48807.735,0.939344262295082,,0.0
2025-07-02,9.178,9.258,9.258,9.138,78248.23,76586.558,0.9398984771573604,,0.0
2025-07-03,9.258,9.248,9.328,9.198,84776.05,83413.762,0.9398373983739836,,0.0
2025-07-04,9.238,9.138,9.268,9.138,78064.22,76321.236,0.9391572456320656,,0.0
2025-07-07,9.138,9.178,9.228,9.108,71712.0,70036.641,0.9394063459570112,,0.0
2025-07-08,9.158,9.248,9.278,9.158,75818.89,74466.816,0.9398373983739836,,0.0
2025-07-09,9.268,9.348,9.438,9.238,142326.93,141411.118,0.9404426559356136,,0.0
2025-07-10,9.308,9.518,9.528,9.298,117791.48,118048.164,0.9414441147378833,,0.0
2025-07-11,9.518,9.478,9.648,9.448,116556.0,117996.048,0.9412115193644488,,0.0
2025-07-14,9.508,9.488,9.548,9.398,78847.43,79395.471,0.9412698412698411,,0.0
2025-07-15,9.478,9.348,9.488,9.298,79143.94,78831.535,0.9404426559356136,,0.0
2025-07-16,9.358,9.348,9.388,9.278,60515.0,60032.282,0.9404426559356136,,0.0
2025-07-17,9.358,9.368,9.378,9.278,78248.38,77578.221,0.9405622489959838,,0.0
2025-07-18,9.378,9.358,9.398,9.288,84382.5,83742.814,0.940502512562814,,0.0
2025-07-21,9.378,9.488,9.528,9.328,115398.81,115974.037,0.9412698412698411,,0.0
2025-07-22,9.518,9.548,9.548,9.428,99525.46,100546.217,0.9416173570019724,,0.0
2025-07-23,9.628,9.648,9.818,9.598,183013.44,187962.474,0.9421875,,0.0
2025-07-24,9.568,9.668,9.688,9.558,97472.7,99805.82,0.942300194931774,,0.0
2025-07-25,9.698,9.778,9.838,9.638,133212.5,137770.766,0.9429122468659594,,0.0
2025-07-28,9.788,9.588,9.818,9.568,88845.0,90951.965,0.9418467583497052,,0.0
2025-07-29,9.618,9.508,9.688,9.408,125120.82,126095.209,0.9413861386138612,,0.0
2025-07-30,9.598,9.548,9.778,9.508,163223.27,166549.496,0.9416173570019724,,0.0
2025-07-31,9.468,9.398,9.528,9.348,165593.88,165390.435,0.9407407407407408,,0.0
2025-08-01,9.388,9.398,9.458,9.378,54060.8,54081.197,0.9407407407407408,,0.0
2025-08-04,9.438,9.448,9.588,9.328,84759.96,85056.727,0.9410358565737053,,0.0
2025-08-05,9.428,9.488,9.498,9.408,69781.48,70086.414,0.9412698412698411,,0.0
2025-08-06,9.468,9.488,9.508,9.438,57311.0,57693.129,0.9412698412698411,,0.0
2025-08-07,9.548,9.578,9.618,9.488,102518.87,104111.084,0.9417895771878072,,0.0
2025-08-08,9.578,9.508,9.588,9.498,41741.6,42240.083,0.9413861386138612,,0.0
2025-08-11,9.548,9.548,9.588,9.478,67383.82,68295.609,0.9416173570019724,,0.0
2025-08-12,9.568,9.688,9.708,9.518,133864.03,137190.502,0.9424124513618676,,0.0
2025-08-13,9.738,9.658,9.898,9.618,87270.15,89842.308,0.9422439024390244,,0.0
2025-08-14,9.658,9.498,9.688,9.468,87908.34,89206.658,0.9413280475718532,,0.0
2025-08-15,9.458,9.618,9.628,9.458,76936.59,78314.819,0.9420176297747306,,0.0
2025-08-18,9.658,9.628,9.768,9.578,127230.13,130516.972,0.942074363992172,,0.0
2025-08-19,9.908,9.808,10.178,9.788,279673.32,294413.491,0.943076923076923,,0.0
2025-08-20,9.748,9.938,9.958,9.698,153891.44,161149.103,0.9437796771130104,,0.0
2025-08-21,9.968,9.858,10.018,9.818,140117.52,147224.927,0.9433492822966508,,0.0
2025-08-22,9.888,9.888,9.898,9.768,125070.04,130466.493,0.9435114503816794,,0.0
2025-08-25,9.908,10.318,10.518,9.868,322354.98,348652.095,0.9457378551787352,,0.0
2025-08-26,10.318,10.208,10.318,10.118,188205.2,203197.1,0.9451851851851852,,0.0
2025-08-27,10.178,9.868,10.218,9.828,210253.64,222528.112,0.9434034416826004,,0.0
2025-08-28,9.868,10.038,10.038,9.828,160768.42,169548.946,0.9443085606773284,,0.0
2025-08-29,10.098,10.178,10.318,10.098,157095.8,169435.763,0.9450324976787372,,0.0
2025-09-01,10.288,10.258,10.308,10.148,136293.94,147514.928,0.9454377880184331,,0.0
2025-09-02,10.258,10.258,10.298,10.118,119328.81,128816.552,0.9454377880184331,,0.0
2025-09-03,10.288,10.148,10.298,10.058,87244.93,93884.182,0.94487895716946,,0.0
2025-09-04,10.168,10.088,10.198,9.978,125619.0,133865.415,0.944569288389513,,0.0
2025-09-05,10.108,10.268,10.298,9.898,118474.5,124161.071,0.9705103969754254,,0.0
2025-09-08,10.268,10.478,10.478,10.218,125715.68,134432.892,0.9710843373493976,,0.0
2025-09-09,10.468,10.618,10.638,10.368,130551.05,141415.661,0.9714547118023787,,0.0
2025-09-10,10.618,10.558,10.968,10.508,159755.5,175321.071,0.9712971481140756,,0.0
2025-09-11,10.518,10.558,10.768,10.488,121657.9,132718.815,0.9712971481140756,,0.0
2025-09-12,10.548,10.508,10.618,10.488,86145.97,93560.31,0.9711645101663586,,0.0
2025-09-15,10.508,10.618,10.678,10.458,95881.86,104508.609,0.9714547118023787,,0.0
2025-09-16,10.608,10.688,10.708,10.518,76211.11,83382.704,0.9716363636363636,,0.0
2025-09-17,10.638,10.688,10.868,10.638,89020.41,98514.542,0.9716363636363636,,0.0
2025-09-18,10.688,10.288,10.738,10.218,155788.46,166837.884,0.9705660377358492,,0.0
2025-09-19,10.308,10.438,10.458,10.218,76466.98,81519.605,0.9709767441860464,,0.0
2025-09-22,10.408,10.288,10.448,10.198,59899.8,63254.132,0.9705660377358492,,0.0
2025-09-23,10.218,10.298,10.318,10.128,68179.96,71804.826,0.970593779453346,,0.0
2025-09-24,10.258,10.338,10.408,10.218,52069.48,55370.468,0.9707042253521128,,0.0
2025-09-25,10.388,10.248,10.408,10.228,58487.63,62076.279,0.9704545454545456,,0.0
2025-09-26,10.228,10.198,10.288,10.138,62495.63,65816.71,0.9703139866793532,,0.0
2025-09-29,10.218,10.358,10.378,10.138,84138.55,89039.194,0.9707591377694472,,0.0
2025-09-30,10.328,10.428,10.468,10.278,69867.56,74802.845,0.9709497206703912,,0.0
2025-10-09,10.438,10.448,10.528,10.318,68673.03,73565.937,0.971003717472119,,0.0
2025-10-10,10.408,10.968,11.088,10.388,261313.87,292486.516,0.9723404255319148,,0.0
2025-10-13,10.698,11.118,11.308,10.648,194523.91,221321.405,0.9727034120734908,,0.0
2025-10-14,11.288,12.038,12.038,11.068,328943.15,391610.597,0.9747368421052632,,0.0
2025-10-15,11.838,11.868,12.088,11.608,196196.86,237675.272,0.974384236453202,,0.0
2025-10-16,11.808,11.888,12.138,11.728,179151.34,218725.346,0.9744262295081968,,0.0
2025-10-17,11.908,11.748,11.978,11.688,105633.7,128118.916,0.9741293532338308,,0.0
2025-10-20,11.738,12.388,12.388,11.588,243408.89,301999.099,0.9754330708661416,,0.0
2025-10-21,12.268,12.308,12.458,12.048,176467.25,222181.977,0.9752773375594296,,0.0
2025-10-22,12.318,12.658,12.748,12.228,184947.88,239041.076,0.9759444872783348,,0.0
2025-10-23,12.538,12.128,12.548,11.858,190432.53,236898.079,0.97491961414791,,0.0
2025-10-24,12.208,12.138,12.238,11.968,85439.83,106009.276,0.9749397590361446,,0.0
2025-10-27,12.088,12.028,12.208,11.938,106100.86,130783.189,0.974716369529984,,0.0
2025-10-28,11.998,11.968,12.158,11.888,68470.99,84384.804,0.9745928338762216,,0.0
2025-10-29,11.388,12.078,12.258,11.288,160426.08,197136.961,0.974818401937046,,0.0
2025-10-30,12.128,11.968,12.218,11.898,82658.98,101987.728,0.9745928338762216,,0.0
2025-10-31,11.958,12.308,12.428,11.908,158203.57,198429.112,0.9752773375594296,,0.0
2025-11-03,12.258,12.858,13.068,12.198,186962.9,244411.76,0.9763097949886104,,0.0
2025-11-04,12.858,12.648,12.958,12.578,100846.78,131810.377,0.975925925925926,,0.0
2025-11-05,12.548,12.868,12.938,12.498,115000.53,150945.734,0.9763277693474962,,0.0
2025-11-06,12.838,12.908,13.108,12.688,95754.7,126751.639,0.9763993948562784,,0.0
2025-11-07,12.888,12.998,13.218,12.788,74350.64,99323.581,0.9765589782118708,,0.0
2025-11-10,12.958,13.058,13.168,12.818,92279.98,122566.976,0.9766641735228124,,0.0
2025-11-11,13.038,12.928,13.188,12.888,69083.5,92251.35,0.9764350453172206,,0.0
2025-11-12,12.898,13.228,13.378,12.848,99239.41,133738.772,0.9769571639586412,,0.0
2025-11-13,13.138,13.618,13.658,13.048,105706.71,145620.917,0.9776022972002872,,0.0
2025-11-14,13.538,13.448,13.798,13.428,94570.5,131339.194,0.9773255813953488,,0.0
2025-11-17,13.448,13.488,13.598,13.238,69453.51,95528.638,0.9773913043478262,,0.0
2025-11-18,13.448,13.448,13.698,13.288,72325.5,99817.476,0.9773255813953488,,0.0
2025-11-19,13.338,13.118,13.498,12.938,115395.52,154857.05,0.9767684288905436,,0.0
2025-11-20,13.148,13.588,13.868,13.068,128084.33,177659.127,0.9775539568345324,,0.0
2025-11-21,13.468,13.338,13.978,13.288,130453.42,181351.832,0.9771428571428572,,0.0
2025-11-24,13.338,13.328,13.588,13.188,84186.06,114968.274,0.9771260997067448,,0.0
2025-11-25,13.288,13.488,13.638,13.068,90781.88,124157.677,0.9773913043478262,,0.0
2025-11-26,13.538,13.528,13.678,13.328,84393.5,116322.662,0.977456647398844,,0.0
2025-11-27,13.738,13.308,13.808,13.018,109888.5,149793.141,0.977092511013216,,0.0
2025-11-28,13.348,13.078,13.378,12.818,113660.38,151298.657,0.9766990291262136,,0.0
2025-12-01,13.338,13.178,13.648,13.098,192540.49,263353.589,0.9768717568569312,,0.0
2025-12-02,13.118,13.158,13.298,13.088,76625.88,103351.159,0.9768374164810693,,0.0
2025-12-03,13.108,13.018,13.188,12.998,79071.35,105857.3,0.9765941485371344,,0.0
2025-12-04,13.118,12.888,13.138,12.798,90674.5,120037.916,0.9763636363636364,,0.0
2025-12-05,12.888,13.108,13.178,12.818,62342.5,83200.355,0.9767511177347244,,0.0
2025-12-08,13.108,12.898,13.188,12.858,68589.79,91225.344,0.9763815291445876,,0.0
2025-12-09,12.908,12.768,13.078,12.738,101254.55,133583.381,0.9761467889908256,,0.0
2025-12-10,12.778,12.968,13.038,12.598,125483.99,164851.78,0.9765060240963856,,0.0
2025-12-11,13.058,13.158,13.308,12.858,140321.4,188749.882,0.9768374164810693,,0.0
2025-12-12,13.318,12.788,13.318,12.778,166557.0,221324.324,0.9761832061068704,,0.0
2025-12-15,12.758,13.278,13.408,12.718,157236.95,212743.403,0.9770419426048566,,0.0
2025-12-16,13.218,13.328,13.468,13.188,114982.0,157239.946,0.9771260997067448,,0.0
2025-12-17,13.328,13.998,14.108,13.168,157219.26,220572.158,0.978197064989518,,0.0
2025-12-18,13.768,13.958,14.038,13.698,86301.89,122782.792,0.978135949544499,,0.0
2025-12-19,13.918,14.168,14.208,13.568,102394.19,146926.847,0.9784530386740332,,0.0
2025-12-22,13.998,13.798,14.168,13.688,99777.14,141012.88,0.9778880226789513,,0.0
2025-12-23,13.828,13.688,13.898,13.658,46612.76,65573.105,0.9777142857142858,,0.0
2025-12-24,13.688,13.768,13.998,13.628,63319.27,89568.868,0.9778409090909091,,0.0
2025-12-25,13.788,14.098,14.178,13.688,61176.65,87627.356,0.978348369188064,,0.0
2025-12-26,14.018,14.188,14.338,13.968,82668.0,119319.779,0.9784827586206896,,0.0
2025-12-29,14.118,13.968,14.438,13.968,81938.0,118757.495,0.9781512605042018,,0.0
2025-12-30,13.968,13.878,14.068,13.838,60586.23,86252.586,0.9780126849894292,,0.0
2025-12-31,13.908,14.098,14.228,13.848,50599.15,72763.922,0.978348369188064,,0.0
2026-01-05,14.078,14.118,14.268,13.958,79190.5,114244.81,0.9783783783783784,,0.0
2026-01-06,14.068,13.838,14.188,13.688,94694.19,134903.574,0.9779505300353356,,0.0
2026-01-07,13.868,12.968,13.868,12.888,203844.64,275086.439,0.9765060240963856,,0.0
2026-01-08,12.888,13.348,13.518,12.878,155388.12,211089.463,0.977159590043924,,0.0
2026-01-09,13.368,13.278,13.858,13.158,99564.38,135857.741,0.9770419426048566,,0.0
2026-01-12,13.048,13.188,13.328,12.968,92861.5,124729.276,0.9768888888888888,,0.0
2026-01-13,13.188,12.938,13.188,12.908,82224.51,109675.903,0.9764528301886792,,0.0
2026-01-14,12.938,12.908,13.048,12.848,101657.99,134699.924,0.9763993948562784,,0.0
2026-01-15,12.908,13.018,13.068,12.788,75106.0,99812.622,0.9765941485371344,,0.0
2026-01-16,13.008,12.798,13.038,12.778,61267.98,80711.173,0.9762013729977116,,0.0
2026-01-19,12.778,13.178,13.408,12.728,110252.05,148757.668,0.9768717568569312,,0.0
2026-01-20,13.188,13.768,13.888,13.098,112145.5,156439.374,0.9778409090909091,,0.0
2026-01-21,13.768,13.668,13.988,13.588,94476.82,132460.334,0.9776824034334765,,0.0
2026-01-22,13.748,14.468,14.688,13.588,156474.94,228385.796,0.9788903924221922,,0.0
2026-01-23,14.438,14.508,14.738,14.338,123629.0,183527.739,0.9789473684210528,,0.0
2026-01-26,14.458,14.548,14.898,14.218,135492.9,200789.693,0.9790040376850606,,0.0
2026-01-27,14.538,15.038,15.138,14.488,119977.11,183268.692,0.9796742671009772,,0.0
2026-01-28,14.868,15.358,15.518,14.638,138031.14,213650.463,0.980089342693044,,0.0
2026-01-29,15.318,16.368,16.488,15.198,172609.3,281904.65,0.9812949640287768,,0.0
2026-01-30,16.278,15.848,16.337999999999997,15.568,129030.0,208659.32,0.9806930693069308,,0.0
2026-02-02,15.758,15.538,15.768,15.218,150684.94,238504.962,0.9803154574132492,,0.0
2026-02-03,15.578,16.078,16.238,15.378,126658.0,204583.87,0.9809640024405124,,0.0
2026-02-04,16.288,17.008,17.157999999999998,16.098,183820.1,311980.985,0.9819861431870668,,0.0
2026-02-05,16.927999999999997,17.208,17.868,16.927999999999997,156124.77,274643.961,0.9821917808219176,,0.0
2026-02-06,17.208,16.688,17.387999999999998,16.637999999999998,117569.32,202687.803,0.9816470588235292,,0.0
2026-02-09,16.758,17.137999999999998,17.317999999999998,16.608,127906.0,221436.938,0.9821203438395416,,0.0
2026-02-10,17.098,17.137999999999998,17.208,16.788,63427.48,109852.4,0.9821203438395416,,0.0
2026-02-11,17.218,17.087999999999997,17.458,16.938,79284.81,138179.523,0.9820689655172412,,0.0
2026-02-12,17.078,17.058,17.538,17.008,84630.0,148687.106,0.9820379965457684,,0.0
2026-02-13,16.997999999999998,15.998,17.087999999999997,15.938,151036.6,251079.634,0.9808706315144085,,0.0
2026-02-24,16.188,15.888,16.288,15.848,80378.5,131344.412,0.9807407407407408,,0.0
2026-02-25,15.968000000000002,16.468,16.977999999999998,15.968000000000002,140750.5,236994.713,0.9814064362336112,,0.0
2026-02-26,16.427999999999997,16.278,16.648,16.087999999999997,101652.5,168934.864,0.9811934900542496,,0.0
2026-02-27,16.288,16.548,16.708,16.258,96143.27,162321.454,0.981494661921708,,0.0
2026-03-02,16.337999999999997,16.738,16.887999999999998,16.038,121555.85,204866.496,0.9817008797653958,,0.0
2026-03-03,16.637999999999998,16.598,17.118,16.558,98781.5,168743.791,0.9815493790656415,,0.0
2026-03-04,16.538,16.098,16.837999999999997,16.048,92640.5,154159.34,0.9809872029250456,,0.0
2026-03-05,16.177999999999997,15.678,16.337999999999997,15.568,159008.5,255540.069,0.9804878048780488,,0.0
2026-03-06,15.638,15.638,15.788000000000002,15.388,99044.5,157500.006,0.9804388714733544,,0.0
2026-03-09,15.538,15.448,15.668,15.228,92774.0,146386.943,0.9802030456852792,,0.0
2026-03-10,15.538,15.668,15.768,15.398,72782.0,115757.415,0.9804755944931164,,0.0
2026-03-11,15.658,15.768,15.978,15.588,88865.28,143439.821,0.9805970149253732,,0.0
2026-03-12,15.708,15.888,16.288,15.528,86585.73,140499.7,0.9807407407407408,,0.0
2026-03-13,15.918,15.498,16.008,15.038,137535.33,217885.264,0.9802656546489564,,0.0
2026-03-16,15.548,15.978,16.028,15.338,134055.78,214738.012,0.9808471454880296,,0.0
2026-03-17,15.918,16.157999999999998,16.598,15.708,120956.03,199793.851,0.981056466302368,,0.0
2026-03-18,16.098,15.508,16.337999999999997,15.468,79841.0,127299.118,0.9802781289506952,,0.0
2026-03-19,15.368,14.838,15.508,14.738,55580.03,85281.747,0.9794059405940596,,0.0
2026-03-20,14.908,14.478,15.088,14.308,132630.99,197050.597,0.9789046653144016,,0.0
2026-03-23,14.318,13.588,14.328,13.538,89323.51,126746.986,0.9775539568345324,,0.0
2026-03-24,13.938,14.388,14.528,13.908,154580.01,225058.651,0.9787755102040816,,0.0
2026-03-25,14.328,14.798,15.008,14.168,123105.0,184957.881,0.9793514228987426,,0.0
2026-03-26,14.808,14.578,14.918,14.408,82880.6,124037.453,0.9790463398253862,,0.0
2026-03-27,14.498,14.328,14.728,14.298,63786.0,94108.128,0.978688524590164,,0.0
2026-03-30,14.228,14.518,15.088,14.128,153424.49,228958.632,0.9789615643964936,,0.0
2026-03-31,14.518,15.048,15.268,14.518,114972.3,175474.568,0.9796875,,0.0
2026-04-01,15.118,15.118,15.288,14.908,110071.58,169882.601,0.9797796500324044,,0.0
2026-04-02,15.128,14.788,15.128,14.568,70115.1,105739.885,0.9793377483443708,,0.0
2026-04-03,14.768,13.648,14.768,13.288,217317.91,305424.15,0.977650429799427,,0.0
2026-04-07,13.688,13.838,13.928,13.358,111990.94,156709.406,0.9779505300353356,,0.0
2026-04-08,13.988,14.038,14.138,13.608,135225.49,191873.723,0.9782578397212544,,0.0
2026-04-09,13.938,13.478,13.968,13.118,198019.9,271606.883,0.9773749093546048,,0.0
2026-04-10,13.528,13.718,13.868,13.358,97662.59,136896.549,0.9777619387027798,,0.0
2026-04-13,13.648,13.658,13.848,13.548,62154.0,87182.434,0.9776664280601288,,0.0
2026-04-14,13.648,13.928,14.008,13.638,60658.7,85673.989,0.9780898876404496,,0.0
2026-04-15,13.898,14.168,14.458,13.868,90254.45,130623.891,0.9784530386740332,,0.0
2026-04-16,14.158,14.098,14.338,13.988,65652.06,95062.797,0.978348369188064,,0.0
2026-04-17,14.148,14.228,14.408,13.828,75134.03,108949.529,0.9785419532324622,,0.0
2026-04-20,14.158,13.988,14.388,13.868,133542.7,192029.978,0.9781818181818184,,0.0
2026-04-21,13.938,14.288,14.418,13.938,89289.0,130165.749,0.9786301369863014,,0.0
2026-04-22,14.248,13.588,14.388,13.318,133472.48,185758.292,0.9775539568345324,,0.0
2026-04-23,13.568,13.338,13.638,13.248,92116.0,126724.778,0.9771428571428572,,0.0
2026-04-24,13.298,13.348,13.578,13.278,63736.4,87379.165,0.977159590043924,,0.0
2026-04-27,13.388,13.288,13.738,13.258,88968.82,122544.012,0.9770588235294118,,0.0
2026-04-28,13.238,13.668,13.788,13.238,85072.5,118298.72,0.9776824034334765,,0.0
2026-04-29,13.878,14.568,14.628,13.788,141682.88,207056.006,0.9790322580645162,,0.0
2026-04-30,14.528,14.518,14.928,14.418,113107.02,169355.096,0.9789615643964936,,0.0
2026-05-06,14.508,15.178,15.318,14.168,195835.41,293793.716,0.9798579728857328,,0.0
2026-05-07,15.208,14.898,15.218,14.548,111927.46,169247.941,0.9794871794871796,,0.0
2026-05-08,15.008,15.138,15.338,14.908,103321.7,159721.783,0.9798058252427184,,0.0
2026-05-11,15.118,15.698000000000002,15.928,14.788,128117.47,203619.233,0.9805121798875704,,0.0
2026-05-12,15.708,15.948000000000002,16.078,15.308,135723.11,218059.74,0.9808118081180812,,0.0
2026-05-13,15.818,15.088,15.858000000000002,14.958,116946.66,181658.49,0.9797402597402598,,0.0
2026-05-14,15.078,14.988,15.088,14.658,99098.04,150432.739,0.9796078431372548,,0.0
2026-05-15,14.868,14.928,15.018,14.658,60711.0,92131.848,0.979527559055118,,0.0
2026-05-18,14.878,13.408,14.998,13.408,167661.0,235001.035,0.977259475218659,,0.0
2026-05-19,13.188,13.438,13.578,13.018,124146.43,170360.589,0.9773090909090908,,0.0
2026-05-20,13.348,13.358,13.458,12.898,120199.04,161940.903,0.9771762984637894,,0.0
2026-05-21,13.358,12.878,13.478,12.798,105738.18,141807.27,0.9763457164518576,,0.0
2026-05-22,12.888,12.828,13.038,12.638,96656.6,126920.08,0.9762557077625572,,0.0
2026-05-25,12.838,12.898,13.098,12.668,82801.32,109364.433,0.9763815291445876,,0.0
2026-05-26,12.838,13.118,13.128,12.798,73829.01,98212.587,0.9767684288905436,,0.0
2026-05-27,13.088,12.648,13.178,12.448,101882.4,132069.268,0.975925925925926,,0.0
2026-05-28,12.588,12.658,12.828,12.508,69928.52,90822.86,0.9759444872783348,,0.0
2026-05-29,12.658,12.928,13.128,12.658,103727.0,137538.969,0.9764350453172206,,0.0
2026-06-01,13.07,13.52,13.59,12.75,169707.44,224506.64338,1.0,,0.0
2026-06-02,13.52,12.88,13.77,12.63,184450.52,239314.96415,1.0,,0.0
2026-06-03,12.81,12.18,12.81,12.1,177265.6,217385.2032,1.0,,0.0
2026-06-04,12.14,12.35,12.5,12.0,161625.25,198767.375,1.0,,0.0
2026-06-05,12.3,12.39,12.55,12.28,97214.26,120453.74,1.0,,0.0
2026-06-08,12.37,12.29,12.45,11.98,100586.0,123188.54504,1.0,,0.0
2026-06-09,12.25,12.22,12.49,12.08,85153.9,104222.56088,1.0,,0.0
2026-06-10,12.11,11.99,12.21,11.91,93339.5,112072.4215,1.0,,0.0
2026-06-11,11.89,11.55,11.94,10.96,212488.21,241534.30857,1.0,,0.0
2026-06-12,11.66,12.38,12.51,11.52,178232.92,216528.32977,1.0,,0.0
2026-06-15,12.28,12.29,12.52,12.05,105280.06,129359.28463,1.0,,0.0
2026-06-16,12.25,12.06,12.27,11.95,90162.88,108739.31964,1.0,,0.0
2026-06-17,12.06,12.24,12.38,11.91,118586.59,143914.12103,1.0,,0.0
2026-06-18,12.11,12.07,12.3,11.91,73941.95,89371.87461,1.0,,0.0
2026-06-22,12.0,12.15,12.15,11.79,84144.38,101102.94722,1.0,,0.0
2026-06-23,12.07,11.79,12.23,11.7,103101.63,122842.05647,1.0,,0.0
2026-06-24,11.89,11.48,11.89,11.32,87660.54,100817.2291,1.0,,0.0
2026-06-25,11.43,11.5,11.87,11.37,100339.09,116463.11219,1.0,,0.0
2026-06-26,11.46,11.26,11.57,11.14,81523.47,92461.04949,1.0,,0.0
2026-06-29,11.21,11.11,11.51,10.81,107249.51,119634.56168,1.0,,0.0
2026-06-30,11.16,11.08,11.2,10.86,65514.19,72050.83616,1.0,,0.0
2026-07-01,11.11,11.22,11.52,10.8,104003.07,116195.2456,1.0,,0.0
2026-07-02,11.26,11.12,11.37,11.0,89846.0,100188.147,1.0,,0.0
2026-07-03,11.12,11.55,11.65,11.12,138235.34,158189.87129,1.0,,0.0
2026-07-06,11.55,11.56,11.7,11.38,88290.0,102169.996,1.0,,0.0
2026-07-07,11.56,11.76,11.94,11.49,106328.46,124592.28934,1.0,,0.0
2026-07-08,11.78,11.19,11.99,11.11,166949.77,189426.5388,1.0,,0.0
2026-07-09,11.18,10.81,11.21,10.72,97864.49,106603.46487,1.0,,0.0
2026-07-10,10.77,11.01,11.09,10.6,82887.69,90644.1044,1.0,,0.0
2026-07-13,11.01,11.08,11.14,10.88,86399.69,95153.57607,1.0,,0.0
2026-07-14,10.97,10.97,11.3,10.88,98325.77,108269.57344,1.0,,0.0
2026-07-15,10.92,11.39,11.49,10.86,124406.0,139192.01314,1.0,,0.0
2026-07-16,11.3,11.92,12.18,11.25,155437.47,183736.55651,1.0,,0.0
2026-07-17,11.8,11.74,12.18,11.2,191483.66,224050.59717,1.0,,0.0
2026-07-20,11.73,12.2,12.7,11.68,211165.65,258961.15582,1.0,,0.0
2026-07-21,12.29,12.39,12.87,11.9,229990.27,287521.78751,1.0,,0.0
2026-07-22,12.27,12.55,12.7,11.9,149928.76,183702.47453,1.0,,0.0
2026-07-23,12.51,12.2,12.55,12.0,93377.58,114029.9055,1.0,,0.0
2026-07-24,12.12,12.09,12.42,11.9,85908.02,104167.9688,1.0,,0.0
2026-07-27,12.09,12.63,12.71,12.02,108540.06,134594.99206,1.0,,0.0
2026-07-28,12.63,12.84,12.96,12.38,124902.17,159244.74981,1.0,,0.0
2026-07-29,12.89,13.73,13.84,12.75,221075.25,298468.24998,1.0,,0.0
2026-07-30,13.59,13.58,13.99,13.45,163102.32,223168.50225,1.0,,0.0
2026-07-31,13.36,13.18,13.58,13.09,148398.87,196961.54061,1.0,,0.0
2026-08-03,13.24,13.46,13.94,13.18,172540.44,233839.52711,1.0,,0.0
2026-08-04,13.52,12.88,13.52,12.82,142549.45,184766.22077,1.0,,0.0
2026-08-05,12.82,12.82,12.97,12.65,89481.69,114652.10008,1.0,,0.0
2026-08-06,12.8,12.65,12.8,12.27,198062.69,247057.09001,1.0,,0.0
2026-08-07,12.57,12.38,12.59,12.35,117964.93,146633.54251,1.0,,0.0
2026-08-10,12.34,12.7,12.8,12.3,99037.09,125404.29045,1.0,,0.0
2026-08-11,12.7,12.68,12.93,12.59,78800.87,100641.22245,1.0,,0.0
2026-08-12,12.73,12.94,13.13,12.41,157482.63,200349.77798,1.0,1.9502,0.0
2026-08-13,12.9,12.58,13.03,12.57,139519.5,177959.91589,1.0,1.73,0.0
2026-08-14,12.62,12.45,12.65,12.36,80631.37,100471.54843,1.0,1.0,0.0
2026-08-17,12.47,12.56,12.67,12.22,106455.79,132497.54207,1.0,0.0,0.0
2026-08-18,12.56,12.39,12.75,12.38,106688.0,133714.42205,1.0,0.0,0.0
2026-08-19,12.42,12.97,13.2,12.42,292888.95,379831.96414,1.0,0.0,0.0
2026-08-20,12.99,13.6,13.63,12.78,280688.95,376455.93303,1.0,3.3828,3.482
2026-08-21,13.48,13.15,13.5,12.84,193667.1,253215.74498,1.0,2.334,2.4025
2026-08-24,13.15,13.32,13.6,13.12,161576.86,215331.53908,1.0,1.9473,2.0044
2026-08-25,13.31,12.93,13.38,12.87,95149.0,123900.25326,1.0,1.1467,1.1804
2026-08-26,12.89,12.82,13.12,12.8,74158.37,96078.53889,1.0,0.8937,0.92
2026-08-27,12.81,13.0,13.07,12.77,71715.83,92854.0689,1.0,0.8643,0.8897
2026-08-28,12.99,13.1,13.25,12.8,80876.11,105556.78048,1.0,0.9747,1.0033
2026-08-31,13.45,12.66,13.52,12.62,220660.9,287629.89664,1.0,2.6594,2.7374
2026-09-01,12.59,12.51,12.76,12.38,151276.1,189880.45717,1.0,1.8231,1.8766
2026-09-02,12.43,12.5,12.59,12.24,79960.52,99356.30504,1.0,0.9637,0.9919
2026-09-03,12.35,12.58,12.83,12.34,76148.52,96042.11606,1.0,0.9177,0.9446
2026-09-04,12.58,12.73,12.92,12.52,76582.86,97428.8036,1.0,0.923,0.95
2026-09-07,12.62,11.82,12.77,11.75,225333.0,270914.142,1.0,2.7157,2.7953
2026-09-08,11.72,11.65,11.8,11.5,108692.0,126464.407,1.0,1.3099,1.3484
2026-09-09,11.57,11.58,11.66,11.38,84767.5,97780.3395,1.0,1.0216,1.0516
2026-09-10,11.52,11.28,11.59,11.23,102269.0,115825.85068,1.0,1.2325,1.2687
2026-09-11,11.2,11.18,11.26,10.94,97711.0,108193.911,1.0,1.1776,1.2121
2026-09-14,11.17,11.24,11.5,11.07,67536.47,75797.45552,1.0,0.8139,0.8378
2026-09-15,11.23,11.02,11.25,10.98,54628.0,60630.67198,1.0,0.6584,0.6777
2026-09-16,11.02,10.83,11.05,10.58,125675.01,134962.85368,1.0,1.5146,1.559
2026-09-17,10.78,10.79,10.88,10.74,59986.0,64775.7435,1.0,0.7229,0.7441
2026-09-18,10.8,11.02,11.09,10.74,82260.72,89862.0876,1.0,0.9914,1.0205
