date,open,close,high,low,volume,money,factor,turnover,turnover_free
2021-05-10,40.1014262,38.1414262,40.1814262,37.8714262,102599.96,398801.506,0.9945613089960884,,0.0
2021-05-11,38.1414262,39.7214262,40.1614262,38.1414262,86992.37,341418.254,0.9947765138993238,,0.0
2021-05-12,39.5914262,39.2914262,39.6214262,38.8914262,42607.18,167625.513,0.9947196506329112,,0.0
2021-05-13,39.02142619999999,38.9114262,39.7614262,38.8514262,47221.17,186373.157,0.9946683588957056,,0.0
2021-05-14,38.9314262,39.8314262,39.9914262,38.9014262,69184.04,275375.945,0.994790864135864,,0.0
2021-05-17,40.2214262,39.9614262,40.7814262,39.8914262,63495.16,256878.872,0.9948077221807318,,0.0
2021-05-18,39.8914262,40.3814262,40.5914262,39.3914262,65151.49,263556.231,0.994861448632668,,0.0
2021-05-19,40.3914262,40.4814262,40.5614262,40.0314262,54405.3,220619.659,0.9948740771688376,,0.0
2021-05-20,40.4914262,40.5914262,41.0814262,40.2414262,68169.35,279091.939,0.9948878970588234,,0.0
2021-05-21,40.77142619999999,40.27142619999999,41.0514262,40.0814262,53545.92,218193.029,0.9948474851778656,,0.0
2021-05-24,40.2914262,41.4614262,41.6614262,40.2914262,100117.69,413859.399,0.9949946292296616,,0.0
2021-05-25,41.5114262,43.0814262,44.5114262,41.0614262,191306.5,822928.107,0.9951819404019404,,0.0
2021-05-26,43.1414262,42.9014262,43.7514262,42.6714262,127819.48,555785.653,0.995161823242867,,0.0
2021-05-27,43.6114262,43.8014262,44.5414262,43.5414262,135280.26,597486.514,0.9952607634628492,,0.0
2021-05-28,43.8614262,43.2814262,44.1414262,42.9714262,87791.53,383841.833,0.9952040974936768,,0.0
2021-05-31,43.4014262,44.3114262,44.5914262,43.4014262,119360.04,530466.848,0.9953150539083556,,0.0
2021-06-01,44.4714262,44.0914262,44.6114262,43.9914262,81938.03,364403.449,0.9952917878103836,,0.0
2021-06-02,44.0814262,42.6614262,44.0914262,42.5414262,101840.94,440845.472,0.9951347375787264,,0.0
2021-06-03,42.7214262,42.4614262,43.1414262,42.45142619999999,55547.55,238730.5,0.9951119334426995,,0.0
2021-06-04,42.45142619999999,42.5514262,42.77142619999999,42.0614262,47109.14,201054.833,0.9951222217025256,,0.0
2021-06-07,42.7414262,42.7614262,43.2914262,42.4414262,59301.14,255336.979,0.9951460600418895,,0.0
2021-06-08,42.8414262,42.9314262,42.9914262,42.3014262,57564.69,246949.618,0.9951651877607788,,0.0
2021-06-09,42.9214262,42.4214262,43.6414262,42.3414262,79416.65,341864.72,0.9951073469387754,,0.0
2021-06-10,42.1314262,42.9914262,42.9914262,41.9914262,82938.31,355869.231,0.9951719027777776,,0.0
2021-06-11,43.0714262,41.8814262,43.1414262,41.8414262,76589.8,325245.921,0.9950445759087668,,0.0
2021-06-15,42.0414262,42.0014262,42.4814262,41.6814262,50275.39,212974.608,0.9950586638237384,,0.0
2021-06-16,42.20142619999999,43.9014262,44.5814262,42.20142619999999,205831.52,905098.117,0.9952715075946496,,0.0
2021-06-17,44.2914262,43.6314262,44.2914262,42.6914262,140819.97,612248.678,0.995242385948905,,0.0
2021-06-18,43.8014262,44.6414262,45.1214262,43.5914262,177310.39,793008.741,0.995349525083612,,0.0
2021-06-21,44.5514262,45.1014262,45.2614262,44.0914262,146180.55,658013.346,0.9953967380269256,,0.0
2021-06-22,45.2914262,44.2214262,45.3914262,44.0414262,110949.48,496135.847,0.9953055638082376,,0.0
2021-06-23,44.2314262,44.3114262,44.9914262,43.4414262,100123.41,444922.019,0.9953150539083556,,0.0
2021-06-24,44.3314262,43.5314262,44.7914262,43.5014262,81413.25,359620.43,0.9952315089163236,,0.0
2021-06-25,43.5714262,43.1914262,43.6114262,42.6514262,75196.39,324902.561,0.9951941520737326,,0.0
2021-06-28,43.1714262,43.45142619999999,44.0414262,42.9114262,63934.72,279864.424,0.9952227714154832,,0.0
2021-06-29,43.4814262,42.7514262,44.27142619999999,42.6714262,72674.74,316473.045,0.9951449301675976,,0.0
2021-06-30,42.70142619999999,42.8614262,42.9914262,42.3714262,60336.78,259124.624,0.995157329928024,,0.0
2021-07-01,42.8914262,41.20142619999999,43.1314262,41.0414262,91301.69,385032.762,0.9949632021250904,,0.0
2021-07-02,41.0414262,40.0114262,41.0414262,39.8014262,79582.51,321164.343,0.994814177026355,,0.0
2021-07-05,39.9414262,40.6914262,40.9214262,39.9414262,49022.41,199434.73,0.9949003960880196,,0.0
2021-07-06,40.6914262,40.8314262,41.20142619999999,40.5014262,47968.61,196674.485,0.9949177923976608,,0.0
2021-07-07,40.7914262,40.9914262,41.1114262,40.4914262,43490.46,178660.551,0.9949375291262136,,0.0
2021-07-08,41.0814262,41.6514262,42.0814262,40.9914262,74063.57,310075.003,0.99501734830387,,0.0
2021-07-09,41.6914262,41.5014262,41.7414262,41.0614262,48788.83,202537.447,0.9949994293934308,,0.0
2021-07-12,41.8514262,42.0014262,42.2914262,41.5014262,64725.04,272742.083,0.9950586638237384,,0.0
2021-07-13,42.0114262,41.20142619999999,42.0314262,41.1014262,63509.64,264361.831,0.9949632021250904,,0.0
2021-07-14,41.0614262,40.4214262,41.0614262,40.1014262,59801.49,243439.828,0.9948665075067684,,0.0
2021-07-15,40.3014262,40.1614262,40.7214262,39.6714262,63057.21,253762.122,0.9948334456279414,,0.0
2021-07-16,40.1414262,41.6814262,42.1614262,39.8814262,119961.41,499603.51,0.99502091668656,,0.0
2021-07-19,41.7414262,41.27142619999999,42.0914262,40.9714262,61994.27,257404.071,0.9949717020250722,,0.0
2021-07-20,40.9814262,40.9314262,41.5014262,40.45142619999999,63369.42,260725.431,0.9949301458434612,,0.0
2021-07-21,41.1814262,41.2914262,41.6414262,40.9414262,78407.26,325536.159,0.9949741253012048,,0.0
2021-07-22,40.9414262,40.8014262,41.27142619999999,40.5914262,75185.15,308551.912,0.9949140746159472,,0.0
2021-07-23,40.9814262,40.9914262,41.3514262,40.2914262,88940.02,365709.474,0.9949375291262136,,0.0
2021-07-26,40.8914262,41.0514262,41.9914262,40.4714262,119160.99,495291.865,0.9949448909355308,,0.0
2021-07-27,41.7914262,43.7114262,45.0014262,41.4914262,321766.73,1398953.927,0.9952510519125682,,0.0
2021-07-28,42.8314262,41.3914262,43.0914262,40.7414262,168047.67,703088.263,0.9949862067307692,,0.0
2021-07-29,41.7814262,42.5814262,43.1114262,41.3614262,158049.62,672353.235,0.9951256415050244,,0.0
2021-07-30,43.27142619999999,42.5514262,43.27142619999999,42.0514262,119972.31,513177.555,0.9951222217025256,,0.0
2021-08-02,42.4014262,44.2614262,44.3614262,42.0814262,201167.93,885262.343,0.9953097863728356,,0.0
2021-08-03,44.2514262,43.3414262,45.1514262,43.2214262,174292.59,771622.405,0.9952107049368542,,0.0
2021-08-04,43.1814262,43.7214262,44.2414262,43.0914262,108340.89,476815.596,0.995252132938766,,0.0
2021-08-05,43.7914262,45.7514262,47.27142619999999,43.5714262,340973.48,1556467.127,0.9954618407310704,,0.0
2021-08-06,45.8614262,47.5814262,48.1414262,45.0914262,315073.27,1470749.131,0.9956356183301944,,0.0
2021-08-09,47.5414262,46.8114262,48.1814262,46.1214262,199192.86,938935.195,0.9955641471714164,,0.0
2021-08-10,46.6714262,46.3214262,48.0514262,45.7814262,270214.65,1279781.399,0.995517433913604,,0.0
2021-08-11,46.1114262,45.6714262,46.2914262,45.2914262,162977.6,748057.901,0.9954539276373148,,0.0
2021-08-12,45.7414262,46.6914262,47.5114262,45.1014262,213663.01,994626.665,0.9955527974413644,,0.0
2021-08-13,46.70142619999999,45.7614262,47.2314262,45.3814262,158247.73,734480.339,0.9954628279312594,,0.0
2021-08-16,45.8214262,44.5714262,46.6414262,44.3914262,146359.68,670209.788,0.9953422554711924,,0.0
2021-08-17,44.3514262,44.2214262,45.3514262,44.0514262,130020.36,582446.763,0.9953055638082376,,0.0
2021-08-18,44.0014262,44.45142619999999,44.8714262,43.5414262,110411.54,490973.687,0.9953297402597402,,0.0
2021-08-19,44.1914262,44.9814262,45.2114262,43.6814262,127732.3,573893.1,0.9953845142730692,,0.0
2021-08-20,45.1414262,45.5414262,46.1914262,44.45142619999999,136889.47,624917.268,0.9954410098360656,,0.0
2021-08-23,45.6914262,46.4314262,46.9914262,45.6914262,153656.62,717558.173,0.9955280060034304,,0.0
2021-08-24,45.7914262,45.6914262,45.9614262,44.5914262,160322.1,729024.481,0.995455908496732,,0.0
2021-08-25,45.5914262,45.3814262,46.0714262,45.1214262,81204.85,370271.276,0.9954250098705856,,0.0
2021-08-26,45.1014262,44.1114262,46.0414262,44.1114262,126201.94,571270.241,0.9952939124548736,,0.0
2021-08-27,43.7914262,42.4714262,43.8914262,42.0914262,166274.58,714718.044,0.9951130787253982,,0.0
2021-08-30,42.5114262,43.0014262,44.4314262,42.4914262,142533.25,621265.31,0.995173020134228,,0.0
2021-08-31,43.2914262,42.1514262,43.3814262,41.1714262,135693.21,572248.758,0.9950761614730878,,0.0
2021-09-01,42.1514262,42.4114262,42.7914262,41.3314262,117920.86,498376.414,0.9951061989676208,,0.0
2021-09-02,42.1414262,41.6814262,42.1414262,41.4214262,85564.86,358234.742,0.99502091668656,,0.0
2021-09-03,41.6814262,41.8614262,42.4414262,41.6814262,82733.36,349212.619,0.9950422201093416,,0.0
2021-09-06,41.7914262,42.4414262,42.6314262,41.3114262,78894.0,335152.075,0.9951096412661194,,0.0
2021-09-07,42.4214262,42.5514262,42.9214262,42.1414262,72630.24,310340.938,0.9951222217025256,,0.0
2021-09-08,42.5514262,42.2414262,42.7114262,41.9114262,75609.95,321065.478,0.9950866007067136,,0.0
2021-09-09,42.1214262,42.3614262,42.6914262,41.8014262,75016.04,318290.002,0.9951004510218464,,0.0
2021-09-10,42.3614262,42.4314262,42.5914262,41.9014262,75276.25,319926.269,0.995108494371482,,0.0
2021-09-13,42.4714262,41.8714262,42.5414262,41.7514262,69985.58,295119.612,0.9950433982889731,,0.0
2021-09-14,41.8414262,41.1014262,42.2314262,41.1014262,79825.0,334345.397,0.9949510094408132,,0.0
2021-09-15,41.1014262,41.3014262,41.4214262,40.6214262,62675.83,258404.117,0.994975336063599,,0.0
2021-09-16,41.3114262,42.1714262,43.5714262,41.2114262,151073.39,648198.336,0.9950784851344974,,0.0
2021-09-17,43.0914262,42.3014262,43.3914262,41.8714262,100382.83,428885.132,0.9950935356386732,,0.0
2021-09-22,41.8014262,41.70142619999999,41.8514262,41.27142619999999,55475.03,232019.972,0.9950232927702218,,0.0
2021-09-23,41.6414262,42.4114262,42.6214262,41.6414262,67305.81,285474.508,0.9951061989676208,,0.0
2021-09-24,42.4214262,42.2414262,42.5714262,41.8214262,62342.19,263945.248,0.9950866007067136,,0.0
2021-09-27,42.2414262,41.3214262,42.5414262,41.1214262,61335.89,256975.95,0.9949777558391524,,0.0
2021-09-28,41.1314262,41.0814262,41.9214262,41.0314262,50176.54,208428.942,0.9949485638169048,,0.0
2021-09-29,40.7914262,39.8214262,41.0714262,39.7914262,73968.92,298073.498,0.994789562827879,,0.0
2021-09-30,40.1014262,40.20142619999999,40.4814262,39.9314262,37421.03,151239.059,0.994838559762435,,0.0
2021-10-08,40.4814262,40.4714262,40.8914262,40.3114262,36772.47,149849.033,0.9948728171091444,,0.0
2021-10-11,40.6714262,41.2314262,41.7114262,40.5114262,60536.44,251066.622,0.9949668484555984,,0.0
2021-10-12,41.0614262,40.6914262,41.0614262,40.3914262,39026.01,159218.4,0.9949003960880196,,0.0
2021-10-13,40.6914262,40.8714262,40.9614262,40.1914262,34565.06,140893.839,0.994922740993184,,0.0
2021-10-14,40.8714262,40.95142619999999,41.02142619999999,40.5114262,32581.35,133741.532,0.994932609329446,,0.0
2021-10-15,41.1214262,41.2914262,41.7814262,40.9414262,55926.31,232574.456,0.9949741253012048,,0.0
2021-10-18,41.3014262,41.2914262,41.3014262,40.77142619999999,40181.18,165515.032,0.9949741253012048,,0.0
2021-10-19,41.2914262,40.9314262,41.2914262,40.8414262,29871.6,122950.045,0.9949301458434612,,0.0
2021-10-20,40.9914262,40.5914262,41.1214262,40.5914262,36513.05,149844.704,0.9948878970588234,,0.0
2021-10-21,40.5914262,40.3314262,40.8914262,40.2914262,31927.59,130043.877,0.99485511100148,,0.0
2021-10-22,40.3714262,40.3714262,40.7414262,40.3014262,25673.61,104485.027,0.9948601823558404,,0.0
2021-10-25,40.4914262,40.7414262,40.9114262,40.0414262,33624.35,137107.9,0.9949066227106226,,0.0
2021-10-26,40.7914262,40.6814262,40.95142619999999,40.5514262,33094.4,135504.156,0.9948991489361702,,0.0
2021-10-27,40.6714262,39.9314262,41.1514262,39.7914262,48014.06,194206.403,0.9948038415545588,,0.0
2021-10-28,39.9414262,38.8514262,40.0714262,38.8314262,62645.75,246953.856,0.994660168970814,,0.0
2021-10-29,38.8514262,39.4114262,39.5514262,38.6514262,35765.61,141050.165,0.994735643614336,,0.0
2021-11-01,39.4114262,39.5814262,39.77142619999999,38.9914262,31040.92,123378.242,0.9947581352098516,,0.0
2021-11-02,39.7314262,40.3214262,40.4614262,39.7314262,75110.65,303552.161,0.9948538415988156,,0.0
2021-11-03,40.3514262,39.9714262,40.3514262,39.6714262,39027.91,156421.205,0.9948090144350422,,0.0
2021-11-04,39.9714262,40.0914262,40.4314262,39.70142619999999,45154.23,182247.446,0.9948244714640198,,0.0
2021-11-05,40.0814262,40.8614262,41.7814262,39.9414262,98891.56,407389.894,0.9949215047479912,,0.0
2021-11-08,40.70142619999999,40.5414262,40.7514262,39.9914262,43545.03,176380.39,0.9948816245398772,,0.0
2021-11-09,40.4914262,41.0814262,41.4714262,40.3714262,61236.05,252442.97,0.9949485638169048,,0.0
2021-11-10,40.9914262,41.1614262,41.4914262,40.6814262,48239.16,198963.592,0.994958332124728,,0.0
2021-11-11,41.1614262,40.8914262,41.27142619999999,40.7414262,46267.29,190216.579,0.994925211678832,,0.0
2021-11-12,39.7914262,39.8714262,39.9714262,38.8114262,120737.86,479411.245,0.9947960628742514,,0.0
2021-11-15,39.8714262,39.70142619999999,40.3514262,39.6114262,59920.6,240158.618,0.9947738962665996,,0.0
2021-11-16,39.70142619999999,38.95142619999999,39.77142619999999,38.8914262,74805.96,294880.982,0.994673804902962,,0.0
2021-11-17,39.1914262,39.3214262,39.3314262,38.7814262,46981.18,184674.615,0.99472365798128,,0.0
2021-11-18,39.3314262,39.3714262,39.5514262,38.9714262,48101.43,189914.091,0.9947303233956544,,0.0
2021-11-19,39.3014262,39.4014262,39.4414262,39.0914262,37642.22,148710.033,0.9947343145670284,,0.0
2021-11-22,39.7414262,39.6614262,39.9614262,39.4414262,57346.39,228861.564,0.9947686531226484,,0.0
2021-11-23,39.6614262,39.7414262,39.9714262,39.5914262,50493.26,201746.736,0.9947791289111388,,0.0
2021-11-24,39.8314262,39.5814262,39.9214262,39.4014262,41391.25,164831.317,0.9947581352098516,,0.0
2021-11-25,39.5914262,39.2314262,39.7614262,39.2114262,43890.73,174067.684,0.9947116176470588,,0.0
2021-11-26,39.3914262,39.02142619999999,39.45142619999999,38.9914262,39461.45,155121.946,0.9946833086923272,,0.0
2021-11-29,38.7514262,38.9014262,39.1714262,38.3914262,43603.21,170067.894,0.9946669956532856,,0.0
2021-11-30,38.8414262,38.9914262,39.5814262,38.8414262,63038.98,248807.728,0.9946792397959184,,0.0
2021-12-01,38.9414262,38.7914262,39.2914262,38.6714262,54368.4,212206.27,0.9946519538461538,,0.0
2021-12-02,38.8014262,38.5914262,38.8014262,38.5314262,42103.03,163511.287,0.994624386597938,,0.0
2021-12-03,38.6414262,39.0814262,39.2314262,38.6414262,53150.79,208600.624,0.994691427844235,,0.0
2021-12-06,38.9914262,38.8114262,39.2914262,38.6814262,54066.58,211360.47,0.9946546950281906,,0.0
2021-12-07,38.9714262,38.6214262,39.0414262,38.4014262,46933.57,182219.42,0.994628539788823,,0.0
2021-12-08,38.7414262,38.9314262,38.9914262,38.5414262,40246.0,157305.689,0.994671083290751,,0.0
2021-12-09,38.9314262,39.2114262,39.2914262,38.8214262,65807.05,258674.516,0.9947089345509892,,0.0
2021-12-10,39.3614262,39.1014262,39.5914262,38.9214262,57016.35,224895.065,0.9946941287204272,,0.0
2021-12-13,39.0014262,39.1814262,39.52142619999999,38.9914262,40216.98,158459.751,0.994704904798172,,0.0
2021-12-14,39.2114262,39.3914262,39.4214262,39.1214262,47585.55,188180.293,0.9947329848484848,,0.0
2021-12-15,39.3914262,38.9814262,39.4714262,38.9414262,44518.93,175122.638,0.9946778821127836,,0.0
2021-12-16,39.1414262,39.3014262,39.3314262,38.9914262,42945.05,169443.711,0.9947209870918754,,0.0
2021-12-17,39.27142619999999,38.8514262,39.27142619999999,38.7914262,44758.0,175062.139,0.994660168970814,,0.0
2021-12-20,38.8414262,38.5814262,38.9314262,38.5614262,36743.42,142757.993,0.9946230007733952,,0.0
2021-12-21,38.4914262,38.7914262,38.7914262,38.45142619999999,34374.14,133528.621,0.9946519538461538,,0.0
2021-12-22,39.20142619999999,38.9414262,39.3814262,38.8214262,44699.66,175296.352,0.9946724444444444,,0.0
2021-12-23,39.1214262,38.6614262,39.1214262,38.6114262,46721.21,182108.077,0.9946340674041676,,0.0
2021-12-24,38.6214262,38.2914262,38.6614262,38.1414262,49859.05,192102.649,0.9945824987012986,,0.0
2021-12-27,38.1914262,38.2914262,38.4114262,38.1814262,23801.56,91644.6,0.9945824987012986,,0.0
2021-12-28,38.2914262,38.6314262,38.7314262,38.2414262,33750.36,130621.522,0.9946299227600413,,0.0
2021-12-29,38.5914262,39.3314262,39.4814262,38.3414262,86886.75,340643.213,0.9947249924127464,,0.0
2021-12-30,39.2914262,39.0114262,39.2914262,38.9014262,54737.71,215042.578,0.9946819530851604,,0.0
2021-12-31,38.9914262,39.0414262,39.1914262,38.7514262,48122.85,188570.965,0.9946860178343948,,0.0
2022-01-04,39.0414262,39.3314262,39.52142619999999,38.95142619999999,60279.78,237902.642,0.9947249924127464,,0.0
2022-01-05,39.2914262,38.8014262,39.45142619999999,38.6214262,50731.61,198550.678,0.9946533247885156,,0.0
2022-01-06,38.5914262,38.6714262,38.8914262,38.45142619999999,34260.84,133213.861,0.994635447530864,,0.0
2022-01-07,38.7314262,38.4614262,38.8714262,38.4414262,41965.24,163085.499,0.9946063149728472,,0.0
2022-01-10,38.45142619999999,38.5714262,38.6914262,38.2214262,29135.8,112700.262,0.9946216142341412,,0.0
2022-01-11,38.5914262,38.4314262,38.77142619999999,38.3814262,28455.12,110268.321,0.9946021273291924,,0.0
2022-01-12,38.4114262,38.5914262,38.5914262,38.3514262,25672.43,99326.819,0.994624386597938,,0.0
2022-01-13,38.6614262,38.3314262,38.7614262,38.3014262,26924.81,104133.126,0.994588121432278,,0.0
2022-01-14,38.3114262,37.6514262,38.4414262,37.5514262,59718.95,228020.558,0.9944909191759111,,0.0
2022-01-17,37.7414262,38.1614262,38.1914262,37.7414262,38863.16,148475.829,0.9945641438623924,,0.0
2022-01-18,38.3414262,38.1914262,38.3514262,37.9814262,29033.73,111226.825,0.994568390625,,0.0
2022-01-19,38.1814262,37.8114262,38.1814262,37.7514262,25458.4,96992.661,0.9945141031036296,,0.0
2022-01-20,37.8414262,36.9914262,37.9414262,36.8214262,49074.1,183827.648,0.9943931774193548,,0.0
2022-01-21,36.9714262,36.5414262,36.9714262,36.52142619999999,33604.63,124027.365,0.9943245224489796,,0.0
2022-01-24,36.5314262,36.7114262,36.9114262,36.4214262,21403.32,78982.263,0.9943506554712892,,0.0
2022-01-25,36.7314262,36.3014262,37.4714262,36.2914262,37614.06,139567.937,0.9942872144617912,,0.0
2022-01-26,36.3014262,35.3914262,36.6214262,34.871426199999995,44903.72,160866.866,0.9941411853932584,,0.0
2022-01-27,35.3814262,33.941426199999995,35.3814262,33.871426199999995,51595.89,178217.894,0.9938924216691069,,0.0
2022-01-28,34.20142619999999,34.2814262,34.371426199999995,33.591426199999994,32527.99,111577.244,0.9939526297477528,,0.0
2022-02-07,35.2914262,35.051426199999995,35.5414262,34.801426199999995,30011.63,105867.066,0.9940846908678388,,0.0
2022-02-08,35.121426199999995,35.0814262,35.1314262,34.691426199999995,21318.35,74911.607,0.9940897194672712,,0.0
2022-02-09,35.1714262,35.371426199999995,35.4014262,34.9714262,21658.58,76928.933,0.9941378920741988,,0.0
2022-02-10,35.4014262,35.161426199999994,35.441426199999995,35.0614262,20251.85,71802.504,0.9941030873621712,,0.0
2022-02-11,35.1414262,34.6014262,35.2114262,34.6014262,25635.31,89827.95,0.994008221775352,,0.0
2022-02-14,34.591426199999994,34.9214262,35.301426199999995,34.481426199999994,29189.21,102715.551,0.9940628010247652,,0.0
2022-02-15,34.8514262,35.1414262,35.231426199999994,34.8114262,18817.99,66391.232,0.9940997510608204,,0.0
2022-02-16,35.121426199999995,35.161426199999994,35.2214262,35.011426199999995,17430.84,61604.814,0.9941030873621712,,0.0
2022-02-17,35.091426199999994,35.3614262,35.691426199999995,34.9014262,34678.72,123190.645,0.9941362440258644,,0.0
2022-02-18,35.0714262,35.371426199999995,35.5814262,34.871426199999995,22971.67,81219.826,0.9941378920741988,,0.0
2022-02-21,35.4914262,36.2314262,36.3914262,35.371426199999995,58601.91,212946.583,0.99427624039517,,0.0
2022-02-22,36.1714262,35.8214262,36.1914262,35.5614262,34707.29,124929.156,0.9942111074104912,,0.0
2022-02-23,35.8814262,36.1214262,36.2514262,35.6514262,35838.92,129834.138,0.9942589099917424,,0.0
2022-02-24,36.1814262,37.95142619999999,39.2214262,35.95142619999999,176421.4,666923.253,0.9945342295597484,,0.0
2022-02-25,37.6914262,36.95142619999999,37.6914262,36.6514262,79699.6,296834.005,0.9943871420882668,,0.0
2022-02-28,37.3614262,37.0514262,37.8814262,36.8914262,58242.89,218596.562,0.9944022061191624,,0.0
2022-03-01,37.0514262,37.0314262,37.2614262,36.5614262,41973.0,156058.218,0.9943991997851772,,0.0
2022-03-02,36.8914262,36.6914262,37.0314262,36.5314262,32890.56,121392.199,0.9943475934959348,,0.0
2022-03-03,36.70142619999999,36.1514262,36.8314262,36.0814262,40121.92,146669.152,0.9942636468646864,,0.0
2022-03-04,36.0514262,35.9914262,36.4914262,35.9314262,31444.06,114364.68,0.9942382928176796,,0.0
2022-03-07,36.1814262,34.7214262,36.1814262,34.5314262,46682.15,164617.891,0.994028806183796,,0.0
2022-03-08,34.5714262,33.8114262,34.871426199999995,33.7814262,38814.21,133824.235,0.9938690828924162,,0.0
2022-03-09,34.27142619999999,33.691426199999995,34.481426199999994,32.2814262,55911.22,189136.35,0.9938473805309732,,0.0
2022-03-10,34.261426199999995,34.2914262,34.7514262,34.1514262,40736.93,141040.72,0.9939543826086956,,0.0
2022-03-11,34.301426199999995,34.70142619999999,34.8114262,33.4614262,40854.71,140581.295,0.994025385276425,,0.0
2022-03-14,34.3814262,34.371426199999995,35.3114262,34.231426199999994,41463.59,145105.392,0.9939683689994216,,0.0
2022-03-15,34.481426199999994,32.661426199999994,34.481426199999994,32.6114262,43754.6,147320.062,0.9936545847277152,,0.0
2022-03-16,33.1114262,33.1114262,33.2814262,31.5014262,49455.64,162086.468,0.993740282112845,,0.0
2022-03-17,33.3214262,33.2914262,33.77142619999999,33.1714262,42840.57,144434.967,0.9937739164179104,,0.0
2022-03-18,33.2814262,33.341426199999994,33.5614262,33.011426199999995,26048.17,87374.973,0.9937831952309985,,0.0
2022-03-21,34.7214262,35.191426199999995,36.5814262,34.621426199999995,126173.99,453930.974,0.9941080847457626,,0.0
2022-03-22,34.7914262,34.441426199999995,35.4714262,34.3514262,55996.08,195212.144,0.993980554112554,,0.0
2022-03-23,34.301426199999995,34.45142619999999,34.7914262,34.02142619999999,39233.94,136053.354,0.9939822908251584,,0.0
2022-03-24,34.3214262,33.761426199999995,34.3214262,33.7414262,33219.5,113353.817,0.9938600588754782,,0.0
2022-03-25,33.981426199999994,33.6414262,34.1014262,33.5814262,26503.6,90243.101,0.993838292466765,,0.0
2022-03-28,33.5714262,33.011426199999995,33.5714262,32.8114262,28941.32,96273.464,0.9937214388922336,,0.0
2022-03-29,33.2814262,32.731426199999994,33.3314262,32.6414262,25584.66,84848.716,0.9936680692167577,,0.0
2022-03-30,32.8214262,33.2814262,33.2814262,32.7514262,27453.8,91407.914,0.9937720573305464,,0.0
2022-03-31,33.2114262,32.9314262,33.341426199999994,32.9014262,20910.31,69619.77,0.9937062824381412,,0.0
2022-04-01,32.6414262,32.9614262,33.121426199999995,32.6414262,16916.16,56034.986,0.993711974675912,,0.0
2022-04-06,32.941426199999995,33.8914262,34.591426199999994,32.7514262,47877.51,162805.294,0.9938834662756596,,0.0
2022-04-07,33.7914262,34.0314262,34.8914262,33.591426199999994,61980.42,214501.602,0.9939084754672896,,0.0
2022-04-08,34.121426199999995,33.6314262,34.301426199999995,33.3814262,38567.14,130700.421,0.9938364716312056,,0.0
2022-04-11,33.3914262,32.3114262,33.5814262,32.1514262,37380.52,123186.675,0.993586291512915,,0.0
2022-04-12,32.1514262,32.8614262,32.8914262,32.1514262,25841.85,84657.748,0.9936929603870576,,0.0
2022-04-13,32.8614262,32.411426199999994,32.9914262,32.3914262,20837.47,68243.385,0.9936059534028202,,0.0
2022-04-14,32.4714262,32.5814262,32.7214262,32.3114262,23367.18,76503.236,0.9936391033851784,,0.0
2022-04-15,32.5414262,31.7714262,32.5414262,31.5914262,32836.83,105668.542,0.9934779924953095,,0.0
2022-04-18,31.7914262,32.0614262,32.1314262,31.6114262,21105.55,67881.497,0.993536603656647,,0.0
2022-04-19,32.591426199999994,32.121426199999995,32.841426199999994,32.0614262,25710.55,83838.954,0.993548598824621,,0.0
2022-04-20,31.7514262,31.9114262,32.411426199999994,31.7514262,25489.46,82179.866,0.9935064196762142,,0.0
2022-04-21,31.7514262,30.2514262,32.0414262,30.1914262,46088.09,143978.411,0.993152534471438,,0.0
2022-04-22,29.9714262,29.8014262,30.1614262,29.5014262,34977.49,104861.921,0.9930498567144286,,0.0
2022-04-25,29.3614262,27.0114262,29.3614262,26.8914262,65996.77,185929.149,0.9923374797942688,,0.0
2022-04-26,26.9814262,25.5914262,27.1714262,25.5914262,58008.98,153750.902,0.9919157441860466,,0.0
2022-04-27,25.2914262,26.5314262,26.5714262,24.8014262,62034.05,160929.396,0.992199932685116,,0.0
2022-04-28,26.7014262,26.4714262,26.9814262,26.1014262,54990.01,146894.389,0.9921823913043478,,0.0
2022-04-29,26.7014262,27.4614262,27.5514262,26.6514262,52083.77,143051.567,0.992462096132996,,0.0
2022-05-05,27.4514262,27.9814262,28.2714262,27.2914262,48453.36,136478.955,0.9926011422490244,,0.0
2022-05-06,27.4914262,27.9614262,28.1414262,27.2414262,38640.34,108409.019,0.9925958892438764,,0.0
2022-05-09,28.0014262,28.3914262,28.8914262,27.8314262,35297.85,101237.996,0.9927072097902098,,0.0
2022-05-10,27.8914262,28.5614262,28.7614262,27.7914262,34767.73,99693.953,0.9927503023983316,,0.0
2022-05-11,28.7514262,28.5514262,29.1714262,28.5514262,53001.71,154089.243,0.9927477816411684,,0.0
2022-05-12,28.2814262,28.7014262,28.8714262,28.2314262,31692.54,91586.11,0.9927854098927706,,0.0
2022-05-13,28.7514262,28.8114262,29.0914262,28.6714262,22854.85,66313.518,0.9928127567195038,,0.0
2022-05-16,28.9214262,28.9614262,29.3614262,28.9114262,37029.88,108431.4,0.99284971546109,,0.0
2022-05-17,29.2914262,29.2214262,29.2914262,28.6914262,30366.66,88932.753,0.9929128848114168,,0.0
2022-05-18,29.2814262,29.7314262,29.8814262,29.0914262,45382.0,135254.683,0.9930336072144288,,0.0
2022-05-19,29.1914262,29.6614262,29.9914262,29.1914262,39625.46,118263.978,0.993017281553398,,0.0
2022-05-20,29.6614262,30.1914262,30.2914262,29.6414262,39982.63,121117.974,0.9931390197368422,,0.0
2022-05-23,30.1914262,30.2914262,30.3214262,29.8714262,30611.86,92809.333,0.9931615147540984,,0.0
2022-05-24,30.2914262,29.3114262,31.1914262,29.2914262,68231.5,207823.837,0.9929344918699188,,0.0
2022-05-25,29.1914262,29.8014262,30.0414262,29.1914262,32945.96,98694.73,0.9930498567144286,,0.0
2022-05-26,29.8114262,30.4014262,30.7814262,29.6214262,46631.94,142389.529,0.993186089513231,,0.0
2022-05-27,30.4314262,30.0214262,30.6814262,29.8914262,32594.29,99242.04,0.9931004366523322,,0.0
2022-05-30,30.0214262,30.3514262,30.4714262,29.8514262,29682.31,90319.718,0.9931749410994763,,0.0
2022-05-31,30.0914262,30.1814262,30.4014262,29.8114262,53629.21,162930.41,0.9931367620927936,,0.0
2022-06-01,29.9814262,30.0814262,30.4414262,29.9414262,43299.84,131516.133,0.9931141036645758,,0.0
2022-06-02,30.2414262,30.6914262,30.9414262,30.0914262,54403.07,167380.196,0.9932500388349514,,0.0
2022-06-06,30.7014262,31.0814262,31.3614262,30.6114262,50036.92,156225.604,0.9933341706615532,,0.0
2022-06-07,31.1214262,30.8314262,31.1214262,30.5314262,40345.9,124961.169,0.9932804832474228,,0.0
2022-06-08,30.8414262,30.8614262,31.4314262,30.3514262,51683.97,160993.658,0.9932869713550048,,0.0
2022-06-09,30.8614262,30.1914262,31.0514262,30.1014262,38694.2,118852.668,0.9931390197368422,,0.0
2022-06-10,30.0714262,30.5514262,30.6114262,29.8814262,34622.49,105993.306,0.9932193172951884,,0.0
2022-06-13,30.3214262,30.6614262,30.8614262,30.2914262,32998.97,101840.13,0.993243479105928,,0.0
2022-06-14,30.5914262,30.3914262,30.6214262,29.5614262,48666.69,146947.772,0.993183862745098,,0.0
2022-06-15,30.4414262,30.6414262,31.2414262,30.3514262,47934.61,149038.255,0.993239098865478,,0.0
2022-06-16,30.4914262,30.8014262,31.1414262,30.3414262,37268.44,115704.047,0.9932739825862624,,0.0
2022-06-17,30.7914262,30.6214262,30.9914262,30.0914262,38523.62,118516.962,0.9932347129419395,,0.0
2022-06-20,30.59,31.35,32.09,30.56,76424.65,240945.599,0.9952380952380953,,0.0
2022-06-21,31.290000000000003,30.78,31.290000000000003,30.55,52919.92,164197.696,0.9951503394762368,,0.0
2022-06-22,30.65,29.770000000000003,30.83,29.76,52590.66,159599.832,0.9949866310160428,,0.0
2022-06-23,29.66,30.950000000000003,31.040000000000003,29.66,66193.72,202851.942,0.995176848874598,,0.0
2022-06-24,31.040000000000003,31.700000000000003,32.300000000000004,31.040000000000003,97912.35,312691.078,0.9952904238618524,,0.0
2022-06-27,31.73,31.51,31.980000000000004,31.380000000000003,44543.96,141374.554,0.9952621604548326,,0.0
2022-06-28,31.520000000000003,32.050000000000004,32.14,31.42,57703.98,184769.507,0.9953416149068324,,0.0
2022-06-29,32.14,31.39,32.4,31.3,61955.46,198394.161,0.9952441344324668,,0.0
2022-06-30,31.33,31.41,31.81,31.24,40586.08,128510.766,0.9952471482889734,,0.0
2022-07-01,31.450000000000003,31.450000000000003,31.770000000000003,31.21,30961.71,97967.55,0.995253164556962,,0.0
2022-07-04,31.35,31.51,31.69,30.69,56197.36,176978.848,0.9952621604548326,,0.0
2022-07-05,31.630000000000003,31.24,31.630000000000003,30.880000000000003,37401.06,117447.247,0.995221408091749,,0.0
2022-07-06,31.1,30.94,31.450000000000003,30.66,34047.11,106149.051,0.9951752975233196,,0.0
2022-07-07,30.950000000000003,31.15,31.43,30.73,34784.01,108917.015,0.9952076677316294,,0.0
2022-07-08,31.15,31.040000000000003,31.49,30.97,31266.54,98096.927,0.9951907662712408,,0.0
2022-07-11,31.040000000000003,30.26,31.200000000000003,29.880000000000003,33640.63,102311.408,0.9950674120355146,,0.0
2022-07-12,29.950000000000003,28.98,30.1,28.98,64537.15,190271.726,0.9948506694129764,,0.0
2022-07-13,28.99,28.9,29.3,28.770000000000003,32084.61,93400.833,0.9948364888123924,,0.0
2022-07-14,28.89,29.18,29.43,28.82,30963.92,90863.04,0.9948857824752814,,0.0
2022-07-15,29.15,28.950000000000003,29.380000000000003,28.75,30633.56,89601.673,0.9948453608247424,,0.0
2022-07-18,28.950000000000003,29.360000000000003,29.42,28.950000000000003,26000.65,76427.236,0.994916977295832,,0.0
2022-07-19,29.53,29.770000000000003,29.83,29.31,31679.42,94392.196,0.9949866310160428,,0.0
2022-07-20,29.770000000000003,32.26,32.75,29.74,202231.37,647207.018,0.9953717988275224,,0.0
2022-07-21,32.01,31.84,32.15,31.630000000000003,98932.21,316867.158,0.9953110346983433,,0.0
2022-07-22,31.75,31.51,32.230000000000004,31.25,57149.66,181893.948,0.9952621604548326,,0.0
2022-07-25,31.67,30.68,31.910000000000004,30.59,52064.79,162320.326,0.9951346091469347,,0.0
2022-07-26,30.62,30.4,30.83,30.15,52584.83,160328.015,0.9950900163666122,,0.0
2022-07-27,30.53,30.37,30.81,30.130000000000003,49736.41,151989.726,0.9950851900393184,,0.0
2022-07-28,30.47,31.15,31.4,30.31,71306.92,222673.29,0.9952076677316294,,0.0
2022-07-29,30.950000000000003,30.82,31.12,30.65,50564.51,156700.664,0.9951566031643526,,0.0
2022-08-01,30.85,31.42,32.050000000000004,30.76,85494.04,270279.203,0.9952486537852392,,0.0
2022-08-02,31.55,32.99,33.75,31.110000000000003,250381.99,819348.624,0.995473747736874,,0.0
2022-08-03,32.35,34.31,34.85,31.37,305906.46,1034510.915,0.9956471271038886,,0.0
2022-08-04,34.32,32.870000000000005,34.32,32.78,169950.44,567485.02,0.9954572986069048,,0.0
2022-08-05,32.83,33.7,34.22,32.46,166609.42,557634.664,0.9955686853766618,,0.0
2022-08-08,33.57,33.02,33.620000000000005,32.85,97222.58,323376.546,0.9954778414229726,,0.0
2022-08-09,32.620000000000005,32.7,32.95,31.950000000000003,121898.72,396623.927,0.995433789954338,,0.0
2022-08-10,32.7,32.82,33.31,32.43,77439.16,255734.439,0.9954504094631484,,0.0
2022-08-11,32.870000000000005,32.61,33.01,32.440000000000005,76370.48,250609.72,0.9954212454212454,,0.0
2022-08-12,32.42,31.75,32.42,31.74,91438.87,293313.357,0.9952978056426331,,0.0
2022-08-15,31.65,31.940000000000005,31.97,31.41,55562.59,176960.359,0.9953256466188845,,0.0
2022-08-16,31.82,31.75,31.980000000000004,31.6,41920.71,133817.597,0.9952978056426331,,0.0
2022-08-17,31.86,31.940000000000005,31.97,31.42,54101.96,172532.194,0.9953256466188845,,0.0
2022-08-18,31.940000000000005,32.300000000000004,32.410000000000004,31.68,66715.9,214809.592,0.99537750385208,,0.0
2022-08-19,32.300000000000004,31.44,32.6,31.43,69663.1,223524.239,0.9952516619183286,,0.0
2022-08-22,31.43,30.96,31.43,30.65,50650.0,157444.362,0.995178399228544,,0.0
2022-08-23,30.96,30.58,31.4,30.47,45789.09,141472.465,0.995118776439961,,0.0
2022-08-24,30.65,29.630000000000003,30.65,29.42,64943.81,195182.468,0.9949630624580256,,0.0
2022-08-25,29.630000000000003,29.790000000000003,29.89,29.49,32733.64,97732.553,0.99498997995992,,0.0
2022-08-26,29.9,29.71,29.98,29.65,26221.32,78546.74,0.9949765572672472,,0.0
2022-08-29,29.450000000000003,29.81,29.97,29.16,25567.82,76358.26,0.9949933244325768,,0.0
2022-08-30,29.85,30.540000000000003,30.69,29.85,54654.69,166645.302,0.9951124144672532,,0.0
2022-08-31,30.53,29.98,31.05,29.96,41339.1,125761.811,0.9950215731828742,,0.0
2022-09-01,29.83,29.540000000000003,30.16,29.540000000000003,30027.49,90073.971,0.99494779386999,,0.0
2022-09-02,29.53,31.71,32.35,29.51,165147.6,520530.484,0.9952919020715632,,0.0
2022-09-05,31.71,31.21,32.120000000000005,30.75,108977.18,343310.55,0.995216836734694,,0.0
2022-09-06,30.950000000000003,31.78,32.21,30.68,95986.37,303364.286,0.995302223614156,,0.0
2022-09-07,31.790000000000003,31.24,31.790000000000003,31.18,62046.92,195301.945,0.995221408091749,,0.0
2022-09-08,31.26,30.78,31.43,30.75,41232.04,128687.025,0.9951503394762368,,0.0
2022-09-09,30.65,30.72,30.96,30.48,32861.18,101435.142,0.9951409135082604,,0.0
2022-09-13,30.73,30.78,31.12,30.66,29026.75,89891.749,0.9951503394762368,,0.0
2022-09-14,30.35,30.380000000000003,30.67,30.15,32156.04,98221.885,0.9950867998689814,,0.0
2022-09-15,30.450000000000003,29.82,30.59,29.62,46264.64,139551.047,0.994994994994995,,0.0
2022-09-16,29.65,29.58,30.21,29.42,34810.17,104299.962,0.9949545913218972,,0.0
2022-09-19,29.73,29.62,29.950000000000003,29.450000000000003,27279.47,81443.883,0.994961370507222,,0.0
2022-09-20,29.610000000000003,29.9,30.630000000000003,29.55,33289.03,100371.072,0.995008319467554,,0.0
2022-09-21,29.66,29.67,29.85,29.18,26879.7,79686.875,0.9949698189134808,,0.0
2022-09-22,29.65,29.9,30.290000000000003,29.46,40315.9,121451.226,0.995008319467554,,0.0
2022-09-23,29.78,28.770000000000003,30.18,28.770000000000003,46943.16,138371.94,0.9948132780082988,,0.0
2022-09-26,28.770000000000003,27.5,28.770000000000003,27.450000000000003,43731.81,122698.237,0.9945750452079568,,0.0
2022-09-27,27.47,27.94,28.05,27.450000000000003,27205.41,75789.533,0.9946600213599146,,0.0
2022-09-28,27.85,26.84,27.94,26.84,32549.53,89452.683,0.9944423860689144,,0.0
2022-09-29,27.06,26.46,27.4,26.35,43711.05,117762.92,0.9943630214205188,,0.0
2022-09-30,26.55,26.28,26.65,26.22,30779.97,81646.429,0.9943246311010216,,0.0
2022-10-10,26.520000000000003,26.020000000000003,26.76,25.97,29843.82,79058.34,0.9942682460833016,,0.0
2022-10-11,25.99,26.12,26.15,25.83,23227.99,60778.596,0.9942900647126,,0.0
2022-10-12,26.110000000000003,26.770000000000003,26.78,25.87,34290.69,90905.1,0.9944279346210996,,0.0
2022-10-13,26.57,27.040000000000003,27.33,26.520000000000003,34746.41,94398.735,0.9944832659065832,,0.0
2022-10-14,27.05,27.450000000000003,27.51,27.05,32811.21,90241.884,0.9945652173913044,,0.0
2022-10-17,27.4,27.99,28.23,27.33,41669.68,116893.386,0.9946695095948828,,0.0
2022-10-18,28.020000000000003,27.790000000000003,28.05,27.53,33217.02,92647.575,0.9946313528990696,,0.0
2022-10-19,27.770000000000003,27.44,27.87,27.43,25981.29,72153.937,0.9945632475534616,,0.0
2022-10-20,27.25,27.67,28.03,27.09,44424.46,123329.557,0.994608195542775,,0.0
2022-10-21,27.85,27.5,27.85,27.450000000000003,25688.71,71347.692,0.9945750452079568,,0.0
2022-10-24,27.74,27.37,28.5,27.15,52307.31,146756.082,0.9945494186046512,,0.0
2022-10-25,27.24,27.51,27.85,26.950000000000003,35936.61,99198.053,0.9945770065075924,,0.0
2022-10-26,27.56,27.93,28.05,26.96,53960.41,150692.626,0.9946581196581196,,0.0
2022-10-27,27.9,27.81,28.12,27.69,35249.46,98924.366,0.9946351931330472,,0.0
2022-10-28,27.65,26.87,27.85,26.76,41175.86,112948.784,0.9944485566247224,,0.0
2022-10-31,26.87,27.97,28.24,26.74,62449.36,174347.548,0.9946657183499288,,0.0
2022-11-01,28.14,28.32,28.44,27.87,50611.76,143352.901,0.9947312961011592,,0.0
2022-11-02,28.32,28.43,28.6,28.1,44781.03,127784.793,0.9947515745276416,,0.0
2022-11-03,28.26,30.56,30.83,27.98,199157.12,596001.333,0.9951155975252362,,0.0
2022-11-04,30.83,30.3,32.300000000000004,30.25,252997.13,790668.479,0.9950738916256158,,0.0
2022-11-07,30.25,29.73,30.25,29.67,136085.74,408962.098,0.9949799196787148,,0.0
2022-11-08,29.73,29.84,30.1,29.53,66620.09,199433.834,0.9949983327775924,,0.0
2022-11-09,29.84,29.360000000000003,29.9,29.35,56113.49,166537.856,0.994916977295832,,0.0
2022-11-10,29.200000000000003,29.23,29.51,29.1,48866.61,143825.237,0.9948944860449286,,0.0
2022-11-11,29.64,29.37,29.8,29.3,64571.99,191560.131,0.994918699186992,,0.0
2022-11-14,29.4,29.69,29.950000000000003,29.23,66550.64,198506.979,0.9949731903485256,,0.0
2022-11-15,29.8,30.08,30.08,29.56,72425.27,217331.241,0.99503804168045,,0.0
2022-11-16,30.09,29.96,30.53,29.8,70797.9,214552.655,0.9950182663566922,,0.0
2022-11-17,29.76,29.94,29.98,29.24,51170.5,152159.277,0.9950149551345964,,0.0
2022-11-18,29.97,29.25,30.16,29.18,48449.17,144344.09,0.9948979591836736,,0.0
2022-11-21,29.16,29.33,29.53,29.07,28928.04,85409.995,0.9949118046132972,,0.0
2022-11-22,29.33,29.15,29.9,29.14,46906.74,138733.097,0.9948805460750854,,0.0
2022-11-23,29.05,28.74,29.31,28.4,47223.57,136548.104,0.9948078920041538,,0.0
2022-11-24,28.65,28.57,28.9,28.46,25581.71,73619.294,0.9947771587743732,,0.0
2022-11-25,28.56,28.64,29.130000000000003,28.46,25919.69,74653.04,0.9947898575894408,,0.0
2022-11-28,28.16,29.46,29.520000000000003,28.16,74911.41,219905.508,0.994934143870314,,0.0
2022-11-29,29.48,29.64,29.72,29.290000000000003,40550.22,120362.733,0.9949647532729105,,0.0
2022-11-30,29.8,30.130000000000003,30.81,29.450000000000003,88207.5,267436.104,0.9950462351387056,,0.0
2022-12-01,30.130000000000003,30.020000000000003,30.33,29.93,47841.76,144642.991,0.995028173682466,,0.0
2022-12-02,30.03,29.97,30.22,29.97,26400.3,79796.369,0.9950199203187252,,0.0
2022-12-05,29.98,30.26,30.290000000000003,29.950000000000003,43192.84,130820.883,0.9950674120355146,,0.0
2022-12-06,30.110000000000003,30.0,30.25,29.87,31720.36,95814.15,0.9950248756218906,,0.0
2022-12-07,29.950000000000003,29.75,30.12,29.73,31086.33,93329.627,0.9949832775919732,,0.0
2022-12-08,29.74,29.12,29.82,29.03,51882.43,152836.677,0.9948752989408952,,0.0
2022-12-09,29.1,29.56,30.8,28.99,189106.02,572487.46,0.9949511948838776,,0.0
2022-12-12,30.19,29.67,30.51,29.62,75708.68,228500.132,0.9949698189134808,,0.0
2022-12-13,29.55,29.09,29.76,29.05,48597.25,143463.243,0.9948700410396716,,0.0
2022-12-14,29.12,29.14,29.65,29.06,31225.82,91979.262,0.99487879822465,,0.0
2022-12-15,29.24,29.14,29.540000000000003,28.950000000000003,32168.76,94657.9,0.99487879822465,,0.0
2022-12-16,29.020000000000003,28.78,29.110000000000003,28.66,26618.13,77101.587,0.9948150708606984,,0.0
2022-12-19,28.78,28.270000000000003,28.94,28.17,24660.03,70524.886,0.9947220267417312,,0.0
2022-12-20,28.32,28.15,28.46,28.020000000000003,24763.28,70281.457,0.9946996466431096,,0.0
2022-12-21,28.16,27.82,28.32,27.53,25584.39,71627.808,0.9946371111905614,,0.0
2022-12-22,27.82,27.71,28.020000000000003,27.56,18656.37,52173.971,0.994615936826992,,0.0
2022-12-23,27.71,27.56,27.93,27.39,17806.02,49470.472,0.9945867917719236,,0.0
2022-12-26,27.55,28.01,28.01,27.450000000000003,17036.56,47754.786,0.9946732954545456,,0.0
2022-12-27,28.1,28.110000000000003,28.15,27.91,17093.2,48180.498,0.994692144373673,,0.0
2022-12-28,28.18,27.83,28.19,27.75,18105.67,50788.523,0.994639027877055,,0.0
2022-12-29,27.81,27.83,28.26,27.74,19616.12,55235.144,0.994639027877055,,0.0
2022-12-30,27.75,27.93,27.97,27.450000000000003,23554.39,65786.871,0.9946581196581196,,0.0
2023-01-03,27.99,28.4,28.53,27.860000000000003,31111.36,88617.363,0.9947460595446586,,0.0
2023-01-04,28.4,28.3,28.65,28.23,26194.01,74811.515,0.9947275922671354,,0.0
2023-01-05,28.25,28.46,28.48,28.22,23297.8,66403.344,0.9947570779447746,,0.0
2023-01-06,28.4,28.4,28.55,28.26,22437.97,64089.567,0.9947460595446586,,0.0
2023-01-09,28.4,28.51,28.73,28.4,25897.83,74355.742,0.9947662247034196,,0.0
2023-01-10,28.51,28.31,28.55,28.26,17703.41,50460.768,0.994729444834856,,0.0
2023-01-11,28.4,27.96,28.51,27.94,21942.32,62299.041,0.9946638207043758,,0.0
2023-01-12,28.1,28.08,28.520000000000003,28.01,19700.36,55949.808,0.9946865037194474,,0.0
2023-01-13,28.06,27.97,28.24,27.790000000000003,20668.31,58080.531,0.9946657183499288,,0.0
2023-01-16,27.950000000000003,28.360000000000003,28.48,27.9,27661.04,78828.779,0.994738688179586,,0.0
2023-01-17,28.35,28.630000000000003,28.82,28.3,29782.33,85741.549,0.9947880472550382,,0.0
2023-01-18,28.76,28.69,28.790000000000003,28.55,21159.26,61017.964,0.9947988904299584,,0.0
2023-01-19,28.57,29.110000000000003,29.14,28.57,32599.11,94853.219,0.9948735475051264,,0.0
2023-01-20,29.05,29.19,29.39,29.01,31057.71,91110.263,0.9948875255623724,,0.0
2023-01-30,29.4,29.8,30.040000000000003,29.4,58257.46,174502.062,0.994991652754591,,0.0
2023-01-31,29.770000000000003,29.8,29.880000000000003,29.56,28758.62,86022.209,0.994991652754591,,0.0
2023-02-01,29.8,29.99,30.1,29.75,32948.58,99128.917,0.9950232249502324,,0.0
2023-02-02,30.03,29.8,30.32,29.770000000000003,37704.47,113524.295,0.994991652754591,,0.0
2023-02-03,29.81,29.9,30.0,29.540000000000003,42560.75,127195.909,0.995008319467554,,0.0
2023-02-06,29.75,30.05,30.18,29.66,36734.82,110630.822,0.9950331125827816,,0.0
2023-02-07,30.05,29.950000000000003,30.05,29.78,28312.64,85077.539,0.9950166112956812,,0.0
2023-02-08,29.94,29.6,30.03,29.56,27814.4,83105.258,0.9949579831932772,,0.0
2023-02-09,29.6,30.28,30.3,29.5,57774.71,174774.464,0.995070653959908,,0.0
2023-02-10,30.31,30.31,30.98,30.12,67325.12,206509.341,0.995075508864084,,0.0
2023-02-13,30.3,30.74,30.950000000000003,30.16,57886.82,178523.819,0.9951440595662028,,0.0
2023-02-14,30.97,30.71,31.22,30.630000000000003,57831.07,179668.787,0.9951393389500972,,0.0
2023-02-15,30.72,31.450000000000003,31.610000000000003,30.630000000000003,101806.32,320353.226,0.995253164556962,,0.0
2023-02-16,31.25,31.6,32.54,31.24,173073.58,553488.682,0.9952755905511812,,0.0
2023-02-17,31.39,30.75,31.78,30.630000000000003,92106.78,286732.94,0.9951456310679612,,0.0
2023-02-20,30.64,30.89,30.97,30.46,50895.7,157258.956,0.995167525773196,,0.0
2023-02-21,30.9,31.26,32.15,30.71,122108.49,385770.044,0.9952244508118434,,0.0
2023-02-22,30.950000000000003,33.21,33.21,30.92,273249.12,891499.659,0.9955035971223022,,0.0
2023-02-23,33.03,32.2,33.03,32.11,167872.43,548129.393,0.9953632148377126,,0.0
2023-02-24,31.910000000000004,33.79,34.13,31.910000000000004,284211.29,952905.234,0.9955804360636418,,0.0
2023-02-27,33.550000000000004,33.190000000000005,34.49,33.01,211857.14,717681.67,0.995500899820036,,0.0
2023-02-28,32.85,33.5,33.61,32.75,122228.2,408175.384,0.9955423476968795,,0.0
2023-03-01,33.27,33.42,33.550000000000004,32.730000000000004,131992.62,439302.967,0.9955317247542448,,0.0
2023-03-02,33.25,32.85,34.35,32.77,157938.81,531892.321,0.9954545454545456,,0.0
2023-03-03,32.72,32.83,33.24,32.63,94867.19,313830.596,0.995451788963008,,0.0
2023-03-06,32.980000000000004,32.89,33.83,32.85,140388.74,470249.434,0.9954600484261502,,0.0
2023-03-07,32.85,31.66,32.95,31.630000000000003,137390.63,443901.858,0.995284501729016,,0.0
2023-03-08,31.68,32.61,32.95,31.6,102781.58,335029.67,0.9954212454212454,,0.0
2023-03-09,32.85,32.33,32.89,32.0,66438.79,216033.62,0.9953817733990148,,0.0
2023-03-10,32.15,32.17,32.99,31.980000000000004,86052.64,280354.025,0.9953589108910892,,0.0
2023-03-13,31.73,32.300000000000004,32.31,31.630000000000003,58922.22,189537.05,0.99537750385208,,0.0
2023-03-14,32.120000000000005,33.33,33.78,31.86,215260.45,721095.445,0.9955197132616488,,0.0
2023-03-15,32.95,32.9,33.18,32.63,99438.74,328466.022,0.995461422087746,,0.0
2023-03-16,32.58,31.84,33.14,31.770000000000003,81649.91,264756.309,0.9953110346983433,,0.0
2023-03-17,31.92,33.08,33.53,31.92,130954.59,433907.974,0.9954860066205236,,0.0
2023-03-20,32.75,32.21,33.08,32.13,86174.23,281328.306,0.9953646477132264,,0.0
2023-03-21,32.39,32.84,32.95,32.26,89138.91,292353.848,0.9954531676265536,,0.0
2023-03-22,32.65,33.230000000000004,33.25,32.46,81625.3,269912.21,0.9955062911923308,,0.0
2023-03-23,33.230000000000004,34.22,34.230000000000004,33.050000000000004,173397.01,587555.96,0.9956357288332848,,0.0
2023-03-24,34.050000000000004,33.85,34.410000000000004,33.36,136271.11,463281.693,0.9955882352941176,,0.0
2023-03-27,33.95,33.1,34.14,32.74,114863.6,383544.738,0.9954887218045112,,0.0
2023-03-28,32.95,32.22,33.01,32.18,85968.95,280832.598,0.9953660797034292,,0.0
2023-03-29,32.25,32.01,32.39,31.450000000000003,73719.69,236111.577,0.9953358208955224,,0.0
2023-03-30,32.15,31.57,32.2,31.23,61054.34,193865.409,0.9952711223203028,,0.0
2023-03-31,31.6,31.76,31.89,31.4,46383.26,147600.306,0.9952992792228142,,0.0
2023-04-03,31.8,34.95,34.95,31.76,205801.41,705236.079,0.9957264957264956,,0.0
2023-04-04,35.83,36.13,36.65,35.45,395744.75,1428066.314,0.9958654906284454,,0.0
2023-04-06,36.120000000000005,35.93,36.6,35.480000000000004,248215.09,895040.445,0.9958425720620844,,0.0
2023-04-07,35.95,35.76,36.13,35.1,137423.07,490737.712,0.9958228905597328,,0.0
2023-04-10,35.93,35.13,36.4,35.08,170027.33,610172.302,0.995748299319728,,0.0
2023-04-11,35.45,35.050000000000004,35.61,34.45,107077.93,375611.196,0.9957386363636364,,0.0
2023-04-12,35.06,35.15,35.43,34.75,110216.13,388347.562,0.9957507082152977,,0.0
2023-04-13,35.440000000000005,35.21,36.21,34.79,210667.33,752946.805,0.9957579185520362,,0.0
2023-04-14,35.2,34.88,35.52,34.36,115859.5,406104.722,0.995717956037682,,0.0
2023-04-17,34.89,35.01,35.77,34.480000000000004,104693.54,369685.947,0.9957337883959044,,0.0
2023-04-18,34.75,33.940000000000005,34.78,33.36,134320.67,456652.232,0.9955998826635376,,0.0
2023-04-19,34.11,33.71,34.21,33.59,78953.39,268801.086,0.9955699940933256,,0.0
2023-04-20,33.71,33.96,34.230000000000004,33.57,73553.34,250259.05,0.9956024626209324,,0.0
2023-04-21,33.99,34.25,35.34,33.4,166644.2,578374.114,0.9956395348837208,,0.0
2023-04-24,34.1,32.57,34.1,32.45,123546.62,409060.537,0.9954156479217604,,0.0
2023-04-25,32.57,32.1,33.1,31.85,92289.62,300800.581,0.9953488372093025,,0.0
2023-04-26,32.08,31.78,32.83,31.68,76753.8,247581.34,0.995302223614156,,0.0
2023-04-27,31.65,32.34,32.370000000000005,30.58,85039.19,270746.75,0.9953831948291784,,0.0
2023-04-28,32.08,32.440000000000005,32.59,32.01,54691.14,177781.508,0.9953973611537282,,0.0
2023-05-04,32.2,32.21,32.730000000000004,31.950000000000003,50112.97,162707.515,0.9953646477132264,,0.0
2023-05-05,32.21,31.72,32.21,31.47,45570.1,145522.101,0.9952933793536242,,0.0
2023-05-08,31.73,32.870000000000005,33.14,31.73,78379.09,257656.519,0.9954572986069048,,0.0
2023-05-09,32.84,32.26,33.04,32.190000000000005,62344.78,203911.458,0.9953717988275224,,0.0
2023-05-10,32.410000000000004,32.4,32.45,31.96,40706.9,131769.235,0.9953917050691244,,0.0
2023-05-11,32.43,31.93,32.47,31.76,41893.04,134763.711,0.9953241895261846,,0.0
2023-05-12,31.93,31.980000000000004,32.1,31.75,30322.16,97272.288,0.9953314659197012,,0.0
2023-05-15,31.980000000000004,32.39,32.4,31.23,49122.35,157247.832,0.9953902888752304,,0.0
2023-05-16,32.370000000000005,32.51,32.95,32.050000000000004,48485.36,158173.788,0.9954072259644826,,0.0
2023-05-17,32.33,32.85,32.980000000000004,32.2,51890.94,170648.379,0.9954545454545456,,0.0
2023-05-18,33.07,33.33,33.35,32.75,74895.15,249022.752,0.9955197132616488,,0.0
2023-05-19,33.33,33.72,34.0,33.03,88050.47,297974.78,0.9955713020372012,,0.0
2023-05-22,33.76,32.67,33.9,32.660000000000004,73493.61,243669.912,0.9954296160877514,,0.0
2023-05-23,32.63,31.96,32.63,31.96,43052.74,139562.876,0.9953285580815946,,0.0
2023-05-24,31.910000000000004,32.02,32.6,31.85,31747.14,102667.094,0.9953372707491452,,0.0
2023-05-25,32.04,32.13,32.49,31.65,39044.65,125775.259,0.9953531598513012,,0.0
2023-05-26,32.13,32.17,32.29,31.700000000000003,26665.0,85920.037,0.9953589108910892,,0.0
2023-05-29,32.29,32.17,32.730000000000004,32.07,38066.89,123903.293,0.9953589108910892,,0.0
2023-05-30,31.85,32.2,32.21,31.35,48588.59,155108.659,0.9953632148377126,,0.0
2023-05-31,32.17,32.57,32.6,32.01,49145.41,159665.152,0.9954156479217604,,0.0
2023-06-01,32.53,32.85,33.03,32.08,60128.21,197373.609,0.9954545454545456,,0.0
2023-06-02,32.33,31.44,32.33,30.66,141208.37,443042.145,0.9952516619183286,,0.0
2023-06-05,31.07,31.16,31.49,30.97,46870.17,147061.02,0.9952091983391887,,0.0
2023-06-06,31.06,30.630000000000003,31.15,30.290000000000003,50551.68,156052.016,0.9951267056530216,,0.0
2023-06-07,30.450000000000003,30.540000000000003,30.85,30.360000000000003,27590.66,84751.253,0.9951124144672532,,0.0
2023-06-08,30.540000000000003,30.07,30.68,29.950000000000003,36970.97,111979.625,0.9950363997352748,,0.0
2023-06-09,30.06,30.0,30.23,29.69,51737.7,155512.686,0.9950248756218906,,0.0
2023-06-12,30.0,29.96,30.23,29.860000000000003,37177.74,112189.889,0.9950182663566922,,0.0
2023-06-13,29.98,30.12,30.16,29.91,31817.59,96126.791,0.9950445986124876,,0.0
2023-06-14,30.19,30.03,30.23,29.97,35260.61,106648.283,0.9950298210735586,,0.0
2023-06-15,30.01,30.130000000000003,30.270000000000003,29.950000000000003,41605.29,125948.09,0.9950462351387056,,0.0
2023-06-16,30.12,30.540000000000003,30.610000000000003,30.110000000000003,67212.53,205604.789,0.9951124144672532,,0.0
2023-06-19,30.85,33.61,33.61,30.81,161866.25,541535.794,0.9955568720379148,,0.0
2023-06-20,35.07,36.99,36.99,34.15,670665.62,2420605.332,0.9959612277867528,,0.0
2023-06-21,37.65,39.09,40.22,37.65,724462.21,2818522.412,0.996177370030581,,0.0
2023-06-26,38.85,35.81,39.4,35.480000000000004,503408.53,1873879.885,0.9958286985539488,,0.0
2023-06-27,35.96,35.47,36.370000000000005,35.050000000000004,290243.88,1037759.395,0.9957888826501966,,0.0
2023-06-28,35.53,34.690000000000005,36.1,33.730000000000004,303121.77,1051167.678,0.9956946039035592,,0.0
2023-06-29,34.58,34.730000000000004,35.17,34.45,198480.13,693431.984,0.9956995412844036,,0.0
2023-06-30,34.43,35.01,35.29,34.300000000000004,190059.66,664512.212,0.9957337883959044,,0.0
2023-07-03,34.65,34.86,35.25,34.35,159323.68,556776.345,0.9957155098543272,,0.0
2023-07-04,34.9,36.28,36.49,34.65,400517.07,1430086.123,0.9958825144111996,,0.0
2023-07-05,35.58,34.36,35.58,34.300000000000004,315426.05,1100866.228,0.995653433787308,,0.0
2023-07-06,34.42,34.870000000000005,35.51,34.42,198903.85,698514.505,0.99571673329526,,0.0
2023-07-07,34.75,34.45,35.21,34.15,121401.88,421384.774,0.9956647398843932,,0.0
2023-07-10,34.65,34.65,35.51,34.49,164933.19,578437.657,0.9956896551724138,,0.0
2023-07-11,34.940000000000005,35.74,36.15,34.940000000000005,290804.72,1040017.857,0.9958205628308722,,0.0
2023-07-12,35.65,34.89,36.22,34.730000000000004,235840.65,840277.758,0.9957191780821918,,0.0
2023-07-13,34.35,34.84,34.85,32.99,204045.08,704048.538,0.9957130608745356,,0.0
2023-07-14,34.63,34.13,34.64,34.0,143287.45,492218.394,0.9956242707117854,,0.0
2023-07-17,33.95,33.92,34.11,33.550000000000004,78955.46,267503.477,0.9955972996771354,,0.0
2023-07-18,33.85,33.74,34.120000000000005,33.51,81554.49,277221.966,0.9955739156093244,,0.0
2023-07-19,33.730000000000004,33.63,33.9,33.370000000000005,62716.99,211694.319,0.9955595026642984,,0.0
2023-07-20,33.620000000000005,33.03,33.78,32.910000000000004,84234.32,282022.323,0.9954792043399638,,0.0
2023-07-21,33.0,33.02,33.26,32.84,54335.2,180653.26,0.9954778414229726,,0.0
2023-07-24,33.02,33.18,33.410000000000004,32.93,46077.16,153797.197,0.9954995499549956,,0.0
2023-07-25,33.440000000000005,33.54,33.550000000000004,33.2,64076.58,214947.902,0.9955476402493322,,0.0
2023-07-26,33.38,32.440000000000005,33.42,31.980000000000004,115980.29,378991.743,0.9953973611537282,,0.0
2023-07-27,32.51,32.31,32.84,32.18,62485.22,204396.592,0.9953789279112756,,0.0
2023-07-28,32.15,32.550000000000004,32.61,31.96,55631.62,180878.557,0.9954128440366972,,0.0
2023-07-31,32.4,33.03,33.13,32.370000000000005,61781.57,204119.243,0.9954792043399638,,0.0
2023-08-01,32.870000000000005,32.7,33.01,32.65,44074.19,145020.083,0.995433789954338,,0.0
2023-08-02,32.620000000000005,32.53,32.88,32.4,41763.66,136568.572,0.9954100367197064,,0.0
2023-08-03,32.53,32.4,32.620000000000005,32.26,35796.15,116626.699,0.9953917050691244,,0.0
2023-08-04,32.35,32.78,32.84,32.35,49984.47,163952.999,0.9954448830853324,,0.0
2023-08-07,32.79,32.89,33.050000000000004,32.78,45881.6,151569.289,0.9954600484261502,,0.0
2023-08-08,32.88,32.56,32.9,32.35,33948.25,110992.687,0.9954142464078264,,0.0
2023-08-09,32.550000000000004,32.22,32.63,32.15,34411.72,111613.217,0.9953660797034292,,0.0
2023-08-10,32.08,32.15,32.39,32.08,22266.9,72075.079,0.9953560371517028,,0.0
2023-08-11,32.2,31.51,32.29,31.51,48188.44,154044.365,0.9952621604548326,,0.0
2023-08-14,31.200000000000003,31.770000000000003,31.8,31.16,36931.48,116935.932,0.9953007518796992,,0.0
2023-08-15,31.770000000000003,31.39,31.84,31.08,33243.85,104942.861,0.9952441344324668,,0.0
2023-08-16,31.4,30.71,31.44,30.700000000000003,49465.51,153674.64,0.9951393389500972,,0.0
2023-08-17,30.72,31.540000000000003,31.73,30.58,56785.67,178680.872,0.9952666456295362,,0.0
2023-08-18,32.58,31.23,32.730000000000004,31.22,86735.11,278595.467,0.9952198852772468,,0.0
2023-08-21,30.87,30.46,31.86,30.41,65481.25,204412.055,0.9950996406403136,,0.0
2023-08-22,30.49,30.99,31.05,30.22,55387.13,170669.06,0.9951830443159924,,0.0
2023-08-23,30.71,30.25,30.880000000000003,30.200000000000003,39046.24,119561.958,0.9950657894736844,,0.0
2023-08-24,30.25,30.18,30.520000000000003,29.630000000000003,46557.62,140932.436,0.9950544015825916,,0.0
2023-08-25,30.14,29.4,30.17,29.23,55127.5,164196.213,0.9949238578680204,,0.0
2023-08-28,30.75,29.89,30.9,29.81,77906.17,238646.701,0.995006657789614,,0.0
2023-08-29,29.75,30.62,30.75,29.65,51007.31,156192.914,0.9951251218719532,,0.0
2023-08-30,30.91,30.94,31.55,30.84,78212.82,244882.595,0.9951752975233196,,0.0
2023-08-31,30.66,30.770000000000003,31.130000000000003,30.6,38979.58,120836.162,0.9951487710219924,,0.0
2023-09-01,30.78,30.97,31.1,30.58,39202.66,121412.729,0.9951799485861182,,0.0
2023-09-04,30.96,31.6,31.630000000000003,30.83,72998.28,229904.468,0.9952755905511812,,0.0
2023-09-05,31.870000000000005,31.55,32.32,31.46,92106.69,294965.858,0.995268138801262,,0.0
2023-09-06,31.16,32.57,32.730000000000004,31.15,155211.36,503760.985,0.9954156479217604,,0.0
2023-09-07,32.51,31.75,32.550000000000004,31.74,86523.54,279125.357,0.9952978056426331,,0.0
2023-09-08,31.65,33.75,34.0,31.55,236366.07,787014.298,0.995575221238938,,0.0
2023-09-11,33.58,33.15,33.6,32.800000000000004,162008.7,538635.016,0.9954954954954957,,0.0
2023-09-12,33.15,32.57,33.15,32.4,96584.95,317333.71,0.9954156479217604,,0.0
2023-09-13,32.45,31.75,32.61,31.51,102318.28,328450.462,0.9952978056426331,,0.0
2023-09-14,31.75,31.8,32.5,31.55,81569.17,262142.314,0.9953051643192488,,0.0
2023-09-15,31.8,31.51,32.02,31.22,61088.56,193584.714,0.9952621604548326,,0.0
2023-09-18,31.35,31.25,31.630000000000003,31.05,45710.44,143842.195,0.9952229299363058,,0.0
2023-09-19,31.06,30.380000000000003,31.200000000000003,30.3,62800.84,192571.984,0.9950867998689814,,0.0
2023-09-20,30.32,30.07,30.51,30.05,37894.77,115004.378,0.9950363997352748,,0.0
2023-09-21,29.96,30.15,30.44,29.9,35303.89,107171.05,0.995049504950495,,0.0
2023-09-22,30.15,30.65,30.700000000000003,30.0,47224.6,144407.909,0.9951298701298702,,0.0
2023-09-25,30.770000000000003,30.5,30.82,30.28,37854.82,116004.356,0.9951060358890702,,0.0
2023-09-26,30.34,30.26,30.47,30.15,31012.3,94332.608,0.9950674120355146,,0.0
2023-09-27,30.23,30.270000000000003,30.450000000000003,30.09,30892.72,94064.718,0.995069033530572,,0.0
2023-09-28,30.3,30.81,30.94,30.270000000000003,54750.54,168964.39,0.99515503875969,,0.0
2023-10-09,30.81,31.69,32.26,30.81,104306.88,332947.807,0.9952889447236182,,0.0
2023-10-10,31.46,32.050000000000004,32.190000000000005,31.32,70985.23,227366.767,0.9953416149068324,,0.0
2023-10-11,32.03,31.940000000000005,32.32,31.76,67081.2,215931.034,0.9953256466188845,,0.0
2023-10-12,31.93,32.300000000000004,32.39,31.75,70629.15,227808.735,0.99537750385208,,0.0
2023-10-13,32.14,32.160000000000004,32.82,31.93,79312.42,257852.854,0.9953574744661096,,0.0
2023-10-16,32.160000000000004,31.71,32.33,31.450000000000003,57919.83,185130.244,0.9952919020715632,,0.0
2023-10-17,31.62,32.190000000000005,32.57,31.290000000000003,104107.91,335588.769,0.9953617810760668,,0.0
2023-10-18,31.870000000000005,31.6,32.120000000000005,31.540000000000003,52830.6,168582.419,0.9952755905511812,,0.0
2023-10-19,31.450000000000003,31.67,32.660000000000004,31.35,82286.68,265647.516,0.9952859836580767,,0.0
2023-10-20,31.68,30.97,32.27,30.880000000000003,77717.15,245582.505,0.9951799485861182,,0.0
2023-10-23,30.950000000000003,31.06,31.86,30.46,87524.59,274435.23,0.9951938481256009,,0.0
2023-10-24,30.85,30.92,31.28,30.0,70620.45,217880.616,0.9951721918249116,,0.0
2023-10-25,31.110000000000003,31.880000000000003,32.17,31.03,90632.26,289972.579,0.9953168904152356,,0.0
2023-10-26,31.65,32.300000000000004,32.31,31.24,102515.71,329356.06,0.99537750385208,,0.0
2023-10-27,32.33,31.980000000000004,32.4,31.53,88172.99,282758.319,0.9953314659197012,,0.0
2023-10-30,31.770000000000003,32.59,32.85,31.4,110699.9,359059.314,0.9954184483811852,,0.0
2023-10-31,32.57,32.92,33.120000000000005,32.35,129567.66,427802.742,0.9954641669186576,,0.0
2023-11-01,32.78,33.65,34.980000000000004,32.54,226748.06,767394.256,0.9955621301775148,,0.0
2023-11-02,33.28,34.68,36.14,32.9,409904.47,1437742.163,0.9956933677863912,,0.0
2023-11-03,35.35,38.16,38.16,35.35,406239.79,1540140.539,0.9960845732184808,,0.0
2023-11-06,37.4,36.74,37.4,35.96,573990.01,2104176.289,0.9959338574139334,,0.0
2023-11-07,36.29,35.620000000000005,36.29,35.15,418109.06,1492431.172,0.9958065417948,,0.0
2023-11-08,35.63,35.83,36.48,35.480000000000004,334814.2,1206804.971,0.9958310172317956,,0.0
2023-11-09,35.550000000000004,34.2,35.75,33.85,325220.64,1128672.888,0.9956331877729258,,0.0
2023-11-10,34.21,34.29,34.65,33.95,177903.03,612605.452,0.995644599303136,,0.0
2023-11-13,34.07,34.9,35.09,34.06,195992.13,683163.503,0.9957203994293866,,0.0
2023-11-14,34.660000000000004,34.690000000000005,34.83,34.35,166424.47,577744.145,0.9956946039035592,,0.0
2023-11-15,34.86,34.980000000000004,35.13,34.35,177343.37,619755.145,0.995730145175064,,0.0
2023-11-16,35.24,35.42,36.3,35.06,330053.8,1184454.275,0.9957829631712116,,0.0
2023-11-17,35.410000000000004,34.77,35.410000000000004,34.18,179498.57,625767.442,0.995704467353952,,0.0
2023-11-20,34.550000000000004,35.120000000000005,35.22,34.43,164495.49,575294.796,0.9957470938474624,,0.0
2023-11-21,34.86,34.120000000000005,35.02,33.9,187915.5,648279.09,0.9956229938721914,,0.0
2023-11-22,34.13,33.480000000000004,34.370000000000005,33.480000000000004,121326.49,413257.709,0.9955396966993756,,0.0
2023-11-23,33.35,33.86,34.120000000000005,33.18,104526.68,353379.791,0.995589532490444,,0.0
2023-11-24,33.660000000000004,33.24,33.85,33.17,86013.58,288887.406,0.995507637017071,,0.0
2023-11-27,33.01,33.550000000000004,33.61,32.980000000000004,69393.0,232883.18,0.9955489614243324,,0.0
2023-11-28,33.51,33.620000000000005,33.71,33.25,59115.29,198922.525,0.9955581877405982,,0.0
2023-11-29,33.7,33.42,33.83,33.36,61398.01,207199.511,0.9955317247542448,,0.0
2023-11-30,33.32,33.13,33.36,32.67,81474.65,270057.833,0.9954927884615384,,0.0
2023-12-01,33.06,33.160000000000004,33.2,32.76,61987.17,205554.225,0.9954968477934556,,0.0
2023-12-04,33.24,33.02,33.42,32.96,63662.62,212109.504,0.9954778414229726,,0.0
2023-12-05,32.96,32.04,32.96,32.03,86146.98,280201.204,0.995340167753961,,0.0
2023-12-06,31.950000000000003,31.72,32.11,31.610000000000003,67394.82,215467.261,0.9952933793536242,,0.0
2023-12-07,31.72,31.81,31.92,31.51,54460.22,173400.522,0.9953066332916146,,0.0
2023-12-08,31.81,31.72,32.08,31.700000000000003,55453.62,177410.783,0.9952933793536242,,0.0
2023-12-11,31.62,32.15,32.190000000000005,31.41,57323.59,183519.05,0.9953560371517028,,0.0
2023-12-12,32.08,32.300000000000004,32.440000000000005,32.06,55045.19,178555.59,0.99537750385208,,0.0
2023-12-13,32.300000000000004,31.9,32.370000000000005,31.85,44975.11,145075.264,0.9953198127925116,,0.0
2023-12-14,31.910000000000004,31.610000000000003,32.120000000000005,31.610000000000003,40357.0,129106.722,0.9952770780856424,,0.0
2023-12-15,31.6,31.39,31.78,31.28,40066.07,126768.593,0.9952441344324668,,0.0
2023-12-18,31.37,30.860000000000003,31.37,30.8,38800.87,120924.741,0.9951628506933248,,0.0
2023-12-19,30.78,30.96,31.03,30.67,27864.04,86478.418,0.995178399228544,,0.0
2023-12-20,30.950000000000003,30.4,31.020000000000003,30.360000000000003,36835.54,113367.691,0.9950900163666122,,0.0
2023-12-21,30.18,30.62,30.75,30.05,37475.97,114530.812,0.9951251218719532,,0.0
2023-12-22,30.62,30.53,30.9,30.4,47877.03,147488.276,0.995110821382008,,0.0
2023-12-25,30.42,30.83,30.9,30.31,32149.12,99387.298,0.9951581665590704,,0.0
2023-12-26,30.72,30.26,30.790000000000003,30.15,34166.87,104114.113,0.9950674120355146,,0.0
2023-12-27,30.270000000000003,30.53,30.6,30.24,29142.44,89144.413,0.995110821382008,,0.0
2023-12-28,30.520000000000003,31.05,31.200000000000003,30.33,55475.66,172305.275,0.9951923076923076,,0.0
2023-12-29,31.17,31.43,31.53,31.05,50175.2,157967.349,0.9952501583280556,,0.0
2024-01-02,31.46,31.14,31.8,31.130000000000003,50386.02,159321.695,0.9952061361457336,,0.0
2024-01-03,31.14,31.01,31.290000000000003,30.85,33530.39,104561.573,0.9951861360718872,,0.0
2024-01-04,31.01,30.82,31.22,30.66,31539.91,98092.869,0.9951566031643526,,0.0
2024-01-05,30.950000000000003,30.3,30.950000000000003,30.12,42232.12,129331.946,0.9950738916256158,,0.0
2024-01-08,30.26,29.74,30.270000000000003,29.64,37302.51,111747.938,0.994981599197056,,0.0
2024-01-09,29.8,29.57,29.99,29.3,37458.88,111744.919,0.9949528936742934,,0.0
2024-01-10,29.380000000000003,28.84,29.57,28.64,46066.64,134455.251,0.99482580200069,,0.0
2024-01-11,28.74,29.450000000000003,29.53,28.73,34914.4,102590.573,0.9949324324324323,,0.0
2024-01-12,29.48,29.950000000000003,30.24,29.380000000000003,64333.13,193047.888,0.9950166112956812,,0.0
2024-01-15,29.64,29.32,29.74,29.130000000000003,38214.12,112890.145,0.99491007804547,,0.0
2024-01-16,29.74,29.31,29.74,28.9,26339.35,77340.245,0.9949083503054992,,0.0
2024-01-17,29.3,28.64,29.4,28.64,24975.86,72800.438,0.9947898575894408,,0.0
2024-01-18,28.16,28.3,28.44,27.42,60609.75,169706.922,0.9947275922671354,,0.0
2024-01-19,28.290000000000003,28.1,28.64,27.950000000000003,37734.37,107360.423,0.9946902654867256,,0.0
2024-01-22,28.110000000000003,26.25,28.110000000000003,26.03,61898.81,168630.192,0.994318181818182,,0.0
2024-01-23,26.24,26.49,26.73,25.860000000000003,45475.01,120855.748,0.9943693693693694,,0.0
2024-01-24,26.55,26.14,26.700000000000003,24.950000000000003,162482.3,420063.648,0.99429440852035,,0.0
2024-01-25,26.130000000000003,27.01,27.020000000000003,25.89,110277.14,295051.917,0.994477172312224,,0.0
2024-01-26,26.99,26.72,27.16,26.630000000000003,61430.53,165695.631,0.9944175660588016,,0.0
2024-01-29,26.69,26.03,26.950000000000003,26.01,47745.59,126482.655,0.994270435446906,,0.0
2024-01-30,25.96,25.57,26.48,25.56,55819.31,146138.704,0.9941679626749612,,0.0
2024-01-31,25.5,24.130000000000003,25.5,24.05,75864.54,188757.94,0.9938220757825372,,0.0
2024-02-01,24.31,24.18,24.69,23.98,57260.69,139979.923,0.99383477188656,,0.0
2024-02-02,24.15,22.89,24.44,21.99,106216.27,247431.309,0.9934895833333334,,0.0
2024-02-05,22.89,21.200000000000003,22.94,20.860000000000003,108331.2,237250.153,0.9929742388758784,,0.0
2024-02-06,21.130000000000003,23.05,23.3,20.860000000000003,112979.6,253519.238,0.9935344827586208,,0.0
2024-02-07,23.110000000000003,24.25,24.58,23.1,126635.0,308284.912,0.9938524590163936,,0.0
2024-02-08,24.360000000000003,24.8,25.74,24.360000000000003,121083.6,306480.835,0.993987975951904,,0.0
2024-02-19,25.1,25.34,25.6,24.950000000000003,104037.67,264466.625,0.9941153393487644,,0.0
2024-02-20,25.25,25.450000000000003,25.55,24.74,65891.49,166822.299,0.994140625,,0.0
2024-02-21,25.34,25.51,26.200000000000003,24.99,81635.94,210807.687,0.9941543257989088,,0.0
2024-02-22,25.51,26.05,26.14,25.450000000000003,73560.04,191701.926,0.9942748091603054,,0.0
2024-02-23,26.06,26.42,26.51,25.92,84910.96,223995.428,0.994354535190064,,0.0
2024-02-26,26.450000000000003,26.73,27.18,26.33,87116.44,234371.392,0.9944196428571428,,0.0
2024-02-27,26.65,28.05,28.1,26.55,136104.04,376528.727,0.99468085106383,,0.0
2024-02-28,28.18,26.32,28.25,26.3,161899.48,447127.453,0.9943332074046092,,0.0
2024-02-29,25.96,27.34,27.380000000000003,25.93,104740.35,284791.457,0.9945434703528556,,0.0
2024-03-01,27.34,28.01,28.07,27.25,110814.86,309319.188,0.9946732954545456,,0.0
2024-03-04,28.05,27.91,28.28,27.59,84026.61,235707.7,0.9946543121881682,,0.0
2024-03-05,27.9,27.76,28.15,27.6,75860.93,212714.429,0.994625582228592,,0.0
2024-03-06,27.65,27.700000000000003,27.9,27.16,75978.83,210483.533,0.9946140035906644,,0.0
2024-03-07,27.67,26.99,27.98,26.99,67371.06,186018.034,0.994473102431835,,0.0
2024-03-08,26.99,27.69,28.17,26.860000000000003,93635.13,258912.524,0.9946120689655172,,0.0
2024-03-11,27.630000000000003,27.84,27.85,27.28,68498.38,190327.174,0.994640943193998,,0.0
2024-03-12,27.860000000000003,28.14,28.42,27.74,89000.8,251348.37,0.9946977730646872,,0.0
2024-03-13,28.16,28.72,29.040000000000003,28.1,127072.76,365622.254,0.9948042951160374,,0.0
2024-03-14,28.55,28.06,28.610000000000003,27.78,79411.54,225148.83,0.9946827366182204,,0.0
2024-03-15,28.05,28.85,28.85,27.89,103862.95,296991.617,0.9948275862068966,,0.0
2024-03-18,28.87,29.270000000000003,29.3,28.65,131940.5,385195.807,0.994901427600272,,0.0
2024-03-19,29.06,29.39,30.0,28.98,149859.97,444281.256,0.9949221394719026,,0.0
2024-03-20,29.22,29.9,30.03,29.14,143182.36,426552.201,0.995008319467554,,0.0
2024-03-21,30.75,30.55,31.290000000000003,30.05,256296.14,790984.631,0.995114006514658,,0.0
2024-03-22,30.15,29.75,30.520000000000003,29.53,164489.5,494656.662,0.9949832775919732,,0.0
2024-03-25,29.610000000000003,30.12,31.49,29.450000000000003,186203.08,575567.747,0.9950445986124876,,0.0
2024-03-26,31.49,33.15,33.15,31.49,639120.5,2114572.291,0.9954954954954957,,0.0
2024-03-27,32.65,29.83,32.65,29.82,650925.88,1976525.398,0.994996664442962,,0.0
2024-03-28,28.85,32.13,32.83,28.85,661061.83,2072001.787,0.9953531598513012,,0.0
2024-03-29,31.24,31.8,32.190000000000005,30.35,467770.59,1471167.349,0.9953051643192488,,0.0
2024-04-01,31.880000000000003,31.360000000000003,32.03,30.880000000000003,318051.74,1002492.829,0.9952396064741352,,0.0
2024-04-02,31.26,32.49,32.85,31.17,460075.23,1482956.408,0.995404411764706,,0.0
2024-04-03,32.02,32.49,33.4,30.81,436831.16,1410238.371,0.995404411764706,,0.0
2024-04-08,31.85,30.48,31.880000000000003,30.4,275172.86,858694.326,0.9951028403525956,,0.0
2024-04-09,30.25,29.74,30.97,29.380000000000003,183561.43,552801.612,0.994981599197056,,0.0
2024-04-10,29.46,28.68,29.58,28.14,203239.66,586146.631,0.9947970863683664,,0.0
2024-04-11,28.43,28.14,28.99,28.07,122059.78,349396.199,0.9946977730646872,,0.0
2024-04-12,28.200000000000003,28.290000000000003,28.69,28.200000000000003,91112.88,260157.074,0.9947257383966244,,0.0
2024-04-15,28.07,28.62,28.91,27.41,132754.52,378049.227,0.994786235662148,,0.0
2024-04-16,28.23,26.24,28.450000000000003,26.23,160407.36,436985.514,0.9943160287987874,,0.0
2024-04-17,26.65,27.540000000000003,27.72,26.65,114144.87,314276.956,0.9945828819068256,,0.0
2024-04-18,27.540000000000003,27.96,28.43,27.34,124345.63,349628.386,0.9946638207043758,,0.0
2024-04-19,27.72,28.880000000000003,29.53,27.64,185350.48,532801.798,0.994832931450224,,0.0
2024-04-22,28.99,28.58,29.21,28.15,125448.49,362380.016,0.9947789766794292,,0.0
2024-04-23,28.28,28.130000000000003,28.92,28.130000000000003,98797.55,282385.677,0.9946958981612448,,0.0
2024-04-24,28.110000000000003,29.16,29.16,27.950000000000003,151143.26,439125.184,0.9948822927328558,,0.0
2024-04-25,27.4,27.07,27.790000000000003,26.53,220784.75,604019.314,0.9944893460690668,,0.0
2024-04-26,27.020000000000003,27.43,27.73,26.97,141004.85,389320.071,0.9945612762871646,,0.0
2024-04-29,27.450000000000003,28.540000000000003,28.94,27.450000000000003,142403.37,404744.335,0.9947716974555596,,0.0
2024-04-30,28.64,27.65,28.72,27.57,105412.89,295741.602,0.9946043165467626,,0.0
2024-05-06,27.880000000000003,28.05,28.4,27.87,92882.45,262920.514,0.99468085106383,,0.0
2024-05-07,28.1,28.65,29.22,27.81,158613.58,455853.836,0.9947916666666669,,0.0
2024-05-08,28.360000000000003,28.94,29.53,27.97,168710.25,485779.069,0.994843588862152,,0.0
2024-05-09,28.4,28.93,29.03,28.380000000000003,135609.36,391586.578,0.9948418156808804,,0.0
2024-05-10,28.78,28.55,29.21,28.44,104807.3,302835.993,0.9947735191637632,,0.0
2024-05-13,28.25,27.62,28.25,27.35,101728.82,282692.301,0.9945984875765216,,0.0
2024-05-14,27.64,27.65,27.94,27.5,51688.74,143876.035,0.9946043165467626,,0.0
2024-05-15,27.6,27.290000000000003,27.76,27.15,60740.0,167692.751,0.994533527696793,,0.0
2024-05-16,27.360000000000003,27.15,27.75,27.09,65013.79,179287.93,0.9945054945054944,,0.0
2024-05-17,27.35,27.65,27.68,27.06,73811.41,203842.104,0.9946043165467626,,0.0
2024-05-20,27.43,27.83,28.15,27.43,68571.39,192155.502,0.994639027877055,,0.0
2024-05-21,27.84,27.47,27.93,27.32,50520.18,139753.013,0.994569152787835,,0.0
2024-05-22,27.41,27.23,27.56,27.130000000000003,61530.03,168580.589,0.9945215485756028,,0.0
2024-05-23,27.23,26.860000000000003,27.35,26.82,74064.24,201519.725,0.9944465012958164,,0.0
2024-05-24,26.9,26.35,27.0,26.3,71708.05,191170.52,0.9943396226415094,,0.0
2024-05-27,26.35,26.6,26.610000000000003,25.770000000000003,63376.59,166354.597,0.994392523364486,,0.0
2024-05-28,26.64,26.6,27.0,26.37,52297.28,140587.987,0.994392523364486,,0.0
2024-05-29,26.97,26.55,27.270000000000003,26.360000000000003,50081.0,134629.572,0.9943820224719102,,0.0
2024-05-30,26.35,26.62,26.770000000000003,26.110000000000003,49374.99,131934.321,0.9943967127381398,,0.0
2024-05-31,25.18,25.65,25.9,25.09,128517.0,329110.061,1.0,,0.0
2024-06-03,25.61,25.45,26.01,25.27,65813.14,168183.23,1.0,,0.0
2024-06-04,25.35,25.61,25.64,25.2,47866.68,121916.747,1.0,,0.0
2024-06-05,25.62,25.96,26.71,25.62,98769.6,259131.94,1.0,,0.0
2024-06-06,25.9,25.07,26.02,25.01,90080.14,228289.269,1.0,,0.0
2024-06-07,25.07,25.17,25.41,24.87,50865.22,127691.277,1.0,,0.0
2024-06-11,25.17,25.53,25.58,24.85,60617.15,153398.374,1.0,,0.0
2024-06-12,25.63,25.55,25.76,25.42,48788.11,124791.806,1.0,,0.0
2024-06-13,25.6,25.43,25.75,25.31,48086.61,122623.67,1.0,,0.0
2024-06-14,25.3,25.59,25.66,25.23,49968.69,127308.324,1.0,,0.0
2024-06-17,25.58,25.6,25.87,25.42,47153.27,121135.592,1.0,,0.0
2024-06-18,25.63,25.99,26.09,25.51,68286.58,176992.158,1.0,,0.0
2024-06-19,26.29,25.98,26.49,25.9,66325.23,172992.451,1.0,,0.0
2024-06-20,25.75,25.21,25.88,25.19,68161.01,174069.333,1.0,,0.0
2024-06-21,25.21,25.11,25.32,24.88,38634.66,96899.277,1.0,,0.0
2024-06-24,24.99,24.04,25.0,24.0,65461.29,160157.405,1.0,,0.0
2024-06-25,24.04,23.67,24.18,23.4,54711.08,130181.213,1.0,,0.0
2024-06-26,23.67,24.59,24.6,23.42,60046.63,144464.446,1.0,,0.0
2024-06-27,24.55,23.87,24.55,23.84,41013.0,99086.901,1.0,,0.0
2024-06-28,23.85,24.18,24.56,23.78,48234.0,117245.583,1.0,,0.0
2024-07-01,24.18,24.39,24.45,23.91,39298.26,95109.567,1.0,,0.0
2024-07-02,24.4,24.28,24.53,24.2,33235.0,80967.68,1.0,,0.0
2024-07-03,24.29,24.06,24.38,23.98,25642.28,61842.091,1.0,,0.0
2024-07-04,24.0,23.58,24.19,23.53,32606.2,77611.111,1.0,,0.0
2024-07-05,23.5,23.73,23.87,23.25,31010.0,73073.115,1.0,,0.0
2024-07-08,23.7,23.02,23.7,22.92,41475.17,96568.287,1.0,,0.0
2024-07-09,22.99,23.65,23.73,22.85,51274.05,119712.36,1.0,,0.0
2024-07-10,23.2,23.5,23.77,22.65,68494.25,159901.983,1.0,,0.0
2024-07-11,23.79,24.06,24.16,23.77,51598.39,123886.026,1.0,,0.0
2024-07-12,24.0,24.19,24.24,23.82,43313.07,104202.715,1.0,,0.0
2024-07-15,25.5,25.19,26.03,24.96,179199.84,456690.644,1.0,,0.0
2024-07-16,24.67,25.3,25.63,24.55,115047.12,289260.94,1.0,,0.0
2024-07-17,25.11,24.81,25.27,24.81,62082.57,154940.176,1.0,,0.0
2024-07-18,24.54,24.98,25.09,24.32,61632.29,152790.745,1.0,,0.0
2024-07-19,24.89,25.15,25.3,24.8,51981.03,130661.758,1.0,,0.0
2024-07-22,25.24,25.12,25.42,24.95,47171.77,118645.566,1.0,,0.0
2024-07-23,25.08,24.49,25.08,24.44,38534.0,95481.337,1.0,,0.0
2024-07-24,24.47,24.21,24.74,24.19,40512.88,98923.549,1.0,,0.0
2024-07-25,24.5,24.14,24.5,23.95,31620.87,76485.203,1.0,,0.0
2024-07-26,24.2,24.9,24.98,24.2,57141.7,141385.531,1.0,,0.0
2024-07-29,24.8,25.35,25.6,24.79,70874.0,179193.423,1.0,,0.0
2024-07-30,25.38,26.14,26.74,25.3,167168.0,437098.583,1.0,,0.0
2024-07-31,26.56,26.2,26.56,25.7,145127.77,377613.723,1.0,,0.0
2024-08-01,26.14,26.33,26.72,26.01,120199.36,317941.208,1.0,,0.0
2024-08-02,26.0,26.03,27.11,25.86,148714.59,394109.183,1.0,,0.0
2024-08-05,25.64,24.93,26.56,24.93,110615.31,283262.9,1.0,,0.0
2024-08-06,25.3,25.44,25.9,24.95,77309.4,195890.798,1.0,,0.0
2024-08-07,25.62,26.25,26.71,25.61,148126.93,388727.833,1.0,,0.0
2024-08-08,26.05,25.35,26.05,25.28,99154.75,252850.29,1.0,,0.0
2024-08-09,25.36,24.95,25.49,24.91,54793.76,137839.93,1.0,,0.0
2024-08-12,24.76,24.42,24.85,24.27,52524.0,128473.688,1.0,,0.0
2024-08-13,24.4,24.56,24.59,24.23,31776.0,77570.612,1.0,,0.0
2024-08-14,24.56,24.33,24.56,24.3,26354.01,64288.307,1.0,,0.0
2024-08-15,24.25,24.47,24.89,24.13,46246.0,113545.003,1.0,,0.0
2024-08-16,24.38,24.08,24.53,24.08,43158.95,104732.89,1.0,,0.0
2024-08-19,24.09,24.26,24.44,24.01,29810.19,72366.512,1.0,,0.0
2024-08-20,24.31,23.97,24.35,23.82,31751.5,76180.788,1.0,,0.0
2024-08-21,23.8,23.73,24.07,23.67,22466.8,53625.161,1.0,,0.0
2024-08-22,23.72,23.4,23.88,23.35,33810.11,79744.628,1.0,,0.0
2024-08-23,23.4,23.51,23.6,23.26,27663.5,64814.789,1.0,,0.0
2024-08-26,23.51,23.41,23.65,23.31,21457.51,50364.209,1.0,,0.0
2024-08-27,23.41,23.04,23.41,22.88,31887.0,73486.132,1.0,,0.0
2024-08-28,23.12,22.99,23.25,22.97,24352.55,56183.319,1.0,,0.0
2024-08-29,22.99,23.28,23.43,22.88,31953.0,74149.05,1.0,,0.0
2024-08-30,23.25,23.58,23.9,23.25,55085.19,130313.481,1.0,,0.0
2024-09-02,23.58,23.07,23.65,23.06,38725.93,90335.741,1.0,,0.0
2024-09-03,23.2,23.37,23.42,23.06,34484.0,80262.381,1.0,,0.0
2024-09-04,23.18,23.44,23.6,23.13,35008.5,82062.223,1.0,,0.0
2024-09-05,23.49,23.69,23.88,23.49,37407.91,88610.121,1.0,,0.0
2024-09-06,23.7,23.17,23.77,23.13,35941.5,83921.215,1.0,,0.0
2024-09-09,23.17,22.95,23.25,22.91,27501.74,63351.485,1.0,,0.0
2024-09-10,23.0,22.92,23.16,22.51,39627.32,90236.07,1.0,,0.0
2024-09-11,22.79,22.76,22.98,22.66,26352.0,60087.409,1.0,,0.0
2024-09-12,22.76,22.62,22.98,22.6,26661.0,60740.133,1.0,,0.0
2024-09-13,22.62,22.46,22.7,22.4,24713.89,55695.186,1.0,,0.0
2024-09-18,22.46,22.48,22.56,22.13,26666.29,59598.94,1.0,,0.0
2024-09-19,22.78,22.67,22.89,22.32,51890.91,117584.814,1.0,,0.0
2024-09-20,23.29,23.17,23.76,22.81,105300.86,245256.492,1.0,,0.0
2024-09-23,22.87,23.07,23.28,22.82,62083.84,143021.467,1.0,,0.0
2024-09-24,23.11,23.52,23.52,22.7,110028.59,255050.246,1.0,,0.0
2024-09-25,23.73,23.65,24.11,23.61,104117.7,248260.704,1.0,,0.0
2024-09-26,23.58,24.15,24.16,23.48,101170.49,241471.29,1.0,,0.0
2024-09-27,24.32,25.37,25.6,24.32,155983.12,389822.189,1.0,,0.0
2024-09-30,26.23,27.9,27.91,26.14,299537.51,816545.202,1.0,,0.0
2024-10-08,30.69,30.67,30.69,28.13,371365.95,1115358.06,1.0,,0.0
2024-10-09,30.3,27.82,30.3,27.73,256969.46,742355.805,1.0,,0.0
2024-10-10,27.83,28.06,29.03,27.61,179909.53,510051.34,1.0,,0.0
2024-10-11,28.01,26.6,28.01,26.18,146390.13,394184.655,1.0,,0.0
2024-10-14,26.75,27.72,27.85,26.55,154723.18,422555.14,1.0,,0.0
2024-10-15,27.65,27.32,28.13,27.06,132107.16,365204.046,1.0,,0.0
2024-10-16,27.11,26.9,27.3,26.63,98425.54,265597.52,1.0,,0.0
2024-10-17,27.0,26.92,27.62,26.89,105822.83,288033.76,1.0,,0.0
2024-10-18,26.92,27.89,28.48,26.72,186199.98,515480.275,1.0,,0.0
2024-10-21,28.4,29.25,29.68,28.24,266117.45,776061.657,1.0,,0.0
2024-10-22,29.25,28.78,29.35,28.5,155196.25,446627.204,1.0,,0.0
2024-10-23,28.8,28.99,29.68,28.73,172574.84,504641.638,1.0,,0.0
2024-10-24,28.88,28.37,28.94,28.2,98415.69,279997.695,1.0,,0.0
2024-10-25,27.9,28.2,28.53,27.89,120269.85,339511.892,1.0,,0.0
2024-10-28,28.21,28.34,28.66,28.12,108427.86,307091.57,1.0,,0.0
2024-10-29,28.34,27.92,28.75,27.9,117847.75,332077.709,1.0,,0.0
2024-10-30,27.88,28.0,28.25,27.71,92317.12,258188.27,1.0,,0.0
2024-10-31,28.0,28.31,28.5,27.5,139450.7,391594.004,1.0,,0.0
2024-11-01,28.29,27.03,28.29,26.94,144986.54,396726.452,1.0,,0.0
2024-11-04,27.04,27.8,28.1,27.04,107105.52,296791.688,1.0,,0.0
2024-11-05,27.77,28.72,28.99,27.74,166949.31,477299.837,1.0,,0.0
2024-11-06,29.08,29.06,29.77,28.61,240651.23,702321.208,1.0,,0.0
2024-11-07,29.01,29.55,29.86,28.65,195526.37,573069.351,1.0,,0.0
2024-11-08,29.56,30.73,31.99,29.42,394964.74,1219730.854,1.0,,0.0
2024-11-11,30.99,31.46,31.85,30.46,318440.67,996194.511,1.0,,0.0
2024-11-12,31.22,31.15,32.23,30.87,372541.65,1171612.26,1.0,,0.0
2024-11-13,30.81,30.95,31.6,30.49,225977.61,701289.309,1.0,,0.0
2024-11-14,30.8,29.93,30.91,29.91,152612.53,463454.399,1.0,,0.0
2024-11-15,29.78,29.07,30.3,29.02,127318.32,376591.005,1.0,,0.0
2024-11-18,29.04,28.17,29.29,28.01,137057.8,390025.059,1.0,,0.0
2024-11-19,28.21,29.25,29.51,28.21,176664.21,509056.123,1.0,,0.0
2024-11-20,29.0,29.69,29.93,28.8,139810.53,413150.1,1.0,,0.0
2024-11-21,29.39,30.36,30.68,29.31,203866.88,617750.655,1.0,,0.0
2024-11-22,30.19,28.83,30.19,28.78,146517.54,432686.777,1.0,,0.0
2024-11-25,28.83,28.7,29.0,28.02,117436.01,334362.016,1.0,,0.0
2024-11-26,28.67,28.25,28.99,28.22,68293.56,194889.141,1.0,,0.0
2024-11-27,28.25,29.23,29.31,27.76,137795.05,396144.932,1.0,,0.0
2024-11-28,29.29,29.48,30.49,29.2,169530.09,502371.65,1.0,,0.0
2024-11-29,29.5,29.7,30.08,29.13,163848.0,487146.246,1.0,,0.0
2024-12-02,29.58,29.66,29.84,29.38,121758.16,361046.609,1.0,,0.0
2024-12-03,29.65,29.18,29.65,28.92,101913.99,298093.74,1.0,,0.0
2024-12-04,29.18,28.24,29.46,28.11,185501.4,527594.816,1.0,,0.0
2024-12-05,28.24,28.69,28.88,28.12,87722.53,250188.439,1.0,,0.0
2024-12-06,28.88,28.97,29.31,28.59,114800.3,332169.787,1.0,,0.0
2024-12-09,28.7,28.5,28.88,28.34,79036.68,225994.283,1.0,,0.0
2024-12-10,29.25,29.03,29.38,28.86,147277.78,429070.037,1.0,,0.0
2024-12-11,29.01,29.58,30.15,28.92,141041.69,414257.76,1.0,,0.0
2024-12-12,29.5,29.72,29.97,29.29,114384.5,338658.451,1.0,,0.0
2024-12-13,29.53,28.97,29.58,28.93,111709.2,326453.937,1.0,,0.0
2024-12-16,28.87,28.4,28.97,28.3,92126.99,262951.714,1.0,,0.0
2024-12-17,28.4,27.91,28.66,27.83,99606.92,280150.057,1.0,,0.0
2024-12-18,28.05,28.12,28.27,27.78,57772.0,162136.949,1.0,,0.0
2024-12-19,27.89,28.24,28.31,27.74,61353.28,172006.083,1.0,,0.0
2024-12-20,28.25,28.31,28.54,28.07,61264.75,173540.065,1.0,,0.0
2024-12-23,28.28,27.54,28.39,27.52,74442.05,207367.32,1.0,,0.0
2024-12-24,27.65,27.67,27.78,27.23,53104.75,146234.799,1.0,,0.0
2024-12-25,27.68,27.19,27.7,27.0,55817.51,152168.61,1.0,,0.0
2024-12-26,27.25,27.48,27.6,27.17,47797.48,131529.611,1.0,,0.0
2024-12-27,27.6,27.63,28.09,27.42,65801.01,183099.102,1.0,,0.0
2024-12-30,27.63,27.45,27.77,27.22,45480.31,125099.282,1.0,,0.0
2024-12-31,27.45,26.54,27.53,26.51,83571.84,224661.803,1.0,,0.0
2025-01-02,26.67,25.61,26.67,25.29,84725.25,219563.46,1.0,,0.0
2025-01-03,25.61,25.28,25.87,25.18,68453.0,174521.363,1.0,,0.0
2025-01-06,25.28,25.07,25.48,25.0,52415.19,131748.255,1.0,,0.0
2025-01-07,25.18,25.48,25.49,25.03,43942.96,111079.209,1.0,,0.0
2025-01-08,25.4,25.21,25.48,24.63,52997.46,132867.185,1.0,,0.0
2025-01-09,25.1,25.49,25.57,25.0,43528.77,110457.255,1.0,,0.0
2025-01-10,25.44,25.06,25.77,25.03,38953.5,99008.327,1.0,,0.0
2025-01-13,24.88,25.14,25.27,24.7,32397.36,81020.8,1.0,,0.0
2025-01-14,25.26,25.91,26.03,25.09,56128.33,144060.762,1.0,,0.0
2025-01-15,25.91,25.63,25.92,25.53,43833.89,112524.25,1.0,,0.0
2025-01-16,25.15,24.95,25.69,24.6,120662.9,302530.006,1.0,,0.0
2025-01-17,24.82,24.92,25.08,24.5,71735.93,177601.575,1.0,,0.0
2025-01-20,24.99,25.03,25.17,24.77,45176.18,112999.475,1.0,,0.0
2025-01-21,25.08,25.0,25.17,24.79,40104.31,99971.858,1.0,,0.0
2025-01-22,24.91,24.86,24.97,24.6,36241.14,89899.043,1.0,,0.0
2025-01-23,25.0,24.68,25.29,24.66,65044.0,162461.354,1.0,,0.0
2025-01-24,24.66,24.94,24.99,24.54,49142.92,122192.0,1.0,,0.0
2025-01-27,25.04,24.72,25.25,24.68,39245.02,97681.376,1.0,,0.0
2025-02-05,25.0,25.29,25.49,24.88,72912.1,184089.686,1.0,,0.0
2025-02-06,25.34,25.88,25.88,25.11,76901.81,197467.938,1.0,,0.0
2025-02-07,25.88,26.1,26.46,25.79,98301.45,256925.673,1.0,,0.0
2025-02-10,26.26,26.47,26.55,26.12,78851.81,208248.239,1.0,,0.0
2025-02-11,26.48,26.42,26.74,26.08,81378.94,214472.655,1.0,,0.0
2025-02-12,26.4,26.5,26.54,26.2,58575.1,154622.964,1.0,,0.0
2025-02-13,26.51,26.13,26.6,26.1,66567.43,174785.554,1.0,,0.0
2025-02-14,26.0,26.19,26.24,25.88,60423.12,157609.918,1.0,,0.0
2025-02-17,26.2,26.18,26.47,26.1,64535.33,169587.997,1.0,,0.0
2025-02-18,26.2,25.6,26.27,25.47,59138.0,153206.43,1.0,,0.0
2025-02-19,25.6,26.16,26.16,25.6,58770.96,152870.87,1.0,,0.0
2025-02-20,26.16,26.44,26.49,26.01,66267.37,174202.771,1.0,,0.0
2025-02-21,26.41,26.66,26.66,26.31,75816.37,201038.078,1.0,,0.0
2025-02-24,26.64,27.05,27.29,26.51,108644.12,293064.767,1.0,,0.0
2025-02-25,26.92,26.98,27.2,26.6,76265.71,205589.839,1.0,,0.0
2025-02-26,26.98,27.11,27.22,26.88,70763.96,191585.629,1.0,,0.0
2025-02-27,27.01,26.86,27.32,26.5,83293.53,223252.407,1.0,,0.0
2025-02-28,26.6,26.06,26.85,26.02,74947.18,197373.781,1.0,,0.0
2025-03-03,26.04,26.08,26.53,25.9,61283.47,161070.151,1.0,,0.0
2025-03-04,26.07,26.77,26.97,25.96,81794.87,217450.647,1.0,,0.0
2025-03-05,26.75,26.98,27.1,26.58,83095.73,223555.318,1.0,,0.0
2025-03-06,27.2,26.99,27.21,26.8,78370.22,211823.72,1.0,,0.0
2025-03-07,27.1,27.1,27.49,26.88,104523.1,284354.48,1.0,,0.0
2025-03-10,27.12,27.12,27.5,27.0,72515.1,197109.267,1.0,,0.0
2025-03-11,27.02,27.63,27.85,26.84,120345.19,330356.268,1.0,,0.0
2025-03-12,27.64,27.45,27.89,27.39,78924.23,217378.395,1.0,,0.0
2025-03-13,27.35,27.2,27.47,26.91,65130.03,176553.522,1.0,,0.0
2025-03-14,27.19,27.26,27.31,26.9,72894.52,198042.985,1.0,,0.0
2025-03-17,27.27,27.05,27.34,27.01,58261.5,158198.988,1.0,,0.0
2025-03-18,27.08,26.98,27.24,26.92,52192.46,140965.89,1.0,,0.0
2025-03-19,27.12,26.76,27.14,26.7,54616.55,146450.045,1.0,,0.0
2025-03-20,26.69,26.74,27.0,26.53,52864.3,141585.332,1.0,,0.0
2025-03-21,26.53,26.54,27.02,26.48,68595.05,182998.464,1.0,,0.0
2025-03-24,26.68,25.88,26.74,25.43,98021.1,253942.264,1.0,,0.0
2025-03-25,25.88,25.91,26.3,25.71,54661.8,142338.697,1.0,,0.0
2025-03-26,25.91,25.81,26.06,25.73,35173.13,91103.186,1.0,,0.0
2025-03-27,25.66,25.88,25.99,25.2,58111.24,149238.366,1.0,,0.0
2025-03-28,25.88,25.61,26.0,25.58,33220.79,85445.76,1.0,,0.0
2025-03-31,25.49,25.31,25.71,25.1,46195.0,117251.122,1.0,,0.0
2025-04-01,25.41,25.58,25.81,25.36,35106.05,89781.404,1.0,,0.0
2025-04-02,25.59,25.52,25.76,25.41,27270.0,69669.625,1.0,,0.0
2025-04-03,25.4,25.47,25.73,25.32,34287.63,87460.836,1.0,,0.0
2025-04-07,24.5,22.92,24.89,22.92,110134.67,259000.865,1.0,,0.0
2025-04-08,22.59,23.17,23.62,22.59,94934.89,220407.379,1.0,,0.0
2025-04-09,23.18,24.45,24.75,22.83,120761.02,290349.848,1.0,,0.0
2025-04-10,24.6,24.45,24.9,24.24,82366.47,202681.011,1.0,,0.0
2025-04-11,24.25,26.9,26.9,24.2,182437.32,479022.338,1.0,,0.0
2025-04-14,26.9,26.33,26.9,26.19,198887.48,526232.754,1.0,,0.0
2025-04-15,26.19,25.69,26.37,25.67,84895.99,219288.492,1.0,,0.0
2025-04-16,25.62,25.37,25.86,25.01,75637.99,192073.836,1.0,,0.0
2025-04-17,25.16,25.39,25.68,25.08,52550.27,133837.406,1.0,,0.0
2025-04-18,25.47,25.42,26.01,25.25,60665.11,155201.489,1.0,,0.0
2025-04-21,25.5,25.81,26.08,25.36,71805.08,184770.858,1.0,,0.0
2025-04-22,25.7,25.54,25.77,25.48,47765.28,122356.134,1.0,,0.0
2025-04-23,25.65,26.09,26.44,25.58,108108.3,281024.483,1.0,,0.0
2025-04-24,26.0,25.87,26.4,25.76,72844.05,189506.042,1.0,,0.0
2025-04-25,25.99,25.77,26.1,25.71,42986.37,111354.802,1.0,,0.0
2025-04-28,25.9,25.49,26.31,25.47,37897.31,97347.519,1.0,,0.0
2025-04-29,25.49,25.55,25.67,25.35,25802.36,65907.423,1.0,,0.0
2025-04-30,25.53,25.55,25.76,25.52,33027.94,84600.413,1.0,,0.0
2025-05-06,25.69,25.9,25.91,25.66,50633.32,130755.472,1.0,,0.0
2025-05-07,26.27,26.6,26.78,25.96,134222.39,353947.829,1.0,,0.0
2025-05-08,26.5,27.18,27.35,26.3,154459.22,414338.973,1.0,,0.0
2025-05-09,27.24,26.95,27.32,26.55,107114.89,287810.295,1.0,,0.0
2025-05-12,27.0,27.58,28.22,26.7,191830.94,529124.416,1.0,,0.0
2025-05-13,27.6,26.9,27.73,26.82,125404.08,340609.709,1.0,,0.0
2025-05-14,26.88,26.77,27.04,26.62,73736.29,197500.444,1.0,,0.0
2025-05-15,26.78,26.27,26.92,26.21,67566.5,178828.74,1.0,,0.0
2025-05-16,26.23,26.28,26.86,26.23,56794.56,150660.159,1.0,,0.0
2025-05-19,26.86,26.99,27.18,26.6,113715.2,306218.095,1.0,,0.0
2025-05-20,27.17,26.86,27.25,26.77,71627.5,192909.693,1.0,,0.0
2025-05-21,26.87,27.25,27.95,26.87,136007.85,373800.698,1.0,,0.0
2025-05-22,27.02,27.09,27.7,26.9,95363.5,260132.611,1.0,,0.0
2025-05-23,26.95,26.53,27.15,26.51,75802.0,202864.164,1.0,,0.0
2025-05-26,26.52,26.87,26.89,26.4,49733.77,132624.903,1.0,,0.0
2025-05-27,26.86,27.27,27.44,26.56,80252.01,216917.515,1.0,,0.0
2025-05-28,27.2,27.24,27.4,26.95,55421.02,150653.625,1.0,,0.0
2025-05-29,27.09,27.7,27.76,27.06,109481.41,301822.036,1.0,,0.0
2025-05-30,27.56,27.8,28.18,27.4,131148.14,364650.146,1.0,,0.0
2025-06-03,27.8,27.68,28.25,27.61,131762.0,368128.166,1.0,,0.0
2025-06-04,27.54,27.49,27.98,27.37,88927.65,244881.814,1.0,,0.0
2025-06-05,27.5,27.51,27.64,27.23,67566.55,185406.273,1.0,,0.0
2025-06-06,27.58,27.22,27.68,27.2,59130.55,161902.576,1.0,,0.0
2025-06-09,27.25,27.48,27.53,27.25,68308.48,187330.809,1.0,,0.0
2025-06-10,27.48,27.2,27.81,27.11,84518.7,231481.667,1.0,,0.0
2025-06-11,27.2,27.17,27.35,27.06,52730.01,143381.715,1.0,,0.0
2025-06-12,27.11,26.71,27.12,26.7,66735.11,179307.46,1.0,,0.0
2025-06-13,26.81,26.49,26.95,26.2,154785.21,410036.782,1.0,,0.0
2025-06-16,26.49,26.95,27.03,25.95,93339.42,249341.088,1.0,,0.0
2025-06-17,26.9,27.07,27.09,26.62,62822.0,168801.623,1.0,,0.0
2025-06-18,26.99,27.13,27.24,26.83,67933.0,184013.5,1.0,,0.0
2025-06-19,27.11,26.76,27.11,26.57,57086.72,152833.579,1.0,,0.0
2025-06-20,26.74,26.49,26.76,26.44,46554.69,123746.82,1.0,,0.0
2025-06-23,26.6,27.49,27.57,26.58,138381.6,376799.197,1.0,,0.0
2025-06-24,27.2,27.35,27.43,27.03,90448.03,246811.4,1.0,,0.0
2025-06-25,27.35,28.01,28.06,27.3,191559.33,533046.827,1.0,,0.0
2025-06-26,27.97,28.04,28.81,27.8,219008.03,619533.355,1.0,,0.0
2025-06-27,27.98,27.98,28.4,27.94,135763.36,381680.341,1.0,,0.0
2025-06-30,28.13,28.69,28.78,28.06,178101.07,508989.06,1.0,,0.0
2025-07-01,28.69,28.45,28.7,28.3,111819.77,318447.458,1.0,,0.0
2025-07-02,28.4,28.0,28.4,27.89,102504.91,287765.127,1.0,,0.0
2025-07-03,27.93,28.31,28.88,27.9,120570.0,342825.018,1.0,,0.0
2025-07-04,28.2,27.96,28.3,27.82,85344.59,239129.978,1.0,,0.0
2025-07-07,27.89,27.8,27.97,27.65,52727.21,146526.076,1.0,,0.0
2025-07-08,27.79,27.77,27.89,27.71,76238.73,211884.493,1.0,,0.0
2025-07-09,27.75,27.68,27.88,27.58,75029.12,208065.485,1.0,,0.0
2025-07-10,27.56,27.6,27.7,27.36,71838.5,197621.945,1.0,,0.0
2025-07-11,27.63,27.78,27.89,27.56,75941.82,210756.242,1.0,,0.0
2025-07-14,27.74,27.57,27.79,27.5,56000.0,154661.205,1.0,,0.0
2025-07-15,27.6,27.41,27.99,27.26,79314.97,218363.713,1.0,,0.0
2025-07-16,27.4,27.61,27.65,27.35,53973.0,148678.886,1.0,,0.0
2025-07-17,27.61,28.0,28.0,27.5,79735.0,221877.399,1.0,,0.0
2025-07-18,28.0,28.1,28.2,27.82,81435.57,228436.136,1.0,,0.0
2025-07-21,28.11,28.19,28.26,28.01,69598.5,195910.494,1.0,,0.0
2025-07-22,28.2,28.1,28.49,28.01,90532.66,255571.16,1.0,,0.0
2025-07-23,28.01,28.05,28.34,27.87,89538.53,251217.542,1.0,,0.0
2025-07-24,28.01,28.42,28.49,27.91,97700.78,276319.361,1.0,,0.0
2025-07-25,28.42,28.48,28.68,28.3,98533.45,280461.637,1.0,,0.0
2025-07-28,28.47,28.66,28.78,28.35,94423.91,270428.011,1.0,,0.0
2025-07-29,28.67,29.35,29.35,28.48,191203.68,554487.253,1.0,,0.0
2025-07-30,29.35,31.4,32.29,29.21,736987.92,2328544.827,1.0,,0.0
2025-07-31,30.85,30.15,31.2,30.0,460400.64,1406603.962,1.0,,0.0
2025-08-01,30.35,29.67,30.4,29.5,214141.45,637612.428,1.0,,0.0
2025-08-04,29.6,30.08,30.28,29.57,241740.86,724698.362,1.0,,0.0
2025-08-05,30.43,30.57,31.13,30.39,294142.62,902189.208,1.0,,0.0
2025-08-06,30.3,30.89,31.11,30.3,267085.14,823479.812,1.0,,0.0
2025-08-07,30.8,30.76,30.99,30.37,172657.44,529217.6,1.0,,0.0
2025-08-08,30.69,30.58,31.13,30.53,181689.98,559753.585,1.0,,0.0
2025-08-11,30.58,30.87,31.09,30.46,170948.83,527381.52,1.0,,0.0
2025-08-12,30.8,30.52,30.94,30.17,167552.44,510336.292,1.0,,0.0
2025-08-13,30.49,30.56,30.85,30.3,134042.27,409655.249,1.0,,0.0
2025-08-14,30.56,29.82,30.6,29.74,153110.04,460206.339,1.0,,0.0
2025-08-15,29.82,30.21,30.26,29.74,123759.65,371434.096,1.0,,0.0
2025-08-18,30.3,30.63,30.78,30.22,166215.15,507892.068,1.0,,0.0
2025-08-19,30.99,30.41,31.21,30.3,143146.99,437671.683,1.0,,0.0
2025-08-20,30.41,31.48,31.58,30.28,320353.14,998648.751,1.0,,0.0
2025-08-21,31.51,31.28,32.2,30.95,229737.94,720824.047,1.0,,0.0
2025-08-22,31.11,31.79,31.82,31.04,202707.79,637394.636,1.0,,0.0
2025-08-25,32.0,33.08,33.98,31.71,444553.74,1449966.22,1.0,,0.0
2025-08-26,33.45,32.66,33.75,32.6,304372.28,1006394.067,1.0,,0.0
2025-08-27,32.67,31.8,32.98,31.8,257212.17,834187.957,1.0,,0.0
2025-08-28,32.87,33.06,34.14,32.06,495158.76,1645353.1,1.0,,0.0
2025-08-29,33.02,32.96,33.76,32.62,329313.81,1090865.654,1.0,,0.0
2025-09-01,33.03,32.5,33.1,32.18,218216.24,708557.734,1.0,,0.0
2025-09-02,33.49,32.84,33.85,32.05,342418.87,1125075.929,1.0,,0.0
2025-09-03,32.5,30.25,32.51,30.08,333638.18,1030595.078,1.0,,0.0
2025-09-04,30.26,29.0,30.3,28.5,271393.44,797157.494,1.0,,0.0
2025-09-05,29.07,29.3,29.36,28.73,144922.53,421490.868,1.0,,0.0
2025-09-08,29.49,30.51,30.73,29.24,226025.14,676547.553,1.0,,0.0
2025-09-09,30.34,29.61,30.38,29.51,146765.32,438568.77,1.0,,0.0
2025-09-10,29.6,29.78,30.3,29.52,112843.19,338058.223,1.0,,0.0
2025-09-11,29.65,30.17,30.18,29.4,139059.83,415998.109,1.0,,0.0
2025-09-12,30.18,30.0,30.45,29.96,121847.31,368037.189,1.0,,0.0
2025-09-15,30.04,29.77,30.1,29.69,86859.6,258904.049,1.0,,0.0
2025-09-16,29.78,29.92,30.1,29.58,87267.32,260489.86,1.0,,0.0
2025-09-17,29.92,29.68,29.92,29.53,87990.69,261231.535,1.0,,0.0
2025-09-18,29.68,29.33,30.2,29.07,162407.38,482832.005,1.0,,0.0
2025-09-19,29.35,29.41,30.08,29.34,97612.28,289469.71,1.0,,0.0
2025-09-22,29.41,29.33,29.53,29.06,78794.09,230784.549,1.0,,0.0
2025-09-23,29.33,29.0,29.44,28.41,125339.7,360974.605,1.0,,0.0
2025-09-24,28.99,29.53,29.53,28.63,104592.04,305783.433,1.0,,0.0
2025-09-25,29.98,30.09,30.68,29.82,179409.6,540148.383,1.0,,0.0
2025-09-26,29.96,29.58,30.25,29.54,96246.59,287470.265,1.0,,0.0
2025-09-29,29.61,29.44,29.7,28.96,96957.13,283738.478,1.0,,0.0
2025-09-30,29.56,29.92,29.99,29.46,95501.59,284995.113,1.0,,0.0
2025-10-09,30.0,30.19,30.3,29.8,133324.11,401462.454,1.0,,0.0
2025-10-10,30.18,29.75,30.18,29.7,101648.7,303749.07,1.0,,0.0
2025-10-13,28.96,30.12,30.14,28.8,125557.17,373122.267,1.0,,0.0
2025-10-14,30.13,29.7,30.55,29.64,132241.0,397032.49,1.0,,0.0
2025-10-15,29.66,29.98,29.99,29.28,88378.98,262931.751,1.0,,0.0
2025-10-16,29.9,29.48,30.01,29.41,78346.69,231994.459,1.0,,0.0
2025-10-17,29.9,29.08,30.4,29.04,166564.29,495614.137,1.0,,0.0
2025-10-20,29.45,29.71,30.08,29.35,126460.53,375988.143,1.0,,0.0
2025-10-21,29.6,29.72,30.15,29.59,82327.0,244992.904,1.0,,0.0
2025-10-22,29.52,29.28,29.68,29.1,96056.0,281360.196,1.0,,0.0
2025-10-23,29.08,29.1,29.2,28.6,82600.11,238009.45,1.0,,0.0
2025-10-24,29.3,29.99,30.26,29.28,177425.83,531861.655,1.0,,0.0
2025-10-27,30.2,30.55,30.58,29.91,191995.14,581395.461,1.0,,0.0
2025-10-28,30.35,30.74,30.95,30.28,153638.87,471489.547,1.0,,0.0
2025-10-29,30.8,30.82,31.1,30.54,123110.54,378962.391,1.0,,0.0
2025-10-30,30.83,30.44,30.85,30.43,111156.94,340214.129,1.0,,0.0
2025-10-31,30.4,30.11,30.5,29.99,106115.73,320202.374,1.0,,0.0
2025-11-03,30.01,30.79,30.9,29.81,150964.11,459156.0,1.0,,0.0
2025-11-04,30.7,30.23,30.72,29.98,92506.61,280049.662,1.0,,0.0
2025-11-05,30.2,30.08,30.35,29.85,79135.38,238199.612,1.0,,0.0
2025-11-06,30.31,30.06,30.43,29.89,88598.77,266371.691,1.0,,0.0
2025-11-07,30.0,30.45,30.6,29.8,142653.65,432597.082,1.0,,0.0
2025-11-10,30.4,30.57,30.78,30.24,113747.85,347176.141,1.0,,0.0
2025-11-11,30.66,30.09,30.84,30.06,107173.25,325623.231,1.0,,0.0
2025-11-12,30.06,30.43,30.8,29.53,127555.64,382690.49,1.0,,0.0
2025-11-13,30.27,30.81,31.0,29.89,185641.45,570632.221,1.0,,0.0
2025-11-14,30.61,30.35,30.86,30.33,92348.0,282555.396,1.0,,0.0
2025-11-17,30.37,30.64,30.81,30.2,109990.37,335598.695,1.0,,0.0
2025-11-18,30.41,30.25,30.5,29.82,105502.15,317509.953,1.0,,0.0
2025-11-19,30.21,29.75,30.34,29.66,86802.35,259383.042,1.0,,0.0
2025-11-20,29.75,29.77,30.17,29.66,69681.0,207959.835,1.0,,0.0
2025-11-21,29.45,29.03,30.13,28.81,129195.03,377982.616,1.0,,0.0
2025-11-24,29.32,30.46,30.59,29.15,186873.13,561338.935,1.0,,0.0
2025-11-25,30.66,30.54,30.85,30.29,144747.0,443275.956,1.0,,0.0
2025-11-26,30.54,30.05,30.84,30.0,106738.54,322697.051,1.0,,0.0
2025-11-27,29.88,30.52,30.76,29.83,136490.0,416538.639,1.0,,0.0
2025-11-28,30.6,30.77,30.9,30.41,105565.71,323864.038,1.0,,0.0
2025-12-01,30.82,31.28,31.47,30.82,159200.25,497294.64,1.0,,0.0
2025-12-02,31.17,31.1,31.3,30.91,96730.96,300735.184,1.0,,0.0
2025-12-03,30.98,30.55,31.12,30.35,126659.16,388263.831,1.0,,0.0
2025-12-04,30.34,31.05,31.15,30.32,142666.94,440202.084,1.0,,0.0
2025-12-05,30.85,31.4,31.49,30.73,173627.65,541887.114,1.0,,0.0
2025-12-08,31.5,31.57,32.36,31.41,279476.05,890084.882,1.0,,0.0
2025-12-09,31.37,31.75,32.13,31.29,192000.59,609234.363,1.0,,0.0
2025-12-10,31.6,31.98,32.44,31.34,181713.14,579489.013,1.0,,0.0
2025-12-11,32.14,31.8,32.6,31.77,221954.3,714707.006,1.0,,0.0
2025-12-12,31.57,31.64,32.24,31.52,200643.74,639955.985,1.0,,0.0
2025-12-15,31.54,31.74,32.2,31.14,166232.84,528081.599,1.0,,0.0
2025-12-16,32.1,32.2,32.76,30.89,298016.58,949379.921,1.0,,0.0
2025-12-17,32.16,32.12,33.0,31.66,243414.17,784854.047,1.0,,0.0
2025-12-18,31.8,32.45,32.97,31.66,291696.44,949486.205,1.0,,0.0
2025-12-19,32.37,33.12,33.39,32.31,286311.72,945798.637,1.0,,0.0
2025-12-22,33.9,36.43,36.43,33.66,303275.87,1085042.65,1.0,,0.0
2025-12-23,36.83,34.45,37.52,34.17,807931.96,2871637.484,1.0,,0.0
2025-12-24,33.61,37.35,37.65,33.61,797894.17,2904574.773,1.0,,0.0
2025-12-25,36.5,38.34,39.93,36.46,840041.18,3210448.624,1.0,,0.0
2025-12-26,39.0,42.17,42.17,38.34,1147223.84,4737074.487,1.0,,0.0
2025-12-29,41.0,41.72,43.2,40.88,1080760.97,4542532.908,1.0,,0.0
2025-12-30,40.35,41.3,44.2,39.6,1020586.16,4231044.016,1.0,,0.0
2025-12-31,40.33,45.43,45.43,40.33,927496.59,4051736.937,1.0,,0.0
2026-01-05,49.8,49.97,49.97,45.49,1187145.26,5684711.045,1.0,,0.0
2026-01-06,49.98,54.97,54.97,49.98,748032.36,3994802.076,1.0,,0.0
2026-01-07,58.8,57.7,60.47,56.58,1474886.86,8589423.973,1.0,,0.0
2026-01-08,55.88,59.69,62.5,53.95,1368676.22,7868525.619,1.0,,0.0
2026-01-09,59.1,60.82,63.19,57.81,1216138.21,7352153.878,1.0,,0.0
2026-01-12,62.3,66.9,66.9,60.82,1177180.41,7626503.193,1.0,,0.0
2026-01-13,64.0,60.21,65.5,60.21,509529.17,3116227.364,1.0,,0.0
2026-01-14,54.3,54.23,60.22,54.19,1216260.49,6759872.971,1.0,,0.0
2026-01-15,52.67,52.33,53.9,50.3,1037254.7,5379186.374,1.0,,0.0
2026-01-16,52.53,49.93,53.2,49.78,734353.82,3741039.494,1.0,,0.0
2026-01-19,49.5,49.43,50.48,49.38,484589.89,2417802.817,1.0,,0.0
2026-01-20,49.43,47.62,49.95,46.69,595551.66,2852676.155,1.0,,0.0
2026-01-21,47.3,46.6,48.44,46.51,372942.13,1763401.939,1.0,,0.0
2026-01-22,46.61,47.54,48.0,46.18,504447.86,2388231.65,1.0,,0.0
2026-01-23,47.2,49.69,50.42,46.59,918279.37,4507803.424,1.0,,0.0
2026-01-26,49.0,45.32,49.0,45.02,731029.77,3392842.278,1.0,,0.0
2026-01-27,45.32,45.65,46.18,44.39,391998.54,1772389.337,1.0,,0.0
2026-01-28,45.7,44.63,45.85,44.39,288257.83,1292723.464,1.0,,0.0
2026-01-29,44.37,44.34,45.36,44.0,282722.79,1263877.278,1.0,,0.0
2026-01-30,44.29,43.67,44.56,43.15,248240.39,1085403.931,1.0,,0.0
2026-02-02,43.86,43.94,44.56,43.11,231358.18,1012643.221,1.0,,0.0
2026-02-03,43.76,44.75,44.98,43.22,404329.71,1794385.455,1.0,,0.0
2026-02-04,44.46,44.88,45.73,44.07,348355.28,1561116.079,1.0,,0.0
2026-02-05,44.0,44.27,44.98,43.77,239554.04,1060680.467,1.0,,0.0
2026-02-06,44.54,44.11,45.18,43.63,291802.67,1297665.381,1.0,,0.0
2026-02-09,44.72,44.99,45.11,44.37,274255.51,1229546.324,1.0,,0.0
2026-02-10,45.01,44.08,45.03,43.69,201381.21,890164.756,1.0,,0.0
2026-02-11,44.6,43.55,44.65,43.51,201654.12,887988.864,1.0,,0.0
2026-02-12,43.25,43.1,43.78,43.1,156126.25,676570.31,1.0,,0.0
2026-02-13,43.11,42.54,43.37,42.52,142487.67,611909.563,1.0,,0.0
2026-02-24,42.96,42.65,43.35,42.62,138970.94,597084.194,1.0,,0.0
2026-02-25,42.65,43.53,43.79,42.4,179589.52,776913.311,1.0,,0.0
2026-02-26,43.24,43.76,44.05,43.11,166885.52,729257.141,1.0,,0.0
2026-02-27,43.88,43.8,44.17,43.5,160409.3,702637.24,1.0,,0.0
2026-03-02,44.6,45.65,47.01,43.75,800907.09,3648683.726,1.0,,0.0
2026-03-03,45.4,41.09,45.47,41.09,573345.49,2433725.593,1.0,,0.0
2026-03-04,40.8,41.59,42.17,40.61,267860.34,1116161.002,1.0,,0.0
2026-03-05,42.16,41.88,42.5,41.17,225049.92,938306.164,1.0,,0.0
2026-03-06,41.48,41.82,42.48,41.35,173939.45,728381.205,1.0,,0.0
2026-03-09,42.3,44.84,46.0,42.1,879535.04,3936285.679,1.0,,0.0
2026-03-10,44.01,44.31,44.98,43.51,574755.68,2538124.539,1.0,,0.0
2026-03-11,44.44,45.65,45.9,44.0,572410.03,2593700.531,1.0,,0.0
2026-03-12,45.01,43.85,45.1,43.31,404281.34,1783287.419,1.0,,0.0
2026-03-13,43.36,45.7,48.24,41.95,679310.39,3091482.904,1.0,,0.0
2026-03-16,45.75,47.99,48.0,45.12,724571.03,3399652.214,1.0,,0.0
2026-03-17,48.0,46.56,48.01,46.2,481206.69,2248641.963,1.0,,0.0
2026-03-18,47.43,47.08,47.7,45.08,441193.99,2047299.68,1.0,,0.0
2026-03-19,45.44,44.6,46.17,44.5,329766.51,1497017.87,1.0,,0.0
2026-03-20,44.76,41.18,45.0,40.66,405982.27,1725760.151,1.0,,0.0
2026-03-23,39.38,37.61,39.71,37.15,384755.43,1478182.414,1.0,,0.0
2026-03-24,38.12,37.94,38.48,36.64,278976.28,1045647.143,1.0,,0.0
2026-03-25,37.96,38.29,38.98,37.96,242272.05,931662.012,1.0,,0.0
2026-03-26,39.0,36.99,39.28,36.66,268087.5,1004320.488,1.0,,0.0
2026-03-27,36.53,37.04,37.45,36.04,201163.44,739194.551,1.0,,0.0
2026-03-30,36.44,37.87,38.08,36.3,218155.98,814102.714,1.0,,0.0
2026-03-31,37.89,37.88,39.1,37.83,236902.88,910266.788,1.0,,0.0
2026-04-01,38.4,37.61,38.58,37.23,171999.53,646924.446,1.0,,0.0
2026-04-02,37.6,36.66,37.75,36.31,141150.72,520692.954,1.0,,0.0
2026-04-03,36.83,35.78,37.0,35.72,148978.92,538090.704,1.0,,0.0
2026-04-07,35.93,36.31,36.49,35.85,128936.32,467268.385,1.0,,0.0
2026-04-08,37.03,38.29,38.3,37.02,197532.64,746002.655,1.0,,0.0
2026-04-09,37.81,37.74,38.19,37.53,139703.83,528258.357,1.0,,0.0
2026-04-10,37.92,37.79,38.45,37.76,132184.12,503281.627,1.0,,0.0
2026-04-13,37.49,37.68,38.07,37.35,131011.27,495293.209,1.0,,0.0
2026-04-14,38.04,38.47,38.47,37.53,186104.17,707786.128,1.0,,0.0
2026-04-15,38.76,38.2,39.26,38.09,183810.17,711778.239,1.0,,0.0
2026-04-16,38.21,38.38,38.52,37.95,127494.57,487975.861,1.0,,0.0
2026-04-17,38.27,38.48,38.76,38.06,111096.83,426607.768,1.0,,0.0
2026-04-20,38.48,40.12,40.2,38.32,339171.25,1348841.988,1.0,,0.0
2026-04-21,40.0,39.77,40.5,39.46,212439.49,845014.875,1.0,,0.0
2026-04-22,39.46,39.99,40.28,38.97,173791.98,691552.921,1.0,,0.0
2026-04-23,39.99,39.33,40.3,39.11,184203.87,730638.104,1.0,,0.0
2026-04-24,39.03,38.08,39.31,37.91,163870.06,627957.864,1.0,,0.0
2026-04-27,39.8,40.21,41.0,39.8,340097.35,1373148.829,1.0,,0.0
2026-04-28,39.95,39.3,40.4,39.12,199045.74,786916.688,1.0,,0.0
2026-04-29,38.88,39.96,40.78,38.81,197505.05,788285.789,1.0,,0.0
2026-04-30,39.86,40.9,41.12,39.73,247937.51,1006190.109,1.0,,0.0
2026-05-06,40.9,42.0,43.19,40.9,328897.05,1389159.419,1.0,,0.0
2026-05-07,42.49,44.05,44.85,41.79,426965.86,1842895.563,1.0,,0.0
2026-05-08,43.74,44.05,44.24,43.2,345492.49,1509046.957,1.0,,0.0
2026-05-11,44.51,44.35,44.77,43.73,327033.03,1446977.489,1.0,,0.0
2026-05-12,44.36,42.94,44.38,42.83,268956.01,1161093.817,1.0,,0.0
2026-05-13,42.65,43.32,43.98,42.09,209454.47,905276.523,1.0,,0.0
2026-05-14,43.32,41.14,43.46,41.13,227097.04,952590.14,1.0,,0.0
2026-05-15,41.14,40.18,41.85,39.85,218041.74,881483.626,1.0,,0.0
2026-05-18,39.8,40.84,41.58,39.68,151735.55,622102.34,1.0,,0.0
2026-05-19,40.7,40.55,41.05,39.89,133251.13,538880.756,1.0,,0.0
2026-05-20,40.03,39.67,40.43,39.29,142448.15,565000.578,1.0,,0.0
2026-05-21,40.02,38.28,40.76,38.18,183624.61,725479.093,1.0,,0.0
2026-05-22,38.7,38.87,39.13,37.91,130295.59,504359.625,1.0,,0.0
2026-05-25,39.22,38.95,39.8,38.38,131048.15,511438.811,1.0,,0.0
2026-05-26,38.75,37.67,38.75,37.01,158625.01,596098.138,1.0,,0.0
2026-05-27,37.61,36.8,38.21,36.43,146915.5,547498.15,1.0,,0.0
2026-05-28,36.66,36.81,37.2,36.01,123828.85,453504.782,1.0,,0.0
2026-05-29,36.82,34.14,36.91,33.92,224007.4,782206.99716,1.0,,0.0
2026-06-01,34.01,34.1,34.78,33.88,121736.68,418372.81914,1.0,,0.0
2026-06-02,34.11,33.68,34.4,32.82,136040.94,456198.04862,1.0,,0.0
2026-06-03,33.62,34.38,35.17,33.1,163174.36,561776.60536,1.0,,0.0
2026-06-04,34.12,34.15,34.66,33.8,93704.81,320061.835,1.0,,0.0
2026-06-05,34.35,34.94,35.47,33.89,224089.73,780688.997,1.0,,0.0
2026-06-08,33.9,33.12,35.03,32.7,190189.0,641245.32229,1.0,,0.0
2026-06-09,33.25,33.9,34.04,32.94,150440.95,505599.58034,1.0,,0.0
2026-06-10,33.51,33.02,34.39,32.71,116324.59,387415.95114,1.0,,0.0
2026-06-11,32.76,33.0,33.23,32.2,106206.07,347445.49484,1.0,,0.0
2026-06-12,33.3,33.76,34.45,33.05,155325.48,526725.82193,1.0,,0.0
2026-06-15,33.6,33.63,33.91,33.33,136290.65,457190.55325,1.0,,0.0
2026-06-16,33.8,33.39,33.95,33.14,131807.46,441220.52441,1.0,,0.0
2026-06-17,33.2,33.45,33.93,33.09,128722.74,431038.39731,1.0,,0.0
2026-06-18,33.18,33.32,33.8,32.8,130660.13,435697.67372,1.0,,0.0
2026-06-22,33.17,33.26,33.58,31.99,187370.11,612000.51394,1.0,,0.0
2026-06-23,32.9,32.12,33.01,31.86,136132.96,442124.92483,1.0,,0.0
2026-06-24,32.12,32.6,32.88,31.42,145725.22,468199.8323,1.0,,0.0
2026-06-25,32.48,31.72,32.8,31.52,143274.29,456181.9846,1.0,,0.0
2026-06-26,31.48,31.26,32.09,30.66,206426.66,649370.5352,1.0,,0.0
2026-06-29,31.0,30.63,31.2,30.14,167802.35,512671.16557,1.0,,0.0
2026-06-30,30.64,31.75,32.07,30.46,178234.19,561138.40118,1.0,,0.0
2026-07-01,32.13,32.83,33.94,32.13,225849.33,748861.39655,1.0,,0.0
2026-07-02,32.63,31.34,32.78,31.31,159562.74,511250.87751,1.0,,0.0
2026-07-03,31.41,32.45,32.86,31.36,180454.41,581959.81799,1.0,,0.0
2026-07-06,32.51,30.99,33.24,30.88,189882.18,597832.58181,1.0,,0.0
2026-07-07,30.99,30.46,31.43,30.33,121662.66,374005.59672,1.0,,0.0
2026-07-08,30.44,29.61,30.69,29.57,122624.21,366842.52332,1.0,,0.0
2026-07-09,29.62,30.46,30.64,29.07,134751.69,401337.70474,1.0,,0.0
2026-07-10,30.27,32.61,33.51,29.84,457384.22,1486232.78086,1.0,,0.0
2026-07-13,32.16,29.35,32.2,29.35,395969.7,1183633.33425,1.0,,0.0
2026-07-14,30.5,29.92,30.97,28.7,348222.17,1039319.59109,1.0,,0.0
2026-07-15,29.93,29.42,30.28,29.23,223965.57,664173.52592,1.0,,0.0
2026-07-16,29.12,28.68,29.6,28.61,176865.79,512192.13086,1.0,,0.0
2026-07-17,28.5,27.09,28.52,26.9,222417.01,616472.41889,1.0,,0.0
2026-07-20,27.2,26.86,27.49,26.15,184540.47,497388.92992,1.0,,0.0
2026-07-21,26.91,27.79,27.82,26.25,207721.19,565873.87519,1.0,,0.0
2026-07-22,27.59,26.99,27.85,26.93,157522.98,429976.37635,1.0,,0.0
2026-07-23,26.99,27.63,27.77,26.86,130475.28,357141.14885,1.0,,0.0
2026-07-24,27.32,26.93,27.76,26.91,118205.09,322004.12249,1.0,,0.0
2026-07-27,26.72,27.54,27.7,26.61,132701.54,363787.65788,1.0,,0.0
2026-07-28,27.27,27.49,27.65,27.18,97255.5,266654.4845,1.0,,0.0
2026-07-29,27.42,28.05,28.17,27.02,155759.33,431372.48225,1.0,,0.0
2026-07-30,27.89,28.0,28.3,27.6,147326.62,412357.78557,1.0,,0.0
2026-07-31,28.5,28.42,28.8,28.18,169642.38,483753.12736,1.0,,0.0
2026-08-03,28.35,29.18,29.26,28.29,139433.49,403309.16727,1.0,,0.0
2026-08-04,29.48,29.45,29.57,29.1,124751.34,366257.35571,1.0,,0.0
2026-08-05,29.65,29.65,29.92,29.39,141320.34,419789.66327,1.0,,0.0
2026-08-06,29.5,29.51,29.93,29.16,137444.01,406521.39853,1.0,,0.0
2026-08-07,29.52,29.68,29.75,28.94,139615.55,409787.1978,1.0,,0.0
2026-08-10,29.69,29.9,29.96,29.13,122856.56,363394.70142,1.0,,0.0
2026-08-11,29.05,29.23,29.55,28.66,122366.17,357411.28647,1.0,,0.0
2026-08-12,29.23,29.56,29.72,29.1,88315.16,260198.7972,1.0,1.9944,0.0
2026-08-13,29.79,29.18,29.95,29.18,97264.92,287736.01009,1.0,2.2,0.0
2026-08-14,29.2,29.18,29.39,28.87,85902.91,250610.70648,1.0,1.94,0.0
2026-08-17,29.3,30.28,30.29,29.04,151568.94,451892.66531,1.0,0.0,0.0
2026-08-18,30.31,29.97,30.32,29.67,100666.62,300975.05316,1.0,0.0,0.0
2026-08-19,30.49,28.22,30.49,28.12,238241.0,687999.07225,1.0,0.0,0.0
2026-08-20,28.71,27.95,28.71,27.85,115910.15,326145.99956,1.0,2.135,2.6176
2026-08-21,27.7,28.0,28.2,27.57,81555.95,227894.57243,1.0,1.5022,1.8418
2026-08-24,27.86,27.72,28.16,27.34,84056.33,232753.1461,1.0,1.5483,1.8982
2026-08-25,27.61,28.41,28.68,27.37,94425.56,264505.88644,1.0,1.7392,2.1324
2026-08-26,28.26,28.27,28.77,28.17,74614.06,211885.40563,1.0,1.3743,1.685
2026-08-27,28.58,29.22,29.46,28.35,153115.42,441907.7386,1.0,2.8203,3.4578
2026-08-28,29.22,28.96,29.4,28.91,89430.79,259968.14852,1.0,1.6472,2.0196
2026-08-31,28.65,28.88,28.95,28.43,82155.69,235950.08332,1.0,1.5132,1.8553
2026-09-01,28.8,28.97,29.08,28.65,75811.27,218868.3208,1.0,1.3964,1.712
2026-09-02,28.71,28.73,29.04,28.56,81139.34,233595.6565,1.0,1.4945,1.8324
2026-09-03,28.9,28.48,28.92,28.35,68839.0,196897.63863,1.0,1.268,1.5546
2026-09-04,28.53,28.48,29.1,28.39,112651.98,324404.49304,1.0,2.075,2.544
2026-09-07,28.62,28.33,28.68,28.26,69547.04,197622.64178,1.0,1.281,1.5706
2026-09-08,28.39,28.71,28.85,28.17,85218.02,244005.454,1.0,1.5697,1.9245
2026-09-09,28.8,28.95,29.26,28.59,114371.17,330842.93151,1.0,2.1066,2.5828
2026-09-10,28.77,28.8,29.19,28.54,84270.38,243298.13847,1.0,1.5522,1.9031
2026-09-11,28.65,28.9,28.98,28.03,121163.61,345229.80464,1.0,2.2317,2.7362
2026-09-14,28.9,28.4,28.97,28.32,93199.77,265792.59344,1.0,1.7167,2.1047
2026-09-15,28.52,28.07,28.62,28.06,80560.36,227725.9715,1.0,1.4839,1.8193
2026-09-16,28.1,28.61,28.7,27.94,97676.31,277419.80329,1.0,1.7991,2.2058
2026-09-17,28.47,28.02,28.66,27.92,88964.03,250617.60085,1.0,1.6386,2.0091
2026-09-18,28.29,28.81,29.0,28.1,128262.19,368520.63378,1.0,2.3625,2.8965
2026-09-21,28.99,29.21,29.58,28.89,122177.5,357149.95584,1.0,2.2504,2.7591
2026-09-22,29.5,29.75,30.52,29.12,331359.97,990185.65437,1.0,6.1034,7.483
2026-09-23,30.3,29.84,30.75,29.75,266986.18,805054.85199,1.0,4.9177,6.0293
