date,open,close,high,low,volume,money,factor,turnover,turnover_free
2021-05-10,15.39,15.490000000000002,15.56,15.37,23072.59,37299.067,0.9579468150896724,,0.0
2021-05-11,15.510000000000002,15.5,15.61,15.38,19445.63,31431.999,0.957972805933251,,0.0
2021-05-12,15.47,15.57,15.66,15.32,27430.56,44257.228,0.958153846153846,,0.0
2021-05-13,15.510000000000002,15.75,15.89,15.44,33371.8,54780.087,0.9586122945830796,,0.0
2021-05-14,15.88,15.77,15.88,15.670000000000002,29854.97,49071.356,0.9586626139817628,,0.0
2021-05-17,15.81,15.96,16.03,15.71,31028.42,51433.853,0.9591346153846154,,0.0
2021-05-18,15.98,15.87,16.01,15.82,17147.3,28408.645,0.9589123867069488,,0.0
2021-05-19,15.87,15.670000000000002,15.98,15.62,21629.08,35485.863,0.9584097859327216,,0.0
2021-05-20,15.68,15.59,15.89,15.55,20056.59,32810.492,0.9582052858020896,,0.0
2021-05-21,15.47,15.420000000000002,15.61,15.4,26266.92,42374.576,0.9577639751552796,,0.0
2021-05-24,15.39,15.46,15.57,15.32,16961.89,27367.843,0.9578686493184636,,0.0
2021-05-25,15.510000000000002,15.6,15.62,15.46,18639.68,30301.976,0.9582309582309584,,0.0
2021-05-26,15.59,15.6,15.84,15.5,34584.66,56459.092,0.9582309582309584,,0.0
2021-05-27,15.6,15.68,15.7,15.46,24770.24,40412.427,0.9584352078239609,,0.0
2021-05-28,15.68,15.62,15.8,15.55,33078.27,54047.297,0.9582822085889572,,0.0
2021-05-31,15.580000000000002,15.79,15.82,15.420000000000002,29473.07,48139.921,0.9587128111718276,,0.0
2021-06-01,15.760000000000002,15.82,15.95,15.72,32168.15,53087.377,0.9587878787878787,,0.0
2021-06-02,15.97,16.32,16.59,15.82,85663.0,145612.419,0.96,,0.0
2021-06-03,16.27,16.12,16.42,16.12,37131.85,62651.077,0.9595238095238096,,0.0
2021-06-04,16.13,16.14,16.4,16.05,26086.5,44024.076,0.9595719381688468,,0.0
2021-06-07,16.16,15.93,16.26,15.9,32478.81,54166.267,0.959060806742926,,0.0
2021-06-08,16.09,15.82,16.09,15.78,27094.79,44941.226,0.9587878787878787,,0.0
2021-06-09,16.01,15.88,16.01,15.81,19879.2,32900.336,0.9589371980676328,,0.0
2021-06-10,15.88,15.87,15.920000000000002,15.75,21386.66,35295.353,0.9589123867069488,,0.0
2021-06-11,15.85,15.65,16.0,15.61,30936.38,50875.782,0.9583588487446416,,0.0
2021-06-15,15.54,15.48,15.68,15.420000000000002,25539.69,41270.66,0.957920792079208,,0.0
2021-06-16,15.5,15.18,15.52,15.17,35189.82,56196.622,0.957124842370744,,0.0
2021-06-17,15.18,15.14,15.32,15.14,22047.36,35013.255,0.9570164348925412,,0.0
2021-06-18,15.14,15.38,15.38,15.1,21278.02,33853.564,0.9576587795765878,,0.0
2021-06-21,15.330000000000002,15.34,15.420000000000002,15.24,19904.39,31847.327,0.9575530586766542,,0.0
2021-06-22,15.36,15.37,15.47,15.31,19823.48,31797.158,0.957632398753894,,0.0
2021-06-23,15.38,15.47,15.54,15.25,26049.11,41835.429,0.9578947368421052,,0.0
2021-06-24,15.48,15.36,15.510000000000002,15.3,19183.56,30802.976,0.9576059850374063,,0.0
2021-06-25,15.36,15.35,15.43,15.28,22045.21,35313.414,0.9575795383655646,,0.0
2021-06-28,15.32,15.35,15.36,15.25,17626.65,28169.535,0.9575795383655646,,0.0
2021-06-29,15.34,15.19,15.37,15.17,17787.91,28367.671,0.957151858853182,,0.0
2021-06-30,15.19,15.25,15.31,15.14,16913.6,26872.558,0.9573132454488388,,0.0
2021-07-01,15.23,15.3,15.47,15.18,24123.19,38691.611,0.9574468085106383,,0.0
2021-07-02,15.31,15.15,15.31,15.12,19270.59,30559.762,0.9570435881238156,,0.0
2021-07-05,15.02,14.98,15.23,14.87,24274.42,38071.089,0.9565772669220944,,0.0
2021-07-06,15.06,14.92,15.13,14.87,20759.9,32154.149,0.965695792880259,,0.0
2021-07-07,15.02,14.86,15.03,14.83,22090.2,34099.164,0.9655620532813516,,0.0
2021-07-08,14.87,14.66,14.91,14.59,25733.6,39151.217,0.9651086240947993,,0.0
2021-07-09,14.65,14.73,14.77,14.6,13217.88,20134.69,0.9652686762778506,,0.0
2021-07-12,14.77,14.88,14.92,14.7,18848.33,28963.709,0.9656067488643738,,0.0
2021-07-13,14.87,14.96,14.96,14.76,14336.98,22040.31,0.9657843770174308,,0.0
2021-07-14,14.95,14.84,15.05,14.84,20891.5,32297.802,0.9655172413793104,,0.0
2021-07-15,14.8,14.78,14.87,14.66,16585.07,25298.156,0.9653821032005224,,0.0
2021-07-16,14.78,14.65,14.8,14.64,20323.49,30934.574,0.9650856389986824,,0.0
2021-07-19,14.64,14.59,14.7,14.51,16877.16,25470.643,0.96494708994709,,0.0
2021-07-20,14.67,14.66,14.76,14.54,14816.33,22486.895,0.9651086240947993,,0.0
2021-07-21,14.66,14.78,14.89,14.62,21824.52,33303.149,0.9653821032005224,,0.0
2021-07-22,14.78,14.61,14.78,14.6,19665.98,29841.385,0.964993394980185,,0.0
2021-07-23,14.62,14.54,14.74,14.5,29323.74,44370.346,0.964830789648308,,0.0
2021-07-26,14.52,14.11,14.53,14.05,38469.35,56799.756,0.9637978142076504,,0.0
2021-07-27,14.11,14.28,14.28,13.99,25949.95,38113.607,0.9642133693450372,,0.0
2021-07-28,14.27,14.29,14.55,14.08,34733.85,51625.967,0.964237516869096,,0.0
2021-07-29,14.31,14.1,14.43,14.05,23006.0,33805.579,0.963773069036227,,0.0
2021-07-30,14.16,14.57,14.63,13.7,66958.16,98369.679,0.9649006622516556,,0.0
2021-08-02,14.34,14.45,14.62,14.22,31047.8,46467.384,0.964619492656876,,0.0
2021-08-03,15.47,15.95,15.95,15.47,206936.92,340762.643,0.9678398058252428,,0.0
2021-08-04,15.95,16.93,17.439999999999998,15.730000000000002,365696.21,624127.61,0.9696449026345932,,0.0
2021-08-05,16.68,17.0,17.33,16.43,210011.26,364890.948,0.9697661152310324,,0.0
2021-08-06,16.86,16.27,16.99,16.049999999999997,124217.06,209843.589,0.9684523809523808,,0.0
2021-08-09,16.169999999999998,16.939999999999998,17.64,16.169999999999998,124863.58,218757.727,0.9696622781911848,,0.0
2021-08-10,16.81,16.72,16.93,16.529999999999998,62672.02,107829.737,0.9692753623188404,,0.0
2021-08-11,16.59,16.27,16.64,16.23,77283.75,130687.652,0.9684523809523808,,0.0
2021-08-12,16.23,16.29,16.549999999999997,16.22,54887.79,92655.721,0.968489892984542,,0.0
2021-08-13,16.119999999999997,15.95,16.349999999999998,15.58,83351.03,136564.786,0.9678398058252428,,0.0
2021-08-16,15.94,16.049999999999997,16.169999999999998,15.730000000000002,45650.19,75466.795,0.9680337756332932,,0.0
2021-08-17,16.049999999999997,15.7,16.06,15.69,43977.24,71964.408,0.9673444239063465,,0.0
2021-08-18,15.77,15.88,15.980000000000002,15.62,38487.58,62795.946,0.967702620353443,,0.0
2021-08-19,15.86,15.77,16.16,15.72,31954.48,52281.858,0.9674846625766872,,0.0
2021-08-20,15.77,15.47,15.95,15.27,43674.77,69983.453,0.966875,,0.0
2021-08-23,15.480000000000002,15.660000000000002,15.7,15.38,32471.39,52107.812,0.9672637430512664,,0.0
2021-08-24,15.61,15.590000000000002,15.61,15.44,29020.03,46572.919,0.96712158808933,,0.0
2021-08-25,15.63,16.38,16.64,15.47,100792.78,169171.839,0.9686575990538142,,0.0
2021-08-26,16.09,16.169999999999998,16.38,16.08,48819.86,81797.065,0.9682634730538922,,0.0
2021-08-27,15.62,15.08,15.76,14.72,94127.67,148909.369,0.9660474055092888,,0.0
2021-08-30,15.07,15.16,15.23,14.77,31263.11,48673.426,0.9662205226258764,,0.0
2021-08-31,15.14,15.27,15.27,14.82,25334.36,39313.324,0.9664556962025316,,0.0
2021-09-01,15.08,15.43,15.61,15.08,31211.53,49728.173,0.9667919799498748,,0.0
2021-09-02,15.47,15.46,15.51,15.37,19528.6,31164.886,0.9668542839274546,,0.0
2021-09-03,15.41,15.54,15.71,15.34,23561.64,37852.781,0.9670192906036092,,0.0
2021-09-06,15.54,15.640000000000002,15.74,15.47,28872.8,46647.248,0.9672232529375387,,0.0
2021-09-07,15.67,15.55,15.750000000000002,15.43,32644.47,52389.377,0.967039800995025,,0.0
2021-09-08,15.56,15.86,15.980000000000002,15.56,42019.8,68766.519,0.9676632092739476,,0.0
2021-09-09,15.890000000000002,15.86,15.97,15.74,26934.11,44149.773,0.9676632092739476,,0.0
2021-09-10,15.86,16.029999999999998,16.08,15.77,35011.76,57660.618,0.9679951690821256,,0.0
2021-09-13,16.029999999999998,15.94,16.209999999999997,15.890000000000002,27891.69,46160.971,0.9678202792956891,,0.0
2021-09-14,16.0,15.590000000000002,16.0,15.58,30977.02,50443.311,0.96712158808933,,0.0
2021-09-15,15.570000000000002,15.49,15.7,15.35,21505.24,34510.705,0.966916354556804,,0.0
2021-09-16,15.44,15.45,15.63,15.37,22813.73,36580.724,0.9668335419274092,,0.0
2021-09-17,15.38,15.640000000000002,15.71,15.37,22616.56,36351.335,0.9672232529375387,,0.0
2021-09-22,15.52,15.3,15.58,15.18,24427.94,38790.534,0.9665192672141504,,0.0
2021-09-23,15.38,15.53,15.6,15.33,21149.2,33883.519,0.9669987546699876,,0.0
2021-09-24,15.63,15.56,15.660000000000002,15.43,16254.21,26109.37,0.9670602858918584,,0.0
2021-09-27,15.55,15.56,15.7,15.4,22434.08,36120.188,0.9670602858918584,,0.0
2021-09-28,15.570000000000002,15.52,15.6,15.43,14819.41,23747.367,0.9669781931464176,,0.0
2021-09-29,15.45,14.93,15.49,14.9,30788.58,47974.159,0.9657179818887452,,0.0
2021-09-30,15.0,14.97,15.13,14.9,16856.53,26186.909,0.9658064516129032,,0.0
2021-10-08,15.07,15.4,15.570000000000002,15.05,26082.45,41408.584,0.9667294413057124,,0.0
2021-10-11,15.49,15.51,15.72,15.47,20208.1,32580.435,0.9669576059850374,,0.0
2021-10-12,15.500000000000002,15.590000000000002,15.7,15.4,26759.42,43114.341,0.96712158808933,,0.0
2021-10-13,15.68,15.63,15.7,15.45,17818.03,28747.879,0.9672029702970296,,0.0
2021-10-14,15.6,15.67,15.72,15.49,20061.4,32385.194,0.967283950617284,,0.0
2021-10-15,15.68,15.500000000000002,15.69,15.43,14219.48,22816.914,0.9669369931378664,,0.0
2021-10-18,15.480000000000002,15.05,15.61,15.03,26845.7,42069.67,0.9659820282413352,,0.0
2021-10-19,15.05,15.07,15.14,14.98,20612.86,32102.991,0.966025641025641,,0.0
2021-10-20,15.1,15.01,15.11,14.98,13455.91,20924.93,0.965894465894466,,0.0
2021-10-21,14.91,14.8,15.0,14.8,22164.16,34159.68,0.96542726679713,,0.0
2021-10-22,14.78,14.77,14.95,14.67,14779.69,22640.475,0.965359477124183,,0.0
2021-10-25,14.76,14.78,14.95,14.68,11663.93,17823.222,0.9653821032005224,,0.0
2021-10-26,14.87,14.56,14.87,14.53,24351.94,36918.786,0.9648774022531478,,0.0
2021-10-27,14.54,14.28,14.96,14.27,20387.27,30452.489,0.9642133693450372,,0.0
2021-10-28,14.3,14.67,14.72,14.28,22405.94,33876.287,0.9651315789473685,,0.0
2021-10-29,14.67,14.83,14.91,14.62,13374.44,20538.372,0.9654947916666669,,0.0
2021-11-01,14.9,14.72,14.95,14.6,19327.79,29377.986,0.9652459016393444,,0.0
2021-11-02,14.63,14.7,14.82,14.6,20958.07,31854.392,0.9652002626395272,,0.0
2021-11-03,14.75,14.85,14.87,14.72,16597.77,25472.85,0.9655396618985695,,0.0
2021-11-04,14.76,14.74,14.88,14.57,16799.96,25610.682,0.965291421087099,,0.0
2021-11-05,14.77,14.58,14.87,14.58,17061.6,25922.553,0.9649238914626076,,0.0
2021-11-08,14.48,14.58,14.66,14.43,12916.24,19488.902,0.9649238914626076,,0.0
2021-11-09,14.61,14.53,14.64,14.48,12596.42,18980.122,0.9648074369189908,,0.0
2021-11-10,14.61,15.11,15.29,14.6,47053.72,73173.619,0.9661125319693096,,0.0
2021-11-11,15.01,14.97,15.14,14.92,26459.16,41100.787,0.9658064516129032,,0.0
2021-11-12,14.95,15.07,15.15,14.88,21109.07,32899.583,0.966025641025641,,0.0
2021-11-15,15.07,15.04,15.24,14.99,22088.04,34509.75,0.9659601798330124,,0.0
2021-11-16,15.07,14.99,15.2,14.96,22183.97,34662.473,0.9658505154639176,,0.0
2021-11-17,14.99,15.05,15.16,14.88,21359.68,33166.737,0.9659820282413352,,0.0
2021-11-18,15.05,14.87,15.05,14.69,31782.37,48826.32,0.9655844155844155,,0.0
2021-11-19,14.86,15.0,15.02,14.67,24489.06,37686.289,0.9658725048293626,,0.0
2021-11-22,14.92,15.05,15.15,14.87,23612.45,36750.619,0.9659820282413352,,0.0
2021-11-23,15.02,15.26,15.42,14.87,37281.61,58595.336,0.9664344521849272,,0.0
2021-11-24,15.28,15.570000000000002,15.570000000000002,15.2,33763.45,53918.879,0.9670807453416148,,0.0
2021-11-25,15.65,15.6,15.71,15.480000000000002,27097.7,43688.757,0.9671419714817112,,0.0
2021-11-26,15.6,15.65,15.840000000000002,15.58,27652.4,44777.434,0.9672435105067986,,0.0
2021-11-29,15.76,15.87,15.96,15.500000000000002,51008.01,83355.517,0.9676829268292684,,0.0
2021-11-30,15.78,15.47,15.85,15.47,61700.23,99141.234,0.966875,,0.0
2021-12-01,15.51,15.47,15.6,15.33,31570.4,50398.465,0.966875,,0.0
2021-12-02,15.47,15.36,15.61,15.34,31974.97,51222.869,0.9666456891126496,,0.0
2021-12-03,15.36,15.46,15.500000000000002,15.26,23244.85,37022.624,0.9668542839274546,,0.0
2021-12-06,15.46,15.23,15.58,15.21,21888.29,34775.939,0.9663705583756346,,0.0
2021-12-07,15.24,15.34,15.7,15.24,32050.98,51221.729,0.966603654694392,,0.0
2021-12-08,15.36,15.54,15.6,15.22,24818.3,39615.235,0.9670192906036092,,0.0
2021-12-09,15.54,15.77,15.77,15.480000000000002,31288.85,50676.98,0.9674846625766872,,0.0
2021-12-10,15.7,15.94,16.04,15.590000000000002,46290.84,75922.892,0.9678202792956891,,0.0
2021-12-13,15.910000000000002,15.79,16.02,15.65,37089.87,60704.845,0.9675245098039216,,0.0
2021-12-14,15.78,15.820000000000002,15.93,15.71,19352.02,31611.192,0.9675840978593272,,0.0
2021-12-15,15.81,15.58,15.81,15.58,17559.32,28478.727,0.9671011793916824,,0.0
2021-12-16,15.67,15.56,15.67,15.49,16813.89,27050.188,0.9670602858918584,,0.0
2021-12-17,15.56,15.730000000000002,15.77,15.500000000000002,22490.84,36442.533,0.9674046740467404,,0.0
2021-12-20,15.660000000000002,15.750000000000002,15.92,15.63,24747.51,40347.126,0.9674447174447176,,0.0
2021-12-21,15.730000000000002,15.85,15.910000000000002,15.590000000000002,27866.34,45396.521,0.9676434676434676,,0.0
2021-12-22,15.95,16.009999999999998,16.049999999999997,15.79,40571.87,66927.661,0.9679564691656588,,0.0
2021-12-23,15.95,16.18,16.459999999999997,15.95,43903.63,73522.143,0.9682824655894672,,0.0
2021-12-24,16.13,16.16,16.25,16.029999999999998,29586.12,49339.059,0.9682444577591371,,0.0
2021-12-27,16.18,16.32,16.33,15.92,40891.46,68233.984,0.968545994065282,,0.0
2021-12-28,16.23,16.11,16.459999999999997,16.029999999999998,27634.89,46219.445,0.9681490384615384,,0.0
2021-12-29,16.049999999999997,16.38,16.45,16.02,45068.23,75946.399,0.9686575990538142,,0.0
2021-12-30,16.33,16.41,16.5,16.119999999999997,39867.85,67070.955,0.9687131050767414,,0.0
2021-12-31,16.36,16.57,16.61,16.209999999999997,43468.91,73983.318,0.9690058479532164,,0.0
2022-01-04,16.57,16.64,16.759999999999998,16.38,61672.49,105463.608,0.9691322073383808,,0.0
2022-01-05,16.58,16.25,16.64,16.22,41500.18,70073.563,0.968414779499404,,0.0
2022-01-06,16.34,16.349999999999998,16.4,16.14,30240.42,50799.427,0.9686018957345972,,0.0
2022-01-07,16.349999999999998,16.209999999999997,16.48,16.169999999999998,30577.06,51518.759,0.9683393070489844,,0.0
2022-01-10,16.24,16.31,16.47,16.23,27055.67,45682.511,0.9685273159144892,,0.0
2022-01-11,16.29,16.529999999999998,16.63,16.25,34750.52,59227.441,0.9689331770222742,,0.0
2022-01-12,16.54,16.49,16.72,16.369999999999997,32873.81,56190.526,0.9688601645123384,,0.0
2022-01-13,16.43,16.43,16.669999999999998,16.369999999999997,29364.91,49901.086,0.96875,,0.0
2022-01-14,16.32,17.32,17.549999999999997,16.259999999999998,117698.6,207425.865,0.9703081232492996,,0.0
2022-01-17,17.32,17.09,17.32,16.82,85989.36,151357.677,0.9699205448354142,,0.0
2022-01-18,17.63,17.27,18.36,17.22,116620.3,212552.316,0.9702247191011236,,0.0
2022-01-19,16.97,16.88,17.39,16.75,65737.56,115167.696,0.9695577254451464,,0.0
2022-01-20,16.919999999999998,17.419999999999998,17.529999999999998,16.82,73987.89,131689.625,0.9704735376044568,,0.0
2022-01-21,17.22,16.419999999999998,17.25,16.32,69944.39,120218.212,0.9687315634218288,,0.0
2022-01-24,16.33,15.730000000000002,16.349999999999998,15.67,54486.88,89551.078,0.9674046740467404,,0.0
2022-01-25,15.77,15.65,15.910000000000002,15.17,44225.79,71162.807,0.9672435105067986,,0.0
2022-01-26,15.570000000000002,15.4,15.750000000000002,15.36,23626.56,37923.26,0.9667294413057124,,0.0
2022-01-27,15.47,14.95,15.47,14.87,32860.69,51354.797,0.9657622739018088,,0.0
2022-01-28,15.34,14.95,15.38,14.88,18895.02,29504.16,0.9657622739018088,,0.0
2022-02-07,14.8,15.12,15.35,14.8,32202.96,50280.218,0.9661341853035144,,0.0
2022-02-08,15.13,15.14,15.22,14.89,17265.07,26962.893,0.9661774090619016,,0.0
2022-02-09,15.11,15.38,15.52,15.11,18237.37,28910.216,0.9666876178504086,,0.0
2022-02-10,15.35,15.45,15.45,15.25,13673.9,21743.414,0.9668335419274092,,0.0
2022-02-11,15.47,15.820000000000002,15.9,15.25,36637.74,59291.782,0.9675840978593272,,0.0
2022-02-14,15.95,16.029999999999998,16.11,15.590000000000002,32600.81,53436.962,0.9679951690821256,,0.0
2022-02-15,15.97,15.92,16.24,15.72,25349.49,41889.881,0.9677811550151976,,0.0
2022-02-16,15.92,15.92,15.97,15.76,16493.15,27000.359,0.9677811550151976,,0.0
2022-02-17,15.820000000000002,15.65,15.92,15.53,18959.43,30825.336,0.9672435105067986,,0.0
2022-02-18,15.730000000000002,15.820000000000002,15.86,15.62,12707.37,20688.987,0.9675840978593272,,0.0
2022-02-21,15.820000000000002,15.730000000000002,15.83,15.590000000000002,17178.6,27871.44,0.9674046740467404,,0.0
2022-02-22,15.71,15.52,15.730000000000002,15.46,19056.68,30614.195,0.9669781931464176,,0.0
2022-02-23,15.45,15.52,15.62,15.45,11198.43,18011.886,0.9669781931464176,,0.0
2022-02-24,15.46,15.14,15.55,15.06,29826.83,47155.359,0.9661774090619016,,0.0
2022-02-25,15.19,15.31,15.52,15.19,15445.62,24573.941,0.966540404040404,,0.0
2022-02-28,15.39,15.44,15.500000000000002,15.09,17721.78,28040.821,0.9668127739511584,,0.0
2022-03-01,15.49,15.26,15.640000000000002,15.21,16823.11,26735.995,0.9664344521849272,,0.0
2022-03-02,15.15,15.3,15.33,15.11,11715.17,18477.427,0.9665192672141504,,0.0
2022-03-03,15.3,15.38,15.41,15.19,14507.27,22981.777,0.9666876178504086,,0.0
2022-03-04,15.28,15.33,15.53,15.22,17450.8,27759.809,0.9665825977301388,,0.0
2022-03-07,15.27,15.03,15.29,15.01,17499.22,27355.507,0.9659383033419024,,0.0
2022-03-08,15.0,14.24,15.11,14.17,35954.69,54248.356,0.964116452268111,,0.0
2022-03-09,14.27,13.93,14.39,13.57,34600.21,50340.532,0.963347164591978,,0.0
2022-03-10,14.29,14.24,14.5,14.13,23200.83,34380.287,0.964116452268111,,0.0
2022-03-11,14.18,14.63,14.68,13.87,22382.21,33322.977,0.9650395778364116,,0.0
2022-03-14,14.74,14.54,15.27,14.47,49711.38,76323.935,0.964830789648308,,0.0
2022-03-15,14.47,13.77,14.51,13.77,35139.09,51579.438,0.9629370629370628,,0.0
2022-03-16,13.98,14.11,14.31,13.35,42440.57,61064.5,0.9637978142076504,,0.0
2022-03-17,14.12,14.07,14.46,14.03,28671.26,42377.532,0.9636986301369864,,0.0
2022-03-18,14.1,14.39,14.53,14.03,28536.9,42491.027,0.9644772117962468,,0.0
2022-03-21,14.45,14.48,14.67,14.17,28030.77,41904.008,0.9646902065289809,,0.0
2022-03-22,14.41,14.29,14.48,14.15,16906.57,25025.44,0.964237516869096,,0.0
2022-03-23,14.39,14.32,14.42,14.17,15493.58,23023.787,0.9643097643097645,,0.0
2022-03-24,14.3,14.43,14.53,14.19,20289.18,30219.116,0.964572192513369,,0.0
2022-03-25,14.45,14.11,14.57,14.11,28651.94,42536.452,0.9637978142076504,,0.0
2022-03-28,14.19,14.04,14.22,13.85,17759.5,25816.178,0.963623884694578,,0.0
2022-03-29,13.99,13.93,14.18,13.88,15593.51,22664.797,0.963347164591978,,0.0
2022-03-30,14.0,14.22,14.23,13.85,18027.25,26404.578,0.9640677966101696,,0.0
2022-03-31,14.26,14.18,14.47,14.1,19349.09,28605.799,0.963970088375255,,0.0
2022-04-01,14.1,14.07,14.25,13.95,19542.2,28474.26,0.9636986301369864,,0.0
2022-04-06,14.15,14.04,14.25,13.99,22259.59,32563.251,0.963623884694578,,0.0
2022-04-07,14.08,13.53,14.16,13.52,39951.01,57175.12,0.9623044096728308,,0.0
2022-04-08,13.6,13.0,13.63,12.99,54925.66,75514.613,0.9608277900960828,,0.0
2022-04-11,13.03,12.67,13.08,12.6,26731.32,35523.624,0.9598484848484848,,0.0
2022-04-12,12.78,12.87,12.97,12.53,25624.11,34027.711,0.96044776119403,,0.0
2022-04-13,12.87,12.57,12.87,12.53,16834.93,22140.306,0.9595419847328244,,0.0
2022-04-14,12.82,12.62,12.82,12.59,12823.0,16955.564,0.9596958174904944,,0.0
2022-04-15,12.65,12.66,12.77,12.57,16038.6,21163.582,0.9598180439727066,,0.0
2022-04-18,12.72,12.4,12.75,12.39,24460.0,31856.368,0.9590100541376644,,0.0
2022-04-19,12.45,12.16,12.45,12.15,21719.15,27726.956,0.9582348305752562,,0.0
2022-04-20,12.15,11.87,12.23,11.86,23726.61,29856.817,0.957258064516129,,0.0
2022-04-21,11.9,11.37,11.94,11.27,35160.07,42560.273,0.9554621848739496,,0.0
2022-04-22,11.38,11.22,11.42,10.99,32414.53,38029.833,0.9548936170212766,,0.0
2022-04-25,11.24,10.73,11.62,10.67,50138.71,59083.303,0.9529307282415632,,0.0
2022-04-26,10.9,10.85,11.23,10.67,45483.51,52132.57,0.953427065026362,,0.0
2022-04-27,10.71,10.89,10.92,10.28,44786.95,49799.433,0.9535901926444834,,0.0
2022-04-28,10.93,10.76,10.94,10.57,23534.57,26596.156,0.9530558015943312,,0.0
2022-04-29,10.8,11.23,11.36,10.7,40057.11,46652.335,0.9549319727891156,,0.0
2022-05-05,11.77,12.41,12.41,11.46,51417.32,64873.247,0.9590417310664606,,0.0
2022-05-06,12.41,12.34,13.34,12.19,119619.95,158614.54,0.9588189588189588,,0.0
2022-05-09,12.34,12.69,12.82,12.23,77312.73,101428.392,0.959909228441755,,0.0
2022-05-10,12.57,13.42,13.54,12.49,122614.96,168058.106,0.9620071684587814,,0.0
2022-05-11,13.42,13.42,13.66,13.35,101334.4,142194.646,0.9620071684587814,,0.0
2022-05-12,14.12,14.82,14.82,14.02,197908.33,302291.389,0.9654723127035832,,0.0
2022-05-13,15.15,16.36,16.36,15.03,296521.1,482622.92,0.9686204854943752,,0.0
2022-05-16,16.52,14.97,16.52,14.85,225397.13,356882.04,0.9658064516129032,,0.0
2022-05-17,15.46,15.46,15.640000000000002,14.59,159876.86,252781.222,0.9668542839274546,,0.0
2022-05-18,15.63,15.32,15.79,15.11,89332.29,142355.678,0.9665615141955836,,0.0
2022-05-19,15.07,15.12,15.37,14.92,70290.6,109902.987,0.9661341853035144,,0.0
2022-05-20,15.05,15.45,16.009999999999998,15.05,95368.69,153583.279,0.9668335419274092,,0.0
2022-05-23,15.31,15.65,15.840000000000002,15.19,98722.91,160005.644,0.9672435105067986,,0.0
2022-05-24,15.570000000000002,15.69,16.299999999999997,15.53,116396.15,191156.96,0.967324290998767,,0.0
2022-05-25,15.71,15.58,15.76,15.22,91118.47,145467.952,0.9671011793916824,,0.0
2022-05-26,15.36,15.23,15.41,14.98,76370.78,119676.216,0.9663705583756346,,0.0
2022-05-27,15.4,15.52,15.77,15.05,110391.54,177052.635,0.9669781931464176,,0.0
2022-05-30,15.4,15.62,15.81,15.15,84619.92,136086.24,0.9671826625386998,,0.0
2022-05-31,15.53,16.29,16.509999999999998,15.34,104817.16,173255.997,0.968489892984542,,0.0
2022-06-01,16.36,16.16,16.419999999999998,16.009999999999998,43478.63,72616.234,0.9682444577591371,,0.0
2022-06-02,16.169999999999998,16.91,17.08,16.04,72605.16,125343.752,0.9696100917431192,,0.0
2022-06-06,16.869999999999997,16.419999999999998,16.869999999999997,16.279999999999998,62432.5,106121.792,0.9687315634218288,,0.0
2022-06-07,16.4,16.619999999999997,16.77,16.29,49071.55,83872.026,0.9690962099125364,,0.0
2022-06-08,16.669999999999998,16.779999999999998,16.919999999999998,16.49,47412.07,81623.027,0.969381860196418,,0.0
2022-06-09,16.689999999999998,16.439999999999998,17.06,16.419999999999998,36045.6,61709.942,0.9687684148497347,,0.0
2022-06-10,16.29,16.669999999999998,16.83,16.279999999999998,39488.75,67605.735,0.969186046511628,,0.0
2022-06-13,16.869999999999997,17.89,18.04,16.61,114549.03,206184.546,0.971226927252986,,0.0
2022-06-14,17.89,17.79,18.02,17.52,67600.75,123754.169,0.9710698689956332,,0.0
2022-06-15,17.86,17.169999999999998,17.88,17.099999999999998,72442.52,129154.954,0.9700564971751412,,0.0
2022-06-16,17.02,17.25,17.47,16.99,37964.82,67771.857,0.9701912260967378,,0.0
2022-06-17,17.2,17.459999999999997,17.54,16.779999999999998,50879.76,90210.427,0.970539188438021,,0.0
2022-06-20,17.47,17.439999999999998,17.72,17.22,39900.65,71810.216,0.9705063995548135,,0.0
2022-06-21,17.599999999999998,17.32,17.66,17.13,27281.51,48765.849,0.9703081232492996,,0.0
2022-06-22,17.36,16.97,17.4,16.939999999999998,36814.02,64944.848,0.9697142857142856,,0.0
2022-06-23,16.97,17.189999999999998,17.24,16.689999999999998,26413.21,46261.503,0.9700902934537246,,0.0
2022-06-24,17.04,16.82,17.25,16.79,25671.72,44922.235,0.9694524495677233,,0.0
2022-06-27,16.97,16.97,17.349999999999998,16.919999999999998,34856.8,61582.341,0.9697142857142856,,0.0
2022-06-28,16.97,16.64,16.97,16.509999999999998,69896.68,120060.166,0.9691322073383808,,0.0
2022-06-29,16.91,16.599999999999998,16.97,16.54,52268.26,90305.781,0.9690601284296556,,0.0
2022-06-30,16.5,17.049999999999997,17.34,16.49,38063.89,66688.74,0.9698521046643912,,0.0
2022-07-01,17.189999999999998,16.849999999999998,17.38,16.84,30516.23,53706.708,0.9695051783659376,,0.0
2022-07-04,16.88,17.22,17.369999999999997,16.77,79411.15,140512.522,0.9701408450704224,,0.0
2022-07-05,17.349999999999998,16.93,17.57,16.82,49505.91,87417.213,0.9696449026345932,,0.0
2022-07-06,17.04,16.77,17.259999999999998,16.619999999999997,32486.44,56649.669,0.969364161849711,,0.0
2022-07-07,16.72,16.65,16.89,16.189999999999998,37085.09,63418.492,0.969150174621653,,0.0
2022-07-08,16.77,16.73,16.959999999999997,16.45,27834.45,48095.784,0.9692931633835457,,0.0
2022-07-11,16.77,16.56,16.9,16.54,24149.47,41549.927,0.9689877121123464,,0.0
2022-07-12,16.57,16.27,16.66,16.27,23565.75,39998.158,0.9684523809523808,,0.0
2022-07-13,16.23,16.08,16.41,15.94,26684.44,44310.725,0.9680915111378688,,0.0
2022-07-14,16.7,16.09,16.869999999999997,16.029999999999998,54262.23,91531.125,0.9681107099879662,,0.0
2022-07-15,16.029999999999998,15.7,16.209999999999997,15.640000000000002,43635.11,71737.509,0.9673444239063465,,0.0
2022-07-18,15.71,15.79,15.97,15.570000000000002,28978.35,47294.166,0.9675245098039216,,0.0
2022-07-19,15.96,15.69,15.96,15.6,21878.26,35521.401,0.967324290998767,,0.0
2022-07-20,15.77,15.96,16.41,15.660000000000002,31878.02,52859.553,0.9678593086719224,,0.0
2022-07-21,15.96,15.9,16.07,15.81,22627.58,37279.422,0.967741935483871,,0.0
2022-07-22,15.93,15.7,16.11,15.590000000000002,21543.67,35166.377,0.9673444239063465,,0.0
2022-07-25,15.62,15.63,15.820000000000002,15.47,26618.76,43020.201,0.9672029702970296,,0.0
2022-07-26,15.63,15.77,16.02,15.62,34667.72,56593.342,0.9674846625766872,,0.0
2022-07-27,15.86,15.8,15.94,15.62,30658.22,50056.317,0.9675443968156768,,0.0
2022-07-28,15.805,15.805,16.165,15.655,31064.3,51091.876,0.9696319018404908,,0.0
2022-07-29,15.785000000000002,15.455,15.835,15.455,26268.0,42336.945,0.9689655172413794,,0.0
2022-08-01,15.415,15.395,15.555,15.175,36759.16,58322.334,0.9688483322844555,,0.0
2022-08-02,15.355,14.995,15.395,14.805,36698.57,56944.898,0.9680438992898645,,0.0
2022-08-03,14.995,14.655,15.355,14.655,41868.89,64733.465,0.9673267326732674,,0.0
2022-08-04,14.705,14.895,15.255,14.695,33428.26,51503.592,0.9678362573099416,,0.0
2022-08-05,14.655,15.035,15.175,14.655,30236.66,46744.126,0.968126207340631,,0.0
2022-08-08,15.005,14.975,15.135000000000002,14.925,29685.43,46126.859,0.9680025856496444,,0.0
2022-08-09,14.975,14.835,15.085,14.615,26238.63,40017.487,0.9677103718199608,,0.0
2022-08-10,14.875,14.725,14.945,14.685,24643.6,37634.655,0.9674770039421814,,0.0
2022-08-11,14.725,15.015,15.035,14.705,23147.69,35640.332,0.9680851063829788,,0.0
2022-08-12,15.035,14.855,15.135000000000002,14.795,25917.03,39942.818,0.9677524429967428,,0.0
2022-08-15,14.895,14.755,14.995,14.685,26561.0,40632.819,0.9675409836065574,,0.0
2022-08-16,15.015,14.795,15.025,14.725,30066.0,46189.145,0.9676258992805756,,0.0
2022-08-17,14.965000000000002,14.905,14.965000000000002,14.685,20141.51,30808.245,0.9678571428571427,,0.0
2022-08-18,14.855,14.835,15.005,14.705,26605.42,40827.538,0.9677103718199608,,0.0
2022-08-19,14.825,14.615,14.985,14.615,29411.04,44767.105,0.9672402382528128,,0.0
2022-08-22,14.655,14.855,14.905,14.325,33320.09,50593.023,0.9677524429967428,,0.0
2022-08-23,14.965000000000002,14.745,14.965000000000002,14.585,27628.66,41979.574,0.96751968503937,,0.0
2022-08-24,14.835,14.405,14.985,14.305,35977.48,54087.646,0.966778523489933,,0.0
2022-08-25,14.485,14.405,14.585,14.185,30790.03,45705.057,0.966778523489933,,0.0
2022-08-26,14.435,14.775,14.895,14.305,40491.99,61730.388,0.9675834970530452,,0.0
2022-08-29,14.895,15.595,15.765000000000002,14.775,79672.3,126464.642,0.9692355500310752,,0.0
2022-08-30,15.795,15.885,16.005,15.495,90711.67,147751.512,0.9697802197802198,,0.0
2022-08-31,15.695000000000002,15.245,15.935,15.135000000000002,69795.87,110742.017,0.9685514612452352,,0.0
2022-09-01,15.465000000000002,15.765000000000002,16.105,15.205,92537.58,150467.08,0.9695571955719556,,0.0
2022-09-02,15.715000000000002,15.585,15.935,15.505,51342.52,82834.732,0.9692164179104478,,0.0
2022-09-05,15.505,15.685,15.775,15.305,40822.44,65575.09,0.969406674907293,,0.0
2022-09-06,15.725,15.625000000000002,15.825,15.585,39222.15,63460.548,0.9692928039702232,,0.0
2022-09-07,15.625000000000002,15.525,15.685,15.405,27765.02,44550.839,0.9691011235955056,,0.0
2022-09-08,15.475,15.505,15.625000000000002,15.265,29089.38,46422.373,0.9690625,,0.0
2022-09-09,15.505,15.565,15.675000000000002,15.505,29414.88,47306.474,0.9691780821917808,,0.0
2022-09-13,15.605000000000002,15.465000000000002,15.615,15.335,27075.43,43196.123,0.9689849624060152,,0.0
2022-09-14,15.295,15.455,15.495,15.155,23878.75,37846.977,0.9689655172413794,,0.0
2022-09-15,15.505,15.015,15.585,14.835,38597.16,60514.996,0.9680851063829788,,0.0
2022-09-16,15.105,14.405,15.125,14.405,32268.0,49054.36,0.966778523489933,,0.0
2022-09-19,14.485,14.345,14.775,14.135000000000002,35189.84,52416.338,0.966644204851752,,0.0
2022-09-20,14.415,14.315,14.525,14.235,20391.56,30250.402,0.9665766374071574,,0.0
2022-09-21,14.315,14.065,14.385000000000002,13.885000000000002,25092.63,36541.819,0.9660027472527472,,0.0
2022-09-22,13.985,13.905,14.115,13.905,16688.21,24131.71,0.965625,,0.0
2022-09-23,13.855,13.805,14.005,13.585,20481.0,29281.657,0.9653846153846154,,0.0
2022-09-26,13.775,13.695,13.985,13.485,23335.0,33184.029,0.9651162790697676,,0.0
2022-09-27,13.695,14.365,14.385000000000002,13.665,26784.99,39026.935,0.9666890982503366,,0.0
2022-09-28,14.705,14.185,14.725,14.085,26405.29,39034.846,0.9662806539509536,,0.0
2022-09-29,14.245,14.465000000000002,14.765,14.245,32308.08,48517.021,0.9669117647058824,,0.0
2022-09-30,14.455,14.545,14.855,14.395,28371.79,42801.284,0.9670877659574468,,0.0
2022-10-10,14.485,14.185,14.635000000000002,14.125,40439.58,60045.182,0.9662806539509536,,0.0
2022-10-11,14.185,14.045,14.385000000000002,13.775,26586.46,38605.099,0.9659559834938102,,0.0
2022-10-12,14.245,14.375,14.395,13.805,27555.04,40318.677,0.9667114996637526,,0.0
2022-10-13,14.355,14.645,14.745,14.225,31032.25,46471.491,0.967305151915456,,0.0
2022-10-14,14.685,15.305,15.385000000000002,14.625,59801.31,93602.422,0.9686708860759494,,0.0
2022-10-17,15.295,15.205,15.595,15.145,78708.46,125072.832,0.968471337579618,,0.0
2022-10-18,15.265,15.395,15.435,15.015,88765.76,139752.448,0.9688483322844555,,0.0
2022-10-19,15.275,14.945,15.635,14.835,52614.13,81677.012,0.967940414507772,,0.0
2022-10-20,14.905,14.875,15.105,14.655,35420.43,54639.898,0.9677944046844504,,0.0
2022-10-21,14.805,14.955,15.075,14.585,27800.45,42686.139,0.9679611650485438,,0.0
2022-10-24,15.035,14.625,15.135000000000002,14.505,32266.5,49197.371,0.9672619047619048,,0.0
2022-10-25,14.605,14.505,14.765,14.405,33917.78,51048.224,0.967,,0.0
2022-10-26,14.505,14.985,15.225,14.485,48303.18,74826.086,0.9680232558139537,,0.0
2022-10-27,15.105,15.055,15.145,14.825,35025.52,54407.844,0.9681672025723472,,0.0
2022-10-28,15.095,14.635000000000002,15.105,14.635000000000002,38377.05,58737.085,0.9672835426305354,,0.0
2022-10-31,14.485,13.735,14.635000000000002,13.525,72491.43,104255.755,0.9652143359100492,,0.0
2022-11-01,13.795,13.835,14.255,13.505,91437.12,130469.508,0.965457083042568,,0.0
2022-11-02,13.705,13.605,14.045,13.505,74472.6,106185.732,0.9648936170212766,,0.0
2022-11-03,13.585,13.605,13.695,13.365,65070.45,91397.013,0.9648936170212766,,0.0
2022-11-04,13.605,13.685,13.875,13.525,48553.87,68864.433,0.9650916784203104,,0.0
2022-11-07,13.685,13.695,13.845,13.525,59549.93,84578.686,0.9651162790697676,,0.0
2022-11-08,13.705,13.535,13.755,13.425,50374.72,70511.076,0.9647184604419102,,0.0
2022-11-09,13.465000000000002,13.695,13.925,13.465000000000002,52023.99,73816.8,0.9651162790697676,,0.0
2022-11-10,13.695,13.455,13.695,13.425,49485.55,69347.2,0.964516129032258,,0.0
2022-11-11,13.665,13.425,13.895,13.415,84978.19,120222.822,0.9644396551724138,,0.0
2022-11-14,13.355,13.715000000000002,13.745,13.005,84918.93,118978.927,0.9651653764954258,,0.0
2022-11-15,13.755,13.775,13.835,13.525,76648.89,108807.498,0.96531184302733,,0.0
2022-11-16,13.775,13.675,13.875,13.625,47178.28,67130.304,0.9650670430486944,,0.0
2022-11-17,13.605,13.745,13.765,13.555,35101.63,49833.698,0.965238764044944,,0.0
2022-11-18,13.755,13.965000000000002,14.105,13.715000000000002,64933.1,93698.433,0.9657676348547718,,0.0
2022-11-21,13.865,13.685,13.935,13.585,54273.49,76963.858,0.9650916784203104,,0.0
2022-11-22,13.675,13.505,13.955,13.435,56502.29,79958.496,0.9646428571428572,,0.0
2022-11-23,13.495,13.205,13.545,13.185,44150.8,60873.472,0.9638686131386862,,0.0
2022-11-24,13.285,13.255,13.365,13.125,27535.91,37820.433,0.964,,0.0
2022-11-25,13.225,13.235,13.355,13.105,33625.02,46136.576,0.9639475600874,,0.0
2022-11-28,13.115,13.015,13.325,12.915,40537.89,55043.8,0.963360473723168,,0.0
2022-11-29,12.975,13.335,13.355,12.935,44912.99,61811.379,0.9642082429501084,,0.0
2022-11-30,13.335,13.215000000000002,13.465000000000002,13.195,40087.25,55251.195,0.963894967177243,,0.0
2022-12-01,13.275,13.255,13.395,13.145,39095.84,53668.627,0.964,,0.0
2022-12-02,13.285,13.295,13.325,13.205,26858.17,36967.162,0.9641044234952864,,0.0
2022-12-05,13.325,13.365,13.485,13.295,45686.58,63305.855,0.9642857142857144,,0.0
2022-12-06,13.305,13.225,13.385000000000002,13.175,42606.06,58625.394,0.9639212827988338,,0.0
2022-12-07,13.205,13.525,13.555,13.145,64529.9,89746.602,0.9646932952924394,,0.0
2022-12-08,13.475,13.445,13.645,13.375,42712.95,59671.089,0.964490674318508,,0.0
2022-12-09,13.415,13.525,13.635000000000002,13.415,41499.37,58256.345,0.9646932952924394,,0.0
2022-12-12,13.595,13.695,13.725,13.475,55205.5,77966.314,0.9651162790697676,,0.0
2022-12-13,13.745,13.545,13.755,13.355,48209.53,67410.897,0.9647435897435898,,0.0
2022-12-14,13.575,13.245,13.605,13.235,41202.81,57163.981,0.9639737991266376,,0.0
2022-12-15,13.235,13.185,13.435,13.005,35275.6,48467.459,0.9638157894736844,,0.0
2022-12-16,13.185,13.415,13.415,13.115,37510.16,51775.569,0.964414090582315,,0.0
2022-12-19,13.415,12.755,13.525,12.725,67907.82,91339.001,0.9626415094339624,,0.0
2022-12-20,12.685,12.435,12.795,12.385000000000002,50223.57,65184.286,0.9617169373549884,,0.0
2022-12-21,12.505,12.245,12.535,12.225,33439.36,42850.81,0.9611459968602828,,0.0
2022-12-22,12.405,12.135000000000002,12.435,12.105,28884.0,36798.757,0.9608076009501187,,0.0
2022-12-23,12.175,12.235,12.255,12.115,14815.05,18783.804,0.9611154752553024,,0.0
2022-12-26,12.305,12.195,12.405,12.155,24660.86,31420.317,0.9609929078014184,,0.0
2022-12-27,12.195,12.285,12.295,12.005,23459.47,29661.477,0.9612676056338028,,0.0
2022-12-28,12.215000000000002,12.155,12.325,12.115,23033.49,29252.373,0.9608695652173914,,0.0
2022-12-29,12.065,12.365,12.375,12.045,22689.39,29031.477,0.9615085536547434,,0.0
2022-12-30,12.365,12.355,12.385000000000002,12.225,18514.2,23731.349,0.96147859922179,,0.0
2023-01-03,12.365,12.675,12.715000000000002,12.365,39905.53,52341.051,0.9624145785876994,,0.0
2023-01-04,12.675,12.565,12.695,12.545,27032.62,35383.769,0.9620980091883616,,0.0
2023-01-05,12.545,12.715000000000002,12.725,12.515,22971.83,30246.319,0.9625283875851628,,0.0
2023-01-06,12.735,12.675,12.755,12.585,16196.82,21327.93,0.9624145785876994,,0.0
2023-01-09,12.705,12.805,12.905,12.625,27983.84,37213.689,0.962781954887218,,0.0
2023-01-10,12.805,12.935,12.985,12.645,28903.81,38580.169,0.9631422189128817,,0.0
2023-01-11,12.875,12.855,12.975,12.805,20973.64,28040.213,0.9629213483146069,,0.0
2023-01-12,12.885000000000002,12.825,12.915,12.735,18048.95,24067.556,0.962837837837838,,0.0
2023-01-13,12.765,13.055,13.065,12.765,29210.71,39359.62,0.9634686346863468,,0.0
2023-01-16,13.045,13.105,13.235,12.965000000000002,33664.3,45966.54,0.9636029411764706,,0.0
2023-01-17,13.175,13.065,13.185,13.035,26307.0,35757.51,0.963495575221239,,0.0
2023-01-18,13.025,13.015,13.145,12.955,23497.02,31789.134,0.963360473723168,,0.0
2023-01-19,13.135000000000002,13.145,13.165,13.005,24723.95,33609.925,0.9637096774193548,,0.0
2023-01-20,13.145,13.205,13.265,13.135000000000002,23023.0,31525.018,0.9638686131386862,,0.0
2023-01-30,13.325,13.145,13.355,13.145,31693.52,43495.406,0.9637096774193548,,0.0
2023-01-31,13.265,13.285,13.375,13.205,41109.74,56671.744,0.964078374455733,,0.0
2023-02-01,13.285,13.275,13.355,13.115,31058.43,42655.84,0.9640522875816994,,0.0
2023-02-02,13.285,13.365,13.445,13.275,35949.83,49901.21,0.9642857142857144,,0.0
2023-02-03,13.385000000000002,13.255,13.405,13.145,26667.68,36687.351,0.964,,0.0
2023-02-06,13.205,13.065,13.245,12.945,42227.4,57300.728,0.963495575221239,,0.0
2023-02-07,13.105,13.045,13.195,12.985,22419.99,30339.139,0.9634416543574594,,0.0
2023-02-08,13.065,13.185,13.275,13.045,33574.96,45975.509,0.9638157894736844,,0.0
2023-02-09,13.325,13.355,13.355,13.165,31504.26,43449.251,0.964259927797834,,0.0
2023-02-10,13.365,13.275,13.465000000000002,13.195,24075.63,33242.89,0.9640522875816994,,0.0
2023-02-13,13.275,13.405,13.505,13.275,31745.24,44139.17,0.9643884892086332,,0.0
2023-02-14,13.415,13.405,13.475,13.325,21103.62,29304.189,0.9643884892086332,,0.0
2023-02-15,13.435,13.455,13.575,13.295,34017.34,47374.639,0.964516129032258,,0.0
2023-02-16,13.415,13.245,13.615,13.125,39176.37,54624.946,0.9639737991266376,,0.0
2023-02-17,13.285,13.295,13.455,13.225,26188.29,36241.785,0.9641044234952864,,0.0
2023-02-20,13.305,13.425,13.445,13.205,33173.68,45851.442,0.9644396551724138,,0.0
2023-02-21,13.465000000000002,13.375,13.515,13.315,31397.42,43634.944,0.9643114635904833,,0.0
2023-02-22,13.675,13.435,13.675,13.375,43649.97,61025.912,0.964465183058148,,0.0
2023-02-23,13.495,13.315,13.555,13.275,31872.56,44239.231,0.9641564083997104,,0.0
2023-02-24,13.425,13.375,13.435,13.295,23181.79,32145.607,0.9643114635904833,,0.0
2023-02-27,13.305,13.105,13.425,13.025,31717.22,43292.359,0.9636029411764706,,0.0
2023-02-28,13.055,13.285,13.295,13.055,35723.45,48979.819,0.964078374455733,,0.0
2023-03-01,13.305,13.425,13.435,13.245,30027.83,41679.079,0.9644396551724138,,0.0
2023-03-02,13.455,13.325,13.465000000000002,13.275,31458.79,43501.132,0.9641823444283648,,0.0
2023-03-03,13.285,13.215000000000002,13.385000000000002,13.125,27045.43,37199.014,0.963894967177243,,0.0
2023-03-06,13.235,13.305,13.375,13.195,22797.62,31404.805,0.9641304347826088,,0.0
2023-03-07,13.355,13.075,13.385000000000002,13.065,27795.74,38159.114,0.9635224760501104,,0.0
2023-03-08,13.115,13.185,13.205,13.015,17069.74,23270.455,0.9638157894736844,,0.0
2023-03-09,13.205,13.065,13.245,13.055,19188.85,26156.687,0.963495575221239,,0.0
2023-03-10,13.075,12.945,13.075,12.915,20874.55,28129.979,0.9631696428571428,,0.0
2023-03-13,12.945,12.955,13.005,12.805,20535.96,27539.725,0.9631970260223048,,0.0
2023-03-14,12.915,12.935,13.125,12.845,19754.87,26640.145,0.9631422189128817,,0.0
2023-03-15,12.985,13.195,13.285,12.955,26824.3,36699.164,0.9638422205989774,,0.0
2023-03-16,13.185,13.265,13.375,13.105,33687.07,46479.14,0.9640261627906976,,0.0
2023-03-17,13.295,13.235,13.385000000000002,13.175,29038.7,39938.697,0.9639475600874,,0.0
2023-03-20,13.125,13.255,13.335,13.045,33010.29,45243.104,0.964,,0.0
2023-03-21,13.245,13.335,13.385000000000002,13.205,23225.82,32122.0,0.9642082429501084,,0.0
2023-03-22,13.445,13.375,13.525,13.325,24054.89,33446.704,0.9643114635904833,,0.0
2023-03-23,13.405,13.545,13.555,13.295,26322.39,36657.61,0.9647435897435898,,0.0
2023-03-24,13.565,13.575,13.785,13.515,47379.29,66942.659,0.964818763326226,,0.0
2023-03-27,13.605,13.495,13.645,13.385000000000002,30751.27,42986.738,0.9646175839885632,,0.0
2023-03-28,13.605,13.695,13.725,13.455,46152.41,65215.26,0.9651162790697676,,0.0
2023-03-29,13.625,13.375,13.705,13.315,34690.87,48279.377,0.9643114635904833,,0.0
2023-03-30,13.605,13.355,13.655,13.285,32693.24,45408.442,0.964259927797834,,0.0
2023-03-31,13.215000000000002,13.285,13.445,13.215000000000002,36200.11,50071.038,0.964078374455733,,0.0
2023-04-03,13.285,13.015,13.335,12.955,57843.42,78609.111,0.963360473723168,,0.0
2023-04-04,13.005,13.005,13.065,12.895,36210.08,48769.318,0.9633333333333334,,0.0
2023-04-06,13.065,13.075,13.255,13.025,29078.73,39631.84,0.9635224760501104,,0.0
2023-04-07,13.125,13.295,13.335,13.055,31715.2,43669.224,0.9641044234952864,,0.0
2023-04-10,13.345,13.465000000000002,13.525,13.305,36931.73,51381.12,0.9645415472779372,,0.0
2023-04-11,13.465000000000002,13.385000000000002,13.505,13.355,25833.68,35953.223,0.9643371757925072,,0.0
2023-04-12,13.395,13.435,13.565,13.365,28170.0,39315.229,0.964465183058148,,0.0
2023-04-13,13.395,13.685,13.725,13.395,50247.54,70864.998,0.9650916784203104,,0.0
2023-04-14,13.685,13.685,13.835,13.535,41084.69,58279.811,0.9650916784203104,,0.0
2023-04-17,13.685,13.705,13.765,13.575,31879.31,45221.055,0.9651408450704226,,0.0
2023-04-18,13.705,13.555,13.745,13.515,26405.09,37168.461,0.9647686832740214,,0.0
2023-04-19,13.565,13.395,13.635000000000002,13.395,26985.51,37783.772,0.9643628509719224,,0.0
2023-04-20,13.465000000000002,13.255,13.465000000000002,13.225,19575.07,27040.209,0.964,,0.0
2023-04-21,13.255,13.755,13.755,13.185,42384.5,58945.24,0.9652631578947368,,0.0
2023-04-24,13.685,12.425,13.685,12.335,137178.77,179652.498,0.961687306501548,,0.0
2023-04-25,12.285,11.865,12.305,11.745,81824.04,102042.247,0.9599514563106796,,0.0
2023-04-26,11.825,11.925,12.045,11.825,43741.27,54439.133,0.960144927536232,,0.0
2023-04-27,11.985,12.425,12.575,11.905,51765.79,66322.957,0.961687306501548,,0.0
2023-04-28,12.495,12.435,12.505,12.295,29752.25,38391.308,0.9617169373549884,,0.0
2023-05-04,12.005,12.055,12.195,11.705,52485.42,65640.171,0.9605577689243028,,0.0
2023-05-05,12.055,11.845,12.155,11.755,48452.85,59884.77,0.9598865478119936,,0.0
2023-05-08,11.805,11.795,11.955,11.575,42293.29,51548.401,0.9597233523189586,,0.0
2023-05-09,11.755,11.605,11.785,11.575,42670.17,51740.854,0.9590909090909092,,0.0
2023-05-10,11.565,11.575,11.645,11.485,30942.33,37299.37,0.9589892294946148,,0.0
2023-05-11,11.645,11.395,11.765,11.395,42986.16,51669.149,0.9583683767872162,,0.0
2023-05-12,11.385000000000002,11.525,11.575,11.345,32076.0,38320.737,0.9588186356073212,,0.0
2023-05-15,11.455,11.545,11.565,11.205,38675.04,45888.516,0.9588870431893688,,0.0
2023-05-16,11.555,11.555,11.575,11.425,24987.72,29960.702,0.9589211618257262,,0.0
2023-05-17,11.545,11.575,11.575,11.415,22107.66,26500.057,0.9589892294946148,,0.0
2023-05-18,11.545,11.575,11.615,11.435,27827.13,33405.823,0.9589892294946148,,0.0
2023-05-19,11.485,11.585,11.655,11.455,25143.08,30318.725,0.9590231788079472,,0.0
2023-05-22,11.585,11.775,11.795,11.585,31404.99,38391.21,0.9596577017114916,,0.0
2023-05-23,11.805,11.955,11.955,11.715000000000002,37169.99,45906.758,0.9602409638554218,,0.0
2023-05-24,11.835,11.855,11.855,11.565,36333.4,44124.644,0.959919028340081,,0.0
2023-05-25,11.655,11.365,11.725,11.305,52490.86,62547.778,0.9582630691399664,,0.0
2023-05-26,11.365,11.425,11.475,11.185,25091.67,29674.484,0.9584731543624162,,0.0
2023-05-29,11.475,11.395,11.605,11.375,24898.33,29789.434,0.9583683767872162,,0.0
2023-05-30,11.445,11.435,11.465000000000002,11.255,17098.23,20272.047,0.9585079631181896,,0.0
2023-05-31,11.435,11.375,11.485,11.315,17907.84,21293.05,0.9582982308340354,,0.0
2023-06-01,11.365,11.375,11.485,11.285,20542.89,24435.14,0.9582982308340354,,0.0
2023-06-02,11.495,11.425,11.495,11.345,15374.18,18316.821,0.9584731543624162,,0.0
2023-06-05,11.475,11.425,11.475,11.355,14221.18,16910.963,0.9584731543624162,,0.0
2023-06-06,11.425,11.095,11.425,11.085,27914.68,32683.914,0.9572907679033652,,0.0
2023-06-07,11.205,11.125,11.205,11.095,14482.14,16861.807,0.9574010327022376,,0.0
2023-06-08,11.135000000000002,10.955,11.155,10.905,23364.04,26842.859,0.9567685589519652,,0.0
2023-06-09,10.955,10.915,11.045,10.915,17702.06,20272.223,0.9566170026292726,,0.0
2023-06-12,10.935,10.925,10.965000000000002,10.765,17659.69,20067.619,0.9566549912434328,,0.0
2023-06-13,10.915,10.935,10.965000000000002,10.835,13042.91,14870.034,0.9566929133858268,,0.0
2023-06-14,10.945,11.015,11.035,10.895,12103.12,13882.948,0.9569939183318854,,0.0
2023-06-15,11.065,11.105,11.135000000000002,10.935,16493.18,19049.075,0.9573275862068966,,0.0
2023-06-16,11.115,11.075,11.155,11.075,13142.74,15251.104,0.957216940363008,,0.0
2023-06-19,11.085,11.025,11.175,11.025,14468.96,16766.563,0.95703125,,0.0
2023-06-20,11.015,10.855,11.085,10.795,24403.02,27792.981,0.956387665198238,,0.0
2023-06-21,10.825,10.745,10.895,10.735,15145.83,17089.3,0.9559608540925268,,0.0
2023-06-26,10.705,10.595,10.775,10.585,19279.8,21496.479,0.95536519386835,,0.0
2023-06-27,10.665,10.795,10.855,10.625,14009.0,15790.494,0.9561558901682906,,0.0
2023-06-28,10.865,10.815,10.865,10.685,15710.0,17698.889,0.9562334217506632,,0.0
2023-06-29,10.835,10.805,10.955,10.775,17041.83,19355.546,0.9561946902654868,,0.0
2023-06-30,10.865,10.975,11.035,10.785,22652.0,25921.778,0.9568439407149084,,0.0
2023-07-03,11.015,11.085,11.105,10.965000000000002,15481.2,17861.904,0.9572538860103628,,0.0
2023-07-04,11.085,11.195,11.285,11.015,22080.05,25765.892,0.9576561163387513,,0.0
2023-07-05,11.185,11.165,11.265,11.135000000000002,11701.3,13671.687,0.9575471698113208,,0.0
2023-07-06,11.165,11.135000000000002,11.235,11.095,14095.72,16414.885,0.9574376612209804,,0.0
2023-07-07,11.135000000000002,11.135000000000002,11.195,11.085,11379.92,13247.591,0.9574376612209804,,0.0
2023-07-10,11.135000000000002,11.215000000000002,11.245,11.135000000000002,13294.59,15548.888,0.9577284372331342,,0.0
2023-07-11,11.255,11.275,11.315,11.215000000000002,11104.25,13048.435,0.9579439252336448,,0.0
2023-07-12,11.325,11.205,11.335,11.165,12452.04,14628.877,0.9576923076923076,,0.0
2023-07-13,11.195,11.275,11.355,11.195,11365.8,13383.624,0.9579439252336448,,0.0
2023-07-14,11.305,11.235,11.305,11.185,13380.6,15684.848,0.9578005115089516,,0.0
2023-07-17,11.165,10.975,11.165,10.865,22272.72,25477.67,0.9568439407149084,,0.0
2023-07-18,11.065,10.975,11.075,10.905,15530.26,17634.363,0.965259454705365,,0.0
2023-07-19,10.975,11.015,11.065,10.975,12080.29,13779.845,0.9653812445223487,,0.0
2023-07-20,11.065,11.075,11.185,11.025,14090.45,16197.356,0.9655623365300784,,0.0
2023-07-21,11.075,11.175,11.285,11.045,13047.25,15101.311,0.9658599827139154,,0.0
2023-07-24,11.165,11.325,11.405,11.125,20789.12,24341.632,0.9662969283276452,,0.0
2023-07-25,11.385,11.345,11.485,11.215,22978.54,26944.381,0.9663543441226576,,0.0
2023-07-26,11.355,11.395,11.425,11.315,13580.81,15981.171,0.9664970313825276,,0.0
2023-07-27,11.395,11.565,11.645,11.365,35963.03,42861.676,0.9669732441471572,,0.0
2023-07-28,11.515,11.615,11.615,11.425,21825.36,26015.342,0.9671107410491258,,0.0
2023-07-31,11.665,11.545,11.735,11.525,24696.32,29615.916,0.9669179229480738,,0.0
2023-08-01,11.545,11.605,11.725,11.505,23077.09,27659.408,0.9670833333333334,,0.0
2023-08-02,11.665,11.445,11.665,11.405,20924.09,24845.159,0.9666385135135136,,0.0
2023-08-03,11.445,11.545,11.585,11.395,20718.08,24685.753,0.9669179229480738,,0.0
2023-08-04,11.625,11.535,11.675,11.535,18991.32,22755.582,0.9668901927912824,,0.0
2023-08-07,11.545,11.385,11.555,11.305,23318.4,27428.381,0.9664685908319184,,0.0
2023-08-08,11.325,11.305,11.375,11.185,23410.76,27331.707,0.9662393162393162,,0.0
2023-08-09,11.255,11.505,11.605,11.225,23960.0,28425.692,0.9668067226890756,,0.0
2023-08-10,11.475,11.495,11.535,11.425,12931.91,15351.98,0.9667788057190916,,0.0
2023-08-11,11.495,11.385,11.585,11.375,15442.6,18329.563,0.9664685908319184,,0.0
2023-08-14,11.335,11.375,11.485,11.255,23276.41,27359.427,0.9664401019541208,,0.0
2023-08-15,11.365,11.535,11.545,11.215,21620.31,25551.456,0.9668901927912824,,0.0
2023-08-16,11.445,11.485,11.625,11.445,16421.0,19604.367,0.9667508417508418,,0.0
2023-08-17,11.465,11.415,11.475,11.275,20768.68,24417.363,0.966553767993226,,0.0
2023-08-18,11.425,11.095,11.435,11.095,21886.21,25415.035,0.9656222802436902,,0.0
2023-08-21,11.155,10.975,11.175,10.925,15084.0,17267.187,0.965259454705365,,0.0
2023-08-22,11.005,10.885,11.085,10.795,19360.0,21835.142,0.9649822695035462,,0.0
2023-08-23,10.915,10.715,10.915,10.705,14979.0,16763.402,0.9644464446444644,,0.0
2023-08-24,10.725,10.695,10.775,10.655,16929.79,18794.028,0.9643823264201984,,0.0
2023-08-25,10.675,10.625,10.815,10.585,18902.59,20959.366,0.9641560798548094,,0.0
2023-08-28,11.135,10.815,11.275,10.785,23915.59,27138.147,0.964763603925067,,0.0
2023-08-29,10.775,10.975,11.065,10.725,20442.85,23182.569,0.965259454705365,,0.0
2023-08-30,10.995,11.095,11.155,10.975,16178.17,18594.819,0.9656222802436902,,0.0
2023-08-31,11.065,11.225,11.245,10.995,18747.4,21621.485,0.9660068846815836,,0.0
2023-09-01,11.185,11.355,11.385,11.125,17178.35,20061.763,0.9663829787234044,,0.0
2023-09-04,11.365,11.525,11.535,11.285,28026.91,33192.448,0.9668624161073824,,0.0
2023-09-05,11.535,11.605,11.655,11.435,29843.93,35757.681,0.9670833333333334,,0.0
2023-09-06,11.635,11.815,11.865,11.565,39144.0,47555.47,0.9676494676494676,,0.0
2023-09-07,11.795,11.505,11.835,11.425,25894.4,31021.983,0.9668067226890756,,0.0
2023-09-08,11.505,11.585,11.695,11.505,26002.0,31275.79,0.9670283806343908,,0.0
2023-09-11,11.685,11.955,12.015,11.655,41471.63,51106.607,0.9680161943319838,,0.0
2023-09-12,11.955,11.885,11.995,11.775,23230.0,28524.231,0.9678338762214984,,0.0
2023-09-13,11.875,11.735,11.955,11.695,20238.53,24681.438,0.9674361088211048,,0.0
2023-09-14,11.745,11.795,11.835,11.705,18844.73,22930.46,0.9675963904840034,,0.0
2023-09-15,11.825,11.925,12.005,11.705,22457.07,27555.633,0.9679383116883116,,0.0
2023-09-18,11.925,11.905,11.965,11.795,20125.04,24683.042,0.9678861788617886,,0.0
2023-09-19,11.885,11.955,12.035,11.845,22852.48,28240.143,0.9680161943319838,,0.0
2023-09-20,11.895,11.935,12.025,11.895,14798.57,18261.753,0.9679643146796432,,0.0
2023-09-21,11.865,11.825,11.895,11.775,22318.43,27290.738,0.9676759410801964,,0.0
2023-09-22,11.825,11.885,11.915,11.655,21325.0,25961.821,0.9678338762214984,,0.0
2023-09-25,11.935,12.005,12.035,11.845,29158.0,36102.699,0.9681451612903226,,0.0
2023-09-26,11.955,11.865,12.015,11.805,14634.01,17966.799,0.9677814029363784,,0.0
2023-09-27,11.865,12.055,12.085,11.855,26542.0,32941.981,0.968273092369478,,0.0
2023-09-28,12.045,11.905,12.085,11.895,22822.33,28206.886,0.9678861788617886,,0.0
2023-10-09,11.905,11.825,11.975,11.665,21960.92,26775.154,0.9676759410801964,,0.0
2023-10-10,11.825,11.765,11.915,11.755,23602.25,28811.122,0.9675164473684212,,0.0
2023-10-11,11.835,12.005,12.175,11.795,25876.0,32222.032,0.9681451612903226,,0.0
2023-10-12,12.025,12.165,12.205,12.025,21634.82,27102.975,0.9685509554140128,,0.0
2023-10-13,12.105,12.135,12.215,12.035,23857.0,29888.873,0.9684756584197926,,0.0
2023-10-16,12.195,11.975,12.365,11.905,32245.13,40306.504,0.9680679062247372,,0.0
2023-10-17,11.975,11.895,12.055,11.755,19764.03,24247.291,0.9678600488201792,,0.0
2023-10-18,11.935,11.665,11.975,11.625,19303.0,23412.643,0.9672470978441128,,0.0
2023-10-19,11.695,11.535,11.755,11.465,17605.0,21118.365,0.9668901927912824,,0.0
2023-10-20,11.545,11.445,11.585,11.375,15104.04,17894.611,0.9666385135135136,,0.0
2023-10-23,11.395,11.185,11.395,11.045,19971.4,23175.302,0.9658894645941278,,0.0
2023-10-24,11.255,11.235,11.285,11.035,23692.84,27436.985,0.96603611349957,,0.0
2023-10-25,11.315,11.285,11.415,11.135,19233.54,22453.431,0.9661815068493153,,0.0
2023-10-26,11.215,11.255,11.305,11.175,15517.4,18037.078,0.9660944206008584,,0.0
2023-10-27,11.275,11.815,11.875,11.195,35654.93,42872.906,0.9676494676494676,,0.0
2023-10-30,11.765,12.065,12.125,11.705,28955.2,35929.707,0.9682985553772072,,0.0
2023-10-31,11.915,11.975,12.015,11.805,29748.58,36662.697,0.9680679062247372,,0.0
2023-11-01,11.975,11.975,12.045,11.865,21743.0,26849.815,0.9680679062247372,,0.0
2023-11-02,12.055,12.025,12.155,11.965,29612.6,36880.796,0.9681964573268922,,0.0
2023-11-03,12.005,12.015,12.115,11.905,28789.0,35784.514,0.968170829975826,,0.0
2023-11-06,12.195,12.025,12.205,11.975,25352.55,31563.37,0.9681964573268922,,0.0
2023-11-07,11.995,12.055,12.155,11.985,18733.72,23403.066,0.968273092369478,,0.0
2023-11-08,12.045,12.075,12.215,12.015,17747.83,22191.654,0.9683239775461108,,0.0
2023-11-09,12.065,12.015,12.185,11.955,20670.0,25730.425,0.968170829975826,,0.0
2023-11-10,11.995,12.085,12.145,11.845,21857.49,27196.414,0.968349358974359,,0.0
2023-11-13,12.015,12.025,12.125,11.865,21360.8,26400.332,0.9681964573268922,,0.0
2023-11-14,12.025,11.955,12.095,11.915,13796.0,17079.829,0.9680161943319838,,0.0
2023-11-15,12.075,12.005,12.095,11.875,17861.36,22103.625,0.9681451612903226,,0.0
2023-11-16,11.955,11.885,12.025,11.865,15989.0,19736.631,0.9678338762214984,,0.0
2023-11-17,11.885,12.015,12.055,11.855,12626.6,15597.087,0.968170829975826,,0.0
2023-11-20,12.025,12.045,12.155,11.965,22304.0,27793.713,0.9682475884244374,,0.0
2023-11-21,12.055,12.095,12.145,12.005,15657.6,19531.872,0.9683746997598078,,0.0
2023-11-22,12.365,12.205,12.575,12.015,45808.75,57857.96,0.9686507936507937,,0.0
2023-11-23,12.185,12.395,12.415,12.175,42797.55,54401.633,0.9691164972634873,,0.0
2023-11-24,12.335,12.465,12.495,12.305,31453.7,40325.911,0.969284603421462,,0.0
2023-11-27,12.475,12.145,12.495,12.075,37206.82,46863.668,0.968500797448166,,0.0
2023-11-28,12.185,12.275,12.345,11.905,31463.7,39617.005,0.968823993685872,,0.0
2023-11-29,12.255,12.195,12.325,12.125,19348.09,24370.327,0.9686258935663226,,0.0
2023-11-30,12.105,12.275,12.315,12.105,17123.0,21630.006,0.968823993685872,,0.0
2023-12-01,12.265,12.205,12.325,12.175,26175.0,33109.842,0.9686507936507937,,0.0
2023-12-04,12.225,12.145,12.305,12.125,22671.52,28518.92,0.968500797448166,,0.0
2023-12-05,12.125,12.085,12.275,12.015,22040.89,27668.538,0.968349358974359,,0.0
2023-12-06,12.235,12.255,12.385,11.975,26393.0,33188.747,0.9687747035573124,,0.0
2023-12-07,12.205,12.075,12.245,12.055,32058.85,40122.609,0.9683239775461108,,0.0
2023-12-08,12.105,12.365,12.475,12.005,76049.03,96689.424,0.9690438871473356,,0.0
2023-12-11,12.355,12.245,12.445,12.065,59225.38,74960.756,0.96875,,0.0
2023-12-12,12.265,12.125,12.335,12.075,30970.16,38901.34,0.9684504792332268,,0.0
2023-12-13,12.135,12.015,12.255,11.995,32652.23,40868.003,0.968170829975826,,0.0
2023-12-14,12.095,12.035,12.205,12.015,21304.53,26632.53,0.9682220434432824,,0.0
2023-12-15,12.105,11.825,12.105,11.805,23456.23,28878.163,0.9676759410801964,,0.0
2023-12-18,11.805,11.885,12.065,11.675,27661.63,34169.912,0.9678338762214984,,0.0
2023-12-19,11.935,11.745,11.945,11.615,26089.2,31579.723,0.9674629324546952,,0.0
2023-12-20,11.765,11.655,11.855,11.655,15596.5,18941.209,0.967219917012448,,0.0
2023-12-21,11.625,11.725,11.765,11.525,18332.3,22067.306,0.9674092409240924,,0.0
2023-12-22,11.685,11.555,11.695,11.475,17941.38,21496.624,0.9669456066945608,,0.0
2023-12-25,11.515,11.555,11.695,11.475,15056.89,18010.133,0.9669456066945608,,0.0
2023-12-26,11.525,11.435,11.635,11.395,12764.2,15168.574,0.966610312764159,,0.0
2023-12-27,11.425,11.425,11.475,11.315,19313.8,22769.439,0.9665820642978004,,0.0
2023-12-28,11.425,11.305,11.485,11.295,39195.0,46102.314,0.9662393162393162,,0.0
2023-12-29,11.305,11.335,11.375,11.235,26632.03,31150.996,0.9663256606990622,,0.0
2024-01-02,11.345,11.355,11.415,11.215,37065.63,43458.304,0.9663829787234044,,0.0
2024-01-03,11.315,11.385,11.545,11.295,28991.78,34237.437,0.9664685908319184,,0.0
2024-01-04,11.365,11.265,11.405,11.195,25691.55,29968.13,0.9661234991423672,,0.0
2024-01-05,11.245,11.025,11.275,11.005,31486.5,36275.545,0.9654115586690016,,0.0
2024-01-08,10.975,10.655,11.055,10.655,31307.0,35010.819,0.9642533936651584,,0.0
2024-01-09,10.695,10.555,10.715,10.445,36692.76,40153.307,0.9639269406392694,,0.0
2024-01-10,10.555,10.385,10.575,10.295,30555.24,33021.934,0.9633580705009276,,0.0
2024-01-11,10.405,10.495,10.525,10.375,26303.21,28558.447,0.9637281910009184,,0.0
2024-01-12,10.495,10.385,10.585,10.385,25799.0,28097.472,0.9633580705009276,,0.0
2024-01-15,10.185,9.855,10.205,9.625,89283.43,91170.765,0.9614634146341464,,0.0
2024-01-16,9.845,9.905,9.935,9.755,61074.33,62548.848,0.9616504854368932,,0.0
2024-01-17,9.875,9.525,9.915,9.515,49274.43,49779.909,0.9601814516129032,,0.0
2024-01-18,9.615,9.405,9.615,9.105,57996.61,56088.574,0.9596938775510204,,0.0
2024-01-19,9.355,9.345,9.445,9.275,31515.86,30702.438,0.9594455852156056,,0.0
2024-01-22,9.305,8.745000000000001,9.365,8.715,50967.86,47999.838,0.9567833698030636,,0.0
2024-01-23,8.735000000000001,8.785,8.825000000000001,8.525,71961.08,65614.868,0.9569716775599127,,0.0
2024-01-24,8.775,8.785,8.845,8.405000000000001,74769.4,67558.939,0.9569716775599127,,0.0
2024-01-25,8.705,8.965,8.975,8.595,69880.33,64125.398,0.9577991452991452,,0.0
2024-01-26,8.915000000000001,8.705,8.995000000000001,8.665000000000001,62341.74,57507.965,0.9565934065934066,,0.0
2024-01-29,8.715,8.405000000000001,8.865,8.405000000000001,78104.07,69951.49,0.9551136363636364,,0.0
2024-01-30,8.375,8.185,8.495000000000001,8.165000000000001,62493.74,54662.219,0.953962703962704,,0.0
2024-01-31,8.025,7.795,8.125,7.775,86711.76,72401.376,0.9517704517704518,,0.0
2024-02-01,7.715,7.675000000000001,7.875,7.545,58947.73,47819.748,0.9510532837670383,,0.0
2024-02-02,7.695,7.234999999999999,7.835000000000001,6.925000000000001,92170.12,71668.242,0.9482306684141546,,0.0
2024-02-05,7.234999999999999,6.6850000000000005,7.234999999999999,6.494999999999999,98721.31,71313.986,0.9442090395480228,,0.0
2024-02-06,6.545,7.335000000000001,7.395,6.505000000000001,115454.92,85434.599,0.9489003880983184,,0.0
2024-02-07,7.324999999999999,7.895,8.005,7.305,155810.04,127189.675,0.9523522316043428,,0.0
2024-02-08,7.835000000000001,8.355,8.605,7.765000000000001,142315.85,124127.518,0.954857142857143,,0.0
2024-02-19,8.465,8.255,8.565000000000001,8.135,91460.62,79900.444,0.954335260115607,,0.0
2024-02-20,8.195,8.205,8.275,8.035,50527.85,43323.031,0.9540697674418606,,0.0
2024-02-21,8.195,8.195,8.445,8.065000000000001,64919.25,56375.727,0.9540162980209548,,0.0
2024-02-22,8.195,8.265,8.305,8.155000000000001,45851.64,39571.946,0.9543879907621248,,0.0
2024-02-23,8.295,8.355,8.375,8.145,49456.21,42830.022,0.954857142857143,,0.0
2024-02-26,8.375,8.475,8.635,8.285,57297.81,50674.33,0.955467869222097,,0.0
2024-02-27,8.445,8.615,8.615,8.345,40635.21,36073.203,0.956159822419534,,0.0
2024-02-28,8.595,8.255,8.855,8.255,73774.81,66215.272,0.954335260115607,,0.0
2024-02-29,8.105,8.515,8.555,8.055,66991.8,58982.116,0.9556677890011224,,0.0
2024-03-01,8.515,8.485000000000001,8.565000000000001,8.375,40504.43,35911.3,0.955518018018018,,0.0
2024-03-04,8.455,8.475,8.655000000000001,8.405000000000001,44377.0,39382.475,0.955467869222097,,0.0
2024-03-05,8.435,8.325000000000001,8.435,8.275,41578.46,36357.218,0.9547018348623854,,0.0
2024-03-06,8.305,8.245000000000001,8.385,8.105,37369.84,32372.318,0.9542824074074074,,0.0
2024-03-07,8.245000000000001,8.015,8.315000000000001,8.015,40313.13,34572.318,0.9530321046373366,,0.0
2024-03-08,8.095,8.115,8.195,8.005,38161.41,32419.526,0.9535840188014102,,0.0
2024-03-11,8.125,8.195,8.195,8.025,45427.13,38644.636,0.9540162980209548,,0.0
2024-03-12,8.225,8.375,8.385,8.205,40359.46,35183.271,0.9549600912200684,,0.0
2024-03-13,8.405000000000001,8.315000000000001,8.405000000000001,8.195,39202.09,34045.244,0.9546498277841562,,0.0
2024-03-14,8.395,8.235000000000001,8.515,8.105,55152.41,48225.918,0.9542294322132098,,0.0
2024-03-15,8.155000000000001,8.335,8.375,8.125,51644.81,44680.17,0.95475372279496,,0.0
2024-03-18,8.425,8.435,8.445,8.205,63915.05,55678.405,0.9552661381653454,,0.0
2024-03-19,8.435,8.425,8.555,8.355,70782.51,62686.004,0.955215419501134,,0.0
2024-03-20,8.445,8.655000000000001,8.695,8.345,108114.45,96967.553,0.956353591160221,,0.0
2024-03-21,8.665000000000001,8.665000000000001,8.835,8.615,78946.2,71817.738,0.9564017660044152,,0.0
2024-03-22,8.605,8.455,8.645,8.405000000000001,68922.96,61178.488,0.955367231638418,,0.0
2024-03-25,8.335,8.225,8.425,8.225,52668.2,45914.398,0.9541763341067284,,0.0
2024-03-26,8.225,8.165000000000001,8.275,8.075000000000001,40741.2,34855.506,0.953855140186916,,0.0
2024-03-27,8.175,8.065000000000001,8.275,8.065000000000001,39263.7,33488.145,0.9533096926713948,,0.0
2024-03-28,8.045,8.065000000000001,8.185,7.945,37831.6,32055.802,0.9533096926713948,,0.0
2024-03-29,8.085,7.955,8.115,7.805,54272.21,45069.443,0.9526946107784432,,0.0
2024-04-01,7.985000000000001,8.305,8.325000000000001,7.935,54625.0,46882.06,0.9545977011494252,,0.0
2024-04-02,8.315000000000001,8.265,8.315000000000001,8.085,37754.51,32422.398,0.9543879907621248,,0.0
2024-04-03,8.255,8.325000000000001,8.365,8.195,48990.21,42444.988,0.9547018348623854,,0.0
2024-04-08,8.295,8.175,8.325000000000001,8.105,48349.88,41482.749,0.9539089848308052,,0.0
2024-04-09,8.175,8.375,8.555,8.115,64909.67,56747.233,0.9549600912200684,,0.0
2024-04-10,8.385,8.415000000000001,8.455,8.285,57525.5,50384.047,0.9551645856980704,,0.0
2024-04-11,8.275,8.665000000000001,8.705,8.255,85613.17,76899.957,0.9564017660044152,,0.0
2024-04-12,8.665000000000001,8.445,8.685,8.385,73724.05,65391.455,0.955316742081448,,0.0
2024-04-15,8.435,8.285,8.455,8.115,79422.0,68997.565,0.9544930875576038,,0.0
2024-04-16,8.265,8.145,8.735000000000001,8.115,101057.75,88388.251,0.9537470725995316,,0.0
2024-04-17,7.805,8.475,8.475,7.795,65722.03,56929.78,0.955467869222097,,0.0
2024-04-18,8.455,8.665000000000001,8.695,8.375,71945.2,64717.206,0.9564017660044152,,0.0
2024-04-19,8.625,8.595,8.695,8.435,47075.8,42242.538,0.9560622914349276,,0.0
2024-04-22,8.515,8.565000000000001,8.735000000000001,8.405000000000001,42465.16,38185.178,0.9559151785714286,,0.0
2024-04-23,8.535,8.465,8.595,8.375,31064.23,27561.745,0.9554176072234764,,0.0
2024-04-24,8.525,8.555,8.555,8.375,28849.6,25591.521,0.9558659217877096,,0.0
2024-04-25,8.495000000000001,8.795,8.935,8.475,47116.76,43067.3,0.9570184983677912,,0.0
2024-04-26,8.725,8.825000000000001,8.825000000000001,8.615,51520.12,47144.899,0.9571583514099784,,0.0
2024-04-29,8.765,9.025,9.035,8.765,52007.82,48717.383,0.958067940552017,,0.0
2024-04-30,9.585,9.965,9.965,9.455,84917.26,86667.653,0.9618725868725868,,0.0
2024-05-06,10.315,10.635,10.785,9.785,310003.22,328670.095,0.9641885766092476,,0.0
2024-05-07,10.185,10.015,10.315,9.985,174512.22,183073.095,0.9620557156580212,,0.0
2024-05-08,10.005,10.135,10.255,9.945,118284.23,123883.301,0.962488129154796,,0.0
2024-05-09,10.095,10.095,10.265,9.905,109237.2,114672.061,0.9623450905624404,,0.0
2024-05-10,10.035,9.855,10.185,9.835,94558.76,98147.408,0.9614634146341464,,0.0
2024-05-13,9.875,9.815,10.035,9.715,64280.4,65858.832,0.9613124387855044,,0.0
2024-05-14,9.775,9.785,9.915,9.705,44757.67,45784.548,0.9611984282907664,,0.0
2024-05-15,9.795,9.725,9.905,9.675,41831.2,42651.749,0.9609683794466404,,0.0
2024-05-16,9.725,9.825,9.925,9.675,50727.0,51902.366,0.9613502935420744,,0.0
2024-05-17,9.955,9.735,9.955,9.585,51417.1,52034.364,0.9610069101678184,,0.0
2024-05-20,9.725,9.725,9.845,9.665,43724.4,44375.539,0.9609683794466404,,0.0
2024-05-21,9.725,9.625,9.765,9.555,39583.32,39700.309,0.9605788423153692,,0.0
2024-05-22,9.605,9.595,9.675,9.545,30389.48,30355.809,0.9604604604604604,,0.0
2024-05-23,9.595,9.455,9.615,9.405,39443.6,39008.586,0.9598984771573604,,0.0
2024-05-24,9.455,9.615,9.705,9.445,44918.41,44899.947,0.9605394605394606,,0.0
2024-05-27,9.555,9.535,9.705,9.435,35786.28,35554.81,0.960221550855992,,0.0
2024-05-28,9.545,9.605,9.615,9.415,35896.55,35627.615,0.9605,,0.0
2024-05-29,9.575,9.585,9.625,9.475,42564.74,42300.444,0.9604208416833668,,0.0
2024-05-30,9.515,9.605,9.745,9.485,36908.22,36973.554,0.9605,,0.0
2024-05-31,9.655,9.555,9.755,9.545,33714.2,33854.765,0.9603015075376884,,0.0
2024-06-03,9.555,9.395,9.585,9.335,47086.74,46219.297,0.9596527068437182,,0.0
2024-06-04,9.435,9.495,9.505,9.325,32557.58,31977.202,0.9600606673407482,,0.0
2024-06-05,9.495,9.475,9.645,9.435,39948.65,39731.035,0.9599797365754812,,0.0
2024-06-06,9.565,9.225,9.565,9.175,44034.5,42749.716,0.958939708939709,,0.0
2024-06-07,9.295,9.275,9.355,9.195,32017.92,30949.242,0.9591520165460188,,0.0
2024-06-11,9.245,9.335,9.375,9.155,34288.65,33162.148,0.959403905447071,,0.0
2024-06-12,9.275,9.205,9.305,9.165,37772.65,36313.923,0.9588541666666668,,0.0
2024-06-13,9.205,9.085,9.265,9.055,41101.02,39084.869,0.9583333333333334,,0.0
2024-06-14,9.085,8.945,9.135,8.845,85498.0,80229.314,0.9577087794432548,,0.0
2024-06-17,8.905000000000001,8.905000000000001,9.015,8.715,68580.48,63388.749,0.9575268817204302,,0.0
2024-06-18,8.905000000000001,8.805,8.955,8.775,54387.46,50253.207,0.9570652173913043,,0.0
2024-06-19,8.845,8.725,8.855,8.695,32327.01,29578.352,0.956688596491228,,0.0
2024-06-20,8.715,8.655000000000001,8.935,8.605,37151.71,33989.325,0.956353591160221,,0.0
2024-06-21,8.635,8.615,8.805,8.535,31570.64,28663.603,0.956159822419534,,0.0
2024-06-24,8.605,8.355,8.625,8.335,37773.99,33379.677,0.954857142857143,,0.0
2024-06-25,8.355,8.315000000000001,8.445,8.275,32107.35,28057.64,0.9546498277841562,,0.0
2024-06-26,8.295,8.575000000000001,8.585,8.265,26460.84,23343.177,0.955964325529543,,0.0
2024-06-27,8.635,8.335,8.635,8.325000000000001,27008.0,23782.253,0.95475372279496,,0.0
2024-06-28,8.355,8.275,8.505,8.225,34403.59,30190.065,0.9544405997693196,,0.0
2024-07-01,8.225,8.325000000000001,8.345,8.115,31332.86,27007.879,0.9547018348623854,,0.0
2024-07-02,8.275,8.265,8.365,8.215,24312.19,21124.452,0.9543879907621248,,0.0
2024-07-03,8.245000000000001,8.215,8.385,8.185,25494.62,22112.606,0.954123112659698,,0.0
2024-07-04,8.215,7.935,8.275,7.885,40232.32,33848.177,0.9525810324129652,,0.0
2024-07-05,7.945,8.235000000000001,8.315000000000001,7.915000000000001,36215.94,30814.146,0.9542294322132098,,0.0
2024-07-08,8.225,7.935,8.265,7.915000000000001,25181.22,21219.088,0.9525810324129652,,0.0
2024-07-09,7.935,7.875,7.995000000000001,7.705,30892.8,25479.053,0.95223700120919,,0.0
2024-07-10,7.825000000000001,7.915000000000001,8.005,7.765000000000001,26240.32,21807.885,0.9524669073405536,,0.0
2024-07-11,8.055,8.285,8.335,8.015,34862.58,30062.579,0.9544930875576038,,0.0
2024-07-12,8.215,8.405000000000001,8.485000000000001,8.215,29264.0,25618.937,0.9551136363636364,,0.0
2024-07-15,9.285,9.285,9.285,9.285,16692.73,16158.563,0.9591942148760332,,0.0
2024-07-16,9.665,9.385,9.755,9.275,220500.27,217044.9,0.9596114519427404,,0.0
2024-07-17,9.215,9.075,9.335,8.955,139620.09,132549.712,0.9582893347412884,,0.0
2024-07-18,9.105,9.415,9.745,8.985000000000001,151846.79,148991.426,0.9597349643221204,,0.0
2024-07-19,9.455,9.465,9.615,9.375,102528.33,101179.282,0.9599391480730224,,0.0
2024-07-22,9.335,9.445,9.505,9.225,63679.33,62560.966,0.959857723577236,,0.0
2024-07-23,9.405,9.235,9.475,9.205,47789.54,46586.132,0.958982346832814,,0.0
2024-07-24,9.175,9.125,9.335,9.085,42547.8,40761.913,0.9585084033613446,,0.0
2024-07-25,9.065,9.125,9.225,9.005,29857.02,28448.496,0.9585084033613446,,0.0
2024-07-26,9.205,9.175,9.215,9.005,31688.0,30217.6,0.958725182863114,,0.0
2024-07-29,9.115,8.955,9.175,8.915000000000001,38259.21,35978.259,0.9577540106951872,,0.0
2024-07-30,8.935,9.155,9.175,8.885,41745.99,39543.691,0.9586387434554974,,0.0
2024-07-31,9.095,9.545,9.565,9.035,48642.4,47670.454,0.960261569416499,,0.0
2024-08-01,9.585,9.705,9.785,9.525,58642.8,59086.078,0.960891089108911,,0.0
2024-08-02,9.625,9.835,10.025,9.625,74765.16,76964.061,0.9613880742913,,0.0
2024-08-05,9.725,9.685,10.005,9.665,61014.46,62398.542,0.960813492063492,,0.0
2024-08-06,9.695,9.895,9.905,9.655,43164.54,44090.244,0.9616132167152576,,0.0
2024-08-07,9.945,9.845,9.985,9.785,50456.0,51854.551,0.96142578125,,0.0
2024-08-08,9.835,9.825,9.975,9.795,37120.0,38120.666,0.9613502935420744,,0.0
2024-08-09,9.825,9.635,9.925,9.615,34625.32,35096.347,0.9606181455633102,,0.0
2024-08-12,9.825,9.785,9.965,9.665,53482.88,54605.202,0.9611984282907664,,0.0
2024-08-13,9.725,9.785,9.815,9.685,33232.08,33726.98,0.9611984282907664,,0.0
2024-08-14,9.755,9.645,9.795,9.625,25437.28,25640.238,0.9606573705179284,,0.0
2024-08-15,9.625,9.695,9.775,9.585,28362.0,28568.912,0.960852329038652,,0.0
2024-08-16,9.675,9.725,9.755,9.485,32356.82,32596.232,0.9609683794466404,,0.0
2024-08-19,9.735,9.635,9.755,9.595,24144.0,24274.337,0.9606181455633102,,0.0
2024-08-20,9.635,9.455,9.635,9.425,27520.0,27248.711,0.9598984771573604,,0.0
2024-08-21,9.455,9.445,9.535,9.345,24457.0,24091.683,0.959857723577236,,0.0
2024-08-22,9.445,9.315,9.455,9.295,23427.59,22839.121,0.9593202883625128,,0.0
2024-08-23,9.315,9.255,9.325,9.205,20293.26,19588.168,0.9590673575129536,,0.0
2024-08-26,9.255,9.385,9.425,9.185,26749.4,26052.027,0.9596114519427404,,0.0
2024-08-27,9.295,9.375,9.435,9.285,22583.06,22048.694,0.95957011258956,,0.0
2024-08-28,9.305,9.305,9.505,9.265,23934.01,23315.905,0.959278350515464,,0.0
2024-08-29,9.225,9.495,9.565,9.225,29083.03,28581.261,0.9600606673407482,,0.0
2024-08-30,9.535,9.345,9.555,9.315,67133.8,65951.553,0.9594455852156056,,0.0
2024-09-02,9.325,9.485,9.595,9.225,86261.34,85157.437,0.9600202429149798,,0.0
2024-09-03,9.415,9.415,9.655,9.315,55632.08,54971.03,0.9597349643221204,,0.0
2024-09-04,9.395,9.425,9.575,9.375,37641.0,37194.161,0.959775967413442,,0.0
2024-09-05,9.435,9.645,9.685,9.415,38623.4,38640.351,0.9606573705179284,,0.0
2024-09-06,9.645,9.445,9.685,9.435,28762.0,28515.61,0.959857723577236,,0.0
2024-09-09,9.395,9.375,9.585,9.345,26375.6,25978.993,0.95957011258956,,0.0
2024-09-10,9.415,9.275,9.455,9.135,22982.8,22134.366,0.9591520165460188,,0.0
2024-09-11,9.165,9.175,9.345,9.155,23755.2,22883.192,0.958725182863114,,0.0
2024-09-12,9.205,9.085,9.325,9.075,25982.41,24838.427,0.9583333333333334,,0.0
2024-09-13,9.045,8.935,9.085,8.915000000000001,23479.02,22048.893,0.9576634512325832,,0.0
2024-09-18,8.955,8.865,9.005,8.715,22484.61,20751.545,0.9573434125269978,,0.0
2024-09-19,8.875,8.925,9.055,8.755,23538.0,21948.483,0.957618025751073,,0.0
2024-09-20,8.925,8.755,8.965,8.725,22795.43,20918.202,0.9568306010928962,,0.0
2024-09-23,8.785,8.715,8.845,8.615,28618.43,26059.311,0.9566410537870472,,0.0
2024-09-24,8.765,9.035,9.035,8.725,31989.82,29699.517,0.9581124072110286,,0.0
2024-09-25,9.135,9.165,9.385,9.105,41255.65,39823.877,0.9586820083682008,,0.0
2024-09-26,9.135,9.635,9.665,9.005,56238.42,54667.435,0.9606181455633102,,0.0
2024-09-27,9.855,10.005,10.285,9.765,75963.64,78697.985,0.9620192307692308,,0.0
2024-09-30,10.215,11.005,11.005,10.215,122391.54,135786.964,0.9653508771929824,,0.0
2024-10-08,12.145,11.895,12.145,11.205,153953.48,187713.877,0.9678600488201792,,0.0
2024-10-09,11.825,11.325,11.935,11.185,129720.63,155186.874,0.9662969283276452,,0.0
2024-10-10,11.315,11.055,11.605,10.925,82732.06,95971.718,0.9655021834061136,,0.0
2024-10-11,11.055,10.545,11.125,10.455,54508.76,60493.726,0.9638939670932358,,0.0
2024-10-14,10.545,10.645,10.685,10.375,52122.82,57070.704,0.9642210144927535,,0.0
2024-10-15,10.605,10.375,10.715,10.375,37056.97,40548.073,0.9633240482822656,,0.0
2024-10-16,10.185,10.325,10.465,10.185,33975.07,36437.888,0.9631529850746268,,0.0
2024-10-17,10.425,10.225,10.595,10.205,36920.01,39727.612,0.9628060263653484,,0.0
2024-10-18,10.235,10.515,10.725,10.205,53835.42,58314.98,0.963794683776352,,0.0
2024-10-21,10.605,10.545,10.645,10.355,56534.63,61566.447,0.9638939670932358,,0.0
2024-10-22,10.475,10.875,10.875,10.475,59161.22,65909.364,0.9649511978704526,,0.0
2024-10-23,10.905,10.885,11.005,10.775,56619.01,63857.231,0.9649822695035462,,0.0
2024-10-24,10.835,10.795,10.975,10.745,43326.0,48663.237,0.9647006255585344,,0.0
2024-10-25,10.885,10.815,10.895,10.515,43350.6,48508.008,0.964763603925067,,0.0
2024-10-28,10.875,11.245,11.275,10.715,65521.6,74913.78,0.96606529209622,,0.0
2024-10-29,11.315,11.035,11.485,10.955,56839.2,65838.272,0.9654418197725284,,0.0
2024-10-30,10.975,10.955,11.155,10.805,57474.09,65186.161,0.9651982378854626,,0.0
2024-10-31,10.905,10.675,10.965,10.505,86016.63,95133.793,0.9643179765130984,,0.0
2024-11-01,10.605,10.395,10.725,10.365,89811.83,98140.574,0.96339202965709,,0.0
2024-11-04,10.465,10.565,10.595,10.405,54336.95,59288.543,0.9639598540145986,,0.0
2024-11-05,10.535,10.695,10.715,10.495,70367.02,77570.654,0.9643823264201984,,0.0
2024-11-06,10.715,10.545,10.785,10.495,86289.71,95154.474,0.9638939670932358,,0.0
2024-11-07,10.535,10.985,10.985,10.505,81511.22,91145.49,0.9652899824253076,,0.0
2024-11-08,11.165,10.965,11.255,10.845,67705.16,77153.31,0.9652288732394366,,0.0
2024-11-11,10.895,11.045,11.065,10.805,61560.52,69874.249,0.965472027972028,,0.0
2024-11-12,11.075,11.275,11.645,11.065,101130.03,118875.17,0.966152527849186,,0.0
2024-11-13,11.275,11.165,11.455,10.945,70037.0,80984.431,0.9658304498269896,,0.0
2024-11-14,11.175,10.855,11.205,10.835,43731.0,49876.022,0.9648888888888888,,0.0
2024-11-15,10.855,10.695,10.955,10.665,39642.8,44504.987,0.9643823264201984,,0.0
2024-11-18,10.725,10.525,10.915,10.455,70083.2,77716.184,0.9638278388278388,,0.0
2024-11-19,10.545,10.735,10.765,10.505,37126.56,41049.19,0.9645103324348608,,0.0
2024-11-20,10.735,11.085,11.295,10.705,72201.41,82230.165,0.9655923344947736,,0.0
2024-11-21,11.105,10.985,11.115,10.875,30734.6,34968.232,0.9652899824253076,,0.0
2024-11-22,11.005,10.405,11.045,10.405,42664.2,47357.992,0.963425925925926,,0.0
2024-11-25,10.475,10.535,10.655,10.395,36769.2,40109.545,0.9638609332113448,,0.0
2024-11-26,10.505,10.475,10.795,10.425,44748.48,49121.452,0.9636614535418584,,0.0
2024-11-27,10.435,10.675,10.675,10.325,47640.81,52076.054,0.9643179765130984,,0.0
2024-11-28,10.675,10.625,10.785,10.585,33969.0,37664.242,0.9641560798548094,,0.0
2024-11-29,10.625,10.735,10.775,10.495,39302.0,43449.269,0.9645103324348608,,0.0
2024-12-02,10.955,11.335,11.425,10.855,103589.2,120341.908,0.9663256606990622,,0.0
2024-12-03,11.405,11.405,11.505,11.235,52698.69,62045.201,0.9665254237288136,,0.0
2024-12-04,11.315,11.185,11.385,11.125,35904.1,41805.756,0.9658894645941278,,0.0
2024-12-05,11.115,11.195,11.255,11.105,32352.2,37427.789,0.9659188955996548,,0.0
2024-12-06,11.215,11.385,11.465,11.135,46315.29,54235.275,0.9664685908319184,,0.0
2024-12-09,11.445,11.285,11.505,11.195,61143.0,71674.751,0.9661815068493153,,0.0
2024-12-10,11.595,11.195,11.595,11.105,80672.04,94472.412,0.9659188955996548,,0.0
2024-12-11,11.215,11.225,11.335,11.105,48140.75,55894.184,0.9660068846815836,,0.0
2024-12-12,11.235,11.265,11.325,11.145,57955.2,67514.239,0.9661234991423672,,0.0
2024-12-13,11.205,10.795,11.255,10.775,158040.26,178921.497,0.9647006255585344,,0.0
2024-12-16,10.825,10.895,11.015,10.785,72505.6,81986.265,0.9650132860938884,,0.0
2024-12-17,10.875,10.825,11.025,10.755,47953.56,53957.786,0.964795008912656,,0.0
2024-12-18,10.845,10.935,11.035,10.825,33025.31,37502.485,0.9651368049426302,,0.0
2024-12-19,10.835,10.855,10.935,10.655,29199.56,32634.273,0.9648888888888888,,0.0
2024-12-20,10.855,10.905,10.985,10.765,35964.55,40535.535,0.9650442477876108,,0.0
2024-12-23,10.895,10.595,10.955,10.575,35445.2,39374.53,0.9640582347588718,,0.0
2024-12-24,10.615,10.655,10.705,10.575,24433.6,26978.982,0.9642533936651584,,0.0
2024-12-25,10.705,10.565,10.745,10.495,28424.6,31171.322,0.9639598540145986,,0.0
2024-12-26,10.555,10.495,10.605,10.485,26153.78,28587.568,0.9637281910009184,,0.0
2024-12-27,10.565,10.545,10.645,10.435,28917.6,31705.773,0.9638939670932358,,0.0
2024-12-30,10.575,10.535,10.725,10.385,41602.2,45424.069,0.9638609332113448,,0.0
2024-12-31,10.495,10.295,10.595,10.285,29633.6,31978.921,0.9630495790458372,,0.0
2025-01-02,10.225,9.935,10.355,9.865,39563.14,41544.115,0.9617618586640851,,0.0
2025-01-03,9.925,9.885,10.115,9.805,40986.61,42457.895,0.9615758754863812,,0.0
2025-01-06,9.865,9.985,10.085,9.815,30172.83,31241.287,0.9619460500963392,,0.0
2025-01-07,9.955,9.935,10.035,9.765,32796.97,33749.583,0.9617618586640851,,0.0
2025-01-08,9.905,9.735,9.985,9.575,40983.58,41616.618,0.9610069101678184,,0.0
2025-01-09,9.725,9.685,9.805,9.515,24989.65,25247.014,0.960813492063492,,0.0
2025-01-10,9.695,9.565,9.765,9.505,25593.8,25716.392,0.9603413654618476,,0.0
2025-01-13,9.475,9.625,9.655,9.445,26350.78,26306.087,0.9605788423153692,,0.0
2025-01-14,9.665,9.805,9.855,9.605,47018.21,47715.897,0.9612745098039216,,0.0
2025-01-15,9.805,9.675,9.805,9.615,32114.0,32318.736,0.9607745779543198,,0.0
2025-01-16,9.715,9.665,9.875,9.645,43762.41,44406.403,0.9607355864811132,,0.0
2025-01-17,9.595,9.785,9.825,9.585,40006.65,40537.994,0.9611984282907664,,0.0
2025-01-20,9.805,9.885,9.935,9.785,29091.1,29824.348,0.9615758754863812,,0.0
2025-01-21,9.875,9.795,9.955,9.725,25365.34,25861.567,0.9612365063788028,,0.0
2025-01-22,9.755,9.755,9.845,9.625,22254.89,22502.935,0.9610837438423646,,0.0
2025-01-23,9.775,9.755,9.935,9.745,33580.68,34416.829,0.9610837438423646,,0.0
2025-01-24,9.765,9.795,9.835,9.705,31731.02,32278.353,0.9612365063788028,,0.0
2025-01-27,9.605,9.715,9.835,9.605,34930.38,35432.073,0.9609297725024728,,0.0
2025-02-05,9.745,9.765,9.855,9.725,32552.53,33184.447,0.9611220472440946,,0.0
2025-02-06,9.775,9.885,9.885,9.675,27285.02,27761.073,0.9615758754863812,,0.0
2025-02-07,9.875,10.025,10.095,9.825,39933.12,41474.09,0.9620921305182342,,0.0
2025-02-10,10.035,10.085,10.175,9.975,39520.4,41472.176,0.9623091603053436,,0.0
2025-02-11,10.125,9.965,10.125,9.865,33075.0,34190.037,0.9618725868725868,,0.0
2025-02-12,9.955,9.945,9.985,9.845,29106.07,29972.679,0.961798839458414,,0.0
2025-02-13,9.925,9.945,10.105,9.885,33580.24,34790.62,0.961798839458414,,0.0
2025-02-14,9.905,10.045,10.095,9.875,32540.0,33902.694,0.9621647509578544,,0.0
2025-02-17,10.045,10.005,10.185,9.985,37981.04,39743.042,0.9620192307692308,,0.0
2025-02-18,10.015,9.865,10.105,9.815,38263.0,39571.177,0.9615009746588694,,0.0
2025-02-19,9.905,10.895,10.895,9.805,125200.31,136783.645,0.9650132860938884,,0.0
2025-02-20,11.245,11.345,11.625,11.175,237897.66,280546.321,0.9663543441226576,,0.0
2025-02-21,11.345,11.575,11.625,11.165,145774.81,171647.319,0.967000835421888,,0.0
2025-02-24,11.545,11.525,11.805,11.305,104656.6,125203.813,0.9668624161073824,,0.0
2025-02-25,11.525,11.315,11.605,11.265,73741.53,87208.958,0.966268146883006,,0.0
2025-02-26,11.405,11.345,11.525,11.285,63782.1,75032.379,0.9663543441226576,,0.0
2025-02-27,11.355,11.305,11.635,11.155,71979.0,84619.197,0.9662393162393162,,0.0
2025-02-28,11.265,10.935,11.305,10.925,58607.56,67210.021,0.9651368049426302,,0.0
2025-03-03,11.005,10.945,11.125,10.895,45575.61,51980.475,0.9651675485008818,,0.0
2025-03-04,10.905,10.935,10.995,10.825,31773.5,36001.27,0.9651368049426302,,0.0
2025-03-05,10.955,10.815,10.985,10.715,34951.87,39120.493,0.964763603925067,,0.0
2025-03-06,10.825,10.925,10.955,10.755,42843.26,48237.014,0.965106007067138,,0.0
2025-03-07,10.905,10.855,11.005,10.785,34929.36,39375.14,0.9648888888888888,,0.0
2025-03-10,10.935,10.865,10.995,10.785,32806.0,36950.445,0.9649200710479574,,0.0
2025-03-11,10.855,10.715,10.855,10.605,42762.77,47435.742,0.9644464446444644,,0.0
2025-03-12,10.765,10.595,10.765,10.555,43589.2,47994.299,0.9640582347588718,,0.0
2025-03-13,10.555,10.555,10.615,10.455,33236.87,36302.836,0.9639269406392694,,0.0
2025-03-14,10.515,10.695,10.695,10.455,54942.2,60350.811,0.9643823264201984,,0.0
2025-03-17,10.695,10.655,10.715,10.575,34073.0,37617.582,0.9642533936651584,,0.0
2025-03-18,10.635,10.765,10.775,10.635,38427.0,42765.16,0.9646057347670252,,0.0
2025-03-19,10.755,10.785,10.945,10.735,52814.1,59328.825,0.9646690518783544,,0.0
2025-03-20,10.795,10.685,10.795,10.655,32545.39,36174.543,0.9643501805054152,,0.0
2025-03-21,10.705,10.605,10.775,10.525,40219.0,44316.49,0.9640909090909092,,0.0
2025-03-24,10.575,10.585,10.695,10.425,35476.0,38915.898,0.9640255009107468,,0.0
2025-03-25,10.595,10.705,10.705,10.525,32102.0,35446.007,0.9644144144144144,,0.0
2025-03-26,10.705,10.775,10.895,10.695,38622.06,43163.873,0.9646374216651746,,0.0
2025-03-27,10.725,11.215,11.285,10.685,101493.28,116634.417,0.9659776055124892,,0.0
2025-03-28,11.215,11.155,11.455,11.105,104156.79,121541.074,0.965800865800866,,0.0
2025-03-31,11.055,10.715,11.155,10.675,70756.4,79803.677,0.9644464446444644,,0.0
2025-04-01,10.715,11.325,11.455,10.665,110725.81,129070.9,0.9662969283276452,,0.0
2025-04-02,11.305,11.165,11.325,11.135,52614.29,61129.917,0.9658304498269896,,0.0
2025-04-03,11.055,11.155,11.335,11.025,49067.0,56639.525,0.965800865800866,,0.0
2025-04-07,10.805,10.005,10.825,10.005,88235.52,94290.769,0.9620192307692308,,0.0
2025-04-08,9.995,9.945,10.165,9.625,101978.72,104608.3,0.961798839458414,,0.0
2025-04-09,9.705,9.865,9.915,9.325,73734.61,74349.433,0.9615009746588694,,0.0
2025-04-10,10.005,10.185,10.315,10.005,60838.6,64324.508,0.9626654064272212,,0.0
2025-04-11,10.135,10.315,10.385,10.065,50876.2,54273.659,0.9631185807656396,,0.0
2025-04-14,10.485,10.775,10.885,10.455,67853.45,75530.468,0.9646374216651746,,0.0
2025-04-15,10.785,10.495,10.865,10.435,44559.0,48806.83,0.9637281910009184,,0.0
2025-04-16,10.495,10.195,10.555,10.055,42146.8,44727.8,0.9627006610009444,,0.0
2025-04-17,10.185,10.245,10.375,10.105,27966.13,29862.735,0.962875939849624,,0.0
2025-04-18,10.285,10.245,10.405,10.125,23305.11,24725.035,0.962875939849624,,0.0
2025-04-21,10.205,10.515,10.535,10.175,30159.8,32567.225,0.963794683776352,,0.0
2025-04-22,10.495,10.595,10.655,10.375,32531.82,35567.5,0.9640582347588718,,0.0
2025-04-23,10.665,10.615,10.815,10.535,33895.0,37391.84,0.9641235240690282,,0.0
2025-04-24,10.595,10.745,10.905,10.555,53108.6,59199.363,0.9645421903052064,,0.0
2025-04-25,10.805,10.505,10.805,10.265,58809.1,63858.658,0.9637614678899084,,0.0
2025-04-28,10.475,10.445,10.505,10.285,31763.0,34286.249,0.963560885608856,,0.0
2025-04-29,10.445,10.485,10.575,10.385,27246.6,29691.231,0.9636948529411764,,0.0
2025-04-30,10.495,10.485,10.605,10.475,26697.61,29212.077,0.9636948529411764,,0.0
2025-05-06,10.535,10.495,10.575,10.425,48907.36,53180.778,0.9637281910009184,,0.0
2025-05-07,10.595,10.565,10.675,10.495,38050.8,41792.324,0.9639598540145986,,0.0
2025-05-08,10.765,10.685,10.775,10.625,41929.82,46598.896,0.9643501805054152,,0.0
2025-05-09,10.665,10.605,10.775,10.515,29652.21,32690.999,0.9640909090909092,,0.0
2025-05-12,10.595,10.635,10.705,10.485,32538.38,35683.839,0.9641885766092476,,0.0
2025-05-13,10.725,10.685,10.725,10.575,35701.01,39503.832,0.9643501805054152,,0.0
2025-05-14,10.685,10.715,10.785,10.555,35639.0,39378.814,0.9644464446444644,,0.0
2025-05-15,10.705,10.755,10.835,10.625,42660.6,47575.393,0.9645739910313902,,0.0
2025-05-16,10.745,10.995,11.055,10.705,55938.71,63301.571,0.9653204565408252,,0.0
2025-05-19,10.955,10.985,11.175,10.895,34659.2,39523.472,0.9652899824253076,,0.0
2025-05-20,11.055,11.115,11.205,11.015,44286.0,51012.03,0.9656820156385753,,0.0
2025-05-21,11.115,11.075,11.195,11.035,41828.6,48101.351,0.9655623365300784,,0.0
2025-05-22,11.085,10.995,11.095,10.915,37530.0,42811.186,0.9653204565408252,,0.0
2025-05-23,11.005,10.955,11.155,10.955,43854.0,50281.135,0.9651982378854626,,0.0
2025-05-26,11.035,10.805,11.055,10.765,44966.64,50624.759,0.9647321428571428,,0.0
2025-05-27,10.815,11.005,11.035,10.775,44200.45,50127.341,0.9653508771929824,,0.0
2025-05-28,11.025,10.955,11.085,10.935,22907.08,26073.851,0.9651982378854626,,0.0
2025-05-29,10.955,11.215,11.265,10.915,43193.28,49855.909,0.9659776055124892,,0.0
2025-05-30,11.205,11.375,11.485,11.185,60643.72,71282.763,0.9664401019541208,,0.0
2025-06-03,11.305,11.995,12.105,11.275,126520.22,154749.895,0.9681194511702986,,0.0
2025-06-04,12.015,12.055,12.265,11.935,94913.98,118188.194,0.968273092369478,,0.0
2025-06-05,12.095,11.815,12.135,11.725,62955.34,77093.271,0.9676494676494676,,0.0
2025-06-06,11.785,11.735,11.885,11.625,49081.29,59632.468,0.9674361088211048,,0.0
2025-06-09,11.765,11.915,12.075,11.715,59477.51,73197.361,0.9679122664500408,,0.0
2025-06-10,11.905,11.935,12.135,11.825,69302.44,85727.535,0.9679643146796432,,0.0
2025-06-11,11.865,11.865,12.035,11.825,40694.62,50058.984,0.9677814029363784,,0.0
2025-06-12,11.825,12.185,12.245,11.805,95898.9,119899.218,0.9686009538950716,,0.0
2025-06-13,12.095,12.145,12.495,12.025,97244.4,122372.78,0.968500797448166,,0.0
2025-06-16,12.145,11.965,12.275,11.905,68358.95,84847.277,0.968042071197411,,0.0
2025-06-17,12.035,11.865,12.325,11.785,74558.9,92349.776,0.9677814029363784,,0.0
2025-06-18,11.815,11.695,11.865,11.595,52532.11,63482.769,0.9673283705541772,,0.0
2025-06-19,11.695,11.395,11.705,11.345,50306.18,59743.397,0.9664970313825276,,0.0
2025-06-20,11.375,11.265,11.415,11.205,47679.0,55609.239,0.9661234991423672,,0.0
2025-06-23,11.265,11.145,11.265,11.015,54000.6,62174.977,0.9657712305025996,,0.0
2025-06-24,11.205,11.325,11.335,11.175,53799.57,62714.801,0.9662969283276452,,0.0
2025-06-25,11.325,11.275,11.365,11.155,48083.35,55945.543,0.966152527849186,,0.0
2025-06-26,11.285,11.145,11.295,11.075,43028.6,49705.096,0.9657712305025996,,0.0
2025-06-27,11.185,11.225,11.355,11.145,38327.8,44677.333,0.9660068846815836,,0.0
2025-06-30,11.305,11.515,11.595,11.165,61723.62,72740.784,0.9668345927791772,,0.0
2025-07-01,11.515,11.665,11.675,11.495,43090.6,51655.602,0.9672470978441128,,0.0
2025-07-02,11.655,11.515,11.725,11.465,43053.0,51426.702,0.9668345927791772,,0.0
2025-07-03,11.535,11.565,11.695,11.485,39544.7,47404.374,0.9669732441471572,,0.0
2025-07-04,11.565,11.655,11.695,11.515,43957.55,52756.167,0.967219917012448,,0.0
2025-07-07,11.665,11.665,11.845,11.605,47865.0,56656.52,0.9877222692633362,,0.0
2025-07-08,11.665,11.715,11.935,11.635,45435.0,54071.389,0.9877740303541316,,0.0
2025-07-09,11.695,11.665,11.755,11.545,41324.06,48721.992,0.9877222692633362,,0.0
2025-07-10,11.675,11.835,11.915,11.625,47377.2,56599.823,0.9878964941569284,,0.0
2025-07-11,11.885,12.055,12.095,11.835,62196.6,75597.715,0.9881147540983608,,0.0
2025-07-14,12.055,12.045,12.105,11.945,41217.8,50132.93,0.9881050041017228,,0.0
2025-07-15,11.975,11.965,12.075,11.785,50661.07,61032.924,0.9880264244426096,,0.0
2025-07-16,11.935,12.205,12.225,11.905,48760.41,59702.674,0.9882591093117408,,0.0
2025-07-17,12.195,12.395,12.395,12.165,49403.84,61473.345,0.9884370015948964,,0.0
2025-07-18,12.375,12.415,12.425,12.155,46528.84,57827.408,0.9884554140127388,,0.0
2025-07-21,12.955,13.675,13.675,12.585,210234.01,280408.45,0.989507959479016,,0.0
2025-07-22,13.675,13.585,14.195,13.475,346759.56,482656.969,0.9894391842680262,,0.0
2025-07-23,13.585,13.735,14.195,13.315,243948.89,339525.969,0.9895533141210376,,0.0
2025-07-24,13.865,13.665,14.035,13.515,165620.02,229290.022,0.9895003620564808,,0.0
2025-07-25,13.805,13.315,13.805,13.265,164743.82,224580.023,0.9892273402674592,,0.0
2025-07-28,13.255,13.245,13.355,13.155,89302.87,119514.423,0.9891710231516057,,0.0
2025-07-29,13.275,13.455,13.605,13.135,136724.49,184945.002,0.9893382352941176,,0.0
2025-07-30,13.465,13.435,13.685,13.255,133522.0,182464.914,0.9893225331369662,,0.0
2025-07-31,13.405,13.245,13.595,13.135,113016.26,152419.129,0.9891710231516057,,0.0
2025-08-01,13.205,13.105,13.445,13.095,82809.74,110857.902,0.989056603773585,,0.0
2025-08-04,13.055,13.025,13.175,12.815,86786.01,113778.871,0.9889901290812452,,0.0
2025-08-05,13.025,13.115,13.225,12.925,63251.2,83485.165,0.9890648567119156,,0.0
2025-08-06,13.145,12.995,13.255,12.945,68402.02,90159.759,0.98896499238965,,0.0
2025-08-07,12.995,12.765,13.075,12.685,63138.73,81982.366,0.9887683965917894,,0.0
2025-08-08,12.785,12.885,12.885,12.655,43371.67,56189.347,0.9888718342287032,,0.0
2025-08-11,12.905,12.995,13.035,12.795,63616.0,83047.809,0.98896499238965,,0.0
2025-08-12,12.995,12.925,13.115,12.815,43310.24,56642.98,0.9889058913542464,,0.0
2025-08-13,12.865,13.255,13.305,12.855,88270.88,117251.284,0.989179104477612,,0.0
2025-08-14,13.285,13.065,13.345,13.045,69217.6,92241.342,0.9890234670704012,,0.0
2025-08-15,13.055,13.095,13.155,12.915,65993.26,87154.961,0.98904833836858,,0.0
2025-08-18,13.125,13.135,13.335,13.035,79827.6,106094.971,0.9890813253012049,,0.0
2025-08-19,13.125,13.115,13.465,13.105,81723.6,109638.679,0.9890648567119156,,0.0
2025-08-20,13.065,13.185,13.185,12.935,75004.82,98911.946,0.9891222805701426,,0.0
2025-08-21,13.175,13.155,13.325,13.075,62889.78,83711.71,0.9890977443609024,,0.0
2025-08-22,13.125,13.065,13.175,12.965,51363.25,67730.131,0.9890234670704012,,0.0
2025-08-25,13.045,13.325,13.395,13.045,85810.4,115023.877,0.9892353377876764,,0.0
2025-08-26,13.335,13.235,13.365,13.175,53339.46,71422.433,0.9891629297458894,,0.0
2025-08-27,13.205,12.715,13.315,12.695,78882.8,103962.567,0.9887247278382582,,0.0
2025-08-28,12.685,12.735,12.865,12.375,71414.38,91282.484,0.9887422360248448,,0.0
2025-08-29,12.735,12.755,12.935,12.605,57593.54,74417.027,0.9887596899224806,,0.0
2025-09-01,12.845,13.035,13.155,12.815,77906.2,102704.991,0.9889984825493172,,0.0
2025-09-02,13.005,12.755,13.105,12.625,76312.03,99034.74,0.9887596899224806,,0.0
2025-09-03,12.795,12.615,12.915,12.565,43056.0,55336.315,0.9886363636363636,,0.0
2025-09-04,12.665,12.505,12.715,12.305,69280.61,88059.501,0.9885375494071148,,0.0
2025-09-05,12.545,12.925,12.925,12.415,55059.46,70866.81,0.9889058913542464,,0.0
2025-09-08,13.055,12.985,13.185,12.805,45975.8,60264.999,0.988956587966489,,0.0
2025-09-09,12.995,12.795,13.105,12.755,52882.0,68971.135,0.9887944358578052,,0.0
2025-09-10,12.785,12.645,12.885,12.645,29625.56,38182.79,0.9886630179827992,,0.0
2025-09-11,12.625,12.685,12.705,12.295,59767.44,75574.291,0.9886983632112236,,0.0
2025-09-12,12.685,12.715,12.815,12.495,50775.46,64952.523,0.9887247278382582,,0.0
2025-09-15,12.715,12.705,12.785,12.575,41186.2,52883.004,0.988715953307393,,0.0
2025-09-16,12.775,12.645,12.795,12.485,35355.61,45133.995,0.9886630179827992,,0.0
2025-09-17,12.645,12.515,12.685,12.515,37217.46,47383.195,0.9885466034755136,,0.0
2025-09-18,12.515,12.355,12.645,12.245,49260.58,62150.029,0.9884,,0.0
2025-09-19,12.315,12.265,12.445,12.155,45135.84,55968.336,0.9883158742949236,,0.0
2025-09-22,12.285,12.165,12.425,12.065,36734.76,45262.774,0.988220958570268,,0.0
2025-09-23,12.125,11.895,12.145,11.735,44330.0,53245.488,0.9879568106312292,,0.0
2025-09-24,11.855,12.035,12.045,11.835,34478.0,41769.308,0.988095238095238,,0.0
2025-09-25,12.055,11.895,12.095,11.885,31374.2,37972.68,0.9879568106312292,,0.0
2025-09-26,11.865,11.775,11.915,11.655,34780.36,41518.545,0.9878355704697986,,0.0
2025-09-29,11.835,11.805,11.845,11.595,35168.08,41727.324,0.987866108786611,,0.0
2025-09-30,11.815,11.815,11.875,11.685,31217.6,37324.392,0.987876254180602,,0.0
2025-10-09,11.815,11.725,11.865,11.635,39665.0,47179.56,0.9877843302443134,,0.0
2025-10-10,11.755,11.795,11.855,11.665,37984.0,45269.606,0.98785594639866,,0.0
2025-10-13,11.575,11.595,11.645,11.445,40900.37,47802.297,0.987649063032368,,0.0
2025-10-14,11.615,11.415,11.675,11.385,51089.98,59582.577,0.9874567474048443,,0.0
2025-10-15,11.465,11.665,11.735,11.415,45072.8,53005.483,0.9877222692633362,,0.0
2025-10-16,11.665,11.645,11.775,11.575,38263.8,45193.769,0.9877014418999152,,0.0
2025-10-17,11.645,11.495,11.755,11.475,33612.66,39538.583,0.9875429553264604,,0.0
2025-10-20,11.495,11.545,11.635,11.465,30064.82,35132.341,0.9875962360992302,,0.0
2025-10-21,11.535,11.795,11.815,11.535,33500.07,39773.497,0.98785594639866,,0.0
2025-10-22,11.785,11.825,11.995,11.735,39041.92,46837.686,0.9878863826232248,,0.0
2025-10-23,11.765,11.785,11.835,11.615,34209.74,40590.815,0.9878457669740152,,0.0
2025-10-24,11.805,11.765,11.875,11.665,30501.6,36312.718,0.9878253568429892,,0.0
2025-10-27,11.855,11.865,11.935,11.765,38835.29,46598.916,0.9879267277268944,,0.0
2025-10-28,11.925,11.785,11.955,11.785,29913.0,35934.833,0.9878457669740152,,0.0
2025-10-29,11.815,11.875,11.915,11.715,34567.62,41335.194,0.987936772046589,,0.0
2025-10-30,11.875,11.665,11.885,11.665,31731.04,37742.794,0.9877222692633362,,0.0
2025-10-31,11.765,12.015,12.055,11.705,56948.14,68672.476,0.9880756578947368,,0.0
2025-11-03,12.075,12.225,12.265,11.975,68297.65,83970.088,0.988278092158448,,0.0
2025-11-04,12.145,11.975,12.195,11.915,41542.69,50562.866,0.9880363036303632,,0.0
2025-11-05,11.935,11.985,12.045,11.895,31073.0,37661.235,0.9880461665292664,,0.0
2025-11-06,11.955,12.005,12.075,11.915,28616.0,34710.441,0.9880658436213992,,0.0
2025-11-07,11.975,12.115,12.155,11.955,33882.06,41458.589,0.9881729200652528,,0.0
2025-11-10,12.045,12.225,12.245,12.035,36554.2,45046.887,0.988278092158448,,0.0
2025-11-11,12.205,12.215,12.245,12.135,25536.04,31498.67,0.9882686084142396,,0.0
2025-11-12,12.205,12.235,12.255,12.165,31892.25,39422.64,0.9882875605815832,,0.0
2025-11-13,12.235,12.315,12.335,12.175,34422.2,42794.85,0.988362760834671,,0.0
2025-11-14,12.255,12.415,12.535,12.245,55075.65,69412.318,0.9884554140127388,,0.0
2025-11-17,12.395,12.205,12.445,12.145,39808.06,49203.587,0.9882591093117408,,0.0
2025-11-18,12.195,12.115,12.275,12.075,31604.63,38855.525,0.9881729200652528,,0.0
2025-11-19,12.105,11.875,12.145,11.835,35398.8,42749.125,0.987936772046589,,0.0
2025-11-20,11.885,11.925,12.015,11.855,32512.0,39234.818,0.987986743993372,,0.0
2025-11-21,11.875,11.425,11.955,11.395,45380.0,53278.281,0.987467588591184,,0.0
2025-11-24,11.485,11.565,11.655,11.435,32522.4,38111.126,0.9876174210076858,,0.0
2025-11-25,11.565,11.655,11.815,11.535,31475.48,37283.056,0.9877118644067796,,0.0
2025-11-26,11.675,11.715,11.945,11.635,30773.0,36714.28,0.9877740303541316,,0.0
2025-11-27,11.715,11.545,11.745,11.515,30535.8,35872.484,0.9875962360992302,,0.0
2025-11-28,11.545,11.665,11.705,11.475,26171.48,30729.192,0.9877222692633362,,0.0
2025-12-01,11.645,11.815,11.885,11.605,34457.88,41109.994,0.987876254180602,,0.0
2025-12-02,11.855,11.905,11.945,11.695,31302.52,37490.513,0.9879668049792532,,0.0
2025-12-03,11.895,11.985,12.085,11.845,33662.85,40793.075,0.9880461665292664,,0.0
2025-12-04,11.975,11.945,12.045,11.905,22676.4,27455.405,0.9880066170388752,,0.0
2025-12-05,11.945,11.915,11.945,11.715,29149.17,34930.273,0.9879767827529022,,0.0
2025-12-08,11.995,11.795,12.035,11.795,35631.54,42808.693,0.98785594639866,,0.0
2025-12-09,11.805,11.755,11.865,11.725,28985.97,34574.567,0.9878151260504202,,0.0
2025-12-10,11.745,11.805,11.865,11.655,23211.0,27692.118,0.987866108786611,,0.0
2025-12-11,11.835,11.625,11.845,11.625,27118.23,32137.977,0.98768054375531,,0.0
2025-12-12,11.685,11.485,11.705,11.485,29475.0,34505.136,0.9875322441960448,,0.0
2025-12-15,11.485,11.525,11.595,11.355,28976.0,33763.602,0.9875749785775492,,0.0
2025-12-16,11.545,11.525,11.545,11.395,28260.02,32798.567,0.9875749785775492,,0.0
2025-12-17,11.555,11.495,11.565,11.385,26900.59,31262.07,0.9875429553264604,,0.0
2025-12-18,11.495,11.555,11.625,11.455,20435.4,23897.122,0.9876068376068377,,0.0
2025-12-19,11.555,11.675,11.805,11.545,40596.13,48126.549,0.9877326565143824,,0.0
2025-12-22,11.685,11.645,11.705,11.565,23907.2,28191.211,0.9877014418999152,,0.0
2025-12-23,11.705,11.615,11.825,11.605,23841.0,28202.89,0.9876700680272108,,0.0
2025-12-24,11.685,11.735,11.775,11.605,26985.05,31968.689,0.9877946127946128,,0.0
2025-12-25,11.765,11.865,11.915,11.725,23109.6,27677.682,0.9879267277268944,,0.0
2025-12-26,11.895,11.885,11.945,11.775,29414.6,35321.362,0.987946799667498,,0.0
2025-12-29,11.865,11.645,11.875,11.635,21435.8,25439.282,0.9877014418999152,,0.0
2025-12-30,11.715,11.665,11.795,11.565,24763.0,29285.575,0.9877222692633362,,0.0
2025-12-31,11.695,11.645,11.725,11.595,19313.8,22784.838,0.9877014418999152,,0.0
2026-01-05,11.715,11.955,11.995,11.665,41379.43,49690.565,0.98801652892562,,0.0
2026-01-06,12.015,11.975,12.015,11.835,40513.02,48884.622,0.9880363036303632,,0.0
2026-01-07,11.985,11.955,12.005,11.875,35483.4,42893.739,0.98801652892562,,0.0
2026-01-08,11.965,11.935,12.035,11.915,26619.6,32243.963,0.987996688741722,,0.0
2026-01-09,11.975,12.165,12.185,11.905,41000.6,49989.324,0.988220958570268,,0.0
2026-01-12,12.175,12.195,12.335,12.045,45170.62,55474.347,0.9882495948136144,,0.0
2026-01-13,12.395,12.285,12.495,12.225,62624.47,78385.909,0.988334674175382,,0.0
2026-01-14,12.285,12.155,12.425,12.005,70904.43,87875.099,0.9882113821138212,,0.0
2026-01-15,12.155,12.205,12.355,12.105,63317.63,78248.122,0.9882591093117408,,0.0
2026-01-16,12.205,11.985,12.265,11.935,45178.57,55044.147,0.9880461665292664,,0.0
2026-01-19,11.955,12.005,12.085,11.935,35869.85,43553.626,0.9880658436213992,,0.0
2026-01-20,12.085,12.145,12.205,12.015,38472.82,47136.37,0.9882017900732304,,0.0
2026-01-21,12.095,12.215,12.325,12.065,45001.4,55556.042,0.9882686084142396,,0.0
2026-01-22,12.225,12.225,12.305,12.185,36318.66,44960.748,0.988278092158448,,0.0
2026-01-23,12.285,12.325,12.395,12.205,50753.74,63255.611,0.9883720930232558,,0.0
2026-01-26,12.355,12.395,12.415,12.135,73630.8,91587.948,0.9884370015948964,,0.0
2026-01-27,12.405,12.215,12.415,11.955,50315.4,61890.475,0.9882686084142396,,0.0
2026-01-28,12.265,12.165,12.305,12.095,47252.06,58359.419,0.988220958570268,,0.0
2026-01-29,12.125,12.315,12.385,12.115,44980.8,55858.062,0.988362760834671,,0.0
2026-01-30,12.255,12.225,12.375,12.095,50360.0,62359.824,0.988278092158448,,0.0
2026-02-02,12.135,11.695,12.135,11.655,66513.64,80136.356,0.9877533783783784,,0.0
2026-02-03,11.755,11.895,11.925,11.725,50426.18,60312.532,0.9879568106312292,,0.0
2026-02-04,11.925,12.055,12.085,11.855,42355.2,51350.637,0.9881147540983608,,0.0
2026-02-05,12.055,12.025,12.135,11.995,29746.45,36302.826,0.9880854560394412,,0.0
2026-02-06,12.035,12.065,12.285,11.955,43282.6,53271.478,0.9881244881244882,,0.0
2026-02-09,12.135,12.165,12.295,12.085,42601.42,52616.238,0.988220958570268,,0.0
2026-02-10,12.185,12.245,12.305,12.135,29409.79,36449.396,0.9882970137207424,,0.0
2026-02-11,12.255,12.255,12.355,12.215,31855.86,39618.599,0.9883064516129032,,0.0
2026-02-12,12.225,12.125,12.285,12.115,30930.44,38068.317,0.9881825590872046,,0.0
2026-02-13,12.185,11.905,12.185,11.905,28801.16,35076.562,0.9879668049792532,,0.0
2026-02-24,12.045,11.995,12.065,11.935,25280.0,30727.308,0.9880560131795716,,0.0
2026-02-25,12.015,12.085,12.205,11.985,32365.8,39738.087,0.9881439084219134,,0.0
2026-02-26,12.125,11.895,12.145,11.865,36889.6,44633.759,0.9879568106312292,,0.0
2026-02-27,11.755,11.875,11.905,11.755,37614.8,45097.342,0.987936772046589,,0.0
2026-03-02,11.715,11.625,11.855,11.455,52259.2,61537.024,0.98768054375531,,0.0
2026-03-03,11.935,11.505,11.935,11.465,56613.4,66522.948,0.9875536480686696,,0.0
2026-03-04,11.425,11.075,11.535,11.035,57633.0,65617.794,0.9870766488413548,,0.0
2026-03-05,11.215,11.015,11.225,10.995,43360.4,48647.671,0.9870071684587814,,0.0
2026-03-06,11.025,11.295,11.325,11.005,43683.51,49692.753,0.9873251748251748,,0.0
2026-03-09,11.275,11.205,11.325,11.055,44044.04,49818.768,0.9872246696035244,,0.0
2026-03-10,11.265,11.285,11.385,11.185,29837.8,34008.03,0.9873140857392826,,0.0
2026-03-11,11.335,11.245,11.355,11.195,21738.3,24749.358,0.9872695346795436,,0.0
2026-03-12,11.265,11.235,11.305,11.175,32799.0,37338.04,0.9872583479789104,,0.0
2026-03-13,11.255,11.285,11.415,11.245,35517.0,40795.619,0.9873140857392826,,0.0
2026-03-16,11.325,11.225,11.405,11.205,26655.12,30446.384,0.9872471416007036,,0.0
2026-03-17,11.255,11.245,11.405,11.225,31062.61,35576.053,0.9872695346795436,,0.0
2026-03-18,11.265,11.245,11.335,11.115,36473.8,41366.776,0.9872695346795436,,0.0
2026-03-19,11.185,10.975,11.225,10.945,47200.2,52852.362,0.9869604316546764,,0.0
2026-03-20,11.045,10.855,11.145,10.845,50708.8,56342.211,0.9868181818181818,,0.0
2026-03-23,10.755,10.185,10.755,10.155,63361.17,66850.71,0.9859632139399808,,0.0
2026-03-24,10.355,10.575,10.635,10.185,42139.56,44450.543,0.986473880597015,,0.0
2026-03-25,10.605,10.625,10.715,10.555,37171.38,40093.505,0.9865366759517178,,0.0
2026-03-26,10.595,10.645,10.865,10.565,36527.87,39578.507,0.9865616311399444,,0.0
2026-03-27,10.545,10.975,11.005,10.485,49397.03,54293.232,0.9869604316546764,,0.0
2026-03-30,10.935,11.105,11.155,10.855,46401.0,51813.427,0.9871111111111112,,0.0
2026-03-31,11.125,11.195,11.295,11.095,53983.2,61289.39,0.9872134038800706,,0.0
2026-04-01,11.285,11.405,11.445,11.075,61019.64,70000.791,0.9874458874458876,,0.0
2026-04-02,11.395,11.535,11.615,11.325,53301.04,62111.427,0.9875856164383562,,0.0
2026-04-03,11.465,11.195,11.495,11.155,45119.6,51550.989,0.9872134038800706,,0.0
2026-04-07,11.195,11.245,11.335,10.875,49571.62,56196.805,0.9872695346795436,,0.0
2026-04-08,11.385,11.535,11.585,11.215,66680.79,77314.608,0.9875856164383562,,0.0
2026-04-09,11.505,11.105,11.595,11.095,68086.1,77992.57,0.9871111111111112,,0.0
2026-04-10,11.105,11.135,11.335,11.105,38295.0,43423.093,0.987145390070922,,0.0
2026-04-13,11.125,10.945,11.135,10.925,40456.4,45121.602,0.9869251577998196,,0.0
2026-04-14,11.045,11.195,11.195,10.885,44384.97,49608.215,0.9872134038800706,,0.0
2026-04-15,11.315,11.295,11.405,11.075,44165.6,50342.054,0.9873251748251748,,0.0
2026-04-16,11.305,11.205,11.315,11.145,34535.29,39247.657,0.9872246696035244,,0.0
2026-04-17,11.245,10.975,11.245,10.945,33607.8,37492.929,0.9869604316546764,,0.0
2026-04-20,11.035,10.965,11.035,10.855,34926.2,38764.934,0.986948694869487,,0.0
2026-04-21,10.965,10.885,11.065,10.825,28845.03,31830.513,0.986854034451496,,0.0
2026-04-22,10.885,10.935,10.935,10.835,20698.09,22831.628,0.986913357400722,,0.0
2026-04-23,10.935,10.835,10.935,10.745,28942.95,31807.873,0.9867941712204008,,0.0
2026-04-24,10.775,10.785,10.845,10.665,24785.5,27071.751,0.9867337602927724,,0.0
2026-04-27,10.805,10.715,10.835,10.685,27604.17,30064.112,0.9866482504604052,,0.0
2026-04-28,10.655,10.635,10.835,10.525,37990.41,41038.152,0.9865491651205938,,0.0
2026-04-29,10.675,10.625,10.795,10.575,42583.62,46048.31,0.9865366759517178,,0.0
2026-04-30,10.675,10.725,10.895,10.675,44946.18,49127.49,0.9866605335786568,,0.0
2026-05-06,10.725,10.805,10.925,10.705,64977.03,71213.395,0.98675799086758,,0.0
2026-05-07,10.845,10.675,10.925,10.645,41335.2,44999.747,0.9865988909426988,,0.0
2026-05-08,10.675,10.735,10.795,10.625,47224.38,51257.347,0.9866727941176472,,0.0
2026-05-11,10.735,10.775,10.865,10.645,705566000.0,770785080.0,0.9867216117216118,,0.0
2026-05-12,10.755,10.455,10.775,10.395,93746.95,99981.912,0.9863207547169812,,0.0
2026-05-13,10.515,10.465,10.515,10.305,42212.41,44563.634,0.9863336475023564,,0.0
2026-05-14,10.485,10.225,10.495,10.225,41708.88,43674.066,0.9860173577627772,,0.0
2026-05-15,10.215,10.195,10.335,10.075,51347.49,53196.52,0.9859767891682786,,0.0
2026-05-18,10.155,10.015,10.185,9.885,42109.68,42782.027,0.9857283464566928,,0.0
2026-05-19,10.015,10.255,10.285,9.995,43077.0,44410.243,0.9860576923076924,,0.0
2026-05-20,10.245,10.045,10.245,9.965,35662.8,36427.66,0.9857703631010796,,0.0
2026-05-21,10.105,10.055,10.315,10.055,40390.44,41787.823,0.9857843137254902,,0.0
2026-05-22,10.125,10.045,10.125,9.895,37319.8,37874.374,0.9857703631010796,,0.0
2026-05-25,10.035,9.935,10.155,9.825,39562.22,39960.842,0.9856150793650794,,0.0
2026-05-26,9.965,9.855,10.035,9.805,32089.61,32226.848,0.9855,,0.0
2026-05-27,9.845,9.755,9.905,9.625,43338.0,42811.911,0.9853535353535354,,0.0
2026-05-28,9.775,9.585,9.805,9.475,33027.21,32304.11,0.9850976361767728,,0.0
2026-05-29,9.585,9.795,9.905,9.545,48978.83,48443.83342,0.9854124748490946,,0.0
2026-06-01,9.795,9.855,9.915,9.735,47853.6,47674.20988,0.9855,,0.0
2026-06-02,9.865,9.635,9.955,9.625,53469.47,52988.35142,0.9851738241308794,,0.0
2026-06-03,9.645,9.525,9.685,9.465,58753.8,57061.0272,0.985005170630817,,0.0
2026-06-04,9.515,9.305,9.615,9.265,45899.06,43678.117,0.9846560846560848,,0.0
2026-06-05,9.295,9.485,9.575,9.265,38871.5,37287.677,0.9849428868120458,,0.0
2026-06-08,9.455,9.255,9.595,9.165,43310.0,40899.1044,0.9845744680851064,,0.0
2026-06-09,9.295,9.205,9.375,9.135,36759.0,34512.869,0.9844919786096256,,0.0
2026-06-10,9.295,9.355,9.385,9.175,35198.38,33166.20752,0.9847368421052632,,0.0
2026-06-11,9.375,9.175,9.395,9.065,31731.76,29578.89868,0.9844420600858368,,0.0
2026-06-12,9.245,9.125,9.405,9.095,53865.82,50605.97328,0.9843581445523194,,0.0
2026-06-15,9.125,9.055,9.235,8.965,55774.48,51424.42448,0.9842391304347826,,0.0
2026-06-16,9.055,8.955,9.085,8.905000000000001,34658.19,31527.91876,0.984065934065934,,0.0
2026-06-17,8.885,8.915000000000001,8.945,8.835,29220.19,26417.56309,0.9839955849889626,,0.0
2026-06-18,8.9,8.77,9.05,8.73,67654.83,60030.55484,1.0,,0.0
2026-06-22,8.75,8.88,8.91,8.51,42449.15,36853.17,1.0,,0.0
2026-06-23,8.85,9.29,9.49,8.81,71594.79,66531.34865,1.0,,0.0
2026-06-24,9.25,9.3,9.66,9.17,59583.93,56005.24304,1.0,,0.0
2026-06-25,9.3,9.04,9.3,8.87,66023.98,59549.5632,1.0,,0.0
2026-06-26,9.01,8.65,9.13,8.64,61690.04,54317.03464,1.0,,0.0
2026-06-29,8.65,9.19,9.22,8.5,68285.71,61457.94283,1.0,,0.0
2026-06-30,9.13,8.98,9.24,8.87,76463.19,69020.7017,1.0,,0.0
2026-07-01,8.99,9.29,9.36,8.69,74519.2,67163.6434,1.0,,0.0
2026-07-03,9.43,9.55,9.6,9.36,61167.2,58111.0314,1.0,,0.0
2026-07-06,9.55,9.65,9.86,9.47,78637.2,76169.7726,1.0,,0.0
2026-07-07,9.64,9.35,9.64,9.35,45348.47,42867.7196,1.0,,0.0
2026-07-08,9.35,9.37,9.61,9.23,45047.8,42372.456,1.0,,0.0
2026-07-09,9.3,9.31,9.56,9.21,46808.45,43686.7469,1.0,,0.0
2026-07-10,9.31,9.54,9.64,9.22,57449.9,54456.0813,1.0,,0.0
2026-07-13,9.55,9.65,9.77,9.47,66374.2,64052.6112,1.0,,0.0
2026-07-14,9.66,9.86,9.88,9.52,67445.0,65905.772,1.0,,0.0
2026-07-15,9.86,10.11,10.22,9.78,95683.6,96679.7926,1.0,,0.0
2026-07-16,10.06,10.36,10.41,9.95,89613.0,91654.7166,1.0,,0.0
2026-07-17,10.25,9.78,10.34,9.71,90895.52,90254.73392,1.0,,0.0
2026-07-20,9.8,9.89,9.99,9.67,61606.0,60632.8502,1.0,,0.0
2026-07-21,9.89,9.66,9.98,9.55,64138.98,62167.94378,1.0,,0.0
2026-07-22,9.67,9.63,9.85,9.49,49511.62,47815.6509,1.0,,0.0
2026-07-23,9.57,9.65,9.65,9.38,47966.79,45743.36155,1.0,,0.0
2026-07-24,9.6,9.34,9.68,9.34,36963.6,35000.7984,1.0,,0.0
2026-07-27,9.36,9.54,9.65,9.32,34386.2,32827.5874,1.0,,0.0
2026-07-28,9.5,9.53,9.67,9.49,29582.2,28299.06,1.0,,0.0
2026-07-29,9.65,9.7,9.74,9.55,34662.28,33527.26312,1.0,,0.0
2026-07-30,9.65,9.58,9.82,9.52,48595.77,46932.68449,1.0,,0.0
2026-07-31,9.57,9.69,9.69,9.48,37655.2,36094.34384,1.0,,0.0
2026-08-03,9.61,9.71,9.73,9.6,37347.35,36135.26865,1.0,,0.0
2026-08-04,9.71,9.81,9.84,9.71,43297.65,42368.8541,1.0,,0.0
2026-08-05,9.8,9.71,9.81,9.62,48890.4,47410.863,1.0,,0.0
2026-08-06,9.71,9.69,9.85,9.57,49770.0,48295.815,1.0,,0.0
2026-08-07,9.66,9.96,9.96,9.61,66297.4,64982.9208,1.0,,0.0
2026-08-10,9.96,10.96,10.96,9.96,135911.14,144664.28673,1.0,,0.0
2026-08-11,10.96,10.78,11.2,10.72,228247.4,250246.66518,1.0,,0.0
2026-08-12,10.73,10.64,10.87,10.56,124124.91,132248.94467,1.0,0.9952,0.0
2026-08-13,10.6,10.73,11.09,10.44,155785.56,166998.9855,1.0,1.25,0.0
2026-08-14,10.7,10.61,10.78,10.47,84602.7,89923.6542,1.0,0.68,0.0
2026-08-17,10.6,10.56,10.65,10.35,68288.4,71804.5412,1.0,0.0,0.0
2026-08-18,10.53,10.46,10.62,10.42,48007.86,50413.22795,1.0,0.0,0.0
2026-08-19,10.42,10.25,10.51,10.2,48263.32,49891.57472,1.0,0.0,0.0
2026-08-20,11.02,11.28,11.28,11.02,87846.64,98805.00972,1.0,0.5987,0.7043
2026-08-21,11.51,10.47,11.57,10.45,229331.99,249184.84718,1.0,1.563,1.8388
2026-08-24,10.4,10.0,10.46,9.98,125122.34,127325.98524,1.0,0.8527,1.0032
2026-08-25,10.03,10.31,10.39,9.91,96111.28,98145.02802,1.0,0.655,0.7706
2026-08-26,10.33,10.4,10.78,10.33,85459.34,89632.3409,1.0,0.5824,0.6852
2026-08-27,10.38,10.6,10.6,10.31,66859.78,69911.2524,1.0,0.4557,0.5361
2026-08-28,10.51,10.45,10.59,10.42,53470.0,56089.933,1.0,0.3644,0.4287
2026-08-31,10.18,10.04,10.22,9.95,76884.6,77332.6392,1.0,0.524,0.6165
2026-09-01,10.01,10.08,10.16,9.97,58272.85,58759.85694,1.0,0.3971,0.4672
2026-09-02,9.96,9.97,10.08,9.91,44883.28,44809.54328,1.0,0.3059,0.3599
2026-09-03,9.98,9.89,10.09,9.89,41480.42,41373.73976,1.0,0.2827,0.3326
2026-09-04,9.92,9.83,9.99,9.81,41759.2,41353.0316,1.0,0.2846,0.3348
2026-09-07,9.79,9.84,9.86,9.74,40283.48,39520.8374,1.0,0.2745,0.323
2026-09-08,9.84,10.03,10.04,9.79,47341.48,47051.94948,1.0,0.3226,0.3796
2026-09-09,9.98,9.99,10.02,9.9,33585.0,33474.74114,1.0,0.2289,0.2693
2026-09-10,9.94,9.82,9.95,9.8,38937.0,38383.24,1.0,0.2654,0.3122
2026-09-11,9.75,9.48,9.81,9.4,44191.7,42116.5182,1.0,0.3012,0.3543
2026-09-14,9.47,9.61,9.65,9.44,25125.24,24044.5224,1.0,0.1712,0.2015
2026-09-15,9.61,9.38,9.63,9.38,21210.0,20091.441,1.0,0.1446,0.1701
2026-09-16,9.4,9.42,9.43,9.29,24382.8,22865.72,1.0,0.1662,0.1955
2026-09-17,9.43,9.48,9.5,9.39,18629.0,17610.952,1.0,0.127,0.1494
2026-09-18,9.48,9.35,9.69,9.35,62346.08,59027.2614,1.0,0.4249,0.4999
2026-09-21,9.37,9.8,9.81,9.37,63479.09,61396.69344,1.0,0.4326,0.509
