date,open,close,high,low,volume,money,factor,turnover,turnover_free
2021-05-10,16.534999999999997,16.825,17.104999999999997,16.055,31706.12,53394.647,0.982768691588785,,0.0
2021-05-11,17.075,16.904999999999998,17.075,16.544999999999998,26756.16,45873.309,0.9828488372093024,,0.0
2021-05-12,16.705,17.115,17.154999999999998,16.514999999999997,31035.67,53535.112,0.9830557151062608,,0.0
2021-05-13,17.005,17.474999999999998,17.685,16.794999999999998,54577.15,96165.629,0.9833989870568371,,0.0
2021-05-14,17.575,17.784999999999997,17.884999999999998,17.264999999999997,59268.91,106148.055,0.983683628318584,,0.0
2021-05-17,17.974999999999998,17.275,17.974999999999998,17.134999999999998,53720.09,95439.053,0.9832100170745588,,0.0
2021-05-18,17.185,17.174999999999997,17.474999999999998,16.884999999999998,32504.51,56816.4,0.9831139095592444,,0.0
2021-05-19,17.145,17.415,17.465,16.915,36136.37,63237.234,0.9833427442123094,,0.0
2021-05-20,17.314999999999998,18.165,18.455,17.224999999999998,96881.42,177722.942,0.9840195016251352,,0.0
2021-05-21,18.105,17.784999999999997,18.105,17.604999999999997,54149.0,97934.994,0.983683628318584,,0.0
2021-05-24,17.604999999999997,18.525,18.665,17.584999999999997,73943.42,136686.198,0.9843251859723696,,0.0
2021-05-25,18.355,18.445,18.905,18.215,68054.68,128040.915,0.984258271077908,,0.0
2021-05-26,18.405,18.285,18.705,18.195,47842.0,89503.283,0.9841227125941872,,0.0
2021-05-27,18.115,20.025,20.145,18.035,190547.11,383095.564,0.9854822834645668,,0.0
2021-05-28,19.615,19.145,19.675,19.035,148758.95,290378.39,0.9848251028806584,,0.0
2021-05-31,19.185,19.225,19.805,19.125,95168.58,187463.332,0.9848872950819672,,0.0
2021-06-01,19.225,19.265,19.735,19.125,70797.0,139620.638,0.984918200408998,,0.0
2021-06-02,19.305,18.775,19.335,18.775,60470.0,116393.852,0.9845306764551652,,0.0
2021-06-03,18.805,18.255,18.935,18.215,55141.0,103920.513,0.9840970350404312,,0.0
2021-06-04,18.105,18.625,18.845,18.105,48907.35,92391.175,0.9844080338266384,,0.0
2021-06-07,19.695,19.585,20.515,19.565,149557.1,305507.877,0.9851609657947684,,0.0
2021-06-08,19.515,19.265,20.345,18.945,111502.49,220387.57,0.984918200408998,,0.0
2021-06-09,19.195,19.575,20.205,19.195,102900.87,206374.922,0.9851534977352792,,0.0
2021-06-10,19.565,19.965,20.075,19.325,82873.69,166528.266,0.9854392892398814,,0.0
2021-06-11,20.205,19.255,20.215,19.215,69207.38,137235.684,0.9849104859335036,,0.0
2021-06-15,19.095,19.535,19.755,18.975,44274.0,87586.855,0.9851235501765002,,0.0
2021-06-16,19.505,19.905,20.085,19.305,63715.6,127814.355,0.9853960396039604,,0.0
2021-06-17,20.235,20.545,20.705,19.615,110392.88,226735.815,0.9858445297504798,,0.0
2021-06-18,20.605,20.205,20.605,20.005,76105.0,156212.959,0.9856097560975609,,0.0
2021-06-21,20.205,21.045,21.365,19.915,105452.1,221266.336,0.9861761949390816,,0.0
2021-06-22,20.835,20.825,21.315,20.475,78922.88,166552.309,0.9860321969696968,,0.0
2021-06-23,20.605,20.425,21.075,20.365,70480.62,147788.281,0.9857625482625482,,0.0
2021-06-24,20.435,19.975,20.655,19.805,56774.02,116529.855,0.9854464726196348,,0.0
2021-06-25,20.035,20.345,20.615,19.855,52143.86,107113.731,0.9857073643410852,,0.0
2021-06-28,20.475,20.135,20.505,20.015,42697.04,87468.356,0.9855604503181596,,0.0
2021-06-29,20.075,18.985,20.075,18.805,67205.02,131953.583,0.9846991701244812,,0.0
2021-06-30,18.955,19.125,19.305,18.805,35338.5,68595.326,0.98480947476828,,0.0
2021-07-01,19.125,18.295,19.265,18.235,49137.24,92636.365,0.9841312533620225,,0.0
2021-07-02,18.205,18.155,18.455,18.055,30488.0,56497.52,0.984010840108401,,0.0
2021-07-05,18.255,18.795,18.995,18.255,38684.98,73227.54,0.9845468831849136,,0.0
2021-07-06,18.725,18.885,19.105,18.505,35795.0,68272.165,0.9846193952033367,,0.0
2021-07-07,18.575,18.755,18.855,18.505,22789.88,43295.054,0.984514435695538,,0.0
2021-07-08,18.805,19.285,19.295,18.725,47726.52,92684.601,0.9849336057201225,,0.0
2021-07-09,19.375,18.965,19.375,18.635,36613.04,70319.362,0.9846832814122533,,0.0
2021-07-12,18.905,19.005,19.285,18.825,35870.35,69412.606,0.9847150259067357,,0.0
2021-07-13,18.915,18.715,18.985,18.495,32600.88,61737.044,0.9844818516570224,,0.0
2021-07-14,18.695,17.865,18.695,17.845,47177.96,87120.759,0.9837555066079294,,0.0
2021-07-15,17.854999999999997,17.194999999999997,17.854999999999997,17.005,43506.56,76594.868,0.9831332189822756,,0.0
2021-07-16,17.275,17.375,17.665,17.235,29601.07,52280.457,0.987777146105742,,0.0
2021-07-19,17.395,17.155,17.425,16.795,30161.09,51895.972,0.98762233736327,,0.0
2021-07-20,16.935,17.275,17.325,16.905,21159.0,36793.031,0.9877072612921668,,0.0
2021-07-21,17.255,17.685,17.825,17.235,32534.71,58049.929,0.9879888268156424,,0.0
2021-07-22,17.695,18.185,18.265,17.455000000000002,41420.01,75243.368,0.9883152173913043,,0.0
2021-07-23,18.115,17.735,18.175,17.695,36116.72,65342.229,0.9880222841225628,,0.0
2021-07-26,17.735,17.505,17.945,17.145,34075.69,60616.004,0.9878668171557562,,0.0
2021-07-27,17.475,17.925,18.685,17.435,62105.02,113900.559,0.9881477398015436,,0.0
2021-07-28,17.985,17.025,18.065,16.775,50689.0,88121.306,0.9875290023201856,,0.0
2021-07-29,17.075,18.225,18.315,17.075,66660.97,121282.142,0.9883405639913232,,0.0
2021-07-30,18.595,18.935,19.095,18.135,84112.26,160156.285,0.9887728459530026,,0.0
2021-08-02,18.895,19.025,19.445,18.795,74566.0,144108.222,0.9888253638253638,,0.0
2021-08-03,19.015,18.635,19.385,18.485,64618.11,123759.894,0.9885941644562334,,0.0
2021-08-04,18.725,18.825,19.135,18.545,43818.0,83515.631,0.9887079831932774,,0.0
2021-08-05,18.695,19.235,19.525,18.485,83959.0,162447.701,0.9889460154241644,,0.0
2021-08-06,19.175,20.555,21.185,18.535,147991.38,296592.559,0.9896485315358692,,0.0
2021-08-09,20.085,20.045,20.765,19.985,101295.0,207595.988,0.9893879565646594,,0.0
2021-08-10,19.855,20.595,20.925,19.855,110268.69,227785.935,0.9896684286400768,,0.0
2021-08-11,20.535,20.015,20.535,19.865,83738.01,169714.39,0.9893722194760256,,0.0
2021-08-12,20.025,20.265,20.485,19.765,65156.0,132424.506,0.989501953125,,0.0
2021-08-13,20.085,19.895,20.215,19.495,62107.86,124344.165,0.989308801591248,,0.0
2021-08-16,19.845,20.475,20.915,19.785,98222.24,203222.057,0.9896085065248912,,0.0
2021-08-17,20.195,19.425,20.405,19.215,74491.02,149083.995,0.9890529531568228,,0.0
2021-08-18,19.295,19.635,19.685,19.185,36732.19,72497.834,0.9891687657430732,,0.0
2021-08-19,19.645,20.195,20.555,19.425,68683.04,139334.577,0.989465948064674,,0.0
2021-08-20,20.335,21.785,22.235,20.335,193070.02,423316.791,0.9902272727272728,,0.0
2021-08-23,22.425,22.085,22.665,21.345,172175.02,383410.268,0.9903587443946188,,0.0
2021-08-24,22.425,21.655,22.625,21.585,119645.17,264718.894,0.9901691815272062,,0.0
2021-08-25,21.615,21.115,21.765,20.855,82914.06,177301.669,0.9899203000468824,,0.0
2021-08-26,21.185,21.745,21.985,20.945,119343.2,260703.716,0.9902094717668488,,0.0
2021-08-27,21.465,21.075,21.505,20.725,74993.28,159367.523,0.9899013621418506,,0.0
2021-08-30,21.055,21.365,21.425,20.685,66232.55,141092.59,0.9900370713623726,,0.0
2021-08-31,21.285,20.735,21.285,20.535,49713.0,104275.294,0.9897374701670644,,0.0
2021-09-01,20.715,19.725,20.715,19.575,65783.47,132352.704,0.9892176529588766,,0.0
2021-09-02,19.475,19.795,19.985,19.345,41668.61,83000.576,0.9892553723138432,,0.0
2021-09-03,19.785,20.485,20.565,19.345,61943.5,125081.421,0.9896135265700484,,0.0
2021-09-06,20.665,20.365,20.665,20.085,48962.16,100859.433,0.98955296404276,,0.0
2021-09-07,20.285,20.235,20.485,20.135,38035.98,77798.122,0.9894865525672372,,0.0
2021-09-08,20.365,21.135,21.185,20.055,73027.23,152550.902,0.9899297423887587,,0.0
2021-09-09,20.915,20.915,21.055,20.715,47092.54,99164.666,0.9898248935163276,,0.0
2021-09-10,20.765,20.595,21.175,20.315,43869.0,91721.636,0.9896684286400768,,0.0
2021-09-13,20.585,19.735,20.585,19.715,44493.0,89635.116,0.9892230576441104,,0.0
2021-09-14,19.785,19.465,19.935,19.375,39830.02,79240.815,0.9890752032520326,,0.0
2021-09-15,19.575,19.415,19.575,19.175,25772.02,50396.969,0.9890473764645952,,0.0
2021-09-16,19.385,18.695,19.505,18.655,36337.47,69908.302,0.988630354309889,,0.0
2021-09-17,18.695,18.575,18.955,18.265,24034.55,45128.55,0.9885577434805748,,0.0
2021-09-22,18.435,18.875,19.025,18.285,19625.14,37221.454,0.9887375589313776,,0.0
2021-09-23,18.875,19.045,19.145,18.745,21157.31,40675.529,0.9888369678089304,,0.0
2021-09-24,18.985,18.525,19.035,18.445,20333.47,38479.913,0.9885272145144076,,0.0
2021-09-27,18.525,17.915,18.735,17.585,26339.0,48362.833,0.9881412024269168,,0.0
2021-09-28,17.945,17.885,18.135,17.705000000000002,14604.02,26372.443,0.988121546961326,,0.0
2021-09-29,17.865,18.075,18.365,17.705000000000002,24144.84,44049.23,0.98824494259158,,0.0
2021-09-30,18.075,18.095,18.185,17.865,13492.47,24639.429,0.9882577826324414,,0.0
2021-10-08,18.255,18.405,18.535,18.145,13328.74,24804.304,0.988453276047261,,0.0
2021-10-11,18.425,18.485,18.655,18.265,13865.25,25963.868,0.9885026737967916,,0.0
2021-10-12,18.405,18.005,18.465,17.805,14200.52,25947.868,0.988199780461032,,0.0
2021-10-13,17.975,18.185,18.235,17.815,11605.36,21188.786,0.9883152173913043,,0.0
2021-10-14,18.185,18.755,18.805,18.045,29329.94,55180.438,0.9886663152345808,,0.0
2021-10-15,18.765,18.805,19.195,18.585,24082.0,46188.267,0.98869610935857,,0.0
2021-10-18,18.775,19.185,19.235,18.705,26821.0,51829.697,0.988917525773196,,0.0
2021-10-19,19.085,19.135,19.615,19.005,22313.0,43484.634,0.9888888888888888,,0.0
2021-10-20,19.375,19.465,19.645,19.085,29350.04,57612.909,0.9890752032520326,,0.0
2021-10-21,19.475,19.315,19.515,19.095,23749.0,46316.186,0.9889912954429084,,0.0
2021-10-22,19.255,19.165,19.635,19.085,23270.0,45663.176,0.98890608875129,,0.0
2021-10-25,19.165,19.075,19.205,18.875,18835.16,36219.817,0.9888543286677036,,0.0
2021-10-26,19.205,19.505,19.635,19.075,27898.16,54852.67,0.9890973630831644,,0.0
2021-10-27,19.645,19.375,19.785,19.175,22784.0,44721.958,0.989025012761613,,0.0
2021-10-28,19.105,18.585,19.215,18.345,26510.02,50137.994,0.988563829787234,,0.0
2021-10-29,18.525,19.105,19.125,18.295,23146.0,44232.475,0.988871635610766,,0.0
2021-11-01,18.945,19.435,19.525,18.945,20093.0,39374.784,0.989058524173028,,0.0
2021-11-02,19.485,19.485,19.645,19.095,24417.0,47977.575,0.9890862944162436,,0.0
2021-11-03,19.475,19.505,19.615,19.205,17662.42,34614.218,0.9890973630831644,,0.0
2021-11-04,19.505,19.775,19.775,19.425,30498.02,60563.994,0.9892446223111556,,0.0
2021-11-05,19.935,19.805,20.185,19.685,41324.0,83406.737,0.9892607392607392,,0.0
2021-11-08,19.695,19.615,19.875,19.335,25638.0,50726.056,0.9891578416540596,,0.0
2021-11-09,19.615,20.345,20.465,19.515,54299.99,110430.816,0.9895428015564204,,0.0
2021-11-10,20.345,20.275,20.675,20.155,39861.41,81965.184,0.9895070766227428,,0.0
2021-11-11,20.335,20.445,20.625,20.135,38408.76,78990.713,0.989593417231365,,0.0
2021-11-12,20.315,20.745,20.775,20.275,39808.02,83012.642,0.9897423664122136,,0.0
2021-11-15,20.815,20.495,20.905,20.395,40551.16,84294.866,0.9896185417672622,,0.0
2021-11-16,20.365,19.705,20.475,19.595,54316.28,110017.921,0.9892068273092368,,0.0
2021-11-17,19.695,20.325,20.815,19.635,62978.79,129157.443,0.9895326192794548,,0.0
2021-11-18,20.365,20.105,20.675,20.015,31684.0,64699.565,0.9894192913385826,,0.0
2021-11-19,20.175,20.325,20.365,19.865,29740.08,60592.661,0.9895326192794548,,0.0
2021-11-22,20.485,20.525,20.635,20.185,31699.0,65580.911,0.9896335583413692,,0.0
2021-11-23,20.515,21.145,21.575,20.205,92774.81,195993.672,0.989934456928839,,0.0
2021-11-24,21.385,23.285,23.285,21.025,205670.41,463681.629,0.9908510638297872,,0.0
2021-11-25,23.775,24.655,25.635,23.475,273290.8,678885.3,0.9913550462404505,,0.0
2021-12-10,27.145,27.145,27.145,27.145,29900.18,81806.892,0.9921418128654972,,0.0
2021-12-13,29.575,25.125,29.575,24.985,284667.85,769363.705,0.9915153906866614,,0.0
2021-12-14,24.785,25.275,26.135,23.785,188722.97,475067.628,0.9915653197332288,,0.0
2021-12-15,24.715,23.985,24.995,23.985,125930.58,309728.82,0.9911157024793388,,0.0
2021-12-16,23.815,24.675,25.035,23.785,105811.78,262065.219,0.99136199276818,,0.0
2021-12-17,24.475,23.445,24.475,23.385,105029.78,252310.476,0.9909129332206256,,0.0
2021-12-20,24.385,25.815,25.815,24.385,90717.2,230917.741,0.9917402996542451,,0.0
2021-12-21,26.515,24.815,26.515,24.585,143334.18,364886.191,0.991410307630843,,0.0
2021-12-22,24.365,24.165,25.275,23.965,88320.54,218261.085,0.9911812961443808,,0.0
2021-12-23,23.965,24.275,24.585,23.485,72746.58,176130.145,0.991220906492446,,0.0
2021-12-24,24.115,23.615,24.125,23.565,51503.0,123276.276,0.9909777591271508,,0.0
2021-12-27,23.385,23.265,23.485,22.265,61899.08,143448.976,0.9908432708688244,,0.0
2021-12-28,23.265,23.295,23.765,23.045,47841.46,112884.55,0.990854955338154,,0.0
2021-12-29,23.115,23.295,23.685,23.035,37145.0,87457.054,0.990854955338154,,0.0
2021-12-30,22.895,24.015,24.375,22.845,67371.32,162778.283,0.991126702434998,,0.0
2021-12-31,23.745,23.405,24.285,23.275,49482.0,118298.708,0.9908975444538528,,0.0
2022-01-04,23.295,23.685,23.755,23.215,39795.0,94275.303,0.9910041841004184,,0.0
2022-01-05,23.785,22.045,24.065,21.985,75291.0,172902.867,0.9903414195867026,,0.0
2022-01-06,21.785,22.585,22.855,21.775,50472.86,114329.96,0.9905701754385964,,0.0
2022-01-07,22.455,21.915,22.675,21.855,38682.5,86882.829,0.990284681427926,,0.0
2022-01-10,21.805,22.105,22.385,21.595,29622.37,66039.707,0.9903673835125448,,0.0
2022-01-11,22.285,21.925,22.525,21.835,25478.0,56845.576,0.9902890695573624,,0.0
2022-01-12,21.935,23.025,23.225,21.935,57592.86,132029.648,0.9907487091222033,,0.0
2022-01-13,22.895,23.065,23.665,22.495,54616.76,127172.76,0.9907646048109966,,0.0
2022-01-14,22.975,23.875,24.215,22.785,73231.02,175585.237,0.9910751349107514,,0.0
2022-01-17,23.935,23.725,24.265,23.475,51220.02,122474.902,0.9910192147034252,,0.0
2022-01-18,23.695,23.655,24.165,23.385,48599.02,116602.735,0.9909928780896524,,0.0
2022-01-19,23.465,23.195,23.655,23.035,32097.5,75396.025,0.9908158906450236,,0.0
2022-01-20,23.275,23.555,24.045,23.155,57958.24,138481.981,0.9909549852755576,,0.0
2022-01-21,23.295,22.035,23.685,21.905,61813.02,139385.175,0.9903370786516854,,0.0
2022-01-24,22.035,22.225,23.035,22.005,33888.08,76926.384,0.9904188948306596,,0.0
2022-01-25,22.365,20.985,23.135,20.985,58441.0,128669.089,0.9898584905660376,,0.0
2022-01-26,20.985,21.155,21.485,20.915,36180.0,77458.171,0.9899391670566214,,0.0
2022-01-27,21.175,20.085,21.175,19.985,38482.0,79585.33,0.989408866995074,,0.0
2022-01-28,20.085,20.165,20.545,19.775,30765.0,62886.065,0.989450441609421,,0.0
2022-02-07,20.515,20.665,20.735,20.325,22758.0,47326.937,0.9897030651340996,,0.0
2022-02-08,20.585,20.875,21.025,20.385,24189.02,50721.377,0.989805595068753,,0.0
2022-02-09,20.825,21.265,21.445,20.705,23223.0,49700.629,0.9899906890130354,,0.0
2022-02-10,21.445,21.015,21.445,20.815,20362.04,43424.614,0.9898728214790392,,0.0
2022-02-11,20.845,20.075,21.005,19.995,29658.04,61074.819,0.9894036471168064,,0.0
2022-02-14,20.075,20.165,20.555,19.785,21087.0,43102.495,0.989450441609421,,0.0
2022-02-15,20.275,20.405,20.505,20.085,16888.02,34704.272,0.9895732298739088,,0.0
2022-02-16,20.565,20.475,20.735,20.205,20951.06,43363.976,0.9896085065248912,,0.0
2022-02-17,20.475,20.565,20.745,20.345,21526.0,44780.419,0.9896535129932628,,0.0
2022-02-18,20.345,20.475,20.575,20.285,18225.0,37584.644,0.9896085065248912,,0.0
2022-02-21,20.385,20.695,20.715,20.285,18145.0,37688.359,0.9897178383548542,,0.0
2022-02-22,20.685,20.245,20.955,20.095,25257.6,51882.694,0.9894916911045945,,0.0
2022-02-23,20.415,20.985,21.175,20.135,40573.04,85435.089,0.9898584905660376,,0.0
2022-02-24,21.165,21.295,21.665,20.645,63059.0,135386.076,0.9900046490004648,,0.0
2022-02-25,21.305,21.165,21.515,20.995,33004.0,70675.336,0.9899438727782974,,0.0
2022-02-28,21.175,21.305,21.415,20.845,23311.0,49968.617,0.9900092936802974,,0.0
2022-03-01,21.685,21.495,21.985,21.095,30098.36,64903.338,0.9900967296176876,,0.0
2022-03-02,21.285,21.415,21.585,21.175,22530.38,48569.034,0.9900601017105872,,0.0
2022-03-03,22.185,23.015,23.575,21.785,148932.66,346830.163,0.9907447266465778,,0.0
2022-03-04,23.025,22.505,23.435,22.285,105179.66,242008.566,0.990536971830986,,0.0
2022-03-07,22.185,21.575,22.275,21.295,55047.0,120883.86,0.99013308857274,,0.0
2022-03-08,21.685,22.005,23.605,21.615,76587.86,172433.699,0.9903240324032404,,0.0
2022-03-09,21.885,22.375,22.745,21.295,76187.4,170082.439,0.9904825143868968,,0.0
2022-03-10,22.615,23.135,23.445,22.235,90006.14,209216.415,0.9907922912205568,,0.0
2022-03-11,22.685,22.235,22.685,21.565,79399.84,176983.613,0.9904231625835188,,0.0
2022-03-14,21.895,21.515,22.365,21.495,49594.0,109717.752,0.990105844454671,,0.0
2022-03-15,21.185,19.355,21.485,19.345,73806.0,149898.075,0.9890137966274912,,0.0
2022-03-16,19.665,20.295,20.365,19.335,64926.5,130506.043,0.9895173086299366,,0.0
2022-03-17,20.665,21.045,21.685,20.495,67531.82,144423.228,0.9898871119473188,,0.0
2022-03-18,21.195,21.315,21.625,20.855,42639.04,91833.641,0.990013934045518,,0.0
2022-03-21,21.395,20.865,21.475,20.605,36145.11,76582.384,0.9898007590132828,,0.0
2022-03-22,21.195,20.465,22.295,20.445,74798.1,160564.238,0.9896034816247582,,0.0
2022-03-23,20.245,20.675,21.105,20.065,44587.27,92802.164,0.9897079942556248,,0.0
2022-03-24,20.535,19.945,20.665,19.705,41308.76,83721.859,0.9893353174603174,,0.0
2022-03-25,19.965,19.735,20.175,19.655,26334.46,52874.484,0.9892230576441104,,0.0
2022-03-28,19.785,19.185,19.785,19.065,29715.3,57960.091,0.988917525773196,,0.0
2022-03-29,19.315,18.515,19.415,18.395,33488.46,63529.935,0.9885210891617726,,0.0
2022-03-30,18.625,18.715,18.865,18.445,24816.46,46938.566,0.9886423666138404,,0.0
2022-03-31,18.525,18.515,18.795,18.415,17317.0,32540.992,0.9885210891617726,,0.0
2022-04-01,18.385,18.315,18.545,18.185,19968.0,37047.498,0.9883971937398812,,0.0
2022-04-06,18.215,17.975,18.245,17.775,26406.0,47919.258,0.9881803188565146,,0.0
2022-04-07,18.135,17.405,18.255,17.385,27559.0,49350.583,0.9877979568671964,,0.0
2022-04-08,17.425,17.115,17.625,16.895,24132.0,41860.947,0.987593768032314,,0.0
2022-04-11,16.985,16.615,17.505,16.565,20498.0,35241.061,0.987225193107546,,0.0
2022-04-12,16.485,16.905,16.935,16.355,22612.0,38263.766,0.9874415887850468,,0.0
2022-04-13,16.835,16.515,16.865,16.485,16278.0,27449.027,0.9871488344291692,,0.0
2022-04-14,16.665,16.735,16.765,16.465,13245.02,22289.198,0.987315634218289,,0.0
2022-04-15,16.785,16.215,16.805,16.065,19874.0,32920.526,0.9869141813755326,,0.0
2022-04-18,16.115,16.545,16.585,15.864999999999998,17860.0,29735.435,0.9871718377088304,,0.0
2022-04-19,16.445,16.535,16.755,16.445,10616.01,17818.155,0.9871641791044776,,0.0
2022-04-20,16.555,16.375,16.785,16.295,13801.0,23182.324,0.987040385774563,,0.0
2022-04-21,16.345,15.685,16.565,15.655,18036.02,29298.65,0.9864779874213836,,0.0
2022-04-22,15.765,15.355,15.765,15.185,18363.0,28685.785,0.9861913937058446,,0.0
2022-04-25,15.335,14.015,15.365,13.985,30018.0,44249.19,0.9848910751932536,,0.0
2022-04-26,13.945,13.635,14.285,13.485,24233.0,34281.682,0.9844765342960288,,0.0
2022-04-27,13.355,14.145,14.155,13.245,22724.62,31639.813,0.9850278551532032,,0.0
2022-04-28,14.135,13.995,14.375,13.905,16190.0,23171.978,0.9848698099929628,,0.0
2022-04-29,14.105,14.665,14.745,14.105,23094.22,33977.696,0.9855510752688172,,0.0
2022-05-05,14.795,14.925,15.275,14.535,23714.22,36075.123,0.9857992073976222,,0.0
2022-05-06,14.575,15.255,15.435,14.575,30078.0,46287.478,0.9861021331609569,,0.0
2022-05-09,15.115,15.395,15.665,15.085,15545.0,24305.51,0.9862267777065984,,0.0
2022-05-10,15.215,15.955000000000002,15.955000000000002,15.215,27303.89,43508.444,0.9867037724180582,,0.0
2022-05-11,16.015,15.675,16.255,15.675,28268.0,45694.929,0.986469477658905,,0.0
2022-05-12,15.515,15.695,15.845,15.485,18095.0,28753.925,0.9864864864864864,,0.0
2022-05-13,15.785,15.655,15.864999999999998,15.575,17355.99,27555.261,0.9864524259609326,,0.0
2022-05-16,15.755,15.715,16.045,15.605,17148.0,27399.225,0.9865034526051476,,0.0
2022-05-17,15.735,15.735,15.815,15.425,15047.0,23823.337,0.9865203761755486,,0.0
2022-05-18,15.715,16.035,16.175,15.615,25155.0,40824.122,0.9867692307692308,,0.0
2022-05-19,15.825,16.185,16.235,15.645,22864.45,37211.828,0.9868902439024392,,0.0
2022-05-20,16.195,16.225,16.285,16.095,19092.45,31311.716,0.9869221411192214,,0.0
2022-05-23,16.235,16.365,16.375,16.115,17544.45,28921.503,0.9870325693606756,,0.0
2022-05-24,16.545,15.535,16.655,15.535,31044.0,50514.913,0.9863492063492064,,0.0
2022-05-25,15.645,16.035,16.035,15.545,20162.0,32352.202,0.9867692307692308,,0.0
2022-05-26,15.995,16.065,16.395,15.725,22889.0,37246.6,0.9867936117936118,,0.0
2022-05-27,16.335,16.435,16.815,16.145,37015.0,61758.715,0.9870870870870871,,0.0
2022-05-30,16.465,17.095,17.145,16.345,50058.01,85318.906,0.987579433853264,,0.0
2022-05-31,16.875,17.015,17.185,16.655,37912.62,65041.54,0.9875217643644806,,0.0
2022-06-01,16.955000000000002,17.085,17.225,16.785,30715.62,52978.319,0.98757225433526,,0.0
2022-06-02,16.985,17.465,17.555,16.965,33240.02,58178.13,0.9878393665158371,,0.0
2022-06-06,17.465,17.685,17.975,17.435,43737.0,78417.008,0.9879888268156424,,0.0
2022-06-07,17.715,17.525,18.025,17.415,38389.0,68486.334,0.987880496054115,,0.0
2022-06-08,17.535,17.235,17.655,16.905,39474.9,68823.966,0.987679083094556,,0.0
2022-06-09,17.085,16.555,17.185,16.455000000000002,29336.0,49651.512,0.9871794871794872,,0.0
2022-06-10,16.545,17.035,17.085,16.415,28340.0,48489.038,0.987536231884058,,0.0
2022-06-13,16.875,16.965,17.125,16.735,27461.01,47042.014,0.9874854481955764,,0.0
2022-06-14,16.965,16.645,16.965,16.135,30230.0,50382.727,0.9872479240806644,,0.0
2022-06-15,16.785,16.585,16.935,16.565,24930.0,42268.28,0.987202380952381,,0.0
2022-06-16,16.535,16.875,17.175,16.535,32353.0,55414.598,0.9874195435927444,,0.0
2022-06-17,16.755,16.865,16.965,16.485,24774.0,42067.435,0.9874121779859484,,0.0
2022-06-20,16.865,17.045,17.065,16.785,17973.0,30916.766,0.9875434530706836,,0.0
2022-06-21,17.045,16.965,17.165,16.805,24605.0,42283.983,0.9874854481955764,,0.0
2022-06-22,16.965,16.405,17.035,16.405,25464.0,42887.694,0.987063778580024,,0.0
2022-06-23,16.495,17.055,17.055,16.405,34355.0,58323.619,0.9875506658946148,,0.0
2022-06-24,17.295,17.295,17.545,17.065,37622.54,66027.794,0.9877213021130784,,0.0
2022-06-27,17.635,17.445,17.635,17.085,26798.64,46968.333,0.9878255945639864,,0.0
2022-06-28,17.305,18.065,18.065,17.235,49545.51,89113.932,0.9882385120350108,,0.0
2022-06-29,18.025,17.605,18.065,17.535,36896.53,66261.274,0.9879349046015712,,0.0
2022-06-30,17.535,17.535,17.735,17.385,28313.0,50245.844,0.987887323943662,,0.0
2022-07-01,17.395,17.285,17.625,17.115,25259.96,44301.684,0.9877142857142858,,0.0
2022-07-04,17.235,17.045,17.285,16.865,23581.0,40659.693,0.9875434530706836,,0.0
2022-07-05,17.065,16.915,17.115,16.515,27979.51,47614.177,0.9874489200233508,,0.0
2022-07-06,17.585,17.775,18.625,17.325,112244.87,203845.089,0.9880489160644804,,0.0
2022-07-07,17.775,19.575,19.575,17.505,145450.2,282097.272,0.9891359272359778,,0.0
2022-07-08,19.785,18.625,20.115,18.625,164306.63,317158.444,0.988588110403397,,0.0
2022-07-11,18.695,18.395,18.975,17.995,81064.15,150360.903,0.9884470714669532,,0.0
2022-07-12,18.235,17.735,18.435,17.665,66661.0,121609.798,0.9880222841225628,,0.0
2022-07-13,17.735,17.385,17.825,17.135,57265.99,100651.835,0.9877840909090908,,0.0
2022-07-14,17.285,17.575,17.675,17.105,49325.02,87133.549,0.9879145587408656,,0.0
2022-07-15,17.555,16.815,17.555,16.805,52462.5,90356.09,0.9873752201996476,,0.0
2022-07-18,16.985,17.125,17.145,16.895,30343.99,52378.619,0.98760092272203,,0.0
2022-07-19,17.125,17.545,17.635,17.045,46131.21,81295.91,0.987894144144144,,0.0
2022-07-20,17.545,19.325,19.325,17.335,188817.48,359497.357,0.9889969293756398,,0.0
2022-07-21,19.315,19.465,20.505,18.925,195460.49,387683.746,0.9910896130346232,,0.0
2022-07-22,19.365,19.745,20.375,19.275,119832.48,240342.89,0.991214859437751,,0.0
2022-07-25,20.205,19.585,20.245,19.125,93100.18,184534.883,0.9911437246963564,,0.0
2022-07-26,19.705,19.295,19.815,18.895,66784.0,129133.839,0.9910118130457112,,0.0
2022-07-27,19.305,21.245,21.245,19.175,84821.68,177873.925,0.991830065359477,,0.0
2022-07-28,21.605,21.935,22.825,21.435,202463.65,449451.84,0.9920850293984622,,0.0
2022-07-29,21.645,22.755,23.625,21.385,205629.02,464243.686,0.9923680767553424,,0.0
2022-08-01,23.005,22.635,23.625,22.025,111691.33,254717.089,0.9923279263480927,,0.0
2022-08-02,22.825,21.625,23.085,21.605,94120.45,210231.03,0.9919724770642202,,0.0
2022-08-03,21.735,22.675,23.625,21.735,151705.49,347249.333,0.9923413566739606,,0.0
2022-08-04,22.475,24.965,24.965,21.935,210831.81,511868.521,0.9930389817024662,,0.0
2022-08-05,24.965,23.505,24.965,23.205,177520.77,426386.781,0.9926097972972971,,0.0
2022-08-08,23.565,23.725,24.145,23.275,118687.17,282679.599,0.9926778242677824,,0.0
2022-08-09,23.325,24.225,24.275,22.955,117526.49,280650.202,0.992827868852459,,0.0
2022-08-10,23.825,26.045,26.665,23.355,259718.99,678227.345,0.9933257055682684,,0.0
2022-08-11,26.005,24.975,26.325,24.875,198599.79,509426.855,0.993041749502982,,0.0
2022-08-12,24.975,24.975,27.495,24.975,193589.23,509731.59,0.993041749502982,,0.0
2022-08-15,24.695,24.395,25.405,24.035,145527.04,359502.795,0.9928774928774928,,0.0
2022-08-16,24.125,23.475,24.125,23.155,112722.68,266415.118,0.9926004228329808,,0.0
2022-08-17,23.345,23.425,23.705,23.025,90269.06,212290.716,0.9925847457627118,,0.0
2022-08-18,23.305,23.645,23.755,22.955,85009.63,200322.502,0.9926532325776658,,0.0
2022-08-19,23.615,21.915,23.615,21.915,118690.11,268795.74,0.992077863286555,,0.0
2022-08-22,22.325,22.285,22.875,22.065,65577.43,147936.282,0.9922083704363313,,0.0
2022-08-23,22.525,22.125,22.525,21.875,51339.46,114633.488,0.9921524663677128,,0.0
2022-08-24,21.935,21.055,22.235,21.055,58359.39,126629.988,0.9917569477154968,,0.0
2022-08-25,21.285,20.785,21.495,20.495,57540.89,120904.254,0.9916507633587786,,0.0
2022-08-26,21.055,20.445,21.135,20.435,36257.23,75824.424,0.991513094083414,,0.0
2022-08-29,20.445,20.885,21.025,19.895,46635.78,97481.29,0.991690408357075,,0.0
2022-08-30,20.885,20.605,21.025,20.465,32594.21,67991.637,0.9915784408084696,,0.0
2022-08-31,20.655,19.925,20.685,19.775,35600.15,72264.451,0.9912935323383084,,0.0
2022-09-01,20.005,19.805,20.325,19.725,34248.79,68961.543,0.9912412412412412,,0.0
2022-09-02,19.875,20.875,21.305,19.785,73282.73,153199.736,0.9916864608076008,,0.0
2022-09-05,21.015,21.125,21.775,20.635,58132.58,124286.13,0.9917840375586854,,0.0
2022-09-06,21.215,21.545,21.795,20.775,62621.42,134554.022,0.9919429097605892,,0.0
2022-09-07,21.535,21.445,22.015,21.375,65757.57,143584.013,0.9919056429232193,,0.0
2022-09-08,21.505,22.625,22.915,21.405,120417.4,269895.131,0.9923245614035088,,0.0
2022-09-09,22.465,22.195,22.495,21.515,81064.19,180120.63,0.9921770227983908,,0.0
2022-09-13,22.125,22.545,22.945,22.025,60195.14,136741.561,0.9922975352112676,,0.0
2022-09-14,21.935,22.575,22.625,21.735,53956.7,120811.636,0.9923076923076922,,0.0
2022-09-15,22.525,21.995,22.605,21.225,71170.3,156513.731,0.9921064501578708,,0.0
2022-09-16,21.995,22.455,23.315,21.835,91010.58,207632.253,0.992266902342024,,0.0
2022-09-19,22.625,22.545,23.325,22.385,69524.87,159793.174,0.9922975352112676,,0.0
2022-09-20,23.205,23.205,24.015,22.875,105120.55,247907.068,0.9925149700598802,,0.0
2022-09-21,22.905,22.935,23.275,22.325,65358.51,149507.448,0.9924275205538728,,0.0
2022-09-22,22.805,23.325,23.725,22.655,69640.38,163927.0,0.9925531914893616,,0.0
2022-09-23,23.135,22.465,23.625,22.355,63439.18,145567.131,0.9922703180212014,,0.0
2022-09-26,22.325,21.725,22.465,21.665,57657.46,127933.637,0.9920091324200913,,0.0
2022-09-27,21.725,23.015,23.015,21.725,80983.05,184140.603,0.992453643811988,,0.0
2022-09-28,23.075,22.015,23.405,21.985,61507.01,139183.942,0.9921135646687697,,0.0
2022-09-29,22.325,21.615,22.405,21.485,34305.91,75670.975,0.9919687930243232,,0.0
2022-09-30,21.325,20.645,21.385,20.515,38625.25,81396.367,0.9915946205571564,,0.0
2022-10-10,20.655,20.015,20.725,19.585,47137.29,95011.745,0.9913323427439326,,0.0
2022-10-11,19.815,20.245,20.705,19.605,33411.45,67926.091,0.991429970617042,,0.0
2022-10-12,20.145,21.245,21.405,19.845,42107.04,87672.894,0.991830065359477,,0.0
2022-10-13,21.075,21.605,21.905,20.975,31785.65,68905.048,0.9919651056014692,,0.0
2022-10-14,21.605,22.595,22.815,21.415,48449.98,108516.383,0.992314448836188,,0.0
2022-10-17,22.335,24.305,24.825,22.325,96680.23,235682.884,0.9928513071895424,,0.0
2022-10-18,24.205,24.415,24.775,23.725,73081.11,178210.554,0.9928832858885726,,0.0
2022-10-19,24.415,24.385,24.725,23.925,47043.32,115450.626,0.9928745928338762,,0.0
2022-10-20,24.475,25.305,26.025,23.985,100089.36,253569.47,0.9931318681318682,,0.0
2022-10-21,25.235,25.205,25.535,24.835,47365.93,120161.548,0.993104806934594,,0.0
2022-10-24,25.205,25.555,26.485,25.095,75051.01,195229.44,0.993198600855033,,0.0
2022-10-25,25.565,25.735,26.595,25.325,64283.0,167231.627,0.9932458510227712,,0.0
2022-10-26,25.545,25.975,26.305,25.075,55333.89,143303.75,0.9933078393881452,,0.0
2022-10-27,26.325,27.395,27.825,25.995,112776.26,310077.365,0.9936525208560028,,0.0
2022-10-28,26.925,26.975,27.915,26.725,81439.0,224006.676,0.9935543278084714,,0.0
2022-10-31,26.605,27.565,27.745,26.605,50450.69,138705.154,0.993691420331651,,0.0
2022-11-01,27.085,27.205,27.825,26.485,70381.16,191690.279,0.993608473338203,,0.0
2022-11-02,27.075,25.685,27.555,25.475,109031.86,287333.909,0.9932327919566898,,0.0
2022-11-03,25.655,26.735,26.925,25.425,74918.0,199180.251,0.9934968413229284,,0.0
2022-11-04,26.735,26.285,26.925,26.125,46583.04,123528.524,0.9933862433862434,,0.0
2022-11-07,26.075,26.155,26.735,25.725,39756.01,104451.433,0.9933535890619064,,0.0
2022-11-08,26.135,26.115,26.515,25.925,37386.46,98616.211,0.9933434766070748,,0.0
2022-11-09,26.115,26.045,26.645,25.705,39646.68,104628.441,0.9933257055682684,,0.0
2022-11-10,25.695,25.315,26.205,25.175,42354.95,109264.295,0.9931345625735584,,0.0
2022-11-11,26.025,25.355,26.055,25.175,32142.0,82930.071,0.9931453192322758,,0.0
2022-11-14,25.335,24.715,25.475,24.525,50444.0,126023.268,0.9929690638810768,,0.0
2022-11-15,24.625,25.085,25.675,24.555,55990.0,142724.717,0.9930720506730008,,0.0
2022-11-16,25.155,25.075,25.585,24.965,38734.0,98498.438,0.9930693069306932,,0.0
2022-11-17,25.025,25.325,25.415,24.425,37126.0,92950.416,0.9931372549019608,,0.0
2022-11-18,25.325,24.745,25.835,24.625,38837.64,98788.787,0.9929775280898876,,0.0
2022-11-21,24.665,25.325,25.655,24.505,41661.87,105667.478,0.9931372549019608,,0.0
2022-11-22,25.335,24.955,25.845,24.835,38499.39,98115.175,0.9930362116991645,,0.0
2022-11-23,24.945,25.135,25.345,24.585,31956.0,80459.641,0.9930857368629,,0.0
2022-11-24,25.225,24.665,25.625,24.605,31085.68,78134.518,0.9929549114331724,,0.0
2022-11-25,24.665,24.015,24.915,24.005,29455.0,72260.591,0.992765605622158,,0.0
2022-11-28,23.335,23.745,24.015,23.335,32707.0,78096.083,0.9926839464882944,,0.0
2022-11-29,23.805,23.615,24.005,23.435,32101.0,76461.975,0.992643968053804,,0.0
2022-11-30,23.495,23.375,23.745,23.055,30105.7,70927.463,0.9925690021231424,,0.0
2022-12-01,23.625,23.645,23.755,23.095,39195.0,92616.82,0.9926532325776658,,0.0
2022-12-02,23.515,24.335,25.325,23.415,63369.07,155585.247,0.9928600571195432,,0.0
2022-12-05,24.365,25.225,25.665,24.365,74392.68,188598.681,0.9931102362204725,,0.0
2022-12-06,25.225,26.635,27.405,24.995,92378.99,244009.957,0.9934725848563968,,0.0
2022-12-07,27.515,25.675,28.005,25.285,105308.9,278280.174,0.993230174081238,,0.0
2022-12-08,25.445,24.435,25.565,24.395,67049.83,167951.518,0.9928890694839496,,0.0
2022-12-09,24.605,24.115,24.975,23.805,55614.96,136593.165,0.9927953890489912,,0.0
2022-12-12,23.995,25.085,25.085,23.975,52144.0,130193.507,0.9930720506730008,,0.0
2022-12-13,25.075,23.145,25.075,23.105,70725.0,170062.775,0.9924957118353344,,0.0
2022-12-14,23.725,23.385,24.195,23.355,53753.14,128613.662,0.992572156196944,,0.0
2022-12-15,23.825,24.255,24.545,23.185,45558.16,110904.301,0.9928366762177652,,0.0
2022-12-16,23.825,22.725,24.185,22.445,68725.34,158868.929,0.99235807860262,,0.0
2022-12-19,22.265,22.755,22.885,22.225,36148.85,82665.91,0.9923680767553424,,0.0
2022-12-20,22.725,22.895,23.125,22.485,22457.59,51784.591,0.9924143909839618,,0.0
2022-12-21,22.825,22.105,22.985,21.945,31439.0,70738.903,0.992145421903052,,0.0
2022-12-22,22.105,21.725,22.425,21.545,29928.14,65752.468,0.9920091324200913,,0.0
2022-12-23,21.525,21.085,21.695,20.855,29260.49,62364.858,0.9917685794920036,,0.0
2022-12-26,21.225,22.445,22.515,21.225,42073.72,93792.394,0.992263483642794,,0.0
2022-12-27,22.485,22.655,22.805,22.175,30910.01,70136.491,0.99233464739378,,0.0
2022-12-28,22.725,22.245,22.875,22.015,26968.99,60717.89,0.9921944692239072,,0.0
2022-12-29,22.195,22.195,22.685,21.905,25836.67,58187.702,0.9921770227983908,,0.0
2022-12-30,22.495,22.115,22.575,21.945,23536.22,52569.961,0.9921489457155674,,0.0
2023-01-03,21.925,22.945,23.035,21.845,34891.73,79603.959,0.9924307958477508,,0.0
2023-01-04,22.945,22.765,23.205,22.555,23904.22,54946.158,0.9923714036617262,,0.0
2023-01-05,22.765,22.965,22.975,22.345,24999.24,57375.016,0.992437337942956,,0.0
2023-01-06,22.965,23.215,23.475,22.775,27891.0,65119.081,0.9925181701581872,,0.0
2023-01-09,23.485,23.325,23.685,23.075,28512.0,67152.619,0.9925531914893616,,0.0
2023-01-10,23.215,23.395,23.585,23.165,23996.22,56536.724,0.9925753075943996,,0.0
2023-01-11,23.395,23.075,23.795,23.005,28179.54,66308.565,0.99247311827957,,0.0
2023-01-12,23.075,23.105,23.415,22.825,23403.81,54514.826,0.9924828178694156,,0.0
2023-01-13,22.915,22.555,23.235,22.405,41115.0,94048.271,0.9923009238891332,,0.0
2023-01-16,22.565,23.155,23.335,22.495,30566.0,70970.059,0.9924989284183454,,0.0
2023-01-17,23.285,22.915,23.325,22.825,23091.0,53517.318,0.9924209614551752,,0.0
2023-01-18,22.915,23.345,23.495,22.825,25264.55,59290.495,0.9925595238095236,,0.0
2023-01-19,23.345,23.875,24.005,23.055,36620.82,87087.074,0.9927234927234928,,0.0
2023-01-20,23.865,23.925,24.325,23.755,25499.0,61532.482,0.9927385892116184,,0.0
2023-01-30,23.675,24.465,24.545,23.605,83075.0,202648.92,0.9928977272727272,,0.0
2023-01-31,24.595,24.915,25.125,24.425,69347.09,172979.917,0.9930251096054205,,0.0
2023-02-01,24.975,25.165,25.305,24.705,46175.47,116262.934,0.9930939226519336,,0.0
2023-02-02,25.265,25.755,26.075,25.165,55849.21,144383.604,0.9932510605476282,,0.0
2023-02-03,25.755,25.675,25.915,25.085,49657.16,127035.485,0.993230174081238,,0.0
2023-02-06,25.325,25.825,26.305,25.255,57350.7,149155.505,0.9932692307692308,,0.0
2023-02-07,25.825,26.025,26.185,25.415,41531.0,107665.552,0.9933206106870228,,0.0
2023-02-08,26.015,25.425,26.065,25.405,38657.0,99862.184,0.9931640625,,0.0
2023-02-09,25.275,25.855,26.055,25.265,41414.0,107280.688,0.9932769880906646,,0.0
2023-02-10,25.985,25.235,26.205,25.055,40337.7,103357.2,0.9931129476584022,,0.0
2023-02-13,25.325,25.495,25.805,25.115,35841.04,92268.781,0.9931827035449942,,0.0
2023-02-14,25.815,25.515,25.815,25.325,25296.02,64955.144,0.9931880108991824,,0.0
2023-02-15,25.375,26.115,26.255,25.375,45940.03,119760.022,0.9933434766070748,,0.0
2023-02-16,26.095,25.035,26.255,24.845,49503.0,127674.063,0.9930583101943672,,0.0
2023-02-17,24.905,24.615,25.295,24.385,26400.79,65797.889,0.9929407018959258,,0.0
2023-02-20,24.765,25.205,25.315,24.545,31006.0,77818.684,0.993104806934594,,0.0
2023-02-21,25.135,25.275,25.725,25.025,28167.27,71955.852,0.9931237721021612,,0.0
2023-02-22,25.265,26.095,26.805,24.995,55687.98,145697.13,0.9933384088313666,,0.0
2023-02-23,26.315,25.775,26.525,25.685,38230.0,99451.15,0.9932562620423891,,0.0
2023-02-24,25.895,25.805,26.245,25.585,34192.32,89032.997,0.9932640492686682,,0.0
2023-02-27,25.535,25.205,25.755,25.075,30621.16,78098.575,0.993104806934594,,0.0
2023-02-28,25.275,25.625,25.815,25.195,38555.3,98868.706,0.993217054263566,,0.0
2023-03-01,25.635,25.815,26.005,25.105,38144.99,98213.426,0.9932666410157752,,0.0
2023-03-02,25.915,25.625,26.015,25.535,27790.85,71926.738,0.993217054263566,,0.0
2023-03-03,25.595,25.925,26.235,25.545,40479.16,105596.086,0.993295019157088,,0.0
2023-03-06,26.305,25.905,26.325,25.735,38580.93,100912.632,0.9932898773006136,,0.0
2023-03-07,25.745,24.795,25.785,24.775,47817.17,121022.39,0.9929915899078896,,0.0
2023-03-08,24.745,25.835,26.595,24.655,54840.03,140797.718,0.993271818531334,,0.0
2023-03-09,25.685,26.175,26.505,25.575,49569.0,130115.845,0.993358633776091,,0.0
2023-03-10,26.205,28.815,28.815,26.205,173788.22,497572.185,0.9939634356674716,,0.0
2023-03-13,28.885,29.525,31.165,28.825,253453.87,755749.872,0.994107744107744,,0.0
2023-03-14,29.635,28.935,29.695,28.235,146454.75,423242.439,0.9939883201648918,,0.0
2023-03-15,28.985,30.285,30.315,28.255,183756.24,541136.987,0.9942547603414312,,0.0
2023-03-16,29.325,29.575,30.125,29.085,126116.53,375061.62,0.9941176470588236,,0.0
2023-03-17,29.925,31.015,32.025000000000006,29.085,196409.66,603595.516,0.9943892273164476,,0.0
2023-03-20,30.525,29.455,31.615,29.285,165409.73,505843.57,0.994093823827202,,0.0
2023-03-21,29.535,28.975,29.905,28.505,122543.28,357671.805,0.9939965694682676,,0.0
2023-03-22,28.725,28.745,28.895,28.045,93836.98,269163.509,0.9939488243430152,,0.0
2023-03-23,28.385,28.985,28.995,28.115,100031.62,287044.851,0.9939986282578877,,0.0
2023-03-24,28.655,28.655,29.175,28.215,81294.78,233885.241,0.9939299340964272,,0.0
2023-03-27,28.655,29.475,29.685,28.445,102054.73,299732.157,0.9940978077571668,,0.0
2023-03-28,29.365,27.435,29.365,27.315,92874.79,264783.607,0.9936617167692864,,0.0
2023-03-29,27.425,27.585,27.925,26.855,63616.22,175536.94,0.9936959654178674,,0.0
2023-03-30,27.325,26.835,27.495,26.485,58324.77,158100.082,0.9935209181784525,,0.0
2023-03-31,26.705,26.985,27.055,26.525,35594.04,96315.696,0.993556701030928,,0.0
2023-04-03,27.255,28.095,28.175,27.075,74375.57,206856.945,0.993809692253272,,0.0
2023-04-04,27.925,28.075,28.705,27.665,69930.56,198627.493,0.9938053097345132,,0.0
2023-04-06,27.715,28.915,29.505,27.625,89499.38,260409.814,0.993984187005844,,0.0
2023-04-07,29.425,29.595,29.815,28.905,86445.07,256016.465,0.9941215989250924,,0.0
2023-04-10,29.505,29.375,30.575,28.845,98671.29,296357.256,0.994077834179357,,0.0
2023-04-11,29.345,29.735,30.055,29.105,62126.62,184719.973,0.9941491140086928,,0.0
2023-04-12,29.325,29.505,29.985,28.995,59996.78,177898.26,0.9941037735849056,,0.0
2023-04-13,29.575,28.725,29.575,28.675,52940.1,154137.974,0.9939446366782008,,0.0
2023-04-14,28.945,30.425,31.025,28.325,102041.43,304175.591,0.994281045751634,,0.0
2023-04-17,30.325,29.185,30.325,28.985,87853.25,261275.702,0.9940395095367848,,0.0
2023-04-18,29.045,28.775,29.115,28.325,40542.52,116971.271,0.9939550949913644,,0.0
2023-04-19,28.455,29.845,30.605,28.455,87667.34,262498.207,0.99417055296469,,0.0
2023-04-20,29.825,30.755,31.105,29.675,95594.8,293812.463,0.994342062722276,,0.0
2023-04-21,30.735,29.655,31.215,29.545,95768.12,292337.962,0.9941334227287963,,0.0
2023-04-24,29.575,28.755,30.545,28.535,58495.29,172339.885,0.993950916004148,,0.0
2023-04-25,28.405,28.105,28.725,27.465,60492.43,169986.26,0.9938118811881188,,0.0
2023-04-26,27.885,28.025,29.235,27.825,44195.13,126256.376,0.9937943262411348,,0.0
2023-04-27,27.775,28.895,30.085,26.625,102338.61,292227.434,0.9939800481596148,,0.0
2023-04-28,28.575,28.695,29.325,28.385,43309.1,125071.429,0.9939383443020436,,0.0
2023-05-04,29.385,31.585,31.585,29.285,80826.5,252079.824,0.9944899244332494,,0.0
2023-05-05,32.965,32.775000000000006,33.955000000000005,31.875,203433.52,673468.089,0.9946889226100152,,0.0
2023-05-08,32.985,34.475,35.825,32.425000000000004,186293.32,640392.697,0.994949494949495,,0.0
2023-05-09,34.325,31.955,34.325,31.825,146356.06,481740.213,0.994553376906318,,0.0
2023-05-10,32.425000000000004,31.355,32.605000000000004,30.925,95827.67,303670.027,0.9944497304154774,,0.0
2023-05-11,31.985,32.145,33.075,31.475,126668.34,410595.747,0.994585396039604,,0.0
2023-05-12,32.505,31.055,32.815000000000005,30.545,92955.69,293819.509,0.994396413704771,,0.0
2023-05-15,31.045,31.485,31.675,30.655,65350.87,205320.274,0.994472520530638,,0.0
2023-05-16,31.575,30.215,31.575,29.625,83249.2,253903.191,0.9942415268180322,,0.0
2023-05-17,30.055,30.335,30.575,29.655,43066.91,130977.338,0.9942641756801048,,0.0
2023-05-18,30.335,32.325,32.625,30.145,126117.4,398743.535,0.9946153846153848,,0.0
2023-05-19,32.295,32.815000000000005,32.995000000000005,31.595,125765.81,409627.662,0.9946953622309792,,0.0
2023-05-22,32.375,31.325,32.545,31.225,87064.02,277495.786,0.9944444444444444,,0.0
2023-05-23,31.125,30.505,31.645,30.475,52829.19,164253.55,0.9942959582790092,,0.0
2023-05-24,30.085,31.045,31.595,29.765,67066.17,207769.334,0.9943946188340806,,0.0
2023-05-25,30.725,30.775,31.355,29.905,57962.24,178179.356,0.994345718901454,,0.0
2023-05-26,30.995,31.925,32.225,30.775,78900.07,251272.399,0.9945482866043612,,0.0
2023-05-29,32.905,32.495000000000005,33.215,31.925,95595.61,311358.007,0.9946434037343128,,0.0
2023-05-30,32.675000000000004,34.455000000000005,35.525000000000006,31.885,166887.88,560649.7,0.994946578111464,,0.0
2023-05-31,33.505,33.155,33.825,32.955000000000005,116598.32,391259.048,0.9947494749474948,,0.0
2023-06-01,32.645,34.045,34.315000000000005,32.335,109217.84,369578.344,0.994886031560491,,0.0
2023-06-02,34.005,32.545,34.005,32.525000000000006,85727.16,284515.094,0.994651589242054,,0.0
2023-06-05,32.495000000000005,32.825,33.325,32.405,44893.52,148279.817,0.9946969696969696,,0.0
2023-06-06,33.025000000000006,31.545,33.265,31.485,58574.26,189467.458,0.9944829760403532,,0.0
2023-06-07,31.535,32.615,33.185,31.195,65213.59,212495.388,0.9946630070143336,,0.0
2023-06-08,32.425000000000004,32.745000000000005,32.905,31.715,51754.33,168090.116,0.9946840826245444,,0.0
2023-06-09,32.455000000000005,33.505,33.755,32.125,73284.55,244078.283,0.9948040380047508,,0.0
2023-06-12,33.625,33.545,34.015,33.275000000000006,58811.17,199128.963,0.9948102016607356,,0.0
2023-06-13,33.375,33.465,33.475,32.555,64407.63,213318.983,0.9947978596908444,,0.0
2023-06-14,33.285000000000004,34.335,34.575,33.035000000000004,87998.15,300027.22,0.9949290060851927,,0.0
2023-06-15,34.295,35.625,36.235,33.975,117863.69,416484.167,0.9951117318435756,,0.0
2023-06-16,35.825,35.975,37.325,35.335,109349.61,397312.435,0.9951590594744124,,0.0
2023-06-19,35.985,37.915000000000006,38.445,35.825,116693.52,435166.513,0.9954056182725124,,0.0
2023-06-20,37.705000000000005,39.525000000000006,39.795,36.905,127087.92,490443.261,0.9955919395465996,,0.0
2023-06-21,39.325,40.375,41.225,37.425,143792.42,569701.318,0.995684340320592,,0.0
2023-06-26,39.625,42.755,44.405,39.085,128100.78,539765.184,0.9959235965525276,,0.0
2023-06-27,42.325,41.695,43.315000000000005,40.375,128727.14,538152.173,0.9958203964652496,,0.0
2023-06-28,41.305,39.845000000000006,41.415000000000006,38.825,135967.44,545759.23,0.9956271864067968,,0.0
2023-06-29,40.795,40.555,42.595000000000006,40.135000000000005,148414.26,614107.664,0.9957034127178984,,0.0
2023-06-30,40.355,41.975,42.795,40.125,117996.15,493802.991,0.9958481613285884,,0.0
2023-07-03,42.345000000000006,41.725,43.665000000000006,40.715,110953.43,470369.848,0.9958233890214798,,0.0
2023-07-04,41.915000000000006,41.705000000000005,42.325,41.105,70143.26,292802.958,0.995821394460363,,0.0
2023-07-05,41.565000000000005,41.105,42.625,40.705000000000005,64664.61,270342.789,0.9957606589147288,,0.0
2023-07-06,41.105,40.925,42.005,40.815000000000005,60014.41,249001.552,0.995742092457421,,0.0
2023-07-07,40.425,39.785,40.765,39.525000000000006,72008.96,289067.428,0.9956206206206208,,0.0
2023-07-10,40.005,38.915000000000006,40.105,38.505,69396.29,271092.843,0.9955231517012024,,0.0
2023-07-11,39.295,38.885000000000005,39.325,38.405,38451.93,150031.432,0.9955197132616488,,0.0
2023-07-12,38.825,36.935,38.865,36.795,77190.9,291953.561,0.9952842899488008,,0.0
2023-07-13,36.945,37.135000000000005,37.425,36.525000000000006,49251.03,182721.44,0.9953095684803004,,0.0
2023-07-14,37.025000000000006,36.875,37.525000000000006,36.685,37525.26,139538.069,0.99527665317139,,0.0
2023-07-17,37.005,37.765,38.395,36.895,94337.07,356889.751,0.9953874538745388,,0.0
2023-07-18,37.645,36.665000000000006,38.125,36.575,59877.34,223701.691,0.9952497285559176,,0.0
2023-07-19,36.665000000000006,36.275000000000006,36.815000000000005,36.065000000000005,33347.0,121900.203,0.99519890260631,,0.0
2023-07-20,36.155,35.425000000000004,36.385000000000005,35.315000000000005,41988.04,150854.351,0.9950842696629214,,0.0
2023-07-21,35.385,35.175000000000004,35.625,34.835,30098.42,106697.806,0.9953310696095076,,0.0
2023-07-24,35.445,35.365,35.845,34.985,32503.56,115964.007,0.9953560371517028,,0.0
2023-07-25,35.835,35.395,35.895,34.865,36861.2,130743.717,0.9953599550056244,,0.0
2023-07-26,35.405,33.965,35.735,33.845,64211.83,221403.757,0.9951655435101084,,0.0
2023-07-27,33.975,33.405,34.385,33.185,47032.65,159292.582,0.9950848972296694,,0.0
2023-07-28,33.405,33.025,33.575,32.935,32685.6,108786.869,0.9950286230792408,,0.0
2023-07-31,33.035000000000004,32.755,33.215,32.585,45878.7,151627.392,0.9949878493317132,,0.0
2023-08-01,32.825,33.055,33.485,32.595,47535.26,157471.291,0.9950331125827816,,0.0
2023-08-02,33.065,33.695,34.515,32.415,87702.9,296537.012,0.995126993502658,,0.0
2023-08-03,33.165,33.825,34.505,32.875,59299.34,202138.807,0.9951456310679612,,0.0
2023-08-04,33.825,34.805,35.105000000000004,33.435,73371.79,253294.333,0.9952816700028596,,0.0
2023-08-07,34.635,33.765,34.775,33.475,46703.15,160119.313,0.9951370468611848,,0.0
2023-08-08,33.845,33.935,34.495,33.735,33828.03,115773.164,0.9951612903225808,,0.0
2023-08-09,33.615,32.845,33.925000000000004,32.385,45439.44,149887.051,0.9950015146925174,,0.0
2023-08-10,32.755,32.965,33.095,32.455,23765.04,78448.417,0.9950196196800484,,0.0
2023-08-11,32.795,32.125,33.165,32.115,22158.28,72433.638,0.9948900588417467,,0.0
2023-08-14,32.085,32.315,32.715,31.795,27479.17,88916.204,0.9949199507389164,,0.0
2023-08-15,32.535000000000004,31.655,32.535000000000004,31.435,28725.7,91858.27,0.9948145820238844,,0.0
2023-08-16,31.905,30.935,31.905,30.865,41972.36,131806.057,0.994694533762058,,0.0
2023-08-17,31.105,32.035000000000004,32.315,30.785,48209.29,153851.647,0.9948757763975156,,0.0
2023-08-18,31.955,31.455,32.355000000000004,31.435,29058.66,92869.207,0.9947817836812144,,0.0
2023-08-21,31.615,30.765,31.805,30.675,29749.15,93446.002,0.9946653734238604,,0.0
2023-08-22,30.955,31.725,31.825,30.895,40660.0,128483.917,0.9948259642521168,,0.0
2023-08-23,31.575,30.625,31.595,30.535,24644.44,76666.408,0.994641117245859,,0.0
2023-08-24,30.835,30.955,31.435,30.485,23059.0,71860.855,0.99469794344473,,0.0
2023-08-25,30.525,29.175,30.535,28.835,79965.44,237101.163,0.9943762781186094,,0.0
2023-08-28,30.985,29.465,30.985,29.415,56352.0,169667.196,0.994431319608505,,0.0
2023-08-29,29.165,31.545,31.815,29.135,74697.04,231686.149,0.9947965941343424,,0.0
2023-08-30,31.565,32.605000000000004,32.915,31.355,86490.93,280880.356,0.9949649069270676,,0.0
2023-08-31,32.495,33.105000000000004,33.475,32.235,78018.79,259596.428,0.9950405770964832,,0.0
2023-09-01,33.435,32.535000000000004,33.435,32.185,56285.83,184268.3,0.994954128440367,,0.0
2023-09-04,32.925000000000004,32.845,33.125,32.175000000000004,53379.32,174682.273,0.9950015146925174,,0.0
2023-09-05,32.855000000000004,33.085,33.805,32.565,77201.54,258636.965,0.9950375939849624,,0.0
2023-09-06,32.965,36.415,36.415,32.965,151884.51,533914.588,0.995489338436304,,0.0
2023-09-07,37.835,38.515,40.075,37.215,324907.7,1253331.366,0.9957342295760084,,0.0
2023-09-08,38.535,42.385,42.385,38.535,218391.36,906721.568,0.9961222091656876,,0.0
2023-09-11,42.625,46.645,46.645,41.835,515922.71,2358942.974,0.9964751121555224,,0.0
2023-09-12,44.335,41.965,44.635,41.965,469926.28,2023036.708,0.9960835509138382,,0.0
2023-09-13,40.095,39.925,42.255,39.175,317695.44,1288703.206,0.9958842604140684,,0.0
2023-09-14,39.905,40.465,40.735,38.715,253278.83,1013098.675,0.995938961358602,,0.0
2023-09-15,39.335,38.555,40.935,37.235,302777.5,1182270.742,0.9957386363636364,,0.0
2023-09-18,37.885,37.865,39.495,37.515,201901.55,773970.898,0.995661320010518,,0.0
2023-09-19,37.405,36.425,37.455,35.505,180934.19,661610.38,0.9954905711943154,,0.0
2023-09-20,35.905,35.635,36.275,35.555,105185.57,379596.693,0.995391061452514,,0.0
2023-09-21,35.815,35.575,36.105,35.375,94587.96,339383.08,0.9953833240067153,,0.0
2023-09-22,35.385,35.825,35.845,34.945,139848.99,497775.808,0.995415393164768,,0.0
2023-09-25,36.935,38.425,39.425,36.935,374732.56,1458582.435,0.995724280901788,,0.0
2023-09-26,36.565,37.025,38.075,35.905,259161.27,960967.252,0.9955633234740522,,0.0
2023-09-27,37.025,36.175,37.025,36.115,132454.47,484938.221,0.9954595487066592,,0.0
2023-09-28,36.715,38.135,39.135,36.135,191290.39,723253.321,0.995691906005222,,0.0
2023-10-09,37.915,37.505,38.025,36.945,109811.44,413776.832,0.995619856649854,,0.0
2023-10-10,37.385,37.535,38.775,37.045,133720.65,510628.55,0.9956233421750664,,0.0
2023-10-11,37.255,39.075,39.505,37.215,187361.61,730344.497,0.9957951070336392,,0.0
2023-10-12,39.855,36.775,40.065,36.175,184334.96,688488.991,0.9955332972387656,,0.0
2023-10-13,36.435,37.075,37.575,36.435,100647.69,374072.477,0.9955692803437164,,0.0
2023-10-16,36.615,36.175,36.925,35.675000000000004,102191.07,371556.599,0.9954595487066592,,0.0
2023-10-17,36.175,36.405,36.455,35.345,66774.12,240713.081,0.9954881050041018,,0.0
2023-10-18,36.385,35.525,37.885,35.395,90808.85,332366.001,0.9953768562622584,,0.0
2023-10-19,35.255,35.885,37.115,35.235,104376.14,381590.31,0.9954230235783634,,0.0
2023-10-20,35.745,34.305,35.795,34.135,93861.5,328402.403,0.9952132288946912,,0.0
2023-10-23,33.975,33.765,34.715,33.585,54134.96,185153.575,0.9951370468611848,,0.0
2023-10-24,34.335,34.085,34.675000000000004,33.365,48429.91,165686.072,0.9951824817518248,,0.0
2023-10-25,34.095,34.255,34.515,33.535000000000004,56136.0,192686.235,0.9952062754212668,,0.0
2023-10-26,33.835,34.265,34.415,33.435,48848.47,166721.583,0.9952076677316294,,0.0
2023-10-27,33.825,33.525,34.165,31.595,142655.04,470020.212,0.9951024042742654,,0.0
2023-10-30,33.615,33.775,34.135,33.035000000000004,91071.65,308451.997,0.995138479670006,,0.0
2023-10-31,33.495,33.125,33.935,32.655,66793.21,222469.555,0.9950435566236108,,0.0
2023-11-01,32.985,32.275,33.595,32.235,59172.2,194940.686,0.994913686806412,,0.0
2023-11-02,32.365,31.475,32.655,31.435,56196.32,180124.451,0.9947850821744628,,0.0
2023-11-03,31.755000000000003,33.005,33.365,31.545,87029.0,286070.79,0.99502562556527,,0.0
2023-11-06,32.835,35.215,35.485,32.835,136254.99,470300.798,0.995336348219333,,0.0
2023-11-07,35.215,36.615,36.835,35.055,160063.12,584755.302,0.9955138662316476,,0.0
2023-11-08,36.665,37.835,38.815,36.035,207573.73,783675.902,0.995657894736842,,0.0
2023-11-09,37.835,38.695,41.635,37.835,349659.09,1413388.214,0.9957539886773032,,0.0
2023-11-10,38.595,39.035,40.775,37.995,242210.72,958647.696,0.9957908163265308,,0.0
2023-11-13,38.925,38.575,39.135,38.175,145772.93,564209.675,0.9957408363448632,,0.0
2023-11-14,38.135,39.085,39.295,37.395,125573.38,486556.952,0.9957961783439492,,0.0
2023-11-15,39.075,37.395,39.075,37.105,133269.3,503428.246,0.9956070287539937,,0.0
2023-11-16,37.435,37.225,37.825,36.885,86187.88,323085.153,0.9955870553623964,,0.0
2023-11-17,38.835,37.055,39.135,36.135,203101.73,757043.587,0.9955668995163892,,0.0
2023-11-20,36.935,37.285,37.785,36.615,125575.99,470258.214,0.9955941255006676,,0.0
2023-11-21,37.295,36.195,37.385,36.045,81399.81,298824.962,0.9954620462046204,,0.0
2023-11-22,35.895,34.585,36.025,34.585,92676.53,327130.106,0.9952517985611512,,0.0
2023-11-23,34.655,34.845,34.995,34.145,58725.78,204244.022,0.99528706083976,,0.0
2023-11-24,34.845,33.965,34.845,33.735,52683.73,180041.746,0.9951655435101084,,0.0
2023-11-27,33.815,35.735,36.395,33.745,139425.33,494548.37,0.9954038997214484,,0.0
2023-11-28,35.415,34.735,35.415,34.365,84941.34,297087.478,0.9952722063037248,,0.0
2023-11-29,34.875,34.285000000000004,35.215,34.275,58541.0,204237.999,0.9952104499274312,,0.0
2023-11-30,34.035000000000004,33.785000000000004,34.545,33.265,80194.94,271808.895,0.995139911634757,,0.0
2023-12-01,33.615,34.185,34.245,33.515,49415.59,168533.754,0.9951965065502184,,0.0
2023-12-04,34.135,34.475,35.075,34.005,78615.11,273017.652,0.9952367205542726,,0.0
2023-12-05,34.415,33.365,34.415,33.355000000000004,57698.0,194950.049,0.9950790337011632,,0.0
2023-12-06,33.175000000000004,33.085,33.865,32.935,47926.0,160358.68,0.9950375939849624,,0.0
2023-12-07,33.105000000000004,32.855000000000004,33.235,32.745,41714.0,138139.257,0.9950030284675956,,0.0
2023-12-08,33.055,33.785000000000004,34.105000000000004,32.855000000000004,84028.48,283194.939,0.995139911634757,,0.0
2023-12-11,33.715,34.725,34.845,33.435,108038.5,373487.807,0.9952708512467756,,0.0
2023-12-12,34.775,34.245,34.775,33.965,60180.01,207306.089,0.9952048823016564,,0.0
2023-12-13,34.075,34.125,34.775,33.885,55991.74,192976.879,0.995188101487314,,0.0
2023-12-14,34.305,33.575,34.485,33.435,53946.07,183643.941,0.9951096621221104,,0.0
2023-12-15,33.575,33.235,33.965,33.115,40315.0,135248.193,0.995059880239521,,0.0
2023-12-18,33.085,32.355000000000004,33.135,32.235,35792.07,117512.409,0.9949261992619928,,0.0
2023-12-19,32.205,32.735,33.085,32.195,33965.17,111633.646,0.9949848024316108,,0.0
2023-12-20,32.655,32.525,33.225,32.085,43530.41,142816.827,0.994952584888345,,0.0
2023-12-21,32.245,32.645,32.965,31.565,43491.0,140978.136,0.994971045412984,,0.0
2023-12-22,32.645,31.795,33.025,31.545,42815.08,139140.381,0.994837296620776,,0.0
2023-12-25,31.625,32.805,32.835,31.545,55007.57,179753.449,0.9949954504094632,,0.0
2023-12-26,32.575,31.815,32.615,31.325,46469.49,148175.846,0.9948405253283302,,0.0
2023-12-27,31.745,32.185,32.385,31.515,36227.58,117078.655,0.9948995363214838,,0.0
2023-12-28,32.015,32.945,33.135,31.765,46568.47,152705.527,0.9950166112956812,,0.0
2023-12-29,32.665,33.485,33.645,32.645,40279.23,135279.928,0.9950965824665676,,0.0
2024-01-02,33.365,33.205,33.755,32.875,37186.0,124372.798,0.9950554390170812,,0.0
2024-01-03,33.205,32.475,33.515,32.035000000000004,44414.17,145512.142,0.9949448529411764,,0.0
2024-01-04,32.365,32.065,32.375,31.895000000000003,24949.86,80628.674,0.9948805460750854,,0.0
2024-01-05,32.075,29.925,32.075,29.695,86916.6,266131.045,0.9945164506480558,,0.0
2024-01-08,29.835,28.995,30.055,28.995,42198.0,124471.854,0.9943415637860082,,0.0
2024-01-09,29.045,29.345,29.875,29.045,40023.0,118596.426,0.9944086750254152,,0.0
2024-01-10,29.135,28.595,29.435,28.535,36633.52,106417.131,0.9942628650904034,,0.0
2024-01-11,28.595,29.145,29.415,28.595,37499.34,109748.265,0.9943705220061412,,0.0
2024-01-12,29.145,28.305,29.185,28.155,45465.35,130657.248,0.9942044257112752,,0.0
2024-01-15,28.295,28.395,28.655,27.955,33064.0,94305.496,0.9942226890756304,,0.0
2024-01-16,28.285,27.815,28.285,27.405,43030.44,120223.581,0.9941029306647604,,0.0
2024-01-17,27.755000000000003,27.125,27.935,27.055,27380.66,75988.998,0.9939538292414803,,0.0
2024-01-18,26.865,27.145,27.295,26.195,48573.43,130289.248,0.9939582570487,,0.0
2024-01-19,27.135,26.585,27.285,26.585,23553.45,63746.47,0.9938317757009346,,0.0
2024-01-22,26.535,24.925,26.725,24.735,47304.06,122522.781,0.993423674770825,,0.0
2024-01-23,25.005000000000003,25.495,25.635,24.835,49220.22,125290.54,0.9935697583787996,,0.0
2024-01-24,25.835,25.495,25.915,24.405,41693.0,105213.837,0.9935697583787996,,0.0
2024-01-25,25.805,26.855,27.035,25.375,57658.8,153004.253,0.9938934122871949,,0.0
2024-01-26,26.845,26.235,26.855,26.135,38455.89,102540.489,0.99375,,0.0
2024-01-29,26.335,25.365,26.605,25.355,33347.12,86432.141,0.9935370152761458,,0.0
2024-01-30,25.325,24.645,25.635,24.545,28346.55,71775.435,0.9933494558645708,,0.0
2024-01-31,24.635,23.185,24.825,23.155,38270.66,92128.892,0.9929336188436833,,0.0
2024-02-01,22.865,23.095,23.835,22.575,42052.0,98125.688,0.9929062768701634,,0.0
2024-02-02,23.215,21.475,23.705,20.765,64955.61,143704.838,0.9923752310536044,,0.0
2024-02-05,21.315,19.355,21.825,19.315,91310.46,183184.529,0.991547131147541,,0.0
2024-02-06,18.825,20.325,20.805,17.835,90417.36,176864.014,0.9919472913616398,,0.0
2024-02-07,20.585,20.355,21.575,19.815,90997.55,191009.077,0.9919590643274854,,0.0
2024-02-08,20.545,22.175,22.385,20.085,97566.88,211166.708,0.992614145031334,,0.0
2024-02-19,22.785,23.215,23.535,22.725,78788.74,183167.53,0.9929426860564584,,0.0
2024-02-20,23.135,23.855,24.025,22.585,66618.83,158048.019,0.9931307243963364,,0.0
2024-02-21,23.535,23.815,24.465,23.385,63714.89,154076.923,0.993119266055046,,0.0
2024-02-22,23.895,24.835,24.845,23.875,69275.59,171404.918,0.9934,,0.0
2024-02-23,25.035,25.715,25.835,24.655,75892.56,192939.859,0.9936244204018548,,0.0
2024-02-26,26.485,27.475,27.915,26.475,130184.2,356516.11,0.9940303907380608,,0.0
2024-02-27,26.815,27.825,27.825,26.255000000000003,124781.38,339501.803,0.9941050375133976,,0.0
2024-02-28,27.855,25.875,28.455,25.835,129335.44,356444.269,0.9936635944700462,,0.0
2024-02-29,26.025,28.475,28.475,25.895,98516.79,276946.921,0.9942388268156424,,0.0
2024-03-01,30.815,30.135,31.335,29.525,262099.71,801532.656,0.9945544554455444,,0.0
2024-03-04,29.825,31.665,31.675,29.435,193385.73,593104.685,0.9948162111215836,,0.0
2024-03-05,31.065,30.315,31.785,29.985,151113.5,465406.265,0.9945866141732284,,0.0
2024-03-06,29.835,29.745,30.135,29.215,87689.2,261893.114,0.9944834503510532,,0.0
2024-03-07,29.985,29.235,30.345,28.985,73261.52,218159.452,0.9943877551020408,,0.0
2024-03-08,29.365,29.675,29.775,28.815,60617.0,179036.517,0.994470509383378,,0.0
2024-03-11,29.175,29.825,29.955,29.015,65322.49,195018.584,0.9944981660553518,,0.0
2024-03-12,29.735,29.755000000000003,30.185,29.455,63308.36,189302.834,0.9944852941176472,,0.0
2024-03-13,29.835,29.915,30.485,29.685,77384.78,234237.511,0.9945146276595744,,0.0
2024-03-14,29.685,29.495,30.135,29.045,60932.81,181232.644,0.9944369521240728,,0.0
2024-03-15,29.485,29.895,29.935,29.215,51823.0,154794.774,0.9945109780439122,,0.0
2024-03-18,29.995,30.555,30.635,29.995,70795.1,216214.501,0.99462890625,,0.0
2024-03-19,30.415,30.355,30.775,30.195,67711.68,207373.815,0.9945937090432504,,0.0
2024-03-20,30.265,30.495,30.615,30.045,59508.61,181667.14,0.9946183953033269,,0.0
2024-03-21,30.395,30.285,30.635,30.075,57137.43,174382.221,0.9945812807881772,,0.0
2024-03-22,30.285,29.975,30.535,29.835,61879.13,187621.721,0.9945255474452556,,0.0
2024-03-25,29.905,32.715,32.985,29.685,234570.17,757155.634,0.9949817518248176,,0.0
2024-03-26,32.385,31.115,32.635,30.775,205102.63,650509.242,0.9947250639386188,,0.0
2024-03-27,30.935,28.635,31.045,28.635,126582.27,375275.602,0.9942708333333332,,0.0
2024-03-28,28.635,29.785,30.285,28.525,100735.18,299837.747,0.99449081803005,,0.0
2024-03-29,29.255000000000003,30.495,30.785,29.255000000000003,71998.23,218727.18,0.9946183953033269,,0.0
2024-04-01,30.335,31.555,32.295,30.235,101617.42,319026.868,0.994798234552333,,0.0
2024-04-02,31.465,30.755000000000003,31.465,30.595,73419.83,228546.964,0.9946636481241916,,0.0
2024-04-03,30.755000000000003,29.895,30.865,29.415,59935.0,180637.455,0.9945109780439122,,0.0
2024-04-08,29.715,28.645,30.135,28.635,56755.39,166134.369,0.9942728219368276,,0.0
2024-04-09,28.735,28.925,29.135,28.445,34413.97,99668.61,0.9943279477483672,,0.0
2024-04-10,29.045,27.915,29.145,27.545,51151.49,144516.363,0.9941239316239316,,0.0
2024-04-11,27.795,27.395,28.275,27.225,47070.0,131103.683,0.9940130624092888,,0.0
2024-04-12,27.395,26.855,27.635,26.715,44853.19,122368.793,0.9938934122871949,,0.0
2024-04-15,26.635,26.435,27.555,25.865,50223.65,134364.753,0.993796992481203,,0.0
2024-04-16,26.315,24.275,26.345,24.275,71562.0,180122.152,0.9932487725040916,,0.0
2024-04-17,24.935,26.105,26.115,24.885,69431.12,179662.986,0.99371907118386,,0.0
2024-04-18,26.035,26.575,27.285,25.645,73126.34,195799.366,0.9938294689603592,,0.0
2024-04-19,26.305,26.635,27.335,25.815,64683.0,171893.9,0.9938432835820896,,0.0
2024-04-22,26.335,26.755000000000003,27.055,25.715,60189.08,160940.266,0.9938707280832096,,0.0
2024-04-23,26.495,27.085,27.705,26.455,57746.39,157290.462,0.9939449541284404,,0.0
2024-04-24,27.235,27.955,27.955,27.135,63251.05,176200.57,0.9941322901849218,,0.0
2024-04-25,27.935,27.555,27.935,27.335,46685.0,129653.103,0.9940476190476192,,0.0
2024-04-26,26.425,27.205,27.775,26.415,65077.04,177949.076,0.993971501644136,,0.0
2024-04-29,27.205,27.765,27.835,27.135,59158.34,164142.12,0.994092373791622,,0.0
2024-04-30,27.845,27.025,27.945,26.735,48221.05,131963.497,0.9939315924972416,,0.0
2024-05-06,27.385,27.485,27.675,27.265,36778.05,101668.219,0.9940325497287524,,0.0
2024-05-07,27.565,27.965,28.135,27.365,56397.14,157963.889,0.9941343761109136,,0.0
2024-05-08,27.955,28.975,29.125,27.825,127901.8,368346.325,0.994337680164722,,0.0
2024-05-09,28.775,28.775,28.815,28.135,81801.59,234806.234,0.9942985487214928,,0.0
2024-05-10,28.645,27.765,28.785,27.735,63587.71,179577.676,0.994092373791622,,0.0
2024-05-13,27.535,26.885,27.535,26.695,47892.52,130039.449,0.9939001848428836,,0.0
2024-05-14,27.285,26.955,27.515,26.825,26790.28,72966.446,0.99391592920354,,0.0
2024-05-15,26.745,27.105,27.615,26.505000000000003,38232.9,104744.697,0.993949394939494,,0.0
2024-05-16,27.095,27.405,27.745,27.095,28976.28,79926.988,0.9940152339499456,,0.0
2024-05-17,27.235,27.565,27.605,27.045,33504.0,92459.912,0.9940497655968266,,0.0
2024-05-20,27.635,27.955,28.395,27.415,36463.02,102422.037,0.9941322901849218,,0.0
2024-05-21,27.765,27.195,27.765,27.135,30227.0,82986.211,0.993969298245614,,0.0
2024-05-22,27.245,26.925,27.285,26.685,32821.0,88836.939,0.9939091915836102,,0.0
2024-05-23,26.845,26.465,27.005000000000003,26.335,30599.0,82002.149,0.9938039804731508,,0.0
2024-05-24,26.415,25.755000000000003,26.575,25.725,36490.05,95591.762,0.9936342592592592,,0.0
2024-05-27,25.715,27.645,28.215,25.295,78730.03,212614.773,0.994066882416397,,0.0
2024-05-28,27.335,27.345,28.285,27.125,82667.07,230441.287,0.994002181025082,,0.0
2024-05-29,27.105,27.885,28.235,26.905,71678.0,200982.156,0.9941176470588236,,0.0
2024-05-30,27.835,28.835,29.095,27.435,128857.67,371203.569,0.9943103448275864,,0.0
2024-05-31,28.585,28.885,29.335,28.405,109583.66,318409.347,0.9943201376936316,,0.0
2024-06-03,28.835,28.305,29.005000000000003,27.995,68990.21,197392.431,0.9942044257112752,,0.0
2024-06-04,28.045,27.515,28.305,27.025,68917.0,190371.949,0.9940390173410404,,0.0
2024-06-05,27.335,26.975,28.015,26.945,49753.0,137788.605,0.9939204126750184,,0.0
2024-06-06,27.045,26.305,27.525,26.075,70532.2,189410.41,0.99376652814507,,0.0
2024-06-07,26.495,28.955,28.955,26.245,220498.91,636664.999,0.9943337912087912,,0.0
2024-06-11,29.735,30.755000000000003,31.525,29.735,304832.19,936721.232,0.9946636481241916,,0.0
2024-06-12,30.335,31.185,31.285,30.165,213739.67,661155.143,0.9947368421052633,,0.0
2024-06-13,30.725,30.335,31.085,30.325,149537.3,460333.356,0.9945901639344262,,0.0
2024-06-14,30.195,30.345,30.485,29.765,101385.66,306960.202,0.9945919370698132,,0.0
2024-06-17,30.295,31.075,31.275,29.865,151804.91,469959.799,0.994718309859155,,0.0
2024-06-18,30.835,30.555,30.875,30.235,102504.94,314732.158,0.99462890625,,0.0
2024-06-19,30.545,31.355,33.425000000000004,30.145,188512.3,593433.323,0.994765228426396,,0.0
2024-06-20,31.135,32.385,32.955,30.385,225029.37,720252.426,0.9949308755760368,,0.0
2024-06-21,31.235,31.895000000000003,32.705,31.065,150120.5,481319.506,0.994853399875234,,0.0
2024-06-24,31.735,30.785,33.225,29.605,175956.59,564041.939,0.9946688206785138,,0.0
2024-06-25,30.225,28.855,30.535,28.725,141118.11,419426.666,0.994314266023432,,0.0
2024-06-26,29.035,31.755000000000003,31.755000000000003,27.915,170719.58,526596.907,0.9948308270676692,,0.0
2024-06-27,32.265,32.275,33.315,32.125,275092.39,899494.486,0.994913686806412,,0.0
2024-06-28,32.265,32.855000000000004,33.885,31.935,218124.33,722131.61,0.9950030284675956,,0.0
2024-07-01,32.845,33.185,34.155,32.445,176385.31,589143.068,0.9950524737631185,,0.0
2024-07-02,32.845,32.075,32.945,31.835,152961.83,496202.597,0.9948821339950372,,0.0
2024-07-03,31.955,31.755000000000003,32.275,30.855,118465.59,376322.526,0.9948308270676692,,0.0
2024-07-04,31.385,30.395,31.805,30.335,105798.51,329224.224,0.9946007853403142,,0.0
2024-07-05,30.395,30.535,31.035,29.775,93783.0,286643.462,0.9946254071661238,,0.0
2024-07-08,30.125,29.235,30.965,28.885,124558.09,374666.582,0.9943877551020408,,0.0
2024-07-09,29.385,30.355,30.435,29.005000000000003,134077.62,402603.584,0.9945937090432504,,0.0
2024-07-10,30.335,29.745,30.335,29.445,98273.0,295264.863,0.9944834503510532,,0.0
2024-07-11,30.245,30.175,30.525,29.755000000000003,92101.07,279324.168,0.9945616348055372,,0.0
2024-07-12,30.085,29.445,30.085,29.155,79582.09,235991.802,0.9944275582573456,,0.0
2024-07-15,29.665,30.085,30.485,29.435,95062.94,287856.604,0.9945454545454546,,0.0
2024-07-16,29.925,29.835,30.065,29.065,82315.0,243965.314,0.9945,,0.0
2024-07-17,29.535,29.515,30.465,29.135,73049.85,217777.948,0.9944407008086252,,0.0
2024-07-18,29.645,31.105,31.105,29.645,159162.09,486934.585,0.9947233770386952,,0.0
2024-07-19,30.52,31.67,32.1,30.39,157584.11,498472.272,0.995598868280415,,0.0
2024-07-22,31.69,31.48,32.2,31.29,118305.87,376470.045,0.995572422517394,,0.0
2024-07-23,31.11,29.65,31.19,29.63,109583.93,333175.268,0.9953004363880495,,0.0
2024-07-24,29.33,28.27,29.88,28.23,95046.32,277227.975,0.995072157690954,,0.0
2024-07-25,28.06,28.16,28.47,27.52,60187.0,169501.969,0.9950530035335688,,0.0
2024-07-26,27.68,28.8,29.32,27.18,100512.84,284333.249,0.995162404975812,,0.0
2024-07-29,28.76,28.73,29.14,28.36,72406.84,208882.192,0.9951506754416348,,0.0
2024-07-30,28.39,28.87,28.99,27.91,64684.0,185194.556,0.995174077904171,,0.0
2024-07-31,28.66,29.96,30.01,28.47,97329.87,287529.915,0.9953488372093025,,0.0
2024-08-01,30.19,29.75,30.19,29.65,76052.12,228388.73,0.9953161592505856,,0.0
2024-08-02,29.24,29.85,30.7,29.23,107286.0,324325.193,0.9953317772590864,,0.0
2024-08-05,29.11,27.63,29.52,27.59,107098.46,306901.723,0.9949585884047532,,0.0
2024-08-06,28.36,27.99,28.46,27.64,55781.92,156506.192,0.9950231070031994,,0.0
2024-08-07,27.98,28.05,28.75,27.83,53638.75,153015.966,0.9950336998935791,,0.0
2024-08-08,27.88,27.39,27.88,26.97,61106.88,168495.876,0.9949146385760989,,0.0
2024-08-09,27.49,27.06,27.73,27.04,42352.03,116600.593,0.9948529411764706,,0.0
2024-08-12,26.86,26.35,26.97,26.28,47654.0,126925.846,0.994714986787467,,0.0
2024-08-13,26.29,26.68,26.75,26.16,31516.0,83979.451,0.9947800149142432,,0.0
2024-08-14,26.7,26.47,26.72,26.38,22202.44,59227.923,0.994738819992484,,0.0
2024-08-15,26.39,26.57,26.94,26.18,41209.0,110246.12,0.99475851740921,,0.0
2024-08-16,26.66,26.21,26.81,26.21,35284.02,94212.133,0.9946869070208728,,0.0
2024-08-19,26.06,25.84,26.36,25.83,36737.27,96191.856,0.9946112394149346,,0.0
2024-08-20,25.76,25.28,25.91,25.15,39990.0,102437.113,0.994492525570417,,0.0
2024-08-21,25.18,24.87,25.46,24.76,35956.0,90733.526,0.9944022391043582,,0.0
2024-08-22,24.87,24.96,25.6,24.35,62646.05,157915.207,0.994422310756972,,0.0
2024-08-23,24.81,24.44,25.04,24.2,44370.0,109416.878,0.9943043124491456,,0.0
2024-08-26,24.3,24.34,24.59,24.22,25761.98,63201.124,0.994281045751634,,0.0
2024-08-27,24.11,23.69,24.24,23.66,30483.0,73117.252,0.9941250524548888,,0.0
2024-08-28,23.43,23.68,24.02,23.43,24472.51,58500.895,0.9941225860621328,,0.0
2024-08-29,23.51,24.0,24.14,23.41,31590.53,75963.494,0.9942004971002484,,0.0
2024-08-30,24.02,25.45,25.95,24.02,78913.0,199551.364,0.99452911293474,,0.0
2024-09-02,25.21,24.74,26.11,24.66,54581.74,138625.336,0.9943729903536976,,0.0
2024-09-03,24.49,24.83,25.18,24.49,34594.0,86303.273,0.9943932719263116,,0.0
2024-09-04,24.51,25.45,26.41,24.36,105946.72,271985.027,0.99452911293474,,0.0
2024-09-05,25.19,25.63,26.11,25.19,63918.98,164903.709,0.9945673263484672,,0.0
2024-09-06,25.41,25.18,25.85,24.85,47656.0,121667.07,0.9944707740916272,,0.0
2024-09-09,25.5,25.11,25.94,24.98,46789.0,119580.284,0.9944554455445545,,0.0
2024-09-10,25.01,25.76,26.31,24.84,70756.54,182670.063,0.9945945945945944,,0.0
2024-09-11,25.47,25.38,25.72,25.17,43829.0,111805.432,0.994514106583072,,0.0
2024-09-12,25.39,24.73,25.65,24.71,45092.0,114114.536,0.9943707277844792,,0.0
2024-09-13,24.72,24.14,24.85,24.14,39757.0,97783.212,0.9942339373970346,,0.0
2024-09-18,25.86,26.57,26.57,25.54,144229.96,383309.756,0.99475851740921,,0.0
2024-09-19,26.46,26.46,27.6,25.86,185610.28,497543.616,0.9947368421052633,,0.0
2024-09-20,26.24,26.57,27.22,26.09,129177.0,346130.898,0.99475851740921,,0.0
2024-09-23,26.16,26.09,26.41,25.84,90970.05,238265.014,0.9946626000762484,,0.0
2024-09-24,25.92,26.91,27.32,25.76,139734.86,373705.459,0.9948243992606284,,0.0
2024-09-25,26.92,27.16,27.56,26.74,127508.76,348419.259,0.9948717948717948,,0.0
2024-09-26,27.16,27.49,27.5,26.83,91408.78,249736.757,0.9949330437929786,,0.0
2024-09-27,27.86,28.74,29.06,27.68,123691.34,352342.683,0.9951523545706372,,0.0
2024-09-30,29.68,31.54,31.54,29.28,171233.43,526528.717,0.995580808080808,,0.0
2024-10-08,34.71,34.71,34.71,32.86,197778.61,683544.115,0.9959827833572452,,0.0
2024-10-09,34.86,35.13,37.64,33.68,264567.32,951881.387,0.9960306209242984,,0.0
2024-10-10,35.08,33.37,35.43,32.87,158230.36,539242.092,0.9958221426439868,,0.0
2024-10-11,32.57,31.64,33.15,31.04,110530.62,353572.869,0.9955947136563876,,0.0
2024-10-14,31.56,32.58,32.63,31.21,95713.33,308317.674,0.995721271393643,,0.0
2024-10-15,32.58,32.85,34.18,31.86,124541.0,416298.991,0.9957562897847833,,0.0
2024-10-16,32.36,33.89,34.8,32.16,141412.22,482585.639,0.9958859829562152,,0.0
2024-10-17,33.89,34.0,35.08,33.57,130181.54,447359.107,0.9958992384299942,,0.0
2024-10-18,33.77,35.73,36.44,33.37,190790.59,672904.601,0.9960970170058544,,0.0
2024-10-21,36.31,38.45,39.32,36.14,298443.52,1146712.33,0.9963721171287898,,0.0
2024-10-22,38.31,36.37,38.31,36.13,238333.98,884821.647,0.9961654341276364,,0.0
2024-10-23,36.33,35.96,37.06,35.77,143620.0,524472.606,0.9961218836565096,,0.0
2024-10-24,35.16,35.68,35.95,34.86,89965.26,320168.831,0.9960915689558906,,0.0
2024-10-25,35.75,35.39,36.06,35.04,101276.0,361083.371,0.9960596678862932,,0.0
2024-10-28,38.37,37.47,38.66,36.36,226544.83,852312.522,0.9962775857484713,,0.0
2024-10-29,37.36,39.12,41.23,37.28,294992.42,1179373.825,0.9964340295466124,,0.0
2024-10-30,39.12,38.85,40.25,37.87,183970.17,719403.942,0.9964093357271095,,0.0
2024-10-31,38.07,42.75,42.75,38.04,275994.77,1151461.701,0.9967358358591746,,0.0
2024-11-01,44.86,42.02,47.04,41.61,379496.44,1686745.588,0.9966793168880456,,0.0
2024-11-04,41.04,43.71,44.31,41.04,263971.67,1142950.328,0.9968072976054732,,0.0
2024-11-05,43.46,45.09,45.76,42.9,225862.75,1003505.054,0.996904709263763,,0.0
2024-11-06,45.66,47.23,49.61,43.58,310365.06,1448846.292,0.9970445429596791,,0.0
2024-11-07,47.11,46.04,47.11,44.47,184012.94,838920.68,0.9971843188217456,,0.0
2024-11-08,45.95,47.62,49.12,45.95,179791.53,857602.43,0.9972774869109948,,0.0
2024-11-11,48.9,52.26,52.37,48.67,223529.66,1146841.28,0.9975186104218362,,0.0
2024-11-12,50.88,52.27,54.17,50.56,187539.03,979278.633,0.9975190839694656,,0.0
2024-11-13,51.87,50.81,51.87,48.6,147009.33,739852.533,0.997447978013349,,0.0
2024-11-14,50.48,47.27,50.48,47.08,147364.11,713047.509,0.9972573839662446,,0.0
2024-11-15,46.36,43.34,46.97,43.32,169387.98,761022.172,0.9970094317920404,,0.0
2024-11-18,42.9,40.46,43.77,40.07,132137.0,547604.604,0.9967972406996796,,0.0
2024-11-19,40.89,42.35,42.47,40.57,127168.0,530141.316,0.996939736346516,,0.0
2024-11-20,41.95,42.81,43.21,41.69,113756.07,486959.207,0.9969725197950629,,0.0
2024-11-21,42.76,44.63,45.87,42.37,146753.28,650613.881,0.9970956210902592,,0.0
2024-11-22,44.19,41.63,44.37,41.59,120461.13,519800.861,0.9968869731800766,,0.0
2024-11-25,41.63,41.13,42.17,39.86,97592.49,399596.884,0.9968492486669898,,0.0
2024-11-26,41.28,40.51,41.65,40.25,62067.0,254665.567,0.9968011811023622,,0.0
2024-11-27,40.05,41.48,41.49,38.9,87396.08,352024.989,0.996875751021389,,0.0
2024-11-28,41.55,40.68,41.95,40.58,77911.0,321945.354,0.9968145062484683,,0.0
2024-11-29,40.37,41.42,42.15,40.05,88634.83,366285.535,0.9968712394705174,,0.0
2024-12-02,41.49,43.06,43.12,40.95,109102.36,462008.93,0.9969900439916648,,0.0
2024-12-03,43.88,45.19,47.05,43.1,188643.46,844964.59,0.9971315092674315,,0.0
2024-12-04,45.43,44.28,46.87,43.93,125168.0,569426.699,0.9970727313668092,,0.0
2024-12-05,44.03,43.92,44.37,43.27,83715.5,367157.8,0.9970488081725312,,0.0
2024-12-06,44.13,43.55,44.16,42.67,69899.9,304125.899,0.9970238095238094,,0.0
2024-12-09,43.25,42.57,43.67,42.2,56284.0,241821.814,0.9969555035128804,,0.0
2024-12-10,44.26,42.71,44.26,42.7,75686.73,329550.113,0.9969654528478056,,0.0
2024-12-11,42.37,43.2,43.22,41.97,68929.62,295030.537,0.9969997692130164,,0.0
2024-12-12,43.27,42.81,43.45,42.58,51970.0,223592.286,0.9969725197950629,,0.0
2024-12-13,42.75,40.99,42.75,40.87,76538.0,319371.976,0.996838521400778,,0.0
2024-12-16,41.0,40.26,41.21,39.88,52894.9,214991.027,0.9967813815300816,,0.0
2024-12-17,39.87,38.78,40.43,38.74,63246.89,250051.33,0.9966589565664352,,0.0
2024-12-18,38.55,39.27,39.73,38.3,51737.0,203293.651,0.9967005076142132,,0.0
2024-12-19,38.75,39.97,40.21,38.2,57011.0,225659.238,0.9967581047381544,,0.0
2024-12-20,39.77,41.01,41.67,39.69,67933.0,278775.0,0.9968400583373844,,0.0
2024-12-23,40.52,39.45,40.91,39.2,55066.36,221024.254,0.9967155128852956,,0.0
2024-12-24,39.85,39.68,39.87,38.63,41939.38,165247.837,0.996734488821904,,0.0
2024-12-25,39.63,39.06,40.19,38.97,42974.03,170080.958,0.99668282725185,,0.0
2024-12-26,39.07,39.24,39.72,38.95,40596.61,160372.305,0.9966979933959867,,0.0
2024-12-27,39.38,39.67,40.46,39.27,62133.21,248913.534,0.9967336683417084,,0.0
2024-12-30,39.78,39.21,39.78,38.65,38408.0,151432.62,0.9966954753431622,,0.0
2024-12-31,39.2,37.59,39.34,37.52,53020.21,203341.079,0.9965535524920466,,0.0
2025-01-02,37.55,36.38,38.04,36.0,56104.0,208517.191,0.996439331689948,,0.0
2025-01-03,36.38,34.75,36.77,34.72,50961.0,182111.472,0.9962729357798163,,0.0
2025-01-06,35.169999999999995,35.36,37.17,34.98,63215.0,227358.367,0.9963369963369962,,0.0
2025-01-07,35.27,35.94,35.98,35.09,46018.4,164344.756,0.9963958968672024,,0.0
2025-01-08,35.97,36.43,36.77,34.75,65657.0,237353.395,0.9964442013129102,,0.0
2025-01-09,35.89,36.22,36.67,35.89,43738.0,159410.168,0.996423658872077,,0.0
2025-01-10,36.14,35.75,37.52,35.75,63187.0,233329.229,0.9963768115942028,,0.0
2025-01-13,35.07,38.14,39.27,34.89,114235.49,428078.549,0.9966030833551084,,0.0
2025-01-14,37.78,39.47,39.49,37.71,96080.4,372701.771,0.9967171717171716,,0.0
2025-01-15,39.37,38.8,39.37,38.75,47873.49,187191.236,0.9966606730028256,,0.0
2025-01-16,39.18,38.82,40.28,38.5,60545.0,239248.207,0.9966623876765084,,0.0
2025-01-17,38.62,39.21,39.82,38.37,56964.0,224080.882,0.9966954753431622,,0.0
2025-01-20,39.24,38.71,39.5,38.53,51828.0,201851.245,0.9966529351184346,,0.0
2025-01-21,38.87,39.04,39.09,38.25,39945.17,155069.095,0.9966811335205514,,0.0
2025-01-22,39.02,38.37,39.15,38.13,36055.56,139256.514,0.9966233766233764,,0.0
2025-01-23,38.8,38.24,39.4,38.23,51368.17,200667.736,0.9966119364086524,,0.0
2025-01-24,38.27,38.37,38.55,37.87,45881.0,176174.878,0.9966233766233764,,0.0
2025-01-27,38.42,37.16,38.66,37.16,34140.0,129351.097,0.9965138106731026,,0.0
2025-02-05,37.67,38.12,38.43,37.57,42619.0,163188.876,0.9966013071895424,,0.0
2025-02-06,37.94,39.98,40.36,37.81,73864.08,293001.124,0.9967589129892794,,0.0
2025-02-07,39.67,40.07,40.92,39.48,90288.06,364435.593,0.9967661691542288,,0.0
2025-02-10,40.11,41.17,41.26,39.79,82670.3,337092.63,0.9968523002421308,,0.0
2025-02-11,41.07,40.6,41.35,40.1,60762.54,248506.097,0.9968082494475816,,0.0
2025-02-12,40.36,40.94,41.02,40.19,51861.0,211370.311,0.996834672510348,,0.0
2025-02-13,40.96,39.62,40.96,39.58,52145.06,209338.587,0.9967295597484276,,0.0
2025-02-14,39.52,39.23,39.78,38.97,48409.79,190427.212,0.9966971544715446,,0.0
2025-02-17,39.27,39.59,40.26,39.17,48344.32,192214.158,0.9967270896273916,,0.0
2025-02-18,39.67,40.17,41.49,39.37,115564.17,468958.047,0.996774193548387,,0.0
2025-02-19,40.37,41.17,41.31,39.97,93091.66,381477.124,0.9968523002421308,,0.0
2025-02-20,41.59,41.66,42.09,40.77,96419.0,401838.214,0.9968892079444842,,0.0
2025-02-21,41.07,42.18,42.84,41.07,105160.79,443466.681,0.996927440321437,,0.0
2025-02-24,42.42,42.62,43.55,41.91,119272.0,511776.596,0.9969590643274852,,0.0
2025-02-25,41.87,43.27,44.32,41.29,136209.92,585657.483,0.9970046082949308,,0.0
2025-02-26,42.95,42.82,43.23,42.16,85844.0,367722.505,0.9969732246798604,,0.0
2025-02-27,42.77,41.64,42.77,40.88,75777.06,316860.018,0.9968877184582235,,0.0
2025-02-28,41.45,38.87,41.73,38.47,89164.96,356439.006,0.9966666666666666,,0.0
2025-03-03,38.67,39.23,40.06,38.16,66473.73,261353.431,0.9966971544715446,,0.0
2025-03-04,38.85,40.37,40.68,38.61,72242.9,288467.526,0.99679012345679,,0.0
2025-03-05,39.89,40.16,41.33,39.64,56528.0,228187.969,0.9967733929014644,,0.0
2025-03-06,40.81,40.32,41.03,40.22,71733.4,292359.649,0.9967861557478368,,0.0
2025-03-07,39.87,39.39,40.02,39.18,62167.51,246696.451,0.9967105263157894,,0.0
2025-03-10,40.1,41.38,42.27,40.1,124478.55,514597.568,0.996868224524211,,0.0
2025-03-11,40.4,41.04,41.23,40.21,78439.6,320499.955,0.9968423609424336,,0.0
2025-03-12,41.31,41.36,41.8,41.09,83215.8,346672.988,0.9968667148710532,,0.0
2025-03-13,41.35,40.01,41.36,39.51,67744.61,273501.542,0.9967613353263576,,0.0
2025-03-14,39.86,40.19,40.35,39.47,44219.3,177578.005,0.9967757936507936,,0.0
2025-03-17,40.24,40.06,40.35,39.83,32766.01,131993.163,0.9967653645185368,,0.0
2025-03-18,40.13,39.84,40.33,39.67,39998.27,160153.465,0.9967475606705029,,0.0
2025-03-19,39.59,39.06,39.7,38.92,42399.0,166858.469,0.99668282725185,,0.0
2025-03-20,39.07,39.22,39.65,38.81,37711.49,148580.722,0.9966963151207116,,0.0
2025-03-21,39.45,38.24,40.05,38.22,54285.59,212540.402,0.9966119364086524,,0.0
2025-03-24,38.24,38.17,38.44,37.07,48854.08,185670.942,0.9966057441253264,,0.0
2025-03-25,37.87,40.49,42.0,37.79,161490.29,656120.78,0.9967996061053668,,0.0
2025-03-26,40.32,40.88,41.76,39.64,135099.58,552360.521,0.996830041453304,,0.0
2025-03-27,42.53,44.09,44.98,40.57,371022.64,1619756.537,0.9970601537765716,,0.0
2025-03-28,45.07,44.91,48.51,44.89,428893.38,2007557.422,0.997113676731794,,0.0
2025-03-31,44.89,45.31,48.26,43.68,342575.58,1585112.661,0.9971390845070424,,0.0
2025-04-01,43.87,44.87,47.37,43.85,259158.45,1173307.388,0.9971111111111112,,0.0
2025-04-02,44.88,42.39,45.31,42.17,211545.47,911827.593,0.996942615239887,,0.0
2025-04-03,41.37,40.08,42.11,39.52,159655.0,652545.055,0.996766973389704,,0.0
2025-04-07,37.37,37.32,41.67,36.4,215831.41,836149.959,0.99652870493992,,0.0
2025-04-08,38.27,36.85,38.82,35.72,172037.74,641927.9,0.9964845862628448,,0.0
2025-04-09,35.9,38.99,40.04,33.83,213793.54,811675.591,0.9966768916155418,,0.0
2025-04-10,39.24,39.32,40.46,38.98,164283.0,655441.95,0.9967046894803548,,0.0
2025-04-11,38.87,40.01,40.84,38.53,148704.44,597575.805,0.9967613353263576,,0.0
2025-04-14,40.87,40.27,40.96,40.12,111147.0,451584.346,0.9967821782178216,,0.0
2025-04-15,39.87,39.58,40.47,39.15,72450.0,287557.327,0.9967262654243264,,0.0
2025-04-16,39.46,39.05,40.52,38.61,85400.26,339389.955,0.996681980602348,,0.0
2025-04-17,38.62,39.08,40.17,38.62,78672.26,312151.889,0.996684519255292,,0.0
2025-04-18,38.77,38.67,39.33,37.95,61507.0,237467.923,0.9966494845360824,,0.0
2025-04-21,38.96,39.11,39.12,38.62,42635.0,166716.896,0.9966870540265036,,0.0
2025-04-22,38.88,38.98,39.67,38.29,88685.0,346926.011,0.9966760419330094,,0.0
2025-04-23,39.06,38.67,39.2,38.55,67545.0,262823.03,0.9966494845360824,,0.0
2025-04-24,38.75,37.79,38.87,37.68,62234.0,237692.674,0.996571729957806,,0.0
2025-04-25,37.79,38.11,38.67,37.59,46617.0,178191.203,0.9966004184100418,,0.0
2025-04-28,37.97,37.47,38.15,37.43,41454.0,156883.826,0.9965425531914892,,0.0
2025-04-29,37.27,37.09,37.44,36.74,43272.0,161248.426,0.9965072541644276,,0.0
2025-04-30,37.25,37.72,37.94,37.17,44445.0,168093.73,0.996565389696169,,0.0
2025-05-06,37.97,38.67,38.67,37.97,56638.35,218573.373,0.9966494845360824,,0.0
2025-05-07,42.55,42.55,42.55,42.55,56411.0,240762.148,0.996954076850984,,0.0
2025-05-08,46.82,46.82,46.82,46.82,30808.0,144643.56,0.997231096911608,,0.0
2025-05-09,49.37,51.52,51.52,48.39,634257.1,3214484.213,0.9974830590513069,,0.0
2025-05-12,49.87,50.37,50.87,48.67,439800.57,2192365.208,0.9974257425742574,,0.0
2025-05-13,49.87,45.32,49.97,45.32,428533.49,2010147.445,0.9971397139713972,,0.0
2025-05-14,46.69,45.78,47.17,44.93,309138.26,1430970.966,0.9971683729035068,,0.0
2025-05-15,45.41,45.57,46.87,45.12,205820.0,948672.178,0.9971553610503282,,0.0
2025-05-16,44.92,45.25,45.86,44.88,140887.24,641222.419,0.997135301895108,,0.0
2025-05-19,45.01,44.29,45.35,43.47,124136.0,549259.05,0.9970733903647006,,0.0
2025-05-20,44.15,44.09,44.75,43.84,94240.0,417765.119,0.9970601537765716,,0.0
2025-05-21,43.87,43.98,44.31,43.0,119311.0,522118.706,0.9970528224892314,,0.0
2025-05-22,43.7,42.68,44.02,42.52,115822.0,502245.36,0.9969633263256248,,0.0
2025-05-23,42.68,42.31,43.27,42.24,84992.0,364056.059,0.9969368520263902,,0.0
2025-05-26,43.91,43.47,44.3,42.93,173914.3,760061.463,0.9970183486238532,,0.0
2025-05-27,43.05,43.62,45.25,42.89,177035.22,785401.6,0.9970285714285714,,0.0
2025-05-28,43.32,42.17,43.32,42.07,106662.01,454453.375,0.9969267139479904,,0.0
2025-05-29,41.89,43.31,43.87,41.89,97698.97,420991.953,0.9970073664825044,,0.0
2025-05-30,43.17,42.43,43.27,42.22,60715.02,259393.51,0.9969454887218044,,0.0
2025-06-03,42.35,42.77,43.04,42.32,56821.0,243992.988,0.996969696969697,,0.0
2025-06-04,42.78,43.51,43.84,42.44,80894.02,351867.55,0.9970210815765352,,0.0
2025-06-05,43.54,44.12,44.36,43.23,102379.0,451734.062,0.9970621468926552,,0.0
2025-06-06,44.07,43.57,44.18,43.41,62145.91,272238.893,0.997025171624714,,0.0
2025-06-09,43.67,43.79,44.02,43.16,68109.13,297976.819,0.9984040127678978,,0.0
2025-06-10,43.81,42.67,43.85,41.98,81389.7,348104.753,0.9983621899859616,,0.0
2025-06-11,42.63,42.61,42.98,42.39,43307.16,185108.167,0.9983598875351452,,0.0
2025-06-12,42.3,42.73,42.99,42.15,48805.0,208946.644,0.9983644859813084,,0.0
2025-06-13,42.52,42.64,43.18,42.13,79482.0,340017.511,0.9983610395691876,,0.0
2025-06-16,42.4,43.04,43.43,42.2,59495.3,256161.271,0.9983762468104848,,0.0
2025-06-17,43.04,42.27,43.08,42.03,52385.94,222303.678,0.9983467170524328,,0.0
2025-06-18,42.07,42.53,42.79,41.95,41320.91,175592.003,0.998356807511737,,0.0
2025-06-19,43.16,42.51,43.68,42.43,85442.38,369318.434,0.9983560356975104,,0.0
2025-06-20,43.28,44.25,45.03,42.74,150248.45,661091.166,0.9984205776173284,,0.0
2025-06-23,43.93,46.11,46.53,43.18,184061.26,840343.744,0.998484192291035,,0.0
2025-06-24,45.61,45.63,46.03,44.98,132095.38,602857.512,0.998468271334792,,0.0
2025-06-25,45.71,46.89,47.16,44.98,150262.29,693817.215,0.9985093696763204,,0.0
2025-06-26,46.48,45.17,46.9,45.12,119981.98,554642.98,0.9984526967285589,,0.0
2025-06-27,45.18,45.03,45.6,44.85,73251.25,331267.48,0.9984478935698448,,0.0
2025-06-30,46.08,47.23,48.42,46.08,158138.29,749413.918,0.998520084566596,,0.0
2025-07-01,47.33,47.83,48.81,46.79,145236.29,696283.443,0.9985386221294364,,0.0
2025-07-02,47.26,45.81,47.38,45.38,125538.98,581167.952,0.9984742807323452,,0.0
2025-07-03,45.41,45.33,46.04,45.13,61568.0,280029.076,0.9984581497797356,,0.0
2025-07-04,45.09,44.96,45.64,44.6,59073.0,266590.434,0.998445480790584,,0.0
2025-07-07,45.04,44.91,45.41,44.53,42622.0,191687.463,0.9984437527790128,,0.0
2025-07-08,44.89,45.51,45.55,44.76,55358.0,251309.569,0.9984642387011848,,0.0
2025-07-09,45.52,44.74,45.55,44.61,48789.0,220250.089,0.9984378486944878,,0.0
2025-07-10,45.55,44.85,45.67,44.43,39330.27,177014.565,0.9984416740872664,,0.0
2025-07-11,44.49,45.3,45.77,44.35,53563.0,241817.066,0.998457130262288,,0.0
2025-07-14,45.07,45.48,46.01,45.0,53687.0,245011.73,0.998463227222832,,0.0
2025-07-15,45.23,43.84,45.41,43.81,70218.0,313143.11,0.9984058301070372,,0.0
2025-07-16,43.83,44.33,45.82,43.82,61014.0,272955.232,0.9984234234234234,,0.0
2025-07-17,44.23,46.08,46.85,44.04,109622.27,500411.247,0.9984832069339112,,0.0
2025-07-18,45.95,46.69,46.74,45.38,84684.98,389801.174,0.998502994011976,,0.0
2025-07-21,45.43,46.16,46.7,44.93,94708.94,434104.138,0.99848583171101,,0.0
2025-07-22,46.12,45.56,46.42,45.33,65628.04,301290.261,0.9984659215428446,,0.0
2025-07-23,45.37,45.9,47.06,44.93,86159.02,395513.704,0.998477267783337,,0.0
2025-07-24,45.87,47.33,47.43,45.67,123830.22,581743.163,0.9985232067510548,,0.0
2025-07-25,47.34,49.08,49.53,46.86,160160.77,771250.0,0.9985757884028484,,0.0
2025-07-28,48.45,48.78,49.8,47.94,98528.6,481339.95,0.9985670419651996,,0.0
2025-07-29,48.69,49.91,50.23,48.3,118151.69,585140.144,0.9985994397759104,,0.0
2025-07-30,49.5,47.98,49.52,47.73,104531.81,508209.404,0.9985431841831426,,0.0
2025-07-31,47.85,47.51,48.77,47.21,81779.84,392090.181,0.9985287936107607,,0.0
2025-08-01,47.66,46.83,47.66,46.61,48626.24,228846.425,0.9985074626865672,,0.0
2025-08-04,46.74,48.65,48.94,46.68,80157.94,385065.782,0.9985632183908046,,0.0
2025-08-05,48.43,49.82,50.73,48.07,130934.78,652620.942,0.99859691320906,,0.0
2025-08-06,49.53,49.88,50.52,49.53,97570.68,489045.054,0.9985985985985986,,0.0
2025-08-07,49.98,50.72,51.15,49.57,94025.62,472672.129,0.9986217759401456,,0.0
2025-08-08,50.53,49.93,52.25,49.6,88722.09,447378.697,0.9986,,0.0
2025-08-11,49.81,49.13,50.03,48.93,75556.28,373333.726,0.9985772357723576,,0.0
2025-08-12,49.03,51.12,51.43,48.67,138213.78,696103.91,0.9986325454190272,,0.0
2025-08-13,51.12,51.93,52.45,50.62,111745.8,577593.787,0.998653846153846,,0.0
2025-08-14,51.94,50.59,52.38,50.59,73937.94,381176.143,0.9986182392420055,,0.0
2025-08-15,50.6,52.93,53.11,50.6,90011.68,470125.201,0.9986792452830188,,0.0
2025-08-18,53.51,55.66,55.86,52.83,123658.35,677596.91,0.9987439440157904,,0.0
2025-08-19,54.73,54.53,56.06,54.13,82840.92,454737.131,0.9987179487179488,,0.0
2025-08-20,54.1,57.24,57.27,53.56,121245.5,680411.878,0.998778572674926,,0.0
2025-08-21,56.93,55.97,58.43,55.21,92762.91,522963.72,0.9987508922198428,,0.0
2025-08-22,55.98,57.05,58.14,55.59,92895.72,529730.172,0.9987745098039216,,0.0
2025-08-25,56.74,55.42,56.94,54.63,139218.79,772427.323,0.9987385114435032,,0.0
2025-08-26,54.93,53.82,55.39,53.76,97316.89,531048.932,0.9987010577101504,,0.0
2025-08-27,53.69,52.84,55.23,52.81,91367.59,495902.659,0.9986769986769988,,0.0
2025-08-28,52.84,54.95,55.18,52.84,94250.18,511702.25,0.9987277353689568,,0.0
2025-08-29,54.4,54.18,54.89,53.54,56731.43,306746.077,0.9987096774193548,,0.0
2025-09-01,54.38,54.09,54.86,53.19,58665.05,316671.317,0.9987075332348596,,0.0
2025-09-02,54.15,51.43,54.62,50.67,110563.69,577522.196,0.9986407766990292,,0.0
2025-09-03,52.07,51.21,53.13,50.89,82280.45,428164.574,0.998634945397816,,0.0
2025-09-04,50.22,47.44,51.21,46.42,109620.36,534156.275,0.9985266259734792,,0.0
2025-09-05,47.44,49.96,49.99,46.93,79415.53,388121.119,0.9986008394963022,,0.0
2025-09-08,49.98,49.68,50.33,49.08,61853.84,307653.329,0.9985929648241206,,0.0
2025-09-09,49.56,48.34,49.83,48.04,45136.11,220481.799,0.9985540177649246,,0.0
2025-09-10,48.25,48.01,48.98,47.82,45153.51,218164.801,0.9985440931780366,,0.0
2025-09-11,47.9,49.32,49.4,47.68,52935.0,258885.117,0.998582709050415,,0.0
2025-09-12,49.31,49.38,50.11,48.79,46899.93,232955.817,0.9985844287158746,,0.0
2025-09-15,49.59,49.88,50.8,49.44,68821.53,345744.98,0.9985985985985986,,0.0
2025-09-16,50.13,50.49,51.03,49.53,64032.51,324038.995,0.998615506329114,,0.0
2025-09-17,52.31,55.55,55.55,51.81,109303.0,592765.324,0.9987414599065084,,0.0
2025-09-18,56.55,56.78,58.23,55.55,246029.65,1399573.941,0.998768689533861,,0.0
2025-09-19,56.5,58.15,60.35,55.13,201157.51,1173414.65,0.9987976640329784,,0.0
2025-09-22,58.05,57.69,58.12,56.23,115674.04,665201.855,0.9987880886426592,,0.0
2025-09-23,57.37,56.47,57.69,54.51,131093.57,732562.705,0.9987619384506544,,0.0
2025-09-24,56.74,58.52,59.93,56.05,192568.6,1129722.265,0.998805256869773,,0.0
2025-09-25,57.88,57.77,58.81,57.7,104294.42,607245.537,0.998789764868603,,0.0
2025-09-26,56.94,56.76,58.28,56.59,74117.72,424567.261,0.9987682562027098,,0.0
2025-09-29,56.25,56.68,57.18,55.82,61173.67,345368.924,0.9987665198237884,,0.0
2025-09-30,56.75,57.58,58.18,56.5,77629.3,446146.807,0.9987857762359064,,0.0
2025-10-09,57.18,55.93,57.37,55.38,90823.17,511368.922,0.99875,,0.0
2025-10-10,55.95,58.07,58.43,54.79,142374.53,809552.355,0.9987960096319228,,0.0
2025-10-13,61.73,63.88,63.88,60.49,114261.24,723465.519,0.9989053948397184,,0.0
2025-10-14,68.92,67.69000000000001,70.28,66.80000000000001,392495.07,2697896.367,0.9989669421487604,,0.0
2025-10-15,64.93,60.91,64.94000000000001,60.91,251084.11,1543611.545,0.9988520826500492,,0.0
2025-10-16,58.23,58.46,59.15,57.42,182264.74,1063182.564,0.9988040321202802,,0.0
2025-10-17,57.93,55.31,58.32,55.03,123779.71,699605.196,0.9987360057782592,,0.0
2025-10-20,56.06,55.19,56.43,54.76,86013.05,477455.016,0.9987332609482448,,0.0
2025-10-21,55.43,55.8,55.98,54.73,66825.91,371157.222,0.9987470914623232,,0.0
2025-10-22,55.3,54.63,55.72,54.51,60930.67,335370.991,0.9987202925045704,,0.0
2025-10-23,54.32,54.44,54.63,53.36,59965.89,323129.996,0.998715831957439,,0.0
2025-10-24,54.69,55.63,55.93,54.54,77166.91,428341.111,0.9987432675044884,,0.0
2025-10-27,55.63,55.42,56.58,55.28,84922.49,474007.651,0.9987385114435032,,0.0
2025-10-28,55.53,54.43,55.58,53.93,80644.05,442311.212,0.9987155963302752,,0.0
2025-10-29,54.8,55.49,55.66,54.24,72480.89,398918.79,0.9987401007919366,,0.0
2025-10-30,55.12,53.67,55.31,53.57,68007.92,368948.604,0.9986974320803872,,0.0
2025-10-31,53.43,53.09,53.93,52.94,44882.47,239582.383,0.998683220466516,,0.0
2025-11-03,52.93,52.97,53.63,52.38,47097.86,249257.41,0.9986802413273002,,0.0
2025-11-04,52.93,52.63,53.71,52.07,45203.64,239758.727,0.9986717267552182,,0.0
2025-11-05,51.93,53.26,53.38,51.81,43477.15,229297.838,0.9986874179636228,,0.0
2025-11-06,53.23,53.26,53.33,52.53,33469.94,177728.89,0.9986874179636228,,0.0
2025-11-07,52.93,52.11,53.01,52.01,37851.34,198295.4,0.9986584898428515,,0.0
2025-11-10,52.09,51.55,52.29,51.18,35727.11,184465.319,0.998643936458737,,0.0
2025-11-11,51.59,51.08,51.98,51.02,22981.03,118338.242,0.9986314760508308,,0.0
2025-11-12,51.03,50.94,51.46,50.33,31314.1,159497.657,0.9986277200548912,,0.0
2025-11-13,50.98,51.27,51.53,50.76,21271.13,108879.975,0.9986365407089988,,0.0
2025-11-14,50.91,50.27,51.28,50.27,25457.22,129487.19,0.9986094557012316,,0.0
2025-11-17,50.48,50.53,50.93,50.14,24413.73,123466.059,0.9986166007905138,,0.0
2025-11-18,50.81,50.75,51.33,50.06,36083.68,183533.933,0.9986225895316804,,0.0
2025-11-19,50.32,50.64,51.21,50.29,33867.0,172337.013,0.998619601656478,,0.0
2025-11-20,50.65,49.98,51.18,49.77,35913.7,181212.997,0.9986013986013986,,0.0
2025-11-21,49.23,48.94,49.91,48.73,38337.0,188914.29,0.9985717200571312,,0.0
2025-11-24,48.97,50.09,50.29,48.97,36499.44,182016.426,0.9986044657097288,,0.0
2025-11-25,50.1,50.79,51.36,50.08,47175.61,240450.941,0.9986236728273692,,0.0
2025-11-26,50.63,50.53,50.95,50.37,31023.67,157274.504,0.9986166007905138,,0.0
2025-11-27,50.35,50.22,51.03,50.22,25973.98,131696.407,0.9986080731755816,,0.0
2025-11-28,49.99,51.08,51.1,49.99,36749.75,186818.857,0.9986314760508308,,0.0
2025-12-01,51.37,51.43,51.43,50.73,43654.03,223468.847,0.9986407766990292,,0.0
2025-12-02,51.44,50.35,51.46,50.2,37714.79,191191.627,0.9986116620388734,,0.0
2025-12-03,50.23,49.51,50.34,49.18,32587.59,161601.895,0.9985881403791852,,0.0
2025-12-04,49.43,49.84,50.09,49.23,22056.04,109772.413,0.9985974754558204,,0.0
2025-12-05,50.02,52.19,53.11,49.6,94355.53,489842.075,0.9986605434366628,,0.0
2025-12-08,52.34,53.29,53.43,52.34,66741.7,354698.644,0.998688155922039,,0.0
2025-12-09,52.93,52.73,53.69,52.59,45413.73,241465.267,0.9986742424242424,,0.0
2025-12-10,52.53,54.26,54.33,52.53,59363.77,317177.124,0.9987115773973864,,0.0
2025-12-11,54.87,53.61,55.91,53.48,71593.62,388789.31,0.9986959761549924,,0.0
2025-12-12,53.53,53.66,53.9,52.73,56965.74,304426.1,0.9986971896519636,,0.0
2025-12-15,53.59,52.96,54.09,52.89,42622.21,227833.763,0.9986799924570996,,0.0
2025-12-16,52.79,52.15,52.85,51.13,53527.91,278302.62,0.9986595174262736,,0.0
2025-12-17,51.85,51.93,52.16,50.47,44258.99,227113.922,0.998653846153846,,0.0
2025-12-18,56.93,57.13,57.13,56.93,69089.06,395054.581,0.9987762237762238,,0.0
2025-12-19,55.7,57.01,58.53,54.44,223544.55,1258497.961,0.9987736510161176,,0.0
2025-12-22,56.72,59.42,59.43,56.15,190696.43,1111188.68,0.9988233316523786,,0.0
2025-12-23,58.53,57.62,59.33,57.47,123864.06,721040.378,0.998786618131392,,0.0
2025-12-24,57.04,57.64,58.38,56.57,82759.88,474433.765,0.9987870386414832,,0.0
2025-12-25,57.64,58.79,59.41,56.73,110646.79,642091.641,0.9988107373428474,,0.0
2025-12-26,59.28,60.88,63.93,57.12,192028.62,1151944.259,0.9988515176374078,,0.0
2025-12-29,59.93,58.98,59.94,58.39,123952.99,734355.085,0.9988145639288738,,0.0
2025-12-30,58.36,57.11,58.91,56.93,108501.49,627036.642,0.9987757957327736,,0.0
2025-12-31,57.11,58.32,58.81,56.63,93359.48,540242.579,0.9988011645829764,,0.0
2026-01-05,58.56,60.44,60.53,58.02,120081.46,716777.814,0.9988431664187738,,0.0
2026-01-06,60.61,60.15,60.61,59.53,97116.41,582243.385,0.998837595483228,,0.0
2026-01-07,59.93,61.18,61.52,58.68,149689.27,905234.117,0.9988571428571428,,0.0
2026-01-08,60.39,62.23,63.31,59.81,140787.16,863073.691,0.998876404494382,,0.0
2026-01-09,62.21,62.66,63.88,61.19,175063.9,1096487.437,0.9988841064881236,,0.0
2026-01-12,62.98,67.83000000000001,68.93,61.43,229623.54,1503622.687,0.9989690721649486,,0.0
2026-01-13,66.45,61.67,66.7,61.04,187509.98,1175506.008,0.9988662131519276,,0.0
2026-01-14,61.94,59.26,63.22,58.93,179341.73,1091080.894,0.9988201584358672,,0.0
2026-01-15,58.68,59.37,59.61,57.23,110834.59,648123.695,0.9988223418573352,,0.0
2026-01-16,59.89,59.21,59.93,58.36,71170.25,421096.2,0.9988191632928476,,0.0
2026-01-19,58.94,58.12,59.43,57.98,59863.13,351053.197,0.9987970441656642,,0.0
2026-01-20,58.12,57.1,58.43,56.08,65329.14,372343.002,0.9987755815987406,,0.0
2026-01-21,56.65,58.01,59.07,56.23,82443.86,477166.521,0.9987947658402204,,0.0
2026-01-22,57.43,59.46,60.93,57.34,109515.26,646035.06,0.9988241222912816,,0.0
2026-01-23,59.01,61.81,63.16,58.34,147436.85,895528.966,0.998868778280543,,0.0
2026-01-26,62.43,57.98,62.5,57.98,113182.0,673516.468,0.9987941429801896,,0.0
2026-01-27,57.6,58.29,58.7,56.44,73074.98,420312.934,0.9988005483207676,,0.0
2026-01-28,57.92,56.21,58.3,55.99,87222.02,495792.475,0.9987562189054726,,0.0
2026-01-29,55.97,54.99,57.19,54.93,69073.44,385218.634,0.9987286596440248,,0.0
2026-01-30,54.99,54.34,55.28,53.14,55511.53,301731.412,0.9987134717882742,,0.0
2026-02-02,54.1,53.53,55.06,53.52,36298.02,197167.256,0.9986940298507464,,0.0
2026-02-03,54.22,54.93,55.02,53.53,41120.63,224871.429,0.9987272727272728,,0.0
2026-02-04,54.84,54.77,55.2,54.24,32177.08,176302.287,0.99872355944566,,0.0
2026-02-05,54.55,54.22,54.73,53.75,24430.81,132540.202,0.9987106281083072,,0.0
2026-02-06,53.77,53.74,54.51,53.33,30557.81,165384.121,0.998699126556402,,0.0
2026-02-09,54.43,54.84,55.01,54.1,26981.94,147743.911,0.9987251866690948,,0.0
2026-02-10,54.7,54.68,55.28,54.59,25641.8,140975.498,0.9987214611872146,,0.0
2026-02-11,54.61,54.13,55.05,53.93,24601.18,134293.355,0.9987084870848708,,0.0
2026-02-12,54.18,54.19,54.5,53.85,26650.92,144666.252,0.9987099152230005,,0.0
2026-02-13,53.94,53.93,54.76,53.87,25089.8,136524.062,0.9987037037037036,,0.0
2026-02-24,54.65,54.5,54.88,53.88,28167.0,153748.992,0.9987172439069084,,0.0
2026-02-25,54.74,55.16,55.42,54.43,35413.84,194979.299,0.9987325728770596,,0.0
2026-02-26,55.03,55.84,55.93,54.49,44377.0,246247.521,0.998747987837596,,0.0
2026-02-27,55.73,55.91,55.98,55.11,35155.45,195588.798,0.9987495534119328,,0.0
2026-03-02,55.83,56.78,56.93,55.3,63305.2,356496.734,0.998768689533861,,0.0
2026-03-03,57.11,53.38,57.11,53.33,55021.1,302674.647,0.9986903648269412,,0.0
2026-03-04,52.62,51.84,54.01,51.82,38804.77,204999.423,0.9986515122327104,,0.0
2026-03-05,52.73,52.88,53.91,52.54,36490.56,194098.234,0.998677998111426,,0.0
2026-03-06,53.83,53.4,54.13,52.99,27816.3,149198.585,0.99869085468487,,0.0
2026-03-09,52.5,51.63,52.74,50.75,38623.08,198956.376,0.9986460348162476,,0.0
2026-03-10,52.36,52.83,53.02,52.13,27693.99,146138.022,0.9986767485822308,,0.0
2026-03-11,53.03,52.34,53.59,52.32,27388.19,144908.384,0.9986643770272848,,0.0
2026-03-12,52.25,51.67,52.72,51.33,24683.72,128204.158,0.9986470815616544,,0.0
2026-03-13,51.49,50.95,51.92,50.83,20959.3,107858.851,0.998627989023912,,0.0
2026-03-16,51.92,51.48,51.92,50.39,23665.06,121011.379,0.9986420950533462,,0.0
2026-03-17,51.77,50.21,51.82,50.15,22613.0,115074.042,0.9986077963404932,,0.0
2026-03-18,50.61,51.01,51.21,49.88,25450.64,128653.284,0.9986296006264684,,0.0
2026-03-19,50.43,49.92,50.69,49.78,24574.0,123396.945,0.9985997199439888,,0.0
2026-03-20,50.13,49.43,51.27,49.43,32675.0,165086.165,0.9985858585858586,,0.0
2026-03-23,47.93,46.28,48.48,46.01,48402.32,228819.774,0.99848975188781,,0.0
2026-03-24,47.03,47.76,47.81,46.23,33220.23,156378.563,0.9985364833786328,,0.0
2026-03-25,48.4,48.94,50.01,48.28,31550.52,154159.374,0.9985717200571312,,0.0
2026-03-26,48.84,47.6,49.21,47.45,24849.0,119676.718,0.998531571218796,,0.0
2026-03-27,46.92,47.91,48.13,46.85,19208.0,91984.862,0.9985410587744894,,0.0
2026-03-30,47.1,48.08,48.33,47.06,20308.94,97129.967,0.998546209761163,,0.0
2026-03-31,48.04,47.05,48.41,47.05,21457.0,102462.103,0.9985144312393888,,0.0
2026-04-01,47.95,48.03,48.21,47.07,26800.0,128011.231,0.9985446985446984,,0.0
2026-04-02,47.73,46.64,48.19,46.37,23142.73,109100.719,0.9985013915649754,,0.0
2026-04-03,46.98,46.91,47.53,46.44,23715.5,111732.664,0.9985100042571308,,0.0
2026-04-07,47.53,47.93,48.81,47.2,30846.84,148251.302,0.9985416666666668,,0.0
2026-04-08,48.83,49.96,50.02,48.39,45470.54,224580.307,0.9986008394963022,,0.0
2026-04-09,49.62,51.31,52.58,49.38,64860.35,335686.931,0.9986376021798364,,0.0
2026-04-10,51.74,52.07,52.44,51.63,43853.39,228559.954,0.9986574606827772,,0.0
2026-04-13,51.57,51.4,52.56,51.33,28507.85,147301.516,0.9986399844569652,,0.0
2026-04-14,51.56,52.94,53.3,51.56,48956.98,257292.643,0.9986794944350122,,0.0
2026-04-15,53.5,52.43,53.53,52.29,31901.0,168228.395,0.9986666666666668,,0.0
2026-04-16,52.43,53.86,54.53,51.99,63454.82,338612.779,0.9987020211385128,,0.0
2026-04-17,55.07,56.06,57.93,54.94,138125.87,783374.028,0.9987528950650276,,0.0
2026-04-20,55.54,58.17,58.48,55.45,125032.5,715942.368,0.9987980769230768,,0.0
2026-04-21,58.21,63.99,63.99,57.91,239972.55,1493645.01,0.9989072744302216,,0.0
2026-04-22,63.940000000000005,64.69000000000001,65.51,63.41,228102.78,1472526.772,0.9989190858554664,,0.0
2026-04-23,65.21000000000001,61.8,65.29,61.61,121623.51,760377.356,0.998868595442056,,0.0
2026-04-24,61.33,59.99,61.87,59.86,100032.12,607370.6,0.9988344988344988,,0.0
2026-04-27,60.32,60.04,61.41,59.56,75028.62,453272.817,0.9988354683081018,,0.0
2026-04-28,61.05,60.91,62.42,60.53,117658.62,722464.242,0.9988520826500492,,0.0
2026-04-29,60.53,61.18,61.81,59.94,70795.91,433436.579,0.9988571428571428,,0.0
2026-04-30,61.01,60.99,61.51,60.04,66570.2,405515.249,0.9988535866360956,,0.0
2026-05-06,61.35,61.75,62.93,60.81,83543.9,518715.598,0.9988676803623424,,0.0
2026-05-07,61.93,62.68,63.0,61.13,78696.68,491156.809,0.9988844621513944,,0.0
2026-05-08,62.05,61.94,62.33,61.18,78218.0,483668.943,0.998871149814546,,0.0
2026-05-11,62.93,63.11,63.72,62.63,785262899.9999999,4969218640.0,0.99889205444761,,0.0
2026-05-12,63.12,63.88,63.92,62.48,69374.87,439448.691,0.9989053948397184,,0.0
2026-05-13,63.25,64.21000000000001,64.59,62.25,73933.55,471763.748,0.9989110143123834,,0.0
2026-05-14,64.83000000000001,62.94,64.83000000000001,62.75,58901.0,375297.671,0.9988890652277416,,0.0
2026-05-15,62.89,63.56,65.43,62.25,80613.4,515406.444,0.9988998899889988,,0.0
2026-05-18,63.23,63.53,64.2,62.32,51636.03,328063.286,0.9988993710691824,,0.0
2026-05-19,63.15,64.63000000000001,64.73,62.53,51565.21,329018.985,0.9989180834621332,,0.0
2026-05-20,63.99,67.05000000000001,67.89,63.84,105344.58,700810.551,0.9989570917759238,,0.0
2026-05-21,67.41000000000001,62.54,67.83000000000001,62.23,120768.28,789585.729,0.9988819677367832,,0.0
2026-05-22,62.65,65.13000000000001,65.48,62.43,76323.9,489316.307,0.9989263803680982,,0.0
2026-05-25,66.14,65.26,67.48,64.01,68991.71,449301.765,0.9989285167610592,,0.0
2026-05-26,64.82000000000001,62.13,64.82000000000001,60.83,90147.0,562240.449,0.9988745980707396,,0.0
2026-05-27,62.61,59.4,62.63,59.03,71272.72,432643.196,0.9988229359340844,,0.0
2026-05-28,58.88,60.27,60.92,58.0,57093.27,340149.793,1.0,,0.0
2026-05-29,60.21,55.75,60.88,55.46,68733.84,392248.84944,1.0,,0.0
2026-06-01,55.77,54.2,56.2,54.1,57781.0,317325.759,1.0,,0.0
2026-06-02,54.22,52.56,54.75,52.26,64189.25,339947.9595,1.0,,0.0
2026-06-03,52.6,53.79,55.0,52.6,57741.24,310433.07816,1.0,,0.0
2026-06-04,52.4,52.93,53.41,51.8,45729.64,240747.619,1.0,,0.0
2026-06-05,52.54,53.21,54.2,51.22,59739.0,317069.203,1.0,,0.0
2026-06-08,52.01,50.27,52.85,49.57,57439.0,292943.52012,1.0,,0.0
2026-06-09,50.64,51.7,51.85,50.05,51536.0,263991.226,1.0,,0.0
2026-06-10,51.12,50.59,52.29,50.3,50564.0,258030.867,1.0,,0.0
2026-06-11,50.2,51.88,52.9,50.07,67737.0,351627.042,1.0,,0.0
2026-06-12,52.86,52.94,55.12,52.18,81235.29,433426.66552,1.0,,0.0
2026-06-15,53.0,53.42,53.6,52.16,70492.92,373372.21946,1.0,,0.0
2026-06-16,53.0,55.47,56.55,52.52,98775.97,537557.28344,1.0,,0.0
2026-06-17,54.47,54.64,55.1,54.01,70518.74,384717.28643,1.0,,0.0
2026-06-18,54.45,54.0,54.69,53.8,56705.94,307000.06328,1.0,,0.0
2026-06-22,54.02,53.13,54.54,51.63,65375.91,345482.28813,1.0,,0.0
2026-06-23,52.45,52.62,54.37,51.76,55959.63,297164.67989,1.0,,0.0
2026-06-24,52.62,54.15,54.63,51.83,68386.48,366034.55872,1.0,,0.0
2026-06-25,54.6,53.5,54.6,51.9,75937.25,402180.25579,1.0,,0.0
2026-06-26,53.0,52.77,55.83,52.6,86650.63,467251.89331,1.0,,0.0
2026-06-29,52.7,53.01,55.4,50.77,91746.1,483580.58487,1.0,,0.0
2026-06-30,53.01,57.2,57.86,53.0,137580.85,767166.28144,1.0,,0.0
2026-07-01,57.89,57.7,59.18,57.08,102844.25,596835.41694,1.0,,0.0
2026-07-03,56.47,56.7,57.78,55.43,91410.0,518490.70129,1.0,,0.0
2026-07-06,56.8,54.58,56.97,52.9,92793.45,508125.8761,1.0,,0.0
2026-07-07,54.1,53.98,55.08,53.25,56972.43,308412.96669,1.0,,0.0
2026-07-08,53.8,51.83,53.97,50.8,66295.08,345908.89648,1.0,,0.0
2026-07-09,52.17,53.13,53.28,50.06,66640.38,344546.27064,1.0,,0.0
2026-07-10,53.13,54.93,57.85,52.91,127352.0,706549.50138,1.0,,0.0
2026-07-13,54.55,49.44,54.55,49.44,107359.0,550979.21831,1.0,,0.0
2026-07-14,49.29,47.58,49.9,46.06,84544.17,400757.27676,1.0,,0.0
2026-07-15,48.0,45.28,48.39,45.0,67219.49,310141.82384,1.0,,0.0
2026-07-16,44.89,43.36,45.33,43.0,69106.0,305124.72151,1.0,,0.0
2026-07-17,43.2,39.26,43.36,39.13,76540.15,315204.16394,1.0,,0.0
2026-07-20,39.96,37.87,40.87,36.82,89001.75,344832.36579,1.0,,0.0
2026-07-21,37.95,39.73,39.76,36.53,87098.95,335813.41536,1.0,,0.0
2026-07-22,39.12,38.68,40.0,38.51,65806.35,257768.8148,1.0,,0.0
2026-07-23,38.53,38.53,39.18,38.02,41957.53,161592.56367,1.0,,0.0
2026-07-24,37.93,38.05,38.87,37.53,39429.28,150906.72916,1.0,,0.0
2026-07-27,38.06,39.29,39.32,37.5,44027.18,170550.49381,1.0,,0.0
2026-07-28,43.22,43.22,43.22,43.22,35019.19,151352.93918,1.0,,0.0
2026-07-29,42.79,39.94,42.79,38.92,161914.94,643934.70602,1.0,,0.0
2026-07-30,38.83,39.88,40.8,38.83,117461.14,467118.99311,1.0,,0.0
2026-07-31,40.6,39.96,41.29,39.8,110266.45,446330.93854,1.0,,0.0
2026-08-03,39.41,39.08,39.79,38.82,69764.5,273305.05958,1.0,,0.0
2026-08-04,39.29,39.91,40.07,39.05,61533.41,244681.75595,1.0,,0.0
2026-08-05,39.91,41.92,42.48,39.7,103726.04,428529.64461,1.0,,0.0
2026-08-06,41.16,42.17,42.5,41.1,72820.97,305127.1965,1.0,,0.0
2026-08-07,41.93,42.45,42.51,41.25,70977.99,298300.03691,1.0,,0.0
2026-08-10,42.7,45.93,46.5,42.03,129017.81,565550.08728,1.0,,0.0
2026-08-11,44.38,44.5,45.5,44.26,110193.6,493119.92907,1.0,,0.0
2026-08-12,44.71,45.2,45.67,44.48,72605.53,328741.3655,1.0,3.0252,0.0
2026-08-13,45.74,44.15,45.99,44.13,67885.7,305063.9304,1.0,2.83,0.0
2026-08-14,44.6,44.89,45.0,44.18,49102.95,219183.37215,1.0,2.05,0.0
2026-08-17,45.49,45.99,46.04,45.07,68456.27,312454.10962,1.0,0.0,0.0
2026-08-18,45.88,46.22,46.37,45.52,57780.45,265856.05687,1.0,0.0,0.0
2026-08-19,46.0,43.49,46.19,43.3,71752.78,319453.50079,1.0,0.0,0.0
2026-08-20,44.11,42.8,44.39,42.51,47407.47,204505.35257,1.0,1.9753,1.9753
2026-08-21,42.6,42.94,43.25,41.86,35122.71,150080.45611,1.0,1.4634,1.4634
2026-08-24,42.94,42.9,43.25,42.08,37695.48,160702.4228,1.0,1.5706,1.5706
2026-08-25,42.6,42.7,42.94,41.51,32547.0,137920.13094,1.0,1.3561,1.3561
2026-08-26,42.82,42.75,43.25,42.19,32306.77,138243.34352,1.0,1.3461,1.3461
2026-08-27,42.5,43.56,43.83,42.5,39705.42,171771.27808,1.0,1.6544,1.6544
2026-08-28,43.28,42.64,43.94,42.63,49945.23,215131.20084,1.0,2.0811,2.0811
2026-08-31,42.17,43.42,43.52,42.01,42814.85,183303.13945,1.0,1.784,1.784
2026-09-01,43.36,41.78,43.36,41.7,44685.47,188545.35509,1.0,1.8619,1.8619
2026-09-02,41.51,41.85,42.07,40.91,34145.72,142094.248,1.0,1.4227,1.4227
2026-09-03,42.07,41.48,42.21,41.05,26478.12,110065.44793,1.0,1.1033,1.1033
2026-09-04,41.81,40.55,42.08,40.24,41450.25,170656.1343,1.0,1.7271,1.7271
2026-09-07,40.77,41.06,41.46,40.52,28840.06,118297.97824,1.0,1.2017,1.2017
2026-09-08,41.01,40.8,41.32,40.65,22242.71,91039.00069,1.0,0.9268,0.9268
2026-09-09,40.8,40.41,41.24,40.35,22886.52,93264.187,1.0,0.9536,0.9536
2026-09-10,40.26,40.0,40.57,39.88,22944.91,92141.4361,1.0,0.956,0.956
2026-09-11,39.82,39.5,39.89,38.71,28747.5,113038.753,1.0,1.1978,1.1978
2026-09-14,39.4,39.79,39.91,39.03,23228.69,91815.04304,1.0,0.9679,0.9679
2026-09-15,39.46,40.05,40.28,39.32,22719.0,90749.899,1.0,0.9466,0.9466
2026-09-16,40.04,41.84,42.13,39.7,44920.18,185394.68471,1.0,1.8717,1.8717
2026-09-17,41.55,41.37,42.2,41.08,30370.0,126004.92169,1.0,1.2654,1.2654
2026-09-18,41.79,42.74,43.39,41.6,52973.97,226705.10825,1.0,2.2072,2.2072
2026-09-21,42.57,42.6,43.09,42.35,35266.24,150452.5866,1.0,1.4694,1.4694
2026-09-22,42.97,45.15,45.53,42.97,90589.96,403120.15144,1.0,3.7746,3.7746
