date,open,close,high,low,volume,money,factor,turnover,turnover_free
2021-05-10,5.514999999999999,5.695,5.785,5.334999999999999,47928.29,42866.49,0.629281767955801,,0.0
2021-05-11,5.615,5.684999999999999,5.855,5.535,47946.12,43391.272,0.6288716814159291,,0.0
2021-05-12,5.615,5.895,5.924999999999999,5.465,52970.46,48499.901,0.6372972972972972,,0.0
2021-05-13,5.955,5.805,5.955,5.705,35054.86,32076.939,0.6337336244541484,,0.0
2021-05-14,5.885,5.924999999999999,5.955,5.764999999999999,32979.0,30364.014,0.6384698275862069,,0.0
2021-05-17,5.754999999999999,5.865,5.945,5.555,32823.66,30111.161,0.636117136659436,,0.0
2021-05-18,5.775,5.764999999999999,5.875,5.734999999999999,22792.99,20859.577,0.632127192982456,,0.0
2021-05-19,5.725,5.815,5.865,5.664999999999999,25878.7,23643.944,0.634133042529989,,0.0
2021-05-20,5.695,5.615,5.754999999999999,5.565,30537.16,27511.304,0.6259754738015607,,0.0
2021-05-21,5.594999999999999,5.475,5.625,5.445,42169.8,37392.499,0.6200453001132502,,0.0
2021-05-24,5.455,5.844999999999999,5.895,5.445,36970.01,33627.262,0.6353260869565217,,0.0
2021-05-25,5.844999999999999,5.895,5.945,5.754999999999999,18949.09,17445.505,0.6372972972972972,,0.0
2021-05-26,5.904999999999999,5.885,5.924999999999999,5.695,34983.37,32153.668,0.6369047619047619,,0.0
2021-05-27,5.834999999999999,5.844999999999999,5.885,5.744999999999999,21099.84,19351.34,0.6353260869565217,,0.0
2021-05-28,5.824999999999999,5.574999999999999,5.824999999999999,5.535,48581.5,43651.197,0.6243001119820828,,0.0
2021-05-31,5.734999999999999,5.754999999999999,5.865,5.654999999999999,42373.6,38652.224,0.6317233809001097,,0.0
2021-06-01,5.754999999999999,5.824999999999999,5.924999999999999,5.734999999999999,49373.8,45352.76,0.6345315904139432,,0.0
2021-06-02,5.805,5.754999999999999,5.945,5.684999999999999,49784.56,45642.633,0.6317233809001097,,0.0
2021-06-03,5.785,5.654999999999999,5.815,5.645,22213.28,20156.493,0.627635960044395,,0.0
2021-06-04,5.605,5.545,5.615,5.504999999999999,29916.52,26631.11,0.6230337078651685,,0.0
2021-06-07,5.545,5.565,5.594999999999999,5.334999999999999,49740.68,43788.091,0.6238789237668161,,0.0
2021-06-08,5.594999999999999,5.234999999999999,5.594999999999999,5.174999999999999,50711.97,41474.277,0.6470951792336217,,0.0
2021-06-09,5.184999999999999,5.074999999999999,5.254999999999999,5.074999999999999,36351.6,29081.453,0.6399747793190416,,0.0
2021-06-10,5.095000000000001,5.045,5.145,4.955,24834.3,19624.816,0.6386075949367088,,0.0
2021-06-11,5.045,4.904999999999999,5.074999999999999,4.875,26262.94,20487.686,0.6320876288659794,,0.0
2021-06-15,4.904999999999999,4.965,5.015000000000001,4.815,33861.93,26296.004,0.6349104859335037,,0.0
2021-06-16,4.945,4.805,4.965,4.775,25550.24,19683.598,0.627284595300261,,0.0
2021-06-17,4.835000000000001,4.705,4.865,4.6850000000000005,22090.33,16814.671,0.6223544973544974,,0.0
2021-06-18,4.725,4.775,4.815,4.6850000000000005,18425.02,13973.168,0.625819134993447,,0.0
2021-06-21,4.755000000000001,4.775,4.845000000000001,4.715,24543.33,18726.575,0.625819134993447,,0.0
2021-06-22,4.815,4.755000000000001,4.815,4.734999999999999,19066.85,14524.905,0.6248357424441525,,0.0
2021-06-23,4.775,4.755000000000001,4.795,4.625,21583.09,16302.471,0.6248357424441525,,0.0
2021-06-24,4.725,4.815,4.845000000000001,4.695,22499.39,17209.541,0.6277705345501955,,0.0
2021-06-25,4.865,4.865,4.875,4.765000000000001,15032.0,11542.743,0.6301813471502591,,0.0
2021-06-28,4.855,4.785,4.865,4.755000000000001,17039.0,13032.755,0.6263089005235603,,0.0
2021-06-29,4.775,4.855,4.965,4.705,29449.57,22653.979,0.6297016861219197,,0.0
2021-06-30,4.914999999999999,4.885,4.945,4.795,21023.42,16219.234,0.6311369509043927,,0.0
2021-07-01,4.885,4.875,4.9350000000000005,4.805,19798.53,15302.911,0.630659767141009,,0.0
2021-07-02,4.855,4.845000000000001,4.914999999999999,4.744999999999999,21649.95,16596.826,0.6292207792207792,,0.0
2021-07-05,4.845000000000001,4.755000000000001,4.855,4.695,16603.71,12616.391,0.6248357424441525,,0.0
2021-07-06,4.775,4.744999999999999,4.795,4.675000000000001,12489.0,9476.082,0.6243421052631578,,0.0
2021-07-07,4.744999999999999,4.815,4.824999999999999,4.725,13165.2,10054.688,0.6277705345501955,,0.0
2021-07-08,4.815,4.775,4.835000000000001,4.715,17361.0,13249.044,0.625819134993447,,0.0
2021-07-09,4.734999999999999,4.755000000000001,4.775,4.695,13141.0,9960.588,0.6248357424441525,,0.0
2021-07-12,4.775,4.955,5.065,4.775,28795.16,22422.889,0.6344430217669654,,0.0
2021-07-13,4.945,4.904999999999999,4.975,4.855,11915.0,9239.017,0.6320876288659794,,0.0
2021-07-14,4.904999999999999,5.095000000000001,5.135,4.815,28973.07,22797.399,0.6408805031446542,,0.0
2021-07-15,5.045,5.125,5.135,4.984999999999999,13650.0,10816.972,0.6422305764411027,,0.0
2021-07-16,5.145,5.105,5.145,5.025,16134.64,12837.039,0.6413316582914573,,0.0
2021-07-19,5.055,4.895,5.055,4.855,30582.01,23720.471,0.6316129032258064,,0.0
2021-07-20,4.875,4.845000000000001,4.914999999999999,4.824999999999999,13636.03,10513.306,0.6292207792207792,,0.0
2021-07-21,4.855,4.895,4.945,4.845000000000001,12043.03,9319.183,0.6316129032258064,,0.0
2021-07-22,4.865,4.805,4.885,4.744999999999999,21609.0,16539.659,0.627284595300261,,0.0
2021-07-23,4.755000000000001,4.705,4.805,4.654999999999999,19966.4,15082.284,0.6223544973544974,,0.0
2021-07-26,4.664999999999999,4.574999999999999,4.675000000000001,4.475,18410.21,13697.223,0.6157469717362045,,0.0
2021-07-27,4.605,4.535,4.635,4.465,13004.85,9653.637,0.6136671177266577,,0.0
2021-07-28,4.535,4.484999999999999,4.565,4.305,16233.1,11863.564,0.6110354223433242,,0.0
2021-07-29,4.494999999999999,4.545,4.605,4.385,23430.99,17151.067,0.6141891891891892,,0.0
2021-07-30,4.465,4.414999999999999,4.484999999999999,4.315,21578.17,15603.433,0.6072902338376891,,0.0
2021-08-02,4.375,4.475,4.484999999999999,4.324999999999999,18279.67,13241.718,0.6105047748976807,,0.0
2021-08-03,4.455,4.505000000000001,4.615,4.425000000000001,14934.35,11043.49,0.6120923913043479,,0.0
2021-08-04,4.515000000000001,4.494999999999999,4.525,4.455,9683.0,7109.643,0.6115646258503401,,0.0
2021-08-05,4.494999999999999,4.505000000000001,4.545,4.404999999999999,12280.99,8999.371,0.6120923913043479,,0.0
2021-08-06,4.494999999999999,4.455,4.505000000000001,4.414999999999999,8473.8,6182.156,0.6094391244870041,,0.0
2021-08-09,4.4350000000000005,4.545,4.565,4.414999999999999,9311.0,6866.047,0.6141891891891892,,0.0
2021-08-10,4.545,4.605,4.625,4.525,8794.53,6539.802,0.6172922252010724,,0.0
2021-08-11,4.605,4.574999999999999,4.635,4.545,8538.01,6364.721,0.6157469717362045,,0.0
2021-08-12,4.555,4.555,4.645,4.515000000000001,11556.0,8564.953,0.6147098515519568,,0.0
2021-08-13,4.555,4.535,4.605,4.494999999999999,8620.4,6371.949,0.6136671177266577,,0.0
2021-08-16,4.494999999999999,4.585000000000001,4.605,4.494999999999999,10414.15,7720.805,0.6162634408602151,,0.0
2021-08-17,4.615,4.595000000000001,4.744999999999999,4.545,20977.1,15710.509,0.616778523489933,,0.0
2021-08-18,4.615,4.755000000000001,4.775,4.605,16161.02,12216.955,0.6248357424441525,,0.0
2021-08-19,4.765000000000001,4.6850000000000005,4.845000000000001,4.654999999999999,13692.62,10385.455,0.6213527851458887,,0.0
2021-08-20,4.6850000000000005,4.705,4.744999999999999,4.635,12995.0,9814.744,0.6223544973544974,,0.0
2021-08-23,4.865,5.244999999999999,5.315,4.755000000000001,68245.54,53775.035,0.6475308641975308,,0.0
2021-08-24,5.234999999999999,5.424999999999999,5.834999999999999,5.145,68270.15,57327.75,0.6551932367149758,,0.0
2021-08-25,5.584999999999999,5.535,5.674999999999999,5.375,60329.97,50481.846,0.6597139451728248,,0.0
2021-08-26,5.605,5.484999999999999,5.605,5.404999999999999,34380.5,28784.841,0.6576738609112709,,0.0
2021-08-27,5.514999999999999,5.545,5.565,5.375,27186.65,22668.628,0.6601190476190476,,0.0
2021-08-30,5.494999999999999,5.395,5.535,5.324999999999999,34853.64,28715.451,0.6539393939393939,,0.0
2021-08-31,5.315,5.445,5.484999999999999,5.315,22164.0,18367.417,0.6560240963855422,,0.0
2021-09-01,5.434999999999999,5.445,5.484999999999999,5.324999999999999,20573.0,16974.495,0.6560240963855422,,0.0
2021-09-02,5.465,5.465,5.504999999999999,5.385,20115.6,16684.888,0.6568509615384615,,0.0
2021-09-03,5.484999999999999,5.445,5.695,5.445,34036.0,28674.89,0.6560240963855422,,0.0
2021-09-06,5.514999999999999,5.484999999999999,5.605,5.414999999999999,34387.3,28672.05,0.6576738609112709,,0.0
2021-09-07,5.525,5.504999999999999,5.535,5.365,22894.0,18993.005,0.6584928229665071,,0.0
2021-09-08,5.504999999999999,5.684999999999999,5.715,5.434999999999999,39445.63,33287.967,0.6656908665105385,,0.0
2021-09-09,5.684999999999999,5.594999999999999,5.725,5.574999999999999,26159.68,22196.08,0.6621301775147929,,0.0
2021-09-10,5.594999999999999,5.584999999999999,5.705,5.494999999999999,27330.48,23095.01,0.6617298578199051,,0.0
2021-09-13,5.545,5.715,5.764999999999999,5.445,41148.61,35064.783,0.6668611435239206,,0.0
2021-09-14,5.674999999999999,5.664999999999999,5.885,5.535,60404.85,51801.707,0.6649061032863849,,0.0
2021-09-15,5.725,5.504999999999999,5.725,5.434999999999999,33558.25,28153.263,0.6584928229665071,,0.0
2021-09-16,5.494999999999999,5.545,5.785,5.475,30193.33,25586.492,0.6601190476190476,,0.0
2021-09-17,5.514999999999999,5.574999999999999,5.635,5.445,34087.86,28550.422,0.6613285883748516,,0.0
2021-09-22,5.555,5.414999999999999,5.555,5.254999999999999,25716.35,21132.103,0.6547762998790809,,0.0
2021-09-23,5.385,5.785,5.865,5.385,54654.72,46589.129,0.6695601851851851,,0.0
2021-09-24,5.725,5.744999999999999,5.844999999999999,5.574999999999999,42201.74,36228.881,0.6680232558139534,,0.0
2021-09-27,5.715,5.455,5.744999999999999,5.395,49028.98,40976.045,0.6564380264741275,,0.0
2021-09-28,5.455,5.434999999999999,5.535,5.355,17534.24,14507.423,0.6556091676718938,,0.0
2021-09-29,5.324999999999999,5.195,5.414999999999999,5.174999999999999,20968.22,16970.568,0.6453416149068323,,0.0
2021-09-30,5.164999999999999,5.414999999999999,5.475,5.045,38808.78,31569.051,0.6547762998790809,,0.0
2021-10-08,5.414999999999999,5.654999999999999,5.844999999999999,5.324999999999999,52487.33,44830.824,0.6645123384253818,,0.0
2021-10-11,5.615,5.715,5.895,5.574999999999999,42987.32,37133.705,0.6668611435239206,,0.0
2021-10-12,5.725,5.844999999999999,5.904999999999999,5.664999999999999,47758.37,41437.281,0.67183908045977,,0.0
2021-10-13,5.844999999999999,5.824999999999999,5.975,5.734999999999999,32290.94,28052.001,0.6710829493087557,,0.0
2021-10-14,5.734999999999999,5.965,5.994999999999999,5.684999999999999,46951.82,41127.177,0.6763038548752834,,0.0
2021-10-15,5.914999999999999,5.645,5.945,5.535,45260.4,38598.065,0.6641176470588235,,0.0
2021-10-18,5.705,5.674999999999999,5.705,5.494999999999999,16768.93,14204.521,0.6652989449003516,,0.0
2021-10-19,5.684999999999999,5.594999999999999,5.705,5.475,17051.0,14340.428,0.6621301775147929,,0.0
2021-10-20,5.594999999999999,5.465,5.674999999999999,5.404999999999999,19485.0,16295.353,0.6568509615384615,,0.0
2021-10-21,5.465,5.424999999999999,5.635,5.375,24246.12,20172.622,0.6551932367149758,,0.0
2021-10-22,5.424999999999999,5.434999999999999,5.484999999999999,5.264999999999999,20533.0,16887.674,0.6556091676718938,,0.0
2021-10-25,5.434999999999999,5.594999999999999,5.635,5.244999999999999,23002.02,19199.968,0.6621301775147929,,0.0
2021-10-26,5.545,5.375,5.625,5.375,21011.56,17472.134,0.6530984204131227,,0.0
2021-10-27,5.375,5.525,5.535,5.254999999999999,24527.58,20242.728,0.6593078758949881,,0.0
2021-10-28,5.525,5.035,5.525,4.865,73481.77,58237.778,0.638149556400507,,0.0
2021-10-29,5.055,5.264999999999999,5.404999999999999,4.975,41691.1,33745.031,0.6483990147783251,,0.0
2021-11-01,5.225,5.215,5.344999999999999,5.074999999999999,22386.49,18061.278,0.6462205700123915,,0.0
2021-11-02,5.295,5.225,5.295,5.095000000000001,26937.88,21671.388,0.6466584158415841,,0.0
2021-11-03,5.225,5.264999999999999,5.275,5.065,25351.75,20339.43,0.6483990147783251,,0.0
2021-11-04,5.334999999999999,5.225,5.334999999999999,5.115,25830.55,20817.465,0.6466584158415841,,0.0
2021-11-05,5.244999999999999,5.445,5.584999999999999,5.195,34161.57,28249.27,0.6560240963855422,,0.0
2021-11-08,5.494999999999999,5.574999999999999,5.684999999999999,5.365,28297.93,23833.706,0.6613285883748516,,0.0
2021-11-09,5.504999999999999,5.645,5.695,5.504999999999999,31211.84,26436.174,0.6641176470588235,,0.0
2021-11-10,5.645,5.555,5.684999999999999,5.484999999999999,18257.28,15338.274,0.6605231866825207,,0.0
2021-11-11,5.555,5.525,5.625,5.504999999999999,16320.47,13715.103,0.6593078758949881,,0.0
2021-11-12,5.525,5.475,5.525,5.414999999999999,20505.09,17022.703,0.6572629051620648,,0.0
2021-11-15,5.445,5.645,5.645,5.375,29937.92,25087.962,0.6641176470588235,,0.0
2021-11-16,5.645,5.565,5.934999999999999,5.555,44639.38,38311.548,0.6609263657957244,,0.0
2021-11-17,5.545,5.615,5.654999999999999,5.504999999999999,28640.0,24188.19,0.6629279811097992,,0.0
2021-11-18,5.615,6.264999999999999,6.334999999999999,5.594999999999999,149430.1,133753.372,0.6869517543859648,,0.0
2021-11-19,6.324999999999999,6.234999999999999,6.334999999999999,5.994999999999999,90996.69,81779.408,0.6859185918591859,,0.0
2021-11-22,6.145,6.275,6.465,6.014999999999999,63989.63,58298.451,0.6872946330777656,,0.0
2021-11-23,6.275,6.154999999999999,6.275,6.084999999999999,44189.99,39786.523,0.6831298557158711,,0.0
2021-11-24,6.115,6.145,6.244999999999999,6.025,33234.91,29871.85,0.6827777777777777,,0.0
2021-11-25,6.154999999999999,5.994999999999999,6.324999999999999,5.975,33533.0,29957.94,0.6774011299435028,,0.0
2021-11-26,5.994999999999999,5.984999999999999,6.115,5.844999999999999,32948.04,29171.229,0.6770361990950226,,0.0
2021-11-29,5.885,5.945,5.984999999999999,5.705,43838.17,38104.914,0.6755681818181818,,0.0
2021-11-30,5.994999999999999,5.955,6.004999999999999,5.844999999999999,27552.14,24179.404,0.6759364358683314,,0.0
2021-12-01,5.865,6.115,6.195,5.865,42170.32,37670.973,0.6817168338907469,,0.0
2021-12-02,6.125,6.035,6.174999999999999,6.004999999999999,31133.36,27748.402,0.6788526434195725,,0.0
2021-12-03,5.984999999999999,5.924999999999999,6.035,5.895,24933.0,21960.632,0.6748291571753986,,0.0
2021-12-06,5.904999999999999,6.025,6.234999999999999,5.895,47097.14,42115.055,0.678490990990991,,0.0
2021-12-07,6.025,5.904999999999999,6.065,5.754999999999999,41304.8,36186.774,0.6740867579908675,,0.0
2021-12-08,5.924999999999999,5.934999999999999,5.975,5.805,20003.08,17534.3,0.6751990898748577,,0.0
2021-12-09,5.924999999999999,6.215,6.234999999999999,5.914999999999999,50310.0,45215.512,0.6852260198456449,,0.0
2021-12-10,6.174999999999999,6.475,6.545,6.164999999999999,63439.31,58851.947,0.6939978563772775,,0.0
2021-12-13,6.475,6.295,6.684999999999999,6.264999999999999,50513.49,46696.411,0.6879781420765027,,0.0
2021-12-14,6.295,6.145,6.305,5.895,79641.84,70892.174,0.6827777777777777,,0.0
2021-12-15,6.045,5.984999999999999,6.115,5.934999999999999,34190.62,30321.416,0.6770361990950226,,0.0
2021-12-16,5.984999999999999,5.965,6.045,5.924999999999999,24096.0,21233.109,0.6763038548752834,,0.0
2021-12-17,5.955,5.555,5.965,5.395,90004.39,76536.092,0.6605231866825207,,0.0
2021-12-20,5.514999999999999,5.424999999999999,5.594999999999999,5.344999999999999,37092.29,30967.564,0.6551932367149758,,0.0
2021-12-21,5.475,5.705,5.715,5.424999999999999,64192.8,54339.656,0.6664719626168224,,0.0
2021-12-22,5.715,5.725,5.834999999999999,5.584999999999999,41126.16,35145.66,0.6672494172494172,,0.0
2021-12-23,5.674999999999999,5.744999999999999,5.775,5.594999999999999,29544.24,25250.717,0.6680232558139534,,0.0
2021-12-24,5.734999999999999,5.695,5.785,5.645,16708.21,14305.843,0.6660818713450292,,0.0
2021-12-27,5.705,5.684999999999999,5.744999999999999,5.594999999999999,20318.81,17323.631,0.6656908665105385,,0.0
2021-12-28,5.654999999999999,5.625,5.734999999999999,5.574999999999999,22163.0,18803.979,0.6633254716981132,,0.0
2021-12-29,5.615,5.695,5.815,5.594999999999999,28579.59,24464.988,0.6660818713450292,,0.0
2021-12-30,5.684999999999999,5.645,5.725,5.605,26760.46,22796.742,0.6641176470588235,,0.0
2021-12-31,5.695,5.684999999999999,5.725,5.594999999999999,20378.43,17385.536,0.6656908665105385,,0.0
2022-01-04,5.664999999999999,5.824999999999999,5.824999999999999,5.664999999999999,30405.44,26155.715,0.6710829493087557,,0.0
2022-01-05,5.824999999999999,5.895,5.965,5.764999999999999,31044.45,27081.375,0.6737142857142857,,0.0
2022-01-06,5.895,6.004999999999999,6.065,5.815,33559.84,29580.203,0.677765237020316,,0.0
2022-01-07,6.004999999999999,6.145,6.414999999999999,5.955,71447.98,64971.059,0.6827777777777777,,0.0
2022-01-10,6.184999999999999,6.414999999999999,6.465,6.025,60922.77,55915.883,0.692017259978425,,0.0
2022-01-11,6.455,6.424999999999999,6.545,6.295,45060.24,41800.343,0.6923491379310344,,0.0
2022-01-12,6.424999999999999,6.635,6.674999999999999,6.385,69374.63,65318.472,0.6991570073761855,,0.0
2022-01-13,6.645,6.574999999999999,6.775,6.565,44249.23,42028.622,0.6972428419936373,,0.0
2022-01-14,6.455,6.475,6.654999999999999,6.455,34422.22,32380.801,0.6939978563772775,,0.0
2022-01-17,6.465,6.484999999999999,6.705,6.355,59923.45,56222.8,0.6943254817987151,,0.0
2022-01-18,6.695,6.344999999999999,6.695,6.254999999999999,33688.0,31078.173,0.6896739130434781,,0.0
2022-01-19,6.295,6.414999999999999,6.545,6.264999999999999,26306.94,24355.832,0.692017259978425,,0.0
2022-01-20,6.414999999999999,6.164999999999999,6.514999999999999,6.125,27548.95,24960.71,0.6834811529933481,,0.0
2022-01-21,6.154999999999999,6.105,6.254999999999999,5.984999999999999,21504.64,19303.02,0.6813616071428571,,0.0
2022-01-24,6.045,5.975,6.135,5.924999999999999,17677.0,15655.281,0.6766704416761041,,0.0
2022-01-25,6.014999999999999,5.795,6.105,5.764999999999999,47451.53,41645.016,0.6699421965317919,,0.0
2022-01-26,5.754999999999999,5.764999999999999,5.924999999999999,5.695,26582.64,22949.821,0.6687935034802783,,0.0
2022-01-27,5.764999999999999,5.635,5.824999999999999,5.615,28038.98,24040.762,0.6637220259128386,,0.0
2022-01-28,5.674999999999999,5.855,5.984999999999999,5.555,30081.49,26073.134,0.6722158438576349,,0.0
2022-02-07,5.945,5.875,6.174999999999999,5.815,33077.53,29136.845,0.6729667812142038,,0.0
2022-02-08,5.895,6.045,6.234999999999999,5.764999999999999,46404.0,41184.383,0.6792134831460673,,0.0
2022-02-09,6.014999999999999,6.074999999999999,6.234999999999999,5.924999999999999,47605.0,42640.429,0.6802911534154534,,0.0
2022-02-10,6.115,6.135,6.305,6.025,61754.58,55710.327,0.6824249165739711,,0.0
2022-02-11,6.135,6.084999999999999,6.264999999999999,6.045,33940.87,30462.226,0.680648769574944,,0.0
2022-02-14,6.004999999999999,6.004999999999999,6.135,5.875,25976.48,23025.426,0.677765237020316,,0.0
2022-02-15,6.025,5.875,6.025,5.815,26141.0,22830.593,0.6729667812142038,,0.0
2022-02-16,5.865,5.975,5.994999999999999,5.865,20968.0,18411.571,0.6766704416761041,,0.0
2022-02-17,5.975,5.945,6.154999999999999,5.924999999999999,22554.4,19999.676,0.6755681818181818,,0.0
2022-02-18,5.895,6.074999999999999,6.084999999999999,5.844999999999999,17723.16,15661.726,0.6802911534154534,,0.0
2022-02-21,5.994999999999999,6.074999999999999,6.125,5.994999999999999,14270.02,12721.564,0.6802911534154534,,0.0
2022-02-22,6.014999999999999,5.904999999999999,6.065,5.764999999999999,23473.02,20511.126,0.6740867579908675,,0.0
2022-02-23,5.824999999999999,5.865,5.994999999999999,5.805,19354.01,16902.824,0.6725917431192661,,0.0
2022-02-24,5.824999999999999,5.594999999999999,5.945,5.504999999999999,50587.98,43410.996,0.6621301775147929,,0.0
2022-02-25,5.625,5.754999999999999,5.805,5.565,37027.18,31700.779,0.6684088269454123,,0.0
2022-02-28,5.695,5.594999999999999,5.734999999999999,5.494999999999999,19942.2,16802.06,0.6621301775147929,,0.0
2022-03-01,5.615,5.545,5.674999999999999,5.504999999999999,20574.0,17306.49,0.6601190476190476,,0.0
2022-03-02,5.504999999999999,5.594999999999999,5.645,5.484999999999999,16917.0,14239.087,0.6621301775147929,,0.0
2022-03-03,5.605,5.555,5.664999999999999,5.525,14237.76,12009.058,0.6605231866825207,,0.0
2022-03-04,5.584999999999999,5.494999999999999,5.594999999999999,5.414999999999999,21949.43,18350.273,0.6580838323353293,,0.0
2022-03-07,5.475,5.305,5.475,5.234999999999999,32365.56,26454.816,0.6501225490196078,,0.0
2022-03-08,5.315,5.184999999999999,5.465,5.015000000000001,47196.29,38127.751,0.6449004975124377,,0.0
2022-03-09,5.145,5.074999999999999,5.215,4.805,28366.76,22380.312,0.6399747793190416,,0.0
2022-03-10,5.164999999999999,5.145,5.285,5.125,15652.2,12594.671,0.643125,,0.0
2022-03-11,5.135,5.145,5.174999999999999,4.914999999999999,12954.0,10242.125,0.643125,,0.0
2022-03-14,5.095000000000001,4.955,5.145,4.945,16851.6,13315.059,0.6344430217669654,,0.0
2022-03-15,4.914999999999999,4.555,4.945,4.555,29783.0,22649.327,0.6147098515519568,,0.0
2022-03-16,4.675000000000001,4.715,4.765000000000001,4.445,26134.28,19557.694,0.6228533685601056,,0.0
2022-03-17,4.845000000000001,4.795,4.945,4.725,18508.0,14232.657,0.626797385620915,,0.0
2022-03-18,4.744999999999999,4.785,4.904999999999999,4.715,17538.79,13479.446,0.6263089005235603,,0.0
2022-03-21,4.824999999999999,4.815,4.895,4.6850000000000005,17843.93,13637.763,0.6277705345501955,,0.0
2022-03-22,4.815,4.755000000000001,4.815,4.675000000000001,14458.0,10969.243,0.6248357424441525,,0.0
2022-03-23,4.755000000000001,4.785,4.875,4.734999999999999,14117.6,10809.293,0.6263089005235603,,0.0
2022-03-24,4.755000000000001,4.725,4.835000000000001,4.675000000000001,12760.29,9722.613,0.6233509234828496,,0.0
2022-03-25,4.725,4.835000000000001,5.005000000000001,4.725,24387.96,18893.153,0.628738621586476,,0.0
2022-03-28,4.845000000000001,4.795,4.925000000000001,4.715,14048.91,10742.754,0.626797385620915,,0.0
2022-03-29,4.795,4.734999999999999,4.855,4.695,11712.36,8917.205,0.6238471673254281,,0.0
2022-03-30,4.795,4.835000000000001,4.875,4.715,11980.21,9188.1,0.628738621586476,,0.0
2022-03-31,4.815,4.875,4.914999999999999,4.765000000000001,14258.0,11007.299,0.630659767141009,,0.0
2022-04-01,4.895,4.955,4.984999999999999,4.775,14995.06,11605.887,0.6344430217669654,,0.0
2022-04-06,4.945,5.055,5.055,4.925000000000001,16030.47,12597.795,0.6390644753476611,,0.0
2022-04-07,5.025,4.895,5.025,4.845000000000001,19025.0,14800.344,0.6316129032258064,,0.0
2022-04-08,4.914999999999999,4.914999999999999,4.945,4.824999999999999,11211.0,8680.737,0.6325611325611324,,0.0
2022-04-11,4.914999999999999,4.795,4.965,4.755000000000001,14579.91,11252.615,0.626797385620915,,0.0
2022-04-12,4.725,4.914999999999999,4.914999999999999,4.705,11841.0,9084.893,0.6325611325611324,,0.0
2022-04-13,4.855,4.885,4.975,4.795,10603.84,8223.537,0.6311369509043927,,0.0
2022-04-14,4.904999999999999,4.984999999999999,5.015000000000001,4.855,13969.0,10901.208,0.6358418367346939,,0.0
2022-04-15,4.994999999999999,4.9350000000000005,5.015000000000001,4.875,12340.75,9617.625,0.6335044929396663,,0.0
2022-04-18,4.925000000000001,4.885,4.925000000000001,4.765000000000001,12654.0,9717.726,0.6311369509043927,,0.0
2022-04-19,4.865,5.135,5.195,4.855,55743.2,44419.62,0.6426783479349186,,0.0
2022-04-20,5.125,5.095000000000001,5.225,5.005000000000001,28488.0,22690.604,0.6408805031446542,,0.0
2022-04-21,5.145,4.965,5.195,4.9350000000000005,25911.0,20464.633,0.6349104859335037,,0.0
2022-04-22,4.975,5.244999999999999,5.455,4.965,125088.8,101090.177,0.6475308641975308,,0.0
2022-04-25,5.264999999999999,5.195,5.385,5.015000000000001,113067.57,91058.549,0.6453416149068323,,0.0
2022-04-26,5.135,4.765000000000001,5.135,4.595000000000001,86723.15,66663.97,0.6253280839895013,,0.0
2022-04-27,4.705,4.835000000000001,4.865,4.505000000000001,52735.5,39796.676,0.628738621586476,,0.0
2022-04-28,4.775,4.734999999999999,5.095000000000001,4.645,63861.09,48946.075,0.6238471673254281,,0.0
2022-04-29,4.755000000000001,5.125,5.254999999999999,4.744999999999999,117039.68,92604.651,0.6422305764411027,,0.0
2022-05-05,5.125,5.164999999999999,5.324999999999999,5.065,94915.14,76618.552,0.6440149625935161,,0.0
2022-05-06,5.035,5.095000000000001,5.455,4.994999999999999,168787.88,136564.099,0.6408805031446542,,0.0
2022-05-09,5.025,5.215,5.225,5.025,48873.09,39119.571,0.6462205700123915,,0.0
2022-05-10,5.154999999999999,5.434999999999999,5.525,5.095000000000001,81835.27,66888.7,0.6556091676718938,,0.0
2022-05-11,5.375,5.215,5.494999999999999,5.215,86939.5,71262.866,0.6462205700123915,,0.0
2022-05-12,5.145,5.315,5.375,5.145,45303.77,36799.049,0.6505507955936352,,0.0
2022-05-13,5.295,5.305,5.514999999999999,5.264999999999999,49454.53,40650.153,0.6501225490196078,,0.0
2022-05-16,5.344999999999999,5.164999999999999,5.385,5.074999999999999,48972.29,39411.06,0.6440149625935161,,0.0
2022-05-17,5.164999999999999,5.095000000000001,5.195,5.045,30278.0,24070.862,0.6408805031446542,,0.0
2022-05-18,5.095000000000001,5.164999999999999,5.205,5.074999999999999,36717.86,29374.069,0.6440149625935161,,0.0
2022-05-19,5.055,5.045,5.055,4.895,34264.0,26911.798,0.6386075949367088,,0.0
2022-05-20,5.065,5.154999999999999,5.164999999999999,5.045,28668.99,22831.233,0.6435705368289637,,0.0
2022-05-23,5.154999999999999,5.184999999999999,5.225,5.095000000000001,27916.0,22420.789,0.6449004975124377,,0.0
2022-05-24,5.215,4.914999999999999,5.215,4.914999999999999,46051.77,36287.873,0.6325611325611324,,0.0
2022-05-25,4.904999999999999,4.994999999999999,5.015000000000001,4.875,30661.5,23884.891,0.6363057324840764,,0.0
2022-05-26,4.984999999999999,5.244999999999999,5.295,4.9350000000000005,64465.91,51767.754,0.6475308641975308,,0.0
2022-05-27,5.305,5.244999999999999,5.315,5.164999999999999,35220.81,28436.315,0.6475308641975308,,0.0
2022-05-30,5.375,5.215,5.375,5.174999999999999,37352.64,30252.028,0.6462205700123915,,0.0
2022-05-31,5.234999999999999,5.254999999999999,5.285,5.184999999999999,33000.28,26710.181,0.6479654747225646,,0.0
2022-06-01,5.244999999999999,5.275,5.365,5.244999999999999,36018.0,29354.562,0.6488314883148831,,0.0
2022-06-02,5.244999999999999,5.215,5.285,5.164999999999999,29999.93,24180.527,0.6462205700123915,,0.0
2022-06-06,5.225,5.305,5.365,5.195,82272.49,66791.709,0.6501225490196078,,0.0
2022-06-07,5.324999999999999,5.414999999999999,5.475,5.315,94251.0,77845.0,0.6547762998790809,,0.0
2022-06-08,5.265,5.2250000000000005,5.315,5.105,106553.44,79583.886,0.698529411764706,,0.0
2022-06-09,5.2250000000000005,5.075,5.265,5.075,54663.84,40334.628,0.6923601637107777,,0.0
2022-06-10,5.065,5.155,5.165,5.045,27574.26,20328.228,0.6956815114709852,,0.0
2022-06-13,5.085,5.125,5.205,5.055,36250.0,26779.394,0.6944444444444444,,0.0
2022-06-14,5.055,5.115,5.115,4.955,29312.45,21391.785,0.6940298507462687,,0.0
2022-06-15,5.135,5.155,5.215,5.075,41528.0,30747.612,0.6956815114709852,,0.0
2022-06-16,5.1450000000000005,5.075,5.165,5.035,34715.09,25554.277,0.6923601637107777,,0.0
2022-06-17,5.045,5.055,5.105,4.945,31794.28,23127.594,0.6915184678522572,,0.0
2022-06-20,5.035,5.285,5.325,5.015,57997.0,43277.18,0.7009283819628648,,0.0
2022-06-21,5.285,5.255,5.375,5.195,34055.65,25695.183,0.699733688415446,,0.0
2022-06-22,5.275,5.1450000000000005,5.305,5.1450000000000005,16569.68,12372.202,0.6952702702702703,,0.0
2022-06-23,5.295,5.385,5.405,5.2250000000000005,61811.87,46884.233,0.7048429319371727,,0.0
2022-06-24,5.375,5.525,5.535,5.305,64100.77,49243.958,0.7101542416452442,,0.0
2022-06-27,5.525,5.525,5.555,5.455,32630.09,25319.49,0.7101542416452442,,0.0
2022-06-28,5.515,5.565,5.655,5.495,33517.63,26192.104,0.7116368286445013,,0.0
2022-06-29,5.585,5.575,5.765,5.555,50351.61,39895.227,0.7120051085568327,,0.0
2022-06-30,5.565,5.695,5.795000000000001,5.565,49807.0,39510.829,0.7163522012578617,,0.0
2022-07-01,5.695,5.795000000000001,5.855,5.655,38517.49,31024.492,0.7198757763975155,,0.0
2022-07-04,5.784999999999999,5.755,5.935,5.675,35514.47,28514.601,0.7184769038701623,,0.0
2022-07-05,5.755,5.735,5.855,5.635,37591.1,30013.001,0.7177722152690864,,0.0
2022-07-06,5.695,5.695,5.755,5.575,31132.55,24637.684,0.7163522012578617,,0.0
2022-07-07,5.635,5.6850000000000005,5.7250000000000005,5.615,28950.95,22970.878,0.7159949622166247,,0.0
2022-07-08,5.7250000000000005,5.755,5.775,5.6450000000000005,26350.5,20969.935,0.7184769038701623,,0.0
2022-07-11,5.745,5.705,5.855,5.655,33145.0,26578.368,0.7167085427135679,,0.0
2022-07-12,5.695,5.655,5.745,5.625,15805.0,12521.999,0.7149178255372945,,0.0
2022-07-13,5.705,5.585,5.715,5.585,17430.0,13752.675,0.7123724489795918,,0.0
2022-07-14,5.585,5.515,5.615,5.455,15982.34,12432.969,0.7097812097812097,,0.0
2022-07-15,5.525,5.375,5.535,5.355,15469.02,11875.347,0.7044560943643513,,0.0
2022-07-18,5.365,5.3950000000000005,5.485,5.365,20499.04,15721.045,0.7052287581699347,,0.0
2022-07-19,5.455,5.425,5.485,5.365,20445.0,15676.524,0.7063802083333334,,0.0
2022-07-20,5.415,5.455,5.525,5.3950000000000005,18550.53,14263.036,0.7075226977950714,,0.0
2022-07-21,5.4750000000000005,5.365,5.4750000000000005,5.345,17662.0,13494.849,0.7040682414698163,,0.0
2022-07-22,5.385,5.345,5.425,5.295,25767.95,19608.996,0.7032894736842106,,0.0
2022-07-25,5.345,5.385,5.385,5.255,20524.64,15599.771,0.7048429319371727,,0.0
2022-07-26,5.375,5.4350000000000005,5.445,5.325,12882.35,9853.777,0.7067620286085826,,0.0
2022-07-27,5.405,5.465,5.505,5.365,16682.42,12853.211,0.707901554404145,,0.0
2022-07-28,5.465,5.425,5.495,5.415,13544.0,10430.416,0.7063802083333334,,0.0
2022-07-29,5.425,5.405,5.455,5.365,10406.0,7973.689,0.7056135770234987,,0.0
2022-08-01,5.375,5.425,5.465,5.345,10808.64,8277.79,0.7063802083333334,,0.0
2022-08-02,5.385,5.1450000000000005,5.405,4.945,37550.92,27856.937,0.6952702702702703,,0.0
2022-08-03,5.125,5.255,5.485,5.125,30274.0,22894.65,0.699733688415446,,0.0
2022-08-04,5.245,5.195,5.295,5.1450000000000005,14795.0,11029.269,0.6973154362416107,,0.0
2022-08-05,5.195,5.315,5.315,5.1450000000000005,8866.0,6647.241,0.7021136063408191,,0.0
2022-08-08,5.295,5.315,5.325,5.275,8712.0,6577.313,0.7021136063408191,,0.0
2022-08-09,5.305,5.205,5.335,5.125,20849.0,15530.619,0.6977211796246648,,0.0
2022-08-10,5.155,5.1850000000000005,5.235,5.135,12532.0,9306.707,0.6969086021505376,,0.0
2022-08-11,5.195,5.305,5.305,5.195,10947.51,8237.646,0.7017195767195767,,0.0
2022-08-12,5.375,5.315,5.3950000000000005,5.295,9510.0,7220.663,0.7021136063408191,,0.0
2022-08-15,5.345,5.315,5.345,5.245,11423.29,8609.952,0.7021136063408191,,0.0
2022-08-16,5.315,5.285,5.345,5.275,10123.49,7641.426,0.7009283819628648,,0.0
2022-08-17,5.345,5.325,5.375,5.245,13883.7,10473.507,0.7025065963060686,,0.0
2022-08-18,5.315,5.215,5.315,5.205,12741.0,9555.221,0.6981258366800536,,0.0
2022-08-19,5.245,5.165,5.275,5.165,14405.0,10773.069,0.6960916442048518,,0.0
2022-08-22,5.165,5.1450000000000005,5.205,5.1450000000000005,22760.0,16888.613,0.6952702702702703,,0.0
2022-08-23,4.945,5.045,5.085,4.945,44612.9,32486.65,0.6910958904109589,,0.0
2022-08-24,5.045,4.885,5.085,4.855,52235.37,37512.048,0.6841736694677871,,0.0
2022-08-25,4.885,4.825,4.905,4.765,42975.38,30428.764,0.681497175141243,,0.0
2022-08-26,4.835,4.815,4.865,4.775,24472.62,17319.921,0.6810466760961811,,0.0
2022-08-29,4.765,4.815,4.845,4.7250000000000005,39503.37,27799.645,0.6810466760961811,,0.0
2022-08-30,4.815,4.835,4.865,4.785,23552.1,16673.779,0.6819464033850494,,0.0
2022-08-31,4.835,4.795,4.855,4.735,20428.0,14403.122,0.6801418439716312,,0.0
2022-09-01,4.775,4.715,4.825,4.695,29371.0,20569.881,0.6764705882352942,,0.0
2022-09-02,4.7250000000000005,4.735,4.755,4.695,16434.0,11454.78,0.6773962804005723,,0.0
2022-09-05,4.715,4.755,4.755,4.605,37875.78,26254.214,0.6783166904422254,,0.0
2022-09-06,4.795,4.815,4.815,4.7250000000000005,19791.18,13920.387,0.6810466760961811,,0.0
2022-09-07,4.815,4.775,4.835,4.735,19414.82,13666.666,0.6792318634423898,,0.0
2022-09-08,4.775,4.805,4.835,4.735,20354.76,14347.603,0.6805949008498584,,0.0
2022-09-09,4.815,4.865,4.875,4.775,19586.49,13879.3,0.6832865168539326,,0.0
2022-09-13,4.855,4.835,4.875,4.815,23033.05,16356.643,0.6819464033850494,,0.0
2022-09-14,4.795,4.835,4.865,4.755,15890.0,11227.649,0.6819464033850494,,0.0
2022-09-15,4.845,4.785,4.875,4.715,26972.8,18982.855,0.6796875,,0.0
2022-09-16,4.765,4.495,4.815,4.445,51243.92,35106.289,0.6659259259259259,,0.0
2022-09-19,4.505,4.445,4.585,4.385,38863.31,26080.683,0.6634328358208955,,0.0
2022-09-20,4.465,4.505,4.625,4.455,22894.0,15473.671,0.6664201183431953,,0.0
2022-09-21,4.585,4.715,4.745,4.465,31624.0,21771.03,0.6764705882352942,,0.0
2022-09-22,4.675,4.695,4.745,4.6450000000000005,16339.53,11352.215,0.6755395683453238,,0.0
2022-09-23,4.6850000000000005,4.6450000000000005,4.7250000000000005,4.615,16521.3,11426.754,0.6731884057971015,,0.0
2022-09-26,4.625,4.595,4.745,4.575,24762.12,17079.435,0.6708029197080292,,0.0
2022-09-27,4.595,4.805,4.835,4.545,40866.73,28640.546,0.6805949008498584,,0.0
2022-09-28,4.775,4.865,4.925,4.7250000000000005,40855.0,29057.958,0.6832865168539326,,0.0
2022-09-29,4.865,4.745,4.9750000000000005,4.695,33710.8,23885.075,0.6778571428571428,,0.0
2022-09-30,4.7250000000000005,4.655,4.775,4.595,35300.0,24406.872,0.6736613603473227,,0.0
2022-10-10,4.655,4.605,4.735,4.555,23024.2,15916.962,0.6712827988338192,,0.0
2022-10-11,4.695,4.565,4.695,4.455,20357.5,13852.894,0.6693548387096775,,0.0
2022-10-12,4.495,4.735,4.745,4.495,22364.06,15411.553,0.6773962804005723,,0.0
2022-10-13,4.695,4.705,4.765,4.635,15613.2,10846.792,0.6760057471264368,,0.0
2022-10-14,4.705,4.765,4.845,4.705,22101.05,15544.442,0.6787749287749287,,0.0
2022-10-17,4.765,4.795,4.795,4.7250000000000005,15844.6,11121.082,0.6801418439716312,,0.0
2022-10-18,4.795,4.735,4.825,4.705,18690.82,13102.881,0.6773962804005723,,0.0
2022-10-19,4.705,4.6450000000000005,4.745,4.635,16734.18,11583.508,0.6731884057971015,,0.0
2022-10-20,4.6450000000000005,4.6450000000000005,4.695,4.605,15155.41,10482.452,0.6731884057971015,,0.0
2022-10-21,4.655,4.575,4.6850000000000005,4.555,47328.0,32491.425,0.6698389458272328,,0.0
2022-10-24,4.575,4.265,4.625,4.255,54337.0,36211.017,0.6541411042944785,,0.0
2022-10-25,4.285,4.1850000000000005,4.285,4.155,27683.0,17879.85,0.6498447204968945,,0.0
2022-10-26,4.205,4.265,4.285,4.205,17419.96,11329.932,0.6541411042944785,,0.0
2022-10-27,4.265,4.305,4.325,4.245,20270.0,13263.159,0.65625,,0.0
2022-10-28,4.375,4.285,4.4350000000000005,4.265,28404.0,18771.036,0.6551987767584098,,0.0
2022-10-31,4.265,4.345,4.425,4.255,19646.04,12991.06,0.6583333333333333,,0.0
2022-11-01,4.385,4.425,4.455,4.345,44286.2,29488.933,0.6624251497005988,,0.0
2022-11-02,4.405,4.445,4.465,4.365,31153.91,20783.945,0.6634328358208955,,0.0
2022-11-03,4.405,4.4350000000000005,4.485,4.385,14746.54,9860.408,0.6629297458893871,,0.0
2022-11-04,4.4350000000000005,4.505,4.515,4.425,23296.0,15698.54,0.6664201183431953,,0.0
2022-11-07,4.495,4.615,4.6450000000000005,4.465,29217.78,19955.088,0.6717612809315866,,0.0
2022-11-08,4.605,4.595,4.705,4.565,31838.87,21943.121,0.6708029197080292,,0.0
2022-11-09,4.585,4.555,4.675,4.535,27964.0,19167.889,0.6688693098384728,,0.0
2022-11-10,4.525,4.555,4.605,4.455,33162.0,22551.205,0.6688693098384728,,0.0
2022-11-11,4.695,4.625,4.695,4.565,38155.0,26258.186,0.6722383720930233,,0.0
2022-11-14,4.695,4.675,4.755,4.625,37521.98,26081.863,0.6746031746031746,,0.0
2022-11-15,4.675,4.7250000000000005,4.755,4.655,30286.0,21082.753,0.6769340974212035,,0.0
2022-11-16,4.735,4.825,4.905,4.705,39406.4,27930.062,0.681497175141243,,0.0
2022-11-17,4.805,4.815,4.845,4.765,14539.0,10247.151,0.6810466760961811,,0.0
2022-11-18,4.835,4.785,4.865,4.775,18093.0,12793.41,0.6796875,,0.0
2022-11-21,4.765,4.715,4.805,4.6850000000000005,26778.78,18669.588,0.6764705882352942,,0.0
2022-11-22,4.745,4.7250000000000005,4.785,4.665,22653.5,15799.846,0.6769340974212035,,0.0
2022-11-23,4.7250000000000005,4.655,4.745,4.625,18208.75,12618.826,0.6736613603473227,,0.0
2022-11-24,4.655,4.675,4.735,4.6450000000000005,11618.55,8043.301,0.6746031746031746,,0.0
2022-11-25,4.675,4.7250000000000005,4.7250000000000005,4.625,19754.0,13714.247,0.6769340974212035,,0.0
2022-11-28,4.675,4.6450000000000005,4.695,4.595,21037.0,14472.598,0.6731884057971015,,0.0
2022-11-29,4.6450000000000005,4.775,4.785,4.625,25138.41,17511.94,0.6792318634423898,,0.0
2022-11-30,4.775,4.735,4.825,4.7250000000000005,26119.77,18342.889,0.6773962804005723,,0.0
2022-12-01,4.785,4.765,4.825,4.745,25310.35,17808.537,0.6787749287749287,,0.0
2022-12-02,4.765,4.815,4.835,4.745,26096.4,18413.036,0.6810466760961811,,0.0
2022-12-05,4.845,4.905,4.915,4.845,30263.08,21617.848,0.6850558659217877,,0.0
2022-12-06,4.885,4.885,4.965,4.845,29985.0,21449.022,0.6841736694677871,,0.0
2022-12-07,4.8950000000000005,4.9350000000000005,4.945,4.845,26997.6,19311.262,0.6863699582753825,,0.0
2022-12-08,4.9350000000000005,4.8950000000000005,4.955,4.835,31996.75,22885.528,0.6846153846153846,,0.0
2022-12-09,4.925,4.945,4.985,4.815,39071.87,27970.834,0.6868055555555556,,0.0
2022-12-12,4.9350000000000005,4.905,5.005,4.905,25509.72,18365.999,0.6850558659217877,,0.0
2022-12-13,4.905,5.025,5.035,4.8950000000000005,27880.97,20226.503,0.6902472527472527,,0.0
2022-12-14,5.005,5.075,5.105,4.9750000000000005,26169.42,19149.284,0.6923601637107777,,0.0
2022-12-15,5.075,4.945,5.105,4.925,36185.28,26249.31,0.6868055555555556,,0.0
2022-12-16,4.915,5.255,5.325,4.905,128919.43,95681.75,0.699733688415446,,0.0
2022-12-19,5.235,5.1450000000000005,5.305,4.905,122415.06,89540.437,0.6952702702702703,,0.0
2022-12-20,5.075,5.885000000000001,5.885000000000001,5.065,498327.21,398095.629,0.722972972972973,,0.0
2022-12-21,6.125000000000001,5.6450000000000005,6.2250000000000005,5.2250000000000005,475856.57,377596.313,0.7145569620253165,,0.0
2022-12-22,5.775,5.944999999999999,6.435,5.6450000000000005,526353.15,429750.92,0.725,,0.0
2022-12-23,5.465,5.125,5.595,5.125,401322.91,304229.724,0.6944444444444444,,0.0
2022-12-26,4.965,5.155,5.175,4.865,235598.54,170940.861,0.6956815114709852,,0.0
2022-12-27,5.045,5.045,5.095,4.905,186010.51,134987.82,0.6910958904109589,,0.0
2022-12-28,5.045,4.865,5.045,4.855,150286.0,107749.876,0.6832865168539326,,0.0
2022-12-29,4.815,4.755,4.925,4.745,120478.79,85069.12,0.6783166904422254,,0.0
2022-12-30,4.765,4.815,4.885,4.7250000000000005,99763.14,70292.792,0.6810466760961811,,0.0
2023-01-03,4.785,4.865,4.915,4.775,93154.25,66193.334,0.6832865168539326,,0.0
2023-01-04,4.865,4.855,4.8950000000000005,4.825,79207.77,56321.46,0.6828410689170183,,0.0
2023-01-05,4.855,4.955,4.995,4.825,100490.74,72190.097,0.687239944521498,,0.0
2023-01-06,4.945,4.8950000000000005,5.005,4.885,68135.2,48890.882,0.6846153846153846,,0.0
2023-01-09,4.915,5.005,5.065,4.915,78588.4,56857.469,0.6893939393939394,,0.0
2023-01-10,4.985,4.945,5.025,4.925,53265.0,38431.842,0.6868055555555556,,0.0
2023-01-11,4.945,4.875,4.995,4.875,55405.5,39812.684,0.6837307152875175,,0.0
2023-01-12,4.8950000000000005,4.905,4.955,4.875,36531.0,26180.554,0.6850558659217877,,0.0
2023-01-13,4.955,5.1450000000000005,5.285,4.915,114323.77,84349.02,0.6952702702702703,,0.0
2023-01-16,5.215,5.325,5.375,5.1450000000000005,120198.89,90538.737,0.7025065963060686,,0.0
2023-01-17,5.295,5.275,5.325,5.1850000000000005,59940.97,45049.227,0.700531208499336,,0.0
2023-01-18,5.295,5.255,5.305,5.155,45693.0,34246.692,0.699733688415446,,0.0
2023-01-19,5.2250000000000005,5.195,5.265,5.1450000000000005,39610.08,29581.734,0.6973154362416107,,0.0
2023-01-20,5.175,5.165,5.235,5.1450000000000005,39934.2,29691.862,0.6960916442048518,,0.0
2023-01-30,5.215,5.075,5.235,5.035,92928.0,68600.147,0.6923601637107777,,0.0
2023-01-31,5.095,5.105,5.135,5.015,47936.0,35092.532,0.6936141304347826,,0.0
2023-02-01,5.115,5.135,5.135,4.985,72689.98,53139.813,0.6948579161028416,,0.0
2023-02-02,5.135,5.1850000000000005,5.1850000000000005,5.065,46776.0,34570.912,0.6969086021505376,,0.0
2023-02-03,5.1850000000000005,5.035,5.1850000000000005,5.005,54738.4,40055.755,0.6906721536351166,,0.0
2023-02-06,5.035,4.945,5.055,4.9350000000000005,47273.0,34216.991,0.6868055555555556,,0.0
2023-02-07,4.985,5.035,5.035,4.955,30962.0,22475.406,0.6906721536351166,,0.0
2023-02-08,5.035,4.965,5.035,4.965,28058.0,20318.429,0.6876731301939059,,0.0
2023-02-09,4.965,5.015,5.025,4.9350000000000005,45514.22,33004.979,0.6898211829436038,,0.0
2023-02-10,5.015,5.045,5.045,4.985,28639.82,20836.209,0.6910958904109589,,0.0
2023-02-13,5.065,5.605,5.625,5.045,258588.07,197809.284,0.7131043256997456,,0.0
2023-02-14,5.535,5.445,5.535,5.3950000000000005,76432.0,58865.662,0.7071428571428572,,0.0
2023-02-15,5.465,5.365,5.465,5.315,55309.0,42110.002,0.7040682414698163,,0.0
2023-02-16,5.445,5.255,5.445,5.1850000000000005,68830.4,52160.34,0.699733688415446,,0.0
2023-02-17,5.255,5.275,5.365,5.2250000000000005,45382.57,34231.508,0.700531208499336,,0.0
2023-02-20,5.295,5.465,5.495,5.285,74836.82,57297.035,0.707901554404145,,0.0
2023-02-21,5.485,5.655,5.855,5.465,134339.85,106242.415,0.7149178255372945,,0.0
2023-02-22,5.695,5.6450000000000005,5.695,5.525,49747.0,39158.458,0.7145569620253165,,0.0
2023-02-23,5.6850000000000005,5.765,5.845,5.6450000000000005,79453.0,63735.058,0.7188279301745636,,0.0
2023-02-24,5.805000000000001,5.735,5.845,5.6850000000000005,50385.0,40321.677,0.7177722152690864,,0.0
2023-02-27,5.735,5.625,5.775,5.595,61060.47,48322.71,0.7138324873096447,,0.0
2023-02-28,5.635,5.7250000000000005,5.915,5.635,83801.0,67093.196,0.7174185463659148,,0.0
2023-03-01,5.705,5.715,5.784999999999999,5.655,50701.87,40359.502,0.7170639899623589,,0.0
2023-03-02,5.705,5.775,5.805000000000001,5.675,46526.0,37274.582,0.7191780821917808,,0.0
2023-03-03,5.765,5.845,5.864999999999999,5.735,46626.05,37608.616,0.721604938271605,,0.0
2023-03-06,5.845,5.855,6.075,5.805000000000001,65226.08,53314.284,0.7219482120838471,,0.0
2023-03-07,5.8950000000000005,5.835,6.125000000000001,5.815,75747.6,62378.332,0.7212608158220025,,0.0
2023-03-08,5.805000000000001,5.805000000000001,5.864999999999999,5.6450000000000005,42900.0,34485.791,0.7202233250620348,,0.0
2023-03-09,5.935,5.7250000000000005,5.965000000000001,5.715,34546.0,27712.805,0.7174185463659148,,0.0
2023-03-10,5.6850000000000005,5.615,5.705,5.565,42892.0,33789.319,0.7134688691232529,,0.0
2023-03-13,5.565,5.715,5.765,5.505,42299.05,33423.572,0.7170639899623589,,0.0
2023-03-14,5.715,5.605,5.715,5.455,47680.6,37303.334,0.7131043256997456,,0.0
2023-03-15,5.655,5.655,5.705,5.555,30269.6,23932.523,0.7149178255372945,,0.0
2023-03-16,5.6450000000000005,5.615,5.795000000000001,5.555,30612.13,24292.87,0.7134688691232529,,0.0
2023-03-17,5.655,5.4750000000000005,5.6850000000000005,5.445,92593.6,72207.66,0.7082794307891332,,0.0
2023-03-20,5.505,5.4750000000000005,5.535,5.355,45073.0,34692.695,0.7082794307891332,,0.0
2023-03-21,5.4750000000000005,5.735,5.735,5.445,51908.0,41010.829,0.7177722152690864,,0.0
2023-03-22,5.7250000000000005,5.795000000000001,5.805000000000001,5.665,31582.0,25296.566,0.7198757763975155,,0.0
2023-03-23,5.795000000000001,5.695,5.795000000000001,5.665,28282.56,22544.232,0.7163522012578617,,0.0
2023-03-24,5.695,5.515,5.695,5.505,35726.38,27935.35,0.7097812097812097,,0.0
2023-03-27,5.535,5.565,5.6850000000000005,5.465,58655.15,45977.509,0.7116368286445013,,0.0
2023-03-28,5.555,5.705,5.745,5.515,53401.15,42292.591,0.7167085427135679,,0.0
2023-03-29,5.695,5.585,5.7250000000000005,5.545,28072.15,22082.689,0.7123724489795918,,0.0
2023-03-30,5.565,5.765,5.795000000000001,5.555,45808.67,36473.68,0.7188279301745636,,0.0
2023-03-31,5.795000000000001,5.835,5.9750000000000005,5.745,53797.59,43778.756,0.7212608158220025,,0.0
2023-04-03,5.805000000000001,5.925,5.985,5.805000000000001,48477.11,39615.874,0.7243276283618582,,0.0
2023-04-04,5.915,5.845,5.955000000000001,5.805000000000001,33521.94,27194.869,0.721604938271605,,0.0
2023-04-06,5.875000000000001,5.695,5.875000000000001,5.6450000000000005,37303.0,29739.818,0.7163522012578617,,0.0
2023-04-07,5.695,5.695,5.805000000000001,5.665,24861.0,19811.943,0.7163522012578617,,0.0
2023-04-10,5.695,5.555,5.695,5.555,31927.15,25082.422,0.7112676056338029,,0.0
2023-04-11,5.575,5.615,5.635,5.495,18233.43,14282.622,0.7134688691232529,,0.0
2023-04-12,5.615,5.555,5.675,5.535,20517.0,16106.752,0.7112676056338029,,0.0
2023-04-13,5.575,5.595,5.6450000000000005,5.515,20181.0,15817.669,0.7127388535031847,,0.0
2023-04-14,5.605,5.595,5.795000000000001,5.565,34596.0,27361.178,0.7127388535031847,,0.0
2023-04-17,5.595,5.675,5.805000000000001,5.535,47074.0,37281.477,0.7156368221941992,,0.0
2023-04-18,5.695,5.885000000000001,5.995,5.615,67514.0,54511.837,0.722972972972973,,0.0
2023-04-19,5.925,5.9750000000000005,6.065,5.835,63210.0,51923.448,0.7260024301336574,,0.0
2023-04-20,5.944999999999999,5.9750000000000005,6.055000000000001,5.795000000000001,46159.04,37770.577,0.7260024301336574,,0.0
2023-04-21,5.944999999999999,5.9750000000000005,6.185,5.925,66012.82,54789.6,0.7260024301336574,,0.0
2023-04-24,6.185,6.1450000000000005,6.275,5.944999999999999,131376.92,109727.271,0.7315476190476191,,0.0
2023-04-25,6.105,6.095,6.155,5.915,59560.0,49370.103,0.729940119760479,,0.0
2023-04-26,6.065,6.165,6.175,5.965000000000001,45074.0,37550.494,0.732185273159145,,0.0
2023-04-27,6.125000000000001,6.155,6.295000000000001,6.045000000000001,43494.76,36686.945,0.7318668252080857,,0.0
2023-04-28,6.155,6.255,6.325,6.045000000000001,47513.76,40215.955,0.7350176263219742,,0.0
2023-05-04,6.2250000000000005,6.755,6.805000000000001,6.205000000000001,125910.75,111748.228,0.7497225305216426,,0.0
2023-05-05,6.715000000000001,6.915,6.9750000000000005,6.565,134226.24,121550.284,0.7540894220283534,,0.0
2023-05-08,6.915,6.925,6.9750000000000005,6.694999999999999,64145.6,58412.708,0.7543572984749456,,0.0
2023-05-09,6.845,6.925,7.175,6.805000000000001,67725.71,62268.729,0.7543572984749456,,0.0
2023-05-10,6.885000000000001,6.7250000000000005,6.925,6.675,57660.2,52005.906,0.7488864142538976,,0.0
2023-05-11,6.784999999999999,6.885000000000001,6.905,6.745,35790.0,32579.934,0.7532822757111598,,0.0
2023-05-12,6.845,7.215000000000001,7.325,6.815,125454.02,118037.407,0.7618796198521648,,0.0
2023-05-15,7.1450000000000005,6.885000000000001,7.1450000000000005,6.635000000000001,101851.0,92237.574,0.7532822757111598,,0.0
2023-05-16,6.745,6.745,6.875000000000001,6.595,87837.82,78741.109,0.7494444444444445,,0.0
2023-05-17,6.755,6.965000000000001,6.995,6.665,57662.08,52592.244,0.7554229934924078,,0.0
2023-05-18,6.905,6.875000000000001,6.965000000000001,6.775,26441.67,24071.35,0.7530120481927711,,0.0
2023-05-19,6.864999999999999,6.845,6.905,6.665,30300.0,27445.887,0.7521978021978022,,0.0
2023-05-22,6.795000000000001,6.825,6.955000000000001,6.685,51127.72,46403.13,0.7516519823788547,,0.0
2023-05-23,6.784999999999999,6.635000000000001,6.8950000000000005,6.635000000000001,37731.0,33841.512,0.7463442069741283,,0.0
2023-05-24,6.625000000000001,6.485,6.625000000000001,6.455000000000001,35882.63,31547.35,0.7419908466819222,,0.0
2023-05-25,6.444999999999999,6.545000000000001,6.6450000000000005,6.315,55308.0,48177.968,0.74375,,0.0
2023-05-26,6.534999999999999,6.455000000000001,6.534999999999999,6.364999999999999,22624.0,19653.185,0.741102181400689,,0.0
2023-05-29,6.455000000000001,6.375000000000001,6.534999999999999,6.335,41538.49,36046.532,0.738702201622248,,0.0
2023-05-30,6.425,6.435,6.455000000000001,6.245,21656.0,18646.302,0.740506329113924,,0.0
2023-05-31,6.435,6.345,6.435,6.325,21795.0,18765.092,0.7377906976744186,,0.0
2023-06-01,6.375000000000001,6.505,6.694999999999999,6.345,37866.0,33343.759,0.742579908675799,,0.0
2023-06-02,6.505,6.485,6.545000000000001,6.415,31397.0,27411.674,0.7419908466819222,,0.0
2023-06-05,6.515,6.805000000000001,6.815,6.465000000000001,68445.4,61334.374,0.7511037527593819,,0.0
2023-06-06,6.845,6.665,6.845,6.635000000000001,31689.0,28494.57,0.7471973094170403,,0.0
2023-06-07,6.665,6.745,6.915,6.614999999999999,37739.0,33990.431,0.7494444444444445,,0.0
2023-06-08,6.735,6.815,6.825,6.595,64244.32,57606.725,0.7513781697905182,,0.0
2023-06-09,6.745000000000001,6.395000000000001,6.765000000000001,6.195,115016.11,93596.233,0.7944099378881988,,0.0
2023-06-12,6.405000000000001,6.655000000000001,6.735000000000001,6.345000000000001,51170.0,42194.568,0.8008423586040916,,0.0
2023-06-13,6.645000000000001,6.495000000000001,6.6850000000000005,6.395000000000001,41282.0,33646.677,0.7969325153374234,,0.0
2023-06-14,6.535,6.465,6.565000000000001,6.415000000000001,32488.02,26410.859,0.7961822660098523,,0.0
2023-06-15,6.505000000000001,6.525,6.565000000000001,6.415000000000001,28026.0,22881.149,0.797677261613692,,0.0
2023-06-16,6.535,6.255000000000001,6.585000000000001,6.234999999999999,68457.43,54809.811,0.790771175726928,,0.0
2023-06-19,6.285,6.154999999999999,6.285,6.065,55562.53,43440.506,0.7880921895006402,,0.0
2023-06-20,6.154999999999999,6.095000000000001,6.195,6.075000000000001,19959.0,15525.567,0.7864516129032258,,0.0
2023-06-21,6.075000000000001,6.125,6.275,6.005000000000001,53351.0,41700.742,0.7872750642673522,,0.0
2023-06-26,6.154999999999999,6.225,6.335000000000001,5.965,57566.68,45204.614,0.7899746192893401,,0.0
2023-06-27,6.165000000000001,6.625,6.635,6.165000000000001,57458.65,46915.681,0.80012077294686,,0.0
2023-06-28,6.625,6.635,6.675000000000001,6.475000000000001,34419.04,28336.557,0.8003618817852836,,0.0
2023-06-29,6.665000000000001,6.705,6.915000000000001,6.545,53965.0,45448.663,0.8020334928229665,,0.0
2023-06-30,6.795,6.765000000000001,6.885,6.705,39668.0,33524.31,0.8034441805225654,,0.0
2023-07-03,6.845000000000001,6.825000000000001,6.955,6.755000000000001,68757.0,58428.498,0.8048349056603774,,0.0
2023-07-04,6.775,6.655000000000001,6.895000000000001,6.595000000000001,57394.85,47862.224,0.8008423586040916,,0.0
2023-07-05,6.695,6.565000000000001,6.705,6.505000000000001,41144.94,33782.166,0.7986618004866181,,0.0
2023-07-06,6.575000000000001,6.4350000000000005,6.605,6.385,36711.06,29787.805,0.7954264524103832,,0.0
2023-07-07,6.445,6.455,6.495000000000001,6.365,28537.32,23086.733,0.7959309494451295,,0.0
2023-07-10,6.515000000000001,6.465,6.595000000000001,6.445,48055.0,39209.808,0.7961822660098523,,0.0
2023-07-11,6.505000000000001,6.605,6.6850000000000005,6.4350000000000005,68665.94,56507.241,0.7996368038740921,,0.0
2023-07-12,6.6850000000000005,6.415000000000001,6.695,6.405000000000001,44024.0,36106.53,0.794919454770756,,0.0
2023-07-13,6.485000000000001,6.485000000000001,6.505000000000001,6.385,32201.0,26099.792,0.7966830466830468,,0.0
2023-07-14,6.445,6.375,6.525,6.335000000000001,51437.2,41505.759,0.7938978829389789,,0.0
2023-07-17,6.405000000000001,6.515000000000001,6.525,6.275,48569.0,39438.863,0.7974296205630356,,0.0
2023-07-18,6.505000000000001,6.625,6.6850000000000005,6.495000000000001,71120.87,58678.207,0.80012077294686,,0.0
2023-07-19,6.575000000000001,6.705,6.765000000000001,6.565000000000001,41518.85,34606.851,0.8020334928229665,,0.0
2023-07-20,6.715,6.835000000000001,6.9350000000000005,6.655000000000001,88947.99,75475.695,0.8050647820965843,,0.0
2023-07-21,6.815000000000001,6.865,6.985000000000001,6.785,47680.89,40764.347,0.8057511737089202,,0.0
2023-07-24,6.855,6.815000000000001,6.945,6.775,36639.0,31059.299,0.8046044864226684,,0.0
2023-07-25,6.855,6.825000000000001,6.915000000000001,6.6850000000000005,49862.0,41999.036,0.8048349056603774,,0.0
2023-07-26,6.825000000000001,6.765000000000001,6.825000000000001,6.625,50873.0,42497.855,0.8034441805225654,,0.0
2023-07-27,6.795,6.775,6.845000000000001,6.695,28890.0,24363.388,0.8036773428232503,,0.0
2023-07-28,6.765000000000001,6.995000000000001,7.135,6.655000000000001,64795.9,55805.457,0.808670520231214,,0.0
2023-07-31,7.225000000000001,7.115,7.225000000000001,6.875,57860.0,50323.634,0.8112884834663626,,0.0
2023-08-01,7.105,7.015000000000001,7.125,6.985000000000001,45302.0,39392.657,0.8091118800461362,,0.0
2023-08-02,6.995000000000001,6.945,6.995000000000001,6.835000000000001,37221.63,31888.386,0.8075581395348838,,0.0
2023-08-03,6.905000000000001,6.855,6.945,6.835000000000001,25195.5,21479.296,0.8055229142185665,,0.0
2023-08-04,6.845000000000001,6.675000000000001,6.915000000000001,6.645000000000001,40943.91,34428.591,0.8013205282112846,,0.0
2023-08-07,6.675000000000001,6.705,6.755000000000001,6.565000000000001,41494.59,34499.002,0.8020334928229665,,0.0
2023-08-08,6.745000000000001,6.725000000000001,6.765000000000001,6.625,21424.0,17922.036,0.8025059665871123,,0.0
2023-08-09,6.725000000000001,6.615,6.725000000000001,6.595000000000001,18356.0,15233.754,0.7998790810157196,,0.0
2023-08-10,6.615,6.945,6.995000000000001,6.575000000000001,56702.58,48167.337,0.8075581395348838,,0.0
2023-08-11,6.9350000000000005,6.945,7.045,6.875,27272.68,23466.095,0.8075581395348838,,0.0
2023-08-14,6.845000000000001,7.095000000000001,7.125,6.725000000000001,64383.0,55723.161,0.8108571428571429,,0.0
2023-08-15,7.045,7.235000000000001,7.335000000000001,6.955,58872.86,52164.541,0.8138357705286839,,0.0
2023-08-16,7.265000000000001,7.1850000000000005,7.345000000000001,7.145000000000001,61758.0,54768.963,0.8127828054298644,,0.0
2023-08-17,7.145000000000001,7.235000000000001,7.285,7.095000000000001,47010.0,41517.853,0.8138357705286839,,0.0
2023-08-18,7.195,7.165000000000001,7.3050000000000015,7.155000000000001,33438.0,29709.403,0.812358276643991,,0.0
2023-08-21,7.145000000000001,7.255000000000001,7.495000000000001,7.115,80090.0,71959.742,0.814253647586981,,0.0
2023-08-22,7.255000000000001,7.1850000000000005,7.285,7.065000000000001,44592.0,39396.263,0.8127828054298644,,0.0
2023-08-23,7.165000000000001,7.095000000000001,7.235000000000001,6.915000000000001,52782.6,45935.224,0.8108571428571429,,0.0
2023-08-24,7.105,7.015000000000001,7.1850000000000005,6.9350000000000005,50067.52,43623.729,0.8091118800461362,,0.0
2023-08-25,6.945,6.835000000000001,7.015000000000001,6.6850000000000005,62970.9,53337.561,0.8050647820965843,,0.0
2023-08-28,7.095000000000001,6.635,7.245000000000001,6.545,107412.82,89660.697,0.8003618817852836,,0.0
2023-08-29,6.585000000000001,6.835000000000001,6.925000000000001,6.5550000000000015,65386.0,55313.518,0.8050647820965843,,0.0
2023-08-30,6.855,6.975000000000001,7.045,6.765000000000001,50418.74,43257.35,0.8082271147161066,,0.0
2023-08-31,6.945,6.785,7.065000000000001,6.755000000000001,46224.2,39330.546,0.8039099526066351,,0.0
2023-09-01,6.8050000000000015,6.885,6.9350000000000005,6.745000000000001,38046.02,32361.376,0.8062060889929743,,0.0
2023-09-04,6.955,6.895000000000001,7.005000000000001,6.855,37739.82,32361.076,0.8064327485380118,,0.0
2023-09-05,6.895000000000001,6.795,6.915000000000001,6.765000000000001,27513.47,23291.452,0.8041420118343195,,0.0
2023-09-06,6.795,6.6850000000000005,6.865,6.645000000000001,40076.47,33557.197,0.801558752997602,,0.0
2023-09-07,6.6850000000000005,6.745000000000001,6.855,6.655000000000001,30183.0,25393.812,0.8029761904761905,,0.0
2023-09-08,6.795,6.675000000000001,6.795,6.635,14229.0,11869.406,0.8013205282112846,,0.0
2023-09-11,6.665000000000001,7.005000000000001,7.035,6.655000000000001,55688.0,47839.683,0.8088914549653581,,0.0
2023-09-12,6.965,6.845000000000001,6.995000000000001,6.785,32507.0,27688.073,0.8052941176470589,,0.0
2023-09-13,6.845000000000001,6.835000000000001,6.905000000000001,6.745000000000001,18699.0,15831.589,0.8050647820965843,,0.0
2023-09-14,6.825000000000001,7.085000000000001,7.135,6.755000000000001,58038.82,50305.765,0.8106407322654463,,0.0
2023-09-15,7.125,7.065000000000001,7.175000000000001,6.945,33194.0,28965.491,0.8102064220183487,,0.0
2023-09-18,7.045,7.155000000000001,7.215,6.895000000000001,62434.0,54521.246,0.8121452894438139,,0.0
2023-09-19,7.125,7.235000000000001,7.285,7.0550000000000015,36844.0,32576.804,0.8138357705286839,,0.0
2023-09-20,7.225000000000001,7.195,7.355,7.085000000000001,53430.0,47374.329,0.8129943502824859,,0.0
2023-09-21,7.195,6.955,7.215,6.945,40879.0,35486.293,0.8077816492450639,,0.0
2023-09-22,6.965,6.995000000000001,7.075000000000001,6.925000000000001,27659.0,23939.16,0.808670520231214,,0.0
2023-09-25,6.965,7.065000000000001,7.215,6.945,47814.0,41921.488,0.8102064220183487,,0.0
2023-09-26,7.045,7.145000000000001,7.295,7.045,61585.0,54484.683,0.8119318181818183,,0.0
2023-09-27,7.175000000000001,7.115,7.265000000000001,7.075000000000001,27546.4,24247.177,0.8112884834663626,,0.0
2023-09-28,7.115,7.1850000000000005,7.265000000000001,7.115,27789.88,24578.97,0.8127828054298644,,0.0
2023-10-09,7.175000000000001,7.045,7.195,6.995000000000001,25786.88,22441.313,0.8097701149425288,,0.0
2023-10-10,7.075000000000001,6.905000000000001,7.095000000000001,6.8050000000000015,42227.0,36164.785,0.806658878504673,,0.0
2023-10-11,6.9350000000000005,6.925000000000001,6.955,6.845000000000001,33814.0,28919.82,0.8071095571095572,,0.0
2023-10-12,6.885,6.865,6.975000000000001,6.815000000000001,39225.0,33391.883,0.8057511737089202,,0.0
2023-10-13,6.845000000000001,6.735000000000001,6.855,6.705,43676.12,36756.779,0.8027413587604292,,0.0
2023-10-16,6.735000000000001,6.915000000000001,6.945,6.6850000000000005,39907.19,33919.232,0.8068844807467912,,0.0
2023-10-17,6.875,7.075000000000001,7.145000000000001,6.875,44451.0,38725.795,0.8104238258877435,,0.0
2023-10-18,7.065000000000001,6.855,7.125,6.815000000000001,41775.0,35922.546,0.8055229142185665,,0.0
2023-10-19,6.885,6.595000000000001,6.915000000000001,6.575000000000001,49311.0,40992.243,0.7993939393939394,,0.0
2023-10-20,6.545,6.585000000000001,6.705,6.535,39087.0,32265.803,0.7991504854368933,,0.0
2023-10-23,6.585000000000001,6.405000000000001,6.585000000000001,6.395000000000001,36540.0,29631.26,0.794665012406948,,0.0
2023-10-24,6.415000000000001,6.675000000000001,6.6850000000000005,6.415000000000001,50851.88,41892.503,0.8013205282112846,,0.0
2023-10-25,6.695,6.515000000000001,6.745000000000001,6.275,75765.0,61951.654,0.7974296205630356,,0.0
2023-10-26,6.545,6.6850000000000005,6.755000000000001,6.4350000000000005,55196.88,45827.381,0.801558752997602,,0.0
2023-10-27,6.795,7.1850000000000005,7.385,6.695,120055.41,106152.492,0.8127828054298644,,0.0
2023-10-30,7.075000000000001,6.995000000000001,7.255000000000001,6.905000000000001,68585.5,59534.838,0.808670520231214,,0.0
2023-10-31,7.035,6.945,7.045,6.905000000000001,28025.0,24149.821,0.8075581395348838,,0.0
2023-11-01,7.025,7.045,7.175000000000001,6.885,44529.0,38724.285,0.8097701149425288,,0.0
2023-11-02,7.045,7.005000000000001,7.075000000000001,6.905000000000001,38091.0,33022.132,0.8088914549653581,,0.0
2023-11-03,7.105,7.125,7.195,6.985000000000001,41330.41,36320.32,0.8115034168564921,,0.0
2023-11-06,7.135,6.915000000000001,7.215,6.8050000000000015,61309.41,52696.955,0.8068844807467912,,0.0
2023-11-07,6.925000000000001,6.895000000000001,6.985000000000001,6.855,27949.33,23953.017,0.8064327485380118,,0.0
2023-11-08,6.915000000000001,6.795,6.965,6.755000000000001,43334.2,36788.429,0.8041420118343195,,0.0
2023-11-09,6.825000000000001,6.765000000000001,6.825000000000001,6.695,31351.84,26362.388,0.8034441805225654,,0.0
2023-11-10,6.745000000000001,6.745000000000001,6.835000000000001,6.675000000000001,30075.12,25353.165,0.8029761904761905,,0.0
2023-11-13,6.745000000000001,6.765000000000001,6.825000000000001,6.695,30418.87,25551.389,0.8034441805225654,,0.0
2023-11-14,6.735000000000001,6.755000000000001,6.825000000000001,6.715,33099.08,27882.651,0.8032104637336505,,0.0
2023-11-15,6.775,6.865,6.865,6.735000000000001,28414.88,23998.418,0.8057511737089202,,0.0
2023-11-16,6.865,6.895000000000001,6.925000000000001,6.815000000000001,34363.41,29329.229,0.8064327485380118,,0.0
2023-11-17,6.855,6.975000000000001,7.075000000000001,6.825000000000001,45167.0,38991.411,0.8082271147161066,,0.0
2023-11-20,6.975000000000001,6.785,7.025,6.725000000000001,58307.87,49392.78,0.8039099526066351,,0.0
2023-11-21,6.795,6.775,6.875,6.755000000000001,44958.8,38072.518,0.8036773428232503,,0.0
2023-11-22,6.8050000000000015,6.755000000000001,6.885,6.745000000000001,28806.24,24378.327,0.8032104637336505,,0.0
2023-11-23,6.755000000000001,6.895000000000001,6.895000000000001,6.745000000000001,27979.79,23791.282,0.8064327485380118,,0.0
2023-11-24,6.905000000000001,6.875,6.945,6.815000000000001,21739.92,18523.502,0.805978898007034,,0.0
2023-11-27,6.985000000000001,6.965,7.005000000000001,6.855,32566.68,27958.625,0.8080046403712298,,0.0
2023-11-28,6.965,7.1850000000000005,7.205,6.915000000000001,61503.36,53910.733,0.8127828054298644,,0.0
2023-11-29,7.1850000000000005,7.335000000000001,7.375,7.145000000000001,69091.79,61783.556,0.8159065628476085,,0.0
2023-11-30,7.335000000000001,7.375,7.385,7.165000000000001,63342.94,56709.504,0.8167220376522702,,0.0
2023-12-01,7.395000000000001,7.395000000000001,7.525,7.3050000000000015,62050.97,56257.482,0.8171270718232045,,0.0
2023-12-04,7.435,7.455,7.475000000000001,7.365,53238.62,48417.194,0.818331503841932,,0.0
2023-12-05,7.495000000000001,7.435,7.525,7.355,48940.0,44653.358,0.817931793179318,,0.0
2023-12-06,7.445,7.425000000000001,7.525,7.355,51695.0,46932.849,0.8177312775330398,,0.0
2023-12-07,7.385,7.225000000000001,7.495000000000001,7.105,103114.05,91882.208,0.8136261261261262,,0.0
2023-12-08,7.195,6.795,7.195,6.795,113261.05,98209.026,0.8041420118343195,,0.0
2023-12-11,6.845000000000001,7.165000000000001,7.3050000000000015,6.845000000000001,149802.93,131614.139,0.812358276643991,,0.0
2023-12-12,7.175000000000001,7.545,7.595000000000001,7.135,109143.83,99326.704,0.8201086956521739,,0.0
2023-12-13,7.515000000000001,7.415000000000001,7.5550000000000015,7.385,36010.62,32812.689,0.8175303197353915,,0.0
2023-12-14,7.445,7.365,7.495000000000001,7.335000000000001,27788.7,25162.281,0.8165188470066519,,0.0
2023-12-15,7.465,7.365,7.485000000000001,7.325000000000001,32459.0,29371.21,0.8165188470066519,,0.0
2023-12-18,7.3050000000000015,7.3050000000000015,7.455,7.295,26761.0,24116.953,0.8152901785714287,,0.0
2023-12-19,7.3050000000000015,7.315000000000001,7.345000000000001,7.235000000000001,25562.7,22845.841,0.8154960981047938,,0.0
2023-12-20,7.345000000000001,7.175000000000001,7.345000000000001,7.165000000000001,35246.0,31374.269,0.8125707814269536,,0.0
2023-12-21,7.205,7.455,7.475000000000001,7.145000000000001,40720.1,36640.359,0.818331503841932,,0.0
2023-12-22,7.385,7.375,7.535,7.295,45672.17,41368.63,0.8167220376522702,,0.0
2023-12-25,7.3050000000000015,7.195,7.405000000000001,6.925000000000001,60312.0,53017.113,0.8129943502824859,,0.0
2023-12-26,7.1850000000000005,7.205,7.275,7.085000000000001,37212.0,32857.955,0.8132054176072235,,0.0
2023-12-27,7.145000000000001,7.375,7.445,7.075000000000001,39842.0,35612.59,0.8167220376522702,,0.0
2023-12-28,7.345000000000001,7.0550000000000015,7.355,7.035,80819.18,70948.662,0.8099885189437429,,0.0
2023-12-29,7.045,7.295,7.445,7.035,71812.54,64149.494,0.8150837988826817,,0.0
2024-01-02,7.295,7.385,7.485000000000001,7.225000000000001,52471.66,47275.28,0.816924778761062,,0.0
2024-01-03,7.375,7.465,7.525,7.265000000000001,51629.0,46775.14,0.818530701754386,,0.0
2024-01-04,7.455,7.585000000000001,7.635,7.355,48144.31,44124.269,0.820887445887446,,0.0
2024-01-05,7.595000000000001,7.535,7.725000000000001,7.475000000000001,66118.03,61267.162,0.8199129488574538,,0.0
2024-01-08,7.535,7.515000000000001,7.685,7.415000000000001,54135.0,50112.051,0.8195201744820066,,0.0
2024-01-09,7.545,7.925000000000001,7.945,7.465,107478.68,101594.191,0.8272442588726514,,0.0
2024-01-10,7.885,7.775,7.925000000000001,7.655000000000001,70012.96,65735.659,0.8244962884411453,,0.0
2024-01-11,7.705,7.595000000000001,7.775,7.535,60585.51,56220.579,0.8210810810810811,,0.0
2024-01-12,7.545,7.575000000000001,7.665000000000001,7.485000000000001,67129.97,61921.893,0.8206933911159264,,0.0
2024-01-15,7.5550000000000015,7.845000000000001,7.885,7.525,60757.92,57155.881,0.8257894736842106,,0.0
2024-01-16,7.845000000000001,7.855,7.905000000000001,7.715,48488.0,45835.131,0.8259726603575185,,0.0
2024-01-17,7.835000000000001,7.965,8.115,7.815000000000001,88691.08,85917.694,0.827962577962578,,0.0
2024-01-18,7.965,7.835000000000001,7.985000000000001,7.595000000000001,84587.12,79519.462,0.8256059009483667,,0.0
2024-01-19,7.795,7.675000000000001,7.945,7.615,61419.64,57706.766,0.8226152197213291,,0.0
2024-01-22,7.665000000000001,7.265000000000001,7.725000000000001,7.255000000000001,64504.54,59256.937,0.8144618834080718,,0.0
2024-01-23,7.265000000000001,7.275,7.465,7.145000000000001,61953.25,55300.924,0.8146696528555432,,0.0
2024-01-24,7.295,7.595000000000001,7.825000000000001,7.245000000000001,116282.11,106472.471,0.8210810810810811,,0.0
2024-01-25,7.525,7.645000000000001,7.715,7.495000000000001,53725.31,49866.642,0.8220430107526883,,0.0
2024-01-26,7.635,7.915000000000001,8.095,7.595000000000001,76769.48,73314.517,0.8270637408568444,,0.0
2024-01-29,8.035,7.985000000000001,8.415000000000001,7.815000000000001,82205.0,79527.981,0.8283195020746889,,0.0
2024-01-30,7.945,7.915000000000001,8.115,7.705,65431.0,62840.813,0.8270637408568444,,0.0
2024-01-31,7.835000000000001,7.845000000000001,8.125,7.735000000000001,94297.07,90368.079,0.8257894736842106,,0.0
2024-02-01,7.755000000000001,7.785,7.995000000000001,7.465,76561.59,71998.22,0.8246822033898306,,0.0
2024-02-02,7.795,8.045,8.045,7.655000000000001,103148.88,98771.36,0.8293814432989691,,0.0
2024-02-05,8.025,8.125,8.145000000000001,7.705,114530.37,110077.931,0.8307770961145194,,0.0
2024-02-06,7.975000000000001,8.295,8.795,7.745000000000001,135674.64,134463.511,0.8336683417085428,,0.0
2024-02-07,8.315000000000001,8.195,8.345,7.925000000000001,93190.07,91219.726,0.8319796954314721,,0.0
2024-02-08,8.155000000000001,8.535,8.535,7.855,120763.81,118613.77,0.837585868498528,,0.0
2024-02-19,8.445,9.015,9.015,8.405000000000001,129385.87,134903.57,0.844892221180881,,0.0
2024-02-20,8.895000000000001,8.855,8.945,8.665000000000001,83486.56,87340.414,0.8425309229305424,,0.0
2024-02-21,8.785,8.645000000000001,8.935,8.645000000000001,95875.06,100027.257,0.8393203883495146,,0.0
2024-02-22,8.535,8.705,8.765,8.445,78818.66,80693.767,0.8402509652509653,,0.0
2024-02-23,8.645000000000001,8.355,8.685,8.285,140379.04,141287.995,0.8346653346653348,,0.0
2024-02-26,8.365,8.495000000000001,8.515,8.175,78649.44,79077.83,0.8369458128078818,,0.0
2024-02-27,8.475000000000001,8.455,8.575000000000001,8.345,66429.4,67003.694,0.8363006923837785,,0.0
2024-02-28,8.445,8.645000000000001,8.825000000000001,8.425,108279.88,111542.946,0.8393203883495146,,0.0
2024-02-29,8.645000000000001,8.735000000000001,8.785,8.475000000000001,81812.67,84439.692,0.8407122232916266,,0.0
2024-03-01,8.725000000000001,8.855,8.905000000000001,8.625,70898.32,74015.983,0.8425309229305424,,0.0
2024-03-04,8.805000000000001,8.585,8.815000000000001,8.475000000000001,69257.69,70882.994,0.8383789062500001,,0.0
2024-03-05,8.575000000000001,9.055,9.215,8.485000000000001,99614.0,104880.4,0.8454715219421103,,0.0
2024-03-06,8.935,9.085,9.115,8.905000000000001,65372.0,69745.19,0.845903165735568,,0.0
2024-03-07,8.985000000000001,9.045,9.225,8.985000000000001,63152.94,67906.468,0.8453271028037384,,0.0
2024-03-08,9.045,9.435,9.705,9.015,97251.48,107480.617,0.8507664562669072,,0.0
2024-03-11,9.385,9.475,9.545,9.165,61888.02,67903.955,0.8513027852650494,,0.0
2024-03-12,9.365,9.015,9.405,8.945,84233.16,90484.666,0.844892221180881,,0.0
2024-03-13,9.015,8.945,9.115,8.645000000000001,100636.04,105784.138,0.843867924528302,,0.0
2024-03-14,8.845,9.175,9.325,8.785,83656.64,90030.084,0.8471837488457987,,0.0
2024-03-15,9.175,9.125,9.235,8.955,51227.0,54798.159,0.8464749536178108,,0.0
2024-03-18,9.045,8.975000000000001,9.065,8.795,70188.0,74071.642,0.8443085606773284,,0.0
2024-03-19,8.905000000000001,8.945,9.025,8.875,41123.0,43627.169,0.843867924528302,,0.0
2024-03-20,8.925,9.245,9.285,8.725000000000001,92194.49,97566.782,0.8481651376146789,,0.0
2024-03-21,9.155,9.075,9.225,9.025,34284.0,36895.889,0.8457595526561045,,0.0
2024-03-22,9.045,9.125,9.245,8.845,49158.8,52813.906,0.8464749536178108,,0.0
2024-03-25,9.045,9.175,9.395,8.985000000000001,47722.0,51934.953,0.8471837488457987,,0.0
2024-03-26,9.115,9.335,9.375,9.095,49907.59,54532.684,0.8494085532302094,,0.0
2024-03-27,9.285,9.175,9.395,9.165,36447.54,39831.086,0.8471837488457987,,0.0
2024-03-28,9.175,9.185,9.295,9.005,46029.0,49908.409,0.8473247232472325,,0.0
2024-03-29,9.175,9.125,9.225,9.035,34092.0,36787.569,0.8464749536178108,,0.0
2024-04-01,9.095,8.865,9.205,8.485000000000001,122189.0,127401.741,0.842680608365019,,0.0
2024-04-02,8.765,9.055,9.105,8.655000000000001,67160.9,71166.908,0.8454715219421103,,0.0
2024-04-03,9.025,9.305,9.325,8.975000000000001,57504.9,62487.342,0.8489963503649636,,0.0
2024-04-08,9.255,9.345,9.405,9.225,54500.21,59863.237,0.8495454545454546,,0.0
2024-04-09,9.345,9.145,9.375,9.085,45959.53,49768.89,0.8467592592592593,,0.0
2024-04-10,9.075,9.195,9.315,9.065,33169.0,36074.527,0.8474654377880185,,0.0
2024-04-11,9.165,9.045,9.245,8.955,55010.0,59097.263,0.8453271028037384,,0.0
2024-04-12,9.085,9.225,9.305,9.015,52573.0,56965.995,0.8478860294117648,,0.0
2024-04-15,9.295,9.305,9.365,9.075,61708.0,67325.122,0.8489963503649636,,0.0
2024-04-16,9.315,9.055,9.375,8.975000000000001,74430.0,80896.09,0.8454715219421103,,0.0
2024-04-17,9.085,9.605,9.605,8.965,97317.04,107662.163,0.8530195381882771,,0.0
2024-04-18,9.635,9.695,9.775,9.425,76813.32,86780.274,0.8541850220264318,,0.0
2024-04-19,9.645,9.615,9.705,9.445,62140.49,69751.745,0.8531499556344277,,0.0
2024-04-22,9.605,9.445,9.635,9.305,51887.0,57648.225,0.850900900900901,,0.0
2024-04-23,9.475,9.105,9.535,9.035,73485.32,79936.786,0.846189591078067,,0.0
2024-04-24,9.015,9.235,9.255,8.915000000000001,59213.88,63623.852,0.8480257116620754,,0.0
2024-04-25,9.185,8.965,9.235,8.915000000000001,57605.0,61638.337,0.8441619585687383,,0.0
2024-04-26,9.175,9.095,9.535,9.055,114434.1,124983.472,0.846046511627907,,0.0
2024-04-29,9.145,9.055,9.225,8.935,75297.72,80584.112,0.8454715219421103,,0.0
2024-04-30,9.055,9.305,9.405,9.055,75663.0,82921.707,0.8489963503649636,,0.0
2024-05-06,9.305,9.235,9.465,8.955,79918.49,86742.242,0.8480257116620754,,0.0
2024-05-07,9.205,9.155,9.295,9.055,61771.24,66863.378,0.8469010175763183,,0.0
2024-05-08,9.195,9.005,9.205,8.965,50407.5,53924.741,0.8447467166979362,,0.0
2024-05-09,8.955,9.035,9.135,8.955,42168.95,45120.571,0.8451824134705332,,0.0
2024-05-10,9.025,8.915000000000001,9.115,8.775,68454.1,72185.858,0.8434247871333964,,0.0
2024-05-13,9.005,9.315,9.345,8.895000000000001,102476.0,110945.552,0.8491340018231541,,0.0
2024-05-14,9.315,9.485,9.525,9.245,84732.52,93974.29,0.8514362657091562,,0.0
2024-05-15,9.415,9.605,9.685,9.405,83120.18,93635.871,0.8530195381882771,,0.0
2024-05-16,9.685,9.545,9.745,9.375,60697.1,67927.967,0.8522321428571429,,0.0
2024-05-17,9.465,9.425,9.735,9.305,45384.0,50232.337,0.8506317689530687,,0.0
2024-05-20,9.385,9.815,9.895,9.325,89062.0,100859.537,0.8557105492589364,,0.0
2024-05-21,9.815,9.895,10.005,9.705,47912.0,55132.647,0.8567099567099568,,0.0
2024-05-22,9.805,9.525,9.905,9.525,44063.0,49955.135,0.8519677996422182,,0.0
2024-05-23,9.495,9.505,9.575,9.415,47027.7,52390.404,0.8517025089605735,,0.0
2024-05-24,9.495,9.505,9.685,9.455,34216.0,38375.936,0.8517025089605735,,0.0
2024-05-27,9.505,9.535,9.605,9.445,33326.0,37242.172,0.852100089365505,,0.0
2024-05-28,9.535,9.615,9.725,9.425,46335.5,52009.774,0.8531499556344277,,0.0
2024-05-29,9.565,9.575,9.635,9.455,26985.0,30217.01,0.8526268922528941,,0.0
2024-05-30,9.565,9.785,9.915,9.565,58661.89,66994.475,0.8553321678321679,,0.0
2024-05-31,9.785,9.655,9.825,9.615,36571.0,41519.637,0.8536693191865606,,0.0
2024-06-03,9.615,9.625,9.815,9.545,35362.0,40077.204,0.8532801418439717,,0.0
2024-06-04,9.605,9.965,10.025,9.545,60213.51,69432.598,0.8575731497418245,,0.0
2024-06-05,9.995,9.655,10.025,9.645,55292.72,63326.495,0.8536693191865606,,0.0
2024-06-06,9.695,9.475,9.905,9.445,79822.96,89951.665,0.8513027852650494,,0.0
2024-06-07,9.435,9.555,9.555,9.365,36747.0,40923.927,0.8523639607493311,,0.0
2024-06-11,9.495,9.385,9.545,9.315,43868.0,48427.843,0.850090579710145,,0.0
2024-06-12,9.415,9.745,9.765,9.365,53025.0,59819.037,0.8548245614035088,,0.0
2024-06-13,9.715,9.575,9.835,9.495,33025.12,37227.216,0.8526268922528941,,0.0
2024-06-14,9.525,9.395,9.525,9.205,50795.62,56062.053,0.8502262443438915,,0.0
2024-06-17,9.405,9.305,9.535,9.255,50761.14,56081.575,0.8489963503649636,,0.0
2024-06-18,9.245,9.495,9.525,9.105,56568.0,62438.527,0.8515695067264575,,0.0
2024-06-19,9.475,9.415,9.515,9.325,45803.0,47776.379,0.9035508637236084,,0.0
2024-06-20,9.425,9.275,9.475,9.195,54243.61,55882.503,0.902237354085603,,0.0
2024-06-21,9.285,9.235,9.395,9.155,55805.0,57493.062,0.90185546875,,0.0
2024-06-24,9.225,9.035,9.235,8.864999999999998,94489.0,95032.221,0.8999003984063746,,0.0
2024-06-25,9.035,9.065,9.155,9.015,42544.0,42958.256,0.9001986097318769,,0.0
2024-06-26,9.065,8.945,9.095,8.905000000000001,48582.0,48442.918,0.898994974874372,,0.0
2024-06-27,8.885000000000002,8.715,8.955000000000002,8.705000000000002,48834.09,47830.436,0.8966049382716048,,0.0
2024-06-28,8.684999999999999,9.045000000000002,9.075,8.665,53012.0,52795.038,0.9000000000000001,,0.0
2024-07-01,9.045000000000002,9.465,9.535,8.985,67106.59,69707.258,0.9040114613180515,,0.0
2024-07-02,9.435,9.315,9.515,9.215,36413.0,37689.719,0.9026162790697676,,0.0
2024-07-03,9.225,9.095,9.285,9.075,36143.0,36718.104,0.9004950495049504,,0.0
2024-07-04,9.175,9.085,9.215,9.045000000000002,22034.6,22316.464,0.9003964321110011,,0.0
2024-07-05,9.004999999999999,9.185,9.205000000000002,8.915,23929.0,24077.981,0.9013738959764476,,0.0
2024-07-08,9.175,9.095,9.255,9.095,21919.5,22306.993,0.9004950495049504,,0.0
2024-07-09,9.105,9.065,9.205000000000002,8.895,33876.16,33973.414,0.9001986097318769,,0.0
2024-07-10,9.045000000000002,8.745000000000001,9.045000000000002,8.705000000000002,47715.12,46817.458,0.896923076923077,,0.0
2024-07-11,8.895,8.335,8.905000000000001,8.165,112017.0,105374.613,0.8923982869379016,,0.0
2024-07-12,8.274999999999999,8.065000000000001,8.395,8.024999999999999,99526.73,91087.205,0.8891951488423375,,0.0
2024-07-15,8.094999999999999,8.254999999999999,8.274999999999999,7.985,56480.81,51921.302,0.8914686825053995,,0.0
2024-07-16,8.254999999999999,8.035,8.285,7.985,43126.06,39226.297,0.8888274336283187,,0.0
2024-07-17,8.024999999999999,7.795000000000001,8.024999999999999,7.755,50939.5,45095.966,0.8857954545454546,,0.0
2024-07-18,7.784999999999999,7.845,7.864999999999999,7.685,41047.0,36080.574,0.8864406779661017,,0.0
2024-07-19,7.805000000000001,7.755,7.854999999999999,7.625000000000001,61075.0,53306.936,0.8852739726027398,,0.0
2024-07-22,7.755,7.944999999999999,7.965000000000001,7.645,58692.0,51928.561,0.8877094972067039,,0.0
2024-07-23,7.895,7.675,7.965000000000001,7.675,49267.24,43216.375,0.8842165898617511,,0.0
2024-07-24,7.625000000000001,7.444999999999999,7.755,7.425,47878.18,40897.84,0.8810650887573964,,0.0
2024-07-25,7.425,7.545000000000001,7.675,7.385000000000001,64406.0,55162.458,0.8824561403508772,,0.0
2024-07-26,7.595,7.795000000000001,7.845,7.565,34684.0,30301.591,0.8857954545454546,,0.0
2024-07-29,7.784999999999999,7.755,7.805000000000001,7.625000000000001,31142.56,27167.196,0.8852739726027398,,0.0
2024-07-30,7.694999999999999,7.755,7.795000000000001,7.614999999999999,19541.0,17038.055,0.8852739726027398,,0.0
2024-07-31,7.755,7.784999999999999,7.885000000000001,7.685,73338.0,64591.184,0.8856655290102389,,0.0
2024-08-01,7.765,7.655,7.905,7.625000000000001,64732.0,56632.022,0.8839491916859122,,0.0
2024-08-02,7.625000000000001,7.925,7.995,7.534999999999999,99781.0,88457.087,0.8874580067189249,,0.0
2024-08-05,7.944999999999999,8.045000000000002,8.325,7.935,77963.0,71268.287,0.8889502762430941,,0.0
2024-08-06,8.045000000000002,7.705000000000001,8.094999999999999,7.655,69542.19,61205.884,0.8846153846153847,,0.0
2024-08-07,7.645,7.465000000000001,7.805000000000001,7.435,80719.1,68819.012,0.8813459268004723,,0.0
2024-08-08,7.444999999999999,7.635000000000001,7.765,7.415,64412.28,55447.514,0.8836805555555556,,0.0
2024-08-09,7.645,7.575,7.715000000000001,7.565,44333.0,38294.584,0.8828671328671329,,0.0
2024-08-12,7.575,7.635000000000001,7.655,7.475,44713.29,38392.012,0.8836805555555556,,0.0
2024-08-13,7.625000000000001,7.325,7.635000000000001,7.245,136731.16,114007.511,0.8793517406962785,,0.0
2024-08-14,7.315,7.135000000000001,7.375000000000001,7.114999999999999,84373.0,69307.256,0.8765356265356266,,0.0
2024-08-15,7.1450000000000005,7.135000000000001,7.245,7.075,59244.5,48294.56,0.8765356265356266,,0.0
2024-08-16,7.125000000000001,6.955,7.185,6.925,84636.5,67916.529,0.8737437185929648,,0.0
2024-08-19,6.8950000000000005,6.765,7.015,6.7250000000000005,133008.69,103943.024,0.8706563706563707,,0.0
2024-08-20,6.765,6.535,6.765,6.355,183582.51,137628.995,0.866710875331565,,0.0
2024-08-21,6.495,6.495,6.555,6.305,98047.0,72898.558,0.866,,0.0
2024-08-22,6.4750000000000005,6.555,6.635,6.4350000000000005,64970.69,49088.456,0.8670634920634921,,0.0
2024-08-23,6.495,6.555,6.595,6.455,46747.0,35271.154,0.8670634920634921,,0.0
2024-08-26,6.545,6.275,6.565,6.195,101003.0,74142.197,0.8619505494505495,,0.0
2024-08-27,6.245,5.985,6.255,5.9750000000000005,92518.0,65443.471,0.8562231759656652,,0.0
2024-08-28,5.9350000000000005,6.125,6.265,5.9350000000000005,108643.27,77705.379,0.8590462833099579,,0.0
2024-08-29,6.135,6.125,6.165,6.045,56973.0,40501.687,0.8590462833099579,,0.0
2024-08-30,6.125,6.325,6.465,6.025,115372.98,83879.245,0.8628922237380627,,0.0
2024-09-02,6.295,6.285,6.385,6.195,69629.98,50739.198,0.8621399176954733,,0.0
2024-09-03,6.285,6.375,6.375,6.235,50134.0,36680.962,0.8638211382113822,,0.0
2024-09-04,6.315,6.485,6.515,6.305,47453.01,35369.896,0.8658210947930575,,0.0
2024-09-05,6.495,6.505,6.705,6.425,82649.26,62311.462,0.8661784287616512,,0.0
2024-09-06,6.4750000000000005,6.305,6.485,6.285,45245.0,33320.994,0.8625170998632011,,0.0
2024-09-09,6.245,6.215,6.265,6.115,53138.0,38185.316,0.860803324099723,,0.0
2024-09-10,6.245,6.215,6.255,6.045,45201.0,32364.552,0.860803324099723,,0.0
2024-09-11,6.195,6.155,6.195,6.065,31845.0,22704.314,0.8596368715083799,,0.0
2024-09-12,6.165,6.315,6.3950000000000005,6.155,72100.0,52774.144,0.8627049180327869,,0.0
2024-09-13,6.305,6.365,6.425,6.255,72058.0,53197.778,0.8636363636363636,,0.0
2024-09-18,6.355,6.545,6.635,6.315,77988.54,58852.998,0.866887417218543,,0.0
2024-09-19,6.545,6.515,6.625,6.4350000000000005,57381.0,43210.364,0.8663563829787234,,0.0
2024-09-20,6.525,6.325,6.545,6.275,60211.84,44281.669,0.8628922237380627,,0.0
2024-09-23,6.295,6.375,6.455,6.295,41241.0,30455.867,0.8638211382113822,,0.0
2024-09-24,6.415,6.835,6.855,6.415,98115.09,75426.271,0.871811224489796,,0.0
2024-09-25,7.085,7.114999999999999,7.405,6.985,144832.35,118914.087,0.8762315270935961,,0.0
2024-09-26,7.085,7.774999999999999,7.774999999999999,7.065,137931.2,116789.456,0.8855353075170843,,0.0
2024-09-27,7.985,7.895,8.114999999999998,7.555000000000001,162410.0,143515.809,0.8870786516853932,,0.0
2024-09-30,8.105,8.395,8.504999999999999,7.675,302842.78,276832.737,0.8930851063829787,,0.0
2024-10-08,9.265,8.215,9.265,7.905,344217.56,324464.752,0.890997830802603,,0.0
2024-10-09,7.995,7.305000000000001,7.995,7.295000000000001,274787.76,233802.823,0.8790613718411553,,0.0
2024-10-10,7.335,7.655,7.915,7.335,166702.53,145033.066,0.8839491916859122,,0.0
2024-10-11,7.665,7.495,7.784999999999999,7.415,93929.53,80391.62,0.881764705882353,,0.0
2024-10-14,7.604999999999999,7.515,7.625000000000001,7.315,82756.22,70282.599,0.8820422535211268,,0.0
2024-10-15,7.505,7.325,7.555000000000001,7.315,59057.56,49814.759,0.8793517406962785,,0.0
2024-10-16,7.295000000000001,7.405,7.444999999999999,7.245,58428.0,48826.951,0.880499405469679,,0.0
2024-10-17,7.425,7.375000000000001,7.534999999999999,7.364999999999999,64991.72,54767.606,0.880071599045346,,0.0
2024-10-18,7.375000000000001,7.455000000000001,7.575,7.345,68591.76,57923.272,0.8812056737588653,,0.0
2024-10-21,7.475,7.534999999999999,7.715000000000001,7.364999999999999,81852.07,69774.898,0.8823185011709602,,0.0
2024-10-22,7.545000000000001,7.765,7.835,7.485,76689.0,66961.215,0.8854047890535918,,0.0
2024-10-23,7.765,7.735,7.805000000000001,7.614999999999999,68979.0,60118.854,0.8850114416475973,,0.0
2024-10-24,7.725,8.205000000000002,8.434999999999999,7.675,213281.12,195702.836,0.8908794788273617,,0.0
2024-10-25,8.165,7.944999999999999,8.215,7.854999999999999,106084.61,95314.594,0.8877094972067039,,0.0
2024-10-28,7.245,7.625000000000001,7.685,7.155,265477.34,222771.039,0.8835457705677868,,0.0
2024-10-29,7.545000000000001,7.425,7.604999999999999,7.375000000000001,126791.0,107372.423,0.8807829181494662,,0.0
2024-10-30,7.375000000000001,7.375000000000001,7.415,7.265,66619.4,55662.583,0.880071599045346,,0.0
2024-10-31,7.415,7.405,7.524999999999999,7.395,64541.81,54514.567,0.880499405469679,,0.0
2024-11-01,7.444999999999999,7.364999999999999,7.534999999999999,7.295000000000001,71843.96,60454.176,0.8799283154121864,,0.0
2024-11-04,7.364999999999999,7.585,7.665,7.265,87270.84,74138.79,0.8830034924330618,,0.0
2024-11-05,7.545000000000001,7.604999999999999,7.614999999999999,7.485,84393.07,72369.842,0.8832752613240418,,0.0
2024-11-06,7.585,7.604999999999999,7.715000000000001,7.505,80074.0,68919.844,0.8832752613240418,,0.0
2024-11-07,7.555000000000001,7.784999999999999,7.825,7.524999999999999,94387.86,82413.939,0.8856655290102389,,0.0
2024-11-08,7.845,7.565,7.875000000000001,7.545000000000001,95027.46,82221.464,0.882730455075846,,0.0
2024-11-11,7.565,7.545000000000001,7.565,7.395,93130.0,78999.951,0.8824561403508772,,0.0
2024-11-12,7.534999999999999,7.565,7.735,7.485,94082.0,81123.431,0.882730455075846,,0.0
2024-11-13,7.565,7.495,7.585,7.325,84110.0,70886.976,0.881764705882353,,0.0
2024-11-14,7.475,7.425,7.495,7.405,50248.0,42477.781,0.8807829181494662,,0.0
2024-11-15,7.444999999999999,7.385000000000001,7.565,7.364999999999999,51437.58,43578.361,0.8802145411203814,,0.0
2024-11-18,7.444999999999999,7.655,7.975,7.444999999999999,215384.89,188661.496,0.8839491916859122,,0.0
2024-11-19,7.604999999999999,7.955000000000001,7.955000000000001,7.595,127794.95,112787.496,0.8878348214285714,,0.0
2024-11-20,7.965000000000001,7.935,8.075,7.705000000000001,94188.66,83516.645,0.8875838926174496,,0.0
2024-11-21,7.875000000000001,7.795000000000001,7.905,7.745,65953.0,58071.335,0.8857954545454546,,0.0
2024-11-22,7.755,7.465000000000001,7.805000000000001,7.425,75096.0,64814.95,0.8813459268004723,,0.0
2024-11-25,7.485,7.835,7.995,7.475,150526.69,132740.759,0.8863122171945701,,0.0
2024-11-26,7.815,8.045000000000002,8.135000000000002,7.655,124223.0,111555.003,0.8889502762430941,,0.0
2024-11-27,8.024999999999999,8.175,8.235,7.825,89119.0,80890.258,0.8905228758169935,,0.0
2024-11-28,8.165,8.295000000000002,8.415,8.085,90171.2,83894.084,0.8919354838709679,,0.0
2024-11-29,8.235,8.254999999999999,8.485,8.195,87659.27,81831.076,0.8914686825053995,,0.0
2024-12-02,8.325,8.195,8.325,8.145,80387.0,74241.689,0.8907608695652175,,0.0
2024-12-03,8.195,8.035,8.305,7.995,67400.0,61103.956,0.8888274336283187,,0.0
2024-12-04,8.024999999999999,8.155000000000001,8.254999999999999,7.875000000000001,80303.0,72945.324,0.8902838427947599,,0.0
2024-12-05,8.094999999999999,8.024999999999999,8.175,7.965000000000001,50445.7,45604.499,0.888704318936877,,0.0
2024-12-06,8.045000000000002,8.065000000000001,8.165,7.995,51245.0,46599.199,0.8891951488423375,,0.0
2024-12-09,7.995,8.004999999999999,8.145,7.925,53304.4,48190.315,0.8884572697003329,,0.0
2024-12-10,8.155000000000001,8.015,8.285,8.004999999999999,82893.0,75622.248,0.8885809312638582,,0.0
2024-12-11,7.995,8.315000000000001,8.325,7.955000000000001,104587.0,96568.835,0.892167381974249,,0.0
2024-12-12,8.315000000000001,8.765,8.995000000000001,8.245000000000001,198847.19,192724.75,0.8971340839303993,,0.0
2024-12-13,8.705000000000002,8.425,8.785,8.335,220746.38,209368.049,0.8934252386002122,,0.0
2024-12-16,8.434999999999999,8.274999999999999,8.725000000000001,8.175,130618.66,122433.714,0.8917025862068965,,0.0
2024-12-17,8.285,7.835,8.285,7.825,138048.16,123798.593,0.8863122171945701,,0.0
2024-12-18,7.925,7.895,8.075,7.845,85696.67,76744.215,0.8870786516853932,,0.0
2024-12-19,7.875000000000001,7.854999999999999,7.965000000000001,7.784999999999999,52719.74,46694.746,0.886568848758465,,0.0
2024-12-20,7.895,7.985,8.135000000000002,7.864999999999999,61334.94,55361.818,0.8882091212458287,,0.0
2024-12-23,7.985,7.795000000000001,8.094999999999999,7.774999999999999,70576.89,62854.217,0.8857954545454546,,0.0
2024-12-24,7.845,7.905,7.915,7.735,60398.0,53403.7,0.8872053872053872,,0.0
2024-12-25,7.905,7.705000000000001,7.905,7.575,94076.0,81738.636,0.8846153846153847,,0.0
2024-12-26,7.675,7.635000000000001,7.845,7.595,53737.64,46895.825,0.8836805555555556,,0.0
2024-12-27,7.655,7.655,7.675,7.555000000000001,40259.0,34782.477,0.8839491916859122,,0.0
2024-12-30,7.635000000000001,7.765,7.835,7.585,63101.0,55259.504,0.8854047890535918,,0.0
2024-12-31,7.765,7.835,8.055,7.705000000000001,86791.0,77543.314,0.8863122171945701,,0.0
2025-01-02,7.825,7.975,8.265,7.825,133041.7,120938.715,0.8880846325167038,,0.0
2025-01-03,8.045000000000002,7.784999999999999,8.235,7.565,148150.33,130450.06,0.8856655290102389,,0.0
2025-01-06,7.694999999999999,8.024999999999999,8.175,7.635000000000001,114040.29,102504.011,0.888704318936877,,0.0
2025-01-07,8.024999999999999,8.125,8.285,7.905,91362.29,83321.344,0.8899233296823658,,0.0
2025-01-08,8.125,7.995,8.145,7.854999999999999,63736.0,57379.114,0.8883333333333333,,0.0
2025-01-09,7.905,7.745,7.944999999999999,7.645,80368.0,70232.972,0.8851428571428571,,0.0
2025-01-10,7.705000000000001,7.595,7.745,7.555000000000001,63626.38,54996.89,0.883139534883721,,0.0
2025-01-13,7.515,7.505,7.715000000000001,7.444999999999999,46036.0,39501.814,0.881903642773208,,0.0
2025-01-14,7.524999999999999,7.815,7.864999999999999,7.505,77225.0,67560.714,0.8860544217687075,,0.0
2025-01-15,7.795000000000001,7.864999999999999,8.094999999999999,7.725,52306.0,46697.785,0.8866967305524239,,0.0
2025-01-16,7.864999999999999,7.825,8.035,7.745,49468.0,44026.438,0.8861834654586637,,0.0
2025-01-17,7.784999999999999,7.864999999999999,7.885000000000001,7.694999999999999,34080.0,30044.963,0.8866967305524239,,0.0
2025-01-20,7.864999999999999,7.955000000000001,7.995,7.825,48688.72,43429.934,0.8878348214285714,,0.0
2025-01-21,7.955000000000001,7.784999999999999,7.975,7.705000000000001,27655.0,24318.953,0.8856655290102389,,0.0
2025-01-22,7.765,7.715000000000001,7.765,7.614999999999999,35182.0,30571.423,0.8847477064220184,,0.0
2025-01-23,7.774999999999999,7.725,7.815,7.694999999999999,33623.06,29416.075,0.8848797250859106,,0.0
2025-01-24,7.694999999999999,7.685,7.774999999999999,7.625000000000001,38102.1,33201.11,0.8843498273878021,,0.0
2025-01-27,7.694999999999999,7.784999999999999,7.905,7.694999999999999,36157.0,31918.989,0.8856655290102389,,0.0
2025-02-05,7.845,7.705000000000001,7.845,7.545000000000001,75441.44,65122.729,0.8846153846153847,,0.0
2025-02-06,7.685,7.625000000000001,7.685,7.545000000000001,47735.43,41040.836,0.8835457705677868,,0.0
2025-02-07,7.604999999999999,7.735,7.774999999999999,7.555000000000001,64658.82,56257.184,0.8850114416475973,,0.0
2025-02-10,7.735,7.745,7.845,7.604999999999999,61856.7,54014.642,0.8851428571428571,,0.0
2025-02-11,7.745,7.774999999999999,7.815,7.705000000000001,31684.0,27745.042,0.8855353075170843,,0.0
2025-02-12,7.765,7.645,7.765,7.555000000000001,63094.08,54394.994,0.8838150289017341,,0.0
2025-02-13,7.604999999999999,7.595,7.655,7.585,34027.0,29320.913,0.883139534883721,,0.0
2025-02-14,7.604999999999999,7.604999999999999,7.645,7.524999999999999,32186.64,27637.023,0.8832752613240418,,0.0
2025-02-17,7.585,7.505,7.604999999999999,7.465000000000001,55771.34,47547.382,0.881903642773208,,0.0
2025-02-18,7.505,7.475,7.565,7.444999999999999,32648.0,27765.631,0.8814858490566038,,0.0
2025-02-19,7.475,7.455000000000001,7.524999999999999,7.435,40214.0,34053.001,0.8812056737588653,,0.0
2025-02-20,7.444999999999999,7.515,7.565,7.415,36154.04,30774.864,0.8820422535211268,,0.0
2025-02-21,7.515,7.265,7.524999999999999,7.245,104449.0,86751.556,0.8784764207980653,,0.0
2025-02-24,7.274999999999999,7.125000000000001,7.295000000000001,7.114999999999999,95689.7,78271.486,0.8763837638376384,,0.0
2025-02-25,7.105,6.985,7.114999999999999,6.945,105300.0,84360.726,0.8742177722152691,,0.0
2025-02-26,7.025,7.085,7.114999999999999,6.995,60272.06,48584.24,0.8757725587144624,,0.0
2025-02-27,7.125000000000001,7.225,7.225,7.045000000000001,72034.7,58703.27,0.8778857837181046,,0.0
2025-02-28,7.225,7.155,7.255,7.125000000000001,53629.4,43926.717,0.8768382352941176,,0.0
2025-03-03,7.155,7.085,7.225,7.055000000000001,45108.44,36670.56,0.8757725587144624,,0.0
2025-03-04,7.105,7.125000000000001,7.165,7.005,59146.0,47837.35,0.8763837638376384,,0.0
2025-03-05,7.125000000000001,7.335,7.364999999999999,7.025,87304.92,71555.579,0.8794964028776978,,0.0
2025-03-06,7.295000000000001,7.225,7.315,7.175,61236.0,50280.113,0.8778857837181046,,0.0
2025-03-07,7.205000000000001,7.1450000000000005,7.205000000000001,7.125000000000001,29439.53,24014.897,0.8766871165644172,,0.0
2025-03-10,7.155,7.165,7.194999999999999,7.105,39802.0,32448.508,0.8769889840881273,,0.0
2025-03-11,7.1450000000000005,7.205000000000001,7.205000000000001,7.105,35091.0,28701.593,0.8775883069427528,,0.0
2025-03-12,7.225,7.255,7.315,7.155,45402.88,37417.98,0.8783292978208233,,0.0
2025-03-13,7.235,7.305000000000001,7.325,7.205000000000001,39930.0,33019.019,0.8790613718411553,,0.0
2025-03-14,7.284999999999999,7.465000000000001,7.534999999999999,7.284999999999999,73386.88,62012.822,0.8813459268004723,,0.0
2025-03-17,7.505,7.565,7.595,7.465000000000001,59933.09,51160.314,0.882730455075846,,0.0
2025-03-18,7.524999999999999,7.505,7.575,7.444999999999999,32595.76,27723.592,0.881903642773208,,0.0
2025-03-19,7.505,7.485,7.515,7.415,37371.2,31660.79,0.8816254416961131,,0.0
2025-03-20,7.485,7.395,7.515,7.375000000000001,32974.0,27765.844,0.8803571428571428,,0.0
2025-03-21,7.364999999999999,7.325,7.435,7.265,37739.0,31520.487,0.8793517406962785,,0.0
2025-03-24,7.315,7.325,7.415,7.265,30365.0,25309.072,0.8793517406962785,,0.0
2025-03-25,7.335,7.385000000000001,7.405,7.284999999999999,32960.0,27527.613,0.8802145411203814,,0.0
2025-03-26,7.364999999999999,7.354999999999999,7.415,7.315,21425.88,17940.6,0.8797846889952153,,0.0
2025-03-27,7.375000000000001,7.385000000000001,7.415,7.325,22704.88,19034.93,0.8802145411203814,,0.0
2025-03-28,7.395,7.375000000000001,7.455000000000001,7.345,25092.0,21042.157,0.880071599045346,,0.0
2025-03-31,7.354999999999999,7.245,7.405,7.245,37391.88,31145.05,0.8781818181818182,,0.0
2025-04-01,7.295000000000001,7.364999999999999,7.395,7.284999999999999,33073.0,27667.641,0.8799283154121864,,0.0
2025-04-02,7.364999999999999,7.614999999999999,7.675,7.354999999999999,89616.78,76795.502,0.8834106728538283,,0.0
2025-04-03,7.565,7.495,7.645,7.455000000000001,47900.0,40788.633,0.881764705882353,,0.0
2025-04-07,7.194999999999999,6.8950000000000005,7.364999999999999,6.715,91390.26,74087.123,0.8727848101265823,,0.0
2025-04-08,6.8950000000000005,7.085,7.255,6.885,80196.0,65004.654,0.8757725587144624,,0.0
2025-04-09,7.025,7.215000000000001,7.284999999999999,6.795,60977.12,49064.485,0.8777372262773723,,0.0
2025-04-10,7.274999999999999,7.265,7.325,7.235,37385.53,30977.059,0.8784764207980653,,0.0
2025-04-11,7.255,7.325,7.415,7.205000000000001,55142.81,45901.303,0.8793517406962785,,0.0
2025-04-14,7.415,7.375000000000001,7.415,7.305000000000001,28006.0,23404.049,0.880071599045346,,0.0
2025-04-15,7.375000000000001,7.455000000000001,7.485,7.255,43331.24,36442.081,0.8812056737588653,,0.0
2025-04-16,7.455000000000001,7.444999999999999,7.455000000000001,7.315,40676.02,34170.284,0.8810650887573964,,0.0
2025-04-17,7.395,7.295000000000001,7.444999999999999,7.295000000000001,53437.0,44658.372,0.8789156626506024,,0.0
2025-04-18,7.295000000000001,7.265,7.345,7.245,25450.0,21092.596,0.8784764207980653,,0.0
2025-04-21,7.274999999999999,7.245,7.284999999999999,7.205000000000001,27272.0,22492.651,0.8781818181818182,,0.0
2025-04-22,7.265,7.354999999999999,7.364999999999999,7.235,30166.0,25083.302,0.8797846889952153,,0.0
2025-04-23,7.345,7.235,7.395,7.225,31939.0,26438.265,0.8780339805825242,,0.0
2025-04-24,7.295000000000001,7.165,7.295000000000001,7.1450000000000005,43164.22,35508.602,0.8769889840881273,,0.0
2025-04-25,7.165,7.345,7.364999999999999,7.155,83000.04,68842.853,0.8796407185628743,,0.0
2025-04-28,7.215000000000001,6.955,7.225,6.815,126670.93,100807.079,0.8737437185929648,,0.0
2025-04-29,6.945,6.885,6.9750000000000005,6.855,51938.0,41025.919,0.8726235741444867,,0.0
2025-04-30,6.885,6.775,6.985,6.765,94736.99,74566.092,0.8708226221079691,,0.0
2025-05-06,6.815,6.865,6.875,6.735,60964.0,47637.709,0.872299872935197,,0.0
2025-05-07,6.945,6.955,7.105,6.905,81514.81,65097.12,0.8737437185929648,,0.0
2025-05-08,6.965,6.925,7.015,6.905,56671.47,44998.024,0.873266078184111,,0.0
2025-05-09,6.955,7.005,7.015,6.925,48499.0,38740.762,0.8745318352059925,,0.0
2025-05-12,7.055000000000001,7.025,7.075,6.9750000000000005,43938.29,35234.437,0.8748443337484434,,0.0
2025-05-13,7.085,7.025,7.105,6.995,54475.0,43919.449,0.8748443337484434,,0.0
2025-05-14,7.025,7.025,7.045000000000001,6.925,36845.39,29431.873,0.8748443337484434,,0.0
2025-05-15,7.015,6.995,7.085,6.985,59892.0,48123.491,0.874375,,0.0
2025-05-16,6.985,6.9750000000000005,7.015,6.945,38502.0,30739.074,0.8740601503759399,,0.0
2025-05-19,6.965,7.095,7.165,6.955,63485.0,51272.004,0.8759259259259259,,0.0
2025-05-20,7.095,7.235,7.255,7.075,58208.99,47785.167,0.8780339805825242,,0.0
2025-05-21,7.255,7.245,7.265,7.194999999999999,31752.0,26152.617,0.8781818181818182,,0.0
2025-05-22,7.235,7.255,7.284999999999999,7.175,38973.98,32098.03,0.8783292978208233,,0.0
2025-05-23,7.225,7.135000000000001,7.274999999999999,7.125000000000001,50706.04,41614.1,0.8765356265356266,,0.0
2025-05-26,7.114999999999999,7.135000000000001,7.194999999999999,7.095,31716.92,25845.883,0.8765356265356266,,0.0
2025-05-27,7.135000000000001,7.274999999999999,7.295000000000001,7.095,68797.04,56630.251,0.8786231884057971,,0.0
2025-05-28,7.284999999999999,7.295000000000001,7.325,7.225,36508.0,30246.288,0.8789156626506024,,0.0
2025-05-29,7.295000000000001,7.235,7.305000000000001,7.1450000000000005,79208.0,65189.952,0.8780339805825242,,0.0
2025-05-30,7.205000000000001,7.125000000000001,7.274999999999999,7.105,68832.92,56306.173,0.8763837638376384,,0.0
2025-06-03,7.225,7.325,7.325,7.114999999999999,79955.58,66114.504,0.8793517406962785,,0.0
2025-06-04,7.315,7.425,7.475,7.265,59403.16,49612.066,0.8807829181494662,,0.0
2025-06-05,7.425,7.364999999999999,7.485,7.325,83326.58,70122.628,0.8799283154121864,,0.0
2025-06-06,7.364999999999999,7.405,7.444999999999999,7.345,57278.24,48069.813,0.880499405469679,,0.0
2025-06-09,7.455000000000001,7.765,7.795000000000001,7.444999999999999,179971.6,155714.558,0.8854047890535918,,0.0
2025-06-10,7.585,7.285,7.595000000000001,7.215,217675.0,168237.087,0.9498044328552804,,0.0
2025-06-11,7.295,7.375,7.425,7.265000000000001,84385.0,65222.216,0.9503865979381444,,0.0
2025-06-12,7.355,7.345000000000001,7.405,7.305000000000001,51088.23,39519.131,0.9501940491591204,,0.0
2025-06-13,7.355,7.305000000000001,7.355,7.255,36238.0,27809.419,0.9499349804941484,,0.0
2025-06-16,7.245,7.205,7.285,7.125,54246.0,41082.562,0.9492753623188406,,0.0
2025-06-17,7.195,7.1450000000000005,7.215,7.095000000000001,40652.0,30605.945,0.9488711819389112,,0.0
2025-06-18,7.125,7.075,7.1450000000000005,7.055000000000001,34039.0,25430.707,0.9483914209115282,,0.0
2025-06-19,7.075,6.995,7.095000000000001,6.965,35771.36,26458.104,0.9478319783197832,,0.0
2025-06-20,6.995,7.055000000000001,7.075,6.9750000000000005,27453.0,20368.68,0.948252688172043,,0.0
2025-06-23,7.015000000000001,7.055000000000001,7.065,6.945,40227.0,29743.874,0.948252688172043,,0.0
2025-06-24,7.025,7.115,7.125,7.005,32261.6,24107.631,0.9486666666666668,,0.0
2025-06-25,7.115,7.175,7.175,7.085,24206.68,18205.753,0.949074074074074,,0.0
2025-06-26,7.1850000000000005,7.135,7.1850000000000005,7.115,26570.68,19999.799,0.9488031914893618,,0.0
2025-06-27,7.155,7.085,7.195,7.075,37879.0,28464.634,0.9484605087014726,,0.0
2025-06-30,7.095000000000001,7.035,7.155,6.995,65833.31,48864.914,0.94811320754717,,0.0
2025-07-01,7.025,6.985,7.025,6.945,90861.04,66779.484,0.9477611940298508,,0.0
2025-07-02,6.985,6.985,7.005,6.965,52619.0,38755.955,0.9477611940298508,,0.0
2025-07-03,6.995,6.995,7.025,6.965,46895.6,34608.163,0.9478319783197832,,0.0
2025-07-04,6.9750000000000005,7.015000000000001,7.025,6.965,52443.74,38717.967,0.947972972972973,,0.0
2025-07-07,7.005,7.025,7.055000000000001,6.995,50486.0,37421.811,0.9480431848852902,,0.0
2025-07-08,7.035,7.035,7.035,7.005,41871.0,31015.794,0.94811320754717,,0.0
2025-07-09,7.035,7.065,7.075,7.025,44413.82,33020.265,0.9483221476510068,,0.0
2025-07-10,7.055000000000001,7.065,7.075,7.035,39395.6,29324.014,0.9483221476510068,,0.0
2025-07-11,7.085,7.055000000000001,7.085,6.985,110022.0,81501.04,0.948252688172043,,0.0
2025-07-14,7.045,7.025,7.055000000000001,7.025,46939.0,34826.517,0.9480431848852902,,0.0
2025-07-15,6.955,6.925,6.9750000000000005,6.875,102787.29,75113.683,0.9473324213406292,,0.0
2025-07-16,6.925,6.9350000000000005,6.955,6.915,39568.0,28974.058,0.9474043715846996,,0.0
2025-07-17,6.9350000000000005,6.925,6.995,6.8950000000000005,54159.31,39635.256,0.9473324213406292,,0.0
2025-07-18,6.945,6.885,6.965,6.855,78004.31,56716.27,0.9470426409903714,,0.0
2025-07-21,6.875,6.885,6.8950000000000005,6.845000000000001,78458.0,56940.532,0.9470426409903714,,0.0
2025-07-22,6.885,6.8950000000000005,6.8950000000000005,6.835,88107.29,63887.801,0.9471153846153848,,0.0
2025-07-23,6.905,6.9350000000000005,6.965,6.905,112972.0,82776.243,0.9474043715846996,,0.0
2025-07-24,6.965,6.955,6.9750000000000005,6.915,92995.62,68111.247,0.9475476839237056,,0.0
2025-07-25,6.955,6.9350000000000005,6.995,6.925,80150.0,58850.752,0.9474043715846996,,0.0
2025-07-28,6.945,6.8950000000000005,6.945,6.8950000000000005,64201.0,46840.693,0.9471153846153848,,0.0
2025-07-29,6.905,6.875,6.915,6.855,84256.0,61147.524,0.946969696969697,,0.0
2025-07-30,6.875,6.915,6.915,6.865,55129.88,40149.452,0.9472602739726028,,0.0
2025-07-31,6.915,6.835,6.915,6.835,57320.34,41506.119,0.9466759002770084,,0.0
2025-08-01,6.885,6.855,6.915,6.835,61405.0,44580.263,0.9468232044198897,,0.0
2025-08-04,6.845000000000001,6.875,6.885,6.795,72626.0,52373.991,0.946969696969697,,0.0
2025-08-05,6.865,6.885,6.8950000000000005,6.845000000000001,67175.99,48764.366,0.9470426409903714,,0.0
2025-08-06,6.8950000000000005,6.8950000000000005,6.915,6.855,54373.0,39561.8,0.9471153846153848,,0.0
2025-08-07,6.905,6.915,6.925,6.885,55356.0,40409.301,0.9472602739726028,,0.0
2025-08-08,6.915,6.915,6.9350000000000005,6.885,51886.34,37900.226,0.9472602739726028,,0.0
2025-08-11,6.915,6.945,6.955,6.8950000000000005,59181.99,43361.155,0.9474761255115962,,0.0
2025-08-12,6.955,6.905,6.985,6.885,116291.0,85041.26,0.9471879286694102,,0.0
2025-08-13,6.915,6.905,6.925,6.865,65285.72,47551.941,0.9471879286694102,,0.0
2025-08-14,6.8950000000000005,6.885,6.915,6.865,52970.57,38540.431,0.9470426409903714,,0.0
2025-08-15,6.865,6.925,6.9350000000000005,6.855,58323.6,42494.229,0.9473324213406292,,0.0
2025-08-18,6.925,6.925,6.955,6.8950000000000005,65688.0,48062.79,0.9473324213406292,,0.0
2025-08-19,6.925,6.965,6.965,6.915,66659.0,48901.104,0.9476190476190476,,0.0
2025-08-20,6.965,6.995,6.995,6.925,83248.8,61177.094,0.9478319783197832,,0.0
2025-08-21,7.005,6.995,7.015000000000001,6.955,64687.2,47732.378,0.9478319783197832,,0.0
2025-08-22,6.985,6.985,7.005,6.945,62710.02,46159.392,0.9477611940298508,,0.0
2025-08-25,6.985,7.025,7.025,6.965,82392.0,60870.383,0.9480431848852902,,0.0
2025-08-26,7.025,7.055000000000001,7.055000000000001,6.995,64864.0,48139.365,0.948252688172043,,0.0
2025-08-27,7.055000000000001,6.945,7.075,6.9350000000000005,98321.98,72489.721,0.9474761255115962,,0.0
2025-08-28,6.945,6.955,6.995,6.8950000000000005,90132.34,66113.349,0.9475476839237056,,0.0
2025-08-29,6.9750000000000005,6.955,7.005,6.915,58627.32,43096.272,0.9475476839237056,,0.0
2025-09-01,6.8950000000000005,6.915,6.945,6.845000000000001,102381.16,74590.894,0.9472602739726028,,0.0
2025-09-02,6.915,6.925,6.9350000000000005,6.855,65192.0,47439.925,0.9473324213406292,,0.0
2025-09-03,6.925,6.865,6.955,6.865,59701.72,43461.385,0.946896551724138,,0.0
2025-09-04,6.865,6.9750000000000005,6.9750000000000005,6.825,95225.18,69548.172,0.9476902173913044,,0.0
2025-09-05,6.965,6.965,6.985,6.905,56410.46,41320.932,0.9476190476190476,,0.0
2025-09-08,6.945,6.955,6.995,6.9350000000000005,59951.0,44082.667,0.9475476839237056,,0.0
2025-09-09,6.965,6.965,6.995,6.9350000000000005,74047.44,54423.794,0.9476190476190476,,0.0
2025-09-10,6.9750000000000005,6.915,6.9750000000000005,6.885,65060.02,47501.414,0.9472602739726028,,0.0
2025-09-11,6.915,6.915,6.925,6.845000000000001,65633.0,47748.966,0.9472602739726028,,0.0
2025-09-12,6.925,6.8950000000000005,6.925,6.875,48553.56,35338.011,0.9471153846153848,,0.0
2025-09-15,6.905,6.845000000000001,6.905,6.845000000000001,61047.76,44234.659,0.946749654218534,,0.0
2025-09-16,6.865,6.865,6.875,6.835,51212.39,37056.101,0.946896551724138,,0.0
2025-09-17,6.865,6.865,6.875,6.845000000000001,46668.3,33787.454,0.946896551724138,,0.0
2025-09-18,6.855,6.815,6.865,6.805000000000001,64608.0,46632.325,0.946527777777778,,0.0
2025-09-19,6.805000000000001,6.845000000000001,6.845000000000001,6.765000000000001,69737.51,50095.256,0.946749654218534,,0.0
2025-09-22,6.835,6.745,6.845000000000001,6.745,49133.51,35221.889,0.9460028050490884,,0.0
2025-09-23,6.735,6.785,6.785,6.605,73330.41,51923.302,0.9463040446304044,,0.0
2025-09-24,6.735,6.745,6.785,6.715,37696.82,26863.934,0.9460028050490884,,0.0
2025-09-25,6.735,6.6850000000000005,6.735,6.655,41150.52,29112.438,0.9455445544554456,,0.0
2025-09-26,6.6850000000000005,6.655,6.6850000000000005,6.625,49927.0,35146.64,0.9453125,,0.0
2025-09-29,6.6450000000000005,6.6450000000000005,6.655,6.615,49113.0,34464.238,0.9452347083926032,,0.0
2025-09-30,6.665,6.635,6.665,6.615,33653.0,23604.975,0.9451566951566952,,0.0
2025-10-09,6.635,6.665,6.675,6.605,44308.94,31129.789,0.9453900709219858,,0.0
2025-10-10,6.665,6.7250000000000005,6.745,6.6450000000000005,47088.05,33433.162,0.9458509142053446,,0.0
2025-10-13,6.675,6.695,6.705,6.625,45940.6,32389.486,0.9456214689265536,,0.0
2025-10-14,6.695,6.735,6.755,6.675,56104.9,39918.198,0.9459269662921348,,0.0
2025-10-15,6.735,6.805000000000001,6.815,6.715,69193.94,49647.279,0.9464534075104312,,0.0
2025-10-16,6.805000000000001,6.765000000000001,6.815,6.735,50166.0,35895.502,0.9461538461538462,,0.0
2025-10-17,6.765000000000001,6.745,6.805000000000001,6.7250000000000005,45705.6,32682.041,0.9460028050490884,,0.0
2025-10-20,6.745,6.735,6.765000000000001,6.715,42090.0,29991.213,0.9459269662921348,,0.0
2025-10-21,6.755,6.775,6.805000000000001,6.735,55382.32,39676.17,0.9462290502793296,,0.0
2025-10-22,6.765000000000001,6.815,6.835,6.755,41316.0,29724.216,0.946527777777778,,0.0
2025-10-23,6.815,6.875,6.885,6.775,78740.89,57028.578,0.946969696969697,,0.0
2025-10-24,6.885,6.795,6.885,6.795,57219.2,41282.251,0.9463788300835656,,0.0
2025-10-27,6.795,6.835,6.875,6.765000000000001,50052.0,36086.027,0.9466759002770084,,0.0
2025-10-28,6.835,6.775,6.845000000000001,6.765000000000001,43829.64,31430.471,0.9462290502793296,,0.0
2025-10-29,6.795,6.785,6.795,6.705,46893.0,33455.068,0.9463040446304044,,0.0
2025-10-30,6.785,6.735,6.805000000000001,6.7250000000000005,43213.0,30875.776,0.9459269662921348,,0.0
2025-10-31,6.755,6.815,6.815,6.735,57235.18,41022.92,0.946527777777778,,0.0
2025-11-03,6.825,6.845000000000001,6.865,6.775,50670.0,36598.962,0.946749654218534,,0.0
2025-11-04,6.845000000000001,6.875,6.8950000000000005,6.825,56194.38,40800.043,0.946969696969697,,0.0
2025-11-05,6.875,6.875,6.905,6.825,52754.16,38349.203,0.946969696969697,,0.0
2025-11-06,6.8950000000000005,6.8950000000000005,6.905,6.855,46970.0,34149.799,0.9471153846153848,,0.0
2025-11-07,6.8950000000000005,6.915,6.925,6.855,50676.33,36947.076,0.9472602739726028,,0.0
2025-11-10,6.915,6.9750000000000005,6.985,6.875,65486.72,48020.565,0.9476902173913044,,0.0
2025-11-11,6.985,6.965,6.995,6.925,57761.0,42375.644,0.9476190476190476,,0.0
2025-11-12,6.965,7.015000000000001,7.015000000000001,6.945,76641.0,56581.458,0.947972972972973,,0.0
2025-11-13,7.015000000000001,6.985,7.035,6.9350000000000005,80019.0,58938.89,0.9477611940298508,,0.0
2025-11-14,6.9750000000000005,7.045,7.105,6.9750000000000005,98604.93,73535.792,0.9481830417227456,,0.0
2025-11-17,7.045,6.985,7.045,6.955,67926.88,50135.842,0.9477611940298508,,0.0
2025-11-18,7.005,7.065,7.085,6.955,88212.52,65305.648,0.9483221476510068,,0.0
2025-11-19,7.025,7.015000000000001,7.085,7.005,64824.0,48122.625,0.947972972972973,,0.0
2025-11-20,7.035,7.025,7.045,6.905,81115.0,59728.354,0.9480431848852902,,0.0
2025-11-21,6.995,6.845000000000001,7.025,6.825,80163.29,58439.515,0.946749654218534,,0.0
2025-11-24,6.905,6.875,6.955,6.865,60779.02,44365.284,0.946969696969697,,0.0
2025-11-25,6.8950000000000005,6.835,6.925,6.835,66949.0,48667.164,0.9466759002770084,,0.0
2025-11-26,6.835,6.915,6.925,6.835,56826.0,41294.963,0.9472602739726028,,0.0
2025-11-27,6.915,6.915,6.985,6.875,56824.0,41661.004,0.9472602739726028,,0.0
2025-11-28,6.925,6.8950000000000005,6.955,6.865,61845.02,45057.805,0.9471153846153848,,0.0
2025-12-01,6.885,6.885,7.005,6.865,122198.94,89160.324,0.9470426409903714,,0.0
2025-12-02,6.885,6.875,6.905,6.7250000000000005,87021.89,62818.544,0.946969696969697,,0.0
2025-12-03,6.865,6.795,6.865,6.765000000000001,54916.0,39524.586,0.9463788300835656,,0.0
2025-12-04,6.805000000000001,6.745,6.815,6.7250000000000005,50332.0,35932.927,0.9460028050490884,,0.0
2025-12-05,6.735,6.755,6.765000000000001,6.695,49291.01,35037.802,0.9460784313725492,,0.0
2025-12-08,6.755,6.695,6.755,6.695,65070.04,46185.616,0.9456214689265536,,0.0
2025-12-09,6.695,6.695,6.755,6.655,58414.4,41381.846,0.9456214689265536,,0.0
2025-12-10,6.695,6.575,6.7250000000000005,6.575,109454.0,76795.975,0.944683908045977,,0.0
2025-12-11,6.585,6.265000000000001,6.595000000000001,6.265000000000001,208899.19,141300.616,0.9421052631578948,,0.0
2025-12-12,6.305000000000001,6.245,6.315,6.1450000000000005,200657.24,132002.749,0.9419306184012066,,0.0
2025-12-15,6.195,6.265000000000001,6.285,6.125,111252.92,73418.554,0.9421052631578948,,0.0
2025-12-16,6.265000000000001,6.315,6.345000000000001,6.2250000000000005,77941.16,52121.769,0.942537313432836,,0.0
2025-12-17,6.305000000000001,6.275,6.315,6.215,57076.3,37931.837,0.9421921921921922,,0.0
2025-12-18,6.245,6.295,6.325,6.235,31279.0,20897.451,0.942365269461078,,0.0
2025-12-19,6.295,6.365,6.405,6.275,57171.52,38558.733,0.942962962962963,,0.0
2025-12-22,6.365,6.345000000000001,6.405,6.315,52218.0,35144.665,0.9427934621099554,,0.0
2025-12-23,6.365,6.295,6.385,6.275,37466.32,25072.557,0.942365269461078,,0.0
2025-12-24,6.295,6.325,6.345000000000001,6.255,31534.76,21089.11,0.9426229508196722,,0.0
2025-12-25,6.325,6.3950000000000005,6.3950000000000005,6.315,33176.95,22385.849,0.9432153392330384,,0.0
2025-12-26,6.3950000000000005,6.385,6.4350000000000005,6.355,41716.76,28263.134,0.9431314623338256,,0.0
2025-12-29,6.385,6.385,6.4350000000000005,6.345000000000001,43422.7,29423.88,0.9431314623338256,,0.0
2025-12-30,6.3950000000000005,6.365,6.415,6.335,29262.0,19788.358,0.942962962962963,,0.0
2025-12-31,6.365,6.325,6.385,6.305000000000001,38717.45,25998.883,0.9426229508196722,,0.0
2026-01-05,6.325,6.285,6.345000000000001,6.2250000000000005,82692.55,55135.957,0.9422788605697152,,0.0
2026-01-06,6.275,6.315,6.315,6.265000000000001,55232.5,36875.675,0.942537313432836,,0.0
2026-01-07,6.295,6.305000000000001,6.335,6.285,44252.28,29619.738,0.9424514200298952,,0.0
2026-01-08,6.305000000000001,6.315,6.315,6.265000000000001,31451.0,21021.677,0.942537313432836,,0.0
2026-01-09,6.315,6.325,6.335,6.295,43628.32,29231.266,0.9426229508196722,,0.0
2026-01-12,6.315,6.385,6.3950000000000005,6.305000000000001,62438.1,41970.775,0.9431314623338256,,0.0
2026-01-13,6.385,6.345000000000001,6.415,6.345000000000001,57979.14,39247.513,0.9427934621099554,,0.0
2026-01-14,6.355,6.325,6.3950000000000005,6.285,66023.39,44459.846,0.9426229508196722,,0.0
2026-01-15,6.295,6.315,6.345000000000001,6.285,30530.76,20448.081,0.942537313432836,,0.0
2026-01-16,6.325,6.315,6.345000000000001,6.295,35568.7,23840.575,0.942537313432836,,0.0
2026-01-19,6.305000000000001,6.355,6.355,6.295,28468.24,19115.308,0.9428783382789316,,0.0
2026-01-20,6.365,6.455,6.455,6.355,63605.24,43217.677,0.9437134502923976,,0.0
2026-01-21,6.445,6.4350000000000005,6.465,6.3950000000000005,40106.21,27297.407,0.9435483870967742,,0.0
2026-01-22,6.445,6.485,6.485,6.415,41297.0,28257.035,0.9439592430858806,,0.0
2026-01-23,6.485,6.465,6.505,6.4350000000000005,47695.0,32635.471,0.9437956204379564,,0.0
2026-01-26,6.4750000000000005,6.515000000000001,6.545,6.405,69428.3,47624.618,0.9442028985507248,,0.0
2026-01-27,6.525,6.445,6.525,6.3950000000000005,52929.44,36107.997,0.9436310395314788,,0.0
2026-01-28,6.445,6.505,6.545,6.425,66205.76,45564.488,0.944121915820029,,0.0
2026-01-29,6.485,6.525,6.535,6.455,55999.78,38534.675,0.9442836468885674,,0.0
2026-01-30,6.505,6.555000000000001,6.575,6.485,73017.49,50570.43,0.9445244956772336,,0.0
2026-02-02,6.545,6.515000000000001,6.605,6.4750000000000005,82364.28,57084.704,0.9442028985507248,,0.0
2026-02-03,6.515000000000001,6.455,6.565,6.425,56711.6,38909.283,0.9437134502923976,,0.0
2026-02-04,6.465,6.545,6.555000000000001,6.425,54737.76,37710.96,0.9444444444444444,,0.0
2026-02-05,6.555000000000001,6.6850000000000005,6.7250000000000005,6.515000000000001,98050.0,68928.326,0.9455445544554456,,0.0
2026-02-06,6.665,6.7250000000000005,6.765000000000001,6.625,79536.0,56340.894,0.9458509142053446,,0.0
2026-02-09,6.765000000000001,6.715,6.765000000000001,6.6450000000000005,64383.0,45522.054,0.945774647887324,,0.0
2026-02-10,6.705,6.6850000000000005,6.7250000000000005,6.655,30157.0,21359.44,0.9455445544554456,,0.0
2026-02-11,6.695,6.675,6.695,6.6450000000000005,31030.0,21894.007,0.9454674220963172,,0.0
2026-02-12,6.6850000000000005,6.595000000000001,6.6850000000000005,6.585,42107.0,29478.451,0.9448424068767908,,0.0
2026-02-13,6.585,6.555000000000001,6.605,6.545,28066.0,19528.479,0.9445244956772336,,0.0
2026-02-24,6.615,6.585,6.635,6.545,56321.04,39226.26,0.9447632711621234,,0.0
2026-02-25,6.595000000000001,6.585,6.655,6.555000000000001,52096.24,36380.915,0.9447632711621234,,0.0
2026-02-26,6.565,6.505,6.595000000000001,6.455,59707.0,41182.228,0.944121915820029,,0.0
2026-02-27,6.505,6.545,6.555000000000001,6.485,32423.36,22414.257,0.9444444444444444,,0.0
2026-03-02,6.525,6.495,6.555000000000001,6.465,51839.52,35724.244,0.9440406976744188,,0.0
2026-03-03,6.495,6.445,6.605,6.4350000000000005,117417.24,81105.037,0.9436310395314788,,0.0
2026-03-04,6.465,6.385,6.515000000000001,6.305000000000001,80167.52,54307.023,0.9431314623338256,,0.0
2026-03-05,6.415,6.375,6.425,6.365,33491.94,22705.128,0.9430473372781064,,0.0
2026-03-06,6.365,6.535,6.545,6.355,60018.34,41185.423,0.9443641618497112,,0.0
2026-03-09,6.505,6.495,6.535,6.455,38386.76,26412.278,0.9440406976744188,,0.0
2026-03-10,6.535,6.515000000000001,6.545,6.465,37078.0,25571.314,0.9442028985507248,,0.0
2026-03-11,6.515000000000001,6.585,6.595000000000001,6.495,37506.0,26033.353,0.9447632711621234,,0.0
2026-03-12,6.585,6.595000000000001,6.625,6.555000000000001,47890.0,33460.41,0.9448424068767908,,0.0
2026-03-13,6.605,6.6450000000000005,6.695,6.585,52961.0,37263.126,0.9452347083926032,,0.0
2026-03-16,6.655,6.605,6.665,6.535,59344.4,41436.281,0.9449213161659514,,0.0
2026-03-17,6.615,6.575,6.665,6.565,36422.22,25529.007,0.944683908045977,,0.0
2026-03-18,6.595000000000001,6.565,6.605,6.515000000000001,39156.0,27152.178,0.9446043165467626,,0.0
2026-03-19,6.555000000000001,6.535,6.595000000000001,6.515000000000001,43776.0,30390.039,0.9443641618497112,,0.0
2026-03-20,6.575,6.505,6.605,6.4750000000000005,47228.0,32716.354,0.944121915820029,,0.0
2026-03-23,6.465,6.2250000000000005,6.4750000000000005,6.115,140367.92,92964.884,0.9417549167927384,,0.0
2026-03-24,6.2250000000000005,6.365,6.385,6.195,49682.99,33219.623,0.942962962962963,,0.0
2026-03-25,6.375,6.4350000000000005,6.4350000000000005,6.335,44607.6,30249.366,0.9435483870967742,,0.0
2026-03-26,6.425,6.425,6.545,6.385,71592.01,49160.748,0.9434654919236416,,0.0
2026-03-27,6.375,6.425,6.465,6.365,38445.0,26148.261,0.9434654919236416,,0.0
2026-03-30,6.375,6.545,6.575,6.375,52535.0,36208.528,0.9444444444444444,,0.0
2026-03-31,6.545,6.545,6.635,6.535,76262.0,53197.289,0.9444444444444444,,0.0
2026-04-01,6.605,6.6450000000000005,6.695,6.555000000000001,73232.02,51478.925,0.9452347083926032,,0.0
2026-04-02,6.655,6.575,6.675,6.545,44108.26,30817.236,0.944683908045977,,0.0
2026-04-03,6.565,6.515000000000001,6.615,6.4750000000000005,47912.0,33101.133,0.9442028985507248,,0.0
2026-04-07,6.545,6.495,6.555000000000001,6.445,33428.0,22992.321,0.9440406976744188,,0.0
2026-04-08,6.555000000000001,6.595000000000001,6.6450000000000005,6.495,54310.76,37804.98,0.9448424068767908,,0.0
2026-04-09,6.595000000000001,6.585,6.655,6.525,51383.67,35842.001,0.9447632711621234,,0.0
2026-04-10,6.625,6.6450000000000005,6.7250000000000005,6.595000000000001,60581.87,42686.187,0.9452347083926032,,0.0
2026-04-13,6.6450000000000005,6.455,6.675,6.3950000000000005,93499.4,64211.623,0.9437134502923976,,0.0
2026-04-14,6.485,6.505,6.525,6.3950000000000005,40052.28,27402.857,0.944121915820029,,0.0
2026-04-15,6.495,6.665,6.705,6.4750000000000005,92358.0,64770.759,0.9453900709219858,,0.0
2026-04-16,6.655,6.675,6.705,6.615,47231.66,33320.209,0.9454674220963172,,0.0
2026-04-17,6.6450000000000005,6.585,6.665,6.565,45976.0,32130.424,0.9447632711621234,,0.0
2026-04-20,6.605,6.695,6.695,6.535,62033.54,43662.752,0.9456214689265536,,0.0
2026-04-21,6.695,6.735,6.745,6.655,48584.0,34493.481,0.9459269662921348,,0.0
2026-04-22,6.715,6.765000000000001,6.835,6.6850000000000005,72716.0,52025.594,0.9461538461538462,,0.0
2026-04-23,6.795,6.835,6.875,6.745,103194.76,74446.72,0.9466759002770084,,0.0
2026-04-24,6.815,6.925,7.015000000000001,6.775,122088.98,89331.9,0.9473324213406292,,0.0
2026-04-27,6.925,7.065,7.155,6.865,254479.3,189297.4,0.9483221476510068,,0.0
2026-04-28,7.025,6.915,7.045,6.815,125944.0,91777.667,0.9472602739726028,,0.0
2026-04-29,6.855,6.955,6.995,6.845000000000001,94905.0,69368.109,0.9475476839237056,,0.0
2026-04-30,6.955,6.985,7.085,6.905,63716.0,46974.49,0.9477611940298508,,0.0
2026-05-06,6.985,7.025,7.035,6.865,95161.24,69616.382,0.9480431848852902,,0.0
2026-05-07,7.035,6.855,7.035,6.835,68653.0,49935.078,0.9468232044198897,,0.0
2026-05-08,6.845000000000001,7.015000000000001,7.035,6.845000000000001,92423.0,67941.9,0.947972972972973,,0.0
2026-05-11,7.005,7.065,7.095000000000001,6.925,777766700.0,576928300.0,0.9483221476510068,,0.0
2026-05-12,7.065,7.155,7.405,7.045,238780.6,182460.759,0.9489389920424404,,0.0
2026-05-13,7.155,6.995,7.195,6.955,97549.6,72217.373,0.9478319783197832,,0.0
2026-05-14,7.065,6.995,7.095000000000001,6.9350000000000005,68026.0,50334.246,0.9478319783197832,,0.0
2026-05-15,6.995,7.165,7.195,6.955,89442.14,67002.801,0.9490066225165564,,0.0
2026-05-18,7.115,7.055000000000001,7.125,6.905,84045.0,61907.519,0.948252688172043,,0.0
2026-05-19,7.135,6.875,7.535,6.785,169184.52,124616.209,0.946969696969697,,0.0
2026-05-20,6.815,6.695,6.875,6.6850000000000005,85908.0,61317.872,0.9456214689265536,,0.0
2026-05-21,6.735,6.665,6.775,6.625,66238.0,46986.61,0.9453900709219858,,0.0
2026-05-22,6.705,6.585,6.715,6.565,54021.0,37787.168,0.9447632711621234,,0.0
2026-05-25,6.555000000000001,6.605,6.6850000000000005,6.495,48330.7,33735.604,0.9449213161659514,,0.0
2026-05-26,6.715,6.485,6.9750000000000005,6.465,109664.76,77048.95,0.9439592430858806,,0.0
2026-05-27,6.485,6.4350000000000005,6.495,6.375,81263.7,55308.485,0.9435483870967742,,0.0
2026-05-28,6.445,6.345000000000001,6.465,6.335,55344.76,37535.141,0.9427934621099554,,0.0
2026-05-29,6.345000000000001,6.445,6.555000000000001,6.325,56857.0,38741.574,0.9436310395314788,,0.0
2026-06-01,6.445,6.745,6.755,6.405,89703.26,62894.42514,0.9460028050490884,,0.0
2026-06-02,6.735,6.785,6.845000000000001,6.665,66424.0,47340.666,0.9463040446304044,,0.0
2026-06-03,6.765000000000001,6.745,6.765000000000001,6.595000000000001,55442.76,39048.30348,0.9460028050490884,,0.0
2026-06-04,6.715,6.595000000000001,6.765000000000001,6.525,47749.76,33312.878,0.9448424068767908,,0.0
2026-06-05,6.595000000000001,6.715,6.775,6.595000000000001,47765.0,33938.336,0.945774647887324,,0.0
2026-06-08,6.715,6.575,6.715,6.535,45279.0,31651.77846,0.944683908045977,,0.0
2026-06-09,6.575,6.445,6.6850000000000005,6.365,63066.0,43255.721,0.9436310395314788,,0.0
2026-06-10,6.415,6.455,6.505,6.375,64757.0,44238.496,0.9437134502923976,,0.0
2026-06-11,6.465,6.565,6.595000000000001,6.405,44562.0,30872.066,0.9446043165467626,,0.0
2026-06-12,6.605,6.775,6.805000000000001,6.525,79319.0,56166.922,0.9462290502793296,,0.0
2026-06-15,6.815,6.715,6.835,6.6450000000000005,67723.0,48018.114,0.945774647887324,,0.0
2026-06-16,6.715,6.555000000000001,6.715,6.495,74376.0,51771.764,0.9445244956772336,,0.0
2026-06-17,6.61,6.45,6.61,6.44,94134.04,61098.7616,1.0,,0.0
2026-06-18,6.45,6.35,6.45,6.33,57732.04,36798.1234,1.0,,0.0
2026-06-22,6.32,6.28,6.34,6.2,57031.74,35710.12616,1.0,,0.0
2026-06-23,6.28,6.4,6.45,6.25,38194.3,24343.9176,1.0,,0.0
2026-06-24,6.4,6.23,6.44,6.2,47685.4,29873.5372,1.0,,0.0
2026-06-25,6.21,6.17,6.26,6.14,34867.89,21563.37184,1.0,,0.0
2026-06-26,6.18,6.06,6.2,6.04,50070.18,30638.02736,1.0,,0.0
2026-06-29,6.08,6.12,6.18,5.9,53758.0,32459.958,1.0,,0.0
2026-06-30,6.13,5.94,6.15,5.91,43868.28,26222.43432,1.0,,0.0
2026-07-01,5.93,6.11,6.14,5.9,54290.28,33003.00996,1.0,,0.0
2026-07-03,6.32,6.45,6.46,6.28,52573.0,33704.151,1.0,,0.0
2026-07-06,6.42,6.42,6.56,6.4,61761.0,40074.8257,1.0,,0.0
2026-07-07,6.42,6.32,6.45,6.25,42249.0,26703.005,1.0,,0.0
2026-07-08,6.28,6.28,6.36,6.21,36910.0,23152.742,1.0,,0.0
2026-07-09,6.29,6.21,6.29,6.15,24402.54,15111.40018,1.0,,0.0
2026-07-10,6.19,6.14,6.22,6.11,51492.0,31714.7302,1.0,,0.0
2026-07-13,6.19,6.26,6.3,6.12,53011.82,33064.26786,1.0,,0.0
2026-07-14,6.25,6.33,6.37,6.21,43338.0,27322.59,1.0,,0.0
2026-07-15,6.33,6.42,6.49,6.31,42093.6,27086.315,1.0,,0.0
2026-07-16,6.46,6.44,6.48,6.37,41307.0,26562.175,1.0,,0.0
2026-07-17,6.44,6.45,6.56,6.4,63429.0,41168.558,1.0,,0.0
2026-07-20,6.43,6.41,6.54,6.35,64539.0,41556.784,1.0,,0.0
2026-07-21,6.42,6.35,6.47,6.3,60685.0,38655.307,1.0,,0.0
2026-07-22,6.34,6.31,6.35,6.18,59055.83,36886.34943,1.0,,0.0
2026-07-23,6.25,6.33,6.34,6.21,46849.84,29502.4182,1.0,,0.0
2026-07-24,6.32,6.25,6.35,6.18,44691.0,27901.44316,1.0,,0.0
2026-07-27,6.23,6.27,6.32,6.2,45199.0,28367.668,1.0,,0.0
2026-07-28,6.25,6.43,6.44,6.24,55421.84,35265.09904,1.0,,0.0
2026-07-29,6.43,6.5,6.58,6.41,67017.5,43639.475,1.0,,0.0
2026-07-30,6.5,6.6,6.62,6.48,54674.74,35955.68892,1.0,,0.0
2026-07-31,6.6,6.59,6.6,6.45,49003.0,31973.873,1.0,,0.0
2026-08-03,6.56,6.62,6.65,6.51,44730.0,29549.657,1.0,,0.0
2026-08-04,6.65,6.52,6.65,6.51,38163.0,24990.107,1.0,,0.0
2026-08-05,6.5,6.51,6.54,6.44,32962.38,21384.81272,1.0,,0.0
2026-08-06,6.47,6.49,6.53,6.41,33967.0,21966.628,1.0,,0.0
2026-08-07,6.49,6.51,6.52,6.42,51767.0,33474.921,1.0,,0.0
2026-08-10,6.5,6.64,6.68,6.46,68193.0,45177.462,1.0,,0.0
2026-08-11,6.65,6.64,6.77,6.62,56199.43,37660.06811,1.0,,0.0
2026-08-12,6.63,6.61,6.65,6.54,29169.0,19195.741,1.0,0.5941,0.0
2026-08-13,6.61,6.52,6.65,6.51,34117.0,22329.333,1.0,0.69,0.0
2026-08-14,6.52,6.47,6.54,6.45,36748.0,23816.79,1.0,0.75,0.0
2026-08-17,6.45,6.55,6.56,6.37,43807.14,28512.65328,1.0,0.0,0.0
2026-08-18,6.53,6.6,6.63,6.53,35779.0,23576.462,1.0,0.0,0.0
2026-08-19,6.62,6.59,6.67,6.56,35897.0,23778.125,1.0,0.0,0.0
2026-08-20,6.64,6.63,6.65,6.56,33322.0,22018.026,1.0,0.3996,0.6787
2026-08-21,6.58,6.55,6.62,6.47,31927.0,20855.209,1.0,0.3829,0.6503
2026-08-24,6.58,6.69,6.73,6.54,60118.5,40044.00013,1.0,0.721,1.2245
2026-08-25,6.69,6.69,6.72,6.61,39567.0,26368.938,1.0,0.4745,0.8059
2026-08-26,6.45,6.36,6.5,6.3,169205.97,107568.40254,1.0,2.0292,3.4463
2026-08-27,6.32,6.3,6.33,6.26,72129.68,45361.6598,1.0,0.865,1.4691
2026-08-28,6.29,6.36,6.38,6.24,68032.75,42970.39494,1.0,0.8159,1.3856
2026-08-31,6.32,6.34,6.37,6.29,48729.48,30883.6917,1.0,0.5844,0.9925
2026-09-01,6.35,6.39,6.44,6.34,69613.02,44529.61282,1.0,0.8348,1.4178
2026-09-02,6.38,6.34,6.4,6.31,47861.0,30321.184,1.0,0.574,0.9748
2026-09-03,6.35,6.29,6.37,6.28,41321.0,26117.466,1.0,0.4955,0.8416
2026-09-04,6.29,6.3,6.34,6.27,44069.0,27779.149,1.0,0.5285,0.8976
2026-09-07,6.3,6.37,6.37,6.27,64005.0,40540.222,1.0,0.7676,1.3036
2026-09-08,6.36,6.37,6.41,6.33,39463.1,25140.3228,1.0,0.4733,0.8038
2026-09-09,6.37,6.32,6.38,6.3,44299.0,28031.788,1.0,0.5312,0.9023
2026-09-10,6.32,6.21,6.32,6.2,67997.99,42422.4058,1.0,0.8155,1.3849
2026-09-11,6.22,6.15,6.22,6.12,55684.0,34279.059,1.0,0.6678,1.1341
2026-09-14,6.14,6.14,6.17,6.12,33802.0,20743.961,1.0,0.4054,0.6885
2026-09-15,6.13,6.09,6.14,6.06,40799.0,24860.206,1.0,0.4893,0.831
2026-09-16,6.08,6.05,6.09,6.03,34100.0,20627.834,1.0,0.4089,0.6945
2026-09-17,6.03,6.09,6.11,6.03,31361.91,19046.09346,1.0,0.3761,0.6388
2026-09-18,6.09,6.11,6.14,6.08,26354.0,16134.718,1.0,0.316,0.5368
