date,open,close,high,low,volume,money,factor,turnover,turnover_free
2021-05-10,24.11,22.99,24.29,22.66,99641.52,258420.205,0.8955979742890534,,0.0
2021-05-11,23.07,23.99,24.1,22.37,125411.12,326413.993,0.8995125609298837,,0.0
2021-05-12,23.9,23.99,24.71,23.75,70965.89,190885.331,0.8995125609298837,,0.0
2021-05-13,23.91,23.52,24.22,23.37,59830.9,158229.05,0.8977099236641222,,0.0
2021-05-14,23.47,24.1,24.13,23.32,65880.49,174115.607,0.8999253174010455,,0.0
2021-05-17,23.71,24.1,24.68,23.71,70562.55,189779.818,0.8999253174010455,,0.0
2021-05-18,24.05,25.07,25.67,23.75,99130.9,273251.116,0.9034234234234234,,0.0
2021-05-19,24.92,24.42,24.98,24.29,61589.35,167623.811,0.9011070110701108,,0.0
2021-05-20,24.49,24.18,25.18,24.16,59345.93,161194.899,0.9002233804914371,,0.0
2021-05-21,24.1,23.79,24.47,23.51,57085.18,151841.268,0.898753305629014,,0.0
2021-05-24,24.05,24.53,24.81,23.91,71958.7,195273.414,0.9015067989709664,,0.0
2021-05-25,24.53,25.58,25.88,24.22,117097.28,326433.496,0.9051663128096248,,0.0
2021-05-26,25.58,25.57,25.81,25.33,68115.42,192313.889,0.905132743362832,,0.0
2021-05-27,25.46,25.76,26.07,25.35,67786.59,192910.923,0.9057665260196904,,0.0
2021-05-28,25.97,25.89,26.53,25.67,72060.2,206669.281,0.9061953097654882,,0.0
2021-05-31,25.82,26.58,26.81,25.17,117615.09,338172.308,0.9084073820915928,,0.0
2021-06-01,26.6,26.61,26.72,26.09,76497.2,223501.506,0.9085011949470808,,0.0
2021-06-02,26.57,26.36,27.07,26.28,74711.25,219153.335,0.9077134986225897,,0.0
2021-06-03,26.34,25.73,26.82,25.7,62317.57,179569.518,0.905667018655403,,0.0
2021-06-04,25.91,25.97,26.48,25.85,58936.06,169503.07,0.9064572425828972,,0.0
2021-06-07,25.98,26.12,26.51,25.7,78580.03,225977.322,0.9069444444444444,,0.0
2021-06-08,26.14,25.91,26.34,25.45,59687.48,169008.513,0.9132886852308776,,0.0
2021-06-09,25.98,25.19,26.25,25.11,77775.7,217870.484,0.9110307414104882,,0.0
2021-06-10,24.64,25.72,25.84,24.24,75271.27,208751.367,0.9127040454222852,,0.0
2021-06-11,25.77,24.38,25.81,24.22,109394.89,298893.828,0.9083457526080476,,0.0
2021-06-15,24.38,24.34,25.04,24.14,67659.78,181820.962,0.9082089552238806,,0.0
2021-06-16,24.24,23.48,24.34,23.14,87247.81,227530.006,0.905165767154973,,0.0
2021-06-17,23.42,24.12,24.3,23.24,69107.91,181479.04,0.9074492099322798,,0.0
2021-06-18,24.33,24.19,24.62,23.99,58544.41,156157.164,0.9076923076923076,,0.0
2021-06-21,24.05,26.86,26.86,24.04,160703.09,454870.119,0.9160982264665756,,0.0
2021-06-22,27.47,26.65,28.1,26.38,199572.18,590668.735,0.9154929577464788,,0.0
2021-06-23,26.96,26.04,27.1,25.84,134730.51,385361.849,0.9136842105263158,,0.0
2021-06-24,25.94,25.67,26.29,25.59,88424.22,250289.863,0.9125488801990757,,0.0
2021-06-25,26.29,27.21,27.69,25.84,205615.06,602133.799,0.917087967644085,,0.0
2021-06-28,27.26,26.43,27.43,26.24,138359.84,403518.983,0.9148494288681204,,0.0
2021-06-29,26.43,25.8,27.33,25.72,136744.92,395538.87,0.9129511677282378,,0.0
2021-06-30,25.94,25.31,26.42,24.91,109582.25,305989.925,0.9114151962549514,,0.0
2021-07-01,25.54,24.33,25.68,24.32,110273.06,299033.114,0.908174692049272,,0.0
2021-07-02,24.29,23.94,24.72,23.77,93321.94,248312.518,0.9068181818181816,,0.0
2021-07-05,23.95,24.12,24.42,23.64,87868.1,232754.01,0.9074492099322798,,0.0
2021-07-06,24.34,24.06,24.34,23.69,64190.35,169723.032,0.9072398190045248,,0.0
2021-07-07,23.76,23.94,24.29,23.74,77088.13,203987.946,0.9068181818181816,,0.0
2021-07-08,23.95,24.25,24.64,23.95,110053.38,294560.477,0.9078996630475475,,0.0
2021-07-09,24.14,23.61,24.14,23.04,128135.55,331213.982,0.905638665132336,,0.0
2021-07-12,23.58,23.79,24.0,23.53,82065.31,215380.082,0.9062857142857144,,0.0
2021-07-13,23.8,25.29,25.97,23.78,179269.16,494244.744,0.9113513513513514,,0.0
2021-07-14,25.29,24.71,25.56,24.46,131701.75,360719.372,0.909458962090541,,0.0
2021-07-15,24.71,24.59,25.47,24.22,100629.85,272892.378,0.9090573012939002,,0.0
2021-07-16,24.46,25.02,25.51,24.25,141327.66,389366.95,0.910480349344978,,0.0
2021-07-19,24.91,24.6,25.32,24.47,94079.8,256281.768,0.9090909090909092,,0.0
2021-07-20,24.41,25.43,25.78,24.1,135014.01,370676.231,0.9117963427751882,,0.0
2021-07-21,25.6,28.22,28.22,25.54,305990.9,910190.066,0.9198174706649282,,0.0
2021-07-22,28.58,27.86,28.99,27.49,254672.75,777416.075,0.9188654353562004,,0.0
2021-07-23,27.87,29.13,30.14,27.86,258750.04,823007.918,0.9221272554605888,,0.0
2021-07-26,29.44,29.48,30.66,28.72,251186.2,810527.419,0.9229805886036316,,0.0
2021-07-27,29.71,28.89,29.96,28.86,186227.79,591492.824,0.9215311004784688,,0.0
2021-07-28,28.24,26.93,28.32,25.76,198776.66,588410.016,0.916298060564818,,0.0
2021-07-29,27.5,27.68,28.18,27.25,125502.52,378647.482,0.9183808891838088,,0.0
2021-07-30,27.51,28.86,29.1,27.14,143760.07,445593.279,0.921455938697318,,0.0
2021-08-02,28.94,29.83,30.1,28.38,175059.87,559903.814,0.9238154227314958,,0.0
2021-08-03,29.7,29.15,29.84,28.95,117898.44,375084.153,0.9221765264156911,,0.0
2021-08-04,29.12,30.14,30.29,29.04,150835.57,487190.732,0.9245398773006136,,0.0
2021-08-05,30.130000000000003,30.92,31.31,30.0,197353.49,656188.32,0.926303175554224,,0.0
2021-08-06,30.7,30.630000000000003,30.84,30.2,106447.73,350249.48,0.9256572982774252,,0.0
2021-08-09,30.61,30.39,31.66,29.94,142379.06,473306.792,0.9251141552511416,,0.0
2021-08-10,30.34,30.15,31.02,29.81,124258.46,407954.213,0.9245630174793008,,0.0
2021-08-11,29.98,29.73,30.29,29.34,116596.27,375103.557,0.923578751164958,,0.0
2021-08-12,29.59,29.65,30.24,29.34,82213.93,264677.838,0.92338835253815,,0.0
2021-08-13,29.54,29.19,29.74,28.9,95313.97,302040.766,0.9222748815165877,,0.0
2021-08-16,29.19,28.44,29.74,28.17,106316.17,330349.334,0.920388349514563,,0.0
2021-08-17,28.59,27.3,28.66,27.12,113401.5,343641.097,0.9173387096774194,,0.0
2021-08-18,27.27,29.04,29.22,27.19,125556.49,387146.938,0.921904761904762,,0.0
2021-08-19,28.69,29.09,29.62,28.49,92380.88,290465.533,0.92202852614897,,0.0
2021-08-20,29.04,28.37,29.04,27.74,94269.57,290334.482,0.9202075900097308,,0.0
2021-08-23,28.37,29.33,29.72,28.37,94791.58,300086.565,0.9226171752123308,,0.0
2021-08-24,29.24,28.12,29.24,27.89,140535.73,432180.509,0.919555264879006,,0.0
2021-08-25,28.19,27.96,28.8,27.81,94266.23,289027.75,0.9191321499013808,,0.0
2021-08-26,27.54,27.29,28.06,27.22,109146.26,327286.522,0.9173109243697478,,0.0
2021-08-27,27.27,27.69,27.69,26.43,94625.54,278880.291,0.918407960199005,,0.0
2021-08-30,27.96,27.4,28.8,27.35,121202.98,368901.511,0.9176155391828532,,0.0
2021-08-31,27.47,26.88,27.72,26.74,86845.88,256542.622,0.916155419222904,,0.0
2021-09-01,26.89,26.12,27.21,25.34,123522.5,354569.035,0.913925822253324,,0.0
2021-09-02,26.03,25.67,26.18,25.54,82706.9,233446.766,0.9125488801990757,,0.0
2021-09-03,25.69,25.61,26.42,25.34,95163.4,268881.483,0.9123619522622016,,0.0
2021-09-06,25.61,26.03,26.36,25.14,79364.99,225521.099,0.9136539136539136,,0.0
2021-09-07,25.93,26.14,26.66,25.85,79201.81,228043.245,0.913986013986014,,0.0
2021-09-08,26.16,25.97,26.59,25.57,88258.28,251658.27,0.9134716848399578,,0.0
2021-09-09,25.91,26.07,26.32,25.7,69534.8,197884.113,0.9137749737118822,,0.0
2021-09-10,26.09,26.39,26.5,25.66,85502.4,244965.475,0.91473136915078,,0.0
2021-09-13,26.69,26.76,27.33,26.44,91730.64,268930.435,0.9158110882956878,,0.0
2021-09-14,26.98,26.35,27.19,26.3,73414.33,214385.115,0.9146129816036098,,0.0
2021-09-15,26.21,26.1,26.34,25.63,62123.93,176834.23,0.9138655462184874,,0.0
2021-09-16,26.14,25.04,26.52,25.0,98044.18,275424.617,0.9105454545454544,,0.0
2021-09-17,24.92,24.71,25.28,24.25,61446.11,166845.878,0.909458962090541,,0.0
2021-09-22,24.55,24.57,24.93,24.33,45988.5,124543.194,0.9089900110987792,,0.0
2021-09-23,24.84,26.54,27.18,24.84,123030.38,351648.011,0.9151724137931034,,0.0
2021-09-24,26.44,26.04,26.64,25.9,61747.48,177003.958,0.9136842105263158,,0.0
2021-09-27,26.14,24.95,26.53,24.4,98762.62,272500.46,0.9102517329441808,,0.0
2021-09-28,24.84,24.79,25.12,24.46,49439.75,134893.373,0.9097247706422018,,0.0
2021-09-29,24.64,24.83,25.72,24.35,71002.53,195045.448,0.909857090509344,,0.0
2021-09-30,24.84,24.67,25.11,24.36,55073.15,149127.713,0.9093254699594544,,0.0
2021-10-08,24.84,24.34,25.12,24.31,60351.0,162877.254,0.9082089552238806,,0.0
2021-10-11,24.23,24.45,24.98,24.15,47506.76,128539.714,0.9085841694537348,,0.0
2021-10-12,24.42,23.59,24.43,23.34,63368.37,165933.102,0.9055662188099808,,0.0
2021-10-13,23.59,23.8,23.91,23.42,32566.68,85018.944,0.9063214013709064,,0.0
2021-10-14,23.82,23.58,23.94,23.56,32554.39,85188.782,0.9055299539170506,,0.0
2021-10-15,23.73,23.58,23.73,23.36,31105.69,80955.999,0.9055299539170506,,0.0
2021-10-18,23.64,23.35,23.66,23.11,47127.63,121553.924,0.9046881053855096,,0.0
2021-10-19,23.36,23.81,23.84,23.2,46186.45,120403.772,0.9063570612866388,,0.0
2021-10-20,23.83,23.1,23.99,23.08,65519.0,169731.247,0.9037558685446008,,0.0
2021-10-21,23.14,22.7,23.34,22.66,53691.63,136854.262,0.9022257551669316,,0.0
2021-10-22,22.57,24.66,25.22,21.82,165160.82,425899.313,0.90929203539823,,0.0
2021-10-25,23.64,24.05,24.74,23.64,91586.31,243339.145,0.907204828366654,,0.0
2021-10-26,24.01,24.42,24.94,23.66,80917.92,216750.914,0.9084821428571428,,0.0
2021-10-27,24.74,24.91,25.36,24.45,109830.32,301688.362,0.9101205699671172,,0.0
2021-10-28,25.04,24.96,25.39,24.2,79379.01,217100.884,0.9102844638949672,,0.0
2021-10-29,24.84,25.07,25.33,24.63,59838.76,164589.709,0.9106429349800218,,0.0
2021-11-01,25.06,26.12,26.76,25.05,139042.77,399647.535,0.913925822253324,,0.0
2021-11-02,26.54,25.97,26.74,25.74,109876.44,314624.419,0.9134716848399578,,0.0
2021-11-03,25.82,25.3,26.14,24.99,76346.25,212972.545,0.9113832853025936,,0.0
2021-11-04,25.18,27.16,27.54,25.0,203204.4,589112.41,0.9169480081026332,,0.0
2021-11-05,27.04,27.16,27.7,26.54,171058.99,508175.213,0.9169480081026332,,0.0
2021-11-08,27.01,26.82,27.33,26.55,86346.21,253954.004,0.915983606557377,,0.0
2021-11-09,26.62,27.42,27.74,26.62,101072.42,301725.286,0.9176706827309236,,0.0
2021-11-10,27.62,27.44,27.94,27.19,84188.97,251950.791,0.9177257525083612,,0.0
2021-11-11,27.54,26.88,27.54,26.49,103301.72,302780.516,0.916155419222904,,0.0
2021-11-12,26.82,27.13,27.47,26.57,74847.08,221555.277,0.9168638053396416,,0.0
2021-11-15,27.07,26.34,27.46,26.24,84287.73,247134.361,0.9145833333333332,,0.0
2021-11-16,26.56,25.76,26.64,25.72,81779.62,233462.028,0.9128277817150956,,0.0
2021-11-17,25.76,25.04,25.91,24.99,99717.81,276183.082,0.9105454545454544,,0.0
2021-11-18,24.99,25.03,25.36,24.42,94893.61,259346.21,0.9105129137868316,,0.0
2021-11-19,24.97,25.25,25.26,24.6,61895.81,169798.087,0.9112233850595453,,0.0
2021-11-22,25.33,25.27,25.91,25.04,67217.18,186959.408,0.9112874143526866,,0.0
2021-11-23,25.27,25.28,25.61,25.0,60085.25,166669.888,0.9113193943763518,,0.0
2021-11-24,25.2,24.77,25.29,24.74,49415.21,135712.701,0.9096584649283878,,0.0
2021-11-25,24.77,27.49,27.49,24.77,214328.4,627550.532,0.917863105175292,,0.0
2021-11-26,27.78,28.17,29.4,27.54,385040.33,1188046.625,0.919686581782566,,0.0
2021-11-29,28.16,28.16,28.54,27.72,160491.93,490991.039,0.9196603527106466,,0.0
2021-11-30,28.5,27.76,28.56,27.68,150490.0,457717.104,0.9185969556585044,,0.0
2021-12-01,28.34,27.83,28.34,27.1,127775.72,384308.285,0.9187850775833608,,0.0
2021-12-02,27.72,27.52,28.17,27.4,92240.55,278805.257,0.9179452968645764,,0.0
2021-12-03,27.54,27.98,28.49,27.41,136608.38,415387.58,0.919185282522996,,0.0
2021-12-06,28.19,27.49,28.39,27.34,97354.62,294594.515,0.917863105175292,,0.0
2021-12-07,27.53,26.72,27.74,26.42,98732.92,289332.467,0.9156956819739548,,0.0
2021-12-08,27.04,27.14,27.3,26.72,54806.03,161744.141,0.916891891891892,,0.0
2021-12-09,27.27,26.95,27.31,26.74,48182.2,141706.836,0.916354981298878,,0.0
2021-12-10,27.02,27.25,28.04,26.66,95475.05,284151.707,0.9171995960955908,,0.0
2021-12-13,27.53,28.13,28.29,26.95,121795.47,369601.657,0.9195815626021576,,0.0
2021-12-14,28.16,27.9,28.72,27.8,110367.34,336992.037,0.9189723320158104,,0.0
2021-12-15,27.9,27.64,28.59,27.64,81148.59,247667.312,0.9182724252491694,,0.0
2021-12-16,27.66,27.64,27.85,27.31,62102.1,186145.662,0.9182724252491694,,0.0
2021-12-17,27.57,27.66,28.28,27.28,109922.13,333820.614,0.9183266932270916,,0.0
2022-01-04,28.54,27.46,28.54,26.45,192566.71,580035.041,0.9177807486631016,,0.0
2022-01-05,27.74,26.6,27.89,26.55,85452.97,252613.656,0.9153475567790778,,0.0
2022-01-06,26.48,25.72,26.58,25.53,113739.08,322945.999,0.9127040454222852,,0.0
2022-01-07,25.81,26.7,27.52,25.72,103961.4,303219.892,0.9156378600823044,,0.0
2022-01-10,26.47,26.15,26.93,25.8,87580.07,251185.152,0.9140160782943026,,0.0
2022-01-11,26.17,26.72,27.03,26.15,74877.1,217761.141,0.9156956819739548,,0.0
2022-01-12,26.6,26.62,26.9,26.4,46350.3,134770.105,0.9154057771664372,,0.0
2022-01-13,26.65,26.39,27.04,26.33,49698.4,144076.585,0.91473136915078,,0.0
2022-01-14,26.14,26.13,26.7,25.64,56703.44,162786.211,0.91395592864638,,0.0
2022-01-17,26.08,26.73,26.98,25.66,75231.91,219260.731,0.9157245632065776,,0.0
2022-01-18,26.54,27.05,27.82,26.47,70932.08,210477.366,0.9166384276516436,,0.0
2022-01-19,26.85,26.18,27.19,26.12,67115.65,194309.252,0.9141061452513968,,0.0
2022-01-20,25.93,25.87,26.54,25.75,50160.73,142604.829,0.913166254853512,,0.0
2022-01-21,25.87,24.71,25.92,23.04,84688.73,230017.261,0.909458962090541,,0.0
2022-01-24,24.61,24.72,24.99,24.34,35798.8,97358.346,0.9094922737306844,,0.0
2022-01-25,24.63,24.51,25.79,24.48,62833.48,173444.514,0.9087875417130143,,0.0
2022-01-26,24.24,24.25,24.99,23.94,47362.66,126821.9,0.9078996630475475,,0.0
2022-01-27,24.32,23.73,24.74,23.72,53028.82,141401.837,0.9060710194730812,,0.0
2022-01-28,24.24,23.74,24.24,23.34,42140.82,110881.546,0.9061068702290076,,0.0
2022-02-07,24.04,24.47,24.88,24.04,46578.75,125670.764,0.908652060898626,,0.0
2022-02-08,24.47,25.11,25.15,24.33,43596.25,118650.054,0.910772578890098,,0.0
2022-02-09,25.12,26.4,26.85,25.0,87877.54,251306.07,0.9147609147609148,,0.0
2022-02-10,26.4,26.57,26.82,26.12,63519.29,183972.813,0.915260075783672,,0.0
2022-02-11,26.27,26.25,26.54,25.61,50665.5,145590.831,0.9143155694879832,,0.0
2022-02-14,26.04,26.0,26.54,25.82,45367.79,129773.64,0.9135628952916374,,0.0
2022-02-15,25.84,25.97,26.09,25.65,27419.93,77679.323,0.9134716848399578,,0.0
2022-02-16,26.06,26.04,26.18,25.84,27844.18,79127.021,0.9136842105263158,,0.0
2022-02-17,25.86,25.78,26.03,25.49,41982.56,118290.199,0.9128895184135976,,0.0
2022-02-18,25.62,25.83,26.01,25.49,29164.79,82273.648,0.9130434782608696,,0.0
2022-02-21,25.96,25.16,25.96,24.91,59166.21,164182.536,0.9109341057204924,,0.0
2022-02-22,25.05,24.62,25.34,24.43,53966.43,146511.915,0.9091580502215656,,0.0
2022-02-23,24.64,25.38,25.59,24.64,47180.3,130371.454,0.9116379310344828,,0.0
2022-02-24,25.11,24.75,25.52,24.42,75594.3,206491.172,0.9095920617420066,,0.0
2022-02-25,24.85,24.47,25.14,24.42,47875.65,130163.229,0.908652060898626,,0.0
2022-02-28,24.62,25.36,26.35,24.49,92154.08,257053.663,0.9115744069015096,,0.0
2022-03-01,25.17,25.4,25.71,25.08,43492.41,121157.391,0.9117013639626704,,0.0
2022-03-02,25.43,25.1,25.61,24.99,35234.33,97359.587,0.9107402031930334,,0.0
2022-03-03,25.1,24.61,25.18,24.54,42454.24,115459.997,0.9091244920576284,,0.0
2022-03-04,24.57,24.12,24.63,24.04,44539.49,119170.836,0.9074492099322798,,0.0
2022-03-07,24.11,23.28,24.33,23.22,60918.12,158021.129,0.9044289044289044,,0.0
2022-03-08,23.41,22.74,23.72,22.74,62655.67,160622.698,0.9023809523809524,,0.0
2022-03-09,22.97,21.84,23.14,20.55,102209.85,248688.491,0.8987654320987654,,0.0
2022-03-10,22.74,22.31,22.92,22.26,59949.82,149903.346,0.9006863140896245,,0.0
2022-03-11,21.85,22.88,22.95,21.54,50947.71,126031.774,0.9029202841357538,,0.0
2022-03-14,22.59,22.26,22.82,22.09,50564.34,125885.893,0.9004854368932038,,0.0
2022-03-15,22.09,20.12,22.19,19.99,85440.6,200829.562,0.8910540301151461,,0.0
2022-03-16,20.71,20.45,20.91,19.07,94858.66,213066.997,0.8926233085988651,,0.0
2022-03-17,20.59,21.83,22.29,20.59,125409.21,301284.491,0.8987237546315355,,0.0
2022-03-18,21.94,22.48,23.11,21.64,81531.83,204002.459,0.9013632718524458,,0.0
2022-03-21,22.52,21.83,22.6,21.65,72224.6,176386.817,0.8987237546315355,,0.0
2022-03-22,21.83,21.58,21.96,21.44,45339.03,109136.187,0.8976705490848585,,0.0
2022-03-23,21.74,23.74,23.98,21.59,196569.16,509849.149,0.9061068702290076,,0.0
2022-03-24,23.88,23.49,24.22,23.17,109358.84,284791.688,0.9052023121387284,,0.0
2022-03-25,23.5,23.33,23.79,23.24,54551.35,141440.295,0.9046141915471112,,0.0
2022-03-28,23.3,23.59,23.76,22.44,73743.79,190462.642,0.9055662188099808,,0.0
2022-03-29,23.76,23.39,24.14,23.26,46961.02,122491.531,0.9048355899419728,,0.0
2022-03-30,23.51,23.58,23.64,23.15,39603.15,102628.378,0.9055299539170506,,0.0
2022-03-31,23.57,23.0,23.6,22.97,49256.8,126426.629,0.9033778476040848,,0.0
2022-04-01,22.92,23.18,23.41,22.8,34917.84,89631.201,0.90405616224649,,0.0
2022-04-06,23.19,21.83,23.2,21.73,103090.91,253383.916,0.8987237546315355,,0.0
2022-04-07,21.79,20.83,22.29,20.79,84676.85,201366.833,0.8943752683555174,,0.0
2022-04-08,20.92,21.01,21.28,20.37,56607.14,131469.947,0.8951853429910523,,0.0
2022-04-11,20.94,20.05,20.99,20.04,56872.34,129479.101,0.8907152376721457,,0.0
2022-04-12,19.8,20.37,20.61,19.8,53458.61,121275.76,0.8922470433639947,,0.0
2022-04-13,20.24,19.7,20.4,19.7,38934.86,87256.257,0.8889891696750902,,0.0
2022-04-14,19.87,19.34,20.01,19.32,52558.95,115949.381,0.8871559633027523,,0.0
2022-04-15,19.34,21.52,21.52,19.15,142676.0,332780.166,0.8974145120934112,,0.0
2022-04-18,21.48,22.03,22.9,21.06,130316.34,319233.823,0.8995508370763576,,0.0
2022-04-19,22.03,23.79,24.14,21.96,167902.18,431987.976,0.9062857142857144,,0.0
2022-04-20,23.95,23.49,24.34,23.41,109143.11,287509.316,0.9052023121387284,,0.0
2022-04-21,23.44,22.25,23.68,22.1,95973.68,243270.16,0.9004451639012545,,0.0
2022-04-22,22.18,21.89,22.24,21.64,62732.05,153137.072,0.8989733059548254,,0.0
2022-04-25,21.28,19.46,21.28,19.46,81384.4,181990.096,0.8877737226277372,,0.0
2022-04-26,18.84,17.27,19.43,17.27,130141.23,260393.991,0.8753167764825139,,0.0
2022-04-27,15.65,16.5,17.27,15.300000000000002,222729.36,408843.233,0.870253164556962,,0.0
2022-04-28,15.99,15.750000000000002,16.3,15.42,107467.91,196624.321,0.8649093904448106,,0.0
2022-04-29,16.32,17.49,17.57,15.960000000000004,101701.06,197923.995,0.8766917293233082,,0.0
2022-05-05,17.54,18.3,18.84,17.34,94183.23,193470.868,0.8815028901734103,,0.0
2022-05-06,17.57,17.619999999999997,18.61,17.49,71572.56,145843.381,0.8774900398406374,,0.0
2022-05-09,17.61,17.669999999999998,18.12,17.33,50451.98,101498.652,0.8777943368107302,,0.0
2022-05-10,17.419999999999998,17.7,18.0,17.13,56120.41,112763.076,0.8779761904761905,,0.0
2022-05-11,17.7,17.96,18.77,17.55,77380.69,160470.672,0.8795298726738492,,0.0
2022-05-12,17.81,18.08,18.49,17.75,41653.19,85681.631,0.8802336903602725,,0.0
2022-05-13,18.1,18.33,18.64,18.09,51430.63,107104.51,0.8816738816738816,,0.0
2022-05-16,18.5,18.44,19.08,18.37,50533.61,106614.653,0.8822966507177032,,0.0
2022-05-17,18.63,18.46,18.69,18.19,38499.53,80429.665,0.8824091778202676,,0.0
2022-05-18,18.44,18.54,18.84,18.27,43306.99,91102.437,0.8828571428571428,,0.0
2022-05-19,18.27,18.49,18.54,18.19,37482.7,78111.898,0.8825775656324581,,0.0
2022-05-20,18.5,18.78,19.09,18.5,42817.46,91048.107,0.8841807909604519,,0.0
2022-05-23,18.84,20.52,20.8,18.77,99344.04,222188.951,0.8929503916449086,,0.0
2022-05-24,20.64,19.12,20.88,19.0,99662.63,222560.403,0.8860055607043559,,0.0
2022-05-25,18.99,19.16,19.42,18.67,59583.73,127905.311,0.8862164662349676,,0.0
2022-05-26,18.94,19.69,20.04,18.85,60693.85,133715.121,0.8889390519187359,,0.0
2022-05-27,19.69,19.62,20.44,19.36,58799.73,131311.033,0.8885869565217391,,0.0
2022-05-30,19.85,19.64,19.9,19.29,46200.25,101856.099,0.8886877828054298,,0.0
2022-05-31,19.72,19.96,20.25,19.49,55421.83,124133.267,0.8902765388046386,,0.0
2022-06-01,19.99,19.78,20.09,19.51,56211.99,125270.744,0.889388489208633,,0.0
2022-06-02,19.8,20.29,20.36,19.61,60536.55,136254.921,0.8918681318681319,,0.0
2022-06-06,20.54,21.59,22.02,20.54,99799.11,238670.766,0.8977130977130977,,0.0
2022-06-07,21.83,21.41,21.93,21.27,60956.24,146217.032,0.8969417679095099,,0.0
2022-06-08,21.54,21.25,21.74,20.94,63945.97,150060.33,0.9077317385732592,,0.0
2022-06-09,21.31,20.78,21.42,20.63,54237.01,125421.831,0.905841325196164,,0.0
2022-06-10,20.64,21.7,21.75,20.45,68283.15,161148.765,0.9094719195305953,,0.0
2022-06-13,21.53,21.43,21.88,21.15,58631.74,138852.146,0.9084357778719796,,0.0
2022-06-14,21.24,21.81,21.86,20.7,68220.99,159653.799,0.9098873591989988,,0.0
2022-06-15,21.81,21.89,22.47,21.72,64342.49,156162.395,0.9101871101871102,,0.0
2022-06-16,21.89,22.0,22.4,21.82,55620.44,134866.06,0.9105960264900662,,0.0
2022-06-17,21.87,22.07,22.35,21.64,60961.36,147420.098,0.910854312835328,,0.0
2022-06-20,22.11,23.06,23.42,22.11,88821.21,223701.498,0.9143536875495638,,0.0
2022-06-21,23.1,22.84,23.32,22.51,60918.12,152669.468,0.9136,,0.0
2022-06-22,22.85,22.34,23.13,22.29,52104.76,129600.355,0.9118367346938776,,0.0
2022-06-23,22.34,23.34,23.41,22.3,68229.44,171340.744,0.9152941176470588,,0.0
2022-06-24,23.43,23.76,24.22,23.15,62133.47,161364.994,0.9166666666666666,,0.0
2022-06-27,24.01,25.29,25.93,23.86,126391.86,342297.423,0.921311475409836,,0.0
2022-06-28,25.37,25.6,25.77,25.13,73209.57,202304.651,0.9221902017291066,,0.0
2022-06-29,25.72,25.31,26.15,25.25,85754.29,238888.195,0.9213687659264652,,0.0
2022-06-30,25.49,25.67,26.02,25.14,57423.95,160456.085,0.922385914480776,,0.0
2022-07-01,25.48,26.45,27.14,25.48,96304.24,276352.525,0.9245019224047536,,0.0
2022-07-04,27.59,27.71,28.11,26.8,140678.62,417243.669,0.9276866421158352,,0.0
2022-07-05,27.89,27.82,28.64,27.62,120142.9,362765.004,0.9279519679786524,,0.0
2022-07-06,27.83,28.23,29.23,27.65,148464.86,455476.277,0.928923988153998,,0.0
2022-07-07,28.17,30.58,31.01,28.17,203493.97,649686.217,0.9340256566890652,,0.0
2022-07-08,30.680000000000003,30.14,30.83,29.81,120835.19,392329.13,0.9331269349845202,,0.0
2022-07-11,30.040000000000003,28.44,30.12,27.99,183330.16,568243.17,0.9294117647058824,,0.0
2022-07-12,28.53,28.13,29.03,27.97,84865.54,259297.994,0.9286893364146585,,0.0
2022-07-13,28.17,27.43,28.58,26.92,122884.64,363220.421,0.9270023656640756,,0.0
2022-07-14,27.69,28.67,29.22,27.06,101622.29,311702.063,0.9299383717158612,,0.0
2022-07-15,28.74,27.94,28.93,27.85,74569.14,227251.103,0.9282392026578072,,0.0
2022-07-18,27.87,27.98,28.4,27.42,69537.36,208441.902,0.9283344392833444,,0.0
2022-07-19,27.98,27.94,28.59,27.56,53741.57,161861.56,0.9282392026578072,,0.0
2022-07-20,28.13,28.07,28.52,27.76,52250.91,157982.892,0.9285478001984784,,0.0
2022-07-21,28.08,27.8,29.15,27.73,78655.36,239306.088,0.9279038718291056,,0.0
2022-07-22,27.89,28.0,28.3,27.05,80340.52,239705.04,0.9283819628647216,,0.0
2022-07-25,27.79,26.99,28.27,26.75,80278.58,236291.187,0.92590051457976,,0.0
2022-07-26,27.2,27.04,27.53,26.8,66404.48,194020.105,0.926027397260274,,0.0
2022-07-27,27.0,28.51,29.8,26.89,182679.29,566286.033,0.9295728725138572,,0.0
2022-07-28,28.63,27.94,28.68,27.87,85264.32,259548.142,0.9282392026578072,,0.0
2022-07-29,27.9,28.02,28.33,27.66,59885.03,180534.841,0.9284294234592444,,0.0
2022-08-01,27.86,27.92,28.12,27.32,55823.0,167104.203,0.928191489361702,,0.0
2022-08-02,27.84,26.9,28.12,26.5,96898.42,284260.136,0.925671025464556,,0.0
2022-08-03,27.07,27.39,28.91,27.07,124126.01,376102.027,0.9269035532994924,,0.0
2022-08-04,27.75,29.03,29.14,27.44,167090.12,513978.628,0.9307470343058672,,0.0
2022-08-05,29.03,28.64,29.58,28.16,93725.68,289631.443,0.9298701298701298,,0.0
2022-08-08,28.84,30.84,31.31,28.44,152358.29,493261.731,0.9345454545454546,,0.0
2022-08-09,30.85,29.94,31.19,29.71,118784.92,384508.919,0.9327102803738316,,0.0
2022-08-10,29.64,32.050000000000004,33.0,29.45,231967.94,782759.574,0.9368605670856476,,0.0
2022-08-11,32.220000000000006,32.25,32.49,31.360000000000003,115739.79,394400.305,0.937227550130776,,0.0
2022-08-12,32.290000000000006,32.17,33.64,31.84,146585.53,510721.198,0.9370812700262162,,0.0
2022-08-15,32.34,31.85,32.410000000000004,31.38,89483.81,304305.055,0.9364892678623934,,0.0
2022-08-16,31.860000000000003,31.53,32.220000000000006,31.42,72591.14,246049.843,0.9358860195903828,,0.0
2022-08-17,31.53,31.19,31.94,31.03,77340.32,259543.339,0.935232383808096,,0.0
2022-08-18,31.84,32.0,32.11000000000001,31.2,62310.83,211597.793,0.936768149882904,,0.0
2022-08-19,31.98,30.26,32.21,30.17,108599.71,357974.912,0.933374460209747,,0.0
2022-08-22,30.72,32.2,32.39,30.72,134015.27,455254.487,0.9371362048894064,,0.0
2022-08-23,32.160000000000004,31.69,32.440000000000005,31.49,58003.5,196588.9,0.9361890694239292,,0.0
2022-08-24,31.8,29.55,31.81,29.49,126675.98,409495.332,0.9318826868495744,,0.0
2022-08-25,29.64,29.68,29.82,28.63,75086.9,236477.729,0.9321608040201004,,0.0
2022-08-26,29.63,28.88,30.1,28.83,57003.26,179475.154,0.9304123711340206,,0.0
2022-08-29,28.39,29.89,30.19,27.84,74932.92,236946.849,0.9326053042121684,,0.0
2022-08-30,29.8,29.17,30.14,29.03,48705.47,153871.719,0.931056495371848,,0.0
2022-08-31,28.94,27.99,29.44,27.91,64624.03,197743.098,0.928358208955224,,0.0
2022-09-01,28.09,28.64,29.42,27.99,56108.95,173824.411,0.9298701298701298,,0.0
2022-09-02,28.64,28.84,29.44,28.43,49976.26,155457.694,0.9303225806451612,,0.0
2022-09-05,28.83,28.11,28.84,27.75,56706.95,172274.201,0.9286422200198216,,0.0
2022-09-06,28.19,28.5,28.9,28.07,50784.73,156092.391,0.929549902152642,,0.0
2022-09-07,28.52,29.04,29.54,28.34,53989.01,168489.427,0.9307692307692308,,0.0
2022-09-08,29.04,28.56,29.33,28.52,36545.46,113160.408,0.9296875,,0.0
2022-09-09,28.76,28.79,28.99,28.44,34449.26,106390.889,0.9302100161550888,,0.0
2022-09-13,28.83,29.17,29.42,28.72,60914.88,190572.85,0.931056495371848,,0.0
2022-09-14,28.8,28.56,29.08,28.3,36970.2,114179.202,0.9296875,,0.0
2022-09-15,28.81,26.42,28.93,25.82,134329.85,389938.237,0.9244226731980406,,0.0
2022-09-16,26.28,26.64,27.54,26.22,85051.17,247271.643,0.925,,0.0
2022-09-19,26.58,25.81,26.72,25.55,81552.92,229220.155,0.9227744011440828,,0.0
2022-09-20,26.06,26.19,26.43,26.01,39224.23,111322.557,0.923809523809524,,0.0
2022-09-21,26.37,26.13,26.37,25.56,43400.0,122284.125,0.9236479321314952,,0.0
2022-09-22,25.97,26.76,27.09,25.67,52787.32,151799.431,0.925311203319502,,0.0
2022-09-23,26.77,26.07,27.54,25.69,58335.7,166768.83,0.9234856535600424,,0.0
2022-09-26,25.84,25.4,26.3,25.32,40282.42,112389.924,0.9216255442670536,,0.0
2022-09-27,25.59,25.67,25.83,24.96,48144.32,132687.126,0.922385914480776,,0.0
2022-09-28,25.68,24.29,25.9,24.28,56994.48,153375.647,0.9183364839319472,,0.0
2022-09-29,24.65,24.62,25.16,24.43,50285.44,135232.85,0.9193427931292008,,0.0
2022-09-30,24.68,24.11,24.99,24.04,36213.13,96205.971,0.9177769318614388,,0.0
2022-10-10,24.12,23.62,24.47,23.45,41720.67,108970.333,0.9162141194724592,,0.0
2022-10-11,23.44,23.57,23.73,23.22,39139.78,100429.058,0.916051301982122,,0.0
2022-10-12,23.45,24.1,24.13,22.7,53998.35,137801.043,0.9177456207159176,,0.0
2022-10-13,24.0,24.12,24.64,23.84,41975.94,111020.852,0.9178082191780822,,0.0
2022-10-14,24.6,25.28,25.74,24.13,64144.08,175077.491,0.9212827988338192,,0.0
2022-10-17,25.27,26.74,26.97,25.17,80600.48,229098.849,0.9252595155709342,,0.0
2022-10-18,26.63,26.8,27.2,26.63,60136.29,174972.708,0.925414364640884,,0.0
2022-10-19,26.58,26.4,27.12,26.35,40344.4,116532.798,0.9243697478991596,,0.0
2022-10-20,26.4,26.38,26.84,25.59,48131.56,136585.047,0.9243167484232656,,0.0
2022-10-21,26.44,26.48,26.71,26.04,33298.87,94996.837,0.9245810055865922,,0.0
2022-10-24,26.16,25.61,26.93,25.27,71383.53,200703.597,0.9222182211019084,,0.0
2022-10-25,25.39,25.02,25.59,24.59,61611.93,167428.449,0.9205298013245032,,0.0
2022-10-26,25.26,25.9,26.17,24.89,54235.86,151118.892,0.9230220955096222,,0.0
2022-10-27,26.03,25.79,26.59,25.77,40909.98,115738.454,0.9227191413237924,,0.0
2022-10-28,25.57,24.54,25.78,24.35,55233.35,150011.177,0.9191011235955056,,0.0
2022-10-31,24.34,25.17,25.54,24.26,45271.0,122974.958,0.920965971459934,,0.0
2022-11-01,25.16,25.74,25.86,24.9,52930.0,146150.97,0.9225806451612903,,0.0
2022-11-02,25.47,25.71,26.14,25.38,44136.88,123439.093,0.922497308934338,,0.0
2022-11-03,25.65,26.2,26.34,25.54,42926.59,121113.759,0.923836389280677,,0.0
2022-11-04,25.9,26.79,26.99,25.9,64508.29,186128.425,0.9253886010362694,,0.0
2022-11-07,27.04,26.38,27.17,26.26,51571.03,147875.537,0.9243167484232656,,0.0
2022-11-08,26.55,26.21,26.63,25.92,32284.9,91622.631,0.923863235812478,,0.0
2022-11-09,26.19,26.7,27.24,26.14,55529.6,160504.515,0.9251559251559252,,0.0
2022-11-10,26.44,25.54,26.63,25.4,61020.4,170840.885,0.9220216606498196,,0.0
2022-11-11,26.23,25.29,26.29,25.23,50480.72,140556.382,0.921311475409836,,0.0
2022-11-14,25.32,25.59,26.64,25.06,62215.89,174443.497,0.9221621621621622,,0.0
2022-11-15,25.63,26.16,26.29,25.14,52766.43,148549.219,0.923728813559322,,0.0
2022-11-16,25.88,26.2,26.82,25.85,50915.23,145019.976,0.923836389280677,,0.0
2022-11-17,26.14,25.85,26.2,25.45,48914.01,136350.039,0.9228846840414138,,0.0
2022-11-18,25.9,25.36,26.1,25.29,47179.43,131002.777,0.9215116279069768,,0.0
2022-11-21,25.03,25.63,25.67,24.82,42420.55,116850.549,0.9222741993522848,,0.0
2022-11-22,25.49,25.01,25.82,24.84,37553.85,102916.504,0.9205005520794994,,0.0
2022-11-23,24.85,24.92,25.04,24.09,44345.8,118741.932,0.9202363367799112,,0.0
2022-11-24,24.82,25.17,25.4,24.61,31642.0,86252.102,0.920965971459934,,0.0
2022-11-25,24.9,24.25,25.03,24.22,36542.82,97191.809,0.9182127981825068,,0.0
2022-11-28,24.64,26.79,26.89,24.19,281488.43,804814.889,0.9253886010362694,,0.0
2022-11-29,26.77,26.47,27.03,26.17,163776.44,468656.408,0.924554662940971,,0.0
2022-11-30,26.5,27.42,28.09,26.24,132525.49,393647.436,0.9269776876267748,,0.0
2022-12-01,27.55,27.62,27.93,27.28,77756.16,230695.811,0.9274680993955676,,0.0
2022-12-02,27.55,27.6,28.32,27.53,72215.32,217187.486,0.9274193548387096,,0.0
2022-12-05,27.67,27.58,27.83,27.3,61467.18,182575.156,0.9273705447209146,,0.0
2022-12-06,27.69,28.12,28.52,27.45,82350.24,248733.076,0.928665785997358,,0.0
2022-12-07,28.07,27.68,28.44,27.48,55469.66,166848.572,0.9276139410187668,,0.0
2022-12-08,27.52,27.23,27.94,27.03,73405.42,217365.733,0.9265056141544744,,0.0
2022-12-09,27.23,27.62,29.0,26.8,203480.37,613135.322,0.9274680993955676,,0.0
2022-12-12,28.08,27.55,28.43,27.35,84371.92,252979.623,0.9272972063278356,,0.0
2022-12-13,27.53,27.04,27.62,26.95,50196.48,147390.874,0.926027397260274,,0.0
2022-12-14,26.95,26.81,27.59,26.74,35653.0,104058.854,0.9254401104590956,,0.0
2022-12-15,26.69,26.58,27.24,26.42,35553.52,102422.87,0.9248434237995824,,0.0
2022-12-16,26.44,26.36,26.85,26.11,44168.2,126244.085,0.9242636746143056,,0.0
2022-12-19,26.34,25.68,26.63,25.44,46600.07,130179.396,0.9224137931034484,,0.0
2022-12-20,25.7,25.53,25.94,25.22,37354.45,103243.671,0.9219934994582882,,0.0
2022-12-21,25.55,25.53,26.17,25.19,37284.09,103557.336,0.9219934994582882,,0.0
2022-12-22,25.61,25.02,25.99,24.84,40972.0,112331.456,0.9205298013245032,,0.0
2022-12-23,24.74,24.76,25.72,24.6,29272.65,79281.352,0.9197622585438336,,0.0
2022-12-26,24.83,25.3,25.59,24.62,34252.12,93676.935,0.9213401310997816,,0.0
2022-12-27,25.35,25.2,25.71,24.95,21508.9,59002.263,0.9210526315789472,,0.0
2022-12-28,25.12,24.74,25.2,24.52,29142.48,78422.904,0.9197026022304832,,0.0
2022-12-29,24.66,24.68,24.99,24.43,34318.58,92108.38,0.9195230998509688,,0.0
2022-12-30,24.94,24.8,24.99,24.57,32793.63,88467.222,0.9198813056379822,,0.0
2023-01-03,24.86,25.43,25.63,24.71,42931.16,118126.584,0.921710764769844,,0.0
2023-01-04,25.31,25.17,25.44,25.08,34882.63,95526.758,0.920965971459934,,0.0
2023-01-05,25.14,25.29,25.75,24.97,36875.73,101527.45,0.921311475409836,,0.0
2023-01-06,25.19,28.04,28.04,25.1,259027.72,768498.864,0.928476821192053,,0.0
2023-01-09,28.34,28.81,29.29,28.05,196290.07,604963.535,0.9302550855666776,,0.0
2023-01-10,28.81,29.27,29.51,28.6,110514.02,346378.633,0.9312758510976774,,0.0
2023-01-11,29.27,28.71,29.44,28.71,79689.34,248469.083,0.9300291545189504,,0.0
2023-01-12,28.86,28.74,29.09,28.44,63333.61,195885.136,0.9300970873786408,,0.0
2023-01-13,28.94,29.05,29.43,28.79,59160.05,184941.965,0.9307914130086512,,0.0
2023-01-16,29.0,28.97,29.34,28.74,75565.29,235415.143,0.9306135560552522,,0.0
2023-01-17,28.97,29.43,29.95,28.95,70025.37,222328.349,0.9316239316239316,,0.0
2023-01-18,29.37,29.29,29.67,29.18,31046.53,97819.098,0.9313195548489666,,0.0
2023-01-19,29.34,29.44,29.59,28.87,33554.91,105731.835,0.9316455696202532,,0.0
2023-01-20,29.59,29.44,29.89,29.29,35736.89,113137.487,0.9316455696202532,,0.0
2023-01-30,29.65,29.17,30.110000000000003,29.1,58265.2,184272.809,0.931056495371848,,0.0
2023-01-31,29.14,29.08,29.57,28.64,53465.08,167249.336,0.9308578745198464,,0.0
2023-02-01,29.27,30.74,31.06,28.89,124659.03,403490.176,0.9343465045592704,,0.0
2023-02-02,30.78,30.17,30.84,29.99,64854.24,210766.752,0.9331889885555212,,0.0
2023-02-03,30.07,29.9,30.32,29.53,53616.08,171710.924,0.932626325639426,,0.0
2023-02-06,29.930000000000003,30.21,30.81,29.54,83058.71,268425.679,0.933271547729379,,0.0
2023-02-07,30.14,29.54,30.64,29.24,67284.86,214597.515,0.9318611987381704,,0.0
2023-02-08,29.65,29.04,29.82,28.94,42680.86,133902.053,0.9307692307692308,,0.0
2023-02-09,29.57,29.53,29.83,28.94,42351.93,134148.434,0.9318396970653204,,0.0
2023-02-10,29.33,29.0,29.52,28.87,40942.76,128061.67,0.9306803594351732,,0.0
2023-02-13,29.02,29.52,29.94,28.9,66815.84,211733.045,0.9318181818181818,,0.0
2023-02-14,29.47,29.32,29.53,29.04,43923.61,138014.454,0.9313850063532402,,0.0
2023-02-15,29.34,29.19,29.54,29.04,49992.53,157269.084,0.9311004784688997,,0.0
2023-02-16,29.16,27.98,29.29,27.62,79663.94,244479.026,0.9283344392833444,,0.0
2023-02-17,27.98,27.93,28.38,27.67,46385.95,140092.675,0.9282153539381854,,0.0
2023-02-20,27.92,28.03,28.32,27.76,40287.41,121272.724,0.9284531301755548,,0.0
2023-02-21,27.97,28.23,28.52,27.87,36889.95,112220.005,0.928923988153998,,0.0
2023-02-22,28.32,28.2,28.47,28.05,22505.05,68380.687,0.9288537549407114,,0.0
2023-02-23,28.09,27.97,28.34,27.86,29948.67,90481.293,0.9283106538333886,,0.0
2023-02-24,28.13,28.3,28.9,27.86,57342.56,175619.965,0.9290873276428102,,0.0
2023-02-27,28.14,28.07,28.4,27.9,35224.42,106704.151,0.9285478001984784,,0.0
2023-02-28,28.04,28.9,29.02,27.98,60526.95,186683.617,0.930457179652286,,0.0
2023-03-01,29.01,28.75,29.02,28.54,38244.26,118160.99,0.9301197023616952,,0.0
2023-03-02,28.68,29.15,30.09,28.65,77731.63,246006.121,0.9310124560843182,,0.0
2023-03-03,29.21,29.21,29.74,29.17,45095.07,142246.485,0.9311444054829456,,0.0
2023-03-06,28.98,28.8,29.18,28.55,47306.88,146434.717,0.9302325581395348,,0.0
2023-03-07,28.7,28.45,29.31,28.44,45904.31,142541.29,0.929434825220516,,0.0
2023-03-08,28.28,28.33,28.64,28.15,30545.93,93294.877,0.9291571006887503,,0.0
2023-03-09,28.38,28.12,28.62,28.04,31951.0,97330.324,0.928665785997358,,0.0
2023-03-10,28.04,28.14,28.44,27.88,38154.16,115579.43,0.9287128712871288,,0.0
2023-03-13,27.84,28.24,28.48,27.57,53437.49,161299.212,0.9289473684210526,,0.0
2023-03-14,27.95,27.14,28.53,27.12,77704.93,231031.77,0.9262798634812288,,0.0
2023-03-15,27.54,27.8,28.07,27.41,48414.21,145003.472,0.9279038718291056,,0.0
2023-03-16,27.74,27.36,28.2,27.2,55009.51,164720.582,0.926829268292683,,0.0
2023-03-17,27.82,28.87,28.96,27.53,99956.73,306588.674,0.9303899452143088,,0.0
2023-03-20,28.79,27.37,28.86,26.34,140848.17,415709.001,0.9268540467321368,,0.0
2023-03-21,27.44,27.88,28.04,27.43,52713.69,158015.771,0.9280958721704394,,0.0
2023-03-22,27.79,28.01,28.04,27.54,40489.32,121363.335,0.9284057010275109,,0.0
2023-03-23,28.14,29.18,29.59,27.91,91947.27,286344.62,0.93107849393746,,0.0
2023-03-24,29.28,28.92,29.39,28.68,74918.41,232760.557,0.9305019305019304,,0.0
2023-03-27,28.93,28.29,29.08,28.21,53139.53,162669.914,0.929064039408867,,0.0
2023-03-28,28.38,28.17,28.72,28.1,41125.62,125252.81,0.9287833827893176,,0.0
2023-03-29,28.19,28.24,29.11,28.19,64483.53,198268.604,0.9289473684210526,,0.0
2023-03-30,28.28,27.8,28.6,27.7,59683.99,179592.439,0.9279038718291056,,0.0
2023-03-31,27.94,28.69,28.99,27.84,60964.36,187354.042,0.9299837925445704,,0.0
2023-04-03,28.75,28.83,29.42,28.34,98441.84,304247.64,0.9303000968054213,,0.0
2023-04-04,28.82,28.84,29.34,28.47,84216.59,260989.362,0.9303225806451612,,0.0
2023-04-06,28.91,28.49,29.03,28.41,56415.35,173741.401,0.92952691680261,,0.0
2023-04-07,28.64,28.43,28.92,28.24,61554.13,188866.587,0.9293886891140896,,0.0
2023-04-10,28.4,28.45,29.01,28.25,66805.57,205170.355,0.929434825220516,,0.0
2023-04-11,28.74,28.85,28.92,28.3,75622.78,233103.741,0.930345049983876,,0.0
2023-04-12,28.7,29.92,30.34,28.69,132496.0,422989.276,0.9326683291770572,,0.0
2023-04-13,29.92,30.02,30.51,29.75,74774.69,241487.908,0.932877563704164,,0.0
2023-04-14,30.17,31.77,31.84,30.17,169260.61,567916.395,0.9363395225464192,,0.0
2023-04-17,31.72,30.45,31.77,30.34,140985.18,465636.749,0.9337626494940202,,0.0
2023-04-18,30.69,30.14,30.82,30.03,60122.94,195196.977,0.9331269349845202,,0.0
2023-04-19,30.02,29.67,30.12,29.37,75967.27,242030.356,0.9321394910461828,,0.0
2023-04-20,29.55,29.56,29.72,28.83,82940.53,260714.575,0.931904161412358,,0.0
2023-04-21,29.79,28.54,29.99,28.5,96056.76,299722.681,0.9296416938110748,,0.0
2023-04-24,28.3,27.5,28.56,27.2,96542.48,288569.525,0.9271746459878624,,0.0
2023-04-25,27.44,26.23,27.46,25.8,99456.48,284977.685,0.9239168721380768,,0.0
2023-04-26,26.51,26.82,27.64,26.41,68712.92,200651.212,0.9254658385093169,,0.0
2023-04-27,26.82,27.7,28.12,26.82,71390.61,212912.528,0.927662424648359,,0.0
2023-04-28,27.64,27.73,28.05,27.5,51139.68,152729.754,0.9277350284376046,,0.0
2023-05-04,27.67,27.23,27.67,26.94,50680.66,148799.535,0.9265056141544744,,0.0
2023-05-05,27.14,26.86,27.14,26.34,66385.54,191446.674,0.9255685733976567,,0.0
2023-05-08,26.67,26.96,27.29,26.55,40923.06,119453.602,0.925824175824176,,0.0
2023-05-09,26.98,26.04,27.14,25.91,64724.11,185199.245,0.9234042553191488,,0.0
2023-05-10,25.93,25.9,26.43,25.66,56331.11,158619.641,0.9230220955096222,,0.0
2023-05-11,25.94,26.81,27.14,25.61,67453.06,194147.577,0.9254401104590956,,0.0
2023-05-12,26.81,26.64,27.2,26.54,37546.19,108895.614,0.925,,0.0
2023-05-15,26.64,27.05,27.17,26.36,41425.07,120240.209,0.9260527216706608,,0.0
2023-05-16,27.14,27.83,28.49,27.06,74043.48,222305.793,0.9279759919973324,,0.0
2023-05-17,27.83,28.48,28.62,27.83,69115.22,210464.997,0.929503916449086,,0.0
2023-05-18,28.59,28.68,29.09,28.44,65848.63,204022.651,0.9299610894941636,,0.0
2023-05-19,28.83,28.87,29.17,28.24,57790.54,178854.09,0.9303899452143088,,0.0
2023-05-22,28.88,28.69,29.02,28.39,49231.89,150659.488,0.9391162029459902,,0.0
2023-05-23,28.7,28.5,28.98,28.22,53145.25,161845.356,0.9387351778656128,,0.0
2023-05-24,28.44,28.25,28.66,28.02,47589.26,143520.522,0.9382265028229824,,0.0
2023-05-25,28.07,27.53,28.36,27.28,68657.73,203212.522,0.9367131677441308,,0.0
2023-05-26,27.53,27.96,28.3,27.17,39715.0,117639.732,0.937625754527163,,0.0
2023-05-29,27.64,27.79,28.19,27.64,42076.02,125106.793,0.9372681281618888,,0.0
2023-05-30,27.64,28.0,28.23,27.46,39870.78,118338.477,0.9377093101138648,,0.0
2023-05-31,27.99,27.83,28.19,27.64,27691.01,82367.391,0.9373526439878748,,0.0
2023-06-01,27.74,27.97,28.37,27.74,41768.07,125035.102,0.93764666443178,,0.0
2023-06-02,27.91,28.01,28.36,27.86,35588.95,106696.615,0.9377301640441916,,0.0
2023-06-05,28.01,26.93,28.2,26.92,60468.73,176442.412,0.9353942341090656,,0.0
2023-06-06,26.89,26.37,27.04,26.26,53134.71,151172.678,0.9341126461211476,,0.0
2023-06-07,26.34,26.29,26.55,26.05,49289.63,138612.995,0.9339253996447602,,0.0
2023-06-08,26.26,26.06,26.49,25.83,51201.59,143001.021,0.933381088825215,,0.0
2023-06-09,26.17,26.17,26.41,25.92,64860.39,181807.296,0.9336425258651444,,0.0
2023-06-12,26.17,26.39,26.71,25.94,48102.07,136105.341,0.9341592920353984,,0.0
2023-06-13,26.25,26.39,26.56,26.17,30892.98,87327.404,0.9341592920353984,,0.0
2023-06-14,26.42,26.44,26.92,26.36,42500.57,120940.671,0.9342756183745584,,0.0
2023-06-15,26.44,26.37,26.48,26.02,48748.84,137123.694,0.9341126461211476,,0.0
2023-06-16,26.22,27.17,27.61,26.22,80691.97,233740.443,0.9359283499827764,,0.0
2023-06-19,27.3,27.31,28.53,27.15,98307.07,290801.704,0.936235858758999,,0.0
2023-06-20,27.37,27.74,28.04,27.31,62762.62,185643.06,0.9371621621621622,,0.0
2023-06-21,27.69,27.04,27.82,27.02,43250.97,126216.786,0.9356401384083044,,0.0
2023-06-26,26.94,26.04,26.96,25.95,56372.18,158949.123,0.9333333333333332,,0.0
2023-06-27,25.96,26.59,26.82,25.96,43203.99,122861.468,0.934622144112478,,0.0
2023-06-28,26.59,26.77,26.89,26.16,47241.41,134058.118,0.9350331819769472,,0.0
2023-06-29,26.71,26.59,26.87,26.53,31958.0,91264.007,0.934622144112478,,0.0
2023-06-30,26.57,27.58,27.74,26.56,65337.11,190535.592,0.9368206521739132,,0.0
2023-07-03,27.8,27.55,27.97,27.44,60421.7,178509.46,0.9367562053723224,,0.0
2023-07-04,27.45,27.34,27.74,27.21,43829.0,128065.958,0.9363013698630136,,0.0
2023-07-05,27.37,27.97,28.22,27.37,75540.0,225008.529,0.93764666443178,,0.0
2023-07-06,27.43,26.68,27.7,26.02,122556.19,350817.393,0.9348283111422564,,0.0
2023-07-07,26.43,25.36,26.94,25.25,125260.11,345087.705,0.9316678912564292,,0.0
2023-07-10,25.62,25.8,26.22,25.46,73669.6,203578.633,0.9327548806941433,,0.0
2023-07-11,25.76,26.55,26.92,25.76,72580.15,205061.335,0.9345300950369588,,0.0
2023-07-12,26.58,25.99,26.58,25.91,48927.29,137318.541,0.933213644524237,,0.0
2023-07-13,26.17,26.1,26.32,25.94,35580.18,99519.811,0.9334763948497854,,0.0
2023-07-14,26.04,25.81,26.21,25.79,36397.83,101110.958,0.932779183230936,,0.0
2023-07-17,25.75,25.55,26.02,25.47,42615.0,117045.589,0.9321415541773076,,0.0
2023-07-18,25.59,25.71,25.98,25.42,24183.7,66663.497,0.9325353645266594,,0.0
2023-07-19,25.78,25.58,25.8,25.26,35316.77,96494.829,0.9322157434402332,,0.0
2023-07-20,25.48,24.79,25.74,24.68,70057.49,188652.908,0.9302063789868668,,0.0
2023-07-21,24.78,24.43,24.81,24.2,68459.21,179921.892,0.9292506656523392,,0.0
2023-07-24,24.43,24.61,25.01,24.33,36304.59,96472.938,0.9297317718171516,,0.0
2023-07-25,24.86,24.79,25.22,24.61,35817.27,95577.808,0.9302063789868668,,0.0
2023-07-26,24.93,24.58,24.93,24.49,28677.0,75906.695,0.9296520423600604,,0.0
2023-07-27,24.6,24.53,24.79,24.47,27730.43,73449.933,0.929518757104964,,0.0
2023-07-28,24.44,24.93,25.02,24.34,34609.86,92163.287,0.9305711086226204,,0.0
2023-07-31,24.95,24.97,25.47,24.85,48715.31,131345.245,0.9306746179649646,,0.0
2023-08-01,25.2,24.97,25.2,24.79,31336.65,84063.351,0.9306746179649646,,0.0
2023-08-02,24.97,24.71,25.14,24.6,29190.0,77740.033,0.9299962363567934,,0.0
2023-08-03,24.63,24.6,24.78,24.37,38552.36,101865.708,0.9297052154195012,,0.0
2023-08-04,24.73,24.48,25.18,24.37,57395.31,152105.963,0.9293849658314352,,0.0
2023-08-07,24.45,23.52,24.62,23.14,132138.56,336749.377,0.9267139479905436,,0.0
2023-08-08,23.52,23.54,23.64,23.24,47743.0,120861.566,0.9267716535433072,,0.0
2023-08-09,23.43,23.31,23.56,23.17,33342.85,83920.73,0.9261025029797378,,0.0
2023-08-10,23.2,22.94,23.5,22.93,42673.05,106864.269,0.925,,0.0
2023-08-11,23.03,22.32,23.14,22.14,83981.82,204521.482,0.9230769230769232,,0.0
2023-08-14,22.14,21.59,22.14,20.97,120301.39,278983.287,0.920682302771855,,0.0
2023-08-15,21.86,21.6,21.94,21.33,49015.86,114863.825,0.9207161125319694,,0.0
2023-08-16,21.52,21.36,21.63,21.32,31334.0,73044.481,0.9198966408268734,,0.0
2023-08-17,21.31,21.74,21.86,20.94,49328.64,115433.81,0.9211864406779662,,0.0
2023-08-18,21.78,21.47,21.89,21.47,32461.0,76412.657,0.9202743249035577,,0.0
2023-08-21,21.56,20.94,21.66,20.91,44021.0,101814.349,0.918421052631579,,0.0
2023-08-22,20.97,20.97,21.13,20.43,60683.58,137197.353,0.9185282522996058,,0.0
2023-08-23,21.04,20.32,21.04,20.24,46456.0,103817.383,0.9161406672678089,,0.0
2023-08-24,20.4,20.3,20.57,19.9,39614.08,87705.682,0.9160649819494584,,0.0
2023-08-25,20.22,20.23,20.54,20.08,52766.0,116999.012,0.9157990040742418,,0.0
2023-08-28,21.64,20.36,21.75,20.19,83584.95,189935.892,0.9162916291629164,,0.0
2023-08-29,20.41,21.4,21.56,20.29,81627.97,186992.981,0.9200343938091144,,0.0
2023-08-30,21.52,21.46,21.82,21.35,59275.57,138909.314,0.9202401372212692,,0.0
2023-08-31,21.53,21.62,21.79,21.29,46122.52,108206.525,0.9207836456558772,,0.0
2023-09-01,21.69,21.39,21.78,21.31,40768.73,94966.274,0.92,,0.0
2023-09-04,21.49,21.92,21.93,21.49,43539.47,102923.874,0.9217830109335576,,0.0
2023-09-05,21.92,21.98,22.15,21.69,43078.83,102467.928,0.921979865771812,,0.0
2023-09-06,22.09,22.18,22.28,21.84,32607.0,78157.557,0.9226289517470884,,0.0
2023-09-07,22.17,21.74,22.25,21.66,35231.0,83647.854,0.9211864406779662,,0.0
2023-09-08,21.65,21.59,21.9,21.54,26277.0,61890.624,0.920682302771855,,0.0
2023-09-11,21.69,21.62,21.91,21.5,35493.8,83663.603,0.9207836456558772,,0.0
2023-09-12,21.72,21.58,21.73,21.44,23565.96,55250.546,0.9206484641638224,,0.0
2023-09-13,21.49,21.18,21.69,21.03,39773.54,91734.738,0.9192708333333334,,0.0
2023-09-14,21.18,21.08,21.27,20.93,31078.78,71232.671,0.918918918918919,,0.0
2023-09-15,21.13,21.04,21.4,20.94,25876.0,59409.571,0.9187772925764192,,0.0
2023-09-18,20.97,21.03,21.42,20.81,30604.88,70280.778,0.9187418086500656,,0.0
2023-09-19,20.96,20.88,21.06,20.7,25960.76,58905.767,0.9182058047493404,,0.0
2023-09-20,20.76,20.7,20.98,20.64,27289.28,61842.503,0.9175531914893618,,0.0
2023-09-21,20.65,20.58,20.79,20.48,33183.13,74571.63,0.9171122994652406,,0.0
2023-09-22,20.51,20.71,20.73,20.43,29218.5,65685.333,0.9175897208684094,,0.0
2023-09-25,20.72,20.49,20.73,20.4,32103.96,71774.554,0.9167785234899328,,0.0
2023-09-26,20.47,20.17,20.57,20.13,29090.78,64311.881,0.9155696777122108,,0.0
2023-09-27,20.08,20.28,20.58,20.0,37830.0,83663.313,0.9159891598915988,,0.0
2023-09-28,20.39,20.45,20.53,20.16,45348.53,100902.298,0.916629314208875,,0.0
2023-10-09,20.76,20.25,20.76,19.96,45991.22,101357.213,0.9158751696065128,,0.0
2023-10-10,20.24,20.14,20.46,20.04,39411.87,86882.696,0.9154545454545456,,0.0
2023-10-11,20.18,20.04,20.36,19.84,36550.54,80258.227,0.915068493150685,,0.0
2023-10-12,20.14,20.18,20.43,19.89,37223.17,81951.754,0.9156079854809438,,0.0
2023-10-13,20.18,20.15,20.18,19.86,27987.22,61325.386,0.9154929577464788,,0.0
2023-10-16,20.11,19.8,20.22,19.62,51106.22,110779.515,0.9141274238227148,,0.0
2023-10-17,19.65,19.54,19.9,19.34,55587.21,118701.049,0.9130841121495328,,0.0
2023-10-18,19.4,18.94,19.59,18.94,44140.56,92757.479,0.9105769230769232,,0.0
2023-10-19,18.94,18.87,19.36,18.84,50431.58,105688.813,0.91027496382055,,0.0
2023-10-20,18.79,18.6,19.02,18.56,48586.05,100351.733,0.9090909090909092,,0.0
2023-10-23,18.69,17.66,18.69,17.580000000000002,62608.12,124487.791,0.9047131147540984,,0.0
2023-10-24,17.8,18.27,18.29,17.650000000000002,72114.23,143527.706,0.9076005961251864,,0.0
2023-10-25,18.48,18.74,18.85,18.39,71518.0,147032.74,0.9097087378640776,,0.0
2023-10-26,18.74,19.04,19.12,18.53,60256.87,125077.409,0.9110047846889952,,0.0
2023-10-27,18.95,19.69,19.79,18.79,64966.44,137879.91,0.9136890951276102,,0.0
2023-10-30,19.69,19.64,19.9,19.36,44893.7,96627.679,0.9134883720930232,,0.0
2023-10-31,19.74,19.67,20.0,19.51,33251.16,71814.414,0.9136089177891314,,0.0
2023-11-01,19.74,19.78,19.89,19.55,36047.05,77786.073,0.9140480591497228,,0.0
2023-11-02,19.74,19.56,19.84,19.49,36993.29,79353.109,0.9131652661064428,,0.0
2023-11-03,19.52,19.63,19.83,19.39,36453.0,78509.177,0.9134481154025128,,0.0
2023-11-06,19.83,20.11,20.24,19.79,47128.02,103293.272,0.9153390987710516,,0.0
2023-11-07,20.13,20.0,20.2,19.82,40463.99,88627.919,0.9149130832570906,,0.0
2023-11-08,20.1,20.0,20.12,19.85,37223.6,81240.987,0.9149130832570906,,0.0
2023-11-09,19.86,19.99,20.06,19.74,28162.2,61382.502,0.9148741418764302,,0.0
2023-11-10,19.94,19.94,20.03,19.71,31463.58,68507.446,0.9146788990825688,,0.0
2023-11-13,19.97,20.15,20.24,19.85,36918.83,80779.491,0.9154929577464788,,0.0
2023-11-14,20.2,20.36,20.51,20.16,49777.34,110484.192,0.9162916291629164,,0.0
2023-11-15,20.36,20.4,20.59,20.27,30806.0,68624.907,0.9164420485175202,,0.0
2023-11-16,20.44,20.21,20.47,20.15,28497.4,63123.889,0.9157227004984142,,0.0
2023-11-17,20.14,20.35,20.36,20.04,27610.24,61061.937,0.9162539396668168,,0.0
2023-11-20,20.33,20.55,20.69,20.12,46666.4,104006.805,0.9170013386880858,,0.0
2023-11-21,20.66,20.54,20.73,20.45,38778.15,87140.678,0.9169642857142858,,0.0
2023-11-22,20.53,20.31,20.62,20.3,28093.08,62752.176,0.9161028416779432,,0.0
2023-11-23,20.27,20.41,20.47,20.2,28246.0,62655.997,0.9164795689268074,,0.0
2023-11-24,20.41,19.95,20.41,19.85,46025.76,100797.418,0.9147180192572216,,0.0
2023-11-27,19.86,19.72,20.14,19.5,56382.36,121377.376,0.9138090824837812,,0.0
2023-11-28,19.76,19.71,19.93,19.56,37406.0,80726.269,0.913769123783032,,0.0
2023-11-29,19.89,19.52,19.95,19.49,32603.32,70048.799,0.9130028063610852,,0.0
2023-11-30,19.48,19.17,19.48,19.06,38547.08,81264.016,0.9115549215406562,,0.0
2023-12-01,19.15,19.04,19.41,18.83,50825.49,106358.406,0.9110047846889952,,0.0
2023-12-04,19.17,18.93,19.3,18.91,39331.0,82073.049,0.9105339105339104,,0.0
2023-12-05,18.93,18.58,18.98,18.53,33764.96,69580.909,0.9090019569471623,,0.0
2023-12-06,18.58,18.74,18.87,18.45,34377.18,70717.368,0.9097087378640776,,0.0
2023-12-07,18.85,18.31,18.85,18.25,58913.5,119420.779,0.9077838373822508,,0.0
2023-12-08,18.31,18.46,18.47,18.0,103999.11,209331.276,0.908464566929134,,0.0
2023-12-11,18.22,18.8,18.86,18.04,77650.32,157836.208,0.9099709583736688,,0.0
2023-12-12,18.81,18.6,19.0,18.59,48117.92,99122.877,0.9090909090909092,,0.0
2023-12-13,18.56,18.38,18.65,18.32,29451.3,59884.341,0.908102766798419,,0.0
2023-12-14,18.38,18.28,18.62,18.24,31710.43,64249.591,0.9076464746772592,,0.0
2023-12-15,18.35,18.09,18.49,18.02,37183.77,74445.461,0.9067669172932332,,0.0
2023-12-18,18.1,17.64,18.21,17.54,41009.94,80375.864,0.9046153846153846,,0.0
2023-12-19,17.64,17.53,17.73,17.44,30413.0,59046.448,0.9040742650850956,,0.0
2023-12-20,17.61,16.830000000000002,17.63,16.810000000000002,46285.95,87716.255,0.9004815409309792,,0.0
2023-12-21,16.76,17.29,17.38,16.580000000000002,50687.96,95497.063,0.9028720626631854,,0.0
2023-12-22,17.32,17.36,17.68,17.14,46001.0,88395.716,0.9032258064516128,,0.0
2023-12-25,17.37,17.43,17.75,17.37,33706.03,65442.312,0.9035769828926904,,0.0
2023-12-26,17.36,17.34,17.53,17.1,33047.0,63132.116,0.903125,,0.0
2023-12-27,17.310000000000002,17.21,17.32,17.07,29972.46,57044.723,0.902464604090194,,0.0
2023-12-28,17.240000000000002,17.900000000000002,18.17,17.14,69072.05,136295.377,0.9058704453441296,,0.0
2023-12-29,17.86,18.22,18.23,17.77,58802.45,116971.001,0.9073705179282868,,0.0
2024-01-02,18.25,18.12,18.47,18.08,39409.5,79017.191,0.9069069069069068,,0.0
2024-01-03,18.13,17.85,18.28,17.8,57294.52,113754.443,0.9056316590563166,,0.0
2024-01-04,17.87,17.93,18.06,17.72,35404.36,69759.583,0.9060131379484588,,0.0
2024-01-05,17.8,17.46,18.03,17.35,40471.0,78945.386,0.903726708074534,,0.0
2024-01-08,17.46,16.810000000000002,17.54,16.77,47099.17,89051.384,0.9003749330476701,,0.0
2024-01-09,16.93,16.54,17.02,16.48,47826.11,88904.384,0.8989130434782608,,0.0
2024-01-10,16.57,16.34,16.78,16.16,45970.95,84174.396,0.8978021978021978,,0.0
2024-01-11,16.37,16.77,16.990000000000002,16.240000000000002,56540.2,104744.625,0.9001610305958132,,0.0
2024-01-12,16.740000000000002,17.01,17.18,16.650000000000002,45223.23,85324.939,0.9014308426073132,,0.0
2024-01-15,17.01,16.59,17.01,16.52,43102.0,80100.412,0.8991869918699187,,0.0
2024-01-16,16.78,16.580000000000002,16.78,16.310000000000002,30925.0,56880.361,0.8991323210412148,,0.0
2024-01-17,16.55,15.72,16.63,15.69,47414.54,85249.895,0.89419795221843,,0.0
2024-01-18,15.55,15.66,15.94,15.09,86251.39,148973.016,0.8938356164383562,,0.0
2024-01-19,15.84,16.21,16.61,15.68,104033.62,188253.432,0.8970669618151633,,0.0
2024-01-22,16.07,14.810000000000002,16.13,14.8,95982.33,165486.966,0.8884223155368927,,0.0
2024-01-23,14.87,15.330000000000002,15.57,14.55,75956.06,129697.34,0.8917975567190227,,0.0
2024-01-24,15.37,15.66,15.740000000000002,14.94,78269.56,135091.426,0.8938356164383562,,0.0
2024-01-25,15.66,16.11,16.26,15.43,67922.83,120767.263,0.8964941569282137,,0.0
2024-01-26,16.1,15.71,16.2,15.61,56530.36,100202.606,0.894137734775185,,0.0
2024-01-29,15.85,15.29,16.02,15.170000000000002,70456.09,121849.397,0.8915451895043732,,0.0
2024-01-30,15.150000000000002,14.66,15.45,14.64,50063.0,84449.13,0.887409200968523,,0.0
2024-01-31,14.64,13.99,14.84,13.96,75910.84,122712.015,0.8826498422712934,,0.0
2024-02-01,13.84,13.97,14.400000000000002,13.62,71900.99,114295.005,0.8825015792798484,,0.0
2024-02-02,14.02,13.34,14.21,12.86,89630.75,138180.843,0.8776315789473684,,0.0
2024-02-05,13.33,12.45,13.44,11.82,140263.86,202101.076,0.8700209643605871,,0.0
2024-02-06,12.53,13.75,13.83,12.24,132750.01,199008.585,0.8808456117873159,,0.0
2024-02-07,13.98,15.310000000000002,15.310000000000002,13.85,155461.03,261101.277,0.8916715200931858,,0.0
2024-02-08,15.82,15.990000000000002,16.89,15.34,138947.55,251171.71,0.8957983193277311,,0.0
2024-02-19,15.990000000000002,15.78,16.11,15.55,109414.21,192258.829,0.8945578231292517,,0.0
2024-02-20,15.78,15.96,16.1,15.44,59357.33,104572.982,0.8956228956228957,,0.0
2024-02-21,15.810000000000002,15.86,16.41,15.66,68259.0,121914.333,0.8950338600451467,,0.0
2024-02-22,15.82,16.0,16.09,15.75,57221.78,101938.823,0.8958566629339306,,0.0
2024-02-23,16.44,16.48,16.57,16.02,86871.49,157478.858,0.8985823336968376,,0.0
2024-02-26,16.38,16.51,16.78,16.330000000000002,76159.71,139872.879,0.8987479586281982,,0.0
2024-02-27,16.490000000000002,17.02,17.03,16.330000000000002,66138.0,123282.7,0.9014830508474576,,0.0
2024-02-28,17.03,16.59,17.52,16.55,100979.92,191832.248,0.8991869918699187,,0.0
2024-02-29,16.59,16.98,17.240000000000002,16.52,70351.19,132142.96,0.9012738853503184,,0.0
2024-03-01,17.060000000000002,17.39,17.490000000000002,16.85,63753.83,121677.05,0.9033766233766234,,0.0
2024-03-04,17.330000000000002,17.27,17.54,17.03,56012.88,107104.491,0.9027705175117616,,0.0
2024-03-05,17.19,17.34,17.53,17.12,50475.57,97000.536,0.903125,,0.0
2024-03-06,17.32,17.47,17.650000000000002,17.1,51150.0,98384.797,0.9037765131919296,,0.0
2024-03-07,17.48,16.990000000000002,17.53,16.990000000000002,58759.5,112098.43,0.9013262599469496,,0.0
2024-03-08,17.19,17.150000000000002,17.21,16.94,40637.81,77012.513,0.9021567596002104,,0.0
2024-03-11,17.2,17.42,17.43,17.060000000000002,45105.7,86152.193,0.9035269709543567,,0.0
2024-03-12,17.5,17.48,17.64,17.29,35786.33,69158.562,0.90382626680455,,0.0
2024-03-13,17.53,17.560000000000002,17.72,17.35,42231.75,81986.817,0.9042224510813596,,0.0
2024-03-14,17.560000000000002,17.59,17.7,17.39,39514.19,76648.84,0.9043701799485862,,0.0
2024-03-15,17.47,17.7,17.740000000000002,17.45,35373.3,68878.026,0.9049079754601228,,0.0
2024-03-18,17.73,18.65,18.7,17.73,87327.5,176171.89,0.90931253047294,,0.0
2024-03-19,18.63,18.8,19.47,18.45,82465.14,172141.232,0.9099709583736688,,0.0
2024-03-20,18.75,18.98,18.98,18.66,39807.42,82384.342,0.9107485604606528,,0.0
2024-03-21,19.03,18.89,19.11,18.6,49467.07,102423.736,0.9103614457831326,,0.0
2024-03-22,18.93,18.38,19.04,18.27,63103.51,128779.745,0.908102766798419,,0.0
2024-03-25,18.3,18.03,18.72,17.990000000000002,61393.12,124045.163,0.9064856711915537,,0.0
2024-03-26,17.990000000000002,17.72,18.14,17.490000000000002,73685.82,144836.358,0.9050051072522984,,0.0
2024-03-27,17.68,17.240000000000002,17.73,17.23,58311.67,112526.431,0.9026178010471204,,0.0
2024-03-28,17.240000000000002,17.51,17.73,17.23,45089.0,87336.628,0.9039752194114612,,0.0
2024-03-29,17.43,17.76,17.79,17.36,31839.0,61887.585,0.90519877675841,,0.0
2024-04-01,18.05,18.72,18.8,17.96,71572.36,146016.645,0.9096209912536444,,0.0
2024-04-02,18.81,19.26,19.36,18.54,81473.1,170935.165,0.9119318181818182,,0.0
2024-04-03,19.38,19.39,19.53,19.19,53643.0,113942.914,0.912470588235294,,0.0
2024-04-08,19.72,19.32,20.13,19.27,81959.74,176185.484,0.9121813031161472,,0.0
2024-04-09,19.39,20.05,20.18,19.36,94736.73,206240.329,0.9151072569602922,,0.0
2024-04-10,20.08,20.28,20.57,19.94,91787.58,203411.636,0.9159891598915988,,0.0
2024-04-11,20.08,20.37,20.83,19.85,76183.54,169913.791,0.9163292847503374,,0.0
2024-04-12,20.33,20.74,21.04,20.32,68177.53,154222.957,0.9176991150442478,,0.0
2024-04-15,20.74,20.74,21.07,20.25,73794.73,166567.2,0.9176991150442478,,0.0
2024-04-16,20.62,20.13,20.99,20.08,92768.58,207578.859,0.9154160982264666,,0.0
2024-04-17,20.11,20.34,20.46,19.97,71517.48,157810.278,0.9162162162162162,,0.0
2024-04-18,20.24,20.47,20.79,20.2,52645.0,117695.86,0.916703985669503,,0.0
2024-04-19,20.43,20.65,20.96,20.32,50272.0,113416.257,0.9173700577521102,,0.0
2024-04-22,20.75,20.6,20.94,20.37,51719.94,116749.501,0.917186108637578,,0.0
2024-04-23,20.59,20.55,20.74,20.39,45093.09,101201.089,0.9170013386880858,,0.0
2024-04-24,20.48,20.37,20.52,20.08,59119.72,130882.24,0.9163292847503374,,0.0
2024-04-25,19.91,19.44,20.1,19.38,114762.32,246568.201,0.9126760563380282,,0.0
2024-04-26,19.39,19.58,19.67,19.29,63729.34,136037.098,0.9132462686567164,,0.0
2024-04-29,19.58,19.42,19.99,19.03,91559.18,195318.736,0.912593984962406,,0.0
2024-04-30,19.74,19.46,19.88,19.43,52463.16,112454.559,0.9127579737335836,,0.0
2024-05-06,19.84,20.05,20.09,19.56,76027.67,165195.749,0.9151072569602922,,0.0
2024-05-07,19.97,20.47,20.64,19.95,86591.28,192277.586,0.916703985669503,,0.0
2024-05-08,20.45,19.99,20.61,19.96,63197.1,139204.168,0.9148741418764302,,0.0
2024-05-09,20.05,20.56,20.69,20.04,62924.19,140344.59,0.9170383586083856,,0.0
2024-05-10,20.7,20.46,20.81,20.0,79824.02,172759.607,0.9402573529411764,,0.0
2024-05-13,20.09,20.33,20.64,20.09,57676.8,125126.285,0.9398982894128524,,0.0
2024-05-14,20.2,21.95,22.18,20.2,175073.34,398049.206,0.9440860215053763,,0.0
2024-05-15,21.72,22.36,22.58,21.41,173828.18,404298.088,0.945054945054945,,0.0
2024-05-16,22.25,21.38,22.39,21.34,125879.0,289034.422,0.9426807760141092,,0.0
2024-05-17,21.43,21.58,21.82,21.2,108436.94,246979.308,0.943181818181818,,0.0
2024-05-20,21.6,22.39,22.58,21.35,176624.43,416210.971,0.9451245251160828,,0.0
2024-05-21,22.29,21.2,22.29,20.68,188307.94,425802.91,0.9422222222222222,,0.0
2024-05-22,20.93,20.88,21.02,20.59,76911.79,169998.425,0.9413886384129846,,0.0
2024-05-23,20.7,20.05,20.93,19.99,100238.5,215785.25,0.9391100702576112,,0.0
2024-05-24,20.05,20.23,20.55,20.0,52304.4,113243.405,0.939619136089178,,0.0
2024-05-27,20.23,20.4,20.62,20.09,62830.43,135702.805,0.9400921658986174,,0.0
2024-05-28,20.29,19.95,20.41,19.8,93571.61,199880.641,0.9388235294117648,,0.0
2024-05-29,19.92,20.35,20.69,19.92,63016.29,136795.615,0.9399538106235564,,0.0
2024-05-30,20.2,20.45,20.67,20.15,44526.01,96921.337,0.9402298850574712,,0.0
2024-05-31,20.5,20.43,20.7,20.26,41577.0,90447.996,0.9401748734468476,,0.0
2024-06-03,20.28,19.82,20.4,19.57,97508.0,206329.177,0.9384469696969696,,0.0
2024-06-04,19.66,20.12,20.2,19.47,54706.0,115431.096,0.9393090569561158,,0.0
2024-06-05,20.11,20.1,20.4,19.91,50541.3,108651.131,0.939252336448598,,0.0
2024-06-06,20.0,19.59,20.44,19.47,74799.61,158309.228,0.9377692675921492,,0.0
2024-06-07,19.59,19.5,20.11,19.46,39305.0,82656.517,0.9375,,0.0
2024-06-11,19.4,19.8,19.9,19.22,37799.82,79175.611,0.938388625592417,,0.0
2024-06-12,19.75,20.1,20.27,19.72,33154.45,70798.511,0.939252336448598,,0.0
2024-06-13,20.07,19.67,20.13,19.55,29564.0,62287.546,0.938006676204101,,0.0
2024-06-14,19.51,19.72,19.82,19.44,27280.8,57065.929,0.9381541389153188,,0.0
2024-06-17,19.6,19.32,19.85,19.27,43121.0,89538.828,0.9369544131910766,,0.0
2024-06-18,19.37,19.55,19.61,19.28,28437.76,59138.613,0.9376498800959232,,0.0
2024-06-19,19.55,19.25,19.6,19.03,42924.05,88375.112,0.9367396593673966,,0.0
2024-06-20,19.21,18.88,19.52,18.83,49980.44,101598.388,0.9355797819623388,,0.0
2024-06-21,18.84,19.0,19.38,18.8,32599.0,66551.816,0.9359605911330048,,0.0
2024-06-24,18.89,18.65,19.04,18.48,42547.91,85324.812,0.9348370927318296,,0.0
2024-06-25,18.64,18.51,18.87,18.29,42901.0,85265.062,0.934376577486118,,0.0
2024-06-26,18.46,18.7,18.75,18.22,40828.65,80861.939,0.935,,0.0
2024-06-27,18.71,18.31,18.78,18.26,38230.0,75278.713,0.9337072921978582,,0.0
2024-06-28,18.28,18.83,19.33,18.19,58069.0,117817.932,0.9354197714853452,,0.0
2024-07-01,18.73,19.25,19.5,18.71,44680.4,91551.184,0.9367396593673966,,0.0
2024-07-02,19.28,19.16,19.33,18.99,38146.24,78013.387,0.9364613880742912,,0.0
2024-07-03,19.65,18.7,20.08,18.7,54314.0,110456.126,0.935,,0.0
2024-07-04,18.7,18.31,19.0,18.26,40817.35,80874.121,0.9337072921978582,,0.0
2024-07-05,18.35,18.55,18.66,18.17,29399.35,57903.207,0.9345088161209067,,0.0
2024-07-08,18.42,17.779999999999998,18.53,17.7,46903.0,90271.778,0.9318658280922432,,0.0
2024-07-09,17.7,17.88,18.19,17.49,35551.01,68452.11,0.9322210636079248,,0.0
2024-07-10,17.88,18.03,18.54,17.86,33748.0,66054.346,0.932747025349198,,0.0
2024-07-11,18.38,18.34,18.63,18.21,29147.58,57486.483,0.9338085539714868,,0.0
2024-07-12,18.3,18.11,18.3,18.009999999999998,24957.81,48410.746,0.933024214322514,,0.0
2024-07-15,18.05,18.0,18.16,17.84,27263.0,52479.33,0.932642487046632,,0.0
2024-07-16,18.06,18.04,18.12,17.87,20177.0,38897.844,0.9327817993795242,,0.0
2024-07-17,18.05,17.82,18.2,17.63,25158.0,48133.794,0.9320083682008368,,0.0
2024-07-18,17.779999999999998,18.05,18.1,17.52,30607.22,58513.555,0.9328165374677002,,0.0
2024-07-19,17.98,18.0,18.12,17.79,25921.89,49948.741,0.932642487046632,,0.0
2024-07-22,18.0,17.86,18.07,17.66,26898.2,51363.977,0.9321503131524008,,0.0
2024-07-23,17.84,17.18,17.84,17.18,37927.0,70970.665,0.9296536796536796,,0.0
2024-07-24,17.15,17.04,17.33,16.96,26663.0,49132.19,0.9291166848418756,,0.0
2024-07-25,16.98,17.029999999999998,17.259999999999998,16.8,22165.0,40564.493,0.9290780141843972,,0.0
2024-07-26,17.04,17.45,17.529999999999998,17.02,28648.25,53501.303,0.9306666666666666,,0.0
2024-07-29,17.5,17.14,17.5,17.099999999999998,17959.1,33222.124,0.9295010845986984,,0.0
2024-07-30,17.05,17.11,17.25,16.87,16069.43,29517.444,0.9293862031504616,,0.0
2024-07-31,17.16,17.919999999999998,17.99,17.009999999999998,37339.0,70780.011,0.9323621227887616,,0.0
2024-08-01,17.96,17.61,18.15,17.47,33451.18,63584.868,0.9312533051295612,,0.0
2024-08-02,17.55,17.38,17.669999999999998,17.32,20337.0,38196.582,0.930406852248394,,0.0
2024-08-05,17.279999999999998,17.31,17.8,17.11,40084.35,75059.051,0.9301450832885544,,0.0
2024-08-06,17.31,17.5,17.759999999999998,17.25,32377.41,60823.681,0.9308510638297872,,0.0
2024-08-07,17.68,18.46,18.75,17.32,102728.2,201463.146,0.9342105263157896,,0.0
2024-08-08,18.31,17.82,18.32,17.64,59784.73,114561.955,0.9320083682008368,,0.0
2024-08-09,17.779999999999998,17.43,17.919999999999998,17.4,35205.0,66622.952,0.9305926321409504,,0.0
2024-08-12,17.939999999999998,17.63,18.0,17.5,29502.05,55970.725,0.931325937665082,,0.0
2024-08-13,17.54,17.82,18.14,17.34,37343.96,71057.703,0.9320083682008368,,0.0
2024-08-14,17.82,17.57,18.25,17.529999999999998,42390.42,81353.42,0.9311075781664016,,0.0
2024-08-15,17.32,17.41,17.64,17.12,45818.72,85428.687,0.9305184393372528,,0.0
2024-08-16,17.4,17.279999999999998,17.4,17.18,31955.5,59364.678,0.930032292787944,,0.0
2024-08-19,17.32,17.509999999999998,17.68,17.21,32445.73,60816.545,0.9308878256246677,,0.0
2024-08-20,17.47,16.89,17.5,16.779999999999998,37845.25,69361.514,0.9285321605277624,,0.0
2024-08-21,16.81,16.79,16.93,16.65,20676.93,37362.364,0.9281370923161968,,0.0
2024-08-22,16.75,16.52,16.89,16.46,21869.0,39096.0,0.9270482603815936,,0.0
2024-08-23,16.5,16.58,16.81,16.36,16373.0,29186.864,0.9272930648769574,,0.0
2024-08-26,16.93,17.91,18.26,16.93,143025.18,273929.197,0.9323269130661114,,0.0
2024-08-27,17.91,17.83,18.23,17.75,55220.84,106252.151,0.9320439100888656,,0.0
2024-08-28,17.84,18.42,18.49,17.83,55140.21,107948.145,0.934077079107505,,0.0
2024-08-29,18.22,18.58,18.8,18.22,40623.0,80639.334,0.9346076458752516,,0.0
2024-08-30,18.57,18.41,18.77,18.39,51788.0,103092.034,0.9340436326737696,,0.0
2024-09-02,18.45,18.46,18.69,18.34,62847.0,124801.993,0.9342105263157896,,0.0
2024-09-03,18.46,18.69,18.86,18.46,30936.0,61850.986,0.9349674837418708,,0.0
2024-09-04,18.61,18.65,18.9,18.52,34881.0,69876.977,0.9348370927318296,,0.0
2024-09-05,18.66,18.73,18.95,18.66,42098.0,84640.961,0.9350973539690464,,0.0
2024-09-06,18.82,18.67,18.95,18.6,33168.0,66584.274,0.9349023535302954,,0.0
2024-09-09,18.53,18.51,18.8,18.4,38892.37,77425.219,0.934376577486118,,0.0
2024-09-10,18.47,18.68,18.82,18.26,49110.71,97049.062,0.9349349349349348,,0.0
2024-09-11,18.88,18.94,19.12,18.59,38491.55,77919.072,0.9357707509881422,,0.0
2024-09-12,19.0,18.82,19.3,18.82,32376.9,65779.265,0.9353876739562624,,0.0
2024-09-13,18.96,18.6,19.05,18.6,28046.09,56451.403,0.9346733668341708,,0.0
2024-09-18,18.65,18.95,18.99,18.48,44206.54,88836.058,0.9358024691358025,,0.0
2024-09-19,18.97,19.41,19.67,18.84,53575.49,110465.724,0.9372283920811202,,0.0
2024-09-20,19.36,19.31,19.38,19.08,28551.67,58621.073,0.9369238233867054,,0.0
2024-09-23,19.41,19.05,19.41,19.0,34875.5,71276.581,0.936117936117936,,0.0
2024-09-24,19.05,19.62,19.64,19.01,53264.5,110317.773,0.9378585086042064,,0.0
2024-09-25,19.61,19.43,19.99,19.37,51463.36,108134.009,0.9372889532079112,,0.0
2024-09-26,19.43,19.93,19.93,19.29,57413.79,119253.902,0.9476937708036138,,0.0
2024-09-27,20.57,20.85,21.23,20.34,87008.68,190438.511,0.949886104783599,,0.0
2024-09-30,21.65,23.0,23.02,21.65,132974.21,313016.55,0.954356846473029,,0.0
2024-10-08,25.41,24.21,25.41,23.01,190801.84,485316.658,0.956538917423943,,0.0
2024-10-09,23.85,23.07,24.18,22.72,146497.84,360023.675,0.9544890359950352,,0.0
2024-10-10,23.0,23.23,23.85,22.7,111406.12,271873.163,0.9547883271681052,,0.0
2024-10-11,23.2,22.38,23.34,22.15,66620.0,158455.856,0.953151618398637,,0.0
2024-10-14,22.5,23.04,23.14,22.13,73547.87,174963.294,0.9544324772162386,,0.0
2024-10-15,22.88,22.7,23.32,22.61,67794.29,162775.039,0.953781512605042,,0.0
2024-10-16,22.55,23.18,23.56,22.4,86298.49,208451.018,0.9546952224052718,,0.0
2024-10-17,23.26,22.85,23.67,22.84,71960.13,175140.344,0.954070981210856,,0.0
2024-10-18,22.89,23.79,24.31,22.7,105479.9,260286.821,0.9558055443953396,,0.0
2024-10-21,24.01,24.2,24.77,23.41,118908.03,300070.637,0.9565217391304348,,0.0
2024-10-22,23.93,24.01,24.78,23.82,57131.8,143524.644,0.9561927518916764,,0.0
2024-10-23,24.0,24.37,24.62,23.91,66364.11,168954.721,0.956811935610522,,0.0
2024-10-24,24.05,24.26,24.6,23.6,68629.32,172054.951,0.9566246056782334,,0.0
2024-10-25,24.23,24.1,24.42,23.9,64039.6,161142.324,0.9563492063492064,,0.0
2024-10-28,24.12,25.1,25.32,23.94,135883.62,351647.569,0.9580152671755724,,0.0
2024-10-29,25.46,24.99,26.55,24.82,142894.0,382624.659,0.9578382522039096,,0.0
2024-10-30,24.82,24.69,25.48,24.47,82707.97,214103.629,0.957347809228383,,0.0
2024-10-31,24.7,24.08,24.78,23.67,119183.03,300175.175,0.9563145353455124,,0.0
2024-11-01,24.02,23.81,24.48,23.77,71195.02,179173.625,0.9558410276997188,,0.0
2024-11-04,23.76,23.8,24.05,23.42,67616.0,167547.662,0.9558232931726908,,0.0
2024-11-05,23.89,24.92,24.96,23.82,119792.5,307642.911,0.9577248270561106,,0.0
2024-11-06,25.02,26.9,27.49,25.02,285623.76,790564.685,0.9607142857142856,,0.0
2024-11-07,26.91,27.63,28.03,26.62,201162.93,577129.13,0.9617124956491472,,0.0
2024-11-08,27.66,27.7,28.05,27.22,139666.62,400740.044,0.9618055555555556,,0.0
2024-11-11,28.2,29.41,29.78,27.9,177514.58,535438.23,0.9639462471320878,,0.0
2024-11-12,29.83,28.38,30.0,28.06,142021.05,427930.626,0.9626865671641792,,0.0
2024-11-13,28.31,28.41,28.49,27.44,137529.5,398694.527,0.962724500169434,,0.0
2024-11-14,28.26,28.31,28.76,27.91,85283.63,250678.629,0.962597755865352,,0.0
2024-11-15,28.1,28.01,28.55,27.9,111605.88,327243.485,0.9622122981793196,,0.0
2024-11-18,27.83,27.79,28.75,27.21,120589.0,350742.269,0.9619245413637936,,0.0
2024-11-19,27.48,27.4,28.48,26.58,100155.65,284266.305,0.9614035087719298,,0.0
2024-11-20,27.26,27.56,27.59,27.11,68204.64,194168.919,0.9616189811584088,,0.0
2024-11-21,27.3,27.1,27.78,26.91,72436.36,205549.999,0.9609929078014184,,0.0
2024-11-22,26.84,25.94,26.98,25.92,82264.52,226558.294,0.9593195266272188,,0.0
2024-11-25,26.02,26.68,26.73,25.41,96340.49,263464.288,0.9604031677465802,,0.0
2024-11-26,26.69,26.41,26.95,26.32,49706.84,137851.524,0.960014540167212,,0.0
2024-11-27,26.4,27.12,27.14,25.76,59808.25,165053.816,0.961020552799433,,0.0
2024-11-28,27.33,26.46,27.33,26.36,46133.0,128305.015,0.960087082728592,,0.0
2024-11-29,26.3,26.68,27.02,26.12,59429.78,164973.194,0.9604031677465802,,0.0
2024-12-02,26.51,26.36,26.67,26.2,59520.33,163807.965,0.9599417334304442,,0.0
2024-12-03,26.45,26.48,26.78,26.03,53554.89,147186.761,0.9601160261058738,,0.0
2024-12-04,26.51,26.21,26.51,25.82,46132.08,125646.585,0.9597217136580006,,0.0
2024-12-05,26.0,26.17,26.32,26.0,34388.73,93669.324,0.9596626329299596,,0.0
2024-12-06,26.21,27.9,27.95,26.21,138288.11,392646.054,0.9620689655172412,,0.0
2024-12-09,27.62,27.17,27.94,26.9,100937.92,287651.0,0.961089494163424,,0.0
2024-12-10,27.93,27.64,28.06,27.18,73357.92,211094.81,0.9617258176757132,,0.0
2024-12-11,27.36,26.94,27.75,26.73,64670.51,182361.301,0.9607703281027103,,0.0
2024-12-12,26.94,27.57,28.08,26.88,77548.12,223426.94,0.961632368329264,,0.0
2024-12-13,27.8,27.15,27.85,26.81,73892.23,208925.651,0.9610619469026548,,0.0
2024-12-16,27.06,26.87,27.5,26.69,48489.65,135808.595,0.9606721487307828,,0.0
2024-12-17,26.74,26.53,27.12,26.23,44187.11,122392.093,0.9601882012305464,,0.0
2024-12-18,26.53,26.29,26.8,26.23,47063.94,129735.892,0.9598393574297188,,0.0
2024-12-19,26.08,26.65,26.77,25.9,31661.01,87071.433,0.9603603603603604,,0.0
2024-12-20,26.5,26.65,26.88,26.47,27594.32,76607.903,0.9603603603603604,,0.0
2024-12-23,26.75,26.5,27.02,26.31,39570.75,109675.967,0.9601449275362318,,0.0
2024-12-24,26.5,26.53,26.99,26.1,47864.08,131987.402,0.9601882012305464,,0.0
2024-12-25,27.04,26.3,27.04,26.16,37368.73,103287.328,0.95985401459854,,0.0
2024-12-26,26.29,26.27,26.47,26.0,30584.64,83651.602,0.959810010960906,,0.0
2024-12-27,26.35,26.57,27.08,26.14,41228.0,114655.643,0.9602457535236718,,0.0
2024-12-30,26.55,26.18,26.65,26.07,45230.0,123929.263,0.9596774193548386,,0.0
2024-12-31,26.28,25.38,26.32,25.32,58458.0,156825.855,0.9584592145015104,,0.0
2025-01-02,25.65,24.62,25.65,24.38,62876.22,163577.226,0.9572317262830482,,0.0
2025-01-03,24.72,24.38,25.25,24.3,59329.99,153369.304,0.956828885400314,,0.0
2025-01-06,24.32,24.47,24.99,24.08,39027.57,99771.931,0.9569808369182636,,0.0
2025-01-07,24.38,24.55,24.77,24.17,26288.99,67374.912,0.9571150097465886,,0.0
2025-01-08,24.42,24.63,24.95,23.7,53966.05,137069.034,0.9572483482316362,,0.0
2025-01-09,24.39,24.6,24.93,24.32,25030.94,64518.377,0.9571984435797664,,0.0
2025-01-10,24.58,24.71,25.2,24.37,42604.25,111000.761,0.9573808601317318,,0.0
2025-01-13,24.46,24.56,24.96,24.38,30449.0,78346.509,0.9571317225253312,,0.0
2025-01-14,24.63,24.95,25.25,24.26,47431.0,123345.645,0.9577735124760076,,0.0
2025-01-15,25.01,24.54,25.14,24.33,47102.76,121165.584,0.9570982839313572,,0.0
2025-01-16,24.55,24.37,24.89,24.28,31627.5,81154.774,0.956811935610522,,0.0
2025-01-17,24.21,24.84,25.09,24.1,30457.93,78606.98,0.9575944487278334,,0.0
2025-01-20,25.16,24.87,25.56,24.8,39404.0,103346.592,0.9576434347323834,,0.0
2025-01-21,24.95,26.21,26.65,24.9,88799.32,240631.448,0.9597217136580006,,0.0
2025-01-22,26.05,25.22,26.32,25.09,55751.18,147988.139,0.9582066869300911,,0.0
2025-01-23,25.5,25.08,25.84,24.76,60743.61,159702.655,0.9579831932773109,,0.0
2025-01-24,25.2,25.46,26.02,25.08,54724.24,146623.26,0.9585843373493976,,0.0
2025-01-27,25.52,25.28,25.94,25.23,36969.0,98539.381,0.9583017437452616,,0.0
2025-02-05,25.2,25.04,25.58,24.7,47928.0,125737.996,0.9579188982402448,,0.0
2025-02-06,24.71,24.83,25.23,24.71,62721.03,163021.957,0.957578094870806,,0.0
2025-02-07,24.85,25.09,25.47,24.69,51336.0,134684.707,0.9579992363497518,,0.0
2025-02-10,25.15,24.88,25.2,24.68,58206.59,151181.325,0.9576597382602,,0.0
2025-02-11,24.9,24.18,25.15,24.09,74030.46,188478.933,0.956487341772152,,0.0
2025-02-12,24.12,23.99,24.29,23.7,71815.5,179671.83,0.9561578318055002,,0.0
2025-02-13,23.99,23.68,24.25,23.6,74352.69,185256.904,0.9556093623890234,,0.0
2025-02-14,23.64,24.18,24.32,23.42,77391.28,193512.733,0.956487341772152,,0.0
2025-02-17,24.19,24.15,24.32,23.76,53678.1,134855.66,0.9564356435643564,,0.0
2025-02-18,24.13,24.07,24.86,23.8,68797.76,175304.257,0.9562971791815652,,0.0
2025-02-19,24.0,23.95,24.2,23.8,68474.07,171875.427,0.9560878243512974,,0.0
2025-02-20,23.95,24.4,24.64,23.71,71379.95,181284.862,0.9568627450980391,,0.0
2025-02-21,24.43,23.69,24.45,23.53,93633.0,233454.653,0.9556272690601048,,0.0
2025-02-24,23.62,23.65,23.92,23.5,58026.0,143623.149,0.9555555555555556,,0.0
2025-02-25,23.42,23.27,23.63,23.19,41601.23,101850.672,0.954862535904801,,0.0
2025-02-26,23.34,23.95,23.95,23.34,74209.22,184684.257,0.9560878243512974,,0.0
2025-02-27,24.08,25.59,25.69,24.06,170666.88,451299.711,0.9587860621955788,,0.0
2025-02-28,25.59,25.45,26.53,25.26,152626.56,411214.43,0.9585687382297552,,0.0
2025-03-03,26.2,26.42,26.9,25.97,159396.05,439789.407,0.9600290697674418,,0.0
2025-03-04,25.94,27.25,27.47,25.94,142950.32,402717.584,0.961199294532628,,0.0
2025-03-05,27.2,27.73,27.88,27.1,116804.83,334383.892,0.961845300034686,,0.0
2025-03-06,27.74,27.79,28.0,27.23,139191.99,400334.539,0.9619245413637936,,0.0
2025-03-07,27.77,28.91,29.2,27.56,146921.87,437215.301,0.963345551482839,,0.0
2025-03-10,29.43,28.16,29.65,28.01,118461.94,350820.053,0.962406015037594,,0.0
2025-03-11,27.91,29.06,29.12,27.82,120565.54,358120.352,0.963527851458886,,0.0
2025-03-12,29.06,30.17,30.5,29.06,153958.1,476514.024,0.9648225135913016,,0.0
2025-03-13,29.79,29.41,30.05,28.72,121185.13,367775.251,0.9639462471320878,,0.0
2025-03-14,29.28,29.36,29.59,28.65,82350.59,249872.785,0.9638870650032828,,0.0
2025-03-17,29.29,29.12,29.34,28.74,55997.58,168940.865,0.9636002647253474,,0.0
2025-03-18,29.56,29.41,30.25,29.21,84643.82,261105.34,0.9639462471320878,,0.0
2025-03-19,29.23,29.33,29.56,28.84,43366.36,131291.326,0.9638514623726584,,0.0
2025-03-20,29.33,29.03,29.55,28.91,37659.01,114084.406,0.9634915366744108,,0.0
2025-03-21,28.8,28.32,29.13,28.17,62112.0,183808.029,0.9626104690686608,,0.0
2025-03-24,28.27,28.31,28.78,27.99,46262.5,136394.579,0.962597755865352,,0.0
2025-03-25,28.41,28.38,28.78,28.26,37248.98,110261.323,0.9626865671641792,,0.0
2025-03-26,28.36,28.06,28.53,27.87,40066.68,116737.551,0.9622770919067216,,0.0
2025-03-27,27.96,29.27,29.63,27.96,93913.76,283677.011,0.9637800460981232,,0.0
2025-03-28,29.19,28.75,29.27,28.5,63132.26,188821.863,0.963149078726968,,0.0
2025-03-31,28.75,28.53,29.01,28.2,71599.82,212361.276,0.9628754640566992,,0.0
2025-04-01,28.66,28.43,28.79,28.25,40617.01,120434.112,0.9627497460209956,,0.0
2025-04-02,28.43,28.51,29.05,28.22,48141.03,143017.938,0.9628503883823032,,0.0
2025-04-03,28.48,28.02,28.74,27.96,39225.0,114876.596,0.9622252747252746,,0.0
2025-04-07,25.57,26.01,27.56,25.22,130223.42,358004.551,0.9594245665805976,,0.0
2025-04-08,26.51,26.35,27.18,25.8,112857.88,309213.476,0.959927140255009,,0.0
2025-04-09,25.92,27.61,27.96,25.42,123899.07,349184.902,0.9616858237547892,,0.0
2025-04-10,27.77,27.62,28.54,27.4,114712.0,331827.869,0.9616991643454038,,0.0
2025-04-11,27.43,28.51,28.86,27.35,79627.14,235846.341,0.9628503883823032,,0.0
2025-04-14,28.61,28.2,28.72,28.0,69924.64,205652.138,0.962457337883959,,0.0
2025-04-15,28.2,28.53,28.7,27.69,59081.49,173881.993,0.9628754640566992,,0.0
2025-04-16,28.45,28.99,29.05,28.25,69621.67,208126.744,0.9634430043203722,,0.0
2025-04-17,28.89,28.16,28.98,28.11,50713.0,150066.592,0.962406015037594,,0.0
2025-04-18,28.14,28.3,28.57,28.01,31311.0,92239.535,0.9625850340136054,,0.0
2025-04-21,28.3,30.76,30.85,28.11,146158.84,455722.475,0.965473948524796,,0.0
2025-04-22,30.74,30.51,31.379999999999995,30.43,87759.68,280101.212,0.9652008857956342,,0.0
2025-04-23,30.52,29.71,30.65,29.58,72102.5,223187.747,0.964297306069458,,0.0
2025-04-24,29.73,30.9,31.46,29.71,120447.04,385376.09,0.965625,,0.0
2025-04-25,30.9,30.1,30.9,30.0,64486.57,202203.091,0.9647435897435896,,0.0
2025-04-28,29.65,29.59,30.0,29.18,61358.45,188461.961,0.96415770609319,,0.0
2025-04-29,29.86,30.03,30.6,29.37,98698.96,307140.657,0.9646643109540636,,0.0
2025-04-30,29.87,29.45,30.2,29.45,51970.95,160046.758,0.9639934533551554,,0.0
2025-05-06,29.51,29.46,29.95,29.25,68679.95,209895.736,0.9640052356020942,,0.0
2025-05-07,29.72,31.65,32.52,29.54,240020.64,779676.121,0.966412213740458,,0.0
2025-05-08,30.83,30.92,30.98,29.78,224155.63,703704.585,0.9656464709556528,,0.0
2025-05-09,30.5,28.68,30.5,28.57,165263.73,500263.823,0.9630624580255204,,0.0
2025-05-12,29.76,30.36,30.86,29.3,222243.03,697268.958,0.965034965034965,,0.0
2025-05-13,30.13,29.48,30.13,29.3,101595.18,312455.902,0.9640287769784172,,0.0
2025-05-14,29.35,29.6,30.0,29.23,77990.58,239670.344,0.9641693811074918,,0.0
2025-05-15,29.6,29.1,29.61,28.99,51475.52,155998.605,0.9635761589403972,,0.0
2025-05-16,29.0,29.03,29.46,28.85,53150.0,160759.651,0.9634915366744108,,0.0
2025-05-19,28.97,29.6,29.77,28.86,62007.51,188761.191,0.9641693811074918,,0.0
2025-05-20,29.8,30.37,30.67,29.61,89262.38,280301.78,0.9650460756275818,,0.0
2025-05-21,30.42,30.82,30.9,30.05,80294.51,253571.938,0.9655388471177944,,0.0
2025-05-22,30.68,30.37,30.99,30.1,74315.9,234575.239,0.9650460756275818,,0.0
2025-05-23,30.57,29.63,30.57,29.63,49752.5,154762.177,0.9642043605597136,,0.0
2025-05-26,29.6,29.71,29.9,29.46,33044.0,100160.202,0.9785902503293809,,0.0
2025-05-27,29.71,29.020000000000003,29.75,28.91,49699.06,147922.456,0.97809234917425,,0.0
2025-05-28,29.200000000000003,30.09,30.46,28.770000000000003,77342.22,235783.594,0.9788549121665584,,0.0
2025-05-29,30.01,30.15,30.33,29.53,50335.67,154457.997,0.978896103896104,,0.0
2025-05-30,30.0,29.89,30.450000000000003,29.790000000000003,39008.1,119604.874,0.97871643745907,,0.0
2025-06-03,29.59,30.34,30.630000000000003,29.23,53290.25,164711.562,0.979025492094224,,0.0
2025-06-04,30.22,31.110000000000003,31.110000000000003,30.16,68461.06,215394.353,0.9795340050377834,,0.0
2025-06-05,30.950000000000003,30.67,31.110000000000003,30.55,34633.53,108792.772,0.9792464878671776,,0.0
2025-06-06,30.73,31.270000000000003,32.1,30.73,83502.84,268246.163,0.9796365914786967,,0.0
2025-06-09,31.370000000000005,32.08,32.870000000000005,31.370000000000005,114897.51,380337.648,0.9801405438435686,,0.0
2025-06-10,32.07,32.29,33.08,31.96,101656.31,337086.068,0.9802671523983,,0.0
2025-06-11,32.24,32.38,32.64,31.700000000000003,90465.62,296295.12,0.9803209203754164,,0.0
2025-06-12,32.47,32.54,32.71,31.85,62523.0,206920.163,0.980415787887918,,0.0
2025-06-13,32.71,33.17,34.15,32.71,127814.48,435433.471,0.9807806031933768,,0.0
2025-06-16,33.35,32.75,33.480000000000004,32.45,78307.74,262769.841,0.9805389221556888,,0.0
2025-06-17,32.75,32.22,32.85,32.15,59970.0,198002.503,0.9802251292972316,,0.0
2025-06-18,32.230000000000004,32.2,32.730000000000004,32.07,41605.76,137095.663,0.980213089802131,,0.0
2025-06-19,32.190000000000005,31.78,32.53,31.56,57113.38,185519.725,0.9799568300955904,,0.0
2025-06-20,31.64,31.910000000000004,32.1,31.480000000000004,38366.27,124713.428,0.9800368550368552,,0.0
2025-06-23,31.950000000000003,31.93,32.71,31.65,51519.0,168864.848,0.980049109883364,,0.0
2025-06-24,31.800000000000004,32.02,32.31,31.5,72839.0,236667.498,0.980104071013162,,0.0
2025-06-25,31.97,32.6,32.95,31.86,78143.56,260065.8,0.9804511278195488,,0.0
2025-06-26,32.61,33.24,33.84,32.5,109237.15,371851.52,0.9808203009737386,,0.0
2025-06-27,33.06,33.22,33.45,33.01,60109.0,203720.266,0.980808975494538,,0.0
2025-06-30,33.21,33.29,33.7,32.730000000000004,92314.22,312669.206,0.9808485562757808,,0.0
2025-07-01,33.160000000000004,33.07,33.690000000000005,32.74,95511.53,324051.621,0.980723606168446,,0.0
2025-07-02,32.88,32.74,33.480000000000004,32.5,73427.87,246422.809,0.9805330937406408,,0.0
2025-07-03,32.67,32.52,32.89,32.29,51613.55,171671.505,0.9804039794995478,,0.0
2025-07-04,32.45,32.13,32.550000000000004,31.79,70598.0,231482.433,0.980170835875534,,0.0
2025-07-07,32.32,32.97,34.03,32.27,190310.06,648557.827,0.980666270077335,,0.0
2025-07-08,32.9,35.26,35.45,32.88,272159.06,961577.878,0.9818991924255084,,0.0
2025-07-09,35.300000000000004,36.64,37.55,35.06,318786.94,1183782.986,0.9825690533655136,,0.0
2025-07-10,36.64,37.01,37.07,36.05,135327.19,503216.067,0.9827403080191184,,0.0
2025-07-11,36.85,37.6,37.61,36.45,144163.4,545114.755,0.9830065359477124,,0.0
2025-07-14,37.48,36.97,38.35,36.85,152598.89,583642.428,0.982721956406167,,0.0
2025-07-15,36.9,35.78,37.35,35.35,187528.46,692444.612,0.9821575624485316,,0.0
2025-07-16,35.620000000000005,35.63,35.93,35.370000000000005,84153.04,305334.88,0.9820837927232636,,0.0
2025-07-17,35.63,36.48,36.65,35.45,119883.22,440546.525,0.9824939402100727,,0.0
2025-07-18,36.48,36.97,37.120000000000005,36.25,100823.2,376703.082,0.982721956406167,,0.0
2025-07-21,38.58,39.15,39.33,37.35,396131.17,1558818.303,0.9836683417085428,,0.0
2025-07-22,39.85,39.370000000000005,40.34,37.85,375390.46,1488732.473,0.9837581209395304,,0.0
2025-07-23,39.05,36.82,39.05,36.46,253719.94,967879.479,0.982652788897785,,0.0
2025-07-24,36.42,36.09,36.67,35.79,183274.11,673733.865,0.982308111050626,,0.0
2025-07-25,36.07,36.79,36.8,35.800000000000004,129560.87,477996.491,0.982638888888889,,0.0
2025-07-28,36.75,36.1,37.02,35.95,119545.82,442645.626,0.982312925170068,,0.0
2025-07-29,36.1,36.75,36.870000000000005,35.47,122508.87,450135.82,0.982620320855615,,0.0
2025-07-30,36.75,35.43,37.49,35.15,132431.92,483084.06,0.9819844789356984,,0.0
2025-07-31,35.25,35.95,37.21,34.95,115740.68,425547.311,0.98224043715847,,0.0
2025-08-01,35.75,34.74,35.95,34.56,122525.85,436785.214,0.9816332297259112,,0.0
2025-08-04,34.45,34.92,35.2,34.21,94805.66,336211.279,0.9817261737419174,,0.0
2025-08-05,34.93,35.9,35.92,34.77,103510.37,375629.612,0.9822161422708618,,0.0
2025-08-06,35.940000000000005,37.4,37.57,35.72,161305.65,603894.398,0.9829172141918529,,0.0
2025-08-07,37.17,36.54,37.190000000000005,36.04,119705.47,442965.829,0.9825221833826298,,0.0
2025-08-08,36.4,37.1,37.39,36.120000000000005,110656.6,414881.982,0.9827814569536424,,0.0
2025-08-11,36.25,36.14,36.92,34.75,194212.12,709129.208,0.9823321554770318,,0.0
2025-08-12,36.14,34.34,36.5,34.160000000000004,238354.06,847178.365,0.9814232637896544,,0.0
2025-08-13,34.300000000000004,34.65,35.0,34.300000000000004,139924.94,494493.702,0.981586402266289,,0.0
2025-08-14,34.65,33.31,34.74,33.26,172384.86,594036.594,0.980859835100118,,0.0
2025-08-15,33.190000000000005,34.09,34.13,33.1,97447.65,335957.631,0.9812895797351756,,0.0
2025-08-18,34.09,33.83,34.53,33.63,160017.98,556366.111,0.9811484918793504,,0.0
2025-08-19,33.83,33.190000000000005,33.9,32.68,145202.99,491783.643,0.9807919621749408,,0.0
2025-08-20,33.050000000000004,33.480000000000004,34.02,33.0,127132.51,435041.095,0.9809551714034574,,0.0
2025-08-21,33.4,33.730000000000004,33.99,33.35,110426.0,379604.581,0.9810936591041304,,0.0
2025-08-22,33.95,34.85,34.95,33.85,217826.84,768865.593,0.9816901408450704,,0.0
2025-08-25,34.85,34.27,35.04,34.050000000000004,192809.47,674827.653,0.9813860252004584,,0.0
2025-08-26,34.26,33.940000000000005,34.65,33.76,133507.63,463268.569,0.9812084417461696,,0.0
2025-08-27,33.85,33.67,34.74,33.660000000000004,124684.14,434918.576,0.981060606060606,,0.0
2025-08-28,33.65,32.95,34.01,32.15,164811.25,553754.893,0.980654761904762,,0.0
2025-08-29,32.95,33.550000000000004,33.84,32.75,130133.0,443792.921,0.9809941520467836,,0.0
2025-09-01,33.54,33.410000000000004,34.32,33.2,185804.06,638891.732,0.9809160305343512,,0.0
2025-09-02,33.410000000000004,32.61,33.940000000000005,32.2,134096.97,448189.541,0.9804570054119064,,0.0
2025-09-03,32.39,32.29,33.52,32.15,123490.97,414414.6,0.9802671523983,,0.0
2025-09-04,32.17,32.25,32.81,31.770000000000003,95308.97,314702.199,0.9802431610942248,,0.0
2025-09-05,32.21,32.52,32.65,32.06,85378.1,282145.082,0.9804039794995478,,0.0
2025-09-08,32.660000000000004,33.88,34.43,32.660000000000004,191573.08,661961.915,0.9811757891688389,,0.0
2025-09-09,35.84,34.65,36.54,34.34,227611.44,814775.74,0.981586402266289,,0.0
2025-09-10,34.15,33.71,34.54,33.59,105256.18,363812.504,0.9810826542491268,,0.0
2025-09-11,33.68,35.54,35.68,33.42,172926.25,613053.59,0.9820392373583864,,0.0
2025-09-12,35.550000000000004,35.85,36.55,35.160000000000004,153807.62,564333.552,0.9821917808219178,,0.0
2025-09-15,35.85,36.52,36.82,35.71,132266.53,490171.083,0.9825127791229488,,0.0
2025-09-16,36.55,36.81,37.1,36.46,110963.83,415820.469,0.9826481580352376,,0.0
2025-09-17,36.75,40.33,40.56,36.35,382016.49,1523731.373,0.9841386041971694,,0.0
2025-09-18,39.83,40.99,42.74,39.83,346425.19,1454139.304,0.984390009606148,,0.0
2025-09-19,41.29,44.22,45.13,41.29,302050.25,1354941.602,0.9855137062625362,,0.0
2025-09-22,44.0,44.35,44.95,43.35,222562.9,997066.781,0.9855555555555556,,0.0
2025-09-23,44.370000000000005,43.79,44.83,42.8,173375.29,764593.05,0.9853735373537356,,0.0
2025-09-24,43.58,43.61,43.95,42.44,122475.2,534803.509,0.9897866545619608,,0.0
2025-09-25,43.51,44.25,44.66,43.16,119808.27,532666.023,0.9899328859060402,,0.0
2025-09-26,44.59,43.43,45.33,43.22,88719.32,392976.664,0.9897447584320874,,0.0
2025-09-29,43.22,42.21,43.22,41.82,127562.37,545196.668,0.9894514767932489,,0.0
2025-09-30,42.21,43.65,44.03,41.68,146573.68,636066.874,0.9897959183673468,,0.0
2025-10-09,43.1,42.86,43.62,42.25,135117.47,585395.511,0.989609789886862,,0.0
2025-10-10,42.92,43.69,44.53,42.85,143565.21,635703.055,0.9898051653828728,,0.0
2025-10-13,42.24,43.52,43.78,42.2,99459.0,433809.393,0.9897657493745736,,0.0
2025-10-14,44.22,41.39,44.32,41.16,117906.82,503851.549,0.989244741873805,,0.0
2025-10-15,41.39,40.8,41.75,40.55,94649.12,391712.198,0.989090909090909,,0.0
2025-10-16,40.8,39.53,40.94,39.05,104423.35,421541.586,0.988744372186093,,0.0
2025-10-17,39.45,38.3,39.73,38.03,116087.0,454232.537,0.9883870967741936,,0.0
2025-10-20,38.55,38.25,39.09,37.73,95449.21,371410.621,0.9883720930232558,,0.0
2025-10-21,38.32,39.56,39.92,38.27,106204.94,423786.259,0.9887528117970508,,0.0
2025-10-22,39.56,37.42,39.56,36.78,193314.75,737797.677,0.9881172432004224,,0.0
2025-10-23,37.35,37.67,38.28,37.11,137017.01,522030.764,0.9881951731374604,,0.0
2025-10-24,37.45,39.49,39.87,37.36,237213.72,936150.558,0.988733099649474,,0.0
2025-10-27,39.61,38.66,40.07,38.27,187557.83,734792.801,0.9884939913065712,,0.0
2025-10-28,38.48,39.38,39.67,38.36,135586.41,537291.262,0.9887019834295756,,0.0
2025-10-29,39.52,42.12,42.6,39.0,218205.33,908971.894,0.989429175475687,,0.0
2025-10-30,41.96,41.11,42.15,40.96,134877.17,565605.142,0.989172281039461,,0.0
2025-10-31,40.85,39.69,41.28,39.48,113729.17,460919.477,0.9887892376681614,,0.0
2025-11-03,39.64,41.87,42.14,39.6,180624.35,747315.981,0.9893667296786388,,0.0
2025-11-04,41.55,40.41,42.14,39.85,127203.53,524408.259,0.9889867841409692,,0.0
2025-11-05,40.01,39.82,40.75,39.05,87981.75,354314.764,0.9888254283585796,,0.0
2025-11-06,39.82,39.11,40.02,38.83,129700.83,514238.887,0.9886248736097067,,0.0
2025-11-07,39.08,38.4,39.21,38.4,70532.41,276033.758,0.9884169884169884,,0.0
2025-11-10,38.63,38.33,39.23,38.02,78517.12,306050.631,0.988396080453842,,0.0
2025-11-11,38.33,37.43,39.09,37.37,82803.52,316897.045,0.9881203801478352,,0.0
2025-11-12,37.67,37.83,38.15,36.75,93115.88,354198.492,0.988244514106583,,0.0
2025-11-13,37.67,39.48,40.22,37.55,143045.5,568257.389,0.9887302779864764,,0.0
2025-11-14,39.26,39.27,40.03,39.24,72396.71,289614.144,0.9886706948640482,,0.0
2025-11-17,39.71,38.98,40.64,38.8,113057.22,453519.99,0.9885873700228252,,0.0
2025-11-18,38.71,39.0,39.85,38.55,90911.25,358829.083,0.988593155893536,,0.0
2025-11-19,39.0,40.45,40.93,38.57,128488.15,524511.283,0.9889975550122247,,0.0
2025-11-20,40.66,37.84,41.2,37.55,189296.46,736604.337,0.9882475842256464,,0.0
2025-11-21,36.58,37.0,37.76,36.15,108802.0,408114.529,0.9879839786381842,,0.0
2025-11-24,37.82,37.78,38.23,36.63,97298.42,368901.899,0.988229139419304,,0.0
2025-11-25,37.57,38.01,38.52,36.67,162762.69,621688.687,0.9882995319812792,,0.0
2025-11-26,37.73,39.3,39.98,37.73,164724.19,654721.632,0.9886792452830188,,0.0
2025-11-27,40.0,38.85,40.45,38.68,145316.58,580236.066,0.9885496183206106,,0.0
2025-11-28,39.43,40.45,40.75,39.0,156360.08,629575.029,0.9889975550122247,,0.0
2025-12-01,40.66,39.45,41.19,39.27,142389.99,576750.174,0.988721804511278,,0.0
2025-12-02,39.33,38.41,39.44,38.15,101026.54,393377.377,0.9884199691199176,,0.0
2025-12-03,38.43,38.21,39.13,37.95,89246.85,348379.617,0.9883600620796688,,0.0
2025-12-04,38.39,41.53,42.08,37.43,301421.46,1229745.158,0.9892806098141972,,0.0
2025-12-05,42.04,41.79,42.49,41.03,190691.67,806893.105,0.9893465909090908,,0.0
2025-12-08,41.25,39.34,41.9,38.31,289628.4,1155520.775,0.9886906257853731,,0.0
2025-12-09,38.59,38.21,38.97,37.75,152812.04,591136.705,0.9883600620796688,,0.0
2025-12-10,38.1,38.51,39.14,37.55,129116.77,501911.816,0.9884496919917864,,0.0
2025-12-11,38.45,38.53,39.02,38.01,95798.61,373012.757,0.9884556182657772,,0.0
2025-12-12,38.45,38.39,39.38,38.09,133959.95,526019.079,0.9884140061791966,,0.0
2025-12-15,38.27,39.84,39.94,37.96,159286.41,635641.919,0.988830975428146,,0.0
2025-12-16,39.64,39.77,40.73,39.55,119224.9,484599.837,0.9888115365489806,,0.0
2025-12-17,39.68,40.59,40.93,39.4,113526.14,461714.181,0.9890350877192982,,0.0
2025-12-18,40.55,40.4,41.05,40.07,77823.48,318485.247,0.9889840881272948,,0.0
2025-12-19,40.38,42.12,42.65,40.35,142953.39,603297.917,0.989429175475687,,0.0
2025-12-22,42.22,41.13,42.95,40.22,216174.02,899236.315,0.9891774891774892,,0.0
2025-12-23,40.98,41.16,42.34,40.73,127784.1,536100.042,0.989185291997116,,0.0
2025-12-24,40.89,40.73,41.0,39.26,160142.63,649372.516,0.9890723652258376,,0.0
2025-12-25,40.49,42.61,43.13,39.36,230741.77,967492.289,0.9895494658615884,,0.0
2025-12-26,42.62,43.48,44.22,42.62,186815.26,823031.651,0.9897564306851808,,0.0
2025-12-29,43.35,44.61,45.73,43.06,224829.64,1007179.661,0.9900133155792276,,0.0
2025-12-30,44.46,44.04,45.45,43.48,184518.68,826741.722,0.989885367498314,,0.0
2025-12-31,44.6,47.35,48.19,44.59,323463.62,1544822.828,0.9905857740585774,,0.0
2026-01-05,47.35,45.4,47.35,44.85,241303.3,1113329.311,0.990185387131952,,0.0
2026-01-06,45.4,45.56,45.87,43.89,195421.6,884562.047,0.9902195174961964,,0.0
2026-01-07,45.34,45.2,45.4,44.05,180434.77,813516.779,0.9901423877327492,,0.0
2026-01-08,44.48,48.13,49.4,44.48,294329.41,1411848.01,0.9907369287772746,,0.0
2026-01-09,49.1,48.79,50.43,47.8,233703.33,1153641.419,0.9908610885458976,,0.0
2026-01-12,49.52,50.54,51.05,48.31,252546.59,1269025.938,0.9911747401451264,,0.0
2026-01-13,50.33,50.16,50.85,48.37,183847.78,920149.917,0.9911084765856548,,0.0
2026-01-14,50.26,50.25,52.55,49.55,192484.19,989354.517,0.9911242603550297,,0.0
2026-01-15,49.59,52.72,54.09,49.59,217908.82,1155431.542,0.9915365807786344,,0.0
2026-01-16,52.05,51.65,52.67,50.33,164765.35,852325.265,0.991362763915547,,0.0
2026-01-19,50.82,53.48,54.55,50.82,182029.26,979618.857,0.9916558501761542,,0.0
2026-01-20,53.65,52.25,54.03,51.73,137224.59,730378.885,0.99146110056926,,0.0
2026-01-21,52.05,51.67,53.03,51.43,100461.61,528735.531,0.9913660782808902,,0.0
2026-01-22,51.72,52.78,53.01,51.15,133450.42,700410.68,0.9915461206086792,,0.0
2026-01-23,52.65,52.85,53.15,51.66,93307.62,493434.909,0.9915572232645404,,0.0
2026-01-26,52.45,48.39,52.66,47.52,345955.58,1704485.865,0.9907862407862408,,0.0
2026-01-27,48.05,48.58,49.43,46.96,197348.25,960720.052,0.9908219457475016,,0.0
2026-01-28,49.98,49.68,50.54,48.06,140622.39,699589.337,0.9910233393177738,,0.0
2026-01-29,49.55,49.4,51.13,49.05,129055.78,652969.532,0.9909729187562688,,0.0
2026-01-30,49.3,48.76,50.88,48.15,134208.07,666076.98,0.9908555171713066,,0.0
2026-02-02,48.55,46.72,49.22,46.56,136704.8,657224.382,0.9904600381598472,,0.0
2026-02-03,47.51,48.18,48.24,46.85,86449.31,416195.765,0.9907464528069092,,0.0
2026-02-04,48.11,47.35,48.35,46.05,162585.58,766795.015,0.9905857740585774,,0.0
2026-02-05,47.38,47.87,48.53,46.77,110300.93,534715.503,0.9906870860927152,,0.0
2026-02-06,47.37,48.1,49.0,47.02,91791.78,446723.651,0.9907312049433572,,0.0
2026-02-09,48.27,47.97,48.7,47.45,86938.92,421217.478,0.990706319702602,,0.0
2026-02-10,48.13,49.77,50.07,47.38,144233.87,717320.553,0.9910394265232976,,0.0
2026-02-11,49.31,48.54,50.05,48.34,70303.64,348056.247,0.990814451928965,,0.0
2026-02-12,48.65,51.1,51.13,48.23,138020.71,691499.559,0.991270611057226,,0.0
2026-02-13,50.62,49.35,50.75,49.05,113548.28,569095.5,0.9909638554216866,,0.0
2026-02-24,49.55,48.38,50.87,47.9,191444.3,943389.488,0.9907843538808108,,0.0
2026-02-25,48.15,47.63,48.9,47.45,120711.12,582315.596,0.9906405990016638,,0.0
2026-02-26,47.57,46.58,48.13,46.34,163158.32,773750.313,0.9904316393791196,,0.0
2026-02-27,46.46,47.03,47.67,46.35,109097.3,516699.291,0.9905223251895534,,0.0
2026-03-02,48.05,48.08,49.04,46.35,241702.02,1169876.779,0.9907273851226044,,0.0
2026-03-03,47.8,46.24,47.83,46.23,128313.14,606190.509,0.9903619618762048,,0.0
2026-03-04,45.54,45.92,46.75,45.17,142479.05,660431.59,0.9902954496441664,,0.0
2026-03-05,46.27,46.58,47.53,46.27,115217.67,545953.909,0.9904316393791196,,0.0
2026-03-06,46.34,48.57,49.42,45.66,187757.25,913621.519,0.9908200734394124,,0.0
2026-03-09,49.05,47.22,49.15,46.14,146837.76,698225.515,0.9905601006922592,,0.0
2026-03-10,47.16,47.22,47.8,46.8,92631.24,440727.1,0.9905601006922592,,0.0
2026-03-11,47.24,46.71,48.09,46.36,85255.55,404567.714,0.9904580152671756,,0.0
2026-03-12,46.7,45.39,46.73,45.24,102218.1,471872.494,0.9901832460732984,,0.0
2026-03-13,45.26,44.53,46.13,44.38,81619.17,371174.627,0.9899955535793684,,0.0
2026-03-16,44.44,43.98,44.7,42.95,139935.0,617372.183,0.9898717083051992,,0.0
2026-03-17,43.98,43.17,44.45,43.15,81964.66,361522.972,0.9896836313617606,,0.0
2026-03-18,43.31,43.17,43.53,42.38,69642.14,301451.531,0.9896836313617606,,0.0
2026-03-19,42.76,40.36,42.79,40.15,147197.68,610576.39,0.9889732908600832,,0.0
2026-03-20,40.41,39.22,40.92,39.21,109530.96,441563.457,0.9886564154272748,,0.0
2026-03-23,38.59,36.56,38.78,36.15,162661.93,614829.309,0.9878411240205348,,0.0
2026-03-24,36.97,37.37,37.47,36.62,127428.37,477609.907,0.9881015335801164,,0.0
2026-03-25,37.79,38.45,38.65,37.55,115050.8,446270.301,0.9884318766066836,,0.0
2026-03-26,38.54,38.11,38.79,37.55,98968.08,382404.896,0.988329875518672,,0.0
2026-03-27,37.54,39.99,40.22,37.44,127703.08,510207.588,0.9888724035608308,,0.0
2026-03-30,39.55,39.4,40.33,39.21,96788.12,387632.58,0.98870765370138,,0.0
2026-03-31,39.35,38.71,39.93,38.55,70068.6,278584.38,0.988508682328907,,0.0
2026-04-01,39.41,39.17,39.64,38.8,63920.82,253127.594,0.9886420999495203,,0.0
2026-04-02,39.34,38.25,39.46,37.96,50183.77,196098.533,0.9883720930232558,,0.0
2026-04-03,38.23,37.11,38.47,36.78,61570.55,232509.573,0.9880191693290734,,0.0
2026-04-07,37.17,37.21,37.82,36.83,76985.91,290790.569,0.9880509824747742,,0.0
2026-04-08,37.7,38.58,38.74,37.65,102524.06,398105.898,0.9884704073789392,,0.0
2026-04-09,38.2,37.63,38.49,37.35,90302.25,345423.745,0.9881827731092436,,0.0
2026-04-10,37.82,38.3,38.79,37.82,122959.19,477300.158,0.9883870967741936,,0.0
2026-04-13,38.31,41.47,41.71,38.26,240012.53,988381.848,0.9892652671755724,,0.0
2026-04-14,41.89,42.25,42.51,41.21,147081.42,623932.293,0.9894613583138172,,0.0
2026-04-15,42.55,43.06,43.85,41.96,164234.31,717426.472,0.9896575499885084,,0.0
2026-04-16,43.06,41.97,43.3,41.46,141262.19,601738.833,0.9893917963224892,,0.0
2026-04-17,41.8,42.08,42.45,40.83,87179.19,369318.837,0.9894192334822478,,0.0
2026-04-20,41.97,41.68,42.71,41.25,135481.68,574763.62,0.9893187752195584,,0.0
2026-04-21,41.68,41.45,41.75,40.75,115332.38,481286.076,0.9892601431980906,,0.0
2026-04-22,41.55,40.55,41.55,40.23,126071.94,516809.282,0.9890243902439024,,0.0
2026-04-23,40.45,39.75,40.65,39.31,136284.29,550553.534,0.9888059701492536,,0.0
2026-04-24,38.94,38.68,39.55,38.26,161938.07,636383.37,0.9884998722208024,,0.0
2026-04-27,38.98,37.71,38.98,37.5,149805.68,574259.086,0.9882075471698112,,0.0
2026-04-28,37.65,36.0,37.84,35.559999999999995,186434.23,685514.903,0.9876543209876544,,0.0
2026-04-29,36.2,36.55,36.88,35.66,105996.81,385528.979,1.0,,0.0
2026-04-30,36.56,36.32,36.78,35.89,94260.24,341855.849,1.0,,0.0
2026-05-06,36.56,36.72,37.35,36.3,131258.51,480930.904,1.0,,0.0
2026-05-07,36.86,38.2,38.26,35.7,216102.62,807897.731,1.0,,0.0
2026-05-08,38.0,40.36,41.2,37.9,226552.48,898114.927,1.0,,0.0
2026-05-11,40.53,40.66,41.8,40.21,179729.55,734700.332,1.0,,0.0
2026-05-12,40.62,40.77,40.9,39.68,107316.42,431322.58,1.0,,0.0
2026-05-13,40.5,40.64,40.94,40.05,94475.22,383062.473,1.0,,0.0
2026-05-14,40.5,37.0,40.5,36.58,365969.34,1374611.338,1.0,,0.0
2026-05-15,37.42,36.39,37.49,35.9,147737.0,539136.544,1.0,,0.0
2026-05-18,36.4,37.36,38.13,35.9,150588.89,556052.053,1.0,,0.0
2026-05-19,37.21,37.7,38.0,36.8,93940.02,351545.392,1.0,,0.0
2026-05-20,37.25,37.47,39.59,37.16,129562.88,493111.573,1.0,,0.0
2026-05-21,38.0,36.0,38.37,35.9,130418.64,484150.667,1.0,,0.0
2026-05-22,36.25,36.26,37.0,35.84,87678.35,319094.85,1.0,,0.0
2026-05-25,36.3,35.83,36.9,35.56,90372.13,324393.905,1.0,,0.0
2026-05-26,35.53,35.04,35.68,34.16,155455.12,539883.473,1.0,,0.0
2026-05-27,35.0,33.83,35.09,33.71,140999.28,481230.243,1.0,,0.0
2026-05-28,33.73,33.6,34.42,33.12,86459.23,291024.278,1.0,,0.0
2026-05-29,33.6,32.05,33.67,31.89,130395.99,422665.59086,1.0,,0.0
2026-06-01,31.98,31.71,31.99,31.2,91969.3,291054.08806,1.0,,0.0
2026-06-02,31.83,31.7,31.96,30.77,94784.46,296999.85349,1.0,,0.0
2026-06-03,31.6,31.18,31.81,30.91,97831.65,306568.7964,1.0,,0.0
2026-06-04,31.2,31.33,31.86,31.0,84049.08,264660.646,1.0,,0.0
2026-06-05,31.32,31.68,32.57,30.49,123143.37,389379.39,1.0,,0.0
2026-06-08,31.05,30.42,31.35,30.1,100205.0,307634.23885,1.0,,0.0
2026-06-09,30.66,30.67,30.86,30.0,93717.17,285020.2326,1.0,,0.0
2026-06-10,30.37,30.1,30.63,29.71,81573.95,245810.30874,1.0,,0.0
2026-06-11,29.99,29.63,30.28,29.0,70344.74,208213.971,1.0,,0.0
2026-06-12,29.98,30.24,30.79,29.68,97156.06,295055.6965,1.0,,0.0
2026-06-15,30.33,30.7,31.0,30.33,87790.23,269519.34854,1.0,,0.0
2026-06-16,30.72,30.53,30.85,29.79,101814.89,308126.97326,1.0,,0.0
2026-06-17,30.32,30.13,31.32,29.86,96123.19,292397.53002,1.0,,0.0
2026-06-18,30.08,29.88,30.6,29.43,97609.18,293454.935,1.0,,0.0
2026-06-22,29.78,30.21,30.27,28.29,131651.29,384710.21637,1.0,,0.0
2026-06-24,29.1,28.18,29.29,28.05,147789.36,419834.27236,1.0,,0.0
2026-06-25,28.2,27.6,28.25,27.34,118084.61,326810.62765,1.0,,0.0
2026-06-26,27.6,27.5,28.2,26.39,157472.56,427099.59891,1.0,,0.0
2026-06-29,27.2,27.4,27.57,26.23,102487.5,277008.246,1.0,,0.0
2026-06-30,27.76,29.29,30.08,27.05,227291.51,653027.80025,1.0,,0.0
2026-07-01,29.38,30.29,30.55,29.05,181589.39,542980.17376,1.0,,0.0
2026-07-03,30.18,31.03,31.77,30.17,150208.51,465540.4806,1.0,,0.0
2026-07-06,30.91,30.39,30.95,29.42,114328.0,344401.7095,1.0,,0.0
2026-07-07,30.26,29.28,30.86,29.18,75171.14,223300.61118,1.0,,0.0
2026-07-08,29.2,28.6,29.21,28.31,85307.06,244778.32389,1.0,,0.0
2026-07-09,28.58,28.34,28.58,27.76,72677.05,204795.086,1.0,,0.0
2026-07-10,28.38,28.61,29.79,27.9,97741.02,282300.15678,1.0,,0.0
2026-07-14,27.5,27.04,27.7,26.53,95432.0,257811.63281,1.0,,0.0
2026-07-15,27.6,26.75,27.68,26.72,89359.7,242720.23255,1.0,,0.0
2026-07-16,26.6,26.71,27.29,26.41,78235.8,210189.9594,1.0,,0.0
2026-07-17,26.6,25.7,26.94,25.6,111227.19,291396.8021,1.0,,0.0
2026-07-20,25.89,25.43,26.68,24.96,172456.78,442717.00522,1.0,,0.0
2026-07-21,25.43,26.38,26.42,25.42,130988.65,343259.69732,1.0,,0.0
2026-07-22,26.3,25.85,26.7,25.76,92688.79,242535.47839,1.0,,0.0
2026-07-23,25.86,26.3,26.46,25.6,79614.5,207844.53,1.0,,0.0
2026-07-24,26.1,26.06,27.04,25.95,81673.0,215275.09336,1.0,,0.0
2026-07-27,26.05,27.15,27.36,25.82,138302.15,370333.59939,1.0,,0.0
2026-07-28,26.86,26.57,27.04,26.23,77314.72,205299.41462,1.0,,0.0
2026-07-29,26.68,27.84,27.94,26.59,121283.0,333771.79328,1.0,,0.0
2026-07-30,27.7,27.93,28.5,27.68,99757.03,280227.9239,1.0,,0.0
2026-07-31,28.2,28.04,28.63,27.76,82338.32,231393.45333,1.0,,0.0
2026-08-03,28.04,28.76,28.99,27.85,87103.28,249912.47959,1.0,,0.0
2026-08-04,28.8,28.29,28.85,27.81,76053.01,215218.40094,1.0,,0.0
2026-08-05,28.47,28.53,28.82,28.11,64464.34,183609.29175,1.0,,0.0
2026-08-06,28.52,27.86,28.61,27.62,91139.02,255408.49878,1.0,,0.0
2026-08-07,28.28,28.18,28.92,27.82,108545.65,306418.89044,1.0,,0.0
2026-08-10,28.1,28.81,29.73,27.97,154483.45,447065.39385,1.0,,0.0
2026-08-11,28.9,28.17,29.09,28.16,83156.76,236854.64016,1.0,,0.0
2026-08-12,27.99,29.48,29.8,27.79,144559.0,422871.7496,1.0,2.1687,0.0
2026-08-13,29.56,28.8,29.7,28.8,87986.0,256485.661,1.0,1.32,0.0
2026-08-14,28.82,28.42,29.1,28.41,58687.0,168026.901,1.0,0.88,0.0
2026-08-17,28.51,30.8,31.15,28.25,193741.17,586641.25985,1.0,0.0,0.0
2026-08-18,30.83,30.49,30.94,30.26,80938.0,246985.2,1.0,0.0,0.0
2026-08-19,30.12,29.03,30.49,28.96,111715.97,330354.9665,1.0,0.0,0.0
2026-08-20,29.34,29.85,29.98,29.05,86015.0,253939.673,1.0,1.1319,1.2904
2026-08-21,29.82,29.79,29.9,29.2,64654.21,191233.33219,1.0,0.8508,0.97
2026-08-24,29.82,29.32,30.09,29.12,66060.0,195094.35823,1.0,0.8693,0.9911
2026-08-25,29.0,29.2,29.79,28.71,71714.37,210026.85756,1.0,0.9438,1.0759
2026-08-26,29.2,29.5,29.8,29.01,52227.0,154005.976,1.0,0.6873,0.7835
2026-08-27,29.5,29.79,29.9,29.05,59994.42,176941.9836,1.0,0.7895,0.9001
2026-08-28,29.62,30.46,30.81,29.59,90260.45,273146.95505,1.0,1.1878,1.3541
2026-08-31,30.39,30.77,30.84,29.85,83202.58,252306.4915,1.0,1.0949,1.2482
2026-09-01,30.74,30.64,31.1,30.14,74022.03,226606.92193,1.0,0.9741,1.1105
2026-09-02,30.47,30.8,31.43,30.07,105694.98,326462.0525,1.0,1.3909,1.5857
2026-09-03,30.63,30.24,30.77,30.01,81841.09,247690.77697,1.0,1.077,1.2278
2026-09-04,30.24,30.94,31.09,30.2,92946.15,286734.39838,1.0,1.2232,1.3944
2026-09-07,30.76,30.17,31.17,30.13,87693.0,266147.41751,1.0,1.154,1.3156
2026-09-08,30.12,30.37,30.66,30.0,59474.57,180286.39611,1.0,0.7827,0.8923
2026-09-09,30.35,30.65,30.92,29.9,101470.26,308808.17716,1.0,1.3353,1.5223
2026-09-10,30.25,29.86,30.55,29.83,73159.4,219831.28617,1.0,0.9628,1.0976
2026-09-11,29.6,29.06,29.7,28.4,82409.36,238549.17263,1.0,1.0845,1.2363
2026-09-14,28.86,28.47,29.05,28.36,58769.84,168092.9904,1.0,0.7734,0.8817
2026-09-15,28.46,27.75,28.65,27.74,67426.74,189284.20474,1.0,0.8873,1.0116
2026-09-16,27.7,27.65,27.97,27.35,49731.64,137101.8634,1.0,0.6545,0.7461
2026-09-17,27.61,27.5,28.25,27.41,38669.04,107329.98468,1.0,0.5089,0.5801
2026-09-18,27.58,28.11,28.4,27.58,59303.65,166296.2152,1.0,0.7804,0.8897
2026-09-21,28.28,28.83,29.26,28.1,76694.67,220782.04908,1.0,1.0093,1.1506
2026-09-22,28.83,28.48,29.19,28.45,44768.26,129024.82592,1.0,0.5891,0.6716
