date,open,close,high,low,volume,money,factor,turnover,turnover_free
2021-05-10,4.5280000000000005,4.498,4.5680000000000005,4.418,210910.77,98307.747,0.963169164882227,,0.0
2021-05-11,4.518000000000001,4.628,4.728000000000001,4.508,351690.7,168576.113,0.9641666666666668,,0.0
2021-05-12,4.578,4.578,4.648000000000001,4.538,176652.4,84192.248,0.9637894736842106,,0.0
2021-05-13,4.548,4.518000000000001,4.728000000000001,4.498,275595.13,132483.184,0.9633262260127932,,0.0
2021-05-14,4.518000000000001,4.448,4.5280000000000005,4.368,185938.81,85280.427,0.9627705627705628,,0.0
2021-05-17,4.478000000000001,4.378,4.6080000000000005,4.3580000000000005,164622.0,76210.772,0.9621978021978024,,0.0
2021-05-18,4.338,4.298,4.388,4.258,102207.14,45714.904,0.9615212527964206,,0.0
2021-05-19,4.258,4.238,4.288,4.208,68430.0,30195.664,0.960997732426304,,0.0
2021-05-20,4.228000000000001,4.188000000000001,4.238,4.168,71631.97,31276.049,0.9605504587155964,,0.0
2021-05-21,4.158,4.218,4.258,4.148000000000001,68276.01,30013.804,0.9608200455580866,,0.0
2021-05-24,4.198,4.258,4.2780000000000005,4.198,63010.71,27839.268,0.96117381489842,,0.0
2021-05-25,4.258,4.228000000000001,4.2780000000000005,4.188000000000001,63426.8,27852.524,0.9609090909090908,,0.0
2021-05-26,4.238,4.228000000000001,4.248,4.198,51900.03,22819.738,0.9609090909090908,,0.0
2021-05-27,4.228000000000001,4.228000000000001,4.248,4.198,61533.33,27027.55,0.9609090909090908,,0.0
2021-05-28,4.218,4.168,4.218,4.158,66069.29,28796.802,0.9603686635944702,,0.0
2021-05-31,4.178,4.198,4.198,4.098,70997.7,30613.282,0.9606407322654464,,0.0
2021-06-01,4.198,4.468,4.518000000000001,4.168,203332.29,92075.557,0.9629310344827586,,0.0
2021-06-02,4.468,4.498,4.5680000000000005,4.408,153333.09,71616.193,0.963169164882227,,0.0
2021-06-03,4.508,4.468,4.588,4.428,109067.19,50921.986,0.9629310344827586,,0.0
2021-06-04,4.428,4.458,4.5280000000000005,4.378,86565.2,40058.837,0.9628509719222464,,0.0
2021-06-07,4.478000000000001,4.518000000000001,4.558000000000001,4.448,86950.29,40641.303,0.9633262260127932,,0.0
2021-06-08,4.6080000000000005,4.598,4.708,4.548,151752.89,72838.114,0.9639412997903564,,0.0
2021-06-09,4.6080000000000005,4.558000000000001,4.628,4.488,84628.03,39926.089,0.9636363636363636,,0.0
2021-06-10,4.5280000000000005,4.508,4.548,4.478000000000001,59757.05,27986.391,0.9632478632478632,,0.0
2021-06-11,4.548,4.478000000000001,4.548,4.458,61398.0,28689.112,0.9630107526881722,,0.0
2021-06-15,4.428,4.448,4.508,4.408,65372.45,30274.219,0.9627705627705628,,0.0
2021-06-16,4.498,4.418,4.6080000000000005,4.408,79326.2,37018.56,0.9625272331154684,,0.0
2021-06-17,4.418,4.488,4.538,4.408,64995.68,30171.084,0.9630901287553648,,0.0
2021-06-18,4.498,4.538,4.5680000000000005,4.438000000000001,71984.64,33695.366,0.9634819532908704,,0.0
2021-06-21,4.518000000000001,4.538,4.578,4.498,72056.59,33920.528,0.9634819532908704,,0.0
2021-06-22,4.5680000000000005,4.628,4.648000000000001,4.498,124856.2,59514.988,0.9641666666666668,,0.0
2021-06-23,4.628,4.5280000000000005,4.648000000000001,4.468,107085.12,50448.271,0.963404255319149,,0.0
2021-06-24,4.498,4.578,4.588,4.438000000000001,90909.88,42726.751,0.9637894736842106,,0.0
2021-06-25,4.588,4.548,4.618,4.508,79058.39,37395.185,0.9635593220338984,,0.0
2021-06-28,4.588,4.488,4.598,4.448,84517.86,39509.492,0.9630901287553648,,0.0
2021-06-29,4.508,4.388,4.518000000000001,4.3580000000000005,75197.52,34554.539,0.962280701754386,,0.0
2021-06-30,4.388,4.458,4.468,4.338,53027.8,24202.032,0.9628509719222464,,0.0
2021-07-01,4.458,4.498,4.578,4.388,103882.98,48802.055,0.963169164882227,,0.0
2021-07-02,4.468,4.448,4.518000000000001,4.408,63791.0,29520.318,0.9627705627705628,,0.0
2021-07-05,4.448,4.378,4.478000000000001,4.328,64213.2,29231.51,0.9621978021978024,,0.0
2021-07-06,4.378,4.378,4.418,4.348,49920.22,22728.47,0.9621978021978024,,0.0
2021-07-07,4.338,4.368,4.448,4.338,48694.8,22160.841,0.962114537444934,,0.0
2021-07-08,4.368,4.328,4.378,4.308000000000001,65260.09,29428.835,0.9617777777777778,,0.0
2021-07-09,4.328,4.538,4.6080000000000005,4.258,173238.53,80274.902,0.9634819532908704,,0.0
2021-07-12,4.558000000000001,4.548,4.588,4.508,83850.47,39534.717,0.9635593220338984,,0.0
2021-07-13,4.598,4.658,4.758,4.578,181692.87,87657.211,0.9643892339544514,,0.0
2021-07-14,4.658,4.628,4.688000000000001,4.578,99336.9,47778.977,0.9641666666666668,,0.0
2021-07-15,4.628,4.668,4.688000000000001,4.538,128344.8,61570.74,0.9644628099173554,,0.0
2021-07-16,4.668,4.668,4.798,4.648000000000001,121344.52,59247.092,0.9644628099173554,,0.0
2021-07-19,4.678,4.808000000000001,4.848,4.648000000000001,220196.8,109178.372,0.9654618473895584,,0.0
2021-07-20,4.788,4.798,4.888,4.758,120034.7,59919.132,0.9653923541247486,,0.0
2021-07-21,4.788,4.768000000000001,4.8180000000000005,4.738,97955.72,48362.427,0.965182186234818,,0.0
2021-07-22,4.768000000000001,4.798,4.848,4.718,120008.48,59418.588,0.9653923541247486,,0.0
2021-07-23,4.808000000000001,4.808000000000001,4.898000000000001,4.758,123169.74,61526.924,0.9654618473895584,,0.0
2021-07-26,4.848,4.718,4.8580000000000005,4.668,135937.4,66847.817,0.9648261758691208,,0.0
2021-07-27,4.738,4.848,5.088,4.718,436742.93,222114.109,0.9657370517928288,,0.0
2021-07-28,4.848,4.538,4.898000000000001,4.468,285179.99,136918.311,0.9634819532908704,,0.0
2021-07-29,4.6080000000000005,4.7780000000000005,4.8580000000000005,4.578,257163.47,126022.519,0.9652525252525254,,0.0
2021-07-30,4.748,4.838,4.898000000000001,4.738,189949.54,94881.475,0.9656686626746508,,0.0
2021-08-02,4.878,4.978000000000001,5.0280000000000005,4.8180000000000005,273877.86,140680.636,0.9666019417475727,,0.0
2021-08-03,4.978000000000001,4.928,5.008,4.888,184360.46,94119.847,0.9662745098039216,,0.0
2021-08-04,4.928,4.948,4.988,4.888,177437.95,90652.011,0.96640625,,0.0
2021-08-05,4.958,4.958,4.978000000000001,4.8580000000000005,167330.22,85164.654,0.9664717348927876,,0.0
2021-08-06,4.998,4.968,5.008,4.888,106280.05,54232.417,0.9665369649805448,,0.0
2021-08-09,4.968,4.868,4.968,4.8180000000000005,181903.14,91846.423,0.965873015873016,,0.0
2021-08-10,4.868,4.878,4.968,4.828,233330.21,118160.31,0.965940594059406,,0.0
2021-08-11,4.898000000000001,4.968,4.978000000000001,4.798,220292.49,111490.973,0.9665369649805448,,0.0
2021-08-12,4.988,5.168,5.478000000000001,4.988,1189839.87,654558.078,0.9677902621722848,,0.0
2021-08-13,4.978000000000001,5.478000000000001,5.638,4.8580000000000005,1171991.99,632964.676,0.969557522123894,,0.0
2021-08-16,5.498,5.458,5.708,5.418,747450.11,426909.283,0.969449378330373,,0.0
2021-08-17,5.468,5.228000000000001,5.518000000000001,5.128,477665.42,263253.002,0.9681481481481482,,0.0
2021-08-18,5.188000000000001,5.768000000000001,5.768000000000001,5.138,909084.22,519767.954,0.971043771043771,,0.0
2021-08-19,5.808000000000001,5.648000000000001,5.8180000000000005,5.598,705508.9,413408.56,0.9704467353951892,,0.0
2021-08-20,5.598,5.718,5.758,5.558000000000001,562390.25,328063.543,0.9707979626485568,,0.0
2021-08-23,5.788,5.878,5.968,5.618,796813.58,478218.089,0.9715702479338844,,0.0
2021-08-24,5.798,5.758,5.868,5.638,495573.2,292864.65,0.9709949409780776,,0.0
2021-08-25,5.758,5.718,5.7780000000000005,5.6080000000000005,376290.53,219721.804,0.9707979626485568,,0.0
2021-08-26,5.698,5.888,5.938000000000001,5.638,589134.96,355086.861,0.9716171617161716,,0.0
2021-08-27,5.898000000000001,5.748,5.898000000000001,5.708,380140.21,226372.943,0.970945945945946,,0.0
2021-08-30,5.688000000000001,5.638,5.798,5.5680000000000005,380208.09,222828.27,0.97039586919105,,0.0
2021-08-31,5.6080000000000005,5.828,5.948,5.598,606785.74,365597.344,0.9713333333333334,,0.0
2021-09-01,6.2780000000000005,6.428,6.428,6.128,297884.53,194698.116,0.973939393939394,,0.0
2021-09-02,6.958,6.488,6.958,6.148000000000001,1389022.73,925657.649,0.9741741741741742,,0.0
2021-09-03,6.418,6.668,7.138,6.408,1072934.98,739500.046,0.9748538011695906,,0.0
2021-09-06,6.548,6.3580000000000005,6.708,6.138,765114.78,501256.347,0.9736600306278714,,0.0
2021-09-07,6.328,6.428,6.478000000000001,6.218,438702.24,286175.702,0.973939393939394,,0.0
2021-09-08,6.348,6.468,6.688000000000001,6.188000000000001,493738.29,327255.565,0.9740963855421688,,0.0
2021-09-09,6.428,6.718,6.758,6.338,562780.98,379729.771,0.9750362844702468,,0.0
2021-09-10,6.718,6.488,6.928,6.458,507954.75,344585.609,0.9741741741741742,,0.0
2021-09-13,6.438000000000001,6.658,6.708,6.288,430554.52,289129.402,0.9748169838945828,,0.0
2021-09-14,6.588,6.398000000000001,6.658,6.348,376125.81,250143.313,0.973820395738204,,0.0
2021-09-15,6.328,6.408,6.448,6.298,268127.56,175210.615,0.9738601823708208,,0.0
2021-09-16,6.408,6.258,6.5680000000000005,6.228000000000001,330829.43,217092.22,0.9732503888024884,,0.0
2021-09-17,6.228000000000001,6.348,6.388,6.208,258085.06,167304.706,0.9736196319018404,,0.0
2021-09-22,6.158,5.938000000000001,6.158,5.808000000000001,481938.88,296344.465,0.971849427168576,,0.0
2021-09-23,6.058000000000001,6.008,6.378,5.968,378503.22,238460.816,0.972168284789644,,0.0
2021-09-24,5.948,5.668,6.038,5.668,374873.92,223767.472,0.9705479452054796,,0.0
2021-09-27,5.678,5.468,5.738,5.398000000000001,329868.64,187552.068,0.9695035460992908,,0.0
2021-09-28,5.458,5.458,5.508,5.328,252013.21,140600.944,0.969449378330373,,0.0
2021-09-29,5.398000000000001,5.268000000000001,5.468,5.248,209589.04,115526.991,0.9683823529411764,,0.0
2021-09-30,5.268000000000001,5.388,5.438000000000001,5.228000000000001,168010.66,92656.246,0.969064748201439,,0.0
2021-10-08,5.468,5.478000000000001,5.508,5.368,168115.14,94369.839,0.969557522123894,,0.0
2021-10-11,5.3580000000000005,5.488,5.588,5.348,185054.77,105040.38,0.9696113074204948,,0.0
2021-10-12,5.488,5.438000000000001,5.5280000000000005,5.328,158256.22,88393.068,0.9693404634581104,,0.0
2021-10-13,5.448,5.498,5.548,5.3580000000000005,138671.71,78305.916,0.9696649029982364,,0.0
2021-10-14,5.468,5.698,5.788,5.448,295572.57,173305.488,0.9706984667802384,,0.0
2021-10-15,5.698,5.618,5.8180000000000005,5.598,166161.65,97197.492,0.970293609671848,,0.0
2021-10-18,5.618,5.618,5.688000000000001,5.558000000000001,126303.89,73097.83,0.970293609671848,,0.0
2021-10-19,5.618,5.618,5.678,5.558000000000001,135569.0,78474.011,0.970293609671848,,0.0
2021-10-20,5.628,5.5280000000000005,5.628,5.478000000000001,141821.59,80925.538,0.9698245614035088,,0.0
2021-10-21,5.5680000000000005,5.408,5.5680000000000005,5.368,169055.06,94916.292,0.9691756272401434,,0.0
2021-10-22,5.448,5.2780000000000005,5.458,5.228000000000001,181212.76,99640.917,0.9684403669724772,,0.0
2021-10-25,5.2780000000000005,5.268000000000001,5.3180000000000005,5.148000000000001,118470.18,64269.942,0.9683823529411764,,0.0
2021-10-26,5.2780000000000005,5.288,5.368,5.248,121501.19,66559.34,0.9684981684981684,,0.0
2021-10-27,5.298,5.178,5.3180000000000005,5.098,138326.36,73863.606,0.9678504672897196,,0.0
2021-10-28,5.148000000000001,5.058000000000001,5.258,5.048,124103.38,65697.21,0.967112810707457,,0.0
2021-10-29,5.0680000000000005,5.248,5.2780000000000005,5.0680000000000005,152543.99,82132.002,0.9682656826568268,,0.0
2021-11-01,5.188000000000001,5.208,5.2780000000000005,5.118,137982.54,74020.785,0.9680297397769516,,0.0
2021-11-02,5.198,5.258,5.328,5.188000000000001,213269.78,115855.437,0.9683241252302026,,0.0
2021-11-03,5.218,5.238,5.3180000000000005,5.168,138975.53,75149.77,0.9682070240295748,,0.0
2021-11-04,5.218,5.398000000000001,5.418,5.208,200147.46,110386.071,0.969120287253142,,0.0
2021-11-05,5.408,5.3180000000000005,5.428,5.308000000000001,182374.3,101012.245,0.9686703096539164,,0.0
2021-11-08,5.328,5.238,5.378,5.228000000000001,114745.03,62324.827,0.9682070240295748,,0.0
2021-11-09,5.248,5.3180000000000005,5.3580000000000005,5.228000000000001,160504.28,87896.889,0.9686703096539164,,0.0
2021-11-10,5.3180000000000005,5.288,5.3580000000000005,5.198,143216.3,77799.981,0.9684981684981684,,0.0
2021-11-11,5.2780000000000005,5.348,5.428,5.268000000000001,154246.87,85012.693,0.968840579710145,,0.0
2021-11-12,5.378,5.298,5.378,5.208,165358.45,90057.036,0.9685557586837296,,0.0
2021-11-15,5.258,5.248,5.3180000000000005,5.218,202895.76,110282.632,0.9682656826568268,,0.0
2021-11-16,5.228000000000001,5.088,5.308000000000001,5.078,219540.6,117539.728,0.9673003802281368,,0.0
2021-11-17,5.048,5.188000000000001,5.198,5.038,161534.24,85877.977,0.967910447761194,,0.0
2021-11-18,5.208,5.1080000000000005,5.298,5.1080000000000005,171477.05,91793.448,0.9674242424242424,,0.0
2021-11-19,5.178,5.638,5.638,5.158,718018.91,406973.129,0.97039586919105,,0.0
2021-11-22,5.658,5.758,5.798,5.598,819958.4,481372.17,0.9709949409780776,,0.0
2021-11-23,5.708,5.668,5.768000000000001,5.598,405746.34,236421.543,0.9705479452054796,,0.0
2021-11-24,5.628,5.848,5.908,5.578,561945.24,333335.489,0.9714285714285716,,0.0
2021-11-25,5.808000000000001,5.828,5.8580000000000005,5.638,442393.86,261634.552,0.9713333333333334,,0.0
2021-11-26,5.738,5.908,6.078,5.698,540445.39,329822.896,0.9717105263157896,,0.0
2021-11-29,5.7780000000000005,5.848,5.898000000000001,5.728000000000001,319138.24,191083.099,0.9714285714285716,,0.0
2021-11-30,5.8180000000000005,5.998,6.048,5.8180000000000005,589703.93,362054.873,0.9721231766612642,,0.0
2021-12-01,5.958,5.998,6.128,5.938000000000001,604932.99,376208.729,0.9721231766612642,,0.0
2021-12-02,6.0280000000000005,6.0680000000000005,6.148000000000001,5.958,573256.99,357383.813,0.9724358974358976,,0.0
2021-12-03,6.088,5.958,6.088,5.8180000000000005,360961.68,220631.062,0.9719412724306687,,0.0
2021-12-06,5.958,5.848,6.0280000000000005,5.828,333572.11,202975.873,0.9714285714285716,,0.0
2021-12-07,5.878,5.758,5.898000000000001,5.668,307247.79,181957.707,0.9709949409780776,,0.0
2021-12-08,5.788,5.8180000000000005,5.8580000000000005,5.738,195092.59,116562.989,0.9712854757929884,,0.0
2021-12-09,5.788,5.808000000000001,5.8180000000000005,5.708,198479.55,117660.383,0.97123745819398,,0.0
2021-12-10,5.788,5.798,6.008,5.768000000000001,270226.81,163368.496,0.9711892797319932,,0.0
2021-12-13,5.798,5.758,5.878,5.718,229569.04,136586.244,0.9709949409780776,,0.0
2021-12-14,5.738,5.648000000000001,5.7780000000000005,5.6080000000000005,263707.92,153985.354,0.9704467353951892,,0.0
2021-12-15,5.628,5.678,5.738,5.6080000000000005,239349.55,140350.495,0.9705982905982906,,0.0
2021-12-16,5.708,5.688000000000001,5.718,5.638,196235.64,114686.111,0.9706484641638226,,0.0
2021-12-17,5.668,5.448,5.708,5.448,348157.16,199339.77,0.9693950177935944,,0.0
2021-12-20,5.478000000000001,5.488,5.668,5.468,241346.87,138241.407,0.9696113074204948,,0.0
2021-12-21,5.488,5.658,5.658,5.438000000000001,235479.0,135284.561,0.9704974271012008,,0.0
2021-12-22,5.648000000000001,5.5680000000000005,5.718,5.538,210766.86,121263.819,0.970034843205575,,0.0
2021-12-23,5.588,5.548,5.618,5.458,163248.82,93134.752,0.96993006993007,,0.0
2021-12-24,5.5280000000000005,5.338,5.548,5.308000000000001,238588.95,132544.594,0.9687840290381126,,0.0
2021-12-27,5.298,5.3180000000000005,5.378,5.2780000000000005,114776.13,63030.306,0.9686703096539164,,0.0
2021-12-28,5.3180000000000005,5.388,5.398000000000001,5.248,165613.15,91292.369,0.969064748201439,,0.0
2021-12-29,5.388,5.338,5.408,5.328,137735.82,76177.048,0.9687840290381126,,0.0
2021-12-30,5.3180000000000005,5.368,5.418,5.308000000000001,134552.28,74613.904,0.9689530685920578,,0.0
2021-12-31,5.378,5.408,5.448,5.368,119572.26,66817.959,0.9691756272401434,,0.0
2022-01-04,5.408,5.468,5.488,5.368,188433.34,105875.121,0.9695035460992908,,0.0
2022-01-05,5.468,5.388,5.478000000000001,5.348,166958.34,93063.623,0.969064748201439,,0.0
2022-01-06,5.368,5.418,5.458,5.3580000000000005,129057.0,72237.323,0.9692307692307692,,0.0
2022-01-07,5.428,5.3580000000000005,5.498,5.348,165291.54,92421.9,0.9688969258589512,,0.0
2022-01-10,5.328,5.408,5.428,5.288,105480.16,58520.109,0.9691756272401434,,0.0
2022-01-11,5.408,5.468,5.548,5.408,204432.0,115905.551,0.9695035460992908,,0.0
2022-01-12,5.508,5.5280000000000005,5.538,5.458,134921.11,76618.439,0.9698245614035088,,0.0
2022-01-13,5.5680000000000005,5.448,5.578,5.448,116633.24,66151.442,0.9693950177935944,,0.0
2022-01-14,5.428,5.248,5.458,5.218,199800.53,109763.298,0.9682656826568268,,0.0
2022-01-17,5.228000000000001,5.438000000000001,5.458,5.198,189300.73,104997.177,0.9693404634581104,,0.0
2022-01-18,5.438000000000001,5.418,5.478000000000001,5.3580000000000005,118023.24,65853.725,0.9692307692307692,,0.0
2022-01-19,5.398000000000001,5.3580000000000005,5.428,5.328,77752.4,43171.778,0.9688969258589512,,0.0
2022-01-20,5.328,5.168,5.378,5.158,140577.54,76049.643,0.9677902621722848,,0.0
2022-01-21,5.158,5.078,5.188000000000001,5.058000000000001,105830.92,56001.539,0.9672380952380952,,0.0
2022-01-24,5.0680000000000005,4.958,5.0680000000000005,4.938000000000001,140674.75,72538.386,0.9664717348927876,,0.0
2022-01-25,4.948,4.748,5.048,4.738,291565.67,147440.98,0.965040650406504,,0.0
2022-01-26,4.798,5.0680000000000005,5.118,4.788,312044.18,162231.083,0.967175572519084,,0.0
2022-01-27,5.0680000000000005,4.968,5.098,4.948,149085.73,77443.597,0.9665369649805448,,0.0
2022-01-28,5.038,4.968,5.048,4.928,108989.84,56226.443,0.9665369649805448,,0.0
2022-02-07,5.058000000000001,5.078,5.098,4.998,87733.93,45963.317,0.9672380952380952,,0.0
2022-02-08,5.098,5.168,5.168,5.038,129989.77,68523.605,0.9677902621722848,,0.0
2022-02-09,5.138,5.138,5.168,5.1080000000000005,94157.35,49976.711,0.967608286252354,,0.0
2022-02-10,5.188000000000001,5.128,5.208,5.098,111668.22,59288.743,0.9675471698113208,,0.0
2022-02-11,5.1080000000000005,5.018000000000001,5.128,5.008,94766.82,49491.366,0.966859344894027,,0.0
2022-02-14,4.988,4.978000000000001,5.048,4.958,80295.85,41455.018,0.9666019417475727,,0.0
2022-02-15,4.988,4.998,5.0280000000000005,4.938000000000001,66032.04,34009.762,0.9667311411992264,,0.0
2022-02-16,5.018000000000001,5.038,5.078,4.988,75614.0,39300.053,0.9669865642994242,,0.0
2022-02-17,5.008,4.988,5.0280000000000005,4.968,81663.22,42214.526,0.9666666666666668,,0.0
2022-02-18,4.968,5.0280000000000005,5.038,4.948,86839.85,44853.353,0.966923076923077,,0.0
2022-02-21,5.0280000000000005,5.1080000000000005,5.128,4.998,150977.89,79316.625,0.9674242424242424,,0.0
2022-02-22,5.1080000000000005,5.038,5.168,5.008,138316.83,72532.724,0.9669865642994242,,0.0
2022-02-23,5.048,5.098,5.118,5.038,95946.39,50478.474,0.9673624288425048,,0.0
2022-02-24,5.078,4.918,5.128,4.828,222251.19,113933.522,0.9662082514734774,,0.0
2022-02-25,4.948,4.958,5.048,4.928,143895.57,74107.421,0.9664717348927876,,0.0
2022-02-28,4.998,4.928,4.998,4.888,94055.16,47881.811,0.9662745098039216,,0.0
2022-03-01,4.968,5.038,5.038,4.938000000000001,128880.41,66515.425,0.9669865642994242,,0.0
2022-03-02,5.038,5.088,5.1080000000000005,5.008,115030.55,60332.983,0.9673003802281368,,0.0
2022-03-03,5.168,5.0680000000000005,5.168,5.048,80903.8,42510.875,0.967175572519084,,0.0
2022-03-04,5.038,4.978000000000001,5.0680000000000005,4.958,86805.91,44851.814,0.9666019417475727,,0.0
2022-03-07,4.938000000000001,4.938000000000001,5.038,4.908,118107.42,60858.739,0.9663405088062624,,0.0
2022-03-08,4.918,4.808000000000001,4.958,4.758,137660.64,69082.91,0.9654618473895584,,0.0
2022-03-09,4.8580000000000005,4.638,4.868,4.438000000000001,154902.32,74893.269,0.9642411642411644,,0.0
2022-03-10,4.728000000000001,4.688000000000001,4.768000000000001,4.658,109089.6,53258.872,0.9646090534979423,,0.0
2022-03-11,4.638,4.738,4.748,4.498,114685.64,54969.91,0.9649694501018332,,0.0
2022-03-14,4.728000000000001,4.598,4.748,4.588,100331.58,48606.215,0.9639412997903564,,0.0
2022-03-15,4.6080000000000005,4.218,4.638,4.208,227501.26,104357.555,0.9608200455580866,,0.0
2022-03-16,4.3180000000000005,4.368,4.378,4.118,165181.76,73667.083,0.962114537444934,,0.0
2022-03-17,4.428,4.508,4.5680000000000005,4.408,168018.53,78723.096,0.9632478632478632,,0.0
2022-03-18,4.5280000000000005,4.518000000000001,4.5680000000000005,4.488,94046.15,44182.659,0.9633262260127932,,0.0
2022-03-21,4.5280000000000005,4.5680000000000005,4.6080000000000005,4.498,104917.0,49564.254,0.9637130801687764,,0.0
2022-03-22,4.5280000000000005,4.5280000000000005,4.5680000000000005,4.458,136132.05,63644.051,0.963404255319149,,0.0
2022-03-23,4.5280000000000005,4.558000000000001,4.648000000000001,4.5280000000000005,88888.1,42116.625,0.9636363636363636,,0.0
2022-03-24,4.5680000000000005,4.468,4.5680000000000005,4.458,70531.59,32969.672,0.9629310344827586,,0.0
2022-03-25,4.468,4.498,4.588,4.448,100968.77,47449.348,0.963169164882227,,0.0
2022-03-28,4.468,4.458,4.518000000000001,4.378,95918.11,44334.834,0.9628509719222464,,0.0
2022-03-29,4.468,4.398000000000001,4.478000000000001,4.378,94191.33,43233.413,0.9623632385120352,,0.0
2022-03-30,4.428,4.488,4.498,4.398000000000001,81798.17,37943.64,0.9630901287553648,,0.0
2022-03-31,4.488,4.5680000000000005,4.668,4.468,160124.25,76107.119,0.9637130801687764,,0.0
2022-04-01,4.5280000000000005,4.518000000000001,4.5680000000000005,4.488,77065.47,36114.066,0.9633262260127932,,0.0
2022-04-06,4.508,4.598,4.598,4.498,96170.27,45555.983,0.9639412997903564,,0.0
2022-04-07,4.598,4.428,4.618,4.428,103348.62,48184.94,0.962608695652174,,0.0
2022-04-08,4.428,4.348,4.458,4.258,113472.93,51083.3,0.9619469026548672,,0.0
2022-04-11,4.3180000000000005,4.178,4.368,4.168,108210.1,47887.204,0.9604597701149424,,0.0
2022-04-12,4.198,4.288,4.288,4.128,91686.19,40128.165,0.9614349775784754,,0.0
2022-04-13,4.258,4.198,4.268000000000001,4.188000000000001,60288.54,26527.024,0.9606407322654464,,0.0
2022-04-14,4.288,4.258,4.288,4.218,52375.28,23128.462,0.96117381489842,,0.0
2022-04-15,4.208,4.118,4.228000000000001,4.1080000000000005,92388.78,40077.238,0.95990675990676,,0.0
2022-04-18,4.1080000000000005,4.128,4.158,3.998,90188.6,38412.292,0.96,,0.0
2022-04-19,4.1080000000000005,4.188000000000001,4.228000000000001,4.098,67398.54,29411.436,0.9605504587155964,,0.0
2022-04-20,4.128,4.058000000000001,4.148000000000001,3.998,229884.03,97544.221,0.9593380614657212,,0.0
2022-04-21,4.008,3.808,4.058000000000001,3.768,179525.31,73053.526,0.95678391959799,,0.0
2022-04-22,3.758,3.768,3.848,3.688,109202.86,43051.108,0.9563451776649746,,0.0
2022-04-25,3.728,3.488,3.728,3.488,248689.19,93430.728,0.9530054644808744,,0.0
2022-04-26,3.548,3.468,3.588,3.448,157536.08,58020.085,0.9527472527472528,,0.0
2022-04-27,3.448,3.568,3.578,3.368,137235.07,50243.563,0.9540106951871656,,0.0
2022-04-28,3.588,3.508,3.598,3.478,120461.87,44569.7,0.9532608695652174,,0.0
2022-04-29,3.518,3.608,3.638,3.508,120194.86,45057.742,0.9544973544973544,,0.0
2022-05-05,3.608,3.638,3.668,3.588,93712.99,35659.99,0.9548556430446192,,0.0
2022-05-06,3.568,3.678,3.738,3.548,100827.15,38566.092,0.9553246753246752,,0.0
2022-05-09,3.648,3.898,3.978,3.648,116602.55,45892.332,0.9577395577395575,,0.0
2022-05-10,3.778,3.808,3.848,3.688,200034.59,79028.547,0.95678391959799,,0.0
2022-05-11,3.778,3.748,3.848,3.748,164293.56,65275.674,0.9561224489795918,,0.0
2022-05-12,3.718,3.788,3.798,3.688,125966.36,49360.771,0.9565656565656564,,0.0
2022-05-13,3.778,3.818,3.848,3.738,150889.71,59776.963,0.956892230576441,,0.0
2022-05-16,3.778,3.788,3.848,3.768,81069.97,32178.04,0.9565656565656564,,0.0
2022-05-17,3.778,3.798,3.808,3.718,91170.3,35849.209,0.956675062972292,,0.0
2022-05-18,3.818,3.818,3.848,3.768,101837.53,40569.979,0.956892230576441,,0.0
2022-05-19,3.778,3.818,3.828,3.758,82757.92,32835.802,0.956892230576441,,0.0
2022-05-20,3.848,3.848,3.888,3.808,92167.02,37033.044,0.9572139303482586,,0.0
2022-05-23,3.858,3.938,3.968,3.828,151218.64,61759.098,0.9581508515815084,,0.0
2022-05-24,3.938,3.768,3.968,3.758,139817.48,56423.716,0.9563451776649746,,0.0
2022-05-25,3.738,3.818,3.828,3.738,72558.8,28725.976,0.956892230576441,,0.0
2022-05-26,3.848,3.858,3.858,3.758,74384.66,29708.923,0.9573200992555831,,0.0
2022-05-27,3.888,3.828,3.888,3.788,68913.51,27593.923,0.957,,0.0
2022-05-30,3.848,3.878,3.888,3.828,84515.41,34097.105,0.9575308641975308,,0.0
2022-05-31,3.878,3.898,3.908,3.838,66276.6,26828.471,0.9577395577395575,,0.0
2022-06-01,3.878,3.928,3.958,3.868,91678.75,37543.52,0.9580487804878048,,0.0
2022-06-02,3.938,4.018000000000001,4.0280000000000005,3.898,122739.26,50882.394,0.9589498806682578,,0.0
2022-06-06,4.048,4.018000000000001,4.0680000000000005,3.988,96232.52,40353.358,0.9589498806682578,,0.0
2022-06-07,4.0280000000000005,4.008,4.0280000000000005,3.938,113452.89,47150.826,0.9588516746411484,,0.0
2022-06-08,3.988,3.998,4.048,3.928,102094.52,42527.172,0.9587529976019185,,0.0
2022-06-09,4.018000000000001,3.938,4.018000000000001,3.918,79956.8,32962.919,0.9581508515815084,,0.0
2022-06-10,3.928,3.988,3.998,3.898,76406.02,31637.465,0.958653846153846,,0.0
2022-06-13,3.968,4.008,4.0280000000000005,3.948,79552.04,33164.822,0.9588516746411484,,0.0
2022-06-14,3.988,4.088,4.088,3.908,151135.39,63290.262,0.95962441314554,,0.0
2022-06-15,4.188000000000001,4.048,4.198,4.048,200659.06,86074.261,0.9592417061611376,,0.0
2022-06-16,4.048,4.008,4.1080000000000005,3.988,126929.27,53332.7,0.9588516746411484,,0.0
2022-06-17,3.978,4.208,4.238,3.958,339730.82,146582.364,0.960730593607306,,0.0
2022-06-20,4.228000000000001,4.138,4.228000000000001,4.098,252613.03,108723.541,0.960092807424594,,0.0
2022-06-21,4.118,4.088,4.158,4.038,148709.8,63385.188,0.95962441314554,,0.0
2022-06-22,4.088,4.0680000000000005,4.118,4.048,106261.16,45258.623,0.959433962264151,,0.0
2022-06-23,4.048,4.168,4.178,4.048,147724.88,63541.549,0.9603686635944702,,0.0
2022-06-24,4.168,4.238,4.248,4.128,170500.62,74642.792,0.960997732426304,,0.0
2022-06-27,4.248,4.428,4.448,4.218,297380.11,134380.227,0.962608695652174,,0.0
2022-06-28,4.418,4.648000000000001,4.678,4.338,422862.0,199933.053,0.9643153526970956,,0.0
2022-06-29,4.678,5.128,5.128,4.6080000000000005,968326.19,499322.689,0.9675471698113208,,0.0
2022-06-30,4.718,5.0280000000000005,5.408,4.678,1214041.62,620129.472,0.966923076923077,,0.0
2022-07-01,4.888,4.638,4.968,4.598,590962.74,290153.003,0.9642411642411644,,0.0
2022-07-04,4.658,4.748,4.998,4.6080000000000005,416836.12,206821.248,0.965040650406504,,0.0
2022-07-05,4.658,4.548,4.738,4.498,370480.2,177208.012,0.9635593220338984,,0.0
2022-07-06,4.488,4.5280000000000005,4.6080000000000005,4.458,259802.64,122414.54,0.963404255319149,,0.0
2022-07-07,4.548,4.538,4.5680000000000005,4.428,306721.21,143015.107,0.9634819532908704,,0.0
2022-07-08,4.478000000000001,4.678,4.718,4.478000000000001,405512.15,194051.796,0.9645360824742268,,0.0
2022-07-11,4.688000000000001,4.538,4.688000000000001,4.478000000000001,253613.34,119647.068,0.9634819532908704,,0.0
2022-07-12,4.518000000000001,4.328,4.538,4.328,245863.92,112803.59,0.9617777777777778,,0.0
2022-07-13,4.348,4.448,4.478000000000001,4.348,164815.04,75624.641,0.9627705627705628,,0.0
2022-07-14,4.418,4.468,4.538,4.398000000000001,175273.61,81732.965,0.9629310344827586,,0.0
2022-07-15,4.478000000000001,4.5280000000000005,4.708,4.458,309711.94,147684.678,0.963404255319149,,0.0
2022-07-18,4.398000000000001,4.598,4.6080000000000005,4.3580000000000005,283100.54,132314.558,0.9639412997903564,,0.0
2022-07-19,4.578,4.668,4.738,4.548,267138.37,129102.42,0.9644628099173554,,0.0
2022-07-20,4.668,4.768000000000001,4.7780000000000005,4.628,276114.76,135398.087,0.965182186234818,,0.0
2022-07-21,4.768000000000001,4.648000000000001,4.7780000000000005,4.628,230685.43,111765.853,0.9643153526970956,,0.0
2022-07-22,4.648000000000001,4.638,4.688000000000001,4.538,229586.67,109750.854,0.9642411642411644,,0.0
2022-07-25,4.598,4.518000000000001,4.668,4.508,165193.66,78547.316,0.9633262260127932,,0.0
2022-07-26,4.5680000000000005,4.638,4.648000000000001,4.428,185442.44,87624.084,0.9642411642411644,,0.0
2022-07-27,4.588,4.8180000000000005,4.838,4.548,482328.39,237552.899,0.9655310621242486,,0.0
2022-07-28,4.8180000000000005,4.8180000000000005,4.888,4.758,364765.0,181959.38,0.9655310621242486,,0.0
2022-07-29,4.828,4.938000000000001,5.208,4.8180000000000005,559510.9,288318.265,0.9663405088062624,,0.0
2022-08-01,4.928,5.018000000000001,5.188000000000001,4.898000000000001,502044.05,261095.902,0.966859344894027,,0.0
2022-08-02,4.988,4.8580000000000005,4.998,4.748,497645.79,250927.971,0.9658051689860836,,0.0
2022-08-03,4.848,5.0280000000000005,5.0280000000000005,4.758,637836.12,322270.568,0.966923076923077,,0.0
2022-08-04,5.0280000000000005,5.3180000000000005,5.548,4.838,1240749.09,668368.883,0.9686703096539164,,0.0
2022-08-05,5.178,5.058000000000001,5.218,4.978000000000001,782080.01,410058.077,0.967112810707457,,0.0
2022-08-08,4.948,5.1080000000000005,5.168,4.888,500067.52,260848.453,0.9674242424242424,,0.0
2022-08-09,5.048,5.268000000000001,5.548,5.0280000000000005,787303.75,431048.358,0.9683823529411764,,0.0
2022-08-10,5.168,5.398000000000001,5.508,5.078,839013.78,459368.301,0.969120287253142,,0.0
2022-08-11,5.328,5.308000000000001,5.488,5.2780000000000005,692050.94,383002.214,0.9686131386861314,,0.0
2022-08-12,5.2780000000000005,5.208,5.448,5.198,510993.69,280960.758,0.9680297397769516,,0.0
2022-08-15,5.138,5.238,5.258,5.0280000000000005,396860.68,211861.689,0.9682070240295748,,0.0
2022-08-16,5.208,5.168,5.2780000000000005,5.098,408115.8,218397.672,0.9677902621722848,,0.0
2022-08-17,5.138,5.158,5.228000000000001,5.088,346506.21,184377.938,0.9677298311444652,,0.0
2022-08-18,5.1080000000000005,5.478000000000001,5.688000000000001,5.078,1415140.24,805072.295,0.969557522123894,,0.0
2022-08-19,5.578,5.538,5.788,5.388,1327861.93,764301.417,0.969877408056042,,0.0
2022-08-22,5.378,5.288,5.428,5.178,696924.15,381624.15,0.9684981684981684,,0.0
2022-08-23,5.298,5.6080000000000005,5.8180000000000005,5.288,1052184.59,609937.169,0.970242214532872,,0.0
2022-08-24,5.5280000000000005,5.308000000000001,5.598,5.248,725951.11,403474.697,0.9686131386861314,,0.0
2022-08-25,5.258,5.008,5.308000000000001,4.968,514691.5,270020.832,0.9667953667953668,,0.0
2022-08-26,5.008,4.828,5.088,4.808000000000001,409599.26,209029.25,0.9656,,0.0
2022-08-29,4.728000000000001,4.8580000000000005,4.868,4.658,181354.23,90434.142,0.9658051689860836,,0.0
2022-08-30,4.838,4.738,4.868,4.678,223879.5,110448.799,0.9649694501018332,,0.0
2022-08-31,4.698,4.508,4.728000000000001,4.498,273658.11,129684.531,0.9632478632478632,,0.0
2022-09-01,4.488,4.518000000000001,4.5680000000000005,4.468,132330.61,61999.256,0.9633262260127932,,0.0
2022-09-02,4.558000000000001,4.598,4.688000000000001,4.548,180018.84,86090.317,0.9639412997903564,,0.0
2022-09-05,4.598,4.588,4.648000000000001,4.558000000000001,114449.88,54580.235,0.9638655462184874,,0.0
2022-09-06,4.558000000000001,4.638,4.638,4.548,181947.58,86937.561,0.9642411642411644,,0.0
2022-09-07,4.6080000000000005,4.668,4.688000000000001,4.6080000000000005,160888.43,77670.575,0.9644628099173554,,0.0
2022-09-08,4.658,4.548,4.678,4.538,141128.94,67447.021,0.9635593220338984,,0.0
2022-09-09,4.548,4.648000000000001,4.648000000000001,4.498,116072.22,55068.866,0.9643153526970956,,0.0
2022-09-13,4.628,4.628,4.688000000000001,4.6080000000000005,126566.15,61014.219,0.9641666666666668,,0.0
2022-09-14,4.5680000000000005,4.518000000000001,4.588,4.468,129887.29,60987.274,0.9633262260127932,,0.0
2022-09-15,4.518000000000001,4.288,4.548,4.258,193104.02,87551.447,0.9614349775784754,,0.0
2022-09-16,4.288,4.218,4.3580000000000005,4.188000000000001,101255.35,44976.157,0.9608200455580866,,0.0
2022-09-19,4.218,4.228000000000001,4.268000000000001,4.178,76892.71,33844.769,0.9609090909090908,,0.0
2022-09-20,4.238,4.288,4.328,4.228000000000001,80404.47,35853.314,0.9614349775784754,,0.0
2022-09-21,4.258,4.348,4.368,4.208,76453.55,34167.13,0.9619469026548672,,0.0
2022-09-22,4.3180000000000005,4.288,4.378,4.288,69216.0,31132.417,0.9614349775784754,,0.0
2022-09-23,4.3180000000000005,4.188000000000001,4.3180000000000005,4.138,96763.56,42458.41,0.9605504587155964,,0.0
2022-09-26,4.168,4.1080000000000005,4.228000000000001,4.098,77867.02,33713.888,0.9598130841121496,,0.0
2022-09-27,4.128,4.238,4.248,4.128,83632.23,36493.634,0.960997732426304,,0.0
2022-09-28,4.238,4.118,4.258,4.1080000000000005,82366.83,35707.534,0.95990675990676,,0.0
2022-09-29,4.148000000000001,4.048,4.178,4.008,80347.74,34258.23,0.9592417061611376,,0.0
2022-09-30,4.038,3.988,4.078,3.978,62589.94,26250.556,0.958653846153846,,0.0
2022-10-10,3.978,3.898,4.018000000000001,3.868,74266.5,30563.243,0.9577395577395575,,0.0
2022-10-11,3.898,3.948,3.978,3.838,66145.8,27045.987,0.958252427184466,,0.0
2022-10-12,3.948,4.138,4.148000000000001,3.938,125967.11,52905.243,0.960092807424594,,0.0
2022-10-13,4.118,4.178,4.198,4.078,115329.32,49894.781,0.9604597701149424,,0.0
2022-10-14,4.198,4.238,4.268000000000001,4.188000000000001,110853.46,48885.792,0.960997732426304,,0.0
2022-10-17,4.208,4.3580000000000005,4.388,4.198,138478.95,62180.901,0.9620309050772629,,0.0
2022-10-18,4.3580000000000005,4.3180000000000005,4.378,4.298,126495.48,56963.396,0.9616926503340758,,0.0
2022-10-19,4.3180000000000005,4.3180000000000005,4.428,4.268000000000001,141493.05,63926.806,0.9616926503340758,,0.0
2022-10-20,4.2780000000000005,4.308000000000001,4.3580000000000005,4.218,99743.8,44512.292,0.9616071428571428,,0.0
2022-10-21,4.3180000000000005,4.288,4.368,4.288,79634.09,35799.076,0.9614349775784754,,0.0
2022-10-24,4.308000000000001,4.338,4.418,4.268000000000001,166072.16,75239.98,0.9618625277161864,,0.0
2022-10-25,4.338,4.3580000000000005,4.388,4.208,133723.94,59976.979,0.9620309050772629,,0.0
2022-10-26,4.248,4.288,4.328,4.208,225411.9,100170.103,0.9614349775784754,,0.0
2022-10-27,4.298,4.258,4.438000000000001,4.228000000000001,190065.31,85858.569,0.96117381489842,,0.0
2022-10-28,4.428,4.098,4.518000000000001,4.058000000000001,251758.89,112222.972,0.9597189695550352,,0.0
2022-10-31,3.948,4.098,4.178,3.948,151616.09,64559.797,0.9597189695550352,,0.0
2022-11-01,4.118,4.268000000000001,4.268000000000001,4.1080000000000005,146544.32,64105.073,0.9612612612612612,,0.0
2022-11-02,4.258,4.268000000000001,4.298,4.228000000000001,114421.7,50809.646,0.9612612612612612,,0.0
2022-11-03,4.228000000000001,4.258,4.288,4.198,90039.0,39870.992,0.96117381489842,,0.0
2022-11-04,4.268000000000001,4.338,4.348,4.258,125687.91,56389.012,0.9618625277161864,,0.0
2022-11-07,4.338,4.3180000000000005,4.378,4.298,111749.25,50292.012,0.9616926503340758,,0.0
2022-11-08,4.338,4.2780000000000005,4.348,4.248,92840.37,41334.685,0.9613483146067416,,0.0
2022-11-09,4.2780000000000005,4.258,4.308000000000001,4.248,82494.32,36677.777,0.96117381489842,,0.0
2022-11-10,4.228000000000001,4.168,4.258,4.158,128947.53,56323.792,0.9603686635944702,,0.0
2022-11-11,4.248,4.188000000000001,4.298,4.188000000000001,139800.64,61461.182,0.9605504587155964,,0.0
2022-11-14,4.198,4.1080000000000005,4.218,4.088,132138.0,57033.865,0.9598130841121496,,0.0
2022-11-15,4.1080000000000005,4.198,4.198,4.058000000000001,108151.51,46787.794,0.9606407322654464,,0.0
2022-11-16,4.208,4.258,4.2780000000000005,4.188000000000001,154038.0,67946.214,0.96117381489842,,0.0
2022-11-17,4.268000000000001,4.198,4.268000000000001,4.148000000000001,114145.37,49795.293,0.9606407322654464,,0.0
2022-11-18,4.198,4.148000000000001,4.238,4.138,96816.0,42213.396,0.9601851851851853,,0.0
2022-11-21,4.128,4.168,4.168,4.098,72846.94,31358.755,0.9603686635944702,,0.0
2022-11-22,4.178,4.1080000000000005,4.178,4.098,86475.51,37213.968,0.9598130841121496,,0.0
2022-11-23,4.138,4.078,4.138,4.038,74758.83,31737.458,0.959529411764706,,0.0
2022-11-24,4.078,4.118,4.118,4.078,61712.6,26345.205,0.95990675990676,,0.0
2022-11-25,4.118,4.0280000000000005,4.118,4.008,117297.7,49469.513,0.9590476190476191,,0.0
2022-11-28,3.968,3.988,4.008,3.938,96972.7,40241.285,0.958653846153846,,0.0
2022-11-29,4.008,4.058000000000001,4.0680000000000005,3.998,72213.59,30454.033,0.9593380614657212,,0.0
2022-11-30,4.058000000000001,4.0680000000000005,4.098,4.038,86026.56,36535.584,0.959433962264151,,0.0
2022-12-01,4.098,4.098,4.128,4.078,69601.11,29702.558,0.9597189695550352,,0.0
2022-12-02,4.098,4.128,4.128,4.078,75681.21,32419.831,0.96,,0.0
2022-12-05,4.148000000000001,4.138,4.148000000000001,4.1080000000000005,98795.29,42483.937,0.960092807424594,,0.0
2022-12-06,4.138,4.1080000000000005,4.138,4.098,79646.55,34157.994,0.9598130841121496,,0.0
2022-12-07,4.128,4.128,4.138,4.098,69081.2,29677.847,0.96,,0.0
2022-12-08,4.118,4.1080000000000005,4.138,4.098,58089.08,24894.428,0.9598130841121496,,0.0
2022-12-09,4.098,4.098,4.128,4.078,69659.11,29753.398,0.9597189695550352,,0.0
2022-12-12,4.1080000000000005,4.058000000000001,4.1080000000000005,4.0280000000000005,80412.38,33980.458,0.9593380614657212,,0.0
2022-12-13,4.058000000000001,3.998,4.0680000000000005,3.998,70234.76,29457.636,0.9587529976019185,,0.0
2022-12-14,4.008,3.998,4.0280000000000005,3.988,46469.25,19421.238,0.9587529976019185,,0.0
2022-12-15,4.008,4.058000000000001,4.058000000000001,3.978,56825.07,23811.123,0.9593380614657212,,0.0
2022-12-16,4.048,3.978,4.048,3.958,75129.77,31257.646,0.95855421686747,,0.0
2022-12-19,3.978,3.868,3.998,3.848,101780.92,41476.441,0.9574257425742574,,0.0
2022-12-20,3.878,3.908,3.938,3.858,50708.0,20673.01,0.957843137254902,,0.0
2022-12-21,3.928,3.878,3.928,3.858,46961.0,19057.672,0.9575308641975308,,0.0
2022-12-22,3.918,3.818,3.918,3.808,70983.05,28551.702,0.956892230576441,,0.0
2022-12-23,3.818,3.778,3.848,3.748,60132.2,23877.067,0.9564556962025316,,0.0
2022-12-26,3.838,3.888,3.908,3.798,66354.0,26836.497,0.9576354679802956,,0.0
2022-12-27,3.898,3.898,3.918,3.878,43535.9,17717.776,0.9577395577395575,,0.0
2022-12-28,3.898,3.938,3.958,3.868,72298.94,29527.02,0.9581508515815084,,0.0
2022-12-29,3.938,3.878,3.938,3.878,51895.2,21136.163,0.9575308641975308,,0.0
2022-12-30,3.888,3.888,3.898,3.868,37682.68,15280.753,0.9576354679802956,,0.0
2023-01-03,3.868,3.938,3.948,3.868,75819.99,30989.105,0.9581508515815084,,0.0
2023-01-04,3.938,3.938,3.958,3.928,45489.4,18713.117,0.9581508515815084,,0.0
2023-01-05,3.968,3.968,3.978,3.938,42386.4,17505.611,0.9584541062801932,,0.0
2023-01-06,3.998,3.978,4.018000000000001,3.968,52928.0,22037.22,0.95855421686747,,0.0
2023-01-09,4.088,4.058000000000001,4.128,4.0280000000000005,116404.44,49216.609,0.9593380614657212,,0.0
2023-01-10,4.0680000000000005,4.0680000000000005,4.078,4.018000000000001,84943.79,35810.957,0.959433962264151,,0.0
2023-01-11,4.078,4.008,4.088,4.008,59859.6,25204.095,0.9588516746411484,,0.0
2023-01-12,4.008,4.058000000000001,4.088,3.998,97289.5,41118.437,0.9593380614657212,,0.0
2023-01-13,4.118,4.078,4.128,4.058000000000001,75929.92,32338.75,0.959529411764706,,0.0
2023-01-16,4.078,4.088,4.118,4.078,80389.0,34334.984,0.95962441314554,,0.0
2023-01-17,4.098,4.078,4.1080000000000005,4.058000000000001,49310.6,20961.677,0.959529411764706,,0.0
2023-01-18,4.078,4.128,4.168,4.058000000000001,96467.65,41403.292,0.96,,0.0
2023-01-19,4.138,4.198,4.208,4.128,106066.8,46182.098,0.9606407322654464,,0.0
2023-01-20,4.208,4.208,4.258,4.168,87370.0,38238.299,0.960730593607306,,0.0
2023-01-30,4.2780000000000005,4.238,4.2780000000000005,4.228000000000001,110325.11,48707.507,0.960997732426304,,0.0
2023-01-31,4.238,4.298,4.3580000000000005,4.208,167000.84,74556.382,0.9615212527964206,,0.0
2023-02-01,4.308000000000001,4.378,4.388,4.298,164332.59,74082.45,0.9621978021978024,,0.0
2023-02-02,4.378,4.398000000000001,4.448,4.348,152583.41,69879.299,0.9623632385120352,,0.0
2023-02-03,4.428,4.368,4.428,4.3180000000000005,150169.96,68091.494,0.962114537444934,,0.0
2023-02-06,4.368,4.338,4.368,4.298,126050.96,56825.142,0.9618625277161864,,0.0
2023-02-07,4.348,4.408,4.418,4.338,132115.45,60180.114,0.9624454148471616,,0.0
2023-02-08,4.418,4.378,4.428,4.368,106267.29,48481.361,0.9621978021978024,,0.0
2023-02-09,4.378,4.448,4.448,4.3580000000000005,131771.02,60537.097,0.9627705627705628,,0.0
2023-02-10,4.428,4.418,4.458,4.388,102798.68,47260.667,0.9625272331154684,,0.0
2023-02-13,4.448,4.458,4.478000000000001,4.418,124492.05,57562.37,0.9628509719222464,,0.0
2023-02-14,4.458,4.478000000000001,4.488,4.438000000000001,95746.89,44364.086,0.9630107526881722,,0.0
2023-02-15,4.478000000000001,4.5280000000000005,4.578,4.468,153205.43,71867.402,0.963404255319149,,0.0
2023-02-16,4.518000000000001,4.368,4.5280000000000005,4.328,198888.44,91663.016,0.962114537444934,,0.0
2023-02-17,4.398000000000001,4.3580000000000005,4.438000000000001,4.338,166224.41,75645.34,0.9620309050772629,,0.0
2023-02-20,4.378,4.428,4.448,4.3180000000000005,138688.6,63539.804,0.962608695652174,,0.0
2023-02-21,4.448,4.448,4.458,4.398000000000001,94422.59,43500.973,0.9627705627705628,,0.0
2023-02-22,4.428,4.458,4.488,4.398000000000001,74947.0,34697.51,0.9628509719222464,,0.0
2023-02-23,4.468,4.498,4.558000000000001,4.418,206977.71,96499.008,0.963169164882227,,0.0
2023-02-24,4.488,4.468,4.538,4.418,165109.51,76719.153,0.9629310344827586,,0.0
2023-02-27,4.468,4.388,4.478000000000001,4.378,102359.83,47016.363,0.962280701754386,,0.0
2023-02-28,4.428,4.428,4.468,4.368,88533.0,40607.934,0.962608695652174,,0.0
2023-03-01,4.438000000000001,4.438000000000001,4.448,4.408,91018.03,41867.598,0.9626898047722344,,0.0
2023-03-02,4.438000000000001,4.408,4.458,4.388,80651.0,37089.36,0.9624454148471616,,0.0
2023-03-03,4.388,4.418,4.428,4.368,78875.72,36075.514,0.9625272331154684,,0.0
2023-03-06,4.408,4.378,4.438000000000001,4.3580000000000005,86018.06,39202.071,0.9621978021978024,,0.0
2023-03-07,4.368,4.268000000000001,4.378,4.258,117108.79,52507.282,0.9612612612612612,,0.0
2023-03-08,4.258,4.338,4.338,4.248,79515.45,35623.73,0.9618625277161864,,0.0
2023-03-09,4.328,4.3180000000000005,4.348,4.288,52052.45,23385.749,0.9616926503340758,,0.0
2023-03-10,4.288,4.248,4.338,4.238,71103.86,31617.549,0.9610859728506788,,0.0
2023-03-13,4.248,4.228000000000001,4.248,4.168,76854.06,33620.228,0.9609090909090908,,0.0
2023-03-14,4.228000000000001,4.158,4.228000000000001,4.078,94343.97,40767.236,0.9602771362586606,,0.0
2023-03-15,4.158,4.238,4.268000000000001,4.158,69712.4,30719.119,0.960997732426304,,0.0
2023-03-16,4.218,4.148000000000001,4.218,4.148000000000001,70221.79,30526.397,0.9601851851851853,,0.0
2023-03-17,4.168,4.198,4.228000000000001,4.158,64190.9,28061.647,0.9606407322654464,,0.0
2023-03-20,4.208,4.218,4.238,4.178,84712.0,37154.734,0.9608200455580866,,0.0
2023-03-21,4.218,4.268000000000001,4.2780000000000005,4.178,77108.12,34133.448,0.9612612612612612,,0.0
2023-03-22,4.298,4.2780000000000005,4.298,4.258,59157.8,26280.023,0.9613483146067416,,0.0
2023-03-23,4.288,4.288,4.298,4.248,79492.2,35302.281,0.9614349775784754,,0.0
2023-03-24,4.298,4.288,4.3180000000000005,4.268000000000001,65160.6,29096.127,0.9614349775784754,,0.0
2023-03-27,4.298,4.3580000000000005,4.378,4.2780000000000005,124685.71,56372.89,0.9620309050772629,,0.0
2023-03-28,4.628,4.808000000000001,4.808000000000001,4.578,1118953.6,552706.087,0.9654618473895584,,0.0
2023-03-29,4.838,4.748,4.938000000000001,4.748,1340310.55,670891.487,0.965040650406504,,0.0
2023-03-30,4.798,4.968,5.048,4.768000000000001,1060095.11,541749.205,0.9665369649805448,,0.0
2023-03-31,4.918,4.7780000000000005,4.938000000000001,4.708,680675.8,337963.087,0.9652525252525254,,0.0
2023-04-03,4.8180000000000005,4.848,4.898000000000001,4.7780000000000005,486689.99,243531.89,0.9657370517928288,,0.0
2023-04-04,4.828,4.888,4.978000000000001,4.7780000000000005,507572.13,256393.618,0.96600790513834,,0.0
2023-04-06,4.868,5.058000000000001,5.058000000000001,4.788,601946.14,309024.725,0.967112810707457,,0.0
2023-04-07,5.128,5.158,5.378,5.018000000000001,712291.44,383827.091,0.9677298311444652,,0.0
2023-04-10,5.128,5.248,5.348,5.128,540100.52,291831.217,0.9682656826568268,,0.0
2023-04-11,5.248,5.218,5.328,5.128,475354.35,256642.866,0.9680890538033396,,0.0
2023-04-12,5.168,5.118,5.228000000000001,5.088,471749.36,250620.113,0.9674858223062384,,0.0
2023-04-13,5.178,5.018000000000001,5.228000000000001,5.008,577870.63,303202.885,0.966859344894027,,0.0
2023-04-14,5.018000000000001,4.938000000000001,5.048,4.918,359946.31,184618.726,0.9663405088062624,,0.0
2023-04-17,4.988,4.978000000000001,5.038,4.918,261463.37,134704.845,0.9666019417475727,,0.0
2023-04-18,4.988,4.948,4.988,4.898000000000001,164664.01,84129.006,0.96640625,,0.0
2023-04-19,4.938000000000001,4.908,4.988,4.898000000000001,211571.48,108009.188,0.9661417322834648,,0.0
2023-04-20,4.938000000000001,4.968,4.978000000000001,4.888,207804.3,106326.523,0.9665369649805448,,0.0
2023-04-21,4.968,4.898000000000001,5.038,4.878,313056.2,160306.234,0.9660749506903352,,0.0
2023-04-24,4.788,4.888,4.958,4.738,328469.46,165965.174,0.96600790513834,,0.0
2023-04-25,4.918,4.7780000000000005,4.918,4.698,322247.84,159731.178,0.9652525252525254,,0.0
2023-04-26,4.758,4.888,4.948,4.748,268755.14,135957.767,0.96600790513834,,0.0
2023-04-27,4.848,4.888,4.928,4.808000000000001,173047.55,87533.653,0.96600790513834,,0.0
2023-04-28,4.888,4.938000000000001,4.948,4.878,153808.8,78273.496,0.9663405088062624,,0.0
2023-05-04,4.968,5.0680000000000005,5.098,4.928,324675.6,168615.6,0.967175572519084,,0.0
2023-05-05,5.098,5.0280000000000005,5.118,4.988,221294.73,114916.316,0.966923076923077,,0.0
2023-05-08,5.118,5.048,5.158,5.0280000000000005,203500.4,106995.185,0.9670498084291188,,0.0
2023-05-09,5.0280000000000005,4.938000000000001,5.058000000000001,4.928,200603.78,103537.33,0.9663405088062624,,0.0
2023-05-10,4.928,5.038,5.098,4.888,169781.12,87534.634,0.9669865642994242,,0.0
2023-05-11,5.058000000000001,5.038,5.058000000000001,4.978000000000001,143011.55,74241.326,0.9669865642994242,,0.0
2023-05-12,5.0680000000000005,4.958,5.078,4.958,135509.93,70122.356,0.9664717348927876,,0.0
2023-05-15,4.948,4.948,5.0280000000000005,4.8580000000000005,141952.86,72298.955,0.96640625,,0.0
2023-05-16,5.018000000000001,4.888,5.0280000000000005,4.878,120157.84,61297.083,0.96600790513834,,0.0
2023-05-17,4.908,5.0280000000000005,5.048,4.868,184474.44,95208.915,0.966923076923077,,0.0
2023-05-18,5.0280000000000005,5.178,5.218,5.008,306297.95,162757.929,0.9678504672897196,,0.0
2023-05-19,5.178,5.218,5.298,5.128,297929.64,160991.001,0.9680890538033396,,0.0
2023-05-22,5.168,5.0680000000000005,5.208,5.048,231651.48,122021.876,0.967175572519084,,0.0
2023-05-23,5.088,4.938000000000001,5.118,4.928,201608.58,104160.101,0.9663405088062624,,0.0
2023-05-24,4.928,4.988,5.078,4.908,146826.45,75781.943,0.9666666666666668,,0.0
2023-05-25,4.968,4.948,5.018000000000001,4.868,173116.48,88359.715,0.96640625,,0.0
2023-05-26,4.938000000000001,4.968,4.998,4.888,116942.0,59819.497,0.9665369649805448,,0.0
2023-05-29,4.968,4.918,5.008,4.888,139867.28,71561.32,0.9662082514734774,,0.0
2023-05-30,4.918,4.908,4.938000000000001,4.808000000000001,150011.87,75570.136,0.9661417322834648,,0.0
2023-05-31,4.878,4.838,4.878,4.808000000000001,122135.33,61172.611,0.9656686626746508,,0.0
2023-06-01,4.8580000000000005,4.978000000000001,5.078,4.788,272749.2,140418.379,0.9666019417475727,,0.0
2023-06-02,4.968,4.898000000000001,4.998,4.898000000000001,157799.6,80674.821,0.9660749506903352,,0.0
2023-06-05,4.898000000000001,4.898000000000001,4.948,4.868,112764.81,57249.582,0.9660749506903352,,0.0
2023-06-06,4.928,4.768000000000001,4.938000000000001,4.748,154635.45,77314.787,0.965182186234818,,0.0
2023-06-07,4.788,4.698,4.808000000000001,4.668,166811.46,81707.665,0.964681724845996,,0.0
2023-06-08,4.718,4.678,4.728000000000001,4.638,119137.26,57849.87,0.9645360824742268,,0.0
2023-06-09,4.678,4.688000000000001,4.718,4.628,108660.86,52684.702,0.9646090534979423,,0.0
2023-06-12,4.718,4.828,4.8580000000000005,4.698,157349.57,78016.758,0.9656,,0.0
2023-06-13,4.828,4.968,5.058000000000001,4.798,271917.28,139709.397,0.9665369649805448,,0.0
2023-06-14,4.988,5.078,5.078,4.958,209087.4,108882.649,0.9672380952380952,,0.0
2023-06-15,5.078,5.088,5.118,5.0280000000000005,175552.61,92251.738,0.9673003802281368,,0.0
2023-06-16,5.078,5.208,5.238,5.078,241443.87,129615.685,0.9680297397769516,,0.0
2023-06-19,5.198,5.328,5.3580000000000005,5.198,301957.67,165234.788,0.9687272727272728,,0.0
2023-06-20,5.2780000000000005,5.338,5.448,5.238,261826.21,144693.841,0.9687840290381126,,0.0
2023-06-21,5.3580000000000005,5.368,5.438000000000001,5.308000000000001,302792.39,168158.301,0.9689530685920578,,0.0
2023-06-26,5.408,5.268000000000001,5.468,5.228000000000001,274465.98,151199.277,0.9683823529411764,,0.0
2023-06-27,5.3180000000000005,5.428,5.458,5.238,250386.81,139105.738,0.9692857142857144,,0.0
2023-06-28,5.438000000000001,5.458,5.5280000000000005,5.338,204217.92,114024.355,0.969449378330373,,0.0
2023-06-29,5.448,5.578,5.688000000000001,5.428,264258.62,152250.978,0.9700869565217392,,0.0
2023-06-30,5.558000000000001,5.5680000000000005,5.628,5.508,214271.56,122993.805,0.970034843205575,,0.0
2023-07-03,5.598,5.508,5.678,5.498,192761.0,110485.84,0.969718309859155,,0.0
2023-07-04,5.488,5.518000000000001,5.6080000000000005,5.488,166124.53,95065.672,0.9697715289982426,,0.0
2023-07-05,5.558000000000001,5.558000000000001,5.618,5.488,191833.79,110054.968,0.9699825479930192,,0.0
2023-07-06,5.5280000000000005,5.548,5.6080000000000005,5.458,155926.75,89197.843,0.96993006993007,,0.0
2023-07-07,5.5280000000000005,5.488,5.578,5.468,143142.03,81464.898,0.9696113074204948,,0.0
2023-07-10,5.5280000000000005,5.478000000000001,5.558000000000001,5.458,129482.22,73479.534,0.969557522123894,,0.0
2023-07-11,5.518000000000001,5.598,5.6080000000000005,5.488,151887.79,87156.951,0.9701906412478336,,0.0
2023-07-12,5.6080000000000005,5.428,5.628,5.388,280963.69,158877.582,0.9692857142857144,,0.0
2023-07-13,5.518000000000001,5.408,5.558000000000001,5.298,275190.72,153089.536,0.9691756272401434,,0.0
2023-07-14,5.438000000000001,5.438000000000001,5.478000000000001,5.3580000000000005,155946.0,87340.397,0.9693404634581104,,0.0
2023-07-17,5.418,5.398000000000001,5.418,5.308000000000001,125688.6,69600.938,0.969120287253142,,0.0
2023-07-18,5.438000000000001,5.478000000000001,5.548,5.408,197190.97,111625.872,0.969557522123894,,0.0
2023-07-19,5.478000000000001,5.468,5.5280000000000005,5.408,132471.8,74582.514,0.9695035460992908,,0.0
2023-07-20,5.468,5.408,5.588,5.398000000000001,207595.0,117531.815,0.9691756272401434,,0.0
2023-07-21,5.388,5.308000000000001,5.398000000000001,5.288,147246.6,81036.935,0.9686131386861314,,0.0
2023-07-24,5.288,5.3180000000000005,5.418,5.288,142458.84,78721.319,0.9686703096539164,,0.0
2023-07-25,5.338,5.388,5.408,5.308000000000001,136592.17,75482.013,0.969064748201439,,0.0
2023-07-26,5.458,5.228000000000001,5.468,5.208,269903.89,147099.8,0.9681481481481482,,0.0
2023-07-27,5.2780000000000005,5.198,5.348,5.168,168184.4,91166.407,0.9679702048417133,,0.0
2023-07-28,5.198,5.228000000000001,5.258,5.138,167653.43,90190.027,0.9681481481481482,,0.0
2023-07-31,5.248,5.298,5.3580000000000005,5.218,156121.2,85630.168,0.9685557586837296,,0.0
2023-08-01,5.378,5.238,5.378,5.198,173221.83,93888.295,0.9682070240295748,,0.0
2023-08-02,5.228000000000001,5.308000000000001,5.348,5.208,158783.78,86749.774,0.9686131386861314,,0.0
2023-08-03,5.2780000000000005,5.238,5.308000000000001,5.228000000000001,109905.8,59690.176,0.9682070240295748,,0.0
2023-08-04,5.258,5.308000000000001,5.338,5.238,152555.4,83484.868,0.9686131386861314,,0.0
2023-08-07,5.298,5.398000000000001,5.428,5.258,217433.19,120166.432,0.969120287253142,,0.0
2023-08-08,5.378,5.248,5.408,5.228000000000001,230372.56,125659.17,0.9682656826568268,,0.0
2023-08-09,5.228000000000001,5.138,5.238,5.118,144802.0,77288.891,0.967608286252354,,0.0
2023-08-10,5.128,5.188000000000001,5.218,5.128,111259.84,59478.646,0.967910447761194,,0.0
2023-08-11,5.178,5.058000000000001,5.178,5.038,156007.06,82024.816,0.967112810707457,,0.0
2023-08-14,5.038,5.158,5.178,4.998,159281.2,83875.194,0.9677298311444652,,0.0
2023-08-15,5.158,5.088,5.168,5.0280000000000005,98130.58,51680.677,0.9673003802281368,,0.0
2023-08-16,5.088,4.998,5.088,4.998,101924.2,53047.229,0.9667311411992264,,0.0
2023-08-17,4.988,5.138,5.158,4.948,141124.12,74121.506,0.967608286252354,,0.0
2023-08-18,5.118,5.038,5.198,5.0280000000000005,97126.43,51255.19,0.9669865642994242,,0.0
2023-08-21,5.038,4.948,5.128,4.948,108172.68,56166.345,0.96640625,,0.0
2023-08-22,4.998,4.978000000000001,5.018000000000001,4.898000000000001,100264.0,51375.794,0.9666019417475727,,0.0
2023-08-23,4.988,4.948,5.0280000000000005,4.898000000000001,111830.11,57494.771,0.96640625,,0.0
2023-08-24,4.948,4.898000000000001,4.998,4.878,111644.84,56909.307,0.9660749506903352,,0.0
2023-08-25,4.898000000000001,4.848,4.958,4.828,122620.4,61961.002,0.9657370517928288,,0.0
2023-08-28,5.1080000000000005,4.888,5.148000000000001,4.868,207085.31,107266.779,0.96600790513834,,0.0
2023-08-29,4.918,5.138,5.148000000000001,4.888,222257.84,116531.085,0.967608286252354,,0.0
2023-08-30,5.148000000000001,5.198,5.258,5.138,192552.73,103517.336,0.9679702048417133,,0.0
2023-08-31,5.208,5.188000000000001,5.288,5.158,133846.94,72023.118,0.967910447761194,,0.0
2023-09-01,5.168,5.158,5.208,5.1080000000000005,104951.1,55754.147,0.9677298311444652,,0.0
2023-09-04,5.188000000000001,5.158,5.238,5.128,144440.0,76977.541,0.9677298311444652,,0.0
2023-09-05,5.168,5.128,5.178,5.088,107413.2,56848.408,0.9675471698113208,,0.0
2023-09-06,5.1080000000000005,5.128,5.148000000000001,5.078,102916.28,54401.62,0.9675471698113208,,0.0
2023-09-07,5.118,4.988,5.138,4.978000000000001,151431.0,78979.811,0.9666666666666668,,0.0
2023-09-08,4.958,4.988,5.048,4.958,141390.0,73080.213,0.9666666666666668,,0.0
2023-09-11,4.978000000000001,5.0680000000000005,5.1080000000000005,4.928,153894.56,80195.517,0.967175572519084,,0.0
2023-09-12,5.078,5.088,5.118,5.058000000000001,90388.66,47514.498,0.9673003802281368,,0.0
2023-09-13,5.078,4.988,5.088,4.958,138052.83,71522.316,0.9666666666666668,,0.0
2023-09-14,5.008,4.918,5.008,4.878,127291.8,64833.529,0.9662082514734774,,0.0
2023-09-15,4.928,4.878,4.948,4.868,107294.6,54369.569,0.965940594059406,,0.0
2023-09-18,4.888,4.968,5.0280000000000005,4.838,148684.98,76268.477,0.9665369649805448,,0.0
2023-09-19,4.958,4.8580000000000005,4.968,4.848,136366.4,68927.905,0.9658051689860836,,0.0
2023-09-20,4.888,4.808000000000001,4.888,4.798,120370.16,60217.151,0.9654618473895584,,0.0
2023-09-21,4.828,4.768000000000001,4.838,4.758,126368.55,62720.422,0.965182186234818,,0.0
2023-09-22,4.7780000000000005,4.888,4.898000000000001,4.748,117362.05,58807.093,0.96600790513834,,0.0
2023-09-25,4.898000000000001,4.848,4.948,4.838,108233.0,54655.041,0.9657370517928288,,0.0
2023-09-26,4.908,4.908,4.938000000000001,4.828,121553.08,61536.053,0.9661417322834648,,0.0
2023-09-27,4.898000000000001,4.8580000000000005,4.928,4.848,113046.39,57214.035,0.9658051689860836,,0.0
2023-09-28,4.878,4.918,4.938000000000001,4.8580000000000005,138769.09,70494.264,0.9662082514734774,,0.0
2023-10-09,4.928,4.918,4.978000000000001,4.888,138251.0,70539.515,0.9662082514734774,,0.0
2023-10-10,4.908,4.808000000000001,4.928,4.798,157889.0,79124.335,0.9654618473895584,,0.0
2023-10-11,4.8180000000000005,4.748,4.838,4.728000000000001,152852.72,75475.445,0.965040650406504,,0.0
2023-10-12,4.768000000000001,4.788,4.798,4.728000000000001,110745.73,54730.279,0.9653225806451612,,0.0
2023-10-13,4.758,4.728000000000001,4.808000000000001,4.708,137741.18,67800.79,0.9648979591836736,,0.0
2023-10-16,4.698,4.628,4.788,4.6080000000000005,225145.84,109269.563,0.9641666666666668,,0.0
2023-10-17,4.628,4.6080000000000005,4.658,4.5680000000000005,159459.98,76222.485,0.9640167364016736,,0.0
2023-10-18,4.6080000000000005,4.5280000000000005,4.618,4.5280000000000005,138049.79,65246.609,0.963404255319149,,0.0
2023-10-19,4.5280000000000005,4.448,4.548,4.448,154575.32,72139.581,0.9627705627705628,,0.0
2023-10-20,4.458,4.428,4.5280000000000005,4.418,176317.9,81735.865,0.962608695652174,,0.0
2023-10-23,4.448,4.3180000000000005,4.458,4.2780000000000005,169286.43,76603.178,0.9616926503340758,,0.0
2023-10-24,4.368,4.348,4.408,4.3180000000000005,228521.16,103746.178,0.9619469026548672,,0.0
2023-10-25,4.398000000000001,4.348,4.488,4.338,236357.03,108089.734,0.9619469026548672,,0.0
2023-10-26,4.3180000000000005,4.428,4.428,4.218,256371.53,115612.011,0.962608695652174,,0.0
2023-10-27,4.388,4.418,4.438000000000001,4.328,221609.28,100942.286,0.9625272331154684,,0.0
2023-10-30,4.388,4.468,4.488,4.368,200305.58,92296.629,0.9629310344827586,,0.0
2023-10-31,4.508,4.438000000000001,4.508,4.388,178972.0,82412.338,0.9626898047722344,,0.0
2023-11-01,4.448,4.478000000000001,4.518000000000001,4.418,160342.6,74597.395,0.9630107526881722,,0.0
2023-11-02,4.488,4.438000000000001,4.508,4.428,141331.5,65653.436,0.9626898047722344,,0.0
2023-11-03,4.498,4.5680000000000005,4.588,4.428,218500.5,102826.685,0.9637130801687764,,0.0
2023-11-06,4.578,4.688000000000001,4.698,4.5680000000000005,244371.35,117992.532,0.9646090534979423,,0.0
2023-11-07,4.668,4.678,4.698,4.648000000000001,180713.93,87668.577,0.9645360824742268,,0.0
2023-11-08,4.678,4.688000000000001,4.698,4.638,156211.54,75583.89,0.9646090534979423,,0.0
2023-11-09,4.698,4.648000000000001,4.698,4.618,178715.0,86256.47,0.9643153526970956,,0.0
2023-11-10,4.628,4.698,4.718,4.6080000000000005,207132.5,100595.498,0.964681724845996,,0.0
2023-11-13,4.718,4.718,4.748,4.678,141878.32,69420.039,0.9648261758691208,,0.0
2023-11-14,4.698,4.698,4.738,4.688000000000001,114023.51,55663.143,0.964681724845996,,0.0
2023-11-15,4.718,4.708,4.758,4.678,134403.0,65670.931,0.9647540983606558,,0.0
2023-11-16,4.708,4.688000000000001,4.748,4.688000000000001,118746.6,58060.463,0.9646090534979423,,0.0
2023-11-17,4.668,4.768000000000001,4.768000000000001,4.658,142559.0,69882.239,0.965182186234818,,0.0
2023-11-20,4.7780000000000005,4.918,4.958,4.758,265540.6,134131.825,0.9662082514734774,,0.0
2023-11-21,4.908,4.878,4.948,4.8580000000000005,187654.8,94921.099,0.965940594059406,,0.0
2023-11-22,4.8580000000000005,4.808000000000001,4.888,4.808000000000001,144720.6,72503.425,0.9654618473895584,,0.0
2023-11-23,4.808000000000001,4.8580000000000005,4.868,4.7780000000000005,126335.6,63121.442,0.9658051689860836,,0.0
2023-11-24,4.848,4.798,4.8580000000000005,4.768000000000001,120775.69,60023.92,0.9653923541247486,,0.0
2023-11-27,4.788,4.808000000000001,4.8180000000000005,4.758,102460.29,50841.494,0.9654618473895584,,0.0
2023-11-28,4.808000000000001,4.888,4.898000000000001,4.788,138957.61,69974.467,0.96600790513834,,0.0
2023-11-29,4.898000000000001,4.848,4.918,4.8180000000000005,102282.21,51621.436,0.9657370517928288,,0.0
2023-11-30,4.838,4.808000000000001,4.878,4.748,140417.42,69847.751,0.9654618473895584,,0.0
2023-12-01,4.798,4.828,4.8580000000000005,4.768000000000001,120888.0,60183.722,0.9656,,0.0
2023-12-04,4.8580000000000005,4.828,4.8580000000000005,4.808000000000001,118955.4,59494.912,0.9656,,0.0
2023-12-05,4.8180000000000005,4.728000000000001,4.828,4.728000000000001,95221.43,47085.636,0.9648979591836736,,0.0
2023-12-06,4.738,4.748,4.798,4.698,119891.4,59057.929,0.965040650406504,,0.0
2023-12-07,4.758,4.718,4.758,4.688000000000001,118326.16,57844.076,0.9648261758691208,,0.0
2023-12-08,4.718,4.668,4.748,4.668,163015.15,79575.88,0.9644628099173554,,0.0
2023-12-11,4.668,4.748,4.758,4.6080000000000005,151444.47,73884.652,0.965040650406504,,0.0
2023-12-12,4.738,4.728000000000001,4.768000000000001,4.688000000000001,122906.56,60210.022,0.9648979591836736,,0.0
2023-12-13,4.728000000000001,4.728000000000001,4.8180000000000005,4.658,144630.85,70972.749,0.9648979591836736,,0.0
2023-12-14,4.728000000000001,5.078,5.218,4.718,957191.95,501991.747,0.9672380952380952,,0.0
2023-12-15,4.978000000000001,4.838,4.998,4.828,925388.03,468103.419,0.9656686626746508,,0.0
2023-12-18,4.828,4.748,4.868,4.718,461012.67,227587.335,0.965040650406504,,0.0
2023-12-19,4.718,4.678,4.738,4.618,324563.17,157254.763,0.9645360824742268,,0.0
2023-12-20,4.678,4.598,4.758,4.598,275968.99,133793.341,0.9639412997903564,,0.0
2023-12-21,4.538,4.688000000000001,4.688000000000001,4.508,269628.2,129253.368,0.9646090534979423,,0.0
2023-12-22,4.698,4.6080000000000005,4.718,4.598,201407.87,97399.834,0.9640167364016736,,0.0
2023-12-25,4.6080000000000005,4.598,4.638,4.538,139134.43,66027.389,0.9639412997903564,,0.0
2023-12-26,4.578,4.488,4.588,4.458,168072.31,78636.537,0.9630901287553648,,0.0
2023-12-27,4.488,4.538,4.5680000000000005,4.428,118658.84,55467.727,0.9634819532908704,,0.0
2023-12-28,4.558000000000001,4.658,4.678,4.508,158202.67,75969.0,0.9643892339544514,,0.0
2023-12-29,4.658,4.788,4.808000000000001,4.628,231896.26,114454.15,0.9653225806451612,,0.0
2024-01-02,4.8180000000000005,4.848,4.878,4.788,226319.82,113710.781,0.9657370517928288,,0.0
2024-01-03,4.838,4.798,4.848,4.758,191020.61,94886.257,0.9653923541247486,,0.0
2024-01-04,4.798,4.798,4.808000000000001,4.758,114285.48,56634.448,0.9653923541247486,,0.0
2024-01-05,4.8180000000000005,4.708,4.868,4.688000000000001,143983.61,71279.794,0.9647540983606558,,0.0
2024-01-08,4.678,4.6080000000000005,4.708,4.598,121094.0,58338.932,0.9640167364016736,,0.0
2024-01-09,4.618,5.088,5.088,4.598,476347.08,241362.679,0.9673003802281368,,0.0
2024-01-10,5.618,4.968,5.618,4.968,1754014.04,955617.566,0.9665369649805448,,0.0
2024-01-11,4.828,5.148000000000001,5.268000000000001,4.828,1304132.99,685073.655,0.9676691729323308,,0.0
2024-01-12,5.128,4.998,5.188000000000001,4.978000000000001,789686.51,413124.214,0.9667311411992264,,0.0
2024-01-15,4.988,5.078,5.128,4.968,557493.01,291560.802,0.9672380952380952,,0.0
2024-01-16,5.058000000000001,5.098,5.158,4.988,449328.18,235384.238,0.9673624288425048,,0.0
2024-01-17,5.058000000000001,4.968,5.098,4.958,299875.2,155505.859,0.9665369649805448,,0.0
2024-01-18,4.938000000000001,4.848,4.938000000000001,4.668,555048.38,275286.124,0.9657370517928288,,0.0
2024-01-19,4.838,5.038,5.1080000000000005,4.768000000000001,570502.11,292837.765,0.9669865642994242,,0.0
2024-01-22,4.968,4.768000000000001,5.048,4.728000000000001,468932.89,237648.508,0.965182186234818,,0.0
2024-01-23,4.688000000000001,4.7780000000000005,4.888,4.678,437306.4,216168.273,0.9652525252525254,,0.0
2024-01-24,4.798,4.728000000000001,4.878,4.488,606471.59,293423.238,0.9648979591836736,,0.0
2024-01-25,4.698,4.888,4.908,4.548,559578.38,275896.118,0.96600790513834,,0.0
2024-01-26,4.838,4.7780000000000005,4.928,4.768000000000001,370823.02,185333.814,0.9652525252525254,,0.0
2024-01-29,4.7780000000000005,4.428,4.788,4.418,497533.53,235937.113,0.962608695652174,,0.0
2024-01-30,4.3580000000000005,4.308000000000001,4.478000000000001,4.228000000000001,295071.31,133770.678,0.9616071428571428,,0.0
2024-01-31,4.298,3.988,4.328,3.968,413693.64,177370.105,0.958653846153846,,0.0
2024-02-01,3.968,3.928,4.078,3.888,300381.13,124431.386,0.9580487804878048,,0.0
2024-02-02,3.938,3.818,4.058000000000001,3.668,317145.24,128615.528,0.956892230576441,,0.0
2024-02-05,3.788,3.548,3.808,3.448,460930.52,173007.124,0.953763440860215,,0.0
2024-02-06,3.448,3.868,3.918,3.418,468941.03,181847.243,0.9574257425742574,,0.0
2024-02-07,3.848,3.788,3.968,3.688,385413.45,154578.566,0.9565656565656564,,0.0
2024-02-08,3.818,4.048,4.098,3.808,419987.55,173321.232,0.9592417061611376,,0.0
2024-02-19,4.158,4.128,4.218,4.048,307907.2,132493.586,0.96,,0.0
2024-02-20,4.128,4.138,4.168,4.0280000000000005,178288.52,76283.837,0.960092807424594,,0.0
2024-02-21,4.1080000000000005,4.128,4.248,4.0680000000000005,292604.15,127245.191,0.96,,0.0
2024-02-22,4.118,4.338,4.558000000000001,4.078,499757.02,221871.419,0.9618625277161864,,0.0
2024-02-23,4.628,4.788,4.788,4.478000000000001,605886.7,296400.292,0.9653225806451612,,0.0
2024-02-26,5.288,5.288,5.288,5.288,80144.9,43759.115,0.9684981684981684,,0.0
2024-02-27,5.838,5.838,5.838,5.838,73354.2,44085.874,0.9713810316139768,,0.0
2024-02-28,6.438000000000001,6.438000000000001,6.438000000000001,6.438000000000001,151836.71,100364.065,0.9739788199697428,,0.0
2024-02-29,6.978000000000001,7.098,7.098,6.728000000000001,2471290.89,1767740.294,0.9763411279229712,,0.0
2024-03-01,7.828,7.828,7.828,7.828,119368.59,95494.872,0.9785,,0.0
2024-03-04,8.628,7.048,8.628,7.0280000000000005,4258868.5,3266383.546,0.9761772853185596,,0.0
2024-03-05,6.538,7.768000000000001,7.768000000000001,6.538,4062981.41,3051846.992,0.978337531486146,,0.0
2024-03-06,7.748,8.048,8.558,7.658,3999460.58,3364224.166,0.9790754257907542,,0.0
2024-03-07,8.228,8.867999999999999,8.867999999999999,8.228,3132742.32,2794211.55,0.9809734513274336,,0.0
2024-03-08,8.867999999999999,8.408,8.867999999999999,7.968000000000001,3576552.89,3001240.514,0.9799533799533798,,0.0
2024-03-11,8.298,8.107999999999999,8.447999999999999,8.008,2322488.54,1936898.707,0.9792270531400964,,0.0
2024-03-12,8.078,8.168,8.628,8.038,2650325.7,2251401.393,0.9793764988009592,,0.0
2024-03-13,8.078,8.197999999999999,8.418,7.928,2280772.98,1900335.692,0.9794504181600956,,0.0
2024-03-14,7.998,7.418,7.998,7.358,2427882.81,1874884.269,0.97733860342556,,0.0
2024-03-15,7.318,7.468,7.568,7.318,1352227.13,1029117.121,0.9774869109947644,,0.0
2024-03-18,7.628,8.228,8.228,7.628,2348444.11,1920265.696,0.9795238095238096,,0.0
2024-03-19,8.628,8.478,8.777999999999999,8.378,2913110.02,2539544.146,0.980115606936416,,0.0
2024-03-20,8.478,8.437999999999999,8.617999999999999,8.277999999999999,1741433.93,1494772.12,0.9800232288037164,,0.0
2024-03-21,8.418,8.568,9.108,8.388,2487389.27,2226132.078,0.980320366132723,,0.0
2024-03-22,8.228,8.117999999999999,8.488,7.978000000000001,1881932.95,1571370.496,0.9792521109770808,,0.0
2024-03-25,8.027999999999999,7.658,8.107999999999999,7.628,1179879.57,949725.052,0.9780332056194124,,0.0
2024-03-26,7.628,7.408,7.678,7.278,941349.41,716232.059,0.9773087071240106,,0.0
2024-03-27,7.418,7.0680000000000005,7.488,7.0280000000000005,788827.26,582978.149,0.976243093922652,,0.0
2024-03-28,7.0680000000000005,7.298,7.408,6.998,972831.48,724095.863,0.9769745649263722,,0.0
2024-03-29,7.288,7.098,7.318,7.008,831261.67,604845.487,0.9763411279229712,,0.0
2024-04-01,7.078,7.128,7.158,7.038,702668.1,510435.544,0.9764383561643836,,0.0
2024-04-02,7.078,6.8580000000000005,7.118,6.798,832317.04,588157.65,0.9755334281650072,,0.0
2024-04-03,6.798,6.638,6.838,6.578,623559.96,426430.004,0.9747430249632894,,0.0
2024-04-08,6.598,6.428,6.658,6.408,554255.34,370604.036,0.973939393939394,,0.0
2024-04-09,6.438000000000001,6.538,6.548,6.368,540997.91,359528.809,0.9743666169895678,,0.0
2024-04-10,6.5280000000000005,6.368,6.598,6.288,591867.12,390327.136,0.9737003058103976,,0.0
2024-04-11,6.288,6.478000000000001,6.598,6.248,704047.96,469032.89,0.9741353383458649,,0.0
2024-04-12,6.518000000000001,6.418,6.5680000000000005,6.378,486715.43,324130.191,0.9738998482549318,,0.0
2024-04-15,6.348,6.1080000000000005,6.428,5.998,698500.22,443171.303,0.9726114649681528,,0.0
2024-04-16,6.158,5.688000000000001,6.238,5.688000000000001,663199.26,401807.17,0.9706484641638226,,0.0
2024-04-17,5.768000000000001,6.128,6.148000000000001,5.768000000000001,682955.8,424477.812,0.9726984126984128,,0.0
2024-04-18,6.058000000000001,6.088,6.218,5.968,622522.46,389250.591,0.972523961661342,,0.0
2024-04-19,6.038,6.038,6.128,5.968,371055.66,230531.222,0.9723027375201287,,0.0
2024-04-22,5.988,5.968,6.0280000000000005,5.838,328082.66,200912.831,0.9719869706840392,,0.0
2024-04-23,6.128,6.218,6.3180000000000005,5.968,1073222.98,679801.479,0.9730829420970266,,0.0
2024-04-24,6.178,6.238,6.268000000000001,6.0680000000000005,892735.31,568544.176,0.9731669266770672,,0.0
2024-04-25,6.208,6.178,6.308000000000001,6.128,662960.46,422554.818,0.9729133858267716,,0.0
2024-04-26,6.008,6.238,6.288,5.978000000000001,837328.12,532194.332,0.9731669266770672,,0.0
2024-04-29,6.308000000000001,6.418,6.488,6.308000000000001,899749.39,591911.134,0.9738998482549318,,0.0
2024-04-30,6.438000000000001,6.188000000000001,6.438000000000001,6.118,753227.9,481654.467,0.9729559748427672,,0.0
2024-05-06,6.268000000000001,6.378,6.408,6.248,695346.04,453038.387,0.9737404580152672,,0.0
2024-05-07,6.368,6.658,6.678,6.288,1517682.76,1019259.543,0.9748169838945828,,0.0
2024-05-08,6.728000000000001,7.008,7.328,6.558000000000001,2086550.6,1481551.457,0.9760445682451254,,0.0
2024-05-09,6.808000000000001,6.918,6.938000000000001,6.728000000000001,1076938.93,755369.976,0.9757404795486602,,0.0
2024-05-10,6.878,6.688000000000001,6.888,6.5680000000000005,950771.05,653457.046,0.974927113702624,,0.0
2024-05-13,6.5280000000000005,6.1080000000000005,6.5280000000000005,6.008,1183074.38,751095.445,0.9726114649681528,,0.0
2024-05-14,6.018000000000001,6.038,6.198,5.918,605252.52,375035.89,0.9723027375201287,,0.0
2024-05-15,6.058000000000001,5.908,6.0680000000000005,5.898000000000001,468464.4,286855.919,0.9717105263157896,,0.0
2024-05-16,5.918,5.908,5.978000000000001,5.898000000000001,390360.45,238275.103,0.9717105263157896,,0.0
2024-05-17,5.918,5.908,5.938000000000001,5.808000000000001,376366.95,227399.869,0.9717105263157896,,0.0
2024-05-20,5.908,5.918,5.958,5.8580000000000005,337398.84,205209.537,0.9717569786535304,,0.0
2024-05-21,5.918,6.1080000000000005,6.1080000000000005,5.828,726577.44,447831.151,0.9726114649681528,,0.0
2024-05-22,6.118,6.008,6.158,5.978000000000001,432203.42,267783.734,0.972168284789644,,0.0
2024-05-23,6.008,5.888,6.098,5.878,430063.88,264684.744,0.9716171617161716,,0.0
2024-05-24,5.848,5.638,5.888,5.628,528847.21,311297.91,0.97039586919105,,0.0
2024-05-27,5.618,5.758,5.768000000000001,5.5280000000000005,366403.78,212044.353,0.9709949409780776,,0.0
2024-05-28,5.708,5.5680000000000005,5.708,5.558000000000001,275038.84,159296.311,0.970034843205575,,0.0
2024-05-29,5.578,5.548,5.628,5.488,244864.99,140155.308,0.96993006993007,,0.0
2024-05-30,5.5280000000000005,5.898000000000001,6.0680000000000005,5.518000000000001,936914.36,561103.64,0.97166392092257,,0.0
2024-05-31,5.7780000000000005,5.7780000000000005,5.8180000000000005,5.688000000000001,529946.49,314236.272,0.97109243697479,,0.0
2024-06-03,5.7780000000000005,5.6080000000000005,5.8180000000000005,5.5680000000000005,413157.15,240917.641,0.970242214532872,,0.0
2024-06-04,5.628,5.508,5.708,5.408,402871.0,229297.245,0.969718309859155,,0.0
2024-06-05,5.448,5.448,5.558000000000001,5.388,293002.07,165008.157,0.9693950177935944,,0.0
2024-06-06,5.428,5.238,5.498,5.208,463102.6,252932.58,0.9682070240295748,,0.0
2024-06-07,5.288,5.288,5.348,5.198,274247.09,149595.51,0.9684981684981684,,0.0
2024-06-11,5.288,5.2780000000000005,5.298,5.158,197079.0,106575.797,0.9684403669724772,,0.0
2024-06-12,5.2780000000000005,5.428,5.428,5.248,330140.34,183424.559,0.9692857142857144,,0.0
2024-06-13,5.408,5.298,5.428,5.288,269900.14,148877.483,0.9685557586837296,,0.0
2024-06-14,5.288,5.298,5.3180000000000005,5.238,202599.6,110306.768,0.9685557586837296,,0.0
2024-06-17,5.268000000000001,5.288,5.348,5.248,177040.0,96726.414,0.9684981684981684,,0.0
2024-06-18,5.288,5.468,5.518000000000001,5.258,441420.0,247545.221,0.9695035460992908,,0.0
2024-06-19,5.478000000000001,5.368,5.508,5.3580000000000005,260545.56,145427.024,0.9689530685920578,,0.0
2024-06-20,5.338,5.158,5.348,5.148000000000001,279292.4,150646.401,0.9677298311444652,,0.0
2024-06-21,5.158,5.098,5.198,5.088,171238.0,90727.74,0.9673624288425048,,0.0
2024-06-24,5.048,4.918,5.058000000000001,4.908,261975.13,134850.825,0.9662082514734774,,0.0
2024-06-25,4.908,4.988,5.0680000000000005,4.908,264954.85,136806.313,0.9666666666666668,,0.0
2024-06-26,4.948,5.118,5.128,4.908,276392.6,144068.323,0.9674858223062384,,0.0
2024-06-27,5.118,5.0280000000000005,5.238,5.008,341061.0,181286.266,0.966923076923077,,0.0
2024-06-28,5.018000000000001,5.078,5.158,4.988,280999.45,148000.274,0.9672380952380952,,0.0
2024-07-01,5.058000000000001,5.118,5.128,4.988,199808.0,104665.531,0.9674858223062384,,0.0
2024-07-02,5.118,5.118,5.168,5.098,172988.0,91678.332,0.9674858223062384,,0.0
2024-07-03,5.098,5.0280000000000005,5.128,5.0280000000000005,152171.0,79662.039,0.966923076923077,,0.0
2024-07-04,5.038,4.928,5.118,4.908,182512.8,94197.309,0.9662745098039216,,0.0
2024-07-05,4.928,4.978000000000001,4.998,4.838,165843.8,84682.631,0.9666019417475727,,0.0
2024-07-08,4.948,4.8180000000000005,4.948,4.788,198061.0,99458.689,0.9655310621242486,,0.0
2024-07-09,4.8180000000000005,4.918,4.928,4.748,219231.87,110129.511,0.9662082514734774,,0.0
2024-07-10,4.928,4.868,4.968,4.848,162243.0,82432.523,0.965873015873016,,0.0
2024-07-11,4.978000000000001,5.038,5.048,4.948,274494.53,142097.295,0.9669865642994242,,0.0
2024-07-12,5.0280000000000005,4.998,5.048,4.938000000000001,167161.49,86180.279,0.9667311411992264,,0.0
2024-07-15,4.958,4.898000000000001,4.978000000000001,4.878,156678.0,79784.247,0.9660749506903352,,0.0
2024-07-16,4.878,4.898000000000001,4.908,4.828,148602.81,74877.162,0.9660749506903352,,0.0
2024-07-17,4.888,4.808000000000001,4.898000000000001,4.798,172935.2,86467.29,0.9654618473895584,,0.0
2024-07-18,4.7780000000000005,4.788,4.828,4.668,196978.25,96801.153,0.9653225806451612,,0.0
2024-07-19,4.758,4.828,4.8580000000000005,4.738,173722.0,86770.262,0.9656,,0.0
2024-07-22,4.848,5.328,5.328,4.788,991626.78,535674.483,0.9687272727272728,,0.0
2024-07-23,5.638,5.878,5.878,5.628,641132.76,383167.193,0.9715702479338844,,0.0
2024-07-24,5.728000000000001,5.968,6.228000000000001,5.348,2265666.56,1327370.884,0.9719869706840392,,0.0
2024-07-25,5.558000000000001,5.638,5.848,5.478000000000001,1385940.08,808116.567,0.97039586919105,,0.0
2024-07-26,5.788,5.878,6.088,5.628,1693685.32,1018781.872,0.9715702479338844,,0.0
2024-07-29,5.848,6.158,6.2780000000000005,5.838,1739362.89,1086043.525,0.972827804107425,,0.0
2024-07-30,6.138,5.8580000000000005,6.158,5.768000000000001,1377302.91,835563.935,0.971475953565506,,0.0
2024-07-31,5.7780000000000005,6.458,6.458,5.728000000000001,1683653.77,1069815.519,0.974057315233786,,0.0
2024-08-01,6.788,6.658,7.088,6.5280000000000005,2518431.67,1744508.015,0.9748169838945828,,0.0
2024-08-02,6.3580000000000005,6.098,6.478000000000001,6.0280000000000005,1658713.47,1065838.093,0.972567783094099,,0.0
2024-08-05,5.938000000000001,5.628,6.008,5.628,1194133.28,714138.54,0.970344827586207,,0.0
2024-08-06,5.718,5.8180000000000005,5.878,5.588,923765.22,547357.635,0.9712854757929884,,0.0
2024-08-07,5.758,5.708,5.878,5.698,668202.56,396659.981,0.970748299319728,,0.0
2024-08-08,5.628,5.508,5.648000000000001,5.438000000000001,707479.0,402674.392,0.969718309859155,,0.0
2024-08-09,5.548,5.438000000000001,5.578,5.438000000000001,392147.6,222392.4,0.9693404634581104,,0.0
2024-08-12,5.378,5.368,5.448,5.288,359004.2,198677.064,0.9689530685920578,,0.0
2024-08-13,5.368,5.478000000000001,5.478000000000001,5.368,356983.86,199924.803,0.969557522123894,,0.0
2024-08-14,5.478000000000001,5.478000000000001,5.548,5.398000000000001,392464.27,222011.114,0.969557522123894,,0.0
2024-08-15,5.448,5.548,5.6080000000000005,5.388,462373.16,263295.77,0.96993006993007,,0.0
2024-08-16,5.548,5.418,5.6080000000000005,5.408,489216.28,277529.671,0.9692307692307692,,0.0
2024-08-19,5.388,5.3580000000000005,5.468,5.348,343262.89,190897.126,0.9688969258589512,,0.0
2024-08-20,5.408,5.648000000000001,5.788,5.378,1050234.78,603362.248,0.9704467353951892,,0.0
2024-08-21,5.538,5.448,5.588,5.388,712228.27,401977.898,0.9693950177935944,,0.0
2024-08-22,5.398000000000001,5.158,5.428,5.158,702255.93,381206.115,0.9677298311444652,,0.0
2024-08-23,5.168,5.1080000000000005,5.208,5.078,362716.2,192549.084,0.9674242424242424,,0.0
2024-08-26,5.128,5.128,5.178,5.098,241320.16,128155.34,0.9675471698113208,,0.0
2024-08-27,5.128,5.018000000000001,5.138,4.978000000000001,282691.1,147449.801,0.966859344894027,,0.0
2024-08-28,4.978000000000001,5.048,5.1080000000000005,4.968,229630.75,119686.601,0.9670498084291188,,0.0
2024-08-29,5.008,5.178,5.208,4.978000000000001,341208.91,181030.893,0.9678504672897196,,0.0
2024-08-30,5.178,5.2780000000000005,5.368,5.148000000000001,390288.4,213219.17,0.9684403669724772,,0.0
2024-09-02,5.238,5.158,5.298,5.148000000000001,277591.6,149632.027,0.9677298311444652,,0.0
2024-09-03,5.158,5.218,5.348,5.128,328683.0,178085.921,0.9680890538033396,,0.0
2024-09-04,5.158,5.128,5.228000000000001,5.1080000000000005,272418.47,145245.606,0.9675471698113208,,0.0
2024-09-05,5.128,5.168,5.218,5.118,192404.0,102646.682,0.9677902621722848,,0.0
2024-09-06,5.158,5.048,5.178,5.018000000000001,206764.47,109002.088,0.9670498084291188,,0.0
2024-09-09,5.008,5.048,5.118,4.968,184511.58,96215.954,0.9670498084291188,,0.0
2024-09-10,5.048,5.078,5.098,4.948,195383.2,101338.831,0.9672380952380952,,0.0
2024-09-11,5.038,5.048,5.078,5.008,123517.4,64354.759,0.9670498084291188,,0.0
2024-09-12,5.058000000000001,5.078,5.158,5.058000000000001,205703.2,108757.064,0.9672380952380952,,0.0
2024-09-13,5.058000000000001,4.948,5.078,4.948,199595.0,103169.94,0.96640625,,0.0
2024-09-18,4.938000000000001,4.918,4.958,4.848,163031.8,82624.69,0.9662082514734774,,0.0
2024-09-19,4.938000000000001,5.038,5.058000000000001,4.908,227127.0,117601.776,0.9669865642994242,,0.0
2024-09-20,5.058000000000001,4.988,5.0680000000000005,4.958,170190.47,87981.821,0.9666666666666668,,0.0
2024-09-23,4.948,5.0280000000000005,5.058000000000001,4.948,177998.8,92411.039,0.966923076923077,,0.0
2024-09-24,5.048,5.198,5.218,4.988,375054.38,198463.565,0.9679702048417133,,0.0
2024-09-25,5.238,5.238,5.378,5.218,485903.6,265865.751,0.9682070240295748,,0.0
2024-09-26,5.218,5.428,5.428,5.208,506672.63,279325.398,0.9692857142857144,,0.0
2024-09-27,5.5280000000000005,5.668,5.748,5.458,681137.43,392676.25,0.9705479452054796,,0.0
2024-09-30,5.7780000000000005,6.158,6.198,5.688000000000001,1336415.38,820513.553,0.972827804107425,,0.0
2024-10-08,6.788,6.398000000000001,6.788,5.978000000000001,1515896.65,993205.463,0.973820395738204,,0.0
2024-10-09,6.208,5.738,6.208,5.738,970914.51,592795.885,0.9708967851099832,,0.0
2024-10-10,5.708,5.698,5.878,5.538,580093.62,342441.75,0.9706984667802384,,0.0
2024-10-11,5.678,5.468,5.688000000000001,5.418,442078.22,251941.355,0.9695035460992908,,0.0
2024-10-14,5.458,5.648000000000001,5.648000000000001,5.438000000000001,433690.13,248848.501,0.9704467353951892,,0.0
2024-10-15,5.908,5.758,6.018000000000001,5.748,921199.87,557233.688,0.9709949409780776,,0.0
2024-10-16,5.668,5.678,5.758,5.638,487224.95,285765.365,0.9705982905982906,,0.0
2024-10-17,5.708,5.738,5.828,5.708,495075.92,294685.993,0.9708967851099832,,0.0
2024-10-18,5.708,5.908,5.968,5.688000000000001,675885.99,408369.128,0.9717105263157896,,0.0
2024-10-21,5.948,6.018000000000001,6.018000000000001,5.8580000000000005,727703.0,445400.011,0.9722132471728596,,0.0
2024-10-22,6.058000000000001,6.148000000000001,6.218,5.938000000000001,817397.01,511956.927,0.9727848101265824,,0.0
2024-10-23,6.138,6.058000000000001,6.178,6.008,605260.03,379330.492,0.9723916532905298,,0.0
2024-10-24,6.048,6.0280000000000005,6.088,5.998,441328.37,273997.194,0.9722580645161292,,0.0
2024-10-25,6.058000000000001,6.138,6.168,6.0280000000000005,534941.66,336082.582,0.9727416798732172,,0.0
2024-10-28,6.148000000000001,6.2780000000000005,6.2780000000000005,6.138,536904.9,343471.985,0.9733333333333334,,0.0
2024-10-29,6.378,6.928,6.928,6.2780000000000005,1603828.31,1083636.813,0.975774647887324,,0.0
2024-10-30,7.008,6.868,7.408,6.748,2411721.11,1753722.637,0.9755681818181818,,0.0
2024-10-31,6.8580000000000005,7.158,7.478000000000001,6.8580000000000005,2038924.36,1503095.95,0.9765347885402456,,0.0
2024-11-01,6.978000000000001,6.598,7.078,6.578,1446150.84,1000664.243,0.9745937961595272,,0.0
2024-11-04,6.628,7.0280000000000005,7.158,6.628,1212789.33,873257.968,0.9761111111111112,,0.0
2024-11-05,7.0280000000000005,7.158,7.258,6.948,1285621.48,940907.282,0.9765347885402456,,0.0
2024-11-06,7.128,7.018000000000001,7.298,6.948,1099014.85,798806.238,0.9760778859527122,,0.0
2024-11-07,6.928,7.198,7.248,6.868,993155.96,723158.795,0.976662143826323,,0.0
2024-11-08,7.178,7.448,7.638,7.158,1588656.21,1211771.988,0.9774278215223098,,0.0
2024-11-11,7.588,7.458,7.598,7.328,1173890.1,895046.145,0.9774574049803408,,0.0
2024-11-12,7.398000000000001,7.208,7.518000000000001,7.128,845402.27,632078.553,0.9766937669376694,,0.0
2024-11-13,7.148000000000001,7.088,7.178,6.898000000000001,625306.0,450852.923,0.9763085399449036,,0.0
2024-11-14,7.048,7.818,7.818,6.918,1295533.17,991337.288,0.9784730913642052,,0.0
2024-11-15,8.038,8.617999999999999,8.617999999999999,7.988,1540706.06,1304413.883,0.9804323094425484,,0.0
2024-11-18,9.498,9.498,9.498,9.498,123391.73,119319.803,0.9822130299896586,,0.0
2024-11-19,10.468,10.468,10.468,9.808,2276841.47,2378580.579,0.9838345864661654,,0.0
2024-11-20,11.528,11.528,11.528,11.528,204615.86,239400.556,0.9852991452991452,,0.0
2024-11-21,12.698,12.698,12.698,12.698,51790.11,66653.872,0.9866355866355866,,0.0
2024-11-22,13.988,13.988,13.988,13.988,179304.98,253895.852,0.9878531073446328,,0.0
2024-11-25,15.408,15.408,15.408,15.128,2103289.37,3275454.526,0.9889602053915276,,0.0
2024-11-26,15.838,13.848,16.968,13.848,5268493.07,8283976.677,0.9877318116975748,,0.0
2024-11-27,12.448,12.448,13.838,12.448,4349164.1,5575875.94,0.9863708399366083,,0.0
2024-11-28,12.728,11.478,13.008,11.348,3538236.81,4325372.561,0.985236051502146,,0.0
2024-11-29,10.948,11.398,12.058,10.648,3324842.89,3788927.475,0.985133967156439,,0.0
2024-12-02,11.128,11.568,11.988,10.958,2619554.77,3069448.951,0.9853492333901192,,0.0
2024-12-03,11.588,12.298,12.628,11.388,3044082.56,3700478.683,0.986206896551724,,0.0
2024-12-04,11.868,12.618,13.478,11.708,3199642.61,4059050.536,0.9865519937451134,,0.0
2024-12-05,12.748,13.508,13.628,12.248,3057305.85,4021986.488,0.9874269005847952,,0.0
2024-12-06,13.318,12.738,13.718,12.728,2618536.99,3487689.999,0.9866769945778466,,0.0
2024-12-09,12.178,11.858,12.808,11.838,2102203.17,2598645.464,0.9857024106400664,,0.0
2024-12-10,12.178,13.058,13.058,11.898,1991945.68,2578013.126,0.9869992441421012,,0.0
2024-12-11,12.828,12.678,13.178,12.378,2632816.67,3399590.5,0.986614785992218,,0.0
2024-12-12,12.528,12.238,12.798,11.978,1907981.28,2376473.881,0.9861402095084608,,0.0
2024-12-13,12.238,11.468,12.378,11.428,1772000.28,2133488.116,0.9852233676975944,,0.0
2024-12-16,11.428,11.138,11.578,11.048,1173034.87,1341023.404,0.9847922192749778,,0.0
2024-12-17,11.028,10.588,11.088,10.528,1050300.78,1145249.944,0.9840148698884758,,0.0
2024-12-18,10.608,10.718,10.828,10.348,866556.25,936698.134,0.9842056932966023,,0.0
2024-12-19,10.618,10.878,11.088,10.388,1057790.34,1158087.193,0.9844343891402716,,0.0
2024-12-20,10.888,11.028,11.208,10.748,943817.23,1053161.612,0.984642857142857,,0.0
2024-12-23,11.008,10.468,11.008,10.298,849198.9,911745.017,0.9838345864661654,,0.0
2024-12-24,10.478,10.548,10.778,10.298,641177.06,685257.527,0.983955223880597,,0.0
2024-12-25,10.498,10.058,10.588,10.008,658497.36,680854.16,0.9831867057673508,,0.0
2024-12-26,10.148,10.068,10.218,10.028,511646.2,526911.44,0.983203125,,0.0
2024-12-27,10.018,10.128,10.288,10.018,560378.11,579531.936,0.9833009708737864,,0.0
2024-12-30,10.158,10.028,10.218,9.858,504218.11,516093.888,0.9831372549019608,,0.0
2024-12-31,10.078,9.578,10.128,9.568,612224.4,609290.05,0.9823589743589743,,0.0
2025-01-02,9.578,9.568,9.898,9.448,674074.73,664893.023,0.982340862422998,,0.0
2025-01-03,9.568,8.947999999999999,9.668,8.937999999999999,700697.2,655491.983,0.9811403508771928,,0.0
2025-01-06,8.927999999999999,9.048,9.138,8.697999999999999,649597.38,593072.801,0.981344902386117,,0.0
2025-01-07,9.048,9.968,9.968,8.958,1012820.43,970105.914,0.9830374753451676,,0.0
2025-01-08,10.018,10.978,10.978,9.988,2851904.72,3041772.778,0.98457399103139,,0.0
2025-01-09,10.728,10.558,10.958,10.478,2312298.55,2517959.853,0.9839701770736252,,0.0
2025-01-10,10.558,10.668,11.178,10.558,1965757.53,2176748.614,0.9841328413284132,,0.0
2025-01-13,10.248,10.228,10.618,10.028,1213621.35,1266453.228,0.9834615384615384,,0.0
2025-01-14,10.238,11.268,11.268,10.238,1527594.17,1700198.587,0.984965034965035,,0.0
2025-01-15,11.628,11.728,12.018,11.398,2558842.74,3042020.272,0.9855462184873948,,0.0
2025-01-16,11.948,11.508,12.078,11.268,1809353.21,2131591.08,0.9852739726027396,,0.0
2025-01-17,11.398,11.528,11.968,11.278,1734347.96,2061055.544,0.9852991452991452,,0.0
2025-01-20,11.628,11.778,11.928,11.338,1484561.8,1755745.978,0.9856066945606694,,0.0
2025-01-21,11.828,11.658,11.948,11.338,1357191.72,1601264.956,0.9854606931530008,,0.0
2025-01-22,11.398,11.438,11.748,11.298,876608.46,1019114.56,0.9851851851851852,,0.0
2025-01-23,11.548,11.858,12.598,11.508,2188810.52,2666166.998,0.9857024106400664,,0.0
2025-01-24,11.558,12.028,12.098,11.268,1831330.57,2189145.378,0.9859016393442622,,0.0
2025-01-27,12.028,11.148,12.048,11.038,1418965.65,1644067.702,0.9848056537102472,,0.0
2025-02-05,11.248,11.618,11.808,11.118,1131243.76,1316898.468,0.9854113655640372,,0.0
2025-02-06,11.508,12.148,12.268,11.438,1628765.49,1978634.319,0.9860389610389608,,0.0
2025-02-07,12.028,12.278,12.708,11.888,2169958.68,2700507.683,0.9861847389558231,,0.0
2025-02-10,12.278,12.198,12.388,12.078,1334319.87,1646742.37,0.9860953920776072,,0.0
2025-02-11,12.158,12.058,12.298,11.928,1049118.83,1285116.246,0.9859362224039248,,0.0
2025-02-12,11.978,12.528,12.788,11.838,1796480.65,2265187.608,0.9864566929133858,,0.0
2025-02-13,12.528,12.378,13.298,12.188,1958268.0,2528529.65,0.9862948207171316,,0.0
2025-02-14,12.128,12.008,12.438,11.898,1279782.35,1566791.818,0.9858784893267653,,0.0
2025-02-17,11.978,12.358,12.498,11.928,1186092.18,1476809.851,0.9862729449321628,,0.0
2025-02-18,12.258,12.798,13.328,12.188,2322054.58,3031250.569,0.9867386276021588,,0.0
2025-02-19,12.798,13.518,13.788,12.678,2334899.97,3155227.967,0.987436084733382,,0.0
2025-02-20,13.478,13.148,13.498,13.028,1581657.87,2111402.316,0.987087087087087,,0.0
2025-02-21,13.148,13.238,13.418,13.068,1375165.61,1840538.333,0.98717375093214,,0.0
2025-02-24,13.108,12.848,13.108,12.628,1186700.49,1541112.901,0.98678955453149,,0.0
2025-02-25,12.548,12.578,12.878,12.458,899175.13,1150898.276,0.9865098039215686,,0.0
2025-02-26,12.668,12.638,13.018,12.548,1025688.48,1326007.629,0.9865729898516784,,0.0
2025-02-27,12.528,13.558,13.918,12.448,2749310.02,3801371.2,0.9874726875455208,,0.0
2025-02-28,13.138,12.188,13.218,12.188,1792961.75,2291990.437,0.986084142394822,,0.0
2025-03-03,11.838,11.228,11.968,11.108,1433614.2,1670522.511,0.9849122807017544,,0.0
2025-03-04,11.078,11.418,11.558,11.038,802443.03,929532.53,0.9851596203623814,,0.0
2025-03-05,11.328,11.698,11.818,11.298,835277.13,981861.037,0.9855096882898062,,0.0
2025-03-06,11.708,11.968,12.458,11.638,1029465.46,1257645.627,0.985831960461285,,0.0
2025-03-07,11.948,12.128,12.648,11.708,1164502.24,1429387.033,0.9860162601626016,,0.0
2025-03-10,12.008,11.898,12.048,11.738,681978.25,820846.669,0.9857497928748964,,0.0
2025-03-11,11.638,12.228,12.458,11.558,1083781.98,1340745.02,0.9861290322580644,,0.0
2025-03-12,12.228,12.528,12.798,12.128,1337122.18,1692960.574,0.9864566929133858,,0.0
2025-03-13,12.528,12.068,12.708,11.888,947488.3,1173928.475,0.9859477124183006,,0.0
2025-03-14,12.078,12.588,12.658,11.918,1173586.06,1475397.856,0.9865203761755486,,0.0
2025-03-17,12.748,12.698,12.818,12.528,895769.4,1150927.855,0.9866355866355866,,0.0
2025-03-18,13.028,12.788,13.358,12.748,1597179.18,2110910.637,0.9867283950617284,,0.0
2025-03-19,12.848,13.138,13.278,12.848,1524382.22,2016029.8,0.9870773854244927,,0.0
2025-03-20,13.108,13.708,14.338,12.708,2418646.76,3314898.884,0.9876080691642652,,0.0
2025-03-21,13.598,13.278,14.168,13.098,2029317.4,2819493.021,0.9872118959107806,,0.0
2025-03-24,12.948,12.308,12.958,11.938,1494269.0,1863381.951,0.9862179487179488,,0.0
2025-03-25,12.228,13.248,13.558,12.128,2236770.41,3002201.305,0.987183308494784,,0.0
2025-03-26,12.648,12.798,13.188,12.428,1566777.22,2043277.792,0.9867386276021588,,0.0
2025-03-27,12.658,12.118,12.768,12.108,1245643.0,1551212.496,0.9860048820179008,,0.0
2025-03-28,12.098,12.058,12.478,11.958,679873.9,838290.207,0.9859362224039248,,0.0
2025-03-31,11.898,11.578,11.908,11.278,764602.96,892178.679,0.9853617021276596,,0.0
2025-04-01,11.668,11.768,11.978,11.538,587216.29,699102.605,0.9855946398659966,,0.0
2025-04-02,11.658,11.648,11.928,11.548,513733.04,612814.045,0.9854483925549916,,0.0
2025-04-03,11.328,11.318,11.668,11.248,501681.25,581558.668,0.98503046127067,,0.0
2025-04-07,10.188,10.168,10.478,10.168,249390.0,259262.969,0.983365570599613,,0.0
2025-04-08,9.628,9.448,10.078,9.138,947275.94,914395.38,0.982120582120582,,0.0
2025-04-09,9.088,10.068,10.148,8.488,1051746.74,996579.553,0.983203125,,0.0
2025-04-10,11.078,11.088,11.088,10.588,964414.34,1073646.229,0.9847246891651864,,0.0
2025-04-11,11.128,11.098,11.448,11.038,1256088.2,1427669.175,0.9847382431233362,,0.0
2025-04-14,11.328,11.408,11.658,11.298,1046162.02,1216349.037,0.985146804835924,,0.0
2025-04-15,11.328,11.888,12.328,11.248,1249841.09,1482053.034,0.9857379767827528,,0.0
2025-04-16,11.678,11.648,11.978,11.528,910467.77,1084161.005,0.9854483925549916,,0.0
2025-04-17,11.498,11.528,11.818,11.428,659909.08,776281.351,0.9852991452991452,,0.0
2025-04-18,11.548,11.268,11.558,11.208,547888.82,630274.697,0.984965034965035,,0.0
2025-04-21,11.218,11.508,11.508,11.208,463872.71,536722.489,0.9852739726027396,,0.0
2025-04-22,11.478,11.348,11.538,11.338,353486.0,408756.857,0.9850694444444444,,0.0
2025-04-23,11.458,11.808,11.928,11.458,950990.35,1132313.419,0.985642737896494,,0.0
2025-04-24,11.728,11.608,11.888,11.478,594373.0,702604.776,0.9853989813242784,,0.0
2025-04-25,11.648,11.628,11.698,11.508,457605.2,539517.639,0.9854237288135592,,0.0
2025-04-28,11.928,12.178,12.718,11.848,1451649.73,1794127.175,0.9860728744939272,,0.0
2025-04-29,11.988,12.208,12.348,11.988,947542.0,1173753.091,0.9861066235864296,,0.0
2025-04-30,12.188,12.698,13.028,12.138,1341222.6,1704856.918,0.9866355866355866,,0.0
2025-05-06,12.888,13.178,13.468,12.728,1433138.78,1894213.555,0.9871161048689138,,0.0
2025-05-07,13.228,12.858,13.408,12.728,1324978.31,1745847.514,0.9867996930161166,,0.0
2025-05-08,12.778,12.858,12.958,12.738,738212.77,961562.403,0.9867996930161166,,0.0
2025-05-09,12.788,12.948,13.318,12.448,1391438.7,1813187.719,0.986890243902439,,0.0
2025-05-12,12.958,13.148,13.188,12.958,1082561.51,1434081.954,0.987087087087087,,0.0
2025-05-13,13.278,12.808,13.288,12.788,863339.7,1132303.587,0.986748844375963,,0.0
2025-05-14,12.768,12.828,13.078,12.768,703419.0,919421.747,0.9867692307692308,,0.0
2025-05-15,12.738,12.488,12.748,12.458,602040.61,765915.632,0.9864139020537124,,0.0
2025-05-16,12.428,12.638,13.028,12.398,666810.0,858470.774,0.9865729898516784,,0.0
2025-05-19,12.718,12.628,12.928,12.358,602135.29,766930.794,0.9865625,,0.0
2025-05-20,12.588,12.878,12.978,12.448,789441.81,1022952.406,0.9868199233716476,,0.0
2025-05-21,12.708,12.608,12.788,12.528,560785.0,717894.583,0.9865414710485132,,0.0
2025-05-22,12.528,12.228,12.668,12.218,514390.65,647319.686,0.9861290322580644,,0.0
2025-05-23,12.208,12.118,12.478,12.088,523202.45,652320.64,0.9860048820179008,,0.0
2025-05-26,12.098,12.518,12.668,12.068,739085.01,929054.623,0.9864460204885735,,0.0
2025-05-27,12.408,12.358,12.578,12.228,534883.0,671580.499,0.9862729449321628,,0.0
2025-05-28,12.358,12.588,12.908,12.338,972668.2,1251858.596,0.9865203761755486,,0.0
2025-05-29,12.468,12.738,12.928,12.438,893281.6,1156148.028,0.9866769945778466,,0.0
2025-05-30,12.828,12.348,12.848,12.328,661791.93,836061.435,0.9862619808306708,,0.0
2025-06-03,12.238,12.258,12.338,12.188,355863.4,442021.492,0.9861625100563152,,0.0
2025-06-04,12.268,12.298,12.368,12.248,336359.0,419478.766,0.986206896551724,,0.0
2025-06-05,12.308,12.348,12.348,12.158,395090.7,487195.175,0.9966101694915256,,0.0
2025-06-06,12.308,11.998,12.348,11.968,535368.62,650811.986,0.9965116279069768,,0.0
2025-06-09,12.078,12.148,12.228,12.058,343130.8,418684.337,0.9965545529122232,,0.0
2025-06-10,12.188,12.198,12.348,11.888,497918.23,607530.69,0.9965686274509804,,0.0
2025-06-11,12.138,12.188,12.278,12.058,408031.0,498840.873,0.9965658217497956,,0.0
2025-06-12,12.148,12.208,12.298,12.068,397231.0,487184.578,0.9965714285714286,,0.0
2025-06-13,12.118,12.008,12.148,11.948,500270.64,603851.161,0.9965145228215768,,0.0
2025-06-16,11.858,11.878,11.998,11.808,319316.0,381617.618,0.996476510067114,,0.0
2025-06-17,11.838,11.738,11.918,11.688,359711.2,424776.907,0.9964346349745332,,0.0
2025-06-18,11.688,11.598,11.718,11.488,365032.39,424750.613,0.9963917525773196,,0.0
2025-06-19,11.548,11.338,11.688,11.288,391830.52,452096.916,0.9963093145869948,,0.0
2025-06-20,11.308,11.118,11.388,11.108,303135.52,341246.012,0.9962365591397848,,0.0
2025-06-23,10.958,11.268,11.278,10.958,239837.8,269474.002,0.9962864721485412,,0.0
2025-06-24,11.268,11.558,11.608,11.248,370525.73,428530.528,0.9963793103448276,,0.0
2025-06-25,11.588,11.708,11.708,11.498,392278.6,457393.511,0.9964255319148936,,0.0
2025-06-26,11.948,11.958,12.188,11.858,851249.02,1027535.152,0.9965,,0.0
2025-06-27,11.868,11.928,12.018,11.768,443062.0,529749.195,0.9964912280701754,,0.0
2025-06-30,11.938,12.018,12.038,11.858,371293.77,445813.333,0.9965174129353234,,0.0
2025-07-01,12.018,11.978,12.108,11.928,302280.64,363740.256,0.996505823627288,,0.0
2025-07-02,11.988,11.868,11.998,11.788,306408.03,365772.183,0.9964735516372796,,0.0
2025-07-03,11.858,11.898,11.968,11.788,213426.99,254876.11,0.9964824120603016,,0.0
2025-07-04,11.908,11.858,12.028,11.798,309133.52,369281.822,0.996470588235294,,0.0
2025-07-07,11.858,11.818,11.858,11.738,211424.0,250393.559,0.9964586846543002,,0.0
2025-07-08,11.788,11.908,11.918,11.758,248441.0,295835.51,0.9964853556485356,,0.0
2025-07-09,11.938,11.858,12.098,11.838,394444.46,473912.739,0.996470588235294,,0.0
2025-07-10,11.958,11.998,12.098,11.928,526232.04,633423.161,0.9965116279069768,,0.0
2025-07-11,12.058,12.338,12.368,11.958,948936.07,1163753.343,0.9966074313408724,,0.0
2025-07-14,12.388,12.238,12.428,12.188,543424.6,668537.271,0.9965798045602606,,0.0
2025-07-15,12.248,12.228,12.458,12.128,508250.6,624367.602,0.9965770171149144,,0.0
2025-07-16,12.168,12.428,12.688,12.118,820049.9,1021293.308,0.9966319165998396,,0.0
2025-07-17,12.268,12.488,12.588,12.198,777252.2,966843.786,0.9966480446927376,,0.0
2025-07-18,12.698,13.018,13.458,12.698,1784563.59,2329570.336,0.9967840735068912,,0.0
2025-07-21,13.018,13.548,13.578,12.838,1622565.44,2136927.442,0.9969094922737308,,0.0
2025-07-22,13.758,13.558,14.758,13.548,2441529.81,3436180.775,0.9969117647058824,,0.0
2025-07-23,13.318,13.208,13.778,13.188,1413372.93,1905316.076,0.9968301886792452,,0.0
2025-07-24,13.198,13.628,13.678,13.198,1173706.7,1592307.004,0.9969275786393562,,0.0
2025-07-25,13.518,13.348,13.558,13.298,824847.01,1106899.826,0.9968633308439134,,0.0
2025-07-28,13.378,13.858,13.988,13.298,1125239.46,1546119.128,0.9969784172661872,,0.0
2025-07-29,13.858,13.808,14.098,13.618,1013741.42,1409111.503,0.9969675090252708,,0.0
2025-07-30,13.868,14.328,14.598,13.688,1378302.41,1943429.892,0.9970772442588728,,0.0
2025-07-31,14.148,14.058,14.378,13.888,1048551.69,1488811.975,0.9970212765957448,,0.0
2025-08-01,14.028,13.578,14.148,13.558,913543.39,1262995.153,0.9969162995594714,,0.0
2025-08-04,13.448,13.848,13.868,13.408,629825.49,866531.614,0.996976241900648,,0.0
2025-08-05,13.908,14.178,14.228,13.828,833974.77,1177001.377,0.9970464135021098,,0.0
2025-08-06,14.218,15.598,15.598,14.118,2025841.9,3083758.584,0.9973145780051152,,0.0
2025-08-07,16.157999999999998,17.157999999999998,17.157999999999998,15.958,3302521.54,5494306.323,0.9975581395348836,,0.0
2025-08-08,17.157999999999998,16.868,18.308,16.808,3465520.23,6037498.62,0.9975162625665286,,0.0
2025-08-11,16.958,16.767999999999997,17.337999999999997,16.537999999999997,2084073.42,3507530.494,0.997501487209994,,0.0
2025-08-12,16.778,17.208,17.508,16.778,2261888.82,3890716.74,0.9975652173913042,,0.0
2025-08-13,17.208,18.938,18.938,17.058,2311535.53,4213864.198,0.9977871443624868,,0.0
2025-08-14,19.358,19.178,20.578,18.868,3078547.0,6035857.472,0.9978147762747136,,0.0
2025-08-15,18.838,18.978,20.048,18.738,2558976.28,4946120.512,0.9977917981072556,,0.0
2025-08-18,18.858,18.938,19.448,18.668,2146056.41,4078358.391,0.9977871443624868,,0.0
2025-08-19,18.958,19.248,19.758,18.078,2596673.23,4930171.586,0.9978227060653188,,0.0
2025-08-20,18.958,19.658,20.798,18.568,2482146.95,4939731.443,0.9978680203045684,,0.0
2025-08-21,19.758,18.048,19.758,18.028,2269676.34,4224190.014,0.9976782752902156,,0.0
2025-08-22,18.098,18.338,18.598,17.767999999999997,1490789.86,2710833.336,0.9977149075081608,,0.0
2025-08-25,18.708,20.178,20.178,18.708,2084890.77,4120165.115,0.9979228486646884,,0.0
2025-08-26,20.558,19.568,20.898,19.568,2801027.42,5653313.573,0.9978582355940846,,0.0
2025-08-27,20.038,19.708,20.858,19.658,2411992.76,4920275.493,0.9978734177215188,,0.0
2025-08-28,19.118,19.538,19.588,18.858,1763724.82,3397151.422,0.9978549540347292,,0.0
2025-08-29,19.538,18.758,19.548,18.588,1323476.74,2506748.204,0.9977659574468084,,0.0
2025-09-01,18.658,18.608,19.038,18.498,842874.45,1574183.06,0.9977479892761392,,0.0
2025-09-02,18.678,17.848,18.748,17.348,1366410.46,2440780.687,0.9976523197316935,,0.0
2025-09-03,17.868,17.218,18.068,17.177999999999997,795300.36,1395139.014,0.9975666280417148,,0.0
2025-09-04,17.348,16.628,17.537999999999997,16.287999999999997,859667.1,1461287.044,0.99748050389922,,0.0
2025-09-05,16.628,17.238,17.258,16.398,730523.27,1240174.048,0.9975694444444444,,0.0
2025-09-08,17.238,17.438,17.598,17.067999999999998,751277.11,1306396.165,0.9975972540045766,,0.0
2025-09-09,17.308,16.938,17.387999999999998,16.817999999999998,571920.18,976556.195,0.9975265017667844,,0.0
2025-09-10,16.938,16.947999999999997,17.168,16.787999999999997,427511.23,727837.832,0.9975279576221304,,0.0
2025-09-11,16.848,17.528,17.528,16.778,794372.14,1374478.637,0.997609561752988,,0.0
2025-09-12,17.537999999999997,17.747999999999998,18.068,17.278,1049564.2,1872874.006,0.9976391231028668,,0.0
2025-09-15,17.747999999999998,17.438,17.758,17.407999999999998,580519.57,1020106.799,0.9975972540045766,,0.0
2025-09-16,17.348,17.898,17.958,17.328,829681.61,1470997.379,0.997658862876254,,0.0
2025-09-17,18.158,18.978,19.258,18.018,1724727.46,3239792.447,0.9977917981072556,,0.0
2025-09-18,18.838,18.298,19.038,17.938,1531175.65,2860006.052,0.997709923664122,,0.0
2025-09-19,18.258,17.618,18.268,17.508,815697.16,1458177.732,0.99762174405436,,0.0
2025-09-22,17.598,17.747999999999998,18.008,17.488,520860.22,924788.591,0.9976391231028668,,0.0
2025-09-23,17.758,18.538,18.808,17.208,1480283.19,2704169.605,0.9977395048439182,,0.0
2025-09-24,18.758,19.248,19.458,18.278,1653856.55,3169623.344,0.9978227060653188,,0.0
2025-09-25,19.258,18.728,19.258,18.618,1085856.78,2048154.241,0.9977623867874268,,0.0
2025-09-26,18.588,17.977999999999998,18.788,17.938,759838.42,1395070.088,0.997669256381798,,0.0
2025-09-29,17.977999999999998,18.028,18.208,17.758,565544.47,1019527.687,0.9976757055893746,,0.0
2025-09-30,18.158,17.977999999999998,18.398,17.968,543398.36,986123.029,0.997669256381798,,0.0
2025-10-09,18.108,18.758,18.758,18.108,907596.25,1687551.977,0.9977659574468084,,0.0
2025-10-10,18.758,18.708,19.098,18.558,897611.36,1690709.58,0.99776,,0.0
2025-10-13,17.468,18.438,18.558,17.468,844689.09,1514064.606,0.9977272727272728,,0.0
2025-10-14,18.458,18.268,19.148,18.168,843792.5,1578479.097,0.9977061714909884,,0.0
2025-10-15,18.158,18.878,18.928,17.607999999999997,999491.43,1839227.473,0.9977801268498944,,0.0
2025-10-16,18.708,18.058,18.708,17.958,740632.94,1351942.911,0.9976795580110496,,0.0
2025-10-17,17.958,17.218,17.958,17.188,538647.74,949413.449,0.9975666280417148,,0.0
2025-10-20,17.447999999999997,16.968,17.567999999999998,16.738,519891.37,893745.848,0.9975308641975308,,0.0
2025-10-21,16.988,17.418,17.578,16.677999999999997,470287.97,806575.121,0.997594501718213,,0.0
2025-10-22,17.508,17.798,18.048,17.337999999999997,671253.58,1194905.937,0.9976457399103138,,0.0
2025-10-23,17.458,17.208,17.458,16.977999999999998,470052.98,810051.504,0.9975652173913042,,0.0
2025-10-24,17.438,17.677999999999997,18.038,17.317999999999998,577816.6,1021953.077,0.9976297968397292,,0.0
2025-10-27,17.968,17.787999999999997,18.218,17.668,575036.27,1030384.765,0.9976444195176668,,0.0
2025-10-28,17.758,17.857999999999997,18.118,17.618,545188.43,978905.332,0.997653631284916,,0.0
2025-10-29,17.907999999999998,18.148,18.198,17.808,643066.35,1163043.993,0.9976910390324352,,0.0
2025-10-30,18.158,17.558,18.308,17.558,650277.18,1164609.108,0.9976136363636364,,0.0
2025-10-31,17.828,18.958,19.318,17.828,2501720.83,4784014.494,0.9977894736842104,,0.0
2025-11-03,19.818,20.858,20.858,19.508,3118474.52,6358037.792,0.9979904306220096,,0.0
2025-11-04,20.278,21.318,21.908,19.448,3147353.67,6443961.994,0.9980337078651684,,0.0
2025-11-05,20.498,21.798,22.288,20.498,2564913.34,5573181.121,0.998076923076923,,0.0
2025-11-06,21.388,21.168,22.238,20.858,1987926.16,4266905.919,0.998019801980198,,0.0
2025-11-07,20.808,19.948,21.108,19.918,1730527.38,3520896.201,0.9978989494747372,,0.0
2025-11-10,20.168,19.878,20.758,19.558,1416426.77,2852099.198,0.99789156626506,,0.0
2025-11-11,19.908,19.658,20.178,19.608,864993.19,1721080.276,0.9978680203045684,,0.0
2025-11-12,19.468,18.938,19.638,18.718,1015232.28,1939855.792,0.9977871443624868,,0.0
2025-11-13,18.948,18.968,19.048,18.638,794187.27,1501007.334,0.9977906365071014,,0.0
2025-11-14,18.668,17.977999999999998,18.668,17.958,924089.08,1692086.375,0.997669256381798,,0.0
2025-11-17,17.988,18.218,18.298,17.988,526672.79,959234.055,0.9976998904709748,,0.0
2025-11-18,18.078,17.868,18.358,17.817999999999998,565302.4,1020537.028,0.9976549413735344,,0.0
2025-11-19,17.808,17.868,18.038,17.697999999999997,445101.17,796213.973,0.9976549413735344,,0.0
2025-11-20,18.078,17.968,18.408,17.958,648377.16,1177253.172,0.997667962243198,,0.0
2025-11-21,17.558,17.157999999999998,17.697999999999997,17.058,741360.72,1289449.271,0.9975581395348836,,0.0
2025-11-24,17.247999999999998,17.278,17.407999999999998,16.677999999999997,655836.19,1117256.349,0.9975750577367204,,0.0
2025-11-25,17.357999999999997,17.308,17.637999999999998,17.227999999999998,555141.98,969509.599,0.997579250720461,,0.0
2025-11-26,17.278,17.528,17.637999999999998,17.107999999999997,588624.99,1029889.985,0.997609561752988,,0.0
2025-11-27,17.528,17.548,17.798,17.368,484680.1,855657.453,0.9976122797043774,,0.0
2025-11-28,17.907999999999998,18.358,18.388,17.558,1048205.3,1903554.223,0.9977173913043478,,0.0
2025-12-01,20.198,20.198,20.198,20.188,501665.35,1015370.65,0.9979249011857708,,0.0
2025-12-02,20.408,19.288,20.458,19.278,1665143.48,3277406.962,0.9978272115882048,,0.0
2025-12-03,19.458,18.398,19.458,18.348,978790.83,1827537.238,0.9977223427331886,,0.0
2025-12-04,18.678,18.698,19.108,18.458,973308.1,1832834.765,0.9977588046958376,,0.0
2025-12-05,18.368,18.528,18.648,17.857999999999997,790851.07,1448369.979,0.9977382875605816,,0.0
2025-12-08,18.538,18.628,18.718,18.438,670321.44,1249937.65,0.9977504017139796,,0.0
2025-12-09,18.448,18.038,18.498,18.008,644584.78,1176214.476,0.9976769911504424,,0.0
2025-12-10,17.887999999999998,17.988,18.058,17.778,409222.44,734166.262,0.9976705490848584,,0.0
2025-12-11,17.988,17.558,18.038,17.558,440999.62,784539.654,0.9976136363636364,,0.0
2025-12-12,17.618,18.158,18.208,17.598,626639.37,1129837.575,0.9976923076923075,,0.0
2025-12-15,18.058,17.688,18.068,17.648,438803.15,783075.811,0.9976311336717428,,0.0
2025-12-16,17.528,17.188,17.657999999999998,17.107999999999997,408730.36,707781.822,0.9975623911781776,,0.0
2025-12-17,17.208,17.508,17.618,17.168,343895.11,598389.273,0.9976068376068375,,0.0
2025-12-18,17.328,17.317999999999998,17.607999999999997,17.267999999999997,270771.57,473429.601,0.9975806451612902,,0.0
2025-12-19,17.558,17.637999999999998,17.738,17.468,310394.2,548618.516,0.9976244343891402,,0.0
2025-12-22,17.887999999999998,18.098,18.148,17.738,571764.1,1028000.213,0.9976846747519292,,0.0
2025-12-23,17.918,17.688,17.958,17.558,403188.94,717069.379,0.9976311336717428,,0.0
2025-12-24,17.607999999999997,17.778,17.808,17.477999999999998,289634.42,514262.254,0.9976430976430976,,0.0
2025-12-25,17.778,18.858,19.518,17.747999999999998,1266404.5,2365296.592,0.9977777777777777,,0.0
2025-12-26,18.648,18.388,18.658,18.218,804353.34,1485310.571,0.9977211068909386,,0.0
2025-12-29,18.458,18.458,18.818,18.328,721557.59,1341953.774,0.9977297297297296,,0.0
2025-12-30,18.308,19.098,19.218,18.238,1077030.05,2035141.762,0.9978056426332288,,0.0
2025-12-31,19.108,19.178,19.448,18.708,867651.33,1652336.236,0.9978147762747136,,0.0
2026-01-05,18.908,19.018,19.168,18.808,656022.65,1249347.294,0.9977964323189926,,0.0
2026-01-06,19.078,19.468,19.808,18.928,1034566.75,2007123.107,0.9978472578165044,,0.0
2026-01-07,19.238,19.168,19.538,18.938,867234.51,1670171.139,0.997813638729828,,0.0
2026-01-08,19.048,19.238,19.588,18.968,731379.0,1416836.065,0.9978215767634854,,0.0
2026-01-09,19.498,19.898,19.948,19.348,1129086.97,2230940.659,0.9978936810431293,,0.0
2026-01-12,20.058,19.898,20.138,19.688,1026370.21,2043634.512,0.9978936810431293,,0.0
2026-01-13,19.908,19.278,20.268,19.168,1078743.73,2125707.723,0.9978260869565216,,0.0
2026-01-14,19.218,19.308,20.048,19.158,1092549.61,2146123.221,0.997829457364341,,0.0
2026-01-15,19.108,19.158,19.408,18.878,554406.97,1061361.63,0.9978125,,0.0
2026-01-16,19.318,19.618,19.838,19.308,753761.49,1482727.81,0.9978636826042726,,0.0
2026-01-19,19.668,19.748,20.148,19.518,684902.91,1357528.44,0.997877716018191,,0.0
2026-01-20,19.678,19.558,20.058,19.238,653974.96,1281115.587,0.9978571428571428,,0.0
2026-01-21,19.408,19.628,19.918,19.368,531261.35,1048752.645,0.997864768683274,,0.0
2026-01-22,19.758,19.458,19.938,19.378,554873.93,1089930.087,0.9978461538461536,,0.0
2026-01-23,19.418,19.758,19.898,19.378,652778.45,1290517.656,0.9978787878787878,,0.0
2026-01-26,19.818,18.858,19.898,18.728,851990.05,1634634.41,0.9977777777777777,,0.0
2026-01-27,18.768,18.488,18.798,17.968,573768.64,1053259.512,0.9977334052887208,,0.0
2026-01-28,18.518,18.168,18.558,18.108,369724.99,675175.338,0.9976935749588136,,0.0
2026-01-29,18.108,17.918,18.268,17.758,372906.76,673667.096,0.9976614699331848,,0.0
2026-01-30,17.787999999999997,17.878,18.078,17.618,327781.82,586858.48,0.99765625,,0.0
2026-02-02,18.158,17.628,18.158,17.618,321459.91,577710.883,0.997623089983022,,0.0
2026-02-03,17.898,18.128,18.128,17.697999999999997,288704.84,518896.354,0.99768849752339,,0.0
2026-02-04,18.008,18.008,18.028,17.808,232801.43,418531.287,0.9976731301939056,,0.0
2026-02-05,17.947999999999997,17.697999999999997,17.947999999999997,17.637999999999998,211843.75,376837.706,0.9976324689966176,,0.0
2026-02-06,17.618,17.718,17.938,17.468,234809.95,418235.807,0.997635135135135,,0.0
2026-02-09,17.938,17.997999999999998,18.018,17.817999999999998,250948.55,450724.661,0.9976718403547672,,0.0
2026-02-10,17.997999999999998,18.058,18.148,17.898,275048.62,497172.91,0.9976795580110496,,0.0
2026-02-11,18.028,17.898,18.028,17.868,197329.23,354759.389,0.997658862876254,,0.0
2026-02-12,17.868,17.988,18.108,17.857999999999997,230563.23,416065.966,0.9976705490848584,,0.0
2026-02-13,17.958,17.927999999999997,18.208,17.868,312381.61,565435.798,0.9976627712854758,,0.0
2026-02-24,18.168,17.988,18.208,17.828,278069.1,500918.323,0.9976705490848584,,0.0
2026-02-25,18.018,18.078,18.118,17.878,292274.81,527769.871,0.997682119205298,,0.0
2026-02-26,18.078,17.898,18.078,17.868,282137.9,506749.865,0.997658862876254,,0.0
2026-02-27,17.898,18.048,18.098,17.767999999999997,301523.65,543114.016,0.9976782752902156,,0.0
2026-03-02,17.758,17.328,17.817999999999998,17.317999999999998,483871.24,848272.485,0.9975820379965455,,0.0
2026-03-03,17.357999999999997,16.458,17.458,16.458,431675.51,729439.758,0.9974545454545454,,0.0
2026-03-04,16.287999999999997,16.447999999999997,16.697999999999997,16.258,243970.54,403177.104,0.9974530018192844,,0.0
2026-03-05,16.718,16.798,16.997999999999998,16.657999999999998,275146.8,463729.291,0.9975059382422802,,0.0
2026-03-06,16.718,16.758,16.868,16.668,173426.01,291712.272,0.9975,,0.0
2026-03-09,16.537999999999997,16.578,16.618,16.118,288284.31,471884.693,0.9974729241877256,,0.0
2026-03-10,16.727999999999998,17.008,17.008,16.727999999999998,260625.98,441954.199,0.9975366568914956,,0.0
2026-03-11,17.008,17.028,17.137999999999998,16.938,217236.59,371009.863,0.9975395430579964,,0.0
2026-03-12,17.188,17.278,17.407999999999998,17.058,331656.12,573395.364,0.9975750577367204,,0.0
2026-03-13,17.137999999999998,16.878,17.177999999999997,16.837999999999997,214945.57,365521.58,0.9975177304964538,,0.0
2026-03-16,16.767999999999997,16.868,16.927999999999997,16.657999999999998,129173.1,217497.271,0.9975162625665286,,0.0
2026-03-17,16.907999999999998,16.767999999999997,17.098,16.738,183714.44,311438.619,0.997501487209994,,0.0
2026-03-18,16.778,16.677999999999997,16.857999999999997,16.477999999999998,182531.55,304398.096,0.997488038277512,,0.0
2026-03-19,16.447999999999997,16.168,16.447999999999997,16.098,200738.2,327103.355,0.9974090067859344,,0.0
2026-03-20,16.168,16.927999999999997,17.447999999999997,16.048,556644.66,943991.031,0.9975250441956393,,0.0
2026-03-23,16.718,16.718,17.247999999999998,16.537999999999997,478857.72,815589.462,0.9974940334128878,,0.0
2026-03-24,17.017999999999997,16.988,17.188,16.337999999999997,354115.44,597217.554,0.9975337639459776,,0.0
2026-03-25,16.997999999999998,17.017999999999997,17.098,16.837999999999997,289539.85,493187.556,0.997538100820633,,0.0
2026-03-26,17.017999999999997,17.878,17.887999999999998,16.997999999999998,782216.05,1374906.31,0.99765625,,0.0
2026-03-27,17.488,17.657999999999998,17.758,17.387999999999998,400034.67,706320.566,0.9976271186440676,,0.0
2026-03-30,17.708,17.907999999999998,17.907999999999998,17.458,360373.5,640760.99,0.9976601671309192,,0.0
2026-03-31,18.318,17.947999999999997,18.438,17.637999999999998,534426.24,967192.396,0.9976653696498052,,0.0
2026-04-01,18.108,17.767999999999997,18.188,17.688,324269.99,580005.026,0.99764177428411,,0.0
2026-04-02,17.738,17.468,18.078,17.447999999999997,352249.64,625994.394,0.9976013706453454,,0.0
2026-04-03,17.477999999999998,16.868,17.578,16.837999999999997,302770.12,523623.819,0.9975162625665286,,0.0
2026-04-07,16.938,16.787999999999997,17.107999999999997,16.727999999999998,244884.62,414208.845,0.9975044563279856,,0.0
2026-04-08,17.037999999999997,17.587999999999997,17.607999999999997,17.037999999999997,368267.82,641091.74,0.9976176971072036,,0.0
2026-04-09,17.418,17.148,17.418,17.087999999999997,270945.68,467585.92,0.9975567190226876,,0.0
2026-04-10,17.267999999999997,17.337999999999997,17.607999999999997,17.218,251062.06,438201.491,0.9975834292289988,,0.0
2026-04-13,17.177999999999997,17.258,17.387999999999998,17.148,155105.83,268367.377,0.99757225433526,,0.0
2026-04-14,17.727999999999998,17.537999999999997,17.798,17.357999999999997,296343.49,521487.374,0.9976109215017064,,0.0
2026-04-15,17.548,17.208,17.718,17.107999999999997,280508.87,488899.441,0.9975652173913042,,0.0
2026-04-16,17.227999999999998,17.808,17.837999999999997,17.197999999999997,356926.4,626822.597,0.9976470588235292,,0.0
2026-04-17,17.787999999999997,17.868,17.947999999999997,17.657999999999998,300161.14,537250.288,0.9976549413735344,,0.0
2026-04-20,17.848,17.887999999999998,18.008,17.618,263327.74,470455.172,0.9976575571667596,,0.0
2026-04-21,17.808,17.677999999999997,17.808,17.528,235735.71,416886.724,0.9976297968397292,,0.0
2026-04-22,17.868,17.968,18.028,17.738,362774.62,651676.432,0.997667962243198,,0.0
2026-04-23,18.028,17.648,18.058,17.517999999999997,334135.4,593604.301,0.9976257772752968,,0.0
2026-04-24,17.558,17.488,17.787999999999997,17.328,247839.3,435161.639,0.9976041072447231,,0.0
2026-04-27,16.868,17.058,17.348,16.637999999999998,429850.18,734344.66,0.9975438596491228,,0.0
2026-04-28,16.968,16.328,17.017999999999997,16.258,405481.77,671206.333,0.9974343310934636,,0.0
2026-04-29,16.337999999999997,16.727999999999998,16.938,16.328,242595.04,407056.474,0.9974955277280858,,0.0
2026-04-30,16.668,17.157999999999998,17.508,16.637999999999998,296254.83,506821.73,0.9975581395348836,,0.0
2026-05-06,17.177999999999997,17.497999999999998,17.607999999999997,17.157999999999998,299796.98,525773.809,0.9976054732041048,,0.0
2026-05-07,17.497999999999998,18.148,18.338,17.287999999999997,583661.39,1047066.254,0.9976910390324352,,0.0
2026-05-08,17.997999999999998,18.838,19.308,17.938,858192.1,1623761.508,0.9977754237288134,,0.0
2026-05-11,18.838,19.288,19.628,18.688,761136.95,1476648.617,0.9978272115882048,,0.0
2026-05-12,19.288,18.748,19.288,18.578,519500.43,980208.985,0.9977647684938796,,0.0
2026-05-13,18.688,18.448,18.748,18.358,377153.0,697696.297,0.997728501892915,,0.0
2026-05-14,18.55,17.91,18.67,17.9,410550.92,748815.796,1.0,,0.0
2026-05-15,17.96,18.39,19.0,17.7,553489.06,1015360.689,1.0,,0.0
2026-05-18,18.49,19.38,19.95,18.22,1014895.49,1951232.811,1.0,,0.0
2026-05-19,19.22,20.35,20.77,19.1,1220429.02,2442687.183,1.0,,0.0
2026-05-20,20.16,18.87,20.16,18.85,1249133.11,2405600.115,1.0,,0.0
2026-05-21,19.03,18.69,19.78,18.68,842025.13,1613470.158,1.0,,0.0
2026-05-22,18.76,19.17,19.46,18.45,607554.83,1152301.869,1.0,,0.0
2026-05-25,19.41,19.1,19.75,19.07,633895.69,1225079.549,1.0,,0.0
2026-05-26,19.07,18.98,19.56,18.73,630635.67,1206413.684,1.0,,0.0
2026-05-27,18.92,18.02,19.04,17.84,586623.81,1076166.452,1.0,,0.0
2026-05-28,17.93,17.74,17.98,17.31,431984.86,761861.044,1.0,,0.0
2026-05-29,17.74,16.74,17.79,16.65,572792.12,977227.70297,1.0,,0.0
2026-06-01,16.78,16.83,17.29,16.67,340964.57,579039.00421,1.0,,0.0
2026-06-02,16.97,17.3,17.87,16.57,600709.02,1034810.37119,1.0,,0.0
2026-06-03,17.13,18.01,18.68,17.04,807879.16,1465431.40149,1.0,,0.0
2026-06-04,17.8,17.6,18.12,17.52,380236.0,675766.3,1.0,,0.0
2026-06-05,17.79,18.43,19.24,17.28,851288.12,1553383.207,1.0,,0.0
2026-06-08,18.04,18.1,18.71,17.91,594620.0,1085139.50356,1.0,,0.0
2026-06-09,18.21,18.51,18.71,17.82,503445.53,915688.81446,1.0,,0.0
2026-06-10,18.32,17.42,18.33,17.36,446403.77,791239.36071,1.0,,0.0
2026-06-11,17.3,17.02,17.55,16.95,290763.19,497900.75691,1.0,,0.0
2026-06-12,17.25,18.41,18.72,17.09,1062436.85,1958914.75093,1.0,,0.0
2026-06-15,18.2,18.63,18.76,18.11,822390.05,1519788.67737,1.0,,0.0
2026-06-16,18.73,18.46,18.89,18.34,492563.56,915420.13823,1.0,,0.0
2026-06-17,18.38,18.18,18.4,18.01,419114.4,761501.26803,1.0,,0.0
2026-06-18,18.18,18.74,19.17,18.18,592344.28,1109025.45392,1.0,,0.0
2026-06-22,18.69,18.41,18.85,17.91,553384.21,1014157.63239,1.0,,0.0
2026-06-24,17.99,17.81,18.1,17.44,365727.88,647723.25908,1.0,,0.0
2026-06-25,17.71,17.25,18.0,17.1,424926.27,739852.3086,1.0,,0.0
2026-06-26,17.2,17.02,17.68,16.84,366783.91,631801.71885,1.0,,0.0
2026-06-29,17.05,17.2,17.2,16.66,292752.36,498366.76725,1.0,,0.0
2026-06-30,17.2,17.66,17.8,17.12,335929.65,586684.21926,1.0,,0.0
2026-07-01,17.46,17.47,17.73,17.35,329121.69,576970.74262,1.0,,0.0
2026-07-03,17.4,18.18,18.39,17.39,586642.93,1054775.75629,1.0,,0.0
2026-07-06,18.03,17.5,18.07,17.49,378558.19,671420.65405,1.0,,0.0
2026-07-07,17.45,17.68,17.76,17.22,261619.57,458491.14647,1.0,,0.0
2026-07-08,17.51,17.01,17.67,17.0,234651.55,407321.60494,1.0,,0.0
2026-07-09,17.02,17.28,17.28,16.91,187566.02,321318.53735,1.0,,0.0
2026-07-10,17.29,17.31,17.49,17.11,201943.18,349331.54302,1.0,,0.0
2026-07-13,17.39,16.43,17.59,16.43,452545.97,771701.52195,1.0,,0.0
2026-07-14,16.37,15.21,16.38,14.79,579681.28,880994.39159,1.0,,0.0
2026-07-15,15.15,15.02,15.35,14.61,297793.58,446370.19829,1.0,,0.0
2026-07-16,15.0,14.98,15.26,14.8,222718.77,334712.28676,1.0,,0.0
2026-07-17,14.9,14.15,15.17,14.13,357383.4,522232.23329,1.0,,0.0
2026-07-20,14.27,13.9,14.52,13.36,328327.75,457218.33072,1.0,,0.0
2026-07-21,13.89,14.39,14.49,13.56,301623.61,426274.51609,1.0,,0.0
2026-07-22,14.34,14.02,14.46,13.94,241226.66,341573.54466,1.0,,0.0
2026-07-23,14.0,14.42,14.43,13.92,196113.38,278635.52026,1.0,,0.0
2026-07-24,14.2,14.12,14.39,13.99,148827.57,210870.78158,1.0,,0.0
2026-07-27,14.1,14.93,14.95,14.1,287367.7,421280.17681,1.0,,0.0
2026-07-28,15.1,15.13,15.18,14.55,524536.16,783597.12764,1.0,,0.0
2026-07-29,15.0,15.94,16.27,14.98,544288.73,850433.16524,1.0,,0.0
2026-07-30,15.72,15.69,16.09,15.65,400648.55,634667.89888,1.0,,0.0
2026-07-31,15.95,15.97,16.2,15.77,396423.73,633840.88458,1.0,,0.0
2026-08-03,15.97,16.51,16.67,15.9,377874.86,622121.54277,1.0,,0.0
2026-08-04,16.51,16.59,16.7,16.35,301947.46,499390.33402,1.0,,0.0
2026-08-05,16.59,16.51,16.79,16.4,332290.51,549966.34355,1.0,,0.0
2026-08-06,16.41,16.19,16.55,16.14,312989.08,510874.54147,1.0,,0.0
2026-08-07,16.21,16.27,16.44,16.11,256077.42,415945.38717,1.0,,0.0
2026-08-10,16.28,16.15,16.33,15.93,237604.8,382495.37186,1.0,,0.0
2026-08-11,16.02,15.96,16.18,15.88,252143.05,403480.31035,1.0,,0.0
2026-08-12,15.91,15.96,16.03,15.88,171548.82,273566.89025,1.0,1.7087,0.0
2026-08-13,16.0,15.65,16.02,15.65,245482.28,388873.24646,1.0,2.45,0.0
2026-08-14,15.65,15.46,15.77,15.33,199306.6,308680.2486,1.0,1.99,0.0
2026-08-17,15.46,15.67,15.77,15.31,218906.17,339310.364,1.0,0.0,0.0
2026-08-18,15.6,16.35,16.43,15.45,571818.18,918380.15409,1.0,0.0,0.0
2026-08-19,16.1,14.95,16.1,14.86,458641.72,704649.17562,1.0,0.0,0.0
2026-08-20,14.98,14.75,15.07,14.68,223302.9,331637.29051,1.0,1.8344,2.2242
2026-08-21,14.7,14.95,15.07,14.52,148637.49,220425.34245,1.0,1.2211,1.4805
2026-08-24,14.96,14.46,15.0,14.35,190674.5,277239.0045,1.0,1.5664,1.8992
2026-08-25,14.32,14.67,14.76,14.32,149236.01,217940.70688,1.0,1.226,1.4865
2026-08-26,14.7,14.65,14.87,14.62,148214.18,218156.88816,1.0,1.2176,1.4763
2026-08-27,14.6,14.75,14.79,14.54,139745.72,205149.5892,1.0,1.148,1.3919
2026-08-28,14.74,14.9,15.03,14.72,204796.52,305747.10746,1.0,1.6824,2.0399
2026-08-31,14.79,15.23,15.24,14.74,213853.57,322365.42788,1.0,1.7568,2.1301
2026-09-01,15.21,15.08,15.29,15.04,163897.85,247847.95015,1.0,1.3464,1.6325
2026-09-02,15.0,14.97,15.1,14.85,142003.99,212660.99917,1.0,1.1666,1.4144
2026-09-03,15.05,14.96,15.14,14.9,115407.23,173409.70053,1.0,0.9481,1.1495
2026-09-04,15.07,14.77,15.13,14.72,141319.25,211447.73817,1.0,1.1609,1.4076
2026-09-07,14.71,14.82,14.96,14.69,114016.06,169210.63016,1.0,0.9366,1.1357
2026-09-08,14.8,14.62,14.81,14.61,144554.38,212205.92433,1.0,1.1875,1.4398
2026-09-09,14.58,14.52,14.66,14.46,108530.23,157883.54879,1.0,0.8916,1.081
2026-09-10,14.45,14.2,14.46,14.16,135718.19,193472.03222,1.0,1.1149,1.3518
2026-09-11,14.06,13.96,14.12,13.81,136223.79,189811.34626,1.0,1.1191,1.3569
2026-09-14,13.89,13.88,14.08,13.82,99293.0,138400.385,1.0,0.8157,0.989
2026-09-15,13.88,13.72,13.9,13.71,93505.19,128957.00719,1.0,0.7681,0.9314
2026-09-16,13.68,13.82,13.87,13.5,119285.02,163691.89358,1.0,0.9799,1.1881
