date,open,close,high,low,volume,money,factor,turnover,turnover_free
2021-05-10,22.49,22.0,22.51,21.92,8523.19,19752.793,0.9548611111111112,,0.0
2021-05-11,21.91,22.14,22.17,21.86,7474.0,17243.891,0.9551337359792924,,0.0
2021-05-12,22.11,22.14,22.24,21.98,6025.0,13963.541,0.9551337359792924,,0.0
2021-05-13,21.97,21.76,22.14,21.65,10575.1,24258.944,0.9543859649122808,,0.0
2021-05-14,21.9,22.34,22.34,21.76,16415.79,38049.68,0.9555175363558598,,0.0
2021-05-17,22.380000000000003,22.18,22.51,22.08,10903.0,25371.278,0.9552110249784668,,0.0
2021-05-18,22.11,21.99,22.14,21.76,8360.0,19222.28,0.954841511072514,,0.0
2021-05-19,21.99,22.380000000000003,23.96,21.87,19713.0,46617.983,0.9555935098206662,,0.0
2021-05-20,22.07,21.87,22.34,21.78,15530.16,35712.829,0.9546049759930162,,0.0
2021-05-21,21.69,21.81,22.01,21.69,8235.03,18833.728,0.9544857768052516,,0.0
2021-05-24,21.79,21.95,21.98,21.69,8633.65,19789.484,0.9547629404088734,,0.0
2021-05-25,21.96,22.02,22.04,21.85,5922.0,13613.025,0.9549002601908066,,0.0
2021-05-26,22.06,22.11,22.130000000000003,21.89,6176.19,14269.005,0.955075593952484,,0.0
2021-05-27,22.11,22.45,22.45,21.98,9794.19,22855.389,0.955725840783312,,0.0
2021-05-28,22.34,22.21,22.62,22.17,7580.0,17709.612,0.9552688172043012,,0.0
2021-05-31,22.21,22.36,22.5,22.11,10109.16,23567.769,0.9555555555555556,,0.0
2021-06-01,22.37,22.62,22.69,22.11,12271.24,28845.762,0.956043956043956,,0.0
2021-06-02,22.62,22.27,22.65,22.19,9414.35,22060.089,0.9553839553839554,,0.0
2021-06-03,22.28,22.47,22.77,22.22,12844.2,30357.965,0.9557635048915356,,0.0
2021-06-04,22.47,22.58,22.73,22.32,8929.48,21044.888,0.955969517358171,,0.0
2021-06-07,22.99,23.67,23.97,22.88,29770.78,72827.558,0.9637622149837132,,0.0
2021-06-08,23.51,23.92,24.08,23.2,24366.4,60340.135,0.9641273679967756,,0.0
2021-06-09,23.99,23.42,24.07,23.38,16062.7,39383.85,0.9633895516248456,,0.0
2021-06-10,23.3,23.81,23.91,23.3,17823.99,43825.62,0.9639676113360324,,0.0
2021-06-11,23.81,23.49,23.92,23.41,14728.63,36101.755,0.9634946677604592,,0.0
2021-06-15,24.49,25.93,25.93,24.41,90937.09,239706.107,0.9668158090976884,,0.0
2021-06-16,26.1,24.79,26.13,24.79,74605.36,194270.303,0.965342679127726,,0.0
2021-06-17,24.79,24.85,25.08,24.31,36091.0,92749.702,0.9654234654234654,,0.0
2021-06-18,24.8,24.36,24.84,24.33,30728.83,77892.796,0.9647524752475248,,0.0
2021-06-21,24.29,24.48,24.6,24.11,24562.68,61998.026,0.96491919590067,,0.0
2021-06-22,25.41,25.14,25.59,24.61,36526.01,94700.926,0.9658086822896658,,0.0
2021-06-23,25.12,25.72,25.9,24.92,40238.51,106189.27,0.966553927095077,,0.0
2021-06-24,25.61,25.13,25.7,25.09,23961.0,62846.665,0.9657955418908531,,0.0
2021-06-25,25.11,24.69,25.25,24.46,23458.17,60107.316,0.9652071931196248,,0.0
2021-06-28,24.73,24.97,25.39,24.59,20011.69,51840.919,0.965583913379737,,0.0
2021-06-29,24.81,24.66,25.08,24.41,19516.12,50024.243,0.9651663405088062,,0.0
2021-06-30,24.59,24.73,24.9,24.53,13998.31,35878.259,0.9652615144418424,,0.0
2021-07-01,24.76,24.05,24.76,23.99,15472.75,39038.653,0.9643143544506816,,0.0
2021-07-02,24.02,23.81,24.57,23.67,12942.84,32097.081,0.9639676113360324,,0.0
2021-07-05,23.98,24.16,24.36,23.95,11041.5,27637.818,0.9644710578842316,,0.0
2021-07-06,24.09,24.79,24.81,23.91,18070.0,45980.24,0.965342679127726,,0.0
2021-07-07,24.62,24.86,24.96,24.37,13532.26,34640.72,0.9654368932038836,,0.0
2021-07-08,24.76,24.88,25.03,24.65,13209.01,33985.426,0.96546371750097,,0.0
2021-07-09,24.87,24.68,24.96,24.55,11970.0,30676.222,0.9651935862338678,,0.0
2021-07-12,24.87,25.34,25.34,24.82,23955.76,62240.879,0.9660693861990088,,0.0
2021-07-13,25.38,24.9,25.69,24.84,23358.39,60959.274,0.9654905001938736,,0.0
2021-07-14,24.78,25.68,26.28,24.78,38827.76,103260.14,0.9665035754610464,,0.0
2021-07-15,26.61,26.39,26.7,25.72,53813.74,145862.557,0.967375366568915,,0.0
2021-07-16,26.27,25.72,26.33,25.71,33288.21,89529.731,0.966553927095077,,0.0
2021-07-19,25.89,27.41,28.0,25.41,67132.95,186207.698,0.9685512367491166,,0.0
2021-07-20,26.96,26.92,27.7,26.69,35996.63,100442.321,0.9679971233369292,,0.0
2021-07-21,26.95,26.96,27.09,26.59,31414.71,87066.215,0.9680430879712748,,0.0
2021-07-22,26.96,26.38,27.07,26.38,26379.0,72340.504,0.9673634030069672,,0.0
2021-07-23,26.39,27.05,27.06,26.29,30661.36,84646.53,0.9681460272011452,,0.0
2021-07-26,26.83,26.62,27.47,26.41,30199.24,83973.895,0.9676481279534714,,0.0
2021-07-27,26.62,26.61,27.56,26.54,40339.32,112889.224,0.9676363636363636,,0.0
2021-07-28,26.41,25.61,26.41,25.37,31689.56,84440.813,0.9664150943396226,,0.0
2021-07-29,25.9,26.6,27.06,25.86,34842.07,95881.176,0.9676245907602764,,0.0
2021-07-30,26.46,27.31,27.39,26.28,41689.23,116536.579,0.9684397163120568,,0.0
2021-08-02,27.16,28.21,28.51,26.9,57035.12,164712.317,0.9694158075601376,,0.0
2021-08-03,28.27,27.84,28.39,27.62,31899.0,91995.094,0.9690219282979464,,0.0
2021-08-04,27.67,27.92,28.12,27.67,23173.89,66684.625,0.9691079486289482,,0.0
2021-08-05,27.91,27.5,28.34,27.43,24453.15,69802.713,0.968650933427263,,0.0
2021-08-06,27.67,27.66,27.77,27.31,17936.75,50985.007,0.9688266199649735,,0.0
2021-08-09,27.34,27.12,27.64,26.9,20180.79,56586.762,0.9682256337022492,,0.0
2021-08-10,27.21,27.34,27.47,27.01,15839.93,44609.893,0.9684732554020544,,0.0
2021-08-11,27.01,26.98,27.37,26.63,22058.0,61476.028,0.9680660208109078,,0.0
2021-08-12,26.73,27.64,27.74,26.69,23277.11,66109.575,0.9688047669120224,,0.0
2021-08-13,27.61,27.27,27.63,26.98,17641.0,49594.578,0.9683948863636364,,0.0
2021-08-16,27.29,27.35,27.68,27.0,15591.73,44213.829,0.968484419263456,,0.0
2021-08-17,27.48,26.36,27.91,26.17,25200.98,69999.276,0.9673394495412844,,0.0
2021-08-18,26.5,26.28,26.6,25.71,19351.0,52323.508,0.9672432830327568,,0.0
2021-08-19,26.47,26.97,27.21,26.46,18647.0,51947.15,0.9680545585068198,,0.0
2021-08-20,26.74,26.5,26.91,26.35,15187.99,41745.62,0.967506389193136,,0.0
2021-08-23,27.39,28.84,29.21,27.11,92310.76,271950.42,0.9700639085099226,,0.0
2021-08-24,29.26,29.34,29.99,28.9,66636.19,202015.816,0.9705590473040028,,0.0
2021-08-25,29.35,29.74,30.09,29.34,44551.94,136655.461,0.9709435194254,,0.0
2021-08-26,29.42,28.72,29.77,28.61,40028.2,119705.695,0.9699425869638636,,0.0
2021-08-27,28.73,28.56,28.81,28.16,28556.87,83903.92,0.9697792869269948,,0.0
2021-08-30,28.88,28.32,28.96,28.18,30111.87,88679.933,0.969530982540226,,0.0
2021-08-31,28.29,28.22,28.61,27.82,22114.24,64305.839,0.9694263139814496,,0.0
2021-09-01,28.34,27.8,28.38,27.22,30833.87,88147.692,0.9689787382363192,,0.0
2021-09-02,27.86,28.88,28.94,27.38,33467.21,97494.593,0.970104131676184,,0.0
2021-09-03,29.06,30.11,31.86,29.01,86408.34,274447.38,0.9712903225806452,,0.0
2021-09-06,30.56,30.91,31.32,29.84,61591.94,194116.414,0.9720125786163522,,0.0
2021-09-07,31.09,31.200000000000003,32.26,30.89,56220.26,181064.458,0.9722655032720472,,0.0
2021-09-08,31.26,30.29,31.66,30.26,54329.0,171859.786,0.9714560615779344,,0.0
2021-09-09,30.41,30.02,30.71,29.82,29761.0,92540.928,0.9712067292138468,,0.0
2021-09-10,29.83,29.83,30.21,29.67,28727.34,88474.784,0.9710286458333331,,0.0
2021-09-13,29.97,30.26,30.67,29.39,32142.37,99627.608,0.9714285714285714,,0.0
2021-09-14,30.25,29.71,30.5,29.4,20603.37,63482.225,0.9709150326797386,,0.0
2021-09-15,29.66,29.91,30.06,29.31,20624.25,63083.234,0.971103896103896,,0.0
2021-09-16,29.91,29.42,30.71,29.33,25311.75,78010.545,0.9706367535466842,,0.0
2021-09-17,29.37,30.1,30.29,29.14,27414.44,84042.525,0.9712810584059374,,0.0
2021-09-22,29.81,29.21,29.88,28.73,24921.81,74925.048,0.9704318936877075,,0.0
2021-09-23,29.78,30.11,30.31,29.34,31680.81,97384.784,0.9712903225806452,,0.0
2021-09-24,30.2,29.93,31.71,29.83,58411.37,185590.805,0.9711226476314082,,0.0
2021-09-27,30.12,27.71,30.93,27.67,49454.3,147568.303,0.9688811188811188,,0.0
2021-09-28,27.71,27.27,28.31,26.94,28269.98,80085.319,0.9683948863636364,,0.0
2021-09-29,27.11,27.06,27.66,26.81,17895.22,50314.713,0.9681574239713774,,0.0
2021-09-30,27.11,27.82,28.01,27.11,15494.47,44036.675,0.9690003483106931,,0.0
2021-10-08,28.22,28.12,28.6,27.96,12947.1,37680.911,0.9693209238193726,,0.0
2021-10-11,28.86,31.02,31.02,28.84,38800.88,120842.483,0.9721090567220309,,0.0
2021-10-12,30.79,31.39,31.79,30.17,66947.43,214040.567,0.9724287484510532,,0.0
2021-10-13,31.58,31.71,32.0,30.46,53150.92,171635.976,0.9726993865030674,,0.0
2021-10-14,31.41,33.01,33.44,31.24,71517.86,239993.26,0.9737463126843656,,0.0
2021-10-15,33.02,32.33,33.29,32.02,64171.02,215050.884,0.973208910295003,,0.0
2021-10-18,32.33,32.4,32.61,32.02,36859.0,122386.729,0.9732652448182636,,0.0
2021-10-19,32.4,32.91,33.42,32.4,42050.28,142548.656,0.9736686390532544,,0.0
2021-10-20,32.64,32.41,33.08,32.3,34596.42,115883.646,0.9732732732732732,,0.0
2021-10-21,33.32,31.97,33.32,31.56,34266.21,112756.411,0.972915398660986,,0.0
2021-10-22,31.91,31.06,32.04,31.02,26667.4,85904.191,0.9721439749608763,,0.0
2021-10-25,30.87,31.01,32.07,30.59,24611.96,78444.939,0.9721003134796238,,0.0
2021-10-26,31.43,29.47,31.47,29.34,46773.48,144076.449,0.9706851119894598,,0.0
2021-10-27,29.71,29.53,29.99,28.82,48503.75,147044.702,0.970742932281394,,0.0
2021-10-28,29.53,29.97,30.36,29.08,46808.02,143729.49,0.9711600777705768,,0.0
2021-10-29,30.11,29.82,30.91,29.33,46416.86,143094.88,0.9710192119830674,,0.0
2021-11-01,29.42,32.27,32.62,29.37,71196.56,231247.288,0.9731604342581424,,0.0
2021-11-02,32.28,31.59,32.39,31.41,39544.04,129579.765,0.9725985221674875,,0.0
2021-11-03,31.59,31.54,32.08,31.01,32076.98,103722.957,0.9725562750539624,,0.0
2021-11-04,31.51,32.51,33.31,31.48,49830.48,165869.917,0.9733532934131736,,0.0
2021-11-05,32.41,32.31,32.91,31.69,32840.08,109045.411,0.9731927710843372,,0.0
2021-11-08,32.31,33.88,34.25,31.73,71098.6,243183.93,0.9744032211676732,,0.0
2021-11-09,33.79,34.22,34.61,33.19,57108.65,199344.043,0.9746510965536884,,0.0
2021-11-10,34.26,34.87,35.38,33.91,48987.55,174649.935,0.9751118568232662,,0.0
2021-11-11,34.87,34.8,35.31,34.57,48390.27,173150.813,0.975063042869151,,0.0
2021-11-12,34.8,35.31,35.53,34.59,49171.01,176468.315,0.975414364640884,,0.0
2021-11-15,35.61,34.49,36.29,34.27,48242.04,173058.223,0.9748445449406444,,0.0
2021-11-16,34.67,33.74,35.29,33.51,43172.76,151091.704,0.9742997401097314,,0.0
2021-11-17,33.95,34.04,34.31,33.28,31608.94,109987.407,0.9745204695104496,,0.0
2021-11-18,34.29,36.68,37.53,34.21,109915.95,412677.368,0.9763108863454883,,0.0
2021-11-19,37.11,38.17,38.33,36.39,97704.99,374872.168,0.9772145417306708,,0.0
2021-11-22,38.08,36.64,38.11,36.48,61779.02,234151.665,0.9762856381561418,,0.0
2021-11-23,36.99,36.16,36.99,35.91,49747.01,184905.017,0.9759784075573548,,0.0
2021-11-24,36.38,36.09,36.88,35.91,39369.54,146459.344,0.9759329367225528,,0.0
2021-11-25,36.66,35.51,36.66,35.29,37591.8,137506.282,0.9755494505494504,,0.0
2021-11-26,35.71,35.7,36.27,35.28,28469.34,103912.789,0.9756764143208528,,0.0
2021-11-29,35.29,36.14,36.37,34.8,39352.21,143982.171,0.975965433432352,,0.0
2021-11-30,36.52,35.93,36.76,35.47,35033.94,129076.95,0.9758283541553504,,0.0
2021-12-01,35.52,35.82,36.51,35.52,32686.12,120417.378,0.9757559248161264,,0.0
2021-12-02,35.98,35.76,37.71,35.71,62399.44,234580.099,0.9757162346521144,,0.0
2021-12-03,35.57,35.27,36.1,34.96,35911.84,130385.137,0.9753871681415928,,0.0
2021-12-06,36.11,36.11,37.21,35.42,62690.4,232429.718,0.975945945945946,,0.0
2021-12-07,35.88,34.01,36.11,33.72,50560.89,179071.253,0.9744985673352436,,0.0
2021-12-08,34.25,34.96,36.36,34.03,45217.19,164373.968,0.9751743375174338,,0.0
2021-12-09,34.95,33.32,38.54,31.380000000000003,75479.92,262453.56,0.9739842151417714,,0.0
2021-12-10,33.02,33.51,33.51,32.61,27250.51,92756.61,0.974127906976744,,0.0
2021-12-13,33.84,34.51,34.58,33.41,22540.49,78827.16,0.9748587570621468,,0.0
2021-12-14,34.41,34.71,34.77,33.92,16868.09,59582.761,0.975,,0.0
2021-12-15,35.02,34.91,35.71,34.71,20391.2,73425.99,0.9751396648044692,,0.0
2021-12-16,34.71,37.4,37.76,34.66,64377.31,242453.418,0.9767563332462784,,0.0
2021-12-17,37.4,36.24,37.56,36.04,32867.61,123361.007,0.976030164287638,,0.0
2021-12-20,36.31,35.6,37.11,35.47,35674.8,131690.378,0.975609756097561,,0.0
2021-12-21,35.31,35.26,35.94,34.87,25663.98,92971.827,0.9753803596127248,,0.0
2021-12-22,35.4,36.07,36.25,35.21,22049.92,80957.899,0.9759199134199134,,0.0
2021-12-23,36.07,36.61,36.88,35.86,24439.21,90887.318,0.9762666666666666,,0.0
2021-12-24,36.47,36.23,36.56,35.91,20585.0,76421.425,0.9760237068965516,,0.0
2021-12-27,36.12,35.33,36.21,35.06,20671.0,74958.236,0.9754279403644396,,0.0
2021-12-28,35.69,34.73,35.91,34.58,21809.02,78065.978,0.9750140370578326,,0.0
2021-12-29,34.71,34.94,35.33,34.49,13365.18,47975.277,0.9751604800446552,,0.0
2021-12-30,34.9,36.4,38.03,34.8,56567.81,213167.187,0.9761330115312415,,0.0
2021-12-31,36.4,35.25,36.62,35.14,32509.94,119242.296,0.9753735473159934,,0.0
2022-01-04,35.33,35.41,36.19,35.01,21796.08,79218.259,0.9754820936639118,,0.0
2022-01-05,35.11,34.5,35.45,33.73,33263.37,117528.912,0.9748516530093246,,0.0
2022-01-06,34.23,34.51,34.75,33.46,21939.04,76970.812,0.9748587570621468,,0.0
2022-01-07,34.58,33.23,34.81,33.23,26930.0,93881.946,0.973915592028136,,0.0
2022-01-10,33.11,33.35,33.72,32.28,21232.1,72095.521,0.9740070093457944,,0.0
2022-01-11,33.36,33.29,34.36,33.1,14908.0,51376.333,0.9739613809245172,,0.0
2022-01-12,33.3,33.79,34.09,33.26,14427.0,49881.169,0.9743367935409458,,0.0
2022-01-13,33.97,32.71,34.03,32.64,15368.7,52349.495,0.9735119047619047,,0.0
2022-01-14,32.62,32.8,33.41,32.36,12855.69,43593.797,0.9735826654793708,,0.0
2022-01-17,33.51,34.77,34.96,33.31,36163.28,127282.565,0.9750420639371844,,0.0
2022-01-18,35.31,35.61,37.49,35.04,54835.85,203273.331,0.9756164383561644,,0.0
2022-01-19,35.48,35.79,36.55,34.79,32114.83,117176.954,0.9757360959651036,,0.0
2022-01-20,35.89,34.41,35.89,34.19,31028.08,110613.225,0.9747875354107648,,0.0
2022-01-21,34.11,33.63,34.94,33.49,25700.99,89673.433,0.974217844727694,,0.0
2022-01-24,33.64,34.23,34.94,33.41,17723.65,62414.087,0.9746583143507972,,0.0
2022-01-25,33.96,32.54,34.52,32.53,27179.6,92484.317,0.9733772061023032,,0.0
2022-01-26,32.61,32.79,33.29,32.31,17165.66,57695.48,0.9735748218527316,,0.0
2022-01-27,32.8,31.880000000000003,33.26,31.8,26903.13,89919.092,0.9728410131217576,,0.0
2022-01-28,32.11,32.93,33.48,31.67,20217.0,68070.347,0.9736842105263158,,0.0
2022-02-07,33.63,32.19,34.11,32.01,21601.0,72590.666,0.9730955259975816,,0.0
2022-02-08,32.61,33.18,33.18,32.04,20020.37,67052.562,0.9738773114176696,,0.0
2022-02-09,33.24,34.14,34.83,32.77,31058.44,107926.046,0.9745932058235798,,0.0
2022-02-10,34.14,33.79,34.31,33.63,22135.42,77078.102,0.9743367935409458,,0.0
2022-02-11,33.73,32.66,33.97,32.44,22502.66,76602.282,0.973472429210134,,0.0
2022-02-14,32.59,32.19,33.03,31.68,18930.58,62933.772,0.9730955259975816,,0.0
2022-02-15,32.31,32.54,32.58,31.92,13602.72,45191.57,0.9733772061023032,,0.0
2022-02-16,32.86,32.81,33.27,32.71,13937.0,47151.115,0.9735905044510386,,0.0
2022-02-17,32.68,32.51,33.24,32.31,16996.84,57181.049,0.9733532934131736,,0.0
2022-02-18,33.82,35.23,35.3,33.17,68428.9,241342.044,0.975359911406423,,0.0
2022-02-21,36.5,37.64,38.45,36.41,117535.55,448186.885,0.976901116013496,,0.0
2022-02-22,37.24,38.24,38.79,36.43,121910.71,475332.917,0.977255302836698,,0.0
2022-02-23,37.59,39.27,40.51,37.42,111535.12,446764.545,0.9778386454183268,,0.0
2022-02-24,38.73,37.64,39.26,37.0,89393.22,348552.643,0.976901116013496,,0.0
2022-02-25,38.29,38.41,38.99,37.71,52770.02,207024.727,0.97735368956743,,0.0
2022-02-28,38.41,38.04,39.47,37.67,66662.51,262041.109,0.977138453634729,,0.0
2022-03-01,38.18,38.07,38.79,37.49,39415.5,153629.667,0.9771560574948666,,0.0
2022-03-02,37.63,37.51,38.0,36.92,36670.46,140411.745,0.9768229166666668,,0.0
2022-03-03,37.52,36.98,37.69,36.73,31369.62,118883.043,0.9764985476630578,,0.0
2022-03-04,36.71,35.82,36.91,35.56,43820.73,162250.441,0.9757559248161264,,0.0
2022-03-07,36.12,34.05,36.34,33.88,56103.51,199242.232,0.9745277618775042,,0.0
2022-03-08,34.11,32.93,34.61,32.85,42251.08,145738.756,0.9736842105263158,,0.0
2022-03-09,33.22,31.630000000000003,33.61,30.34,59237.68,193773.432,0.9726322263222632,,0.0
2022-03-10,32.62,32.65,33.08,32.29,41842.67,140483.222,0.973464519976148,,0.0
2022-03-11,31.81,32.56,32.71,31.46,32769.0,107823.927,0.9733931240657698,,0.0
2022-03-14,32.06,31.09,32.51,31.02,24883.38,81318.129,0.9721701063164476,,0.0
2022-03-15,30.81,29.01,31.12,29.01,32543.0,100543.268,0.9702341137123746,,0.0
2022-03-16,29.37,29.79,30.41,28.6,40748.18,123541.505,0.9709908735332464,,0.0
2022-03-17,30.41,30.32,30.76,29.92,30095.0,94187.796,0.9714834988785646,,0.0
2022-03-18,30.38,29.84,30.4,29.56,26145.15,80552.027,0.9710380735437684,,0.0
2022-03-21,29.89,29.47,30.01,29.21,26632.1,81074.118,0.9706851119894598,,0.0
2022-03-22,29.7,29.31,29.7,28.97,19657.18,59203.208,0.9705298013245032,,0.0
2022-03-23,29.37,29.99,30.25,29.07,34531.65,105961.182,0.971178756476684,,0.0
2022-03-24,29.83,29.32,29.84,29.09,26970.39,81471.103,0.9705395564382656,,0.0
2022-03-25,29.33,28.73,29.65,28.68,26188.05,78344.24,0.9699527346387576,,0.0
2022-03-28,28.71,28.38,28.73,27.6,22413.7,65122.243,0.9695934403826444,,0.0
2022-03-29,29.02,28.43,29.07,28.01,22750.15,66687.733,0.9696452933151432,,0.0
2022-03-30,28.43,29.53,29.68,28.43,24494.0,73609.624,0.970742932281394,,0.0
2022-03-31,29.86,30.22,31.48,29.56,56667.35,178426.604,0.9713918354226936,,0.0
2022-04-01,30.23,31.05,31.200000000000003,30.03,37222.39,117443.462,0.9721352536005008,,0.0
2022-04-06,31.01,31.04,31.49,30.37,27393.3,87231.383,0.9721265267773254,,0.0
2022-04-07,31.03,30.54,31.07,30.44,20035.93,63431.902,0.9716831053133947,,0.0
2022-04-08,30.78,30.82,31.74,30.52,22813.07,72563.967,0.9719331441185746,,0.0
2022-04-11,30.85,29.51,30.99,29.21,20974.56,64720.556,0.9707236842105263,,0.0
2022-04-12,29.32,30.1,30.21,29.03,14879.42,45455.636,0.9712810584059374,,0.0
2022-04-13,30.0,28.91,30.01,28.87,22499.23,67675.786,0.9701342281879194,,0.0
2022-04-14,29.11,29.07,29.48,28.63,13272.77,39709.549,0.970293724966622,,0.0
2022-04-15,28.59,28.42,28.84,27.99,18931.0,55292.06,0.9696349368816104,,0.0
2022-04-18,28.27,28.43,28.7,27.71,13842.0,40309.669,0.9696452933151432,,0.0
2022-04-19,28.33,29.12,29.56,28.33,12984.0,39034.908,0.9703432189270244,,0.0
2022-04-20,29.77,29.66,30.68,29.38,20503.0,63362.06,0.9708674304418984,,0.0
2022-04-21,29.14,28.44,29.86,28.42,14495.28,43395.374,0.9696556426866688,,0.0
2022-04-22,28.11,28.16,28.44,27.38,18432.22,53023.74,0.9693631669535284,,0.0
2022-04-25,28.0,26.62,28.0,26.38,21505.64,60248.524,0.9676481279534714,,0.0
2022-04-26,26.81,25.09,27.3,24.89,27773.24,75152.176,0.9657428791377984,,0.0
2022-04-27,24.8,26.69,26.91,24.61,27189.82,72940.389,0.9677302393038434,,0.0
2022-04-28,26.55,26.07,26.72,25.76,23067.23,62523.48,0.9669881305637982,,0.0
2022-04-29,26.39,27.29,27.57,26.17,22650.89,63451.833,0.968417317246274,,0.0
2022-05-05,28.61,29.33,29.53,28.12,34889.04,103749.395,0.9705493050959628,,0.0
2022-05-06,28.44,28.59,29.3,28.26,25274.97,75037.125,0.9698100407055632,,0.0
2022-05-09,28.53,28.61,29.38,28.33,17974.0,53414.553,0.9698305084745764,,0.0
2022-05-10,28.25,28.93,29.07,28.02,19372.31,57176.175,0.9701542588866532,,0.0
2022-05-11,29.24,28.84,29.54,28.76,24365.9,73488.538,0.9700639085099226,,0.0
2022-05-12,28.83,28.61,28.86,28.28,14886.58,43808.558,0.9698305084745764,,0.0
2022-05-13,28.79,28.54,28.86,28.29,11519.0,33905.678,0.9697587495752632,,0.0
2022-05-16,28.71,28.53,29.28,28.47,15291.7,45453.744,0.96974847042828,,0.0
2022-05-17,28.51,28.09,28.55,27.61,19593.14,56468.123,0.9692891649413388,,0.0
2022-05-18,28.24,28.45,29.26,28.24,18946.55,56170.504,0.9696659850034084,,0.0
2022-05-19,28.22,28.81,28.81,27.92,19113.13,55924.593,0.97003367003367,,0.0
2022-05-20,29.71,29.31,29.96,28.79,25021.9,75401.921,0.9705298013245032,,0.0
2022-05-23,29.29,29.8,29.89,29.02,23649.24,71844.067,0.9710003258390356,,0.0
2022-05-24,29.77,27.85,29.77,27.83,20616.0,61044.589,0.9690327070285316,,0.0
2022-05-25,27.71,28.37,28.53,27.66,15061.08,43590.786,0.9695830485304168,,0.0
2022-05-26,28.62,29.28,29.58,28.11,23167.0,69320.525,0.9705004971826318,,0.0
2022-05-27,29.61,29.75,30.35,29.49,28364.86,87257.383,0.970953002610966,,0.0
2022-05-30,29.97,29.41,30.11,29.23,18385.75,55864.412,0.9706270627062706,,0.0
2022-05-31,29.91,29.91,30.09,29.2,21046.8,64317.908,0.971103896103896,,0.0
2022-06-01,30.1,31.11,32.39,30.09,42088.1,135624.403,0.9721875,,0.0
2022-06-02,31.1,31.04,31.4,30.53,24915.35,79202.088,0.9721265267773254,,0.0
2022-06-06,31.04,31.29,31.74,30.79,23959.08,77243.952,0.9723430702299564,,0.0
2022-06-07,31.11,31.73,32.41,31.1,33562.87,109884.069,0.97271612507664,,0.0
2022-06-08,31.61,31.58,31.99,30.84,26250.5,84910.315,0.9725900831536805,,0.0
2022-06-09,31.62,31.31,32.1,31.130000000000003,21211.38,68918.94,0.9723602484472048,,0.0
2022-06-10,31.04,31.93,32.37,30.85,21509.58,70226.711,0.9728823887873248,,0.0
2022-06-13,31.79,32.11,32.21,31.56,20220.32,66382.452,0.973030303030303,,0.0
2022-06-14,31.880000000000003,31.41,31.91,30.57,31682.49,101288.971,0.9724458204334364,,0.0
2022-06-15,31.5,31.16,31.81,30.88,24740.0,79976.058,0.9722308892355694,,0.0
2022-06-16,32.4,32.61,33.19,31.57,46221.1,154460.167,0.9734328358208956,,0.0
2022-06-17,32.29,32.4,32.6,31.83,26455.74,87651.03,0.9732652448182636,,0.0
2022-06-20,32.41,32.69,33.31,32.31,26134.05,88224.26,0.9734961286480048,,0.0
2022-06-21,33.1,33.97,35.09,32.83,48927.62,171872.95,0.974469305794607,,0.0
2022-06-22,33.52,33.98,35.09,33.52,50080.58,176754.028,0.9744766274734727,,0.0
2022-06-23,33.73,35.92,35.92,33.73,52688.18,189782.708,0.9758217875577287,,0.0
2022-06-24,35.71,35.66,35.82,34.99,35749.28,129396.637,0.9756497948016416,,0.0
2022-06-27,36.03,35.18,36.25,35.06,22994.6,83160.43,0.9753257554754644,,0.0
2022-06-28,35.77,36.92,37.58,35.51,49615.77,186701.819,0.976461253636604,,0.0
2022-06-29,36.77,35.18,36.9,35.11,35168.75,129217.948,0.9753257554754644,,0.0
2022-06-30,35.31,35.01,35.98,34.81,28998.98,104748.942,0.9752089136490252,,0.0
2022-07-01,34.92,35.23,35.49,34.92,15025.75,54258.884,0.975359911406423,,0.0
2022-07-04,35.22,35.64,35.66,34.83,16338.81,59128.842,0.9756364631809472,,0.0
2022-07-05,35.46,34.88,35.63,34.31,32179.61,114932.641,0.9751188146491472,,0.0
2022-07-06,35.1,34.89,35.11,34.31,14391.46,51083.687,0.975125768585802,,0.0
2022-07-07,34.88,35.26,35.46,34.27,18336.58,65716.187,0.9753803596127248,,0.0
2022-07-08,35.15,35.05,35.77,34.82,14612.84,52853.134,0.9752365052865888,,0.0
2022-07-11,34.85,34.7,35.29,34.31,13523.0,47753.721,0.9805029669398136,,0.0
2022-07-12,34.59,34.27,34.88,34.120000000000005,12004.5,42223.995,0.980263157894737,,0.0
2022-07-13,34.03,34.7,34.81,34.03,10768.0,37860.557,0.9805029669398136,,0.0
2022-07-14,34.99,36.45,37.31,34.99,36574.2,135515.845,0.981421647819063,,0.0
2022-07-15,36.18,36.29,36.7,35.940000000000005,22349.94,82661.941,0.9813412655489454,,0.0
2022-07-18,36.080000000000005,36.71,36.760000000000005,35.89,21085.62,78188.199,0.9815508021390374,,0.0
2022-07-19,36.73,37.41,37.5,36.46,27575.68,104212.866,0.9818897637795276,,0.0
2022-07-20,37.53,36.93,38.04,36.82,25706.97,97381.701,0.981658692185008,,0.0
2022-07-21,36.93,37.14,37.41,36.42,16898.88,63831.067,0.9817605075337036,,0.0
2022-07-22,37.03,37.67,37.77,36.81,19330.57,73370.032,0.982012513034411,,0.0
2022-07-25,37.67,36.21,37.97,36.11,21772.31,81371.14,0.98130081300813,,0.0
2022-07-26,36.66,36.690000000000005,36.93,36.190000000000005,12140.01,45282.781,0.9815409309791332,,0.0
2022-07-27,36.52,36.72,37.010000000000005,36.34,11519.32,43151.897,0.9815557337610266,,0.0
2022-07-28,37.010000000000005,37.61,37.64,36.64,22291.85,84698.356,0.9819843342036554,,0.0
2022-07-29,37.57,38.28,38.72,37.11,33997.23,131650.93,0.9822940723633564,,0.0
2022-08-01,37.71,38.510000000000005,38.81,37.43,26150.11,101468.467,0.9823979591836736,,0.0
2022-08-02,37.900000000000006,36.96,38.16,36.75,27336.52,103990.271,0.9816733067729084,,0.0
2022-08-03,37.150000000000006,37.17,38.830000000000005,37.150000000000006,29588.96,114721.338,0.9817749603803488,,0.0
2022-08-04,37.38,37.82,38.29,36.24,25590.08,96625.464,0.9820825759542976,,0.0
2022-08-05,37.81,37.32,38.27,36.89,16602.8,63266.277,0.9818468823993688,,0.0
2022-08-08,37.22,38.23,38.28,36.92,22456.4,86267.91,0.9822713257965056,,0.0
2022-08-09,38.260000000000005,37.96,38.650000000000006,37.6,13634.2,52539.457,0.9821474773609314,,0.0
2022-08-10,37.81,37.1,37.91,36.99,18239.5,69322.989,0.9817412013760256,,0.0
2022-08-11,37.61,38.24,38.27,37.41,20651.35,79792.787,0.982275879784228,,0.0
2022-08-12,38.120000000000005,37.41,38.190000000000005,37.41,16921.15,64889.473,0.9818897637795276,,0.0
2022-08-15,37.18,37.03,37.21,36.36,20505.4,76757.776,0.9817073170731708,,0.0
2022-08-16,37.61,37.18,38.27,36.91,18424.05,70328.724,0.9817797729073146,,0.0
2022-08-17,37.190000000000005,37.31,37.68,36.370000000000005,11242.93,42589.559,0.981842105263158,,0.0
2022-08-18,37.31,38.900000000000006,39.1,36.97,35879.48,140621.189,0.9825713564031322,,0.0
2022-08-19,38.900000000000006,38.72,39.71,38.54,41062.75,163788.099,0.9824917533620908,,0.0
2022-08-22,38.760000000000005,37.54,39.39,37.440000000000005,35857.46,139602.361,0.9819513471096,,0.0
2022-08-23,37.92,36.690000000000005,38.64,36.52,38453.25,145961.048,0.9815409309791332,,0.0
2022-08-24,36.7,34.42,36.91,34.32,38055.17,136956.27,0.9803474793506124,,0.0
2022-08-25,34.53,34.34,35.440000000000005,34.010000000000005,28655.48,101364.126,0.9803025977733372,,0.0
2022-08-26,34.74,35.28,35.95,34.74,25401.79,91844.767,0.9808173477898248,,0.0
2022-08-29,34.6,35.97,36.17,34.330000000000005,20032.43,72641.308,0.9811783960720132,,0.0
2022-08-30,36.190000000000005,35.510000000000005,36.190000000000005,35.45,13677.48,49746.964,0.9809392265193372,,0.0
2022-08-31,35.29,34.47,35.800000000000004,34.410000000000004,15707.1,55940.646,0.9803754266211604,,0.0
2022-09-01,34.61,34.49,34.99,34.300000000000004,13584.77,47879.603,0.980386583285958,,0.0
2022-09-02,34.650000000000006,36.260000000000005,36.7,34.47,27562.07,101157.012,0.9813261163734778,,0.0
2022-09-05,36.260000000000005,37.5,37.61,36.010000000000005,25464.0,96088.752,0.9819324430479184,,0.0
2022-09-06,37.46,38.0,38.2,37.010000000000005,26534.73,102065.507,0.9821659343499612,,0.0
2022-09-07,38.06,37.830000000000005,38.45,37.510000000000005,21422.0,82680.254,0.9820872274143304,,0.0
2022-09-08,37.77,37.61,38.510000000000005,37.510000000000005,13499.4,52066.371,0.9819843342036554,,0.0
2022-09-09,37.5,37.04,37.71,36.86,14660.0,55404.313,0.9817121653856348,,0.0
2022-09-13,37.120000000000005,36.63,37.49,36.38,16310.0,60814.318,0.9815112540192926,,0.0
2022-09-14,36.3,35.68,36.3,35.28,14968.22,54368.346,0.9810283200439924,,0.0
2022-09-15,35.910000000000004,34.04,35.93,33.81,28260.24,99085.48,0.9801324503311258,,0.0
2022-09-16,34.050000000000004,33.77,34.57,33.660000000000004,15273.68,53069.598,0.9799767846778876,,0.0
2022-09-19,33.93,33.1,34.370000000000005,32.940000000000005,12845.95,43806.2,0.9795797573246524,,0.0
2022-09-20,34.22,33.57,34.36,33.34,11013.94,37933.357,0.979859894921191,,0.0
2022-09-21,33.59,33.46,33.81,32.71,9459.4,32228.961,0.9797950219619328,,0.0
2022-09-22,33.29,33.45,33.88,33.04,8909.0,30464.517,0.9797891036906856,,0.0
2022-09-23,33.45,32.67,33.47,32.190000000000005,16202.23,54330.172,0.97931654676259,,0.0
2022-09-26,32.1,32.17,33.010000000000005,32.09,8813.77,29271.091,0.9790018259281802,,0.0
2022-09-27,32.17,32.67,32.79,32.010000000000005,9019.98,29917.407,0.97931654676259,,0.0
2022-09-28,32.61,31.71,32.75,31.69,11296.21,37182.537,0.9787037037037036,,0.0
2022-09-29,32.07,31.68,32.260000000000005,31.52,8998.03,29315.162,0.9786839666357738,,0.0
2022-09-30,31.73,31.8,32.34,31.63,9119.36,29782.147,0.9787626962142196,,0.0
2022-10-10,31.8,31.11,31.98,30.91,11323.21,36210.873,0.9783018867924528,,0.0
2022-10-11,31.27,31.41,31.7,31.17,7815.67,25127.944,0.9785046728971962,,0.0
2022-10-12,31.57,32.63,32.67,31.34,11564.86,37750.174,0.9792917166866748,,0.0
2022-10-13,32.410000000000004,33.93,34.29,32.34,23300.48,80170.971,0.9800693240901214,,0.0
2022-10-14,34.07,34.21,34.56,33.81,15703.8,54816.145,0.9802292263610316,,0.0
2022-10-17,34.510000000000005,34.370000000000005,34.620000000000005,33.92,12381.49,43280.137,0.9803194523673704,,0.0
2022-10-18,34.61,35.09,35.300000000000004,34.32,17328.2,61622.748,0.980715483510341,,0.0
2022-10-19,34.95,35.32,36.04,34.690000000000005,16636.92,60156.198,0.9808386559289088,,0.0
2022-10-20,35.260000000000005,34.61,35.46,34.49,12979.21,46128.274,0.9804532577903684,,0.0
2022-10-21,34.71,35.39,35.650000000000006,34.400000000000006,15527.0,55672.328,0.9808758314855875,,0.0
2022-10-24,35.39,34.660000000000004,36.0,34.5,14880.26,53405.0,0.9804809052333804,,0.0
2022-10-25,34.49,34.99,35.64,34.06,17417.89,61940.404,0.9806614349775784,,0.0
2022-10-26,35.29,36.14,36.81,35.11,33611.01,123478.348,0.9812652728753734,,0.0
2022-10-27,36.120000000000005,35.61,36.35,35.440000000000005,20158.36,73789.885,0.98099173553719,,0.0
2022-10-28,35.61,34.56,35.61,34.39,13674.21,48649.457,0.9804255319148936,,0.0
2022-10-31,34.67,36.48,36.96,34.59,26823.01,98781.984,0.9814366424535916,,0.0
2022-11-01,36.29,36.91,36.91,35.730000000000004,22429.31,83193.118,0.9816489361702128,,0.0
2022-11-02,37.29,37.22,37.42,36.510000000000005,25735.31,96937.184,0.9817989976259562,,0.0
2022-11-03,36.86,37.16,38.190000000000005,36.64,26314.98,100297.826,0.981770145310436,,0.0
2022-11-04,37.260000000000005,37.34,37.760000000000005,36.81,18651.69,71015.095,0.9818564291348936,,0.0
2022-11-07,37.49,37.27,37.52,36.95,22077.12,83726.553,0.981822971548999,,0.0
2022-11-08,37.27,37.04,37.510000000000005,36.760000000000005,12164.6,45922.92,0.9817121653856348,,0.0
2022-11-09,37.080000000000005,36.64,37.22,36.510000000000005,8772.89,32924.608,0.9815162068041792,,0.0
2022-11-10,36.41,36.13,36.8,36.11,8826.33,32747.904,0.981260184682238,,0.0
2022-11-11,36.870000000000005,36.39,37.18,36.06,16752.68,62548.939,0.981391585760518,,0.0
2022-11-14,36.650000000000006,36.11,37.6,35.97,14296.64,53550.472,0.98125,,0.0
2022-11-15,36.31,36.71,36.88,35.31,15337.58,57094.578,0.9815508021390374,,0.0
2022-11-16,36.71,36.66,37.16,36.55,10641.05,39926.1,0.9815261044176709,,0.0
2022-11-17,36.67,37.32,37.400000000000006,35.96,17474.79,65601.504,0.9818468823993688,,0.0
2022-11-18,37.61,37.49,38.89,37.370000000000005,35290.58,137465.497,0.9819277108433736,,0.0
2022-11-21,37.46,37.31,37.99,36.73,14721.43,55840.726,0.981842105263158,,0.0
2022-11-22,37.29,36.93,38.03,36.72,18775.4,71238.064,0.981658692185008,,0.0
2022-11-23,36.49,35.690000000000005,36.91,35.160000000000004,27654.0,100635.226,0.9810335349092908,,0.0
2022-11-24,35.99,37.510000000000005,37.68,35.81,43604.95,165384.191,0.9819371727748692,,0.0
2022-11-25,37.21,35.61,37.22,35.410000000000004,31858.0,116787.733,0.98099173553719,,0.0
2022-11-28,35.31,35.300000000000004,35.910000000000004,35.120000000000005,18673.0,67412.693,0.980828007779939,,0.0
2022-11-29,35.31,35.38,35.97,34.97,15754.76,57148.913,0.980870529525922,,0.0
2022-11-30,35.510000000000005,34.68,35.510000000000005,34.49,21135.4,75267.859,0.9804919423240036,,0.0
2022-12-01,34.96,35.97,36.59,34.86,37048.06,135573.47,0.9811783960720132,,0.0
2022-12-02,35.95,37.31,37.59,35.660000000000004,34788.55,131288.148,0.981842105263158,,0.0
2022-12-05,37.440000000000005,37.71,38.24,37.35,18818.68,72190.277,0.98203125,,0.0
2022-12-06,37.72,37.79,38.05,37.31,19187.68,73710.403,0.9820686070686072,,0.0
2022-12-07,37.52,37.82,38.46,37.440000000000005,20717.9,80249.155,0.9820825759542976,,0.0
2022-12-08,37.68,37.41,38.21,37.32,13547.6,52013.205,0.9818897637795276,,0.0
2022-12-09,37.620000000000005,36.830000000000005,37.66,36.64,14854.0,55932.235,0.9816098081023454,,0.0
2022-12-12,36.96,37.45,37.74,36.79,14040.29,53334.844,0.981908757210278,,0.0
2022-12-13,37.22,36.71,37.66,36.66,9514.7,35859.269,0.9815508021390374,,0.0
2022-12-14,36.79,37.85,38.13,36.71,23934.92,91680.982,0.9820965230928904,,0.0
2022-12-15,37.47,38.010000000000005,38.79,37.47,19678.66,76334.883,0.982170542635659,,0.0
2022-12-16,38.190000000000005,37.11,38.190000000000005,36.41,18296.77,69261.985,0.9817460317460318,,0.0
2022-12-19,37.120000000000005,36.78,38.68,36.510000000000005,24875.82,95206.209,0.9815852682145716,,0.0
2022-12-20,37.09,36.41,37.21,36.18,19062.0,70964.156,0.981401617250674,,0.0
2022-12-21,36.43,35.72,36.690000000000005,35.410000000000004,12817.84,46983.602,0.9810491623180444,,0.0
2022-12-22,35.77,35.120000000000005,36.21,35.11,13800.64,49828.359,0.9807316392069256,,0.0
2022-12-23,35.11,35.190000000000005,35.45,34.64,9503.0,33981.624,0.9807692307692308,,0.0
2022-12-26,35.06,35.49,35.78,34.96,10899.4,39347.694,0.9809286898839138,,0.0
2022-12-27,35.690000000000005,37.5,37.71,35.49,26492.18,99899.011,0.9819324430479184,,0.0
2022-12-28,37.42,37.86,38.29,37.23,18987.04,73093.816,0.9821011673151752,,0.0
2022-12-29,38.11,37.91,38.260000000000005,37.42,13754.24,53114.267,0.9821243523316064,,0.0
2022-12-30,37.940000000000005,38.57,38.66,37.82,25209.43,98731.509,0.9824248599083036,,0.0
2023-01-03,38.330000000000005,40.330000000000005,40.440000000000005,38.330000000000005,53324.84,215553.732,0.9831789371038518,,0.0
2023-01-04,40.17,40.86,41.09,39.91,36687.69,151045.222,0.9833935018050542,,0.0
2023-01-05,40.85,41.53,42.1,40.650000000000006,40595.81,170920.799,0.9836570345807676,,0.0
2023-01-06,41.71,44.73,45.75,41.63,97455.29,441447.509,0.9848084544253634,,0.0
2023-01-09,44.89,45.080000000000005,45.68,43.97,54074.14,246145.715,0.984924623115578,,0.0
2023-01-10,45.31,44.940000000000005,45.97,44.53,31025.23,142568.902,0.9848783694937542,,0.0
2023-01-11,45.400000000000006,44.8,45.760000000000005,44.190000000000005,26688.72,122222.858,0.9848318311716862,,0.0
2023-01-12,45.02,45.81,46.18,44.72,36466.44,169236.392,0.9851612903225808,,0.0
2023-01-13,45.830000000000005,44.72,46.09,44.5,26107.0,119380.964,0.9848051090068268,,0.0
2023-01-16,44.760000000000005,45.66,46.74,43.32,34240.54,159084.575,0.9851132686084144,,0.0
2023-01-17,45.66,46.28,46.46,45.35,17168.0,80212.905,0.985309772195018,,0.0
2023-01-18,46.53,45.92,46.6,45.77,16532.36,77277.88,0.985196309804763,,0.0
2023-01-19,45.43,46.72,47.09,45.41,21218.16,99778.371,0.985446108415946,,0.0
2023-01-20,46.97,46.84,47.11,46.35,13614.17,64550.394,0.9854828529349884,,0.0
2023-01-30,47.510000000000005,46.1,47.690000000000005,45.56,23063.1,108041.293,0.985253259243428,,0.0
2023-01-31,46.0,44.95,46.150000000000006,44.64,25145.08,115453.016,0.9848816827344437,,0.0
2023-02-01,45.120000000000005,45.5,45.64,44.620000000000005,20843.71,95785.654,0.9850617016670276,,0.0
2023-02-02,45.7,44.190000000000005,45.7,44.02,27595.85,125099.575,0.984625668449198,,0.0
2023-02-03,44.400000000000006,43.88,44.55,43.52,17515.71,78151.335,0.9845187345748262,,0.0
2023-02-06,43.42,42.91,44.190000000000005,42.64,36467.4,160097.363,0.9841743119266056,,0.0
2023-02-07,43.29,44.17,44.75,43.0,34574.0,154900.996,0.9846188140882748,,0.0
2023-02-08,43.940000000000005,43.39,44.260000000000005,43.14,17284.74,76388.865,0.9843466424682396,,0.0
2023-02-09,43.510000000000005,44.370000000000005,44.67,43.010000000000005,20313.0,91093.555,0.9846870838881492,,0.0
2023-02-10,44.150000000000006,44.73,45.42,44.150000000000006,23679.25,107533.368,0.9848084544253634,,0.0
2023-02-13,44.5,45.510000000000005,46.59,44.28,23330.78,108397.826,0.9850649350649352,,0.0
2023-02-14,45.46,45.21,45.61,44.63,15801.17,72331.548,0.984967320261438,,0.0
2023-02-15,45.02,45.61,46.02,44.89,15261.55,70604.14,0.985097192224622,,0.0
2023-02-16,45.61,44.080000000000005,45.77,43.93,21842.02,99530.813,0.9845878936788028,,0.0
2023-02-17,44.370000000000005,43.06,44.72,43.06,18244.6,80774.995,0.9842285714285716,,0.0
2023-02-20,43.370000000000005,43.67,44.16,42.81,18328.58,81067.714,0.9844454463480614,,0.0
2023-02-21,43.97,43.64,44.49,43.22,18559.42,82642.461,0.984434919918791,,0.0
2023-02-22,43.55,44.56,44.96,43.48,18144.5,81950.445,0.9847513812154696,,0.0
2023-02-23,44.61,44.77,45.56,44.36,18792.0,85973.556,0.9848218213814344,,0.0
2023-02-24,44.54,48.2,48.82,44.510000000000005,52036.84,248901.951,0.9858866843935364,,0.0
2023-02-27,48.2,47.190000000000005,48.81,46.89,36396.99,175767.519,0.9855889724310778,,0.0
2023-02-28,48.29,47.06,49.27,46.41,28812.25,139048.724,0.9855497382198952,,0.0
2023-03-01,47.120000000000005,48.080000000000005,48.31,46.86,30683.8,148164.543,0.9858519581710068,,0.0
2023-03-02,47.52,46.620000000000005,48.27,46.32,31203.9,148890.207,0.985415345592898,,0.0
2023-03-03,46.66,46.71,46.93,45.7,14886.21,70282.269,0.9854430379746836,,0.0
2023-03-06,46.48,47.81,47.81,46.370000000000005,22442.84,107530.055,0.9857731958762888,,0.0
2023-03-07,47.690000000000005,44.86,47.690000000000005,44.85,27650.54,128698.217,0.9848518111964876,,0.0
2023-03-08,44.760000000000005,45.47,45.64,44.56,12711.39,58369.929,0.9850519930675912,,0.0
2023-03-09,45.52,45.2,45.64,44.43,14156.0,64597.693,0.9849640444541294,,0.0
2023-03-10,44.97,44.86,45.57,44.7,10440.6,47767.458,0.9848518111964876,,0.0
2023-03-13,44.31,45.89,45.93,44.3,16061.49,73886.12,0.9851867754401032,,0.0
2023-03-14,45.620000000000005,46.71,47.41,45.61,29951.85,142222.055,0.9854430379746836,,0.0
2023-03-15,46.63,45.52,46.81,45.400000000000006,14533.0,67951.271,0.9850681670634064,,0.0
2023-03-16,45.21,44.620000000000005,46.09,44.510000000000005,14751.85,67586.173,0.984771573604061,,0.0
2023-03-17,44.72,47.71,48.42,44.72,37468.36,179418.633,0.9857438016528928,,0.0
2023-03-20,47.85,46.29,48.06,46.120000000000005,23621.2,111971.199,0.9853128991060026,,0.0
2023-03-21,46.43,47.3,48.3,45.86,24409.01,117311.355,0.9856220045842884,,0.0
2023-03-22,47.41,51.21,51.97,46.84,60697.89,307796.68,0.9867052023121388,,0.0
2023-03-23,51.82,53.11,55.080000000000005,49.95,85904.87,454418.554,0.9871747211895912,,0.0
2023-03-24,52.73,47.73,52.940000000000005,47.73,99829.2,504476.208,0.9857496902106568,,0.0
2023-03-27,48.29,49.68,50.79,47.57,74687.37,373313.333,0.9863013698630138,,0.0
2023-03-28,48.82,48.06,49.31,47.52,33553.06,164089.876,0.985846153846154,,0.0
2023-03-29,48.120000000000005,47.400000000000006,49.010000000000005,46.2,29076.34,140482.831,0.9856519026824704,,0.0
2023-03-30,47.84,46.52,48.510000000000005,46.02,25395.26,120678.811,0.9853844524465156,,0.0
2023-03-31,46.34,47.22,47.54,45.89,24984.67,118953.966,0.9855979962429556,,0.0
2023-04-03,47.22,44.940000000000005,47.48,43.440000000000005,71823.8,327385.3,0.9848783694937542,,0.0
2023-04-04,44.63,40.84,44.82,40.38,114391.61,483760.953,0.9833855044546111,,0.0
2023-04-06,40.31,40.620000000000005,40.8,39.11,61053.5,248671.178,0.9832970225127088,,0.0
2023-04-07,40.64,41.49,42.080000000000005,39.96,44658.56,186813.094,0.9836415362731152,,0.0
2023-04-10,41.43,40.24,41.64,40.120000000000005,46209.71,190650.547,0.9831419496701688,,0.0
2023-04-11,40.150000000000006,41.07,41.18,39.48,33851.74,139072.707,0.9834770114942528,,0.0
2023-04-12,42.81,43.510000000000005,43.510000000000005,42.11,72613.91,317587.17,0.9843891402714932,,0.0
2023-04-13,43.31,42.18,44.05,42.080000000000005,35413.1,154700.268,0.9839048285514346,,0.0
2023-04-14,43.28,43.440000000000005,45.830000000000005,42.870000000000005,69019.66,309759.953,0.9843643779741672,,0.0
2023-04-17,43.68,44.010000000000005,44.47,43.34,32115.0,142877.48,0.9845637583892618,,0.0
2023-04-18,43.84,44.07,44.86,43.21,39061.56,174547.015,0.9845844504021448,,0.0
2023-04-19,43.84,44.32,45.59,43.61,47931.86,216263.412,0.9846700733170408,,0.0
2023-04-20,44.31,44.940000000000005,45.64,43.97,57591.73,262167.55,0.9848783694937542,,0.0
2023-04-21,44.81,41.61,44.81,41.010000000000005,75634.6,325627.805,0.9836879432624114,,0.0
2023-04-24,41.82,41.260000000000005,42.27,40.77,50705.8,214213.017,0.9835518474374256,,0.0
2023-04-25,41.2,39.690000000000005,41.2,39.1,70331.8,286563.554,0.9829123328380388,,0.0
2023-04-26,39.67,38.900000000000006,40.32,38.190000000000005,56236.0,223130.522,0.9825713564031322,,0.0
2023-04-27,38.79,39.97,40.43,38.25,46850.7,188876.828,0.9830300049188392,,0.0
2023-04-28,39.690000000000005,41.86,41.96,39.690000000000005,39638.5,166633.949,0.9837837837837838,,0.0
2023-05-04,41.91,41.25,42.3,40.510000000000005,34669.0,145061.699,0.9835479256080116,,0.0
2023-05-05,41.260000000000005,40.21,41.27,39.89,36451.96,149536.247,0.9831295843520784,,0.0
2023-05-08,40.370000000000005,39.96,40.66,39.72,41011.96,167461.269,0.9830258302583026,,0.0
2023-05-09,39.68,38.440000000000005,39.8,38.41,44163.61,175031.078,0.982366470738564,,0.0
2023-05-10,38.760000000000005,38.36,38.900000000000006,37.81,24495.64,95191.12,0.9823303457106276,,0.0
2023-05-11,38.46,37.900000000000006,38.510000000000005,37.84,23719.98,91882.694,0.98211972013475,,0.0
2023-05-12,37.91,37.900000000000006,38.53,37.71,23927.08,92854.789,0.98211972013475,,0.0
2023-05-15,38.0,38.93,39.080000000000005,37.510000000000005,27788.78,108413.827,0.9825845532559314,,0.0
2023-05-16,38.66,38.2,39.05,38.010000000000005,21996.0,85966.238,0.9822576497814348,,0.0
2023-05-17,37.91,38.28,38.81,37.82,19268.0,75148.566,0.9822940723633564,,0.0
2023-05-18,38.7,39.16,39.48,38.48,26549.71,105717.377,0.9826850690087828,,0.0
2023-05-19,39.05,39.42,39.690000000000005,38.82,22316.55,89350.512,0.9827973074046372,,0.0
2023-05-22,39.22,39.580000000000005,40.260000000000005,39.22,22274.0,90111.711,0.9828656568164889,,0.0
2023-05-23,39.78,38.97,39.900000000000006,38.96,16171.0,64915.805,0.9826021180030258,,0.0
2023-05-24,39.03,39.41,39.97,39.03,24770.45,99890.045,0.9827930174563592,,0.0
2023-05-25,39.41,39.73,39.91,39.11,25550.3,102811.683,0.9829292429490352,,0.0
2023-05-26,39.59,40.48,40.77,39.47,25880.79,105972.975,0.9832402234636872,,0.0
2023-05-29,40.43,39.72,40.77,39.43,23875.33,96870.158,0.9829250185597624,,0.0
2023-05-30,39.760000000000005,40.06,40.09,39.31,26484.0,106943.127,0.9830674846625768,,0.0
2023-05-31,39.98,39.91,40.11,39.54,21630.0,87712.323,0.9830049261083744,,0.0
2023-06-01,39.67,40.150000000000006,40.34,39.49,22998.29,93687.932,0.9831047992164546,,0.0
2023-06-02,40.150000000000006,40.46,41.29,39.85,34134.08,141169.308,0.9832320777642772,,0.0
2023-06-05,40.73,41.23,41.41,39.78,42686.29,176138.628,0.983540076335878,,0.0
2023-06-06,42.31,39.620000000000005,42.31,39.43,52961.0,217198.2,0.9828826593897296,,0.0
2023-06-07,40.06,40.5,40.97,39.49,36553.0,150459.669,0.9832483612527312,,0.0
2023-06-08,40.39,40.35,41.5,39.78,38146.1,157532.798,0.983187134502924,,0.0
2023-06-09,40.52,39.89,40.900000000000006,39.52,35831.43,145485.389,0.9829965500246428,,0.0
2023-06-12,39.91,40.38,41.010000000000005,39.81,52659.82,216298.61,0.983199415631848,,0.0
2023-06-13,40.260000000000005,39.98,40.39,39.6,37465.62,152580.49,0.9830341775264324,,0.0
2023-06-14,40.23,41.31,41.85,39.85,58290.32,242048.717,0.9894610778443116,,0.0
2023-06-15,41.56,41.63,41.900000000000006,41.06,43293.65,181564.525,0.989541240789161,,0.0
2023-06-16,41.870000000000005,43.64,43.64,41.61,81119.81,349449.22,0.9900181488203268,,0.0
2023-06-19,43.650000000000006,43.49,43.85,42.24,87970.92,380911.676,0.9899840655588436,,0.0
2023-06-20,43.32,42.72,43.690000000000005,42.7,61847.2,269193.003,0.989805375347544,,0.0
2023-06-21,42.66,41.48,42.72,41.48,51380.24,218760.124,0.9895038167938932,,0.0
2023-06-26,41.190000000000005,39.66,41.41,39.190000000000005,44596.56,180104.986,0.9890274314214464,,0.0
2023-06-27,39.61,40.010000000000005,40.34,39.41,28205.96,113719.045,0.9891223733003708,,0.0
2023-06-28,40.11,40.28,40.56,39.080000000000005,37142.12,149946.946,0.9891944990176816,,0.0
2023-06-29,40.330000000000005,42.25,42.89,40.18,72462.43,307526.263,0.9896931365659406,,0.0
2023-06-30,41.96,42.97,43.43,41.370000000000005,56041.85,242281.449,0.9898640866159872,,0.0
2023-07-03,42.84,42.89,43.830000000000005,42.52,52512.12,228794.796,0.9898453727209786,,0.0
2023-07-04,42.88,42.84,43.2,42.3,28383.37,122301.268,0.989833641404806,,0.0
2023-07-05,42.84,42.13,42.99,41.92,26857.23,115340.861,0.9896640826873384,,0.0
2023-07-06,41.77,43.06,43.61,41.71,41993.0,181934.086,0.9898850574712644,,0.0
2023-07-07,42.870000000000005,42.13,43.14,41.580000000000005,30464.29,129446.83,0.9896640826873384,,0.0
2023-07-10,42.190000000000005,40.98,42.54,40.53,42148.19,175130.679,0.9893771125060358,,0.0
2023-07-11,41.2,40.620000000000005,41.42,39.59,47290.83,193185.244,0.9892839746712128,,0.0
2023-07-12,40.53,39.06,40.760000000000005,38.86,51539.0,207036.933,0.9888607594936708,,0.0
2023-07-13,39.06,39.53,39.93,38.96,28324.63,113211.476,0.988991743807856,,0.0
2023-07-14,39.64,40.09,40.49,39.57,26696.91,108206.946,0.989143844066124,,0.0
2023-07-17,40.010000000000005,39.650000000000006,40.510000000000005,39.46,28392.33,114663.618,0.9890246944375156,,0.0
2023-07-18,39.72,38.5,39.92,37.96,47424.0,185803.625,0.9887005649717516,,0.0
2023-07-19,38.64,38.68,39.77,38.36,50264.41,198538.538,0.9887525562372188,,0.0
2023-07-20,38.68,38.5,39.54,38.260000000000005,43032.94,169132.81,0.9887005649717516,,0.0
2023-07-21,38.5,37.8,38.66,37.66,41564.42,160024.445,0.9884937238493724,,0.0
2023-07-24,38.03,36.57,38.39,36.48,90383.49,338544.908,0.9881113212645232,,0.0
2023-07-25,36.56,36.47,36.620000000000005,35.160000000000004,89435.7,326671.885,0.9880791113519372,,0.0
2023-07-26,36.81,36.18,36.96,35.95,48097.4,176891.393,0.98798470780994,,0.0
2023-07-27,35.96,34.81,35.980000000000004,34.74,63456.56,226874.003,0.987517730496454,,0.0
2023-07-28,34.64,35.120000000000005,35.580000000000005,33.92,68800.45,240922.493,0.9876265466816648,,0.0
2023-07-31,34.910000000000004,35.160000000000004,35.46,34.510000000000005,51184.46,182112.713,0.9876404494382024,,0.0
2023-08-01,35.14,34.43,35.39,34.39,55103.21,193257.864,0.9873817034700316,,0.0
2023-08-02,34.36,34.480000000000004,34.96,34.07,38059.31,133109.904,0.9873997709049256,,0.0
2023-08-03,34.39,34.35,34.56,34.150000000000006,27658.24,96222.886,0.9873526875538948,,0.0
2023-08-04,34.46,35.67,35.900000000000006,34.46,72301.18,258095.929,0.987815009692606,,0.0
2023-08-07,35.56,38.14,39.23,35.47,168080.93,641163.305,0.9885951270088128,,0.0
2023-08-08,37.64,36.940000000000005,38.28,36.88,95869.98,363660.111,0.9882289994649546,,0.0
2023-08-09,36.88,36.39,37.39,36.13,55928.12,207113.909,0.9880532174857454,,0.0
2023-08-10,36.24,36.89,37.21,35.89,47425.51,176276.231,0.988213233324404,,0.0
2023-08-11,36.67,35.900000000000006,36.84,35.900000000000006,35495.19,130655.255,0.987892129884425,,0.0
2023-08-14,35.59,35.510000000000005,35.85,34.910000000000004,66428.69,237641.209,0.9877607788595272,,0.0
2023-08-15,35.75,34.92,35.93,34.71,48129.7,171532.38,0.9875565610859728,,0.0
2023-08-16,34.68,34.14,35.18,34.0,46216.62,161443.088,0.9872758820127242,,0.0
2023-08-17,34.010000000000005,35.43,35.84,33.71,70191.74,249149.066,0.9877334820183998,,0.0
2023-08-18,35.28,35.64,37.03,35.120000000000005,70853.6,258906.75,0.9878048780487806,,0.0
2023-08-21,35.78,35.910000000000004,36.760000000000005,35.59,51585.54,188821.497,0.9878954607977992,,0.0
2023-08-22,36.440000000000005,36.43,36.98,35.54,72510.1,266063.893,0.9880661784648768,,0.0
2023-08-23,36.440000000000005,36.36,37.760000000000005,36.04,106240.46,396280.227,0.9880434782608696,,0.0
2023-08-24,36.56,32.730000000000004,37.14,32.68,204736.73,697764.121,0.9867350015073862,,0.0
2023-08-25,32.31,33.580000000000005,34.13,31.89,161623.59,546785.722,0.987066431510876,,0.0
2023-08-28,36.34,34.13,36.34,33.56,130725.15,460959.267,0.9872722013306336,,0.0
2023-08-29,33.99,37.59,37.59,33.690000000000005,143065.14,527296.987,0.9884301866947148,,0.0
2023-08-30,38.82,39.080000000000005,40.98,38.46,270313.67,1082195.988,0.9888663967611336,,0.0
2023-08-31,39.120000000000005,40.02,40.89,38.67,144152.75,581477.634,0.9891250617894216,,0.0
2023-09-01,39.73,39.36,40.06,38.57,85159.33,337614.844,0.9889447236180904,,0.0
2023-09-04,39.25,40.55,40.760000000000005,38.92,128108.33,517807.754,0.9892656745547695,,0.0
2023-09-05,40.28,39.34,40.28,38.78,99046.34,393001.604,0.9889391654097536,,0.0
2023-09-06,39.32,39.59,39.71,38.85,83088.89,330799.634,0.9890082438171371,,0.0
2023-09-07,39.2,38.6,39.24,37.940000000000005,79076.9,308428.65,0.9887295081967212,,0.0
2023-09-08,38.29,38.21,38.61,37.55,56466.09,217096.27,0.988615782664942,,0.0
2023-09-11,38.010000000000005,38.07,38.21,37.13,73574.37,280426.001,0.9885743962607116,,0.0
2023-09-12,37.86,38.21,38.64,37.6,66322.7,255086.706,0.988615782664942,,0.0
2023-09-13,37.93,37.010000000000005,37.93,36.16,77200.57,287716.904,0.9882510013351136,,0.0
2023-09-14,36.75,35.72,36.98,35.47,63214.89,230983.642,0.9878318584070797,,0.0
2023-09-15,35.730000000000004,34.64,35.910000000000004,34.46,57823.6,204990.802,0.9874572405929304,,0.0
2023-09-18,34.56,33.93,34.59,33.690000000000005,58872.95,203592.63,0.9871981379109688,,0.0
2023-09-19,34.07,33.84,34.120000000000005,32.67,80216.98,270397.388,0.987164527421237,,0.0
2023-09-20,33.760000000000005,34.440000000000005,35.690000000000005,33.760000000000005,100543.93,355625.382,0.9873853211009176,,0.0
2023-09-21,34.06,34.96,35.86,33.67,76878.0,273190.0,0.9875706214689266,,0.0
2023-09-22,34.85,36.05,36.17,34.54,87306.92,315470.71,0.9879419018909292,,0.0
2023-09-25,35.95,35.71,36.22,35.34,58601.26,212033.385,0.9878284923928078,,0.0
2023-09-26,35.64,36.080000000000005,37.92,35.64,73533.92,271490.76,0.9879518072289156,,0.0
2023-09-27,35.71,35.77,35.97,34.79,86819.6,310671.951,0.9878486605909972,,0.0
2023-09-28,35.38,36.91,37.42,35.38,104051.49,385510.697,0.9882195448460508,,0.0
2023-10-09,36.64,37.04,37.38,35.68,100452.46,371468.312,0.9882604055496266,,0.0
2023-10-10,37.5,39.04,39.39,37.07,231847.7,900091.121,0.988855116514691,,0.0
2023-10-11,39.52,38.440000000000005,40.07,38.22,142660.73,560429.08,0.9886831275720164,,0.0
2023-10-12,38.38,38.260000000000005,39.02,37.620000000000005,103126.7,400148.952,0.9886304909560724,,0.0
2023-10-13,37.86,37.760000000000005,38.14,37.13,122692.69,467572.591,0.9884816753926702,,0.0
2023-10-16,37.22,35.120000000000005,37.36,33.96,151152.17,535974.288,0.9876265466816648,,0.0
2023-10-17,35.34,35.67,35.92,34.54,81149.41,288461.144,0.987815009692606,,0.0
2023-10-18,34.300000000000004,34.06,34.85,32.06,189832.22,636497.673,0.9872463768115942,,0.0
2023-10-19,33.99,33.43,35.31,33.34,107986.1,374986.239,0.9870091526424564,,0.0
2023-10-20,33.29,32.81,33.93,32.690000000000005,72516.99,244011.41,0.9867669172932332,,0.0
2023-10-23,33.31,34.0,35.760000000000005,33.06,148093.52,515585.071,0.9872241579558654,,0.0
2023-10-24,34.800000000000004,37.440000000000005,37.440000000000005,34.150000000000006,207859.74,756232.384,0.9883843717001056,,0.0
2023-10-25,38.760000000000005,40.17,41.23,37.59,474629.92,1925035.182,0.9891652302388576,,0.0
2023-10-26,39.88,40.23,41.81,38.97,367967.96,1488472.639,0.9891812146545366,,0.0
2023-10-27,39.18,39.330000000000005,40.75,39.080000000000005,202466.29,811339.63,0.9889363842092028,,0.0
2023-10-30,40.85,42.05,43.22,40.45,328101.5,1379920.31,0.989644622264062,,0.0
2023-10-31,42.06,41.260000000000005,44.0,40.18,315371.0,1338241.582,0.9894484412470024,,0.0
2023-11-01,42.06,40.92,43.53,40.56,227507.19,964121.015,0.9893617021276596,,0.0
2023-11-02,40.92,39.56,41.86,39.43,191796.18,781296.131,0.989,,0.0
2023-11-03,39.88,39.870000000000005,40.400000000000006,39.46,141530.84,571334.768,0.9890845943934508,,0.0
2023-11-06,40.93,41.64,42.06,40.580000000000005,215457.2,902480.322,0.9895437262357416,,0.0
2023-11-07,41.370000000000005,44.620000000000005,45.77,41.06,267779.37,1186081.739,0.9902352418996894,,0.0
2023-11-08,44.96,43.080000000000005,45.24,42.48,268569.01,1181080.709,0.989889705882353,,0.0
2023-11-09,42.940000000000005,45.09,46.96,42.57,345888.29,1552106.405,0.9903360421699978,,0.0
2023-11-10,43.36,43.55,44.52,42.38,181883.34,799095.13,0.989997726756081,,0.0
2023-11-13,44.25,44.39,45.06,43.64,164188.16,735407.5,0.9901851438768682,,0.0
2023-11-14,44.34,45.97,47.05,43.6,232744.03,1063617.458,0.9905192846369316,,0.0
2023-11-15,46.830000000000005,46.36,48.22,45.81,252930.74,1195741.986,0.9905982905982906,,0.0
2023-11-16,45.650000000000006,47.81,50.32,45.27,290066.76,1408848.071,0.990880829015544,,0.0
2023-11-17,47.54,48.46,48.67,46.61,208299.58,1003960.865,0.9910020449897752,,0.0
2023-11-20,47.86,49.010000000000005,49.36,47.41,152907.23,749928.339,0.9911021233569264,,0.0
2023-11-21,48.96,46.86,49.96,46.760000000000005,189367.02,918669.834,0.9906976744186048,,0.0
2023-11-22,48.06,47.04,49.0,45.760000000000005,185389.91,887340.994,0.9907329401853412,,0.0
2023-11-23,45.89,45.85,46.53,44.86,121329.35,561063.982,0.9904947072801902,,0.0
2023-11-24,45.75,45.06,46.510000000000005,44.5,116440.94,533063.613,0.9903296703296705,,0.0
2023-11-27,44.56,44.41,45.440000000000005,43.86,102060.23,458170.86,0.9901895206243032,,0.0
2023-11-28,44.41,43.56,44.81,42.940000000000005,135926.46,598403.812,0.99,,0.0
2023-11-29,43.370000000000005,43.47,44.02,42.85,83474.95,366787.559,0.9899795035299476,,0.0
2023-11-30,43.17,44.84,45.03,43.080000000000005,158943.36,708266.237,0.9902826855123676,,0.0
2023-12-01,45.79,46.99,47.74,45.120000000000005,210610.55,990788.784,0.9907231709888256,,0.0
2023-12-04,46.56,46.29,48.260000000000005,46.29,164716.03,784859.476,0.9905842071474428,,0.0
2023-12-05,46.17,43.09,46.63,42.99,166333.41,748081.135,0.9898920284861016,,0.0
2023-12-06,42.82,42.24,43.5,41.89,137131.39,587497.485,0.9896907216494846,,0.0
2023-12-07,42.34,42.66,43.16,42.11,104155.55,447977.346,0.9897911832946636,,0.0
2023-12-08,42.52,44.21,45.09,42.46,155683.47,690004.978,0.9901455767077268,,0.0
2023-12-11,43.88,44.16,44.42,43.120000000000005,106272.58,469050.547,0.9901345291479822,,0.0
2023-12-12,43.79,44.72,45.23,43.38,124864.73,557518.519,0.9902568644818424,,0.0
2023-12-13,44.52,42.86,44.52,42.86,100913.21,442200.84,0.989838337182448,,0.0
2023-12-14,42.96,42.52,43.6,42.31,72724.72,314988.125,0.98975791433892,,0.0
2023-12-15,42.66,41.71,42.85,41.43,69674.52,295483.324,0.9895610913404508,,0.0
2023-12-18,41.64,41.370000000000005,42.13,41.06,56195.1,236280.738,0.9894762018655824,,0.0
2023-12-19,41.370000000000005,42.04,42.34,41.29,63356.96,268042.798,0.9896421845574388,,0.0
2023-12-20,42.28,40.06,42.35,40.03,103229.29,426285.518,0.989135802469136,,0.0
2023-12-21,39.870000000000005,40.66,41.150000000000006,39.61,77922.28,317541.963,0.989294403892944,,0.0
2023-12-22,40.64,39.510000000000005,40.74,39.45,75970.51,306805.88,0.9889862327909889,,0.0
2023-12-25,39.36,39.61,39.74,38.46,76885.62,303468.872,0.9890137328339575,,0.0
2023-12-26,39.46,38.370000000000005,39.55,38.29,55174.84,215560.723,0.9886627157948984,,0.0
2023-12-27,38.88,40.400000000000006,40.73,38.86,115642.33,466393.319,0.9892262487757102,,0.0
2023-12-28,40.120000000000005,40.56,41.010000000000005,39.71,90327.85,369245.208,0.9892682926829268,,0.0
2023-12-29,40.54,41.29,41.52,40.41,79088.39,328829.876,0.9894560268392044,,0.0
2024-01-02,41.16,40.06,41.25,40.05,56029.17,229487.862,0.989135802469136,,0.0
2024-01-03,40.02,39.86,40.31,39.21,56814.5,228236.53,0.9890818858560796,,0.0
2024-01-04,40.0,39.41,40.03,39.17,44478.0,177816.89,0.9889585947302384,,0.0
2024-01-05,39.63,37.68,39.63,37.260000000000005,88202.25,339377.865,0.9884575026232948,,0.0
2024-01-08,37.35,36.34,37.54,36.29,63547.38,236120.093,0.988036976617727,,0.0
2024-01-09,36.68,36.54,37.0,36.260000000000005,49581.05,183710.837,0.9881016765819364,,0.0
2024-01-10,36.56,35.61,36.56,35.61,49158.23,178801.82,0.9877947295423024,,0.0
2024-01-11,35.93,36.85,37.24,35.77,65432.7,242264.345,0.9882005899705016,,0.0
2024-01-12,36.760000000000005,36.14,36.95,36.02,48149.24,177243.748,0.9879715691634774,,0.0
2024-01-15,35.99,35.92,36.52,35.56,45608.72,166379.183,0.987898789878988,,0.0
2024-01-16,35.92,35.54,36.1,34.870000000000005,54344.05,194415.786,0.9877709838799332,,0.0
2024-01-17,35.46,34.72,35.830000000000005,34.67,42768.52,153119.379,0.9874857792946532,,0.0
2024-01-18,34.550000000000004,35.56,35.6,34.160000000000004,86100.7,303537.23,0.987777777777778,,0.0
2024-01-19,35.45,34.870000000000005,35.72,34.82,49933.7,177968.796,0.987538940809969,,0.0
2024-01-22,35.02,32.760000000000005,35.07,32.52,62805.52,214647.481,0.9867469879518072,,0.0
2024-01-23,32.64,33.120000000000005,33.68,32.480000000000004,73719.55,247041.267,0.9868891537544696,,0.0
2024-01-24,33.31,33.080000000000005,33.46,31.59,86461.06,284300.565,0.986873508353222,,0.0
2024-01-25,33.080000000000005,34.580000000000005,34.63,32.730000000000004,78910.5,270897.146,0.9874357509994288,,0.0
2024-01-26,34.230000000000004,33.22,34.440000000000005,33.22,65558.09,224532.892,0.9869281045751634,,0.0
2024-01-29,33.440000000000005,31.91,33.550000000000004,31.91,61139.05,200766.767,0.9863987635239568,,0.0
2024-01-30,31.83,30.61,32.31,30.52,48472.35,154127.847,0.985829307568438,,0.0
2024-01-31,30.12,28.62,30.61,28.58,73312.76,219080.383,0.9848589125946318,,0.0
2024-02-01,28.74,28.9,30.02,28.46,76037.97,225659.306,0.9850034083162916,,0.0
2024-02-02,28.92,27.48,29.66,26.46,76980.93,219290.598,0.984240687679083,,0.0
2024-02-05,27.14,24.69,27.45,24.69,115071.12,296858.654,0.9824910465578988,,0.0
2024-02-06,23.91,25.96,26.62,23.22,130128.01,330007.817,0.9833333333333332,,0.0
2024-02-07,25.96,27.15,28.23,25.78,110940.05,307030.194,0.9840521928234868,,0.0
2024-02-08,27.47,28.71,28.91,27.47,115887.79,333502.688,0.9849056603773584,,0.0
2024-02-19,29.56,30.89,30.89,29.42,156292.74,477240.854,0.985955952760932,,0.0
2024-02-20,30.27,30.27,30.44,29.68,102679.75,313940.997,0.9856724194073592,,0.0
2024-02-21,30.41,30.48,31.52,30.28,127131.81,398850.432,0.9857697283311772,,0.0
2024-02-22,31.34,32.36,32.42,31.26,133169.74,430451.375,0.9865853658536586,,0.0
2024-02-23,32.690000000000005,33.660000000000004,33.72,32.06,133965.2,447812.931,0.9870967741935484,,0.0
2024-02-26,33.72,33.89,34.900000000000006,33.07,127584.98,440991.391,0.987183221672007,,0.0
2024-02-27,34.36,37.32,37.32,34.160000000000004,133270.89,483239.057,0.9883474576271188,,0.0
2024-02-28,39.35,36.95,40.56,36.74,283033.31,1110153.513,0.988232147633057,,0.0
2024-02-29,36.39,39.35,39.71,36.36,215655.98,841549.959,0.988941945212365,,0.0
2024-03-01,38.71,38.760000000000005,39.53,37.95,175011.15,684309.921,0.9887755102040816,,0.0
2024-03-04,38.75,39.96,40.86,38.260000000000005,187086.61,748890.883,0.9891089108910892,,0.0
2024-03-05,39.14,38.06,39.59,37.79,174399.26,680053.105,0.9885714285714288,,0.0
2024-03-06,37.56,37.77,38.120000000000005,37.18,106917.38,407300.274,0.9884846898717614,,0.0
2024-03-07,37.86,36.13,38.06,35.980000000000004,130287.4,486655.634,0.987968280010938,,0.0
2024-03-08,36.5,37.75,37.900000000000006,36.04,117886.71,441539.143,0.9884786593349044,,0.0
2024-03-11,36.96,38.54,38.67,36.63,107898.2,411544.804,0.9887121600820934,,0.0
2024-03-12,38.31,38.32,39.36,37.84,103486.6,403626.771,0.9886480908152736,,0.0
2024-03-13,38.89,38.940000000000005,39.56,38.42,127898.99,503945.984,0.988826815642458,,0.0
2024-03-14,38.49,38.81,39.06,38.06,92184.56,359932.416,0.9887898089171976,,0.0
2024-03-15,38.56,39.71,40.36,38.42,122687.81,489661.081,0.989041095890411,,0.0
2024-03-18,39.86,39.760000000000005,40.0,39.06,98447.56,393771.193,0.9890547263681592,,0.0
2024-03-19,39.71,39.54,40.64,38.99,120210.91,483446.132,0.9889944972486244,,0.0
2024-03-20,39.27,40.79,40.79,38.96,164348.63,664279.647,0.989328159107446,,0.0
2024-03-21,43.35,40.56,44.36,40.39,284735.43,1209768.587,0.9892682926829268,,0.0
2024-03-22,41.56,44.66,44.66,40.760000000000005,306216.73,1322923.128,0.9902439024390244,,0.0
2024-03-25,47.56,46.36,49.17,46.07,575311.33,2787482.647,0.9905982905982906,,0.0
2024-03-26,45.260000000000005,41.68,46.190000000000005,41.68,423079.39,1873406.956,0.989553656220323,,0.0
2024-03-27,40.16,38.56,41.64,38.23,294915.03,1172737.308,0.9887179487179488,,0.0
2024-03-28,38.330000000000005,40.57,40.99,38.330000000000005,238717.97,965443.139,0.98927090953426,,0.0
2024-03-29,40.07,40.120000000000005,41.11,39.440000000000005,173300.49,704742.449,0.9891518737672584,,0.0
2024-04-01,40.21,39.95,40.85,39.510000000000005,157536.38,636734.111,0.9891062144095074,,0.0
2024-04-02,39.77,37.56,39.78,37.36,203311.91,786164.042,0.988421052631579,,0.0
2024-04-03,37.36,36.580000000000005,37.67,36.260000000000005,108281.93,402707.185,0.9881145326850352,,0.0
2024-04-08,36.95,36.370000000000005,37.38,36.21,92435.67,345159.068,0.9880467264330346,,0.0
2024-04-09,36.34,35.84,36.71,35.56,84235.18,306202.165,0.98787210584344,,0.0
2024-04-10,35.760000000000005,34.6,35.78,34.160000000000004,110192.9,386894.851,0.9874429223744292,,0.0
2024-04-11,34.47,35.21,36.06,34.36,102295.5,366286.102,0.9876577840112204,,0.0
2024-04-12,35.46,35.28,36.17,35.25,95209.0,343560.025,0.9876819708846584,,0.0
2024-04-15,35.03,34.02,35.39,33.370000000000005,116887.96,405604.052,0.9872315728380732,,0.0
2024-04-16,33.78,32.400000000000006,34.230000000000004,32.27,96234.0,320514.31,0.9866017052375152,,0.0
2024-04-17,32.99,34.43,34.61,32.900000000000006,105499.09,363137.626,0.9873817034700316,,0.0
2024-04-18,33.900000000000006,34.25,35.120000000000005,33.260000000000005,100996.79,349151.603,0.9873162294609398,,0.0
2024-04-19,33.99,33.46,34.39,33.14,69710.42,237688.43,0.9870206489675516,,0.0
2024-04-22,32.480000000000004,32.52,33.14,31.91,67060.39,220814.786,0.9866504854368932,,0.0
2024-04-23,32.940000000000005,32.36,33.11,32.150000000000006,59651.55,196488.757,0.9865853658536586,,0.0
2024-04-24,32.63,34.330000000000005,34.330000000000005,32.59,99789.34,340051.431,0.9873454127121082,,0.0
2024-04-25,33.870000000000005,33.64,34.18,33.440000000000005,68455.55,234363.609,0.9870892018779344,,0.0
2024-04-26,34.11,35.42,35.61,33.940000000000005,133394.65,473488.6,0.9877300613496932,,0.0
2024-04-29,35.85,37.010000000000005,37.16,35.440000000000005,137572.7,505593.97,0.9882510013351136,,0.0
2024-04-30,35.56,35.0,36.04,34.35,189391.19,674108.806,0.9875846501128668,,0.0
2024-05-06,35.440000000000005,34.79,35.660000000000004,34.45,123168.45,436806.88,0.9875106443372128,,0.0
2024-05-07,34.660000000000004,34.56,35.04,34.27,81465.55,285530.237,0.9874285714285717,,0.0
2024-05-08,34.370000000000005,33.29,34.370000000000005,33.150000000000006,82457.44,280872.279,0.986955232730507,,0.0
2024-05-09,33.31,33.46,33.74,33.300000000000004,54883.31,186292.738,0.9870206489675516,,0.0
2024-05-10,33.61,32.550000000000004,33.63,32.440000000000005,81675.19,270611.652,0.9866626250378904,,0.0
2024-05-13,32.2,31.73,32.440000000000005,31.66,63031.78,204235.574,0.9863226608641592,,0.0
2024-05-14,31.96,32.400000000000006,32.54,31.96,61642.03,201938.416,0.9866017052375152,,0.0
2024-05-15,32.54,31.86,32.550000000000004,31.76,46573.77,151387.538,0.986377708978328,,0.0
2024-05-16,32.11,32.160000000000004,32.64,32.010000000000005,70828.96,232295.743,0.9865030674846628,,0.0
2024-05-17,32.160000000000004,32.690000000000005,32.690000000000005,31.81,56144.0,184124.355,0.9867189858134622,,0.0
2024-05-20,33.7,34.02,34.2,33.160000000000004,111537.53,381995.24,0.9872315728380732,,0.0
2024-05-21,33.95,33.38,34.11,33.29,65766.28,223850.575,0.9869899467770552,,0.0
2024-05-22,33.24,33.300000000000004,33.49,32.940000000000005,45845.07,154216.867,0.986959098992294,,0.0
2024-05-23,33.54,34.75,34.830000000000005,32.7,166837.92,574584.829,0.9874964478545042,,0.0
2024-05-24,34.36,34.410000000000004,35.06,34.080000000000005,145711.44,508996.032,0.987374461979914,,0.0
2024-05-27,34.370000000000005,33.690000000000005,34.63,32.96,91027.63,309421.946,0.9871081160269558,,0.0
2024-05-28,33.400000000000006,31.4,33.43,31.21,129309.91,422948.96,0.986180904522613,,0.0
2024-05-29,31.48,31.61,32.260000000000005,31.45,71679.55,231333.62,0.9862714508580342,,0.0
2024-05-30,31.42,30.96,31.46,30.75,58255.94,183218.375,0.9859872611464968,,0.0
2024-05-31,31.06,31.32,32.1,31.06,61894.32,198040.226,0.986146095717884,,0.0
2024-06-03,31.32,31.46,31.66,30.91,53691.28,170697.753,0.986206896551724,,0.0
2024-06-04,31.36,31.17,31.37,30.48,58256.17,182292.189,0.9860803543182536,,0.0
2024-06-05,30.89,30.65,31.2,30.64,33515.28,105042.303,0.9858475394017367,,0.0
2024-06-06,30.87,29.62,31.03,29.53,71197.65,217217.74,0.9853626081170992,,0.0
2024-06-07,29.9,29.67,30.14,29.22,53546.82,160925.967,0.9853869146462968,,0.0
2024-06-11,29.35,30.2,30.22,29.02,46424.32,140140.364,0.9856396866840732,,0.0
2024-06-12,30.21,30.7,30.82,30.06,42163.28,130997.26,0.9858702633269106,,0.0
2024-06-13,30.72,30.42,30.82,30.34,45326.7,140754.997,0.9857420609202852,,0.0
2024-06-14,30.44,31.19,31.25,30.01,62570.46,195712.908,0.9860891558646854,,0.0
2024-06-17,31.03,30.86,31.24,30.76,43448.0,136644.648,0.9859424920127796,,0.0
2024-06-18,30.78,31.16,31.47,30.78,50873.0,161107.129,0.9860759493670884,,0.0
2024-06-19,31.17,30.49,31.35,30.49,46211.64,144533.885,0.9857743291302942,,0.0
2024-06-20,30.47,29.29,30.48,29.26,54232.09,163677.866,0.9852001345442314,,0.0
2024-06-21,29.39,29.61,29.79,28.91,40629.0,121318.904,0.9853577371048252,,0.0
2024-06-24,29.29,27.93,29.45,27.82,59134.7,171299.625,0.9844906591469862,,0.0
2024-06-25,28.04,27.49,28.23,27.12,48027.36,135016.485,0.9842463301109916,,0.0
2024-06-26,27.65,29.06,29.19,27.34,66080.24,190758.878,0.9850847457627118,,0.0
2024-06-27,28.84,28.42,29.1,28.26,50737.0,147697.73,0.9847539847539848,,0.0
2024-06-28,28.29,28.67,29.25,28.29,48497.0,142483.586,0.9848849192717278,,0.0
2024-07-01,28.52,28.86,28.87,28.08,35926.58,103943.19,0.9849829351535836,,0.0
2024-07-02,28.75,28.45,28.98,28.3,30431.0,88399.289,0.9847698165455174,,0.0
2024-07-03,28.51,27.76,28.53,27.73,34367.0,97637.298,0.9843971631205674,,0.0
2024-07-04,27.96,27.23,28.04,27.13,31780.0,88787.862,0.9840983014094687,,0.0
2024-07-05,27.24,27.63,27.85,26.93,33366.01,92995.769,0.9843249020306376,,0.0
2024-07-08,27.5,26.69,27.5,26.56,35964.0,98296.328,0.9837817913748618,,0.0
2024-07-09,26.66,27.79,27.91,26.52,51843.9,143433.302,0.9844137442437124,,0.0
2024-07-10,27.58,27.64,28.06,27.49,37093.9,104776.939,0.9843304843304844,,0.0
2024-07-11,28.28,28.49,28.61,27.97,51658.71,148731.518,0.9847908745247148,,0.0
2024-07-12,28.41,28.01,28.41,27.81,36246.0,103219.541,0.9845342706502636,,0.0
2024-07-15,27.93,27.52,27.93,27.39,26923.33,75383.352,0.9842632331902718,,0.0
2024-07-16,27.33,27.93,28.15,27.18,35154.08,98961.196,0.9844906591469862,,0.0
2024-07-17,27.85,27.42,28.18,27.42,35071.0,97773.825,0.993118435349511,,0.0
2024-07-18,27.24,27.17,27.32,26.51,38501.9,104174.973,0.9930555555555556,,0.0
2024-07-19,26.95,27.54,27.9,26.92,40946.0,113181.737,0.993148214929679,,0.0
2024-07-22,27.51,27.53,27.86,27.34,29645.0,82321.053,0.9931457431457432,,0.0
2024-07-23,27.56,26.59,27.7,26.59,37828.0,103112.45,0.9929051530993278,,0.0
2024-07-24,26.51,26.28,26.88,26.24,30130.87,80450.557,0.9928220627125048,,0.0
2024-07-25,26.22,26.39,26.77,25.81,29518.38,78236.511,0.992851768246802,,0.0
2024-07-26,26.41,26.81,27.06,26.41,29347.0,79196.948,0.9929629629629628,,0.0
2024-07-29,26.81,26.67,26.93,26.43,20748.38,55725.062,0.9929262844378256,,0.0
2024-07-30,26.48,26.97,27.26,26.32,31930.36,86407.393,0.99300441826215,,0.0
2024-07-31,27.0,28.18,28.18,26.94,58078.43,162680.63,0.9933027846316532,,0.0
2024-08-01,28.2,28.2,28.48,28.04,42001.36,119467.678,0.9933075026417753,,0.0
2024-08-02,27.9,27.51,28.29,27.48,37600.0,105456.245,0.9931407942238266,,0.0
2024-08-05,27.21,26.51,27.91,26.51,38812.0,105845.679,0.992883895131086,,0.0
2024-08-06,27.01,26.83,27.17,26.49,30290.0,81634.12,0.9929681717246484,,0.0
2024-08-07,27.07,27.49,28.16,27.07,73607.0,205900.616,0.9931358381502888,,0.0
2024-08-08,27.19,26.75,27.31,26.47,55549.04,149978.071,0.9929472902746844,,0.0
2024-08-09,27.15,26.57,27.25,26.57,29796.0,80610.245,0.9928998505231688,,0.0
2024-08-12,26.53,26.04,26.57,25.93,29792.04,78434.066,0.9927563858177658,,0.0
2024-08-13,26.07,26.21,26.36,25.88,26735.74,70279.196,0.9928030303030304,,0.0
2024-08-14,26.23,25.92,26.41,25.92,26493.0,69773.537,0.9927230945997702,,0.0
2024-08-15,25.85,26.4,26.77,25.52,44675.0,118567.393,0.9928544565626176,,0.0
2024-08-16,26.49,26.36,26.78,26.32,32587.0,87166.705,0.9928436911487758,,0.0
2024-08-19,26.36,26.5,26.78,26.24,27765.0,74180.993,0.9928812289246908,,0.0
2024-08-20,26.48,25.58,26.48,25.51,39475.0,102658.585,0.992627085758634,,0.0
2024-08-21,25.59,25.09,25.67,25.05,34840.0,88828.466,0.9924841772151898,,0.0
2024-08-22,25.1,24.64,25.5,24.49,36369.0,91279.671,0.9923479661699556,,0.0
2024-08-23,24.59,25.08,25.21,24.34,43216.39,107769.635,0.9924812030075189,,0.0
2024-08-26,25.02,24.96,25.37,24.85,22906.0,57903.894,0.9924453280318092,,0.0
2024-08-27,25.11,24.48,25.11,24.44,27449.0,68120.437,0.992298338062424,,0.0
2024-08-28,24.39,24.52,24.81,24.09,24436.0,60202.294,0.9923108053419668,,0.0
2024-08-29,24.57,25.13,25.29,24.29,35055.38,88105.891,0.9924960505529226,,0.0
2024-08-30,25.06,25.9,26.27,25.01,55230.0,144128.466,0.992717516289766,,0.0
2024-09-02,25.67,24.45,25.71,24.43,70888.0,177910.829,0.992288961038961,,0.0
2024-09-03,24.45,25.08,25.14,24.36,44435.0,110914.081,0.9924812030075189,,0.0
2024-09-04,24.66,24.84,25.1,24.62,29327.28,73481.157,0.9924091090691172,,0.0
2024-09-05,24.81,24.89,25.16,24.73,26039.0,65397.757,0.9924242424242424,,0.0
2024-09-06,24.85,24.29,24.96,24.24,33745.28,83166.564,0.9922385620915032,,0.0
2024-09-09,24.06,23.94,24.19,23.76,30288.0,73013.931,0.9921259842519684,,0.0
2024-09-10,23.96,24.61,24.91,23.67,37133.11,90694.95,0.9923387096774192,,0.0
2024-09-11,24.58,24.38,24.71,24.21,22358.0,55086.312,0.9922669922669922,,0.0
2024-09-12,24.46,24.29,24.76,24.29,25224.6,62344.375,0.9922385620915032,,0.0
2024-09-13,24.21,23.87,24.41,23.84,23983.0,58158.544,0.9921030756442228,,0.0
2024-09-18,23.94,23.73,24.16,23.28,28183.12,67030.876,0.9920568561872908,,0.0
2024-09-19,23.93,24.23,24.43,23.66,36332.0,88430.132,0.992219492219492,,0.0
2024-09-20,24.34,24.38,24.54,24.06,31387.0,76971.812,0.9922669922669922,,0.0
2024-09-23,24.29,24.62,25.06,24.19,41264.38,102791.482,0.992341797662233,,0.0
2024-09-24,24.66,25.4,25.41,24.25,65332.77,164496.287,0.9925752246971472,,0.0
2024-09-25,25.63,26.67,27.96,25.63,145218.83,390754.653,0.9929262844378256,,0.0
2024-09-26,26.67,27.52,27.56,26.27,124661.59,337471.867,0.9931432695777695,,0.0
2024-09-27,27.81,29.24,29.57,27.56,133423.16,382547.894,0.9935440027183146,,0.0
2024-09-30,30.39,32.06,32.13,29.81,172163.77,539149.955,0.994108527131783,,0.0
2024-10-08,35.29,34.43,35.29,32.11,198010.98,675145.335,0.9945118428653958,,0.0
2024-10-09,33.11,30.97,33.36,30.97,149423.78,483018.934,0.9939024390243902,,0.0
2024-10-10,31.17,30.26,32.010000000000005,30.11,98623.71,307213.776,0.99376026272578,,0.0
2024-10-11,30.07,28.71,30.38,28.41,86339.33,253779.214,0.9934256055363322,,0.0
2024-10-14,28.98,29.61,29.64,28.31,71277.92,208959.222,0.9936241610738256,,0.0
2024-10-15,29.49,29.08,30.29,29.07,72258.59,215843.333,0.9935087119918004,,0.0
2024-10-16,28.49,28.79,29.27,28.42,53809.62,156036.589,0.9934437543133194,,0.0
2024-10-17,29.1,28.63,29.51,28.61,58919.0,172286.122,0.993407356002776,,0.0
2024-10-18,28.43,29.89,30.55,28.43,106888.19,317590.059,0.993683510638298,,0.0
2024-10-21,30.78,30.45,30.96,30.04,108482.0,333055.759,0.993798955613577,,0.0
2024-10-22,30.39,30.61,30.94,29.94,83966.6,257017.147,0.9938311688311688,,0.0
2024-10-23,30.71,30.59,31.18,30.33,87521.0,271171.114,0.9938271604938272,,0.0
2024-10-24,30.21,30.17,30.63,29.89,62281.77,189394.693,0.993741765480896,,0.0
2024-10-25,30.14,30.6,30.85,30.02,65737.19,201467.118,0.9938291653134134,,0.0
2024-10-28,30.6,30.58,30.69,30.17,62933.0,192751.612,0.9938251543711408,,0.0
2024-10-29,30.71,29.71,30.77,29.7,85280.64,258928.558,0.9936454849498328,,0.0
2024-10-30,29.48,30.05,30.58,29.34,69085.17,208461.891,0.9937169312169312,,0.0
2024-10-31,29.3,29.57,29.88,28.91,91684.52,271573.921,0.9936155913978494,,0.0
2024-11-01,29.54,28.11,29.54,28.09,95395.0,274101.257,0.993286219081272,,0.0
2024-11-04,28.09,28.82,28.85,28.06,51162.27,147247.461,0.9934505342985176,,0.0
2024-11-05,28.63,29.85,29.88,28.62,77214.55,229068.247,0.9936750998668442,,0.0
2024-11-06,29.85,30.44,30.66,29.42,137282.6,416422.086,0.9937969311132876,,0.0
2024-11-07,30.19,31.03,31.03,30.11,104441.99,322392.786,0.9939141575912877,,0.0
2024-11-08,31.41,30.75,31.53,30.71,123083.23,385673.274,0.993859082094376,,0.0
2024-11-11,30.51,31.59,31.73,30.5,112359.61,354047.12,0.9940213971050976,,0.0
2024-11-12,31.59,30.88,31.7,30.57,96686.0,303483.248,0.9938847763115544,,0.0
2024-11-13,30.66,31.19,31.27,30.38,61404.0,190719.265,0.9939451880178456,,0.0
2024-11-14,31.21,30.11,31.24,30.03,55479.62,170449.743,0.9937293729372936,,0.0
2024-11-15,30.08,30.31,31.69,30.07,113848.0,354138.254,0.9937704918032788,,0.0
2024-11-18,30.56,28.96,30.66,28.8,85354.0,251579.329,0.9934819897084048,,0.0
2024-11-19,28.83,29.7,29.75,28.83,53851.55,158954.429,0.9936433589829374,,0.0
2024-11-20,29.56,30.14,30.51,29.41,61158.56,184763.729,0.9937355753379492,,0.0
2024-11-21,30.14,30.0,30.41,29.56,48271.0,145997.071,0.9937065253395164,,0.0
2024-11-22,29.94,29.1,30.91,29.01,92141.0,279694.01,0.99351314441789,,0.0
2024-11-25,29.28,29.44,29.58,28.26,71352.1,206954.504,0.993587580155248,,0.0
2024-11-26,29.37,28.89,30.17,28.85,50524.62,149293.83,0.9934662998624484,,0.0
2024-11-27,28.73,29.55,29.58,28.26,53196.0,154716.199,0.9936112979152656,,0.0
2024-11-28,29.51,29.03,29.74,28.93,49292.0,145837.936,0.9934976043805612,,0.0
2024-11-29,29.11,29.63,29.86,28.66,66264.0,195894.553,0.9936284372904092,,0.0
2024-12-02,29.63,30.23,30.25,29.51,66434.73,200026.401,0.9937541091387244,,0.0
2024-12-03,30.21,29.99,30.46,29.71,48617.0,146893.856,0.9937044400265076,,0.0
2024-12-04,30.0,29.2,30.01,29.1,50251.81,149188.602,0.9935352160598844,,0.0
2024-12-05,29.3,29.96,30.49,29.21,96210.18,291326.498,0.993698175787728,,0.0
2024-12-06,29.95,30.58,30.9,29.83,98613.0,301951.744,0.9938251543711408,,0.0
2024-12-09,30.52,30.84,31.19,30.31,90693.16,280932.42,0.9938768933290364,,0.0
2024-12-10,31.69,30.64,31.74,30.52,104748.0,327699.062,0.9938371715861174,,0.0
2024-12-11,30.62,30.97,31.31,30.51,72518.26,225550.038,0.9939024390243902,,0.0
2024-12-12,31.11,31.24,31.94,30.83,102551.8,323069.628,0.9939548202354438,,0.0
2024-12-13,30.86,32.150000000000006,32.910000000000004,30.65,223457.51,720010.441,0.9941249226963512,,0.0
2024-12-16,32.160000000000004,31.64,32.82,31.51,167139.64,540481.459,0.9940307885642476,,0.0
2024-12-17,31.65,30.22,31.77,30.05,118091.08,365523.365,0.9937520552449852,,0.0
2024-12-18,30.41,30.6,31.0,29.75,78923.93,241591.232,0.9938291653134134,,0.0
2024-12-19,30.14,33.68,33.68,29.95,272249.46,901813.762,0.994390315913788,,0.0
2024-12-20,34.45,33.56,34.800000000000004,33.43,451815.9,1553714.187,0.9943703703703703,,0.0
2024-12-23,33.92,32.97,34.89,32.910000000000004,229739.37,781147.24,0.9942702050663452,,0.0
2024-12-24,33.47,33.93,34.61,32.910000000000004,230413.67,780004.517,0.9944314185228604,,0.0
2024-12-25,33.6,32.82,34.17,31.71,204626.65,673557.58,0.994244168433808,,0.0
2024-12-26,32.830000000000005,34.690000000000005,35.150000000000006,32.61,290455.63,999056.189,0.994552752293578,,0.0
2024-12-27,34.36,34.11,34.660000000000004,33.800000000000004,182613.18,628348.21,0.9944606413994168,,0.0
2024-12-30,34.59,35.13,36.71,34.17,295278.03,1048367.766,0.9946206115515288,,0.0
2024-12-31,34.82,33.43,35.480000000000004,33.07,194019.57,663346.346,0.9943486020226056,,0.0
2025-01-02,33.010000000000005,31.33,33.010000000000005,30.88,176671.66,568003.158,0.993972081218274,,0.0
2025-01-03,31.61,30.51,31.85,29.93,148308.0,460085.674,0.9938110749185668,,0.0
2025-01-06,30.31,29.55,30.6,29.2,116655.57,349819.726,0.9936112979152656,,0.0
2025-01-07,29.72,30.31,30.36,29.41,104588.0,314193.363,0.9937704918032788,,0.0
2025-01-08,29.96,29.72,30.27,28.63,118354.64,351152.479,0.993647609495152,,0.0
2025-01-09,29.49,30.31,31.21,29.44,126681.0,388308.697,0.9937704918032788,,0.0
2025-01-10,30.31,29.53,30.43,29.17,102854.34,307253.506,0.993606998654105,,0.0
2025-01-13,28.92,29.3,29.81,28.65,55979.16,165034.875,0.9935571380128856,,0.0
2025-01-14,29.53,30.75,30.77,29.37,93239.04,284270.255,0.993859082094376,,0.0
2025-01-15,30.65,30.36,31.46,30.23,73941.97,227718.372,0.9937806873977086,,0.0
2025-01-16,30.41,30.42,30.87,30.06,75465.0,230731.625,0.9937928781443972,,0.0
2025-01-17,30.08,30.71,30.73,29.63,82870.06,252573.117,0.993851132686084,,0.0
2025-01-20,30.9,31.23,31.96,30.55,91080.73,286638.075,0.9939528962444304,,0.0
2025-01-21,31.37,31.34,31.51,30.84,57021.0,178862.216,0.9939739930225182,,0.0
2025-01-22,31.44,33.010000000000005,34.49,31.23,268019.02,895759.913,0.994277108433735,,0.0
2025-01-23,33.300000000000004,32.89,34.32,32.82,221267.69,747294.334,0.9942563482466747,,0.0
2025-01-24,32.81,33.400000000000006,33.43,32.7,102159.86,340464.934,0.994343554629354,,0.0
2025-01-27,33.21,31.93,33.31,31.47,124020.46,402229.09,0.9940846824408468,,0.0
2025-02-05,32.800000000000004,33.150000000000006,33.64,32.72,129181.19,430148.749,0.9943011397720456,,0.0
2025-02-06,32.78,34.440000000000005,34.940000000000005,32.59,199164.98,684142.551,0.9945134276638752,,0.0
2025-02-07,34.980000000000004,35.28,36.02,34.57,217793.09,774125.566,0.9946433605864112,,0.0
2025-02-10,38.82,38.830000000000005,38.830000000000005,38.82,88216.51,344195.37,0.995130702203998,,0.0
2025-02-11,40.79,42.73,42.73,40.32,318650.67,1354352.195,0.9955731593662628,,0.0
2025-02-12,47.02,47.02,47.02,47.02,32913.72,155385.672,0.9959754289345478,,0.0
2025-02-13,51.74,50.010000000000005,51.74,46.330000000000005,959115.96,4830573.597,0.9962151394422312,,0.0
2025-02-14,48.22,55.03,55.03,45.39,792584.6,4047768.486,0.9965592176747556,,0.0
2025-02-17,52.81,51.46,54.71,49.830000000000005,650223.0,3382508.515,0.996321393998064,,0.0
2025-02-18,50.78,51.25,54.36,50.71,426499.88,2235186.228,0.9963063763608088,,0.0
2025-02-19,52.830000000000005,56.39,56.39,51.91,492301.1,2705520.279,0.9966419229409684,,0.0
2025-02-20,58.620000000000005,62.05,62.05,58.61,138772.0,841001.158,0.9969473007712084,,0.0
2025-02-21,68.27,68.27,68.27,68.27,12215.6,83627.998,0.9972246567338592,,0.0
2025-02-24,73.81,70.76,75.12,68.67,593346.51,4275841.905,0.997322057787174,,0.0
2025-02-25,63.92,64.8,68.81,63.67,526510.33,3488460.137,0.9970764733035852,,0.0
2025-02-26,64.65,63.29,65.31,61.400000000000006,359407.56,2273767.453,0.9970069313169504,,0.0
2025-02-27,62.81,60.8,64.39,59.21,307506.38,1886756.488,0.9968847352024922,,0.0
2025-02-28,59.31,56.11,59.81,55.82,296587.35,1703251.917,0.9966252220248668,,0.0
2025-03-03,57.31,57.8,58.91,55.81,218920.26,1262984.085,0.9967235730298328,,0.0
2025-03-04,54.91,57.59,58.11,54.91,201859.7,1152063.836,0.996711664935964,,0.0
2025-03-05,60.010000000000005,61.330000000000005,62.71,58.27,369714.31,2246143.972,0.9969115734720416,,0.0
2025-03-06,63.53,61.81,64.81,60.29,424102.77,2674184.494,0.9969354838709678,,0.0
2025-03-07,59.91,62.3,64.74000000000001,59.190000000000005,319827.05,1987096.793,0.9969595135221636,,0.0
2025-03-10,60.61,58.43,60.81,56.41,259250.15,1511710.433,0.9967587853974752,,0.0
2025-03-11,58.830000000000005,61.870000000000005,63.04,58.07,330703.97,1984199.598,0.9969384466645184,,0.0
2025-03-12,61.870000000000005,62.91,67.92,61.71,354525.46,2302244.38,0.9969889064976228,,0.0
2025-03-13,62.31,61.38,64.8,59.63,237229.83,1476482.823,0.9969140815332144,,0.0
2025-03-14,60.81,60.120000000000005,61.21,58.11,207751.55,1242502.711,0.9968496103465428,,0.0
2025-03-17,60.0,62.07,62.56,58.77,210577.92,1291575.907,0.9969482814005782,,0.0
2025-03-18,66.71000000000001,65.07000000000001,68.3,63.83,353809.6,2335247.553,0.9970885688017164,,0.0
2025-03-19,65.31,63.63,66.81,63.09,270055.9,1755304.972,0.9970228768411156,,0.0
2025-03-20,62.75,59.82,63.61,59.82,247547.3,1520961.538,0.9968338610231628,,0.0
2025-03-21,59.29,58.41,60.16,56.81,164636.67,972260.205,0.9967576791808874,,0.0
2025-03-24,58.190000000000005,56.14,58.79,54.64,188945.49,1067142.877,0.9966270193502574,,0.0
2025-03-25,56.11,52.36,56.57,51.830000000000005,214568.0,1149094.476,0.996384395813511,,0.0
2025-03-26,52.370000000000005,51.98,53.510000000000005,51.98,109275.74,579100.012,0.9963580601878474,,0.0
2025-03-27,51.98,50.96,53.14,50.8,109636.0,569517.165,0.9962854349951124,,0.0
2025-03-28,50.81,51.02,52.510000000000005,50.81,115804.67,598156.071,0.9962897871509472,,0.0
2025-03-31,50.120000000000005,53.85,54.86,49.41,227855.25,1201112.448,0.9964840858623244,,0.0
2025-04-01,53.81,52.690000000000005,53.99,51.8,159133.69,840165.974,0.9964069591527988,,0.0
2025-04-02,52.43,52.900000000000006,54.47,52.43,125205.0,670098.1,0.996421171595404,,0.0
2025-04-03,51.88,52.07,53.940000000000005,51.46,100817.37,529921.179,0.9963643321852278,,0.0
2025-04-07,46.85,46.84,48.39,46.84,33045.79,156309.057,0.9959600255156285,,0.0
2025-04-08,44.21,42.25,45.72,42.14,206786.13,893020.542,0.9955230914231856,,0.0
2025-04-09,41.49,44.36,45.31,39.02,201985.64,862012.066,0.9957351290684624,,0.0
2025-04-10,46.09,47.06,48.79,44.99,182905.96,865157.022,0.995978835978836,,0.0
2025-04-11,45.96,47.5,48.260000000000005,45.96,114097.9,540400.459,0.99601593625498,,0.0
2025-04-14,48.11,47.81,48.59,47.21,102920.0,494878.923,0.9960416666666668,,0.0
2025-04-15,47.330000000000005,47.21,48.2,46.75,64877.89,307988.962,0.9959915611814346,,0.0
2025-04-16,46.82,45.64,47.47,44.6,83208.92,381819.484,0.9958542439450142,,0.0
2025-04-17,45.74,45.56,46.96,45.56,57116.0,264749.738,0.9958469945355192,,0.0
2025-04-18,45.75,46.11,47.06,45.31,63164.0,293058.502,0.9958963282937364,,0.0
2025-04-21,46.120000000000005,50.74,50.74,45.54,141853.47,692378.529,0.9962693893579424,,0.0
2025-04-22,50.23,49.11,50.71,48.71,123548.0,612943.063,0.9961460446247464,,0.0
2025-04-23,49.580000000000005,49.71,50.41,48.78,123917.0,617824.684,0.9961923847695392,,0.0
2025-04-24,49.11,46.06,49.11,45.56,180381.14,844891.261,0.995891891891892,,0.0
2025-04-25,46.06,46.07,47.21,45.85,118517.17,551590.154,0.9958927799394726,,0.0
2025-04-28,45.61,46.18,47.46,45.32,124421.5,580884.588,0.9959025231830926,,0.0
2025-04-29,46.64,48.67,50.11,46.34,165044.85,807490.913,0.9961113385182152,,0.0
2025-04-30,48.77,50.010000000000005,50.61,47.81,178300.0,887408.99,0.9962151394422312,,0.0
2025-05-06,50.900000000000006,53.53,53.89,50.09,202943.52,1061633.332,0.996463142218913,,0.0
2025-05-07,53.96,51.760000000000005,54.190000000000005,51.18,182981.0,957404.648,0.9963426371511068,,0.0
2025-05-08,51.61,51.31,52.330000000000005,51.11,109097.77,563951.83,0.9963106796116504,,0.0
2025-05-09,51.06,49.71,51.31,49.56,89438.97,448286.87,0.9961923847695392,,0.0
2025-05-12,50.0,50.8,50.81,49.7,75272.8,380709.044,0.9962737791723868,,0.0
2025-05-13,51.440000000000005,52.010000000000005,53.81,51.440000000000005,178655.56,945405.032,0.996360153256705,,0.0
2025-05-14,51.81,52.120000000000005,53.8,51.52,136077.76,718356.796,0.9963678073026192,,0.0
2025-05-15,51.81,50.150000000000006,52.120000000000005,49.81,106319.58,538982.258,0.9962256654747716,,0.0
2025-05-16,48.18,48.690000000000005,49.66,48.18,90457.06,443886.1,0.996112929623568,,0.0
2025-05-19,48.31,47.48,48.61,46.71,88866.59,422752.8,0.9960142647367316,,0.0
2025-05-20,47.99,51.57,52.25,47.32,266635.0,1369050.514,0.9963292117465224,,0.0
2025-05-21,53.05,51.190000000000005,53.73,51.16,216283.02,1137803.494,0.9963020630595564,,0.0
2025-05-22,50.98,49.71,51.31,49.510000000000005,129363.0,653019.669,0.9961923847695392,,0.0
2025-05-23,49.72,47.17,49.830000000000005,47.17,147905.0,713818.919,0.9959881756756758,,0.0
2025-05-26,47.21,49.620000000000005,50.870000000000005,47.17,151026.34,740218.279,0.9961855049186912,,0.0
2025-05-27,50.31,48.89,51.010000000000005,48.54,126769.0,631817.007,0.9961287693561532,,0.0
2025-05-28,49.31,48.92,50.79,47.97,118884.48,589487.818,0.9961311341885564,,0.0
2025-05-29,48.41,48.8,49.31,47.7,122843.88,600165.818,0.9961216574811188,,0.0
2025-05-30,48.31,46.0,48.36,45.82,137099.38,643299.038,0.9958865555315004,,0.0
2025-06-03,45.620000000000005,45.67,46.27,45.46,55480.84,255817.309,0.9958569559529,,0.0
2025-06-04,46.120000000000005,48.57,50.260000000000005,45.81,251348.52,1239121.241,0.9961033634126334,,0.0
2025-06-05,47.67,49.45,50.120000000000005,46.61,279488.57,1353073.195,0.9961724415793716,,0.0
2025-06-06,49.31,49.74,50.03,48.32,151311.65,748006.454,0.9961946725415582,,0.0
2025-06-09,49.74,52.59,53.580000000000005,49.510000000000005,215229.8,1131968.801,0.9964001515725656,,0.0
2025-06-10,52.080000000000005,51.16,53.89,50.830000000000005,122564.56,638252.233,0.9962999026290166,,0.0
2025-06-11,51.120000000000005,50.16,51.39,49.49,102389.01,516767.585,0.9962264150943396,,0.0
2025-06-12,50.16,49.11,50.71,48.81,125017.66,623077.154,0.9961460446247464,,0.0
2025-06-13,48.42,47.190000000000005,49.0,46.72,126634.88,604009.836,0.9959898691430984,,0.0
2025-06-16,46.96,47.3,48.49,46.78,118064.0,562773.21,0.9959991577174142,,0.0
2025-06-17,47.5,45.96,47.5,45.620000000000005,141859.96,657853.38,0.9958829902491876,,0.0
2025-06-18,46.120000000000005,46.47,46.690000000000005,44.71,128798.32,590286.979,0.9959279897128162,,0.0
2025-06-19,46.330000000000005,45.11,46.650000000000006,44.830000000000005,103203.9,474448.476,0.9958057395143488,,0.0
2025-06-20,45.11,43.7,45.56,43.66,108031.79,479718.085,0.9956709956709956,,0.0
2025-06-23,42.89,43.5,43.61,42.72,76464.29,332054.512,0.9956511787594416,,0.0
2025-06-24,43.900000000000006,44.940000000000005,45.16,43.67,91806.28,411210.485,0.995789940172834,,0.0
2025-06-25,46.57,46.190000000000005,46.900000000000006,45.17,143399.97,662994.099,0.9959034066407936,,0.0
2025-06-26,46.41,46.43,47.79,45.43,148494.79,694612.311,0.995924495924496,,0.0
2025-06-27,46.43,46.96,47.78,45.620000000000005,140308.59,660752.915,0.9959703075291624,,0.0
2025-06-30,46.81,47.07,47.29,46.63,99275.62,468133.077,0.9959796868387644,,0.0
2025-07-01,47.080000000000005,46.36,47.080000000000005,45.81,81040.06,376184.399,0.9959183673469388,,0.0
2025-07-02,45.97,45.36,46.55,45.11,73513.04,335549.571,0.99582875960483,,0.0
2025-07-03,45.22,45.1,46.190000000000005,44.93,65146.9,296211.756,0.9958048134245971,,0.0
2025-07-04,45.1,45.32,46.29,44.71,101476.7,464361.237,0.9958250933860692,,0.0
2025-07-07,44.81,44.52,45.16,44.38,63401.01,283752.599,0.9957503914113174,,0.0
2025-07-08,44.54,45.99,46.65,44.5,100855.91,460190.144,0.9986970684039088,,0.0
2025-07-09,46.23,45.97,46.23,45.1,90577.8,414191.838,0.998696502281121,,0.0
2025-07-10,45.74,45.16,45.9,44.89,61191.21,276917.024,0.998673153471915,,0.0
2025-07-11,45.24,45.08,45.44,44.57,78764.94,354980.663,0.9986708019494904,,0.0
2025-07-14,45.07,45.54,45.93,44.75,81988.91,373072.98,0.9986842105263156,,0.0
2025-07-15,45.65,47.81,47.94,45.52,247657.04,1171015.312,0.9987466053895968,,0.0
2025-07-16,46.94,47.64,48.44,46.54,150153.65,715395.909,0.99874213836478,,0.0
2025-07-17,46.84,46.66,47.44,46.34,148818.16,695602.677,0.9987157534246576,,0.0
2025-07-18,46.78,46.33,47.44,46.27,122237.0,571638.165,0.9987066178055616,,0.0
2025-07-21,46.34,46.43,46.68,45.94,86950.97,402394.592,0.99870939987094,,0.0
2025-07-22,46.54,44.97,46.54,44.64,157003.13,710058.983,0.9986675549633576,,0.0
2025-07-23,44.71,45.11,45.93,44.49,78746.26,355668.612,0.9986716847465132,,0.0
2025-07-24,45.13,45.31,45.38,44.82,54411.7,246166.513,0.998677540224818,,0.0
2025-07-25,45.31,46.1,46.17,45.23,118352.2,542184.5,0.9987001733102252,,0.0
2025-07-28,46.59,45.38,46.64,45.1,102809.16,468701.794,0.9986795774647886,,0.0
2025-07-29,45.32,44.75,45.34,44.44,98370.49,440441.291,0.998661013166704,,0.0
2025-07-30,44.76,44.04,44.77,43.95,73841.0,327539.43,0.9986394557823128,,0.0
2025-07-31,43.76,43.74,44.77,43.71,98162.19,435209.751,0.9986301369863012,,0.0
2025-08-01,44.21,44.3,44.53,43.37,86744.62,381047.908,0.9986474301172228,,0.0
2025-08-04,43.74,44.07,44.14,43.69,49867.35,219440.474,0.9986403806934058,,0.0
2025-08-05,44.17,44.68,44.8,43.86,82045.54,364477.66,0.9986589181940098,,0.0
2025-08-06,44.46,44.8,45.06,44.32,81319.01,364413.948,0.9986625055728934,,0.0
2025-08-07,44.8,43.99,44.99,43.94,94891.29,420551.847,0.9986379114642452,,0.0
2025-08-08,43.74,43.74,44.14,43.45,58386.45,255686.201,0.9986301369863012,,0.0
2025-08-11,43.74,44.79,44.93,43.62,97743.96,435539.475,0.9986622073578596,,0.0
2025-08-12,45.02,44.58,45.04,44.52,81671.19,366040.218,0.9986559139784946,,0.0
2025-08-13,44.86,45.68,46.11,44.46,175705.66,800274.245,0.9986882378662002,,0.0
2025-08-14,45.69,46.94,48.43,44.97,280292.61,1316567.584,0.9987234042553192,,0.0
2025-08-15,46.74,47.64,48.16,46.27,190913.98,906374.895,0.99874213836478,,0.0
2025-08-18,47.94,48.53,49.86,47.69,186543.26,910801.493,0.9987651780201688,,0.0
2025-08-19,48.58,49.26,49.35,47.64,167942.5,812588.995,0.9987834549878344,,0.0
2025-08-20,48.45,49.01,49.16,47.64,137737.31,666983.411,0.9987772569798248,,0.0
2025-08-21,48.74,48.01,49.84,47.74,127419.05,615896.216,0.9987518202621176,,0.0
2025-08-22,48.4,49.92,50.05,48.24,206018.32,1020375.774,0.9987995198079233,,0.0
2025-08-25,50.5,51.46,52.7,49.54,232394.96,1194787.62,0.998835403726708,,0.0
2025-08-26,50.82,51.23,52.93,50.44,144671.49,748661.679,0.998830181321895,,0.0
2025-08-27,51.34,55.04,56.36,50.97,388812.47,2138046.418,0.9989110707803992,,0.0
2025-08-28,55.16,53.94,55.54,52.08,295518.01,1582845.901,0.9988888888888888,,0.0
2025-08-29,54.96,54.37,56.1,51.11,269425.62,1428036.292,0.9988976667279074,,0.0
2025-09-01,55.92,56.58,58.49,54.06,442177.4,2489970.945,0.9989406779661016,,0.0
2025-09-02,55.39,50.92,55.39,50.92,310405.87,1629988.994,0.9988230678697528,,0.0
2025-09-03,49.96,48.07,50.65,48.04,155955.38,767888.939,0.998753376272595,,0.0
2025-09-04,48.63,46.57,48.64,45.61,141647.5,670226.202,0.998713274715848,,0.0
2025-09-05,46.54,46.96,47.34,45.75,137344.33,640851.567,0.9987239472564864,,0.0
2025-09-08,46.29,45.94,46.9,45.19,157909.03,726044.002,0.998695652173913,,0.0
2025-09-09,46.16,45.25,46.27,45.13,88501.04,404480.095,0.9986757890090489,,0.0
2025-09-10,45.44,46.13,46.8,45.44,110935.62,513459.531,0.9987010175362632,,0.0
2025-09-11,46.48,47.58,47.63,46.1,131945.54,620805.502,0.9987405541561712,,0.0
2025-09-12,50.76,52.34,52.34,50.54,226631.89,1176609.707,0.998854961832061,,0.0
2025-09-15,49.86,51.07,51.54,49.03,301632.59,1516524.159,0.9988265206336788,,0.0
2025-09-16,50.45,51.96,52.22,50.04,200504.71,1030799.579,0.9988465974625144,,0.0
2025-09-17,51.92,52.27,53.04,51.22,167978.47,876310.488,0.9988534301547868,,0.0
2025-09-18,52.89,50.58,52.93,49.81,213430.4,1101094.836,0.9988151658767772,,0.0
2025-09-19,50.69,49.6,50.94,49.42,116306.76,584061.123,0.9987917841320982,,0.0
2025-09-22,50.04,51.31,51.96,49.64,134028.61,683920.11,0.9988320031146584,,0.0
2025-09-23,51.72,50.02,51.8,48.49,140262.48,697167.155,0.9988019169329072,,0.0
2025-09-24,49.77,51.25,51.78,48.76,142595.2,720747.896,0.99883063730267,,0.0
2025-09-25,51.51,52.18,53.34,51.47,255306.35,1343830.106,0.9988514548238896,,0.0
2025-09-26,51.44,49.92,51.74,49.92,136051.94,689004.085,0.9987995198079233,,0.0
2025-09-29,49.91,49.68,50.04,48.62,90157.47,445900.401,0.9987937273823884,,0.0
2025-09-30,50.06,49.25,50.61,48.98,91287.38,453558.194,0.9987832082741837,,0.0
2025-10-09,49.83,49.14,49.92,48.95,91009.51,450011.055,0.998780487804878,,0.0
2025-10-10,48.94,47.09,48.94,46.95,113249.4,538658.792,0.9987274655355248,,0.0
2025-10-13,44.93,46.37,46.4,44.62,66581.97,306103.48,0.9987077320697824,,0.0
2025-10-14,46.53,44.92,46.83,44.82,81923.25,374848.473,0.9986660738105824,,0.0
2025-10-15,45.04,45.65,45.71,44.47,54702.9,247587.3,0.9986873769415884,,0.0
2025-10-16,45.84,45.08,45.84,44.94,40948.86,185374.276,0.9986708019494904,,0.0
2025-10-17,45.47,45.12,45.79,44.72,77290.61,350284.363,0.99867197875166,,0.0
2025-10-20,45.44,45.11,45.57,44.94,47015.85,213109.864,0.9986716847465132,,0.0
2025-10-21,45.04,45.41,45.41,44.85,50706.6,229111.227,0.99868044864746,,0.0
2025-10-22,45.26,45.16,45.76,44.97,39564.92,179551.031,0.998673153471915,,0.0
2025-10-23,45.04,44.54,45.06,43.84,52816.03,234221.0,0.9986547085201792,,0.0
2025-10-24,44.55,44.28,44.91,44.15,71176.45,316558.653,0.9986468200270636,,0.0
2025-10-27,44.54,44.59,45.0,44.52,56761.0,253945.197,0.9986562150055992,,0.0
2025-10-28,44.6,44.43,44.92,44.17,50024.12,223161.849,0.9986513823331084,,0.0
2025-10-29,44.57,45.13,45.26,44.29,58839.14,264114.616,0.9986722726266872,,0.0
2025-10-30,44.68,43.6,44.68,43.6,87629.35,385595.585,0.9986257443884562,,0.0
2025-10-31,43.21,43.91,44.06,43.12,41772.53,183108.06,0.9986354332499432,,0.0
2025-11-03,43.74,44.35,44.37,43.49,47161.53,207311.881,0.9986489529385272,,0.0
2025-11-04,44.13,43.42,44.3,43.14,42559.33,185869.767,0.998620055197792,,0.0
2025-11-05,42.94,43.04,43.26,42.16,49206.0,211023.216,0.9986078886310904,,0.0
2025-11-06,43.05,43.36,43.49,43.04,32250.7,139838.923,0.9986181483187472,,0.0
2025-11-07,43.14,42.64,43.94,42.64,46337.0,199022.856,0.9985948477751756,,0.0
2025-11-10,42.67,42.17,42.83,42.06,42354.22,179245.888,0.9985792090930616,,0.0
2025-11-11,42.18,41.44,42.36,41.23,51351.87,214600.628,0.9985542168674698,,0.0
2025-11-12,41.24,40.68,41.29,40.39,43714.92,178543.092,0.9985272459499264,,0.0
2025-11-13,40.68,42.89,43.44,40.34,84498.52,354084.945,0.99860302677532,,0.0
2025-11-14,42.47,41.44,42.54,41.44,63942.73,268921.333,0.9985542168674698,,0.0
2025-11-17,41.19,41.82,42.3,40.95,44655.85,186655.679,0.9985673352435528,,0.0
2025-11-18,41.8,42.58,43.24,41.49,75502.8,322667.25,0.99859287054409,,0.0
2025-11-19,43.02,41.57,43.27,41.44,49800.35,209721.142,0.9985587316838818,,0.0
2025-11-20,41.73,41.2,41.93,40.89,38962.0,161209.35,0.9985458070770722,,0.0
2025-11-21,40.7,39.84,41.19,39.82,49540.76,199708.43,0.9984962406015035,,0.0
2025-11-24,40.22,41.61,41.82,39.36,81223.75,333595.182,0.9985601151907848,,0.0
2025-11-25,41.55,42.22,42.84,41.54,71472.43,302741.544,0.998580889309366,,0.0
2025-11-26,43.44,42.55,43.78,42.51,113095.08,488733.912,0.998591879840413,,0.0
2025-11-27,41.94,41.6,42.35,41.55,54141.98,227333.449,0.99855976956313,,0.0
2025-11-28,41.45,41.37,41.94,41.14,36458.0,151090.404,0.998551774076756,,0.0
2025-12-01,41.38,41.52,41.77,40.85,36854.06,152857.7,0.9985569985569984,,0.0
2025-12-02,41.72,40.95,41.72,40.85,29754.92,122431.538,0.9985369422092172,,0.0
2025-12-03,40.89,40.15,40.89,40.01,37902.93,153016.568,0.998507833872171,,0.0
2025-12-04,40.15,39.95,40.19,39.53,25906.49,103367.044,0.9985003749062734,,0.0
2025-12-05,39.89,40.27,40.32,39.58,28471.39,114064.761,0.9985122737416314,,0.0
2025-12-08,40.34,40.54,40.85,40.29,33193.09,135034.034,0.9985221674876846,,0.0
2025-12-09,41.75,40.73,42.22,40.59,58629.86,243108.751,0.9985290512380484,,0.0
2025-12-10,40.37,40.83,40.86,40.02,35228.53,142528.51,0.9985326485693324,,0.0
2025-12-11,40.72,39.88,40.86,39.84,37606.37,151270.054,0.9984977466199298,,0.0
2025-12-12,39.78,39.98,40.28,39.57,26218.0,104986.012,0.9985014985014984,,0.0
2025-12-15,39.84,39.28,39.86,39.18,32885.59,130054.723,0.9984748347737672,,0.0
2025-12-16,39.27,38.34,39.27,38.14,33298.0,128307.646,0.9984375,,0.0
2025-12-17,38.34,38.68,38.89,37.95,27267.07,104779.696,0.9984512132163138,,0.0
2025-12-18,38.44,38.21,38.98,38.21,24822.55,95867.769,0.9984321923177424,,0.0
2025-12-19,38.23,38.47,38.77,38.23,23920.13,92350.456,0.9984427718660784,,0.0
2025-12-22,38.74,39.07,39.23,38.55,29010.13,113415.997,0.9984666496294404,,0.0
2025-12-23,38.99,38.62,39.08,38.5,26355.05,102228.263,0.998448810754912,,0.0
2025-12-24,38.61,39.11,39.18,38.55,26538.81,103796.597,0.9984682154710236,,0.0
2025-12-25,39.14,39.61,39.73,39.04,29927.8,118124.803,0.99848752205697,,0.0
2025-12-26,39.54,39.51,39.89,39.34,29928.93,118668.746,0.9984836997725548,,0.0
2025-12-29,39.62,39.8,40.22,39.55,34645.7,138365.36,0.9984947315604616,,0.0
2025-12-30,39.74,39.62,39.99,39.5,26300.48,104633.232,0.9984879032258064,,0.0
2025-12-31,39.65,39.75,39.98,39.36,32500.49,129335.608,0.9984928409947248,,0.0
2026-01-05,40.19,40.51,40.8,39.86,55033.04,223201.413,0.9985210746857284,,0.0
2026-01-06,40.51,40.78,40.92,40.29,57667.28,234604.632,0.9985308521057786,,0.0
2026-01-07,40.78,44.86,44.86,40.58,277867.36,1220272.232,0.9986642920747996,,0.0
2026-01-08,45.27,45.25,46.67,44.95,327447.36,1501605.692,0.9986757890090489,,0.0
2026-01-09,46.06,47.39,48.46,45.26,334446.88,1562649.652,0.9987355110642782,,0.0
2026-01-12,47.39,48.04,48.56,46.1,278699.33,1324023.001,0.9987525987525988,,0.0
2026-01-13,48.53,46.0,48.63,45.74,201532.84,950846.373,0.9986973512809378,,0.0
2026-01-14,46.34,48.84,50.0,46.24,301830.35,1455355.555,0.9987730061349692,,0.0
2026-01-15,49.71,48.99,50.0,47.94,283642.05,1390291.093,0.998776758409786,,0.0
2026-01-16,47.94,46.14,47.94,45.94,169984.07,795327.091,0.9987012987012986,,0.0
2026-01-19,45.42,45.14,45.99,44.51,97732.57,443514.522,0.9986725663716812,,0.0
2026-01-20,45.25,44.04,45.64,43.71,89026.11,395232.316,0.9986394557823128,,0.0
2026-01-21,43.64,44.47,44.93,43.54,65233.19,290516.589,0.9986525937570176,,0.0
2026-01-22,44.78,44.36,44.9,44.08,61372.0,273449.807,0.9986492570914002,,0.0
2026-01-23,45.04,44.87,45.32,44.49,72409.22,325662.256,0.9986645893612284,,0.0
2026-01-26,45.82,45.85,46.89,44.77,115391.73,528259.515,0.9986930951862338,,0.0
2026-01-27,45.98,47.49,47.49,45.42,155831.51,726649.42,0.9987381703470032,,0.0
2026-01-28,47.87,47.29,48.19,46.82,134993.29,642140.795,0.9987328405491024,,0.0
2026-01-29,46.44,46.32,48.12,45.06,141900.62,669856.757,0.998706338939198,,0.0
2026-01-30,45.95,46.38,48.29,45.95,104452.56,492254.922,0.9987080103359172,,0.0
2026-02-02,46.17,46.03,47.63,45.55,110668.3,516626.533,0.998698199175526,,0.0
2026-02-03,46.15,47.19,47.25,45.59,105733.07,493350.478,0.9987301587301588,,0.0
2026-02-04,46.6,44.94,46.71,44.03,128506.87,579364.02,0.9986666666666666,,0.0
2026-02-05,44.28,44.75,45.26,44.01,60060.0,268235.626,0.998661013166704,,0.0
2026-02-06,44.53,46.35,47.71,43.83,139426.51,645709.016,0.9987071751777634,,0.0
2026-02-09,47.29,47.3,47.92,46.52,122270.87,578828.619,0.998733108108108,,0.0
2026-02-10,47.16,48.24,48.9,47.16,151928.11,734876.032,0.9987577639751553,,0.0
2026-02-11,48.16,48.59,49.44,48.16,139008.57,681596.45,0.9987667009249742,,0.0
2026-02-12,49.24,50.26,50.8,48.62,204087.89,1020258.043,0.9988076311605724,,0.0
2026-02-13,49.76,49.81,51.83,49.45,167963.99,850562.982,0.9987968718668536,,0.0
2026-02-24,50.22,47.32,50.74,47.17,166436.66,799886.869,0.9987336428872942,,0.0
2026-02-25,47.32,46.11,47.74,46.05,108233.32,504889.758,0.9987004548408056,,0.0
2026-02-26,46.12,48.31,49.15,45.95,158166.96,758597.263,0.9987595617118048,,0.0
2026-02-27,47.75,49.18,50.4,47.49,139265.82,685437.541,0.9987814784727864,,0.0
2026-03-02,47.95,47.79,48.43,47.15,107779.84,514908.655,0.998746081504702,,0.0
2026-03-03,48.34,49.69,52.58,48.3,444217.03,2267003.161,0.9987939698492462,,0.0
2026-03-04,48.94,50.24,50.94,48.56,325788.4,1625252.689,0.998807157057654,,0.0
2026-03-05,50.94,49.62,51.44,48.47,250489.38,1237995.567,0.998792270531401,,0.0
2026-03-06,49.4,50.33,50.82,48.65,194163.66,968316.46,0.9988092875570548,,0.0
2026-03-09,48.94,53.02,53.16,47.64,284718.8,1451972.351,0.9988696307460436,,0.0
2026-03-10,53.44,52.83,54.04,51.75,232830.12,1225718.345,0.9988655700510491,,0.0
2026-03-11,51.92,51.99,53.09,51.74,143826.83,753999.02,0.9988472622478386,,0.0
2026-03-12,52.94,54.13,54.49,52.44,267948.9,1436992.281,0.9988927846466136,,0.0
2026-03-13,52.45,50.14,53.14,49.8,197575.96,1016238.767,0.998804780876494,,0.0
2026-03-16,49.94,50.36,51.14,47.48,165958.97,813192.9,0.99880999603332,,0.0
2026-03-17,49.99,48.44,50.92,48.44,102158.91,504212.889,0.998762886597938,,0.0
2026-03-18,48.45,51.3,51.94,48.45,168769.81,852255.403,0.9988317757009344,,0.0
2026-03-19,50.02,51.8,53.79,49.94,218789.6,1147825.467,0.998843038951022,,0.0
2026-03-20,51.65,49.57,52.71,49.44,184202.33,935282.075,0.998791053798106,,0.0
2026-03-23,48.44,46.32,49.24,45.94,134137.66,638408.979,0.998706338939198,,0.0
2026-03-24,47.44,48.2,49.12,44.96,147697.08,699030.101,0.998756734355574,,0.0
2026-03-25,48.77,50.49,51.72,48.77,166565.21,845520.964,0.998813056379822,,0.0
2026-03-26,50.56,47.85,50.84,47.73,122633.28,598261.378,0.9987476518472136,,0.0
2026-03-27,47.02,48.19,49.21,46.48,91768.01,444237.827,0.9987564766839376,,0.0
2026-03-30,47.15,50.6,50.9,45.74,168406.9,822680.859,0.9988156336360048,,0.0
2026-03-31,50.29,48.41,50.42,48.41,88957.92,438685.461,0.9987621208995254,,0.0
2026-04-01,49.8,49.78,51.16,49.47,124051.06,623445.497,0.998796147672552,,0.0
2026-04-02,50.05,46.69,50.24,46.32,161249.8,768154.271,0.9987165775401068,,0.0
2026-04-03,47.58,47.15,48.47,46.04,118689.83,561015.053,0.998729082821436,,0.0
2026-04-07,47.14,47.36,49.43,46.8,124829.45,599438.531,0.998734711092366,,0.0
2026-04-08,48.66,52.1,52.1,48.65,252512.75,1285802.514,0.9988496932515336,,0.0
2026-04-09,53.87,53.58,54.97,53.14,340840.07,1846654.687,0.9988814317673378,,0.0
2026-04-10,53.64,51.74,53.84,51.65,163884.62,858575.431,0.9988416988416988,,0.0
2026-04-13,51.69,56.92,56.92,51.09,184677.9,1009068.979,0.9989469989469988,,0.0
2026-04-14,58.94,59.76,61.81,57.94,365219.19,2172077.795,0.9989969909729188,,0.0
2026-04-15,58.94,59.29,60.44,58.64,199725.5,1187938.109,0.998989048020219,,0.0
2026-04-16,58.95,65.23,65.23,58.93,283231.73,1766911.868,0.9990810231275846,,0.0
2026-04-17,64.44,61.28,64.58,61.22,270756.66,1685711.459,0.9990218454515812,,0.0
2026-04-20,60.18,59.1,61.44,58.62,204731.16,1216870.673,0.9989858012170384,,0.0
2026-04-21,59.25,55.61,59.54,54.49,229383.77,1279251.72,0.9989222202263336,,0.0
2026-04-22,55.42,56.59,56.94,54.39,208740.82,1165940.478,0.9989408649602824,,0.0
2026-04-23,56.26,57.06,59.92,55.94,201252.44,1169327.216,0.9989495798319328,,0.0
2026-04-24,57.08,56.71,57.41,54.96,150016.57,844815.686,0.9989431037519816,,0.0
2026-04-27,56.72,55.29,57.77,55.23,137814.72,773885.403,0.9989159891598915,,0.0
2026-04-28,55.29,54.92,55.84,54.07,107949.65,594677.27,0.998908694070571,,0.0
2026-04-29,54.34,54.19,55.94,53.71,125553.45,689270.05,0.9988940092165898,,0.0
2026-04-30,56.12,59.62,59.62,55.6,301980.11,1763523.291,0.998994638069705,,0.0
2026-05-06,64.24,64.59,65.38,62.15,286817.8,1832417.725,0.9990719257540605,,0.0
2026-05-07,69.94,71.06,71.06,68.64,64225.43,453632.376,0.999156355455568,,0.0
2026-05-08,78.17,78.17,78.17,75.82,212963.71,1662450.145,0.999233030806596,,0.0
2026-05-11,78.92999999999999,77.59,80.21,74.24,524258.09,4040808.919,0.9992273019961364,,0.0
2026-05-12,77.34,79.74,81.44,75.82,362258.16,2844861.972,0.9992481203007518,,0.0
2026-05-13,79.94,87.72,87.72,78.59,282180.81,2405176.092,0.9993164730006836,,0.0
2026-05-14,96.5,86.84,96.5,86.02,556624.45,5091739.934,0.9993095512082854,,0.0
2026-05-15,88.08,92.93,95.53,86.94,575428.43,5307348.503,0.9993547693300354,,0.0
2026-05-18,97.94,95.93,99.83,92.17,482770.97,4619859.858,0.9993749348890508,,0.0
2026-05-19,92.14,97.72,100.03,91.27,410023.71,3957295.104,0.9993863775823276,,0.0
2026-05-20,95.72,87.94,98.6,87.94,482081.49,4426229.854,0.9993181818181818,,0.0
2026-05-21,87.46,80.78,89.14999999999999,80.32,431854.7,3633768.965,0.9992577931716972,,0.0
2026-05-22,82.74,84.27,85.14,80.44,322165.38,2683916.816,0.99928850942725,,0.0
2026-05-25,87.94,89.14,91.63,81.69,449723.17,3898028.415,0.9993273542600896,,0.0
2026-05-26,89.03999999999999,85.03,92.69,84.94,371282.19,3297849.85,0.9992948642613704,,0.0
2026-05-27,84.48,77.75,84.89999999999999,77.14,379461.07,3041740.947,0.9992288908880608,,0.0
2026-05-28,78.94,76.06,80.44,74.6,258720.41,1982866.605,0.9992117708880714,,0.0
2026-05-29,77.94,73.14,79.38,71.94,252652.32,1897620.07572,0.9991803278688524,,0.0
2026-06-01,71.75,70.44,74.64,69.44,233884.71,1672094.86558,0.9991489361702128,,0.0
2026-06-02,70.44,69.24,72.16,68.2,193099.94,1340853.12616,0.9991341991341992,,0.0
2026-06-03,68.75999999999999,68.32,70.42,66.94,248370.29,1709228.68661,0.9991225504533487,,0.0
2026-06-04,67.44,67.16,67.94,65.25,242625.01,1616651.563,0.9991074085093722,,0.0
2026-06-05,66.94,66.87,68.94,64.71,223418.99,1499800.703,0.9991035410129986,,0.0
2026-06-08,63.97,62.27,65.86,61.32,204139.0,1296561.39887,0.9990373816781646,,0.0
2026-06-09,63.94,62.0,64.44,60.1,169236.29,1042691.08033,0.999033193683532,,0.0
2026-06-10,62.04,60.29,63.24,59.68,185203.91,1136594.57369,0.9990057995028996,,0.0
2026-06-11,59.83,58.21,59.93,57.69,166885.18,977084.43319,0.998970310622962,,0.0
2026-06-12,59.06,58.57,61.13,58.07,179557.91,1070483.05228,0.9989766331229746,,0.0
2026-06-15,60.82,61.35,62.11,60.22,169446.45,1038035.66174,0.9990229604298974,,0.0
2026-06-16,62.57,61.04,62.61,59.99,154121.88,941317.29386,0.9990180032733224,,0.0
2026-06-17,60.56,61.54,62.93,60.08,184045.1,1135471.49584,0.999025974025974,,0.0
2026-06-18,62.51,62.12,64.14,61.64,244789.09,1531835.60066,0.999035059504664,,0.0
2026-06-22,62.16,63.79,64.89,61.24,315724.98,1995704.21126,0.9990602975724352,,0.0
2026-06-24,61.46,65.03999999999999,65.67,59.54,317819.94,2007817.94138,0.9990783410138248,,0.0
2026-06-25,65.52,69.34,70.94,63.72,442335.17,2973282.62957,0.999135446685879,,0.0
2026-06-26,67.3,62.84,69.52,62.4,311483.63,2036916.23612,0.9990461049284578,,0.0
2026-06-29,62.17,60.74,65.17999999999999,60.17,214660.29,1336804.45612,0.9990131578947368,,0.0
2026-06-30,61.39,66.82,66.82,60.14,170524.9,1106314.5384,0.9991028708133972,,0.0
2026-07-01,68.67999999999999,73.50999999999999,73.50999999999999,67.97,410476.68,2919174.55445,0.9991844501834988,,0.0
2026-07-03,69.59,68.92999999999999,71.94,68.72,226885.72,1591364.07858,0.9991303087403972,,0.0
2026-07-06,68.92999999999999,63.69,69.92999999999999,63.38,217365.73,1425590.43761,0.9990588235294118,,0.0
2026-07-07,64.24,59.57,64.31,58.82,170822.11,1046301.65916,0.9989937950695958,,0.0
2026-07-08,59.57,58.08,60.7,56.43,165349.48,970434.86574,0.998968008255934,,0.0
2026-07-09,59.55,58.74,61.14,56.61,173735.32,1024819.74076,0.9989795918367348,,0.0
2026-07-10,58.06,61.44,64.62,57.6,243786.84,1521637.31105,0.9990243902439024,,0.0
2026-07-14,59.42,56.64,60.66,53.47,205614.76,1150867.45015,0.9989417989417988,,0.0
2026-07-15,57.61,56.78,59.44,56.07,134080.08,773104.86156,0.9989444053483462,,0.0
2026-07-16,55.89,55.67,58.54,55.26,132286.26,750736.81934,0.9989233805849632,,0.0
2026-07-17,55.28,50.1,55.67,50.1,156420.11,819889.35046,0.998803827751196,,0.0
2026-07-20,51.61,50.57,55.04,48.11,200993.13,1041115.64219,0.9988149318585818,,0.0
2026-07-21,50.8,52.08,52.55,46.4,204762.32,1032206.92012,1.0,,0.0
2026-07-22,53.0,51.48,54.59,50.9,201945.56,1067434.28589,1.0,,0.0
2026-07-23,51.27,51.79,53.69,50.75,176721.01,923396.10477,1.0,,0.0
2026-07-24,50.6,49.9,51.55,49.61,116508.71,587625.63691,1.0,,0.0
2026-07-27,49.89,51.28,51.38,49.1,102582.58,517253.17871,1.0,,0.0
2026-07-28,50.0,49.36,51.13,49.1,111196.38,554999.69267,1.0,,0.0
2026-07-29,49.35,47.26,49.85,45.94,143255.14,676112.05099,1.0,,0.0
2026-07-30,46.72,43.61,47.72,43.14,137916.34,619711.96248,1.0,,0.0
2026-07-31,46.0,47.97,47.97,45.01,157775.0,744845.6057,1.0,,0.0
2026-08-03,49.01,49.1,50.43,48.5,164308.55,810588.07888,1.0,,0.0
2026-08-04,50.15,54.01,54.01,50.11,155494.95,809775.17016,1.0,,0.0
2026-08-05,55.95,57.77,58.22,55.1,267063.47,1525078.11072,1.0,,0.0
2026-08-06,57.0,57.22,58.75,56.43,201945.66,1162932.9895,1.0,,0.0
2026-08-07,57.0,57.91,58.33,55.7,157734.9,904002.83867,1.0,,0.0
2026-08-10,57.92,56.85,58.3,55.88,110981.1,628988.27946,1.0,,0.0
2026-08-11,56.29,55.2,57.07,53.99,138526.02,769916.65475,1.0,,0.0
2026-08-12,57.0,54.84,57.85,54.07,159365.71,880621.98455,1.0,7.3586,0.0
2026-08-13,56.36,55.3,60.1,55.28,261293.78,1507677.34935,1.0,12.07,0.0
2026-08-14,55.35,57.01,57.36,54.27,235791.65,1315742.74146,1.0,10.89,0.0
2026-08-17,57.04,58.48,58.56,55.8,233236.87,1333398.32415,1.0,0.0,0.0
2026-08-18,57.39,57.9,58.33,55.56,177927.36,1013789.35257,1.0,0.0,0.0
2026-08-19,56.0,52.98,56.17,52.6,169898.11,923251.5026,1.0,0.0,0.0
2026-08-20,54.0,55.21,55.98,52.65,139525.31,754892.3169,1.0,4.8721,6.4425
2026-08-21,54.19,53.65,55.14,53.0,109529.78,590371.51741,1.0,3.8247,5.0575
2026-08-24,54.44,52.48,55.13,51.36,112149.24,593614.70089,1.0,3.9161,5.1784
2026-08-25,51.82,54.22,54.8,51.4,125683.51,675752.08691,1.0,4.3887,5.8034
2026-08-26,53.94,52.35,53.97,51.2,137571.72,721321.4363,1.0,4.8039,6.3523
2026-08-27,52.5,53.46,53.79,51.78,108560.03,575750.35205,1.0,3.7908,5.0127
2026-08-28,53.47,52.09,54.2,52.01,88374.9,468228.85128,1.0,3.086,4.0807
2026-08-31,51.0,53.3,53.37,50.58,78299.76,411092.63416,1.0,2.7341,3.6155
2026-09-01,53.58,52.18,54.2,51.9,73157.7,384022.13724,1.0,2.5546,3.378
2026-09-02,51.24,51.79,52.39,50.63,63196.88,325250.92489,1.0,2.2068,2.9181
2026-09-03,52.0,52.27,52.92,51.57,64508.12,336919.76812,1.0,2.2526,2.9786
2026-09-04,52.81,50.65,53.16,50.2,85328.17,440031.99953,1.0,2.9796,3.94
2026-09-07,50.88,51.95,52.36,50.59,75807.52,392080.59648,1.0,2.6471,3.5004
2026-09-08,51.8,50.5,52.36,50.25,87276.62,445943.31424,1.0,3.0476,4.03
2026-09-09,50.77,50.31,51.2,49.74,78308.66,394515.36559,1.0,2.7345,3.6159
2026-09-10,50.0,49.56,50.19,49.02,58601.37,290669.40904,1.0,2.0463,2.7059
2026-09-11,49.01,48.64,49.04,47.43,80786.48,389705.043,1.0,2.821,3.7303
2026-09-14,49.01,48.81,50.03,47.0,71782.63,348794.03271,1.0,2.5066,3.3145
2026-09-15,48.4,48.78,49.98,48.29,62711.27,308547.57436,1.0,2.1898,2.8957
2026-09-16,48.64,50.3,50.45,48.54,66961.22,332769.10501,1.0,2.3382,3.0919
2026-09-17,50.14,50.76,51.88,50.14,75930.21,387465.55601,1.0,2.6514,3.506
2026-09-18,51.2,52.2,52.48,50.69,92097.76,477177.48136,1.0,3.216,4.2526
2026-09-21,52.37,52.29,52.79,51.85,63458.86,331041.98565,1.0,2.2159,2.9302
2026-09-22,52.66,53.37,54.0,52.29,95210.65,506357.83032,1.0,3.3247,4.3963
2026-09-23,52.93,51.96,53.28,51.86,66185.0,345823.8649,1.0,2.3111,3.0561
