date,open,close,high,low,volume,money,factor,turnover,turnover_free
2021-05-10,9.678,10.578,10.628,9.428,1583706.55,1653913.671,0.9924007880664228,,0.0
2021-05-11,10.478,10.968,11.358,10.198,1733265.62,1925900.894,0.9926690198207984,,0.0
2021-05-12,10.658,10.468,10.838,10.278,1007996.94,1075144.466,0.9923215470660728,,0.0
2021-05-13,10.298,10.198,10.628,10.088,753790.54,793491.765,0.9921198560171224,,0.0
2021-05-14,10.178,10.208,10.508,10.078,633071.59,665719.46,0.9921275148216544,,0.0
2021-05-17,10.128,9.948,10.178,9.878,652809.87,666191.717,0.9919234220759796,,0.0
2021-05-18,9.888,10.178,10.348,9.798,743870.93,770149.012,0.992104493615362,,0.0
2021-05-19,10.248,10.908,11.078,10.178,1541380.48,1668322.487,0.9926289926289926,,0.0
2021-05-20,10.908,10.668,11.218,10.458,1534841.33,1698221.529,0.992464415294446,,0.0
2021-05-21,10.548,11.268,11.578,10.428,1888991.14,2148317.176,0.992862807295797,,0.0
2021-05-24,11.368,11.108,11.678,10.928,1596990.84,1837403.572,0.9927607471623916,,0.0
2021-05-25,10.968,10.838,10.968,10.508,1054242.31,1153997.895,0.992581738254419,,0.0
2021-05-26,10.678,11.028,11.368,10.508,1179204.44,1317121.38,0.9927086146367812,,0.0
2021-05-27,10.878,10.938,11.318,10.738,926760.72,1039687.542,0.9926490607133134,,0.0
2021-05-28,11.038,10.838,11.178,10.778,804275.84,895427.125,0.992581738254419,,0.0
2021-05-31,10.728,11.478,11.778,10.678,1763022.56,2030127.214,0.9929924733973527,,0.0
2021-06-01,11.248,11.108,11.468,10.948,1169541.29,1329224.386,0.9927607471623916,,0.0
2021-06-02,10.998,10.978,11.278,10.798,926569.31,1043029.904,0.9926756487928384,,0.0
2021-06-03,10.878,10.748,10.918,10.718,698182.63,768129.058,0.9925200849570598,,0.0
2021-06-04,10.678,10.328,10.688,10.298,712590.46,761949.571,0.9922182726486696,,0.0
2021-06-07,10.328,10.348,10.518,10.178,408757.59,433079.998,0.9922331958960592,,0.0
2021-06-08,10.348,10.218,10.448,10.178,429944.36,452174.853,0.9921351587532772,,0.0
2021-06-09,10.178,9.978,10.178,9.938,437129.85,447666.567,0.9919475096928124,,0.0
2021-06-10,9.978,9.948,10.068,9.898,369057.77,376579.752,0.9919234220759796,,0.0
2021-06-11,9.938,10.248,10.408,9.928,670974.47,702057.125,0.9921580017426664,,0.0
2021-06-15,10.278,9.928,10.328,9.848,455334.48,464065.302,0.9919072834448996,,0.0
2021-06-16,9.878,9.408,9.928,9.228,600859.85,583700.527,0.9914638001896934,,0.0
2021-06-17,9.408,9.728,9.978,9.318,465941.84,463638.017,0.9917422775002548,,0.0
2021-06-18,9.728,9.828,9.858,9.498,362240.5,360808.743,0.9918256130790192,,0.0
2021-06-21,9.778,9.988,10.138,9.728,449767.05,461539.369,0.9919555070016884,,0.0
2021-06-22,9.998,10.398,10.678,9.758,977672.33,1017319.614,0.992270254795305,,0.0
2021-06-23,10.478,10.248,10.518,10.108,710829.57,748240.901,0.9921580017426664,,0.0
2021-06-24,10.5898,10.2498,10.5898,10.1598,555242.14,585993.917,0.9931784267746748,,0.0
2021-06-25,10.1098,9.9598,10.1298,9.8398,555359.91,562823.784,0.9929811967857072,,0.0
2021-06-28,9.9698,10.1098,10.3698,9.9098,493101.34,508216.523,0.9930846152334926,,0.0
2021-06-29,9.9298,9.8198,9.9598,9.8198,396545.11,398454.684,0.9928818426321006,,0.0
2021-06-30,9.8198,9.7498,9.9698,9.5398,407482.92,403089.378,0.9928311032361868,,0.0
2021-07-01,9.7698,9.4898,9.7998,9.4898,315056.01,307951.077,0.992636137319303,,0.0
2021-07-02,9.4698,9.4598,9.6098,9.3598,230406.69,222835.432,0.9926129567060504,,0.0
2021-07-05,9.4598,9.5198,9.5898,9.3698,183342.14,177403.425,0.9926591729056746,,0.0
2021-07-06,9.5198,9.7698,9.8998,9.4898,432772.37,429674.491,0.9928456738684174,,0.0
2021-07-07,9.669800000000002,9.6098,9.7098,9.5098,322363.8,314774.142,0.9927274229871283,,0.0
2021-07-08,9.7298,9.6298,9.8598,9.6098,333130.54,330084.024,0.9927424176821096,,0.0
2021-07-09,9.5398,9.5598,9.7098,9.3598,330092.85,319975.372,0.9926896637660692,,0.0
2021-07-12,9.5198,9.5098,9.6298,9.4798,316651.06,307804.614,0.9926515104068808,,0.0
2021-07-13,9.4898,10.0498,10.3098,9.3098,1132710.37,1141094.459,0.9930436157388196,,0.0
2021-07-14,10.0998,9.9298,10.4398,9.8198,1053623.39,1088235.892,0.992960140797184,,0.0
2021-07-15,9.7998,9.6198,9.7998,9.4598,560604.76,547389.048,0.99273492807166,,0.0
2021-07-16,9.669800000000002,9.5798,9.7998,9.5598,364987.1,358844.823,0.9927048144079916,,0.0
2021-07-19,9.5098,9.3998,9.5198,9.3598,309850.16,297026.732,0.9925661548858524,,0.0
2021-07-20,9.3598,9.419800000000002,9.4598,9.3198,213443.34,204222.855,0.9925818212471814,,0.0
2021-07-21,9.3598,9.3798,9.449800000000002,9.3598,249088.25,238386.575,0.9925504222132866,,0.0
2021-07-22,9.3798,9.2998,9.4398,9.2698,290497.39,276391.855,0.992486819918465,,0.0
2021-07-23,9.2898,8.949800000000002,9.2898,8.919800000000002,460164.77,424072.722,0.9921952950045454,,0.0
2021-07-26,8.859800000000002,8.7598,9.0198,8.309800000000001,379447.29,338391.315,0.992027360648683,,0.0
2021-07-27,8.7498,8.459800000000001,8.8298,8.4298,336788.81,294873.14,0.9917469695903964,,0.0
2021-07-28,8.4098,7.919799999999999,8.449800000000002,7.659799999999999,397898.1,325507.077,0.9911892067783034,,0.0
2021-07-29,7.939800000000001,7.9698,8.1798,7.909799999999999,264094.45,216181.057,0.9912439989055,,0.0
2021-07-30,7.9698,8.119800000000001,8.2498,7.899799999999999,367634.61,304733.479,0.9914043613098582,,0.0
2021-08-02,8.129800000000001,8.359800000000002,8.4098,7.9898,370173.81,311188.247,0.991649071196413,,0.0
2021-08-03,8.309800000000001,8.279800000000002,8.3998,8.229800000000001,271387.07,230627.972,0.9915690642140308,,0.0
2021-08-04,8.309800000000001,8.3298,8.389800000000001,8.2598,247712.69,210698.598,0.991619247160782,,0.0
2021-08-05,8.359800000000002,8.219800000000001,8.379800000000001,8.139800000000001,238269.94,200988.895,0.9915080456442548,,0.0
2021-08-06,8.219800000000001,8.139800000000001,8.279800000000002,8.0898,222733.27,185892.015,0.9914253002362916,,0.0
2021-08-09,8.1598,8.3498,8.369800000000001,8.119800000000001,308280.13,261183.722,0.9916391534642884,,0.0
2021-08-10,8.4098,8.3298,8.449800000000002,8.269800000000002,226106.41,192877.86,0.991619247160782,,0.0
2021-08-11,8.3298,8.4298,8.5698,8.289800000000001,383507.59,331369.673,0.9917178419331312,,0.0
2021-08-12,8.379800000000001,8.2498,8.379800000000001,8.2398,290279.14,245847.918,0.9915386649359392,,0.0
2021-08-13,8.2498,8.219800000000001,8.4298,8.109800000000002,277463.39,234178.237,0.9915080456442548,,0.0
2021-08-16,8.229800000000001,8.3298,8.4198,8.1498,389824.86,330813.51,0.991619247160782,,0.0
2021-08-17,8.3198,8.0098,8.4098,7.9798,418372.16,349279.392,0.991287344372664,,0.0
2021-08-18,7.909799999999999,8.0998,8.1598,7.909799999999999,254178.0,208307.71,0.9913833198697708,,0.0
2021-08-19,7.9998,7.9698,8.049800000000001,7.909799999999999,212935.95,173631.377,0.9912439989055,,0.0
2021-08-20,7.9598,7.7498,7.9598,7.699799999999999,275676.6,219815.193,0.990997672693793,,0.0
2021-08-23,7.759799999999999,8.4198,8.529800000000002,7.759799999999999,866794.96,733773.38,0.9917080869708604,,0.0
2021-08-24,8.4098,8.279800000000002,8.469800000000001,8.269800000000002,438363.07,375220.051,0.9915690642140308,,0.0
2021-08-25,8.219800000000001,8.109800000000002,8.2598,8.0698,304468.66,253817.4,0.991393853451016,,0.0
2021-08-26,8.1698,7.849799999999998,8.199800000000002,7.809799999999999,342721.11,278950.324,0.991111335572334,,0.0
2021-08-27,7.849799999999998,7.809799999999999,7.939800000000001,7.759799999999999,303238.67,242466.136,0.9910662165934876,,0.0
2021-08-30,7.8397999999999985,7.719799999999999,7.879799999999999,7.669799999999999,289321.07,229425.73,0.9909630048009036,,0.0
2021-08-31,7.709799999999999,7.719799999999999,7.7498,7.529799999999999,257128.66,201325.06,0.9909630048009036,,0.0
2021-09-01,7.679799999999998,7.699799999999999,7.799799999999999,7.559799999999999,261960.89,206453.207,0.9909397441507296,,0.0
2021-09-02,7.709799999999999,8.0098,8.0698,7.689799999999999,550974.97,450238.717,0.991287344372664,,0.0
2021-09-03,7.919799999999999,8.299800000000001,8.5798,7.909799999999999,806078.79,685226.237,0.9915892093378892,,0.0
2021-09-06,8.4298,8.269800000000002,8.529800000000002,8.0898,517953.56,437700.93,0.9915589554207334,,0.0
2021-09-07,8.2498,8.299800000000001,8.4298,8.199800000000002,399956.05,339099.962,0.9915892093378892,,0.0
2021-09-08,8.4098,8.4898,8.6698,8.3298,655997.32,570629.854,0.9917758930866102,,0.0
2021-09-09,8.5698,9.3598,9.3598,8.559800000000001,1170749.1,1096776.25,0.9925346228075758,,0.0
2021-09-10,9.3898,8.8298,9.3898,8.729800000000001,1478523.46,1359935.845,0.992090065391789,,0.0
2021-09-13,8.6798,8.5998,8.789800000000001,8.5098,628009.01,553964.236,0.9918802334432886,,0.0
2021-09-14,8.5698,8.309800000000001,8.6798,8.309800000000001,511816.04,441556.676,0.991599245841388,,0.0
2021-09-15,8.219800000000001,8.529800000000002,8.5698,8.219800000000001,480468.42,415497.878,0.9918141438571196,,0.0
2021-09-16,8.4198,8.219800000000001,8.479800000000001,8.209800000000001,401160.12,341282.685,0.9915080456442548,,0.0
2021-09-17,8.269800000000002,8.549800000000001,8.609800000000002,8.1698,591671.78,513766.076,0.991833136122132,,0.0
2021-09-22,8.5098,9.1298,9.2698,8.3998,1142200.4,1052913.903,0.9923479924349472,,0.0
2021-09-23,9.2098,8.8298,9.3598,8.789800000000001,951951.47,872908.529,0.992090065391789,,0.0
2021-09-24,8.859800000000002,8.709800000000001,9.0398,8.5898,630833.07,566170.348,0.9919819594086696,,0.0
2021-09-27,8.929800000000002,9.0898,9.4798,8.469800000000001,986539.04,902836.036,0.992314578284317,,0.0
2021-09-28,8.8298,9.6098,9.7998,8.789800000000001,1603446.79,1541065.016,0.9927274229871283,,0.0
2021-09-29,9.2598,9.1198,9.6098,8.9898,928828.42,877679.963,0.9923396661661336,,0.0
2021-09-30,9.2098,9.3098,9.4598,9.0298,768286.02,729100.292,0.9924948295345516,,0.0
2021-10-08,9.4898,8.979800000000001,9.4898,8.8498,607180.8,562384.316,0.9922211663830636,,0.0
2021-10-11,8.969800000000001,8.719800000000001,9.1098,8.619800000000001,481750.1,430650.257,0.991991080976542,,0.0
2021-10-12,8.619800000000001,8.869800000000001,8.919800000000002,8.609800000000002,461428.96,414461.195,0.992125455806358,,0.0
2021-10-13,8.809800000000001,8.3298,8.8298,8.029800000000002,567306.45,485592.737,0.991619247160782,,0.0
2021-10-14,8.1698,8.219800000000001,8.3498,8.059800000000001,323938.89,272047.329,0.9915080456442548,,0.0
2021-10-15,8.219800000000001,8.219800000000001,8.309800000000001,8.0698,268857.57,224903.95,0.9915080456442548,,0.0
2021-10-18,8.219800000000001,8.3998,8.449800000000002,8.219800000000001,278348.92,238265.39,0.9916885079455032,,0.0
2021-10-19,8.3298,8.389800000000001,8.529800000000002,8.2598,316449.73,271988.743,0.9916786837190612,,0.0
2021-10-20,8.3398,8.6598,8.6598,8.299800000000001,438058.68,381576.158,0.9919360381205472,,0.0
2021-10-21,8.5998,8.299800000000001,8.5998,8.2498,412349.58,353566.061,0.9915892093378892,,0.0
2021-10-22,8.269800000000002,8.1498,8.3998,8.109800000000002,274959.13,230501.685,0.991435731490718,,0.0
2021-10-25,8.2498,8.269800000000002,8.3998,8.119800000000001,239611.45,203611.358,0.9915589554207334,,0.0
2021-10-26,8.209800000000001,8.1598,8.3398,8.109800000000002,260471.17,219035.219,0.9914461373964182,,0.0
2021-10-27,8.1598,8.199800000000002,8.309800000000001,8.0798,255512.81,214713.652,0.9914875093709948,,0.0
2021-10-28,8.139800000000001,8.019800000000002,8.359800000000002,7.9698,268325.57,223324.831,0.991298113767274,,0.0
2021-10-29,8.019800000000002,7.9898,8.039800000000001,7.719799999999999,283031.94,227928.88,0.9912657254162428,,0.0
2021-11-01,8.039800000000001,8.1598,8.359800000000002,7.909799999999999,317387.67,264757.076,0.9914461373964182,,0.0
2021-11-02,8.199800000000002,7.939800000000001,8.199800000000002,7.819799999999998,272908.97,223235.717,0.9912112057127164,,0.0
2021-11-03,7.939800000000001,7.929799999999999,7.9998,7.8698,126006.71,102141.426,0.9912002199945,,0.0
2021-11-04,7.929799999999999,8.0698,8.1498,7.909799999999999,261781.73,215043.047,0.9913515638436404,,0.0
2021-11-05,8.0098,7.909799999999999,8.039800000000001,7.909799999999999,180198.46,146460.034,0.9911781659607528,,0.0
2021-11-08,7.929799999999999,7.919799999999999,8.039800000000001,7.799799999999999,164603.46,133339.111,0.9911892067783034,,0.0
2021-11-09,8.029800000000002,8.019800000000002,8.2598,7.9598,259055.39,214495.71,0.991298113767274,,0.0
2021-11-10,7.9898,7.929799999999999,7.9998,7.879799999999999,175055.04,142042.33,0.9912002199945,,0.0
2021-11-11,7.929799999999999,7.949800000000001,7.9998,7.889799999999998,163594.42,132884.602,0.9912221640358096,,0.0
2021-11-12,7.9798,8.039800000000001,8.049800000000001,7.929799999999999,230284.76,188514.039,0.9913195728835296,,0.0
2021-11-15,8.059800000000001,8.0698,8.1598,8.0098,212411.57,175285.595,0.9913515638436404,,0.0
2021-11-16,8.0698,8.019800000000002,8.109800000000002,7.939800000000001,212620.38,174047.972,0.991298113767274,,0.0
2021-11-17,8.0098,7.9898,8.049800000000001,7.949800000000001,171801.77,140647.829,0.9912657254162428,,0.0
2021-11-18,8.029800000000002,8.0098,8.1598,7.909799999999999,222858.45,182918.677,0.991287344372664,,0.0
2021-11-19,8.019800000000002,7.9898,8.029800000000002,7.939800000000001,154254.41,125856.845,0.9912657254162428,,0.0
2021-11-22,8.029800000000002,7.9798,8.029800000000002,7.9598,138514.33,113233.781,0.9912548756552632,,0.0
2021-11-23,7.9798,7.929799999999999,7.9998,7.909799999999999,193635.92,157198.687,0.9912002199945,,0.0
2021-11-24,7.909799999999999,7.9798,8.039800000000001,7.879799999999999,224504.31,182716.683,0.9912548756552632,,0.0
2021-11-25,7.9698,7.9798,8.029800000000002,7.939800000000001,150398.83,122983.221,0.9912548756552632,,0.0
2021-11-26,7.9598,7.919799999999999,7.9598,7.899799999999999,128843.98,104412.336,0.9911892067783034,,0.0
2021-11-29,7.8397999999999985,7.8397999999999985,7.909799999999999,7.709799999999999,152573.77,122098.451,0.991100098606862,,0.0
2021-11-30,7.909799999999999,7.849799999999998,7.929799999999999,7.809799999999999,145568.46,117118.814,0.991111335572334,,0.0
2021-12-01,7.8598,7.879799999999999,7.889799999999998,7.759799999999999,186388.01,149331.069,0.9911448768584438,,0.0
2021-12-02,7.8598,7.7898,7.889799999999998,7.769799999999999,155814.0,124612.813,0.991043484898603,,0.0
2021-12-03,7.769799999999999,8.0998,8.279800000000002,7.709799999999999,584561.48,479247.224,0.9913833198697708,,0.0
2021-12-06,8.109800000000002,7.9998,8.1698,7.9698,335199.06,276059.985,0.991276548288766,,0.0
2021-12-07,7.9998,7.9898,8.0798,7.819799999999998,270555.76,219985.717,0.9912657254162428,,0.0
2021-12-08,7.9698,7.9998,8.029800000000002,7.909799999999999,184340.41,150611.386,0.991276548288766,,0.0
2021-12-09,7.9998,7.9898,8.029800000000002,7.939800000000001,194165.34,158791.748,0.9912657254162428,,0.0
2021-12-10,8.019800000000002,7.939800000000001,8.039800000000001,7.919799999999999,180981.02,147675.913,0.9912112057127164,,0.0
2021-12-13,7.949800000000001,7.9898,8.059800000000001,7.949800000000001,267216.59,219412.712,0.9912657254162428,,0.0
2021-12-14,7.9798,8.059800000000001,8.139800000000001,7.929799999999999,321532.18,264098.251,0.9913409264224744,,0.0
2021-12-15,8.0698,8.889800000000001,8.889800000000001,8.019800000000002,1423598.21,1248738.575,0.9921430325215956,,0.0
2021-12-16,9.2098,9.199800000000002,9.7498,8.809800000000001,2057750.99,1929509.412,0.9924057733382236,,0.0
2021-12-17,9.1798,8.969800000000001,9.4298,8.959800000000001,1124476.9,1052779.997,0.9922125616689896,,0.0
2021-12-20,8.869800000000001,8.479800000000001,8.919800000000002,8.449800000000002,862946.29,757310.305,0.9917662744731118,,0.0
2021-12-21,8.469800000000001,8.539800000000001,8.6498,8.369800000000001,536279.13,465622.859,0.9918236510185594,,0.0
2021-12-22,8.4998,8.4298,8.609800000000002,8.3398,365137.86,315573.084,0.9917178419331312,,0.0
2021-12-23,8.4298,8.709800000000001,8.859800000000002,8.3398,757515.68,667015.295,0.9919819594086696,,0.0
2021-12-24,8.629800000000001,8.5098,8.709800000000001,8.4098,447603.74,390518.509,0.9917950630521434,,0.0
2021-12-27,8.4298,8.449800000000002,8.689800000000002,8.359800000000002,323625.18,282442.259,0.9917372831623672,,0.0
2021-12-28,8.369800000000001,8.139800000000001,8.459800000000001,8.0798,417977.75,350008.212,0.9914253002362916,,0.0
2021-12-29,8.059800000000001,8.139800000000001,8.199800000000002,8.029800000000002,198530.97,164906.41,0.9914253002362916,,0.0
2021-12-30,8.129800000000001,8.1698,8.229800000000001,8.0698,251190.94,209735.312,0.9914565180456786,,0.0
2021-12-31,8.1798,8.0998,8.279800000000002,8.0798,344260.6,287370.804,0.9913833198697708,,0.0
2022-01-04,8.109800000000002,8.019800000000002,8.129800000000001,7.9998,332118.52,273352.105,0.991298113767274,,0.0
2022-01-05,8.0698,7.889799999999998,8.0698,7.809799999999999,320451.2,259220.635,0.9911560011054998,,0.0
2022-01-06,7.889799999999998,7.939800000000001,7.9998,7.8598,156165.41,126953.425,0.9912112057127164,,0.0
2022-01-07,8.029800000000002,7.879799999999999,8.059800000000001,7.8598,205167.54,166606.087,0.9911448768584438,,0.0
2022-01-10,7.8698,7.769799999999999,7.879799999999999,7.659799999999999,237285.14,188318.196,0.991020637228642,,0.0
2022-01-11,7.759799999999999,7.779799999999999,7.8397999999999985,7.739799999999999,130906.55,104504.037,0.991032075615908,,0.0
2022-01-12,7.779799999999999,7.809799999999999,7.8397999999999985,7.769799999999999,139151.0,111275.169,0.9910662165934876,,0.0
2022-01-13,7.809799999999999,7.739799999999999,7.829799999999999,7.719799999999999,138563.37,109948.969,0.990986146321477,,0.0
2022-01-14,7.719799999999999,7.579799999999999,7.719799999999999,7.5398,224367.12,175319.106,0.9907976262058508,,0.0
2022-01-17,7.529799999999999,7.299799999999999,7.529799999999999,7.239799999999999,367319.45,276375.73,0.9904480204065018,,0.0
2022-01-18,7.2498,7.329799999999999,7.349799999999998,7.119799999999999,262038.32,194656.427,0.9904867436015242,,0.0
2022-01-19,7.309799999999999,7.319799999999998,7.389799999999998,7.279799999999999,139974.34,105255.454,0.9904738708018728,,0.0
2022-01-20,7.299799999999999,7.259799999999999,7.369799999999999,7.1698,125550.05,93674.916,0.990395896428474,,0.0
2022-01-21,7.219799999999999,7.219799999999999,7.259799999999999,7.179799999999998,83704.11,62044.303,0.9903432004608926,,0.0
2022-01-24,7.189799999999999,7.179799999999998,7.209799999999999,7.139799999999998,80354.0,59251.902,0.990289923036606,,0.0
2022-01-25,7.179799999999998,6.8498,7.199799999999999,6.839799999999999,172378.08,123528.736,0.9898268836160804,,0.0
2022-01-26,6.839799999999999,6.9198,6.969799999999999,6.8198,108283.37,77109.291,0.9899287574032216,,0.0
2022-01-27,6.9598,6.659799999999999,6.9598,6.659799999999999,138678.29,96507.327,0.9895396867849396,,0.0
2022-01-28,6.769799999999999,6.769799999999999,6.8198,6.6098,118678.58,82200.343,0.989707903277682,,0.0
2022-02-07,6.8198,6.9298,6.989799999999999,6.8198,120560.85,85724.536,0.9899431444815862,,0.0
2022-02-08,6.9298,7.019799999999999,7.019799999999999,6.8598,103596.91,74045.934,0.99007080195199,,0.0
2022-02-09,7.029799999999999,7.069799999999998,7.119799999999999,6.979799999999999,135064.18,97985.313,0.9901403322035796,,0.0
2022-02-10,7.069799999999998,7.079799999999999,7.119799999999999,7.029799999999999,102833.9,74687.424,0.9901541215630332,,0.0
2022-02-11,7.069799999999998,6.9298,7.069799999999998,6.9298,107387.2,76858.921,0.9899431444815862,,0.0
2022-02-14,6.8998,6.949799999999999,6.979799999999999,6.869799999999999,66176.18,47225.774,0.9899717956753368,,0.0
2022-02-15,6.949799999999999,6.939799999999999,6.969799999999999,6.8998,58076.07,41404.615,0.9899574905138226,,0.0
2022-02-16,6.9598,6.979799999999999,6.9998,6.939799999999999,59021.37,42226.844,0.9900144676746758,,0.0
2022-02-17,6.969799999999999,6.9998,7.069799999999998,6.939799999999999,127537.33,91937.754,0.9900427144918108,,0.0
2022-02-18,6.969799999999999,7.119799999999999,7.159799999999999,6.8898,170356.33,123598.072,0.9902088954410168,,0.0
2022-02-21,7.1698,7.259799999999999,7.259799999999999,7.119799999999999,158393.88,117107.597,0.990395896428474,,0.0
2022-02-22,7.259799999999999,7.149799999999998,7.259799999999999,7.109799999999998,125456.78,92090.86,0.9902495775740284,,0.0
2022-02-23,7.159799999999999,7.1698,7.179799999999998,7.109799999999998,87157.14,64052.47,0.9902765116985718,,0.0
2022-02-24,7.159799999999999,7.049799999999999,7.299799999999999,7.009799999999999,194845.7,143263.991,0.9901126372854696,,0.0
2022-02-25,7.069799999999998,7.139799999999998,7.179799999999998,7.019799999999999,131064.42,95638.118,0.9902360544783778,,0.0
2022-02-28,7.119799999999999,7.109799999999998,7.199799999999999,7.0398,100911.18,73613.07,0.9901952591849807,,0.0
2022-03-01,7.1298,7.159799999999999,7.229799999999999,7.1298,112142.16,82585.137,0.990263063262427,,0.0
2022-03-02,7.159799999999999,7.159799999999999,7.159799999999999,7.079799999999999,80457.09,58797.645,0.990263063262427,,0.0
2022-03-03,7.1698,7.199799999999999,7.2898,7.159799999999999,163889.18,121409.067,0.9903166350306732,,0.0
2022-03-04,7.199799999999999,7.109799999999998,7.209799999999999,7.069799999999998,123047.29,89951.88,0.9901952591849807,,0.0
2022-03-07,7.079799999999999,6.949799999999999,7.079799999999999,6.909799999999999,124634.72,89386.236,0.9899717956753368,,0.0
2022-03-08,6.909799999999999,6.6698,6.969799999999999,6.659799999999999,154469.63,107485.047,0.989555206076971,,0.0
2022-03-09,6.6498,6.519799999999999,6.759799999999999,6.189799999999999,182440.38,122098.719,0.9893174713969228,,0.0
2022-03-10,6.6098,6.7098,6.8198,6.6098,152456.77,105548.724,0.9896168254623756,,0.0
2022-03-11,6.689799999999999,6.719799999999999,6.739799999999999,6.489799999999999,117870.84,80140.304,0.9896321168743188,,0.0
2022-03-14,6.7098,6.5398,6.729799999999999,6.529799999999999,92637.4,63126.371,0.9893497927445464,,0.0
2022-03-15,6.579799999999999,6.119799999999999,6.5998,6.1098,153444.92,99823.016,0.9886271849051728,,0.0
2022-03-16,6.189799999999999,6.279799999999999,6.309799999999999,5.9198,194190.19,122693.777,0.9889137350004724,,0.0
2022-03-17,6.3198,6.269799999999999,6.409799999999999,6.259799999999999,126081.42,82218.81,0.988896249329674,,0.0
2022-03-18,6.299799999999999,6.9198,6.9198,6.229799999999999,306401.0,214259.984,0.9899287574032216,,0.0
2022-03-21,7.0398,7.149799999999998,7.259799999999999,6.909799999999999,721862.75,523580.876,0.9902495775740284,,0.0
2022-03-22,7.009799999999999,6.969799999999999,7.179799999999998,6.939799999999999,340090.29,244775.324,0.9900002840828384,,0.0
2022-03-23,6.969799999999999,6.9298,7.069799999999998,6.9198,224595.42,160962.916,0.9899431444815862,,0.0
2022-03-24,6.9198,6.8898,6.9598,6.829799999999999,173307.13,122747.086,0.9898853481221804,,0.0
2022-03-25,6.8898,6.729799999999999,6.8998,6.689799999999999,199811.9,139162.471,0.9896473633128438,,0.0
2022-03-28,6.689799999999999,6.5998,6.719799999999999,6.519799999999999,138274.37,93968.061,0.9894455938352672,,0.0
2022-03-29,6.5998,6.529799999999999,6.6698,6.469799999999999,126666.0,85553.143,0.989333656555862,,0.0
2022-03-30,6.589799999999999,6.5998,6.6498,6.549799999999999,120161.76,81527.921,0.9894455938352672,,0.0
2022-03-31,6.579799999999999,6.509799999999999,6.6498,6.489799999999999,122929.95,83064.927,0.9893012370444668,,0.0
2022-04-01,6.509799999999999,6.579799999999999,6.6098,6.3798,109707.46,73723.408,0.9894138522149708,,0.0
2022-04-06,6.5698,6.619799999999999,6.6298,6.4998,110472.0,74602.04,0.9894771456757644,,0.0
2022-04-07,6.6098,6.4598,6.6098,6.4198,116207.07,77795.796,0.9892193194695414,,0.0
2022-04-08,6.509799999999999,6.469799999999999,6.509799999999999,6.3198,101188.28,66925.281,0.9892358031864468,,0.0
2022-04-11,6.469799999999999,6.199799999999999,6.509799999999999,6.1298,128726.26,83779.87,0.988772287965296,,0.0
2022-04-12,6.1698,6.259799999999999,6.279799999999999,6.1098,98085.12,62612.769,0.9888787084136362,,0.0
2022-04-13,6.279799999999999,6.189799999999999,6.2898,6.189799999999999,68333.72,43846.923,0.9887543528960736,,0.0
2022-04-14,6.2098,6.199799999999999,6.269799999999999,6.1798,73237.0,46931.893,0.988772287965296,,0.0
2022-04-15,6.1798,6.309799999999999,6.4998,6.1498,184346.49,120281.832,0.9889658631390864,,0.0
2022-04-18,6.309799999999999,6.3498,6.369799999999999,6.1698,118508.0,76303.528,0.9890346095137222,,0.0
2022-04-19,6.309799999999999,6.369799999999999,6.4198,6.2898,115736.66,75818.587,0.9890686624638986,,0.0
2022-04-20,6.369799999999999,6.2098,6.3998,6.189799999999999,123570.0,80142.623,0.9887901659182828,,0.0
2022-04-21,6.219799999999999,5.949799999999999,6.219799999999999,5.949799999999999,147595.0,92225.216,0.9883060363443076,,0.0
2022-04-22,5.909799999999999,5.979799999999999,6.049799999999999,5.8598,127122.7,77932.686,0.9883640210240984,,0.0
2022-04-25,5.9598,5.449799999999999,5.9598,5.4298,189672.76,110908.222,0.9872468388826492,,0.0
2022-04-26,5.449799999999999,5.089799999999999,5.509799999999999,5.0698,186252.83,101703.558,0.986357117941165,,0.0
2022-04-27,5.079799999999999,5.4998,5.529799999999999,5.019799999999999,233169.19,128249.567,0.9873613155721518,,0.0
2022-04-28,5.489799999999999,5.409799999999999,5.5398,5.339799999999999,135469.73,76158.098,0.9871537535126454,,0.0
2022-04-29,5.4998,5.549799999999999,5.5998,5.4198,134039.28,76519.567,0.9874737553823708,,0.0
2022-05-05,5.549799999999999,5.6398,5.729799999999999,5.529799999999999,146654.07,85723.692,0.9876711848972014,,0.0
2022-05-06,5.519799999999999,5.489799999999999,5.5398,5.439799999999999,104677.77,59516.28,0.9873385849429877,,0.0
2022-05-09,5.489799999999999,5.5998,5.6098,5.469799999999999,85422.0,49239.05,0.9875842121971006,,0.0
2022-05-10,5.589799999999999,5.7098,5.759799999999999,5.529799999999999,128388.64,75404.559,0.9878204906404622,,0.0
2022-05-11,5.7098,5.7098,5.8898,5.689799999999999,197467.0,118290.491,0.9878204906404622,,0.0
2022-05-12,5.8198,5.759799999999999,6.0398,5.6798,261455.83,157657.854,0.9879249425405646,,0.0
2022-05-13,5.759799999999999,5.729799999999999,5.9198,5.7098,186576.78,111527.514,0.9878624875004308,,0.0
2022-05-16,5.7498,5.6698,5.779799999999999,5.6098,137651.22,80977.923,0.98773561896798,,0.0
2022-05-17,5.729799999999999,5.6298,5.729799999999999,5.559799999999999,138403.55,80442.699,0.9876495561559244,,0.0
2022-05-18,5.6398,5.659799999999999,5.689799999999999,5.559799999999999,134904.15,78805.214,0.9877142159086942,,0.0
2022-05-19,5.579799999999999,5.719799999999999,5.7498,5.529799999999999,222966.68,130326.056,0.9878415253359124,,0.0
2022-05-20,5.799799999999999,5.769799999999999,5.8598,5.7098,185286.38,110497.677,0.9879456183007432,,0.0
2022-05-23,5.809799999999999,5.799799999999999,5.8198,5.759799999999999,110197.52,65915.746,0.988007222922558,,0.0
2022-05-24,5.839799999999999,5.509799999999999,5.869799999999999,5.509799999999999,196832.29,115630.969,0.9873839647324468,,0.0
2022-05-25,5.4998,5.7498,5.769799999999999,5.479799999999999,164051.86,95970.315,0.9879041957321054,,0.0
2022-05-26,5.7498,5.729799999999999,5.7898,5.6398,133199.85,78788.111,0.9878624875004308,,0.0
2022-05-27,5.759799999999999,5.7098,5.809799999999999,5.619799999999999,142511.81,83967.218,0.9878204906404622,,0.0
2022-05-30,5.759799999999999,5.909799999999999,5.909799999999999,5.7098,282531.22,170621.523,0.9882278184676098,,0.0
2022-05-31,5.989799999999999,6.089799999999999,6.259799999999999,5.9198,489303.27,306420.571,0.9885717996168956,,0.0
2022-06-01,6.089799999999999,6.029799999999999,6.089799999999999,5.949799999999999,261166.51,162121.966,0.9884593947739418,,0.0
2022-06-02,6.029799999999999,6.079799999999999,6.1098,5.949799999999999,184138.22,114796.743,0.9885532177815356,,0.0
2022-06-06,6.0998,6.2098,6.259799999999999,6.049799999999999,207900.02,132347.04,0.9887901659182828,,0.0
2022-06-07,6.2098,6.1398,6.2898,6.079799999999999,220878.37,140321.005,0.9886638111493994,,0.0
2022-06-08,6.1498,6.1498,6.2898,6.059799999999999,192558.02,122654.728,0.9886820359473972,,0.0
2022-06-09,6.089799999999999,6.0398,6.1798,6.019799999999999,151911.1,95299.673,0.9884782822166214,,0.0
2022-06-10,6.049799999999999,6.309799999999999,6.329799999999999,5.979799999999999,395990.24,254840.87,0.9889658631390864,,0.0
2022-06-13,6.299799999999999,6.189799999999999,6.299799999999999,6.1298,240510.18,153848.58,0.9887543528960736,,0.0
2022-06-14,6.1298,6.199799999999999,6.2098,5.9598,213641.0,133922.006,0.988772287965296,,0.0
2022-06-15,6.189799999999999,6.1298,6.259799999999999,6.119799999999999,201028.24,128315.06,0.9886455275636268,,0.0
2022-06-16,6.119799999999999,6.1098,6.1798,6.089799999999999,113991.5,72005.916,0.9886087828872852,,0.0
2022-06-17,6.1098,6.1398,6.1798,6.029799999999999,115596.67,72727.079,0.9886638111493994,,0.0
2022-06-20,6.1398,6.4298,6.4598,6.1398,382556.29,249263.241,0.9891695640134148,,0.0
2022-06-21,6.4298,6.3798,6.4998,6.3198,227278.39,149623.184,0.9890856097485348,,0.0
2022-06-22,6.3198,6.259799999999999,6.3998,6.239799999999999,151426.66,98392.241,0.9888787084136362,,0.0
2022-06-23,6.2898,6.369799999999999,6.3798,6.219799999999999,147443.68,95987.568,0.9890686624638986,,0.0
2022-06-24,6.407599999999999,6.397599999999999,6.457599999999999,6.357599999999999,145221.05,95303.203,0.9910462558478172,,0.0
2022-06-27,6.397599999999999,6.387599999999999,6.457599999999999,6.3376,157439.27,102791.241,0.9910323641666924,,0.0
2022-06-28,6.387599999999999,6.427599999999999,6.467599999999999,6.367599999999999,155629.59,102066.979,0.9910876738520368,,0.0
2022-06-29,6.427599999999999,6.2276,6.4376,6.217599999999999,202796.48,130714.467,0.9908040856588284,,0.0
2022-06-30,6.237599999999999,6.197599999999999,6.2976,6.167599999999999,137854.29,88091.701,0.9907599833743646,,0.0
2022-07-01,6.207599999999999,6.157599999999999,6.3376,6.147599999999999,162148.73,103539.787,0.9907005180680244,,0.0
2022-07-04,6.157599999999999,6.407599999999999,6.4776,6.0876,317314.37,205630.602,0.9910601045565626,,0.0
2022-07-05,6.447599999999999,6.387599999999999,6.457599999999999,6.287599999999999,190677.55,124543.724,0.9910323641666924,,0.0
2022-07-06,6.377599999999999,6.3276,6.4776,6.247599999999999,213638.85,139421.845,0.9909481003539324,,0.0
2022-07-07,6.3376,6.457599999999999,6.5876,6.2976,377392.76,249557.85,0.9911287104398808,,0.0
2022-07-08,6.487599999999999,6.7276,6.907599999999999,6.4776,611083.58,421013.829,0.9914817107318654,,0.0
2022-07-11,6.737599999999999,6.557599999999999,6.7676,6.497599999999999,362369.2,244710.19,0.9912628110167184,,0.0
2022-07-12,6.487599999999999,6.387599999999999,6.5776,6.347599999999999,305350.35,201103.215,0.9910323641666924,,0.0
2022-07-13,6.367599999999999,6.697599999999999,6.717599999999999,6.2976,453771.68,304494.683,0.9914438819314918,,0.0
2022-07-14,6.7676,6.8376,6.887599999999999,6.5176,567152.82,390016.64,0.9916176001392232,,0.0
2022-07-15,6.7576,6.777599999999999,6.997599999999999,6.707599999999999,468380.42,326652.691,0.9915440208327236,,0.0
2022-07-18,6.817599999999999,7.247599999999999,7.427599999999999,6.777599999999999,857905.04,625998.436,0.9920880444602622,,0.0
2022-07-19,7.197599999999999,6.987599999999999,7.207599999999999,6.947599999999999,554436.28,397423.604,0.9917960655179264,,0.0
2022-07-20,6.987599999999999,6.987599999999999,7.037599999999999,6.857599999999999,343082.3,243393.949,0.9917960655179264,,0.0
2022-07-21,6.967599999999999,6.7676,6.987599999999999,6.7576,331860.72,233004.039,0.9915316318457524,,0.0
2022-07-22,6.777599999999999,6.717599999999999,6.887599999999999,6.637599999999999,256246.93,177076.438,0.9914691383534552,,0.0
2022-07-25,6.7576,6.647599999999999,6.867599999999999,6.5476,224723.07,152919.083,0.9913800817251768,,0.0
2022-07-26,6.617599999999999,6.6876,6.7276,6.5476,142424.56,96697.045,0.9914311975568536,,0.0
2022-07-27,6.637599999999999,6.747599999999999,6.807599999999999,6.627599999999999,175616.26,120900.18,0.9915067446439592,,0.0
2022-07-28,6.7676,6.667599999999999,6.807599999999999,6.657599999999999,185755.51,127634.526,0.991405715645166,,0.0
2022-07-29,6.747599999999999,6.787599999999999,6.887599999999999,6.6876,240374.56,166968.221,0.991556373623163,,0.0
2022-08-01,6.747599999999999,6.617599999999999,6.747599999999999,6.5476,205707.16,138824.374,0.9913413428408784,,0.0
2022-08-02,6.557599999999999,6.197599999999999,6.567599999999999,6.097599999999999,309476.47,198172.815,0.9907599833743646,,0.0
2022-08-03,6.127599999999999,6.037599999999999,6.3376,5.997599999999999,209626.85,132675.244,0.9905174393805164,,0.0
2022-08-04,6.0876,6.107599999999999,6.147599999999999,6.0076,115728.08,72199.801,0.9906251013721736,,0.0
2022-08-05,6.117599999999999,6.0876,6.137599999999999,6.0076,192464.39,119507.062,0.990594591076252,,0.0
2022-08-08,6.067599999999999,6.137599999999999,6.1876,6.0076,128598.27,80778.383,0.9906704974658616,,0.0
2022-08-09,6.117599999999999,6.177599999999999,6.197599999999999,6.097599999999999,104754.9,66218.448,0.9907303460884626,,0.0
2022-08-10,6.127599999999999,6.107599999999999,6.207599999999999,6.097599999999999,108668.0,68314.935,0.9906251013721736,,0.0
2022-08-11,6.127599999999999,6.1876,6.1876,6.107599999999999,120859.03,76270.806,0.9907451884587056,,0.0
2022-08-12,6.147599999999999,6.207599999999999,6.247599999999999,6.147599999999999,102613.77,65312.872,0.9907747310626616,,0.0
2022-08-15,6.207599999999999,6.237599999999999,6.277599999999999,6.157599999999999,124682.67,79290.36,0.9908186930139466,,0.0
2022-08-16,6.287599999999999,6.877599999999999,6.877599999999999,6.277599999999999,493378.53,339455.736,0.9916659457277156,,0.0
2022-08-17,7.0476,6.997599999999999,7.427599999999999,6.947599999999999,1313101.86,956575.304,0.9918076933979646,,0.0
2022-08-18,6.987599999999999,6.787599999999999,7.0776,6.777599999999999,705330.21,495542.253,0.991556373623163,,0.0
2022-08-19,6.717599999999999,6.887599999999999,6.997599999999999,6.607599999999999,759755.31,528197.064,0.9916779451147522,,0.0
2022-08-22,6.847599999999999,6.777599999999999,6.957599999999999,6.697599999999999,470496.62,326867.017,0.9915440208327236,,0.0
2022-08-23,6.697599999999999,6.7676,6.857599999999999,6.6876,287971.66,199328.043,0.9915316318457524,,0.0
2022-08-24,6.717599999999999,6.5076,6.747599999999999,6.497599999999999,314065.24,211882.0,0.9911962713619884,,0.0
2022-08-25,6.527599999999999,6.567599999999999,6.647599999999999,6.497599999999999,209428.07,140618.498,0.9912759984302834,,0.0
2022-08-26,6.597599999999999,6.617599999999999,6.747599999999999,6.527599999999999,242454.11,164825.76,0.9913413428408784,,0.0
2022-08-29,6.527599999999999,6.677599999999999,6.677599999999999,6.467599999999999,170702.14,115426.583,0.9914184755174154,,0.0
2022-08-30,6.637599999999999,6.457599999999999,6.717599999999999,6.407599999999999,228047.71,151943.808,0.9911287104398808,,0.0
2022-08-31,6.377599999999999,6.207599999999999,6.457599999999999,6.197599999999999,194714.97,124981.209,0.9907747310626616,,0.0
2022-09-01,6.237599999999999,6.167599999999999,6.307599999999999,6.147599999999999,110990.0,70690.764,0.9907154560349536,,0.0
2022-09-02,6.207599999999999,6.247599999999999,6.307599999999999,6.207599999999999,89909.4,57503.419,0.9908332540362228,,0.0
2022-09-05,6.2276,6.287599999999999,6.2976,6.197599999999999,86138.0,55197.216,0.9908910391779872,,0.0
2022-09-06,6.307599999999999,6.357599999999999,6.377599999999999,6.2676,115410.36,74835.011,0.990990429279546,,0.0
2022-09-07,6.367599999999999,6.5076,6.5176,6.277599999999999,183265.68,120266.358,0.9911962713619884,,0.0
2022-09-08,6.527599999999999,6.357599999999999,6.527599999999999,6.347599999999999,152817.97,100208.901,0.990990429279546,,0.0
2022-09-09,6.367599999999999,6.387599999999999,6.407599999999999,6.307599999999999,112208.36,73103.337,0.9910323641666924,,0.0
2022-09-13,6.387599999999999,6.3276,6.427599999999999,6.307599999999999,91700.0,59627.203,0.9909481003539324,,0.0
2022-09-14,6.237599999999999,6.217599999999999,6.247599999999999,6.177599999999999,94197.15,59947.762,0.9907894317493704,,0.0
2022-09-15,6.247599999999999,6.097599999999999,6.287599999999999,5.997599999999999,126947.9,79719.817,0.9906098710075706,,0.0
2022-09-16,6.107599999999999,5.957599999999999,6.117599999999999,5.947599999999999,113654.82,70155.39,0.9903913289224324,,0.0
2022-09-19,5.997599999999999,5.847599999999999,5.997599999999999,5.817599999999999,76233.95,45845.167,0.9902123480204558,,0.0
2022-09-20,5.897599999999999,5.867599999999999,5.957599999999999,5.817599999999999,94892.39,57187.318,0.9902453842778546,,0.0
2022-09-21,5.887599999999999,5.897599999999999,5.927599999999999,5.7276,92451.85,55574.185,0.990294522618128,,0.0
2022-09-22,5.887599999999999,5.807599999999999,5.897599999999999,5.777599999999999,85562.46,51215.111,0.9901455996180992,,0.0
2022-09-23,5.7976,5.707599999999999,5.8276,5.647599999999999,92502.21,54376.198,0.9899746765185417,,0.0
2022-09-26,5.6876,5.5876,5.737599999999999,5.5776,71480.54,41429.114,0.9897615757962234,,0.0
2022-09-27,5.627599999999999,5.737599999999999,5.747599999999999,5.607599999999999,81783.56,47749.294,0.9900265727991164,,0.0
2022-09-28,5.747599999999999,5.567599999999999,5.847599999999999,5.567599999999999,100617.83,58525.852,0.9897251750986596,,0.0
2022-09-29,5.617599999999999,5.527599999999999,5.647599999999999,5.497599999999999,83379.39,47804.206,0.989651591649658,,0.0
2022-09-30,5.537599999999999,5.527599999999999,5.5876,5.5176,49858.07,28415.304,0.989651591649658,,0.0
2022-10-10,5.5476,5.417599999999999,5.617599999999999,5.367599999999999,78265.86,44226.305,0.9894436936114256,,0.0
2022-10-11,5.4376,5.5776,5.617599999999999,5.407599999999999,89331.98,50645.821,0.9897434077439046,,0.0
2022-10-12,5.537599999999999,5.717599999999999,5.717599999999999,5.537599999999999,91254.36,52736.407,0.9899920351837102,,0.0
2022-10-13,5.717599999999999,5.7276,5.787599999999999,5.677599999999999,88960.7,52456.855,0.9900093338403568,,0.0
2022-10-14,5.7276,5.7676,5.787599999999999,5.7276,83282.59,49326.328,0.9900779345624334,,0.0
2022-10-17,5.7576,5.907599999999999,5.907599999999999,5.7276,108305.51,65053.289,0.9903107922352232,,0.0
2022-10-18,5.907599999999999,5.917599999999999,5.9776,5.887599999999999,83519.39,50748.604,0.9903270073969944,,0.0
2022-10-19,5.907599999999999,5.8276,5.917599999999999,5.817599999999999,82851.07,49879.974,0.9901790872328132,,0.0
2022-10-20,5.847599999999999,5.817599999999999,5.897599999999999,5.747599999999999,90456.69,53954.837,0.9901623719236136,,0.0
2022-10-21,5.867599999999999,5.8276,5.877599999999999,5.7976,69973.92,41939.309,0.9901790872328132,,0.0
2022-10-24,5.857599999999999,5.747599999999999,5.917599999999999,5.6876,78070.97,46458.628,0.9900437523684844,,0.0
2022-10-25,5.747599999999999,5.7276,5.7676,5.617599999999999,80106.6,46862.325,0.9900093338403568,,0.0
2022-10-26,5.7576,5.8376,5.877599999999999,5.7576,90288.62,54050.638,0.9901957458357364,,0.0
2022-10-27,5.8276,5.7976,5.867599999999999,5.7976,77761.0,46579.339,0.990128770024251,,0.0
2022-10-28,5.7976,5.597599999999999,5.7976,5.5776,91834.68,53520.589,0.98977967959826,,0.0
2022-10-31,5.557599999999999,5.617599999999999,5.667599999999999,5.5476,77840.0,45035.741,0.989815695809987,,0.0
2022-11-01,5.657599999999999,5.8376,5.887599999999999,5.607599999999999,127646.02,75862.879,0.9901957458357364,,0.0
2022-11-02,5.847599999999999,5.8376,5.857599999999999,5.787599999999999,96504.8,57657.142,0.9901957458357364,,0.0
2022-11-03,5.817599999999999,5.8376,5.847599999999999,5.7576,69837.43,41719.978,0.9901957458357364,,0.0
2022-11-04,5.8376,5.907599999999999,5.917599999999999,5.8376,118031.14,71388.858,0.9903107922352232,,0.0
2022-11-07,5.917599999999999,5.917599999999999,5.947599999999999,5.887599999999999,94111.5,57163.245,0.9903270073969944,,0.0
2022-11-08,5.917599999999999,5.927599999999999,5.947599999999999,5.887599999999999,75149.72,45639.668,0.9903431683763824,,0.0
2022-11-09,5.957599999999999,5.917599999999999,5.957599999999999,5.897599999999999,70703.72,42882.272,0.9903270073969944,,0.0
2022-11-10,5.897599999999999,5.877599999999999,5.927599999999999,5.8276,92699.72,55814.348,0.9902618189170064,,0.0
2022-11-11,5.907599999999999,5.917599999999999,5.967599999999999,5.887599999999999,96725.8,58758.675,0.9903270073969944,,0.0
2022-11-14,5.917599999999999,5.857599999999999,5.957599999999999,5.847599999999999,80791.97,48866.202,0.9902288940730972,,0.0
2022-11-15,5.847599999999999,5.9376,5.947599999999999,5.847599999999999,98344.31,59649.389,0.9903592754445074,,0.0
2022-11-16,5.997599999999999,5.9776,6.147599999999999,5.957599999999999,186981.87,115712.961,0.9904231699638796,,0.0
2022-11-17,5.927599999999999,5.927599999999999,5.9776,5.897599999999999,87588.31,53184.764,0.9903431683763824,,0.0
2022-11-18,5.917599999999999,5.907599999999999,5.967599999999999,5.887599999999999,87971.2,53457.579,0.9903107922352232,,0.0
2022-11-21,5.877599999999999,5.807599999999999,5.907599999999999,5.787599999999999,141182.81,84345.05,0.9901455996180992,,0.0
2022-11-22,5.807599999999999,5.807599999999999,5.877599999999999,5.787599999999999,94055.09,56197.117,0.9901455996180992,,0.0
2022-11-23,5.7976,5.867599999999999,5.867599999999999,5.777599999999999,109493.15,65579.905,0.9902453842778546,,0.0
2022-11-24,5.887599999999999,5.817599999999999,5.907599999999999,5.807599999999999,70860.0,42481.131,0.9901623719236136,,0.0
2022-11-25,5.807599999999999,5.817599999999999,5.847599999999999,5.7976,55608.0,33174.841,0.9901623719236136,,0.0
2022-11-28,5.777599999999999,5.867599999999999,5.887599999999999,5.6876,107960.33,64350.618,0.9902453842778546,,0.0
2022-11-29,5.887599999999999,5.907599999999999,5.927599999999999,5.8376,99356.0,59987.209,0.9903107922352232,,0.0
2022-11-30,5.927599999999999,5.927599999999999,5.957599999999999,5.897599999999999,109714.91,66807.156,0.9903431683763824,,0.0
2022-12-01,5.9376,5.927599999999999,5.9776,5.927599999999999,80576.0,49128.031,0.9903431683763824,,0.0
2022-12-02,5.947599999999999,5.957599999999999,5.9776,5.917599999999999,91851.02,56134.821,0.9903913289224324,,0.0
2022-12-05,5.957599999999999,6.0176,6.057599999999999,5.947599999999999,157828.07,97164.934,0.9904862231293412,,0.0
2022-12-06,6.027599999999999,5.947599999999999,6.037599999999999,5.9376,103842.39,63685.051,0.990375328870683,,0.0
2022-12-07,5.957599999999999,5.9376,5.987599999999999,5.917599999999999,69114.0,42196.024,0.9903592754445074,,0.0
2022-12-08,5.947599999999999,5.907599999999999,5.957599999999999,5.897599999999999,67945.07,41286.637,0.9903107922352232,,0.0
2022-12-09,5.917599999999999,5.917599999999999,5.957599999999999,5.897599999999999,102640.18,62384.287,0.9903270073969944,,0.0
2022-12-12,5.917599999999999,5.857599999999999,5.9376,5.847599999999999,78308.17,47188.387,0.9902288940730972,,0.0
2022-12-13,5.8376,5.8376,5.897599999999999,5.8276,58483.1,35078.248,0.9901957458357364,,0.0
2022-12-14,5.817599999999999,5.817599999999999,5.877599999999999,5.807599999999999,59303.14,35541.852,0.9901623719236136,,0.0
2022-12-15,5.8276,5.777599999999999,5.847599999999999,5.777599999999999,65338.71,38856.839,0.9900949377934674,,0.0
2022-12-16,5.777599999999999,5.807599999999999,5.817599999999999,5.747599999999999,71328.93,42331.658,0.9901455996180992,,0.0
2022-12-19,5.807599999999999,5.647599999999999,5.8276,5.607599999999999,110458.12,64547.598,0.9898692466785852,,0.0
2022-12-20,5.627599999999999,5.617599999999999,5.657599999999999,5.5876,49377.0,28527.088,0.989815695809987,,0.0
2022-12-21,5.617599999999999,5.5476,5.637599999999999,5.497599999999999,62852.92,35935.393,0.9896885146465908,,0.0
2022-12-22,5.5876,5.467599999999999,5.597599999999999,5.447599999999999,48196.04,27332.661,0.989539218880081,,0.0
2022-12-23,5.457599999999999,5.4776,5.5476,5.4376,45694.64,25811.113,0.9895581168479242,,0.0
2022-12-26,5.5076,5.527599999999999,5.537599999999999,5.4776,52874.34,29932.643,0.989651591649658,,0.0
2022-12-27,5.537599999999999,5.537599999999999,5.5776,5.5076,35681.0,20293.236,0.9896700861421882,,0.0
2022-12-28,5.5476,5.597599999999999,5.6876,5.5076,88464.0,51140.626,0.98977967959826,,0.0
2022-12-29,5.5876,5.5076,5.5876,5.497599999999999,56140.08,31867.933,0.9896144032773924,,0.0
2022-12-30,5.5476,5.5176,5.557599999999999,5.497599999999999,42281.33,23981.736,0.9896330308139326,,0.0
2023-01-03,5.5176,5.597599999999999,5.607599999999999,5.5076,64922.51,37170.446,0.98977967959826,,0.0
2023-01-04,5.647599999999999,5.617599999999999,5.647599999999999,5.5776,60226.5,34740.769,0.989815695809987,,0.0
2023-01-05,5.607599999999999,5.627599999999999,5.637599999999999,5.5876,60636.45,34958.637,0.9898336088929538,,0.0
2023-01-06,5.607599999999999,5.6876,5.8276,5.5776,162081.54,95403.384,0.989939777909284,,0.0
2023-01-09,5.7676,6.2676,6.2676,5.7276,474212.75,302957.046,0.9908622379612356,,0.0
2023-01-10,6.197599999999999,6.067599999999999,6.197599999999999,5.967599999999999,611195.79,381054.918,0.9905638815424298,,0.0
2023-01-11,6.157599999999999,6.277599999999999,6.5176,6.067599999999999,729866.12,470399.892,0.9908766612999969,,0.0
2023-01-12,6.2976,6.397599999999999,6.647599999999999,6.1876,561189.12,369539.957,0.9910462558478172,,0.0
2023-01-13,6.487599999999999,6.407599999999999,6.597599999999999,6.287599999999999,519580.85,341859.513,0.9910601045565626,,0.0
2023-01-16,6.5476,6.307599999999999,6.5476,6.2976,385982.3,251220.721,0.990919659408678,,0.0
2023-01-17,6.2976,6.317599999999999,6.397599999999999,6.287599999999999,186063.37,120647.68,0.9909339021865294,,0.0
2023-01-18,6.287599999999999,6.347599999999999,6.4776,6.287599999999999,197549.28,128987.091,0.990976363693134,,0.0
2023-01-19,6.3276,6.347599999999999,6.387599999999999,6.2976,159473.28,103667.12,0.990976363693134,,0.0
2023-01-20,6.347599999999999,6.357599999999999,6.397599999999999,6.317599999999999,167318.46,108865.23,0.990990429279546,,0.0
2023-01-30,6.407599999999999,6.387599999999999,6.467599999999999,6.317599999999999,227602.81,148628.678,0.9910323641666924,,0.0
2023-01-31,6.367599999999999,6.537599999999999,6.5776,6.3376,291309.52,194028.294,0.991236316220396,,0.0
2023-02-01,6.5176,6.567599999999999,6.7276,6.497599999999999,249666.05,168016.874,0.9912759984302834,,0.0
2023-02-02,6.567599999999999,6.707599999999999,6.927599999999999,6.527599999999999,433363.62,298109.928,0.9914565288083484,,0.0
2023-02-03,6.667599999999999,6.617599999999999,6.747599999999999,6.557599999999999,200723.27,136111.655,0.9913413428408784,,0.0
2023-02-06,6.607599999999999,6.627599999999999,6.6876,6.5476,166036.6,112210.816,0.9913542944326442,,0.0
2023-02-07,6.647599999999999,6.637599999999999,6.717599999999999,6.567599999999999,128200.46,87047.642,0.9913672073363802,,0.0
2023-02-08,6.647599999999999,6.607599999999999,6.677599999999999,6.597599999999999,97730.86,66272.158,0.9913283523869536,,0.0
2023-02-09,6.5876,6.887599999999999,6.9376,6.5776,402478.96,279718.817,0.9916779451147522,,0.0
2023-02-10,7.247599999999999,7.587599999999998,7.587599999999998,7.197599999999999,1477204.63,1138086.171,0.9924398985010594,,0.0
2023-02-13,7.687599999999998,8.3576,8.3576,7.687599999999998,1503906.73,1252443.297,0.9931316396130904,,0.0
2023-02-14,8.6476,8.4776,8.7376,7.9276,2320931.5,1981399.617,0.993228202544696,,0.0
2023-02-15,8.4476,8.3776,8.4876,8.1076,1090731.95,919224.504,0.9931479242241033,,0.0
2023-02-16,8.3076,7.9276,8.4576,7.787599999999999,1074070.82,891263.939,0.9927617902672377,,0.0
2023-02-17,7.9376,7.967599999999999,8.2076,7.847599999999999,862435.25,704417.829,0.9927978667729958,,0.0
2023-02-20,7.847599999999999,8.2476,8.3276,7.747599999999999,947505.85,789257.548,0.9930406723336624,,0.0
2023-02-21,8.1776,8.2776,8.3376,8.0476,720845.21,601431.367,0.993065719701514,,0.0
2023-02-22,8.2476,8.2876,8.4776,8.1276,622879.07,528329.681,0.9930740288062884,,0.0
2023-02-23,8.2476,8.2376,8.4276,8.1476,516469.9,434875.767,0.9930322829519974,,0.0
2023-02-24,8.2676,8.1776,8.4576,8.137599999999999,432685.59,364469.328,0.9929815188090438,,0.0
2023-02-27,8.1776,8.3276,8.4376,7.977600000000001,569935.06,482931.552,0.9931070670451022,,0.0
2023-02-28,8.2476,8.137599999999999,8.2976,7.977600000000001,579063.38,477973.37,0.9929472630988116,,0.0
2023-03-01,8.2276,8.0176,8.2276,7.947599999999999,432666.19,353764.432,0.992842459816232,,0.0
2023-03-02,8.0076,7.847599999999999,8.0376,7.817599999999999,358810.28,288373.858,0.9926885420092596,,0.0
2023-03-03,7.9376,7.807599999999999,7.9376,7.677599999999999,419853.49,332796.328,0.992651359117146,,0.0
2023-03-06,7.817599999999999,7.737599999999999,7.817599999999999,7.447599999999999,504192.42,393437.055,0.9925853708597376,,0.0
2023-03-07,7.737599999999999,7.687599999999998,7.807599999999999,7.637599999999999,294524.2,232367.975,0.9925375061326722,,0.0
2023-03-08,7.737599999999999,7.757599999999998,7.847599999999999,7.627599999999999,282475.41,222224.325,0.9926043452670368,,0.0
2023-03-09,7.717599999999999,7.747599999999999,7.797599999999998,7.567599999999999,278886.77,219980.95,0.992594870218054,,0.0
2023-03-10,7.767599999999998,7.787599999999999,8.0176,7.677599999999999,431419.26,344387.821,0.9926326254875468,,0.0
2023-03-13,7.567599999999999,7.787599999999999,7.837599999999998,7.547599999999998,327980.88,259141.423,0.9926326254875468,,0.0
2023-03-14,7.777599999999999,7.747599999999999,7.827599999999999,7.527599999999999,346228.12,271816.723,0.992594870218054,,0.0
2023-03-15,7.757599999999998,7.897600000000001,7.9976,7.677599999999999,287659.77,231581.831,0.9927344948085576,,0.0
2023-03-16,7.857599999999999,7.697599999999999,7.857599999999999,7.557599999999999,369261.0,289067.834,0.9925471284524332,,0.0
2023-03-17,7.737599999999999,7.707599999999999,7.877599999999998,7.567599999999999,352860.79,277353.057,0.9925567259896464,,0.0
2023-03-20,7.687599999999998,7.667599999999999,7.787599999999999,7.447599999999999,360107.1,279554.515,0.992518186760556,,0.0
2023-03-21,7.667599999999999,7.797599999999998,7.847599999999999,7.647599999999999,195998.4,155419.953,0.992642004226392,,0.0
2023-03-22,7.767599999999998,7.557599999999999,7.787599999999999,7.527599999999999,273915.67,213039.938,0.9924101163431992,,0.0
2023-03-23,7.557599999999999,7.677599999999999,7.697599999999999,7.477599999999998,264950.17,205340.771,0.9925278589342504,,0.0
2023-03-24,7.647599999999999,7.627599999999999,7.687599999999998,7.507599999999998,223497.61,173598.365,0.992479246363234,,0.0
2023-03-27,7.667599999999999,7.547599999999998,7.677599999999999,7.517599999999998,151288.36,116853.539,0.9924001367449444,,0.0
2023-03-28,7.547599999999998,7.357599999999999,7.557599999999999,7.327599999999999,242469.49,183306.711,0.9922054103622192,,0.0
2023-03-29,7.357599999999999,7.347599999999999,7.487599999999999,7.327599999999999,172677.47,130266.078,0.9921948848137844,,0.0
2023-03-30,7.377599999999999,7.457599999999999,7.457599999999999,7.257599999999998,206270.11,155317.128,0.9923091252627936,,0.0
2023-03-31,7.437599999999998,7.607599999999999,7.647599999999999,7.367599999999999,198808.05,152451.414,0.9924596237639262,,0.0
2023-04-03,7.627599999999999,7.627599999999999,7.747599999999999,7.477599999999998,234791.31,183240.498,0.992479246363234,,0.0
2023-04-04,7.577599999999999,7.317599999999999,7.627599999999999,7.267599999999998,256486.59,193349.295,0.992163136914608,,0.0
2023-04-06,7.317599999999999,7.287599999999999,7.347599999999999,7.0876,212499.53,156834.509,0.9921311296866064,,0.0
2023-04-07,7.277599999999999,7.377599999999999,7.427599999999999,7.177599999999999,155397.01,116155.524,0.9922263765231192,,0.0
2023-04-10,7.387599999999999,7.357599999999999,7.407599999999999,7.257599999999998,141760.99,106157.029,0.9922054103622192,,0.0
2023-04-11,7.317599999999999,7.447599999999999,7.597599999999999,7.267599999999998,210180.85,159124.497,0.9922988781410718,,0.0
2023-04-12,7.447599999999999,7.227599999999998,7.457599999999999,7.207599999999999,187288.21,139393.157,0.9920663244296812,,0.0
2023-04-13,7.247599999999999,7.257599999999998,7.367599999999999,7.197599999999999,171265.0,127176.381,0.992098859939306,,0.0
2023-04-14,7.227599999999998,7.387599999999999,7.487599999999999,7.177599999999999,180299.54,135258.897,0.9922368173637414,,0.0
2023-04-17,7.387599999999999,7.287599999999999,7.527599999999999,7.247599999999999,263050.83,197989.43,0.9921311296866064,,0.0
2023-04-18,7.297599999999998,7.137599999999999,7.407599999999999,7.107599999999999,210689.65,155175.755,0.9919670900853322,,0.0
2023-04-19,7.137599999999999,7.137599999999999,7.187599999999998,7.067599999999999,127907.2,93199.214,0.9919670900853322,,0.0
2023-04-20,7.147599999999999,7.0776,7.197599999999999,6.967599999999999,186248.31,134342.622,0.9918995431230204,,0.0
2023-04-21,7.0776,6.967599999999999,7.147599999999999,6.907599999999999,202699.02,145319.075,0.9917727104506504,,0.0
2023-04-24,6.967599999999999,6.8276,6.967599999999999,6.7976,242142.62,169621.798,0.9916054259737996,,0.0
2023-04-25,6.8276,6.707599999999999,6.957599999999999,6.5476,287366.91,196936.242,0.9914565288083484,,0.0
2023-04-26,6.7276,6.857599999999999,6.917599999999999,6.697599999999999,226675.14,158603.144,0.9916418428435086,,0.0
2023-04-27,6.807599999999999,6.677599999999999,6.857599999999999,6.647599999999999,201735.19,138304.274,0.9914184755174154,,0.0
2023-04-28,6.677599999999999,6.667599999999999,6.7676,6.5876,232714.98,158621.102,0.991405715645166,,0.0
2023-05-04,6.5876,6.5476,6.707599999999999,6.5076,203025.25,136770.681,0.9912495836739637,,0.0
2023-05-05,6.5876,6.427599999999999,6.597599999999999,6.377599999999999,210283.17,138630.866,0.9910876738520368,,0.0
2023-05-08,6.417599999999999,6.4376,6.5176,6.397599999999999,190187.36,125443.159,0.9911013948332664,,0.0
2023-05-09,6.4376,6.317599999999999,6.4776,6.307599999999999,178446.41,116519.074,0.9909339021865294,,0.0
2023-05-10,6.3376,6.247599999999999,6.407599999999999,6.1876,289620.02,186316.106,0.9908332540362228,,0.0
2023-05-11,6.287599999999999,6.197599999999999,6.307599999999999,6.167599999999999,239425.44,152948.815,0.9907599833743646,,0.0
2023-05-12,6.1876,6.117599999999999,6.397599999999999,6.0776,337639.67,214528.698,0.990640282410856,,0.0
2023-05-15,6.127599999999999,6.107599999999999,6.197599999999999,6.037599999999999,217179.39,135876.396,0.9906251013721736,,0.0
2023-05-16,6.277599999999999,6.737599999999999,6.737599999999999,6.2576,362756.57,245652.781,0.991494246107661,,0.0
2023-05-17,6.807599999999999,6.527599999999999,6.857599999999999,6.397599999999999,1469950.08,979922.503,0.9912230084732894,,0.0
2023-05-18,6.4776,6.367599999999999,6.637599999999999,6.307599999999999,997830.04,655408.683,0.9910044510847572,,0.0
2023-05-19,6.287599999999999,6.037599999999999,6.287599999999999,5.967599999999999,765012.16,475370.588,0.9905174393805164,,0.0
2023-05-22,5.947599999999999,6.347599999999999,6.387599999999999,5.897599999999999,935869.36,598448.018,0.990976363693134,,0.0
2023-05-23,6.307599999999999,6.0776,6.307599999999999,6.067599999999999,576904.71,363610.77,0.9905792613358542,,0.0
2023-05-24,6.0476,6.0776,6.207599999999999,5.9776,382928.32,240125.21,0.9905792613358542,,0.0
2023-05-25,6.0476,6.097599999999999,6.2276,5.9776,361647.78,225917.154,0.9906098710075706,,0.0
2023-05-26,6.0876,6.067599999999999,6.117599999999999,5.967599999999999,280823.76,173954.243,0.9905638815424298,,0.0
2023-05-29,6.067599999999999,6.117599999999999,6.127599999999999,6.027599999999999,277241.19,173230.029,0.990640282410856,,0.0
2023-05-30,6.107599999999999,6.0876,6.217599999999999,5.997599999999999,380390.96,237608.35,0.990594591076252,,0.0
2023-05-31,6.057599999999999,5.9776,6.067599999999999,5.9376,317902.53,195078.443,0.9904231699638796,,0.0
2023-06-01,5.967599999999999,5.987599999999999,6.0176,5.897599999999999,239990.73,146855.535,0.9904390114798028,,0.0
2023-06-02,5.9776,6.127599999999999,6.177599999999999,5.967599999999999,320032.23,199666.107,0.9906554143628544,,0.0
2023-06-05,6.147599999999999,6.167599999999999,6.1876,6.057599999999999,309756.0,194539.247,0.9907154560349536,,0.0
2023-06-06,6.157599999999999,5.927599999999999,6.157599999999999,5.907599999999999,413115.0,253809.11,0.9903431683763824,,0.0
2023-06-07,5.917599999999999,5.817599999999999,5.9376,5.7976,260268.14,156095.843,0.9901623719236136,,0.0
2023-06-08,5.817599999999999,5.897599999999999,5.917599999999999,5.7976,200664.69,120908.933,0.990294522618128,,0.0
2023-06-09,5.897599999999999,6.167599999999999,6.177599999999999,5.8376,611001.24,378610.118,0.9907154560349536,,0.0
2023-06-12,6.107599999999999,6.117599999999999,6.2276,6.027599999999999,298739.0,186589.728,0.990640282410856,,0.0
2023-06-13,6.0876,6.067599999999999,6.127599999999999,6.0476,152384.8,94920.249,0.9905638815424298,,0.0
2023-06-14,6.0876,6.027599999999999,6.0876,6.0076,145785.33,90188.536,0.990501856903408,,0.0
2023-06-15,6.067599999999999,6.177599999999999,6.197599999999999,6.0076,324546.63,203620.436,0.9907303460884626,,0.0
2023-06-16,6.197599999999999,6.417599999999999,6.527599999999999,6.127599999999999,644471.63,419263.387,0.991073910492016,,0.0
2023-06-19,6.417599999999999,6.487599999999999,6.667599999999999,6.347599999999999,522292.96,349298.807,0.9911693708558682,,0.0
2023-06-20,6.487599999999999,6.307599999999999,6.497599999999999,6.2976,256958.0,166954.964,0.990919659408678,,0.0
2023-06-21,6.2976,6.287599999999999,6.407599999999999,6.2276,317145.1,205270.398,0.9908910391779872,,0.0
2023-06-26,6.2576,6.707599999999999,6.7976,6.237599999999999,876648.32,590876.635,0.9914565288083484,,0.0
2023-06-27,6.707599999999999,6.657599999999999,6.717599999999999,6.487599999999999,556689.25,376455.659,0.9913929177710932,,0.0
2023-06-28,6.637599999999999,6.947599999999999,7.207599999999999,6.557599999999999,768988.49,546822.015,0.9917492220287206,,0.0
2023-06-29,6.847599999999999,7.027599999999999,7.0476,6.7576,461355.66,324980.367,0.9918423801055692,,0.0
2023-06-30,6.957599999999999,6.967599999999999,7.067599999999999,6.857599999999999,360288.97,255705.437,0.9917727104506504,,0.0
2023-07-03,6.917599999999999,6.867599999999999,6.997599999999999,6.7676,336923.4,236197.107,0.9916539116874116,,0.0
2023-07-04,6.847599999999999,6.7976,6.847599999999999,6.707599999999999,279754.86,193827.447,0.9915686903754704,,0.0
2023-07-05,6.7676,6.817599999999999,6.917599999999999,6.737599999999999,241105.14,168644.504,0.9915932163946825,,0.0
2023-07-06,6.7576,6.917599999999999,7.0176,6.677599999999999,431425.64,301486.82,0.9917137368466324,,0.0
2023-07-07,6.927599999999999,6.8376,7.097599999999999,6.8276,351788.6,250415.938,0.9916176001392232,,0.0
2023-07-10,6.8376,6.8376,6.997599999999999,6.787599999999999,230542.77,162068.042,0.9916176001392232,,0.0
2023-07-11,6.8376,6.717599999999999,6.867599999999999,6.6876,194289.6,133523.019,0.9914691383534552,,0.0
2023-07-12,6.747599999999999,6.997599999999999,7.0776,6.747599999999999,606173.82,433659.172,0.9918076933979646,,0.0
2023-07-13,6.917599999999999,6.8276,6.947599999999999,6.787599999999999,361983.39,253380.5,0.9916054259737996,,0.0
2023-07-14,6.8276,6.787599999999999,6.8276,6.7276,174313.54,120748.624,0.991556373623163,,0.0
2023-07-17,6.777599999999999,6.7676,6.847599999999999,6.747599999999999,113359.83,78664.693,0.9915316318457524,,0.0
2023-07-18,6.787599999999999,6.597599999999999,6.7976,6.567599999999999,218364.95,147996.146,0.9913153228956936,,0.0
2023-07-19,6.597599999999999,6.5176,6.667599999999999,6.4776,194201.33,129886.117,0.991209660248806,,0.0
2023-07-20,6.527599999999999,6.497599999999999,6.567599999999999,6.447599999999999,118212.45,78850.657,0.9911828416267504,,0.0
2023-07-21,6.5076,6.5476,6.6876,6.497599999999999,169394.0,113929.042,0.9912495836739637,,0.0
2023-07-24,6.5476,6.537599999999999,6.597599999999999,6.497599999999999,73451.27,49133.969,0.991236316220396,,0.0
2023-07-25,6.527599999999999,6.567599999999999,6.617599999999999,6.527599999999999,114422.0,76802.136,0.9912759984302834,,0.0
2023-07-26,6.5776,6.5476,6.5876,6.527599999999999,88557.49,59331.842,0.9912495836739637,,0.0
2023-07-27,6.5776,6.367599999999999,6.5876,6.2576,315451.31,206080.175,0.9910044510847572,,0.0
2023-07-28,6.3917,6.4117,6.4217,6.3017,158874.89,102884.637,0.9933227985375224,,0.0
2023-07-31,6.4017,6.5817000000000005,6.7217,6.3917,255804.0,170822.304,0.993494143219418,,0.0
2023-08-01,6.5917,6.5817000000000005,6.621700000000001,6.4517,148105.0,98688.697,0.993494143219418,,0.0
2023-08-02,6.5917,6.4617,6.5917,6.4217,146708.0,96654.315,0.9933741237240192,,0.0
2023-08-03,6.4517,6.3917,6.5217,6.3617,148082.05,96440.468,0.9933020451296076,,0.0
2023-08-04,6.4517,6.371700000000001,6.6317,6.3617,212786.5,139193.576,0.9932811623121532,,0.0
2023-08-07,6.3417,6.3017,6.3617,6.2217,196315.21,125469.334,0.9932070356827638,,0.0
2023-08-08,6.2917000000000005,6.3317000000000005,6.3517,6.2417,88367.0,56647.254,0.9932390035765828,,0.0
2023-08-09,6.3217,6.2317,6.3217,6.2017,126466.79,80294.859,0.993131255179448,,0.0
2023-08-10,6.2317,6.121700000000001,6.2617,6.1117,225001.76,140902.965,0.9930086945237476,,0.0
2023-08-11,6.1517,6.0517,6.1617,6.0517,135517.82,83966.536,0.9929283979786048,,0.0
2023-08-14,6.0517,6.0117,6.0517,5.9717,197219.0,120772.942,0.9928816806500628,,0.0
2023-08-15,6.0217,5.8917,6.0417000000000005,5.8517,235767.16,142119.369,0.992737750219047,,0.0
2023-08-16,5.8917,5.871700000000001,5.9317,5.871700000000001,118607.0,71247.186,0.992713194021776,,0.0
2023-08-17,5.8617,5.9517,5.9717,5.7717,132699.0,79573.473,0.9928104357109496,,0.0
2023-08-18,5.9517,5.8817,5.9917,5.8617,106097.7,64048.102,0.9927254928436404,,0.0
2023-08-21,5.871700000000001,5.9117,5.9817,5.8517,92704.9,55928.946,0.9927621414657084,,0.0
2023-08-22,5.9117,5.9817,6.0017000000000005,5.7917000000000005,211556.69,126780.297,0.9928462355596868,,0.0
2023-08-23,5.9917,5.8417,5.9917,5.8317000000000005,138128.49,82742.334,0.992676046764546,,0.0
2023-08-24,5.8417,5.8617,5.9017,5.8217,69649.98,41571.043,0.9927008535428804,,0.0
2023-08-25,5.871700000000001,5.8917,5.9817,5.8217,171011.69,103175.477,0.992737750219047,,0.0
2023-08-28,6.0717,5.8817,6.1617,5.8317000000000005,271255.0,164275.205,0.9927254928436404,,0.0
2023-08-29,5.871700000000001,5.9517,5.9717,5.8317000000000005,167880.71,101403.539,0.9928104357109496,,0.0
2023-08-30,5.9417,5.9317,5.9717,5.9017,117536.64,71036.113,0.9927863694182232,,0.0
2023-08-31,5.9317,5.9317,5.9617,5.8917,67564.36,40729.578,0.9927863694182232,,0.0
2023-09-01,5.9417,5.9317,5.9417,5.9117,64702.0,39055.033,0.9927863694182232,,0.0
2023-09-04,5.9517,5.9617,5.9817,5.9017,118999.73,71938.141,0.992822408739675,,0.0
2023-09-05,5.9417,6.0217,6.1017,5.9217,235564.46,144169.008,0.9928934177549136,,0.0
2023-09-06,5.9917,5.9617,6.0017000000000005,5.9117,127583.0,77182.396,0.992822408739675,,0.0
2023-09-07,5.9417,5.871700000000001,5.9617,5.8617,119117.0,71623.284,0.992713194021776,,0.0
2023-09-08,5.8517,5.8517,5.9017,5.8417,65893.0,39360.963,0.9926884711949516,,0.0
2023-09-11,5.8817,5.8517,5.8917,5.8117,107677.0,64199.974,0.9926884711949516,,0.0
2023-09-12,5.8417,5.8317000000000005,5.871700000000001,5.8317000000000005,89861.26,53517.348,0.9926635800367672,,0.0
2023-09-13,5.8317000000000005,5.8117,5.8617,5.7917000000000005,80475.0,47670.169,0.992638518822163,,0.0
2023-09-14,5.8117,5.8517,5.8617,5.8017,92829.0,55183.028,0.9926884711949516,,0.0
2023-09-15,5.8617,5.8317000000000005,5.8617,5.8117,59844.05,35566.439,0.9926635800367672,,0.0
2023-09-18,5.8117,5.8217,5.871700000000001,5.7417,89557.0,53140.476,0.992651070795253,,0.0
2023-09-19,5.8317000000000005,5.7817,5.8417,5.7817,79976.11,47273.737,0.9926006043125944,,0.0
2023-09-20,5.7517000000000005,5.7517000000000005,5.7817,5.7517000000000005,60674.0,35655.485,0.9925622972320012,,0.0
2023-09-21,5.7517000000000005,5.6517,5.7717,5.6417,98229.06,57018.314,0.9924316920699586,,0.0
2023-09-22,5.6417,5.7417,5.7617,5.6117,90994.0,52876.449,0.9925494399114922,,0.0
2023-09-25,5.7417,5.7017,5.7717,5.6917,54118.0,31517.713,0.992497563013508,,0.0
2023-09-26,5.7017,5.6717,5.7217,5.6517,44982.0,26013.559,0.9924581787639112,,0.0
2023-09-27,5.6817,5.6417,5.7417,5.6317,114279.0,66049.41,0.9924183788347876,,0.0
2023-09-28,5.6417,5.6517,5.6817,5.6417,65518.0,37757.352,0.9924316920699586,,0.0
2023-10-09,5.6417,5.6317,5.6617,5.6117,56325.0,32347.216,0.9924050186790724,,0.0
2023-10-10,5.6417,5.621700000000001,5.6917,5.6117,68049.38,39136.894,0.9923916113543284,,0.0
2023-10-11,5.6317,5.6117,5.6717,5.5817000000000005,77250.71,44384.947,0.9923781566103134,,0.0
2023-10-12,5.6317,5.6717,5.6817,5.621700000000001,77028.51,44377.878,0.9924581787639112,,0.0
2023-10-13,5.6717,5.5917,5.6817,5.5517,86196.63,49170.199,0.9923511038546178,,0.0
2023-10-16,5.5517,5.5117,5.5917,5.5117,64893.95,36634.332,0.9922409447684886,,0.0
2023-10-17,5.5317,5.5317,5.5417000000000005,5.4917,69752.63,39219.299,0.992268780942814,,0.0
2023-10-18,5.5217,5.4517,5.5217,5.4317,64088.0,35769.035,0.9921562204265852,,0.0
2023-10-19,5.4217,5.4017,5.4817,5.371700000000001,64571.0,35704.558,0.9920841904202174,,0.0
2023-10-20,5.4017,5.3317000000000005,5.4217,5.3017,82937.0,45404.274,0.99198109697105,,0.0
2023-10-23,5.3017,5.1417,5.3117,5.1317,110103.07,58479.964,0.9916872396235148,,0.0
2023-10-24,5.1517,5.1617,5.1917,5.1017,74138.0,39024.066,0.9917191822932676,,0.0
2023-10-25,5.1817,5.3117,5.3517,5.1817,104044.24,56320.164,0.991951146634795,,0.0
2023-10-26,5.2717,5.3517,5.3617,5.2617,66429.0,36028.558,0.9920108252391192,,0.0
2023-10-27,5.3317000000000005,5.4017,5.4317,5.3217,80344.03,44108.925,0.9920841904202174,,0.0
2023-10-30,5.4117,5.3217,5.4217,5.3117,166274.0,90555.597,0.9919661497166716,,0.0
2023-10-31,5.3517,5.3317000000000005,5.3517,5.3017,68311.0,37087.36,0.99198109697105,,0.0
2023-11-01,5.3517,5.3417,5.371700000000001,5.2917000000000005,87116.0,47327.362,0.9919959887089586,,0.0
2023-11-02,5.3417,5.3217,5.3617,5.3117,60013.26,32668.785,0.9919661497166716,,0.0
2023-11-03,5.3217,5.3817,5.4017,5.3117,94896.94,51999.227,0.9920550066361894,,0.0
2023-11-06,5.371700000000001,5.4317,5.4517,5.3617,132356.62,72993.04,0.992127566303792,,0.0
2023-11-07,5.4317,5.4417,5.4617,5.371700000000001,111590.54,61658.646,0.9921419194865811,,0.0
2023-11-08,5.4317,5.4217,5.4417,5.3917,80953.56,44750.244,0.9921131605914216,,0.0
2023-11-09,5.4217,5.4317,5.5317,5.4117,107387.64,59834.657,0.992127566303792,,0.0
2023-11-10,5.4517,5.3917,5.4517,5.3517,118838.0,65307.528,0.9920696253771988,,0.0
2023-11-13,5.4017,5.4417,5.4517,5.3917,73227.65,40505.494,0.9921419194865811,,0.0
2023-11-14,5.4417,5.4817,5.5017000000000005,5.4217,98603.56,54957.822,0.9921988126267014,,0.0
2023-11-15,5.5017000000000005,5.5617,5.6017,5.4917,202476.41,114652.344,0.9923101627176706,,0.0
2023-11-16,5.5417000000000005,5.4517,5.5417000000000005,5.4317,115085.07,64227.648,0.9921562204265852,,0.0
2023-11-17,5.4617,5.4717,5.4817,5.4217,65604.9,36504.252,0.9921846667150214,,0.0
2023-11-20,5.5017000000000005,5.5317,5.5417000000000005,5.4417,91411.0,51285.923,0.992268780942814,,0.0
2023-11-21,5.5517,5.5217,5.5617,5.4717,119983.93,67568.582,0.99225488786659,,0.0
2023-11-22,5.4917,5.4017,5.5217,5.4017,132019.0,73302.439,0.9920841904202174,,0.0
2023-11-23,5.4017,5.4217,5.4317,5.371700000000001,96258.91,53001.287,0.9921131605914216,,0.0
2023-11-24,5.4317,5.3317000000000005,5.4317,5.3117,111270.45,60918.286,0.99198109697105,,0.0
2023-11-27,5.3317000000000005,5.3317000000000005,5.3917,5.2717,89800.73,48696.047,0.99198109697105,,0.0
2023-11-28,5.3517,5.3417,5.3617,5.2817,62145.54,33824.749,0.9919959887089586,,0.0
2023-11-29,5.3517,5.2717,5.3517,5.2617,94811.76,51302.264,0.9918905697298112,,0.0
2023-11-30,5.2917000000000005,5.2717,5.3217,5.2517000000000005,68116.14,36709.861,0.9918905697298112,,0.0
2023-12-01,5.2817,5.2817,5.3017,5.2217,65802.76,35299.855,0.991905799278846,,0.0
2023-12-04,5.2717,5.3017,5.3317000000000005,5.2617,80372.38,43469.609,0.991936087412064,,0.0
2023-12-05,5.3017,5.2117,5.3017,5.2017,79650.38,42695.018,0.9917979751845932,,0.0
2023-12-06,5.1917,5.2317,5.2717,5.1917,61424.69,32834.65,0.991829074088117,,0.0
2023-12-07,5.2317,5.2117,5.2417,5.1817,64934.42,34515.844,0.9917979751845932,,0.0
2023-12-08,5.2217,5.1817,5.2517000000000005,5.1817,94504.38,50223.785,0.9917508804164752,,0.0
2023-12-11,5.1817,5.2517000000000005,5.2817,5.1017,114371.55,60586.555,0.9918599380524288,,0.0
2023-12-12,5.2417,5.2717,5.2917000000000005,5.2217,61984.0,33333.68,0.9918905697298112,,0.0
2023-12-13,5.2717,5.2617,5.3017,5.2517000000000005,61767.15,33279.133,0.9918752827627808,,0.0
2023-12-14,5.2717,5.2717,5.3117,5.2517000000000005,76364.55,41195.609,0.9918905697298112,,0.0
2023-12-15,5.2817,5.2317,5.3117,5.2317,68304.6,36736.485,0.991829074088117,,0.0
2023-12-18,5.2217,5.1017,5.2417,5.1017,114067.22,60011.455,0.9916226092365108,,0.0
2023-12-19,5.1017,4.9917,5.1417,4.9517,157038.15,80585.687,0.9914395805195836,,0.0
2023-12-20,5.0117,4.9617,5.0617,4.9517,63369.0,32341.918,0.9913882672634272,,0.0
2023-12-21,4.9317,5.0017000000000005,5.0417000000000005,4.8917,89772.81,45519.084,0.9914565493181098,,0.0
2023-12-22,5.0017000000000005,4.9717,5.0117,4.8917,104575.0,52853.156,0.9914054398979022,,0.0
2023-12-25,4.9517,4.9617,5.0117,4.9317,66055.0,33615.996,0.9913882672634272,,0.0
2023-12-26,4.9617,4.9417,4.9917,4.9117,48169.4,24335.47,0.9913537152944952,,0.0
2023-12-27,4.9317,4.9517,4.9717,4.8917,68834.97,34697.518,0.9913710258669016,,0.0
2023-12-28,4.9517,5.1117,5.1317,4.9117,157473.9,81285.119,0.9916388608675408,,0.0
2023-12-29,5.1117,5.1517,5.1817,5.0817000000000005,93776.07,49310.465,0.9917032417032418,,0.0
2024-01-02,5.1717,5.1717,5.2017,5.121700000000001,94045.59,49761.888,0.9917350617473344,,0.0
2024-01-03,5.1617,5.1917,5.2117,5.1417,82767.0,43822.459,0.991766638649041,,0.0
2024-01-04,5.1717,5.121700000000001,5.2117,5.0817000000000005,95339.0,49987.07,0.9916550495662948,,0.0
2024-01-05,5.121700000000001,5.0717,5.1617,5.0517,81330.39,42401.914,0.9915734730585752,,0.0
2024-01-08,5.0717,4.9417,5.0717,4.9317,107407.0,54816.893,0.9913537152944952,,0.0
2024-01-09,4.9317,4.8817,4.9717,4.8517,150658.0,75466.63,0.991248375568551,,0.0
2024-01-10,4.8817,4.8817,4.9317,4.8017,107820.38,53732.035,0.991248375568551,,0.0
2024-01-11,4.871700000000001,4.8917,4.9217,4.8217,118693.85,59126.776,0.991266110075383,,0.0
2024-01-12,4.871700000000001,5.0417000000000005,5.0917,4.871700000000001,166474.83,85338.565,0.9915237570799244,,0.0
2024-01-15,4.9917,4.8417,5.0317,4.8317000000000005,232773.4,116444.068,0.991176711431379,,0.0
2024-01-16,4.8217,4.8417,4.8917,4.7817,129330.8,63789.095,0.991176711431379,,0.0
2024-01-17,4.8317000000000005,4.7217,4.8417,4.7217,108227.62,52891.456,0.9909544996642042,,0.0
2024-01-18,4.7217,4.6917,4.7317,4.5717,126659.8,60167.247,0.9908971867871929,,0.0
2024-01-19,4.7017,4.9517,5.1717,4.6617,458985.74,234546.494,0.9913710258669016,,0.0
2024-01-22,4.9117,4.6617,4.9917,4.6017,363437.92,177340.937,0.9908391430028908,,0.0
2024-01-23,4.6417,4.7117,4.7517000000000005,4.5617,206344.87,98834.169,0.9909354757297888,,0.0
2024-01-24,4.7217,4.6917,4.7417,4.4817,224439.59,105788.219,0.9908971867871929,,0.0
2024-01-25,4.6917,4.871700000000001,4.9017,4.5917,279028.11,137195.143,0.991230568893953,,0.0
2024-01-26,4.871700000000001,4.8417,4.9517,4.8417,171179.16,85454.071,0.991176711431379,,0.0
2024-01-29,4.8517,4.7517000000000005,4.871700000000001,4.7517000000000005,130159.36,64079.759,0.9910110953532996,,0.0
2024-01-30,4.7317,4.621700000000001,4.7817,4.6117,123859.74,59708.994,0.9907605899502658,,0.0
2024-01-31,4.6017,4.5517,4.6617,4.5117,158305.13,74352.466,0.9906198311134324,,0.0
2024-02-01,4.5217,4.4217,4.5717,4.4017,174595.64,79828.113,0.9903467120587708,,0.0
2024-02-02,4.4617,4.2417,4.4717,4.0517,227379.67,99893.055,0.9899411874533234,,0.0
2024-02-05,4.2317,4.0517,4.2817,3.9317,186847.69,78433.398,0.9894744554068576,,0.0
2024-02-06,4.0717,4.4717,4.4717,4.0317,391844.83,176062.35,0.9904536192079384,,0.0
2024-02-07,4.4817,4.8617,4.871700000000001,4.4817,544647.98,260254.111,0.9912126896101778,,0.0
2024-02-08,4.8517,4.9917,5.2517000000000005,4.7817,484317.86,252794.117,0.9914395805195836,,0.0
2024-02-19,4.9917,4.8317000000000005,5.0317,4.7917000000000005,266566.21,132542.271,0.9911586116353492,,0.0
2024-02-20,4.8317000000000005,4.8117,4.8317000000000005,4.7317,142033.28,69506.077,0.9911221883496746,,0.0
2024-02-21,4.8217,4.8217,4.9617,4.7417,186718.16,92988.976,0.9911404374280546,,0.0
2024-02-22,4.8117,4.8517,4.871700000000001,4.7917000000000005,130438.0,64430.11,0.9911947372722072,,0.0
2024-02-23,4.8617,4.8517,4.8917,4.7817,188515.99,92901.82,0.9911947372722072,,0.0
2024-02-26,4.8517,4.8217,4.8817,4.8017,183464.62,90704.53,0.9911404374280546,,0.0
2024-02-27,4.8117,4.871700000000001,4.871700000000001,4.7917000000000005,168153.99,83224.008,0.991230568893953,,0.0
2024-02-28,4.871700000000001,4.871700000000001,5.0717,4.8617,354178.89,179775.516,0.991230568893953,,0.0
2024-02-29,4.9417,5.0017000000000005,5.0717,4.8917,246559.04,124681.647,0.9914565493181098,,0.0
2024-03-01,4.9817,5.0217,5.0417000000000005,4.9117,211803.81,108103.257,0.9914902858948034,,0.0
2024-03-04,5.0417000000000005,4.9817,5.0517,4.9217,132287.29,67284.505,0.991422544180863,,0.0
2024-03-05,4.9717,4.9617,5.0217,4.9417,129910.17,66060.727,0.9913882672634272,,0.0
2024-03-06,4.9417,5.0017000000000005,5.0617,4.8917,178149.99,90821.628,0.9914565493181098,,0.0
2024-03-07,5.0017000000000005,4.9417,5.0417000000000005,4.9417,119771.13,60946.522,0.9913537152944952,,0.0
2024-03-08,4.9417,4.9517,4.9817,4.9017,96680.0,48726.597,0.9913710258669016,,0.0
2024-03-11,4.9517,5.1317,5.1417,4.9517,251625.0,130124.355,0.9916711756976117,,0.0
2024-03-12,5.1817,5.0617,5.1917,5.0517,169889.33,88212.065,0.9915569659927912,,0.0
2024-03-13,5.0617,5.0617,5.1017,5.0217,110432.15,57018.542,0.9915569659927912,,0.0
2024-03-14,5.0617,5.0417000000000005,5.1017,5.0117,111344.15,57521.678,0.9915237570799244,,0.0
2024-03-15,5.0417000000000005,5.0717,5.0717,5.0117,101153.78,52153.195,0.9915734730585752,,0.0
2024-03-18,5.0817000000000005,5.0817000000000005,5.1117,5.0517,151935.0,78855.501,0.9915899157040274,,0.0
2024-03-19,5.0817000000000005,5.0417000000000005,5.1017,5.0317,111181.84,57535.882,0.9915237570799244,,0.0
2024-03-20,5.0417000000000005,5.0617,5.0617,5.0017000000000005,81317.0,41823.262,0.9915569659927912,,0.0
2024-03-21,5.0617,5.0217,5.0717,5.0017000000000005,112221.7,57630.829,0.9914902858948034,,0.0
2024-03-22,5.0017000000000005,4.9117,5.0317,4.9017,131073.17,66140.989,0.9913013643335756,,0.0
2024-03-25,4.9117,4.871700000000001,4.9817,4.8417,125531.64,62932.944,0.991230568893953,,0.0
2024-03-26,4.871700000000001,4.9017,4.9317,4.8117,100708.31,50180.703,0.9912837728522892,,0.0
2024-03-27,4.8917,4.7717,4.9017,4.7617,94373.0,46699.915,0.9910484339951816,,0.0
2024-03-28,4.7817,4.8317000000000005,4.8917,4.7617,100148.27,49510.967,0.9911586116353492,,0.0
2024-03-29,4.8317000000000005,4.9117,4.9217,4.8217,93043.11,46436.474,0.9913013643335756,,0.0
2024-04-01,4.8917,4.871700000000001,4.9217,4.8317000000000005,166505.52,82945.846,0.991230568893953,,0.0
2024-04-02,4.8417,4.8417,4.871700000000001,4.8117,105217.54,52031.771,0.991176711431379,,0.0
2024-04-03,4.8217,4.8017,4.8417,4.7717,94490.0,46322.748,0.9911038639365918,,0.0
2024-04-08,4.8117,4.7017,4.871700000000001,4.7017,186108.76,90763.151,0.9909163716068116,,0.0
2024-04-09,4.7217,4.7917000000000005,4.8117,4.6917,114972.23,55980.898,0.9910854637213536,,0.0
2024-04-10,4.7717,4.7117,4.7917000000000005,4.6717,100782.79,48763.782,0.9909354757297888,,0.0
2024-04-11,4.7117,4.7917000000000005,4.871700000000001,4.6817,141499.52,69339.246,0.9910854637213536,,0.0
2024-04-12,4.8017,4.6417,4.8117,4.6317,134656.16,64828.142,0.9908000341530054,,0.0
2024-04-15,4.6617,4.6317,4.7117,4.5317,132179.07,62735.865,0.9907803542397536,,0.0
2024-04-16,4.6117,4.4617,4.6717,4.4617,146457.0,68170.296,0.9904324276327472,,0.0
2024-04-17,4.4917,4.7117,4.7117,4.4917,179209.19,84854.423,0.9909354757297888,,0.0
2024-04-18,4.7217,4.6517,4.7317,4.6517,101579.21,48682.363,0.9908196302291896,,0.0
2024-04-19,4.6317,4.5817000000000005,4.6817,4.5717,88611.0,41823.034,0.9906806780833766,,0.0
2024-04-22,4.5817000000000005,4.5817000000000005,4.6617,4.5517,89237.5,42063.236,0.9906806780833766,,0.0
2024-04-23,4.5917,4.5317,4.6117,4.5217,84704.0,39437.252,0.9905788231179504,,0.0
2024-04-24,4.5517,4.5517,4.5717,4.5117,81181.0,37739.703,0.9906198311134324,,0.0
2024-04-25,4.5617,4.5317,4.6017,4.5217,92177.0,43039.439,0.9905788231179504,,0.0
2024-04-26,4.5317,4.6417,4.6417,4.5217,147812.0,69532.301,0.9908000341530054,,0.0
2024-04-29,4.6717,4.8417,4.8517,4.6617,237340.0,116568.329,0.991176711431379,,0.0
2024-04-30,4.8417,4.8017,4.8917,4.7717,136750.0,67240.979,0.9911038639365918,,0.0
2024-05-06,4.8517,4.9017,4.9117,4.8417,144400.27,72139.906,0.9912837728522892,,0.0
2024-05-07,4.9317,4.9217,4.9417,4.8817,114344.27,57495.744,0.9913188849500484,,0.0
2024-05-08,4.9517,4.8817,4.9717,4.8817,110282.0,55435.303,0.991248375568551,,0.0
2024-05-09,4.8917,4.9517,4.9717,4.871700000000001,117577.0,59466.866,0.9913710258669016,,0.0
2024-05-10,4.9617,4.9917,5.0317,4.9317,163528.86,83183.618,0.9914395805195836,,0.0
2024-05-13,5.0117,5.0317,5.0717,4.9417,182069.0,93388.268,0.9915070544652006,,0.0
2024-05-14,5.0417000000000005,5.0417000000000005,5.0617,5.0017000000000005,148830.69,76636.945,0.9915237570799244,,0.0
2024-05-15,5.0417000000000005,4.9317,5.0517,4.9317,111532.0,56756.828,0.9913363351290504,,0.0
2024-05-16,4.9417,4.9217,4.9817,4.9117,98716.0,49967.878,0.9913188849500484,,0.0
2024-05-17,4.9317,4.9617,4.9717,4.8817,108162.1,54451.037,0.9913882672634272,,0.0
2024-05-20,4.9717,4.9617,5.0217,4.9417,133279.76,67860.598,0.9913882672634272,,0.0
2024-05-21,4.9417,4.8817,4.9617,4.8517,94613.0,47325.794,0.991248375568551,,0.0
2024-05-22,4.9017,4.9417,4.9517,4.8617,106897.0,53670.857,0.9913537152944952,,0.0
2024-05-23,4.9417,4.7917000000000005,4.9617,4.7817,130143.76,64292.853,0.9910854637213536,,0.0
2024-05-24,4.8017,4.8917,5.0017000000000005,4.7917000000000005,229520.0,115730.326,0.991266110075383,,0.0
2024-05-27,4.9117,4.9717,5.0617,4.871700000000001,392669.18,199681.362,0.9914054398979022,,0.0
2024-05-28,4.8917,5.1317,5.3417,4.8417,758695.16,393376.103,0.9916711756976117,,0.0
2024-05-29,5.0417000000000005,5.0317,5.1417,4.9717,445084.2,229443.873,0.9915070544652006,,0.0
2024-05-30,5.0517,4.8517,5.0817000000000005,4.8217,430381.52,215738.379,0.9911947372722072,,0.0
2024-05-31,4.8117,4.8317000000000005,4.9217,4.8017,198704.76,98542.106,0.9911586116353492,,0.0
2024-06-03,4.8017,4.7417,4.8217,4.7117,248928.43,121004.839,0.9909923089784316,,0.0
2024-06-04,4.7317,4.7817,4.7917000000000005,4.6917,183906.0,89317.766,0.9910669872326314,,0.0
2024-06-05,4.7617,4.7017,4.8017,4.7017,137057.17,66508.449,0.9909163716068116,,0.0
2024-06-06,4.7017,4.6517,4.7317,4.6417,201295.0,96326.01,0.9908196302291896,,0.0
2024-06-07,4.6717,4.6517,4.7117,4.5917,130994.0,62222.131,0.9908196302291896,,0.0
2024-06-11,4.6417,4.6317,4.6517,4.5717,87810.6,41453.853,0.9907803542397536,,0.0
2024-06-12,4.6417,4.6517,4.6717,4.621700000000001,85497.48,40680.542,0.9908196302291896,,0.0
2024-06-13,4.6517,4.6117,4.6717,4.6017,108423.66,51254.506,0.9907407407407408,,0.0
2024-06-14,4.6117,4.5817000000000005,4.6317,4.5417000000000005,247698.81,116154.964,0.9906806780833766,,0.0
2024-06-17,4.6117,4.5917,4.6517,4.5417000000000005,135124.39,63687.373,0.9907007853629068,,0.0
2024-06-18,4.5917,4.621700000000001,4.6417,4.5617,99655.84,46978.828,0.9907605899502658,,0.0
2024-06-19,4.6317,4.5417000000000005,4.6417,4.5417000000000005,106344.13,49758.992,0.9905993718373756,,0.0
2024-06-20,4.5417000000000005,4.4517,4.5617,4.4517,119765.0,55065.701,0.990411141763816,,0.0
2024-06-21,4.4517,4.4217,4.4917,4.4117,85675.0,39054.57,0.9903467120587708,,0.0
2024-06-24,4.4217,4.3017,4.4217,4.2617,116934.0,51839.052,0.9900800957466396,,0.0
2024-06-25,4.3217,4.2617,4.3417,4.2417,91749.4,40338.626,0.9899879204608808,,0.0
2024-06-26,4.2617,4.3417,4.3517,4.2317,93322.17,41027.943,0.9901705893085204,,0.0
2024-06-27,4.349,4.2490000000000006,4.369000000000001,4.229,119254.91,51970.061,0.9920616390380574,,0.0
2024-06-28,4.229,4.319000000000001,4.369000000000001,4.219,118648.23,52162.129,0.9921892947392604,,0.0
2024-07-01,4.329000000000001,4.369000000000001,4.369000000000001,4.319000000000001,81190.18,35990.493,0.9922779922779924,,0.0
2024-07-02,4.349,4.4190000000000005,4.449000000000001,4.339,95112.23,42553.147,0.992364697956434,,0.0
2024-07-03,4.429,4.369000000000001,4.429,4.369000000000001,71465.0,31942.952,0.9922779922779924,,0.0
2024-07-04,4.399000000000001,4.279000000000001,4.409000000000001,4.259,78643.0,34487.174,0.9921168560166936,,0.0
2024-07-05,4.259,4.239000000000001,4.279000000000001,4.199000000000001,81068.26,34991.837,0.9920430610812077,,0.0
2024-07-08,4.219,4.179,4.269,4.159000000000001,72922.0,31198.038,0.9919297412769998,,0.0
2024-07-09,4.1690000000000005,4.2090000000000005,4.229,4.089,101003.0,42812.076,0.9919868017911856,,0.0
2024-07-10,4.219,4.159000000000001,4.239000000000001,4.149000000000001,66818.76,28530.779,0.9918912473169568,,0.0
2024-07-11,4.199000000000001,4.259,4.269,4.179,94327.0,40726.592,0.9920801304449104,,0.0
2024-07-12,4.269,4.2090000000000005,4.289000000000001,4.189,88743.84,38268.981,0.9919868017911856,,0.0
2024-07-15,4.2090000000000005,4.139,4.2090000000000005,4.119000000000001,64863.28,27402.829,0.9918523843757489,,0.0
2024-07-16,4.159000000000001,4.119000000000001,4.159000000000001,4.089,71789.0,30113.886,0.991813147122562,,0.0
2024-07-17,4.099,4.089,4.129,4.049,89999.0,37435.903,0.9917535774921176,,0.0
2024-07-18,4.079000000000001,4.079000000000001,4.099,4.029000000000001,81055.33,33650.748,0.9917335278385608,,0.0
2024-07-19,4.069000000000001,4.089,4.109000000000001,4.019,83870.49,34767.17,0.9917535774921176,,0.0
2024-07-22,4.079000000000001,4.089,4.119000000000001,4.059,63110.15,26265.29,0.9917535774921176,,0.0
2024-07-23,4.079000000000001,4.039000000000001,4.099,4.039000000000001,68276.23,28357.84,0.9916523447090596,,0.0
2024-07-24,4.039000000000001,4.059,4.109000000000001,4.009,91998.11,38099.896,0.9916931346200832,,0.0
2024-07-25,4.049,4.089,4.119000000000001,4.029000000000001,100361.38,41763.244,0.9917535774921176,,0.0
2024-07-26,4.099,4.159000000000001,4.1690000000000005,4.099,95784.28,40484.52,0.9918912473169568,,0.0
2024-07-29,4.1690000000000005,4.119000000000001,4.179,4.099,77036.83,32396.671,0.991813147122562,,0.0
2024-07-30,4.089,4.119000000000001,4.129,4.049,63124.8,26344.46,0.991813147122562,,0.0
2024-07-31,4.119000000000001,4.189,4.199000000000001,4.099,116817.0,49694.28,0.9919488515273502,,0.0
2024-08-01,4.199000000000001,4.159000000000001,4.229,4.139,96985.28,41247.151,0.9918912473169568,,0.0
2024-08-02,4.129,4.139,4.179,4.119000000000001,71643.28,30340.955,0.9918523843757489,,0.0
2024-08-05,4.149000000000001,4.079000000000001,4.199000000000001,4.079000000000001,104003.0,43790.073,0.9917335278385608,,0.0
2024-08-06,4.109000000000001,4.139,4.149000000000001,4.089,98871.0,41530.869,0.9918523843757489,,0.0
2024-08-07,4.139,4.119000000000001,4.1690000000000005,4.099,94292.45,39742.532,0.991813147122562,,0.0
2024-08-08,4.129,4.149000000000001,4.179,4.089,94333.19,39714.115,0.9918718622997847,,0.0
2024-08-09,4.159000000000001,4.099,4.1690000000000005,4.089,73104.0,30677.764,0.9917735301233972,,0.0
2024-08-12,4.139,4.099,4.179,4.089,76044.11,32008.331,0.9917735301233972,,0.0
2024-08-13,4.089,4.119000000000001,4.149000000000001,4.059,106143.13,44431.575,0.991813147122562,,0.0
2024-08-14,4.119000000000001,4.079000000000001,4.129,4.079000000000001,63050.0,26383.414,0.9917335278385608,,0.0
2024-08-15,4.069000000000001,4.069000000000001,4.119000000000001,4.049,146966.0,61116.745,0.9917133804533268,,0.0
2024-08-16,4.059,3.9890000000000008,4.069000000000001,3.969,171068.0,69853.835,0.9915485955754412,,0.0
2024-08-19,3.979,3.999000000000001,4.019,3.969,76920.0,31385.727,0.9915695512025788,,0.0
2024-08-20,3.999000000000001,3.929,3.999000000000001,3.919,79970.0,32230.453,0.9914206409285896,,0.0
2024-08-21,3.929,3.889,3.939,3.879,56729.0,22637.944,0.9913331633953608,,0.0
2024-08-22,3.899,3.889,3.929,3.869,61249.11,24349.38,0.9913331633953608,,0.0
2024-08-23,3.879,3.849,3.899,3.819,75818.0,29811.163,0.9912438835951584,,0.0
2024-08-26,3.849,3.879,3.909,3.849,65280.0,25826.313,0.9913110145668286,,0.0
2024-08-27,3.869,3.839,3.879,3.819,47310.0,18572.635,0.9912212754970308,,0.0
2024-08-28,3.839,3.879,3.899,3.839,71365.75,28210.752,0.9913110145668286,,0.0
2024-08-29,3.869,3.909,3.919,3.849,62496.0,24866.031,0.9913771240172458,,0.0
2024-08-30,3.909,3.959,3.999000000000001,3.899,97734.0,39492.425,0.9914850989231156,,0.0
2024-09-02,3.969,3.969,4.039000000000001,3.959,107334.0,43792.152,0.9915063702223332,,0.0
2024-09-03,3.969,3.959,4.009,3.929,61667.0,24933.734,0.9914850989231156,,0.0
2024-09-04,3.939,3.959,3.9890000000000008,3.929,63447.0,25643.798,0.9914850989231156,,0.0
2024-09-05,3.959,3.969,3.9890000000000008,3.929,57535.0,23243.045,0.9915063702223332,,0.0
2024-09-06,3.969,3.939,3.979,3.929,43318.0,17467.292,0.9914422350868362,,0.0
2024-09-09,3.919,3.899,3.939,3.889,42320.0,16867.962,0.991355199593186,,0.0
2024-09-10,3.899,3.909,3.919,3.829,61870.44,24482.957,0.9913771240172458,,0.0
2024-09-11,3.889,3.899,3.919,3.869,37096.44,14754.864,0.991355199593186,,0.0
2024-09-12,3.899,3.919,3.979,3.889,74848.0,30134.409,0.9913989375158108,,0.0
2024-09-13,3.929,3.899,3.949000000000001,3.889,53442.0,21311.993,0.991355199593186,,0.0
2024-09-18,3.919,3.879,3.919,3.839,68395.7,26974.25,0.9913110145668286,,0.0
2024-09-19,3.889,3.969,3.999000000000001,3.879,86432.0,34862.457,0.9915063702223332,,0.0
2024-09-20,3.959,3.929,3.969,3.919,49913.0,20080.693,0.9914206409285896,,0.0
2024-09-23,3.959,3.909,3.959,3.899,60026.0,24058.272,0.9913771240172458,,0.0
2024-09-24,3.929,4.009,4.019,3.929,156474.68,63597.721,0.991590403165966,,0.0
2024-09-25,4.049,4.049,4.139,4.039000000000001,171574.0,71641.077,0.9916727896154788,,0.0
2024-09-26,4.049,4.159000000000001,4.159000000000001,4.039000000000001,178662.45,74956.742,0.9918912473169568,,0.0
2024-09-27,4.199000000000001,4.329000000000001,4.409000000000001,4.1690000000000005,308229.0,134366.961,0.9922071968828788,,0.0
2024-09-30,4.469,4.769,4.769,4.469,534416.7,253627.094,0.9929210909848012,,0.0
2024-10-08,5.229,5.039000000000001,5.259,4.769,713588.05,366060.126,0.993297851369998,,0.0
2024-10-09,4.969,4.6690000000000005,4.969,4.659000000000001,423599.2,206726.172,0.9927705719753348,,0.0
2024-10-10,4.679,4.689,4.809,4.619000000000001,256502.46,123273.888,0.9928011856870632,,0.0
2024-10-11,4.699000000000001,4.469,4.7090000000000005,4.4190000000000005,185858.0,85760.144,0.992449478125694,,0.0
2024-10-14,4.4990000000000006,4.539000000000001,4.569000000000001,4.409000000000001,201663.16,92213.452,0.992565055762082,,0.0
2024-10-15,4.539000000000001,4.439,4.569000000000001,4.429,173258.11,79296.3,0.99239883746926,,0.0
2024-10-16,4.4190000000000005,4.469,4.519,4.379,139250.6,63329.215,0.992449478125694,,0.0
2024-10-17,4.509,4.379,4.509,4.379,156053.0,70464.389,0.9922954905959666,,0.0
2024-10-18,4.379,4.4590000000000005,4.549,4.329000000000001,227658.35,102701.709,0.992432673046962,,0.0
2024-10-21,4.479,4.449000000000001,4.509,4.4190000000000005,186096.55,84518.861,0.9924157929957618,,0.0
2024-10-22,4.449000000000001,4.529000000000001,4.529000000000001,4.429,196746.14,90038.397,0.9925487617795312,,0.0
2024-10-23,4.519,4.599,4.659000000000001,4.509,207349.88,96874.132,0.992661342542629,,0.0
2024-10-24,4.609000000000001,4.549,4.639,4.519,122063.0,56636.252,0.9925812786384464,,0.0
2024-10-25,4.569000000000001,4.649000000000001,4.659000000000001,4.559,171739.0,80668.476,0.9927396967755712,,0.0
2024-10-28,4.639,4.629,4.649000000000001,4.569000000000001,261497.58,122724.238,0.9927085567231396,,0.0
2024-10-29,4.639,4.529000000000001,4.6690000000000005,4.509,227591.88,105795.653,0.9925487617795312,,0.0
2024-10-30,4.509,4.519,4.569000000000001,4.489000000000001,181416.5,83510.926,0.9925323962222712,,0.0
2024-10-31,4.529000000000001,4.619000000000001,4.619000000000001,4.529000000000001,246932.55,115323.585,0.9926928863099076,,0.0
2024-11-01,4.629,4.549,4.629,4.509,225897.07,104874.32,0.9925812786384464,,0.0
2024-11-04,4.569000000000001,4.559,4.589,4.519,124464.0,57575.832,0.9925974308730676,,0.0
2024-11-05,4.559,4.619000000000001,4.629,4.539000000000001,218356.16,102265.582,0.9926928863099076,,0.0
2024-11-06,4.629,4.6690000000000005,4.739000000000001,4.589,325522.58,154295.127,0.9927705719753348,,0.0
2024-11-07,4.619000000000001,4.769,4.779000000000001,4.619000000000001,335195.38,160941.964,0.9929210909848012,,0.0
2024-11-08,4.819000000000001,4.789000000000001,4.869000000000001,4.769,304482.97,148969.946,0.9929504457806344,,0.0
2024-11-11,4.799,4.809,4.809,4.729,225171.83,109237.522,0.9929795581251292,,0.0
2024-11-12,4.809,4.769,4.889,4.729,267465.43,130821.091,0.9929210909848012,,0.0
2024-11-13,4.759,4.769,4.789000000000001,4.699000000000001,168799.0,81519.97,0.9929210909848012,,0.0
2024-11-14,4.779000000000001,4.639,4.799,4.629,153640.45,73490.985,0.9927241600684784,,0.0
2024-11-15,4.639,4.539000000000001,4.6690000000000005,4.539000000000001,151376.0,71008.356,0.992565055762082,,0.0
2024-11-18,4.559,4.549,4.649000000000001,4.529000000000001,173670.15,81048.125,0.9925812786384464,,0.0
2024-11-19,4.559,4.589,4.589,4.479,131206.63,60696.756,0.9926454683106208,,0.0
2024-11-20,4.579000000000001,4.609000000000001,4.619000000000001,4.549,138723.68,64842.536,0.992677148395434,,0.0
2024-11-21,4.609000000000001,4.579000000000001,4.649000000000001,4.539000000000001,113170.0,52805.745,0.9926295252547148,,0.0
2024-11-22,4.569000000000001,4.409000000000001,4.599,4.399000000000001,177847.78,81390.075,0.992347512941706,,0.0
2024-11-25,4.409000000000001,4.4590000000000005,4.489000000000001,4.369000000000001,199733.39,90328.063,0.992432673046962,,0.0
2024-11-26,4.429,4.389,4.4590000000000005,4.369000000000001,124461.39,55928.219,0.9923129097897356,,0.0
2024-11-27,4.399000000000001,4.469,4.469,4.319000000000001,170047.61,75996.041,0.992449478125694,,0.0
2024-11-28,4.4590000000000005,4.469,4.4990000000000006,4.439,145884.54,66323.316,0.992449478125694,,0.0
2024-11-29,4.449000000000001,4.479,4.509,4.4190000000000005,153783.3,70000.285,0.9924662087303346,,0.0
2024-12-02,4.4590000000000005,4.539000000000001,4.539000000000001,4.4590000000000005,176113.25,80792.834,0.992565055762082,,0.0
2024-12-03,4.559,4.549,4.559,4.489000000000001,119384.2,55003.182,0.9925812786384464,,0.0
2024-12-04,4.549,4.449000000000001,4.549,4.429,149268.41,68054.355,0.9924157929957618,,0.0
2024-12-05,4.449000000000001,4.439,4.4590000000000005,4.4190000000000005,113789.12,51412.958,0.99239883746926,,0.0
2024-12-06,4.439,4.509,4.529000000000001,4.4190000000000005,164032.12,74800.831,0.9925159586176536,,0.0
2024-12-09,4.509,4.4990000000000006,4.539000000000001,4.469,148139.13,67944.313,0.9924994484888596,,0.0
2024-12-10,4.569000000000001,4.509,4.609000000000001,4.4990000000000006,181699.41,84003.505,0.9925159586176536,,0.0
2024-12-11,4.509,4.579000000000001,4.579000000000001,4.489000000000001,190876.0,88515.321,0.9926295252547148,,0.0
2024-12-12,4.579000000000001,4.579000000000001,4.599,4.529000000000001,114333.0,53065.986,0.9926295252547148,,0.0
2024-12-13,4.559,4.469,4.579000000000001,4.4590000000000005,198169.0,90681.331,0.992449478125694,,0.0
2024-12-16,4.4590000000000005,4.4590000000000005,4.509,4.439,134905.71,61373.989,0.992432673046962,,0.0
2024-12-17,4.489000000000001,4.399000000000001,4.509,4.369000000000001,187300.0,84545.059,0.9923302503947664,,0.0
2024-12-18,4.389,4.429,4.469,4.389,129619.56,58624.841,0.9923818059601166,,0.0
2024-12-19,4.4190000000000005,4.4590000000000005,4.4590000000000005,4.369000000000001,174031.27,78279.51,0.992432673046962,,0.0
2024-12-20,4.439,4.369000000000001,4.4590000000000005,4.359000000000001,189625.0,84718.599,0.9922779922779924,,0.0
2024-12-23,4.369000000000001,4.269,4.389,4.259,167814.2,73606.205,0.9920985359051824,,0.0
2024-12-24,4.269,4.319000000000001,4.349,4.2490000000000006,132402.11,58222.046,0.9921892947392604,,0.0
2024-12-25,4.329000000000001,4.269,4.329000000000001,4.229,107537.0,46711.222,0.9920985359051824,,0.0
2024-12-26,4.269,4.229,4.289000000000001,4.219,94756.35,41069.099,0.9920243959652828,,0.0
2024-12-27,4.229,4.229,4.269,4.2090000000000005,126732.0,54758.419,0.9920243959652828,,0.0
2024-12-30,4.219,4.179,4.239000000000001,4.1690000000000005,132273.86,56565.44,0.9919297412769998,,0.0
2024-12-31,4.189,4.099,4.219,4.079000000000001,160027.01,67282.074,0.9917735301233972,,0.0
2025-01-02,4.119000000000001,4.009,4.119000000000001,3.979,155512.98,64204.064,0.991590403165966,,0.0
2025-01-03,4.029000000000001,4.019,4.089,3.9890000000000008,146190.49,60201.27,0.991611152232914,,0.0
2025-01-06,4.019,4.079000000000001,4.089,3.979,127268.08,52574.499,0.9917335278385608,,0.0
2025-01-07,4.069000000000001,4.039000000000001,4.089,3.999000000000001,96787.95,39815.632,0.9916523447090596,,0.0
2025-01-08,4.029000000000001,4.089,4.099,3.969,151223.73,62300.981,0.9917535774921176,,0.0
2025-01-09,4.079000000000001,4.039000000000001,4.109000000000001,4.029000000000001,103151.14,42618.61,0.9916523447090596,,0.0
2025-01-10,4.039000000000001,4.009,4.069000000000001,3.999000000000001,83221.0,34109.075,0.991590403165966,,0.0
2025-01-13,3.9890000000000008,4.039000000000001,4.049,3.959,96418.0,39435.045,0.9916523447090596,,0.0
2025-01-14,4.029000000000001,4.099,4.099,4.029000000000001,139219.0,57802.086,0.9917735301233972,,0.0
2025-01-15,4.099,4.079000000000001,4.099,4.049,92510.35,38406.505,0.9917335278385608,,0.0
2025-01-16,4.079000000000001,4.079000000000001,4.119000000000001,4.069000000000001,97707.26,40777.826,0.9917335278385608,,0.0
2025-01-17,4.069000000000001,4.089,4.109000000000001,4.059,80466.0,33531.032,0.9917535774921176,,0.0
2025-01-20,4.099,4.069000000000001,4.119000000000001,4.049,90563.26,37638.879,0.9917133804533268,,0.0
2025-01-21,4.069000000000001,4.049,4.089,4.009,66421.0,27327.495,0.9916727896154788,,0.0
2025-01-22,4.029000000000001,4.049,4.079000000000001,4.019,74752.59,30851.44,0.9916727896154788,,0.0
2025-01-23,4.089,4.049,4.129,4.039000000000001,108175.59,45104.013,0.9916727896154788,,0.0
2025-01-24,4.057000000000001,4.027000000000001,4.067000000000001,4.017000000000001,115698.33,47465.316,0.9930949445129472,,0.0
2025-01-27,4.037000000000001,4.077000000000001,4.127000000000002,4.037000000000001,121833.94,50624.756,0.9931790499390988,,0.0
2025-02-05,4.0870000000000015,4.107000000000001,4.127000000000002,4.067000000000001,103790.03,43248.309,0.9932285368802904,,0.0
2025-02-06,4.117000000000001,4.127000000000002,4.137000000000001,4.067000000000001,129247.0,53890.151,0.9932611311672684,,0.0
2025-02-07,4.147000000000001,4.167000000000002,4.197000000000001,4.107000000000001,148974.0,62951.427,0.993325387365912,,0.0
2025-02-10,4.187000000000001,4.227000000000001,4.237000000000001,4.187000000000001,158153.01,67638.632,0.9934195064629848,,0.0
2025-02-11,4.227000000000001,4.197000000000001,4.247000000000001,4.167000000000002,126322.0,53677.62,0.9933727810650888,,0.0
2025-02-12,4.207000000000001,4.227000000000001,4.227000000000001,4.177000000000001,110461.0,47124.492,0.9934195064629848,,0.0
2025-02-13,4.227000000000001,4.187000000000001,4.237000000000001,4.177000000000001,118867.94,50763.259,0.9933570581257416,,0.0
2025-02-14,4.177000000000001,4.197000000000001,4.217000000000001,4.167000000000002,95475.0,40603.76,0.9933727810650888,,0.0
2025-02-17,4.197000000000001,4.357000000000001,4.427000000000001,4.147000000000001,425932.77,186062.787,0.9936145952109464,,0.0
2025-02-18,4.367000000000001,4.387000000000001,4.467000000000001,4.2970000000000015,351812.12,156767.962,0.9936579841449604,,0.0
2025-02-19,4.387000000000001,4.367000000000001,4.397000000000001,4.3370000000000015,178234.0,78676.317,0.9936291240045508,,0.0
2025-02-20,4.367000000000001,4.327000000000001,4.367000000000001,4.267000000000001,170866.0,74578.544,0.9935706084959818,,0.0
2025-02-21,4.317000000000001,4.307000000000001,4.347000000000001,4.287000000000001,167537.0,73269.226,0.9935409457900808,,0.0
2025-02-24,4.317000000000001,4.357000000000001,4.387000000000001,4.307000000000001,199715.42,88159.701,0.9936145952109464,,0.0
2025-02-25,4.3370000000000015,4.2970000000000015,4.347000000000001,4.277000000000001,119383.0,52094.529,0.9935260115606938,,0.0
2025-02-26,4.2970000000000015,4.317000000000001,4.327000000000001,4.287000000000001,101171.07,44166.629,0.9935558112773304,,0.0
2025-02-27,4.317000000000001,4.277000000000001,4.327000000000001,4.247000000000001,128045.25,55537.917,0.9934959349593496,,0.0
2025-02-28,4.267000000000001,4.197000000000001,4.2970000000000015,4.177000000000001,149922.0,64398.917,0.9933727810650888,,0.0
2025-03-03,4.197000000000001,4.197000000000001,4.237000000000001,4.187000000000001,94985.0,40594.267,0.9933727810650888,,0.0
2025-03-04,4.177000000000001,4.227000000000001,4.247000000000001,4.167000000000002,98920.01,42335.24,0.9934195064629848,,0.0
2025-03-05,4.227000000000001,4.187000000000001,4.237000000000001,4.157000000000001,93244.0,39568.897,0.9933570581257416,,0.0
2025-03-06,4.177000000000001,4.197000000000001,4.207000000000001,4.157000000000001,104068.78,44236.337,0.9933727810650888,,0.0
2025-03-07,4.197000000000001,4.187000000000001,4.217000000000001,4.167000000000002,93295.36,39662.903,0.9933570581257416,,0.0
2025-03-10,4.197000000000001,4.177000000000001,4.217000000000001,4.157000000000001,101496.22,43113.626,0.9933412604042808,,0.0
2025-03-11,4.167000000000002,4.207000000000001,4.207000000000001,4.137000000000001,108245.66,45940.201,0.9933884297520662,,0.0
2025-03-12,4.207000000000001,4.247000000000001,4.2570000000000014,4.187000000000001,132804.0,57000.924,0.9934502923976608,,0.0
2025-03-13,4.247000000000001,4.237000000000001,4.267000000000001,4.207000000000001,99799.0,42833.155,0.9934349355216884,,0.0
2025-03-14,4.247000000000001,4.247000000000001,4.2570000000000014,4.207000000000001,143001.94,61539.318,0.9934502923976608,,0.0
2025-03-17,4.2570000000000014,4.327000000000001,4.377000000000002,4.247000000000001,218411.96,95879.973,0.9935706084959818,,0.0
2025-03-18,4.347000000000001,4.307000000000001,4.357000000000001,4.287000000000001,110750.87,48394.074,0.9935409457900808,,0.0
2025-03-19,4.317000000000001,4.307000000000001,4.3370000000000015,4.277000000000001,96831.43,42315.879,0.9935409457900808,,0.0
2025-03-20,4.307000000000001,4.307000000000001,4.347000000000001,4.287000000000001,119242.28,52210.931,0.9935409457900808,,0.0
2025-03-21,4.307000000000001,4.277000000000001,4.3370000000000015,4.267000000000001,127755.48,55782.287,0.9934959349593496,,0.0
2025-03-24,4.277000000000001,4.267000000000001,4.327000000000001,4.207000000000001,138212.56,59862.345,0.9934807916181608,,0.0
2025-03-25,4.2570000000000014,4.2970000000000015,4.307000000000001,4.217000000000001,130872.44,56849.11,0.9935260115606938,,0.0
2025-03-26,4.287000000000001,4.287000000000001,4.2970000000000015,4.247000000000001,98859.0,42914.784,0.99351100811124,,0.0
2025-03-27,4.267000000000001,4.177000000000001,4.287000000000001,4.177000000000001,176859.0,75388.114,0.9933412604042808,,0.0
2025-03-28,4.167000000000002,4.157000000000001,4.197000000000001,4.137000000000001,109451.23,46281.232,0.993309438470729,,0.0
2025-03-31,4.157000000000001,4.137000000000001,4.207000000000001,4.097000000000001,138319.44,58273.699,0.99327731092437,,0.0
2025-04-01,4.137000000000001,4.247000000000001,4.277000000000001,4.117000000000001,231550.66,99330.941,0.9934502923976608,,0.0
2025-04-02,4.2570000000000014,4.197000000000001,4.2570000000000014,4.187000000000001,98660.73,42172.262,0.9933727810650888,,0.0
2025-04-03,4.177000000000001,4.237000000000001,4.2570000000000014,4.167000000000002,108035.05,46385.9,0.9934349355216884,,0.0
2025-04-07,4.167000000000002,3.867,4.177000000000001,3.807,332508.28,134375.897,0.992811296534018,,0.0
2025-04-08,3.907,4.0470000000000015,4.057000000000001,3.897,241523.41,98487.637,0.9931288343558284,,0.0
2025-04-09,4.037000000000001,4.177000000000001,4.217000000000001,3.937,249743.02,103213.206,0.9933412604042808,,0.0
2025-04-10,4.217000000000001,4.197000000000001,4.217000000000001,4.137000000000001,198647.9,84229.694,0.9933727810650888,,0.0
2025-04-11,4.187000000000001,4.217000000000001,4.2570000000000014,4.137000000000001,169353.0,71870.676,0.9934040047114252,,0.0
2025-04-14,4.217000000000001,4.227000000000001,4.287000000000001,4.207000000000001,118137.98,50780.479,0.9934195064629848,,0.0
2025-04-15,4.237000000000001,4.197000000000001,4.237000000000001,4.167000000000002,79925.36,33966.675,0.9933727810650888,,0.0
2025-04-16,4.197000000000001,4.167000000000002,4.207000000000001,4.117000000000001,108737.36,45818.436,0.993325387365912,,0.0
2025-04-17,4.157000000000001,4.187000000000001,4.197000000000001,4.127000000000002,65200.0,27638.475,0.9933570581257416,,0.0
2025-04-18,4.187000000000001,4.167000000000002,4.187000000000001,4.137000000000001,56008.5,23619.831,0.993325387365912,,0.0
2025-04-21,4.167000000000002,4.157000000000001,4.187000000000001,4.147000000000001,66228.94,28022.432,0.993309438470729,,0.0
2025-04-22,4.167000000000002,4.157000000000001,4.177000000000001,4.147000000000001,58416.0,24687.93,0.993309438470729,,0.0
2025-04-23,4.167000000000002,4.137000000000001,4.177000000000001,4.127000000000002,85977.0,36148.852,0.99327731092437,,0.0
2025-04-24,4.147000000000001,4.147000000000001,4.187000000000001,4.117000000000001,100307.0,42279.85,0.9932934131736528,,0.0
2025-04-25,4.157000000000001,4.237000000000001,4.247000000000001,4.137000000000001,172651.0,73637.526,0.9934349355216884,,0.0
2025-04-28,4.247000000000001,4.237000000000001,4.2570000000000014,4.167000000000002,134296.0,57496.29,0.9934349355216884,,0.0
2025-04-29,4.247000000000001,4.237000000000001,4.317000000000001,4.217000000000001,155421.65,67236.18,0.9934349355216884,,0.0
2025-04-30,4.2570000000000014,4.237000000000001,4.287000000000001,4.217000000000001,108491.0,46819.214,0.9934349355216884,,0.0
2025-05-06,4.237000000000001,4.267000000000001,4.267000000000001,4.217000000000001,133858.0,57697.349,0.9934807916181608,,0.0
2025-05-07,4.287000000000001,4.367000000000001,4.387000000000001,4.2570000000000014,295924.0,130156.39,0.9936291240045508,,0.0
2025-05-08,4.347000000000001,4.347000000000001,4.367000000000001,4.317000000000001,136369.02,60029.766,0.9936,,0.0
2025-05-09,4.357000000000001,4.387000000000001,4.417000000000002,4.3370000000000015,191876.0,85374.247,0.9936579841449604,,0.0
2025-05-12,4.397000000000001,4.407000000000001,4.417000000000002,4.3370000000000015,168451.81,74861.229,0.993686583990981,,0.0
2025-05-13,4.437000000000001,4.377000000000002,4.447000000000001,4.367000000000001,116972.0,52142.452,0.9936435868331442,,0.0
2025-05-14,4.397000000000001,4.387000000000001,4.407000000000001,4.347000000000001,113160.9,50157.793,0.9936579841449604,,0.0
2025-05-15,4.387000000000001,4.397000000000001,4.417000000000002,4.367000000000001,110761.21,49414.319,0.9936723163841809,,0.0
2025-05-16,4.397000000000001,4.357000000000001,4.417000000000002,4.347000000000001,69323.0,30779.998,0.9936145952109464,,0.0
2025-05-19,4.367000000000001,4.437000000000001,4.437000000000001,4.347000000000001,134878.46,60332.408,0.9937290033594626,,0.0
2025-05-20,4.437000000000001,4.437000000000001,4.457000000000001,4.417000000000002,79365.0,35659.905,0.9937290033594626,,0.0
2025-05-21,4.437000000000001,4.437000000000001,4.467000000000001,4.427000000000001,76395.0,34461.871,0.9937290033594626,,0.0
2025-05-22,4.427000000000001,4.397000000000001,4.437000000000001,4.367000000000001,112453.0,50160.433,0.9936723163841809,,0.0
2025-05-23,4.387000000000001,4.307000000000001,4.387000000000001,4.2970000000000015,143937.83,63345.282,0.9935409457900808,,0.0
2025-05-26,4.327000000000001,4.437000000000001,4.457000000000001,4.317000000000001,184392.99,82329.946,0.9937290033594626,,0.0
2025-05-27,4.447000000000001,4.437000000000001,4.487000000000001,4.407000000000001,106561.48,47980.824,0.9937290033594626,,0.0
2025-05-28,4.437000000000001,4.417000000000002,4.447000000000001,4.387000000000001,94209.0,42215.501,0.9937007874015747,,0.0
2025-05-29,4.447000000000001,4.447000000000001,4.457000000000001,4.407000000000001,112326.56,50632.473,0.9937430167597766,,0.0
2025-05-30,4.897000000000001,4.897000000000001,4.897000000000001,4.897000000000001,295677.6,146656.09,0.9943147208121828,,0.0
2025-06-03,5.397000000000001,5.027000000000001,5.397000000000001,5.0070000000000014,1703176.72,889701.901,0.9944609297725026,,0.0
2025-06-04,4.917000000000002,4.777000000000001,4.937000000000001,4.707000000000001,855165.75,413923.562,0.9941727367325705,,0.0
2025-06-05,4.777000000000001,5.2570000000000014,5.2570000000000014,4.717000000000001,1120118.23,579396.167,0.994701986754967,,0.0
2025-06-06,5.207000000000001,4.987000000000001,5.207000000000001,4.987000000000001,1196246.19,613141.368,0.9944167497507478,,0.0
2025-06-09,4.937000000000001,4.937000000000001,5.037000000000001,4.897000000000001,770329.56,385706.925,0.9943605236656596,,0.0
2025-06-10,4.967000000000001,4.847000000000001,4.987000000000001,4.8370000000000015,633056.76,313654.712,0.9942564102564104,,0.0
2025-06-11,4.847000000000001,4.817000000000001,4.877000000000002,4.807000000000001,391416.01,191734.785,0.9942208462332304,,0.0
2025-06-12,4.787000000000001,4.717000000000001,4.7970000000000015,4.687000000000001,436604.53,209082.963,0.9940990516332984,,0.0
2025-06-13,4.717000000000001,4.627000000000002,4.7570000000000014,4.617000000000001,346507.35,163888.251,0.9939849624060152,,0.0
2025-06-16,4.597000000000001,4.617000000000001,4.637000000000001,4.557000000000001,266555.0,124256.032,0.9939720129171152,,0.0
2025-06-17,4.627000000000002,4.607000000000001,4.647000000000001,4.5870000000000015,209461.21,97909.156,0.9939590075512408,,0.0
2025-06-18,4.597000000000001,4.537000000000001,4.607000000000001,4.517000000000001,231223.2,106553.327,0.9938663745892664,,0.0
2025-06-19,4.527000000000001,4.467000000000001,4.5470000000000015,4.457000000000001,198088.03,90097.583,0.9937708565072304,,0.0
2025-06-20,4.457000000000001,4.497000000000001,4.5070000000000014,4.457000000000001,214124.01,97306.007,0.9938121546961328,,0.0
2025-06-23,4.457000000000001,4.517000000000001,4.527000000000001,4.437000000000001,188517.39,85785.971,0.993839383938394,,0.0
2025-06-24,4.537000000000001,4.577000000000001,4.577000000000001,4.517000000000001,242126.77,111827.149,0.9939196525515744,,0.0
2025-06-25,4.577000000000001,4.577000000000001,4.5870000000000015,4.5470000000000015,210705.77,97503.414,0.9939196525515744,,0.0
2025-06-26,4.567000000000001,4.527000000000001,4.577000000000001,4.517000000000001,211746.0,97637.747,0.9938529088913284,,0.0
2025-06-27,4.527000000000001,4.517000000000001,4.5470000000000015,4.5070000000000014,159957.0,73427.601,0.993839383938394,,0.0
2025-06-30,4.527000000000001,4.527000000000001,4.5470000000000015,4.5070000000000014,147507.01,67679.366,0.9938529088913284,,0.0
2025-07-01,4.527000000000001,4.577000000000001,4.607000000000001,4.5070000000000014,271551.64,125914.02,0.9939196525515744,,0.0
2025-07-02,4.577000000000001,4.577000000000001,4.5870000000000015,4.5470000000000015,193060.15,89414.375,0.9939196525515744,,0.0
2025-07-03,4.567000000000001,4.567000000000001,4.577000000000001,4.537000000000001,168418.0,77868.452,0.9939064200217628,,0.0
2025-07-04,4.567000000000001,4.577000000000001,4.627000000000002,4.567000000000001,253951.47,118357.621,0.9939196525515744,,0.0
2025-07-07,4.677000000000001,4.807000000000001,4.807000000000001,4.597000000000001,657444.41,314031.075,0.9942088934850052,,0.0
2025-07-08,4.817000000000001,4.767000000000001,4.8370000000000015,4.697000000000001,469208.04,225517.519,0.994160583941606,,0.0
2025-07-09,4.737000000000001,4.737000000000001,4.807000000000001,4.717000000000001,345530.02,166656.85,0.994123819517314,,0.0
2025-07-10,4.727000000000001,4.7570000000000014,4.787000000000001,4.717000000000001,233326.0,112279.426,0.994148380355277,,0.0
2025-07-11,4.7570000000000014,4.727000000000001,4.767000000000001,4.707000000000001,227933.09,109223.11,0.9941114616193482,,0.0
2025-07-14,4.737000000000001,4.747000000000001,4.7970000000000015,4.727000000000001,232145.04,112149.832,0.9941361256544504,,0.0
2025-07-15,4.737000000000001,4.657000000000001,4.747000000000001,4.617000000000001,278132.76,131344.601,0.9940234791889008,,0.0
2025-07-16,4.637000000000001,4.647000000000001,4.667000000000002,4.627000000000002,155992.48,73420.36,0.994010695187166,,0.0
2025-07-17,4.667000000000002,4.657000000000001,4.677000000000001,4.627000000000002,125131.49,58960.965,0.9940234791889008,,0.0
2025-07-18,4.657000000000001,4.657000000000001,4.667000000000002,4.627000000000002,138640.0,65349.714,0.9940234791889008,,0.0
2025-07-21,4.667000000000002,4.727000000000001,4.737000000000001,4.667000000000002,219065.84,104509.473,0.9941114616193482,,0.0
2025-07-22,4.717000000000001,4.7970000000000015,4.8370000000000015,4.687000000000001,387984.2,187402.339,0.99419689119171,,0.0
2025-07-23,4.7970000000000015,4.727000000000001,4.7970000000000015,4.717000000000001,267468.0,129155.895,0.9941114616193482,,0.0
2025-07-24,4.717000000000001,4.7570000000000014,4.7570000000000014,4.697000000000001,173633.0,83317.58,0.994148380355277,,0.0
2025-07-25,4.7570000000000014,4.717000000000001,4.767000000000001,4.707000000000001,159781.1,76654.23,0.9940990516332984,,0.0
2025-07-28,4.717000000000001,4.707000000000001,4.737000000000001,4.687000000000001,134568.38,64273.89,0.9940865892291448,,0.0
2025-07-29,4.697000000000001,4.687000000000001,4.707000000000001,4.637000000000001,144866.44,68480.761,0.9940615058324496,,0.0
2025-07-30,4.677000000000001,4.667000000000002,4.707000000000001,4.647000000000001,138818.38,65899.141,0.9940362087326944,,0.0
2025-07-31,4.657000000000001,4.557000000000001,4.667000000000002,4.537000000000001,211861.8,98546.355,0.9938931297709924,,0.0
2025-08-01,4.5470000000000015,4.567000000000001,4.577000000000001,4.5470000000000015,107959.8,49984.111,0.9939064200217628,,0.0
2025-08-04,4.557000000000001,4.577000000000001,4.5870000000000015,4.517000000000001,98220.0,45435.563,0.9939196525515744,,0.0
2025-08-05,4.577000000000001,4.597000000000001,4.607000000000001,4.577000000000001,96824.92,45104.309,0.993945945945946,,0.0
2025-08-06,4.607000000000001,4.657000000000001,4.657000000000001,4.577000000000001,132228.1,61940.741,0.9940234791889008,,0.0
2025-08-07,4.657000000000001,4.647000000000001,4.677000000000001,4.627000000000002,94385.39,44457.512,0.994010695187166,,0.0
2025-08-08,4.647000000000001,4.697000000000001,4.697000000000001,4.627000000000002,142275.49,67478.37,0.994074074074074,,0.0
2025-08-11,4.697000000000001,4.717000000000001,4.727000000000001,4.657000000000001,152773.41,72807.493,0.9940990516332984,,0.0
2025-08-12,4.717000000000001,4.697000000000001,4.727000000000001,4.687000000000001,103376.07,49203.674,0.994074074074074,,0.0
2025-08-13,4.717000000000001,4.687000000000001,4.727000000000001,4.687000000000001,127365.0,60631.432,0.9940615058324496,,0.0
2025-08-14,4.697000000000001,4.627000000000002,4.707000000000001,4.627000000000002,149468.0,70600.094,0.9939849624060152,,0.0
2025-08-15,4.627000000000002,4.637000000000001,4.677000000000001,4.617000000000001,148201.49,69678.077,0.9939978563772776,,0.0
2025-08-18,4.647000000000001,4.647000000000001,4.677000000000001,4.627000000000002,153356.2,72355.887,0.994010695187166,,0.0
2025-08-19,4.647000000000001,4.637000000000001,4.667000000000002,4.627000000000002,114214.0,53743.804,0.9939978563772776,,0.0
2025-08-20,4.637000000000001,4.697000000000001,4.697000000000001,4.617000000000001,148143.28,69890.664,0.994074074074074,,0.0
2025-08-21,4.697000000000001,4.717000000000001,4.737000000000001,4.687000000000001,160935.0,76872.949,0.9940990516332984,,0.0
2025-08-22,4.717000000000001,4.717000000000001,4.727000000000001,4.657000000000001,150112.0,71340.597,0.9940990516332984,,0.0
2025-08-25,4.727000000000001,4.7570000000000014,4.767000000000001,4.707000000000001,230869.82,111060.086,0.994148380355277,,0.0
2025-08-26,4.7570000000000014,4.737000000000001,4.777000000000001,4.737000000000001,180725.99,87202.775,0.994123819517314,,0.0
2025-08-27,4.737000000000001,4.657000000000001,4.767000000000001,4.657000000000001,196805.59,94181.261,0.9940234791889008,,0.0
2025-08-28,4.647000000000001,4.687000000000001,4.687000000000001,4.557000000000001,209132.0,98252.823,0.9940615058324496,,0.0
2025-08-29,4.667000000000002,4.667000000000002,4.717000000000001,4.657000000000001,159217.41,75577.497,0.9940362087326944,,0.0
2025-09-01,4.687000000000001,4.657000000000001,4.697000000000001,4.617000000000001,125645.01,59198.723,0.9940234791889008,,0.0
2025-09-02,4.647000000000001,4.727000000000001,4.727000000000001,4.627000000000002,259898.03,123573.455,0.9941114616193482,,0.0
2025-09-03,4.727000000000001,4.577000000000001,4.737000000000001,4.567000000000001,209230.5,98207.403,0.9939196525515744,,0.0
2025-09-04,4.5870000000000015,4.617000000000001,4.647000000000001,4.557000000000001,164438.0,76786.577,0.9939720129171152,,0.0
2025-09-05,4.607000000000001,4.727000000000001,4.727000000000001,4.5870000000000015,212071.11,100542.772,0.9941114616193482,,0.0
2025-09-08,4.737000000000001,4.777000000000001,4.807000000000001,4.727000000000001,257417.97,124549.647,0.9941727367325705,,0.0
2025-09-09,4.7970000000000015,4.787000000000001,4.807000000000001,4.7570000000000014,178806.97,86579.402,0.9941848390446524,,0.0
2025-09-10,4.787000000000001,4.7570000000000014,4.787000000000001,4.727000000000001,148139.95,71334.326,0.994148380355277,,0.0
2025-09-11,4.737000000000001,4.857000000000001,4.927000000000001,4.737000000000001,423566.51,206814.263,0.9942681678607984,,0.0
2025-09-12,4.857000000000001,4.807000000000001,4.867000000000001,4.787000000000001,260342.26,127235.75,0.9942088934850052,,0.0
2025-09-15,4.817000000000001,4.817000000000001,4.847000000000001,4.767000000000001,179098.33,87178.538,0.9942208462332304,,0.0
2025-09-16,4.807000000000001,4.7570000000000014,4.807000000000001,4.737000000000001,164447.0,79258.533,0.994148380355277,,0.0
2025-09-17,4.7570000000000014,4.807000000000001,4.827000000000001,4.727000000000001,199211.0,96314.616,0.9942088934850052,,0.0
2025-09-18,4.777000000000001,4.717000000000001,4.817000000000001,4.687000000000001,194473.39,93718.864,0.9940990516332984,,0.0
2025-09-19,4.707000000000001,4.677000000000001,4.727000000000001,4.647000000000001,148169.36,70226.726,0.9940488841657812,,0.0
2025-09-22,4.657000000000001,4.617000000000001,4.677000000000001,4.567000000000001,181146.0,84459.84,0.9939720129171152,,0.0
2025-09-23,4.597000000000001,4.607000000000001,4.637000000000001,4.5070000000000014,196915.0,91071.256,0.9939590075512408,,0.0
2025-09-24,4.5870000000000015,4.637000000000001,4.667000000000002,4.567000000000001,129118.74,60467.259,0.9939978563772776,,0.0
2025-09-25,4.647000000000001,4.627000000000002,4.667000000000002,4.597000000000001,112316.0,52607.968,0.9939849624060152,,0.0
2025-09-26,4.607000000000001,4.647000000000001,4.697000000000001,4.5870000000000015,166176.09,78484.908,0.994010695187166,,0.0
2025-09-29,4.647000000000001,4.747000000000001,4.787000000000001,4.617000000000001,281352.02,134409.377,0.9941361256544504,,0.0
2025-09-30,4.747000000000001,4.687000000000001,4.747000000000001,4.677000000000001,161793.0,77103.488,0.9940615058324496,,0.0
2025-10-09,4.687000000000001,4.787000000000001,4.787000000000001,4.677000000000001,242379.07,116874.852,0.9941848390446524,,0.0
2025-10-10,4.777000000000001,4.807000000000001,4.827000000000001,4.747000000000001,213841.18,103870.925,0.9942088934850052,,0.0
2025-10-13,4.697000000000001,4.817000000000001,4.8370000000000015,4.657000000000001,279964.82,135440.331,0.9942208462332304,,0.0
2025-10-14,4.827000000000001,4.7970000000000015,4.877000000000002,4.787000000000001,213605.0,104466.5,0.99419689119171,,0.0
2025-10-15,4.777000000000001,4.857000000000001,4.867000000000001,4.767000000000001,225752.66,110675.399,0.9942681678607984,,0.0
2025-10-16,4.867000000000001,4.827000000000001,4.877000000000002,4.807000000000001,168427.0,82409.409,0.9942327497425336,,0.0
2025-10-17,4.947000000000001,4.857000000000001,5.067000000000001,4.847000000000001,589499.66,294411.996,0.9942681678607984,,0.0
2025-10-20,4.967000000000001,4.897000000000001,4.997000000000001,4.847000000000001,416847.0,207191.146,0.9943147208121828,,0.0
2025-10-21,4.887000000000001,4.987000000000001,5.017000000000001,4.877000000000002,349487.0,175747.292,0.9944167497507478,,0.0
2025-10-22,4.987000000000001,4.907000000000001,5.0070000000000014,4.907000000000001,201781.99,100928.444,0.994326241134752,,0.0
2025-10-23,4.917000000000002,5.0070000000000014,5.017000000000001,4.867000000000001,303967.94,153109.636,0.994438927507448,,0.0
2025-10-24,5.037000000000001,4.927000000000001,5.037000000000001,4.917000000000002,227051.27,113776.773,0.9943491422805248,,0.0
2025-10-27,4.917000000000002,4.927000000000001,4.977000000000001,4.887000000000001,212876.0,106246.618,0.9943491422805248,,0.0
2025-10-28,4.927000000000001,4.887000000000001,4.937000000000001,4.847000000000001,198491.0,98310.892,0.9943031536113938,,0.0
2025-10-29,4.887000000000001,4.907000000000001,4.907000000000001,4.807000000000001,214227.0,105690.606,0.994326241134752,,0.0
2025-10-30,4.907000000000001,4.887000000000001,4.927000000000001,4.847000000000001,190837.31,94618.461,0.9943031536113938,,0.0
2025-10-31,4.887000000000001,4.867000000000001,4.917000000000002,4.827000000000001,181393.55,89156.208,0.9942798774259448,,0.0
2025-11-03,4.847000000000001,4.8370000000000015,4.867000000000001,4.7970000000000015,215947.0,105842.982,0.9942446043165468,,0.0
2025-11-04,4.827000000000001,4.827000000000001,4.867000000000001,4.7970000000000015,133161.0,65227.787,0.9942327497425336,,0.0
2025-11-05,4.7970000000000015,5.067000000000001,5.117000000000001,4.7970000000000015,496742.48,251481.887,0.99450441609421,,0.0
2025-11-06,5.0870000000000015,5.067000000000001,5.207000000000001,5.057000000000001,366157.39,189199.211,0.99450441609421,,0.0
2025-11-07,5.0870000000000015,5.077000000000001,5.117000000000001,5.057000000000001,229649.26,118128.287,0.994515181194907,,0.0
2025-11-10,5.077000000000001,5.0470000000000015,5.097000000000001,5.037000000000001,186307.0,95435.552,0.9944827586206896,,0.0
2025-11-11,5.077000000000001,5.167000000000002,5.187000000000001,5.0470000000000015,358524.48,186568.2,0.9946102021174208,,0.0
2025-11-12,5.207000000000001,5.107000000000001,5.227000000000001,5.0870000000000015,232884.14,121003.338,0.994547224926972,,0.0
2025-11-13,5.117000000000001,5.227000000000001,5.277000000000001,5.057000000000001,380398.12,199666.906,0.9946717411988584,,0.0
2025-11-14,5.237000000000001,5.197000000000001,5.277000000000001,5.157000000000001,269005.12,141852.708,0.9946411483253588,,0.0
2025-11-17,5.167000000000002,5.127000000000002,5.197000000000001,5.097000000000001,169023.74,87800.725,0.9945683802133852,,0.0
2025-11-18,5.117000000000001,5.067000000000001,5.137000000000001,5.057000000000001,170868.0,87939.669,0.99450441609421,,0.0
2025-11-19,5.057000000000001,5.037000000000001,5.097000000000001,5.0070000000000014,132700.74,67650.487,0.994471865745311,,0.0
2025-11-20,5.037000000000001,4.977000000000001,5.0470000000000015,4.967000000000001,139337.0,70519.421,0.9944055944055944,,0.0
2025-11-21,4.947000000000001,4.787000000000001,4.987000000000001,4.787000000000001,222016.09,109489.958,0.9941848390446524,,0.0
2025-11-24,4.8370000000000015,4.817000000000001,4.857000000000001,4.7970000000000015,142693.07,69734.951,0.9942208462332304,,0.0
2025-11-25,4.867000000000001,4.777000000000001,4.867000000000001,4.777000000000001,206125.48,100256.203,0.9941727367325705,,0.0
2025-11-26,4.787000000000001,4.7570000000000014,4.817000000000001,4.747000000000001,138168.28,66929.686,0.994148380355277,,0.0
2025-11-27,4.7570000000000014,4.737000000000001,4.7970000000000015,4.727000000000001,144575.0,69752.356,0.994123819517314,,0.0
2025-11-28,4.727000000000001,4.767000000000001,4.777000000000001,4.717000000000001,110752.0,53291.216,0.994160583941606,,0.0
2025-12-01,4.767000000000001,4.647000000000001,4.767000000000001,4.607000000000001,379426.48,179466.025,0.994010695187166,,0.0
2025-12-02,4.637000000000001,4.637000000000001,4.637000000000001,4.567000000000001,168313.23,78569.853,0.9939978563772776,,0.0
2025-12-03,4.627000000000002,4.627000000000002,4.667000000000002,4.607000000000001,152517.94,71645.132,0.9939849624060152,,0.0
2025-12-04,4.637000000000001,4.577000000000001,4.637000000000001,4.557000000000001,156331.31,72558.353,0.9939196525515744,,0.0
2025-12-05,4.567000000000001,4.627000000000002,4.627000000000002,4.5470000000000015,137956.0,64197.729,0.9939849624060152,,0.0
2025-12-08,4.627000000000002,4.567000000000001,4.637000000000001,4.5470000000000015,195728.0,90971.446,0.9939064200217628,,0.0
2025-12-09,4.557000000000001,4.537000000000001,4.5870000000000015,4.537000000000001,101754.55,46968.469,0.9938663745892664,,0.0
2025-12-10,4.537000000000001,4.557000000000001,4.5870000000000015,4.497000000000001,156069.56,71718.116,0.9938931297709924,,0.0
2025-12-11,4.567000000000001,4.567000000000001,4.597000000000001,4.5470000000000015,141477.77,65617.948,0.9939064200217628,,0.0
2025-12-12,4.567000000000001,4.627000000000002,4.637000000000001,4.557000000000001,232232.75,108392.637,0.9939849624060152,,0.0
2025-12-15,4.647000000000001,4.667000000000002,4.717000000000001,4.617000000000001,181267.25,85893.712,0.9940362087326944,,0.0
2025-12-16,4.677000000000001,4.577000000000001,4.687000000000001,4.567000000000001,140152.0,65223.17,0.9939196525515744,,0.0
2025-12-17,4.5870000000000015,4.597000000000001,4.597000000000001,4.5070000000000014,139750.09,64471.069,0.993945945945946,,0.0
2025-12-18,4.578,4.598,4.618,4.558,89006.56,41218.811,0.9954535613769214,,0.0
2025-12-19,4.578,4.628,4.638,4.578,112327.0,52364.588,0.99548289954829,,0.0
2025-12-22,4.628,4.638,4.648000000000001,4.608,102432.0,47882.058,0.995492594977463,,0.0
2025-12-23,4.648000000000001,4.628,4.678,4.608,99756.76,46646.507,0.99548289954829,,0.0
2025-12-24,4.628,4.668,4.678,4.608,121182.0,56880.376,0.9955214331413949,,0.0
2025-12-25,4.678,4.668,4.678,4.638,89184.0,41961.392,0.9955214331413949,,0.0
2025-12-26,4.668,4.678,4.698,4.648000000000001,146538.0,69147.67,0.995530964034901,,0.0
2025-12-29,4.678,4.618,4.678,4.598,145862.0,68097.594,0.9954731623194656,,0.0
2025-12-30,4.588,4.558,4.618,4.548,140324.0,64745.021,0.9954138458178642,,0.0
2025-12-31,4.558,4.538,4.5680000000000005,4.518,105822.1,48441.923,0.9953937266944506,,0.0
2026-01-05,4.558,4.598,4.608,4.538,149641.85,69224.834,0.9954535613769214,,0.0
2026-01-06,4.598,4.678,4.688000000000001,4.588,186137.89,87505.389,0.995530964034901,,0.0
2026-01-07,4.688000000000001,4.668,4.698,4.648000000000001,166837.58,78715.032,0.9955214331413949,,0.0
2026-01-08,4.668,4.708,4.738,4.638,173321.29,82300.056,0.995559314865722,,0.0
2026-01-09,4.708,4.708,4.738,4.668,156857.0,74443.822,0.995559314865722,,0.0
2026-01-12,4.718,4.758,4.768,4.698,204456.8,97803.81,0.9956057752667924,,0.0
2026-01-13,4.748,4.758,4.7780000000000005,4.708,199091.32,95221.224,0.9956057752667924,,0.0
2026-01-14,4.738,4.748,4.8180000000000005,4.688000000000001,263805.92,126775.752,0.9955965611239254,,0.0
2026-01-15,4.718,4.828,4.828,4.708,249134.55,120343.656,0.995669210146422,,0.0
2026-01-16,4.958,4.878,5.078,4.858,465041.32,230844.069,0.9957134109001836,,0.0
2026-01-19,4.858,5.078,5.108,4.838,565197.49,286286.736,0.995881545401059,,0.0
2026-01-20,5.118,5.588,5.588,5.108,943872.81,522102.407,0.9962560171153504,,0.0
2026-01-21,5.708,5.8180000000000005,6.138,5.588,2183090.55,1278032.421,0.9964034937489296,,0.0
2026-01-22,5.588,5.558,5.798,5.518,1263871.88,713890.318,0.9962358845671268,,0.0
2026-01-23,5.538,5.678,5.808,5.518,1122774.32,642716.226,0.9963151430075452,,0.0
2026-01-26,5.7780000000000005,5.888,6.038,5.718,1319010.6,778645.281,0.9964460991707564,,0.0
2026-01-27,5.738,5.758,5.788,5.548,914798.15,521142.435,0.996366153313722,,0.0
2026-01-28,5.758,5.958,6.098,5.638,1253281.64,748939.68,0.9964877069744104,,0.0
2026-01-29,5.958,6.048,6.158,5.828,1207280.13,732756.308,0.9965397923875432,,0.0
2026-01-30,5.958,6.178,6.408,5.688000000000001,1428451.82,863432.411,0.9966123568317472,,0.0
2026-02-02,6.268,6.718,6.798,6.268,2223842.68,1482461.399,0.9968838106543998,,0.0
2026-02-03,6.458,7.398,7.398,6.408,1958259.13,1379739.245,0.9971694298422968,,0.0
2026-02-04,7.458,7.558,7.948,7.178,3214717.4,2449994.143,0.9972291859084312,,0.0
2026-02-05,7.258,6.928,7.318,6.888,1851360.54,1308685.415,0.9969779824435172,,0.0
2026-02-06,6.848,7.168,7.458,6.578,1715349.42,1236275.684,0.997078870496592,,0.0
2026-02-09,7.168,7.0280000000000005,7.238,6.958,1518126.51,1078547.178,0.997020854021847,,0.0
2026-02-10,6.958,6.828,7.008,6.748,1035038.05,713235.807,0.996933858957512,,0.0
2026-02-11,6.758,6.578,6.788,6.578,1035555.6,693584.321,0.9968176996514624,,0.0
2026-02-12,6.7780000000000005,6.8180000000000005,6.958,6.658,1270124.75,871998.574,0.9969293756397134,,0.0
2026-02-13,6.658,6.478,6.678,6.458,893659.66,588166.78,0.996768733651331,,0.0
2026-02-24,6.708,7.128,7.128,6.698,768006.85,542935.301,0.9970625262274444,,0.0
2026-02-25,7.148000000000001,7.198,7.268,7.108,1704046.92,1232910.38,0.9970910098351572,,0.0
2026-02-26,7.258,7.428,7.528,7.258,1720541.02,1281974.991,0.9971808296415626,,0.0
2026-02-27,7.438,8.177999999999999,8.177999999999999,7.408,1960325.62,1555397.233,0.9974387120380532,,0.0
2026-03-02,8.357999999999999,8.287999999999998,8.907999999999998,8.177999999999999,3250545.48,2773790.524,0.9974726200505476,,0.0
2026-03-03,8.247999999999998,8.008,8.457999999999998,7.958,2196087.28,1809298.165,0.9973844812554488,,0.0
2026-03-04,7.698,8.357999999999999,8.537999999999998,7.658,2114054.12,1770219.286,0.9974937343358397,,0.0
2026-03-05,8.307999999999998,8.918,9.118,8.297999999999998,2502870.75,2191034.069,0.9976507439310884,,0.0
2026-03-06,8.758,8.668,8.937999999999999,8.357999999999999,1792666.54,1554301.08,0.9975831511105996,,0.0
2026-03-09,8.677999999999999,9.537999999999998,9.537999999999998,8.508,2363807.09,2163796.085,0.997803117480908,,0.0
2026-03-10,9.537999999999998,9.608,9.888,9.247999999999998,2504517.51,2390512.754,0.9978190881711496,,0.0
2026-03-11,9.398,10.048,10.448,9.118,2383919.62,2351990.804,0.9979143907041412,,0.0
2026-03-12,10.028,10.558,10.957999999999998,9.698,2359405.79,2403530.158,0.9980149352490782,,0.0
2026-03-13,10.457999999999998,9.928,10.957999999999998,9.818,2094628.19,2184440.113,0.9978892350990048,,0.0
2026-03-16,10.058,9.077999999999998,10.108,8.967999999999998,1875222.4,1754566.992,0.997692054071876,,0.0
2026-03-17,8.927999999999999,8.457999999999998,8.957999999999998,8.418,2004298.31,1733277.827,0.9975232928411368,,0.0
2026-03-18,8.557999999999998,8.447999999999999,8.627999999999998,8.267999999999999,1327529.99,1125882.406,0.9975203684024088,,0.0
2026-03-19,8.267999999999999,8.467999999999998,8.657999999999998,8.217999999999998,1253199.45,1070289.842,0.9975262103899164,,0.0
2026-03-20,8.477999999999998,8.607999999999999,8.937999999999999,8.397999999999998,1698843.6,1489188.292,0.997566346042415,,0.0
2026-03-23,8.527999999999999,9.318,9.338,8.407999999999998,2287804.89,2071127.952,0.9977513652425312,,0.0
2026-03-24,9.308,9.448,9.618,8.857999999999999,2176566.55,2010010.291,0.9977822367726265,,0.0
2026-03-25,9.438,9.298,9.588,9.098,1801860.23,1694508.321,0.997746539328254,,0.0
2026-03-26,9.157999999999998,8.557999999999998,9.157999999999998,8.487999999999998,1460902.78,1285883.54,0.9975521622566732,,0.0
2026-03-27,8.287999999999998,8.407999999999998,8.547999999999998,8.217999999999998,960772.22,808999.301,0.9975086012575632,,0.0
2026-03-30,8.317999999999998,7.848,8.317999999999998,7.658,1235153.71,973590.446,0.9973313000381244,,0.0
2026-03-31,7.828,7.458,7.878,7.438,1044820.95,799106.181,0.997192137986362,,0.0
2026-04-01,7.658,7.618,7.758,7.558,746461.87,573229.831,0.9972509490771044,,0.0
2026-04-02,7.658,7.438,7.738,7.378,640994.19,484456.033,0.9971846091969432,,0.0
2026-04-03,7.438,7.158,7.448,7.128,661709.18,480659.523,0.9970748015043878,,0.0
2026-04-07,7.158,7.198,7.258,7.118,434379.56,314065.726,0.9970910098351572,,0.0
2026-04-08,7.308,7.548,7.548,7.308,761387.92,571827.82,0.9972255251684504,,0.0
2026-04-09,7.458,7.408,7.468,7.308,461905.38,342958.098,0.9971732400053844,,0.0
2026-04-10,7.458,7.488,7.558,7.388,527995.21,398267.395,0.9972033559728326,,0.0
2026-04-13,7.408,7.588,7.608,7.378,531344.75,403742.023,0.997240110395584,,0.0
2026-04-14,7.648,7.608,7.748,7.508,553410.27,421850.836,0.9972473456547384,,0.0
2026-04-15,7.618,7.738,7.828,7.548,910479.79,706241.645,0.9972934656527904,,0.0
2026-04-16,7.658,7.788,7.938,7.558,846393.0,660305.596,0.997310795236266,,0.0
2026-04-17,7.768,7.898,8.157999999999998,7.748,985623.35,786180.994,0.9973481500189418,,0.0
2026-04-20,7.888,7.948,7.978,7.728,938067.96,742565.455,0.9973647885556532,,0.0
2026-04-21,7.958,7.987999999999999,8.067999999999998,7.688,1119737.57,887535.422,0.9973779498064678,,0.0
2026-04-22,8.017999999999999,8.407999999999998,8.418,7.878,1630572.99,1356658.648,0.9975086012575632,,0.0
2026-04-23,8.457999999999998,9.138,9.157999999999998,8.237999999999998,2200540.28,1926631.547,0.9977071732721912,,0.0
2026-04-24,8.957999999999998,8.338,8.957999999999998,8.338,1638718.59,1418536.352,0.9974877377676754,,0.0
2026-04-27,7.978,7.848,8.187999999999999,7.788,1214200.61,971666.569,0.9973313000381244,,0.0
2026-04-28,7.858,8.037999999999998,8.097999999999999,7.558,1154806.28,906475.891,0.997394217644869,,0.0
2026-04-29,7.828,7.728,7.888,7.638,938177.02,732303.071,0.997289972899729,,0.0
2026-04-30,7.708,7.358,7.708,7.338,906013.32,676694.336,0.9971540859195012,,0.0
2026-05-06,7.458,7.578,7.618,7.408,728463.64,552000.16,0.9972364784840112,,0.0
2026-05-07,7.578,7.688,7.698,7.538,786425.9,603613.749,0.9972759112725386,,0.0
2026-05-08,7.688,7.848,8.097999999999999,7.648,932904.28,736686.716,0.9973313000381244,,0.0
2026-05-11,7.888,7.868,8.147999999999998,7.848,997895.78,799857.18,0.997338065661047,,0.0
2026-05-12,7.798,7.828,7.948,7.568,873688.03,686600.919,0.9973244999362976,,0.0
2026-05-13,7.798,8.237999999999998,8.307999999999998,7.748,1554863.25,1276362.427,0.9974573192880491,,0.0
2026-05-14,8.237999999999998,7.678,8.237999999999998,7.678,1279284.06,1021810.005,0.9972723730354592,,0.0
2026-05-15,7.608,7.388,7.688,7.328,782601.12,585401.967,0.9971656093939804,,0.0
2026-05-18,7.388,7.338,7.438,7.268,434671.33,321387.485,0.9971463514064411,,0.0
2026-05-19,7.348,7.508,7.548,7.208,521909.88,390687.089,0.9972107849648028,,0.0
2026-05-20,7.508,7.208,7.508,7.158,540275.56,393175.708,0.9970950338912712,,0.0
2026-05-21,7.218,6.918,7.308,6.878,504316.96,359318.701,0.996973627323822,,0.0
2026-05-22,6.908,6.978,7.0280000000000005,6.828,336569.83,235143.997,0.9969995713673382,,0.0
2026-05-25,7.048,7.008,7.138,6.918,349773.86,246854.312,0.9970123772940674,,0.0
2026-05-26,6.938000000000001,6.858,6.958,6.728,470757.49,322375.027,0.996947230702137,,0.0
2026-05-27,6.768,6.898000000000001,7.058,6.758,516670.67,360485.456,0.9969648793178204,,0.0
2026-05-28,6.858,7.228,7.288,6.828,867054.79,625315.735,0.997103048696372,,0.0
2026-05-29,7.158,7.438,7.598,7.098,1008877.63,749645.52862,0.9971846091969432,,0.0
2026-06-01,7.488,7.438,7.568,7.0280000000000005,857523.7,627485.57103,0.9971846091969432,,0.0
2026-06-02,7.268,7.148000000000001,7.408,7.108,551900.93,398429.04635,0.9970707211605524,,0.0
2026-06-03,7.058,7.118,7.248,6.908,579260.81,410939.40846,0.9970584115422328,,0.0
2026-06-04,7.158,6.958,7.178,6.908,460449.07,324528.588,0.9969909729187564,,0.0
2026-06-05,6.878,6.678,6.998,6.668,529168.26,359075.793,0.9968652037617556,,0.0
2026-06-08,6.5680000000000005,6.348,6.618,6.288,464922.0,301055.403,0.9967027790861988,,0.0
2026-06-09,6.468,6.398000000000001,6.498,6.208,329052.08,209447.72128,0.9967284623773174,,0.0
2026-06-10,6.328,6.198,6.348,6.118,422116.46,263023.16559,0.9966232513265798,,0.0
2026-06-11,6.138,6.128,6.238,6.0680000000000005,317839.42,196592.88658,0.996584810538299,,0.0
2026-06-12,6.208,6.098,6.218,6.018,489593.72,301284.19456,0.9965680666775616,,0.0
2026-06-15,6.108,6.218,6.218,6.108,393524.32,244522.67828,0.9966340759737138,,0.0
2026-06-16,6.218,6.3180000000000005,6.398000000000001,6.148000000000001,405869.77,258136.26417,0.9966871746332228,,0.0
2026-06-17,6.328,6.178,6.418,6.128,377229.82,235946.22819,0.9966123568317472,,0.0
2026-06-18,6.168,6.048,6.218,5.998,398149.7,243568.92658,0.9965397923875432,,0.0
2026-06-22,6.0280000000000005,6.168,6.168,5.958,380936.49,232615.34979,0.9966068831798351,,0.0
2026-06-24,6.038,6.008,6.098,5.898000000000001,327476.13,197077.01632,0.996516835296069,,0.0
2026-06-25,5.998,5.928,6.038,5.898000000000001,317338.86,189824.29997,0.9964699949571356,,0.0
2026-06-26,5.928,5.788,6.058,5.7780000000000005,366489.86,217423.8943,0.9963849199517988,,0.0
2026-06-29,5.788,5.8180000000000005,5.858,5.688000000000001,293351.7,170959.9865,0.9964034937489296,,0.0
2026-06-30,5.788,5.7780000000000005,5.808,5.718,202616.56,117646.38875,0.9963786859803414,,0.0
2026-07-01,5.768,5.798,5.838,5.698,322434.0,187499.267,0.9963911324969926,,0.0
2026-07-03,5.648000000000001,5.748,5.798,5.638,318297.94,183707.42817,0.9963598543941756,,0.0
2026-07-06,5.748,5.648000000000001,5.838,5.638,287765.0,165642.908,0.9962956429705416,,0.0
2026-07-07,5.608,5.458,5.638,5.438000000000001,301286.38,166907.68071,0.9961671837926628,,0.0
2026-07-08,5.458,5.368,5.488,5.368,247083.84,134861.60264,0.9961031731304508,,0.0
2026-07-09,5.348,5.358,5.398000000000001,5.208,296778.0,158970.071,0.996095928611266,,0.0
2026-07-10,5.3180000000000005,5.468,5.578,5.3180000000000005,323143.32,178685.3068,0.996174166514848,,0.0
2026-07-14,5.218,5.288,5.298,5.168,236802.85,124998.4557,0.9960444528159728,,0.0
2026-07-15,5.2780000000000005,5.298,5.398000000000001,5.238,208000.0,111615.582,0.9960518894529048,,0.0
2026-07-16,5.3180000000000005,5.218,5.328,5.188000000000001,234737.0,124343.142,0.9959916014506586,,0.0
2026-07-17,5.198,5.098,5.308,5.088,420960.0,220726.73,0.9958976362570816,,0.0
2026-07-20,5.138,5.348,5.438000000000001,5.118,708857.32,380536.71183,0.9960886571056062,,0.0
2026-07-21,5.358,5.448,5.468,5.218,611507.41,330587.57261,0.9961601755348328,,0.0
2026-07-22,5.368,5.628,5.688000000000001,5.358,702638.71,394773.3454,0.9962825278810408,,0.0
2026-07-23,5.588,5.808,5.808,5.408,817257.18,465948.87576,0.9963973237261966,,0.0
2026-07-24,5.78,5.42,5.79,5.41,630908.69,349617.66046,1.0,,0.0
2026-07-27,5.38,5.52,5.53,5.33,421858.34,230113.1904,1.0,,0.0
2026-07-28,5.46,5.4,5.52,5.38,299687.09,162656.14371,1.0,,0.0
2026-07-29,5.36,5.52,5.54,5.3,373299.8,203406.98869,1.0,,0.0
2026-07-30,5.47,5.44,5.59,5.37,319425.57,174918.38198,1.0,,0.0
2026-07-31,5.43,5.55,5.57,5.43,317480.98,175562.20922,1.0,,0.0
2026-08-03,5.55,5.72,5.74,5.55,374114.44,212300.25448,1.0,,0.0
2026-08-04,5.76,5.72,5.79,5.68,283458.99,161993.84778,1.0,,0.0
2026-08-05,5.71,5.7,5.74,5.65,254158.99,144833.76533,1.0,,0.0
2026-08-06,5.7,5.6,5.72,5.56,262800.0,147634.713,1.0,,0.0
2026-08-07,5.62,5.6,5.63,5.51,196981.0,109443.088,1.0,,0.0
2026-08-10,5.63,5.66,5.74,5.58,267709.12,150824.81868,1.0,,0.0
2026-08-11,5.6,5.59,5.68,5.54,216307.0,121436.951,1.0,,0.0
2026-08-12,5.59,5.59,5.64,5.53,173801.74,96997.66215,1.0,0.4588,0.0
2026-08-13,5.6,5.62,5.7,5.59,355159.94,200407.60814,1.0,0.94,0.0
2026-08-14,5.61,5.44,5.64,5.38,420439.2,228578.90695,1.0,1.11,0.0
2026-08-17,5.44,5.45,5.46,5.38,198072.15,107307.97875,1.0,0.0,0.0
2026-08-18,5.46,5.36,5.47,5.33,192461.89,103422.71526,1.0,0.0,0.0
2026-08-19,5.32,5.16,5.37,5.13,248749.69,129585.08635,1.0,0.0,0.0
2026-08-20,5.17,5.18,5.21,5.14,166533.43,86195.95888,1.0,0.4396,0.4396
2026-08-21,5.16,5.21,5.22,5.11,136146.11,70463.6392,1.0,0.3594,0.3594
2026-08-24,5.26,5.73,5.73,5.25,826941.66,467651.80884,1.0,2.1831,2.1831
2026-08-25,5.9,5.69,6.13,5.67,1458399.41,854243.25129,1.0,3.8502,3.8502
2026-08-26,5.64,5.66,5.8,5.58,852017.12,484764.95848,1.0,2.2493,2.2493
2026-08-27,5.65,5.69,5.7,5.59,551684.07,311569.98916,1.0,1.4564,1.4564
2026-08-28,5.69,5.71,5.77,5.67,415192.18,237540.73496,1.0,1.0961,1.0961
2026-08-31,5.68,5.65,5.7,5.54,374409.0,209913.856,1.0,0.9884,0.9884
2026-09-01,5.66,5.77,5.84,5.63,505242.66,291770.43622,1.0,1.3338,1.3338
2026-09-02,5.73,5.78,5.8,5.67,367093.04,211216.8031,1.0,0.9691,0.9691
2026-09-03,5.77,5.77,5.84,5.74,321417.88,185961.55228,1.0,0.8485,0.8485
2026-09-04,5.76,5.64,5.8,5.61,442027.77,252551.82926,1.0,1.167,1.167
2026-09-07,5.64,5.64,5.68,5.56,264666.11,148640.53871,1.0,0.6987,0.6987
2026-09-08,5.6,5.69,5.69,5.6,233864.3,132303.4811,1.0,0.6174,0.6174
2026-09-09,5.68,5.73,5.74,5.6,290031.11,164722.99173,1.0,0.7657,0.7657
2026-09-10,5.7,5.8,5.82,5.62,525259.24,302507.3944,1.0,1.3867,1.3867
2026-09-11,5.8,5.98,6.03,5.6,995980.41,583689.47688,1.0,2.6294,2.6294
2026-09-14,6.0,5.92,6.39,5.91,1165026.54,709440.4142,1.0,3.0757,3.0757
2026-09-15,5.88,5.76,5.94,5.7,707819.56,410122.78091,1.0,1.8686,1.8686
2026-09-16,5.74,5.74,5.89,5.66,433430.42,248931.04818,1.0,1.1443,1.1443
2026-09-17,5.69,5.55,5.7,5.5,544945.22,303245.55874,1.0,1.4387,1.4387
2026-09-18,5.62,5.68,5.76,5.52,445158.98,252091.25459,1.0,1.1752,1.1752
2026-09-21,5.63,5.59,5.69,5.57,391468.38,219606.25322,1.0,1.0335,1.0335
2026-09-22,5.59,5.48,5.6,5.46,432997.89,238145.17004,1.0,1.1431,1.1431
