date,open,close,high,low,volume,money,factor,turnover,turnover_free
2021-05-10,30.58,30.82,30.87,29.76,21926.38,72826.08,0.916716240333135,,0.0
2021-05-11,30.66,31.39,31.48,30.43,27756.72,94193.29,0.9181047089792336,,0.0
2021-05-12,31.61,32.440000000000005,32.660000000000004,31.22,36410.7,127051.249,0.920544835414302,,0.0
2021-05-13,31.8,30.85,32.150000000000006,30.8,29306.08,100510.723,0.9167904903417532,,0.0
2021-05-14,30.73,30.89,31.23,30.5,17689.29,59593.884,0.9168892846542,,0.0
2021-05-17,30.5,29.42,30.81,28.79,29349.65,94515.737,0.9130974549968964,,0.0
2021-05-18,29.6,30.34,30.53,29.37,20528.73,67298.232,0.9155099577549788,,0.0
2021-05-19,30.34,30.4,30.65,29.75,15632.79,51746.074,0.9156626506024096,,0.0
2021-05-20,30.4,30.790000000000003,31.08,29.88,18745.38,62463.843,0.9166418576957428,,0.0
2021-05-21,30.76,30.82,31.11,30.38,16487.35,55419.945,0.916716240333135,,0.0
2021-05-24,30.82,31.31,31.7,30.82,23317.78,79544.567,0.917912635590736,,0.0
2021-05-25,31.56,31.31,31.78,30.09,27850.04,93784.323,0.917912635590736,,0.0
2021-05-26,31.040000000000003,31.47,31.76,31.01,21694.72,74278.25,0.9182958856142398,,0.0
2021-05-27,31.8,32.230000000000004,32.5,31.42,29687.4,103306.143,0.9200685127033972,,0.0
2021-05-28,31.92,31.35,32.0,31.08,23775.22,81439.836,0.91800878477306,,0.0
2021-05-31,31.1,31.790000000000003,31.85,31.02,17643.22,60693.681,0.919051749060422,,0.0
2021-06-01,31.7,31.790000000000003,32.03,31.41,15484.12,53579.64,0.919051749060422,,0.0
2021-06-02,31.5,32.83,34.39,30.800000000000004,44031.04,153883.256,0.9318762418393416,,0.0
2021-06-03,32.78,33.230000000000004,33.46,32.26,37955.02,134132.878,0.9326410328374966,,0.0
2021-06-04,33.36,34.4,35.4,33.0,60648.77,224053.365,0.9347826086956522,,0.0
2021-06-07,33.96,36.45,36.46,33.6,59089.85,223514.027,0.9382239382239382,,0.0
2021-06-08,35.65,36.22,36.45,35.120000000000005,42854.86,163656.704,0.937856033143449,,0.0
2021-06-09,35.72,33.99,36.07,33.6,40196.67,148605.246,0.9340478153338828,,0.0
2021-06-10,33.660000000000004,32.64,33.980000000000004,32.6,34539.92,122204.6,0.9315068493150686,,0.0
2021-06-11,32.660000000000004,31.26,32.95,31.1,30402.31,104886.479,0.928698752228164,,0.0
2021-06-15,30.93,30.85,31.57,30.29,18301.72,61140.703,0.9278195488721804,,0.0
2021-06-16,30.700000000000003,31.020000000000003,31.28,30.29,16511.31,54874.526,0.9281867145421904,,0.0
2021-06-17,30.93,30.9,31.47,30.61,16544.87,55324.032,0.927927927927928,,0.0
2021-06-18,30.700000000000003,29.53,30.700000000000003,29.110000000000003,27613.84,88373.664,0.9248355778264956,,0.0
2021-06-21,29.37,29.730000000000004,30.1,29.16,15093.22,48266.264,0.9253034547152196,,0.0
2021-06-22,29.61,30.03,30.08,29.5,13255.59,42799.268,0.9259944495837188,,0.0
2021-06-23,30.03,29.78,30.22,29.290000000000003,16383.55,52592.874,0.9254195152268492,,0.0
2021-06-24,29.78,29.1,29.86,29.1,13322.78,42227.033,0.923809523809524,,0.0
2021-06-25,29.09,29.43,29.55,28.8,10983.5,34766.423,0.9245994344957588,,0.0
2021-06-28,29.380000000000003,30.32,30.380000000000003,29.26,15910.84,51546.351,0.9266503667481664,,0.0
2021-06-29,30.520000000000003,29.75,30.53,29.68,9976.01,32172.891,0.9253499222395024,,0.0
2021-06-30,29.75,29.290000000000003,29.880000000000003,29.28,9468.7,30164.997,0.9242663300725782,,0.0
2021-07-01,29.4,28.96,29.5,28.9,9505.35,29985.453,0.923469387755102,,0.0
2021-07-02,28.98,27.71,29.08,27.49,15134.81,45849.847,0.920292261707074,,0.0
2021-07-05,27.65,27.65,27.9,27.520000000000003,7220.42,21704.888,0.9201331114808652,,0.0
2021-07-06,27.65,27.65,27.8,27.130000000000003,11445.91,34129.222,0.9201331114808652,,0.0
2021-07-07,27.55,28.15,28.450000000000003,27.540000000000003,10895.19,33190.801,0.921440261865794,,0.0
2021-07-08,28.130000000000003,27.57,28.130000000000003,27.53,8811.02,26513.917,0.91991991991992,,0.0
2021-07-09,27.5,27.76,27.9,27.22,5790.87,17419.256,0.920424403183024,,0.0
2021-07-12,27.83,28.020000000000003,28.39,27.83,8238.87,25122.247,0.921104536489152,,0.0
2021-07-13,28.0,28.110000000000003,28.200000000000003,27.41,9648.73,29090.114,0.92133726647001,,0.0
2021-07-14,28.1,27.76,28.380000000000003,27.68,8349.76,25393.585,0.920424403183024,,0.0
2021-07-15,27.62,26.82,27.950000000000003,26.770000000000003,11297.62,33348.962,0.917864476386037,,0.0
2021-07-16,26.8,26.44,26.950000000000003,26.4,8584.47,24900.98,0.9167822468793344,,0.0
2021-07-19,26.35,25.85,26.520000000000003,25.75,7703.39,21861.807,0.9150442477876106,,0.0
2021-07-20,25.8,26.18,26.19,25.65,4863.0,13827.105,0.9160251924422672,,0.0
2021-07-21,26.03,26.55,26.78,26.03,7118.0,20575.773,0.917098445595855,,0.0
2021-07-22,26.26,26.53,26.8,26.26,6725.24,19449.851,0.9170411337711718,,0.0
2021-07-23,26.700000000000003,25.74,26.700000000000003,25.73,7624.99,21682.379,0.9147121535181236,,0.0
2021-07-26,25.84,25.0,25.84,24.62,10072.01,27597.327,0.9124087591240876,,0.0
2021-07-27,25.0,25.020000000000003,25.75,24.82,7583.22,20982.869,0.9124726477024072,,0.0
2021-07-28,25.0,23.82,25.130000000000003,23.380000000000003,7401.0,19614.348,0.908466819221968,,0.0
2021-07-29,24.22,24.16,24.47,23.9,5883.73,15691.44,0.9096385542168676,,0.0
2021-07-30,24.16,24.35,24.47,23.790000000000003,7008.53,18587.328,0.9102803738317756,,0.0
2021-08-02,24.28,25.33,25.48,23.9,10050.76,27347.121,0.9134511359538406,,0.0
2021-08-03,25.28,25.270000000000003,25.74,25.130000000000003,8213.0,22859.608,0.913263462233466,,0.0
2021-08-04,25.22,25.43,25.49,25.12,5493.34,15242.721,0.9137621272008624,,0.0
2021-08-05,25.12,25.25,25.520000000000003,25.07,4529.76,12525.727,0.9132007233273056,,0.0
2021-08-06,25.25,24.76,25.4,24.380000000000003,6605.15,17886.082,0.9116347569955818,,0.0
2021-08-09,25.66,27.48,27.48,25.6,16896.64,49311.855,0.9196787148594378,,0.0
2021-08-10,28.270000000000003,27.62,28.56,27.290000000000003,33532.86,101659.917,0.9200532978014656,,0.0
2021-08-11,27.450000000000003,27.12,27.48,26.91,19618.63,57943.942,0.91869918699187,,0.0
2021-08-12,26.950000000000003,27.53,28.16,26.84,18204.59,54669.478,0.9198128967591046,,0.0
2021-08-13,27.520000000000003,26.9,27.520000000000003,26.9,10253.75,30246.383,0.9180887372013652,,0.0
2021-08-16,27.290000000000003,28.0,28.9,26.93,22256.13,67939.89,0.9210526315789476,,0.0
2021-08-17,27.8,27.08,28.58,27.0,15303.15,46014.655,0.9185888738127544,,0.0
2021-08-18,26.91,28.46,28.49,26.860000000000003,21619.18,65563.139,0.9222294232015554,,0.0
2021-08-19,28.41,28.09,28.41,27.82,13666.69,41602.848,0.921285667431945,,0.0
2021-08-20,28.09,27.24,28.09,26.91,10066.28,29840.279,0.9190283400809716,,0.0
2021-08-23,27.380000000000003,28.67,28.98,27.380000000000003,23380.08,72019.344,0.922755069198584,,0.0
2021-08-24,28.87,28.380000000000003,30.200000000000003,28.16,25612.72,80125.438,0.9220272904483432,,0.0
2021-08-25,27.21,27.18,27.72,26.610000000000003,21536.49,63506.475,0.9188640973630832,,0.0
2021-08-26,27.19,25.83,27.33,25.83,19100.93,54769.044,0.9149840595111584,,0.0
2021-08-27,25.85,25.96,26.34,25.5,9449.86,26792.887,0.9153737658674188,,0.0
2021-08-30,26.14,25.770000000000003,26.78,25.6,8696.86,24801.283,0.9148029818956336,,0.0
2021-08-31,25.770000000000003,25.290000000000003,26.34,25.110000000000003,7774.92,21558.46,0.9133261105092092,,0.0
2021-09-01,25.290000000000003,25.68,25.91,24.75,8645.2,23901.319,0.9145299145299146,,0.0
2021-09-02,25.540000000000003,25.85,25.89,25.4,6257.13,17522.873,0.9150442477876106,,0.0
2021-09-03,26.1,26.450000000000003,26.700000000000003,25.92,10048.32,28938.714,0.9168110918544194,,0.0
2021-09-06,26.39,26.46,26.72,26.24,7204.88,20757.3,0.9168399168399168,,0.0
2021-09-07,26.520000000000003,26.33,26.55,26.14,6502.88,18656.757,0.9164636268708668,,0.0
2021-09-08,26.34,26.33,26.59,26.14,5692.0,16327.394,0.9164636268708668,,0.0
2021-09-09,26.3,27.41,28.08,25.89,22867.75,67401.052,0.9194901039919492,,0.0
2021-09-10,27.41,27.07,27.41,26.860000000000003,12339.55,36360.964,0.9185612487275197,,0.0
2021-09-13,27.07,26.6,27.07,26.43,6302.79,18278.603,0.9172413793103448,,0.0
2021-09-14,26.55,26.19,26.860000000000003,26.03,6402.86,18492.75,0.9160545645330536,,0.0
2021-09-15,26.19,26.110000000000003,26.540000000000003,26.01,4313.0,12329.273,0.9158190108733778,,0.0
2021-09-16,26.110000000000003,25.56,26.34,25.520000000000003,5252.77,14887.519,0.9141630901287554,,0.0
2021-09-17,25.51,25.53,25.78,25.05,5330.53,14790.62,0.9140708915145006,,0.0
2021-09-22,25.360000000000003,25.9,26.05,25.1,3655.0,10254.159,0.9151943462897528,,0.0
2021-09-23,25.9,25.700000000000003,26.25,25.67,3663.0,10333.917,0.9145907473309608,,0.0
2021-09-24,25.700000000000003,25.0,25.73,25.0,4511.0,12475.42,0.9124087591240876,,0.0
2021-09-27,25.01,24.21,25.37,24.07,5767.98,15554.401,0.9098083427282976,,0.0
2021-09-28,24.15,24.200000000000003,24.450000000000003,24.05,2989.9,7966.467,0.9097744360902256,,0.0
2021-09-29,24.12,23.450000000000003,24.25,23.44,4271.9,11185.141,0.90715667311412,,0.0
2021-09-30,23.48,23.85,23.97,23.47,2193.8,5752.946,0.9085714285714286,,0.0
2021-10-08,24.26,24.380000000000003,24.55,22.6,3191.86,8489.706,0.9103808812546678,,0.0
2021-10-11,24.42,24.380000000000003,24.540000000000003,24.1,2433.86,6492.381,0.9103808812546678,,0.0
2021-10-12,24.53,24.53,24.67,24.28,3447.94,9254.018,0.9108800594132938,,0.0
2021-10-13,24.53,25.15,25.200000000000003,24.46,4636.92,12665.794,0.912885662431942,,0.0
2021-10-14,25.0,25.01,25.19,24.73,3149.0,8612.848,0.9124407150674936,,0.0
2021-10-15,24.85,24.4,25.1,24.4,3265.98,8822.02,0.91044776119403,,0.0
2021-10-18,24.39,24.05,24.39,23.93,2853.94,7544.388,0.9092627599243857,,0.0
2021-10-19,24.06,24.15,24.450000000000003,24.0,2074.01,5522.606,0.9096045197740114,,0.0
2021-10-20,24.4,24.290000000000003,24.8,23.62,3452.79,9232.165,0.9100786811539904,,0.0
2021-10-21,24.270000000000003,23.8,24.270000000000003,23.73,2709.0,7140.173,0.9083969465648856,,0.0
2021-10-22,23.8,23.6,24.05,23.6,2186.0,5729.4,0.9076923076923078,,0.0
2021-10-25,23.75,23.74,23.85,23.42,2112.0,5507.932,0.9081866870696252,,0.0
2021-10-26,23.74,23.520000000000003,23.84,23.270000000000003,3762.0,9744.479,0.9074074074074074,,0.0
2021-10-27,23.35,23.01,23.64,22.9,3176.0,8112.042,0.9055489964580874,,0.0
2021-10-28,23.0,22.25,23.19,22.12,4312.43,10778.344,0.9026369168356998,,0.0
2021-10-29,22.24,22.37,22.630000000000003,22.01,2347.98,5821.803,0.9031085991118288,,0.0
2021-11-01,22.37,22.89,23.0,22.290000000000003,2574.9,6483.665,0.9051008303677344,,0.0
2021-11-02,22.96,22.39,23.34,22.25,3100.0,7733.98,0.9031867688584106,,0.0
2021-11-03,22.4,22.6,22.75,22.37,2059.0,5136.125,0.904,,0.0
2021-11-04,22.6,22.97,23.05,22.6,3081.0,7789.803,0.9054000788332676,,0.0
2021-11-05,23.1,23.200000000000003,23.4,23.0,3052.0,7815.692,0.90625,,0.0
2021-11-08,23.18,23.09,23.19,22.97,1884.0,4799.634,0.9058454295802276,,0.0
2021-11-09,23.1,23.49,23.770000000000003,22.99,3315.04,8561.023,0.9073001158748552,,0.0
2021-11-10,23.48,23.82,23.99,23.290000000000003,4344.44,11358.638,0.908466819221968,,0.0
2021-11-11,23.97,24.03,24.1,23.6,5249.67,13816.207,0.9091940976163452,,0.0
2021-11-12,24.290000000000003,24.380000000000003,24.43,23.73,6973.77,18475.901,0.9103808812546678,,0.0
2021-11-15,24.3,24.950000000000003,25.07,24.200000000000003,7583.66,20615.84,0.9122486288848264,,0.0
2021-11-16,25.12,24.610000000000003,25.12,24.35,6438.66,17373.354,0.911144020733062,,0.0
2021-11-17,24.59,25.08,25.1,24.57,6370.76,17402.938,0.9126637554585152,,0.0
2021-11-18,25.05,25.56,25.58,24.42,10519.51,28843.864,0.9141630901287554,,0.0
2021-11-19,25.31,25.35,25.540000000000003,24.67,7620.73,21000.461,0.9135135135135136,,0.0
2021-11-22,25.28,25.520000000000003,25.75,25.130000000000003,6701.88,18680.272,0.9140401146131806,,0.0
2021-11-23,25.25,25.57,25.65,25.22,5640.28,15717.075,0.9141937790489812,,0.0
2021-11-24,25.57,25.89,26.0,25.57,8051.38,22712.25,0.9151643690349948,,0.0
2021-11-25,25.75,25.94,26.020000000000003,25.65,5606.87,15816.888,0.9153140437544108,,0.0
2021-11-26,25.72,25.790000000000003,26.01,25.41,5208.86,14639.741,0.9148634267470734,,0.0
2021-11-29,25.41,25.700000000000003,25.8,25.12,5285.58,14784.293,0.9145907473309608,,0.0
2021-11-30,25.75,25.91,26.520000000000003,25.72,8328.02,23793.9,0.915224302366655,,0.0
2021-12-01,26.23,26.59,27.17,26.0,17502.0,50968.872,0.9172128320110384,,0.0
2021-12-02,26.59,27.85,29.08,26.43,46433.64,140017.123,0.9206611570247936,,0.0
2021-12-03,27.6,26.15,27.68,26.0,28849.93,83514.871,0.915936952714536,,0.0
2021-12-06,26.01,24.93,26.07,24.9,17102.95,47365.011,0.9121844127332602,,0.0
2021-12-07,24.82,25.040000000000003,25.450000000000003,24.5,8779.87,23950.253,0.912536443148688,,0.0
2021-12-08,25.23,25.040000000000003,25.33,24.76,8826.0,24199.717,0.912536443148688,,0.0
2021-12-09,25.040000000000003,24.85,25.18,24.610000000000003,6555.58,17921.207,0.9119266055045872,,0.0
2021-12-10,24.75,25.33,25.57,24.700000000000003,9840.03,27218.843,0.9134511359538406,,0.0
2021-12-13,25.49,25.15,25.55,24.91,7376.0,20267.647,0.912885662431942,,0.0
2021-12-14,25.15,25.16,25.25,24.91,6011.01,16529.307,0.9129172714078376,,0.0
2021-12-15,25.200000000000003,26.26,26.47,25.19,17492.6,49709.271,0.9162595952547103,,0.0
2021-12-16,26.23,25.89,26.28,25.83,8107.91,22978.653,0.9151643690349948,,0.0
2021-12-17,25.91,25.44,26.1,25.360000000000003,7182.0,20058.229,0.913793103448276,,0.0
2021-12-20,25.42,25.56,25.64,25.21,5626.52,15647.163,0.9141630901287554,,0.0
2021-12-21,26.69,25.96,26.700000000000003,25.78,10024.19,28575.759,0.9153737658674188,,0.0
2021-12-22,25.85,25.790000000000003,26.22,25.69,6366.0,17951.97,0.9148634267470734,,0.0
2021-12-23,25.790000000000003,25.93,26.28,25.65,6932.0,19677.939,0.9152841510765972,,0.0
2021-12-24,25.950000000000003,24.8,25.950000000000003,24.78,9105.06,25077.719,0.911764705882353,,0.0
2021-12-27,24.81,24.85,25.09,24.69,4288.02,11700.652,0.9119266055045872,,0.0
2021-12-28,25.0,24.950000000000003,25.12,24.76,3198.0,8739.341,0.9122486288848264,,0.0
2021-12-29,24.950000000000003,24.950000000000003,25.08,24.65,3582.0,9752.394,0.9122486288848264,,0.0
2021-12-30,24.950000000000003,25.020000000000003,25.16,24.950000000000003,3286.86,9030.51,0.9124726477024072,,0.0
2021-12-31,25.020000000000003,25.15,25.28,24.98,3686.91,10147.525,0.912885662431942,,0.0
2022-01-04,25.15,25.68,25.89,25.08,6808.9,19084.223,0.9145299145299146,,0.0
2022-01-05,25.700000000000003,26.23,26.3,25.4,11876.87,33525.729,0.91617184771219,,0.0
2022-01-06,25.8,25.97,26.1,25.770000000000003,7985.01,22628.765,0.9154035953471978,,0.0
2022-01-07,26.07,26.380000000000003,27.360000000000003,25.74,19237.81,55696.009,0.9166087560806117,,0.0
2022-01-10,26.200000000000003,26.55,26.6,25.6,10314.66,29606.098,0.917098445595855,,0.0
2022-01-11,26.4,26.03,26.68,25.880000000000003,7797.0,22310.432,0.9155821315511784,,0.0
2022-01-12,26.1,26.41,27.08,25.92,15183.92,44147.408,0.9166955918084,,0.0
2022-01-13,26.57,26.880000000000003,27.3,26.46,12170.0,35676.061,0.918032786885246,,0.0
2022-01-14,26.87,26.47,27.09,26.33,10115.04,29368.439,0.9168687218565986,,0.0
2022-01-17,26.42,26.76,26.91,26.200000000000003,7233.9,21040.792,0.9176954732510288,,0.0
2022-01-18,26.89,25.860000000000003,26.89,25.75,9229.66,26304.293,0.9150743099787686,,0.0
2022-01-19,25.99,26.290000000000003,26.78,25.85,8503.86,24498.409,0.9163471592889508,,0.0
2022-01-20,26.28,25.200000000000003,26.47,25.12,11101.0,31053.772,0.9130434782608696,,0.0
2022-01-21,25.55,25.3,25.58,24.97,5461.0,15120.752,0.9133574007220218,,0.0
2022-01-24,25.290000000000003,25.41,25.520000000000003,25.1,2564.01,7113.023,0.9137001078748652,,0.0
2022-01-25,26.610000000000003,24.28,26.69,24.17,9189.72,25247.19,0.9100449775112444,,0.0
2022-01-26,24.12,24.23,24.610000000000003,23.91,5057.65,13446.289,0.909876079609463,,0.0
2022-01-27,25.21,23.3,25.21,23.3,6303.0,16551.337,0.906614785992218,,0.0
2022-01-28,23.32,23.770000000000003,23.96,23.200000000000003,4090.0,10621.201,0.908291937332824,,0.0
2022-02-07,24.200000000000003,24.23,24.58,23.78,4089.0,10901.809,0.909876079609463,,0.0
2022-02-08,24.23,24.75,24.78,23.94,3476.0,9359.209,0.9116022099447514,,0.0
2022-02-09,24.62,24.78,25.040000000000003,24.51,3959.86,10758.69,0.9116997792494482,,0.0
2022-02-10,24.75,24.5,24.8,24.270000000000003,4910.0,13184.017,0.9107806691449816,,0.0
2022-02-11,24.5,23.97,24.5,23.82,3700.86,9777.491,0.9089874857792948,,0.0
2022-02-14,23.96,24.110000000000003,24.26,23.65,2782.0,7360.163,0.90946812523576,,0.0
2022-02-15,24.200000000000003,24.12,24.4,23.81,3042.0,8050.809,0.909502262443439,,0.0
2022-02-16,24.18,24.53,24.68,24.130000000000003,3913.59,10505.321,0.9108800594132938,,0.0
2022-02-17,24.540000000000003,24.72,24.74,24.18,4741.0,12776.858,0.9115044247787611,,0.0
2022-02-18,24.700000000000003,24.51,24.700000000000003,24.09,3422.01,9164.803,0.910813823857302,,0.0
2022-02-21,24.6,24.74,24.81,24.4,4271.0,11545.678,0.9115696389093588,,0.0
2022-02-22,24.65,24.42,24.76,24.05,4023.0,10779.674,0.9105145413870248,,0.0
2022-02-23,26.020000000000003,24.92,26.55,24.8,13300.0,36953.755,0.9121522693997072,,0.0
2022-02-24,24.75,23.860000000000003,25.16,23.47,11750.0,31361.583,0.9086062452399086,,0.0
2022-02-25,24.020000000000003,23.91,24.48,23.880000000000003,6147.0,16302.65,0.9087799315849489,,0.0
2022-02-28,23.91,24.17,24.35,23.41,5557.86,14587.12,0.9096725630410236,,0.0
2022-03-01,24.15,24.25,24.46,23.950000000000003,3415.86,9082.443,0.9099437148217636,,0.0
2022-03-02,24.24,24.21,24.380000000000003,24.05,3858.0,10243.939,0.9098083427282976,,0.0
2022-03-03,25.110000000000003,24.21,25.110000000000003,23.99,5527.0,14787.209,0.9098083427282976,,0.0
2022-03-04,24.24,23.9,24.24,23.770000000000003,3787.0,9972.852,0.9087452471482892,,0.0
2022-03-07,23.8,23.69,23.9,23.39,4044.01,10486.538,0.9080107320812572,,0.0
2022-03-08,23.66,23.1,23.71,23.01,4831.0,12431.27,0.9058823529411764,,0.0
2022-03-09,23.4,22.19,23.4,20.55,8113.86,20032.884,0.9023993493289956,,0.0
2022-03-10,22.72,22.65,23.42,22.31,7282.0,18423.224,0.9041916167664672,,0.0
2022-03-11,22.4,22.91,23.09,21.950000000000003,4546.9,11318.557,0.9051758198340576,,0.0
2022-03-14,22.9,22.43,23.1,22.42,2468.9,6189.599,0.9033427305678616,,0.0
2022-03-15,22.4,21.110000000000003,22.43,20.950000000000003,6547.9,15692.637,0.8979157805189282,,0.0
2022-03-16,21.49,21.74,21.8,20.85,4521.0,10740.216,0.9005799502899752,,0.0
2022-03-17,22.17,21.9,22.4,21.8,4122.0,10104.412,0.9012345679012348,,0.0
2022-03-18,21.99,22.23,22.37,21.4,3779.0,9280.623,0.902557856272838,,0.0
2022-03-21,22.3,22.6,22.75,22.25,3525.0,8795.762,0.904,,0.0
2022-03-22,22.6,22.72,22.880000000000003,22.35,4252.39,10618.488,0.9044585987261148,,0.0
2022-03-23,22.72,22.53,22.860000000000003,22.43,2804.02,7009.027,0.9037304452466908,,0.0
2022-03-24,22.6,22.12,22.69,22.07,3126.0,7695.759,0.902120717781403,,0.0
2022-03-25,22.07,22.25,22.43,21.85,3850.0,9504.958,0.9026369168356998,,0.0
2022-03-28,22.360000000000003,22.0,22.360000000000003,21.6,2994.0,7289.02,0.9016393442622952,,0.0
2022-03-29,22.290000000000003,21.6,22.290000000000003,21.5,3490.0,8448.345,0.9,,0.0
2022-03-30,21.84,21.68,21.84,21.51,3234.0,7791.071,0.9003322259136213,,0.0
2022-03-31,21.610000000000003,22.05,22.15,21.610000000000003,4784.01,11661.42,0.901840490797546,,0.0
2022-04-01,22.03,21.97,22.07,21.630000000000003,3768.0,9164.841,0.9015182601559296,,0.0
2022-04-06,21.82,22.33,22.68,21.81,3910.01,9682.27,0.9029518803073192,,0.0
2022-04-07,22.33,21.91,22.65,21.9,2947.0,7217.83,0.9012751953928424,,0.0
2022-04-08,21.91,21.48,22.21,21.34,3584.0,8585.74,0.8994974874371859,,0.0
2022-04-11,21.49,21.19,21.58,20.66,3527.0,8324.748,0.8982619754133108,,0.0
2022-04-12,21.200000000000003,21.32,21.37,20.610000000000003,3139.0,7366.564,0.8988195615514335,,0.0
2022-04-13,21.28,20.92,21.28,20.520000000000003,3082.0,7162.794,0.8970840480274443,,0.0
2022-04-14,20.92,20.94,21.37,20.700000000000003,2965.0,6966.815,0.8971722365038561,,0.0
2022-04-15,20.99,20.6,21.03,20.24,3663.0,8417.504,0.8956521739130435,,0.0
2022-04-18,20.110000000000003,20.5,20.700000000000003,20.110000000000003,3703.86,8443.581,0.8951965065502184,,0.0
2022-04-19,20.58,20.8,21.1,20.43,3328.88,7728.817,0.896551724137931,,0.0
2022-04-20,21.16,20.72,21.17,20.5,2703.0,6271.98,0.8961937716262977,,0.0
2022-04-21,20.72,19.93,20.770000000000003,19.8,2888.01,6537.237,0.8925212718316167,,0.0
2022-04-22,20.110000000000003,20.25,20.380000000000003,19.610000000000003,2771.14,6219.366,0.8940397350993378,,0.0
2022-04-25,20.25,18.35,20.48,18.23,5646.9,12194.584,0.8843373493975905,,0.0
2022-04-26,18.35,17.16,18.6,17.03,5017.61,10178.074,0.8773006134969326,,0.0
2022-04-27,17.16,18.55,19.1,17.16,10448.9,21693.262,0.8854415274463008,,0.0
2022-04-28,18.44,18.01,19.09,17.89,8887.01,18405.342,0.8824105830475258,,0.0
2022-04-29,18.68,18.71,18.82,18.1,5823.0,12203.648,0.8863098057792516,,0.0
2022-05-05,18.880000000000003,19.59,19.87,18.42,7212.0,15641.956,0.8908594815825376,,0.0
2022-05-06,19.1,19.020000000000003,19.37,18.85,4063.77,8724.938,0.8879551820728292,,0.0
2022-05-09,19.020000000000003,19.53,19.700000000000003,18.880000000000003,4670.01,10232.644,0.890560875512996,,0.0
2022-05-10,19.110000000000003,20.200000000000003,20.4,19.110000000000003,6221.97,13935.215,0.8938053097345133,,0.0
2022-05-11,20.200000000000003,19.91,20.48,19.82,5165.58,11702.218,0.8924249215598387,,0.0
2022-05-12,20.09,20.200000000000003,20.35,19.8,3144.0,7090.885,0.8938053097345133,,0.0
2022-05-13,20.26,20.5,20.55,20.18,3340.0,7616.024,0.8951965065502184,,0.0
2022-05-16,20.69,20.42,20.950000000000003,20.3,4663.0,10758.796,0.8948290972830851,,0.0
2022-05-17,20.380000000000003,20.630000000000003,21.040000000000003,20.12,4288.0,9827.486,0.8957881024750326,,0.0
2022-05-18,20.8,20.83,21.380000000000003,20.06,5817.01,13580.924,0.8966853207059837,,0.0
2022-05-19,20.83,20.98,21.03,20.55,4365.09,10169.211,0.8973481608212148,,0.0
2022-05-20,21.19,21.49,21.5,20.93,5160.0,12239.273,0.899539556299707,,0.0
2022-05-23,21.72,21.6,21.76,21.15,4133.0,9867.422,0.9,,0.0
2022-05-24,22.05,20.75,22.43,20.75,7120.01,17025.337,0.8963282937365011,,0.0
2022-05-25,20.610000000000003,21.65,22.15,20.5,7868.09,18759.773,0.9002079002079003,,0.0
2022-05-26,21.68,21.53,21.98,21.200000000000003,4362.0,10427.904,0.8997074801504389,,0.0
2022-05-27,21.520000000000003,21.59,21.99,21.32,4870.0,11713.542,0.8999583159649854,,0.0
2022-05-30,21.6,21.75,21.880000000000003,21.16,4333.65,10436.219,0.9006211180124224,,0.0
2022-05-31,21.66,21.72,21.85,21.270000000000003,4052.0,9729.042,0.900497512437811,,0.0
2022-06-01,21.86,22.57,22.8,21.75,8225.32,20089.042,0.9185999185999186,,0.0
2022-06-02,22.58,23.36,23.43,22.25,9098.65,22728.072,0.9211356466876972,,0.0
2022-06-06,23.3,23.54,23.86,23.18,7457.01,19100.451,0.9216914643696162,,0.0
2022-06-07,23.7,23.39,23.85,23.23,7085.72,18080.838,0.9212288302481292,,0.0
2022-06-08,23.26,23.31,23.53,22.54,6961.0,17448.58,0.9209798498617148,,0.0
2022-06-09,23.46,22.58,23.6,22.5,6319.0,15692.099,0.9186330349877948,,0.0
2022-06-10,22.85,23.13,23.42,22.25,4306.0,10793.33,0.9204138479904496,,0.0
2022-06-13,22.85,23.69,23.98,22.6,7551.76,19401.349,0.922148695990658,,0.0
2022-06-14,23.67,23.92,23.93,23.27,7130.01,18255.641,0.9228395061728396,,0.0
2022-06-15,24.15,23.6,24.15,23.6,6297.0,16235.4,0.921875,,0.0
2022-06-16,23.87,23.51,23.87,23.31,5771.0,14803.559,0.9215993727949824,,0.0
2022-06-17,23.73,23.77,23.8,23.16,4856.53,12428.294,0.9223903764066744,,0.0
2022-06-20,23.77,23.77,23.91,23.44,4150.77,10685.577,0.9223903764066744,,0.0
2022-06-21,23.77,24.66,24.68,23.49,10778.73,28350.103,0.924981245311328,,0.0
2022-06-22,24.88,23.55,24.88,23.51,7086.76,18378.229,0.9217221135029354,,0.0
2022-06-23,23.78,24.36,24.49,23.5,7016.91,18262.286,0.9241274658573596,,0.0
2022-06-24,24.45,24.26,24.64,24.1,4570.01,12058.939,0.923838537699924,,0.0
2022-06-27,24.52,25.12,25.32,24.27,10071.01,27180.437,0.9262536873156342,,0.0
2022-06-28,25.12,25.16,25.24,24.78,5057.62,13674.066,0.9263622974963182,,0.0
2022-06-29,25.17,25.01,25.54,24.75,11834.69,32315.836,0.9259533506108848,,0.0
2022-06-30,25.02,24.8,25.28,24.71,5392.0,14510.382,0.9253731343283582,,0.0
2022-07-01,24.8,24.54,25.09,24.54,4449.88,11897.344,0.9246420497362472,,0.0
2022-07-04,25.18,24.97,25.54,24.77,4814.01,12983.992,0.9258435298479792,,0.0
2022-07-05,24.92,24.2,24.99,23.98,6246.57,16469.513,0.9236641221374046,,0.0
2022-07-06,24.48,23.66,24.5,23.5,8394.0,21726.13,0.922057677318784,,0.0
2022-07-07,24.08,24.1,24.88,23.94,6928.0,18249.959,0.9233716475095786,,0.0
2022-07-08,24.1,24.05,24.4,23.7,3166.0,8291.896,0.9232245681381958,,0.0
2022-07-11,24.18,23.9,24.35,23.68,3669.03,9517.137,0.9227799227799228,,0.0
2022-07-12,23.9,23.29,24.05,23.24,3896.0,9968.601,0.9209173586397784,,0.0
2022-07-13,23.45,23.67,23.68,23.07,4466.0,11357.12,0.9220880405142188,,0.0
2022-07-14,23.64,24.43,24.62,23.3,5170.91,13561.804,0.9243284146802876,,0.0
2022-07-15,25.23,25.43,26.77,25.01,16987.69,47182.134,0.9270871308786,,0.0
2022-07-18,25.48,26.54,26.65,25.48,17560.0,49686.318,0.9299229152067274,,0.0
2022-07-19,26.54,29.39,29.39,26.29,21965.19,67307.524,0.9362854412233196,,0.0
2022-07-20,30.28,28.49,30.3,27.91,49034.85,151508.235,0.934404722859954,,0.0
2022-07-21,28.53,29.64,29.99,28.51,40676.92,127916.64,0.9367888748419722,,0.0
2022-07-22,29.38,30.23,30.48,28.9,25693.0,81557.175,0.9379460130313372,,0.0
2022-07-25,30.25,29.62,30.8,28.2,23110.11,73744.222,0.9367488931056294,,0.0
2022-07-26,30.05,30.26,30.590000000000003,29.39,20295.56,65036.851,0.9380037197768134,,0.0
2022-07-27,30.79,32.51,32.94,30.6,30413.63,103733.977,0.9420457838307736,,0.0
2022-07-28,32.5,35.96,35.96,31.86,38914.22,142428.338,0.9473129610115912,,0.0
2022-07-29,35.42,34.64,37.8,33.3,38888.87,143212.813,0.945414847161572,,0.0
2022-08-01,34.23,34.49,35.93,33.7,20771.59,75531.434,0.9451904631405864,,0.0
2022-08-02,34.12,33.92,34.98,33.22,25170.13,90470.927,0.9443207126948776,,0.0
2022-08-03,34.27,32.41,34.27,31.87,19419.0,68001.497,0.9418773612322,,0.0
2022-08-04,32.36,32.98,33.07,31.590000000000003,14599.62,49944.079,0.942824471126358,,0.0
2022-08-05,32.98,33.01,33.48,32.3,10403.38,36311.529,0.9428734647243644,,0.0
2022-08-08,33.03,34.35,34.83,32.2,14298.0,51513.518,0.9449793672627236,,0.0
2022-08-09,33.93,37.03,37.88,33.93,18859.88,72792.295,0.948757366128619,,0.0
2022-08-10,36.61,36.8,36.94,35.35,12878.86,49260.818,0.9484536082474226,,0.0
2022-08-11,36.24,35.96,37.69,35.7,11989.72,46279.508,0.9473129610115912,,0.0
2022-08-12,36.14,35.96,36.6,35.52,8710.0,33134.831,0.9473129610115912,,0.0
2022-08-15,35.76,35.97,36.1,34.78,7705.73,28944.528,0.9473268369765604,,0.0
2022-08-16,36.06,36.27,37.77,35.5,9048.0,34888.615,0.9477397439247452,,0.0
2022-08-17,36.77,36.69,36.98,35.21,10837.86,41217.554,0.9483070560868442,,0.0
2022-08-18,36.31,37.89,39.59,36.31,16085.72,64596.986,0.9498621208322888,,0.0
2022-08-19,37.97,36.92,37.97,36.18,10796.86,41810.441,0.948612538540596,,0.0
2022-08-22,36.61,37.33,37.37,35.62,8334.72,32241.462,0.9491482329010932,,0.0
2022-08-23,37.29,36.34,37.69,36.08,8849.87,34070.107,0.9478351591027648,,0.0
2022-08-24,36.54,35.31,36.54,35.26,7279.73,27549.305,0.9463950683462878,,0.0
2022-08-25,35.31,34.0,35.55,33.6,13758.08,49622.342,0.9444444444444444,,0.0
2022-08-26,34.65,34.1,34.85,33.81,9061.73,32828.819,0.9445983379501384,,0.0
2022-08-29,33.8,35.66,35.77,33.0,10816.01,40169.894,0.9468932554434412,,0.0
2022-08-30,36.87,34.37,36.88,34.37,10267.01,38299.51,0.9450096233159198,,0.0
2022-08-31,34.6,32.86,34.6,32.65,10368.46,36726.592,0.942627653471027,,0.0
2022-09-01,33.8,31.85,33.8,31.4,16448.0,55779.868,0.9409158050221564,,0.0
2022-09-02,32.06,34.33,34.38,32.06,12950.87,46313.599,0.9449490778970548,,0.0
2022-09-05,34.73,34.2,35.73,33.79,10096.0,36871.09,0.9447513812154696,,0.0
2022-09-06,34.41,35.93,36.4,34.23,12139.0,45858.765,0.9472712892169788,,0.0
2022-09-07,36.4,37.53,38.5,35.03,17917.0,70284.328,0.9494055147988868,,0.0
2022-09-08,37.3,35.5,37.3,35.38,9616.0,36719.186,0.9466666666666668,,0.0
2022-09-09,35.61,34.67,35.69,33.82,9398.0,34303.709,0.9454595036814836,,0.0
2022-09-13,34.67,35.0,35.7,33.65,7999.59,29321.801,0.945945945945946,,0.0
2022-09-14,34.32,35.04,35.6,34.26,5081.86,18715.994,0.9460043196544276,,0.0
2022-09-15,34.62,34.2,35.85,33.4,8175.86,29881.601,0.9447513812154696,,0.0
2022-09-16,34.13,36.18,36.29,33.7,12254.87,45886.632,0.9476165531691986,,0.0
2022-09-19,36.0,35.31,36.94,35.09,9864.0,37127.686,0.9463950683462878,,0.0
2022-09-20,35.7,36.28,36.68,34.8,8309.02,31628.571,0.947753396029258,,0.0
2022-09-21,36.28,35.64,36.6,35.32,5973.01,22622.545,0.946865037194474,,0.0
2022-09-22,35.31,36.96,37.5,35.1,9005.88,34893.181,0.9486652977412732,,0.0
2022-09-23,36.98,35.5,37.15,35.47,14068.42,53587.152,0.9466666666666668,,0.0
2022-09-26,34.44,36.07,36.58,33.88,12661.0,47847.22,0.947465195692146,,0.0
2022-09-27,35.8,37.94,38.4,35.8,13061.01,51758.033,0.9499248873309964,,0.0
2022-09-28,37.8,35.82,37.8,35.55,9617.77,37139.957,0.9471179270227392,,0.0
2022-09-29,35.91,35.4,36.58,34.82,7491.87,28089.599,0.946524064171123,,0.0
2022-09-30,35.4,33.8,35.51,33.65,7217.0,26001.583,0.9441340782122905,,0.0
2022-10-10,33.78,33.3,34.2,32.89,6624.0,23543.904,0.943342776203966,,0.0
2022-10-11,33.29,33.43,33.62,32.55,6308.71,22094.89,0.9435506632797064,,0.0
2022-10-12,33.59,36.97,36.97,33.36,10935.47,40933.155,0.9486784706184244,,0.0
2022-10-13,38.05,40.87,40.87,37.81,21473.49,90456.837,0.953347329134593,,0.0
2022-10-14,42.71,40.22,44.0,39.58,28542.03,122019.958,0.9526290857413549,,0.0
2022-10-17,41.0,40.2,41.0,39.51,19219.01,81012.434,0.95260663507109,,0.0
2022-10-18,40.25,41.27,42.18,39.34,33832.59,145116.207,0.9537785994915646,,0.0
2022-10-19,40.88,40.84,41.5,38.51,23634.71,99573.98,0.9533146591970122,,0.0
2022-10-20,41.11,39.96,41.85,39.0,17859.86,75167.741,0.9523355576739752,,0.0
2022-10-21,39.8,39.2,40.38,38.7,14171.73,58436.643,0.9514563106796116,,0.0
2022-10-24,38.79,40.34,40.6,38.19,24041.96,99756.316,0.9527633443552196,,0.0
2022-10-25,39.69,41.64,42.14,39.0,18382.86,78719.692,0.9541704857928506,,0.0
2022-10-26,41.64,44.07,44.75,40.37,21619.91,97675.589,0.9565878011721294,,0.0
2022-10-27,46.0,48.68,48.68,44.5,23259.62,117049.748,0.9605367008681924,,0.0
2022-10-28,46.25,45.3,48.27,44.6,33386.77,161133.138,0.9577167019027484,,0.0
2022-10-31,43.91,44.2,46.42,43.43,19790.91,92523.595,0.9567099567099568,,0.0
2022-11-01,44.34,46.04,46.95,44.03,16317.86,77901.058,0.958368026644463,,0.0
2022-11-02,46.06,47.09,47.43,45.01,17894.01,86424.873,0.9592585047871256,,0.0
2022-11-03,46.19,47.8,49.51,45.9,15350.22,75996.388,0.9598393574297188,,0.0
2022-11-04,48.14,47.96,49.22,47.55,12206.72,61361.169,0.9599679743795037,,0.0
2022-11-07,47.96,46.97,50.0,46.11,16659.01,82353.318,0.9591586685725956,,0.0
2022-11-08,47.2,47.25,48.41,46.15,10332.24,50846.532,0.9593908629441624,,0.0
2022-11-09,47.25,45.9,47.69,45.71,7629.86,37062.774,0.9582463465553236,,0.0
2022-11-10,45.89,45.51,47.33,44.62,9285.0,44189.34,0.9579035992422648,,0.0
2022-11-11,47.9,48.37,49.0,46.06,14693.69,72730.551,0.9602938256898949,,0.0
2022-11-14,47.61,46.86,48.2,45.9,11075.0,54069.435,0.9590667212443716,,0.0
2022-11-15,46.76,47.09,48.5,46.22,6573.72,32516.485,0.9592585047871256,,0.0
2022-11-16,47.1,46.38,47.23,46.06,5418.0,26262.499,0.958660603555188,,0.0
2022-11-17,46.02,46.18,46.79,44.89,6440.0,30684.066,0.95848899958489,,0.0
2022-11-18,46.19,46.85,47.68,45.7,6966.49,33972.046,0.9590583418628454,,0.0
2022-11-21,46.56,47.7,48.68,45.64,7344.0,36317.865,0.959758551307847,,0.0
2022-11-22,47.42,47.16,48.98,46.71,6561.86,32564.681,0.9593165174938976,,0.0
2022-11-23,47.16,51.12,51.62,47.16,19353.44,100953.446,0.9623493975903614,,0.0
2022-11-24,50.15,48.96,50.34,47.49,15642.36,79417.432,0.9607535321821036,,0.0
2022-11-25,48.7,47.75,48.7,45.68,14866.87,72776.993,0.9597989949748744,,0.0
2022-11-28,47.34,46.79,47.39,45.5,8640.0,41906.081,0.959007993441279,,0.0
2022-11-29,46.01,43.58,47.65,43.35,16866.02,79369.995,0.9561211057481352,,0.0
2022-11-30,43.35,44.46,45.68,43.02,12519.0,58171.974,0.9569522169608266,,0.0
2022-12-01,45.3,47.31,48.0,45.3,11529.72,56278.079,0.9594402758061246,,0.0
2022-12-02,47.19,50.0,50.99,46.0,14306.01,73483.183,0.9615384615384616,,0.0
2022-12-05,50.27,50.44,51.2,48.78,9520.0,49426.857,0.96186117467582,,0.0
2022-12-06,50.47,48.81,50.61,47.7,11906.62,60253.882,0.9606376697500492,,0.0
2022-12-07,48.81,46.48,48.81,46.18,9751.86,47812.876,0.9587458745874587,,0.0
2022-12-08,46.09,45.59,46.19,45.15,6191.05,29504.051,0.957974364362261,,0.0
2022-12-09,45.41,43.5,45.57,43.2,11456.0,53110.631,0.956043956043956,,0.0
2022-12-12,43.31,43.65,43.78,41.61,10921.86,48742.924,0.9561883899233296,,0.0
2022-12-13,44.05,41.24,44.32,40.67,10331.01,45101.148,0.9537465309898242,,0.0
2022-12-14,41.3,42.73,43.5,41.21,7698.72,34329.349,0.9552872792309413,,0.0
2022-12-15,42.72,41.88,42.73,41.08,4996.86,21839.684,0.9544211485870556,,0.0
2022-12-16,42.0,40.19,42.02,40.17,8722.0,37101.301,0.9525954017539702,,0.0
2022-12-19,40.2,40.88,41.1,39.91,6154.01,26263.451,0.9533582089552238,,0.0
2022-12-20,40.58,44.27,44.49,40.58,10916.87,48886.326,0.9567754484547224,,0.0
2022-12-21,43.93,42.04,45.38,42.03,7236.0,32565.114,0.9545867393278836,,0.0
2022-12-22,42.11,40.81,42.21,40.66,6451.0,27909.532,0.9532819434711516,,0.0
2022-12-23,40.82,38.89,40.83,38.67,6170.0,25464.235,0.9510882856444118,,0.0
2022-12-26,39.3,41.45,41.51,37.08,5019.0,21393.308,0.953970080552359,,0.0
2022-12-27,41.45,42.17,42.5,40.69,4286.72,18774.062,0.9547203984604936,,0.0
2022-12-28,42.07,42.15,43.07,41.52,4052.86,17972.694,0.9546998867497168,,0.0
2022-12-29,42.61,42.63,43.49,41.21,5411.0,24092.232,0.9551870938830384,,0.0
2022-12-30,42.91,42.4,42.97,41.31,5083.0,22396.013,0.954954954954955,,0.0
2023-01-03,42.43,42.87,43.2,42.0,3514.09,15693.869,0.9554267885001114,,0.0
2023-01-04,42.86,42.12,43.09,41.82,2461.65,10908.164,0.9546690843155032,,0.0
2023-01-05,42.66,42.3,42.78,41.63,3438.01,15194.124,0.9548532731376976,,0.0
2023-01-06,42.31,42.33,43.0,41.31,5237.18,23179.382,0.9548838258515678,,0.0
2023-01-09,42.21,42.66,42.88,41.4,8143.87,36067.205,0.955217196596507,,0.0
2023-01-10,42.66,45.83,45.87,42.26,11089.28,51101.172,0.9581852393895044,,0.0
2023-01-11,44.33,46.28,46.67,42.48,16046.78,75187.805,0.9585749792874896,,0.0
2023-01-12,44.9,46.24,46.69,44.9,7769.78,37361.646,0.9585406301824212,,0.0
2023-01-13,46.6,46.88,47.32,45.7,7102.86,34339.942,0.9590834697217676,,0.0
2023-01-16,46.88,47.07,47.8,45.4,7639.0,37278.72,0.9592418993274914,,0.0
2023-01-17,47.07,48.19,48.25,45.6,5044.0,25004.713,0.960151424586571,,0.0
2023-01-18,48.2,49.01,49.36,47.72,3484.9,17603.088,0.96079200156832,,0.0
2023-01-19,48.98,49.56,50.57,47.84,5317.78,27419.339,0.9612102404965088,,0.0
2023-01-20,49.89,47.57,50.0,47.41,4476.0,22604.768,0.9596530159370588,,0.0
2023-01-30,48.5,47.39,48.98,46.74,8669.0,42903.315,0.959505972869002,,0.0
2023-01-31,47.38,48.15,48.51,47.08,4222.86,21084.898,0.9601196410767696,,0.0
2023-02-01,47.9,47.38,48.59,46.92,4826.0,23895.136,0.9594977723774808,,0.0
2023-02-02,46.89,47.95,48.63,46.89,5337.0,26591.548,0.95995995995996,,0.0
2023-02-03,48.0,46.5,48.4,46.31,3954.0,19284.98,0.9587628865979382,,0.0
2023-02-06,46.72,45.82,47.37,45.52,3210.91,15487.678,0.9581764951902968,,0.0
2023-02-07,46.6,45.85,46.6,44.84,4535.0,21615.674,0.9582027168234064,,0.0
2023-02-08,45.86,45.51,46.2,45.08,3780.0,17982.176,0.9579035992422648,,0.0
2023-02-09,45.21,46.15,46.27,44.91,2387.7,11424.886,0.9584631360332296,,0.0
2023-02-10,45.88,45.32,46.28,44.99,2985.7,14173.935,0.9577345731191884,,0.0
2023-02-13,45.68,45.99,46.11,45.0,2630.01,12557.793,0.958324650968952,,0.0
2023-02-14,46.0,45.85,46.79,45.75,2405.9,11571.139,0.9582027168234064,,0.0
2023-02-15,45.78,45.48,46.3,45.13,3874.0,18434.517,0.95787700084246,,0.0
2023-02-16,45.48,45.21,46.29,45.05,4725.0,22481.677,0.9576360940478712,,0.0
2023-02-17,45.15,44.86,45.4,44.51,3678.0,17268.496,0.9573196756295348,,0.0
2023-02-20,45.1,44.84,45.47,44.34,4386.0,20584.011,0.9573014517506404,,0.0
2023-02-21,45.1,45.5,46.26,44.88,5662.0,26900.701,0.9578947368421052,,0.0
2023-02-22,45.33,45.8,46.09,45.05,3482.02,16593.234,0.9581589958158996,,0.0
2023-02-23,45.32,46.89,47.45,45.32,5151.8,25155.679,0.959091838821845,,0.0
2023-02-24,47.49,45.88,47.6,45.57,3679.91,17698.485,0.9582289055973268,,0.0
2023-02-27,45.09,46.1,47.1,45.09,5098.0,24572.092,0.9584199584199584,,0.0
2023-02-28,46.7,45.88,46.7,45.62,2374.87,11406.122,0.9582289055973268,,0.0
2023-03-01,45.88,45.04,46.43,44.59,4932.86,23270.85,0.9574829931972788,,0.0
2023-03-02,47.5,46.13,49.69,45.8,12501.0,61807.333,0.9584458757531684,,0.0
2023-03-03,46.06,43.9,46.13,43.61,10577.94,49198.065,0.9564270152505446,,0.0
2023-03-06,43.4,42.46,43.59,42.23,9865.0,44113.327,0.9550157444894288,,0.0
2023-03-07,42.47,40.98,42.89,40.93,5725.86,24966.399,0.9534667287110284,,0.0
2023-03-08,40.98,40.75,41.37,40.4,3696.0,15821.251,0.953216374269006,,0.0
2023-03-09,41.0,39.76,41.0,39.6,6461.0,27207.944,0.9521072796934866,,0.0
2023-03-10,39.71,38.85,39.89,38.51,7847.01,32105.792,0.9510403916768666,,0.0
2023-03-13,38.85,38.19,39.05,37.74,6548.0,26367.072,0.9502363772082608,,0.0
2023-03-14,38.19,36.62,38.34,36.03,11600.91,44806.952,0.948213360952874,,0.0
2023-03-15,36.83,37.1,37.78,36.67,10653.55,41818.231,0.948849104859335,,0.0
2023-03-16,37.11,35.93,37.49,35.7,6728.04,25872.69,0.9472712892169788,,0.0
2023-03-17,36.39,35.4,36.48,35.18,5809.01,21867.259,0.946524064171123,,0.0
2023-03-20,35.37,35.2,35.53,34.51,6038.02,22383.367,0.946236559139785,,0.0
2023-03-21,35.18,35.95,36.46,34.99,6985.02,26240.23,0.9472990777338604,,0.0
2023-03-22,36.28,36.12,36.75,35.86,8125.0,31019.643,0.9475341028331584,,0.0
2023-03-23,36.08,35.08,36.08,34.8,5979.99,22269.146,0.9460625674217908,,0.0
2023-03-24,35.08,35.06,35.79,34.88,6822.68,25433.293,0.9460334592552616,,0.0
2023-03-27,35.3,35.37,35.8,34.8,5925.0,22069.402,0.9464811345999464,,0.0
2023-03-28,35.34,35.2,35.61,35.1,3344.0,12479.851,0.946236559139785,,0.0
2023-03-29,35.17,34.57,35.45,34.3,5808.0,21345.441,0.9453103636860816,,0.0
2023-03-30,34.59,34.44,34.65,34.02,5678.55,20620.703,0.9451152579582875,,0.0
2023-03-31,34.44,35.15,35.21,34.28,6385.87,23551.866,0.946164199192463,,0.0
2023-04-03,35.15,34.4,35.36,33.98,7107.26,25796.348,0.945054945054945,,0.0
2023-04-04,34.31,32.44,34.31,32.02,15648.28,54496.74,0.9419279907084784,,0.0
2023-04-06,32.42,32.49,32.98,31.55,13977.78,47552.365,0.942012177442737,,0.0
2023-04-07,32.49,32.14,32.7,31.79,12388.0,42332.016,0.9414176918570591,,0.0
2023-04-10,32.15,31.66,32.85,31.56,11070.0,37617.561,0.94058229352347,,0.0
2023-04-11,31.56,31.35,32.01,31.01,6551.7,21815.332,0.9400299850074962,,0.0
2023-04-12,31.44,31.79,31.96,31.22,6028.47,20256.487,0.9408108907960936,,0.0
2023-04-13,31.630000000000003,31.32,32.0,31.18,5320.0,17800.474,0.9399759903961584,,0.0
2023-04-14,31.41,31.92,32.08,31.32,6571.24,22234.284,0.9410377358490566,,0.0
2023-04-17,31.89,31.83,32.37,31.450000000000003,6807.0,23042.279,0.9408808749630504,,0.0
2023-04-18,31.82,31.33,32.24,31.3,7929.79,26735.507,0.93999399939994,,0.0
2023-04-19,31.58,31.36,31.66,31.06,6269.81,20891.237,0.9400479616306956,,0.0
2023-04-20,31.200000000000003,30.57,31.22,30.200000000000003,8316.58,26989.644,0.9385937979735952,,0.0
2023-04-21,30.39,29.89,30.82,29.75,6677.55,21568.611,0.9372844151771716,,0.0
2023-04-24,29.64,29.85,30.4,29.13,9965.0,31645.111,0.9372056514913658,,0.0
2023-04-25,29.4,29.01,29.84,28.0,11577.17,35701.21,0.9355046759109964,,0.0
2023-04-26,28.39,30.22,30.56,28.39,9648.26,30923.141,0.9379267535692116,,0.0
2023-04-27,30.12,30.74,31.020000000000003,30.1,6716.0,21942.268,0.938912645082468,,0.0
2023-04-28,29.59,28.86,30.48,28.63,18423.01,57247.246,0.935191186001296,,0.0
2023-05-04,28.73,29.17,29.41,28.57,9629.92,29836.362,0.9358357394931024,,0.0
2023-05-05,29.36,28.65,29.4,28.13,10090.0,30820.263,0.934747145187602,,0.0
2023-05-08,28.29,28.41,29.21,28.12,7095.0,21671.228,0.9342321604735284,,0.0
2023-05-09,28.58,27.83,28.58,27.7,6113.01,18310.13,0.9329534026148172,,0.0
2023-05-10,27.72,28.69,29.11,27.72,10243.0,31198.203,0.934832192896709,,0.0
2023-05-11,28.71,28.69,29.11,28.46,5079.0,15598.615,0.934832192896709,,0.0
2023-05-12,28.5,28.16,28.87,28.1,4150.0,12605.884,0.93368700265252,,0.0
2023-05-15,27.8,28.86,28.86,27.8,5319.41,16249.582,0.935191186001296,,0.0
2023-05-16,28.86,28.38,29.21,28.19,7480.21,22859.966,0.934167215273206,,0.0
2023-05-17,28.26,28.99,29.16,28.07,7155.0,22020.94,0.935463052597612,,0.0
2023-05-18,28.97,29.27,29.39,28.88,4740.0,14775.834,0.9360409338023664,,0.0
2023-05-19,29.26,29.55,29.74,28.87,5317.0,16678.66,0.936608557844691,,0.0
2023-05-22,29.69,30.41,30.44,29.15,6834.0,21837.676,0.9382906510336316,,0.0
2023-05-23,30.51,30.020000000000003,30.56,29.81,5223.0,16823.169,0.9375390381011868,,0.0
2023-05-24,29.9,29.81,30.29,29.38,4458.0,14218.337,0.9371266897202136,,0.0
2023-05-25,29.81,30.19,30.55,29.68,8062.0,25953.276,0.9378689033861448,,0.0
2023-05-26,30.19,30.4,30.51,29.52,4590.22,14718.184,0.9382716049382716,,0.0
2023-05-29,30.880000000000003,30.1,31.380000000000003,29.83,8278.0,26783.437,0.9376947040498442,,0.0
2023-05-30,30.12,30.51,31.1,30.11,7975.21,25997.231,0.9384804675484466,,0.0
2023-05-31,30.630000000000003,30.68,31.5,30.29,12735.25,41759.523,0.9388004895960832,,0.0
2023-06-01,30.26,29.68,30.630000000000003,29.58,9938.0,31772.115,0.9368686868686869,,0.0
2023-06-02,29.71,30.16,30.3,29.46,7809.5,25000.067,0.9378109452736318,,0.0
2023-06-05,29.85,30.91,30.950000000000003,29.85,8893.0,29058.9,0.9392281981160742,,0.0
2023-06-06,30.98,30.78,31.23,30.0,11149.48,36330.896,0.938987187309335,,0.0
2023-06-07,30.49,30.06,31.0,29.86,10926.0,34891.518,0.9524714828897338,,0.0
2023-06-08,29.99,29.37,30.91,29.32,7268.0,22905.478,0.9514091350826044,,0.0
2023-06-09,29.33,29.63,30.51,29.27,6714.01,21008.014,0.951814969482814,,0.0
2023-06-12,29.27,30.94,31.08,29.27,8190.55,26131.922,0.9537607891491984,,0.0
2023-06-13,30.880000000000003,31.07,31.47,30.53,5694.0,18559.859,0.9539453484801964,,0.0
2023-06-14,31.08,31.46,31.68,30.41,8825.36,28798.01,0.954490291262136,,0.0
2023-06-15,31.28,31.21,31.880000000000003,30.81,8712.0,28630.539,0.9541424640782636,,0.0
2023-06-16,31.340000000000003,31.14,31.8,31.0,9766.0,32031.618,0.9540441176470588,,0.0
2023-06-19,31.19,34.4,34.4,30.86,20250.74,71133.759,0.958217270194986,,0.0
2023-06-20,33.83,33.68,34.45,33.11,30704.0,108036.703,0.9573621375781696,,0.0
2023-06-21,33.51,32.43,33.68,32.3,18664.13,64268.103,0.95579133510168,,0.0
2023-06-26,32.5,32.78,35.05,32.35,25973.26,90204.279,0.956242707117853,,0.0
2023-06-27,32.33,32.6,32.6,31.26,21512.77,71883.569,0.9560117302052786,,0.0
2023-06-28,32.63,32.36,32.63,31.520000000000003,16876.0,56746.632,0.9556999409332546,,0.0
2023-06-29,32.46,33.21,34.79,32.22,29555.92,103720.768,0.9567847882454624,,0.0
2023-06-30,32.86,33.6,33.9,32.6,20698.37,72185.495,0.9572649572649572,,0.0
2023-07-03,33.66,33.55,34.1,33.02,15707.11,54744.888,0.957203994293866,,0.0
2023-07-04,33.41,34.06,34.06,33.1,19695.76,69570.235,0.9578177727784029,,0.0
2023-07-05,34.09,34.74,34.75,33.32,23494.82,83678.285,0.9586092715231788,,0.0
2023-07-06,34.53,35.06,36.47,34.52,30531.6,112525.264,0.9589715536105032,,0.0
2023-07-07,34.67,33.1,34.67,32.86,22972.0,80532.069,0.9566473988439308,,0.0
2023-07-10,33.1,33.32,33.62,32.75,11167.0,38867.29,0.9569213095921884,,0.0
2023-07-11,33.5,33.6,33.62,32.08,17701.72,61090.816,0.9572649572649572,,0.0
2023-07-12,33.31,33.03,34.0,33.0,13523.0,47372.231,0.9565595134665508,,0.0
2023-07-13,33.11,32.3,33.48,32.15,14446.0,49214.77,0.955621301775148,,0.0
2023-07-14,32.22,31.85,32.5,31.29,11077.0,37000.169,0.9550224887556222,,0.0
2023-07-17,31.99,32.11,32.36,31.51,7657.25,25619.887,0.9553704254686104,,0.0
2023-07-18,31.91,32.46,33.52,31.91,11068.5,37804.502,0.9558303886925796,,0.0
2023-07-19,32.31,31.85,32.54,31.65,6940.5,23239.292,0.9550224887556222,,0.0
2023-07-20,31.86,31.17,32.36,31.08,6452.0,21339.073,0.9540863177226814,,0.0
2023-07-21,31.08,29.95,31.1,29.9,10445.11,33252.35,0.9523052464228936,,0.0
2023-07-24,30.08,30.590000000000003,30.880000000000003,29.96,6856.0,21905.687,0.953256466188844,,0.0
2023-07-25,30.72,32.11,32.47,30.700000000000003,11949.01,39682.846,0.9553704254686104,,0.0
2023-07-26,32.12,30.99,32.12,30.950000000000003,8009.0,26316.886,0.953831948291782,,0.0
2023-07-27,31.18,31.0,32.39,30.92,5925.0,19529.703,0.953846153846154,,0.0
2023-07-28,31.41,30.5,31.41,30.4,10061.55,32409.645,0.953125,,0.0
2023-07-31,30.880000000000003,30.26,30.950000000000003,30.05,10776.97,34284.071,0.9527707808564232,,0.0
2023-08-01,30.24,29.95,30.24,29.61,6753.19,21150.408,0.9523052464228936,,0.0
2023-08-02,29.92,30.28,30.28,29.5,7893.54,24768.307,0.9528005034612964,,0.0
2023-08-03,29.96,29.74,30.24,29.63,4618.0,14486.825,0.9519846350832266,,0.0
2023-08-04,29.9,30.23,30.35,29.55,7040.19,22262.66,0.9527261266939804,,0.0
2023-08-07,30.25,30.13,30.49,29.8,7020.0,22209.723,0.9525766677205184,,0.0
2023-08-08,30.42,29.71,30.42,29.51,6242.89,19498.589,0.9519384812560076,,0.0
2023-08-09,29.56,29.6,29.8,29.22,4375.0,13558.077,0.9517684887459807,,0.0
2023-08-10,29.76,29.69,29.84,29.44,2298.52,7157.737,0.9519076627124078,,0.0
2023-08-11,29.76,29.61,30.25,29.53,6599.0,20718.963,0.9517839922854388,,0.0
2023-08-14,29.47,29.29,29.58,28.8,5432.31,16613.564,0.951282884053264,,0.0
2023-08-15,29.39,29.54,29.67,29.18,3518.01,10888.032,0.9516752577319588,,0.0
2023-08-16,29.4,28.92,29.54,28.86,3733.0,11449.76,0.95069033530572,,0.0
2023-08-17,28.92,30.1,30.17,28.52,8564.87,26721.207,0.9525316455696202,,0.0
2023-08-18,30.17,30.0,30.53,29.94,8670.97,27545.025,0.9523809523809524,,0.0
2023-08-21,29.93,30.21,30.62,29.61,7096.0,22571.458,0.9526963103122044,,0.0
2023-08-22,29.9,29.15,30.34,28.5,10363.0,31800.944,0.9510603588907016,,0.0
2023-08-23,29.1,28.19,29.1,27.79,7186.81,21540.446,0.9494779386998988,,0.0
2023-08-24,28.47,27.84,28.47,27.57,7323.0,21527.075,0.948875255623722,,0.0
2023-08-25,27.84,26.5,28.19,26.2,12724.0,36417.355,0.9464285714285714,,0.0
2023-08-28,28.5,27.28,28.86,26.6,11259.01,32676.017,0.9478804725503822,,0.0
2023-08-29,27.13,30.16,30.16,27.08,14871.31,45640.793,0.952621604548326,,0.0
2023-08-30,30.67,30.24,30.87,30.01,20967.55,66927.113,0.9527410207939508,,0.0
2023-08-31,30.3,29.99,30.49,29.83,7941.99,25062.502,0.9523658304223565,,0.0
2023-09-01,30.0,30.23,30.23,29.64,7056.66,22244.898,0.9527261266939804,,0.0
2023-09-04,30.28,30.46,30.56,29.9,8840.0,28056.541,0.9530663329161452,,0.0
2023-09-05,30.6,30.73,31.15,30.45,8357.94,27004.369,0.9534595097735028,,0.0
2023-09-06,30.89,30.78,31.12,30.54,5903.0,19064.019,0.9535315985130112,,0.0
2023-09-07,30.78,30.11,30.85,29.9,6638.0,21109.333,0.9525466624485922,,0.0
2023-09-08,29.95,30.26,30.71,29.71,4085.0,13019.686,0.9527707808564232,,0.0
2023-09-11,30.67,30.65,30.87,29.93,6443.0,20658.655,0.9533437013996888,,0.0
2023-09-12,30.73,30.64,30.950000000000003,30.51,4189.0,13468.889,0.953329184816428,,0.0
2023-09-13,30.64,30.03,30.66,29.77,5831.95,18394.997,0.9524262607040912,,0.0
2023-09-14,30.04,29.45,30.56,29.1,7606.0,23824.952,0.951534733441034,,0.0
2023-09-15,29.54,29.11,29.68,28.9,4467.0,13689.67,0.9509964064031362,,0.0
2023-09-18,29.09,30.8,31.24,29.07,13517.0,43386.727,0.953560371517028,,0.0
2023-09-19,30.98,29.66,30.98,29.5,8811.98,27697.753,0.9518613607188704,,0.0
2023-09-20,29.7,29.05,29.91,29.0,6055.0,18625.707,0.9509001636661212,,0.0
2023-09-21,29.06,28.58,29.21,28.38,6995.02,21116.634,0.9501329787234044,,0.0
2023-09-22,28.65,29.49,29.55,28.35,5092.0,15546.121,0.9515972894482092,,0.0
2023-09-25,29.74,31.58,31.68,29.74,22308.29,72512.24,0.9546553808948004,,0.0
2023-09-26,31.05,31.28,31.6,30.520000000000003,17533.73,57244.842,0.9542403904820012,,0.0
2023-09-27,31.24,31.4,31.82,30.8,13660.9,45026.53,0.9544072948328268,,0.0
2023-09-28,31.46,31.72,32.18,31.17,12058.0,39897.988,0.954846478025286,,0.0
2023-10-09,31.72,31.81,32.38,31.42,11491.0,38321.787,0.9549684779345542,,0.0
2023-10-10,31.81,31.06,31.87,30.89,12054.0,39341.148,0.953931203931204,,0.0
2023-10-11,31.39,30.520000000000003,31.39,30.0,10178.87,32501.709,0.95315427857589,,0.0
2023-10-12,30.700000000000003,30.57,30.8,30.1,5895.0,18825.518,0.9532273152478952,,0.0
2023-10-13,30.57,30.25,30.9,30.01,4933.0,15662.884,0.952755905511811,,0.0
2023-10-16,30.27,29.89,30.590000000000003,29.66,5627.9,17677.021,0.9522140809174896,,0.0
2023-10-17,29.9,29.5,30.19,29.16,4211.0,13030.354,0.9516129032258064,,0.0
2023-10-18,29.33,29.2,29.95,29.2,6167.0,19127.766,0.9511400651465798,,0.0
2023-10-19,29.2,28.57,29.49,28.55,5601.78,17012.011,0.9501163950781508,,0.0
2023-10-20,28.35,28.59,29.47,28.35,5983.78,18148.358,0.950149551345962,,0.0
2023-10-23,28.7,27.6,28.79,27.33,5527.31,16234.737,0.9484536082474226,,0.0
2023-10-24,28.44,28.67,29.09,27.34,7674.18,23036.295,0.9502817368246602,,0.0
2023-10-25,28.67,29.63,29.69,28.53,5466.79,16832.908,0.951814969482814,,0.0
2023-10-26,29.47,29.83,29.95,29.0,4748.0,14714.253,0.95212256623045,,0.0
2023-10-27,29.7,30.24,30.47,29.21,6080.0,19276.877,0.9527410207939508,,0.0
2023-10-30,30.18,29.6,30.49,29.56,8147.29,25497.459,0.9517684887459807,,0.0
2023-10-31,29.6,29.27,30.18,29.1,6794.0,21054.303,0.951251218719532,,0.0
2023-11-01,29.28,29.64,30.06,28.95,7141.35,22236.006,0.9518304431599228,,0.0
2023-11-02,29.64,29.14,30.02,29.1,5716.23,17684.897,0.9510443864229764,,0.0
2023-11-03,29.42,29.91,30.2,29.42,6715.87,21043.213,0.9522445081184336,,0.0
2023-11-06,30.14,30.78,30.8,29.99,7347.09,23510.843,0.9535315985130112,,0.0
2023-11-07,30.66,30.6,30.89,30.41,4687.0,15107.073,0.9532710280373832,,0.0
2023-11-08,30.590000000000003,30.37,30.69,30.14,4979.0,15860.074,0.952933793536241,,0.0
2023-11-09,30.6,30.48,30.72,30.23,5545.0,17724.38,0.953095684803002,,0.0
2023-11-10,30.39,30.18,30.39,29.95,6437.71,20351.008,0.9526515151515152,,0.0
2023-11-13,30.14,30.75,30.83,30.01,6761.0,21644.576,0.9534883720930232,,0.0
2023-11-14,30.65,30.69,30.83,30.37,4404.0,14134.859,0.9534016775396086,,0.0
2023-11-15,30.700000000000003,31.26,31.3,30.56,5963.59,19410.318,0.9542124542124544,,0.0
2023-11-16,31.26,31.33,31.76,30.85,7082.59,23273.72,0.954310082241852,,0.0
2023-11-17,31.35,31.700000000000003,31.78,31.12,6398.77,21159.427,0.9548192771084336,,0.0
2023-11-20,31.78,32.68,32.85,31.54,15358.63,52153.94,0.9561146869514336,,0.0
2023-11-21,32.81,32.7,33.68,32.55,11731.86,40452.079,0.956140350877193,,0.0
2023-11-22,32.86,32.5,33.39,32.24,7630.0,26033.635,0.9558823529411764,,0.0
2023-11-23,32.47,32.67,33.06,32.32,4894.0,16776.2,0.9561018437225636,,0.0
2023-11-24,32.75,32.33,32.81,32.06,7061.0,23889.474,0.955660656222288,,0.0
2023-11-27,32.78,33.42,34.08,32.34,20586.0,71593.651,0.9570446735395188,,0.0
2023-11-28,32.7,34.35,35.65,32.58,30409.67,108539.586,0.9581589958158996,,0.0
2023-11-29,34.22,35.67,36.45,33.58,35484.5,129624.299,0.9596448748991122,,0.0
2023-11-30,37.38,34.54,37.8,34.0,53498.74,200031.448,0.9583795782463927,,0.0
2023-12-01,34.17,33.19,34.96,32.53,35718.23,125309.437,0.9567598731622946,,0.0
2023-12-04,33.0,33.7,33.95,32.39,23689.49,82285.67,0.9573863636363636,,0.0
2023-12-05,33.22,34.55,35.16,33.22,28870.0,103841.603,0.9583911234396671,,0.0
2023-12-06,34.81,34.11,34.9,33.6,18038.89,64246.505,0.95787700084246,,0.0
2023-12-07,33.86,33.18,33.87,32.9,13777.0,47919.219,0.9567474048442908,,0.0
2023-12-08,33.07,32.01,33.41,31.950000000000003,15031.1,50881.76,0.955237242614145,,0.0
2023-12-11,32.01,33.11,33.53,31.950000000000003,15292.54,52621.567,0.9566599248772032,,0.0
2023-12-12,33.0,34.28,34.75,32.75,15417.0,54620.225,0.9580771380659586,,0.0
2023-12-13,34.95,35.61,35.73,33.57,26614.17,96643.079,0.9595796281325788,,0.0
2023-12-14,35.23,34.11,35.56,33.91,21018.05,75777.922,0.95787700084246,,0.0
2023-12-15,34.17,32.77,34.38,32.58,8403.4,29153.038,0.9562299387219142,,0.0
2023-12-18,32.59,32.94,33.7,32.5,9124.0,31581.403,0.9564459930313588,,0.0
2023-12-19,32.92,33.39,33.65,32.26,7492.0,25991.877,0.9570077386070508,,0.0
2023-12-20,34.01,33.32,34.38,33.32,8258.91,29172.2,0.9569213095921884,,0.0
2023-12-21,33.32,33.65,33.75,32.58,6463.86,22396.623,0.957325746799431,,0.0
2023-12-22,33.51,33.8,34.09,33.13,9258.52,32513.244,0.9575070821529744,,0.0
2023-12-25,33.87,35.18,35.29,32.9,16337.0,58561.484,0.9591057797164668,,0.0
2023-12-26,35.28,34.14,35.28,34.0,9261.0,33168.95,0.957912457912458,,0.0
2023-12-27,33.96,33.86,34.42,33.1,11395.0,40046.739,0.957579185520362,,0.0
2023-12-28,33.74,34.25,34.49,32.7,9199.71,32370.251,0.958041958041958,,0.0
2023-12-29,34.28,34.31,34.86,34.0,8875.34,31823.609,0.95811225914549,,0.0
2024-01-02,34.39,33.76,34.65,33.76,5518.0,19601.877,0.9574588769143504,,0.0
2024-01-03,33.97,33.38,33.97,33.2,5160.0,18056.562,0.9569954128440368,,0.0
2024-01-04,33.39,33.44,33.78,33.04,4994.29,17421.148,0.9570692615912992,,0.0
2024-01-05,33.5,32.02,33.85,31.700000000000003,7562.22,25847.502,0.9552505966587111,,0.0
2024-01-08,32.02,31.75,32.43,31.42,7191.51,24096.463,0.9548872180451128,,0.0
2024-01-09,31.74,32.05,32.6,31.5,5547.92,18647.286,0.955290611028316,,0.0
2024-01-10,32.05,31.58,32.61,31.37,6554.3,21927.155,0.9546553808948004,,0.0
2024-01-11,31.65,32.42,32.59,31.43,5454.0,18339.681,0.9557783018867924,,0.0
2024-01-12,32.43,32.06,32.75,32.05,5952.0,20113.133,0.9553039332538736,,0.0
2024-01-15,31.82,32.05,32.24,31.46,4933.0,16491.146,0.955290611028316,,0.0
2024-01-16,31.98,31.73,32.49,31.5,4003.29,13350.995,0.9548600662052362,,0.0
2024-01-17,32.1,31.24,32.11,31.22,4262.0,14132.319,0.954184483811851,,0.0
2024-01-18,31.21,30.01,31.21,29.33,12379.0,38870.413,0.952396064741352,,0.0
2024-01-19,30.01,29.7,30.24,29.29,4901.0,15265.896,0.9519230769230768,,0.0
2024-01-22,30.02,27.64,30.05,27.0,5691.0,17160.75,0.9485243651338366,,0.0
2024-01-23,28.3,28.21,28.54,26.78,14422.0,41920.424,0.9495119488387748,,0.0
2024-01-24,28.43,27.1,28.43,26.36,11148.79,32013.725,0.9475524475524476,,0.0
2024-01-25,27.11,28.14,28.23,26.61,7050.0,20519.896,0.9493927125506072,,0.0
2024-01-26,28.02,27.64,28.32,27.54,4385.0,12914.269,0.9485243651338366,,0.0
2024-01-29,28.18,26.65,28.18,26.53,5949.16,16942.68,0.9467140319715808,,0.0
2024-01-30,27.0,26.09,27.1,25.77,7131.0,19863.871,0.945632475534614,,0.0
2024-01-31,26.0,24.33,26.01,24.1,8657.95,22790.488,0.9419279907084784,,0.0
2024-02-01,24.13,23.87,24.75,23.5,8961.0,22859.441,0.9408750492707922,,0.0
2024-02-02,23.95,22.62,25.1,21.5,15187.76,37357.195,0.9378109452736318,,0.0
2024-02-05,22.65,21.8,22.65,21.0,19777.79,45785.399,0.9356223175965666,,0.0
2024-02-06,21.79,23.35,24.08,20.08,20065.1,47209.868,0.9396378269617708,,0.0
2024-02-07,23.06,22.92,23.56,21.82,13646.26,32834.429,0.9385749385749386,,0.0
2024-02-08,22.68,24.67,25.36,21.61,8158.82,20426.936,0.9426824608330148,,0.0
2024-02-19,24.61,24.91,25.5,24.5,7430.99,19669.372,0.9432033320711852,,0.0
2024-02-20,24.8,26.0,26.3,24.37,6264.15,16846.15,0.9454545454545454,,0.0
2024-02-21,26.0,25.54,26.89,25.38,6767.52,18800.374,0.9445266272189348,,0.0
2024-02-22,25.43,25.96,26.38,25.43,3834.3,10473.552,0.945375091041515,,0.0
2024-02-23,26.04,27.06,27.47,25.8,7582.0,21433.226,0.9474789915966386,,0.0
2024-02-26,27.02,26.95,27.78,26.55,6484.23,18582.175,0.9472759226713532,,0.0
2024-02-27,26.56,27.25,27.29,26.56,4505.94,12869.751,0.9478260869565216,,0.0
2024-02-28,27.2,25.08,27.89,25.05,6695.96,18769.682,0.9435665914221218,,0.0
2024-02-29,24.49,25.9,26.13,24.49,8594.01,23163.29,0.9452554744525548,,0.0
2024-03-01,25.9,25.91,26.17,25.39,5810.0,15849.58,0.9452754469171836,,0.0
2024-03-04,25.91,26.0,26.27,25.07,5776.0,15716.285,0.9454545454545454,,0.0
2024-03-05,26.27,25.29,26.41,25.1,3304.56,8877.333,0.9440089585666294,,0.0
2024-03-06,25.35,26.95,26.98,25.02,9173.2,25509.575,0.9472759226713532,,0.0
2024-03-07,26.89,26.75,27.64,26.3,12180.17,34785.161,0.9469026548672568,,0.0
2024-03-08,26.74,26.17,26.88,25.9,7936.0,22123.411,0.945789663895916,,0.0
2024-03-11,25.8,26.21,26.4,25.8,3640.0,10059.187,0.945867917719235,,0.0
2024-03-12,26.49,26.65,26.7,25.82,5308.0,14804.612,0.9467140319715808,,0.0
2024-03-13,26.78,26.34,27.0,26.0,6555.67,18299.048,0.9461206896551724,,0.0
2024-03-14,26.36,26.22,26.65,25.81,4621.0,12794.977,0.945887445887446,,0.0
2024-03-15,26.2,26.77,26.8,25.95,4894.99,13698.883,0.9469402193137602,,0.0
2024-03-18,27.79,27.2,28.0,26.9,6374.01,18294.441,0.9477351916376306,,0.0
2024-03-19,27.19,27.05,27.37,26.9,4945.86,14158.246,0.9474605954465848,,0.0
2024-03-20,26.81,27.14,27.37,26.81,4420.0,12640.441,0.9476256983240224,,0.0
2024-03-21,27.25,26.9,27.5,26.37,7788.26,22164.426,0.9471830985915493,,0.0
2024-03-22,26.82,25.65,27.12,25.58,7813.0,21475.07,0.9447513812154696,,0.0
2024-03-25,25.75,24.63,25.95,24.58,7645.0,20380.18,0.9425947187141216,,0.0
2024-03-26,24.75,24.58,25.2,24.0,7471.0,19396.776,0.9424846625766872,,0.0
2024-03-27,24.66,23.5,24.88,23.48,5818.0,14899.739,0.94,,0.0
2024-03-28,23.73,23.67,24.12,23.23,9132.0,23026.173,0.9404052443384984,,0.0
2024-03-29,23.88,23.89,24.09,23.3,6116.0,15399.438,0.9409216226860968,,0.0
2024-04-01,24.31,24.69,24.75,24.0,8267.52,21420.836,0.9427262313860252,,0.0
2024-04-02,24.69,25.1,25.31,24.62,6833.38,18093.186,0.943609022556391,,0.0
2024-04-03,25.14,24.54,25.14,24.12,7443.03,19309.034,0.9423963133640552,,0.0
2024-04-08,24.54,23.66,24.97,23.6,6759.0,17184.335,0.9403815580286168,,0.0
2024-04-09,23.69,23.3,24.0,23.21,12268.15,30625.596,0.939516129032258,,0.0
2024-04-10,23.55,22.25,23.55,22.03,16762.23,40300.215,0.936842105263158,,0.0
2024-04-11,22.11,22.75,23.25,21.93,12507.0,30148.64,0.9381443298969072,,0.0
2024-04-12,22.87,23.06,23.79,22.63,13580.1,33541.145,0.9389250814332248,,0.0
2024-04-15,23.06,21.13,23.29,20.72,17630.0,40677.225,0.933716305788776,,0.0
2024-04-16,20.9,19.92,20.92,19.01,14263.0,30444.799,0.9299719887955182,,0.0
2024-04-17,20.1,20.94,21.1,20.1,11920.0,26614.449,0.9331550802139036,,0.0
2024-04-18,20.93,21.4,21.99,20.88,13789.0,31648.116,0.9344978165938864,,0.0
2024-04-19,21.46,20.94,21.48,20.86,8690.0,19629.624,0.9331550802139036,,0.0
2024-04-22,20.97,20.8,21.17,20.21,9054.0,20114.172,0.9327354260089686,,0.0
2024-04-23,20.8,21.28,21.48,20.77,7083.0,16052.059,0.9341527655838456,,0.0
2024-04-24,21.18,22.02,22.05,21.18,7454.23,17350.444,0.9362244897959184,,0.0
2024-04-25,22.04,22.33,22.53,21.83,7556.0,17954.424,0.9370541334452372,,0.0
2024-04-26,22.21,22.99,23.04,22.03,8578.0,20744.077,0.9387505104124132,,0.0
2024-04-29,22.87,23.58,23.7,22.87,13938.8,34550.029,0.9401913875598086,,0.0
2024-04-30,23.83,23.76,23.95,23.43,12539.1,31568.571,0.9406175771971496,,0.0
2024-05-06,23.76,23.78,24.26,23.38,16713.9,42403.524,0.9406645569620252,,0.0
2024-05-07,23.79,24.44,24.48,23.6,10296.08,26344.014,0.9421742482652274,,0.0
2024-05-08,24.41,23.68,24.41,23.66,8196.0,20794.877,0.9404289118347896,,0.0
2024-05-09,23.93,24.43,24.55,23.75,7949.0,20460.248,0.9421519475510992,,0.0
2024-05-10,24.7,23.99,24.7,23.74,8722.0,22266.468,0.9411533934876422,,0.0
2024-05-13,23.74,23.83,23.93,23.1,8058.1,20224.679,0.9407816818002368,,0.0
2024-05-14,23.99,26.36,26.36,23.9,18276.52,49364.12,0.9461593682699212,,0.0
2024-05-15,27.4,27.76,29.15,26.88,61821.22,181725.911,0.9487354750512644,,0.0
2024-05-16,26.82,26.17,28.2,25.83,43530.0,123067.421,0.945789663895916,,0.0
2024-05-17,26.29,25.44,26.3,25.25,28287.93,76281.449,0.9443207126948776,,0.0
2024-05-20,25.55,25.86,25.92,25.17,27903.19,75670.287,0.9451754385964912,,0.0
2024-05-21,25.56,26.1,26.41,25.2,22383.66,61147.562,0.9456521739130436,,0.0
2024-05-22,25.84,25.16,25.98,24.73,26966.94,72061.01,0.943735933983496,,0.0
2024-05-23,25.02,24.54,25.02,24.25,15628.8,40782.427,0.9423963133640552,,0.0
2024-05-24,24.49,25.21,25.22,24.02,15226.84,40135.284,0.9438412579558216,,0.0
2024-05-27,25.16,25.08,25.39,24.8,10866.0,28816.159,0.9435665914221218,,0.0
2024-05-28,25.18,24.12,25.18,24.0,12866.0,33372.386,0.9414519906323184,,0.0
2024-05-29,24.29,24.42,24.45,23.7,11316.86,29000.187,0.9421296296296297,,0.0
2024-05-30,24.2,24.26,24.38,23.85,7376.0,18576.994,0.9604117181314332,,0.0
2024-05-31,24.46,24.75,24.98,24.29,8603.0,22123.409,0.9611650485436892,,0.0
2024-06-03,24.76,23.69,24.88,23.44,11457.42,28622.268,0.9594977723774808,,0.0
2024-06-04,23.58,23.19,23.58,22.9,11098.69,26808.374,0.958660603555188,,0.0
2024-06-05,23.19,22.83,23.4,22.81,7131.51,17195.943,0.9580360889634914,,0.0
2024-06-06,22.87,21.61,23.01,21.28,11501.9,26409.64,0.9557717823971694,,0.0
2024-06-07,22.0,22.33,22.48,21.89,7530.0,17515.533,0.957136733819117,,0.0
2024-06-11,22.36,22.65,22.72,21.71,5663.99,13197.082,0.9577167019027484,,0.0
2024-06-12,22.86,22.77,23.14,22.58,5272.0,12569.046,0.95793016407236,,0.0
2024-06-13,22.62,22.66,22.89,22.33,6214.0,14653.971,0.9577345731191884,,0.0
2024-06-14,22.68,22.78,22.78,22.18,4760.29,11216.3,0.9579478553406224,,0.0
2024-06-17,22.78,22.32,22.78,22.2,5403.0,12648.339,0.9571183533447684,,0.0
2024-06-18,22.33,22.92,22.95,22.13,7096.0,16761.084,0.9581939799331104,,0.0
2024-06-19,22.8,22.85,23.3,22.79,4795.0,11483.149,0.958071278825996,,0.0
2024-06-20,22.84,22.48,23.05,22.36,6363.0,15049.347,0.9574105621805792,,0.0
2024-06-21,22.5,22.61,22.66,22.0,4190.51,9791.964,0.9576450656501484,,0.0
2024-06-24,22.26,21.46,22.45,21.33,6715.51,15233.715,0.9554764024933214,,0.0
2024-06-25,21.46,21.91,22.19,21.28,7070.0,16241.367,0.9563509384548232,,0.0
2024-06-26,22.25,22.83,22.85,21.74,5905.0,13829.965,0.9580360889634914,,0.0
2024-06-27,22.83,22.04,23.0,22.03,5403.99,12695.69,0.9565972222222222,,0.0
2024-06-28,22.11,22.17,22.44,21.78,5247.28,12181.032,0.9568407423392318,,0.0
2024-07-01,22.04,22.57,22.58,21.78,4407.0,10244.674,0.9575731862537123,,0.0
2024-07-02,22.8,22.66,22.8,22.35,3271.1,7723.049,0.9577345731191884,,0.0
2024-07-03,22.65,22.23,22.78,22.15,3583.87,8361.965,0.9569522169608266,,0.0
2024-07-04,22.23,21.42,22.34,21.21,7699.99,17391.385,0.9553969669937556,,0.0
2024-07-05,21.42,21.16,21.42,20.8,5745.86,12722.49,0.9548736462093864,,0.0
2024-07-08,21.11,20.42,21.23,20.34,6399.0,13885.341,0.9533146591970122,,0.0
2024-07-09,20.51,20.67,20.84,19.93,5278.87,11309.243,0.9538532533456392,,0.0
2024-07-10,20.74,20.91,21.08,20.5,3954.0,8668.095,0.9543587403012324,,0.0
2024-07-11,21.3,21.8,21.8,21.3,6011.0,13599.439,0.956140350877193,,0.0
2024-07-12,21.82,21.95,22.09,21.7,4933.0,11300.926,0.9564270152505446,,0.0
2024-07-15,21.86,21.68,21.93,21.31,5779.0,13081.122,0.9559082892416224,,0.0
2024-07-16,21.52,21.51,21.62,21.18,3340.0,7488.147,0.955575299866726,,0.0
2024-07-17,21.35,21.27,21.44,21.18,2847.0,6336.96,0.9550965424337674,,0.0
2024-07-18,21.05,21.15,21.23,20.51,3755.0,8216.258,0.9548532731376976,,0.0
2024-07-19,21.15,21.18,21.37,20.72,3569.0,7889.041,0.9549143372407576,,0.0
2024-07-22,21.98,21.29,21.99,20.65,3828.77,8517.842,0.9551368326603858,,0.0
2024-07-23,21.29,20.95,21.34,20.95,2872.0,6349.217,0.9544419134396356,,0.0
2024-07-24,20.77,20.82,20.91,20.56,4070.86,8846.631,0.9541704857928506,,0.0
2024-07-25,20.82,21.0,21.14,20.59,3542.0,7732.002,0.9545454545454546,,0.0
2024-07-26,21.08,21.61,21.79,21.08,6606.89,14866.947,0.9557717823971694,,0.0
2024-07-29,21.8,21.66,21.99,21.38,3924.89,8900.363,0.9558693733451016,,0.0
2024-07-30,21.6,21.51,21.62,21.2,3683.0,8254.812,0.955575299866726,,0.0
2024-07-31,21.5,22.08,22.14,21.45,5404.0,12377.482,0.9566724436741768,,0.0
2024-08-01,22.1,22.1,22.27,21.91,3485.0,8043.52,0.9567099567099568,,0.0
2024-08-02,22.35,21.99,22.35,21.83,5220.0,12049.282,0.9565028273162244,,0.0
2024-08-05,21.72,21.3,22.2,21.22,5075.0,11501.687,0.9551569506726456,,0.0
2024-08-06,21.4,21.85,21.91,21.38,3664.77,8288.321,0.9562363238512036,,0.0
2024-08-07,21.68,22.02,22.09,21.68,3893.0,8935.884,0.9565595134665508,,0.0
2024-08-08,22.01,22.12,22.13,21.6,5663.0,12973.388,0.9567474048442908,,0.0
2024-08-09,22.2,22.16,22.44,21.93,4236.0,9813.875,0.9568221070811744,,0.0
2024-08-12,22.16,22.28,22.39,21.9,3717.0,8627.691,0.9570446735395188,,0.0
2024-08-13,22.28,22.36,22.41,22.07,2266.0,5277.752,0.9571917808219178,,0.0
2024-08-14,22.24,22.43,22.48,22.19,3355.0,7838.778,0.9573196756295348,,0.0
2024-08-15,23.33,22.51,23.43,22.03,6913.0,16225.772,0.9574649085495534,,0.0
2024-08-16,22.33,21.99,22.58,21.91,8191.89,18930.439,0.9565028273162244,,0.0
2024-08-19,21.77,22.7,23.04,21.13,18099.89,42582.103,0.9578059071729956,,0.0
2024-08-20,22.53,22.47,22.85,22.14,9532.77,22345.971,0.9573924158500212,,0.0
2024-08-21,22.4,22.54,22.78,22.29,5227.0,12289.259,0.9575191163976212,,0.0
2024-08-22,22.54,22.26,22.79,22.08,9300.0,21807.609,0.9570077386070508,,0.0
2024-08-23,21.98,22.05,22.3,21.8,4829.0,11133.464,0.9566160520607376,,0.0
2024-08-26,21.99,21.81,22.26,21.62,5890.0,13459.811,0.9561595791319596,,0.0
2024-08-27,21.66,21.87,22.1,21.48,5485.0,12537.725,0.9562745955400088,,0.0
2024-08-28,21.63,21.87,22.0,21.29,6248.0,14199.875,0.9562745955400088,,0.0
2024-08-29,21.88,22.15,22.37,21.61,7331.0,16913.028,0.956803455723542,,0.0
2024-08-30,22.25,21.95,22.64,21.62,16206.0,37609.521,0.9564270152505446,,0.0
2024-09-02,21.82,21.27,22.14,21.21,13655.8,30666.285,0.9550965424337674,,0.0
2024-09-03,21.24,21.45,21.66,21.01,7052.8,15827.598,0.955456570155902,,0.0
2024-09-04,21.31,21.47,21.7,21.2,6011.0,13549.641,0.95549621717846,,0.0
2024-09-05,21.5,21.47,21.65,21.16,5322.0,11914.91,0.95549621717846,,0.0
2024-09-06,21.47,20.86,21.57,20.8,4855.0,10760.045,0.9542543458371456,,0.0
2024-09-09,20.8,20.82,20.82,20.38,5362.8,11570.076,0.9541704857928506,,0.0
2024-09-10,20.62,20.83,20.85,20.4,4161.51,8989.237,0.9541914796152084,,0.0
2024-09-11,20.71,20.87,21.13,20.7,5075.0,11109.055,0.9542752629172382,,0.0
2024-09-12,20.83,21.53,21.85,20.83,16342.79,36729.854,0.9556147359076786,,0.0
2024-09-13,21.53,21.6,22.19,21.35,14058.0,31949.35,0.9557522123893806,,0.0
2024-09-18,21.54,22.42,22.59,21.22,15303.0,35211.212,0.9573014517506404,,0.0
2024-09-19,22.5,22.73,22.91,22.32,14137.8,33544.333,0.957859249894648,,0.0
2024-09-20,22.75,22.57,22.83,21.63,12116.0,28262.884,0.9575731862537123,,0.0
2024-09-23,22.45,22.81,23.02,22.38,13426.0,31958.314,0.9580008399832004,,0.0
2024-09-24,22.98,22.4,23.87,21.19,49499.7,116270.614,0.9572649572649572,,0.0
2024-09-25,22.1,22.12,22.53,21.85,26677.24,61868.016,0.9567474048442908,,0.0
2024-09-26,22.11,22.3,22.32,21.73,15830.46,36596.218,0.9570815450643776,,0.0
2024-09-27,22.41,23.25,23.48,22.36,25871.73,61783.399,0.9587628865979382,,0.0
2024-09-30,23.82,25.34,25.46,23.19,38771.23,98405.475,0.9620349278663628,,0.0
2024-10-08,27.55,26.58,27.9,25.24,39966.29,110035.613,0.9637418419144308,,0.0
2024-10-09,25.9,24.26,25.9,24.03,21657.79,56020.661,0.9604117181314332,,0.0
2024-10-10,24.26,24.0,24.78,23.9,14071.43,35699.582,0.96,,0.0
2024-10-11,24.05,23.41,24.28,23.2,12933.58,31984.879,0.9590331831216714,,0.0
2024-10-14,23.57,23.88,23.88,23.25,7631.79,18801.93,0.959807073954984,,0.0
2024-10-15,23.8,23.24,23.95,23.2,7885.0,19374.64,0.9587458745874587,,0.0
2024-10-16,23.0,23.0,23.3,22.8,7116.0,17111.239,0.9583333333333334,,0.0
2024-10-17,23.15,22.88,23.37,22.88,6181.89,14950.57,0.9581239530988276,,0.0
2024-10-18,22.73,23.35,23.55,22.73,9713.56,23501.969,0.9589322381930184,,0.0
2024-10-21,23.55,23.39,23.66,23.11,9638.21,23508.761,0.9589995899959,,0.0
2024-10-22,23.27,23.93,24.04,23.27,10657.77,26443.371,0.9598876855194544,,0.0
2024-10-23,24.0,25.05,25.05,23.68,21822.33,55699.909,0.961612284069098,,0.0
2024-10-24,24.78,24.29,24.78,24.03,14681.91,37238.462,0.9604586793198892,,0.0
2024-10-25,24.92,25.25,25.57,24.64,21830.77,57135.936,0.961904761904762,,0.0
2024-10-28,25.26,26.3,26.34,25.1,24433.92,65922.892,0.9633699633699634,,0.0
2024-10-29,26.3,25.59,26.34,25.32,13714.15,36785.914,0.9623918766453554,,0.0
2024-10-30,25.46,25.7,26.15,25.36,10663.15,28547.285,0.9625468164794008,,0.0
2024-10-31,25.7,26.08,26.27,25.63,9549.0,25846.84,0.9630723781388478,,0.0
2024-11-01,26.03,25.44,26.33,25.39,10577.0,28333.627,0.962178517397882,,0.0
2024-11-04,25.4,25.98,26.0,25.33,10284.28,27367.521,0.9629355077835434,,0.0
2024-11-05,26.0,26.09,26.49,25.73,9445.77,25516.211,0.9630860095976376,,0.0
2024-11-06,26.05,25.96,26.4,25.8,8952.0,24271.156,0.9629080118694362,,0.0
2024-11-07,25.65,27.15,27.28,25.65,19795.25,54588.841,0.9644760213143873,,0.0
2024-11-08,27.29,26.2,27.48,26.09,19600.11,54295.561,0.9632352941176472,,0.0
2024-11-11,26.09,26.53,26.65,26.08,11359.11,31084.082,0.9636759898292772,,0.0
2024-11-12,26.85,26.63,27.2,26.31,13144.9,36428.185,0.9638074556641332,,0.0
2024-11-13,26.61,26.66,26.75,26.01,9888.5,27101.943,0.9638467100506146,,0.0
2024-11-14,26.48,25.91,26.72,25.77,7760.0,21109.801,0.9628390932738758,,0.0
2024-11-15,25.91,25.45,26.17,25.38,9312.31,24935.143,0.9621928166351608,,0.0
2024-11-18,25.46,25.45,25.94,25.01,11201.0,29745.413,0.9621928166351608,,0.0
2024-11-19,25.64,26.1,26.1,25.3,11276.46,30014.393,0.96309963099631,,0.0
2024-11-20,26.1,26.06,26.15,25.65,14354.0,38577.552,0.9630450849963044,,0.0
2024-11-21,26.06,26.13,26.32,25.62,8634.34,23354.516,0.9631404349428676,,0.0
2024-11-22,26.13,24.93,26.32,24.88,10758.01,28555.606,0.9614346317007328,,0.0
2024-11-25,24.93,25.41,25.47,24.93,8590.04,22549.138,0.9621355547141236,,0.0
2024-11-26,25.5,25.21,25.6,25.18,5242.31,13838.446,0.9618466234261732,,0.0
2024-11-27,25.21,26.12,26.18,24.55,12978.97,34237.501,0.9631268436578172,,0.0
2024-11-28,26.02,27.15,27.52,25.83,25813.86,72098.953,0.9644760213143873,,0.0
2024-11-29,26.82,26.6,26.82,25.9,29992.0,81925.575,0.9637681159420288,,0.0
2024-12-02,26.89,27.09,27.18,26.7,14281.86,39910.519,0.9644001423994304,,0.0
2024-12-03,27.2,27.5,27.77,27.09,13263.0,37882.124,0.9649122807017544,,0.0
2024-12-04,27.44,30.35,30.35,27.28,42093.77,127851.234,0.9681020733652312,,0.0
2024-12-05,31.86,29.97,32.0,29.01,69618.37,216843.105,0.9677106877623508,,0.0
2024-12-06,29.5,28.53,29.62,28.11,45047.51,133496.647,0.9661361327463596,,0.0
2024-12-09,28.36,27.95,28.5,27.8,27787.76,80868.43,0.9654576856649396,,0.0
2024-12-10,28.5,28.18,28.8,27.96,28737.76,84308.722,0.9657299520219328,,0.0
2024-12-11,28.0,28.31,28.34,27.9,18944.9,55135.536,0.9658819515523712,,0.0
2024-12-12,28.49,28.42,28.6,28.04,17229.0,50561.627,0.9660095173351462,,0.0
2024-12-13,28.21,27.97,28.49,27.81,15603.0,45487.222,0.9654815326199516,,0.0
2024-12-16,27.9,28.12,28.29,27.81,13653.0,39641.971,0.9656593406593408,,0.0
2024-12-17,27.9,26.5,28.17,26.35,19727.33,55234.569,0.9636363636363636,,0.0
2024-12-18,26.48,27.0,27.24,25.9,15806.34,43931.269,0.9642857142857144,,0.0
2024-12-19,26.75,26.87,27.16,26.63,6698.0,18630.41,0.964119124506638,,0.0
2024-12-20,26.99,27.16,27.28,26.89,7169.8,20168.654,0.9644886363636364,,0.0
2024-12-23,27.16,26.95,28.18,26.64,22873.36,65297.224,0.964221824686941,,0.0
2024-12-24,26.89,26.43,27.37,26.0,23760.2,65009.852,0.9635435654393,,0.0
2024-12-25,26.31,25.73,26.39,25.4,9983.0,26730.923,0.9625888514777404,,0.0
2024-12-26,25.71,26.62,26.91,25.62,18239.0,50144.584,0.9637943519188994,,0.0
2024-12-27,26.78,26.9,27.22,26.5,8639.61,24058.261,0.96415770609319,,0.0
2024-12-30,26.75,26.5,26.89,26.11,6045.0,16672.355,0.9636363636363636,,0.0
2024-12-31,26.5,25.85,26.7,25.81,8571.0,23311.148,0.962756052141527,,0.0
2025-01-02,25.85,25.38,26.33,25.2,8841.0,23685.33,0.962092494313874,,0.0
2025-01-03,25.38,24.57,25.95,24.55,10811.0,28189.185,0.9608916699256942,,0.0
2025-01-06,24.62,24.56,24.96,23.91,11132.0,28480.971,0.9608763693270737,,0.0
2025-01-07,24.97,25.02,25.06,24.28,8217.0,21091.968,0.9615680245964644,,0.0
2025-01-08,25.1,25.07,25.28,24.29,8371.0,21633.553,0.9616417337936324,,0.0
2025-01-09,24.98,25.07,25.25,24.58,6021.0,15677.489,0.9616417337936324,,0.0
2025-01-10,25.06,24.62,25.56,24.62,6524.0,17035.359,0.960967993754879,,0.0
2025-01-13,24.5,24.93,25.12,24.04,7751.12,19930.278,0.9614346317007328,,0.0
2025-01-14,24.93,25.91,25.92,24.89,8087.0,21452.097,0.9628390932738758,,0.0
2025-01-15,25.86,25.9,26.3,25.79,7632.0,20625.094,0.9628252788104088,,0.0
2025-01-16,25.93,25.75,26.22,25.55,7697.0,20679.363,0.9626168224299064,,0.0
2025-01-17,25.65,25.98,26.16,25.47,5425.0,14560.338,0.9629355077835434,,0.0
2025-01-20,25.98,26.5,26.75,25.98,11587.0,31767.862,0.9636363636363636,,0.0
2025-01-21,26.79,27.14,27.19,26.1,12562.0,34845.527,0.9644633972992182,,0.0
2025-01-22,26.96,27.82,28.22,26.7,23378.0,66948.685,0.9653018736988204,,0.0
2025-01-23,30.7,30.7,30.7,30.7,16733.17,53044.149,0.9684542586750788,,0.0
2025-01-24,31.0,31.3,33.87,28.83,93704.9,304853.163,0.9690402476780186,,0.0
2025-01-27,30.01,29.89,32.0,29.4,61063.46,191016.58,0.9676270637746844,,0.0
2025-02-05,30.8,31.16,31.86,28.25,50089.69,155765.492,0.968905472636816,,0.0
2025-02-06,30.73,32.5,32.5,30.73,84273.76,276544.459,0.9701492537313432,,0.0
2025-02-07,31.11,30.87,31.74,30.35,61284.34,196180.643,0.9686225290241608,,0.0
2025-02-10,30.89,30.13,30.9,29.88,42247.6,131945.961,0.967876646321876,,0.0
2025-02-11,30.55,33.24,33.24,30.55,68139.5,230600.081,0.9707943925233644,,0.0
2025-02-12,32.69,32.6,33.61,31.21,81688.71,274377.443,0.9702380952380952,,0.0
2025-02-13,32.56,31.5,33.46,31.5,48059.37,160554.09,0.9692307692307692,,0.0
2025-02-14,31.92,30.88,32.05,30.67,43375.24,140275.591,0.9686323713927228,,0.0
2025-02-17,31.1,31.66,31.8,30.64,36236.36,116992.034,0.9693815064298836,,0.0
2025-02-18,31.82,30.32,32.42,30.13,39569.96,126858.662,0.9680715197956578,,0.0
2025-02-19,30.32,31.25,31.450000000000003,30.3,36397.59,116480.447,0.9689922480620154,,0.0
2025-02-20,31.25,31.11,31.98,30.68,40848.62,132307.746,0.9688570538772968,,0.0
2025-02-21,31.0,30.75,31.31,30.55,32768.73,104248.339,0.968503937007874,,0.0
2025-02-24,30.3,29.74,30.5,29.34,41399.34,127946.562,0.9674690956408588,,0.0
2025-02-25,29.68,29.96,30.74,29.11,34231.0,106199.173,0.9677002583979328,,0.0
2025-02-26,30.1,31.74,32.23,30.01,50523.37,163162.314,0.969456322541234,,0.0
2025-02-27,31.48,32.16,33.49,31.48,60850.22,203509.665,0.9698431845597104,,0.0
2025-02-28,32.32,35.48,35.48,30.71,56898.12,193385.855,0.9725877192982456,,0.0
2025-03-03,35.48,39.13,39.13,34.0,89579.22,331333.083,0.975080986792923,,0.0
2025-03-04,39.13,43.14,43.14,38.2,38738.64,164897.402,0.9773448119619392,,0.0
2025-03-05,45.21,40.01,47.07,39.22,141315.24,621062.963,0.9756157034869544,,0.0
2025-03-06,38.47,42.58,44.11,38.47,140405.96,605561.175,0.9770536943552088,,0.0
2025-03-07,41.17,46.94,46.94,41.0,135118.96,621631.551,0.9791405924071755,,0.0
2025-03-10,45.0,42.55,45.71,42.15,104720.2,465463.417,0.9770378874856488,,0.0
2025-03-11,43.25,43.1,44.55,41.58,68714.24,300429.571,0.9773242630385488,,0.0
2025-03-12,44.0,47.51,47.51,43.0,83461.0,381560.366,0.979385693671408,,0.0
2025-03-13,48.95,44.56,49.9,43.4,86426.25,405097.373,0.9780509218612818,,0.0
2025-03-14,44.0,42.97,44.28,41.95,54727.1,239689.376,0.9772572208323858,,0.0
2025-03-17,43.04,43.43,43.87,41.88,54081.69,237008.127,0.9774926851226649,,0.0
2025-03-18,43.43,47.87,47.87,43.15,61363.76,284494.996,0.979537548598322,,0.0
2025-03-19,51.29,47.72,51.29,45.92,79181.1,393341.295,0.9794745484400657,,0.0
2025-03-20,47.67,49.77,52.0,46.88,67808.35,340900.934,0.9803033287374434,,0.0
2025-03-21,48.39,48.15,49.7,47.0,45149.3,222341.001,0.9796541200406916,,0.0
2025-03-24,47.66,53.07,53.07,47.52,74321.73,394240.419,0.9815054558905124,,0.0
2025-03-25,53.62,52.25,57.9,51.8,86905.37,489060.926,0.9812206572769951,,0.0
2025-03-26,51.0,50.2,55.97,49.6,67838.23,361274.491,0.98046875,,0.0
2025-03-27,48.94,48.3,50.59,46.99,60368.21,298394.814,0.9797160243407708,,0.0
2025-03-28,47.54,45.1,48.58,44.0,49246.0,232053.747,0.9783080260303688,,0.0
2025-03-31,44.64,43.96,44.69,42.81,32338.88,144283.964,0.9777580071174378,,0.0
2025-04-01,44.96,42.9,45.0,42.3,28430.0,126093.787,0.9772209567198178,,0.0
2025-04-02,43.55,42.65,43.99,42.51,21235.0,93621.365,0.97709049255441,,0.0
2025-04-03,42.22,40.89,42.22,40.3,28768.0,121277.664,0.976127954165672,,0.0
2025-04-07,37.95,36.7,38.88,36.7,10715.88,41182.155,0.973474801061008,,0.0
2025-04-08,35.0,33.92,36.01,32.93,43370.0,150082.513,0.9713631156930126,,0.0
2025-04-09,32.51,34.6,34.98,30.65,44844.0,152743.082,0.9719101123595506,,0.0
2025-04-10,35.4,38.16,38.16,35.4,28929.86,109639.091,0.9744637385086824,,0.0
2025-04-11,37.7,37.83,38.5,36.9,49620.86,192790.655,0.9742467164563482,,0.0
2025-04-14,38.0,37.68,39.03,37.54,37014.0,145113.829,0.9741468459152016,,0.0
2025-04-15,37.87,37.5,38.31,36.88,20700.0,79371.443,0.974025974025974,,0.0
2025-04-16,37.5,35.63,37.5,35.01,24204.0,89326.775,0.9726999726999728,,0.0
2025-04-17,35.45,35.47,36.5,35.38,17761.0,65425.333,0.9725802029064984,,0.0
2025-04-18,35.53,35.85,36.25,35.3,18834.0,69227.034,0.9728629579375848,,0.0
2025-04-21,35.75,37.3,37.39,35.52,24587.25,92738.151,0.9738903394255874,,0.0
2025-04-22,39.1,38.15,39.53,37.93,44665.0,176747.656,0.9744572158365262,,0.0
2025-04-23,38.17,40.87,41.39,38.15,51298.25,210442.608,0.9761165512299976,,0.0
2025-04-24,40.5,40.33,41.34,40.1,26094.0,108713.914,0.9758045003629324,,0.0
2025-04-25,40.29,40.25,41.06,39.26,23017.0,94866.143,0.9757575757575756,,0.0
2025-04-28,39.81,39.39,40.46,39.3,15403.0,62652.744,0.975241396385244,,0.0
2025-04-29,39.39,41.0,42.06,39.02,30662.0,128824.95,0.9761904761904762,,0.0
2025-04-30,40.89,42.11,42.84,40.89,34406.01,147970.312,0.9768035258640688,,0.0
2025-05-06,42.9,46.42,46.42,41.75,48279.0,217971.482,0.9789118515394348,,0.0
2025-05-07,49.0,49.36,51.15,47.95,74094.48,374037.249,0.9801429706115964,,0.0
2025-05-08,50.68,52.3,54.4,50.0,91442.75,488332.685,0.9812382739212008,,0.0
2025-05-09,52.71,52.04,54.38,51.0,75479.0,405310.32,0.9811463046757164,,0.0
2025-05-12,52.57,53.9,55.5,52.52,50749.0,279644.887,0.9817850637522768,,0.0
2025-05-13,53.89,51.37,54.09,51.0,45106.25,239623.052,0.9809050983387436,,0.0
2025-05-14,51.61,51.66,52.19,50.01,31187.75,162563.261,0.9810102544625902,,0.0
2025-05-15,51.44,50.44,53.07,50.0,34358.75,178885.844,0.9805598755832036,,0.0
2025-05-16,50.21,50.35,52.37,49.5,26825.0,139913.917,0.9805258033106136,,0.0
2025-05-19,49.92,49.85,51.1,48.38,28687.0,144216.715,0.9803343166175024,,0.0
2025-05-20,50.05,48.89,50.25,48.45,23463.0,117131.932,0.9799559029865704,,0.0
2025-05-21,49.15,48.1,49.46,47.66,16762.0,82590.263,0.979633401221996,,0.0
2025-05-22,47.65,47.11,48.47,47.03,13321.0,64826.712,0.9792143005612138,,0.0
2025-05-23,47.09,46.3,49.17,46.3,30705.0,149065.221,0.9788583509513742,,0.0
2025-05-26,46.27,46.28,46.9,45.85,18609.0,88054.964,0.978849407783418,,0.0
2025-05-27,46.47,45.3,46.47,44.9,12711.0,58942.972,0.978401727861771,,0.0
2025-05-28,45.39,44.23,46.28,43.96,23885.0,109397.131,0.97789078045545,,0.0
2025-05-29,44.38,44.53,45.06,44.07,20029.0,91281.308,0.9780364594772676,,0.0
2025-05-30,44.24,42.85,44.5,42.54,18645.0,82253.029,0.9771949828962372,,0.0
2025-06-03,42.8,42.5,43.2,42.33,16439.0,71793.738,0.9770114942528736,,0.0
2025-06-04,42.39,42.69,42.85,42.28,11481.0,50046.547,0.9771114671549552,,0.0
2025-06-05,42.8,42.45,43.19,41.8,24278.21,105462.556,0.9769850402761796,,0.0
2025-06-06,42.4,42.42,42.67,41.86,14546.21,62938.274,0.9769691386457854,,0.0
2025-06-09,42.4,41.98,42.74,41.72,20127.0,86817.66,0.9767333643555142,,0.0
2025-06-10,42.35,41.55,42.35,40.74,18737.0,79329.951,0.9764982373678026,,0.0
2025-06-11,41.56,41.59,42.11,41.4,15730.75,67286.663,0.9765203099319087,,0.0
2025-06-12,41.24,41.66,41.98,40.96,13268.01,56478.654,0.976558837318331,,0.0
2025-06-13,41.72,41.0,41.98,40.53,14033.75,58409.672,0.9879518072289156,,0.0
2025-06-16,40.96,41.17,41.6,40.73,11676.0,48733.235,0.988000959923206,,0.0
2025-06-17,41.17,40.17,41.36,39.98,15835.0,64919.859,0.9877059257437916,,0.0
2025-06-18,40.14,40.07,40.21,39.55,11053.0,44689.144,0.9876756223810698,,0.0
2025-06-19,40.08,39.91,41.19,39.85,18285.0,75028.913,0.987626825043306,,0.0
2025-06-20,40.1,39.3,40.41,39.23,14086.9,56502.298,0.9874371859296482,,0.0
2025-06-23,38.93,39.45,39.7,38.93,13277.0,52907.983,0.9874843554443054,,0.0
2025-06-24,39.71,41.7,42.39,39.71,36265.89,151224.81,0.9881516587677726,,0.0
2025-06-25,41.7,42.17,42.98,41.53,28234.21,120440.06,0.9882821654558238,,0.0
2025-06-26,42.3,41.1,42.3,40.91,21379.0,89788.431,0.9879807692307692,,0.0
2025-06-27,41.27,41.4,41.65,40.91,14208.0,59361.086,0.9880668257756564,,0.0
2025-06-30,41.33,41.89,42.29,41.03,15356.0,65018.926,0.9882047652748288,,0.0
2025-07-01,42.0,42.78,43.25,41.77,26509.0,113979.73,0.9884473197781886,,0.0
2025-07-02,42.86,41.7,43.24,41.46,20108.88,85777.947,0.9881516587677726,,0.0
2025-07-03,41.71,41.64,42.49,41.43,14082.0,59654.378,0.9881347887992408,,0.0
2025-07-04,41.66,40.28,41.85,40.02,24681.0,101522.438,0.9877390877881316,,0.0
2025-07-07,40.28,40.01,40.29,39.7,13464.21,54429.297,0.9876573685509752,,0.0
2025-07-08,40.08,40.47,40.54,39.8,12892.0,52568.896,0.9877959482548206,,0.0
2025-07-09,41.5,40.94,42.79,40.78,34416.0,145200.803,0.987934362934363,,0.0
2025-07-10,41.23,40.48,41.23,40.18,17081.0,70138.358,0.9877989263055148,,0.0
2025-07-11,40.45,40.65,40.97,40.11,14213.0,58235.259,0.9878493317132442,,0.0
2025-07-14,40.59,42.32,42.9,40.53,39666.0,169285.035,0.988323213451658,,0.0
2025-07-15,41.91,41.87,42.32,41.17,24535.0,103620.919,0.9881991975454332,,0.0
2025-07-16,41.88,42.87,43.83,41.66,35509.0,154218.687,0.9884712935208668,,0.0
2025-07-17,42.88,43.0,43.55,42.51,23699.0,103284.27,0.9885057471264368,,0.0
2025-07-18,42.99,42.32,43.1,41.92,20504.0,87719.238,0.988323213451658,,0.0
2025-07-21,42.32,42.38,43.16,42.2,19558.0,84283.991,0.988339552238806,,0.0
2025-07-22,42.3,41.94,42.5,41.72,16117.0,68550.479,0.9882186616399624,,0.0
2025-07-23,41.94,41.79,42.23,41.31,12323.53,52081.778,0.9881768739654764,,0.0
2025-07-24,41.79,41.59,42.18,41.42,17601.0,74188.871,0.9881206937514848,,0.0
2025-07-25,41.42,43.04,43.9,40.55,53503.59,228666.723,0.9885163068442812,,0.0
2025-07-28,43.92,44.96,45.65,42.5,57471.0,257828.533,0.989001319841619,,0.0
2025-07-29,44.69,43.67,44.71,43.18,35414.6,156649.696,0.9886800996151234,,0.0
2025-07-30,43.71,43.22,44.95,42.78,29614.66,130710.883,0.9885635864592864,,0.0
2025-07-31,43.08,43.48,44.99,42.92,36483.0,162202.204,0.988631195998181,,0.0
2025-08-01,43.39,43.78,44.79,42.58,35373.28,156019.253,0.9887082204155376,,0.0
2025-08-04,43.83,45.23,46.0,43.16,38825.0,176604.144,0.9890662584736496,,0.0
2025-08-05,45.34,44.93,45.7,44.61,25889.0,117999.737,0.988994056790667,,0.0
2025-08-06,44.7,46.61,47.0,44.7,40893.74,190287.806,0.9893865421354278,,0.0
2025-08-07,46.61,45.75,46.62,45.61,27712.66,128622.233,0.9891891891891892,,0.0
2025-08-08,45.51,45.38,45.7,45.0,15170.66,69541.718,0.9891020052310376,,0.0
2025-08-11,45.75,45.65,46.3,45.4,19552.87,90683.28,0.9891657638136512,,0.0
2025-08-12,45.66,45.05,45.96,44.83,17175.34,78416.94,0.9890230515916576,,0.0
2025-08-13,45.04,45.23,45.88,44.18,22952.41,104097.58,0.9890662584736496,,0.0
2025-08-14,45.2,44.04,45.27,43.82,21851.0,97980.007,0.988774135608442,,0.0
2025-08-15,43.86,48.49,48.49,43.86,43456.0,205867.922,0.989793835476628,,0.0
2025-08-18,49.08,51.05,52.3,48.61,76231.0,389574.992,0.9903006789524732,,0.0
2025-08-19,51.04,50.27,51.06,49.96,45640.75,232228.792,0.9901516643687216,,0.0
2025-08-20,49.84,49.78,50.6,49.24,24006.0,120693.091,0.9900556881463802,,0.0
2025-08-21,49.9,50.23,50.87,49.68,32993.0,167466.376,0.9901438990735264,,0.0
2025-08-22,49.73,47.44,49.73,47.01,51478.0,248299.004,0.9895702962035878,,0.0
2025-08-25,47.21,47.27,47.87,46.43,31768.34,151502.718,0.9895331798199708,,0.0
2025-08-26,47.0,47.31,47.65,46.58,21697.0,103356.906,0.9895419368332984,,0.0
2025-08-27,47.15,47.7,47.86,46.72,28982.0,138643.049,0.9896265560165975,,0.0
2025-08-28,47.5,45.82,47.5,43.72,37045.12,171084.935,0.9892055267702936,,0.0
2025-08-29,45.49,44.55,45.74,44.5,17216.0,78006.448,0.9889012208657048,,0.0
2025-09-01,44.66,44.89,45.1,44.1,14824.38,66937.581,0.988984357788059,,0.0
2025-09-02,44.9,45.46,46.87,44.0,31862.0,145884.634,0.9891209747606614,,0.0
2025-09-03,45.6,46.3,46.85,45.15,31581.53,147712.472,0.9893162393162394,,0.0
2025-09-04,45.91,46.46,47.2,45.65,29852.35,140491.431,0.9893526405451448,,0.0
2025-09-05,46.38,47.5,47.5,45.4,25319.32,120014.337,0.9895833333333334,,0.0
2025-09-08,47.31,46.95,47.76,46.6,19876.09,94434.853,0.9894625922023182,,0.0
2025-09-09,46.86,46.16,46.97,45.86,14939.0,69925.256,0.9892841834547792,,0.0
2025-09-10,46.17,46.92,49.39,46.05,50487.1,242130.008,0.9894559257697174,,0.0
2025-09-11,46.3,45.77,46.69,44.91,27262.06,125394.49,0.9891938621136804,,0.0
2025-09-12,45.98,45.7,46.85,45.31,20145.01,93394.105,0.9891774891774892,,0.0
2025-09-15,46.6,50.32,50.32,46.6,65478.96,327215.735,0.9901613537977174,,0.0
2025-09-16,50.36,52.12,52.5,49.05,89062.56,460047.015,0.9904979095400988,,0.0
2025-09-17,53.17,52.31,53.7,51.87,62794.71,333786.052,0.9905320961939028,,0.0
2025-09-18,52.42,51.52,53.6,51.11,50833.87,267875.92,0.99038831218762,,0.0
2025-09-19,51.2,52.22,53.29,51.2,32667.0,172698.444,0.99051593323217,,0.0
2025-09-22,53.12,52.89,55.5,52.25,38139.29,205158.339,0.990634950365237,,0.0
2025-09-23,52.63,53.78,54.72,52.51,44917.0,242821.011,0.9907885040530582,,0.0
2025-09-24,53.4,52.88,53.71,52.43,25037.01,134149.688,0.9906331959535406,,0.0
2025-09-25,52.86,56.03,58.09,52.85,69344.0,390747.814,0.9911551388643198,,0.0
2025-09-26,56.03,58.03,59.38,54.53,60751.11,349239.697,0.9914573722877156,,0.0
2025-09-29,57.54,59.26,59.5,56.5,51431.95,302217.414,0.9916331994645248,,0.0
2025-09-30,59.18,61.49,61.95,57.0,52131.72,312235.724,0.9919341829327312,,0.0
2025-10-09,60.53,65.72,66.73,59.5,53396.76,338221.613,0.9924494110540624,,0.0
2025-10-10,64.49,65.05,70.19,64.01,60691.0,410222.064,0.992372234935164,,0.0
2025-10-13,61.02,67.8,68.88,61.02,43087.1,286101.529,0.9926793557833088,,0.0
2025-10-14,67.8,66.6,70.0,65.94,38168.9,261135.25,0.992548435171386,,0.0
2025-10-15,66.16,73.31,73.31,65.98,34272.84,245281.267,0.9932258501558054,,0.0
2025-10-16,74.38,78.14,80.69,73.5,76268.37,590628.632,0.9936419125127162,,0.0
2025-10-17,78.14,73.25,78.77,72.32,44654.34,334802.904,0.9932203389830508,,0.0
2025-10-20,74.65,69.7,74.82,68.57,50400.07,357195.838,0.9928774928774928,,0.0
2025-10-21,68.54,69.14,69.53,67.84,27929.0,193576.86,0.9928202182653648,,0.0
2025-10-22,68.61,68.5,69.97,66.5,31063.0,213138.313,0.9927536231884058,,0.0
2025-10-23,68.36,68.49,68.77,66.16,20585.0,139872.558,0.992752572836643,,0.0
2025-10-24,68.54,71.01,71.84,67.29,26184.0,186186.977,0.993007970913159,,0.0
2025-10-27,72.12,78.16,78.16,72.12,12383.86,96077.561,0.9936435291126366,,0.0
2025-10-28,78.24,86.03,86.03,78.17,51889.92,431847.577,0.9942216572287068,,0.0
2025-10-29,85.34,80.33,86.84,78.35,58574.06,481402.952,0.9938141779042434,,0.0
2025-10-30,79.53,82.57,84.57,77.5,49770.0,410458.657,0.9939809798964728,,0.0
2025-10-31,81.5,80.37,84.37,79.2,34733.0,284614.359,0.9938172375417336,,0.0
2025-11-03,82.41,78.92,82.41,78.53,18632.0,149190.044,0.993704356585243,,0.0
2025-11-04,79.27,76.0,80.17,74.98,28220.0,216806.141,0.9934640522875816,,0.0
2025-11-05,75.5,78.49,78.67,74.65,23688.0,183704.663,0.9936700848208634,,0.0
2025-11-06,78.59,78.96,80.06,77.4,24312.0,193360.111,0.9937075257991442,,0.0
2025-11-07,78.1,75.21,78.77,75.21,21428.0,165370.304,0.99339585259543,,0.0
2025-11-10,75.38,72.72,76.0,71.63,19923.0,145949.782,0.993171264681781,,0.0
2025-11-11,72.97,71.46,73.72,71.01,10707.0,77627.25,0.9930516953863258,,0.0
2025-11-12,71.8,68.07,71.8,67.5,19022.0,132203.119,0.9927081814204464,,0.0
2025-11-13,68.06,68.13,68.69,67.31,17115.0,116902.743,0.9927145563164796,,0.0
2025-11-14,67.46,67.84,70.2,66.54,22639.0,156637.677,0.9926836406204272,,0.0
2025-11-17,67.87,69.18,69.93,67.36,14224.0,98329.761,0.9928243398392652,,0.0
2025-11-18,67.5,64.94,67.99,63.33,26199.0,171877.131,0.992359413202934,,0.0
2025-11-19,65.06,64.43,66.4,64.2,12569.0,82361.251,0.9922993993531496,,0.0
2025-11-20,64.44,63.24,65.19,62.98,8704.0,55729.04,0.9921556322560402,,0.0
2025-11-21,62.61,59.65,63.47,59.01,24263.0,148004.556,0.9916874480465504,,0.0
2025-11-24,60.86,59.84,60.97,59.16,13748.0,82960.97,0.99171362280411,,0.0
2025-11-25,60.84,61.09,62.58,59.55,17525.54,108339.784,0.9918817989933432,,0.0
2025-11-26,61.49,62.12,63.2,60.32,19572.06,121871.89,0.9920153305653144,,0.0
2025-11-27,61.77,61.81,63.6,61.55,11666.0,73368.458,0.9919756058417588,,0.0
2025-11-28,61.81,66.16,66.98,61.16,31757.0,206556.099,0.9924992499249924,,0.0
2025-12-01,65.68,65.35,67.65,64.52,23916.0,158243.275,0.9924069855732726,,0.0
2025-12-02,65.68,61.95,66.0,61.81,23675.0,150605.442,0.9919935948759008,,0.0
2025-12-03,61.97,63.22,64.3,61.97,22427.0,142804.845,0.9921531701192718,,0.0
2025-12-04,64.5,59.3,64.68,58.86,36693.0,223546.385,0.991638795986622,,0.0
2025-12-05,59.08,57.96,59.29,56.91,27932.0,163688.016,0.9914471433458776,,0.0
2025-12-08,58.02,60.42,61.16,57.75,21848.0,131078.244,0.9917925147734734,,0.0
2025-12-09,60.03,64.01,66.1,59.73,39904.1,255970.547,0.9922492636800496,,0.0
2025-12-10,64.03,64.56,65.8,63.26,27799.0,180762.03,0.9923147863510604,,0.0
2025-12-11,64.56,61.75,65.23,61.75,21775.0,138490.263,0.9919678714859438,,0.0
2025-12-12,61.4,67.98,67.98,61.4,24895.0,166871.827,0.9926985981308412,,0.0
2025-12-15,67.92,64.5,68.73,63.02,52455.0,340418.356,0.9923076923076924,,0.0
2025-12-16,63.49,59.97,63.89,59.62,30236.0,186488.811,0.991731437076236,,0.0
2025-12-17,60.46,63.29,63.85,59.31,37379.0,232815.638,0.9921617808433923,,0.0
2025-12-18,63.28,62.55,65.05,61.51,26903.0,171984.315,0.9920697858842188,,0.0
2025-12-19,62.56,65.81,67.88,62.22,37462.0,246314.037,0.9924596591765948,,0.0
2025-12-22,69.19,67.3,70.5,65.1,38837.86,261741.073,0.9926253687315634,,0.0
2025-12-23,67.41,66.37,67.5,65.3,26047.88,174260.4,0.9925228054433975,,0.0
2025-12-24,66.48,66.15,66.48,65.0,20909.0,138826.654,0.9924981245311328,,0.0
2025-12-25,66.5,69.19,70.39,66.5,34614.0,239175.858,0.9928253694934712,,0.0
2025-12-26,68.91,66.11,68.91,65.6,32007.93,215403.985,0.9924936195766402,,0.0
2025-12-29,67.0,72.77,72.77,66.02,44464.12,314849.91,0.9931759246622084,,0.0
2025-12-30,72.5,76.05,80.1,71.0,80879.0,615833.572,0.9934683213585892,,0.0
2025-12-31,76.22,78.11,79.5,73.87,52680.26,409374.709,0.9936394860704744,,0.0
2026-01-05,77.49,77.31,78.11,74.11,38101.86,291355.243,0.9935740907338388,,0.0
2026-01-06,76.49,75.8,79.49,74.05,38669.0,295307.336,0.9934469200524246,,0.0
2026-01-07,75.5,73.48,75.5,72.2,36930.86,272836.473,0.9932414165990808,,0.0
2026-01-08,72.75,73.52,74.0,72.5,22302.86,164876.532,0.9932450689002972,,0.0
2026-01-09,73.51,72.17,73.51,71.0,24529.86,178483.35,0.9931195816705656,,0.0
2026-01-12,72.05,71.46,72.08,67.92,46448.86,325818.85,0.9930516953863258,,0.0
2026-01-13,70.78,69.27,71.77,68.83,25405.0,180005.197,0.9928335961014764,,0.0
2026-01-14,69.27,70.63,70.99,69.23,23534.53,165980.584,0.9929706171798116,,0.0
2026-01-15,70.4,68.97,71.06,68.5,23374.41,164038.904,0.992802648625306,,0.0
2026-01-16,69.33,73.83,74.5,69.27,41393.52,302312.062,0.9932732409525092,,0.0
2026-01-19,73.55,73.23,74.67,72.32,24279.0,179240.501,0.993218499932185,,0.0
2026-01-20,73.23,70.16,73.23,69.5,22321.71,159434.02,0.9929238607415792,,0.0
2026-01-21,68.18,70.84,71.49,68.06,15847.5,112110.991,0.992991309223437,,0.0
2026-01-22,70.92,74.85,76.38,70.92,43522.27,327119.172,0.993364299933643,,0.0
2026-01-23,74.86,73.2,76.8,72.4,28664.0,212883.575,0.9932157394843962,,0.0
2026-01-26,73.16,69.85,73.16,69.31,22474.0,159567.585,0.9928926794598436,,0.0
2026-01-27,69.84,70.63,71.2,67.56,19005.51,133124.822,0.9929706171798116,,0.0
2026-01-28,70.29,69.33,70.5,69.1,13005.0,90897.956,0.9928397536875267,,0.0
2026-01-29,68.8,65.61,69.35,65.56,20172.0,136671.401,0.9924368476781122,,0.0
2026-01-30,65.39,66.26,66.48,64.0,12826.0,84216.458,0.9925104853205512,,0.0
2026-02-02,66.63,64.6,66.65,64.56,11000.0,72606.106,0.9923195084485408,,0.0
2026-02-03,64.93,66.4,66.44,64.57,11176.0,73786.503,0.992526158445441,,0.0
2026-02-04,66.49,66.52,68.0,66.1,10709.0,72168.159,0.9925395404356908,,0.0
2026-02-05,66.5,65.62,66.5,65.57,7100.0,47098.856,0.9924379915305506,,0.0
2026-02-06,65.91,66.3,67.64,64.68,11661.29,78290.213,0.9925149700598802,,0.0
2026-02-09,66.57,68.5,68.65,66.31,15049.2,102502.633,0.9927536231884058,,0.0
2026-02-10,68.49,67.81,68.58,67.51,9863.0,67451.608,0.9926804274630362,,0.0
2026-02-11,68.24,67.88,69.74,67.52,14077.0,97479.586,0.9926879204445744,,0.0
2026-02-12,67.88,68.85,69.31,67.48,11718.27,81022.953,0.992790194664744,,0.0
2026-02-13,68.86,68.74,69.98,68.3,10190.0,71229.019,0.9927787406123628,,0.0
2026-02-24,70.08,66.88,70.08,66.37,14203.0,95973.833,0.9925794004155536,,0.0
2026-02-25,67.18,66.29,67.18,66.0,12901.0,86463.524,0.9925138493786496,,0.0
2026-02-26,66.31,66.41,66.44,65.71,7881.0,52545.073,0.9925272754446272,,0.0
2026-02-27,66.39,65.45,66.39,65.29,7775.86,51345.37,0.9924184988627748,,0.0
2026-03-02,64.5,61.53,64.52,61.42,22142.0,139543.788,0.9919393841689506,,0.0
2026-03-03,61.53,58.9,62.5,58.9,14368.53,87577.309,0.9915824915824916,,0.0
2026-03-04,58.5,59.1,59.2,57.58,11134.86,65944.757,0.9916107382550337,,0.0
2026-03-05,60.5,59.85,60.5,59.31,9841.0,59234.526,0.991714995857498,,0.0
2026-03-06,59.86,61.22,61.39,59.41,8153.0,50150.085,0.991898898250162,,0.0
2026-03-09,59.9,59.1,59.9,57.65,13085.97,77419.889,0.9916107382550337,,0.0
2026-03-10,60.0,60.75,61.05,59.2,14100.0,85830.389,0.9918367346938776,,0.0
2026-03-11,60.86,60.3,61.39,59.86,9719.63,59398.58,0.9917763157894736,,0.0
2026-03-12,60.41,59.34,60.62,59.08,7635.93,45858.029,0.991644385026738,,0.0
2026-03-13,59.01,59.17,59.88,58.97,5969.0,35769.701,0.991620579855874,,0.0
2026-03-16,59.1,59.36,59.67,58.0,6995.0,41452.538,0.99164717674574,,0.0
2026-03-17,59.92,58.18,59.92,58.12,6352.0,37685.038,0.9914792092706204,,0.0
2026-03-18,57.68,58.66,58.94,57.68,5896.01,34709.566,0.9915483434753212,,0.0
2026-03-19,58.08,57.17,58.39,56.78,9789.0,56741.167,0.991329980925958,,0.0
2026-03-20,57.5,55.32,57.5,55.27,8999.7,51052.787,0.9910426370476532,,0.0
2026-03-23,54.34,52.36,55.47,52.0,10372.97,56311.622,0.990541051835036,,0.0
2026-03-24,53.48,53.31,53.87,52.02,10022.0,53542.439,0.990708046831444,,0.0
2026-03-25,53.32,53.56,54.18,52.95,11912.7,64386.123,0.9907510173880874,,0.0
2026-03-26,53.7,53.01,54.94,52.96,10955.7,59605.195,0.990655952158475,,0.0
2026-03-27,52.4,52.49,53.28,51.86,11108.0,59191.878,0.990564257407058,,0.0
2026-03-30,53.92,54.6,55.5,52.76,21765.0,118763.851,0.9909255898366606,,0.0
2026-03-31,55.51,60.11,60.11,53.48,51880.43,297459.563,0.991750536215146,,0.0
2026-04-01,63.49,59.47,63.5,58.48,58905.84,361789.391,0.9916624979156244,,0.0
2026-04-02,58.5,61.0,61.3,57.31,43976.87,264231.955,0.991869918699187,,0.0
2026-04-03,60.38,61.59,63.05,60.07,38582.25,239547.76,0.9919471734578836,,0.0
2026-04-07,63.71,60.8,63.71,59.13,32074.52,197386.761,0.9918433931484504,,0.0
2026-04-08,61.02,63.17,64.05,59.52,42269.51,263474.661,0.9921470080100518,,0.0
2026-04-09,61.52,60.5,62.0,60.5,25981.01,159761.315,0.9918032786885246,,0.0
2026-04-10,60.5,59.9,60.94,59.69,19232.18,116721.52,0.9917218543046358,,0.0
2026-04-13,59.6,57.7,59.67,57.62,19119.7,111870.508,0.9914089347079038,,0.0
2026-04-14,57.83,58.45,58.77,56.9,18342.01,107040.748,0.991518235793045,,0.0
2026-04-15,58.45,59.01,60.11,58.17,15349.39,91478.997,0.9915980507477736,,0.0
2026-04-16,58.98,60.1,60.25,58.63,16671.2,100516.711,0.9917491749174916,,0.0
2026-04-17,59.63,61.18,62.16,58.99,21475.39,131017.315,0.99189364461738,,0.0
2026-04-20,59.92,60.66,61.36,59.19,20127.0,121739.119,0.9918247220405494,,0.0
2026-04-21,60.55,59.2,60.7,59.2,12240.0,72854.569,1.0,,0.0
2026-04-22,58.9,57.6,58.9,57.3,14727.03,85145.641,1.0,,0.0
2026-04-23,57.49,56.11,57.55,55.8,12516.56,70408.407,1.0,,0.0
2026-04-24,56.39,55.72,56.39,55.19,7895.2,43997.916,1.0,,0.0
2026-04-27,55.55,56.54,56.59,54.6,10129.0,56684.008,1.0,,0.0
2026-04-28,55.61,53.42,56.5,53.01,16806.81,90812.472,1.0,,0.0
2026-04-29,53.06,54.36,54.64,53.06,7710.0,41620.499,1.0,,0.0
2026-04-30,54.3,56.3,56.88,53.91,16927.0,94451.974,1.0,,0.0
2026-05-06,57.98,56.5,58.39,56.47,16057.46,92165.085,1.0,,0.0
2026-05-07,56.49,56.42,57.0,55.74,12839.36,72396.649,1.0,,0.0
2026-05-08,56.0,58.1,58.55,55.81,19383.52,111775.614,1.0,,0.0
2026-05-11,58.1,56.12,58.1,56.09,184358000.0,1045368420.0,1.0,,0.0
2026-05-12,56.12,54.64,56.73,54.54,13848.0,76603.594,1.0,,0.0
2026-05-13,54.66,54.19,54.7,54.01,8524.0,46290.019,1.0,,0.0
2026-05-14,54.18,52.6,54.18,52.5,13390.83,71184.306,1.0,,0.0
2026-05-15,52.62,55.11,55.87,52.38,19352.25,105213.16,1.0,,0.0
2026-05-18,55.86,57.08,57.9,54.84,22438.65,126220.444,1.0,,0.0
2026-05-19,56.86,58.28,58.68,56.06,23372.0,134728.343,1.0,,0.0
2026-05-20,57.7,58.01,58.49,56.78,17157.0,98837.221,1.0,,0.0
2026-05-21,58.02,57.7,60.05,57.32,20889.0,122558.351,1.0,,0.0
2026-05-22,57.65,56.88,58.25,56.77,13687.0,78420.552,1.0,,0.0
2026-05-25,56.68,57.33,58.59,55.5,19946.0,113915.167,1.0,,0.0
2026-05-26,57.0,56.74,58.04,56.02,14974.0,85605.532,1.0,,0.0
2026-05-27,56.5,58.3,59.47,55.91,29516.05,171339.469,1.0,,0.0
2026-05-28,58.37,61.66,61.66,57.94,42730.86,255584.5,1.0,,0.0
2026-05-29,61.3,61.57,63.7,60.2,36529.18,226080.829,1.0,,0.0
2026-06-01,60.66,62.56,64.48,60.5,29898.55,187255.98067,1.0,,0.0
2026-06-02,62.57,63.08,63.68,61.1,24422.36,152980.0268,1.0,,0.0
2026-06-03,62.6,64.73,64.89,62.25,25714.0,164098.655,1.0,,0.0
2026-06-04,64.48,67.3,67.5,63.5,35836.0,234922.292,1.0,,0.0
2026-06-05,66.1,60.57,66.1,60.57,41735.66,255882.197,1.0,,0.0
2026-06-08,57.22,55.3,58.99,55.0,26971.0,152261.2439,1.0,,0.0
2026-06-09,56.48,56.86,58.63,54.97,23101.0,132198.895,1.0,,0.0
2026-06-10,56.39,52.92,56.39,52.87,22509.37,121858.46324,1.0,,0.0
2026-06-11,52.72,50.49,52.72,49.57,19861.0,100780.602,1.0,,0.0
2026-06-12,50.99,48.89,51.39,48.71,14895.66,74148.40716,1.0,,0.0
2026-06-15,49.18,49.75,50.87,48.9,13194.0,65900.943,1.0,,0.0
2026-06-16,49.76,52.13,53.05,48.5,25030.0,128223.823,1.0,,0.0
2026-06-17,51.6,51.5,52.52,50.4,14163.0,72814.325,1.0,,0.0
2026-06-18,51.47,52.44,52.95,50.81,13567.0,70510.975,1.0,,0.0
2026-06-22,51.99,50.58,52.36,49.9,16999.0,86070.25,1.0,,0.0
2026-06-24,51.11,51.66,53.9,50.08,20321.68,105285.7478,1.0,,0.0
2026-06-25,51.48,52.12,53.64,50.41,21555.0,112199.674,1.0,,0.0
2026-06-26,52.0,57.33,57.33,51.8,35882.0,198585.15,1.0,,0.0
2026-06-29,56.5,55.99,58.32,54.33,29089.0,162223.1987,1.0,,0.0
2026-06-30,55.99,54.51,55.99,54.2,21775.0,119221.38,1.0,,0.0
2026-07-01,55.12,58.7,59.45,55.12,31496.81,181759.919,1.0,,0.0
2026-07-03,58.0,59.89,61.24,57.1,25757.0,153499.975,1.0,,0.0
2026-07-06,59.29,64.06,65.81,59.2,40072.82,255759.2395,1.0,,0.0
2026-07-07,64.97,67.44,68.5,63.35,40832.0,271100.757,1.0,,0.0
2026-07-08,67.44,68.22,69.49,66.5,37668.21,258331.24116,1.0,,0.0
2026-07-09,68.22,69.5,69.88,65.66,35048.17,236922.4162,1.0,,0.0
2026-07-10,69.81,70.21,71.39,68.14,28777.29,201348.2279,1.0,,0.0
2026-07-14,67.51,71.0,71.0,64.37,37149.12,251511.329,1.0,,0.0
2026-07-15,69.42,70.0,70.7,66.19,30483.0,209238.003,1.0,,0.0
2026-07-16,69.04,68.85,70.51,68.02,17286.0,119641.24,1.0,,0.0
2026-07-17,68.5,61.97,69.5,61.97,21581.0,138818.581,1.0,,0.0
2026-07-20,61.56,61.26,66.26,59.68,43666.0,273819.054,1.0,,0.0
2026-07-21,61.88,67.39,67.39,58.64,31821.0,199299.086,1.0,,0.0
2026-07-22,67.63,68.77,69.8,66.41,25750.0,176866.877,1.0,,0.0
2026-07-23,69.9,69.84,71.39,67.67,20063.0,139547.17013,1.0,,0.0
2026-07-24,69.0,68.9,70.2,68.34,15662.17,108549.02875,1.0,,0.0
2026-07-27,68.63,64.43,68.69,62.5,26417.0,171413.891,1.0,,0.0
2026-07-28,64.64,62.26,64.74,61.3,18701.99,117359.32975,1.0,,0.0
2026-07-29,62.27,61.2,62.48,57.96,21129.99,125829.26466,1.0,,0.0
2026-07-30,60.39,55.12,61.7,55.08,18617.0,107058.119,1.0,,0.0
2026-07-31,56.01,56.74,57.78,54.01,20980.78,117298.21156,1.0,,0.0
2026-08-03,56.44,57.75,58.13,55.55,16029.0,91777.147,1.0,,0.0
2026-08-04,58.2,57.9,58.3,57.2,14328.0,82720.271,1.0,,0.0
2026-08-05,57.89,61.9,62.09,57.36,21772.44,129753.93832,1.0,,0.0
2026-08-06,61.01,60.75,62.84,59.96,14788.01,90590.68518,1.0,,0.0
2026-08-07,60.8,65.0,65.05,60.66,16944.01,106721.16246,1.0,,0.0
2026-08-10,65.01,63.53,65.45,62.05,16730.0,105555.734,1.0,,0.0
2026-08-11,62.87,65.0,65.03,62.2,10650.0,68128.985,1.0,,0.0
2026-08-12,65.0,66.68,66.68,63.68,21405.48,140658.22736,1.0,2.651,0.0
2026-08-13,66.74,63.6,66.88,62.8,16294.01,106227.8118,1.0,2.02,0.0
2026-08-14,63.73,65.16,66.66,63.03,22154.0,144991.043,1.0,2.74,0.0
2026-08-17,66.03,71.0,71.68,65.46,60749.0,430618.463,1.0,0.0,0.0
2026-08-18,71.0,71.01,72.5,68.18,57130.9,401442.828,1.0,0.0,0.0
2026-08-19,69.29,65.88,70.24,64.33,31730.0,212650.406,1.0,0.0,0.0
2026-08-20,67.14,65.54,67.75,64.73,15306.0,100450.316,1.0,1.8723,1.8956
2026-08-21,65.03,69.0,69.28,65.03,21246.42,144573.69076,1.0,2.599,2.6313
2026-08-24,68.8,64.58,69.0,63.13,16132.0,105123.527,1.0,1.9733,1.9979
2026-08-25,63.7,64.61,65.39,62.02,10522.0,67074.175,1.0,1.2871,1.3031
2026-08-26,65.3,63.96,65.3,63.34,5560.0,35553.367,1.0,0.6801,0.6886
2026-08-27,63.93,68.98,69.38,62.33,18936.0,126888.093,1.0,2.3163,2.3452
2026-08-28,68.5,68.37,70.35,67.61,17107.0,117613.718,1.0,2.0926,2.1187
2026-08-31,67.61,68.21,69.0,67.02,11465.0,78027.76,1.0,1.4024,1.4199
2026-09-01,69.11,68.23,69.84,67.38,10242.01,70031.22323,1.0,1.2528,1.2685
2026-09-02,67.9,67.41,68.73,66.0,8241.41,55455.49691,1.0,1.0081,1.0207
2026-09-03,67.57,66.74,67.85,66.33,6996.17,46855.7914,1.0,0.8558,0.8665
2026-09-04,67.0,66.76,68.0,66.15,10159.9,68306.5128,1.0,1.2428,1.2583
2026-09-07,66.36,69.64,70.81,66.34,20277.0,140760.237,1.0,2.4804,2.5113
2026-09-08,69.5,71.33,71.98,68.3,14163.5,100042.275,1.0,1.7325,1.7541
2026-09-09,72.75,75.92,77.88,72.0,40801.0,307257.193,1.0,4.9909,5.0532
2026-09-10,74.85,74.46,75.9,71.42,16757.0,124165.108,1.0,2.0498,2.0753
2026-09-11,73.73,72.82,74.38,71.25,16335.0,119354.699,1.0,1.9982,2.0231
2026-09-14,72.82,78.2,80.1,71.05,36558.0,283952.093,1.0,4.4719,4.5277
2026-09-15,79.79,76.7,80.0,75.65,25181.0,193996.843,1.0,3.0802,3.1186
2026-09-16,76.97,81.18,81.97,76.01,24524.0,196621.938,1.0,2.9999,3.0373
2026-09-17,81.18,83.52,84.27,80.28,26414.59,220254.46392,1.0,3.2311,3.2714
