date,open,close,high,low,volume,money,factor,turnover,turnover_free
2021-05-10,5.625,5.655,5.6850000000000005,5.535,69824.87,42490.314,0.9225122349102772,,0.0
2021-05-11,5.655,5.905,6.075,5.595000000000001,155048.4,97994.335,0.9255485893416928,,0.0
2021-05-12,5.825,5.875,5.9350000000000005,5.775,103607.47,65685.335,0.9251968503937008,,0.0
2021-05-13,5.815,5.865,6.025,5.805000000000001,101330.4,64765.723,0.9250788643533124,,0.0
2021-05-14,5.905,5.905,5.9350000000000005,5.825,76077.4,48362.817,0.9255485893416928,,0.0
2021-05-17,5.915,5.705,5.965000000000001,5.705,91723.4,57381.436,0.923139158576052,,0.0
2021-05-18,5.675000000000001,5.695,5.785,5.675000000000001,46049.0,28488.575,0.9230145867098866,,0.0
2021-05-19,5.715000000000001,5.745,5.785,5.655,50256.75,31205.055,0.9236334405144696,,0.0
2021-05-20,5.695,5.615,5.735,5.605,66585.2,40813.79,0.9220032840722496,,0.0
2021-05-21,5.585,5.535,5.6450000000000005,5.525,62429.9,37794.098,0.920965058236273,,0.0
2021-05-24,5.575,5.6450000000000005,5.6850000000000005,5.535,47824.0,29224.773,0.9223856209150328,,0.0
2021-05-25,5.665,5.665,5.695,5.595000000000001,43042.0,26337.223,0.9226384364820848,,0.0
2021-05-26,5.6850000000000005,5.705,5.775,5.655,71059.0,44010.485,0.923139158576052,,0.0
2021-05-27,5.695,5.7250000000000005,5.765000000000001,5.675000000000001,67297.0,41778.82,0.9233870967741936,,0.0
2021-05-28,5.765000000000001,5.625,5.765000000000001,5.605,76433.0,46970.965,0.9221311475409836,,0.0
2021-05-31,5.605,5.625,5.625,5.555000000000001,51551.07,31266.208,0.9221311475409836,,0.0
2021-06-01,5.615,5.705,5.735,5.575,83563.0,51544.566,0.923139158576052,,0.0
2021-06-02,5.735,5.635000000000001,5.735,5.625,55397.0,34005.258,0.9222585924713584,,0.0
2021-06-03,5.615,5.585,5.655,5.585,46636.4,28430.46,0.9216171617161716,,0.0
2021-06-04,5.635000000000001,5.605,5.6450000000000005,5.575,46947.6,28510.679,0.921875,,0.0
2021-06-07,5.605,5.615,5.655,5.575,44271.46,26916.481,0.9220032840722496,,0.0
2021-06-08,5.625,5.525,5.625,5.505000000000001,72722.4,43831.016,0.9208333333333334,,0.0
2021-06-09,5.525,5.535,5.575,5.4750000000000005,52949.03,31773.928,0.920965058236273,,0.0
2021-06-10,5.575,5.765000000000001,5.885000000000001,5.4750000000000005,207462.1,128746.947,0.9238782051282052,,0.0
2021-06-11,5.955,5.915,6.315,5.905,311880.8,204445.417,0.9256651017214398,,0.0
2021-06-15,5.825,5.765000000000001,5.9350000000000005,5.715000000000001,140340.78,87697.546,0.9238782051282052,,0.0
2021-06-16,5.755000000000001,5.675000000000001,5.805000000000001,5.635000000000001,84907.63,52416.377,0.9227642276422764,,0.0
2021-06-17,5.6850000000000005,5.615,5.715000000000001,5.585,87196.2,53216.631,0.9220032840722496,,0.0
2021-06-18,5.655,5.735,5.735,5.545,97073.48,59528.089,0.923510466988728,,0.0
2021-06-21,5.735,5.785,5.805000000000001,5.6850000000000005,86119.0,53551.984,0.9241214057507988,,0.0
2021-06-22,5.755000000000001,5.945,5.965000000000001,5.745,183386.26,116868.202,0.92601246105919,,0.0
2021-06-23,6.7250000000000005,6.305000000000001,7.025,6.205,512276.64,356623.165,0.9299410029498526,,0.0
2021-06-24,6.875,7.665000000000001,7.665000000000001,6.735,1196904.52,924622.882,0.9416461916461916,,0.0
2021-06-25,7.745000000000001,8.275,9.215,7.665000000000001,1520047.73,1353361.037,0.9457142857142856,,0.0
2021-06-28,8.025,7.875,8.385,7.595000000000001,1027350.31,858124.693,0.94311377245509,,0.0
2021-06-29,7.665000000000001,7.465000000000001,7.715,7.235,881371.25,696896.109,0.940176322418136,,0.0
2021-06-30,7.235,7.325,7.775,7.135000000000001,685622.69,544251.778,0.939102564102564,,0.0
2021-07-01,7.225,6.765000000000001,7.355,6.745,581983.86,436690.916,0.9343922651933704,,0.0
2021-07-02,6.6850000000000005,7.345000000000001,7.675000000000001,6.6450000000000005,783740.57,603197.204,0.9392583120204604,,0.0
2021-07-05,7.395,7.455,7.645,7.095000000000001,597113.61,467984.754,0.9401008827238336,,0.0
2021-07-06,7.425000000000001,7.215000000000001,7.425000000000001,7.035,435609.2,332948.752,0.9382314694408322,,0.0
2021-07-07,7.205,7.325,7.585000000000001,7.015000000000001,521579.73,406696.078,0.939102564102564,,0.0
2021-07-08,7.225,7.205,7.485,7.165,407439.2,316812.446,0.9381510416666669,,0.0
2021-07-09,7.035,7.885,8.435,6.9350000000000005,757153.83,612438.922,0.9431818181818182,,0.0
2021-07-12,7.965,8.025,8.325000000000001,7.725,702481.2,599176.415,0.9441176470588236,,0.0
2021-07-13,7.865,8.335,9.125,7.805,826361.4,736632.913,0.9460839954597048,,0.0
2021-07-14,8.075000000000001,7.805,8.205,7.695,583615.27,491709.57,0.942632850241546,,0.0
2021-07-15,7.625,8.035,8.375,7.575000000000001,565612.79,481135.403,0.9441833137485312,,0.0
2021-07-16,7.935,8.315,8.635,7.895,595179.52,524266.669,0.9459613196814562,,0.0
2021-07-19,8.135,7.985000000000001,8.615,7.945,523662.83,455975.431,0.9438534278959811,,0.0
2021-07-20,7.825000000000001,7.805,8.155000000000001,7.705,386834.03,322726.83,0.942632850241546,,0.0
2021-07-21,7.875,8.285,8.395,7.795,572378.43,490934.163,0.9457762557077626,,0.0
2021-07-22,8.125,8.315,8.875,8.035,671698.46,598302.933,0.9459613196814562,,0.0
2021-07-23,8.235000000000001,9.015,9.525,8.085,1047596.84,972174.637,0.9499473129610116,,0.0
2021-07-26,8.875,9.005,9.505,8.595,841688.82,800420.324,0.9498945147679324,,0.0
2021-07-27,8.995000000000001,8.125,9.155,8.075000000000001,679325.4,616249.86,0.9447674418604652,,0.0
2021-07-28,7.905000000000001,7.505000000000001,8.125,7.375,466482.35,378224.095,0.9404761904761906,,0.0
2021-07-29,7.695,8.445,8.955,7.675000000000001,726050.33,643245.669,0.9467488789237668,,0.0
2021-07-30,8.485000000000001,8.485000000000001,8.625,8.225,547838.09,486947.596,0.9469866071428572,,0.0
2021-08-02,8.425,8.565,8.875,8.265,502984.66,457629.439,0.9474557522123894,,0.0
2021-08-03,8.555,8.795,8.985000000000001,8.405000000000001,596199.49,548207.722,0.9487594390507011,,0.0
2021-08-04,8.625,8.735000000000001,8.855,8.485000000000001,498156.2,455863.997,0.94842562432139,,0.0
2021-08-05,8.575000000000001,8.135,8.595,8.065,513756.4,448674.007,0.9448315911730546,,0.0
2021-08-06,8.075000000000001,8.165000000000001,8.485000000000001,8.035,290981.22,253103.378,0.945023148148148,,0.0
2021-08-09,8.025,7.845000000000001,8.175,7.705,286187.37,238595.189,0.942908653846154,,0.0
2021-08-10,7.825000000000001,7.845000000000001,8.175,7.755000000000001,288961.2,242705.934,0.942908653846154,,0.0
2021-08-11,7.785,8.085,8.185,7.735000000000001,352336.0,297876.841,0.9445093457943926,,0.0
2021-08-12,7.995000000000001,8.015,8.245000000000001,7.945,263925.8,225445.356,0.9440518256772674,,0.0
2021-08-13,7.985000000000001,8.415000000000001,8.505,7.835000000000001,476188.62,414635.606,0.9465691788526436,,0.0
2021-08-16,8.425,7.825000000000001,8.465,7.745000000000001,420400.03,356070.836,0.9427710843373496,,0.0
2021-08-17,7.745000000000001,7.564999999999999,8.025,7.505000000000001,277745.33,228731.537,0.9409203980099504,,0.0
2021-08-18,7.465000000000001,7.555,7.725,7.445,187696.24,151040.721,0.9408468244084682,,0.0
2021-08-19,7.525,7.365,7.525,7.135000000000001,227346.03,176814.986,0.9394132653061223,,0.0
2021-08-20,7.285,7.1450000000000005,7.385000000000001,7.045,180023.6,137997.923,0.9376640419947508,,0.0
2021-08-23,7.1450000000000005,7.425000000000001,7.435,7.105,187638.27,146709.905,0.939873417721519,,0.0
2021-08-24,7.405,7.355,7.605,7.345000000000001,189189.67,149794.179,0.9393358876117496,,0.0
2021-08-25,7.345000000000001,7.575000000000001,7.595000000000001,7.195,222661.64,176871.255,0.9409937888198758,,0.0
2021-08-26,7.595000000000001,7.555,7.765000000000001,7.395,283373.0,229107.571,0.9408468244084682,,0.0
2021-08-27,7.455,7.255000000000001,7.545,7.175000000000001,223424.83,174292.819,0.9385510996119018,,0.0
2021-08-30,7.265000000000001,7.635,7.725,7.1850000000000005,247451.4,198006.73,0.941430332922318,,0.0
2021-08-31,7.875,7.825000000000001,8.165000000000001,7.605,415649.2,348423.094,0.9427710843373496,,0.0
2021-09-01,7.685,7.475,7.795,7.315,271702.0,217722.241,0.940251572327044,,0.0
2021-09-02,7.465000000000001,8.125,8.225,7.335,570052.93,480976.588,0.9447674418604652,,0.0
2021-09-03,8.025,8.005,8.445,7.885,486554.25,419852.24,0.9439858490566038,,0.0
2021-09-06,8.045,7.925000000000001,8.205,7.705,303101.2,252821.078,0.943452380952381,,0.0
2021-09-07,7.885,8.205,8.205,7.645,377351.41,316068.551,0.9452764976958524,,0.0
2021-09-08,8.125,7.965,8.425,7.945,368822.94,317792.624,0.9437203791469194,,0.0
2021-09-09,7.795,7.755000000000001,7.895,7.655000000000001,236393.27,194771.97,0.94228432563791,,0.0
2021-09-10,7.725,7.605,7.835000000000001,7.545,173651.26,141561.1,0.9412128712871288,,0.0
2021-09-13,7.564999999999999,7.505000000000001,7.685,7.405,156401.88,124685.016,0.9404761904761906,,0.0
2021-09-14,7.495,7.765000000000001,7.805,7.435,227135.93,184512.578,0.9423543689320388,,0.0
2021-09-15,7.915000000000001,7.875,8.185,7.785,424793.92,360192.452,0.94311377245509,,0.0
2021-09-16,7.695,7.495,8.025,7.475,294457.0,241392.451,0.9404015056461732,,0.0
2021-09-17,7.465000000000001,7.564999999999999,7.775,7.365,184775.14,149252.611,0.9409203980099504,,0.0
2021-09-22,7.475,7.345000000000001,7.595000000000001,7.235,172353.84,135130.14,0.9392583120204604,,0.0
2021-09-23,7.425000000000001,7.275,7.465000000000001,7.255000000000001,139911.72,109190.989,0.9387096774193548,,0.0
2021-09-24,7.285,7.035,7.285,7.025,154393.63,117092.283,0.936750998668442,,0.0
2021-09-27,7.065,6.6450000000000005,7.115,6.4350000000000005,180651.23,130025.424,0.9332865168539326,,0.0
2021-09-28,6.675000000000001,6.675000000000001,6.715000000000001,6.545,83061.4,59204.69,0.9335664335664337,,0.0
2021-09-29,6.585,6.4350000000000005,6.695,6.415,92587.8,64988.034,0.931259044862518,,0.0
2021-09-30,6.505000000000001,6.585,6.615,6.485,61116.6,42937.825,0.9327195467422096,,0.0
2021-10-08,6.705,6.6450000000000005,6.715000000000001,6.585,65264.8,46489.747,0.9332865168539326,,0.0
2021-10-11,6.665,6.595000000000001,6.705,6.535,53952.93,38174.757,0.9328147100424328,,0.0
2021-10-12,6.555000000000001,6.345000000000001,6.575,6.215000000000001,100370.0,68775.778,0.9303519061583578,,0.0
2021-10-13,6.335,6.4350000000000005,6.455,6.265000000000001,58763.03,40239.576,0.931259044862518,,0.0
2021-10-14,6.405,6.585,6.625,6.385000000000001,78571.0,55217.054,0.9327195467422096,,0.0
2021-10-15,6.665,6.555000000000001,6.765000000000001,6.535,77872.0,55351.117,0.9324324324324323,,0.0
2021-10-18,6.505000000000001,6.655,6.675000000000001,6.505000000000001,57780.9,40972.408,0.9333800841514728,,0.0
2021-10-19,6.615,6.6850000000000005,6.7250000000000005,6.605,72439.5,51847.846,0.933659217877095,,0.0
2021-10-20,6.675000000000001,6.675000000000001,6.7250000000000005,6.605,62442.0,44599.56,0.9335664335664337,,0.0
2021-10-21,6.625,6.495,6.6450000000000005,6.4750000000000005,94057.63,66140.499,0.9318507890961264,,0.0
2021-10-22,6.635000000000001,6.615,6.795,6.525,97576.9,69431.056,0.9330042313117068,,0.0
2021-10-25,6.615,6.875,6.965000000000001,6.525,178811.98,130022.23,0.935374149659864,,0.0
2021-10-26,6.945,6.825,7.095000000000001,6.815,159569.13,118189.349,0.9349315068493153,,0.0
2021-10-27,6.795,6.9750000000000005,7.025,6.705,166285.7,122220.372,0.9362416107382552,,0.0
2021-10-28,6.865,6.665,6.905,6.635000000000001,128372.47,92559.481,0.9334733893557424,,0.0
2021-10-29,6.655,6.825,6.855,6.425000000000001,140427.53,100057.172,0.9349315068493153,,0.0
2021-11-01,6.825,6.945,7.015000000000001,6.755000000000001,144201.68,106368.114,0.9359838274932616,,0.0
2021-11-02,7.025,7.015000000000001,7.325,6.925000000000001,238066.6,180377.139,0.9365821094793058,,0.0
2021-11-03,7.155,7.425000000000001,7.725,7.015000000000001,410602.61,322012.473,0.939873417721519,,0.0
2021-11-04,7.515000000000001,7.425000000000001,7.515000000000001,7.215000000000001,296209.08,232941.672,0.939873417721519,,0.0
2021-11-05,7.425000000000001,7.215000000000001,7.425000000000001,7.205,198280.01,153660.512,0.9382314694408322,,0.0
2021-11-08,7.285,7.365,7.365,7.215000000000001,138149.47,107383.564,0.9394132653061223,,0.0
2021-11-09,7.395,7.215000000000001,7.515000000000001,7.175000000000001,162656.89,126939.191,0.9382314694408322,,0.0
2021-11-10,7.085,7.205,7.215000000000001,7.015000000000001,148762.87,112968.354,0.9381510416666669,,0.0
2021-11-11,7.155,7.405,7.575000000000001,7.155,224466.93,177839.392,0.9397208121827412,,0.0
2021-11-12,7.725,7.695,8.455,7.635,588733.65,498151.832,0.9418604651162792,,0.0
2021-11-15,7.715,7.555,7.895,7.385000000000001,367547.1,294088.095,0.9408468244084682,,0.0
2021-11-16,7.385000000000001,7.785,7.825000000000001,7.305000000000001,395581.6,318051.892,0.9424939467312348,,0.0
2021-11-17,7.605,7.935,8.015,7.555,385385.45,320525.338,0.9435196195005946,,0.0
2021-11-18,7.845000000000001,7.655000000000001,7.915000000000001,7.635,233154.0,192371.372,0.9415744157441576,,0.0
2021-11-19,7.705,7.845000000000001,7.995000000000001,7.564999999999999,241199.18,198951.364,0.942908653846154,,0.0
2021-11-22,7.805,7.795,7.865,7.685,195700.61,161137.809,0.9425634824667474,,0.0
2021-11-23,7.825000000000001,7.705,7.955,7.705,222480.22,184454.898,0.9419315403422984,,0.0
2021-11-24,7.625,7.775,7.865,7.405,300559.0,243043.752,0.9424242424242424,,0.0
2021-11-25,7.915000000000001,7.785,8.095,7.755000000000001,290020.0,242782.252,0.9424939467312348,,0.0
2021-11-26,7.595000000000001,7.615,7.775,7.564999999999999,161303.0,131137.06,0.9412855377008652,,0.0
2021-11-29,7.405,7.665000000000001,7.814999999999999,7.325,192832.0,155215.287,0.9416461916461916,,0.0
2021-11-30,7.635,7.515000000000001,7.725,7.485,194007.32,156868.518,0.9405506883604506,,0.0
2021-12-01,7.455,7.564999999999999,7.605,7.455,110703.2,88629.276,0.9409203980099504,,0.0
2021-12-02,7.525,7.415,7.605,7.365,123041.0,97633.86,0.9397972116603296,,0.0
2021-12-03,7.405,7.405,7.585000000000001,7.335,115642.2,91744.572,0.9397208121827412,,0.0
2021-12-06,7.365,7.325,7.515000000000001,7.285,123065.2,96957.005,0.939102564102564,,0.0
2021-12-07,7.435,7.085,7.445,7.005000000000001,156250.2,119165.825,0.9371693121693122,,0.0
2021-12-08,7.105,7.305000000000001,7.425000000000001,7.095000000000001,139980.0,108822.623,0.9389460154241646,,0.0
2021-12-09,7.215000000000001,7.315,7.395,7.215000000000001,103084.2,80333.678,0.9390243902439024,,0.0
2021-12-10,7.245,7.335,7.365,7.235,92918.72,72381.979,0.9391805377720872,,0.0
2021-12-13,7.405,7.335,7.405,7.225,95205.8,74105.811,0.9391805377720872,,0.0
2021-12-14,7.305000000000001,7.245,7.335,7.225,83737.03,64875.041,0.9384715025906736,,0.0
2021-12-15,7.295,7.205,7.375,7.1850000000000005,106238.0,82515.819,0.9381510416666669,,0.0
2021-12-16,7.225,7.455,7.465000000000001,7.215000000000001,147367.15,115329.698,0.9401008827238336,,0.0
2021-12-17,7.485,7.515000000000001,7.564999999999999,7.335,174390.35,138159.155,0.9405506883604506,,0.0
2021-12-20,7.495,7.535,7.695,7.465000000000001,240067.2,193124.022,0.9406991260923846,,0.0
2021-12-21,7.435,7.575000000000001,7.575000000000001,7.425000000000001,130303.0,104015.419,0.9409937888198758,,0.0
2021-12-22,7.545,7.415,7.605,7.375,119180.0,94502.642,0.9397972116603296,,0.0
2021-12-23,7.445,7.325,7.455,7.275,92545.4,72338.877,0.939102564102564,,0.0
2021-12-24,7.295,6.995,7.375,6.995,137184.0,104036.523,0.9364123159303884,,0.0
2021-12-27,7.015000000000001,6.995,7.055000000000001,6.965000000000001,57844.0,43309.316,0.9364123159303884,,0.0
2021-12-28,7.025,7.225,7.225,6.905,101110.38,76569.539,0.9383116883116884,,0.0
2021-12-29,7.225,7.165,7.295,7.155,85040.38,65413.694,0.93782722513089,,0.0
2021-12-30,7.155,7.155,7.215000000000001,7.125,63534.38,48539.432,0.9377457404980342,,0.0
2021-12-31,7.155,7.175000000000001,7.265000000000001,7.1450000000000005,61335.0,47073.272,0.937908496732026,,0.0
2022-01-04,7.195,7.305000000000001,7.355,7.1450000000000005,100488.0,77812.65,0.9389460154241646,,0.0
2022-01-05,7.345000000000001,7.564999999999999,7.585000000000001,7.325,285133.74,227448.857,0.9409203980099504,,0.0
2022-01-06,7.415,7.445,7.505000000000001,7.315,151506.8,119355.154,0.9400252525252526,,0.0
2022-01-07,7.405,7.285,7.525,7.285,113830.91,89678.758,0.9387886597938144,,0.0
2022-01-10,7.175000000000001,7.405,7.405,7.135000000000001,93068.59,72327.447,0.9397208121827412,,0.0
2022-01-11,7.395,7.345000000000001,7.615,7.295,124868.98,99010.754,0.9392583120204604,,0.0
2022-01-12,7.375,7.465000000000001,7.505000000000001,7.345000000000001,100033.62,79325.983,0.940176322418136,,0.0
2022-01-13,7.505000000000001,7.235,7.505000000000001,7.205,97795.0,76377.673,0.9383916990920882,,0.0
2022-01-14,7.265000000000001,6.9750000000000005,7.265000000000001,6.945,95005.91,71948.671,0.9362416107382552,,0.0
2022-01-17,6.965000000000001,7.045,7.045,6.955,64758.4,48410.761,0.9368351063829788,,0.0
2022-01-18,7.025,6.715000000000001,7.075,6.695,137559.93,100296.346,0.9339360222531294,,0.0
2022-01-19,6.735,6.755000000000001,6.775,6.635000000000001,66179.53,47586.986,0.9343015214384508,,0.0
2022-01-20,6.775,6.535,6.775,6.525,86977.01,61650.216,0.9322396576319544,,0.0
2022-01-21,6.535,6.555000000000001,6.635000000000001,6.455,73945.0,51871.992,0.9324324324324323,,0.0
2022-01-24,6.505000000000001,6.515000000000001,6.595000000000001,6.485,46786.0,32797.65,0.9320457796852648,,0.0
2022-01-25,6.555000000000001,6.2250000000000005,6.555000000000001,6.195,76250.0,51860.687,0.9291044776119404,,0.0
2022-01-26,6.285,6.295,6.375,6.215000000000001,45338.64,30756.322,0.929837518463811,,0.0
2022-01-27,6.295,6.055000000000001,6.315,6.035,50247.25,33388.719,0.9272588055130168,,0.0
2022-01-28,6.085,6.255000000000001,6.305000000000001,6.075,55607.16,37222.932,0.9294205052005944,,0.0
2022-02-07,6.425000000000001,6.425000000000001,6.4750000000000005,6.335,61197.91,42166.972,0.9311594202898552,,0.0
2022-02-08,6.425000000000001,6.505000000000001,6.525,6.375,47994.91,33286.563,0.931948424068768,,0.0
2022-02-09,6.4750000000000005,6.605,6.635000000000001,6.465000000000001,63403.0,44695.164,0.932909604519774,,0.0
2022-02-10,6.565,6.595000000000001,6.625,6.535,38554.0,27193.092,0.9328147100424328,,0.0
2022-02-11,6.595000000000001,6.515000000000001,6.605,6.485,40034.13,28047.105,0.9320457796852648,,0.0
2022-02-14,6.495,6.485,6.545,6.415,27898.2,19442.87,0.9317528735632185,,0.0
2022-02-15,6.465000000000001,6.465000000000001,6.515000000000001,6.425000000000001,31985.0,22223.941,0.931556195965418,,0.0
2022-02-16,6.465000000000001,6.525,6.545,6.465000000000001,28726.0,20094.089,0.9321428571428572,,0.0
2022-02-17,6.465000000000001,6.485,6.565,6.455,33889.93,23652.596,0.9317528735632185,,0.0
2022-02-18,6.425000000000001,6.465000000000001,6.4750000000000005,6.375,34236.53,23636.469,0.931556195965418,,0.0
2022-02-21,6.4750000000000005,6.595000000000001,6.605,6.4350000000000005,47435.53,33372.649,0.9328147100424328,,0.0
2022-02-22,6.535,6.525,6.605,6.495,43971.0,30873.139,0.9321428571428572,,0.0
2022-02-23,6.505000000000001,6.625,6.6450000000000005,6.495,60844.0,42957.613,0.933098591549296,,0.0
2022-02-24,6.595000000000001,6.505000000000001,6.7250000000000005,6.425000000000001,94461.0,66775.06,0.931948424068768,,0.0
2022-02-25,6.7250000000000005,6.605,6.795,6.575,97979.0,70014.62,0.932909604519774,,0.0
2022-02-28,6.525,6.465000000000001,6.575,6.355,66590.0,46146.892,0.931556195965418,,0.0
2022-03-01,6.495,7.075,7.515000000000001,6.4750000000000005,360127.33,274310.57,0.9370860927152318,,0.0
2022-03-02,6.825,7.015000000000001,7.115,6.765000000000001,237274.62,175768.147,0.9365821094793058,,0.0
2022-03-03,7.025,6.945,7.105,6.925000000000001,139815.0,104497.854,0.9359838274932616,,0.0
2022-03-04,6.955,6.805000000000001,7.005000000000001,6.795,114693.5,84329.625,0.9347527472527472,,0.0
2022-03-07,6.805000000000001,6.715000000000001,6.885000000000001,6.675000000000001,94101.32,68250.487,0.9339360222531294,,0.0
2022-03-08,6.715000000000001,6.4750000000000005,6.775,6.445,92365.91,65207.398,0.9316546762589928,,0.0
2022-03-09,6.505000000000001,6.325,6.655,6.035,114816.2,78642.585,0.9301470588235294,,0.0
2022-03-10,6.445,6.665,6.945,6.405,196230.8,139843.15,0.9334733893557424,,0.0
2022-03-11,6.535,6.595000000000001,6.655,6.385000000000001,128866.6,90317.879,0.9328147100424328,,0.0
2022-03-14,6.505000000000001,6.695,6.855,6.4750000000000005,149409.0,107173.728,0.9337517433751744,,0.0
2022-03-15,6.615,6.4750000000000005,6.845000000000001,6.4750000000000005,157503.0,112758.878,0.9316546762589928,,0.0
2022-03-16,6.565,6.955,6.995,6.565,285757.6,209280.851,0.93606998654105,,0.0
2022-03-17,6.9750000000000005,7.095000000000001,7.415,6.865,369547.0,278949.819,0.9372523117569354,,0.0
2022-03-18,6.985,7.355,7.495,6.945,374128.4,290127.703,0.9393358876117496,,0.0
2022-03-21,7.465000000000001,7.405,7.505000000000001,7.1850000000000005,335016.45,260600.175,0.9397208121827412,,0.0
2022-03-22,7.365,7.295,7.375,7.175000000000001,222740.1,172084.088,0.938867438867439,,0.0
2022-03-23,7.405,7.195,7.455,7.175000000000001,187221.2,144566.218,0.9380704041720992,,0.0
2022-03-24,7.105,6.9750000000000005,7.135000000000001,6.905,166572.07,124466.365,0.9362416107382552,,0.0
2022-03-25,6.9750000000000005,6.8950000000000005,7.1450000000000005,6.8950000000000005,141174.03,105482.742,0.935549525101764,,0.0
2022-03-28,6.705,6.9350000000000005,6.9350000000000005,6.535,121073.0,88006.13,0.935897435897436,,0.0
2022-03-29,6.845000000000001,6.8950000000000005,6.925000000000001,6.735,104188.0,76066.372,0.935549525101764,,0.0
2022-03-30,6.965000000000001,7.045,7.165,6.815,148787.96,111313.643,0.9368351063829788,,0.0
2022-03-31,6.925000000000001,7.115,7.135000000000001,6.845000000000001,149952.26,112467.596,0.9374176548089592,,0.0
2022-04-01,7.025,7.195,7.255000000000001,7.005000000000001,171771.27,131210.081,0.9380704041720992,,0.0
2022-04-06,7.105,7.1850000000000005,7.255000000000001,7.085,120540.3,91967.32,0.9379895561357704,,0.0
2022-04-07,7.125,7.025,7.165,6.995,119948.16,90478.276,0.9366666666666668,,0.0
2022-04-08,7.255000000000001,7.215000000000001,7.375,7.095000000000001,260994.89,201468.214,0.9382314694408322,,0.0
2022-04-11,7.055000000000001,7.085,7.325,7.025,182108.0,139371.939,0.9371693121693122,,0.0
2022-04-12,7.015000000000001,7.315,7.355,6.7250000000000005,201320.0,152016.752,0.9390243902439024,,0.0
2022-04-13,7.245,6.965000000000001,7.245,6.945,168174.2,126472.295,0.9361559139784946,,0.0
2022-04-14,7.015000000000001,6.8950000000000005,7.085,6.885000000000001,119892.0,88792.301,0.935549525101764,,0.0
2022-04-15,6.855,6.625,6.865,6.625,99504.6,71712.326,0.933098591549296,,0.0
2022-04-18,6.535,6.765000000000001,6.845000000000001,6.405,78804.2,56564.051,0.9343922651933704,,0.0
2022-04-19,6.795,6.9750000000000005,7.165,6.775,112916.4,84794.956,0.9362416107382552,,0.0
2022-04-20,6.985,6.965000000000001,7.125,6.925000000000001,77375.4,58103.288,0.9361559139784946,,0.0
2022-04-21,6.925000000000001,6.745,7.105,6.695,98212.0,72481.894,0.9342105263157896,,0.0
2022-04-22,6.6450000000000005,6.585,6.825,6.565,75683.72,54142.378,0.9327195467422096,,0.0
2022-04-25,6.555,5.965,6.555,5.965,108640.2,71936.896,0.9408517350157728,,0.0
2022-04-26,5.995,5.765,6.205,5.735,97880.2,62538.807,0.9389250814332248,,0.0
2022-04-27,5.845,6.265,6.275,5.825,170796.36,110487.749,0.943524096385542,,0.0
2022-04-28,6.135,6.115,6.305,6.065,97756.4,64018.221,0.9422187981510016,,0.0
2022-04-29,6.215,6.295,6.345,6.175,87129.2,57945.623,0.9437781109445276,,0.0
2022-05-05,6.305,6.355,6.475,6.305,74313.93,50316.679,0.9442793462109956,,0.0
2022-05-06,6.165,6.245,6.315,6.075,60936.4,40259.698,0.9433534743202416,,0.0
2022-05-09,6.255,6.425,6.455,6.195,57105.0,38726.61,0.9448529411764706,,0.0
2022-05-10,6.365,6.725,6.785,6.345,117228.96,82297.306,0.9471830985915493,,0.0
2022-05-11,6.725,6.965,7.225,6.715,213507.96,158968.654,0.9489100817438691,,0.0
2022-05-12,6.955,6.965,7.045,6.845,102105.0,74812.716,0.9489100817438691,,0.0
2022-05-13,6.975,7.025,7.065,6.875,69042.0,50857.984,0.9493243243243245,,0.0
2022-05-16,7.025,7.135,7.225,7.005,108855.48,81660.865,0.9500665778961384,,0.0
2022-05-17,7.105,7.185,7.285,7.015,117147.38,88126.62,0.9503968253968254,,0.0
2022-05-18,7.235,7.295,7.365,7.185,148817.0,114139.909,0.9511082138200784,,0.0
2022-05-19,7.125,7.365,7.465,7.035,168979.0,130117.075,0.9515503875968992,,0.0
2022-05-20,7.445,7.335,7.575,7.275,150317.0,116421.814,0.95136186770428,,0.0
2022-05-23,7.335,7.335,7.405,7.175,97594.8,74755.02,0.95136186770428,,0.0
2022-05-24,7.325,6.985,7.355,6.955,108514.25,81568.558,0.9490489130434784,,0.0
2022-05-25,7.005,7.245,7.255,6.955,93584.0,70260.606,0.9507874015748032,,0.0
2022-05-26,7.185,7.375,7.395,7.045,156878.53,119607.828,0.9516129032258064,,0.0
2022-05-27,7.375,7.275,7.395,7.155,157678.0,120146.887,0.9509803921568628,,0.0
2022-05-30,7.265,7.315,7.345,7.105,110372.0,84180.526,0.9512353706111834,,0.0
2022-05-31,7.455,7.325,7.575,7.185,163274.0,125874.373,0.9512987012987012,,0.0
2022-06-01,7.225,7.305,7.445,7.225,112562.0,86837.173,0.951171875,,0.0
2022-06-02,7.315,7.305,7.355,7.215,86384.6,66185.484,0.951171875,,0.0
2022-06-06,7.255,7.525,7.565,7.235,184789.48,144474.164,0.9525316455696202,,0.0
2022-06-07,7.575,7.475,7.765000000000001,7.385,199099.47,157771.016,0.9522292993630572,,0.0
2022-06-08,7.435,7.425,7.645,7.275,151630.07,118817.617,0.9519230769230768,,0.0
2022-06-09,7.325,7.095,7.345,6.995,149817.0,112554.383,0.9497991967871486,,0.0
2022-06-10,7.085,7.535,7.705,7.085,282404.07,222801.322,0.9525916561314792,,0.0
2022-06-13,7.495,7.645,7.695,7.435,189268.6,150880.158,0.9532418952618452,,0.0
2022-06-14,7.585,7.555,7.615,7.295,137227.24,107467.332,0.9527112232030264,,0.0
2022-06-15,7.575,7.345,7.605,7.345,135128.53,105624.322,0.9514248704663212,,0.0
2022-06-16,7.345,7.695,7.795,7.345,278863.53,224328.497,0.9535315985130112,,0.0
2022-06-17,7.605,7.835000000000001,7.994999999999999,7.555,249023.0,204644.154,0.9543239951278928,,0.0
2022-06-20,7.835000000000001,7.805,8.095,7.775,197190.76,163629.47,0.954156479217604,,0.0
2022-06-21,7.824999999999999,7.845000000000001,7.935,7.675000000000001,169695.16,138740.324,0.9543795620437956,,0.0
2022-06-22,7.835000000000001,7.595,7.835000000000001,7.585,122933.0,98994.353,0.952948557089084,,0.0
2022-06-23,7.625,7.725,7.755000000000001,7.495,112576.2,90080.559,0.9537037037037036,,0.0
2022-06-24,7.824999999999999,8.075,8.325,7.775,266720.48,226251.535,0.955621301775148,,0.0
2022-06-27,8.225,8.005,8.295,7.824999999999999,214577.76,179248.949,0.9552505966587111,,0.0
2022-06-28,7.935,8.265,8.295,7.855,245541.76,209524.676,0.9565972222222222,,0.0
2022-06-29,8.185,7.814999999999999,8.225,7.805,185722.0,155271.076,0.9542124542124544,,0.0
2022-06-30,7.895,7.755000000000001,8.005,7.734999999999999,127344.0,104759.305,0.9538745387453874,,0.0
2022-07-01,7.805,7.824999999999999,7.935,7.675000000000001,116253.71,95161.264,0.9542682926829268,,0.0
2022-07-04,7.765000000000001,7.845000000000001,7.975,7.605,120964.0,98919.78,0.9543795620437956,,0.0
2022-07-05,7.875,7.775,8.035,7.585,139419.0,113540.55,0.9539877300613496,,0.0
2022-07-06,7.805,7.935,8.075,7.625,249929.34,207041.524,0.9548736462093864,,0.0
2022-07-07,7.814999999999999,7.824999999999999,7.885,7.645,152203.8,124056.73,0.9542682926829268,,0.0
2022-07-08,7.814999999999999,7.824999999999999,8.095,7.814999999999999,141397.0,117400.65,0.9542682926829268,,0.0
2022-07-11,7.755000000000001,7.625,7.935,7.525,132207.0,106431.98,0.953125,,0.0
2022-07-12,7.765000000000001,7.885,8.285,7.685,310281.55,260232.484,0.9546004842615012,,0.0
2022-07-13,7.805,8.065,8.165,7.805,232267.33,194988.612,0.9555687203791468,,0.0
2022-07-14,8.085,8.205,8.385,8.005,287069.96,247730.702,0.9562937062937062,,0.0
2022-07-15,8.115,8.075,8.245,7.955,182403.23,154245.017,0.955621301775148,,0.0
2022-07-18,8.155,8.475,8.535,8.095,290660.88,253764.009,0.9576271186440678,,0.0
2022-07-19,8.475,8.495,8.585,8.355,224099.76,198106.652,0.9577226606538896,,0.0
2022-07-20,8.515,8.385,8.575,8.295,172434.01,150634.16,0.9571917808219178,,0.0
2022-07-21,8.355,8.265,8.415,8.145,151030.0,130447.25,0.9565972222222222,,0.0
2022-07-22,8.325,8.355,8.565,8.225,175653.1,153857.727,0.9570446735395188,,0.0
2022-07-25,8.285,8.235,8.535,8.175,156052.0,135912.784,0.9564459930313588,,0.0
2022-07-26,8.165,8.345,8.365,8.025,122365.4,105084.379,0.9569954128440368,,0.0
2022-07-27,8.295,8.505,8.595,8.265,157000.83,138639.238,0.9577702702702704,,0.0
2022-07-28,8.575,8.705,8.795,8.485,213579.2,192886.599,0.9587004405286343,,0.0
2022-07-29,8.755,9.095,9.105,8.735,343532.52,321049.178,0.960401267159451,,0.0
2022-08-01,9.825,8.905,10.205,8.655,644170.25,613566.489,0.9595905172413792,,0.0
2022-08-02,8.535,8.345,8.725,8.185,485504.69,429377.701,0.9569954128440368,,0.0
2022-08-03,8.325,7.835000000000001,8.665,7.805,492469.0,425178.308,0.9543239951278928,,0.0
2022-08-04,7.994999999999999,8.175,8.385,7.845000000000001,379178.08,322165.397,0.956140350877193,,0.0
2022-08-05,8.175,8.015,8.465,7.875,292675.4,248672.349,0.9553039332538736,,0.0
2022-08-08,7.984999999999999,8.175,8.215,7.965,184729.0,156793.001,0.956140350877193,,0.0
2022-08-09,8.155,8.395,8.675,8.125,313087.11,276772.861,0.9572405929304448,,0.0
2022-08-10,8.305,8.775,8.975,8.285,399547.03,364550.818,0.9590163934426228,,0.0
2022-08-11,8.875,8.675,8.875,8.595,246777.09,223420.942,0.9585635359116024,,0.0
2022-08-12,8.635,8.535,8.775,8.525,179781.0,161782.763,0.957912457912458,,0.0
2022-08-15,8.525,8.605,8.655,8.385,157940.0,141180.021,0.958240534521158,,0.0
2022-08-16,8.575,8.785,8.805,8.525,230670.26,209863.85,0.959061135371179,,0.0
2022-08-17,8.705,8.795,9.075,8.705,245118.61,227001.325,0.9591057797164668,,0.0
2022-08-18,8.725,8.955,9.045,8.705,257896.52,239241.263,0.959807073954984,,0.0
2022-08-19,8.945,8.735,9.095,8.725,203060.0,187577.757,0.9588364434687155,,0.0
2022-08-22,8.665,8.595,8.795,8.545,167800.0,150977.393,0.9581939799331104,,0.0
2022-08-23,8.585,8.805,8.885,8.475,190402.07,173532.739,0.9591503267973857,,0.0
2022-08-24,8.745,8.215,8.825,8.215,228706.0,200452.746,0.9563445867287544,,0.0
2022-08-25,8.285,7.835000000000001,8.315,7.725,208396.0,172366.563,0.9543239951278928,,0.0
2022-08-26,7.824999999999999,7.715,7.935,7.685,115184.0,94229.899,0.953646477132262,,0.0
2022-08-29,7.625,7.835000000000001,7.875,7.515,126716.0,103317.13,0.9543239951278928,,0.0
2022-08-30,7.885,7.725,7.925000000000001,7.675000000000001,110700.0,90267.59,0.9537037037037036,,0.0
2022-08-31,7.645,7.475,7.805,7.315,187436.26,147239.271,0.9522292993630572,,0.0
2022-09-01,7.475,7.305,7.535,7.275,148710.0,115756.087,0.951171875,,0.0
2022-09-02,7.325,7.365,7.405,7.205,90674.74,69807.636,0.9515503875968992,,0.0
2022-09-05,7.315,7.305,7.415,7.245,89769.6,69015.846,0.951171875,,0.0
2022-09-06,7.345,7.485,7.505,7.285,125261.33,97633.772,0.9522900763358778,,0.0
2022-09-07,7.435,7.515,7.525,7.405,99884.0,78461.401,0.9524714828897338,,0.0
2022-09-08,7.505,7.325,7.555,7.315,87384.0,67931.874,0.9512987012987012,,0.0
2022-09-09,7.325,7.175,7.365,7.135,86323.0,65282.316,0.9503311258278144,,0.0
2022-09-13,7.205,7.095,7.265,7.055,85437.02,64147.335,0.9497991967871486,,0.0
2022-09-14,6.965,6.915,7.035,6.875,83978.51,61441.35,0.948559670781893,,0.0
2022-09-15,6.935,6.665,6.975,6.545,121530.44,86212.736,0.9467329545454546,,0.0
2022-09-16,6.655,6.465,6.665,6.455,82245.0,56961.047,0.9451754385964912,,0.0
2022-09-19,6.405,6.425,6.485,6.325,70977.08,48083.232,0.9448529411764706,,0.0
2022-09-20,6.445,6.605,6.655,6.445,89643.81,62289.159,0.946275071633238,,0.0
2022-09-21,6.565,6.625,6.655,6.525,71048.88,49612.446,0.9464285714285714,,0.0
2022-09-22,6.585,6.805,6.945,6.535,144887.2,103827.072,0.9477715877437326,,0.0
2022-09-23,6.895,6.595,6.925,6.495,106892.48,75239.596,0.9461979913916786,,0.0
2022-09-26,6.495,6.485,6.675,6.445,72894.0,50597.343,0.94533527696793,,0.0
2022-09-27,6.535,6.595,6.645,6.455,74721.2,51603.196,0.9461979913916786,,0.0
2022-09-28,6.545,6.335,6.635,6.335,84562.0,57700.032,0.944113263785395,,0.0
2022-09-29,6.455,6.405,6.485,6.315,77844.12,52643.419,0.9446902654867256,,0.0
2022-09-30,6.375,6.195,6.435,6.195,91250.85,60997.727,0.9429223744292238,,0.0
2022-10-10,6.195,6.195,6.285,6.155,94062.0,62146.394,0.9429223744292238,,0.0
2022-10-11,6.195,6.355,6.375,6.045,90840.0,60038.085,0.9442793462109956,,0.0
2022-10-12,6.275,6.445,6.445,6.075,138980.0,91904.328,0.9450146627565984,,0.0
2022-10-13,6.325,6.445,6.575,6.295,138080.33,94472.34,0.9450146627565984,,0.0
2022-10-14,6.475,6.575,6.685,6.455,144267.0,99971.298,0.946043165467626,,0.0
2022-10-17,6.495,6.585,6.605,6.495,116614.36,80783.703,0.9461206896551724,,0.0
2022-10-18,6.595,6.635,6.695,6.515,112321.33,78450.75,0.9465049928673324,,0.0
2022-10-19,6.595,6.535,6.645,6.535,78046.61,54335.669,0.9457308248914617,,0.0
2022-10-20,6.495,6.445,6.535,6.315,106968.48,72839.371,0.9450146627565984,,0.0
2022-10-21,6.435,6.575,6.615,6.405,107117.48,73921.772,0.946043165467626,,0.0
2022-10-24,6.585,6.365,6.665,6.325,152355.0,104827.703,0.9443620178041544,,0.0
2022-10-25,6.285,6.305,6.395,6.115,143085.2,94627.198,0.9438622754491018,,0.0
2022-10-26,6.305,6.425,6.525,6.285,129440.2,88002.082,0.9448529411764706,,0.0
2022-10-27,6.435,6.425,6.575,6.405,93779.0,64385.942,0.9448529411764706,,0.0
2022-10-28,6.405,5.965,6.405,5.885,159858.4,103928.469,0.9408517350157728,,0.0
2022-10-31,5.955,6.075,6.095,5.925,93638.09,59864.472,0.9418604651162792,,0.0
2022-11-01,6.085,6.305,6.305,6.075,118583.4,78016.954,0.9438622754491018,,0.0
2022-11-02,6.255,6.375,6.395,6.255,98908.0,66271.43,0.9444444444444444,,0.0
2022-11-03,6.305,6.435,6.445,6.275,97616.48,65863.116,0.9449339207048458,,0.0
2022-11-04,6.585,6.685,6.725,6.435,250764.36,175508.569,0.946883852691218,,0.0
2022-11-07,6.685,6.615,6.685,6.555,161850.09,113099.009,0.946351931330472,,0.0
2022-11-08,6.605,6.545,6.605,6.505,91867.25,63483.822,0.9458092485549132,,0.0
2022-11-09,6.555,6.525,6.575,6.505,64053.25,44250.86,0.9456521739130436,,0.0
2022-11-10,6.495,6.475,6.535,6.445,77602.0,53232.002,0.9452554744525548,,0.0
2022-11-11,6.575,6.575,6.635,6.485,154454.4,107327.76,0.946043165467626,,0.0
2022-11-14,6.605,6.505,6.725,6.485,207667.86,145520.126,0.9454941860465116,,0.0
2022-11-15,6.445,6.595,6.595,6.365,133282.47,91848.224,0.9461979913916786,,0.0
2022-11-16,6.575,6.535,6.595,6.515,90450.0,62670.897,0.9457308248914617,,0.0
2022-11-17,6.515,6.465,6.515,6.395,90895.0,62049.444,0.9451754385964912,,0.0
2022-11-18,6.485,6.345,6.515,6.335,77046.75,52420.165,0.9441964285714286,,0.0
2022-11-21,6.335,6.355,6.365,6.235,58588.0,39101.123,0.9442793462109956,,0.0
2022-11-22,6.355,6.195,6.365,6.175,89878.0,59633.926,0.9429223744292238,,0.0
2022-11-23,6.185,6.325,6.325,6.085,100292.53,65985.188,0.9440298507462688,,0.0
2022-11-24,6.375,6.255,6.375,6.245,70044.03,46803.855,0.9434389140271492,,0.0
2022-11-25,6.245,6.175,6.255,6.175,50990.0,33544.608,0.9427480916030534,,0.0
2022-11-28,6.115,6.115,6.145,6.025,43228.0,27975.85,0.9422187981510016,,0.0
2022-11-29,6.135,6.255,6.265,6.125,63504.0,41916.167,0.9434389140271492,,0.0
2022-11-30,6.265,6.245,6.295,6.215,55271.0,36662.992,0.9433534743202416,,0.0
2022-12-01,6.275,6.285,6.335,6.275,64270.2,42884.412,0.9436936936936936,,0.0
2022-12-02,6.255,6.305,6.305,6.255,56898.0,37923.84,0.9438622754491018,,0.0
2022-12-05,6.325,6.345,6.355,6.305,66778.0,44792.549,0.9441964285714286,,0.0
2022-12-06,6.325,6.315,6.355,6.295,52261.03,35020.938,0.9439461883408072,,0.0
2022-12-07,6.285,6.645,6.685,6.275,283044.34,195304.864,0.9465811965811964,,0.0
2022-12-08,6.685,6.545,6.755,6.515,186621.0,130776.277,0.9458092485549132,,0.0
2022-12-09,6.575,6.525,6.635,6.465,107035.0,73832.891,0.9456521739130436,,0.0
2022-12-12,6.545,6.555,6.595,6.435,79835.86,55076.701,0.945887445887446,,0.0
2022-12-13,6.535,6.475,6.565,6.445,85559.0,58862.026,0.9452554744525548,,0.0
2022-12-14,6.475,6.395,6.505,6.375,54698.0,37297.308,0.9446085672082718,,0.0
2022-12-15,6.395,6.445,6.475,6.385,47260.0,32118.101,0.9450146627565984,,0.0
2022-12-16,6.405,6.295,6.435,6.275,60447.6,40509.757,0.9437781109445276,,0.0
2022-12-19,6.305,6.125,6.335,6.095,56720.4,37240.896,0.9423076923076924,,0.0
2022-12-20,6.105,6.155,6.185,6.055,33228.21,21594.239,0.942572741194487,,0.0
2022-12-21,6.165,6.035,6.195,6.005,49579.81,31932.126,0.9414976599063962,,0.0
2022-12-22,6.075,6.005,6.085,5.965,51817.47,33113.737,0.9412225705329154,,0.0
2022-12-23,5.975,5.935,6.075,5.865,73868.0,46692.267,0.9405705229793978,,0.0
2022-12-26,5.925,6.035,6.035,5.925,39848.54,25378.773,0.9414976599063962,,0.0
2022-12-27,6.015,6.035,6.075,5.955,47270.0,30141.144,0.9414976599063962,,0.0
2022-12-28,6.005,5.935,6.005,5.925,39373.01,24902.183,0.9405705229793978,,0.0
2022-12-29,5.905,5.865,5.945,5.865,36135.0,22681.762,0.939903846153846,,0.0
2022-12-30,5.895,5.905,5.945,5.865,28323.01,17743.687,0.9402866242038216,,0.0
2023-01-03,5.905,6.045,6.045,5.885,48168.2,30723.202,0.9415887850467288,,0.0
2023-01-04,6.045,6.125,6.135,6.015,59652.0,38579.945,0.9423076923076924,,0.0
2023-01-05,6.125,6.135,6.165,6.075,39407.03,25602.5,0.9423963133640552,,0.0
2023-01-06,6.145,6.135,6.265,6.105,90002.01,59117.924,0.9423963133640552,,0.0
2023-01-09,6.175,6.175,6.235,6.155,53744.0,35238.438,0.9427480916030534,,0.0
2023-01-10,6.285,6.195,6.325,6.185,74318.2,49285.105,0.9429223744292238,,0.0
2023-01-11,6.175,6.145,6.235,6.135,49239.0,32306.253,0.9424846625766872,,0.0
2023-01-12,6.185,6.185,6.205,6.085,47557.66,31066.06,0.9428353658536586,,0.0
2023-01-13,6.195,6.145,6.215,6.105,35735.0,23354.387,0.9424846625766872,,0.0
2023-01-16,6.175,6.225,6.255,6.145,46605.0,30727.117,0.9431818181818182,,0.0
2023-01-17,6.225,6.185,6.255,6.155,35077.0,23047.581,0.9428353658536586,,0.0
2023-01-18,6.195,6.205,6.235,6.175,36104.11,23756.501,0.9430091185410334,,0.0
2023-01-19,6.185,6.245,6.255,6.145,33823.11,22300.548,0.9433534743202416,,0.0
2023-01-20,6.255,6.335,6.345,6.235,61600.14,41083.955,0.944113263785395,,0.0
2023-01-30,6.435,6.465,6.485,6.375,89732.7,61241.88,0.9451754385964912,,0.0
2023-01-31,6.455,6.505,6.525,6.445,73800.11,50647.564,0.9454941860465116,,0.0
2023-02-01,6.535,6.615,6.655,6.505,108192.71,75366.525,0.946351931330472,,0.0
2023-02-02,6.615,6.555,6.625,6.505,76597.72,53080.49,0.945887445887446,,0.0
2023-02-03,6.535,6.915,7.105,6.435,293127.37,208850.685,0.948559670781893,,0.0
2023-02-06,6.865,6.805,7.075,6.755,282755.5,205258.319,0.9477715877437326,,0.0
2023-02-07,6.825,6.845,6.875,6.745,121612.6,87517.767,0.9480609418282548,,0.0
2023-02-08,6.825,7.425,7.824999999999999,6.755,523153.85,402550.289,0.9519230769230768,,0.0
2023-02-09,7.575,7.755000000000001,8.225,7.575,698314.11,570355.264,0.9538745387453874,,0.0
2023-02-10,7.645,7.455,7.675000000000001,7.375,400609.04,315482.151,0.9521072796934866,,0.0
2023-02-13,7.405,7.435,7.545,7.405,213508.23,167167.407,0.9519846350832266,,0.0
2023-02-14,7.405,7.755000000000001,7.904999999999999,7.305,387207.6,311826.99,0.9538745387453874,,0.0
2023-02-15,7.685,7.675000000000001,7.734999999999999,7.585,210920.71,169055.87,0.953416149068323,,0.0
2023-02-16,7.535,7.185,7.585,7.135,310501.5,240595.764,0.9503968253968254,,0.0
2023-02-17,7.205,7.375,7.545,7.195,243548.91,189093.341,0.9516129032258064,,0.0
2023-02-20,7.385,7.695,7.695,7.235,277824.4,220401.037,0.9535315985130112,,0.0
2023-02-21,7.625,8.005,8.205,7.545,487506.17,404217.274,0.9552505966587111,,0.0
2023-02-22,7.914999999999999,7.865,7.975,7.734999999999999,288297.81,236616.658,0.954490291262136,,0.0
2023-02-23,7.795,7.824999999999999,7.955,7.755000000000001,198811.51,163379.862,0.9542682926829268,,0.0
2023-02-24,7.755000000000001,7.605,7.865,7.545,213285.0,171063.314,0.9530075187969924,,0.0
2023-02-27,7.565,7.605,7.785,7.545,174675.11,140318.158,0.9530075187969924,,0.0
2023-02-28,7.605,7.664999999999999,7.715,7.465,178282.8,142450.653,0.9533582089552238,,0.0
2023-03-01,7.654999999999999,7.814999999999999,7.875,7.535,249697.2,201820.721,0.9542124542124544,,0.0
2023-03-02,7.575,7.195,7.575,6.565,384309.31,291380.637,0.950462351387054,,0.0
2023-03-03,7.195,7.155,7.225,7.005,178941.0,133939.824,0.950199203187251,,0.0
2023-03-06,7.145,7.045,7.195,7.005,107355.3,79932.816,0.9494609164420486,,0.0
2023-03-07,7.075,6.815,7.075,6.795,134188.54,97613.46,0.9478442280945758,,0.0
2023-03-08,6.825,6.885,6.895,6.775,63078.0,45570.458,0.9483471074380164,,0.0
2023-03-09,6.905,7.025,7.035,6.835,123648.2,90583.761,0.9493243243243245,,0.0
2023-03-10,6.975,6.825,7.025,6.825,119957.79,87251.422,0.9479166666666666,,0.0
2023-03-13,6.715,6.785,6.825,6.685,68552.0,48834.476,0.9476256983240224,,0.0
2023-03-14,6.775,6.655,6.775,6.585,87385.0,61451.157,0.9466571834992888,,0.0
2023-03-15,6.675,6.755,6.815,6.675,66542.0,47470.847,0.9474053295932678,,0.0
2023-03-16,6.735,6.615,6.745,6.605,60528.0,42635.514,0.946351931330472,,0.0
2023-03-17,6.655,6.615,6.685,6.595,62793.0,44064.929,0.946351931330472,,0.0
2023-03-20,6.655,6.585,6.655,6.525,61874.0,43061.231,0.9461206896551724,,0.0
2023-03-21,6.605,6.745,6.745,6.575,64323.0,45452.477,0.9473314606741572,,0.0
2023-03-22,6.775,6.725,6.825,6.675,80099.0,57040.118,0.9471830985915493,,0.0
2023-03-23,6.685,6.785,6.805,6.675,80392.2,57280.61,0.9476256983240224,,0.0
2023-03-24,6.835,7.025,7.105,6.785,204806.23,150609.807,0.9493243243243245,,0.0
2023-03-27,6.945,7.065,7.125,6.925,124965.31,92583.195,0.9495967741935484,,0.0
2023-03-28,7.075,7.085,7.275,6.915,149642.4,111541.485,0.9497319034852548,,0.0
2023-03-29,7.065,6.995,7.185,6.935,101752.2,75583.696,0.9491180461329716,,0.0
2023-03-30,6.965,6.905,7.005,6.815,81206.55,58941.624,0.948489010989011,,0.0
2023-03-31,6.925,7.155,7.225,6.865,150698.26,112052.361,0.950199203187251,,0.0
2023-04-03,7.045,7.085,7.105,7.015,109447.71,81444.022,0.9497319034852548,,0.0
2023-04-04,7.105,6.835,7.105,6.825,128582.03,93653.222,0.947988904299584,,0.0
2023-04-06,6.775,6.645,6.815,6.595,140780.03,99241.001,0.9465811965811964,,0.0
2023-04-07,6.645,6.745,6.745,6.645,60892.5,43179.75,0.9473314606741572,,0.0
2023-04-10,6.725,6.625,6.765,6.605,72015.0,50736.074,0.9464285714285714,,0.0
2023-04-11,6.585,6.655,6.675,6.585,43119.0,30211.228,0.9466571834992888,,0.0
2023-04-12,6.715,6.665,6.725,6.625,53322.13,37512.536,0.9467329545454546,,0.0
2023-04-13,6.685,6.535,6.685,6.535,69510.0,48405.609,0.9457308248914617,,0.0
2023-04-14,6.565,6.705,6.705,6.505,72350.13,50432.814,0.9470338983050848,,0.0
2023-04-17,6.655,6.695,6.735,6.645,56070.33,39651.606,0.946958981612447,,0.0
2023-04-18,6.695,6.735,6.755,6.675,54312.0,38512.9,0.9472573839662448,,0.0
2023-04-19,6.695,6.645,6.715,6.615,45207.32,31788.43,0.9465811965811964,,0.0
2023-04-20,6.595,6.495,6.635,6.485,76199.07,52643.097,0.945414847161572,,0.0
2023-04-21,6.525,6.285,6.525,6.285,83874.32,56584.673,0.9436936936936936,,0.0
2023-04-24,6.305,6.315,6.425,6.285,38036.0,25557.028,0.9439461883408072,,0.0
2023-04-25,6.305,6.215,6.465,6.145,62503.79,41604.646,0.9430955993930196,,0.0
2023-04-26,6.195,6.305,6.345,6.155,51167.0,34081.348,0.9438622754491018,,0.0
2023-04-27,6.285,6.215,6.375,6.215,56918.0,37944.767,0.9430955993930196,,0.0
2023-04-28,6.215,6.365,6.375,6.205,80952.53,54091.131,0.9443620178041544,,0.0
2023-05-04,6.385,6.455,6.475,6.345,81220.53,55245.425,0.945095168374817,,0.0
2023-05-05,6.415,6.355,6.425,6.285,66056.0,44355.734,0.9442793462109956,,0.0
2023-05-08,6.355,6.405,6.425,6.355,40360.0,27335.845,0.9446902654867256,,0.0
2023-05-09,6.425,6.275,6.435,6.275,63739.68,42577.826,0.943609022556391,,0.0
2023-05-10,6.275,6.335,6.375,6.235,38156.68,25514.233,0.944113263785395,,0.0
2023-05-11,6.345,6.345,6.365,6.295,30592.68,20513.186,0.9441964285714286,,0.0
2023-05-12,6.305,6.295,6.345,6.285,27471.0,18355.197,0.9437781109445276,,0.0
2023-05-15,6.275,6.365,6.365,6.275,38879.03,26065.708,0.9443620178041544,,0.0
2023-05-16,6.415,6.324999999999999,6.415,6.324999999999999,40330.5,26804.648,0.9583333333333331,,0.0
2023-05-17,6.375,6.465,6.484999999999999,6.324999999999999,58065.53,38898.629,0.9591988130563798,,0.0
2023-05-18,6.475,6.475,6.505,6.404999999999999,48521.87,32628.737,0.9592592592592591,,0.0
2023-05-19,6.465,6.555,6.565,6.415,79678.0,54077.434,0.9597364568081992,,0.0
2023-05-22,6.555,6.525,6.555,6.484999999999999,64957.69,44169.017,0.9595588235294116,,0.0
2023-05-23,6.525,6.475,6.565,6.465,46061.0,31235.535,0.9592592592592591,,0.0
2023-05-24,6.455,6.494999999999999,6.565,6.425,46030.0,31237.741,0.9593796159527326,,0.0
2023-05-25,6.455,6.605,6.705,6.455,96683.03,66485.609,0.9600290697674418,,0.0
2023-05-26,6.545,6.545,6.565,6.415,72747.0,49120.022,0.9596774193548386,,0.0
2023-05-29,6.555,6.435,6.555,6.415,41130.0,27726.294,0.9590163934426228,,0.0
2023-05-30,6.415,6.425,6.435,6.295,68749.69,45676.298,0.958955223880597,,0.0
2023-05-31,6.385,6.545,6.654999999999999,6.315,121612.73,82432.22,0.9596774193548386,,0.0
2023-06-01,6.404999999999999,6.425,6.505,6.355,75705.0,50812.52,0.958955223880597,,0.0
2023-06-02,6.475,6.525,6.574999999999999,6.435,60620.7,41078.608,0.9595588235294116,,0.0
2023-06-05,6.515,6.465,6.534999999999999,6.435,47505.2,32052.172,0.9591988130563798,,0.0
2023-06-06,6.425,6.355,6.465,6.335,44113.0,29378.689,0.958521870286576,,0.0
2023-06-07,6.315,6.345,6.385,6.315,26547.7,17577.2,0.9584592145015104,,0.0
2023-06-08,6.305,6.295,6.355,6.265,39281.0,25869.717,0.9581430745814308,,0.0
2023-06-09,6.324999999999999,6.315,6.375,6.265,30244.0,19927.891,0.9582701062215476,,0.0
2023-06-12,6.315,6.395,6.425,6.305,43852.68,29164.079,0.9587706146926536,,0.0
2023-06-13,6.395,6.404999999999999,6.465,6.375,32692.0,21867.918,0.9588323353293412,,0.0
2023-06-14,6.385,6.315,6.395,6.315,39685.0,26228.513,0.9582701062215476,,0.0
2023-06-15,6.315,6.415,6.415,6.284999999999999,48260.0,32020.139,0.9588938714499252,,0.0
2023-06-16,6.395,6.395,6.425,6.385,39048.0,26080.537,0.9587706146926536,,0.0
2023-06-19,6.395,6.305,6.395,6.305,43642.0,28831.923,0.9582066869300911,,0.0
2023-06-20,6.305,6.205,6.324999999999999,6.185,57321.7,37457.795,0.9575617283950616,,0.0
2023-06-21,6.194999999999999,6.145,6.324999999999999,6.125,51301.0,33257.325,0.957165109034268,,0.0
2023-06-26,6.135,5.984999999999999,6.135,5.984999999999999,54126.2,34137.253,0.956070287539936,,0.0
2023-06-27,5.994999999999999,6.065,6.095,5.965,25589.0,16198.279,0.9566246056782334,,0.0
2023-06-28,6.045,6.065,6.085,5.904999999999999,50732.0,31818.123,0.9566246056782334,,0.0
2023-06-29,6.034999999999999,6.125,6.154999999999999,6.025,38586.7,24675.107,0.95703125,,0.0
2023-06-30,6.145,6.215,6.225,6.105,39242.5,25404.781,0.9576271186440678,,0.0
2023-07-03,6.244999999999999,6.335,6.415,6.215,84111.8,55374.053,0.95839636913767,,0.0
2023-07-04,6.284999999999999,6.305,6.364999999999999,6.265,55548.69,36539.755,0.9582066869300911,,0.0
2023-07-05,6.305,6.234999999999999,6.324999999999999,6.225,48802.35,31947.022,0.9577572964669738,,0.0
2023-07-06,6.244999999999999,6.225,6.265,6.185,27146.07,17669.66,0.9576923076923076,,0.0
2023-07-07,6.154999999999999,5.915,6.185,5.835,314604.93,194479.254,0.955573505654281,,0.0
2023-07-10,5.915,5.944999999999999,5.965,5.895,99448.31,61719.461,0.9557877813504824,,0.0
2023-07-11,5.944999999999999,5.925,5.975,5.895,66427.34,41247.517,0.9556451612903224,,0.0
2023-07-12,5.935,5.864999999999999,5.955,5.855,70448.07,43449.053,0.9552117263843648,,0.0
2023-07-13,5.855,5.875,5.895,5.835,104940.45,64515.98,0.9552845528455284,,0.0
2023-07-14,5.895,5.864999999999999,5.895,5.845,98292.6,60313.858,0.9552117263843648,,0.0
2023-07-17,5.744999999999999,5.654999999999999,5.744999999999999,5.625,209988.26,124548.735,0.9536256323777402,,0.0
2023-07-18,5.654999999999999,5.935,6.065,5.635,256484.95,158217.925,0.9557165861513688,,0.0
2023-07-19,5.965,5.984999999999999,6.045,5.824999999999999,197644.0,122353.741,0.956070287539936,,0.0
2023-07-20,5.965,5.864999999999999,5.975,5.855,92304.19,57038.554,0.9552117263843648,,0.0
2023-07-21,5.824999999999999,5.835,5.895,5.824999999999999,46213.76,28325.097,0.9549918166939444,,0.0
2023-07-24,5.755,5.705,5.815,5.694999999999999,82943.0,49961.506,0.9540133779264214,,0.0
2023-07-25,5.755,5.885,5.895,5.734999999999999,99474.04,60768.561,0.9553571428571428,,0.0
2023-07-26,5.855,5.805,5.895,5.784999999999999,72288.37,44129.345,0.9547697368421052,,0.0
2023-07-27,5.784999999999999,5.835,5.885,5.765,114616.75,69886.901,0.9549918166939444,,0.0
2023-07-28,5.815,5.855,5.875,5.734999999999999,88117.94,53659.81,0.9551386623164764,,0.0
2023-07-31,5.885,5.925,5.955,5.845,101560.38,62829.923,0.9556451612903224,,0.0
2023-08-01,5.944999999999999,5.904999999999999,5.965,5.864999999999999,79605.93,49126.927,0.9555016181229772,,0.0
2023-08-02,5.904999999999999,5.935,5.944999999999999,5.885,53666.52,33262.439,0.9557165861513688,,0.0
2023-08-03,5.935,5.915,5.944999999999999,5.885,51766.59,31997.781,0.955573505654281,,0.0
2023-08-04,5.935,5.935,5.975,5.904999999999999,74459.0,46264.249,0.9557165861513688,,0.0
2023-08-07,5.915,5.845,5.925,5.835,59350.92,36476.237,0.955065359477124,,0.0
2023-08-08,5.835,5.784999999999999,5.885,5.765,63385.32,38494.982,0.9546204620462044,,0.0
2023-08-09,5.775,5.744999999999999,5.784999999999999,5.734999999999999,49149.63,29646.259,0.9543189368770764,,0.0
2023-08-10,5.725,5.744999999999999,5.765,5.705,36747.8,22105.818,0.9543189368770764,,0.0
2023-08-11,5.744999999999999,5.654999999999999,5.775,5.635,52169.92,31152.509,0.9536256323777402,,0.0
2023-08-14,5.635,5.614999999999999,5.645,5.545,52300.36,30657.842,0.9533106960950763,,0.0
2023-08-15,5.605,5.605,5.635,5.555,29111.51,17076.548,0.9532312925170068,,0.0
2023-08-16,5.605,5.605,5.654999999999999,5.565,27169.0,15986.881,0.9532312925170068,,0.0
2023-08-17,5.614999999999999,5.715,5.734999999999999,5.534999999999999,51141.77,30268.481,0.9540901502504172,,0.0
2023-08-18,5.734999999999999,5.625,5.734999999999999,5.614999999999999,45766.77,27189.007,0.9533898305084744,,0.0
2023-08-21,5.625,5.675,5.744999999999999,5.625,60626.13,36199.06,0.953781512605042,,0.0
2023-08-22,5.705,5.635,5.725,5.545,64362.5,37861.951,0.9534686971235194,,0.0
2023-08-23,5.605,5.614999999999999,5.694999999999999,5.555,39814.0,23528.5,0.9533106960950763,,0.0
2023-08-24,5.595,5.595,5.654999999999999,5.555,32751.0,19264.678,0.953151618398637,,0.0
2023-08-25,5.595,5.574999999999999,5.705,5.545,57202.95,33654.464,0.9529914529914528,,0.0
2023-08-28,5.815,5.665,5.875,5.654999999999999,88648.0,53383.218,0.9537037037037036,,0.0
2023-08-29,5.635,5.765,5.765,5.635,62939.0,37796.08,0.9544701986754968,,0.0
2023-08-30,5.755,5.904999999999999,6.105,5.744999999999999,200226.97,124457.151,0.9555016181229772,,0.0
2023-08-31,5.915,5.795,5.915,5.755,125736.22,76402.971,0.9546952224052718,,0.0
2023-09-01,5.805,5.784999999999999,5.845,5.744999999999999,53099.5,32126.556,0.9546204620462044,,0.0
2023-09-04,5.795,5.815,5.824999999999999,5.755,76653.76,46494.604,0.9548440065681444,,0.0
2023-09-05,5.815,5.784999999999999,5.815,5.755,48289.36,29256.68,0.9546204620462044,,0.0
2023-09-06,5.775,5.795,5.815,5.755,39838.0,24145.779,0.9546952224052718,,0.0
2023-09-07,5.795,5.694999999999999,5.795,5.694999999999999,68324.89,41052.714,0.95393634840871,,0.0
2023-09-08,5.685,5.694999999999999,5.725,5.654999999999999,34178.0,20368.495,0.95393634840871,,0.0
2023-09-11,5.705,5.734999999999999,5.765,5.645,47480.0,28367.049,0.954242928452579,,0.0
2023-09-12,5.734999999999999,5.755,5.784999999999999,5.715,40308.0,24294.453,0.9543946932006632,,0.0
2023-09-13,5.755,5.665,5.755,5.645,46486.0,27679.671,0.9537037037037036,,0.0
2023-09-14,5.635,5.605,5.675,5.565,43456.0,25577.854,0.9532312925170068,,0.0
2023-09-15,5.614999999999999,5.614999999999999,5.725,5.574999999999999,48207.33,28464.051,0.9533106960950763,,0.0
2023-09-18,5.614999999999999,5.665,5.694999999999999,5.555,44369.13,26298.141,0.9537037037037036,,0.0
2023-09-19,5.685,5.614999999999999,5.685,5.595,29263.0,17253.366,0.9533106960950763,,0.0
2023-09-20,5.585,5.585,5.635,5.574999999999999,23148.0,13607.232,0.9530716723549488,,0.0
2023-09-21,5.585,5.555,5.595,5.534999999999999,30544.0,17824.022,0.9528301886792452,,0.0
2023-09-22,5.545,5.635,5.635,5.525,42071.5,24689.517,0.9534686971235194,,0.0
2023-09-25,5.635,5.555,5.635,5.545,37026.5,21657.839,0.9528301886792452,,0.0
2023-09-26,5.574999999999999,5.475,5.574999999999999,5.475,38827.76,22425.085,0.9521739130434782,,0.0
2023-09-27,5.455,5.484999999999999,5.545,5.444999999999999,34264.1,19790.952,0.9522569444444444,,0.0
2023-09-28,5.505,5.574999999999999,5.605,5.484999999999999,41028.64,23939.642,0.9529914529914528,,0.0
2023-10-09,5.555,5.555,5.595,5.534999999999999,29757.0,17352.484,0.9528301886792452,,0.0
2023-10-10,5.565,5.595,5.605,5.525,47849.1,27989.641,0.953151618398637,,0.0
2023-10-11,5.645,5.625,5.675,5.595,42691.3,25195.389,0.9533898305084744,,0.0
2023-10-12,5.635,5.694999999999999,5.705,5.595,55353.26,32887.983,0.95393634840871,,0.0
2023-10-13,5.685,5.665,5.694999999999999,5.645,39318.0,23361.815,0.9537037037037036,,0.0
2023-10-16,5.685,5.685,5.855,5.595,97732.5,58551.37,0.9538590604026844,,0.0
2023-10-17,5.645,5.805,5.975,5.625,137287.19,83306.998,0.9547697368421052,,0.0
2023-10-18,5.765,5.665,5.795,5.654999999999999,81307.0,48712.556,0.9537037037037036,,0.0
2023-10-19,5.645,5.675,5.775,5.605,88871.92,53031.107,0.953781512605042,,0.0
2023-10-20,5.614999999999999,5.565,5.725,5.555,72711.5,42928.239,0.9529109589041096,,0.0
2023-10-23,5.525,5.444999999999999,5.555,5.425,50121.88,28850.051,0.9519230769230768,,0.0
2023-10-24,5.465,5.605,5.625,5.444999999999999,70856.37,41453.419,0.9532312925170068,,0.0
2023-10-25,5.645,5.665,5.715,5.635,39706.21,23604.167,0.9537037037037036,,0.0
2023-10-26,5.614999999999999,5.734999999999999,5.734999999999999,5.574999999999999,69151.56,41023.022,0.954242928452579,,0.0
2023-10-27,5.715,5.795,5.835,5.705,91691.49,55615.08,0.9546952224052718,,0.0
2023-10-30,5.775,5.805,5.835,5.725,88594.0,53778.348,0.9547697368421052,,0.0
2023-10-31,5.805,5.744999999999999,5.815,5.705,64247.5,38674.48,0.9543189368770764,,0.0
2023-11-01,5.755,5.805,5.845,5.725,68432.84,41519.481,0.9547697368421052,,0.0
2023-11-02,5.775,5.725,5.815,5.725,48738.0,29392.751,0.9541666666666666,,0.0
2023-11-03,5.744999999999999,5.835,5.855,5.744999999999999,101563.4,61878.874,0.9549918166939444,,0.0
2023-11-06,5.864999999999999,5.885,5.895,5.805,111002.0,68112.197,0.9553571428571428,,0.0
2023-11-07,5.904999999999999,6.055,6.085,5.855,275022.91,173093.263,0.9565560821484992,,0.0
2023-11-08,6.045,6.074999999999999,6.114999999999999,6.005,181345.87,114945.606,0.9566929133858268,,0.0
2023-11-09,6.065,6.025,6.085,5.994999999999999,94573.24,59625.258,0.9563492063492064,,0.0
2023-11-10,6.025,6.055,6.074999999999999,5.965,77404.83,48869.916,0.9565560821484992,,0.0
2023-11-13,6.065,6.025,6.074999999999999,6.005,82421.0,51952.091,0.9563492063492064,,0.0
2023-11-14,6.015,6.034999999999999,6.045,5.984999999999999,72064.0,45326.343,0.956418383518225,,0.0
2023-11-15,6.074999999999999,6.135,6.225,6.065,147433.8,94463.478,0.9570982839313572,,0.0
2023-11-16,6.105,6.085,6.135,6.055,93600.6,59574.497,0.9567610062893082,,0.0
2023-11-17,6.055,6.074999999999999,6.105,6.045,77202.0,49050.917,0.9566929133858268,,0.0
2023-11-20,6.055,6.085,6.095,6.015,59661.0,37823.548,0.9567610062893082,,0.0
2023-11-21,6.085,6.034999999999999,6.114999999999999,6.015,71574.8,45315.565,0.956418383518225,,0.0
2023-11-22,6.034999999999999,5.955,6.055,5.935,79011.1,49487.463,0.9558587479935794,,0.0
2023-11-23,5.975,6.015,6.025,5.925,59882.0,37522.149,0.9562798092209857,,0.0
2023-11-24,6.025,5.935,6.055,5.935,48956.0,30555.501,0.9557165861513688,,0.0
2023-11-27,5.955,5.925,5.955,5.864999999999999,80371.78,49650.872,0.9556451612903224,,0.0
2023-11-28,5.915,6.145,6.154999999999999,5.895,302455.66,191955.116,0.957165109034268,,0.0
2023-11-29,6.095,5.875,6.095,5.845,261901.0,162560.022,0.9552845528455284,,0.0
2023-11-30,5.885,5.824999999999999,5.904999999999999,5.775,97335.73,59423.502,0.9549180327868853,,0.0
2023-12-01,5.815,5.845,5.904999999999999,5.775,78377.0,47997.134,0.955065359477124,,0.0
2023-12-04,5.855,5.815,5.875,5.805,85804.49,52442.465,0.9548440065681444,,0.0
2023-12-05,5.795,5.705,5.815,5.694999999999999,80776.49,48685.922,0.9540133779264214,,0.0
2023-12-06,5.675,5.725,5.795,5.675,77093.92,46369.757,0.9541666666666666,,0.0
2023-12-07,5.755,5.685,5.784999999999999,5.635,79742.0,47728.502,0.9538590604026844,,0.0
2023-12-08,5.685,5.574999999999999,5.725,5.565,92348.0,54488.173,0.9529914529914528,,0.0
2023-12-11,5.545,5.605,5.625,5.505,76740.49,44894.216,0.9532312925170068,,0.0
2023-12-12,5.614999999999999,5.605,5.614999999999999,5.565,47977.0,28135.209,0.9532312925170068,,0.0
2023-12-13,5.605,5.595,5.675,5.585,58418.0,34450.106,0.953151618398637,,0.0
2023-12-14,5.605,5.595,5.654999999999999,5.585,41299.0,24338.904,0.953151618398637,,0.0
2023-12-15,5.595,5.605,5.645,5.574999999999999,49723.0,29245.574,0.9532312925170068,,0.0
2023-12-18,5.574999999999999,5.505,5.595,5.505,72818.0,42373.925,0.9524221453287196,,0.0
2023-12-19,5.534999999999999,5.515,5.545,5.465,42696.0,24677.941,0.9525043177892918,,0.0
2023-12-20,5.505,5.465,5.555,5.465,34069.0,19700.04,0.9520905923344948,,0.0
2023-12-21,5.465,5.534999999999999,5.555,5.375,54675.66,31433.21,0.9526678141135972,,0.0
2023-12-22,5.534999999999999,5.484999999999999,5.625,5.435,81376.0,47057.265,0.9522569444444444,,0.0
2023-12-25,5.475,5.404999999999999,5.494999999999999,5.385,60981.0,34710.28,0.9515845070422536,,0.0
2023-12-26,5.425,5.355,5.484999999999999,5.305,40580.0,22878.78,0.9511545293072824,,0.0
2023-12-27,5.345,5.364999999999999,5.395,5.295,48748.0,27405.56,0.951241134751773,,0.0
2023-12-28,5.355,5.555,5.665,5.335,116231.0,67458.8,0.9528301886792452,,0.0
2023-12-29,5.555,5.625,5.635,5.534999999999999,75149.0,44099.675,0.9533898305084744,,0.0
2024-01-02,5.614999999999999,5.625,5.675,5.605,82414.0,48814.373,0.9533898305084744,,0.0
2024-01-03,5.605,5.605,5.635,5.545,51262.0,30091.67,0.9532312925170068,,0.0
2024-01-04,5.605,5.595,5.614999999999999,5.555,53609.0,31402.737,0.953151618398637,,0.0
2024-01-05,5.585,5.525,5.635,5.494999999999999,53482.0,31201.876,0.9525862068965516,,0.0
2024-01-08,5.484999999999999,5.375,5.494999999999999,5.375,74047.0,42268.075,0.9513274336283184,,0.0
2024-01-09,5.385,5.444999999999999,5.565,5.375,70733.0,40582.789,0.9519230769230768,,0.0
2024-01-10,5.484999999999999,5.435,5.505,5.355,59322.03,33878.857,0.9518388791593696,,0.0
2024-01-11,5.425,5.534999999999999,5.555,5.404999999999999,66306.0,38275.235,0.9526678141135972,,0.0
2024-01-12,5.525,5.545,5.705,5.505,92406.0,54308.854,0.9527491408934708,,0.0
2024-01-15,5.525,5.515,5.565,5.435,74503.0,43128.827,0.9525043177892918,,0.0
2024-01-16,5.534999999999999,5.565,5.645,5.455,92656.0,53862.338,0.9529109589041096,,0.0
2024-01-17,5.505,5.404999999999999,5.565,5.404999999999999,75621.03,43566.253,0.9515845070422536,,0.0
2024-01-18,5.395,5.315,5.435,5.165,106571.0,59102.97,0.9508050089445438,,0.0
2024-01-19,5.295,5.244999999999999,5.385,5.215,54958.0,30487.25,0.9501811594202898,,0.0
2024-01-22,5.255,4.824999999999999,5.255,4.775,114762.0,60642.991,0.946078431372549,,0.0
2024-01-23,4.824999999999999,4.795,4.904999999999999,4.665,99502.0,50224.036,0.945759368836292,,0.0
2024-01-24,4.824999999999999,4.915,4.925,4.685,92266.55,47087.874,0.9470134874759152,,0.0
2024-01-25,4.935,5.095,5.105,4.885,74553.0,39485.694,0.9487895716945997,,0.0
2024-01-26,5.105,5.114999999999999,5.205,5.065,71421.0,38825.53,0.9489795918367346,,0.0
2024-01-29,5.135,5.005,5.194999999999999,4.975,78392.2,41658.893,0.9479166666666666,,0.0
2024-01-30,5.055,4.795,5.185,4.784999999999999,142137.45,74985.379,0.945759368836292,,0.0
2024-01-31,4.835,4.545,4.835,4.534999999999999,121976.0,60221.156,0.9429460580912864,,0.0
2024-02-01,4.505,4.355,4.545,4.305,112472.0,52632.156,0.9406047516198704,,0.0
2024-02-02,4.375,4.125,4.435,3.935,136676.71,60869.959,0.9375,,0.0
2024-02-05,4.025,3.605,4.045,3.515,192605.0,76708.096,0.9291237113402062,,0.0
2024-02-06,3.505,3.715,3.875,3.415,182593.1,70732.337,0.931077694235589,,0.0
2024-02-07,3.715,3.665,3.795,3.595,168091.29,66766.435,0.9302030456852792,,0.0
2024-02-08,3.685,4.105,4.145,3.635,180759.19,75231.977,0.937214611872146,,0.0
2024-02-19,4.194999999999999,4.295,4.375,4.154999999999999,164523.26,74867.608,0.9398249452954048,,0.0
2024-02-20,4.275,4.284999999999999,4.305,4.175,87607.61,39633.068,0.9396929824561404,,0.0
2024-02-21,4.234999999999999,4.315,4.494999999999999,4.194999999999999,137781.0,64072.809,0.9400871459694988,,0.0
2024-02-22,4.295,4.395,4.415,4.284999999999999,81291.95,37632.337,0.9411134903640256,,0.0
2024-02-23,4.404999999999999,4.494999999999999,4.505,4.364999999999999,97542.99,45933.749,0.9423480083857442,,0.0
2024-02-26,4.525,4.585,4.654999999999999,4.484999999999999,118622.03,57523.852,0.9434156378600822,,0.0
2024-02-27,4.574999999999999,4.685,4.685,4.525,95985.27,46849.126,0.9445564516129032,,0.0
2024-02-28,4.694999999999999,4.395,4.824999999999999,4.364999999999999,187119.25,91607.79,0.9411134903640256,,0.0
2024-02-29,4.355,4.574999999999999,4.574999999999999,4.335,119052.15,56631.373,0.9432989690721648,,0.0
2024-03-01,4.574999999999999,4.665,4.675,4.555,89173.07,43628.444,0.944331983805668,,0.0
2024-03-04,4.635,4.614999999999999,4.685,4.545,73014.0,35668.752,0.943762781186094,,0.0
2024-03-05,4.585,4.465,4.605,4.465,74714.0,35770.561,0.9419831223628692,,0.0
2024-03-06,4.465,4.515,4.585,4.435,88336.0,42259.95,0.9425887265135698,,0.0
2024-03-07,4.534999999999999,4.494999999999999,4.595,4.475,68682.38,33038.866,0.9423480083857442,,0.0
2024-03-08,4.494999999999999,4.574999999999999,4.685,4.465,89410.01,43390.479,0.9432989690721648,,0.0
2024-03-11,4.585,4.784999999999999,4.864999999999999,4.585,179557.1,89970.329,0.9456521739130436,,0.0
2024-03-12,4.744999999999999,4.734999999999999,4.775,4.645,147681.12,73497.528,0.9451097804391216,,0.0
2024-03-13,4.725,4.685,4.725,4.645,81084.0,40232.852,0.9445564516129032,,0.0
2024-03-14,4.694999999999999,4.675,4.734999999999999,4.635,81459.2,40411.999,0.9444444444444444,,0.0
2024-03-15,4.675,4.744999999999999,4.744999999999999,4.645,61313.57,30494.836,0.945219123505976,,0.0
2024-03-18,4.725,4.805,4.805,4.725,84594.5,42689.413,0.9458661417322834,,0.0
2024-03-19,4.784999999999999,4.795,4.824999999999999,4.765,62693.5,31787.294,0.945759368836292,,0.0
2024-03-20,4.795,4.845,4.855,4.775,72246.73,36750.792,0.9462890625,,0.0
2024-03-21,4.845,4.815,4.875,4.734999999999999,80863.0,41066.306,0.9459724950884084,,0.0
2024-03-22,4.784999999999999,4.725,4.815,4.685,71222.0,35703.57,0.945,,0.0
2024-03-25,4.685,4.645,4.784999999999999,4.635,65236.99,32579.573,0.9441056910569104,,0.0
2024-03-26,4.645,4.665,4.685,4.545,59729.0,29285.066,0.944331983805668,,0.0
2024-03-27,4.715,4.484999999999999,4.725,4.484999999999999,66117.0,32189.064,0.9422268907563024,,0.0
2024-03-28,4.505,4.614999999999999,4.675,4.505,69574.0,33908.164,0.943762781186094,,0.0
2024-03-29,4.635,4.665,4.685,4.605,46693.73,22948.116,0.944331983805668,,0.0
2024-04-01,4.665,4.824999999999999,4.824999999999999,4.654999999999999,97377.93,49162.039,0.946078431372549,,0.0
2024-04-02,4.855,4.895,4.935,4.805,99832.7,51353.468,0.946808510638298,,0.0
2024-04-03,4.845,4.864999999999999,4.925,4.805,80598.79,41331.777,0.946498054474708,,0.0
2024-04-08,4.864999999999999,4.734999999999999,4.875,4.725,58261.0,29443.261,0.9451097804391216,,0.0
2024-04-09,4.744999999999999,4.815,4.815,4.685,68693.0,34632.783,0.9459724950884084,,0.0
2024-04-10,4.784999999999999,4.645,4.805,4.605,89325.0,44141.458,0.9441056910569104,,0.0
2024-04-11,4.675,4.815,4.845,4.614999999999999,128667.0,65235.168,0.9459724950884084,,0.0
2024-04-12,4.805,4.984999999999999,5.194999999999999,4.805,292962.2,155885.104,0.9477186311787072,,0.0
2024-04-15,4.845,5.005,5.154999999999999,4.605,321228.72,165520.947,0.9479166666666666,,0.0
2024-04-16,4.845,4.625,4.885,4.484999999999999,269749.42,133183.618,0.943877551020408,,0.0
2024-04-17,4.715,5.025,5.025,4.705,260196.02,135445.228,0.9481132075471698,,0.0
2024-04-18,5.005,5.165,5.345,4.955,398249.71,217410.218,0.9494485294117646,,0.0
2024-04-19,5.055,5.085,5.305,5.034999999999999,292828.93,158578.021,0.9486940298507462,,0.0
2024-04-22,5.045,4.864999999999999,5.095,4.835,205778.39,106730.266,0.946498054474708,,0.0
2024-04-23,4.864999999999999,4.765,4.925,4.715,164406.06,83337.009,0.945436507936508,,0.0
2024-04-24,4.784999999999999,4.895,5.005,4.784999999999999,161253.79,83309.774,0.946808510638298,,0.0
2024-04-25,4.824999999999999,5.045,5.275,4.805,261110.44,139482.834,0.9483082706766915,,0.0
2024-04-26,4.955,5.034999999999999,5.055,4.904999999999999,213163.32,112011.294,0.948210922787194,,0.0
2024-04-29,5.034999999999999,5.105,5.165,4.994999999999999,194217.66,104377.534,0.9488847583643122,,0.0
2024-04-30,5.135,5.425,5.465,5.055,420152.32,232754.978,0.9517543859649122,,0.0
2024-05-06,5.364999999999999,5.515,5.555,5.324999999999999,392695.01,224440.204,0.9525043177892918,,0.0
2024-05-07,5.444999999999999,5.395,5.455,5.305,255656.5,144522.829,0.9514991181657848,,0.0
2024-05-08,5.375,5.645,6.114999999999999,5.284999999999999,561703.06,336249.776,0.9535472972972971,,0.0
2024-05-09,5.525,5.675,5.795,5.505,376895.6,222968.08,0.953781512605042,,0.0
2024-05-10,5.574999999999999,5.455,5.595,5.435,250868.06,144766.907,0.9520069808027922,,0.0
2024-05-13,5.455,5.665,5.665,5.345,287161.01,166748.845,0.9537037037037036,,0.0
2024-05-14,5.585,5.494999999999999,5.645,5.475,200170.0,116411.837,0.9523396880415944,,0.0
2024-05-15,5.494999999999999,5.315,5.534999999999999,5.295,172564.01,97743.025,0.9508050089445438,,0.0
2024-05-16,5.335,5.335,5.385,5.305,107699.07,60475.672,0.9509803921568628,,0.0
2024-05-17,5.345,5.355,5.3950000000000005,5.245,123037.9,67670.461,0.9683544303797468,,0.0
2024-05-20,5.425,5.615,5.755,5.425,289595.2,167757.271,0.969775474956822,,0.0
2024-05-21,5.615,5.535,5.655,5.4750000000000005,165695.51,94460.568,0.969352014010508,,0.0
2024-05-22,5.525,5.7250000000000005,5.7250000000000005,5.485,255675.21,148833.095,0.9703389830508476,,0.0
2024-05-23,5.655,5.545,5.675,5.425,213055.22,121639.452,0.9694055944055944,,0.0
2024-05-24,5.455,5.445,5.585,5.4350000000000005,117206.5,66582.467,0.9688612099644128,,0.0
2024-05-27,5.425,5.305000000000001,5.4350000000000005,5.1850000000000005,152292.0,82814.523,0.968065693430657,,0.0
2024-05-28,5.275,5.125,5.285,5.115,131273.0,70257.916,0.9669811320754718,,0.0
2024-05-29,5.115,5.155,5.255,5.105,83926.0,45008.259,0.9671669793621014,,0.0
2024-05-30,5.155,5.045,5.175,5.035,95414.0,50102.846,0.9664750957854408,,0.0
2024-05-31,5.045,5.045,5.075,5.015000000000001,87881.0,45917.285,0.9664750957854408,,0.0
2024-06-03,5.045,4.905,5.055000000000001,4.855,111020.49,56512.289,0.9655511811023624,,0.0
2024-06-04,4.845,4.905,4.905,4.755,94871.03,47443.359,0.9655511811023624,,0.0
2024-06-05,4.875,4.815,4.915,4.805000000000001,67103.0,33826.676,0.9649298597194388,,0.0
2024-06-06,4.815,4.585,4.875,4.555000000000001,136261.0,65827.758,0.9632352941176472,,0.0
2024-06-07,4.6450000000000005,4.695,4.715,4.595,76961.0,37223.713,0.9640657084188912,,0.0
2024-06-11,4.6850000000000005,4.755,4.775,4.605,65582.96,31927.561,0.9645030425963488,,0.0
2024-06-12,4.7250000000000005,4.815,4.825,4.7250000000000005,57207.41,28440.728,0.9649298597194388,,0.0
2024-06-13,4.785,4.7250000000000005,4.825,4.705,55307.45,27254.527,0.9642857142857144,,0.0
2024-06-14,4.735,4.7250000000000005,4.775,4.675,54013.21,26465.255,0.9642857142857144,,0.0
2024-06-17,4.7250000000000005,4.675,4.745,4.6450000000000005,41724.0,20256.195,0.963917525773196,,0.0
2024-06-18,4.675,4.795,4.805000000000001,4.6450000000000005,67986.0,33451.826,0.9647887323943662,,0.0
2024-06-19,4.815,4.775,4.815,4.735,43642.0,21617.573,0.9646464646464646,,0.0
2024-06-20,4.745,4.665,4.795,4.635,47813.4,23360.056,0.9638429752066116,,0.0
2024-06-21,4.655,4.625,4.755,4.615,48258.0,23463.956,0.9635416666666669,,0.0
2024-06-24,4.595,4.445,4.595,4.3950000000000005,75958.03,35375.454,0.9621212121212122,,0.0
2024-06-25,4.495,4.445,4.525,4.415,45212.06,21018.693,0.9621212121212122,,0.0
2024-06-26,4.455,4.575,4.585,4.4350000000000005,51576.0,24204.423,0.963157894736842,,0.0
2024-06-27,4.545,4.4750000000000005,4.625,4.465,44133.0,20826.239,0.9623655913978496,,0.0
2024-06-28,4.4750000000000005,4.505,4.625,4.445,50002.0,23589.121,0.9626068376068376,,0.0
2024-07-01,4.485,4.515000000000001,4.565,4.445,50307.0,23456.929,0.9626865671641792,,0.0
2024-07-02,4.525,4.535,4.565,4.495,38846.03,18283.867,0.9628450106157111,,0.0
2024-07-03,4.625,4.535,4.6850000000000005,4.525,77109.03,36629.025,0.9628450106157111,,0.0
2024-07-04,4.495,4.365,4.535,4.345,78242.0,35975.055,0.9614537444933922,,0.0
2024-07-05,4.365,4.465,4.485,4.325,61191.0,28115.942,0.9622844827586208,,0.0
2024-07-08,4.455,4.305000000000001,4.465,4.295,50738.82,22985.085,0.9609375,,0.0
2024-07-09,4.315,4.385,4.405,4.205,61520.6,27633.629,0.961622807017544,,0.0
2024-07-10,4.365,4.355,4.445,4.355,44308.0,20240.907,0.9613686534216336,,0.0
2024-07-11,4.425,4.545,4.555000000000001,4.415,76973.0,36001.813,0.9629237288135594,,0.0
2024-07-12,4.545,4.575,4.595,4.525,53644.0,25417.426,0.963157894736842,,0.0
2024-07-15,4.525,4.465,4.555000000000001,4.445,46188.0,21483.829,0.9622844827586208,,0.0
2024-07-16,4.455,4.4350000000000005,4.4750000000000005,4.3950000000000005,41858.0,19257.204,0.9620390455531452,,0.0
2024-07-17,4.425,4.365,4.445,4.345,46209.0,21030.951,0.9614537444933922,,0.0
2024-07-18,4.325,4.345,4.375,4.245,41289.0,18481.257,0.961283185840708,,0.0
2024-07-19,4.315,4.345,4.365,4.285,32337.0,14577.394,0.961283185840708,,0.0
2024-07-22,4.315,4.345,4.365,4.305000000000001,32981.0,14869.287,0.961283185840708,,0.0
2024-07-23,4.335,4.2250000000000005,4.385,4.2250000000000005,55462.0,24807.308,0.9602272727272728,,0.0
2024-07-24,4.245,4.165,4.255,4.135,42173.0,18397.711,0.9596774193548387,,0.0
2024-07-25,4.135,4.195,4.235,4.115,35206.0,15336.532,0.9599542334096112,,0.0
2024-07-26,4.195,4.355,4.385,4.195,61564.0,27718.16,0.9613686534216336,,0.0
2024-07-29,4.355,4.325,4.355,4.295,36140.0,16278.202,0.9611111111111112,,0.0
2024-07-30,4.335,4.345,4.375,4.305000000000001,34264.0,15491.756,0.961283185840708,,0.0
2024-07-31,4.345,4.495,4.505,4.335,70058.0,32411.472,0.9625267665952892,,0.0
2024-08-01,4.515000000000001,4.495,4.535,4.4750000000000005,51649.0,24178.235,0.9625267665952892,,0.0
2024-08-02,4.4750000000000005,4.455,4.545,4.4350000000000005,42653.0,19896.27,0.9622030237580994,,0.0
2024-08-05,4.505,4.385,4.515000000000001,4.385,53041.0,24531.198,0.961622807017544,,0.0
2024-08-06,4.385,4.465,4.485,4.385,52385.0,24134.076,0.9622844827586208,,0.0
2024-08-07,4.465,4.4750000000000005,4.515000000000001,4.4350000000000005,50983.0,23727.349,0.9623655913978496,,0.0
2024-08-08,4.4750000000000005,4.505,4.535,4.4350000000000005,49840.0,23274.795,0.9626068376068376,,0.0
2024-08-09,4.525,4.465,4.545,4.455,30403.0,14208.007,0.9622844827586208,,0.0
2024-08-12,4.4350000000000005,4.425,4.485,4.405,36674.2,16949.841,0.9619565217391304,,0.0
2024-08-13,4.4350000000000005,4.445,4.465,4.375,47738.2,21912.681,0.9621212121212122,,0.0
2024-08-14,4.445,4.4350000000000005,4.4750000000000005,4.425,33544.0,15496.087,0.9620390455531452,,0.0
2024-08-15,4.425,4.495,4.515000000000001,4.375,49293.8,22884.965,0.9625267665952892,,0.0
2024-08-16,4.505,4.465,4.525,4.455,50258.8,23423.355,0.9622844827586208,,0.0
2024-08-19,4.3950000000000005,4.275,4.4350000000000005,4.2250000000000005,132209.0,58853.887,0.9606741573033708,,0.0
2024-08-20,4.315,4.1850000000000005,4.315,4.1450000000000005,66967.0,29293.385,0.9598623853211008,,0.0
2024-08-21,4.1450000000000005,4.175,4.215,4.135,35618.03,15505.885,0.9597701149425288,,0.0
2024-08-22,4.195,4.105,4.195,4.085,43927.03,18911.994,0.9591121495327104,,0.0
2024-08-23,4.075,4.055000000000001,4.105,4.015000000000001,41971.0,17746.797,0.958628841607565,,0.0
2024-08-26,4.065,4.1450000000000005,4.165,4.065,40689.8,17521.998,0.9594907407407408,,0.0
2024-08-27,4.155,4.095,4.175,4.075,33349.0,14312.373,0.959016393442623,,0.0
2024-08-28,4.085,4.165,4.315,4.075,94391.0,41359.961,0.9596774193548387,,0.0
2024-08-29,4.1450000000000005,4.255,4.275,4.115,84109.8,36960.454,0.9604966139954854,,0.0
2024-08-30,4.255,4.335,4.415,4.235,87963.19,39730.922,0.9611973392461196,,0.0
2024-09-02,4.325,4.265000000000001,4.445,4.255,105556.21,47337.756,0.9605855855855856,,0.0
2024-09-03,4.255,4.315,4.365,4.255,60165.0,27009.844,0.9610244988864144,,0.0
2024-09-04,4.285,4.365,4.555000000000001,4.255,102376.8,46208.172,0.9614537444933922,,0.0
2024-09-05,4.325,4.655,4.925,4.295,382903.77,183397.794,0.963768115942029,,0.0
2024-09-06,4.485,4.3950000000000005,4.585,4.365,235890.0,108942.134,0.9617067833698032,,0.0
2024-09-09,4.325,4.335,4.465,4.275,109628.0,49520.786,0.9611973392461196,,0.0
2024-09-10,4.345,4.295,4.365,4.215,92051.09,40930.15,0.9608501118568232,,0.0
2024-09-11,4.255,4.265000000000001,4.305000000000001,4.235,52790.03,23467.318,0.9605855855855856,,0.0
2024-09-12,4.285,4.295,4.345,4.265000000000001,72622.54,32606.101,0.9608501118568232,,0.0
2024-09-13,4.275,4.165,4.325,4.155,73595.28,32335.698,0.9596774193548387,,0.0
2024-09-18,4.1850000000000005,4.055000000000001,4.1850000000000005,3.995,74371.65,31516.022,0.958628841607565,,0.0
2024-09-19,4.085,4.1850000000000005,4.205,4.075,69051.65,29869.502,0.9598623853211008,,0.0
2024-09-20,4.175,4.155,4.195,4.125,42652.0,18448.173,0.9595842956120092,,0.0
2024-09-23,4.165,4.1850000000000005,4.205,4.135,43130.0,18796.65,0.9598623853211008,,0.0
2024-09-24,4.205,4.365,4.365,4.1850000000000005,94780.0,42266.845,0.9614537444933922,,0.0
2024-09-25,4.425,4.405,4.515000000000001,4.385,115254.0,53320.016,0.9617903930131004,,0.0
2024-09-26,4.405,4.515000000000001,4.525,4.375,99696.0,46220.308,0.9626865671641792,,0.0
2024-09-27,4.605,4.735,4.805000000000001,4.575,172582.23,83732.171,0.9643584521384928,,0.0
2024-09-30,4.9750000000000005,5.345,5.465,4.875,372561.89,198052.599,0.9682971014492754,,0.0
2024-10-08,6.405,5.9750000000000005,6.405,5.575,544309.5,332004.322,0.9715447154471544,,0.0
2024-10-09,5.775,5.1850000000000005,5.805000000000001,5.175,340495.13,192765.764,0.9673507462686568,,0.0
2024-10-10,5.315,5.275,5.4350000000000005,5.125,210452.69,115542.514,0.9678899082568808,,0.0
2024-10-11,5.285,5.025,5.305000000000001,4.9750000000000005,150113.2,79259.882,0.966346153846154,,0.0
2024-10-14,5.075,5.265000000000001,5.275,4.925,181086.35,96059.111,0.9678308823529412,,0.0
2024-10-15,5.305000000000001,5.265000000000001,5.515000000000001,5.215,281436.5,154956.045,0.9678308823529412,,0.0
2024-10-16,5.175,5.1850000000000005,5.325,5.135,142551.81,76970.5,0.9673507462686568,,0.0
2024-10-17,5.2250000000000005,5.195,5.305000000000001,5.1850000000000005,138913.85,75364.081,0.967411545623836,,0.0
2024-10-18,5.175,5.305000000000001,5.405,5.165,162398.0,88504.078,0.968065693430657,,0.0
2024-10-21,5.315,5.375,5.445,5.275,203438.2,112242.237,0.9684684684684683,,0.0
2024-10-22,5.345,5.415,5.455,5.315,168608.35,93673.518,0.9686940966010734,,0.0
2024-10-23,5.455,5.515000000000001,5.615,5.455,257626.81,146820.083,0.969244288224956,,0.0
2024-10-24,5.545,5.445,5.575,5.425,146147.05,82700.682,0.9688612099644128,,0.0
2024-10-25,5.525,5.615,5.6450000000000005,5.505,208152.46,119808.778,0.969775474956822,,0.0
2024-10-28,5.615,5.7250000000000005,5.7250000000000005,5.605,184828.65,107998.304,0.9703389830508476,,0.0
2024-10-29,5.745,5.495,5.765000000000001,5.485,254913.14,147158.692,0.969135802469136,,0.0
2024-10-30,5.465,5.445,5.555000000000001,5.385,155250.94,87539.769,0.9688612099644128,,0.0
2024-10-31,5.625,5.7250000000000005,5.925,5.595,465196.13,276357.469,0.9703389830508476,,0.0
2024-11-01,5.635,5.575,5.885,5.455,419696.39,246336.795,0.9695652173913044,,0.0
2024-11-04,5.555000000000001,5.565,5.635,5.4750000000000005,217639.32,124719.494,0.9695121951219512,,0.0
2024-11-05,5.565,5.695,5.705,5.535,253788.92,147276.35,0.9701873935264056,,0.0
2024-11-06,5.7250000000000005,5.805000000000001,5.925,5.625,415606.46,249151.453,0.9707357859531772,,0.0
2024-11-07,5.825,6.125,6.215,5.805000000000001,521760.01,323659.118,0.9722222222222222,,0.0
2024-11-08,6.275,6.035,6.375,6.005,542983.46,343462.797,0.9718196457326892,,0.0
2024-11-11,5.995,6.015000000000001,6.035,5.885,297980.59,183113.106,0.9717285945072698,,0.0
2024-11-12,6.035,5.965,6.165,5.925,262171.49,163238.159,0.9714983713355048,,0.0
2024-11-13,5.885,6.135,6.195,5.785,379517.4,234466.732,0.9722662440570524,,0.0
2024-11-14,6.115,5.9350000000000005,6.175,5.9350000000000005,239258.2,149279.364,0.9713584288052374,,0.0
2024-11-15,5.905,5.765000000000001,5.995,5.765000000000001,193603.0,116525.637,0.9705387205387206,,0.0
2024-11-18,5.765000000000001,5.575,5.835,5.495,180798.86,104818.319,0.9695652173913044,,0.0
2024-11-19,5.585,5.735,5.735,5.545,119109.8,69309.732,0.9703891708967852,,0.0
2024-11-20,5.695,5.785,5.805000000000001,5.6850000000000005,133492.2,79112.293,0.9706375838926176,,0.0
2024-11-21,5.775,5.745,5.805000000000001,5.675,110792.4,65660.688,0.9704391891891893,,0.0
2024-11-22,5.745,5.465,5.795,5.455,144091.9,83814.129,0.9689716312056738,,0.0
2024-11-25,5.4750000000000005,5.605,5.615,5.405,119383.0,68106.893,0.9697231833910036,,0.0
2024-11-26,5.575,5.655,5.905,5.575,149865.71,87929.034,0.969982847341338,,0.0
2024-11-27,5.625,5.695,5.695,5.455,124138.0,71506.425,0.9701873935264056,,0.0
2024-11-28,5.705,5.705,5.785,5.6850000000000005,119257.0,70607.064,0.9702380952380952,,0.0
2024-11-29,5.6850000000000005,5.755,5.805000000000001,5.6450000000000005,118779.0,70189.571,0.9704890387858348,,0.0
2024-12-02,5.745,5.905,5.905,5.7250000000000005,160067.0,96577.737,0.971217105263158,,0.0
2024-12-03,5.925,5.905,5.945,5.835,126155.0,76557.694,0.971217105263158,,0.0
2024-12-04,5.915,5.775,5.915,5.7250000000000005,120583.0,72200.905,0.9705882352941176,,0.0
2024-12-05,5.745,5.925,5.925,5.745,131192.97,79096.17,0.971311475409836,,0.0
2024-12-06,5.915,5.925,5.945,5.835,136481.0,83000.232,0.971311475409836,,0.0
2024-12-09,5.9350000000000005,6.105,6.215,5.885,389099.65,242311.893,0.9721337579617836,,0.0
2024-12-10,6.235,5.995,6.375,5.965,570881.94,364126.726,0.9716369529983792,,0.0
2024-12-11,5.9750000000000005,6.005,6.035,5.925,230958.6,142282.966,0.97168284789644,,0.0
2024-12-12,5.9750000000000005,5.985,6.005,5.905,187004.15,114738.669,0.9715909090909092,,0.0
2024-12-13,5.955,5.845,5.965,5.825,168548.2,102047.593,0.9709302325581396,,0.0
2024-12-16,5.845,5.755,5.875,5.7250000000000005,133708.65,79807.121,0.9704890387858348,,0.0
2024-12-17,5.765000000000001,5.4750000000000005,5.775,5.4750000000000005,174286.0,100320.666,0.9690265486725664,,0.0
2024-12-18,5.505,5.505,5.565,5.445,115921.0,65936.202,0.9691901408450704,,0.0
2024-12-19,5.455,5.515000000000001,5.535,5.3950000000000005,100416.0,56614.379,0.969244288224956,,0.0
2024-12-20,5.515000000000001,5.535,5.585,5.485,97155.65,55653.451,0.969352014010508,,0.0
2024-12-23,5.535,5.285,5.565,5.255,121381.83,67405.258,0.967948717948718,,0.0
2024-12-24,5.315,5.375,5.425,5.315,75390.8,41751.805,0.9684684684684683,,0.0
2024-12-25,5.355,5.265000000000001,5.405,5.195,78301.19,42530.357,0.9678308823529412,,0.0
2024-12-26,5.255,5.325,5.355,5.255,53042.29,29192.839,0.9681818181818184,,0.0
2024-12-27,5.325,5.4750000000000005,5.595,5.325,148481.0,84121.729,0.9690265486725664,,0.0
2024-12-30,5.4350000000000005,5.425,5.4750000000000005,5.345,77579.0,43360.304,0.96875,,0.0
2024-12-31,5.425,5.265000000000001,5.465,5.255,79440.65,43837.469,0.9678308823529412,,0.0
2025-01-02,5.265000000000001,5.125,5.325,5.085,88434.0,47576.141,0.9669811320754718,,0.0
2025-01-03,5.1450000000000005,4.905,5.175,4.8950000000000005,103594.05,53789.845,0.9655511811023624,,0.0
2025-01-06,4.905,4.905,4.9750000000000005,4.7250000000000005,79891.0,40316.159,0.9655511811023624,,0.0
2025-01-07,4.925,5.085,5.085,4.925,81312.0,42143.148,0.9667300380228138,,0.0
2025-01-08,5.055000000000001,5.005,5.065,4.845,100609.0,51805.81,0.9662162162162162,,0.0
2025-01-09,4.995,5.015000000000001,5.075,4.955,58296.0,30345.802,0.966281310211946,,0.0
2025-01-10,5.025,4.825,5.055000000000001,4.825,79432.0,40558.231,0.965,,0.0
2025-01-13,4.775,4.855,4.855,4.675,70386.05,34933.022,0.9652087475149106,,0.0
2025-01-14,4.855,5.055000000000001,5.065,4.855,84784.0,43828.673,0.9665391969407268,,0.0
2025-01-15,5.065,5.095,5.125,5.015000000000001,87793.0,46113.093,0.9667931688804554,,0.0
2025-01-16,5.125,5.165,5.235,5.115,92174.0,49314.849,0.9672284644194756,,0.0
2025-01-17,5.165,5.105,5.165,5.075,74243.93,39284.324,0.9668560606060608,,0.0
2025-01-20,5.125,5.175,5.1850000000000005,5.095,70132.93,37429.218,0.9672897196261684,,0.0
2025-01-21,5.195,5.125,5.205,5.105,52971.0,28141.825,0.9669811320754718,,0.0
2025-01-22,5.125,5.065,5.135,5.035,49736.0,26110.014,0.9666030534351144,,0.0
2025-01-23,5.125,5.075,5.195,5.075,72479.05,38600.67,0.9666666666666668,,0.0
2025-01-24,5.105,5.165,5.175,5.065,68624.05,36383.467,0.9672284644194756,,0.0
2025-01-27,5.175,5.175,5.275,5.175,73199.19,39491.026,0.9672897196261684,,0.0
2025-02-05,5.2250000000000005,5.165,5.2250000000000005,5.135,68465.38,36621.812,0.9672284644194756,,0.0
2025-02-06,5.155,5.245,5.245,5.125,75411.0,40516.274,0.9677121771217712,,0.0
2025-02-07,5.235,5.315,5.375,5.235,117203.96,64362.016,0.9681238615664846,,0.0
2025-02-10,5.315,5.345,5.355,5.275,77285.0,42458.42,0.9682971014492754,,0.0
2025-02-11,5.335,5.305000000000001,5.355,5.275,60760.0,33257.812,0.968065693430657,,0.0
2025-02-12,5.315,5.315,5.335,5.255,74548.0,40775.976,0.9681238615664846,,0.0
2025-02-13,5.325,5.235,5.325,5.235,79309.19,43259.302,0.967652495378928,,0.0
2025-02-14,5.235,5.215,5.275,5.205,61899.4,33451.387,0.9675324675324676,,0.0
2025-02-17,5.2250000000000005,5.265000000000001,5.295,5.205,86502.33,46946.236,0.9678308823529412,,0.0
2025-02-18,5.275,5.1850000000000005,5.375,5.155,153947.62,83891.32,0.9673507462686568,,0.0
2025-02-19,5.155,5.1850000000000005,5.205,5.125,128750.9,68791.931,0.9673507462686568,,0.0
2025-02-20,5.175,5.195,5.215,5.125,100606.07,53838.126,0.967411545623836,,0.0
2025-02-21,5.1850000000000005,5.165,5.205,5.095,89223.0,47569.612,0.9672284644194756,,0.0
2025-02-24,5.155,5.195,5.2250000000000005,5.135,107372.0,57501.026,0.967411545623836,,0.0
2025-02-25,5.165,5.155,5.195,5.105,85554.0,45602.869,0.9671669793621014,,0.0
2025-02-26,5.1850000000000005,5.295,5.305000000000001,5.165,127813.27,69380.493,0.9680073126142597,,0.0
2025-02-27,5.305000000000001,5.275,5.305000000000001,5.195,113749.0,61762.338,0.9678899082568808,,0.0
2025-02-28,5.315,5.135,5.355,5.115,121871.4,65977.34,0.9670433145009416,,0.0
2025-03-03,5.165,5.215,5.305000000000001,5.165,155305.4,84258.407,0.9675324675324676,,0.0
2025-03-04,5.215,5.245,5.265000000000001,5.165,73102.8,39592.512,0.9677121771217712,,0.0
2025-03-05,5.255,5.165,5.255,5.105,109189.0,58182.6,0.9672284644194756,,0.0
2025-03-06,5.165,5.255,5.265000000000001,5.135,109856.0,59265.626,0.9677716390423572,,0.0
2025-03-07,5.245,5.255,5.315,5.2250000000000005,119430.0,65032.197,0.9677716390423572,,0.0
2025-03-10,5.275,5.265000000000001,5.305000000000001,5.215,87745.2,47608.726,0.9678308823529412,,0.0
2025-03-11,5.205,5.255,5.265000000000001,5.155,88132.0,47495.342,0.9677716390423572,,0.0
2025-03-12,5.255,5.325,5.365,5.255,151916.47,83405.371,0.9681818181818184,,0.0
2025-03-13,5.315,5.285,5.335,5.215,100480.46,54613.026,0.967948717948718,,0.0
2025-03-14,5.285,5.405,5.415,5.235,141282.12,78075.082,0.9686379928315412,,0.0
2025-03-17,5.405,5.4350000000000005,5.455,5.385,119992.0,67076.299,0.9688057040998218,,0.0
2025-03-18,5.445,5.515000000000001,5.525,5.415,118985.0,67217.963,0.969244288224956,,0.0
2025-03-19,5.535,5.525,5.535,5.4350000000000005,160180.44,90712.136,0.9692982456140352,,0.0
2025-03-20,5.505,5.485,5.545,5.4750000000000005,132405.03,75285.83,0.9690812720848055,,0.0
2025-03-21,5.485,5.515000000000001,5.545,5.415,176806.0,99916.351,0.969244288224956,,0.0
2025-03-24,5.495,5.455,5.515000000000001,5.335,172747.0,96896.649,0.9689165186500888,,0.0
2025-03-25,5.455,5.365,5.4750000000000005,5.335,202089.39,112556.131,0.9684115523465704,,0.0
2025-03-26,5.345,5.485,5.595,5.335,194721.59,110309.47,0.9690812720848055,,0.0
2025-03-27,5.495,5.445,5.505,5.345,136161.0,76362.698,0.9688612099644128,,0.0
2025-03-28,5.425,5.375,5.445,5.355,100992.03,56188.755,0.9684684684684683,,0.0
2025-03-31,5.335,5.235,5.385,5.165,136252.61,74125.984,0.967652495378928,,0.0
2025-04-01,5.235,5.305000000000001,5.405,5.235,140237.61,77289.586,0.968065693430657,,0.0
2025-04-02,5.285,5.335,5.4350000000000005,5.265000000000001,101355.03,56112.928,0.9682395644283122,,0.0
2025-04-03,5.305000000000001,5.355,5.405,5.285,98865.61,54534.353,0.9683544303797468,,0.0
2025-04-07,5.005,4.415,5.075,4.305000000000001,248078.68,119723.342,0.9618736383442266,,0.0
2025-04-08,4.455,4.545,4.665,4.425,175176.5,82759.09,0.9629237288135594,,0.0
2025-04-09,4.485,4.665,4.715,4.235,194402.77,91096.945,0.9638429752066116,,0.0
2025-04-10,4.905,4.875,5.065,4.865,193417.6,99160.622,0.9653465346534654,,0.0
2025-04-11,4.835,4.835,4.925,4.825,117137.62,59115.729,0.9650698602794412,,0.0
2025-04-14,4.8950000000000005,4.905,4.955,4.875,87343.49,44518.705,0.9655511811023624,,0.0
2025-04-15,4.885,4.9350000000000005,4.9750000000000005,4.885,98201.0,50162.377,0.9657534246575344,,0.0
2025-04-16,4.925,4.905,4.955,4.805000000000001,84673.0,42825.779,0.9655511811023624,,0.0
2025-04-17,4.885,4.885,4.955,4.875,97975.2,49878.375,0.9654150197628458,,0.0
2025-04-18,4.885,4.8950000000000005,4.915,4.805000000000001,85461.0,43048.533,0.965483234714004,,0.0
2025-04-21,4.855,4.985,4.985,4.855,78997.0,40432.072,0.9660852713178296,,0.0
2025-04-22,4.965,5.035,5.055000000000001,4.965,71366.19,37043.431,0.9664107485604608,,0.0
2025-04-23,5.075,5.135,5.155,5.055000000000001,94275.0,49856.714,0.9670433145009416,,0.0
2025-04-24,5.175,5.155,5.235,5.125,127646.0,68406.245,0.9671669793621014,,0.0
2025-04-25,5.175,5.2250000000000005,5.255,5.175,102884.2,55477.675,0.9675925925925928,,0.0
2025-04-28,5.245,5.1450000000000005,5.245,5.125,93020.2,49656.077,0.9671052631578948,,0.0
2025-04-29,5.155,5.165,5.2250000000000005,5.095,75548.0,40461.513,0.9672284644194756,,0.0
2025-04-30,5.1850000000000005,5.155,5.245,5.155,73449.8,39464.829,0.9671669793621014,,0.0
2025-05-06,5.1850000000000005,5.355,5.355,5.1850000000000005,129277.0,70694.331,0.9683544303797468,,0.0
2025-05-07,5.405,5.375,5.405,5.305000000000001,107157.0,59183.279,0.9684684684684683,,0.0
2025-05-08,5.335,5.3950000000000005,5.415,5.315,82772.0,45988.676,0.9685816876122084,,0.0
2025-05-09,5.385,5.365,5.405,5.335,70751.95,39177.775,0.9684115523465704,,0.0
2025-05-12,5.3950000000000005,5.3950000000000005,5.445,5.375,81783.0,45673.461,0.9685816876122084,,0.0
2025-05-13,5.465,5.385,5.4750000000000005,5.375,78759.0,43965.342,0.9685251798561152,,0.0
2025-05-14,5.385,5.3950000000000005,5.425,5.325,77458.0,43003.801,0.9685816876122084,,0.0
2025-05-15,5.375,5.355,5.385,5.325,62865.0,34787.049,0.9683544303797468,,0.0
2025-05-16,5.325,5.345,5.3950000000000005,5.325,55502.0,30761.53,0.9682971014492754,,0.0
2025-05-19,5.375,5.385,5.405,5.335,75896.03,41402.396,0.9862637362637362,,0.0
2025-05-20,5.415,5.415,5.435,5.375,63311.0,34691.234,0.9863387978142076,,0.0
2025-05-21,5.405,5.365,5.444999999999999,5.355,55870.03,30552.231,0.9862132352941176,,0.0
2025-05-22,5.315,5.194999999999999,5.315,5.175,132709.0,70311.339,0.9857685009487666,,0.0
2025-05-23,5.215,5.165,5.255,5.155,86817.0,45875.563,0.9856870229007634,,0.0
2025-05-26,5.175,5.215,5.245,5.145,66935.95,35317.905,0.9858223062381852,,0.0
2025-05-27,5.194999999999999,5.205,5.225,5.125,62618.0,32934.579,0.9857954545454544,,0.0
2025-05-28,5.215,5.225,5.275,5.185,85261.51,45322.72,0.9858490566037736,,0.0
2025-05-29,5.205,5.305,5.325,5.205,77288.21,41436.411,0.9860594795539032,,0.0
2025-05-30,5.305,5.305,5.365,5.275,85761.91,46309.496,0.9860594795539032,,0.0
2025-06-03,5.285,5.355,5.365,5.245,73321.2,39680.266,0.9861878453038674,,0.0
2025-06-04,5.365,5.405,5.415,5.345,63504.21,34703.534,0.9863138686131386,,0.0
2025-06-05,5.415,5.375,5.425,5.335,61080.0,33302.363,0.9862385321100916,,0.0
2025-06-06,5.365,5.395,5.415,5.345,53362.0,29113.09,0.986288848263254,,0.0
2025-06-09,5.385,5.395,5.415,5.335,74896.69,40915.274,0.986288848263254,,0.0
2025-06-10,5.395,5.375,5.475,5.335,79488.0,43585.372,0.9862385321100916,,0.0
2025-06-11,5.375,5.415,5.455,5.365,68162.2,37478.051,0.9863387978142076,,0.0
2025-06-12,5.425,5.395,5.444999999999999,5.365,58936.32,32304.691,0.986288848263254,,0.0
2025-06-13,5.395,5.295,5.395,5.295,61153.0,33086.248,0.9860335195530726,,0.0
2025-06-16,5.295,5.285,5.355,5.255,67374.0,36264.112,0.9860074626865672,,0.0
2025-06-17,5.285,5.315,5.355,5.275,59425.0,32016.578,0.9860853432282004,,0.0
2025-06-18,5.315,5.295,5.335,5.265,47919.23,25697.757,0.9860335195530726,,0.0
2025-06-19,5.295,5.185,5.315,5.155,78762.0,41731.972,0.9857414448669202,,0.0
2025-06-20,5.185,5.215,5.295,5.175,63754.0,33884.179,0.9858223062381852,,0.0
2025-06-23,5.175,5.315,5.335,5.165,68655.0,36711.5,0.9860853432282004,,0.0
2025-06-24,5.325,5.425,5.435,5.315,96162.03,52633.353,0.9863636363636364,,0.0
2025-06-25,5.415,5.425,5.455,5.375,62421.0,34281.143,0.9863636363636364,,0.0
2025-06-26,5.425,5.375,5.444999999999999,5.365,69317.0,37960.043,0.9862385321100916,,0.0
2025-06-27,5.395,5.415,5.444999999999999,5.375,70008.98,38495.161,0.9863387978142076,,0.0
2025-06-30,5.444999999999999,5.545,5.545,5.415,141461.98,78606.804,0.9866548042704626,,0.0
2025-07-01,5.484999999999999,5.455,5.515,5.405,200630.98,110698.933,0.9864376130198916,,0.0
2025-07-02,5.444999999999999,6.565,6.565,5.444999999999999,1498417.33,951120.914,0.9887048192771084,,0.0
2025-07-03,6.675,6.745,6.845,6.185,1957033.31,1281279.236,0.9890029325513195,,0.0
2025-07-04,6.755,6.305,6.905,6.245,1272466.46,832435.226,0.9882445141065832,,0.0
2025-07-07,6.055,6.125,6.255,6.055,894881.97,554772.915,0.9879032258064516,,0.0
2025-07-08,6.075,6.435,6.555,5.995,1265571.76,806417.696,0.988479262672811,,0.0
2025-07-09,6.345,6.285,6.645,6.245,931189.41,599883.46,0.9882075471698112,,0.0
2025-07-10,6.285,6.194999999999999,6.465,6.165,838805.4,533407.668,0.9880382775119616,,0.0
2025-07-11,6.265,6.115,6.345,6.065,645829.4,403855.471,0.9878836833602584,,0.0
2025-07-14,6.125,6.125,6.194999999999999,6.085,387850.56,240671.137,0.9879032258064516,,0.0
2025-07-15,6.115,5.925,6.115,5.905,500690.4,302344.08,0.9875,,0.0
2025-07-16,6.005,5.975,6.045,5.935,288255.16,174302.848,0.987603305785124,,0.0
2025-07-17,5.984999999999999,5.984999999999999,6.135,5.935,311884.16,189106.382,0.9876237623762376,,0.0
2025-07-18,5.995,5.935,6.025,5.905,255539.4,153738.25,0.9875207986688852,,0.0
2025-07-21,5.944999999999999,6.075,6.085,5.944999999999999,371890.4,227708.282,0.9878048780487804,,0.0
2025-07-22,6.045,6.105,6.105,5.984999999999999,328551.0,201146.296,0.9878640776699028,,0.0
2025-07-23,6.125,6.095,6.325,6.065,534601.78,334216.982,0.9878444084278768,,0.0
2025-07-24,6.055,6.205,6.225,5.944999999999999,437196.65,270408.905,0.9880573248407644,,0.0
2025-07-25,6.194999999999999,6.055,6.205,6.045,309736.49,191606.446,0.9877650897226752,,0.0
2025-07-28,6.065,6.065,6.215,5.984999999999999,262471.6,161460.73,0.987785016286645,,0.0
2025-07-29,6.065,6.025,6.085,5.925,254003.0,154047.713,0.9877049180327868,,0.0
2025-07-30,5.995,5.975,6.025,5.935,190838.0,115562.815,0.987603305785124,,0.0
2025-07-31,5.984999999999999,5.835,6.005,5.805,268283.0,160226.153,0.9873096446700508,,0.0
2025-08-01,5.875,5.895,5.915,5.835,179144.78,106794.095,0.9874371859296482,,0.0
2025-08-04,5.855,5.925,5.935,5.815,163734.0,97584.19,0.9875,,0.0
2025-08-05,5.935,5.955,5.965,5.915,144909.0,87176.214,0.9875621890547264,,0.0
2025-08-06,5.975,5.944999999999999,5.975,5.925,143491.0,86406.412,0.9875415282392026,,0.0
2025-08-07,5.944999999999999,6.055,6.095,5.885,354231.0,215290.232,0.9877650897226752,,0.0
2025-08-08,6.115,6.135,6.255,6.085,541746.32,338074.843,0.9879227053140096,,0.0
2025-08-11,6.085,6.135,6.165,6.035,309715.66,192105.916,0.9879227053140096,,0.0
2025-08-12,6.125,6.234999999999999,6.245,6.085,418145.65,261495.278,0.9881141045958796,,0.0
2025-08-13,6.234999999999999,6.185,6.265,6.135,317116.35,198338.626,0.9880191693290734,,0.0
2025-08-14,6.175,6.005,6.194999999999999,5.995,297448.0,182909.397,0.9876644736842104,,0.0
2025-08-15,6.035,6.095,6.115,5.984999999999999,202541.0,124728.013,0.9878444084278768,,0.0
2025-08-18,6.115,6.234999999999999,6.245,6.085,354719.27,221561.21,0.9881141045958796,,0.0
2025-08-19,6.234999999999999,6.185,6.255,6.155,282085.27,176841.911,0.9880191693290734,,0.0
2025-08-20,6.185,6.295,6.295,6.145,365152.64,230246.95,0.9882260596546312,,0.0
2025-08-21,6.285,6.415,6.425,6.225,516912.8,331897.354,0.9884437596302004,,0.0
2025-08-22,6.425,6.355,6.615,6.285,636779.3,413438.082,0.9883359253499222,,0.0
2025-08-25,6.315,6.295,6.335,6.225,412903.11,261920.187,0.9882260596546312,,0.0
2025-08-26,6.275,6.315,6.415,6.205,386871.78,247660.896,0.988262910798122,,0.0
2025-08-27,6.305,6.075,6.315,6.075,350429.3,220219.381,0.9878048780487804,,0.0
2025-08-28,6.075,6.105,6.135,5.895,299212.4,182832.564,0.9878640776699028,,0.0
2025-08-29,6.095,6.015,6.095,6.005,156516.0,95763.158,0.9876847290640394,,0.0
2025-09-01,6.045,6.025,6.055,5.975,152816.8,93048.887,0.9877049180327868,,0.0
2025-09-02,6.035,5.965,6.045,5.905,171894.65,103693.586,0.9875827814569536,,0.0
2025-09-03,5.975,6.005,6.025,5.895,194543.52,117616.624,0.9876644736842104,,0.0
2025-09-04,5.965,6.075,6.115,5.965,246079.81,151135.703,0.9878048780487804,,0.0
2025-09-05,6.075,6.135,6.145,6.035,223835.42,138132.831,0.9879227053140096,,0.0
2025-09-08,6.145,6.135,6.145,6.065,173497.43,107212.787,0.9879227053140096,,0.0
2025-09-09,6.115,6.035,6.115,6.015,134221.27,82407.363,0.9877250409165302,,0.0
2025-09-10,6.025,6.045,6.065,6.005,100775.83,61531.397,0.9877450980392156,,0.0
2025-09-11,6.045,6.055,6.065,5.955,158682.0,96498.362,0.9877650897226752,,0.0
2025-09-12,6.055,5.975,6.055,5.975,134179.05,81665.892,0.987603305785124,,0.0
2025-09-15,5.975,5.955,5.995,5.944999999999999,106628.93,64352.817,0.9875621890547264,,0.0
2025-09-16,5.944999999999999,5.995,5.995,5.935,82411.46,49815.625,0.987644151565074,,0.0
2025-09-17,5.975,6.035,6.085,5.965,137094.19,83915.975,0.9877250409165302,,0.0
2025-09-18,6.035,5.944999999999999,6.065,5.915,183859.0,111334.236,0.9875415282392026,,0.0
2025-09-19,5.944999999999999,5.875,5.965,5.855,133651.4,79890.009,0.9873949579831932,,0.0
2025-09-22,5.815,5.715,5.855,5.665,171083.8,99169.769,0.9870466321243524,,0.0
2025-09-23,5.725,5.645,5.734999999999999,5.515,145069.0,82301.698,0.986888111888112,,0.0
2025-09-24,5.615,5.685,5.705,5.605,81929.0,47010.972,0.9869791666666666,,0.0
2025-09-25,5.694999999999999,5.645,5.755,5.635,100044.38,57615.706,0.986888111888112,,0.0
2025-09-26,5.665,5.665,5.715,5.585,78683.0,45207.554,0.9869337979094076,,0.0
2025-09-29,5.665,5.694999999999999,5.715,5.575,84647.03,48609.945,0.987001733102253,,0.0
2025-09-30,5.715,5.675,5.715,5.655,74911.23,43082.039,0.9869565217391304,,0.0
2025-10-09,5.685,5.765,5.765,5.655,94585.0,54875.168,0.9871575342465752,,0.0
2025-10-10,5.755,5.815,5.845,5.725,105284.36,61964.711,0.9872665534804752,,0.0
2025-10-13,5.685,5.765,5.805,5.615,89350.99,51713.156,0.9871575342465752,,0.0
2025-10-14,5.785,5.795,5.895,5.765,128239.23,75753.832,0.9872231686541736,,0.0
2025-10-15,5.805,5.855,5.855,5.765,92706.0,54757.449,0.9873524451939292,,0.0
2025-10-16,5.845,5.805,5.865,5.755,80210.0,47196.515,0.9872448979591836,,0.0
2025-10-17,5.795,5.675,5.825,5.675,81890.0,47773.642,0.9869565217391304,,0.0
2025-10-20,5.725,5.755,5.785,5.715,50441.0,29378.16,0.9871355060034304,,0.0
2025-10-21,5.755,5.855,5.855,5.734999999999999,90215.2,53202.955,0.9873524451939292,,0.0
2025-10-22,5.855,5.835,5.895,5.825,76671.0,45516.263,0.9873096446700508,,0.0
2025-10-23,5.835,5.895,5.905,5.795,87110.2,51630.717,0.9874371859296482,,0.0
2025-10-24,5.865,5.805,5.875,5.785,101182.0,59660.663,0.9872448979591836,,0.0
2025-10-27,5.795,5.805,5.835,5.765,73970.0,43397.742,0.9872448979591836,,0.0
2025-10-28,5.815,5.835,5.855,5.775,83445.0,49096.631,0.9873096446700508,,0.0
2025-10-29,5.825,5.775,5.825,5.734999999999999,88017.29,51430.041,0.9871794871794872,,0.0
2025-10-30,5.775,5.715,5.775,5.715,82988.01,48279.187,0.9870466321243524,,0.0
2025-10-31,5.705,5.755,5.775,5.685,60970.34,35554.436,0.9871355060034304,,0.0
2025-11-03,5.755,5.815,5.825,5.745,90897.19,53209.584,0.9872665534804752,,0.0
2025-11-04,5.795,5.795,5.835,5.755,73901.0,43429.047,0.9872231686541736,,0.0
2025-11-05,5.775,5.885,5.905,5.765,142055.89,84465.165,0.9874161073825504,,0.0
2025-11-06,5.875,5.885,5.895,5.855,94069.0,55972.638,0.9874161073825504,,0.0
2025-11-07,5.885,5.905,5.935,5.865,96010.29,57469.851,0.9874581939799332,,0.0
2025-11-10,5.905,5.965,5.984999999999999,5.885,126355.2,76206.349,0.9875827814569536,,0.0
2025-11-11,5.995,6.055,6.075,5.975,205613.61,125734.742,0.9877650897226752,,0.0
2025-11-12,6.065,6.005,6.085,5.975,151549.0,92354.559,0.9876644736842104,,0.0
2025-11-13,5.995,6.035,6.075,5.955,147669.0,90046.598,0.9877250409165302,,0.0
2025-11-14,6.005,6.005,6.075,5.995,128684.0,78721.231,0.9876644736842104,,0.0
2025-11-17,6.005,5.995,6.015,5.955,108153.0,65481.628,0.987644151565074,,0.0
2025-11-18,5.975,5.895,5.995,5.855,120114.0,71788.083,0.9874371859296482,,0.0
2025-11-19,5.895,5.785,5.935,5.745,96514.0,56784.605,0.9872013651877132,,0.0
2025-11-20,5.805,5.755,5.825,5.715,87951.0,51273.374,0.9871355060034304,,0.0
2025-11-21,5.725,5.495,5.745,5.495,158223.0,89573.128,0.9865350089766608,,0.0
2025-11-24,5.525,5.545,5.575,5.455,90720.65,50706.676,0.9866548042704626,,0.0
2025-11-25,5.575,5.595,5.635,5.535,79253.03,44956.552,0.9867724867724867,,0.0
2025-11-26,5.605,5.565,5.655,5.565,73831.15,41893.771,0.9867021276595744,,0.0
2025-11-27,5.565,5.565,5.625,5.545,64037.65,36304.216,0.9867021276595744,,0.0
2025-11-28,5.565,5.625,5.635,5.535,59730.0,33830.323,0.986842105263158,,0.0
2025-12-01,5.625,5.665,5.685,5.605,73986.0,42478.705,0.9869337979094076,,0.0
2025-12-02,5.665,5.645,5.685,5.595,63454.0,36263.37,0.986888111888112,,0.0
2025-12-03,5.635,5.615,5.685,5.585,73768.0,42027.906,0.9868189806678382,,0.0
2025-12-04,5.585,5.535,5.615,5.505,66093.0,37188.806,0.9866310160427808,,0.0
2025-12-05,5.515,5.615,5.635,5.484999999999999,64104.0,36116.959,0.9868189806678382,,0.0
2025-12-08,5.615,5.615,5.645,5.605,64396.0,36739.226,0.9868189806678382,,0.0
2025-12-09,5.605,5.585,5.635,5.565,50936.6,28906.81,0.986749116607774,,0.0
2025-12-10,5.585,5.555,5.595,5.525,53373.0,30029.111,0.9866785079928952,,0.0
2025-12-11,5.555,5.415,5.575,5.415,89652.2,49742.337,0.9863387978142076,,0.0
2025-12-12,5.405,5.375,5.465,5.365,110347.66,60557.641,0.9862385321100916,,0.0
2025-12-15,5.375,5.395,5.425,5.325,82908.15,45342.374,0.986288848263254,,0.0
2025-12-16,5.385,5.285,5.395,5.275,76846.8,41465.904,0.9860074626865672,,0.0
2025-12-17,5.285,5.325,5.345,5.205,82434.97,44071.842,0.986111111111111,,0.0
2025-12-18,5.315,5.395,5.425,5.295,74804.2,40924.97,0.986288848263254,,0.0
2025-12-19,5.395,5.465,5.465,5.375,64610.2,35604.929,0.9864620938628158,,0.0
2025-12-22,5.465,5.425,5.484999999999999,5.415,65780.0,36359.068,0.9863636363636364,,0.0
2025-12-23,5.415,5.375,5.435,5.355,53451.0,29235.658,0.9862385321100916,,0.0
2025-12-24,5.395,5.455,5.455,5.355,64014.97,35215.331,0.9864376130198916,,0.0
2025-12-25,5.455,5.465,5.484999999999999,5.425,71079.97,39349.293,0.9864620938628158,,0.0
2025-12-26,5.465,5.455,5.515,5.435,61908.0,34375.735,0.9864376130198916,,0.0
2025-12-29,5.465,5.415,5.465,5.405,62035.0,34166.904,0.9863387978142076,,0.0
2025-12-30,5.395,5.365,5.415,5.345,73914.93,40337.315,0.9862132352941176,,0.0
2025-12-31,5.375,5.365,5.395,5.305,59526.0,32266.236,0.9862132352941176,,0.0
2026-01-05,5.365,5.425,5.444999999999999,5.355,78673.48,43223.427,0.9863636363636364,,0.0
2026-01-06,5.415,5.575,5.625,5.405,175784.68,98781.196,0.986725663716814,,0.0
2026-01-07,5.565,5.484999999999999,5.565,5.475,121564.35,67843.186,0.9865107913669064,,0.0
2026-01-08,5.475,5.555,5.575,5.444999999999999,129506.4,72603.927,0.9866785079928952,,0.0
2026-01-09,5.555,5.585,5.585,5.515,110988.0,62543.905,0.986749116607774,,0.0
2026-01-12,5.595,5.705,5.745,5.575,201353.12,116083.215,0.9870242214532872,,0.0
2026-01-13,5.694999999999999,5.705,5.755,5.625,165584.0,95579.299,0.9870242214532872,,0.0
2026-01-14,5.705,5.675,5.745,5.635,193972.6,112010.462,0.9869565217391304,,0.0
2026-01-15,5.665,5.605,5.694999999999999,5.585,106686.2,60868.532,0.9867957746478871,,0.0
2026-01-16,5.615,5.615,5.675,5.595,93314.4,53225.857,0.9868189806678382,,0.0
2026-01-19,5.615,5.725,5.765,5.595,241368.0,138836.061,0.9870689655172412,,0.0
2026-01-20,5.705,5.725,5.755,5.675,185061.15,107105.303,0.9870689655172412,,0.0
2026-01-21,5.725,5.805,5.975,5.715,326171.59,192851.234,0.9872448979591836,,0.0
2026-01-22,5.775,5.805,5.815,5.725,178457.23,104357.166,0.9872448979591836,,0.0
2026-01-23,5.805,5.965,6.045,5.785,309315.05,185870.222,0.9875827814569536,,0.0
2026-01-26,6.115,5.935,6.194999999999999,5.935,382577.95,234611.241,0.9875207986688852,,0.0
2026-01-27,5.865,5.935,5.955,5.755,277393.22,164506.875,0.9875207986688852,,0.0
2026-01-28,5.895,5.815,6.005,5.815,187158.0,111294.732,0.9872665534804752,,0.0
2026-01-29,5.815,5.795,5.895,5.775,137461.0,81161.204,0.9872231686541736,,0.0
2026-01-30,5.785,5.765,5.825,5.675,148361.3,86389.28,0.9871575342465752,,0.0
2026-02-02,5.745,5.675,5.805,5.665,109833.6,63919.653,0.9869565217391304,,0.0
2026-02-03,5.715,5.835,5.865,5.705,139030.2,81555.438,0.9873096446700508,,0.0
2026-02-04,5.805,5.955,5.975,5.805,206081.0,123288.93,0.9875621890547264,,0.0
2026-02-05,5.905,5.885,5.944999999999999,5.865,142327.2,85045.316,0.9874161073825504,,0.0
2026-02-06,5.845,5.865,5.944999999999999,5.835,112669.4,67273.116,0.9873737373737372,,0.0
2026-02-09,5.925,5.984999999999999,6.065,5.905,194557.94,118058.476,0.9876237623762376,,0.0
2026-02-10,5.984999999999999,5.925,5.995,5.925,128352.0,77382.471,0.9875,,0.0
2026-02-11,5.915,5.935,6.005,5.905,92748.0,55925.811,0.9875207986688852,,0.0
2026-02-12,5.925,5.855,5.935,5.825,117228.0,69729.818,0.9873524451939292,,0.0
2026-02-13,5.835,5.755,5.875,5.755,119630.0,70315.236,0.9871355060034304,,0.0
2026-02-24,5.825,5.855,5.875,5.805,101103.1,59873.961,0.9873524451939292,,0.0
2026-02-25,5.845,5.895,5.965,5.845,131297.84,78728.279,0.9874371859296482,,0.0
2026-02-26,5.895,5.905,5.925,5.835,124294.3,73950.937,0.9874581939799332,,0.0
2026-02-27,5.895,5.944999999999999,5.944999999999999,5.875,115112.0,68965.622,0.9875415282392026,,0.0
2026-03-02,5.855,5.795,5.915,5.715,144742.0,85084.752,0.9872231686541736,,0.0
2026-03-03,5.765,5.595,5.855,5.585,148879.0,86242.366,0.9867724867724867,,0.0
2026-03-04,5.545,5.525,5.635,5.484999999999999,105719.0,59522.329,0.9866071428571428,,0.0
2026-03-05,5.595,5.694999999999999,5.755,5.585,121570.0,70119.117,0.987001733102253,,0.0
2026-03-06,5.694999999999999,5.845,5.875,5.665,120400.6,70867.113,0.987331081081081,,0.0
2026-03-09,5.734999999999999,5.825,5.895,5.734999999999999,133810.47,78754.927,0.9872881355932204,,0.0
2026-03-10,5.845,5.875,5.895,5.815,124614.0,74048.125,0.9873949579831932,,0.0
2026-03-11,5.875,5.905,5.935,5.845,124718.22,74522.74,0.9874581939799332,,0.0
2026-03-12,5.905,5.875,5.925,5.855,108223.93,64565.044,0.9873949579831932,,0.0
2026-03-13,5.865,5.885,5.975,5.845,140690.0,84392.148,0.9874161073825504,,0.0
2026-03-16,5.885,5.865,5.925,5.835,114625.0,68157.237,0.9873737373737372,,0.0
2026-03-17,5.885,5.815,5.935,5.805,119654.0,71295.126,0.9872665534804752,,0.0
2026-03-18,5.855,5.915,5.915,5.805,142710.05,84807.881,0.9874791318864774,,0.0
2026-03-19,5.855,5.845,5.935,5.825,161667.0,96406.48,0.987331081081081,,0.0
2026-03-20,5.855,5.865,6.045,5.694999999999999,281880.0,167593.484,0.9873737373737372,,0.0
2026-03-23,5.765,5.715,5.965,5.675,350223.9,205695.914,0.9870466321243524,,0.0
2026-03-24,5.825,5.915,5.984999999999999,5.605,398020.07,233700.229,0.9874791318864774,,0.0
2026-03-25,5.915,6.005,6.035,5.835,391013.51,236890.056,0.9876644736842104,,0.0
2026-03-26,6.035,5.995,6.095,5.925,334637.4,202886.897,0.987644151565074,,0.0
2026-03-27,5.925,5.955,5.975,5.845,325841.6,195075.939,0.9875621890547264,,0.0
2026-03-30,5.885,5.795,5.965,5.615,321379.6,187159.652,0.9872231686541736,,0.0
2026-03-31,5.795,5.525,5.865,5.515,324781.4,186863.161,0.9866071428571428,,0.0
2026-04-01,5.625,5.645,5.715,5.525,203861.2,115724.621,0.986888111888112,,0.0
2026-04-02,5.635,5.465,5.645,5.375,221605.0,122962.522,0.9864620938628158,,0.0
2026-04-03,5.455,5.165,5.465,5.155,170984.0,91185.402,0.9856870229007634,,0.0
2026-04-07,5.185,5.255,5.265,5.165,81587.0,43256.261,0.9859287054409004,,0.0
2026-04-08,5.355,5.425,5.425,5.305,100614.8,54893.442,0.9863636363636364,,0.0
2026-04-09,5.375,5.295,5.405,5.275,86390.0,46694.651,0.9860335195530726,,0.0
2026-04-10,5.325,5.355,5.415,5.325,91770.0,50044.429,0.9861878453038674,,0.0
2026-04-13,5.355,5.355,5.365,5.295,60703.0,32812.555,0.9861878453038674,,0.0
2026-04-14,5.395,5.365,5.395,5.305,62199.1,33746.005,0.9862132352941176,,0.0
2026-04-15,5.395,5.325,5.405,5.315,56396.0,30643.217,0.986111111111111,,0.0
2026-04-16,5.315,5.425,5.444999999999999,5.305,89920.0,49185.853,0.9863636363636364,,0.0
2026-04-17,5.395,5.355,5.415,5.305,102191.69,55362.276,0.9861878453038674,,0.0
2026-04-20,5.355,5.345,5.365,5.285,99172.0,53575.805,0.9861623616236164,,0.0
2026-04-21,5.345,5.275,5.345,5.255,80604.0,43167.582,0.9859813084112148,,0.0
2026-04-22,5.255,5.255,5.275,5.234999999999999,73414.0,39135.209,0.9859287054409004,,0.0
2026-04-23,5.205,5.085,5.205,5.055,163826.81,84909.051,0.9854651162790696,,0.0
2026-04-24,5.045,5.105,5.125,5.005,106662.22,54853.308,0.9855212355212356,,0.0
2026-04-27,5.115,5.135,5.145,5.015,88651.27,45631.243,0.9856046065259116,,0.0
2026-04-28,5.105,5.085,5.115,5.055,69045.2,35551.791,0.9854651162790696,,0.0
2026-04-29,5.085,5.165,5.175,5.055,73079.47,38183.666,0.9856870229007634,,0.0
2026-04-30,5.165,5.185,5.205,5.145,69354.0,36418.635,0.9857414448669202,,0.0
2026-05-06,5.205,5.175,5.225,5.145,78387.0,41222.927,0.9857142857142857,,0.0
2026-05-07,5.165,5.185,5.205,5.155,72037.6,37862.931,0.9857414448669202,,0.0
2026-05-08,5.175,5.205,5.225,5.155,64261.8,33874.159,0.9857954545454544,,0.0
2026-05-11,5.205,5.175,5.215,5.145,881580000.0,462869400.0,0.9857142857142857,,0.0
2026-05-12,5.185,5.085,5.185,5.085,89809.91,46691.517,0.9854651162790696,,0.0
2026-05-13,5.085,5.125,5.155,5.075,71678.0,37280.172,0.985576923076923,,0.0
2026-05-14,5.135,5.035,5.135,5.025,73396.24,37751.104,0.9853228962818004,,0.0
2026-05-15,5.045,5.015,5.075,4.975,69129.75,35244.087,0.9852652259332024,,0.0
2026-05-18,5.015,4.995,5.025,4.905,70126.0,35276.711,0.985207100591716,,0.0
2026-05-19,4.975,5.065,5.065,4.975,60373.0,30763.98,0.985408560311284,,0.0
2026-05-20,5.035,4.955,5.055,4.935,54349.29,27380.441,0.985089463220676,,0.0
2026-05-21,5.0,4.99,5.1,4.98,109884.0,55444.053,1.0,,0.0
2026-05-22,4.99,4.94,5.02,4.88,87534.0,43145.01,1.0,,0.0
2026-05-25,4.93,4.97,4.97,4.9,71582.0,35352.065,1.0,,0.0
2026-05-26,4.95,4.88,4.96,4.83,78011.0,38074.607,1.0,,0.0
2026-05-27,4.88,4.77,4.9,4.72,73490.0,35170.816,1.0,,0.0
2026-05-28,4.76,4.99,5.01,4.73,128784.8,62983.011,1.0,,0.0
2026-05-29,5.0,5.02,5.1,4.88,178002.03,88879.58106,1.0,,0.0
2026-06-01,4.95,5.02,5.06,4.93,74523.02,37297.73302,1.0,,0.0
2026-06-02,4.97,4.94,5.02,4.91,60631.8,30005.82406,1.0,,0.0
2026-06-03,4.9,4.87,4.96,4.87,43295.0,21263.422,1.0,,0.0
2026-06-04,4.85,4.74,4.88,4.7,72105.0,34382.196,1.0,,0.0
2026-06-05,4.69,5.03,5.11,4.66,220966.01,109817.156,1.0,,0.0
2026-06-08,4.88,4.83,4.96,4.81,144499.0,70554.17902,1.0,,0.0
2026-06-09,4.88,4.82,4.89,4.76,71612.0,34421.04,1.0,,0.0
2026-06-10,4.8,4.71,4.8,4.65,75401.0,35451.323,1.0,,0.0
2026-06-11,4.69,4.56,4.71,4.52,81220.0,37240.092,1.0,,0.0
2026-06-12,4.58,4.62,4.67,4.54,59064.2,27260.9056,1.0,,0.0
2026-06-15,4.66,4.67,4.72,4.63,52862.0,24699.868,1.0,,0.0
2026-06-16,4.65,4.67,4.7,4.6,61743.2,28714.357,1.0,,0.0
2026-06-17,4.65,4.68,4.79,4.63,86857.4,40915.034,1.0,,0.0
2026-06-18,4.65,4.52,4.68,4.5,93762.2,42543.56,1.0,,0.0
2026-06-22,4.52,4.45,4.52,4.3,91923.92,40288.67548,1.0,,0.0
2026-06-24,4.43,4.31,4.47,4.3,76317.0,33195.357,1.0,,0.0
2026-06-25,4.31,4.23,4.33,4.2,64875.2,27488.366,1.0,,0.0
2026-06-26,4.22,4.15,4.24,4.15,85050.6,35680.7364,1.0,,0.0
2026-06-29,4.13,4.16,4.18,4.02,79876.2,32828.6686,1.0,,0.0
2026-06-30,4.12,4.17,4.26,4.09,83736.2,34866.1622,1.0,,0.0
2026-07-01,4.17,4.24,4.27,4.11,81379.65,34286.72235,1.0,,0.0
2026-07-03,4.27,4.37,4.4,4.24,110850.6,48015.2382,1.0,,0.0
2026-07-06,4.37,4.39,4.57,4.35,129694.92,57800.64588,1.0,,0.0
2026-07-07,4.38,4.26,4.41,4.23,68010.0,29144.128,1.0,,0.0
2026-07-08,4.26,4.23,4.28,4.17,46981.0,19906.726,1.0,,0.0
2026-07-09,4.25,4.18,4.27,4.13,58857.2,24648.6524,1.0,,0.0
2026-07-10,4.18,4.31,4.38,4.13,90270.0,38763.469,1.0,,0.0
2026-07-14,4.19,4.27,4.27,4.13,56952.0,23996.852,1.0,,0.0
2026-07-15,4.26,4.32,4.34,4.23,63200.0,27180.662,1.0,,0.0
2026-07-16,4.3,4.34,4.39,4.27,58880.02,25585.41666,1.0,,0.0
2026-07-17,4.34,4.22,4.39,4.19,80738.0,34582.418,1.0,,0.0
2026-07-20,4.26,4.17,4.31,4.13,80739.2,34073.9534,1.0,,0.0
2026-07-21,4.18,4.13,4.2,4.07,88010.0,36340.65,1.0,,0.0
2026-07-22,4.12,4.05,4.14,4.02,78259.67,31838.70504,1.0,,0.0
2026-07-23,4.05,4.17,4.19,4.02,63317.99,26134.69785,1.0,,0.0
2026-07-24,4.14,4.07,4.16,4.06,46231.0,18977.59,1.0,,0.0
2026-07-27,4.05,4.16,4.17,4.05,50316.0,20820.015,1.0,,0.0
2026-07-28,4.14,4.18,4.23,4.12,47933.0,20063.505,1.0,,0.0
2026-07-29,4.16,4.25,4.28,4.16,72490.0,30776.761,1.0,,0.0
2026-07-30,4.24,4.22,4.3,4.2,59615.0,25378.8352,1.0,,0.0
2026-07-31,4.26,4.31,4.32,4.26,69312.29,29717.39483,1.0,,0.0
2026-08-03,4.3,4.38,4.4,4.28,53035.03,23100.98596,1.0,,0.0
2026-08-04,4.4,4.36,4.44,4.36,67759.06,29746.83628,1.0,,0.0
2026-08-05,4.37,4.34,4.38,4.3,74389.42,32322.71412,1.0,,0.0
2026-08-06,4.33,4.34,4.36,4.29,67077.0,29043.368,1.0,,0.0
2026-08-07,4.33,4.29,4.35,4.25,61457.2,26339.676,1.0,,0.0
2026-08-10,4.29,4.39,4.41,4.27,80513.03,35140.42417,1.0,,0.0
2026-08-11,4.4,4.37,4.4,4.33,49297.0,21525.469,1.0,,0.0
2026-08-12,4.35,4.43,4.44,4.35,63006.33,27770.53193,1.0,0.8267,0.0
2026-08-13,4.43,4.37,4.44,4.37,59656.0,26236.952,1.0,0.78,0.0
2026-08-14,4.37,4.34,4.4,4.32,43617.0,18978.726,1.0,0.57,0.0
2026-08-17,4.38,4.41,4.43,4.33,52672.03,23124.19423,1.0,0.0,0.0
2026-08-18,4.4,4.41,4.41,4.34,67318.0,29438.448,1.0,0.0,0.0
2026-08-19,4.38,4.26,4.39,4.25,73432.33,31592.4619,1.0,0.0,0.0
2026-08-20,4.3,4.34,4.38,4.27,65128.0,28351.208,1.0,0.8426,0.8545
2026-08-21,4.36,4.34,4.37,4.28,57640.88,24944.90692,1.0,0.7457,0.7563
2026-08-24,4.36,4.32,4.42,4.29,64602.0,27966.051,1.0,0.8358,0.8476
2026-08-25,4.3,4.41,4.42,4.29,62823.0,27508.792,1.0,0.8128,0.8243
2026-08-26,4.4,4.41,4.46,4.4,65914.0,29181.14,1.0,0.8528,0.8648
2026-08-27,4.4,4.4,4.42,4.35,52446.6,23024.2418,1.0,0.6785,0.6881
2026-08-28,4.4,4.43,4.44,4.38,42957.28,18985.28608,1.0,0.5558,0.5636
2026-08-31,4.43,4.43,4.45,4.38,51310.0,22675.008,1.0,0.6638,0.6732
2026-09-01,4.41,4.47,4.49,4.41,63217.0,28254.601,1.0,0.8179,0.8294
2026-09-02,4.45,4.49,4.51,4.4,69716.0,31124.74,1.0,0.902,0.9147
2026-09-03,4.53,4.39,4.53,4.38,76719.0,33997.084,1.0,0.9926,1.0066
2026-09-04,4.4,4.4,4.47,4.38,65695.51,29121.6964,1.0,0.8499,0.862
2026-09-07,4.4,4.5,4.5,4.39,62109.4,27715.7834,1.0,0.8035,0.8149
2026-09-08,4.47,4.55,4.56,4.47,68292.0,30812.842,1.0,0.8835,0.896
2026-09-09,4.55,4.62,4.68,4.51,100132.0,46235.983,1.0,1.2955,1.3138
2026-09-10,4.59,4.53,4.6,4.53,54925.0,25004.336,1.0,0.7106,0.7206
2026-09-11,4.5,4.45,4.53,4.39,76583.0,33944.317,1.0,0.9908,1.0048
2026-09-14,4.48,4.43,4.49,4.41,57722.0,25685.955,1.0,0.7468,0.7573
2026-09-15,4.41,4.32,4.45,4.31,60415.92,26255.58588,1.0,0.7816,0.7927
2026-09-16,4.33,4.35,4.38,4.28,43225.0,18775.216,1.0,0.5592,0.5671
2026-09-17,4.3,4.39,4.41,4.27,58043.0,25213.151,1.0,0.7509,0.7616
2026-09-18,4.41,4.35,4.44,4.34,60560.0,26538.901,1.0,0.7835,0.7946
2026-09-21,4.36,4.42,4.44,4.36,55013.0,24221.699,1.0,0.7117,0.7218
2026-09-22,4.42,4.43,4.46,4.39,46464.0,20593.615,1.0,0.6011,0.6096
2026-09-23,4.43,4.47,4.52,4.42,80949.0,36170.965,1.0,1.0473,1.0621
