date,open,close,high,low,volume,money,factor,turnover,turnover_free
2021-05-10,21.2699833,20.609983300000003,21.5899833,20.2799833,69119.31,153716.025,0.9363917900954112,,0.0
2021-05-11,20.289983300000003,21.289983300000003,21.4899833,20.289983300000003,35734.66,79680.154,0.938298074041428,,0.0
2021-05-12,21.5999833,20.9299833,21.5999833,20.8799833,31698.29,71097.634,0.9373033273622928,,0.0
2021-05-13,20.5999833,20.9199833,21.2399833,20.5999833,33218.0,74258.368,0.937275237455197,,0.0
2021-05-14,20.789983300000003,21.3499833,21.7399833,20.789983300000003,35849.16,81343.942,0.9384608043956044,,0.0
2021-05-17,21.3299833,20.9199833,21.469983300000003,20.9099833,29144.59,65679.501,0.937275237455197,,0.0
2021-05-18,20.8999833,20.7599833,20.9199833,20.5599833,25237.8,55832.253,0.9368223510830326,,0.0
2021-05-19,20.7599833,20.789983300000003,20.9599833,20.359983300000003,24426.16,53935.39,0.9369077647589004,,0.0
2021-05-20,20.6999833,20.6999833,20.9799833,20.5999833,19231.81,42746.733,0.9366508280542986,,0.0
2021-05-21,20.7999833,20.7599833,21.289983300000003,20.6999833,29501.32,65933.487,0.9368223510830326,,0.0
2021-05-24,20.6299833,20.0299833,20.789983300000003,19.6499833,55530.6,119449.904,0.93467024265049,,0.0
2021-05-25,19.8999833,19.1499833,20.3699833,18.9999833,70243.94,147253.462,0.9318726666666668,,0.0
2021-05-26,19.1499833,19.3799833,19.6999833,18.9299833,31538.9,65384.99,0.9326267228103944,,0.0
2021-05-27,18.8499833,19.6699833,20.0599833,18.8499833,35460.18,74566.189,0.9335540246796392,,0.0
2021-05-28,19.6699833,19.2999833,19.8299833,19.1299833,25432.29,52873.309,0.9323663429951692,,0.0
2021-05-31,19.3499833,19.2099833,19.469983300000003,19.109983300000003,24409.04,50420.739,0.9320709995147984,,0.0
2021-06-01,19.3499833,20.3199833,20.4099833,19.2499833,66599.84,142331.338,0.935542509208103,,0.0
2021-06-02,20.469983300000003,21.2699833,22.0099833,20.359983300000003,105206.09,238069.093,0.93824363917071,,0.0
2021-06-03,21.4999833,22.9899833,23.6699833,21.4999833,158224.04,384265.502,0.9425987412874128,,0.0
2021-06-04,23.6018257,22.9018257,23.8018257,22.8018257,84675.93,205726.718,0.95028322406639,,0.0
2021-06-07,23.1118257,24.1518257,24.3018257,22.7118257,86706.81,215359.616,0.9527347416173568,,0.0
2021-06-08,24.4918257,23.8618257,24.7918257,23.6018257,67091.02,169130.453,0.9521877773343974,,0.0
2021-06-09,23.7118257,23.9318257,24.1518257,23.7018257,39271.69,98640.374,0.9523209590131316,,0.0
2021-06-10,23.9318257,22.7618257,24.1818257,22.6018257,107352.8,261390.727,0.949992725375626,,0.0
2021-06-11,22.7918257,22.1518257,23.0918257,21.7018257,102028.8,238994.697,0.9486863254817988,,0.0
2021-06-15,22.5918257,22.2118257,22.7918257,21.7018257,75628.75,178759.009,0.9488178428022211,,0.0
2021-06-16,22.1918257,21.7418257,22.4818257,21.6618257,57276.0,133178.926,0.9477692109851786,,0.0
2021-06-17,21.7818257,21.8218257,21.9618257,21.3618257,50634.66,116043.964,0.947950725456125,,0.0
2021-06-18,21.8618257,21.7418257,22.6818257,21.6018257,59105.01,137197.842,0.9477692109851786,,0.0
2021-06-21,21.5518257,23.5518257,23.7718257,21.4718257,88973.37,216128.023,0.9515889171717172,,0.0
2021-06-22,23.5718257,23.5818257,23.7918257,23.3518257,39019.25,96663.839,0.9516475262308312,,0.0
2021-06-23,23.5818257,25.3918257,26.3018257,23.4018257,111190.19,292597.988,0.954938913125235,,0.0
2021-06-24,25.8018257,25.5018257,26.4618257,25.1018257,91385.53,247062.263,0.9551245580524343,,0.0
2021-06-25,25.6018257,25.3918257,26.4018257,25.3018257,64247.14,173073.582,0.954938913125235,,0.0
2021-06-28,25.3618257,27.0818257,27.5318257,25.3518257,96680.68,270443.289,0.9576317432814708,,0.0
2021-06-29,27.2918257,26.8018257,27.2918257,26.4718257,57243.79,160279.307,0.9572080607142855,,0.0
2021-06-30,26.7018257,27.3018257,27.9318257,26.3518257,68783.93,195052.144,0.957958796491228,,0.0
2021-07-01,28.0018257,28.0518257,28.9018257,27.3018257,87732.34,257996.704,0.959036776068376,,0.0
2021-07-02,27.8218257,27.2118257,27.9918257,26.5118257,79339.12,224833.425,0.9578256142203448,,0.0
2021-07-05,26.8518257,27.2018257,28.5018257,26.8018257,57420.3,164750.911,0.9578107640845068,,0.0
2021-07-06,27.3718257,27.3918257,27.4518257,26.8018257,39981.0,113054.914,0.9580911402588316,,0.0
2021-07-07,27.1018257,27.2218257,27.5318257,26.5518257,56261.83,158798.27,0.9578404539057002,,0.0
2021-07-08,27.3518257,30.1618257,31.1518257,27.3518257,119417.98,374861.955,0.9617929113520408,,0.0
2021-07-09,30.0718257,29.5618257,30.2418257,28.6818257,88443.69,269455.277,0.9610476495448634,,0.0
2021-07-12,29.9718257,30.0018257,31.1718257,29.2018257,77579.82,243143.528,0.9615969775641026,,0.0
2021-07-13,30.1818257,31.1718257,31.1918257,29.6418257,53931.3,170776.718,0.9629850386160024,,0.0
2021-07-14,31.3218257,37.641825700000005,37.641825700000005,31.2018257,283266.64,1054853.916,0.9691510221421216,,0.0
2021-07-15,38.8018257,39.8018257,40.3518257,37.4518257,219511.42,885318.917,0.970776236585366,,0.0
2021-07-16,42.5218257,39.6018257,43.7818257,39.5818257,225040.26,957143.592,0.9706329828431371,,0.0
2021-07-19,38.5118257,34.8018257,40.2218257,34.4518257,305228.94,1156332.802,0.9667173805555556,,0.0
2021-07-20,34.4018257,35.8018257,36.8418257,33.8018257,212084.84,775695.793,0.9676169108108108,,0.0
2021-07-21,36.181825700000005,36.2818257,37.7918257,35.3018257,125680.43,474303.347,0.968031635538954,,0.0
2021-07-22,36.6018257,37.391825700000005,39.2018257,35.8018257,148949.75,579571.273,0.9689511712878984,,0.0
2021-07-23,37.1918257,35.4418257,39.0818257,35.2818257,148308.87,564370.043,0.967298736353712,,0.0
2021-07-26,35.0218257,35.3018257,36.5418257,33.9818257,135884.3,493404.379,0.9671733068493152,,0.0
2021-07-27,35.221825700000004,32.8518257,35.791825700000004,32.7018257,140133.58,492053.809,0.9648113274596184,,0.0
2021-07-28,32.501825700000005,30.2318257,32.8018257,28.3018257,124783.65,395470.775,0.9618780050906776,,0.0
2021-07-29,31.8018257,31.6018257,32.1018257,30.5818257,76716.09,249807.413,0.9634702957317072,,0.0
2021-07-30,31.6718257,30.6518257,31.7518257,30.4518257,77148.07,247375.204,0.9623807127158556,,0.0
2021-08-02,31.2718257,31.8518257,32.071825700000005,30.6018257,82494.5,269575.754,0.963746617246596,,0.0
2021-08-03,31.8018257,31.6118257,33.3018257,31.1818257,88262.04,293734.034,0.9634814294422432,,0.0
2021-08-04,31.5518257,31.0518257,31.8818257,30.9418257,82097.0,266944.551,0.9628473085271316,,0.0
2021-08-05,29.9018257,29.8118257,30.9418257,29.1118257,119641.92,373489.403,0.9613616801031925,,0.0
2021-08-06,29.8018257,28.7918257,29.9518257,28.3618257,91017.2,273541.852,0.9600475391797264,,0.0
2021-08-09,28.9218257,29.8318257,30.1418257,28.7518257,58052.09,178256.642,0.9613865839510152,,0.0
2021-08-10,29.8018257,31.6018257,32.3018257,29.4218257,90311.05,292159.914,0.9634702957317072,,0.0
2021-08-11,31.8018257,30.8018257,31.8018257,30.6918257,73985.99,238800.561,0.962557053125,,0.0
2021-08-12,30.7018257,29.8618257,31.0018257,29.7018257,57828.97,181469.935,0.9614238795878944,,0.0
2021-08-13,29.8518257,29.9218257,30.5918257,29.3918257,53430.6,167068.904,0.961498255141388,,0.0
2021-08-16,29.8018257,30.6618257,31.1118257,29.4818257,57060.64,180759.97,0.9623925204017576,,0.0
2021-08-17,30.3018257,29.6518257,31.0018257,29.5718257,58212.95,183314.791,0.961161286871961,,0.0
2021-08-18,29.4318257,29.9318257,30.2518257,29.1018257,39647.53,122719.923,0.9615106231930614,,0.0
2021-08-19,29.8118257,30.3318257,30.6018257,29.2118257,43377.81,134551.523,0.9619989121471614,,0.0
2021-08-20,30.4618257,29.3318257,30.4618257,28.5018257,58936.63,178780.781,0.9607541991483786,,0.0
2021-08-23,29.0718257,29.1118257,29.6018257,28.6518257,47309.52,143086.871,0.960469340151765,,0.0
2021-08-24,29.0818257,30.8018257,31.5518257,28.6518257,84420.44,265828.796,0.962557053125,,0.0
2021-08-25,30.6018257,31.7518257,33.1018257,29.8118257,103138.0,339058.357,0.9636365918057662,,0.0
2021-08-26,32.071825700000005,29.3018257,32.071825700000005,29.3018257,82860.13,261314.217,0.9607155967213116,,0.0
2021-08-27,28.6818257,30.1618257,30.3818257,26.9018257,79921.27,242606.273,0.9617929113520408,,0.0
2021-08-30,30.4418257,30.0818257,30.9518257,29.5918257,53083.78,166702.435,0.9616951950127876,,0.0
2021-08-31,29.8318257,30.2518257,30.8118257,29.4618257,58784.83,184219.352,0.9619022480127184,,0.0
2021-09-01,29.9018257,30.2718257,30.5918257,29.0218257,61306.02,190464.833,0.96192646012075,,0.0
2021-09-02,30.2718257,32.0318257,32.2618257,29.9318257,85914.41,282370.773,0.9639429942822751,,0.0
2021-09-03,32.2418257,36.1018257,36.8518257,31.8518257,146557.25,537484.06,0.96787736461126,,0.0
2021-09-06,36.4218257,37.1018257,38.6918257,36.1518257,153600.47,592538.979,0.9687160757180158,,0.0
2021-09-07,37.0818257,35.751825700000005,37.0818257,35.3818257,94544.32,350443.002,0.9675730906630582,,0.0
2021-09-08,35.6018257,35.7018257,36.3018257,34.181825700000005,93584.22,339613.614,0.9675291517615175,,0.0
2021-09-09,35.641825700000005,36.8018257,38.001825700000005,35.0518257,99910.07,381276.47,0.9684690973684212,,0.0
2021-09-10,36.8018257,34.5118257,37.1018257,34.2018257,89736.25,324432.896,0.9664470932511902,,0.0
2021-09-13,33.0618257,33.4618257,34.791825700000004,32.8118257,97817.17,342630.574,0.9654306318522792,,0.0
2021-09-14,33.721825700000004,28.9018257,33.721825700000004,28.6418257,210315.38,673304.204,0.9601935448504982,,0.0
2021-09-15,28.8018257,27.8118257,28.8018257,26.8018257,123522.71,357567.765,0.9586978869355394,,0.0
2021-09-16,27.7618257,26.0018257,27.7618257,25.4018257,120274.63,332528.403,0.9559494742647058,,0.0
2021-09-17,26.3618257,26.9818257,27.0718257,26.0218257,84239.94,233334.531,0.9574813946061036,,0.0
2021-09-22,26.9818257,28.5818257,29.6518257,26.6018257,93522.9,279572.731,0.9597658059100068,,0.0
2021-09-23,28.5618257,28.7218257,29.0018257,27.9018257,58844.67,174778.855,0.959954067513369,,0.0
2021-09-24,28.8118257,28.9018257,29.7618257,28.7018257,57300.18,173607.449,0.9601935448504982,,0.0
2021-09-27,29.5018257,29.3218257,31.2518257,28.0118257,99047.59,306574.062,0.9607413401048492,,0.0
2021-09-28,29.5018257,28.9118257,30.1918257,28.5518257,46076.08,140037.714,0.9602067651942876,,0.0
2021-09-29,28.1618257,27.7418257,29.1118257,27.5118257,49088.56,143919.819,0.9585979854872148,,0.0
2021-09-30,27.8018257,28.1818257,28.9718257,27.6118257,47606.8,139660.414,0.9592180292716131,,0.0
2021-10-08,28.2518257,27.7618257,28.9918257,27.5218257,42987.0,125913.765,0.958626578038674,,0.0
2021-10-11,27.7518257,27.9418257,28.4218257,27.0818257,44167.22,127258.763,0.9588821448181194,,0.0
2021-10-12,27.7618257,26.2018257,27.9518257,25.8018257,59620.25,165433.666,0.9562710109489052,,0.0
2021-10-13,26.7918257,27.9018257,28.1718257,25.7318257,83447.06,237153.392,0.9588256254295532,,0.0
2021-10-14,28.8018257,28.3118257,30.2618257,27.7118257,85494.43,256781.847,0.9593976855303288,,0.0
2021-10-15,27.6418257,26.9818257,28.0318257,26.6318257,58125.87,165284.315,0.9574813946061036,,0.0
2021-10-18,26.4718257,26.5618257,27.0018257,26.0018257,27667.93,76830.643,0.9568381015850144,,0.0
2021-10-19,26.3818257,29.7018257,29.8618257,26.1718257,105319.63,313706.124,0.961224132686084,,0.0
2021-10-20,29.7018257,28.8918257,29.7018257,28.3618257,54281.28,163149.907,0.960180315719508,,0.0
2021-10-21,29.0718257,28.4918257,29.3018257,28.2618257,31204.53,93131.871,0.9596438430447962,,0.0
2021-10-22,28.3018257,28.2318257,28.9318257,27.6318257,30949.98,90941.198,0.959287315664288,,0.0
2021-10-25,27.9518257,27.4218257,28.5918257,27.2518257,43303.63,125138.831,0.958135069881202,,0.0
2021-10-26,27.5518257,27.9218257,28.1918257,27.1918257,33779.56,97775.949,0.9588539045329668,,0.0
2021-10-27,27.4818257,27.5218257,28.4218257,27.0018257,34122.48,98099.941,0.9582808391364902,,0.0
2021-10-28,27.5018257,27.8818257,28.3118257,26.6618257,55443.75,159101.429,0.9587973074277854,,0.0
2021-10-29,28.1018257,27.8218257,28.8118257,27.6818257,28540.47,83479.747,0.9587121192281184,,0.0
2021-11-01,27.7018257,30.3018257,30.4518257,27.5018257,99332.46,305299.935,0.9619627206349206,,0.0
2021-11-02,31.3818257,29.8718257,32.8018257,29.3018257,177383.34,579826.198,0.9614362954618604,,0.0
2021-11-03,29.9418257,30.0618257,30.3018257,29.1118257,84162.28,260926.355,0.9616706877799104,,0.0
2021-11-04,30.1618257,32.3118257,33.3418257,30.0818257,134604.92,449903.627,0.9642442763354224,,0.0
2021-11-05,32.8018257,32.9918257,33.1718257,31.461825699999995,78360.93,264401.779,0.9649554167885348,,0.0
2021-11-08,32.251825700000005,32.7618257,33.8018257,32.251825700000005,73120.0,249758.614,0.9647180712603064,,0.0
2021-11-09,32.5918257,33.3518257,33.821825700000005,32.4518257,69009.0,236858.207,0.9653205701881332,,0.0
2021-11-10,33.0218257,33.7318257,34.9618257,32.9518257,82142.6,288514.493,0.9656978442599484,,0.0
2021-11-11,34.4018257,30.1918257,34.4018257,29.7018257,178182.71,589431.634,0.961829426568971,,0.0
2021-11-12,30.1918257,31.3218257,32.3818257,28.3018257,216327.52,670666.226,0.9631557718327184,,0.0
2021-11-15,31.6818257,30.6818257,31.7518257,30.1118257,154899.0,495735.035,0.9624161135508156,,0.0
2021-11-16,30.2318257,31.8818257,32.3018257,29.4818257,153230.08,492790.915,0.9637794951632406,,0.0
2021-11-17,31.5018257,33.111825700000004,34.8818257,31.3518257,158721.11,546313.748,0.9650779860099096,,0.0
2021-11-18,33.321825700000005,33.751825700000005,34.2818257,32.321825700000005,123246.65,425576.074,0.9657174735336196,,0.0
2021-11-19,33.6018257,33.541825700000004,33.7018257,32.5918257,97565.0,335311.339,0.9655102389176742,,0.0
2021-11-22,33.4618257,35.4018257,35.7118257,32.8118257,150269.5,534825.754,0.9672629972677596,,0.0
2021-11-23,35.4518257,34.7018257,38.6018257,34.3318257,273538.82,1034094.651,0.9666246713091924,,0.0
2021-11-24,35.3018257,35.3018257,36.8018257,34.7118257,195180.12,716630.431,0.9671733068493152,,0.0
2021-11-25,35.2018257,37.0418257,41.001825700000005,35.2018257,254126.53,983574.433,0.9686669900627616,,0.0
2021-11-26,37.0518257,36.4018257,37.571825700000005,35.8018257,132015.99,500967.946,0.9681336622340426,,0.0
2021-11-29,36.4018257,35.4818257,36.6018257,32.4618257,285440.8,1018646.711,0.9673343974918212,,0.0
2021-11-30,35.2318257,32.861825700000004,35.4618257,32.6718257,202874.55,706593.448,0.964821658837346,,0.0
2021-12-01,26.8018257,27.9218257,29.1818257,26.8018257,373566.58,1090638.552,0.9588539045329668,,0.0
2021-12-02,27.9118257,28.8018257,29.4018257,27.8018257,173487.37,517092.159,0.9600608566666666,,0.0
2021-12-03,28.6018257,27.9918257,30.0318257,27.9018257,141787.88,423406.399,0.9589525762247344,,0.0
2021-12-06,27.5018257,26.4418257,27.7718257,26.0918257,159060.81,443737.314,0.9566507127351664,,0.0
2021-12-07,26.6618257,26.9218257,26.9318257,25.8018257,91996.62,253714.96,0.9573906721194878,,0.0
2021-12-08,26.9718257,27.0318257,27.1918257,26.6818257,67690.59,190270.567,0.9575567020899752,,0.0
2021-12-09,27.2718257,26.9618257,27.6818257,26.8418257,62593.34,177181.811,0.9574511967329544,,0.0
2021-12-10,26.8018257,26.8118257,27.0618257,26.4018257,53855.11,150093.31,0.957223338093538,,0.0
2021-12-13,26.7018257,26.5018257,26.8518257,26.4018257,56407.0,156703.321,0.9567446101083033,,0.0
2021-12-14,26.5618257,26.8818257,27.1818257,26.2318257,56269.0,157397.685,0.957329975071225,,0.0
2021-12-15,26.7218257,26.5318257,27.1618257,26.4218257,54034.86,151000.594,0.9567914064190408,,0.0
2021-12-16,26.5018257,25.5818257,26.7418257,25.0418257,118533.78,319719.181,0.9552586146377894,,0.0
2021-12-17,25.4718257,25.1418257,25.7018257,25.0018257,59355.2,157356.055,0.9545112262718298,,0.0
2021-12-20,25.3118257,24.7618257,25.3118257,24.3518257,68933.59,178340.859,0.9538453659476116,,0.0
2021-12-21,24.5318257,24.1918257,24.6318257,23.8918257,82922.79,210010.122,0.9528092044111854,,0.0
2021-12-22,24.1118257,24.9718257,24.9718257,24.1118257,64233.93,165897.036,0.9542157317539166,,0.0
2021-12-23,25.1818257,24.9818257,25.3518257,24.6318257,54154.0,141698.148,0.9542332200152788,,0.0
2021-12-24,24.9818257,26.0418257,26.4718257,24.9818257,99329.91,268743.886,0.9560141593245228,,0.0
2021-12-27,25.8118257,26.6018257,26.6718257,25.6618257,70754.84,194370.604,0.9569002050359712,,0.0
2021-12-28,26.6018257,32.1618257,32.1618257,26.4218257,319381.21,990519.835,0.9640835041966428,,0.0
2021-12-29,32.4018257,28.7418257,32.8018257,28.5018257,406341.98,1283355.181,0.9599808183032732,,0.0
2021-12-30,28.5018257,28.0118257,28.6818257,27.3518257,183890.12,536005.867,0.9589806812735364,,0.0
2021-12-31,28.8018257,27.8918257,29.5718257,27.7118257,178555.88,530371.023,0.958811471295978,,0.0
2022-01-04,28.1018257,28.2318257,28.6518257,27.7218257,109439.0,321662.179,0.959287315664288,,0.0
2022-01-05,27.8518257,27.3718257,28.2018257,26.8118257,102717.76,292383.74,0.9580618025901294,,0.0
2022-01-06,26.8318257,27.6218257,27.8918257,26.8318257,67041.48,191458.503,0.9584255968077724,,0.0
2022-01-07,27.7918257,27.2218257,27.9518257,26.9018257,81905.64,233763.904,0.9578404539057002,,0.0
2022-01-10,26.9118257,28.5518257,29.4918257,26.6018257,141830.59,413908.429,0.9597252336134452,,0.0
2022-01-11,29.0818257,30.6118257,32.5918257,28.7018257,254128.67,811894.324,0.9623334077334172,,0.0
2022-01-12,30.7918257,32.5818257,33.1618257,30.1718257,267885.23,894068.795,0.964530068087626,,0.0
2022-01-13,31.8818257,32.2018257,34.9618257,31.8018257,262023.33,900714.707,0.964126517964072,,0.0
2022-01-14,32.2618257,33.821825700000005,34.8018257,31.3518257,266911.81,918995.898,0.965785999428898,,0.0
2022-01-17,36.571825700000005,35.5118257,37.7918257,33.8018257,387112.34,1437115.552,0.96736109234541,,0.0
2022-01-18,34.611825700000004,31.3118257,34.7818257,30.8818257,306493.37,1025363.051,0.9631444386342664,,0.0
2022-01-19,30.6118257,33.8518257,35.1518257,30.3618257,282463.58,950456.453,0.9658152838801712,,0.0
2022-01-20,37.8018257,34.3018257,37.8018257,33.7118257,415622.38,1544677.276,0.9662486112676056,,0.0
2022-01-21,33.391825700000005,31.211825699999995,33.8018257,30.7018257,302229.2,996027.334,0.9630307219993828,,0.0
2022-01-24,30.2018257,32.2018257,32.541825700000004,29.9218257,186415.0,604424.151,0.964126517964072,,0.0
2022-01-25,31.781825699999995,30.1018257,32.391825700000005,30.0018257,105980.0,342361.563,0.9617196709265176,,0.0
2022-01-26,30.1018257,29.0218257,30.7918257,28.5818257,87350.0,266899.025,0.9603516115155526,,0.0
2022-01-27,29.3218257,27.9018257,29.6518257,27.8518257,80732.87,240879.357,0.9588256254295532,,0.0
2022-01-28,28.3118257,28.5218257,29.1018257,27.6618257,59500.65,176791.655,0.9596845794078062,,0.0
2022-02-07,28.7618257,27.9418257,28.9818257,27.3618257,62510.34,182382.949,0.9588821448181194,,0.0
2022-02-08,27.6418257,28.1518257,28.2218257,27.1118257,51871.36,150260.936,0.9591763441226576,,0.0
2022-02-09,28.0418257,29.7518257,29.7518257,27.5118257,76540.97,230668.004,0.9612867754442648,,0.0
2022-02-10,30.1518257,31.9718257,32.6018257,30.1518257,157260.98,515663.644,0.9638777720832076,,0.0
2022-02-11,28.3018257,29.0418257,29.7918257,27.9018257,163378.79,491950.601,0.960377833994709,,0.0
2022-02-14,30.3018257,29.5918257,31.5718257,29.2718257,142823.61,452426.346,0.961085602468334,,0.0
2022-02-15,29.9018257,29.6918257,30.4018257,28.3018257,83335.48,257188.396,0.9612115797992876,,0.0
2022-02-16,29.3218257,30.1118257,30.6118257,29.2518257,75338.02,234145.574,0.9617318971574575,,0.0
2022-02-17,30.0118257,30.1018257,30.6918257,29.4718257,62115.26,193238.888,0.9617196709265176,,0.0
2022-02-18,29.8018257,31.1818257,31.7918257,29.5418257,95982.83,309047.286,0.9629964700432364,,0.0
2022-02-21,31.781825699999995,33.5118257,33.8318257,31.1318257,194579.06,660717.14,0.9654804292711034,,0.0
2022-02-22,32.9418257,33.1018257,33.8518257,32.3018257,127594.48,437902.639,0.9650678046647232,,0.0
2022-02-23,33.5318257,33.2018257,34.2418257,33.1018257,106255.39,370483.695,0.965169351744186,,0.0
2022-02-24,33.251825700000005,33.8818257,35.5518257,33.0918257,211776.87,752011.702,0.9658445182440136,,0.0
2022-02-25,33.9218257,34.611825700000004,34.9218257,33.7418257,115277.0,410770.719,0.9665407902820442,,0.0
2022-02-28,34.3018257,34.4818257,34.791825700000004,33.641825700000005,80628.42,286803.418,0.9664188817264574,,0.0
2022-03-01,34.6518257,36.0218257,36.0218257,34.4118257,101270.23,369632.763,0.9678083207952716,,0.0
2022-03-02,35.4618257,35.1518257,36.681825700000005,33.8818257,143693.38,521198.11,0.9670378459422284,,0.0
2022-03-03,35.071825700000005,35.8718257,36.7218257,34.9518257,107958.43,402327.961,0.9676780604262208,,0.0
2022-03-04,35.8018257,35.1018257,36.501825700000005,34.8018257,79529.12,293458.772,0.9669924435261708,,0.0
2022-03-07,35.2418257,34.7018257,35.501825700000005,34.0818257,83232.97,300002.826,0.9666246713091924,,0.0
2022-03-08,35.501825700000005,32.861825700000004,35.501825700000005,32.3018257,114377.58,395399.877,0.964821658837346,,0.0
2022-03-09,32.971825700000004,32.641825700000005,33.181825700000005,30.8018257,78934.05,265483.684,0.9645929580378252,,0.0
2022-03-10,33.681825700000005,33.7018257,34.1018257,32.7318257,96720.09,334970.389,0.9656683581661892,,0.0
2022-03-11,33.4018257,35.0518257,36.001825700000005,33.0918257,106171.0,382368.384,0.966946915862069,,0.0
2022-03-14,35.3018257,36.2618257,37.3018257,34.1618257,181753.87,678589.113,0.968014567538708,,0.0
2022-03-15,35.7018257,34.141825700000005,36.431825700000005,33.291825700000004,172336.16,617664.012,0.966095803621958,,0.0
2022-03-16,35.6218257,33.1618257,35.6318257,31.8518257,153596.51,526524.894,0.9651288038416764,,0.0
2022-03-17,31.6018257,33.4518257,36.3318257,31.3118257,176460.39,620986.563,0.9654206551226552,,0.0
2022-03-18,32.9918257,32.8718257,33.5918257,32.0818257,90174.65,306237.721,0.9648319841502788,,0.0
2022-03-21,32.8418257,35.501825700000005,35.7618257,32.6718257,167861.44,600757.583,0.9673521989100818,,0.0
2022-03-22,34.9218257,33.7018257,35.0918257,33.3718257,122192.97,429875.191,0.9656683581661892,,0.0
2022-03-23,33.4518257,33.1918257,34.0818257,32.5618257,71103.99,245059.139,0.9651592236115152,,0.0
2022-03-24,32.9418257,33.9818257,34.2618257,32.6018257,71155.2,247215.454,0.9659416060261512,,0.0
2022-03-25,36.2018257,36.7718257,38.751825700000005,34.751825700000005,368776.96,1407525.585,0.9684441848828024,,0.0
2022-03-28,38.3818257,40.6018257,40.681825700000005,36.8018257,367276.45,1471807.224,0.971335543062201,,0.0
2022-03-29,41.8018257,37.571825700000005,42.5518257,37.4018257,350639.28,1439391.749,0.9690953237038948,,0.0
2022-03-30,37.3818257,37.751825700000005,38.7318257,35.6018257,227674.02,875755.455,0.9692381437740694,,0.0
2022-03-31,37.4118257,35.7418257,38.7318257,35.2018257,230629.34,878480.206,0.967564312398484,,0.0
2022-04-01,34.8018257,34.1018257,35.6718257,33.681825700000005,158825.0,564475.657,0.966057385269122,,0.0
2022-04-06,34.1218257,35.3318257,37.001825700000005,34.1218257,157418.87,578577.538,0.9672002655351766,,0.0
2022-04-07,34.8018257,32.4818257,35.4018257,32.4618257,170155.37,594448.109,0.9644247535629454,,0.0
2022-04-08,32.4818257,32.1218257,33.2018257,31.4018257,101657.58,339460.743,0.964040387154862,,0.0
2022-04-11,31.8218257,32.1318257,32.791825700000004,31.6018257,67548.42,226010.071,0.9640511761176118,,0.0
2022-04-12,32.1318257,30.4918257,32.5918257,30.1018257,134709.45,430826.372,0.9621907762701168,,0.0
2022-04-13,30.7718257,29.1018257,30.7718257,28.2218257,121730.47,368330.139,0.9604562937293728,,0.0
2022-04-14,29.0018257,29.2618257,29.5718257,28.3218257,81721.0,247258.343,0.9606640085357846,,0.0
2022-04-15,28.7918257,29.0418257,29.8018257,28.6518257,53782.24,163334.264,0.960377833994709,,0.0
2022-04-18,28.8618257,29.3618257,29.5918257,28.1018257,54893.13,164800.69,0.9607927257853404,,0.0
2022-04-19,29.7418257,30.2818257,30.6018257,29.2218257,56387.24,176504.626,0.9619385546378652,,0.0
2022-04-20,30.7818257,28.8518257,30.9018257,28.6818257,71679.95,219515.862,0.9601273111480864,,0.0
2022-04-21,28.2018257,27.7018257,28.8018257,27.2118257,71410.24,208351.631,0.9585406816608996,,0.0
2022-04-22,27.1818257,26.2318257,27.3518257,26.1718257,80556.97,224259.986,0.9563188370397374,,0.0
2022-04-25,25.8018257,22.9318257,25.8518257,22.8818257,115288.25,293225.774,0.95034503522586,,0.0
2022-04-26,22.9418257,23.4118257,24.3418257,22.9418257,92106.09,229257.588,0.951313518894758,,0.0
2022-04-27,22.3018257,24.8618257,25.3018257,22.3018257,98487.64,246425.672,0.9540224750575594,,0.0
2022-04-28,25.7318257,26.1018257,26.3018257,24.6918257,113164.47,302859.557,0.9561108315018314,,0.0
2022-04-29,25.3318257,27.8018257,28.0318257,25.3018257,153789.85,429689.592,0.9586836448275862,,0.0
2022-05-05,26.8318257,26.6218257,27.2218257,26.1518257,121911.52,339903.368,0.9569311897915168,,0.0
2022-05-06,25.5718257,25.6018257,26.6518257,25.4018257,83823.76,226898.069,0.9552920037313432,,0.0
2022-05-09,25.8418257,26.4218257,26.8018257,25.4818257,62592.93,172311.039,0.9566193229543808,,0.0
2022-05-10,25.9918257,26.2518257,26.7518257,25.8018257,62600.17,171902.77,0.9563506630236792,,0.0
2022-05-11,26.48,26.23,27.39,26.23,88930.24,248265.592,0.9632757987513773,,0.0
2022-05-12,26.07,27.01,27.48,26.01,85126.56,238514.23,0.9642984648339878,,0.0
2022-05-13,27.2,27.07,27.54,26.79,55244.11,154862.232,0.9643747773423584,,0.0
2022-05-16,26.96,26.2,27.25,26.02,62413.46,171416.98,0.9632352941176472,,0.0
2022-05-17,26.66,26.13,26.86,25.37,60749.7,163221.467,0.9631404349428676,,0.0
2022-05-18,26.4,26.82,27.35,26.14,83727.34,233712.202,0.9640546369518332,,0.0
2022-05-19,26.82,27.37,27.53,26.35,70063.97,197321.074,0.9647514980613324,,0.0
2022-05-20,27.99,28.97,29.3,27.51,126142.74,374124.466,0.9666332999666332,,0.0
2022-05-23,28.83,28.14,29.4,27.93,85017.74,249645.516,0.9656829100892244,,0.0
2022-05-24,27.9,26.74,28.2,26.71,80334.0,228238.902,0.9639509733237204,,0.0
2022-05-25,26.8,27.16,27.55,26.42,53930.84,151657.677,0.9644886363636364,,0.0
2022-05-26,27.17,28.4,28.82,26.61,91269.93,264958.676,0.9659863945578232,,0.0
2022-05-27,28.3,29.3,30.78,28.14,166754.15,508930.814,0.966996699669967,,0.0
2022-05-30,28.98,27.9,29.0,27.41,116715.1,339092.339,0.9653979238754326,,0.0
2022-05-31,27.8,28.62,28.98,27.2,103006.8,300110.904,0.9662390276839972,,0.0
2022-06-01,28.56,29.51,30.15,28.56,128306.89,392428.835,0.9672238610291708,,0.0
2022-06-02,29.5,29.96,29.99,28.9,75131.82,227446.573,0.9677002583979328,,0.0
2022-06-06,29.86,31.700000000000003,33.49,29.86,186065.3,606200.488,0.9694189602446484,,0.0
2022-06-07,31.33,31.950000000000003,32.68,31.31,118690.58,390420.062,0.969650986342944,,0.0
2022-06-08,31.700000000000003,31.1,32.11,30.1,140649.0,451066.706,0.968847352024922,,0.0
2022-06-09,31.23,32.0,32.35,30.77,116962.6,382925.263,0.9696969696969696,,0.0
2022-06-10,31.75,32.31,32.68,31.56,108431.8,360132.023,0.9699789852897028,,0.0
2022-06-13,32.88,34.11,34.8,32.35,171464.46,594099.712,0.9715180860153804,,0.0
2022-06-14,35.5,32.7,36.93,32.4,388719.96,1396607.528,0.9703264094955488,,0.0
2022-06-15,31.47,30.36,32.47,30.25,238299.95,763335.962,0.9681122448979592,,0.0
2022-06-16,30.13,31.81,32.32,30.12,165478.77,532276.497,0.9695214873514172,,0.0
2022-06-17,32.0,31.43,33.13,30.66,157186.41,516663.561,0.9691643539932162,,0.0
2022-06-20,31.15,30.73,31.57,30.41,120180.77,381603.249,0.9684840844626535,,0.0
2022-06-21,31.0,30.78,31.700000000000003,30.47,101717.11,325851.305,0.9685336689741976,,0.0
2022-06-22,30.55,27.97,30.85,27.93,291031.18,873866.385,0.9654815326199516,,0.0
2022-06-23,28.5,28.63,29.0,28.2,127134.37,376847.672,0.9662504218697268,,0.0
2022-06-24,28.63,28.33,28.83,28.17,101941.31,300175.236,0.9659052165018752,,0.0
2022-06-27,28.34,28.38,28.85,28.34,104928.29,309608.655,0.9659632402995236,,0.0
2022-06-28,28.41,28.3,28.66,27.9,73284.16,214872.254,0.9658703071672357,,0.0
2022-06-29,28.28,27.62,28.8,27.6,103690.42,302409.39,0.9650593990216632,,0.0
2022-06-30,27.55,27.53,27.97,27.31,100116.01,286182.238,0.9649491763056433,,0.0
2022-07-01,27.61,27.27,27.73,27.12,54884.85,155731.845,0.96462681287584,,0.0
2022-07-04,27.57,28.27,28.49,27.21,91441.77,264693.508,0.965835326272634,,0.0
2022-07-05,28.22,27.46,28.35,27.24,95932.43,274749.762,0.9648629655657064,,0.0
2022-07-06,27.6,28.0,28.2,27.41,68329.16,196768.608,0.9655172413793104,,0.0
2022-07-07,27.71,27.14,27.88,26.2,96385.86,269225.271,0.9644633972992182,,0.0
2022-07-08,27.89,27.57,28.4,27.52,77073.0,222189.751,0.9649982499124956,,0.0
2022-07-11,27.6,27.86,28.09,27.25,60418.54,173808.525,0.9653499653499652,,0.0
2022-07-12,27.75,28.54,29.66,27.45,162715.53,485407.026,0.96614759647935,,0.0
2022-07-13,28.19,27.52,28.19,27.1,83293.98,237925.454,0.964936886395512,,0.0
2022-07-14,27.36,27.44,27.83,27.3,46966.19,133880.184,0.9648382559774964,,0.0
2022-07-15,27.2,27.01,27.71,26.91,54869.5,154752.497,0.9642984648339878,,0.0
2022-07-18,27.1,27.25,27.26,26.68,42228.27,118318.145,0.9646017699115044,,0.0
2022-07-19,27.2,27.51,27.55,26.9,49788.73,140607.841,0.9649245878639074,,0.0
2022-07-20,27.5,27.55,27.78,27.32,41131.41,117482.658,0.9649737302977232,,0.0
2022-07-21,27.51,28.01,28.16,27.35,64463.9,186240.203,0.9655291278869356,,0.0
2022-07-22,27.91,27.34,28.27,27.12,58102.64,165846.695,0.9647141848976712,,0.0
2022-07-25,27.34,27.47,27.98,27.2,44149.07,126429.651,0.9648753073410608,,0.0
2022-07-26,27.49,27.98,28.39,27.12,63128.97,182076.406,0.9654934437543132,,0.0
2022-07-27,27.86,28.51,29.12,27.8,73491.1,217305.625,0.9661131819722129,,0.0
2022-07-28,28.51,28.69,28.9,28.35,56967.38,168652.076,0.9663186257999328,,0.0
2022-07-29,28.71,28.2,29.13,27.93,64807.84,191358.85,0.9657534246575342,,0.0
2022-08-01,27.92,27.62,28.44,27.56,60172.94,173870.288,0.9650593990216632,,0.0
2022-08-02,27.45,25.95,27.6,25.78,94869.87,258654.708,0.9628942486085345,,0.0
2022-08-03,26.01,25.83,26.5,25.76,50676.31,137715.71,0.9627282892284756,,0.0
2022-08-04,26.03,26.43,26.65,25.98,36883.0,100706.087,0.9635435654393,,0.0
2022-08-05,26.45,26.65,26.79,26.3,37071.82,102253.301,0.9638336347197106,,0.0
2022-08-08,26.9,26.99,27.14,26.69,39509.88,110285.235,0.9642729546266524,,0.0
2022-08-09,27.0,26.68,27.02,26.57,32513.63,90126.034,0.963872832369942,,0.0
2022-08-10,26.67,27.7,27.79,26.34,72129.12,202976.626,0.9651567944250872,,0.0
2022-08-11,27.77,27.97,28.69,27.63,72400.78,210753.562,0.9654815326199516,,0.0
2022-08-12,28.5,29.47,29.77,28.23,165852.86,500442.168,0.9671808336068264,,0.0
2022-08-15,29.47,29.05,29.87,28.95,86091.16,261510.975,0.966722129783694,,0.0
2022-08-16,29.12,28.96,29.31,28.73,62452.3,186921.91,0.9666221628838452,,0.0
2022-08-17,29.24,29.18,29.55,28.86,45937.22,138344.188,0.9668654738237245,,0.0
2022-08-18,28.96,28.92,29.14,28.7,39342.17,117734.765,0.9665775401069518,,0.0
2022-08-19,29.0,30.57,31.83,28.93,143857.77,451350.83,0.968324358568261,,0.0
2022-08-22,30.57,31.07,31.3,30.01,110194.89,350848.271,0.9688182101652636,,0.0
2022-08-23,31.01,31.270000000000003,31.91,30.73,87008.77,281692.599,0.9690114657576696,,0.0
2022-08-24,31.1,29.18,31.450000000000003,28.95,125801.0,386328.934,0.9668654738237245,,0.0
2022-08-25,29.65,29.0,29.8,27.8,99552.16,294486.645,0.9666666666666668,,0.0
2022-08-26,29.37,28.68,29.7,28.6,63597.14,191395.518,0.9663072776280324,,0.0
2022-08-29,28.3,28.61,28.86,27.9,44093.57,130124.538,0.966227625802094,,0.0
2022-08-30,28.61,28.47,28.78,27.68,51904.7,151138.679,0.9660671869697998,,0.0
2022-08-31,28.42,28.03,29.08,27.95,48845.29,143584.139,0.965552876334826,,0.0
2022-09-01,27.75,28.08,28.86,27.75,40261.94,118392.554,0.9656121045392022,,0.0
2022-09-02,28.14,28.6,28.65,28.11,38315.69,112712.525,0.9662162162162162,,0.0
2022-09-05,28.68,27.8,28.97,27.7,45756.32,133081.553,0.9652777777777778,,0.0
2022-09-06,27.91,28.14,28.14,27.6,38782.16,112114.567,0.9656829100892244,,0.0
2022-09-07,27.9,27.8,28.03,27.63,28726.67,82823.312,0.9652777777777778,,0.0
2022-09-08,27.67,27.17,27.92,27.01,43198.14,122527.574,0.964501242456514,,0.0
2022-09-09,27.14,27.3,27.62,27.11,27770.42,78749.578,0.9646643109540636,,0.0
2022-09-13,27.3,26.86,27.56,26.82,40142.77,112697.365,0.9641062455132808,,0.0
2022-09-14,26.5,26.55,26.7,26.1,32911.0,90391.848,0.9637023593466424,,0.0
2022-09-15,26.7,25.44,26.86,25.2,68400.54,183709.871,0.962178517397882,,0.0
2022-09-16,25.62,24.86,25.96,24.5,54940.16,144526.059,0.9613302397525136,,0.0
2022-09-19,24.87,24.76,25.26,24.63,33352.33,86527.429,0.9611801242236024,,0.0
2022-09-20,25.0,25.3,25.49,24.85,29090.08,76252.661,0.9619771863117872,,0.0
2022-09-21,25.49,25.25,25.57,25.1,25552.14,67235.533,0.961904761904762,,0.0
2022-09-22,25.04,24.86,25.4,24.86,24908.05,64972.504,0.9613302397525136,,0.0
2022-09-23,25.03,24.37,25.03,23.97,31156.47,79346.56,0.9605833661805282,,0.0
2022-09-26,24.17,23.99,24.48,23.91,24461.73,61425.657,0.959983993597439,,0.0
2022-09-27,23.99,24.87,25.01,23.98,34167.58,87371.577,0.9613451874758407,,0.0
2022-09-28,24.87,24.15,25.33,24.11,29227.48,75150.985,0.9602385685884692,,0.0
2022-09-29,24.36,24.32,24.9,24.14,30735.92,78522.765,0.9605055292259084,,0.0
2022-09-30,24.39,24.25,24.81,24.23,29272.93,74513.082,0.9603960396039604,,0.0
2022-10-10,24.0,23.51,24.43,23.36,28796.24,71508.693,0.9592003263973888,,0.0
2022-10-11,23.51,23.99,24.14,23.0,30110.07,74198.123,0.959983993597439,,0.0
2022-10-12,23.99,24.01,24.06,23.0,41470.0,101861.3,0.960015993602559,,0.0
2022-10-13,24.04,24.52,24.67,23.94,39543.96,100540.01,0.9608150470219436,,0.0
2022-10-14,24.45,25.45,26.09,24.45,71194.71,188278.284,0.9621928166351608,,0.0
2022-10-17,25.36,25.43,25.88,25.15,45832.22,121312.628,0.9621642073401436,,0.0
2022-10-18,25.44,26.15,26.33,25.32,58510.09,157435.948,0.9631675874769796,,0.0
2022-10-19,26.17,25.71,26.2,25.53,40406.0,108130.474,0.9625608386372144,,0.0
2022-10-20,25.67,25.59,26.15,25.21,31582.36,84537.114,0.9623918766453554,,0.0
2022-10-21,25.6,25.61,25.94,25.3,35155.4,93296.826,0.9624201428034572,,0.0
2022-10-24,25.63,24.87,26.18,24.62,58756.74,154403.36,0.9613451874758407,,0.0
2022-10-25,24.64,24.15,25.0,23.92,64754.4,163857.409,0.9602385685884692,,0.0
2022-10-26,24.16,24.49,25.3,24.16,127668.63,329677.135,0.9607689289917616,,0.0
2022-10-27,25.11,25.0,25.48,24.59,118641.44,309234.369,0.9615384615384616,,0.0
2022-10-28,24.6,23.26,24.84,23.12,85600.92,213441.991,0.9587798845836768,,0.0
2022-10-31,23.13,22.9,23.57,22.48,59195.82,141439.629,0.9581589958158996,,0.0
2022-11-01,23.05,23.85,23.96,22.88,88600.1,217112.603,0.959758551307847,,0.0
2022-11-02,23.69,24.0,24.62,23.58,93772.18,237482.205,0.96,,0.0
2022-11-03,23.71,23.57,24.02,23.01,71707.88,176278.528,0.9592999592999591,,0.0
2022-11-04,23.56,23.86,24.05,23.3,115132.54,284273.322,0.9597747385358004,,0.0
2022-11-07,23.86,23.83,24.22,23.6,93690.25,233014.592,0.959726137736609,,0.0
2022-11-08,23.84,23.66,24.0,23.2,61042.3,149733.233,0.959448499594485,,0.0
2022-11-09,23.75,24.68,24.93,23.49,134861.25,341118.175,0.9610591900311528,,0.0
2022-11-10,24.4,25.35,26.24,24.33,247991.22,652542.819,0.9620493358633776,,0.0
2022-11-11,26.18,25.29,27.19,24.92,320558.65,872090.692,0.9619627234689996,,0.0
2022-11-14,24.82,25.51,25.88,24.8,183819.25,485821.459,0.9622783855149,,0.0
2022-11-15,25.61,25.51,25.67,24.92,138267.43,363204.664,0.9622783855149,,0.0
2022-11-16,25.3,25.26,25.95,25.12,114008.5,301363.341,0.961919268849962,,0.0
2022-11-17,25.2,25.28,25.66,24.97,106624.41,280112.706,0.9619482496194824,,0.0
2022-11-18,25.12,26.25,26.7,25.0,207964.62,561434.866,0.963302752293578,,0.0
2022-11-21,27.02,27.95,28.11,26.53,312246.8,890746.991,0.9654576856649396,,0.0
2022-11-22,27.5,26.55,27.87,26.27,173206.25,485915.624,0.9637023593466424,,0.0
2022-11-23,26.95,24.84,27.28,24.7,222419.43,585724.558,0.9613003095975232,,0.0
2022-11-24,24.61,25.15,25.45,24.61,108705.51,282871.232,0.9617590822179732,,0.0
2022-11-25,24.78,24.53,24.91,24.15,81430.33,207312.488,0.9608303956130044,,0.0
2022-11-28,24.15,24.19,24.89,23.98,89398.2,226273.807,0.960301707026598,,0.0
2022-11-29,24.03,24.59,24.8,23.9,83855.34,214329.159,0.9609222352481438,,0.0
2022-11-30,24.52,24.25,24.97,24.15,80682.96,205543.222,0.9603960396039604,,0.0
2022-12-01,24.6,23.61,24.72,23.45,155407.12,386763.257,0.9593661113368548,,0.0
2022-12-02,23.58,23.66,23.82,23.53,66227.81,163454.539,0.959448499594485,,0.0
2022-12-05,23.88,23.91,24.13,23.5,84493.34,209652.511,0.9598554797270172,,0.0
2022-12-06,23.72,23.31,23.91,23.28,96140.26,236143.578,0.9588646647470176,,0.0
2022-12-07,23.48,23.96,23.97,23.14,103504.86,255299.088,0.9599358974358976,,0.0
2022-12-08,23.96,24.02,24.15,23.68,98111.31,244590.572,0.9600319744204636,,0.0
2022-12-09,23.95,23.97,24.22,23.71,92095.74,230026.678,0.959951942330797,,0.0
2022-12-12,23.99,24.59,24.75,23.98,134744.61,343688.526,0.9609222352481438,,0.0
2022-12-13,24.6,23.85,24.68,23.54,125289.53,312304.093,0.959758551307847,,0.0
2022-12-14,23.61,24.02,24.6,23.18,131479.64,327449.122,0.9600319744204636,,0.0
2022-12-15,23.67,23.88,24.01,23.5,88006.67,217527.504,0.959807073954984,,0.0
2022-12-16,23.88,25.2,25.55,23.74,265907.95,688128.326,0.9618320610687024,,0.0
2022-12-19,25.08,23.9,25.08,23.8,152751.71,383972.053,0.9598393574297188,,0.0
2022-12-20,23.62,23.13,23.85,23.05,88567.57,215078.352,0.9585578118524658,,0.0
2022-12-21,23.2,23.33,23.68,23.1,66333.73,161974.967,0.958898479243732,,0.0
2022-12-22,23.57,22.75,23.64,22.46,88772.37,213134.55,0.9578947368421052,,0.0
2022-12-23,22.5,22.22,22.85,22.21,56778.0,133294.636,0.9569336778639104,,0.0
2022-12-26,22.35,22.33,22.48,22.0,58016.76,134701.192,0.957136733819117,,0.0
2022-12-27,22.33,21.98,22.37,20.68,131111.45,292005.455,0.9564838990426456,,0.0
2022-12-28,21.55,21.58,22.1,21.37,49121.12,111419.466,0.9557130203720108,,0.0
2022-12-29,21.65,21.88,22.28,21.51,62852.49,145036.52,0.9562937062937062,,0.0
2022-12-30,22.0,21.77,22.38,21.76,41552.53,95725.382,0.956082564778217,,0.0
2023-01-03,23.08,23.39,23.99,23.05,219404.8,536934.944,0.9589995899959,,0.0
2023-01-04,22.83,22.16,22.89,22.15,142647.33,334601.728,0.9568221070811744,,0.0
2023-01-05,22.1,22.3,22.46,21.88,66732.48,154990.378,0.9570815450643776,,0.0
2023-01-06,22.22,22.34,22.46,22.1,55702.58,129755.232,0.9571550985432732,,0.0
2023-01-09,22.5,22.19,22.5,22.11,46588.77,108246.844,0.956877964639931,,0.0
2023-01-10,22.26,22.12,22.28,21.88,40714.97,94064.767,0.9567474048442908,,0.0
2023-01-11,22.3,21.97,22.45,21.97,56652.43,131395.431,0.956464954288202,,0.0
2023-01-12,21.9,21.84,22.13,21.72,43402.42,99404.392,0.956217162872154,,0.0
2023-01-13,21.9,22.09,22.21,21.8,33856.11,77999.923,0.956691208315288,,0.0
2023-01-16,22.26,22.26,22.56,22.09,57793.21,134796.817,0.9570077386070508,,0.0
2023-01-17,22.3,22.08,22.38,22.02,38295.0,88695.87,0.9566724436741768,,0.0
2023-01-18,22.0,22.09,22.2,21.96,28771.03,66489.65,0.956691208315288,,0.0
2023-01-19,22.09,22.43,22.65,22.01,55401.05,129439.5,0.9573196756295348,,0.0
2023-01-20,22.49,22.57,22.68,22.38,44929.62,105830.326,0.9575731862537123,,0.0
2023-01-30,22.7,22.53,22.95,22.46,52077.15,123119.277,0.957501062473438,,0.0
2023-01-31,22.53,22.47,22.53,22.25,35041.19,82044.278,0.9573924158500212,,0.0
2023-02-01,22.48,22.93,22.97,22.45,75484.06,179240.703,0.9582114500626828,,0.0
2023-02-02,22.88,22.89,23.05,22.72,49784.67,119024.75,0.9581414817915446,,0.0
2023-02-03,22.9,22.73,22.93,22.54,56456.0,134024.101,0.957859249894648,,0.0
2023-02-06,22.53,22.58,22.72,22.43,42029.78,99092.492,0.9575911789652248,,0.0
2023-02-07,22.61,22.53,22.7,22.33,51067.29,119879.604,0.957501062473438,,0.0
2023-02-08,22.51,22.67,22.73,22.41,50442.1,118870.926,0.957752429235319,,0.0
2023-02-09,22.51,22.79,22.83,22.44,49041.71,116255.483,0.9579655317360236,,0.0
2023-02-10,22.79,22.7,23.06,22.6,52640.67,125309.471,0.9578059071729956,,0.0
2023-02-13,22.68,22.83,22.9,22.61,40351.33,95993.938,0.9580360889634914,,0.0
2023-02-14,22.85,23.05,23.05,22.82,49227.24,117884.966,0.9584199584199584,,0.0
2023-02-15,23.53,23.74,24.53,23.53,215428.87,541058.6,0.9595796281325788,,0.0
2023-02-16,23.76,23.42,24.37,23.17,128218.78,318816.891,0.959049959049959,,0.0
2023-02-17,23.42,23.99,24.0,23.36,110321.08,273464.685,0.959983993597439,,0.0
2023-02-20,24.27,23.76,24.45,23.39,103646.24,256054.078,0.9596122778675282,,0.0
2023-02-21,23.51,23.4,23.79,23.38,67517.74,165665.866,0.9590163934426228,,0.0
2023-02-22,23.41,23.49,23.72,23.35,45746.0,112187.859,0.9591670069416088,,0.0
2023-02-23,23.49,23.26,23.66,23.1,51114.72,124278.631,0.9587798845836768,,0.0
2023-02-24,23.27,23.2,23.44,23.16,35205.19,85487.229,0.9586776859504132,,0.0
2023-02-27,23.2,22.75,23.51,22.71,54125.0,129787.048,0.9578947368421052,,0.0
2023-02-28,22.83,23.23,23.23,22.8,46011.32,110785.21,0.9587288485348742,,0.0
2023-03-01,23.23,23.14,23.33,22.98,37226.66,89577.132,0.9585749792874896,,0.0
2023-03-02,23.14,22.93,23.14,22.78,45832.98,109660.679,0.9582114500626828,,0.0
2023-03-03,23.02,22.65,23.03,22.6,40159.47,95483.41,0.9577167019027484,,0.0
2023-03-06,22.65,22.89,22.93,22.5,31734.4,75410.802,0.9581414817915446,,0.0
2023-03-07,22.89,22.5,23.0,22.4,38262.04,90637.879,0.9574468085106383,,0.0
2023-03-08,22.49,22.41,22.55,22.33,27079.44,63394.373,0.9572832123024348,,0.0
2023-03-09,22.65,22.6,22.65,22.35,21874.05,51445.081,0.9576271186440678,,0.0
2023-03-10,22.42,22.28,22.5,22.21,28900.04,67365.153,0.9570446735395188,,0.0
2023-03-13,22.13,22.45,22.46,21.88,35505.14,82404.085,0.957356076759062,,0.0
2023-03-14,22.42,22.26,22.56,21.96,34684.08,80471.256,0.9570077386070508,,0.0
2023-03-15,22.27,22.35,22.58,22.27,28233.21,66134.221,0.9571734475374732,,0.0
2023-03-16,22.27,22.42,22.88,22.16,41980.29,98745.752,0.9573014517506404,,0.0
2023-03-17,22.46,22.28,22.63,22.1,35938.15,83824.321,0.9570446735395188,,0.0
2023-03-20,22.26,21.61,22.27,21.59,50004.6,114023.7,0.9557717823971694,,0.0
2023-03-21,21.6,21.75,21.87,21.6,21702.44,49351.599,0.956043956043956,,0.0
2023-03-22,21.75,21.77,22.01,21.67,26305.5,59989.919,0.956082564778217,,0.0
2023-03-23,21.8,21.49,21.87,21.36,43430.21,98034.099,0.9555357936860828,,0.0
2023-03-24,21.58,21.27,21.64,21.18,34692.38,77605.706,0.9550965424337674,,0.0
2023-03-27,21.27,21.58,21.64,21.06,37811.38,84892.969,0.9557130203720108,,0.0
2023-03-28,21.53,22.07,22.43,21.51,55484.52,127750.834,0.9566536627654963,,0.0
2023-03-29,22.08,22.24,22.29,21.83,38263.08,88431.83,0.9569707401032702,,0.0
2023-03-30,22.43,22.23,22.43,22.0,25244.27,58434.364,0.9569522169608266,,0.0
2023-03-31,22.25,22.06,22.3,22.03,25478.83,58876.176,0.9566348655680832,,0.0
2023-04-03,21.84,21.53,22.11,21.41,58553.59,132182.318,0.9556147359076786,,0.0
2023-04-04,21.54,21.33,21.65,21.17,43094.65,96488.43,0.955217196596507,,0.0
2023-04-06,21.26,21.11,21.4,21.11,32530.2,72239.893,0.9547715965626412,,0.0
2023-04-07,21.11,21.26,21.57,21.09,45585.0,101904.605,0.9550763701707098,,0.0
2023-04-10,21.26,21.24,21.42,21.1,30865.96,68601.7,0.9550359712230216,,0.0
2023-04-11,21.24,20.99,21.24,20.83,38348.52,84388.927,0.954524783992724,,0.0
2023-04-12,21.0,20.27,21.01,20.26,62977.65,135505.819,0.9529854254818994,,0.0
2023-04-13,20.36,20.44,20.53,20.13,32791.08,70022.089,0.9533582089552238,,0.0
2023-04-14,20.45,20.39,20.71,20.34,37610.0,80846.794,0.9532491818606824,,0.0
2023-04-17,20.49,20.39,20.58,20.23,33382.95,71504.343,0.9532491818606824,,0.0
2023-04-18,20.4,19.98,20.42,19.95,41489.0,87578.884,0.9523355576739752,,0.0
2023-04-19,20.05,19.36,20.05,19.36,50159.65,103267.038,0.950884086444008,,0.0
2023-04-20,19.32,19.15,19.45,19.0,37395.33,75490.48,0.9503722084367244,,0.0
2023-04-21,19.15,18.82,19.33,18.7,47119.15,94247.799,0.9495459132189707,,0.0
2023-04-24,18.98,19.36,19.8,18.87,58430.0,119454.788,0.950884086444008,,0.0
2023-04-25,19.37,18.61,19.46,18.51,43384.01,85975.561,0.949005609382968,,0.0
2023-04-26,18.64,19.07,19.27,18.53,36325.0,72713.101,0.9501743896362732,,0.0
2023-04-27,18.8,19.18,19.36,18.45,54472.55,108367.9,0.950445986124876,,0.0
2023-04-28,19.04,19.12,19.35,18.85,42407.68,85258.908,0.9502982107355864,,0.0
2023-05-04,19.0,19.08,19.29,18.92,27964.0,56253.143,0.950199203187251,,0.0
2023-05-05,19.06,18.37,19.06,18.27,43240.53,84399.217,0.9483737738771296,,0.0
2023-05-08,18.31,18.34,18.64,18.3,31209.06,60519.934,0.9482936918304034,,0.0
2023-05-09,18.3,19.52,19.91,17.94,109085.63,220634.708,0.9512670565302144,,0.0
2023-05-10,19.97,20.34,21.09,19.97,151651.18,325836.99,0.9531396438612934,,0.0
2023-05-11,20.34,19.77,20.4,19.76,69350.7,145956.597,0.9518536350505536,,0.0
2023-05-12,19.81,19.46,20.32,19.46,44991.4,93808.442,0.9511241446725318,,0.0
2023-05-15,19.37,19.57,19.73,19.17,39338.03,80578.594,0.9513855128828392,,0.0
2023-05-16,19.57,19.68,19.75,19.42,30013.91,61846.445,0.9516441005802708,,0.0
2023-05-17,19.96,19.67,20.6,19.59,49809.64,104486.256,0.9516207063376876,,0.0
2023-05-18,19.49,19.42,19.66,19.34,32397.84,66228.091,0.951028403525955,,0.0
2023-05-19,19.48,19.79,19.89,19.32,26121.61,53527.229,0.9588178294573644,,0.0
2023-05-22,19.79,19.34,19.91,19.23,31600.5,64280.296,0.95789995047053,,0.0
2023-05-23,19.4,19.79,19.94,19.23,46171.34,95160.776,0.9588178294573644,,0.0
2023-05-24,19.81,19.34,19.85,19.24,36711.38,74322.868,0.95789995047053,,0.0
2023-05-25,19.36,18.83,19.36,18.55,46766.54,92267.964,0.9568089430894308,,0.0
2023-05-26,18.95,19.19,19.26,18.63,33563.46,66556.424,0.9575848303393212,,0.0
2023-05-29,19.15,19.23,19.4,19.01,25803.0,51675.863,0.9576693227091632,,0.0
2023-05-30,19.17,18.92,19.54,18.77,25816.93,51303.505,0.957005563985837,,0.0
2023-05-31,18.83,19.08,19.37,18.81,29346.74,58421.018,0.9573507275464124,,0.0
2023-06-01,19.02,19.06,19.24,18.77,26095.45,52000.819,0.957307885484681,,0.0
2023-06-02,19.1,19.1,19.2,19.01,16449.0,32839.121,0.9573934837092732,,0.0
2023-06-05,19.13,19.5,19.6,19.02,38026.05,76716.658,0.9582309582309582,,0.0
2023-06-06,19.5,18.92,19.54,18.88,34026.14,68096.078,0.957005563985837,,0.0
2023-06-07,18.92,19.23,19.35,18.86,27057.0,53988.666,0.9576693227091632,,0.0
2023-06-08,19.09,18.65,19.27,18.64,31214.28,61535.429,0.9564102564102565,,0.0
2023-06-09,18.65,18.38,18.8,18.38,34816.77,67479.351,0.9557982319292772,,0.0
2023-06-12,18.38,18.52,18.58,17.72,59187.51,112701.123,0.95611770779556,,0.0
2023-06-13,18.46,18.58,18.72,18.34,20117.54,38981.619,0.9562532166752444,,0.0
2023-06-14,18.6,18.55,18.84,18.51,19583.69,38123.538,0.9561855670103092,,0.0
2023-06-15,18.58,18.87,18.91,18.35,29030.55,56777.056,0.956896551724138,,0.0
2023-06-16,18.93,18.87,19.04,18.8,21153.69,41777.843,0.956896551724138,,0.0
2023-06-19,18.87,18.7,19.04,18.7,22329.51,43955.94,0.9565217391304348,,0.0
2023-06-20,18.75,18.58,18.96,18.58,20263.0,39759.706,0.9562532166752444,,0.0
2023-06-21,18.54,18.25,18.74,18.22,21709.23,41753.233,0.9554973821989527,,0.0
2023-06-26,18.1,17.869999999999997,18.34,17.82,27114.0,50904.561,0.954594017094017,,0.0
2023-06-27,17.88,18.04,18.26,17.88,14748.57,27906.647,0.9550026469031232,,0.0
2023-06-28,18.04,17.95,18.14,17.77,17844.0,33480.294,0.9547872340425532,,0.0
2023-06-29,17.959999999999997,17.939999999999998,18.11,17.93,14486.69,27301.605,0.9547631718999467,,0.0
2023-06-30,18.04,18.16,18.25,17.869999999999997,20156.16,38298.897,0.95528669121515,,0.0
2023-07-03,18.16,18.22,18.31,18.06,16640.94,31667.551,0.9554273728369166,,0.0
2023-07-04,18.2,18.3,18.36,18.06,20675.0,39401.272,0.9556135770234986,,0.0
2023-07-05,18.35,18.21,18.37,18.09,17878.49,34085.64,0.9554039874081846,,0.0
2023-07-06,18.15,18.09,18.25,18.07,13403.58,25465.636,0.9551214361140444,,0.0
2023-07-07,18.07,17.91,18.21,17.889999999999997,18897.9,35565.539,0.9546908315565032,,0.0
2023-07-10,18.07,18.04,18.18,17.91,20196.02,38182.296,0.9550026469031232,,0.0
2023-07-11,18.03,18.06,18.15,17.97,22718.0,42947.191,0.9550502379693284,,0.0
2023-07-12,18.06,17.81,18.08,17.77,25889.0,48494.177,0.9544480171489818,,0.0
2023-07-13,17.799999999999997,17.86,18.0,17.799999999999997,19317.77,36209.031,0.9545697487974344,,0.0
2023-07-14,17.83,17.849999999999998,18.06,17.77,18233.29,34184.881,0.9545454545454544,,0.0
2023-07-17,18.74,19.16,19.18,18.33,111677.9,218622.703,0.9575212393803098,,0.0
2023-07-18,18.75,18.35,19.09,18.23,79679.34,154436.535,0.9557291666666666,,0.0
2023-07-19,18.25,18.46,18.87,18.15,52656.97,102265.113,0.955981356809943,,0.0
2023-07-20,18.38,18.22,18.56,18.15,30503.02,58541.461,0.9554273728369166,,0.0
2023-07-21,18.23,18.38,18.58,18.16,24898.67,47987.016,0.9557982319292772,,0.0
2023-07-24,18.3,18.41,18.56,18.24,20541.0,39477.199,0.9558670820353062,,0.0
2023-07-25,18.45,18.54,18.59,18.36,24324.85,47025.807,0.9561629706034036,,0.0
2023-07-26,19.13,19.32,19.83,18.96,112762.39,228688.789,0.9578582052553296,,0.0
2023-07-27,19.07,19.24,19.5,19.05,57053.52,114352.783,0.9576903932304628,,0.0
2023-07-28,19.3,20.36,20.75,19.26,193809.25,409568.596,0.9599245638849598,,0.0
2023-07-31,20.2,19.81,20.34,19.62,118111.25,245686.579,0.9588576960309776,,0.0
2023-08-01,19.94,19.97,20.57,19.87,96376.76,203078.707,0.9591738712776176,,0.0
2023-08-02,19.78,19.56,20.05,19.46,57134.21,116930.2,0.9583537481626652,,0.0
2023-08-03,19.46,19.73,19.92,19.38,43235.65,88969.414,0.9586977648202136,,0.0
2023-08-04,19.7,19.53,19.85,19.47,38425.36,78627.625,0.9582924435721296,,0.0
2023-08-07,19.4,19.03,19.44,18.95,39720.19,79148.11,0.9572434607645874,,0.0
2023-08-08,18.95,19.09,19.13,18.65,38636.1,76343.96,0.9573721163490472,,0.0
2023-08-09,19.09,19.71,19.94,18.98,79970.06,163160.016,0.958657587548638,,0.0
2023-08-10,19.62,19.35,19.63,19.16,47285.2,95618.263,0.957920792079208,,0.0
2023-08-11,19.34,19.59,20.05,19.25,78459.42,161990.226,0.9584148727984344,,0.0
2023-08-14,19.3,19.05,19.59,18.8,57037.32,113495.36,0.957286432160804,,0.0
2023-08-15,19.02,18.91,19.06,18.67,30428.5,59926.507,0.956983805668016,,0.0
2023-08-16,18.87,19.0,19.63,18.81,43206.99,86948.458,0.9571788413098236,,0.0
2023-08-17,18.83,19.07,19.09,18.73,25058.0,49551.463,0.9573293172690762,,0.0
2023-08-18,19.16,18.16,19.21,18.16,54980.47,106543.905,0.95528669121515,,0.0
2023-08-21,18.04,18.05,18.33,17.88,22362.78,42339.42,0.955026455026455,,0.0
2023-08-22,18.05,17.43,18.18,17.15,52350.8,96061.28,0.9535010940919036,,0.0
2023-08-23,17.419999999999998,16.86,17.509999999999998,16.86,34396.0,61570.567,0.9520045172219084,,0.0
2023-08-24,16.849999999999998,16.88,17.119999999999997,16.639999999999997,27517.43,48677.516,0.952058657642414,,0.0
2023-08-25,17.349999999999998,17.349999999999998,17.65,17.049999999999997,54202.03,98887.146,0.9532967032967032,,0.0
2023-08-28,18.42,17.099999999999998,18.48,17.09,53074.0,98369.515,0.9526462395543176,,0.0
2023-08-29,17.09,17.509999999999998,17.59,17.07,36362.0,66343.303,0.9537037037037036,,0.0
2023-08-30,17.45,17.41,17.65,17.36,28882.43,52968.729,0.9534501642935376,,0.0
2023-08-31,17.349999999999998,17.669999999999998,17.799999999999997,17.16,46151.23,85038.746,0.9541036717062634,,0.0
2023-09-01,17.45,17.32,17.549999999999997,17.259999999999998,26360.33,47954.583,0.953219592735278,,0.0
2023-09-04,17.349999999999998,17.459999999999997,17.459999999999997,17.049999999999997,32187.0,58333.504,0.9535772801747678,,0.0
2023-09-05,17.43,17.15,17.54,17.09,32564.32,58970.153,0.9527777777777776,,0.0
2023-09-06,17.15,16.939999999999998,17.15,16.919999999999998,30462.99,54301.219,0.952220348510399,,0.0
2023-09-07,16.99,16.639999999999997,17.0,16.63,28576.0,50339.101,0.9514008004574042,,0.0
2023-09-08,16.58,16.529999999999998,16.72,16.479999999999997,18912.0,32998.526,0.9510932105868812,,0.0
2023-09-11,16.549999999999997,16.849999999999998,16.979999999999997,16.549999999999997,26279.0,46478.229,0.9519774011299434,,0.0
2023-09-12,16.849999999999998,17.2,17.369999999999997,16.799999999999997,51099.19,92019.619,0.9529085872576176,,0.0
2023-09-13,17.139999999999997,17.009999999999998,17.25,16.919999999999998,28401.13,50847.809,0.9524076147816348,,0.0
2023-09-14,16.95,17.08,17.229999999999997,16.869999999999997,24189.0,43313.389,0.9525934188510876,,0.0
2023-09-15,17.09,17.419999999999998,17.52,17.029999999999998,42030.39,76431.617,0.9534756431308156,,0.0
2023-09-18,17.41,17.759999999999998,17.77,17.279999999999998,42719.5,78547.731,0.954325631380978,,0.0
2023-09-19,18.26,17.7,19.03,17.59,138082.51,265192.924,0.954177897574124,,0.0
2023-09-20,17.32,17.33,17.919999999999998,17.31,73308.59,135027.186,0.9532453245324533,,0.0
2023-09-21,17.279999999999998,16.97,17.459999999999997,16.97,50750.0,91509.325,0.9523007856341188,,0.0
2023-09-22,16.959999999999997,17.4,17.479999999999997,16.84,56789.89,102275.708,0.9534246575342464,,0.0
2023-09-25,17.25,18.69,19.05,17.25,169313.77,326033.027,0.9564994882292732,,0.0
2023-09-26,18.45,18.18,18.54,18.14,74570.74,143037.309,0.955333683657383,,0.0
2023-09-27,18.14,18.32,18.46,18.13,54053.24,103580.586,0.95565988523735,,0.0
2023-09-28,18.32,18.0,18.39,17.889999999999997,52781.97,99892.109,0.9549071618037136,,0.0
2023-10-09,17.799999999999997,17.939999999999998,18.11,17.479999999999997,40950.66,76310.417,0.9547631718999467,,0.0
2023-10-10,17.95,17.43,18.0,17.27,55272.78,101523.027,0.9535010940919036,,0.0
2023-10-11,17.509999999999998,17.95,18.45,17.45,66274.19,125314.725,0.9547872340425532,,0.0
2023-10-12,18.15,18.25,18.45,17.95,49665.28,94805.233,0.9554973821989527,,0.0
2023-10-13,18.31,18.56,18.77,18.07,69577.9,134998.12,0.9562081401339516,,0.0
2023-10-16,19.07,18.28,19.21,18.12,67471.07,131315.56,0.9555671719811814,,0.0
2023-10-17,18.22,17.95,18.31,17.779999999999998,48187.0,90524.686,0.9547872340425532,,0.0
2023-10-18,17.779999999999998,17.459999999999997,17.919999999999998,17.38,40322.0,74390.929,0.9535772801747678,,0.0
2023-10-19,17.459999999999997,16.779999999999998,17.549999999999997,16.729999999999997,53655.78,95679.778,0.9517867271695972,,0.0
2023-10-20,16.65,15.77,16.81,15.68,83652.38,141066.12,0.9488567990373044,,0.0
2023-10-23,15.72,15.4,15.77,15.28,41487.28,67744.973,0.9476923076923076,,0.0
2023-10-24,15.48,15.71,15.87,15.38,37086.08,61018.914,0.9486714975845412,,0.0
2023-10-25,15.65,15.49,15.79,15.45,47171.54,77533.347,0.9479804161566708,,0.0
2023-10-26,15.42,15.56,15.6,15.19,32124.88,52182.194,0.9482023156611822,,0.0
2023-10-27,15.45,16.799999999999997,16.939999999999998,15.4,95711.05,163884.709,0.951841359773371,,0.0
2023-10-30,16.709999999999997,17.369999999999997,17.479999999999997,16.529999999999998,74497.27,134588.367,0.9533479692645443,,0.0
2023-10-31,17.32,17.549999999999997,17.74,17.15,58313.13,107162.721,0.9538043478260868,,0.0
2023-11-01,17.479999999999997,17.729999999999997,17.84,17.31,47081.0,86793.917,0.9542518837459634,,0.0
2023-11-02,17.729999999999997,17.56,17.849999999999998,17.38,34897.88,64244.077,0.9538294405214556,,0.0
2023-11-03,17.709999999999997,17.52,17.79,17.479999999999997,25214.21,46620.402,0.953728905824714,,0.0
2023-11-06,17.59,17.81,17.919999999999998,17.529999999999998,30819.0,57417.682,0.9544480171489818,,0.0
2023-11-07,17.849999999999998,17.459999999999997,17.95,17.45,41069.0,75657.257,0.9535772801747678,,0.0
2023-11-08,17.459999999999997,17.669999999999998,17.84,17.459999999999997,28376.0,52616.785,0.9541036717062634,,0.0
2023-11-09,17.68,17.32,17.95,17.299999999999997,43274.0,79609.01,0.953219592735278,,0.0
2023-11-10,17.25,17.29,17.509999999999998,17.11,29385.0,53414.366,0.9531422271223814,,0.0
2023-11-13,17.29,17.2,17.389999999999997,17.029999999999998,27691.0,49838.476,0.9529085872576176,,0.0
2023-11-14,17.36,17.25,17.36,17.11,21997.21,39773.948,0.9530386740331492,,0.0
2023-11-15,17.38,17.389999999999997,17.479999999999997,17.27,22856.09,41639.465,0.9533991228070174,,0.0
2023-11-16,17.32,17.16,17.41,17.139999999999997,31663.58,57297.061,0.9528039977790116,,0.0
2023-11-17,17.169999999999998,17.259999999999998,17.33,17.049999999999997,25258.58,45595.316,0.9530646051905024,,0.0
2023-11-20,17.33,17.43,17.439999999999998,17.169999999999998,25774.57,46949.109,0.9535010940919036,,0.0
2023-11-21,17.45,17.5,17.61,17.369999999999997,34908.98,64047.714,0.9536784741144412,,0.0
2023-11-22,17.419999999999998,17.43,17.599999999999998,17.41,25667.35,47088.613,0.9535010940919036,,0.0
2023-11-23,17.43,17.68,17.7,17.43,29574.0,54589.516,0.9541284403669724,,0.0
2023-11-24,17.74,17.77,18.0,17.599999999999998,40900.0,76223.848,0.9543501611170784,,0.0
2023-11-27,17.75,17.18,17.93,17.18,44411.9,80988.875,0.9528563505268997,,0.0
2023-11-28,17.15,17.4,17.419999999999998,16.799999999999997,39024.01,70333.596,0.9534246575342464,,0.0
2023-11-29,17.25,17.18,17.61,17.16,27230.83,49382.733,0.9528563505268997,,0.0
2023-11-30,17.15,17.18,17.229999999999997,16.95,20871.0,37506.27,0.9528563505268997,,0.0
2023-12-01,17.15,17.279999999999998,17.5,17.15,30726.17,55799.521,0.9531163816878102,,0.0
2023-12-04,17.2,16.979999999999997,17.299999999999997,16.979999999999997,28247.63,50677.787,0.9523275378575434,,0.0
2023-12-05,16.91,16.66,17.139999999999997,16.66,31150.09,55109.075,0.9514563106796116,,0.0
2023-12-06,16.66,16.75,16.979999999999997,16.49,27610.03,48493.993,0.9517045454545454,,0.0
2023-12-07,16.66,16.5,16.7,16.45,29973.0,52172.59,0.9510086455331412,,0.0
2023-12-08,16.63,16.419999999999998,16.7,16.419999999999998,22425.14,38991.893,0.950781702374059,,0.0
2023-12-11,16.549999999999997,16.47,16.549999999999997,16.15,27595.03,47386.417,0.9509237875288684,,0.0
2023-12-12,16.49,16.479999999999997,16.61,16.32,20890.0,36095.284,0.9509521061742642,,0.0
2023-12-13,16.5,16.63,16.959999999999997,16.369999999999997,34467.0,60668.044,0.9513729977116704,,0.0
2023-12-14,16.639999999999997,16.5,16.849999999999998,16.479999999999997,20375.0,35662.332,0.9510086455331412,,0.0
2023-12-15,16.52,16.15,16.599999999999998,16.099999999999998,23372.0,40052.475,0.95,,0.0
2023-12-18,16.24,16.07,16.36,15.98,21770.97,36996.142,0.9497635933806146,,0.0
2023-12-19,15.99,16.029999999999998,16.15,15.9,24771.42,41687.576,0.9496445497630333,,0.0
2023-12-20,15.96,15.79,16.15,15.750000000000002,20687.0,34739.352,0.9489182692307692,,0.0
2023-12-21,15.69,15.8,15.86,15.4,25300.0,41711.993,0.948948948948949,,0.0
2023-12-22,15.77,15.6,15.79,15.55,17937.58,29562.666,0.9483282674772036,,0.0
2023-12-25,16.36,15.98,16.65,15.78,73880.67,124908.629,0.9494949494949496,,0.0
2023-12-26,15.98,15.500000000000002,16.27,15.37,58437.58,96713.762,0.9480122324159022,,0.0
2023-12-27,15.45,15.250000000000002,15.52,14.93,59204.25,94879.935,0.9472049689440994,,0.0
2023-12-28,15.19,15.65,15.72,15.0,46355.0,75450.251,0.9484848484848484,,0.0
2023-12-29,15.67,15.81,15.88,15.63,32048.32,53344.148,0.9489795918367347,,0.0
2024-01-02,15.85,15.83,15.97,15.65,27907.88,46535.77,0.9490407673860912,,0.0
2024-01-03,15.71,15.820000000000002,16.049999999999997,15.660000000000002,27250.04,45537.974,0.949010197960408,,0.0
2024-01-04,15.85,15.65,15.85,15.54,21766.13,35869.252,0.9484848484848484,,0.0
2024-01-05,15.65,15.39,15.820000000000002,15.33,22618.04,37068.787,0.9476600985221676,,0.0
2024-01-08,15.33,14.8,15.37,14.78,39746.58,63066.649,0.9456869009584664,,0.0
2024-01-09,14.8,14.78,15.0,14.68,27294.58,42728.911,0.945617402431222,,0.0
2024-01-10,14.74,14.79,14.96,14.53,23169.0,36156.138,0.9456521739130436,,0.0
2024-01-11,14.75,14.98,14.99,14.73,20602.0,32409.316,0.9463044851547694,,0.0
2024-01-12,14.94,14.86,15.11,14.85,14918.0,23591.842,0.9458943348185868,,0.0
2024-01-15,14.76,14.78,14.95,14.68,21299.0,33312.977,0.945617402431222,,0.0
2024-01-16,14.79,14.65,14.87,14.4,25005.64,38597.748,0.9451612903225808,,0.0
2024-01-17,14.64,14.14,14.74,14.13,28429.0,43344.194,0.9432955303535692,,0.0
2024-01-18,13.95,13.88,14.15,13.59,48890.0,71649.363,0.9422946367956552,,0.0
2024-01-19,13.86,13.76,14.04,13.73,27868.53,41039.837,0.9418206707734428,,0.0
2024-01-22,13.76,12.75,13.76,12.67,50952.02,71341.844,0.9375,,0.0
2024-01-23,12.75,12.77,12.84,12.53,41422.21,56081.744,0.9375917767988252,,0.0
2024-01-24,12.82,12.87,13.06,12.38,32005.02,43527.076,0.9380466472303208,,0.0
2024-01-25,13.02,13.61,13.61,12.81,37224.88,52594.806,0.9412171507607192,,0.0
2024-01-26,13.62,13.48,13.82,13.42,30223.0,43699.752,0.9406838799720866,,0.0
2024-01-29,13.53,13.14,13.83,13.1,22234.0,31524.303,0.9392423159399572,,0.0
2024-01-30,13.11,12.61,13.11,12.59,23190.21,31889.675,0.936849925705795,,0.0
2024-01-31,12.57,11.99,12.7,11.98,41691.0,54832.762,0.9338006230529596,,0.0
2024-02-01,11.98,11.82,12.18,11.65,42439.02,54000.232,0.9329123914759274,,0.0
2024-02-02,11.77,11.02,11.99,10.56,57428.9,69438.204,0.928390901432182,,0.0
2024-02-05,11.03,10.91,11.1,9.98,83554.76,95258.17,0.9277210884353742,,0.0
2024-02-06,10.28,11.78,12.12,10.28,83162.32,100414.76,0.9326999208234364,,0.0
2024-02-07,11.87,12.41,12.69,11.73,76077.72,100202.267,0.935897435897436,,0.0
2024-02-08,12.46,13.58,13.89,12.38,90389.28,128694.614,0.9410949410949412,,0.0
2024-02-19,13.58,13.05,13.83,12.8,74840.73,104630.348,0.9388489208633094,,0.0
2024-02-20,13.03,13.12,13.3,12.76,37860.5,52720.272,0.9391553328561204,,0.0
2024-02-21,13.12,13.15,13.5,12.92,50502.55,71363.899,0.9392857142857144,,0.0
2024-02-22,13.06,13.19,13.23,13.0,30945.0,43220.574,0.9394586894586896,,0.0
2024-02-23,13.12,13.35,13.36,13.01,31818.44,44641.598,0.9401408450704224,,0.0
2024-02-26,13.35,13.37,13.53,13.17,37061.82,52592.357,0.940225035161744,,0.0
2024-02-27,13.4,13.72,13.72,13.23,36540.0,52340.999,0.9416609471516816,,0.0
2024-02-28,13.85,13.41,14.38,13.41,75175.0,111240.879,0.9403927068723704,,0.0
2024-02-29,13.39,13.66,13.8,13.33,41013.0,58999.306,0.9414197105444522,,0.0
2024-03-01,13.67,14.46,14.54,13.48,117803.25,177391.439,0.9444807315480078,,0.0
2024-03-04,14.5,15.1,15.13,14.46,88801.56,139055.185,0.9467084639498432,,0.0
2024-03-05,14.95,14.75,14.95,14.41,70978.98,110136.048,0.9455128205128204,,0.0
2024-03-06,14.75,14.98,15.38,14.73,61561.3,98114.943,0.9463044851547694,,0.0
2024-03-07,14.99,14.55,15.12,14.53,41145.59,64370.031,0.9448051948051948,,0.0
2024-03-08,14.55,14.53,14.71,14.34,24401.38,37464.798,0.9447334200260078,,0.0
2024-03-11,14.58,14.85,14.87,14.38,25010.13,38638.156,0.945859872611465,,0.0
2024-03-12,14.81,15.05,15.13,14.75,42743.8,67803.665,0.9465408805031448,,0.0
2024-03-13,14.9,15.85,16.119999999999997,14.79,73791.57,120542.482,0.9491017964071856,,0.0
2024-03-14,16.06,15.55,16.2,15.35,46468.2,76904.431,0.9481707317073172,,0.0
2024-03-15,15.51,15.840000000000002,15.85,15.38,31725.76,52407.184,0.9490713001797484,,0.0
2024-03-18,15.85,16.04,16.049999999999997,15.55,35783.03,59707.08,0.9496743635287151,,0.0
2024-03-19,16.04,16.0,16.15,15.840000000000002,35550.9,59845.597,0.9495548961424332,,0.0
2024-03-20,15.87,16.06,16.139999999999997,15.86,40308.0,68083.838,0.9497338852749851,,0.0
2024-03-21,16.139999999999997,15.910000000000002,16.16,15.840000000000002,29142.17,48974.766,0.9492840095465394,,0.0
2024-03-22,15.87,15.500000000000002,15.910000000000002,15.45,52596.05,86527.482,0.9480122324159022,,0.0
2024-03-25,15.4,15.13,15.64,15.1,30765.13,49985.824,0.946808510638298,,0.0
2024-03-26,15.1,15.07,15.33,14.85,26002.71,41307.072,0.9466080402010052,,0.0
2024-03-27,15.11,14.71,15.2,14.7,48987.47,77035.256,0.9453727506426736,,0.0
2024-03-28,14.68,14.99,15.15,14.54,33251.37,52435.679,0.946338383838384,,0.0
2024-03-29,16.15,14.54,16.15,14.36,172437.5,272683.008,0.9447693307342432,,0.0
2024-04-01,14.77,15.68,15.85,14.66,155096.61,249866.143,0.9485783424077436,,0.0
2024-04-02,15.62,15.81,15.88,15.17,90483.13,147862.402,0.9489795918367347,,0.0
2024-04-03,15.64,15.61,15.89,15.37,52842.9,87367.634,0.948359659781288,,0.0
2024-04-08,15.54,15.07,15.63,15.05,44641.01,71686.759,0.9466080402010052,,0.0
2024-04-09,14.95,15.660000000000002,15.750000000000002,14.95,46643.0,75851.529,0.9485160508782556,,0.0
2024-04-10,15.64,15.42,15.71,15.28,41436.88,67602.381,0.9477566072526122,,0.0
2024-04-11,15.17,15.48,15.81,15.17,37005.07,60799.416,0.9479485609308024,,0.0
2024-04-12,15.340000000000002,15.28,15.51,15.14,34986.04,56462.679,0.9473031618102914,,0.0
2024-04-15,15.08,14.92,15.33,14.67,51733.0,81709.357,0.9461001902346228,,0.0
2024-04-16,14.92,13.96,15.1,13.96,65661.49,99636.269,0.9426063470627954,,0.0
2024-04-17,14.13,14.31,14.77,14.13,58582.28,89519.061,0.9439313984168866,,0.0
2024-04-18,14.29,14.36,14.62,14.07,39615.0,60320.81,0.9441157133464826,,0.0
2024-04-19,14.13,14.35,14.55,14.04,34505.0,52311.727,0.9440789473684212,,0.0
2024-04-22,14.13,14.43,14.65,14.11,35156.01,53844.981,0.9443717277486912,,0.0
2024-04-23,14.39,14.61,14.83,14.36,37761.05,58543.753,0.945019404915912,,0.0
2024-04-24,14.64,14.77,14.77,14.42,31448.0,48558.48,0.9455825864276568,,0.0
2024-04-25,14.8,15.36,15.51,14.77,67661.01,109329.801,0.947563232572486,,0.0
2024-04-26,15.340000000000002,15.660000000000002,15.69,15.19,55681.9,91008.397,0.9485160508782556,,0.0
2024-04-29,15.85,16.33,16.4,15.73,88435.48,149822.262,0.9505238649592548,,0.0
2024-04-30,16.33,17.97,18.04,16.169999999999998,246731.35,450467.173,0.9548352816153028,,0.0
2024-05-06,19.1,18.6,19.65,18.18,409259.94,799844.949,0.9562982005141388,,0.0
2024-05-07,18.67,18.2,18.73,17.66,277964.3,525172.807,0.9553805774278216,,0.0
2024-05-08,18.26,18.64,19.09,18.15,317590.44,613323.126,0.96630378434422,,0.0
2024-05-09,18.05,17.89,18.520000000000003,17.55,257891.38,482016.815,0.964940668824164,,0.0
2024-05-10,18.130000000000003,17.62,18.770000000000003,17.470000000000002,255922.53,481471.064,0.9644225506294472,,0.0
2024-05-13,17.490000000000002,17.21,18.06,17.16,187662.0,342469.003,0.9636058230683092,,0.0
2024-05-14,17.130000000000003,17.3,17.66,17.040000000000003,128911.0,232588.14,0.9637883008356548,,0.0
2024-05-15,17.12,17.16,17.42,16.85,92300.0,163913.385,0.9635036496350364,,0.0
2024-05-16,16.970000000000002,16.85,17.270000000000003,16.68,102534.15,179973.254,0.962857142857143,,0.0
2024-05-17,16.75,16.84,17.0,16.630000000000003,79282.72,138568.277,0.9628359062321328,,0.0
2024-05-20,16.8,17.03,17.14,16.610000000000003,83916.31,147823.969,0.9632352941176472,,0.0
2024-05-21,16.900000000000002,16.75,17.01,16.48,80606.5,139525.909,0.9626436781609196,,0.0
2024-05-22,16.75,16.520000000000003,16.87,16.43,68531.29,118120.705,0.9621432731508446,,0.0
2024-05-23,16.5,16.07,16.51,16.020000000000003,74440.09,125344.73,0.9611244019138756,,0.0
2024-05-24,16.200000000000003,15.999999999999998,16.37,15.97,64374.38,108214.244,0.960960960960961,,0.0
2024-05-27,16.020000000000003,16.26,16.290000000000003,15.88,59361.0,99334.53,0.9615612063867536,,0.0
2024-05-28,16.270000000000003,15.909999999999998,16.28,15.87,52362.0,87172.429,0.9607487922705312,,0.0
2024-05-29,15.96,15.95,16.05,15.85,38780.02,64370.113,0.960843373493976,,0.0
2024-05-30,15.94,15.929999999999998,16.040000000000003,15.76,34779.0,57636.886,0.9607961399276236,,0.0
2024-05-31,15.95,16.07,16.130000000000003,15.929999999999998,40591.0,67762.916,0.9611244019138756,,0.0
2024-06-03,16.01,15.749999999999998,16.080000000000002,15.62,50457.0,83070.857,0.9603658536585366,,0.0
2024-06-04,15.79,15.679999999999998,15.8,15.409999999999998,61210.18,99363.076,0.9601959583588487,,0.0
2024-06-05,15.679999999999998,15.35,15.73,15.3,40242.0,65091.473,0.959375,,0.0
2024-06-06,15.44,14.78,15.49,14.65,83640.0,130361.017,0.9578742709008424,,0.0
2024-06-07,14.93,15.01,15.17,14.81,44679.0,69930.536,0.958492975734355,,0.0
2024-06-11,14.95,14.99,15.03,14.7,43404.0,67386.95,0.9584398976982096,,0.0
2024-06-12,15.05,15.23,15.48,14.95,52988.0,84301.373,0.9590680100755667,,0.0
2024-06-13,15.18,14.96,15.24,14.9,39235.4,61447.149,0.9583600256245997,,0.0
2024-06-14,14.92,15.01,15.06,14.72,33618.0,52261.394,0.958492975734355,,0.0
2024-06-17,14.83,15.0,15.07,14.82,26324.0,41169.494,0.9584664536741214,,0.0
2024-06-18,15.08,15.05,15.26,14.96,36996.0,58283.074,0.9585987261146496,,0.0
2024-06-19,15.01,14.87,15.14,14.8,31826.0,49554.924,0.9581185567010309,,0.0
2024-06-20,14.87,14.58,15.13,14.55,43392.0,67047.138,0.9573210768220616,,0.0
2024-06-21,14.57,14.68,14.97,14.4,31547.0,48566.195,0.9575994781474232,,0.0
2024-06-24,14.63,14.11,14.7,14.07,49354.0,73666.574,0.9559620596205962,,0.0
2024-06-25,14.11,14.19,14.39,14.1,31472.0,46898.729,0.956199460916442,,0.0
2024-06-26,14.18,14.67,14.69,14.17,35311.0,53318.666,0.9575718015665796,,0.0
2024-06-27,14.62,14.19,14.66,14.16,38026.98,56973.817,0.956199460916442,,0.0
2024-06-28,14.15,14.27,14.54,14.1,34153.92,51369.064,0.9564343163538874,,0.0
2024-07-01,14.13,14.42,14.48,14.0,35191.0,52461.594,0.9568679495686796,,0.0
2024-07-02,14.42,14.34,14.5,14.28,28443.0,42747.161,0.9566377585056705,,0.0
2024-07-03,14.34,14.15,14.4,14.12,24882.0,37025.863,0.956081081081081,,0.0
2024-07-04,14.18,13.71,14.24,13.62,34738.0,50381.062,0.9547353760445684,,0.0
2024-07-05,13.8,14.21,14.25,13.62,43568.0,63813.603,0.9562584118438762,,0.0
2024-07-08,14.34,13.85,14.38,13.81,46842.0,68452.188,0.9551724137931036,,0.0
2024-07-09,13.78,14.0,14.05,13.48,42644.0,61634.05,0.955631399317406,,0.0
2024-07-10,13.93,13.83,14.18,13.77,31922.0,46609.152,0.955110497237569,,0.0
2024-07-11,14.07,14.33,14.42,14.03,44912.98,66959.483,0.9566088117489986,,0.0
2024-07-12,14.36,14.31,14.5,14.29,42964.98,64572.567,0.9565508021390374,,0.0
2024-07-15,13.92,13.72,13.92,13.55,54342.0,77964.323,0.954766875434934,,0.0
2024-07-16,13.77,13.55,13.77,13.44,38825.43,55173.056,0.954225352112676,,0.0
2024-07-17,13.55,13.6,13.71,13.43,27715.0,39446.126,0.9543859649122808,,0.0
2024-07-18,13.52,13.81,13.88,13.38,36139.9,51742.787,0.9550484094052558,,0.0
2024-07-19,13.77,13.76,13.89,13.62,24727.0,35600.083,0.9548924358084664,,0.0
2024-07-22,13.81,13.75,14.0,13.65,26779.0,38700.473,0.954861111111111,,0.0
2024-07-23,13.84,13.25,13.84,13.23,46680.67,65741.231,0.9532374100719424,,0.0
2024-07-24,13.22,13.0,13.33,12.96,39979.0,54949.598,0.9523809523809524,,0.0
2024-07-25,12.91,13.04,13.2,12.86,21462.9,29342.464,0.9525200876552228,,0.0
2024-07-26,13.04,13.12,13.21,13.0,21416.76,29468.397,0.95279593318809,,0.0
2024-07-29,13.12,12.84,13.23,12.78,29561.0,40048.106,0.9518161601186064,,0.0
2024-07-30,12.85,12.94,13.08,12.65,27607.0,37496.651,0.9521707137601176,,0.0
2024-07-31,12.94,13.62,13.65,12.84,43495.0,60959.714,0.9544498948843728,,0.0
2024-08-01,13.62,13.66,13.96,13.52,42174.51,60711.801,0.954577218728162,,0.0
2024-08-02,13.65,13.79,14.1,13.55,48077.0,70057.427,0.9549861495844876,,0.0
2024-08-05,13.69,13.46,14.05,13.46,50744.51,73162.24,0.953933380581148,,0.0
2024-08-06,13.64,14.02,14.02,13.55,50876.0,73541.083,0.9556918882072256,,0.0
2024-08-07,13.83,13.66,14.02,13.59,57362.13,82398.097,0.954577218728162,,0.0
2024-08-08,13.54,13.99,14.2,13.54,84954.52,124476.558,0.9556010928961748,,0.0
2024-08-09,13.92,13.74,14.07,13.7,54988.84,79674.317,0.9548297428769978,,0.0
2024-08-12,13.7,13.99,14.13,13.56,69598.0,101523.405,0.9556010928961748,,0.0
2024-08-13,14.02,13.92,14.07,13.7,48517.84,70215.858,0.9553877831159916,,0.0
2024-08-14,13.85,13.58,13.89,13.48,42231.67,60239.449,0.954321855235418,,0.0
2024-08-15,13.55,13.62,13.83,13.48,36634.48,52408.837,0.9544498948843728,,0.0
2024-08-16,13.62,13.73,13.81,13.39,40742.0,58275.176,0.954798331015299,,0.0
2024-08-19,11.35,11.3,11.88,11.2,268060.65,321897.184,0.9456066945606694,,0.0
2024-08-20,11.25,11.29,11.62,11.23,168185.72,202585.919,0.9455611390284756,,0.0
2024-08-21,11.19,11.43,11.47,11.11,77219.29,92858.152,0.9461920529801324,,0.0
2024-08-22,11.39,11.39,11.5,11.26,67877.3,81650.548,0.9460132890365448,,0.0
2024-08-23,10.68,10.57,11.05,10.29,169511.92,190225.015,0.9420677361853832,,0.0
2024-08-26,10.39,10.28,10.48,10.2,108994.36,119272.271,0.940530649588289,,0.0
2024-08-27,10.3,10.25,10.46,10.19,72864.01,79816.127,0.9403669724770642,,0.0
2024-08-28,10.21,10.54,10.64,10.15,82980.04,92205.71,0.9419124218051832,,0.0
2024-08-29,10.55,10.71,10.8,10.36,61733.49,69802.28,0.942781690140845,,0.0
2024-08-30,10.71,10.97,11.22,10.57,71084.13,82350.105,0.9440619621342512,,0.0
2024-09-02,10.91,10.66,11.08,10.66,57949.5,66512.531,0.942528735632184,,0.0
2024-09-03,10.84,10.81,10.95,10.61,56326.96,64492.278,0.9432809773123908,,0.0
2024-09-04,10.71,10.77,10.92,10.66,42876.13,49079.448,0.9430823117338004,,0.0
2024-09-05,10.76,10.74,10.89,10.69,34736.0,39680.97,0.9429323968393328,,0.0
2024-09-06,10.79,10.54,10.81,10.51,35177.0,39608.895,0.9419124218051832,,0.0
2024-09-09,10.54,10.64,10.8,10.45,35590.0,40230.636,0.9424269264836138,,0.0
2024-09-10,10.65,10.49,10.68,10.33,33459.0,37155.275,0.9416517055655296,,0.0
2024-09-11,10.47,10.55,10.6,10.4,30789.0,34397.92,0.9419642857142856,,0.0
2024-09-12,10.57,10.43,10.72,10.41,33623.0,37628.569,0.941335740072202,,0.0
2024-09-13,10.4,10.34,10.49,10.32,31786.5,35095.046,0.940855323020928,,0.0
2024-09-18,10.33,10.14,10.36,10.0,29776.02,32089.756,0.9397590361445782,,0.0
2024-09-19,10.15,10.38,10.5,10.07,33368.0,36605.88,0.941069809610154,,0.0
2024-09-20,10.38,10.18,10.53,10.1,33429.02,35914.446,0.9487418452935694,,0.0
2024-09-23,10.22,10.32,10.48,10.2,37015.49,40298.531,0.9494020239190432,,0.0
2024-09-24,10.32,10.66,10.7,10.26,77224.02,85580.774,0.9509366636931312,,0.0
2024-09-25,10.83,10.79,11.08,10.77,73784.82,84610.895,0.9514991181657848,,0.0
2024-09-26,10.75,11.26,11.31,10.7,79987.82,92019.971,0.9534292972057578,,0.0
2024-09-27,11.5,11.97,12.33,11.39,134186.99,165790.821,0.956070287539936,,0.0
2024-09-30,12.55,13.59,13.78,12.36,275204.42,375242.215,0.961103253182461,,0.0
2024-10-08,16.25,14.98,16.25,13.85,297886.65,457136.476,0.9645846748229232,,0.0
2024-10-09,14.45,13.45,14.46,13.41,179775.04,261010.497,0.9607142857142856,,0.0
2024-10-10,13.59,13.43,14.12,13.35,112999.0,161086.726,0.9606580829756796,,0.0
2024-10-11,13.4,12.62,13.4,12.43,105107.29,140611.511,0.9582384206529992,,0.0
2024-10-14,12.66,12.79,12.9,12.33,80751.71,106516.727,0.9587706146926536,,0.0
2024-10-15,12.72,12.61,12.91,12.56,86199.73,114489.128,0.9582066869300911,,0.0
2024-10-16,12.59,12.48,12.75,12.39,63074.0,82659.623,0.9577897160399078,,0.0
2024-10-17,12.55,12.32,12.64,12.28,69596.0,90593.746,0.9572649572649572,,0.0
2024-10-18,12.35,12.85,13.14,12.32,106169.28,140565.41,0.958955223880597,,0.0
2024-10-21,12.85,13.17,13.4,12.82,114081.68,156261.592,0.9599125364431488,,0.0
2024-10-22,13.14,13.31,13.39,13.02,80502.0,111058.846,0.9603174603174602,,0.0
2024-10-23,13.25,13.22,13.41,13.13,75839.0,104580.445,0.9600580973129992,,0.0
2024-10-24,13.33,13.32,13.62,13.25,105090.51,146829.941,0.9603460706560922,,0.0
2024-10-25,13.13,13.28,13.39,13.06,111946.49,154150.425,0.960231381055676,,0.0
2024-10-28,13.239999999999998,13.55,13.55,13.12,93301.0,130015.41,0.9609929078014184,,0.0
2024-10-29,13.77,13.03,13.83,12.95,119459.0,165038.813,0.9594992636229748,,0.0
2024-10-30,12.89,12.77,13.07,12.6,77442.88,103524.524,0.9587087087087086,,0.0
2024-10-31,12.75,12.81,12.94,12.71,63442.0,84843.971,0.9588323353293412,,0.0
2024-11-01,12.79,12.47,12.88,12.41,78576.22,103218.899,0.9577572964669738,,0.0
2024-11-04,12.59,12.75,12.75,12.48,55219.33,73020.291,0.9586466165413532,,0.0
2024-11-05,12.75,13.07,13.1,12.64,85543.36,115329.201,0.9596182085168868,,0.0
2024-11-06,13.14,13.1,13.239999999999998,12.96,90257.01,123233.274,0.9597069597069596,,0.0
2024-11-07,13.05,13.41,13.43,12.96,112027.0,155229.549,0.9606017191977076,,0.0
2024-11-08,13.6,13.37,13.75,13.239999999999998,125796.0,175838.78,0.9604885057471264,,0.0
2024-11-11,13.29,13.52,13.53,13.13,120158.04,166778.849,0.96090973702914,,0.0
2024-11-12,13.63,13.85,14.18,13.63,228215.14,330724.272,0.9618055555555556,,0.0
2024-11-13,13.85,13.5,13.89,13.26,123089.04,173153.944,0.9608540925266904,,0.0
2024-11-14,13.489999999999998,13.01,13.489999999999998,12.98,85599.65,117733.019,0.9594395280235988,,0.0
2024-11-15,12.989999999999998,12.77,13.2,12.75,69215.0,93798.361,0.9587087087087086,,0.0
2024-11-18,12.77,12.57,12.97,12.54,68762.02,91219.134,0.9580792682926828,,0.0
2024-11-19,12.65,12.91,12.92,12.55,69468.51,92233.846,0.9591381872213968,,0.0
2024-11-20,12.92,13.14,13.19,12.81,87585.0,119288.309,0.9598246895544192,,0.0
2024-11-21,13.14,13.07,13.23,12.92,54398.2,74149.79,0.9596182085168868,,0.0
2024-11-22,13.03,12.39,13.1,12.36,80123.43,106432.749,0.9574961360123648,,0.0
2024-11-25,12.46,12.61,12.62,12.39,50759.39,66262.215,0.9582066869300911,,0.0
2024-11-26,12.6,12.52,12.87,12.51,44182.0,58418.935,0.9579188982402448,,0.0
2024-11-27,12.51,12.72,12.75,12.28,58723.72,76761.483,0.958553127354936,,0.0
2024-11-28,12.7,12.65,12.78,12.64,57687.52,76470.998,0.9583333333333331,,0.0
2024-11-29,12.65,12.72,12.81,12.53,79579.95,105402.979,0.958553127354936,,0.0
2024-12-02,12.739999999999998,12.95,13.08,12.7,74403.75,100137.753,0.9592592592592591,,0.0
2024-12-03,12.96,12.84,12.989999999999998,12.71,63166.0,84367.01,0.958924570575056,,0.0
2024-12-04,12.81,12.58,12.85,12.48,62297.53,82311.605,0.958111195734958,,0.0
2024-12-05,12.56,12.64,12.65,12.51,51582.0,67751.287,0.9583017437452616,,0.0
2024-12-06,12.6,12.88,12.9,12.55,77225.43,102856.06,0.9590469099032016,,0.0
2024-12-09,12.93,12.989999999999998,13.11,12.82,91378.0,123680.898,0.9593796159527326,,0.0
2024-12-10,13.34,12.98,13.42,12.95,109865.3,150581.864,0.959349593495935,,0.0
2024-12-11,12.98,13.02,13.14,12.97,68021.95,92417.289,0.959469417833456,,0.0
2024-12-12,13.11,13.16,13.32,12.989999999999998,137900.37,188942.8,0.9598832968636032,,0.0
2024-12-13,13.12,12.77,13.12,12.76,142103.96,190448.113,0.9587087087087086,,0.0
2024-12-16,12.739999999999998,12.75,12.9,12.69,65886.53,87787.117,0.9586466165413532,,0.0
2024-12-17,12.739999999999998,12.22,12.81,12.2,104219.54,134755.918,0.9569303054032888,,0.0
2024-12-18,12.25,12.19,12.31,12.13,47782.1,61004.292,0.956828885400314,,0.0
2024-12-19,12.05,12.04,12.12,11.85,65399.87,81965.032,0.9563145353455124,,0.0
2024-12-20,12.03,12.14,12.18,12.0,42517.53,53806.87,0.9566587864460204,,0.0
2024-12-23,12.16,12.57,13.03,12.07,190167.02,249987.503,0.9580792682926828,,0.0
2024-12-24,12.45,12.37,12.57,12.13,125454.43,161214.769,0.9574303405572756,,0.0
2024-12-25,12.3,11.95,12.35,11.87,77251.6,97268.269,0.956,,0.0
2024-12-26,11.9,11.83,12.0,11.79,56091.58,69860.988,0.955573505654281,,0.0
2024-12-27,11.83,11.989999999999998,12.08,11.75,57488.6,71874.707,0.956140350877193,,0.0
2024-12-30,11.94,11.76,11.95,11.73,56813.99,70232.92,0.9553208773354996,,0.0
2024-12-31,11.73,11.45,11.81,11.42,55572.37,67517.65,0.9541666666666666,,0.0
2025-01-02,11.43,11.1,11.6,11.07,47909.5,56986.518,0.9527896995708154,,0.0
2025-01-03,11.2,11.04,11.53,11.0,71927.99,84933.297,0.9525452976704054,,0.0
2025-01-06,11.28,11.72,11.75,11.16,127954.0,154230.477,0.9551752241238792,,0.0
2025-01-07,11.97,11.51,12.0,11.21,112469.0,135117.12,0.9543946932006632,,0.0
2025-01-08,11.4,11.71,12.03,11.35,138671.06,171066.761,0.9551386623164764,,0.0
2025-01-09,11.51,11.36,11.58,11.29,92419.31,110656.142,0.9538203190596136,,0.0
2025-01-10,11.29,10.9,11.36,10.9,77447.25,90165.887,0.9519650655021832,,0.0
2025-01-13,10.8,10.88,10.91,10.54,49240.25,55567.547,0.9518810148731408,,0.0
2025-01-14,10.88,11.17,11.2,10.86,55054.0,63957.554,0.9530716723549488,,0.0
2025-01-15,11.1,11.0,11.15,10.92,42700.0,49380.808,0.9523809523809524,,0.0
2025-01-16,11.0,10.97,11.14,10.9,46342.85,53671.626,0.9522569444444444,,0.0
2025-01-17,11.05,12.04,12.55,10.97,263839.71,327957.076,0.9563145353455124,,0.0
2025-01-20,11.8,12.68,12.93,11.75,273982.5,359688.667,0.9584278155706728,,0.0
2025-01-21,12.62,12.4,12.85,12.17,174324.0,226055.303,0.9575289575289576,,0.0
2025-01-22,12.27,12.57,12.739999999999998,12.14,152832.8,198981.104,0.9580792682926828,,0.0
2025-01-23,12.69,12.77,13.34,12.43,261554.9,349292.722,0.9587087087087086,,0.0
2025-01-24,12.66,12.67,12.88,12.51,151311.66,200002.296,0.95839636913767,,0.0
2025-01-27,12.95,12.18,13.03,12.16,152902.28,199780.893,0.9567949725058916,,0.0
2025-02-05,12.28,12.45,12.5,12.19,97515.95,126017.092,0.9576923076923076,,0.0
2025-02-06,12.45,12.3,12.5,12.16,142174.85,182209.528,0.9571984435797664,,0.0
2025-02-07,12.3,12.73,12.87,12.27,188385.04,249095.843,0.9585843373493976,,0.0
2025-02-10,12.73,12.739999999999998,12.78,12.58,111254.0,147336.578,0.9586155003762228,,0.0
2025-02-11,12.75,12.57,12.78,12.5,106180.0,139520.72,0.9580792682926828,,0.0
2025-02-12,12.489999999999998,12.57,12.63,12.41,88873.24,116073.953,0.9580792682926828,,0.0
2025-02-13,12.58,12.53,12.82,12.52,112208.0,148325.144,0.9579510703363914,,0.0
2025-02-14,12.51,12.71,12.9,12.489999999999998,135587.0,179969.529,0.958521870286576,,0.0
2025-02-17,12.83,12.75,12.98,12.6,146358.78,193184.684,0.9695817490494296,,0.0
2025-02-18,12.79,12.38,12.82,12.32,96476.0,125063.588,0.9687010954616588,,0.0
2025-02-19,12.33,12.63,12.74,12.25,99702.99,129107.808,0.9693016116653876,,0.0
2025-02-20,12.68,13.05,13.1,12.64,177231.77,237333.317,0.9702602230483272,,0.0
2025-02-21,13.15,12.99,13.28,12.79,129484.0,172750.957,0.9701269604182226,,0.0
2025-02-24,12.96,12.98,13.15,12.76,109624.73,145867.328,0.9701046337817638,,0.0
2025-02-25,12.83,12.94,13.19,12.75,90016.08,120112.016,0.970014992503748,,0.0
2025-02-26,12.94,13.07,13.1,12.82,102248.48,136576.352,0.9703043801039346,,0.0
2025-02-27,13.1,13.07,13.11,12.84,89361.0,119609.214,0.9703043801039346,,0.0
2025-02-28,13.0,12.51,13.09,12.46,116384.96,152830.484,0.9690162664601084,,0.0
2025-03-03,12.54,12.66,12.94,12.53,102405.0,134824.576,0.9693721286370596,,0.0
2025-03-04,12.79,13.34,13.45,12.71,235509.52,320827.621,0.9708879184861716,,0.0
2025-03-05,13.25,13.05,13.32,12.93,133751.99,179916.03,0.9702602230483272,,0.0
2025-03-06,13.07,13.15,13.15,12.91,112544.0,151457.663,0.970479704797048,,0.0
2025-03-07,13.08,12.94,13.15,12.87,88986.0,119296.491,0.970014992503748,,0.0
2025-03-10,13.34,14.3,14.6,13.27,431503.56,622360.738,0.9727891156462584,,0.0
2025-03-11,13.98,14.0,14.13,13.62,272178.72,387936.617,0.9722222222222222,,0.0
2025-03-12,15.05,16.880000000000003,16.880000000000003,15.0,833482.87,1400760.096,0.976851851851852,,0.0
2025-03-13,17.6,17.700000000000003,18.59,16.98,862052.43,1554066.306,0.977900552486188,,0.0
2025-03-14,17.700000000000003,18.6,19.26,17.200000000000003,813180.28,1529437.992,0.9789473684210528,,0.0
2025-03-17,18.1,20.790000000000003,20.9,17.51,921874.2,1795785.14,0.9811231713072204,,0.0
2025-03-18,20.6,19.67,20.6,19.41,808826.8,1636285.122,0.9800697558545092,,0.0
2025-03-19,19.610000000000003,19.3,21.1,19.28,742625.66,1511899.738,0.9796954314720812,,0.0
2025-03-20,19.58,18.06,19.770000000000003,17.85,635092.68,1187286.808,0.9783315276273024,,0.0
2025-03-21,18.200000000000003,18.08,18.71,17.48,521863.73,964936.31,0.9783549783549784,,0.0
2025-03-24,18.200000000000003,17.73,18.89,17.200000000000003,483582.38,891438.222,0.9779371207942638,,0.0
2025-03-25,18.35,21.360000000000003,21.360000000000003,18.25,759681.92,1560431.428,0.9816176470588236,,0.0
2025-03-26,22.1,21.08,22.58,20.6,839570.7,1833233.589,0.9813780260707636,,0.0
2025-03-27,20.610000000000003,19.55,21.020000000000003,19.28,669461.27,1356989.952,0.9799498746867168,,0.0
2025-03-28,19.450000000000003,19.39,20.880000000000003,19.31,628380.82,1293348.04,0.9797877716018192,,0.0
2025-03-31,19.19,19.01,20.05,18.48,453452.96,887979.746,0.9793920659453892,,0.0
2025-04-01,19.14,19.65,21.15,18.790000000000003,583160.89,1186757.255,0.9800498753117208,,0.0
2025-04-02,19.92,21.4,21.98,19.25,712366.53,1493483.466,0.9816513761467892,,0.0
2025-04-03,20.21,20.540000000000003,22.82,20.12,877568.02,1905917.679,0.9808978032473736,,0.0
2025-04-07,18.58,16.35,18.78,16.35,474416.02,820208.596,0.9761194029850748,,0.0
2025-04-08,15.82,15.59,16.26,15.0,633849.25,1014289.246,0.9749843652282676,,0.0
2025-04-09,15.0,15.22,15.47,13.71,566145.58,862132.146,0.9743918053777209,,0.0
2025-04-10,16.130000000000003,15.81,17.0,15.749999999999998,555194.71,926466.649,0.975323874151758,,0.0
2025-04-11,15.63,16.12,16.240000000000002,15.5,352496.47,574492.283,0.9757869249394674,,0.0
2025-04-14,16.18,16.05,16.220000000000002,15.81,400906.07,657821.149,0.9756838905775076,,0.0
2025-04-15,16.03,16.37,16.380000000000003,15.47,380807.0,623777.192,0.9761478831246274,,0.0
2025-04-16,16.1,15.85,16.1,15.55,338853.78,547136.284,0.9753846153846154,,0.0
2025-04-17,15.5,15.77,15.8,15.48,229641.41,368951.595,0.9752628324056896,,0.0
2025-04-18,15.659999999999998,15.86,15.88,15.48,229017.78,368683.144,0.97539975399754,,0.0
2025-04-21,15.81,15.82,15.87,15.43,324961.02,522101.311,0.9753390875462392,,0.0
2025-04-22,15.65,15.749999999999998,15.99,15.58,243590.47,393066.294,0.9752321981424148,,0.0
2025-04-23,15.87,16.200000000000003,16.94,15.83,604633.41,1019798.034,0.9759036144578314,,0.0
2025-04-24,16.200000000000003,16.48,16.970000000000002,16.18,497023.78,842722.964,0.9763033175355452,,0.0
2025-04-25,17.040000000000003,15.92,17.3,15.92,502166.21,857439.784,0.9754901960784312,,0.0
2025-04-28,15.5,15.23,15.8,15.02,366067.6,573649.512,0.9744081893793984,,0.0
2025-04-29,14.71,14.9,15.1,14.34,257164.41,390919.188,0.9738562091503268,,0.0
2025-04-30,14.9,15.3,15.74,14.67,308413.41,480632.831,0.9745222929936306,,0.0
2025-05-06,15.4,16.770000000000003,16.990000000000002,15.4,476702.0,804337.515,0.976703552708212,,0.0
2025-05-07,17.0,16.720000000000002,17.39,16.39,283873.97,487719.373,0.9766355140186916,,0.0
2025-05-08,17.12,16.860000000000003,17.150000000000002,16.520000000000003,266194.0,459990.99,0.976825028968714,,0.0
2025-05-09,16.970000000000002,16.630000000000003,17.040000000000003,16.34,227628.0,387460.938,0.97651203758074,,0.0
2025-05-12,16.71,16.380000000000003,16.880000000000003,16.18,239245.01,403439.612,0.9761620977353994,,0.0
2025-05-13,16.55,16.62,17.380000000000003,16.35,290808.78,498355.41,0.9764982373678026,,0.0
2025-05-14,16.76,16.64,16.93,16.39,224756.0,378611.878,0.985198342214328,,0.0
2025-05-15,16.53,16.99,17.26,16.2,443617.31,758440.456,0.9854988399071926,,0.0
2025-05-16,16.93,16.39,16.93,16.03,422353.93,700264.794,0.9849759615384616,,0.0
2025-05-19,16.25,15.64,16.25,15.34,335818.95,533875.711,0.9842668344870988,,0.0
2025-05-20,15.57,16.34,16.45,15.55,332479.97,544828.481,0.9849306811332128,,0.0
2025-05-21,16.15,16.14,16.7,16.02,276157.02,458225.298,0.9847467968273338,,0.0
2025-05-22,15.77,15.52,15.95,15.51,212369.0,338282.223,0.984147114774889,,0.0
2025-05-23,15.5,15.31,15.88,15.27,189424.0,300597.202,0.9839331619537276,,0.0
2025-05-26,15.25,15.07,15.41,14.87,154126.0,235647.203,0.9836814621409922,,0.0
2025-05-27,15.02,15.47,15.64,14.97,166548.11,258410.163,0.9840966921119592,,0.0
2025-05-28,15.45,15.21,15.6,15.19,108565.0,169136.345,0.983829236739974,,0.0
2025-05-29,15.15,15.61,15.78,15.07,166637.8,263772.342,0.9842370744010088,,0.0
2025-05-30,15.62,15.23,15.89,15.21,188970.0,298217.224,0.9838501291989664,,0.0
2025-06-03,15.05,16.32,16.54,14.96,380943.95,624033.651,0.9849124924562462,,0.0
2025-06-04,16.16,16.91,17.22,15.95,388538.78,651940.013,0.9854312354312356,,0.0
2025-06-05,16.91,16.56,16.92,16.26,274928.18,462211.712,0.9851279000594884,,0.0
2025-06-06,16.41,16.39,16.59,16.27,171199.6,284643.542,0.9849759615384616,,0.0
2025-06-09,16.4,16.58,16.9,16.26,247404.4,419104.222,0.9851455733808676,,0.0
2025-06-10,16.53,16.29,16.7,16.05,218070.0,363189.831,0.9848851269649336,,0.0
2025-06-11,16.2,16.67,17.13,16.17,358794.0,608272.393,0.985224586288416,,0.0
2025-06-12,16.63,16.6,16.92,16.46,204968.0,345337.196,0.9851632047477744,,0.0
2025-06-13,16.45,15.760000000000002,16.59,15.65,228016.02,370414.731,0.9843847595252968,,0.0
2025-06-16,15.65,15.78,16.1,15.57,117420.0,189045.87,0.9844042420461634,,0.0
2025-06-17,15.95,15.62,16.21,15.58,178051.99,286711.771,0.984247006931317,,0.0
2025-06-18,15.5,15.43,15.62,15.19,146442.0,229151.225,0.9840561224489796,,0.0
2025-06-19,15.41,14.92,15.56,14.9,127363.0,195858.257,0.983520105471325,,0.0
2025-06-20,14.92,15.02,15.09,14.79,103535.0,157520.632,0.9836280288146692,,0.0
2025-06-23,14.89,15.42,15.7,14.79,189662.0,294031.647,0.9840459476707084,,0.0
2025-06-24,15.37,15.63,15.64,15.35,125787.0,198163.041,0.9842569269521412,,0.0
2025-06-25,15.55,15.46,15.61,15.28,143502.5,224754.271,0.9840865690642904,,0.0
2025-06-26,15.41,15.15,15.48,15.15,112954.0,175600.413,0.9837662337662336,,0.0
2025-06-27,15.37,16.77,18.15,15.25,648413.19,1101991.08,0.9853113983548766,,0.0
2025-06-30,16.69,16.77,17.0,16.55,340390.84,578796.03,0.9853113983548766,,0.0
2025-07-01,16.79,17.03,17.08,16.57,328147.0,561087.157,0.9855324074074074,,0.0
2025-07-02,16.91,16.62,17.12,16.48,214791.74,364350.707,0.9851807943094252,,0.0
2025-07-03,16.61,16.71,16.84,16.5,147306.0,249658.129,0.985259433962264,,0.0
2025-07-04,16.7,16.49,16.82,16.45,154766.0,260894.071,0.9850657108721624,,0.0
2025-07-07,16.46,16.31,16.65,16.25,110782.72,184273.7,0.984903381642512,,0.0
2025-07-08,16.31,16.4,16.75,16.26,138419.0,231917.958,0.984984984984985,,0.0
2025-07-09,16.3,16.34,16.55,16.13,127271.52,211276.602,0.9849306811332128,,0.0
2025-07-10,16.35,16.64,16.95,16.2,251706.58,426029.826,0.985198342214328,,0.0
2025-07-11,16.64,16.63,16.89,16.46,194255.0,328787.883,0.9851895734597156,,0.0
2025-07-14,16.63,16.69,16.78,16.46,128589.19,216640.98,0.985242030696576,,0.0
2025-07-15,16.65,16.35,16.7,16.14,158279.0,262200.889,0.9849397590361446,,0.0
2025-07-16,16.35,17.06,17.11,16.3,346544.85,593375.668,0.9855574812247256,,0.0
2025-07-17,16.93,17.12,17.12,16.77,225690.28,389468.917,0.985607369027058,,0.0
2025-07-18,17.12,18.75,19.45,16.98,705335.86,1300179.091,0.986842105263158,,0.0
2025-07-21,18.07,18.14,18.24,17.64,486351.75,886023.561,0.9864056552474172,,0.0
2025-07-22,18.14,17.85,18.54,17.77,350303.02,642463.655,0.9861878453038674,,0.0
2025-07-23,17.52,17.43,17.92,17.41,254742.0,454479.297,0.9858597285067874,,0.0
2025-07-24,17.44,17.76,18.15,17.43,260957.5,471797.891,0.98611882287618,,0.0
2025-07-25,17.81,17.56,18.06,17.55,206255.24,371679.842,0.9859629421673216,,0.0
2025-07-28,17.56,18.11,18.36,17.56,266871.47,487533.049,0.9863834422657952,,0.0
2025-07-29,18.67,18.27,18.72,18.11,321932.0,599754.737,0.9865010799136068,,0.0
2025-07-30,18.07,18.05,18.64,17.76,302622.3,559685.45,0.9863387978142076,,0.0
2025-07-31,18.07,18.31,18.6,17.84,302273.01,561007.322,0.9865301724137931,,0.0
2025-08-01,18.3,18.5,18.68,17.99,300780.15,560877.721,0.9866666666666668,,0.0
2025-08-04,18.27,18.22,18.28,17.62,255528.54,464093.628,0.9864645370871684,,0.0
2025-08-05,18.08,18.15,18.63,18.02,194604.56,359935.339,0.9864130434782608,,0.0
2025-08-06,18.15,17.82,18.25,17.76,215598.81,391915.557,0.9861649142224682,,0.0
2025-08-07,17.87,18.08,18.94,17.81,279051.81,517833.082,0.9863611565739224,,0.0
2025-08-08,17.85,17.53,18.01,17.4,239532.92,426806.572,0.9859392575928008,,0.0
2025-08-11,17.5,18.89,19.54,17.46,579726.23,1091496.601,0.9869383490073144,,0.0
2025-08-12,18.91,18.54,19.3,18.47,306153.36,579484.064,0.986695050558808,,0.0
2025-08-13,18.6,18.33,18.63,18.12,257179.11,477510.531,0.9865446716899892,,0.0
2025-08-14,18.3,17.76,18.36,17.7,227121.62,413467.047,0.98611882287618,,0.0
2025-08-15,17.8,18.0,18.03,17.78,193411.1,351779.719,0.9863013698630136,,0.0
2025-08-18,18.05,18.29,18.29,17.9,215991.1,397443.519,0.9865156418554476,,0.0
2025-08-19,18.31,18.19,18.82,18.14,316157.86,592372.464,0.9864425162689804,,0.0
2025-08-20,18.05,17.89,18.12,17.57,251116.42,453749.193,0.986218302094818,,0.0
2025-08-21,17.71,17.53,17.83,17.33,265552.87,474377.632,0.9859392575928008,,0.0
2025-08-22,17.55,18.44,18.52,17.55,472066.03,874005.616,0.9866238630283574,,0.0
2025-08-25,18.68,19.36,19.65,18.63,455020.97,890757.762,0.987251402345742,,0.0
2025-08-26,19.25,19.59,20.12,18.75,329982.32,653569.309,0.9873991935483872,,0.0
2025-08-27,19.51,19.06,20.33,19.04,305951.77,611971.518,0.9870533402382186,,0.0
2025-08-28,19.06,18.87,19.32,18.27,272075.12,518222.894,0.9869246861924686,,0.0
2025-08-29,19.26,18.9,20.2,18.87,306127.53,599878.199,0.9869451697127938,,0.0
2025-09-01,19.05,19.49,19.85,18.88,279723.98,553958.838,0.9873353596757852,,0.0
2025-09-02,19.31,19.19,19.48,18.67,228042.22,439034.388,0.9871399176954732,,0.0
2025-09-03,19.23,18.52,19.39,18.45,178871.52,342342.213,0.986680873734683,,0.0
2025-09-04,18.59,18.68,19.38,18.31,222900.0,427008.592,0.9867934495509773,,0.0
2025-09-05,18.71,19.21,19.28,18.23,226035.88,432888.124,0.987153134635149,,0.0
2025-09-08,19.15,20.58,20.85,19.08,452018.06,934459.338,0.9879980796927508,,0.0
2025-09-09,20.58,21.11,22.22,20.52,335137.54,726798.63,0.9882958801498128,,0.0
2025-09-10,20.92,20.62,21.55,20.55,166301.71,351117.209,0.9880210828941064,,0.0
2025-09-11,20.52,20.07,20.55,19.83,203840.25,413762.663,0.9876968503937008,,0.0
2025-09-12,20.23,19.95,20.27,19.8,171312.0,347446.696,0.9876237623762376,,0.0
2025-09-15,19.95,19.8,20.04,19.66,156206.0,314292.834,0.9875311720698254,,0.0
2025-09-16,19.74,19.62,19.85,19.25,150775.02,297777.327,0.9874182184197282,,0.0
2025-09-17,19.64,19.55,19.74,19.41,128230.31,252792.784,0.9923857868020304,,0.0
2025-09-18,19.55,19.130000000000003,19.68,18.84,210583.33,408874.489,0.9922199170124482,,0.0
2025-09-19,19.23,20.03,20.040000000000003,18.93,269123.4,529327.652,0.9925668979187316,,0.0
2025-09-22,19.96,19.32,19.96,19.26,174570.13,342394.511,0.9922958397534668,,0.0
2025-09-23,19.200000000000003,18.950000000000003,19.540000000000003,18.880000000000003,120673.97,232306.363,0.9921465968586388,,0.0
2025-09-24,19.040000000000003,19.35,19.57,18.91,111714.65,217132.676,0.9923076923076924,,0.0
2025-09-25,19.33,19.3,19.67,19.110000000000003,101335.94,197344.982,0.9922879177377892,,0.0
2025-09-26,19.130000000000003,18.76,19.130000000000003,18.610000000000003,98619.21,186743.336,0.9920676890534108,,0.0
2025-09-29,18.71,17.91,18.76,17.76,150805.39,274785.454,0.9916943521594686,,0.0
2025-09-30,17.93,18.450000000000003,18.84,17.93,125100.47,233107.533,0.991935483870968,,0.0
2025-10-09,18.53,18.28,18.64,18.23,97444.45,180630.158,0.9918610960390668,,0.0
2025-10-10,18.200000000000003,18.69,19.09,18.01,134285.03,253222.161,0.9920382165605096,,0.0
2025-10-13,18.200000000000003,18.39,18.6,17.950000000000003,118794.0,217321.384,0.9919093851132686,,0.0
2025-10-14,18.35,17.130000000000003,18.56,17.110000000000003,197870.98,352643.838,0.9913194444444444,,0.0
2025-10-15,17.150000000000002,17.53,17.580000000000002,16.75,97458.63,169323.37,0.9915158371040724,,0.0
2025-10-16,17.41,17.110000000000003,17.66,17.07,62748.98,109658.63,0.9913093858632678,,0.0
2025-10-17,17.150000000000002,16.46,17.28,16.360000000000003,108271.94,182498.64,0.9909692956050572,,0.0
2025-10-20,16.59,16.580000000000002,16.68,16.44,51773.0,86416.511,0.9910340705319786,,0.0
2025-10-21,16.64,16.98,17.060000000000002,16.450000000000003,82737.42,140529.187,0.9912434325744308,,0.0
2025-10-22,16.85,16.85,17.130000000000003,16.8,57660.0,98433.75,0.9911764705882352,,0.0
2025-10-23,16.82,16.71,16.880000000000003,16.43,55817.95,93370.427,0.9911032028469752,,0.0
2025-10-24,16.720000000000002,16.92,17.040000000000003,16.67,64161.95,108983.185,0.9912126537785588,,0.0
2025-10-27,16.71,17.14,17.310000000000002,16.67,92219.24,159244.988,0.9913244650086755,,0.0
2025-10-28,17.16,17.060000000000002,17.3,16.970000000000002,61291.0,105927.554,0.991284137129576,,0.0
2025-10-29,17.040000000000003,16.91,17.200000000000003,16.84,69706.3,119422.049,0.9912075029308324,,0.0
2025-10-30,16.94,16.650000000000002,16.94,16.64,57813.49,97608.653,0.9910714285714286,,0.0
2025-10-31,16.720000000000002,17.35,17.43,16.66,117712.87,203936.947,0.9914285714285715,,0.0
2025-11-03,17.32,17.5,17.540000000000003,17.16,80576.1,141188.685,0.991501416430595,,0.0
2025-11-04,17.450000000000003,17.310000000000002,17.520000000000003,17.18,54147.35,94580.71,0.9914089347079038,,0.0
2025-11-05,17.21,17.37,17.48,17.130000000000003,55885.11,97925.105,0.9914383561643836,,0.0
2025-11-06,17.330000000000002,17.080000000000002,17.43,17.060000000000002,67739.06,117146.083,0.9912942542077772,,0.0
2025-11-07,17.09,16.990000000000002,17.23,16.93,55217.11,94958.152,0.9912485414235708,,0.0
2025-11-10,16.970000000000002,17.270000000000003,17.290000000000003,16.970000000000002,51252.1,88913.457,0.9913892078071184,,0.0
2025-11-11,17.3,17.43,17.540000000000003,17.220000000000002,68076.0,119635.775,0.991467576791809,,0.0
2025-11-12,17.5,17.46,17.59,17.32,61907.05,108886.203,0.991482112436116,,0.0
2025-11-13,17.42,17.540000000000003,17.6,17.25,62894.82,110978.849,0.99152063312606,,0.0
2025-11-14,17.44,17.700000000000003,17.92,17.360000000000003,88470.0,158379.864,0.9915966386554622,,0.0
2025-11-17,18.020000000000003,17.450000000000003,18.020000000000003,17.39,86080.84,152978.21,0.9914772727272728,,0.0
2025-11-18,17.37,17.1,17.57,17.07,66445.5,115627.698,0.991304347826087,,0.0
2025-11-19,17.14,16.75,17.25,16.6,78359.04,132959.397,0.9911242603550297,,0.0
2025-11-20,16.790000000000003,16.69,16.970000000000002,16.540000000000003,57770.62,97496.11,0.9910926365795726,,0.0
2025-11-21,16.6,15.909999999999998,16.720000000000002,15.87,81388.0,132803.453,0.9906600249066002,,0.0
2025-11-24,16.23,16.26,16.39,16.110000000000003,48986.0,80333.938,0.9908592321755028,,0.0
2025-11-25,16.44,16.720000000000002,16.790000000000003,16.28,53375.0,89443.904,0.991108476585655,,0.0
2025-11-26,16.720000000000002,16.84,17.540000000000003,16.700000000000003,109687.19,189694.86,0.9911712772218954,,0.0
2025-11-27,17.03,16.830000000000002,17.05,16.69,54323.0,92090.896,0.991166077738516,,0.0
2025-11-28,16.66,16.700000000000003,16.82,16.57,50936.11,85610.656,0.9910979228486648,,0.0
2025-12-01,16.700000000000003,16.68,16.810000000000002,16.64,34129.01,57568.033,0.9910873440285206,,0.0
2025-12-02,16.650000000000002,16.35,16.68,16.310000000000002,36399.0,60318.627,0.990909090909091,,0.0
2025-12-03,16.330000000000002,16.48,16.62,16.18,50171.0,83161.825,0.9909801563439568,,0.0
2025-12-04,16.46,16.040000000000003,16.470000000000002,16.040000000000003,57510.22,93772.661,0.990735021618283,,0.0
2025-12-05,16.060000000000002,16.130000000000003,16.200000000000003,15.82,39761.75,64181.076,0.9907862407862408,,0.0
2025-12-08,16.130000000000003,16.12,16.240000000000002,16.07,29558.0,48156.85,0.990780577750461,,0.0
2025-12-09,16.12,15.61,16.150000000000002,15.61,70263.88,112212.011,0.990482233502538,,0.0
2025-12-10,15.61,15.48,15.7,15.35,53409.15,83468.757,0.9904030710172744,,0.0
2025-12-11,15.51,15.08,15.54,15.05,62906.91,96829.152,0.990151017728168,,0.0
2025-12-12,15.23,14.58,15.28,14.49,118165.56,175890.482,0.989816700610998,,0.0
2025-12-15,14.55,14.69,14.94,14.25,81167.13,120162.439,0.9898921832884096,,0.0
2025-12-16,14.7,14.26,14.74,14.19,76891.0,111388.009,0.989590562109646,,0.0
2025-12-17,14.15,14.31,14.4,13.94,71557.0,102386.771,0.9896265560165974,,0.0
2025-12-18,14.2,14.34,14.57,14.15,55282.98,80373.167,0.989648033126294,,0.0
2025-12-19,14.4,14.36,14.48,14.22,78860.0,114283.846,0.9896623018607856,,0.0
2025-12-22,14.4,14.25,14.43,14.18,62240.0,89945.939,0.9895833333333331,,0.0
2025-12-23,14.25,13.94,14.31,13.93,60650.0,86270.023,0.9893541518807664,,0.0
2025-12-24,13.84,14.04,14.06,13.72,75844.26,106571.069,0.9894291754756872,,0.0
2025-12-25,14.07,14.14,14.17,13.94,48087.7,68412.416,0.9895031490552834,,0.0
2025-12-26,14.35,14.14,14.45,14.05,69915.7,100361.247,0.9895031490552834,,0.0
2025-12-29,14.12,14.02,14.12,13.86,64913.35,91976.907,0.9894142554693012,,0.0
2025-12-30,14.05,13.87,14.05,13.73,62326.44,87403.236,0.9893009985734664,,0.0
2025-12-31,13.93,13.84,14.0,13.76,44357.4,62079.073,0.98927805575411,,0.0
2026-01-05,13.84,14.22,14.25,13.84,86570.75,123768.368,0.9895615866388308,,0.0
2026-01-06,14.26,14.33,14.33,14.13,69817.41,100562.813,0.9896408839779004,,0.0
2026-01-07,14.26,14.25,14.37,14.14,75056.07,108290.218,0.9895833333333331,,0.0
2026-01-08,14.25,14.64,14.74,14.25,120954.37,178182.602,0.9898580121703854,,0.0
2026-01-09,14.62,14.73,14.76,14.56,107305.87,159048.033,0.9899193548387096,,0.0
2026-01-12,14.83,14.95,15.11,14.76,127193.92,192366.564,0.9900662251655628,,0.0
2026-01-13,14.98,15.44,15.909999999999998,14.98,243226.71,381549.471,0.9903784477228992,,0.0
2026-01-14,15.44,15.52,15.909999999999998,15.06,215725.77,340391.963,0.990427568602425,,0.0
2026-01-15,15.52,15.41,15.76,15.33,114766.18,179675.775,0.9903598971722364,,0.0
2026-01-16,15.45,15.05,15.51,15.01,102589.63,157023.475,0.9901315789473684,,0.0
2026-01-19,15.03,15.17,15.17,14.89,76960.66,116777.546,0.9902088772845952,,0.0
2026-01-20,15.16,14.92,15.24,14.88,71979.25,109007.022,0.9900464499004644,,0.0
2026-01-21,14.87,15.52,15.75,14.81,147802.35,228825.409,0.990427568602425,,0.0
2026-01-22,15.45,15.29,15.65,15.25,104051.5,161676.272,0.9902849740932642,,0.0
2026-01-23,15.33,15.64,15.64,15.33,97744.64,153379.885,0.9905003166561116,,0.0
2026-01-26,15.72,16.1,16.21,15.52,185795.17,297985.644,0.9907692307692308,,0.0
2026-01-27,15.909999999999998,15.8,15.929999999999998,15.4,133797.91,211920.243,0.9905956112852664,,0.0
2026-01-28,15.74,15.39,15.74,15.3,91382.18,142766.114,0.9903474903474904,,0.0
2026-01-29,15.28,15.58,15.61,15.1,72966.97,113199.259,0.9904640813731722,,0.0
2026-01-30,15.48,15.22,15.63,15.16,73311.79,113574.249,0.9902407286922577,,0.0
2026-02-02,15.15,14.6,15.15,14.6,73465.81,110738.836,0.9898305084745762,,0.0
2026-02-03,14.77,14.99,15.1,14.63,59337.91,88826.708,0.9900924702774108,,0.0
2026-02-04,14.97,15.05,15.09,14.79,53148.0,80239.44,0.9901315789473684,,0.0
2026-02-05,14.96,15.04,15.21,14.96,40785.99,62118.627,0.9901250822909808,,0.0
2026-02-06,15.02,15.15,15.28,14.95,56729.7,86961.456,0.9901960784313724,,0.0
2026-02-09,15.26,15.21,15.3,15.13,45600.98,70011.643,0.990234375,,0.0
2026-02-10,15.2,15.33,15.43,15.1,45633.0,70556.117,0.9903100775193798,,0.0
2026-02-11,15.37,15.38,15.55,15.32,44158.0,68783.759,0.9903412749517064,,0.0
2026-02-12,15.39,15.14,15.46,15.1,44533.71,68471.475,0.9901896664486592,,0.0
2026-02-13,15.08,14.97,15.19,14.93,39422.99,59949.63,0.990079365079365,,0.0
2026-02-24,15.13,15.01,15.14,14.94,34221.37,51843.098,0.9901055408970976,,0.0
2026-02-25,14.98,15.2,15.22,14.94,39757.03,60852.657,0.990228013029316,,0.0
2026-02-26,15.19,15.09,15.37,15.03,48225.46,73993.744,0.9901574803149606,,0.0
2026-02-27,14.98,15.13,15.14,14.94,41141.85,62566.006,0.9901832460732984,,0.0
2026-03-02,14.95,15.51,15.75,14.75,158707.5,248291.745,0.9904214559386972,,0.0
2026-03-03,15.52,14.51,15.58,14.5,129377.39,194980.646,0.9897680763983628,,0.0
2026-03-04,14.36,14.35,14.56,14.17,62790.0,91151.53,0.9896551724137932,,0.0
2026-03-05,14.55,14.69,14.9,14.47,77902.42,115687.731,0.9898921832884096,,0.0
2026-03-06,14.6,14.99,15.02,14.56,76918.94,115398.775,0.9900924702774108,,0.0
2026-03-09,14.7,14.75,14.85,14.5,64778.54,96058.005,0.9899328859060402,,0.0
2026-03-10,14.8,15.03,15.23,14.8,67285.17,102176.847,0.9901185770750988,,0.0
2026-03-11,15.03,14.83,15.03,14.73,55259.93,82669.359,0.9899866488651536,,0.0
2026-03-12,14.83,15.03,15.08,14.8,59391.0,89815.024,0.9901185770750988,,0.0
2026-03-13,15.04,15.07,15.35,14.95,83918.0,128478.826,0.990144546649146,,0.0
2026-03-16,15.05,14.93,15.1,14.81,53898.29,81308.379,0.990053050397878,,0.0
2026-03-17,15.03,14.72,15.15,14.71,61329.65,92659.488,0.9899125756556826,,0.0
2026-03-18,14.75,14.83,14.9,14.67,45374.39,67732.961,0.9899866488651536,,0.0
2026-03-19,14.65,14.35,14.8,14.31,52923.31,77483.955,0.9896551724137932,,0.0
2026-03-20,14.47,13.94,14.54,13.9,51981.0,74219.934,0.9893541518807664,,0.0
2026-03-23,13.65,13.89,14.27,13.3,112001.61,156523.907,0.9893162393162392,,0.0
2026-03-24,14.17,13.96,14.3,13.69,59101.25,83153.227,0.9893692416725726,,0.0
2026-03-25,13.96,13.88,14.14,13.7,66072.95,93070.308,0.9893086243763364,,0.0
2026-03-26,13.83,13.7,14.1,13.66,53278.91,74544.264,0.9891696750902528,,0.0
2026-03-27,13.53,14.05,14.06,13.42,68299.02,95609.645,0.98943661971831,,0.0
2026-03-30,13.84,13.79,14.11,13.75,58212.0,81572.998,0.9892395982783356,,0.0
2026-03-31,13.78,13.76,14.05,13.6,82222.01,115188.083,0.98921639108555,,0.0
2026-04-01,13.95,14.34,14.34,13.79,110510.32,157954.882,0.989648033126294,,0.0
2026-04-02,14.39,14.75,15.25,14.36,177124.94,265557.726,0.9899328859060402,,0.0
2026-04-03,14.6,14.6,14.81,14.35,119874.49,176300.599,0.9898305084745762,,0.0
2026-04-07,14.48,14.35,14.72,14.28,84496.0,123342.072,0.9896551724137932,,0.0
2026-04-08,14.6,14.65,14.75,14.37,78944.0,116047.224,0.9898648648648648,,0.0
2026-04-09,15.83,15.36,16.35,15.31,390098.76,623979.324,0.9903288201160542,,0.0
2026-04-10,15.44,15.27,15.83,15.22,269936.92,421374.181,0.990272373540856,,0.0
2026-04-13,15.19,15.23,15.65,15.08,145476.66,224235.125,0.9902470741222368,,0.0
2026-04-14,15.53,15.65,15.65,15.31,152994.67,239606.317,0.990506329113924,,0.0
2026-04-15,15.75,15.45,15.75,15.35,141968.9,222028.809,0.9903846153846152,,0.0
2026-04-16,15.42,15.68,15.8,15.36,148830.88,235119.854,0.9905243209096652,,0.0
2026-04-17,15.6,15.65,15.8,15.44,118397.42,186876.662,0.990506329113924,,0.0
2026-04-20,15.55,15.79,16.21,15.46,148137.15,236629.03,0.9905897114178168,,0.0
2026-04-21,15.77,15.929999999999998,16.330000000000002,15.69,123024.04,199003.919,0.9906716417910448,,0.0
2026-04-22,15.83,15.87,15.96,15.7,84871.0,135505.54,0.9906367041198502,,0.0
2026-04-23,15.86,15.909999999999998,16.150000000000002,15.78,115004.86,185836.603,0.9906600249066002,,0.0
2026-04-24,15.9,15.51,15.99,15.31,147646.26,231133.09,0.9904214559386972,,0.0
2026-04-27,15.45,15.74,15.85,15.35,105836.47,168080.238,0.9905601006922592,,0.0
2026-04-28,15.72,15.58,15.92,15.5,84253.0,133693.522,0.9904640813731722,,0.0
2026-04-29,15.48,15.49,15.75,15.36,90139.0,141727.294,0.9904092071611252,,0.0
2026-04-30,15.46,15.37,15.59,15.23,83075.03,129104.481,0.9903350515463916,,0.0
2026-05-06,15.36,15.78,15.95,15.3,113442.97,178910.211,0.9905838041431262,,0.0
2026-05-07,15.66,15.95,16.03,15.65,77708.78,124771.913,0.9906832298136644,,0.0
2026-05-08,15.88,16.060000000000002,16.220000000000002,15.73,93826.93,151466.115,0.9907464528069094,,0.0
2026-05-11,16.05,16.1,16.16,15.909999999999998,981697100.0,1592221910.0,0.9907692307692308,,0.0
2026-05-12,16.1,15.82,16.150000000000002,15.74,84398.0,135294.842,0.9906073888541014,,0.0
2026-05-13,15.85,15.94,16.17,15.76,92448.71,149234.968,0.990677439403356,,0.0
2026-05-14,15.94,15.4,15.999999999999998,15.38,81193.0,127548.07,0.990353697749196,,0.0
2026-05-15,15.46,15.9,16.19,15.45,113739.7,180927.79,1.0,,0.0
2026-05-18,15.8,15.36,15.81,15.14,97591.0,149803.983,1.0,,0.0
2026-05-19,15.32,15.06,15.65,14.96,92185.14,140099.107,1.0,,0.0
2026-05-20,15.0,14.92,15.07,14.77,53078.0,79097.759,1.0,,0.0
2026-05-21,15.15,14.58,15.62,14.49,111857.32,169769.946,1.0,,0.0
2026-05-22,14.67,14.4,14.76,14.2,87744.0,125851.979,1.0,,0.0
2026-05-25,14.5,13.99,14.5,13.9,76844.09,108127.102,1.0,,0.0
2026-05-26,13.99,13.66,14.03,13.55,71813.96,98557.509,1.0,,0.0
2026-05-27,13.67,13.31,13.68,13.09,90290.42,120398.946,1.0,,0.0
2026-05-28,13.31,13.02,13.31,12.77,89343.11,116030.762,1.0,,0.0
2026-05-29,12.94,13.14,13.36,12.91,83857.02,110144.54866,1.0,,0.0
2026-06-01,13.14,13.44,13.47,13.08,71684.91,95439.63557,1.0,,0.0
2026-06-02,13.35,13.15,13.46,13.08,59091.78,77929.67072,1.0,,0.0
2026-06-03,13.16,12.92,13.18,12.85,52864.89,68652.23667,1.0,,0.0
2026-06-04,12.94,12.52,12.95,12.42,72776.4,91590.187,1.0,,0.0
2026-06-05,12.58,12.66,12.89,12.5,60139.0,76156.55,1.0,,0.0
2026-06-08,12.31,12.31,12.81,12.2,73723.0,91811.30457,1.0,,0.0
2026-06-09,12.32,12.18,12.42,12.05,65863.0,80079.69702,1.0,,0.0
2026-06-10,12.04,12.1,12.28,11.97,60462.01,73029.36767,1.0,,0.0
2026-06-11,12.01,11.97,12.14,11.77,55943.0,66610.507,1.0,,0.0
2026-06-12,12.02,12.5,12.72,11.84,90643.0,112049.07012,1.0,,0.0
2026-06-15,12.51,12.46,12.65,12.33,58800.75,73198.80075,1.0,,0.0
2026-06-16,12.45,12.25,12.45,12.08,62983.59,76870.6367,1.0,,0.0
2026-06-17,12.16,12.65,12.77,12.08,106738.0,133771.22551,1.0,,0.0
2026-06-18,12.57,12.66,13.03,12.57,97983.63,125095.24479,1.0,,0.0
2026-06-22,12.62,12.9,12.92,12.15,86688.43,108326.81334,1.0,,0.0
2026-06-24,12.91,12.78,13.26,12.66,95579.97,123431.09494,1.0,,0.0
2026-06-25,12.62,12.56,12.74,12.06,93701.86,116361.8857,1.0,,0.0
2026-06-26,12.5,12.01,12.54,12.01,70752.24,86423.42743,1.0,,0.0
2026-06-29,12.0,12.84,12.86,11.58,135053.6,167337.42661,1.0,,0.0
2026-06-30,12.7,12.4,12.76,12.28,94757.62,117788.72555,1.0,,0.0
2026-07-01,12.4,13.13,13.13,12.24,125853.51,161441.31708,1.0,,0.0
2026-07-03,13.23,13.32,13.48,12.96,118562.59,156651.94995,1.0,,0.0
2026-07-06,13.24,13.41,13.72,13.13,122525.73,165018.15233,1.0,,0.0
2026-07-07,13.36,13.85,14.19,13.29,333647.46,460021.12922,1.0,,0.0
2026-07-08,13.51,13.23,14.4,13.13,306549.46,419621.4911,1.0,,0.0
2026-07-09,13.0,13.0,13.37,12.7,228669.23,296660.60039,1.0,,0.0
2026-07-10,12.95,13.25,13.5,12.66,185351.9,244715.72833,1.0,,0.0
2026-07-14,13.02,13.5,13.69,12.9,187397.49,251497.58811,1.0,,0.0
2026-07-15,13.35,13.92,14.15,13.35,253926.61,351826.83387,1.0,,0.0
2026-07-16,13.8,13.93,14.14,13.46,235184.07,324967.67425,1.0,,0.0
2026-07-17,13.78,12.94,14.05,12.81,205749.08,273623.8572,1.0,,0.0
2026-07-20,12.82,13.07,13.19,12.71,148464.63,192385.41282,1.0,,0.0
2026-07-21,12.94,12.62,12.94,12.23,160743.57,201418.8431,1.0,,0.0
2026-07-22,12.41,12.5,12.98,12.41,134247.33,170393.21417,1.0,,0.0
2026-07-23,12.41,12.72,12.73,12.27,114433.09,142954.70608,1.0,,0.0
2026-07-24,12.53,12.21,12.73,12.2,89489.09,111242.92711,1.0,,0.0
2026-07-27,12.14,12.67,12.68,12.08,105801.45,132750.74637,1.0,,0.0
2026-07-28,12.56,12.57,12.88,12.53,66018.69,83627.46217,1.0,,0.0
2026-07-29,12.63,12.82,12.85,12.58,82952.15,105788.95857,1.0,,0.0
2026-07-30,12.7,12.65,13.0,12.53,87275.15,111163.26006,1.0,,0.0
2026-07-31,12.65,12.88,12.9,12.6,79052.31,101443.56673,1.0,,0.0
2026-08-03,12.83,13.04,13.14,12.78,79550.0,103563.45526,1.0,,0.0
2026-08-04,13.16,13.25,13.38,13.1,87336.22,115732.76349,1.0,,0.0
2026-08-05,13.21,13.13,13.27,13.03,85829.2,112971.1169,1.0,,0.0
2026-08-06,13.18,13.1,13.25,13.02,88073.07,115547.31142,1.0,,0.0
2026-08-07,12.99,13.61,13.64,12.97,169851.08,226890.83507,1.0,,0.0
2026-08-10,13.67,13.99,14.12,13.65,174477.37,243334.57779,1.0,,0.0
2026-08-11,13.96,13.97,14.26,13.82,132834.04,186084.78772,1.0,,0.0
2026-08-12,13.85,13.99,14.17,13.82,89753.84,125937.63903,1.0,2.427,0.0
2026-08-13,13.86,14.2,14.4,13.72,159875.69,226174.41593,1.0,4.32,0.0
2026-08-14,14.43,14.4,14.88,14.06,291342.37,423251.0446,1.0,7.88,0.0
2026-08-17,14.25,14.2,14.37,13.88,183411.85,259228.92115,1.0,0.0,0.0
2026-08-18,14.14,14.2,14.34,13.98,114863.57,162575.32988,1.0,0.0,0.0
2026-08-19,14.1,13.77,14.26,13.7,118165.69,164895.31913,1.0,0.0,0.0
2026-08-20,14.14,14.42,14.59,14.08,189026.03,272007.89777,1.0,4.9242,5.1114
2026-08-21,14.21,13.77,14.21,13.6,143278.42,197797.1927,1.0,3.7324,3.8743
2026-08-24,13.84,13.07,13.91,12.96,142302.23,188879.86971,1.0,3.707,3.8479
2026-08-25,12.98,13.51,13.57,12.86,128607.48,171680.72402,1.0,3.3502,3.4776
2026-08-26,13.56,13.39,13.92,13.37,93979.92,127303.1686,1.0,2.4482,2.5413
2026-08-27,13.34,13.5,13.62,13.31,71050.26,95766.49086,1.0,1.8509,1.9212
2026-08-28,13.49,13.32,13.49,13.28,75695.93,101132.5189,1.0,1.9719,2.0469
2026-08-31,13.17,13.22,13.35,13.06,71856.53,94747.33842,1.0,1.8719,1.943
2026-09-01,13.11,13.48,13.48,13.11,84367.11,112422.9467,1.0,2.1978,2.2813
2026-09-02,13.36,13.36,13.6,13.25,70431.38,94212.16459,1.0,1.8347,1.9045
2026-09-03,13.4,13.16,13.47,13.06,69418.51,91738.04853,1.0,1.8084,1.8771
2026-09-04,13.28,13.12,13.4,13.08,73323.0,97216.821,1.0,1.9101,1.9827
2026-09-07,13.22,13.16,13.29,13.12,53798.0,71012.00591,1.0,1.4014,1.4547
2026-09-08,13.24,13.79,13.86,13.14,141577.19,192124.34238,1.0,3.6881,3.8283
2026-09-09,13.75,13.39,13.76,13.32,105237.0,141690.99706,1.0,2.7414,2.8457
2026-09-10,13.25,12.9,13.32,12.9,100175.24,130162.3176,1.0,2.6096,2.7088
2026-09-11,12.8,12.66,12.82,12.53,70113.29,88639.89585,1.0,1.8265,1.8959
2026-09-14,12.6,13.01,13.13,12.52,85473.9,109973.55242,1.0,2.2266,2.3113
2026-09-15,12.9,12.81,13.0,12.76,60809.0,78190.378,1.0,1.5841,1.6443
2026-09-16,12.76,12.9,12.96,12.68,48044.0,61778.578,1.0,1.2516,1.2991
2026-09-17,12.78,13.07,13.15,12.77,63650.0,83047.762,1.0,1.6581,1.7211
2026-09-18,13.2,13.23,13.46,13.08,93439.5,124143.859,1.0,2.4341,2.5267
2026-09-21,13.28,13.8,13.84,13.21,143940.81,196057.51744,1.0,3.7497,3.8922
