date,open,close,high,low,volume,money,factor,turnover,turnover_free
2021-05-10,16.082,15.662,16.082,15.562,2852.92,4566.604,0.978263585259213,,0.0
2021-05-11,15.642,15.801999999999998,16.102,15.642,3745.0,6085.545,0.9784520123839008,,0.0
2021-05-12,15.801999999999998,16.352,16.452,15.652,4013.0,6633.421,0.9791616766467066,,0.0
2021-05-13,16.152,16.352,16.492,16.152,3149.0,5264.355,0.9791616766467066,,0.0
2021-05-14,16.352,16.332,16.612000000000002,16.252000000000002,3306.0,5538.669,0.979136690647482,,0.0
2021-05-17,16.332,16.002000000000002,16.402,15.871999999999998,3938.06,6442.27,0.9787155963302752,,0.0
2021-05-18,15.762,16.002000000000002,16.082,15.752,2076.62,3378.14,0.9787155963302752,,0.0
2021-05-19,16.002000000000002,16.282,16.992,15.912,6789.0,11399.321,0.9790739627179796,,0.0
2021-05-20,16.452,15.981999999999998,16.452,15.752,4346.0,7087.215,0.978689528475199,,0.0
2021-05-21,16.212,16.102,16.362000000000002,16.082,2693.0,4404.066,0.9908923076923076,,0.0
2021-05-24,16.252,16.582,16.632,16.162,4181.52,6924.837,0.9911536162582189,,0.0
2021-05-25,16.642,16.632,16.652,16.432,2065.5,3449.827,0.9911799761620976,,0.0
2021-05-26,16.662,16.652,16.752,16.442,2299.0,3853.997,0.9911904761904762,,0.0
2021-05-27,16.792,16.852,17.042,16.702,4031.0,6886.966,0.9912941176470588,,0.0
2021-05-28,16.812,16.782,17.052,16.692,3839.02,6523.636,0.9912581216774956,,0.0
2021-05-31,16.782,17.022000000000002,17.312,16.782,3457.02,5958.42,0.9913803145020385,,0.0
2021-06-01,17.022000000000002,17.172,17.292,16.942,2859.66,4933.675,0.9914549653579676,,0.0
2021-06-02,17.072,17.172,17.202,17.052,1992.0,3439.438,0.9914549653579676,,0.0
2021-06-03,17.352,17.172,17.352,17.122,3566.0,6191.96,0.9914549653579676,,0.0
2021-06-04,17.152,17.382,17.852,17.142,4953.0,8753.547,0.99155733029093,,0.0
2021-06-07,17.412,17.552,17.722,17.242,4085.0,7193.184,0.991638418079096,,0.0
2021-06-08,17.482,17.722,17.772000000000002,17.402,2985.0,5297.65,0.991717963066592,,0.0
2021-06-09,17.542,18.172,18.482,17.542,9492.0,17278.311,0.9919213973799128,,0.0
2021-06-10,18.172,18.182,18.352,17.812,7506.0,13704.406,0.9919258046917622,,0.0
2021-06-11,18.852,17.382,19.352,17.362000000000002,23592.28,43972.96,0.99155733029093,,0.0
2021-06-15,17.092,17.152,17.392,16.882,11342.02,19575.716,0.9914450867052024,,0.0
2021-06-16,17.022000000000002,16.982,17.342,16.962,4679.0,8088.721,0.9913601868067716,,0.0
2021-06-17,17.232,17.032,17.422,16.932,4344.1,7495.684,0.9913853317811409,,0.0
2021-06-18,17.062,17.052,17.062,16.872,2858.0,4897.658,0.9913953488372094,,0.0
2021-06-21,17.142,17.612000000000002,18.002,16.902,9574.26,16881.523,0.9916666666666668,,0.0
2021-06-22,17.612000000000002,17.992,18.432,17.612000000000002,8372.5,15203.512,0.9918412348401324,,0.0
2021-06-23,18.022,17.882,18.232,17.852,4517.0,8203.8,0.991791458679978,,0.0
2021-06-24,18.002,17.862000000000002,18.142,17.762,4046.04,7304.045,0.9917823431426984,,0.0
2021-06-25,17.862000000000002,17.622,17.912,17.402,4453.0,7902.413,0.9916713562183456,,0.0
2021-06-28,17.612000000000002,18.032,18.162,17.362000000000002,5643.17,10158.71,0.991859185918592,,0.0
2021-06-29,17.942,17.382,18.152,17.352,4404.0,7821.098,0.99155733029093,,0.0
2021-06-30,17.392,17.602,17.752,17.342,2782.0,4903.569,0.991661971830986,,0.0
2021-07-01,17.472,17.702,18.132,17.362000000000002,8026.0,14323.324,0.9917086834733894,,0.0
2021-07-02,18.032,17.432,18.032,17.352,3982.5,7010.593,0.9915813424345848,,0.0
2021-07-05,17.462,17.842,17.902,17.262,5520.0,9810.037,0.9917732073374096,,0.0
2021-07-06,17.792,17.882,18.172,17.522000000000002,4821.0,8658.608,0.991791458679978,,0.0
2021-07-07,17.702,18.042,18.352,17.572,9894.0,17983.283,0.9918636613523916,,0.0
2021-07-08,18.142,18.042,18.182,17.782,7499.02,13619.358,0.9918636613523916,,0.0
2021-07-09,18.042,17.972,18.232,17.802,6978.0,12646.271,0.991832229580574,,0.0
2021-07-12,17.852,18.322,18.512,17.852,11187.0,20582.358,0.9919870059556036,,0.0
2021-07-13,18.372,18.342,18.602,18.182,5776.0,10654.204,0.9919956733369388,,0.0
2021-07-14,18.262,18.452,18.832,18.172,10414.47,19389.22,0.9920430107526882,,0.0
2021-07-15,18.602,17.762,18.602,17.602,7978.28,14410.851,0.9917364600781686,,0.0
2021-07-16,18.062,17.602,18.152,17.522000000000002,3805.0,6781.99,0.991661971830986,,0.0
2021-07-19,17.462,17.382,17.652,17.052,5808.0,10148.263,0.99155733029093,,0.0
2021-07-20,17.392,17.302,17.392,17.072,3809.0,6606.314,0.9915186246418338,,0.0
2021-07-21,17.332,17.712,17.802,17.242,3896.0,6885.524,0.9917133258678612,,0.0
2021-07-22,17.452,17.912,18.102,17.452,4876.0,8798.667,0.9918050941306756,,0.0
2021-07-23,17.952,17.512,18.102,17.412,5386.0,9544.81,0.9916194790486976,,0.0
2021-07-26,17.652,17.102,17.912,16.952,5682.0,9954.445,0.9914202898550724,,0.0
2021-07-27,17.002,16.592,17.322,16.512,7489.0,12769.699,0.9911589008363202,,0.0
2021-07-28,16.552,15.752,16.552,15.582,9599.77,15330.405,0.990691823899371,,0.0
2021-07-29,15.992,15.952000000000002,16.132,15.852,5117.0,8255.722,0.9908074534161492,,0.0
2021-07-30,15.952000000000002,16.512,16.542,15.872,4481.77,7354.98,0.9911164465786316,,0.0
2021-08-02,16.512,16.902,17.022000000000002,16.492,4070.0,6900.945,0.9913196480938417,,0.0
2021-08-03,16.962,17.152,17.362000000000002,16.952,8859.94,15355.64,0.9914450867052024,,0.0
2021-08-04,17.212,17.242,17.322,17.092,3095.0,5372.962,0.9914893617021276,,0.0
2021-08-05,17.242,17.242,17.442,17.102,3645.0,6365.6,0.9914893617021276,,0.0
2021-08-06,17.222,17.342,17.342,16.882,4264.52,7350.041,0.991538021726701,,0.0
2021-08-09,20.332,20.842,20.842,19.852,41171.64,86033.879,0.9929490233444498,,0.0
2021-08-10,20.892,25.042,25.042,20.752,88698.25,207013.377,0.9941246526399364,,0.0
2021-08-11,26.242,24.022,27.112,23.662,99476.77,250822.556,0.9938767066611502,,0.0
2021-08-12,22.552,23.202,25.012,22.002,77336.22,179144.57,0.993661670235546,,0.0
2021-08-13,22.792,22.052,22.792,21.872,51881.98,115558.582,0.9933333333333334,,0.0
2021-08-16,21.282,21.912,22.552,21.162,42611.79,94450.73,0.9932910244786944,,0.0
2021-08-17,21.492,20.402,21.842,20.252,40456.68,85750.291,0.9927980535279806,,0.0
2021-08-18,20.362,20.752,21.262,20.352,28687.28,60034.648,0.9929186602870812,,0.0
2021-08-19,20.642,21.012,21.832,20.622,26851.04,57389.997,0.9930056710775048,,0.0
2021-08-20,20.692,20.702,21.332,20.052,24042.12,49723.703,0.9929016786570743,,0.0
2021-08-23,20.542,21.152,21.162,20.542,23779.29,50105.238,0.9930516431924884,,0.0
2021-08-24,21.152,21.682,22.102,20.652,39354.0,84345.485,0.9932203389830508,,0.0
2021-08-25,21.312,20.712,21.542,20.462,33273.3,69663.933,0.9929050814956856,,0.0
2021-08-26,20.712,20.022,20.712,19.882,20069.28,40692.229,0.992662369856222,,0.0
2021-08-27,19.862,20.322,20.322,19.382,20986.72,42193.305,0.9927699071812408,,0.0
2021-08-30,21.552,20.262,21.552,20.202,24787.59,52167.096,0.992748652621264,,0.0
2021-08-31,19.962,20.442,20.802,19.772,17490.0,35565.082,0.9928120446818844,,0.0
2021-09-01,20.232,19.872,20.232,19.682,15339.19,30751.675,0.9926073926073926,,0.0
2021-09-02,20.042,20.002,20.132,19.642,9001.9,18007.543,0.9926550868486352,,0.0
2021-09-03,20.002,20.182,20.642,19.932,12336.97,25180.053,0.9927201180521396,,0.0
2021-09-06,20.192,20.972,21.142,19.822,20147.22,41578.245,0.9929924242424244,,0.0
2021-09-07,20.952,20.502,20.952,20.252,15207.0,31414.593,0.9928329297820824,,0.0
2021-09-08,20.502,20.962,21.052,20.162,15627.43,32520.657,0.9929891046897206,,0.0
2021-09-09,20.962,21.832,22.342,20.862,33740.16,73570.777,0.9932666060054596,,0.0
2021-09-10,21.532,21.542,21.652,20.872,20420.39,43631.626,0.9931765790686952,,0.0
2021-09-13,21.532,21.232,21.532,20.752,13896.27,29537.836,0.9930776426566884,,0.0
2021-09-14,21.142,20.532,21.542,20.502,15403.02,32464.899,0.99284332688588,,0.0
2021-09-15,20.632,20.382,20.812,20.232,8989.67,18526.984,0.9927910375060888,,0.0
2021-09-16,20.422,20.582,20.932,20.372,10304.51,21396.361,0.9928605885190546,,0.0
2021-09-17,20.652,19.762,20.722,19.582,12709.3,25559.343,0.9925665494726268,,0.0
2021-09-22,19.742,22.292,23.642,19.472,55230.68,122814.03,0.9934046345811052,,0.0
2021-09-23,22.612,21.652,22.742,21.432,36510.12,79861.707,0.993211009174312,,0.0
2021-09-24,21.522,21.032,22.072,21.032,22512.64,48922.566,0.9930122757318224,,0.0
2021-09-27,21.022,20.092,21.172,19.692,20160.87,40931.414,0.9926877470355732,,0.0
2021-09-28,20.052,20.332,20.342,19.822,8841.87,17896.459,0.9927734375,,0.0
2021-09-29,20.042,18.972,20.132,18.922,15789.87,30865.558,0.9922594142259414,,0.0
2021-09-30,19.212,19.752,20.092,19.212,10739.02,21352.989,0.9925628140703516,,0.0
2021-10-08,20.032,20.662,20.672,19.812,13478.07,27788.621,0.9928880345987506,,0.0
2021-10-11,20.522,20.122,20.672,20.072,8798.0,17923.097,0.9926985693142576,,0.0
2021-10-12,20.002,19.852,20.212,19.452,5876.07,11716.545,0.9926,,0.0
2021-10-13,19.882,19.672,19.972,19.332,4614.0,9081.948,0.9925327951564076,,0.0
2021-10-14,19.522,19.532,19.832,19.292,4381.0,8636.543,0.992479674796748,,0.0
2021-10-15,19.572,19.122,19.702,19.052,6266.0,12180.651,0.99231966787753,,0.0
2021-10-18,19.032,19.232,19.402,18.972,3348.0,6472.176,0.9923632610939112,,0.0
2021-10-19,19.432,19.062,19.752,18.982,5389.0,10377.762,0.9922956793336803,,0.0
2021-10-20,19.062,18.752,19.062,18.642,5810.0,10993.117,0.992169312169312,,0.0
2021-10-21,18.722,18.602,18.852,18.602,4258.07,8032.299,0.9921066666666668,,0.0
2021-10-22,18.552,18.362,18.952,18.362,4203.0,7900.27,0.9920043219881144,,0.0
2021-10-25,18.372,18.182,18.492,18.002,4329.0,7938.961,0.9919258046917622,,0.0
2021-10-26,18.152,18.452,18.582,18.092,3970.0,7356.855,0.9920430107526882,,0.0
2021-10-27,18.332,17.492,18.332,17.472,6673.0,11952.848,0.991609977324263,,0.0
2021-10-28,17.372,17.072,17.592,17.062,5373.0,9346.282,0.9914053426248548,,0.0
2021-10-29,17.112000000000002,17.382,17.522000000000002,17.092,3946.38,6893.464,0.99155733029093,,0.0
2021-11-01,17.372,17.642,17.802,17.292,3496.0,6192.144,0.99168071950534,,0.0
2021-11-02,17.732,17.362000000000002,18.032,17.062,5615.0,9937.836,0.9915476870359796,,0.0
2021-11-03,17.362000000000002,17.562,17.832,17.352,3934.0,6980.439,0.9916431394692264,,0.0
2021-11-04,17.712,17.492,17.752,17.432,3975.02,7029.955,0.991609977324263,,0.0
2021-11-05,17.412,17.662,17.782,17.352,4847.22,8573.591,0.9916900617630544,,0.0
2021-11-08,17.692,17.902,17.952,17.562,3656.01,6570.822,0.9918005540166204,,0.0
2021-11-09,18.012,18.032,18.162,17.802,3829.99,6940.762,0.991859185918592,,0.0
2021-11-10,17.962,18.352,18.432,17.952,4687.0,8596.958,0.992,,0.0
2021-11-11,18.612,18.402,18.652,18.352,3433.0,6379.579,0.992021563342318,,0.0
2021-11-12,18.232,18.362,18.612,18.102,4632.0,8515.711,0.9920043219881144,,0.0
2021-11-15,18.362,19.022,19.192,18.272,8947.15,16970.214,0.9922796035472092,,0.0
2021-11-16,18.912,18.882,19.152,18.852,4730.33,9032.196,0.9922228060956384,,0.0
2021-11-17,18.892,19.152,19.202,18.852,4492.93,8605.308,0.9923316062176166,,0.0
2021-11-18,19.102,18.852,19.192,18.852,3929.91,7505.396,0.9922105263157897,,0.0
2021-11-19,18.772,19.012,19.132,18.552,6136.84,11671.474,0.9922755741127348,,0.0
2021-11-22,19.252,19.092,19.252,18.922,5243.0,10075.162,0.9923076923076924,,0.0
2021-11-23,18.972,19.152,19.282,18.972,3232.7,6238.057,0.9923316062176166,,0.0
2021-11-24,19.152,19.012,19.172,18.992,3712.02,7128.433,0.9922755741127348,,0.0
2021-11-25,19.022,19.712,19.752,19.022,6895.0,13523.456,0.9925478348439074,,0.0
2021-11-26,19.712,19.282,19.862,19.262,6465.0,12716.724,0.9923829130211014,,0.0
2021-11-29,19.332,19.182,19.402,19.012,3558.0,6868.039,0.9923435075012932,,0.0
2021-11-30,19.442,19.582,19.842,19.092,5435.28,10708.019,0.99249873289407,,0.0
2021-12-01,19.932,20.152,20.452,19.632,9010.02,18218.776,0.9927093596059112,,0.0
2021-12-02,20.002,20.022,20.332,19.852,5427.61,10968.738,0.992662369856222,,0.0
2021-12-03,20.122,20.052,20.522,19.852,6341.31,12869.2,0.9926732673267328,,0.0
2021-12-06,20.192,19.282,20.402,19.242,6552.57,12978.237,0.9923829130211014,,0.0
2021-12-07,19.492,19.082,19.492,19.052,4817.0,9324.363,0.992303692147686,,0.0
2021-12-08,19.082,19.242,19.542,19.072,3688.0,7164.484,0.9923671995874164,,0.0
2021-12-09,19.242,19.072,19.382,19.072,3412.22,6595.877,0.992299687825182,,0.0
2021-12-10,19.082,19.242,19.302,18.932,2934.0,5670.297,0.9923671995874164,,0.0
2021-12-13,19.312,19.532,19.602,19.072,6119.0,11960.818,0.992479674796748,,0.0
2021-12-14,19.502,19.802,19.842,19.342,6801.0,13438.579,0.9925814536340852,,0.0
2021-12-15,19.792,19.582,19.942,19.552,4174.0,8304.777,0.99249873289407,,0.0
2021-12-16,19.612,19.992,20.032,19.612,5999.0,12013.484,0.9926514399205562,,0.0
2021-12-17,19.982,19.942,20.042,19.682,5474.0,10941.401,0.992633150821304,,0.0
2021-12-20,19.992,19.682,20.002,19.622,5326.02,10604.881,0.9925365607665154,,0.0
2021-12-21,19.522,19.982,20.052,19.502,4223.0,8466.627,0.9926477893691008,,0.0
2021-12-22,19.982,19.812,20.272,19.672,5688.0,11375.598,0.9925851703406814,,0.0
2021-12-23,20.002,19.372,20.002,19.362,4683.0,9226.538,0.9924180327868852,,0.0
2021-12-24,19.402,18.622,19.572,18.622,6465.02,12321.64,0.9921150772509324,,0.0
2021-12-27,18.732,18.942,19.242,18.502,4883.0,9294.68,0.9922472498690414,,0.0
2021-12-28,18.692,19.602,19.802,18.692,9725.0,19064.177,0.992506329113924,,0.0
2021-12-29,19.622,19.842,20.022,19.552,6236.9,12458.865,0.9925962981490746,,0.0
2021-12-30,19.852,19.782,20.302,19.712,5977.0,12018.834,0.9925740090316106,,0.0
2021-12-31,19.772,20.122,20.152,19.682,8136.09,16424.584,0.9926985693142576,,0.0
2022-01-04,20.332,20.132,20.332,19.872,9094.0,18419.172,0.9927021696252466,,0.0
2022-01-05,20.052,19.952,20.222,19.762,5524.0,11101.764,0.992636815920398,,0.0
2022-01-06,19.712,20.272,20.352,19.712,7149.09,14518.184,0.9927522037218414,,0.0
2022-01-07,20.322,19.982,20.602,19.952,10767.11,21942.368,0.9926477893691008,,0.0
2022-01-10,19.832,19.952,20.232,19.652,5440.0,10956.004,0.992636815920398,,0.0
2022-01-11,19.952,19.852,20.442,19.832,5527.0,11147.366,0.9926,,0.0
2022-01-12,20.042,20.182,20.432,19.852,8356.11,17025.109,0.9927201180521396,,0.0
2022-01-13,20.212,20.242,20.352,19.932,4997.0,10129.211,0.9927415399705738,,0.0
2022-01-14,20.142,20.002,20.312,19.872,6333.11,12802.973,0.9926550868486352,,0.0
2022-01-17,20.002,20.362,20.482,19.882,10676.76,21831.909,0.9927840078010728,,0.0
2022-01-18,20.362,19.962,20.742,19.892,11167.0,22708.753,0.9926404773744406,,0.0
2022-01-19,19.912,20.442,20.542,19.852,10954.28,22442.205,0.9928120446818844,,0.0
2022-01-20,20.442,19.662,20.612,19.582,12304.07,24759.435,0.9925290257445736,,0.0
2022-01-21,19.462,19.332,19.782,19.152,4898.0,9576.659,0.9924024640657084,,0.0
2022-01-24,19.322,19.722,19.952,19.202,5931.0,11765.126,0.9925515853044792,,0.0
2022-01-25,19.722,18.642,19.722,18.182,8801.0,16645.11,0.9921234699308142,,0.0
2022-01-26,18.642,18.812,19.122,18.562,4255.0,8068.444,0.9921940928270042,,0.0
2022-01-27,18.802,17.852,18.822,17.762,6270.0,11416.245,0.9917777777777778,,0.0
2022-01-28,18.052,18.482,18.652,17.852,5230.0,9662.857,0.992055823939882,,0.0
2022-02-07,18.502,18.782,18.862,18.362,4751.0,8950.643,0.9921817221341784,,0.0
2022-02-08,18.692,19.282,19.352,18.592,6315.0,12136.34,0.9923829130211014,,0.0
2022-02-09,19.282,19.242,19.332,18.972,3428.0,6622.106,0.9923671995874164,,0.0
2022-02-10,19.162,18.932,19.162,18.752,5189.0,9880.408,0.9922431865828092,,0.0
2022-02-11,19.102,18.262,19.142,18.262,4487.0,8347.113,0.9919608908202064,,0.0
2022-02-14,18.192,18.552,18.772,17.972,5879.9,10902.301,0.9920855614973262,,0.0
2022-02-15,18.742,18.592,19.192,18.202,4252.0,7934.922,0.992102454642476,,0.0
2022-02-16,18.662,18.982,19.052,18.582,3261.0,6205.206,0.992263460533194,,0.0
2022-02-17,18.822,19.092,19.282,18.812,4303.0,8292.587,0.9923076923076924,,0.0
2022-02-18,19.032,19.062,19.232,18.782,2701.0,5149.905,0.9922956793336803,,0.0
2022-02-21,19.062,19.202,19.332,18.872,3198.0,6177.9,0.9923514211886304,,0.0
2022-02-22,19.202,19.112,19.342,18.902,3434.0,6629.936,0.9923156801661476,,0.0
2022-02-23,19.322,19.372,19.382,19.132,3735.0,7262.367,0.9924180327868852,,0.0
2022-02-24,19.552,18.722,19.552,18.462,6872.0,13102.718,0.992156862745098,,0.0
2022-02-25,19.002,19.052,19.432,18.732,6411.0,12360.672,0.9922916666666668,,0.0
2022-02-28,19.232,18.882,19.232,18.452,4273.0,8073.472,0.9922228060956384,,0.0
2022-03-01,19.002,19.082,19.152,18.962,3543.0,6810.301,0.992303692147686,,0.0
2022-03-02,19.302,19.292,19.332,19.082,4407.0,8544.29,0.99238683127572,,0.0
2022-03-03,19.122,19.252,19.472,19.052,3266.72,6357.284,0.9923711340206186,,0.0
2022-03-04,19.372,18.942,19.372,18.872,3052.0,5883.237,0.9922472498690414,,0.0
2022-03-07,18.922,18.772,19.092,18.602,3316.0,6270.227,0.9921775898520084,,0.0
2022-03-08,18.752,18.072,18.752,18.012,4336.0,7987.414,0.9918770581778266,,0.0
2022-03-09,18.102,17.972,18.362,17.442,5782.02,10470.301,0.991832229580574,,0.0
2022-03-10,18.122,18.482,18.632,17.992,4737.0,8768.912,0.992055823939882,,0.0
2022-03-11,18.352,18.322,18.422,17.852,3334.0,6074.015,0.9919870059556036,,0.0
2022-03-14,17.972,18.022,18.282,17.962,3717.0,6776.633,0.9918547055586132,,0.0
2022-03-15,17.702,17.102,18.112,17.062,5527.0,9786.584,0.9914202898550724,,0.0
2022-03-16,17.252,17.582,17.592,16.852,3619.0,6305.656,0.9916525662718556,,0.0
2022-03-17,17.592,17.662,18.042,17.592,4305.0,7741.931,0.9916900617630544,,0.0
2022-03-18,17.592,18.002,18.032,17.592,2039.0,3685.891,0.9918457300275484,,0.0
2022-03-21,18.012,18.202,18.372,18.012,5888.0,10822.594,0.991934604904632,,0.0
2022-03-22,18.032,18.202,18.352,17.872,2543.0,4655.245,0.991934604904632,,0.0
2022-03-23,18.292,18.192,18.302,18.022,2382.0,4356.038,0.9919302071973828,,0.0
2022-03-24,18.192,18.092,18.362,18.012,4794.0,8775.683,0.9918859649122808,,0.0
2022-03-25,18.092,18.122,18.402,17.942,5566.0,10232.888,0.9918992884510126,,0.0
2022-03-28,17.982,17.972,18.262,17.522000000000002,4146.0,7481.756,0.991832229580574,,0.0
2022-03-29,18.152,17.652,18.152,17.512,5015.0,8969.828,0.991685393258427,,0.0
2022-03-30,17.832,17.822,17.972,17.712,3847.0,6920.861,0.9917640511964384,,0.0
2022-03-31,17.822,17.872,18.022,17.612000000000002,3391.0,6104.944,0.9917869034406216,,0.0
2022-04-01,17.662,17.642,17.902,17.402,4673.0,8296.555,0.99168071950534,,0.0
2022-04-06,17.652,18.002,18.152,17.452,3997.0,7233.538,0.9918457300275484,,0.0
2022-04-07,18.132,17.652,18.152,17.642,3748.0,6732.505,0.991685393258427,,0.0
2022-04-08,17.652,17.252,17.762,17.202,3444.0,6023.327,0.9914942528735632,,0.0
2022-04-11,17.252,16.802,17.432,16.802,3994.23,6863.342,0.9912684365781712,,0.0
2022-04-12,16.802,17.182,17.272000000000002,16.682,4170.0,7135.583,0.991459896133872,,0.0
2022-04-13,16.932,16.902,17.052,16.712,2440.0,4153.451,0.9913196480938417,,0.0
2022-04-14,16.952,16.922,17.112000000000002,16.782,2369.0,4040.121,0.9913298183948448,,0.0
2022-04-15,16.812,16.172,16.822,16.152,3823.0,6327.81,0.9909313725490196,,0.0
2022-04-18,16.292,16.602,16.672,15.912,4604.0,7581.889,0.9911641791044776,,0.0
2022-04-19,16.402,16.632,16.812,16.402,3076.0,5151.424,0.9911799761620976,,0.0
2022-04-20,16.502,16.452,16.802,16.322,2133.0,3550.572,0.9910843373493976,,0.0
2022-04-21,16.632,15.902,16.652,15.852,2681.0,4350.501,0.990778816199377,,0.0
2022-04-22,15.742,15.532,15.862000000000002,15.362,4699.0,7405.399,0.990561224489796,,0.0
2022-04-25,15.542,13.882,15.542,13.742,6111.52,9044.346,0.9894511760513186,,0.0
2022-04-26,14.032,13.202,14.282,13.162,5263.52,7314.641,0.9889138576779026,,0.0
2022-04-27,13.342,13.802,13.852,12.892,5917.22,8007.446,0.9893906810035844,,0.0
2022-04-28,13.802,13.292,14.042,13.022,5179.22,7022.219,0.9889880952380952,,0.0
2022-04-29,13.322,14.032,14.102,13.322,5187.0,7267.789,0.9895627644569815,,0.0
2022-05-05,13.752,14.432,14.592,13.722,8940.41,12946.783,0.989849108367627,,0.0
2022-05-06,13.972,14.232,14.452,13.972,4266.03,6139.812,0.9897079276773296,,0.0
2022-05-09,14.242,14.362,14.822,14.242,2582.39,3783.788,0.9898001378359752,,0.0
2022-05-10,14.212,14.592,14.602,14.112,3462.0,5059.617,0.9899592944369064,,0.0
2022-05-11,14.592,14.942,16.622,14.592,14994.52,23902.584,0.9901921802518224,,0.0
2022-05-12,14.942,15.062,15.242,14.202,9474.84,14226.471,0.9902695595003288,,0.0
2022-05-13,15.072,15.222,15.282,14.662,5942.52,8962.428,0.9903708523096942,,0.0
2022-05-16,15.222,15.032,15.392,14.932,5425.0,8284.767,0.9902503293807642,,0.0
2022-05-17,15.202,14.742,15.202,14.712,4623.0,6924.799,0.9900604432505036,,0.0
2022-05-18,14.732,14.972,15.282,14.732,4651.32,7092.799,0.9902116402116402,,0.0
2022-05-19,14.842,15.212,15.222,14.432,4309.0,6557.949,0.9903645833333332,,0.0
2022-05-20,15.432,15.292,15.602,15.162,4373.0,6761.434,0.9904145077720208,,0.0
2022-05-23,15.402,15.382,15.502,15.252,3373.0,5229.874,0.9904700579523504,,0.0
2022-05-24,15.382,14.712,15.462,14.712,4259.0,6524.964,0.9900403768506056,,0.0
2022-05-25,14.792,15.162,15.212,14.552,4848.0,7389.645,0.990333115610712,,0.0
2022-05-26,15.102,15.132,15.252,14.762,3356.0,5100.01,0.9903141361256544,,0.0
2022-05-27,15.312,15.462,15.502,14.982,6426.0,9918.586,0.9905188981422164,,0.0
2022-05-30,15.462,15.472,15.502,15.182,4898.0,7610.527,0.9905249679897568,,0.0
2022-05-31,15.642,15.452,15.642,15.272,4623.0,7204.166,0.9905128205128204,,0.0
2022-06-01,15.452,15.602,15.752,15.422,9288.65,14668.563,0.9906031746031746,,0.0
2022-06-02,15.732,15.642,15.782,15.302,4309.01,6780.965,0.9906269791006966,,0.0
2022-06-06,15.642,16.012,16.042,15.642,5989.0,9614.925,0.9908415841584158,,0.0
2022-06-07,16.182,15.902,16.182,15.702,4211.0,6744.037,0.990778816199377,,0.0
2022-06-08,15.902,15.802,16.112000000000002,15.522,5535.2,8814.649,0.9907210031347964,,0.0
2022-06-09,15.582,15.582,15.862000000000002,15.372,4806.02,7549.657,0.9905912269548632,,0.0
2022-06-10,15.582,15.652,15.832,15.422,3181.0,5026.862,0.9906329113924052,,0.0
2022-06-13,15.582,15.692,15.782,15.412,3291.0,5206.159,0.9906565656565656,,0.0
2022-06-14,15.532,15.782,15.782,15.302,5077.0,7970.326,0.9907093534212178,,0.0
2022-06-15,15.782,15.652,16.242,15.522,8546.0,13699.021,0.9906329113924052,,0.0
2022-06-16,15.492,15.582,15.822,15.452,5289.0,8360.565,0.9905912269548632,,0.0
2022-06-17,15.684,15.694,15.844,15.424,5213.8,8207.449,0.992662871600253,,0.0
2022-06-20,16.004,15.964,16.004,15.664,4023.0,6423.628,0.9927860696517412,,0.0
2022-06-21,16.034,16.004,16.224,15.744,5418.89,8720.707,0.9928039702233252,,0.0
2022-06-22,15.844,15.774,15.974,15.604,4085.0,6478.701,0.992699811202014,,0.0
2022-06-23,15.784,16.024,16.064,15.524,5860.0,9377.34,0.992812887236679,,0.0
2022-06-24,16.024,16.234,16.494,15.864,8545.02,13964.585,0.9929051987767584,,0.0
2022-06-27,16.384,16.174,16.384,16.134,3447.0,5636.821,0.992879066912216,,0.0
2022-06-28,16.184,16.534,16.634,16.094,7341.2,12175.323,0.993033033033033,,0.0
2022-06-29,16.654,15.914,16.664,15.844,11662.0,18912.393,0.9927635683094198,,0.0
2022-06-30,15.914,16.104,16.344,15.914,5436.2,8805.995,0.9928483353884094,,0.0
2022-07-01,16.104,16.054000000000002,16.184,15.914,4532.59,7322.105,0.99282622139765,,0.0
2022-07-04,16.184,16.174,16.184,15.844,5265.0,8497.856,0.992879066912216,,0.0
2022-07-05,16.174,15.704,16.334,15.594,7026.39,11237.305,0.9926675094816688,,0.0
2022-07-06,15.814,15.594,15.814,15.394,5936.39,9300.92,0.9926161680458307,,0.0
2022-07-07,15.694,15.934,16.074,15.544,6194.0,9908.695,0.992772585669782,,0.0
2022-07-08,15.784,15.804,16.164,15.654,7476.0,11959.847,0.992713567839196,,0.0
2022-07-11,16.184,16.584,17.594,16.184,24500.57,40863.812,0.9930538922155688,,0.0
2022-07-12,16.584,15.654,16.764,15.514,17900.39,28634.682,0.9926442612555484,,0.0
2022-07-13,15.644,15.584,15.864,15.304,10604.84,16651.885,0.9926114649681528,,0.0
2022-07-14,15.604,15.934,16.034,15.534,7848.02,12564.502,0.992772585669782,,0.0
2022-07-15,15.954,15.494,16.004,15.494,7656.18,12139.562,0.992568866111467,,0.0
2022-07-18,15.374,16.104,16.274,15.374,13881.0,22371.74,0.9928483353884094,,0.0
2022-07-19,16.244,16.304000000000002,16.334,16.094,7548.0,12328.966,0.9929354445797808,,0.0
2022-07-20,16.304000000000002,16.344,16.524,16.194,6326.0,10401.512,0.9929526123936816,,0.0
2022-07-21,16.384,16.404,16.544,16.294,4481.0,7422.829,0.9929782082324456,,0.0
2022-07-22,16.424,16.454,16.544,16.244,5052.0,8343.472,0.9929993964996984,,0.0
2022-07-25,16.564,16.554000000000002,16.734,16.444,5113.01,8540.866,0.9930413917216556,,0.0
2022-07-26,16.664,16.654,16.684,16.294,8067.0,13404.199,0.993082886106142,,0.0
2022-07-27,16.694,16.594,16.814,16.494,3850.0,6446.761,0.9930580490724118,,0.0
2022-07-28,16.704,16.674,16.754,16.564,4022.02,6751.218,0.9930911256700418,,0.0
2022-07-29,16.764,16.634,16.844,16.594,3696.0,6230.163,0.9930746268656716,,0.0
2022-08-01,16.874,16.774,16.874,16.564,4442.0,7481.746,0.9931320307874482,,0.0
2022-08-02,16.784,16.304000000000002,16.784,16.114,9831.0,16165.18,0.9929354445797808,,0.0
2022-08-03,16.304000000000002,16.204,16.854,16.144000000000002,6868.0,11421.52,0.9928921568627452,,0.0
2022-08-04,16.244,16.324,16.484,15.934,5866.0,9562.448,0.9929440389294404,,0.0
2022-08-05,16.324,16.434,16.514,16.174,5711.0,9406.353,0.9929909365558912,,0.0
2022-08-08,16.554000000000002,16.784,16.854,16.324,7048.0,11855.809,0.9931360946745562,,0.0
2022-08-09,16.934,17.044,17.044,16.634,7121.84,12129.903,0.9932400932400932,,0.0
2022-08-10,17.044,17.054000000000002,17.134,16.874,6504.0,11138.32,0.9932440302853816,,0.0
2022-08-11,17.044,17.344,17.344,17.034,5527.02,9600.576,0.993356242840779,,0.0
2022-08-12,17.334,17.324,17.514,17.254,6327.0,11068.409,0.993348623853211,,0.0
2022-08-15,17.374,17.274,17.394000000000002,17.164,4409.84,7674.872,0.9933294997124784,,0.0
2022-08-16,17.474,17.584,17.604,17.284,4531.22,7995.269,0.9934463276836158,,0.0
2022-08-17,17.584,17.484,17.634,17.384,4489.0,7896.73,0.9934090909090908,,0.0
2022-08-18,17.484,17.514,17.554000000000002,17.294,3881.0,6820.985,0.9934203062960862,,0.0
2022-08-19,17.514,17.184,17.564,17.124,4775.0,8336.761,0.9932947976878612,,0.0
2022-08-22,17.284,17.184,17.364,17.024,4758.0,8229.301,0.9932947976878612,,0.0
2022-08-23,17.274,17.424,17.424,17.114,6299.27,10957.366,0.9933865450399088,,0.0
2022-08-24,17.404,16.944,17.404,16.894000000000002,7195.0,12413.915,0.993200468933177,,0.0
2022-08-25,16.794,16.924,17.044,16.514,7053.05,11929.134,0.9931924882629108,,0.0
2022-08-26,16.814,16.574,17.384,16.534,5267.0,8955.273,0.9930497303774716,,0.0
2022-08-29,16.644000000000002,16.824,16.834,16.254,4225.0,7088.358,0.9931523022432114,,0.0
2022-08-30,16.594,16.734,17.034,16.574,4648.0,7885.325,0.9931157270029674,,0.0
2022-08-31,16.924,16.304000000000002,17.244,16.284,7526.0,12539.036,0.9929354445797808,,0.0
2022-09-01,16.464,16.494,16.724,16.234,6270.0,10413.923,0.9930162552679108,,0.0
2022-09-02,16.574,17.094,17.144000000000002,16.574,6564.0,11169.078,0.9932597327135386,,0.0
2022-09-05,17.214,17.244,17.324,16.964,6294.02,10858.99,0.9933179723502304,,0.0
2022-09-06,17.244,17.174,17.384,17.044,4836.02,8372.78,0.9932909196067092,,0.0
2022-09-07,17.234,17.024,17.274,16.804000000000002,4805.18,8219.038,0.9932322053675612,,0.0
2022-09-08,17.024,16.684,17.074,16.644000000000002,5955.39,10053.46,0.993095238095238,,0.0
2022-09-09,16.844,16.704,16.934,16.534,6051.0,10166.144,0.993103448275862,,0.0
2022-09-13,16.844,16.894000000000002,17.094,16.684,4909.39,8334.944,0.9931804820693708,,0.0
2022-09-14,16.674,16.734,16.824,16.534,3059.0,5125.949,0.9931157270029674,,0.0
2022-09-15,16.784,16.134,16.844,15.934,6554.0,10756.45,0.9928615384615384,,0.0
2022-09-16,16.144000000000002,15.864,16.294,15.804,5184.8,8370.295,0.9927409261576972,,0.0
2022-09-19,15.754,15.414,16.034,15.264,3917.0,6116.517,0.992530585962653,,0.0
2022-09-20,15.644,15.564,15.664,15.344,4206.0,6568.378,0.9926020408163264,,0.0
2022-09-21,15.564,15.684,15.854,15.274,2893.0,4546.721,0.9926582278481012,,0.0
2022-09-22,15.704,15.604,15.844,15.494,3759.13,5937.132,0.9926208651399492,,0.0
2022-09-23,15.504,14.994,15.634,14.984,3947.0,6036.319,0.9923229649238916,,0.0
2022-09-26,14.974,14.634,15.024,14.514,3144.0,4671.434,0.992135593220339,,0.0
2022-09-27,14.734,15.104,15.334,14.694,5064.91,7659.422,0.9923784494086728,,0.0
2022-09-28,15.034,14.624,15.164,14.624,4658.0,6966.475,0.9921302578018996,,0.0
2022-09-29,14.684,14.594,14.944,14.384,3942.0,5839.35,0.992114208021754,,0.0
2022-09-30,14.604,14.254,14.674,14.194,4620.0,6690.788,0.991927627000696,,0.0
2022-10-10,14.314,14.054,14.454,13.894,3068.0,4366.598,0.9918136908962596,,0.0
2022-10-11,14.054,14.034,14.184,13.814,3200.14,4515.207,0.9918021201413428,,0.0
2022-10-12,14.054,14.404,14.414,13.884,4021.0,5751.907,0.9920110192837466,,0.0
2022-10-13,14.404,14.814,14.964,14.404,6017.0,8933.877,0.9922304085733424,,0.0
2022-10-14,14.814,15.044,15.144,14.814,3466.8,5255.785,0.9923482849604222,,0.0
2022-10-17,15.064,15.444,15.504,14.874,6228.8,9628.928,0.9925449871465296,,0.0
2022-10-18,15.444,15.684,15.764,15.284,3678.0,5784.914,0.9926582278481012,,0.0
2022-10-19,15.364,15.514,15.714,15.294,4893.0,7642.495,0.9925783749200257,,0.0
2022-10-20,15.444,15.414,15.634,15.294,2744.0,4265.222,0.992530585962653,,0.0
2022-10-21,15.564,15.514,15.594,15.294,3028.0,4724.407,0.9925783749200257,,0.0
2022-10-24,15.674,15.374,15.884,15.254,5351.0,8362.463,0.992511297611362,,0.0
2022-10-25,15.474,14.824,15.474,14.724,5934.0,8942.023,0.992235609103079,,0.0
2022-10-26,14.824,15.204,15.364,14.824,6051.8,9269.639,0.9924281984334204,,0.0
2022-10-27,15.374,15.284,15.554,15.224,4069.0,6330.022,0.9924675324675324,,0.0
2022-10-28,15.134,14.714,15.274,14.684,3221.0,4847.42,0.9921780175320296,,0.0
2022-10-31,14.774,14.834,15.044,14.564,5432.0,8099.235,0.9922408026755852,,0.0
2022-11-01,14.904,15.174,15.174,14.854,4395.02,6662.972,0.99241334205363,,0.0
2022-11-02,15.254,15.524,15.594,15.044,6832.0,10639.017,0.9925831202046036,,0.0
2022-11-03,15.454,15.524,15.544,15.214,4858.0,7519.727,0.9925831202046036,,0.0
2022-11-04,15.494,15.784,15.804,15.394,5305.0,8353.534,0.9927044025157232,,0.0
2022-11-07,15.854,16.164,16.254,15.734,8486.0,13756.533,0.9928746928746928,,0.0
2022-11-08,16.164,16.264,16.384,16.004,5861.0,9561.207,0.9929181929181928,,0.0
2022-11-09,16.274,16.114,16.454,16.094,3044.0,4979.842,0.992852741836106,,0.0
2022-11-10,16.114,15.944,16.244,15.884,5378.0,8660.239,0.9927770859277708,,0.0
2022-11-11,15.964,16.104,16.294,15.964,5654.0,9204.739,0.9928483353884094,,0.0
2022-11-14,16.104,16.054000000000002,16.244,15.954,4048.03,6556.125,0.99282622139765,,0.0
2022-11-15,16.144000000000002,16.254,16.294,15.994,3490.02,5684.508,0.9929138668295664,,0.0
2022-11-16,16.454,16.274,16.474,16.164,3404.0,5582.856,0.9929225137278828,,0.0
2022-11-17,16.274,16.364,16.384,16.164,2987.01,4906.991,0.9929611650485436,,0.0
2022-11-18,16.374,16.364,16.534,16.314,3421.0,5651.838,0.9929611650485436,,0.0
2022-11-21,16.384,16.504,16.564,16.084,6126.03,10069.285,0.9930204572803852,,0.0
2022-11-22,16.504,16.214,16.674,16.164,3908.0,6445.315,0.992896509491733,,0.0
2022-11-23,16.314,15.994,16.314,15.754,5923.39,9526.419,0.9927995034140286,,0.0
2022-11-24,15.994,16.284,16.374,15.994,5453.0,8923.801,0.9929268292682928,,0.0
2022-11-25,16.304000000000002,16.044,16.364,15.984000000000002,4030.14,6545.533,0.9928217821782178,,0.0
2022-11-28,16.014,16.074,16.254,15.894000000000002,6575.0,10655.593,0.9928350833848054,,0.0
2022-11-29,16.154,16.214,16.314,15.984000000000002,5495.01,8953.095,0.992896509491733,,0.0
2022-11-30,16.224,15.984000000000002,16.244,15.894000000000002,4210.0,6806.555,0.9927950310559006,,0.0
2022-12-01,16.104,16.104,16.284,16.054000000000002,4935.0,8038.849,0.9928483353884094,,0.0
2022-12-02,16.104,16.274,16.414,16.034,4564.56,7501.552,0.9929225137278828,,0.0
2022-12-05,16.274,16.374,16.444,16.194,6679.69,10970.427,0.9929654335961188,,0.0
2022-12-06,16.374,16.254,16.474,16.194,7078.99,11647.395,0.9929138668295664,,0.0
2022-12-07,16.374,16.244,16.374,16.224,4855.0,7954.434,0.9929095354523227,,0.0
2022-12-08,16.244,16.084,16.364,16.044,4909.0,7974.524,0.9928395061728396,,0.0
2022-12-09,16.154,16.254,16.374,16.004,5636.0,9231.787,0.9929138668295664,,0.0
2022-12-12,16.324,15.934,16.374,15.914,6572.0,10610.808,0.992772585669782,,0.0
2022-12-13,15.954,16.044,16.264,15.944,3618.02,5861.008,0.9928217821782178,,0.0
2022-12-14,15.964,15.874,16.144000000000002,15.834,3805.0,6127.204,0.9927454659161976,,0.0
2022-12-15,15.884,15.904,16.034,15.834,2458.0,3946.51,0.9927590511860176,,0.0
2022-12-16,15.834,15.794,15.944,15.714,4307.01,6852.046,0.9927089880578251,,0.0
2022-12-19,15.774,15.284,15.864,15.234,5638.0,8751.734,0.9924675324675324,,0.0
2022-12-20,15.294,15.604,15.724,15.094,10037.0,15712.148,0.9926208651399492,,0.0
2022-12-21,15.784,15.384,15.784,15.254,5290.0,8206.416,0.992516129032258,,0.0
2022-12-22,15.534,14.804,15.534,14.754,7457.0,11271.455,0.992225201072386,,0.0
2022-12-23,14.804,15.014,15.074,14.574,7620.0,11477.316,0.9923331130204892,,0.0
2022-12-26,15.014,14.964,15.154,14.684,4020.0,6080.352,0.9923076923076924,,0.0
2022-12-27,15.014,14.884,15.174,14.714,5578.0,8341.398,0.9922666666666669,,0.0
2022-12-28,14.874,14.574,14.874,14.484,5115.0,7551.618,0.9921034717494894,,0.0
2022-12-29,14.624,14.474,14.694,14.414,3170.0,4640.62,0.9920493488690884,,0.0
2022-12-30,14.474,14.584,14.674,14.414,3105.0,4554.454,0.992108843537415,,0.0
2023-01-03,14.614,15.034,15.074,14.584,4391.0,6593.224,0.9923432343234324,,0.0
2023-01-04,15.024,15.084,15.234,14.934,7295.0,11112.936,0.9923684210526316,,0.0
2023-01-05,15.164,15.184,15.254,14.964,4559.0,6950.225,0.9924183006535948,,0.0
2023-01-06,15.224,15.134,15.284,14.994,2798.0,4265.791,0.9923934426229508,,0.0
2023-01-09,15.254,15.254,15.284,15.114,3872.09,5932.867,0.9924528301886792,,0.0
2023-01-10,15.244,15.054,15.284,15.004,3394.0,5162.705,0.9923533289386948,,0.0
2023-01-11,15.064,14.814,15.084,14.784,3843.19,5779.622,0.9922304085733424,,0.0
2023-01-12,14.814,14.774,14.914,14.714,6163.21,9176.642,0.9922095366017462,,0.0
2023-01-13,14.784,14.784,14.844,14.654,3270.02,4861.989,0.9922147651006712,,0.0
2023-01-16,14.974,15.284,15.424,14.884,8863.0,13615.576,0.9924675324675324,,0.0
2023-01-17,15.304,15.384,15.414,15.184,3970.0,6120.682,0.992516129032258,,0.0
2023-01-18,15.434,15.594,15.614,15.264,5970.0,9298.3,0.9926161680458307,,0.0
2023-01-19,15.474,15.724,15.764,15.464,4231.0,6672.697,0.9926767676767676,,0.0
2023-01-20,15.764,15.834,15.904,15.494,4543.0,7236.318,0.9927272727272728,,0.0
2023-01-30,15.954,16.094,16.184,15.954,7021.7,11373.168,0.99284392350401,,0.0
2023-01-31,16.094,16.234,16.284,16.014,6858.0,11192.836,0.9929051987767584,,0.0
2023-02-01,16.264,16.554000000000002,16.584,16.204,10568.0,17529.681,0.9930413917216556,,0.0
2023-02-02,16.534,16.664,16.724,16.514,5609.0,9402.954,0.9930870083432658,,0.0
2023-02-03,16.704,16.674,16.734,16.414,6611.0,11029.216,0.9930911256700418,,0.0
2023-02-06,16.584,16.734,16.834,16.424,7073.7,11879.884,0.9931157270029674,,0.0
2023-02-07,16.774,16.754,16.844,16.584,4079.0,6850.115,0.9931238885595732,,0.0
2023-02-08,16.834,16.884,17.024,16.754,5892.7,10024.986,0.9931764705882352,,0.0
2023-02-09,16.884,16.954,17.034,16.804000000000002,5266.92,8982.489,0.9932044522554188,,0.0
2023-02-10,16.864,17.024,17.134,16.804000000000002,4888.0,8379.271,0.9932322053675612,,0.0
2023-02-13,17.144000000000002,17.134,17.174,16.974,4909.58,8451.246,0.9932753623188406,,0.0
2023-02-14,17.164,17.144000000000002,17.244,17.034,4294.0,7407.334,0.993279258400927,,0.0
2023-02-15,17.164,17.144000000000002,17.224,17.054000000000002,3882.0,6697.661,0.993279258400927,,0.0
2023-02-16,17.144000000000002,16.684,17.244,16.494,5633.0,9617.453,0.993095238095238,,0.0
2023-02-17,16.814,16.834,17.084,16.754,8132.02,13860.723,0.9931563421828908,,0.0
2023-02-20,16.814,16.854,17.054000000000002,16.614,4999.0,8433.073,0.9931644077784324,,0.0
2023-02-21,16.854,16.894000000000002,17.054000000000002,16.784,4550.58,7759.117,0.9931804820693708,,0.0
2023-02-22,16.874,17.084,17.084,16.694,4781.0,8170.329,0.9932558139534884,,0.0
2023-02-23,17.164,17.004,17.164,16.864,6799.0,11622.065,0.9932242990654204,,0.0
2023-02-24,16.984,16.984,16.994,16.824,3905.0,6652.856,0.993216374269006,,0.0
2023-02-27,16.984,16.734,17.094,16.584,5855.0,9906.244,0.9931157270029674,,0.0
2023-02-28,16.834,16.944,17.014,16.644000000000002,5942.0,10122.722,0.993200468933177,,0.0
2023-03-01,16.954,17.074,17.104,16.934,5311.0,9107.629,0.9932518906340896,,0.0
2023-03-02,17.164,17.154,17.224,17.044,4113.0,7105.054,0.993283149971048,,0.0
2023-03-03,17.154,16.854,17.154,16.844,4084.0,6963.823,0.9931644077784324,,0.0
2023-03-06,16.984,17.024,17.064,16.884,5302.0,9075.853,0.9932322053675612,,0.0
2023-03-07,17.024,16.704,17.024,16.704,5025.0,8527.327,0.993103448275862,,0.0
2023-03-08,16.734,16.914,16.934,16.604,5167.0,8750.086,0.9931884908984144,,0.0
2023-03-09,16.914,17.184,17.244,16.804000000000002,6070.0,10424.703,0.9932947976878612,,0.0
2023-03-10,17.184,17.074,17.254,16.934,6090.0,10494.184,0.9932518906340896,,0.0
2023-03-13,17.094,16.864,17.334,16.764,6102.7,10429.505,0.9931684334511188,,0.0
2023-03-14,16.864,16.504,16.904,16.234,8939.7,14823.117,0.9930204572803852,,0.0
2023-03-15,16.494,16.634,16.884,16.464,8516.7,14324.532,0.9930746268656716,,0.0
2023-03-16,16.524,16.494,16.884,16.484,6973.0,11701.96,0.9930162552679108,,0.0
2023-03-17,16.544,16.454,16.804000000000002,16.394000000000002,5449.0,9103.622,0.9929993964996984,,0.0
2023-03-20,16.524,16.384,16.564,16.234,6760.0,11131.732,0.992969696969697,,0.0
2023-03-21,16.404,16.844,16.864,16.384,6127.0,10304.797,0.9931603773584906,,0.0
2023-03-22,16.844,17.064,17.124,16.694,4641.0,7959.077,0.9932479627473808,,0.0
2023-03-23,17.014,17.144000000000002,17.164,16.924,5281.0,9068.589,0.993279258400927,,0.0
2023-03-24,17.104,17.134,17.214,17.004,3946.0,6795.651,0.9932753623188406,,0.0
2023-03-27,17.184,17.134,17.234,17.014,4195.0,7236.156,0.9932753623188406,,0.0
2023-03-28,17.234,17.174,17.274,17.044,4047.0,6988.266,0.9932909196067092,,0.0
2023-03-29,17.094,16.934,17.254,16.834,7040.0,12002.323,0.9931964809384164,,0.0
2023-03-30,17.054000000000002,16.784,17.054000000000002,16.664,6613.0,11191.894,0.9931360946745562,,0.0
2023-03-31,16.784,17.034,17.124,16.614,8704.0,14919.441,0.9932361516034984,,0.0
2023-04-03,17.184,17.264,17.264,16.934,7487.0,12920.015,0.993325661680092,,0.0
2023-04-04,17.244,17.024,17.464,16.924,8981.02,15526.489,0.9932322053675612,,0.0
2023-04-06,17.034,16.604,17.034,16.494,7184.0,12076.798,0.993062200956938,,0.0
2023-04-07,16.674,16.664,16.714,16.504,5144.0,8609.549,0.9930870083432658,,0.0
2023-04-10,16.584,16.084,16.784,16.044,10289.0,16879.002,0.9928395061728396,,0.0
2023-04-11,15.994,15.814,16.074,15.694,5818.0,9283.88,0.9927181418706844,,0.0
2023-04-12,15.814,15.944,16.044,15.804,4800.0,7686.122,0.9927770859277708,,0.0
2023-04-13,16.044,15.854,16.064,15.834,3853.0,6180.664,0.9927363807138384,,0.0
2023-04-14,15.884,16.094,16.124,15.884,4927.09,7961.55,0.99284392350401,,0.0
2023-04-17,16.084,16.104,16.244,15.974,4563.0,7388.513,0.9928483353884094,,0.0
2023-04-18,16.124,16.014,16.134,15.804,3636.0,5835.333,0.9928084314941104,,0.0
2023-04-19,16.094,15.884,16.134,15.884,4566.0,7351.567,0.99275,,0.0
2023-04-20,16.044,15.604,16.044,15.514,4132.0,6516.148,0.9926208651399492,,0.0
2023-04-21,15.554,15.284,15.694,15.204,3911.0,6080.021,0.9924675324675324,,0.0
2023-04-24,15.064,15.064,15.214,14.704,7653.0,11541.49,0.9923583662714096,,0.0
2023-04-25,15.064,14.514,15.064,14.384,4840.18,7136.008,0.992071086807929,,0.0
2023-04-26,14.214,14.684,14.854,14.214,4058.0,6016.233,0.992162162162162,,0.0
2023-04-27,14.764,14.924,15.014,14.624,5547.0,8327.171,0.9922872340425531,,0.0
2023-04-28,14.924,15.354,15.364,14.924,4304.0,6587.91,0.9925016160310278,,0.0
2023-05-04,15.334,15.644,15.754,15.134,4661.0,7308.825,0.9926395939086294,,0.0
2023-05-05,15.764,15.554,15.764,15.414,4440.0,6962.77,0.9925973197192088,,0.0
2023-05-08,15.664,15.544,15.784,15.504,3492.0,5488.224,0.9925925925925926,,0.0
2023-05-09,15.584,15.234,15.604,15.234,5047.0,7818.702,0.992442996742671,,0.0
2023-05-10,15.234,15.504,15.574,15.224,3144.0,4901.789,0.992573623559539,,0.0
2023-05-11,15.584,15.814,15.854,15.574,2814.0,4458.693,0.9927181418706844,,0.0
2023-05-12,15.784,15.764,15.934,15.644,4434.01,7053.383,0.9926952141057934,,0.0
2023-05-15,15.774,15.954,16.034,15.714,4263.0,6813.658,0.9927815805849408,,0.0
2023-05-16,16.024,15.964,16.104,15.814,3143.0,5041.68,0.9927860696517412,,0.0
2023-05-17,15.944,16.174,16.184,15.834,3867.0,6256.031,0.992879066912216,,0.0
2023-05-18,15.994,16.194,16.264,15.994,3488.21,5697.228,0.9928877988963826,,0.0
2023-05-19,16.284,16.304000000000002,16.444,16.154,4717.0,7747.68,0.9929354445797808,,0.0
2023-05-22,16.364,16.284,16.404,16.164,3464.0,5678.613,0.9929268292682928,,0.0
2023-05-23,16.284,16.254,16.484,16.204,3288.0,5416.369,0.9929138668295664,,0.0
2023-05-24,16.294,16.354,16.454,16.134,3214.0,5288.198,0.992956891317547,,0.0
2023-05-25,16.484,16.284,16.484,16.044,4303.0,7036.869,0.9929268292682928,,0.0
2023-05-26,16.384,16.334,16.384,16.004,4034.03,6577.716,0.9929483282674773,,0.0
2023-05-29,16.244,16.194,16.414,16.094,3453.0,5639.797,0.9928877988963826,,0.0
2023-05-30,16.174,16.324,16.334,16.024,3834.0,6246.211,0.9929440389294404,,0.0
2023-05-31,16.294,16.044,16.324,15.934,3652.0,5922.514,0.9928217821782178,,0.0
2023-06-01,16.044,15.974,16.274,15.944,5501.7,8916.679,0.9927905531385954,,0.0
2023-06-02,15.944,16.334,16.334,15.904,4727.0,7734.078,0.9929483282674773,,0.0
2023-06-05,16.334,16.454,16.464,16.244,5257.0,8665.705,0.9929993964996984,,0.0
2023-06-06,16.394000000000002,16.014,16.454,15.994,3924.99,6398.476,0.9928084314941104,,0.0
2023-06-07,16.124,16.094,16.134,15.914,2586.0,4177.386,0.99284392350401,,0.0
2023-06-08,16.084,15.974,16.124,15.934,2951.0,4756.397,0.9927905531385954,,0.0
2023-06-09,15.974,15.764,16.154,15.764,3299.0,5286.15,0.9926952141057934,,0.0
2023-06-12,15.874,15.874,16.024,15.424,6136.0,9698.871,0.9927454659161976,,0.0
2023-06-13,15.774,15.954,16.144000000000002,15.774,2725.18,4379.26,0.9927815805849408,,0.0
2023-06-14,16.484,15.854,16.494,15.704,6527.79,10480.368,0.9927363807138384,,0.0
2023-06-15,15.744,15.704,15.934,15.584,5493.0,8685.133,0.9926675094816688,,0.0
2023-06-16,15.719,15.619,15.959,15.619,4359.0,6897.337,0.9948407643312104,,0.0
2023-06-19,15.549,15.479,15.789,15.469,3245.0,5074.607,0.9947943444730076,,0.0
2023-06-20,15.449,15.309,15.579,15.289,4533.8,6990.1,0.9947368421052633,,0.0
2023-06-21,15.249,15.159,15.379,15.149,3250.0,4975.931,0.9946850393700788,,0.0
2023-06-26,15.119,14.889,15.259,14.819,6639.0,10008.914,0.9945891783567136,,0.0
2023-06-27,14.849,15.339,15.399,14.849,8217.8,12616.424,0.9947470817120624,,0.0
2023-06-28,15.329,15.499,15.509,14.989,4974.02,7635.944,0.994801026957638,,0.0
2023-06-29,15.379,15.839,15.889,15.379,5523.99,8753.106,0.9949120603015076,,0.0
2023-06-30,15.869,16.189,16.189,15.759,5549.0,8981.525,0.9950215119852488,,0.0
2023-07-03,16.189,16.259,16.399,16.129,5117.0,8344.813,0.9950428396572828,,0.0
2023-07-04,16.329,16.369,16.399,16.259,4174.99,6862.345,0.9950759878419452,,0.0
2023-07-05,16.399,16.399,16.469,16.309,4121.99,6796.759,0.9950849514563108,,0.0
2023-07-06,16.249,16.519000000000002,16.569,16.159,5187.03,8592.38,0.9951204819277109,,0.0
2023-07-07,16.519000000000002,16.639,16.709,16.329,6170.0,10276.363,0.9951555023923444,,0.0
2023-07-10,16.699,16.439,16.699,16.369,3907.0,6477.356,0.995096852300242,,0.0
2023-07-11,16.519000000000002,16.579,16.669,16.479,4332.0,7215.666,0.9951380552220888,,0.0
2023-07-12,16.579,16.449,16.779,16.409,5483.0,9137.707,0.9950998185117969,,0.0
2023-07-13,16.479,16.579,16.709,16.429000000000002,7168.0,11952.386,0.9951380552220888,,0.0
2023-07-14,16.669,16.719,16.819,16.559,6171.0,10363.543,0.9951785714285716,,0.0
2023-07-17,16.609,16.739,16.809,16.529,5245.0,8799.546,0.9951843043995244,,0.0
2023-07-18,16.769000000000002,16.909,16.989,16.639,5418.0,9172.485,0.9952324896998236,,0.0
2023-07-19,16.909,16.949,16.969,16.799,3129.0,5310.086,0.9952436876100998,,0.0
2023-07-20,16.969,16.769000000000002,17.039,16.719,3879.83,6556.185,0.995192878338279,,0.0
2023-07-21,16.779,16.729,16.899,16.639,4098.02,6895.491,0.9951814396192744,,0.0
2023-07-24,16.739,16.919,16.919,16.669,4294.0,7255.373,0.9952352941176472,,0.0
2023-07-25,17.009,17.089000000000002,17.139,16.919,4751.0,8137.352,0.9952824694234128,,0.0
2023-07-26,17.059,17.099,17.229,16.949,3888.0,6688.208,0.9952852153667054,,0.0
2023-07-27,17.199,17.099,17.259,16.959,4690.0,8055.685,0.9952852153667054,,0.0
2023-07-28,17.069,17.069,17.189,16.859,4355.0,7468.259,0.9952769679300292,,0.0
2023-07-31,17.179000000000002,17.119,17.209,16.919,4454.5,7630.915,0.9952906976744186,,0.0
2023-08-01,17.119,16.909,17.139,16.869,4030.0,6871.046,0.9952324896998236,,0.0
2023-08-02,17.049,17.399,17.919,16.909,24796.3,43497.532,0.995366132723112,,0.0
2023-08-03,17.109,16.659,17.109,16.629,17667.8,29810.008,0.9951612903225808,,0.0
2023-08-04,16.799,16.379,16.839000000000002,16.329,14556.0,24082.604,0.995078979343864,,0.0
2023-08-07,16.479,16.209,16.519000000000002,16.029,6735.36,10985.653,0.9950276243093924,,0.0
2023-08-08,16.219,16.309,16.329,16.019000000000002,5387.0,8760.681,0.995057962172056,,0.0
2023-08-09,16.389,16.119,16.389,16.109,5311.0,8649.997,0.995,,0.0
2023-08-10,16.209,16.289,16.319,16.069,3764.0,6134.7,0.99505192425168,,0.0
2023-08-11,16.309,16.319,16.569,16.299,7215.5,11929.017,0.995060975609756,,0.0
2023-08-14,16.369,16.419,16.499,16.039,4456.0,7282.679,0.9950909090909092,,0.0
2023-08-15,16.499,16.519000000000002,16.719,16.249,6528.0,10813.845,0.9951204819277109,,0.0
2023-08-16,16.439,16.669,16.749,16.379,6223.02,10412.849,0.9951641791044776,,0.0
2023-08-17,16.679000000000002,16.979,16.979,16.349,7612.0,12785.186,0.9952520515826496,,0.0
2023-08-18,16.909,17.369,17.609,16.769000000000002,17037.0,29791.103,0.9953581661891118,,0.0
2023-08-21,17.299,17.359,17.499,17.019000000000002,13243.0,23065.671,0.995355504587156,,0.0
2023-08-22,17.309,16.889,17.479,16.619,9376.0,15983.698,0.9952268709487332,,0.0
2023-08-23,16.969,17.059,17.119,16.719,7191.0,12233.92,0.9952742123687282,,0.0
2023-08-24,16.909,16.619,17.009,16.539,6064.0,10147.919,0.9951497005988024,,0.0
2023-08-25,16.669,16.639,17.089000000000002,16.519000000000002,7798.0,13158.945,0.9951555023923444,,0.0
2023-08-28,17.349,16.839000000000002,17.409,16.699,9813.0,16787.996,0.9952127659574468,,0.0
2023-08-29,16.829,17.509,17.549,16.739,13166.21,22873.187,0.9953951108584423,,0.0
2023-08-30,17.529,17.609,17.759,17.339000000000002,8700.0,15365.338,0.9954211418880724,,0.0
2023-08-31,17.589000000000002,17.589000000000002,17.689,17.369,7604.0,13406.763,0.9954159592529712,,0.0
2023-09-01,17.589000000000002,17.499,17.639,17.379,6397.02,11243.622,0.9953924914675768,,0.0
2023-09-04,17.539,17.889,17.899,17.219,11442.92,20420.456,0.995492487479132,,0.0
2023-09-05,17.829,17.789,17.989,17.639,6784.03,12122.682,0.9954672635702294,,0.0
2023-09-06,17.659,17.699,17.999,17.629,7184.0,12818.665,0.9954443194600676,,0.0
2023-09-07,17.699,17.559,17.839000000000002,17.519000000000002,6709.0,11891.815,0.995408163265306,,0.0
2023-09-08,17.559,17.659,17.829,17.449,6150.0,10921.171,0.99543404735062,,0.0
2023-09-11,17.779,17.579,17.839000000000002,17.369,9400.0,16661.207,0.9954133635334088,,0.0
2023-09-12,17.609,17.729,17.769000000000002,17.339000000000002,7088.0,12501.045,0.9954519932622122,,0.0
2023-09-13,17.699,17.639,17.709,17.499,5716.0,10104.591,0.9954288939051918,,0.0
2023-09-14,17.639,17.419,17.639,17.229,10464.0,18242.846,0.9953714285714286,,0.0
2023-09-15,17.489,17.229,17.499,17.139,6810.0,11818.367,0.9953206239168112,,0.0
2023-09-18,17.219,17.739,17.969,17.219,14891.0,26513.771,0.9954545454545456,,0.0
2023-09-19,17.899,17.479,17.899,17.399,6650.0,11708.065,0.9953872437357631,,0.0
2023-09-20,17.479,17.439,17.699,17.369,3790.0,6676.121,0.9953767123287672,,0.0
2023-09-21,17.439,17.419,17.639,17.319,4595.0,8061.259,0.9953714285714286,,0.0
2023-09-22,17.429000000000002,17.709,17.749,17.299,5670.0,10009.509,0.9954468802698144,,0.0
2023-09-25,17.689,17.629,17.819,17.469,6010.01,10641.591,0.9954263128176172,,0.0
2023-09-26,17.669,17.499,17.669,17.399,4361.8,7656.984,0.9953924914675768,,0.0
2023-09-27,17.499,17.569,17.769000000000002,17.199,5464.8,9683.791,0.9954107648725212,,0.0
2023-09-28,17.569,17.929000000000002,18.069,17.569,9075.0,16328.83,0.9955024986118824,,0.0
2023-10-09,17.999,17.339000000000002,17.999,17.309,8573.0,15104.253,0.995350172215844,,0.0
2023-10-10,17.429000000000002,17.209,17.519000000000002,17.189,5604.0,9753.034,0.9953152111046848,,0.0
2023-10-11,17.269000000000002,17.289,17.399,17.089000000000002,5264.0,9109.336,0.9953367875647668,,0.0
2023-10-12,17.359,17.439,17.769000000000002,17.149,7559.0,13148.683,0.9953767123287672,,0.0
2023-10-13,17.439,16.889,17.439,16.739,8350.0,14190.668,0.9952268709487332,,0.0
2023-10-16,16.989,17.179000000000002,17.209,16.729,7342.0,12545.331,0.9953070683661646,,0.0
2023-10-17,17.179000000000002,17.039,17.379,17.009,4273.0,7363.402,0.9952686915887852,,0.0
2023-10-18,17.109,16.689,17.129,16.659,4241.0,7153.6,0.995169946332737,,0.0
2023-10-19,16.569,16.859,17.479,16.539,7186.37,12315.21,0.9952184179456908,,0.0
2023-10-20,16.949,16.739,17.129,16.599,5139.0,8693.495,0.9951843043995244,,0.0
2023-10-23,16.919,16.669,17.619,16.669,25300.22,43222.786,0.9951641791044776,,0.0
2023-10-24,16.579,17.399,17.899,16.419,34486.5,60513.917,0.995366132723112,,0.0
2023-10-25,17.179000000000002,17.849,18.309,17.169,24636.0,44132.427,0.9954824316787508,,0.0
2023-10-26,17.739,17.319,17.809,17.089000000000002,15772.24,27480.927,0.9953448275862068,,0.0
2023-10-27,17.329,18.439,19.299,17.329,40572.1,74861.772,0.9956263498920088,,0.0
2023-10-30,17.929000000000002,18.019,18.019,17.519000000000002,39691.0,70904.412,0.995524861878453,,0.0
2023-10-31,17.769000000000002,17.889,17.919,17.619,24300.0,43402.19,0.995492487479132,,0.0
2023-11-01,17.779,18.209,18.209,17.779,24546.0,44525.68,0.9955713504647348,,0.0
2023-11-02,18.059,17.929000000000002,18.209,17.709,14981.0,26966.108,0.9955024986118824,,0.0
2023-11-03,17.889,18.009,18.219,17.829,14436.0,26197.985,0.9955223880597016,,0.0
2023-11-06,18.139,18.209,18.499,18.089,13861.0,25395.23,0.9955713504647348,,0.0
2023-11-07,18.299,18.319,18.369,17.929000000000002,11009.0,20169.78,0.9955978260869566,,0.0
2023-11-08,18.269,18.439,18.509,18.159,13567.0,25090.017,0.9956263498920088,,0.0
2023-11-09,18.479,18.409,18.559,18.239,9952.39,18367.855,0.995619253650622,,0.0
2023-11-10,18.349,18.499,18.639,18.199,10513.0,19523.958,0.9956404736275566,,0.0
2023-11-13,18.619,18.589,18.769,18.399,11730.0,21805.268,0.995661489019818,,0.0
2023-11-14,18.539,18.399,18.589,18.229,9413.0,17372.11,0.9956168831168832,,0.0
2023-11-15,18.469,18.389,18.519,18.229,9248.0,17077.118,0.9956145100162426,,0.0
2023-11-16,18.369,18.369,18.519,18.299,7644.0,14136.57,0.995609756097561,,0.0
2023-11-17,18.439,18.529,18.659,18.299,9062.0,16881.274,0.9956475013433638,,0.0
2023-11-20,18.529,18.899,18.939,18.359,13401.0,25159.911,0.9957323498419388,,0.0
2023-11-21,18.899,18.709,18.959,18.649,9335.0,17647.415,0.9956891963810538,,0.0
2023-11-22,18.709,18.499,18.869,18.479,7159.02,13402.005,0.9956404736275566,,0.0
2023-11-23,18.489,18.769,18.799,18.419,5742.0,10782.255,0.9957029177718834,,0.0
2023-11-24,18.859,18.589,18.869,18.489,6660.0,12458.314,0.995661489019818,,0.0
2023-11-27,18.619,18.569,18.769,18.489,7004.0,13072.639,0.995656836461126,,0.0
2023-11-28,18.719,18.919,18.969,18.429,10133.0,19163.254,0.9957368421052633,,0.0
2023-11-29,18.919,18.869,18.949,18.759,7666.0,14523.315,0.9957255936675462,,0.0
2023-11-30,18.969,18.629,18.969,18.419,8117.02,15166.572,0.9956707642971672,,0.0
2023-12-01,18.709,18.639,18.919,18.499,8992.0,16838.517,0.9956730769230768,,0.0
2023-12-04,18.689,18.929,19.029,18.689,10051.0,19065.663,0.9957390846922672,,0.0
2023-12-05,19.019,18.729,19.109,18.729,6553.0,12407.202,0.9956937799043064,,0.0
2023-12-06,18.819,19.219,19.309,18.729,12954.0,24890.502,0.99580310880829,,0.0
2023-12-07,19.259,18.779,19.259,18.669,11235.0,21227.022,0.9957051961823966,,0.0
2023-12-08,19.019,18.009,19.019,17.949,14284.01,26230.746,0.9955223880597016,,0.0
2023-12-11,17.989,18.089,18.569,17.859,15225.58,27762.595,0.9955421023665384,,0.0
2023-12-12,18.159,18.329,18.379,17.899,8426.0,15353.42,0.9956002172732212,,0.0
2023-12-13,18.389,18.529,18.749,18.149,9240.0,17152.186,0.9956475013433638,,0.0
2023-12-14,18.669,18.659,18.869,18.549,9677.0,18173.453,0.9956776947705444,,0.0
2023-12-15,18.719,18.719,18.839,18.439,7761.0,14509.255,0.9956914893617022,,0.0
2023-12-18,18.819,18.539,18.909,18.509,9049.02,16975.835,0.9956498388829216,,0.0
2023-12-19,18.629,18.619,18.799,18.299,5546.0,10315.99,0.995668449197861,,0.0
2023-12-20,18.669,18.679,18.969,18.639,7554.0,14272.762,0.995682302771855,,0.0
2023-12-21,18.749,18.919,18.919,18.199,12561.1,23461.976,0.9957368421052633,,0.0
2023-12-22,18.939,18.519,18.979,18.419,11391.0,21360.677,0.9956451612903228,,0.0
2023-12-25,18.589,18.209,18.589,17.929000000000002,9812.0,17922.4,0.9955713504647348,,0.0
2023-12-26,18.249,18.289,18.509,18.139,10513.7,19312.075,0.9955906369080022,,0.0
2023-12-27,18.409,18.389,18.519,17.919,8910.7,16306.028,0.9956145100162426,,0.0
2023-12-28,18.369,18.779,19.019,18.209,15484.0,29097.339,0.9957051961823966,,0.0
2023-12-29,18.869,19.269,19.359,18.819,16834.01,32439.602,0.995813953488372,,0.0
2024-01-02,19.329,19.649,19.729,19.299,16271.0,31930.37,0.9958945767866194,,0.0
2024-01-03,19.649,19.599,19.829,19.489,9995.0,19686.865,0.9958841463414636,,0.0
2024-01-04,19.599,19.749,19.799,19.479,8982.0,17727.925,0.9959152798789712,,0.0
2024-01-05,19.729,19.319,19.909,19.169,15764.0,30864.529,0.9958247422680412,,0.0
2024-01-08,19.519,19.179,19.539,19.159,9093.0,17619.19,0.9957943925233644,,0.0
2024-01-09,19.259,19.529,19.609,19.199,10032.0,19565.597,0.9958694543600204,,0.0
2024-01-10,19.399,19.359,19.569,19.139,9972.0,19386.91,0.9958333333333332,,0.0
2024-01-11,19.459,19.429,19.599,19.169,7071.0,13791.821,0.9958482829318298,,0.0
2024-01-12,19.459,19.249,19.729,19.219,7919.0,15461.854,0.9958096223486808,,0.0
2024-01-15,19.279,19.219,19.449,19.179,7846.0,15206.137,0.99580310880829,,0.0
2024-01-16,19.319,19.239,19.399,18.879,9288.0,17833.314,0.9958074534161492,,0.0
2024-01-17,19.239,18.839,19.269,18.839,8077.0,15470.122,0.9957188160676532,,0.0
2024-01-18,18.819,18.269,18.889,17.859,15288.89,28031.81,0.9955858310626704,,0.0
2024-01-19,18.419,18.039,18.549,17.969,9931.0,18121.334,0.9955298013245032,,0.0
2024-01-22,18.129,16.719,18.249,16.569,15178.94,26592.365,0.9951785714285716,,0.0
2024-01-23,16.679000000000002,15.769,16.699,15.719,21862.21,34980.906,0.9948895899053628,,0.0
2024-01-24,15.909,16.119,16.519000000000002,15.429,19501.8,31350.143,0.995,,0.0
2024-01-25,16.349,16.939,16.999,16.079,12961.0,21697.094,0.99524089306698,,0.0
2024-01-26,16.999,17.469,17.699,16.999,14209.65,24953.981,0.9953846153846154,,0.0
2024-01-29,17.399,16.649,17.699,16.579,10651.0,18122.082,0.9951583980872684,,0.0
2024-01-30,16.729,15.729,16.739,15.569,17403.94,28102.081,0.994876660341556,,0.0
2024-01-31,15.739,14.499,15.739,14.449,14624.8,22049.319,0.9944444444444444,,0.0
2024-02-01,14.479,13.829,14.499,13.489,17727.99,24754.666,0.994176851186197,,0.0
2024-02-02,13.889,13.039,14.369,12.139,20294.01,27029.796,0.9938262195121952,,0.0
2024-02-05,12.929,10.809,13.029,10.459,43164.35,48524.591,0.9925619834710744,,0.0
2024-02-06,9.289,10.429,10.879,8.929,44171.44,43381.549,0.9922930542340628,,0.0
2024-02-07,10.309,8.939,10.359,8.619,42764.0,40810.094,0.991019955654102,,0.0
2024-02-08,9.159,10.269,10.389,8.249,34410.51,32090.361,0.9921739130434784,,0.0
2024-02-19,10.209,10.839,11.199,10.209,25940.12,27983.854,0.9925824175824176,,0.0
2024-02-20,10.949,11.959,12.339,10.879,32295.26,38322.209,0.9932724252491696,,0.0
2024-02-21,11.969,12.989,13.209,11.769,36707.86,46938.303,0.9938026013771998,,0.0
2024-02-22,12.719,14.459,14.509,12.719,36370.02,50473.114,0.9944291609353508,,0.0
2024-02-23,14.249,15.109,15.409,14.219,33783.07,51154.269,0.9946675444371296,,0.0
2024-02-26,15.029,14.839,15.389,14.749,25557.98,38864.285,0.9945710455764076,,0.0
2024-02-27,14.749,14.899,15.019,14.579,17072.22,25557.19,0.994592790387183,,0.0
2024-02-28,14.919,13.359,15.309,13.139,24461.52,35475.731,0.9939732142857144,,0.0
2024-02-29,13.319,13.859,14.289,12.839,20019.0,27641.779,0.9941893830703014,,0.0
2024-03-01,13.999,14.099,14.189,13.589,14780.13,20702.456,0.9942877291960508,,0.0
2024-03-04,14.099,14.029,14.199,13.799,8686.01,12204.374,0.9942593905031892,,0.0
2024-03-05,14.069,13.529,14.069,13.419,9939.57,13670.231,0.9940484937545924,,0.0
2024-03-06,13.529,13.989,14.079,13.249,18534.0,25915.645,0.9942430703624734,,0.0
2024-03-07,14.039,13.999,14.179,13.749,10062.0,14172.956,0.9942471590909092,,0.0
2024-03-08,14.009,14.189,14.199,13.839,6993.0,9913.584,0.994323756131745,,0.0
2024-03-11,14.719,14.499,14.719,13.919,13530.0,19461.042,0.9944444444444444,,0.0
2024-03-12,14.729,16.149,16.189,14.719,31694.79,49182.615,0.9950092421441776,,0.0
2024-03-13,16.119,16.709,17.159,15.929000000000002,39897.99,66712.012,0.9951756998213224,,0.0
2024-03-14,16.269000000000002,16.819,17.099,16.269000000000002,22544.89,37839.527,0.995207100591716,,0.0
2024-03-15,16.619,18.119,18.299,16.619,30049.0,52811.805,0.9955494505494504,,0.0
2024-03-18,17.749,17.969,18.379,17.669,25920.0,46966.528,0.9955124653739612,,0.0
2024-03-19,17.969,17.199,18.069,17.119,28641.57,50563.331,0.9953125,,0.0
2024-03-20,17.219,16.939,17.549,16.649,20257.0,34513.505,0.99524089306698,,0.0
2024-03-21,16.939,16.919,17.219,16.669,11717.0,19867.001,0.9952352941176472,,0.0
2024-03-22,17.019000000000002,17.929000000000002,18.299,16.849,30081.89,53168.353,0.9955024986118824,,0.0
2024-03-25,17.969,18.269,18.789,17.939,29112.2,53590.965,0.9955858310626704,,0.0
2024-03-26,18.249,18.219,19.039,17.939,17578.0,32596.308,0.9955737704918032,,0.0
2024-03-27,18.169,17.629,18.419,17.479,16368.0,29495.487,0.9954263128176172,,0.0
2024-03-28,17.629,17.709,18.099,17.219,9954.0,17802.744,0.9954468802698144,,0.0
2024-03-29,17.619,18.159,18.799,17.619,21191.0,38921.376,0.9955592105263158,,0.0
2024-04-01,18.239,18.809,18.919,18.049,32568.31,61301.364,0.99571201694018,,0.0
2024-04-02,18.819,20.919,21.289,18.669,52986.01,105131.376,0.9961428571428572,,0.0
2024-04-03,20.859,21.639,21.799,20.329,44136.79,94260.765,0.9962707182320444,,0.0
2024-04-08,21.639,20.909,22.339,20.479,50300.94,108189.137,0.9961410195331112,,0.0
2024-04-09,20.979,22.389,22.599,20.769,33541.52,73006.248,0.9963951935914552,,0.0
2024-04-10,22.419,21.919,22.569,21.619,21468.0,47555.913,0.996318181818182,,0.0
2024-04-11,21.759,21.899,22.249,21.549,13173.0,28962.967,0.99631483166515,,0.0
2024-04-12,21.789,20.519,22.009,20.519,32991.02,70335.33,0.9960679611650486,,0.0
2024-04-15,20.519,18.009,20.679,16.489,64745.26,115833.198,0.9955223880597016,,0.0
2024-04-16,17.609,16.579,17.619,15.779,34412.86,56613.17,0.9951380552220888,,0.0
2024-04-17,16.719,17.339000000000002,17.869,16.719,19815.92,34564.794,0.995350172215844,,0.0
2024-04-18,17.609,17.689,17.919,16.999,15157.27,26662.325,0.9954417557681486,,0.0
2024-04-19,17.509,17.339000000000002,17.839000000000002,16.939,11221.0,19577.614,0.995350172215844,,0.0
2024-04-22,17.369,17.369,17.919,16.799,10370.08,17949.284,0.9953581661891118,,0.0
2024-04-23,17.519000000000002,19.019,19.019,16.749,18570.26,34100.294,0.9957591623036648,,0.0
2024-04-24,19.279,18.619,19.459,18.219,13546.07,25225.324,0.995668449197861,,0.0
2024-04-25,18.599,19.419,19.909,18.419,16774.02,32225.467,0.9958461538461538,,0.0
2024-04-26,19.279,19.409,19.719,18.929,14797.0,28756.087,0.9958440225756798,,0.0
2024-04-29,19.399,20.419,20.729,19.039,19918.89,39736.544,0.9960487804878048,,0.0
2024-04-30,20.319,22.269,22.369,20.319,25457.0,55010.302,0.9963758389261744,,0.0
2024-05-06,22.679,23.069,24.419,21.339,23841.49,54696.213,0.9965010799136068,,0.0
2024-05-07,23.289,24.269,25.869,22.769,31960.06,77650.336,0.9966735112936344,,0.0
2024-05-08,24.519,23.839,24.519,23.779,18644.02,45011.159,0.996613712374582,,0.0
2024-05-09,23.949,24.829,25.369,23.859,24314.27,60319.415,0.9967482938578884,,0.0
2024-05-10,24.729,23.759,24.829,22.509,34221.44,80853.182,0.9966023489932886,,0.0
2024-05-13,23.199,20.399,23.569,20.329,43265.94,94098.282,0.996044921875,,0.0
2024-05-14,20.399,20.819,21.259,20.119,25233.35,52756.843,0.9961244019138756,,0.0
2024-05-15,21.049,20.939,21.499,20.389,16845.89,35557.959,0.9961465271170314,,0.0
2024-05-16,21.209,20.969,21.409,20.669,19454.0,41109.252,0.9961520190023752,,0.0
2024-05-17,21.039,21.869,22.009,20.859,16166.0,34671.68,0.9963097949886104,,0.0
2024-05-20,21.859,21.409,21.969,20.679,15785.0,33719.344,0.9962308050255934,,0.0
2024-05-21,21.409,21.139,21.409,20.889,10843.0,22967.483,0.9961828463713478,,0.0
2024-05-22,21.149,21.519,21.619,21.019,11212.0,24022.152,0.99625,,0.0
2024-05-23,21.649,21.439,21.719,21.059,11861.28,25474.14,0.996236059479554,,0.0
2024-05-24,21.399,22.349,22.819,21.129,21256.24,47402.227,0.9963887650468124,,0.0
2024-05-27,22.139,21.869,22.299,21.219,18381.94,39882.097,0.9963097949886104,,0.0
2024-05-28,21.669,20.939,21.919,20.819,13962.0,29844.572,0.9961465271170314,,0.0
2024-05-29,21.229,21.499,21.699,20.719,9934.28,21311.69,0.9962465245597776,,0.0
2024-05-30,21.799,20.879,21.799,20.349,11070.0,23230.042,0.9961354961832062,,0.0
2024-05-31,20.879,20.769,21.059,20.459,7570.0,15793.751,0.9961151079136692,,0.0
2024-06-03,20.759,20.579,20.829,20.169,9116.0,18741.9,0.996079380445305,,0.0
2024-06-04,20.559,19.709,20.559,19.099,22235.99,43517.841,0.9959070237493683,,0.0
2024-06-05,19.709,19.119,19.709,18.419,9860.07,18833.105,0.99578125,,0.0
2024-06-06,19.119,18.419,19.329,17.929000000000002,16745.0,30969.437,0.9956216216216216,,0.0
2024-06-07,18.429,18.619,18.869,18.059,8236.0,15257.666,0.995668449197861,,0.0
2024-06-11,18.369,18.369,18.619,17.929000000000002,10006.0,18306.966,0.995609756097561,,0.0
2024-06-12,18.479,18.779,19.269,18.299,11533.0,21804.148,0.9957051961823966,,0.0
2024-06-13,18.799,18.779,18.929,18.489,7306.0,13691.784,0.9957051961823966,,0.0
2024-06-14,18.819,18.779,18.819,17.609,12251.28,22793.618,0.9957051961823966,,0.0
2024-06-17,18.759,18.769,18.999,17.839000000000002,13826.02,25547.471,0.9957029177718834,,0.0
2024-06-18,18.769,21.049,21.419,18.569,43437.4,87873.81,0.9961665877898722,,0.0
2024-06-19,21.009,20.299,21.249,19.959,24811.0,51242.253,0.9960255152109913,,0.0
2024-06-20,20.349,20.369,20.519,19.739,16821.0,34144.748,0.996039119804401,,0.0
2024-06-21,20.579,20.399,21.119,20.029,20708.0,42764.539,0.996044921875,,0.0
2024-06-24,20.119,19.899,20.399,18.829,20410.1,39871.433,0.995945945945946,,0.0
2024-06-25,19.769,19.519,19.909,19.059,10474.0,20446.935,0.9958673469387757,,0.0
2024-06-26,19.249,19.529,19.619,19.039,9028.0,17639.394,0.9958694543600204,,0.0
2024-06-27,19.239,19.019,19.549,18.799,8652.0,16555.969,0.9957591623036648,,0.0
2024-06-28,18.869,18.549,19.289,18.319,16412.67,30936.087,0.9956521739130436,,0.0
2024-07-01,18.509,17.049,18.509,16.319,32334.3,56751.481,0.9952714535901926,,0.0
2024-07-02,16.959,16.499,16.959,15.949000000000002,22212.0,36510.635,0.9951145958986732,,0.0
2024-07-03,16.409,16.659,16.749,16.069,11073.0,18316.549,0.9951612903225808,,0.0
2024-07-04,16.589000000000002,16.219,16.779,16.009,9540.0,15574.584,0.9950306748466258,,0.0
2024-07-05,16.049,15.999,16.459,15.719,18358.16,29502.168,0.9949626865671642,,0.0
2024-07-08,15.999,14.149,16.059,14.109,39319.84,57938.848,0.9943078004216443,,0.0
2024-07-09,14.249,14.819,15.079,14.029,28276.34,41554.906,0.9945637583892618,,0.0
2024-07-10,14.869,16.199,16.369,14.819,31798.43,50840.628,0.99502457002457,,0.0
2024-07-11,16.279,16.039,16.799,15.819,28403.0,46193.798,0.9949751861042184,,0.0
2024-07-12,16.159,16.429000000000002,18.249,16.159,39966.1,67516.251,0.9950938824954574,,0.0
2024-07-15,16.209,17.569,18.499,16.139,50657.15,88318.683,0.9954107648725212,,0.0
2024-07-16,17.049,18.919,18.919,15.639,71248.1,121459.599,0.9957368421052633,,0.0
2024-07-17,18.419,19.059,19.969,17.759,69782.51,132955.857,0.99576802507837,,0.0
2024-07-18,18.249,17.519000000000002,18.269,17.019000000000002,47141.0,83257.829,0.9953977272727274,,0.0
2024-07-19,17.259,15.919,17.259,15.919,44666.0,74065.413,0.9949375,,0.0
2024-07-22,15.539,15.439,15.909,15.019,47084.09,72610.36,0.9947809278350516,,0.0
2024-07-23,15.319,14.629,15.539,14.569,31686.0,47903.751,0.9944935418082936,,0.0
2024-07-24,14.519,14.479,14.889,14.309,22722.0,33343.097,0.9944368131868132,,0.0
2024-07-25,14.389,14.669,14.869,14.189,18477.0,27088.765,0.9945084745762712,,0.0
2024-07-26,14.719,14.819,15.079,14.589,15816.02,23602.38,0.9945637583892618,,0.0
2024-07-29,14.979,14.789,14.979,14.669,12965.0,19302.897,0.9945527908540688,,0.0
2024-07-30,14.839,14.609,14.939,14.549,12758.02,18824.146,0.9944860449285228,,0.0
2024-07-31,14.659,15.199,15.219,14.459,17569.0,26347.285,0.9946989528795812,,0.0
2024-08-01,15.279,15.159,15.519,14.929,14202.0,21647.544,0.9946850393700788,,0.0
2024-08-02,15.119,14.999,15.319,14.939,13519.0,20485.22,0.994628647214854,,0.0
2024-08-05,15.049,14.249,15.099,14.239,14787.0,21794.855,0.994347522679693,,0.0
2024-08-06,14.309,14.779,14.809,14.309,16491.0,24280.27,0.9945491251682368,,0.0
2024-08-07,14.829,14.619,14.889,14.529,9951.0,14706.264,0.9944897959183674,,0.0
2024-08-08,14.619,14.579,14.749,14.219,13846.0,20171.643,0.994474761255116,,0.0
2024-08-09,14.599,14.789,14.989,14.599,12300.0,18349.269,0.9945527908540688,,0.0
2024-08-12,14.789,15.059,15.089,14.469,10825.15,16183.604,0.9946499339498018,,0.0
2024-08-13,15.049,15.159,15.219,14.859,9328.0,14120.537,0.9946850393700788,,0.0
2024-08-14,15.159,15.509,15.629,15.019,16629.36,25694.061,0.9948043617703656,,0.0
2024-08-15,15.409,15.109,15.579,15.099,14680.02,22523.822,0.9946675444371296,,0.0
2024-08-16,15.159,14.799,15.419,14.769,15454.34,23148.191,0.9945564516129032,,0.0
2024-08-19,14.709,14.629,15.299,14.569,16270.0,24249.986,0.9944935418082936,,0.0
2024-08-20,14.679,14.169,14.859,14.029,13741.0,19730.301,0.9943157894736844,,0.0
2024-08-21,14.169,14.329,14.499,14.089,12607.0,18189.083,0.9943789035392088,,0.0
2024-08-22,14.419,14.509,14.639,14.209,14250.0,20738.869,0.9944482522275532,,0.0
2024-08-23,14.559,13.979,14.559,13.779,14302.34,20158.099,0.9942389758179232,,0.0
2024-08-26,13.979,14.469,14.549,13.629,14264.34,20601.399,0.9944329896907216,,0.0
2024-08-27,14.549,14.209,14.549,14.099,6885.49,9840.207,0.9943317004898532,,0.0
2024-08-28,14.579,14.499,14.809,14.239,15951.02,23377.952,0.9944444444444444,,0.0
2024-08-29,14.509,14.469,14.609,14.309,13800.0,20024.961,0.9944329896907216,,0.0
2024-08-30,14.499,14.829,15.039,14.339,16471.0,24480.942,0.9945674044265594,,0.0
2024-09-02,14.989,14.619,15.079,14.619,14089.0,20943.051,0.9944897959183674,,0.0
2024-09-03,14.629,14.559,14.779,14.419,9608.0,14064.331,0.9944672131147542,,0.0
2024-09-04,14.479,14.269,14.479,14.129,12518.0,17945.419,0.994355400696864,,0.0
2024-09-05,14.319,14.279,14.449,14.179,9898.0,14237.538,0.9943593314763232,,0.0
2024-09-06,14.279,14.029,14.309,14.019,8365.0,11881.832,0.9942593905031892,,0.0
2024-09-09,14.169,13.959,14.169,13.819,9060.0,12733.418,0.9942307692307693,,0.0
2024-09-10,13.979,13.969,14.059,13.769,10300.0,14389.993,0.99423487544484,,0.0
2024-09-11,13.949,13.789,13.999,13.769,6242.0,8702.532,0.9941600576784428,,0.0
2024-09-12,13.789,13.529,14.009,13.529,9660.0,13407.086,0.9940484937545924,,0.0
2024-09-13,13.699,13.479,13.709,13.429,8827.0,12030.992,0.9940265486725663,,0.0
2024-09-18,13.479,13.389,13.639,13.119,7616.0,10176.846,0.9939866369710468,,0.0
2024-09-19,13.389,13.699,13.799,13.389,11206.0,15401.992,0.9941219158200292,,0.0
2024-09-20,13.749,13.599,13.749,13.459,7920.0,10793.084,0.9940789473684212,,0.0
2024-09-23,13.519,13.729,13.809,13.349,8979.0,12369.046,0.9941346850108618,,0.0
2024-09-24,13.759,14.079,14.079,13.719,11553.07,16171.127,0.9942796610169492,,0.0
2024-09-25,14.209,14.169,14.519,14.149,14272.0,20556.841,0.9943157894736844,,0.0
2024-09-26,14.209,14.479,14.489,14.189,11199.39,16210.56,0.9944368131868132,,0.0
2024-09-27,14.699,15.239,15.409,14.579,24310.26,36665.684,0.9947127937336816,,0.0
2024-09-30,15.489,17.369,17.439,15.489,53172.24,88549.209,0.9953581661891118,,0.0
2024-10-08,20.019,18.869,20.419,17.609,70442.15,132915.647,0.9957255936675462,,0.0
2024-10-09,18.029,16.209,18.049,15.979,45873.48,78775.095,0.9950276243093924,,0.0
2024-10-10,16.269000000000002,16.589000000000002,16.899,16.039,29590.41,49292.432,0.9951409718056388,,0.0
2024-10-11,16.599,15.819,16.799,15.549,20968.2,33775.615,0.9949056603773584,,0.0
2024-10-14,15.809,16.149,16.279,15.599,22404.66,36066.406,0.9950092421441776,,0.0
2024-10-15,16.299,16.119,16.689,15.929000000000002,23067.54,37867.933,0.995,,0.0
2024-10-16,16.049,16.559,16.969,15.919,21499.0,35752.226,0.9951322115384617,,0.0
2024-10-17,16.709,16.339000000000002,16.999,16.249,20562.22,34187.444,0.9950669914738124,,0.0
2024-10-18,16.319,16.739,17.019000000000002,16.139,26673.23,44640.701,0.9951843043995244,,0.0
2024-10-21,16.769000000000002,17.209,17.339000000000002,16.629,26402.0,45288.624,0.9953152111046848,,0.0
2024-10-22,17.209,17.479,17.629,16.939,22748.8,39650.311,0.9953872437357631,,0.0
2024-10-23,17.619,17.649,17.949,17.409,21325.4,37929.332,0.9954314720812184,,0.0
2024-10-24,17.609,18.149,18.199,17.589000000000002,30786.0,55632.387,0.9955567745474492,,0.0
2024-10-25,18.499,19.009,19.069,18.149,51640.27,96828.283,0.9957569408067052,,0.0
2024-10-28,18.909,19.679,20.019,18.439,51804.0,99922.27,0.9959008097165992,,0.0
2024-10-29,19.769,21.079,22.509,19.719,101354.63,212677.238,0.99617202268431,,0.0
2024-10-30,20.799,20.739,21.519,19.949,55697.0,115942.76,0.9961095100864552,,0.0
2024-10-31,20.619,20.619,21.409,20.169,48456.02,100877.69,0.9960869565217392,,0.0
2024-11-01,20.549,19.249,20.749,18.969,49762.62,97774.094,0.9958096223486808,,0.0
2024-11-04,19.149,20.109,20.119,18.579,32287.83,63677.584,0.9959881129271916,,0.0
2024-11-05,20.119,20.619,21.009,19.909,31646.46,65108.827,0.9960869565217392,,0.0
2024-11-06,20.609,21.249,21.799,20.289,43978.07,92280.529,0.9962025316455696,,0.0
2024-11-07,20.919,22.159,22.419,20.909,35765.0,78717.535,0.9963579136690648,,0.0
2024-11-08,22.399,21.929,22.569,21.699,27521.0,60912.322,0.9963198546115404,,0.0
2024-11-11,22.029,21.169,22.219,20.419,31145.2,65814.705,0.9961882352941176,,0.0
2024-11-12,21.169,20.989,21.899,20.759,31430.92,67397.184,0.996155671570954,,0.0
2024-11-13,21.199,21.039,21.409,20.619,17748.27,37409.579,0.9961647727272728,,0.0
2024-11-14,21.139,20.109,21.139,20.019,21384.0,44029.842,0.9959881129271916,,0.0
2024-11-15,20.119,19.719,20.409,19.689,16809.46,33968.492,0.995909090909091,,0.0
2024-11-18,20.039,18.909,20.089,18.719,21398.46,41213.617,0.995734597156398,,0.0
2024-11-19,18.979,19.089,19.099,18.479,16764.0,31697.611,0.995774647887324,,0.0
2024-11-20,19.089,19.489,19.529,18.929,17011.0,32941.06,0.9958610117526828,,0.0
2024-11-21,19.489,19.299,19.789,18.949,24101.0,46859.266,0.9958204334365324,,0.0
2024-11-22,19.279,18.319,19.489,18.199,21126.0,40102.835,0.9955978260869566,,0.0
2024-11-25,18.569,19.179,19.209,18.229,24659.0,46698.508,0.9957943925233644,,0.0
2024-11-26,19.289,19.029,19.429,18.969,14314.0,27472.859,0.9957613814756672,,0.0
2024-11-27,19.099,19.039,19.159,18.309,15293.0,28751.317,0.99576359832636,,0.0
2024-11-28,19.049,19.249,19.629,18.839,21802.0,42238.011,0.9958096223486808,,0.0
2024-11-29,19.309,19.489,19.619,18.919,19095.0,37118.938,0.9958610117526828,,0.0
2024-12-02,19.509,20.079,20.119,19.349,24083.0,47812.995,0.9959821428571428,,0.0
2024-12-03,20.069,20.489,21.099,20.029,36184.01,74575.118,0.99606222654351,,0.0
2024-12-04,20.329,20.039,20.889,19.919,26114.0,53090.734,0.9959741550695824,,0.0
2024-12-05,20.029,20.299,20.819,19.419,27700.01,56109.023,0.9960255152109913,,0.0
2024-12-06,20.369,20.199,20.519,19.959,17781.0,36002.576,0.9960059171597634,,0.0
2024-12-09,20.119,20.919,21.009,20.039,32540.0,67570.483,0.9961428571428572,,0.0
2024-12-10,21.319,20.849,21.719,20.799,24932.0,53350.657,0.9961299569995222,,0.0
2024-12-11,20.859,20.749,20.979,20.519,12957.4,26873.776,0.9961113778204512,,0.0
2024-12-12,20.719,20.819,20.899,20.499,11725.0,24453.59,0.9961244019138756,,0.0
2024-12-13,20.919,20.449,20.919,20.139,21766.0,44793.078,0.9960545543107648,,0.0
2024-12-16,20.299,20.819,21.519,19.969,41532.0,86480.731,0.9961244019138756,,0.0
2024-12-17,20.929,20.099,21.839,19.459,40996.22,85282.17,0.995986124876115,,0.0
2024-12-18,19.469,20.219,20.579,19.329,34702.0,69725.929,0.9960098522167488,,0.0
2024-12-19,19.969,19.519,20.269,19.349,23496.0,46390.454,0.9958673469387757,,0.0
2024-12-20,19.719,20.299,20.719,19.389,20681.0,41930.519,0.9960255152109913,,0.0
2024-12-23,20.379,19.729,20.819,19.719,26788.06,54318.045,0.9959111559818272,,0.0
2024-12-24,19.819,20.159,20.689,19.619,27350.4,55434.987,0.995998023715415,,0.0
2024-12-25,20.069,19.939,20.199,18.779,35523.42,69380.398,0.995954045954046,,0.0
2024-12-26,19.819,20.969,21.229,19.819,34386.03,71852.839,0.9961520190023752,,0.0
2024-12-27,21.309,21.019,21.499,20.609,19959.9,42308.723,0.9961611374407584,,0.0
2024-12-30,20.949,20.539,20.949,20.359,12206.2,25250.259,0.9960717749757516,,0.0
2024-12-31,20.449,20.479,21.109,19.949,27577.01,56530.159,0.9960603112840468,,0.0
2025-01-02,20.279,20.039,20.899,19.869,16249.0,33335.517,0.9959741550695824,,0.0
2025-01-03,20.109,19.179,20.259,18.729,20630.0,39905.139,0.9957943925233644,,0.0
2025-01-06,18.799,19.689,20.099,17.919,14671.0,28435.13,0.9959028831562976,,0.0
2025-01-07,19.899,20.529,20.589,19.359,14184.0,28592.567,0.9960698689956332,,0.0
2025-01-08,20.529,20.809,20.869,20.269,13976.8,28991.083,0.9961225466730492,,0.0
2025-01-09,20.809,21.009,21.299,20.609,11881.8,25004.032,0.9961593172119488,,0.0
2025-01-10,21.219,20.569,21.789,20.549,24304.0,51737.214,0.9960774818401936,,0.0
2025-01-13,20.539,20.139,20.839,19.619,12197.34,24676.54,0.9959940652818992,,0.0
2025-01-14,20.179,21.819,21.909,20.049,25768.0,55362.048,0.9963013698630138,,0.0
2025-01-15,21.889,21.639,22.259,21.489,16967.0,37113.737,0.9962707182320444,,0.0
2025-01-16,21.819,21.729,22.119,21.119,13724.0,29670.806,0.9962861072902338,,0.0
2025-01-17,21.919,23.319,23.709,21.489,38387.4,87432.52,0.9965384615384616,,0.0
2025-01-20,23.209,22.919,23.919,22.779,29676.4,69367.218,0.9964782608695651,,0.0
2025-01-21,23.059,22.809,23.579,22.599,21573.0,49913.225,0.9964613368283092,,0.0
2025-01-22,22.619,22.899,23.039,22.099,17223.0,39279.804,0.9964751958224544,,0.0
2025-01-23,23.129,22.269,23.429,22.169,17424.0,39639.171,0.9963758389261744,,0.0
2025-01-24,22.289,22.209,22.539,21.919,10636.0,23683.155,0.9963660834454912,,0.0
2025-01-27,22.239,21.949,22.699,21.819,12085.34,26862.901,0.996323195642306,,0.0
2025-02-05,21.959,21.789,22.339,21.569,11867.0,25953.168,0.9962962962962963,,0.0
2025-02-06,21.789,21.809,22.139,21.519,17876.0,39214.334,0.9962996802192784,,0.0
2025-02-07,21.739,22.229,22.659,21.739,17791.02,39890.088,0.9963693411026444,,0.0
2025-02-10,22.399,23.459,23.589,22.319,32844.02,76311.195,0.9965590484282072,,0.0
2025-02-11,23.659,24.619,24.869,22.949,39746.53,97033.394,0.9967206477732794,,0.0
2025-02-12,24.529,25.139,25.319,24.139,32771.0,81373.17,0.9967882632831088,,0.0
2025-02-13,25.119,24.559,25.279,24.179,25948.0,64297.193,0.9967126623376624,,0.0
2025-02-14,24.489,26.319,27.009,23.969,44513.42,111953.879,0.9969318181818182,,0.0
2025-02-17,26.639,29.899,30.429,26.639,74689.62,218964.448,0.9972981987991996,,0.0
2025-02-18,29.809,27.619,30.119,27.519,44275.0,128069.984,0.9970758122743684,,0.0
2025-02-19,27.339,27.719,28.069,26.999,31475.02,87023.101,0.9970863309352518,,0.0
2025-02-20,27.949,27.849,28.909,27.749,24592.0,69510.0,0.9970998925886144,,0.0
2025-02-21,28.199,27.949,28.309,27.099,24429.0,67721.571,0.9971102390296112,,0.0
2025-02-24,27.919,28.649,29.169,27.869,29932.92,86148.917,0.9971806474068916,,0.0
2025-02-25,28.569,28.179,28.689,27.089,23101.0,64477.342,0.9971337579617836,,0.0
2025-02-26,28.189,28.679,29.089,28.139,23814.0,68549.177,0.9971835883171072,,0.0
2025-02-27,28.969,28.719,29.089,27.689,23910.0,67905.859,0.9971875,,0.0
2025-02-28,29.019,28.619,29.719,28.359,35958.59,104772.617,0.997177700348432,,0.0
2025-03-03,29.069,30.029,30.409,28.819,33523.01,100257.936,0.9973098638326138,,0.0
2025-03-04,30.409,33.199,34.218999999999994,30.409,50247.39,162728.263,0.9975661057692308,,0.0
2025-03-05,32.439,32.889,33.248999999999995,32.019,31587.0,102884.893,0.9975432211101,,0.0
2025-03-06,32.569,31.139,32.569,29.969,72149.74,223995.012,0.9974055092889174,,0.0
2025-03-07,30.319,28.979,30.749,28.559,45392.0,135180.972,0.9972126634549208,,0.0
2025-03-10,28.979,29.769,29.909,28.719,40098.0,117279.751,0.997286432160804,,0.0
2025-03-11,29.579,30.199,30.369,28.979,22564.0,67511.539,0.9973249669749008,,0.0
2025-03-12,29.919,29.759,30.419,29.419,16998.0,50715.458,0.9972855227882038,,0.0
2025-03-13,29.849,29.859,30.269,29.329,13995.0,41710.574,0.9972945891783568,,0.0
2025-03-14,29.859,29.659,30.319,29.089,14831.0,43936.126,0.9972763954270344,,0.0
2025-03-17,29.669,31.479,32.019,29.669,33135.49,103137.286,0.9974334600760456,,0.0
2025-03-18,31.769,31.569,32.069,31.319,26857.0,85085.3,0.9974407582938388,,0.0
2025-03-19,31.569,31.789,32.239,31.319,19983.0,63612.104,0.997458424850957,,0.0
2025-03-20,31.889,31.259,31.889,31.029,24389.0,76831.728,0.9974154435226548,,0.0
2025-03-21,31.199,30.499,31.529,30.249,24313.02,75054.431,0.997351209941138,,0.0
2025-03-24,30.219,29.779,31.709,28.799,25937.49,77695.973,0.9972873409243136,,0.0
2025-03-25,29.779,27.629,29.779,27.399,34076.49,96302.721,0.9970768675568388,,0.0
2025-03-26,27.599,29.399,30.289,27.549,33579.0,97628.096,0.9972523744911804,,0.0
2025-03-27,29.219,29.259,29.719,28.919,15086.0,44289.42,0.997239263803681,,0.0
2025-03-28,28.999,29.039,29.649,28.919,10508.4,30699.431,0.9972184065934068,,0.0
2025-03-31,29.039,29.849,30.289,28.819,18412.0,54512.317,0.9972936852656198,,0.0
2025-04-01,30.199,30.829,31.499,29.359,24074.3,74597.887,0.9973794888385636,,0.0
2025-04-02,30.779,32.569,32.748999999999995,30.639,34282.0,110024.677,0.9975191424196016,,0.0
2025-04-03,32.419,32.809,32.869,31.649,29027.0,94026.099,0.9975372453633322,,0.0
2025-04-07,31.159,28.839,32.569,28.119,36533.0,111173.312,0.9971991701244812,,0.0
2025-04-08,29.259,30.679,30.679,28.929,35490.0,105861.637,0.997366710013004,,0.0
2025-04-09,29.719,29.909,30.719,27.949,31173.0,92220.273,0.9972990996999,,0.0
2025-04-10,30.919,29.789,30.919,29.429,33065.84,100720.978,0.997288249079344,,0.0
2025-04-11,29.619,29.719,30.709,29.379,19981.0,60008.155,0.9972818791946308,,0.0
2025-04-14,30.119,30.129,31.619,29.819,26215.13,80383.481,0.9973187686196624,,0.0
2025-04-15,29.919,29.289,30.219,29.099,12967.01,38436.39,0.9972420837589376,,0.0
2025-04-16,28.929,29.769,30.209,28.679,13787.47,40853.448,0.997286432160804,,0.0
2025-04-17,29.759,29.639,30.049,29.189,10134.19,30085.116,0.9972745625841184,,0.0
2025-04-18,29.799,29.719,30.189,29.139,11550.0,34390.86,0.9972818791946308,,0.0
2025-04-21,29.689,29.919,31.169,29.579,21363.66,64942.879,0.9973,,0.0
2025-04-22,29.599,28.969,30.219,28.929,13107.51,38288.094,0.997211703958692,,0.0
2025-04-23,28.999,29.159,29.449,28.839,7911.0,23072.484,0.9972298221614228,,0.0
2025-04-24,29.189,29.079,29.779,28.559,10684.0,31242.202,0.9972222222222222,,0.0
2025-04-25,28.829,28.779,29.379,28.659,7477.66,21612.553,0.9971933471933472,,0.0
2025-04-28,28.779,28.119,29.019,27.869,14843.66,41878.86,0.997127659574468,,0.0
2025-04-29,28.129,28.709,29.109,28.119,13029.0,37582.223,0.997186523098298,,0.0
2025-04-30,28.719,29.369,29.519,28.219,12130.0,35205.308,0.9972495755517828,,0.0
2025-05-06,29.909,30.439,30.719,29.519,15419.0,46846.276,0.997346002621232,,0.0
2025-05-07,30.919,30.889,31.119,30.149,16104.82,49577.075,0.9973845657087504,,0.0
2025-05-08,30.919,30.649,31.119,30.319,11617.22,35772.337,0.9973641392775788,,0.0
2025-05-09,30.829,30.649,30.989,30.319,8440.0,25914.614,0.9973641392775788,,0.0
2025-05-12,30.649,30.539,31.349,30.119,13041.0,39705.739,0.9973546701502286,,0.0
2025-05-13,30.519,30.029,31.019,29.859,12412.0,37691.092,0.9973098638326138,,0.0
2025-05-14,30.049,30.139,30.569,29.689,8699.0,26255.268,0.9973196558570484,,0.0
2025-05-15,30.319,29.939,32.218999999999994,29.779,39079.0,121121.514,0.9973017988007996,,0.0
2025-05-16,29.839,29.899,30.419,29.199,17631.0,52708.27,0.9972981987991996,,0.0
2025-05-19,29.889,29.799,30.269,29.169,13136.0,39032.318,0.997289156626506,,0.0
2025-05-20,29.679,30.799,31.419,29.679,25448.0,78752.096,0.9973769430051812,,0.0
2025-05-21,31.069,34.099,35.419,31.069,73982.36,249353.014,0.9976301930953774,,0.0
2025-05-22,34.419,32.819,34.419,32.759,42470.0,142781.639,0.9975379939209724,,0.0
2025-05-23,32.819,32.358999999999995,33.498999999999995,32.119,26995.0,88686.383,0.9975030826140566,,0.0
2025-05-26,32.909,30.839,33.099,30.149,52819.0,165320.158,0.9973803363518758,,0.0
2025-05-27,30.849,30.879,31.109,30.459,21987.0,67870.575,0.9973837209302324,,0.0
2025-05-28,30.879,30.309,31.049,30.129,17167.0,52439.112,0.9973346495557748,,0.0
2025-05-29,30.319,34.678999999999995,35.409,30.319,69554.23,232229.916,0.9976697353279632,,0.0
2025-05-30,32.788999999999994,30.939,32.919,30.439,54164.34,169703.905,0.9973887814313348,,0.0
2025-06-03,31.919,30.819,31.919,30.509,22176.93,68681.941,0.997378640776699,,0.0
2025-06-04,30.719,30.859,31.099,30.569,18202.55,56327.31,0.9973820297349708,,0.0
2025-06-05,30.829,29.669,30.829,29.219,31218.55,93050.436,0.9972773109243698,,0.0
2025-06-06,29.739,29.939,30.219,29.519,18477.0,55326.122,0.9973017988007996,,0.0
2025-06-09,29.859,29.929,30.309,29.689,15124.0,45340.406,0.9973008997001,,0.0
2025-06-10,29.919,29.189,29.999,28.689,20717.0,60894.488,0.9972326614280834,,0.0
2025-06-11,29.189,29.229,29.499,28.919,9260.0,27172.202,0.997236438075742,,0.0
2025-06-12,29.219,29.479,29.719,29.099,10090.0,29765.843,0.9972598105548038,,0.0
2025-06-13,29.239,29.559,29.599,28.749,11757.0,34433.659,0.9972672064777328,,0.0
2025-06-16,29.269,30.159,30.439,29.219,17624.0,52706.059,0.9973214285714286,,0.0
2025-06-17,30.319,29.989,30.399,29.579,14221.0,42521.968,0.9973062853342202,,0.0
2025-06-18,29.899,29.559,29.989,29.139,8935.0,26410.702,0.9972672064777328,,0.0
2025-06-19,29.462,28.842,29.632,28.772,8946.0,26098.348,0.9986842105263156,,0.0
2025-06-20,28.942,28.652,29.192,28.492,7464.0,21515.819,0.9986754966887416,,0.0
2025-06-23,28.612,29.132,29.182,28.422,8507.0,24602.542,0.9986972917380872,,0.0
2025-06-24,29.622,29.492,29.662,29.032,9784.0,28805.983,0.9987131730443616,,0.0
2025-06-25,29.902,29.862,30.112,29.392,12582.07,37482.835,0.9987290969899666,,0.0
2025-06-26,29.732,29.872,30.252,29.482,15902.3,47617.477,0.9987295218990304,,0.0
2025-06-27,29.992,30.172,30.312,29.482,16191.78,48550.535,0.99874213836478,,0.0
2025-06-30,30.332,31.382,31.752,29.822,29055.3,90111.92,0.998790579248886,,0.0
2025-07-01,31.462,31.532,31.962,31.042,19962.0,62757.618,0.998796325625594,,0.0
2025-07-02,31.532,30.732,31.602,30.512,13573.0,42047.506,0.9987650308742282,,0.0
2025-07-03,31.042,30.312,31.042,30.162,11630.0,35363.955,0.9987479406919276,,0.0
2025-07-04,30.292,30.012,30.342,29.682,10293.0,30836.836,0.9987354409317803,,0.0
2025-07-07,30.012,29.702,30.132,29.472,8553.0,25448.881,0.9987222595830532,,0.0
2025-07-08,29.932,29.992,30.042,29.552,7861.0,23493.511,0.9987345987345988,,0.0
2025-07-09,30.162,29.132,30.162,29.112,14602.0,43073.876,0.9986972917380872,,0.0
2025-07-10,29.412,28.742,29.412,28.362,16608.21,47841.103,0.998679638637943,,0.0
2025-07-11,28.622,28.962,29.252,28.622,11754.53,34074.046,0.9986896551724138,,0.0
2025-07-14,28.962,28.922,29.102,28.692,8269.0,23950.849,0.9986878453038674,,0.0
2025-07-15,28.932,28.222,28.992,28.112,13731.0,39030.516,0.9986553432413304,,0.0
2025-07-16,28.472,28.012,28.792,27.862,15117.0,42648.816,0.9986452762923352,,0.0
2025-07-17,28.152,28.622,28.742,27.562,21229.0,59668.848,0.9986741102581996,,0.0
2025-07-18,28.622,28.532,28.712,28.262,9443.0,26871.944,0.9986699334966748,,0.0
2025-07-21,28.752,28.652,28.782,27.962,12145.93,34518.445,0.9986754966887416,,0.0
2025-07-22,28.652,28.672,28.852,28.402,9922.0,28402.641,0.9986764193660744,,0.0
2025-07-23,28.582,28.182,29.142,28.172,14142.0,40391.679,0.9986534372785258,,0.0
2025-07-24,28.182,28.612,28.612,28.002,10127.3,28764.601,0.998673647469459,,0.0
2025-07-25,28.792,29.722,30.132,28.312,29824.0,88045.153,0.9987231182795698,,0.0
2025-07-28,29.842,29.682,29.882,28.962,21636.75,64100.297,0.998721399730821,,0.0
2025-07-29,29.662,29.242,29.862,29.052,10814.0,31733.553,0.9987021857923496,,0.0
2025-07-30,29.242,28.792,29.572,28.482,12635.0,36633.585,0.9986819285466528,,0.0
2025-07-31,28.872,28.482,29.122,28.382,15652.53,45026.131,0.9986676016830296,,0.0
2025-08-01,28.502,28.482,28.692,28.222,11887.53,33849.036,0.9986676016830296,,0.0
2025-08-04,28.452,29.712,30.652,28.192,32775.34,97602.929,0.9987226890756302,,0.0
2025-08-05,29.662,30.062,30.172,29.412,20376.11,60821.092,0.9987375415282392,,0.0
2025-08-06,30.562,31.022,31.212,30.032,42174.87,129672.53,0.9987765614938828,,0.0
2025-08-07,30.952,31.122,31.762,30.762,27850.0,87098.471,0.998780487804878,,0.0
2025-08-08,31.212,31.672,31.932,30.762,26183.04,82534.957,0.9988016398612424,,0.0
2025-08-11,31.592,33.082,33.752,31.312,45698.0,148581.658,0.9988526570048312,,0.0
2025-08-12,32.982000000000006,33.30200000000001,33.332,32.542,27169.0,89464.591,0.9988602279544092,,0.0
2025-08-13,33.842000000000006,32.762,34.162000000000006,32.572,35126.92,117267.413,0.9988414634146342,,0.0
2025-08-14,33.212,32.252,33.312000000000005,32.012,26329.46,86258.13,0.9988231650665842,,0.0
2025-08-15,32.342000000000006,32.30200000000001,32.952000000000005,31.812,25260.3,81680.921,0.9988249845392704,,0.0
2025-08-18,32.462,33.462,33.55200000000001,32.112,30124.0,99644.505,0.9988656716417912,,0.0
2025-08-19,33.312000000000005,33.732000000000006,34.022000000000006,32.822,29552.3,98960.605,0.998874740894285,,0.0
2025-08-20,33.662000000000006,34.30200000000001,36.362,33.292,53920.35,187919.802,0.99889341875364,,0.0
2025-08-21,34.162000000000006,33.952000000000005,35.712,33.292,67532.24,231387.448,0.9988820241247428,,0.0
2025-08-22,33.952000000000005,33.722,34.632000000000005,32.992000000000004,37993.2,128082.484,0.9988744075829384,,0.0
2025-08-25,33.972,34.912000000000006,34.962,33.482000000000006,32750.0,113464.171,0.9989127324749644,,0.0
2025-08-26,34.642,34.472,35.432,33.972,37676.0,129892.611,0.9988988698927848,,0.0
2025-08-27,34.402,32.962,35.112,32.882000000000005,34619.0,118288.709,0.998848484848485,,0.0
2025-08-28,32.962,33.402,33.492000000000004,31.692,23608.0,77448.202,0.9988636363636364,,0.0
2025-08-29,33.402,33.562000000000005,33.962,32.912000000000006,17573.0,58961.59,0.9988690476190476,,0.0
2025-09-01,33.622,36.522000000000006,37.952000000000005,33.572,56692.27,204479.58,0.9989606126914662,,0.0
2025-09-02,37.452000000000005,37.432,39.262,36.972,55116.0,210619.082,0.9989858553509476,,0.0
2025-09-03,37.442,36.952000000000005,38.222,35.972,34789.25,128762.726,0.9989726953230604,,0.0
2025-09-04,36.962,37.222,38.932,36.562000000000005,43007.0,162081.204,0.9989801395598498,,0.0
2025-09-05,37.392,38.482000000000006,38.642,36.562000000000005,29477.0,111509.293,0.9990134994807892,,0.0
2025-09-08,38.442,39.512,40.382000000000005,37.732000000000006,37191.41,146857.921,0.999039190897598,,0.0
2025-09-09,39.352,39.772000000000006,40.012,38.482000000000006,32147.0,125838.607,0.999045465963326,,0.0
2025-09-10,39.702000000000005,39.962,40.422,39.082,28772.3,114808.654,0.99905,,0.0
2025-09-11,39.612,39.012,39.852,38.262,21980.41,86291.388,0.9990268886043536,,0.0
2025-09-12,39.082,39.242,40.042,39.062000000000005,21596.0,85490.538,0.9990325865580448,,0.0
2025-09-15,39.242,40.562000000000005,41.562000000000005,39.202000000000005,30103.21,121955.95,0.9990640394088672,,0.0
2025-09-16,40.962,39.262,40.962,39.042,23933.0,95201.745,0.9990330788804072,,0.0
2025-09-17,39.262,38.742,39.692,38.372,18905.0,73668.463,0.9990201134605468,,0.0
2025-09-18,38.55200000000001,38.382000000000005,39.332,37.772000000000006,18266.75,70436.402,0.9990109318063508,,0.0
2025-09-19,38.562000000000005,38.712,39.852,38.412000000000006,17811.05,69588.032,0.9990193548387096,,0.0
2025-09-22,39.772000000000006,40.992,41.352,38.762,32141.41,129809.788,0.9990738484036072,,0.0
2025-09-23,41.012,40.482000000000006,41.55200000000001,39.352,23697.0,95216.58,0.9990621915103652,,0.0
2025-09-24,40.452000000000005,39.352,40.772000000000006,39.082,20012.41,79386.393,0.9990352881441992,,0.0
2025-09-25,39.852,39.342000000000006,42.452000000000005,38.972,31819.0,128282.797,0.9990350431691216,,0.0
2025-09-26,39.732000000000006,39.062000000000005,39.732000000000006,38.162000000000006,22609.0,88056.041,0.9990281329923274,,0.0
2025-09-29,38.762,39.05200000000001,39.292,38.192,21138.0,82060.079,0.999027884369404,,0.0
2025-09-30,39.252,41.072,41.562000000000005,39.062000000000005,33873.34,137777.068,0.999075650693262,,0.0
2025-10-09,41.072,38.542,41.272000000000006,37.932,43239.0,169615.141,0.9990150336962156,,0.0
2025-10-10,38.622,39.572,39.842000000000006,38.292,22829.0,89941.006,0.9990406463014392,,0.0
2025-10-13,38.512,41.832,43.612,38.212,46621.11,192043.164,0.99909242894674,,0.0
2025-10-14,42.832,40.562000000000005,43.042,40.292,28405.0,118737.105,0.9990640394088672,,0.0
2025-10-15,40.962,41.432,41.55200000000001,40.062000000000005,15799.0,64729.412,0.999083674945744,,0.0
2025-10-16,41.382000000000005,41.082,42.432,40.612,17239.0,71683.913,0.9990758754863814,,0.0
2025-10-17,41.082,40.55200000000001,41.342000000000006,39.872,14354.0,58129.82,0.9990638088199064,,0.0
2025-10-20,41.392,41.672,42.062000000000005,40.572,17321.0,71819.465,0.9990889474946056,,0.0
2025-10-21,41.692,44.312000000000005,44.422,41.192,30439.0,131570.624,0.9991431792559188,,0.0
2025-10-22,44.112,42.592000000000006,44.722,41.662000000000006,27370.0,118339.445,0.9991086089608258,,0.0
2025-10-23,42.462,42.662000000000006,43.392,41.982000000000006,16730.0,71459.87,0.9991100702576112,,0.0
2025-10-24,42.502,43.432,45.352,42.442,25680.0,113796.543,0.9991258339084428,,0.0
2025-10-27,43.952000000000005,46.712,46.922,43.852,39644.97,181981.619,0.9991871657754012,,0.0
2025-10-28,46.562000000000005,46.422,46.722,45.562000000000005,19672.97,90712.511,0.9991820921222556,,0.0
2025-10-29,46.422,47.442,47.602,45.762,21220.42,99721.176,0.9991996630160068,,0.0
2025-10-30,47.452000000000005,47.072,48.762,46.492,26075.0,124171.596,0.9991933772022926,,0.0
2025-10-31,47.002,46.252,47.812000000000005,45.862,20338.0,94443.593,0.9991790883560164,,0.0
2025-11-03,46.252,45.982000000000006,47.152,45.152,18939.0,86897.869,0.999174272055628,,0.0
2025-11-04,46.142,47.352,47.612,45.622,19514.0,91505.185,0.999198143068158,,0.0
2025-11-05,46.862,47.362,48.732000000000006,46.412000000000006,19875.0,94418.246,0.999198312236287,,0.0
2025-11-06,47.262,47.682,47.762,46.512,16423.0,77262.914,0.9992036881810562,,0.0
2025-11-07,47.462,46.962,48.822,46.482000000000006,20459.42,97557.091,0.9991914893617022,,0.0
2025-11-10,46.962,46.092000000000006,47.322,45.972,15401.0,71490.123,0.99917624105788,,0.0
2025-11-11,46.202000000000005,46.962,47.892,45.962,17602.0,83129.103,0.9991914893617022,,0.0
2025-11-12,46.952000000000005,47.082,47.822,46.242,16102.02,75835.152,0.9991935483870968,,0.0
2025-11-13,47.102,47.082,47.332,46.482000000000006,9648.0,45358.038,0.9991935483870968,,0.0
2025-11-14,47.042,46.962,48.562000000000005,46.672,16546.0,78754.365,0.9991914893617022,,0.0
2025-11-17,46.942,48.842000000000006,48.952000000000005,46.432,25920.0,124721.808,0.9992225859247136,,0.0
2025-11-18,48.362,46.562000000000005,48.762,46.462,23798.0,112553.054,0.9991845493562233,,0.0
2025-11-19,46.562000000000005,46.732000000000006,47.242,44.982000000000006,14990.0,69001.053,0.9991875133632672,,0.0
2025-11-20,46.972,47.742,47.962,45.932,14573.0,68861.566,0.9992046881540394,,0.0
2025-11-21,47.712,45.812000000000005,47.962,45.512,15872.0,74055.544,0.9991712104689204,,0.0
2025-11-24,46.682,45.112,46.682,42.462,23310.0,103731.524,0.9991583610188262,,0.0
2025-11-25,45.272000000000006,46.842000000000006,47.822,45.272000000000006,20028.02,94054.591,0.999189419795222,,0.0
2025-11-26,46.892,45.792,46.892,45.782,15930.0,73615.786,0.9991708487890028,,0.0
2025-11-27,45.912000000000006,47.742,48.452000000000005,45.822,27025.0,128503.309,0.9992046881540394,,0.0
2025-11-28,47.742,50.612,50.962,47.30200000000001,32773.0,162436.376,0.9992497532082922,,0.0
2025-12-01,50.692,48.852,51.012,48.762,24387.0,120845.312,0.9992227449376152,,0.0
2025-12-02,48.862,47.212,48.862,46.972,17374.0,83018.837,0.9991957671957672,,0.0
2025-12-03,47.212,47.462,48.442,46.812000000000005,14840.42,70502.244,0.9992,,0.0
2025-12-04,47.462,46.542,48.112,46.132000000000005,11052.0,51649.061,0.9991841992271362,,0.0
2025-12-05,46.582,47.242,47.602,46.212,11862.0,55912.875,0.99919627749577,,0.0
2025-12-08,47.242,47.30200000000001,48.362,46.852,16088.0,76488.133,0.9991972961554711,,0.0
2025-12-09,47.292,47.532,48.462,46.622,15398.0,73139.044,0.999201177212529,,0.0
2025-12-10,47.422,46.962,47.722,46.662000000000006,11366.0,53393.283,0.9991914893617022,,0.0
2025-12-11,46.762,44.582,47.312000000000005,44.232000000000006,46273.0,211876.809,0.9991483639623489,,0.0
2025-12-12,42.982000000000006,44.102,44.272000000000006,42.762,29872.0,130282.218,0.9991391028545538,,0.0
2025-12-15,44.082,41.932,44.082,40.582,32024.0,134326.12,0.9990945913747916,,0.0
2025-12-16,42.862,43.152,44.162000000000006,40.812000000000005,30597.0,130150.423,0.999120166705256,,0.0
2025-12-17,43.262,45.262,45.562000000000005,42.462,31830.0,140382.241,0.9991611479028698,,0.0
2025-12-18,45.082,42.842000000000006,46.182,42.562000000000005,30180.0,133506.399,0.9991138059701492,,0.0
2025-12-19,42.962,44.142,44.242,42.762,17829.0,77657.624,0.9991398822996832,,0.0
2025-12-22,45.472,52.932,52.982000000000006,44.772000000000006,110111.91,573438.058,0.999282612799698,,0.0
2025-12-23,51.132000000000005,43.962,53.462,43.792,100908.22,469608.627,0.9991363636363636,,0.0
2025-12-24,43.862,46.862,47.442,42.122,62208.2,283344.857,0.9991897654584222,,0.0
2025-12-25,47.372,47.252,48.942,46.692,35839.0,171706.932,0.9991964474518926,,0.0
2025-12-26,47.222,46.292,47.312000000000005,45.462,33476.97,155050.846,0.9991797971077055,,0.0
2025-12-29,46.392,45.272000000000006,46.842000000000006,45.242,26675.0,123324.978,0.9991613330390644,,0.0
2025-12-30,45.142,45.452000000000005,46.372,43.702000000000005,28661.0,129542.555,0.999164651571774,,0.0
2025-12-31,45.452000000000005,45.242,46.132000000000005,44.962,20338.51,92575.591,0.9991607773851592,,0.0
2026-01-05,45.142,45.062000000000005,45.742,44.162000000000006,22913.51,103064.066,0.9991574279379158,,0.0
2026-01-06,45.452000000000005,44.952000000000005,45.472,44.472,18288.0,82006.814,0.9991553678595244,,0.0
2026-01-07,45.062000000000005,43.922,45.512,43.892,20171.0,89399.25,0.9991355777979982,,0.0
2026-01-08,43.662000000000006,43.162000000000006,44.132000000000005,43.062000000000005,15957.0,69419.8,0.9991203703703704,,0.0
2026-01-09,43.162000000000006,43.172,43.522000000000006,42.572,16797.02,72218.134,0.9991205739412172,,0.0
2026-01-12,43.162000000000006,41.132000000000005,43.162000000000006,41.032,33330.0,139451.639,0.9990769978139424,,0.0
2026-01-13,41.132000000000005,40.362,41.842000000000006,40.182,24297.2,99319.556,0.9990594059405942,,0.0
2026-01-14,40.372,40.352,41.222,40.082,17041.82,69315.002,0.9990591730626394,,0.0
2026-01-15,40.192,40.892,40.902,39.932,14114.02,57266.397,0.9990715856340092,,0.0
2026-01-16,40.952000000000005,42.372,42.712,40.712,20479.0,85408.674,0.9991039849092196,,0.0
2026-01-19,42.622,42.382000000000005,43.842000000000006,42.162000000000006,21636.0,92840.566,0.9991041961338992,,0.0
2026-01-20,42.352,41.412000000000006,42.352,41.192,13863.02,57643.252,0.9990832328106152,,0.0
2026-01-21,41.362,41.662000000000006,41.962,41.012,8279.0,34501.482,0.9990887290167868,,0.0
2026-01-22,41.742,41.482000000000006,42.252,41.262,15165.0,63183.105,0.9990847784200386,,0.0
2026-01-23,41.482000000000006,42.792,43.032,40.852,27587.0,116001.594,0.9991127714219006,,0.0
2026-01-26,42.80200000000001,41.562000000000005,42.80200000000001,41.002,18419.0,76839.349,0.9990865384615384,,0.0
2026-01-27,41.562000000000005,41.192,42.112,40.742,14055.0,58127.978,0.999078341013825,,0.0
2026-01-28,41.362,40.512,41.392,40.162000000000006,11251.0,45782.588,0.9990628853267572,,0.0
2026-01-29,40.652,40.712,41.532,40.312000000000005,13269.2,54461.869,0.9990674846625768,,0.0
2026-01-30,40.532,40.872,41.262,40.392,11156.0,45635.617,0.999071131752628,,0.0
2026-02-02,40.522000000000006,40.972,41.852,40.522000000000006,14812.49,61302.691,0.9990733967325044,,0.0
2026-02-03,41.252,42.242,42.372,41.022000000000006,17880.0,74874.517,0.999101229895932,,0.0
2026-02-04,42.592000000000006,42.542,43.382000000000005,41.942,17667.0,75340.097,0.9991075622357916,,0.0
2026-02-05,42.402,42.162000000000006,42.962,41.972,10420.0,44145.347,0.9990995260663508,,0.0
2026-02-06,42.362,43.032,43.372,41.902,12794.58,54966.456,0.9991177153471096,,0.0
2026-02-09,43.462,43.652,43.732000000000006,42.772000000000006,9632.0,41799.156,0.9991302357518884,,0.0
2026-02-10,43.652,43.272000000000006,43.942,43.002,11773.0,51201.597,0.9991226044793352,,0.0
2026-02-11,43.482000000000006,43.072,43.542,42.982000000000006,7426.0,32157.807,0.9991185339828348,,0.0
2026-02-12,43.082,42.55200000000001,43.282,42.362,9382.0,40145.637,0.9991077717774126,,0.0
2026-02-13,42.632000000000005,42.082,42.922,42.062000000000005,7205.4,30567.177,0.9990978157644824,,0.0
2026-02-24,42.292,42.042,42.572,41.462,8452.0,35498.443,0.9990969581749052,,0.0
2026-02-25,42.252,41.812000000000005,42.612,41.592000000000006,7685.0,32363.174,0.9990919952210277,,0.0
2026-02-26,42.012,41.342000000000006,42.012,40.962,11352.0,46979.261,0.9990816819719672,,0.0
2026-02-27,41.342000000000006,41.202000000000005,41.342000000000006,40.842000000000006,11347.0,46596.688,0.999078564500485,,0.0
2026-03-02,41.112,39.692,41.602,38.392,27765.0,111125.299,0.99904354392147,,0.0
2026-03-03,39.732000000000006,38.712,40.572,38.642,14413.0,57020.61,0.9990193548387096,,0.0
2026-03-04,38.612,38.252,39.042,37.562000000000005,11858.0,45387.361,0.9990075737790548,,0.0
2026-03-05,38.952000000000005,38.242,38.952000000000005,38.05200000000001,8168.0,31379.487,0.999007314524556,,0.0
2026-03-06,38.432,38.522000000000006,38.762,38.05200000000001,11589.0,44647.776,0.9990145228215768,,0.0
2026-03-09,38.372,37.112,38.372,36.872,14798.0,55434.829,0.9989771197846568,,0.0
2026-03-10,37.262,37.792,38.182,37.262,10706.4,40309.934,0.9989955062120012,,0.0
2026-03-11,37.752,36.722,37.892,36.642,12880.0,47904.946,0.9989662676822634,,0.0
2026-03-12,36.792,39.712,42.262,36.792,49828.02,200087.215,0.9990440251572328,,0.0
2026-03-13,37.902,36.962,38.862,36.962,32649.0,122962.165,0.998972972972973,,0.0
2026-03-16,36.962,36.262,37.142,35.832,20895.0,76056.355,0.9989531680440772,,0.0
2026-03-17,36.262,35.562000000000005,36.882000000000005,35.462,12112.0,43821.312,0.998932584269663,,0.0
2026-03-18,35.652,35.322,36.062000000000005,35.05200000000001,11183.0,39543.737,0.998925339366516,,0.0
2026-03-19,35.322,34.312000000000005,35.322,34.062000000000005,14896.0,51708.55,0.9988937409024746,,0.0
2026-03-20,34.612,33.852000000000004,35.222,33.852000000000004,14290.02,49408.251,0.9988787252876956,,0.0
2026-03-23,33.182,32.05200000000001,33.412000000000006,31.312,20363.02,66324.033,0.998815830476784,,0.0
2026-03-24,32.502,33.162000000000006,33.202000000000005,31.962,11456.0,37342.202,0.9988554216867472,,0.0
2026-03-25,33.292,33.812000000000005,34.032000000000004,33.05200000000001,8274.0,27947.347,0.998877400295421,,0.0
2026-03-26,33.772000000000006,33.992000000000004,35.092000000000006,33.562000000000005,16736.0,57393.907,0.9988833382309728,,0.0
2026-03-27,33.772000000000006,34.512,34.712,33.612,10285.0,35420.378,0.9989001447178004,,0.0
2026-03-30,34.532000000000004,33.442,34.732000000000006,33.172000000000004,18570.0,62548.325,0.9988649940262844,,0.0
2026-03-31,33.472,33.192,34.022000000000006,32.862,13696.0,45745.662,0.9988564550105328,,0.0
2026-04-01,33.712,34.272000000000006,34.352000000000004,33.312000000000005,16977.0,57619.616,0.998892451180414,,0.0
2026-04-02,34.132000000000005,33.042,34.192,32.672000000000004,13265.0,44116.32,0.998851269649335,,0.0
2026-04-03,33.032000000000004,32.662000000000006,33.182,32.192,7140.0,23293.222,0.9988379204892968,,0.0
2026-04-07,32.842000000000006,33.262,34.242000000000004,32.842000000000006,11835.0,39616.504,0.998858858858859,,0.0
2026-04-08,33.732000000000006,34.042,34.252,33.55200000000001,12466.0,42352.208,0.9988849765258216,,0.0
2026-04-09,34.042,33.762,34.162000000000006,33.472,8617.48,29121.884,0.9988757396449706,,0.0
2026-04-10,33.972,34.422000000000004,34.632000000000005,33.922000000000004,10072.0,34610.094,0.998897272199652,,0.0
2026-04-13,34.502,33.782000000000004,34.502,28.962,14700.69,49470.841,0.998876404494382,,0.0
2026-04-14,33.982000000000006,34.192,34.312000000000005,33.652,14224.27,48471.553,0.9988898626935436,,0.0
2026-04-15,34.922000000000004,33.962,35.032000000000004,33.762,12838.0,44198.138,0.9988823529411766,,0.0
2026-04-16,34.162000000000006,34.372,34.562000000000005,33.842000000000006,10525.0,36070.542,0.998895669863412,,0.0
2026-04-17,34.422000000000004,35.592000000000006,35.962,33.542,24886.0,86462.868,0.9989334830199272,,0.0
2026-04-20,35.812000000000005,35.942,36.372,35.072,20227.58,72082.744,0.9989438576987216,,0.0
2026-04-21,35.942,35.742000000000004,36.012,35.342000000000006,9124.0,32487.67,0.9989379541643376,,0.0
2026-04-22,35.80200000000001,40.80200000000001,42.282,35.512,70261.9,277688.57,0.9990695396669932,,0.0
2026-04-23,39.932,38.452000000000005,39.962,38.042,39470.0,153439.199,0.9990127305793712,,0.0
2026-04-24,38.452000000000005,36.262,38.642,35.882000000000005,29464.58,108001.495,0.9989531680440772,,0.0
2026-04-27,36.262,36.962,37.852,36.102,20528.0,76037.764,0.998972972972973,,0.0
2026-04-28,37.30200000000001,36.852,37.542,36.112,12659.0,46599.92,0.9989699105448632,,0.0
2026-04-29,36.632000000000005,37.152,37.862,36.262,15063.0,55995.539,0.9989782199516,,0.0
2026-04-30,37.152,37.762,38.022000000000006,37.002,12505.0,47121.209,0.9989947089947092,,0.0
2026-05-06,37.942,39.55200000000001,39.652,37.622,17848.0,69785.241,0.9990401616569842,,0.0
2026-05-07,39.522000000000006,40.282,40.772000000000006,39.272000000000006,25108.54,100665.8,0.9990575396825396,,0.0
2026-05-08,40.292,43.882000000000005,44.732000000000006,39.532,48984.34,208164.961,0.9991347905282332,,0.0
2026-05-11,44.642,46.622,47.462,43.062000000000005,708321700.0,3249785890.0,0.9991855979425632,,0.0
2026-05-12,46.622,45.932,47.112,43.962,51486.76,235636.481,0.999173373939526,,0.0
2026-05-13,45.662000000000006,44.462,46.962,44.262,37653.0,169348.394,0.9991460674157304,,0.0
2026-05-14,44.312000000000005,42.232000000000006,44.312000000000005,42.192,31383.02,134804.619,0.9991010172699316,,0.0
2026-05-15,42.392,41.842000000000006,43.262,41.542,24425.88,103246.492,0.9990926456542504,,0.0
2026-05-18,41.712,41.042,41.762,40.682,18955.0,77907.453,0.9990749756572542,,0.0
2026-05-19,41.3,41.5,43.08,40.5,16208.0,66944.393,1.0,,0.0
2026-05-20,41.5,41.62,42.2,40.77,13700.58,56769.799,1.0,,0.0
2026-05-21,42.12,40.31,45.05,40.3,36588.42,157295.523,1.0,,0.0
2026-05-22,41.2,41.8,42.0,38.51,24795.0,102032.448,1.0,,0.0
2026-05-25,43.0,40.01,44.5,39.86,37387.0,155704.94,1.0,,0.0
2026-05-26,39.51,39.67,41.55,39.2,34759.18,139185.212,1.0,,0.0
2026-05-27,39.13,41.36,42.5,38.2,41227.26,167438.945,1.0,,0.0
2026-05-28,40.99,42.53,43.4,40.99,35248.0,149708.955,1.0,,0.0
2026-05-29,42.55,43.0,44.5,42.0,35124.8,152629.55202,1.0,,0.0
2026-06-01,42.51,43.95,44.9,41.7,40008.0,175114.82489,1.0,,0.0
2026-06-02,44.5,41.33,44.72,41.08,35735.42,151037.22236,1.0,,0.0
2026-06-03,40.86,40.19,41.62,39.29,29606.0,118810.908,1.0,,0.0
2026-06-04,39.33,44.5,47.38,39.11,65560.0,286476.999,1.0,,0.0
2026-06-05,44.0,44.52,47.3,43.02,57391.58,258589.625,1.0,,0.0
2026-06-08,43.0,40.27,44.0,40.0,47854.0,200683.779,1.0,,0.0
2026-06-09,42.43,42.3,42.8,39.8,39432.78,162513.15618,1.0,,0.0
2026-06-10,42.5,40.99,44.25,40.1,31510.17,130523.25133,1.0,,0.0
2026-06-11,40.62,40.98,41.42,39.21,23013.0,92116.311,1.0,,0.0
2026-06-12,41.0,40.21,41.8,39.32,24463.0,99082.55545,1.0,,0.0
2026-06-15,40.32,41.27,42.1,40.11,22004.0,90618.5,1.0,,0.0
2026-06-16,41.09,40.6,41.98,39.92,28810.16,117411.323,1.0,,0.0
2026-06-17,40.4,45.0,47.0,39.3,98329.74,436319.91518,1.0,,0.0
2026-06-18,44.49,49.52,50.0,42.4,109493.0,511615.178,1.0,,0.0
2026-06-22,50.46,54.3,54.45,49.8,90882.66,474011.67191,1.0,,0.0
2026-06-24,48.3,48.78,51.36,46.3,66429.02,326092.8166,1.0,,0.0
2026-06-25,49.52,52.95,57.5,49.5,90020.56,490295.003,1.0,,0.0
2026-06-26,52.42,57.61,59.37,51.13,101950.75,574062.51175,1.0,,0.0
2026-06-29,60.36,53.65,63.0,52.22,98136.61,552083.44863,1.0,,0.0
2026-06-30,55.38,64.38,64.38,53.68,83868.27,490034.64119,1.0,,0.0
2026-07-01,68.0,64.03,69.95,61.11,109315.99,710645.81781,1.0,,0.0
2026-07-03,60.0,59.95,62.5,58.25,61918.0,375003.937,1.0,,0.0
2026-07-06,59.26,52.4,61.33,50.88,68507.57,373085.95416,1.0,,0.0
2026-07-07,53.45,50.94,55.0,50.0,53411.19,276678.60613,1.0,,0.0
2026-07-08,50.68,48.0,51.68,46.93,52934.61,257726.15426,1.0,,0.0
2026-07-09,47.89,47.26,48.74,45.76,35480.0,167645.547,1.0,,0.0
2026-07-10,46.56,47.12,50.44,46.17,40107.48,194623.3938,1.0,,0.0
2026-07-14,46.37,44.91,47.19,44.0,36259.0,164395.55152,1.0,,0.0
2026-07-15,44.85,43.99,46.08,43.22,31806.98,140458.6755,1.0,,0.0
2026-07-16,43.0,42.42,44.0,42.02,23977.0,102990.148,1.0,,0.0
2026-07-17,42.01,36.0,42.56,36.0,47495.12,183373.147,1.0,,0.0
2026-07-20,36.6,32.17,37.31,31.42,55574.0,191743.99728,1.0,,0.0
2026-07-21,32.57,33.66,33.75,28.0,60528.54,189021.12456,1.0,,0.0
2026-07-22,33.93,33.24,35.0,32.82,41048.0,139570.7,1.0,,0.0
2026-07-23,32.91,32.64,33.69,31.45,33802.0,110029.454,1.0,,0.0
2026-07-24,32.31,30.8,32.58,30.67,23544.02,73813.75474,1.0,,0.0
2026-07-27,31.9,33.42,33.86,29.58,50171.02,164195.47428,1.0,,0.0
2026-07-28,32.87,31.68,34.68,31.37,33885.0,111134.629,1.0,,0.0
2026-07-29,31.19,30.2,31.99,29.4,37983.0,115328.1,1.0,,0.0
2026-07-30,30.59,27.38,30.6,26.9,44647.0,126912.551,1.0,,0.0
2026-07-31,29.07,28.82,29.88,28.5,39091.12,114198.7672,1.0,,0.0
2026-08-03,28.5,28.2,29.12,27.7,26417.0,74357.063,1.0,,0.0
2026-08-04,28.5,29.47,29.82,27.96,30405.03,88452.24196,1.0,,0.0
2026-08-05,29.47,31.83,32.22,29.47,35749.0,111081.695,1.0,,0.0
2026-08-06,31.69,32.99,33.33,31.39,37539.91,122409.81701,1.0,,0.0
2026-08-07,33.0,34.36,34.76,32.16,36228.61,121741.79579,1.0,,0.0
2026-08-10,34.6,33.23,34.65,32.53,29198.02,96545.1172,1.0,,0.0
2026-08-11,33.65,33.1,33.9,32.45,28258.5,93439.1565,1.0,,0.0
2026-08-12,33.34,33.82,34.04,33.14,21908.0,73595.11399,1.0,2.47,0.0
2026-08-13,34.0,32.92,34.8,32.8,30416.5,103170.366,1.0,3.43,0.0
2026-08-14,32.78,34.48,35.5,32.73,39694.0,136371.826,1.0,4.48,0.0
2026-08-17,34.27,35.19,35.93,33.81,30916.68,108103.05796,1.0,0.0,0.0
2026-08-18,34.92,34.49,35.36,33.9,22684.0,78208.875,1.0,0.0,0.0
2026-08-19,33.92,32.0,33.92,31.88,25174.0,82510.3805,1.0,0.0,0.0
2026-08-20,32.57,32.61,33.1,31.93,19782.0,64476.80584,1.0,2.2277,2.2303
2026-08-21,32.32,33.7,34.1,31.76,22408.5,74103.148,1.0,2.5235,2.5264
2026-08-24,34.13,32.94,36.0,32.13,29409.0,98463.4225,1.0,3.3118,3.3157
2026-08-25,32.36,33.65,34.18,31.7,30252.01,99995.18175,1.0,3.4068,3.4108
2026-08-26,33.58,32.69,33.58,31.82,36581.0,119549.118,1.0,4.1195,4.1243
2026-08-27,32.51,32.0,32.87,31.5,33193.0,106733.653,1.0,3.738,3.7423
2026-08-28,32.0,33.58,34.06,31.87,43718.01,145476.61462,1.0,4.9232,4.929
2026-08-31,33.32,33.33,33.42,32.41,29713.0,98026.676,1.0,3.3461,3.35
2026-09-01,33.82,32.88,35.0,32.8,28245.0,94365.382,1.0,3.1807,3.1845
2026-09-02,32.71,34.17,36.36,32.36,48456.0,166979.792,1.0,5.4568,5.4632
2026-09-03,34.78,32.81,35.2,32.6,45329.72,151941.78705,1.0,5.1047,5.1107
2026-09-04,32.8,31.62,33.17,31.38,34717.6,112091.01754,1.0,3.9096,3.9142
2026-09-07,31.64,32.99,33.69,31.5,33166.64,108110.84644,1.0,3.735,3.7394
2026-09-08,33.24,32.86,33.8,32.57,27867.65,92423.49473,1.0,3.1382,3.1419
2026-09-09,32.88,32.82,34.5,32.7,28755.0,96257.01074,1.0,3.2382,3.242
2026-09-10,32.52,31.5,32.66,31.36,22163.93,70439.7262,1.0,2.4959,2.4989
2026-09-11,31.0,30.8,31.32,29.72,20402.0,62127.201,1.0,2.2975,2.3002
2026-09-14,30.65,31.77,32.0,30.0,19643.0,61436.168,1.0,2.212,2.2146
2026-09-15,31.6,32.15,32.87,31.37,23367.0,75513.151,1.0,2.6314,2.6345
2026-09-16,32.35,33.79,33.95,31.69,31840.0,106107.252,1.0,3.5856,3.5898
2026-09-17,33.51,34.34,34.95,33.51,30694.88,105976.61292,1.0,3.4566,3.4607
