date,open,close,high,low,volume,money,factor,turnover,turnover_free
2021-05-10,11.824000000000002,12.124,12.644,11.774,102125.65,128231.056,0.97538213998391,,0.0
2021-05-11,12.094,11.864,12.164,11.694,66919.28,81277.954,0.9748562037797864,,0.0
2021-05-12,11.864,12.494000000000002,12.644,11.574000000000002,125895.35,156880.973,0.97609375,,0.0
2021-05-13,12.484,12.964,13.144,12.384,181470.17,239787.057,0.9769404672192916,,0.0
2021-05-14,13.044,13.214,13.604,12.754,186817.53,253708.172,0.9773668639053256,,0.0
2021-05-17,13.174,12.884,13.354,12.694,99054.43,131638.035,0.976800606520091,,0.0
2021-05-18,13.204,13.184,13.374,12.644,89454.0,118875.148,0.9773165307635286,,0.0
2021-05-19,13.044,12.934,13.204,12.784,75518.0,100016.392,0.9768882175226586,,0.0
2021-05-20,12.764,12.884,13.294,12.764,66857.8,89182.328,0.976800606520091,,0.0
2021-05-21,12.954,12.494000000000002,12.954,12.444,70428.0,91290.971,0.97609375,,0.0
2021-05-24,12.534,12.174,12.644,12.024,64910.64,81309.404,0.9754807692307692,,0.0
2021-05-25,12.284,13.944,14.044,12.284,244135.36,333622.472,0.9785263157894736,,0.0
2021-05-26,13.684,13.464,13.774,13.394,168932.92,233774.198,0.977777777777778,,0.0
2021-05-27,13.444,13.324000000000002,13.564,13.214,91668.54,125334.61,0.9775495231107852,,0.0
2021-05-28,13.314,13.254,13.464,13.104,82912.73,112979.206,0.9774336283185842,,0.0
2021-05-31,13.254,13.384,13.734,13.254,96313.38,132995.346,0.9776479181884588,,0.0
2021-06-01,13.214,13.154000000000002,13.344,13.004,75733.25,101665.449,0.9772659732540864,,0.0
2021-06-02,13.284,13.264,13.734,13.154000000000002,92996.42,127979.518,0.9774502579218866,,0.0
2021-06-03,13.084,13.094,13.154000000000002,12.824000000000002,59013.0,78787.098,0.9771641791044776,,0.0
2021-06-04,13.094,13.544,13.624,13.024,98792.48,136009.662,0.9779061371841156,,0.0
2021-06-07,13.644,13.284,13.644,13.204,75032.05,102847.463,0.9774834437086092,,0.0
2021-06-08,13.364,13.124,13.394,13.024,55368.56,74604.166,0.9772151898734178,,0.0
2021-06-09,13.124,12.914,13.124,12.874,42736.92,56684.787,0.976853252647504,,0.0
2021-06-10,12.944,12.744000000000002,13.034,12.574000000000002,58982.86,76816.712,0.9765517241379312,,0.0
2021-06-11,12.744000000000002,12.894,12.904000000000002,12.514,48651.55,63080.06,0.976818181818182,,0.0
2021-06-15,12.844,12.424,12.864,12.394,43343.08,55584.586,0.975962293794187,,0.0
2021-06-16,12.354,12.324000000000002,12.544,12.204,33643.25,42672.146,0.9757719714964372,,0.0
2021-06-17,12.294,12.574000000000002,12.694,12.294,32419.65,41614.745,0.9762422360248448,,0.0
2021-06-18,12.534,12.644,12.664,12.374,27951.78,35998.22,0.9763706563706565,,0.0
2021-06-21,12.604,12.554,12.774,12.494000000000002,32821.0,42436.698,0.9762052877138414,,0.0
2021-06-22,12.524,12.684,12.714,12.314,54157.99,69390.822,0.9764434180138568,,0.0
2021-06-23,12.654000000000002,12.584,12.684,12.494000000000002,36920.27,47560.905,0.9762606671838636,,0.0
2021-06-24,12.504,12.224,12.564,12.204,39536.0,50021.805,0.9755786113328012,,0.0
2021-06-25,12.214,12.404000000000002,12.474,12.184,27354.0,34706.837,0.9759244689221086,,0.0
2021-06-28,12.344,12.674,12.674,12.244000000000002,49201.25,63039.621,0.9764252696456088,,0.0
2021-06-29,12.604,12.444,12.784,12.444,34978.95,45035.55,0.976,,0.0
2021-06-30,12.294,12.454,12.644,12.274,36240.16,46126.233,0.9760188087774296,,0.0
2021-07-01,12.484,12.874,13.174,12.384,121173.49,160658.385,0.976783004552352,,0.0
2021-07-02,13.144,12.874,13.574000000000002,12.824000000000002,93894.2,125978.073,0.976783004552352,,0.0
2021-07-05,12.604,12.504,12.754,12.414,66209.5,85047.818,0.976112412177986,,0.0
2021-07-06,12.494000000000002,12.024,12.634,11.874,76610.94,95514.697,0.9751824817518248,,0.0
2021-07-07,11.694,11.904000000000002,12.074000000000002,11.694,36181.92,44297.949,0.974938574938575,,0.0
2021-07-08,11.954,11.614,12.004,11.574000000000002,50173.61,60454.638,0.9743288590604028,,0.0
2021-07-09,11.544,11.664,11.784,11.534,28818.84,34370.972,0.974436090225564,,0.0
2021-07-12,11.724,11.894,11.924,11.614,30081.0,36503.031,0.9749180327868852,,0.0
2021-07-13,11.884,11.894,11.974,11.774,28216.0,34264.766,0.9749180327868852,,0.0
2021-07-14,11.894,12.014,12.084,11.774,42375.08,52093.16,0.9751623376623376,,0.0
2021-07-15,11.944,11.654000000000002,11.944,11.604,38186.31,45892.628,0.9744147157190636,,0.0
2021-07-16,11.654000000000002,11.664,11.784,11.574000000000002,23406.21,27992.565,0.974436090225564,,0.0
2021-07-19,11.644,11.704,11.734,11.504,19558.0,23370.63,0.9745212323064114,,0.0
2021-07-20,11.704,11.904000000000002,12.144,11.644,41728.48,51292.376,0.974938574938575,,0.0
2021-07-21,11.904000000000002,11.904000000000002,12.044,11.804,39708.0,48568.205,0.974938574938575,,0.0
2021-07-22,11.844,11.654000000000002,11.914,11.564,41411.25,49397.285,0.9744147157190636,,0.0
2021-07-23,11.644,11.304,11.774,11.294,44302.04,52194.253,0.9736434108527132,,0.0
2021-07-26,11.304,10.864,11.304,10.704,48652.75,54736.62,0.9726051924798568,,0.0
2021-07-27,10.984,10.744000000000002,11.104,10.734,31126.6,34764.748,0.9723076923076924,,0.0
2021-07-28,10.714,10.974,11.104,10.404000000000002,52920.75,58966.218,0.972872340425532,,0.0
2021-07-29,10.994000000000002,11.234,11.254,10.924,44974.0,51539.26,0.9734835355285962,,0.0
2021-07-30,11.234,11.614,11.744000000000002,10.974,74946.98,88007.83,0.9743288590604028,,0.0
2021-08-02,11.644,11.664,11.994000000000002,11.504,59530.22,71479.696,0.974436090225564,,0.0
2021-08-03,11.694,14.054,14.054,11.694,381513.48,529615.831,0.978690807799443,,0.0
2021-08-04,13.994000000000002,14.444,14.924,13.094,507182.47,722723.01,0.9792542372881357,,0.0
2021-08-05,13.754,13.584,14.834,13.524,355583.86,508820.134,0.9779697624190066,,0.0
2021-08-06,13.664,13.114,13.784,12.834,256538.08,344151.598,0.9771982116244412,,0.0
2021-08-09,13.014,12.974,13.434,12.914,148587.75,198700.149,0.9769578313253012,,0.0
2021-08-10,12.834,13.054,13.174,12.824000000000002,120266.2,160163.957,0.9770958083832336,,0.0
2021-08-11,12.994000000000002,12.814,13.054,12.714,119063.03,157005.857,0.9766768292682928,,0.0
2021-08-12,12.694,12.734,12.954,12.664,93699.26,122648.984,0.9765337423312884,,0.0
2021-08-13,12.794,12.934,13.084,12.694,122119.0,161248.618,0.9768882175226586,,0.0
2021-08-16,12.794,12.774,13.154000000000002,12.714,109805.0,145646.614,0.976605504587156,,0.0
2021-08-17,12.764,12.274,12.814,12.204,120741.59,154676.449,0.9756756756756756,,0.0
2021-08-18,12.334,12.214,12.444,12.124,72662.2,91188.434,0.97555910543131,,0.0
2021-08-19,12.204,12.404000000000002,12.604,12.194,74104.0,94570.459,0.9759244689221086,,0.0
2021-08-20,12.354,11.884,12.394,11.794,75026.0,92115.426,0.9748974569319114,,0.0
2021-08-23,11.864,12.164,12.194,11.844,56442.2,69736.915,0.9754611066559744,,0.0
2021-08-24,12.204,12.044,12.534,11.994000000000002,64936.0,80988.404,0.9752226720647774,,0.0
2021-08-25,11.944,12.094,12.234,11.844,49183.48,60950.958,0.9753225806451612,,0.0
2021-08-26,12.004,11.694,12.064,11.614,76361.25,92268.135,0.9745,,0.0
2021-08-27,11.614,11.394,11.774,11.344,69809.0,82149.888,0.973846153846154,,0.0
2021-08-30,11.424,11.344,11.544,11.244000000000002,45577.7,53253.822,0.9737339055793992,,0.0
2021-08-31,11.444,11.104,11.444,11.014,44929.0,51423.379,0.9731814198071868,,0.0
2021-09-01,11.094,11.184,11.254,11.004,42202.0,48320.74,0.9733681462140992,,0.0
2021-09-02,11.244000000000002,11.034,11.254,10.984,39403.8,44774.15,0.9730158730158732,,0.0
2021-09-03,11.344,11.494000000000002,11.674,11.344,82544.71,97350.92,0.9740677966101696,,0.0
2021-09-06,11.494000000000002,11.964,12.104,11.304,99621.41,121684.105,0.9750611246943766,,0.0
2021-09-07,11.894,11.794,11.944,11.654000000000002,72708.87,87764.817,0.974710743801653,,0.0
2021-09-08,11.814,11.864,11.914,11.704,48292.93,58546.923,0.9748562037797864,,0.0
2021-09-09,11.844,12.034,12.134,11.774,59551.98,73092.237,0.9752025931928688,,0.0
2021-09-10,12.034,11.684,12.034,11.634,58611.9,70577.015,0.9744787322768976,,0.0
2021-09-13,11.834,11.874,12.034,11.794,42710.81,52126.15,0.9748768472906404,,0.0
2021-09-14,11.794,11.794,11.974,11.744000000000002,42105.59,51220.875,0.974710743801653,,0.0
2021-09-15,11.764,11.524,11.764,11.494000000000002,44716.04,52929.406,0.9741335587489436,,0.0
2021-09-16,11.414,11.394,11.624,11.384,35479.43,41859.622,0.973846153846154,,0.0
2021-09-17,11.354,11.574000000000002,11.644,11.254,40009.63,47059.813,0.9742424242424244,,0.0
2021-09-22,11.464,11.574000000000002,11.614,11.404000000000002,28339.0,33535.745,0.9742424242424244,,0.0
2021-09-23,11.574000000000002,11.764,11.864,11.544,39073.59,47026.889,0.9746478873239436,,0.0
2021-09-24,11.784,11.744000000000002,11.844,11.674,31325.79,37775.502,0.9746058091286308,,0.0
2021-09-27,11.754,11.934,11.934,11.694,49590.66,60140.106,0.975,,0.0
2021-09-28,11.934,11.614,11.934,11.574000000000002,37597.13,45078.018,0.9743288590604028,,0.0
2021-09-29,11.614,11.114,11.614,11.104,35850.63,41462.682,0.9732049036777584,,0.0
2021-09-30,11.334,11.314,11.334,11.114,23975.3,27695.837,0.9736660929432016,,0.0
2021-10-08,11.334,11.574000000000002,11.634,11.334,29186.65,34464.507,0.9742424242424244,,0.0
2021-10-11,11.584,11.634,11.684,11.484,26109.03,31043.483,0.9743718592964824,,0.0
2021-10-12,11.604,11.494000000000002,11.604,11.384,21868.9,25813.534,0.9740677966101696,,0.0
2021-10-13,11.484,11.544,11.584,11.464,16731.0,19794.885,0.9741772151898734,,0.0
2021-10-14,11.554,11.404000000000002,11.674,11.394,18502.0,21726.097,0.973868488471392,,0.0
2021-10-15,11.404000000000002,11.144,11.464,11.134,25817.8,29694.974,0.9732751091703058,,0.0
2021-10-18,11.094,11.074000000000002,11.104,10.824000000000002,29315.13,33001.639,0.9731107205623902,,0.0
2021-10-19,11.034,11.154000000000002,11.214,10.994000000000002,18049.0,20690.688,0.9732984293193718,,0.0
2021-10-20,11.124,11.154000000000002,11.224,11.014,18162.1,20750.317,0.9732984293193718,,0.0
2021-10-21,11.124,11.014,11.154000000000002,10.984,13706.0,15584.534,0.9729681978798588,,0.0
2021-10-22,10.974,11.034,11.204,10.924,16790.0,19096.757,0.9730158730158732,,0.0
2021-10-25,10.994000000000002,11.054,11.314,10.994000000000002,18666.85,21304.297,0.9730633802816904,,0.0
2021-10-26,11.034,10.894,11.094,10.884,22722.0,25581.381,0.9726785714285716,,0.0
2021-10-27,10.894,10.574000000000002,10.894,10.504,32361.73,35386.052,0.971875,,0.0
2021-10-28,10.574000000000002,10.574000000000002,10.784,10.544,15658.73,17103.004,0.971875,,0.0
2021-10-29,10.554,10.684,10.694,10.504,16699.0,18274.444,0.9721565059144678,,0.0
2021-11-01,10.684,10.754,10.774,10.584,23430.6,25735.94,0.9723327305605788,,0.0
2021-11-02,10.754,10.644,10.784,10.514,22878.65,25094.313,0.972054794520548,,0.0
2021-11-03,10.584,11.264,11.584,10.584,74619.94,86399.645,0.973552290406223,,0.0
2021-11-04,11.114,11.174,11.244000000000002,11.074000000000002,35071.87,40145.119,0.9733449477351918,,0.0
2021-11-05,11.164,11.354,11.354,11.094,39200.69,45436.691,0.9737564322469984,,0.0
2021-11-08,11.354,11.014,11.384,10.944,33372.61,37904.37,0.9729681978798588,,0.0
2021-11-09,10.994000000000002,11.174,11.274,10.994000000000002,28736.0,32855.929,0.9733449477351918,,0.0
2021-11-10,11.124,11.714,11.724,11.074000000000002,97348.12,115364.717,0.9745424292845258,,0.0
2021-11-11,11.714,11.534,11.714,11.494000000000002,61015.51,72501.29,0.9741554054054056,,0.0
2021-11-12,11.484,11.544,11.704,11.444,46575.0,55420.988,0.9741772151898734,,0.0
2021-11-15,11.534,11.804,11.874,11.524,49828.01,60095.284,0.9747316267547482,,0.0
2021-11-16,11.774,11.834,12.044,11.724,73456.56,89708.599,0.9747940691927514,,0.0
2021-11-17,11.754,11.814,12.034,11.734,65287.36,79479.106,0.9747524752475248,,0.0
2021-11-18,11.774,11.564,11.914,11.554,58289.58,70027.287,0.9742207245155856,,0.0
2021-11-19,11.534,11.644,11.734,11.494000000000002,36212.0,43154.092,0.9743933054393306,,0.0
2021-11-22,11.634,11.514,11.644,11.394,39005.81,45895.216,0.9741116751269036,,0.0
2021-11-23,11.494000000000002,11.554,11.614,11.374,37663.0,44423.527,0.9741989881956156,,0.0
2021-11-24,11.544,11.614,11.634,11.374,35057.0,41516.78,0.9743288590604028,,0.0
2021-11-25,11.594,11.874,12.024,11.544,78092.8,95232.548,0.9748768472906404,,0.0
2021-11-26,11.944,11.964,12.334,11.774,70924.04,87022.47,0.9750611246943766,,0.0
2021-11-29,12.624,12.774,13.374,12.374,233469.29,305007.294,0.976605504587156,,0.0
2021-11-30,12.504,12.814,12.974,12.384,198017.55,257231.83,0.9766768292682928,,0.0
2021-12-01,12.664,12.404000000000002,12.664,12.364,108902.09,139244.309,0.9759244689221086,,0.0
2021-12-02,12.344,12.124,12.494000000000002,12.064,78610.38,98743.121,0.97538213998391,,0.0
2021-12-03,12.104,12.074000000000002,12.194,11.994000000000002,49428.56,61280.792,0.9752827140549274,,0.0
2021-12-06,12.014,11.654000000000002,12.094,11.554,70114.86,84472.762,0.9744147157190636,,0.0
2021-12-07,11.684,11.694,11.784,11.544,33165.09,39735.693,0.9745,,0.0
2021-12-08,11.704,11.694,11.794,11.574000000000002,36421.4,43510.938,0.9745,,0.0
2021-12-09,11.674,11.734,11.854,11.664,39825.0,48128.914,0.9745847176079736,,0.0
2021-12-10,11.734,11.624,11.814,11.624,36999.0,44399.776,0.9743503772003352,,0.0
2021-12-13,11.624,11.614,11.734,11.594,29268.85,34953.598,0.9743288590604028,,0.0
2021-12-14,11.614,11.884,11.974,11.614,61662.93,75048.332,0.9748974569319114,,0.0
2021-12-15,11.944,11.784,11.944,11.714,43206.0,52311.824,0.9746898263027296,,0.0
2021-12-16,11.764,11.784,11.894,11.674,39762.92,47984.665,0.9746898263027296,,0.0
2021-12-17,11.744000000000002,11.564,11.764,11.554,42282.0,50428.239,0.9742207245155856,,0.0
2021-12-20,11.564,11.894,12.124,11.564,84555.32,103240.591,0.9749180327868852,,0.0
2021-12-21,11.894,11.934,11.994000000000002,11.774,48919.73,59465.118,0.975,,0.0
2021-12-22,11.934,12.054,12.054,11.874,59120.33,72702.088,0.975242718446602,,0.0
2021-12-23,12.064,11.724,12.094,11.694,59965.0,72804.172,0.974563591022444,,0.0
2021-12-24,11.664,12.314,12.424,11.594,152090.0,189594.057,0.9757527733755944,,0.0
2021-12-27,12.314,12.544,12.684,12.194,164024.74,209937.11,0.9761867704280156,,0.0
2021-12-28,12.534,12.414,12.574000000000002,12.254,98935.1,125585.232,0.9759433962264152,,0.0
2021-12-29,12.504,12.464,12.684,12.304,96760.55,124511.157,0.9760375880971026,,0.0
2021-12-30,12.544,12.614,12.624,12.274,93281.97,119161.982,0.9763157894736842,,0.0
2021-12-31,12.554,12.884,12.954,12.484,143715.94,187884.225,0.976800606520091,,0.0
2022-01-04,13.624,13.124,13.894,12.994000000000002,240811.54,327762.755,0.9772151898734178,,0.0
2022-01-05,12.914,12.384,13.034,12.264,155103.49,199669.883,0.9758865248226952,,0.0
2022-01-06,12.314,12.804,13.154000000000002,12.314,149198.16,194953.756,0.976659038901602,,0.0
2022-01-07,12.714,12.454,13.014,12.414,95383.65,123787.99,0.9760188087774296,,0.0
2022-01-10,12.514,13.204,13.474,12.514,182939.0,245677.463,0.9773501110288676,,0.0
2022-01-11,13.144,13.184,13.444,12.964,148306.11,200030.716,0.9773165307635286,,0.0
2022-01-12,13.094,13.444,13.584,12.944,171854.04,234741.56,0.9777454545454546,,0.0
2022-01-13,13.284,13.164,13.454,12.984,150239.25,202451.3,0.97728285077951,,0.0
2022-01-14,13.274,13.894,14.114,12.994000000000002,270950.14,378439.934,0.9784507042253522,,0.0
2022-01-17,13.794,15.144,15.464,13.264,386370.89,566221.176,0.9801941747572817,,0.0
2022-01-18,14.694,18.234,18.234,14.134,833571.43,1421546.034,0.983495145631068,,0.0
2022-01-19,16.694,17.054,18.444,16.593999999999998,681949.69,1208407.604,0.9823732718894008,,0.0
2022-01-20,16.954,15.684,17.924,15.344,568658.25,978297.607,0.9808630393996248,,0.0
2022-01-21,15.494000000000002,14.044,15.574000000000002,13.794,437729.27,647755.406,0.9786759581881532,,0.0
2022-01-24,13.494000000000002,12.994000000000002,13.684,12.974,274822.16,373430.909,0.9769924812030076,,0.0
2022-01-25,12.974,12.834,13.534,12.524,259046.0,347355.882,0.9767123287671232,,0.0
2022-01-26,13.064,13.284,13.564,12.954,276121.51,376185.223,0.9774834437086092,,0.0
2022-01-27,13.174,13.424,13.854,12.544,313885.37,425168.081,0.9777130371449382,,0.0
2022-01-28,13.324000000000002,13.444,14.114,13.274,271215.17,377932.299,0.9777454545454546,,0.0
2022-02-07,13.374,13.324000000000002,13.654000000000002,12.604,185736.74,249746.592,0.9775495231107852,,0.0
2022-02-08,13.324000000000002,13.214,13.454,12.914,166985.74,224459.39,0.9773668639053256,,0.0
2022-02-09,13.044,13.584,13.624,12.874,237310.0,322813.705,0.9779697624190066,,0.0
2022-02-10,13.494000000000002,13.334,13.814,13.184,194347.0,267859.168,0.9775659824046922,,0.0
2022-02-11,13.334,12.354,13.374,12.294,239286.99,310983.261,0.975829383886256,,0.0
2022-02-14,12.324000000000002,12.884,13.134,12.324000000000002,189929.0,250565.143,0.976800606520091,,0.0
2022-02-15,12.724,13.054,13.284,12.604,163382.0,217631.55,0.9770958083832336,,0.0
2022-02-16,12.974,13.234,13.474,12.864,138503.04,186900.842,0.977400295420975,,0.0
2022-02-17,13.234,12.934,13.344,12.864,128673.0,171691.663,0.9768882175226586,,0.0
2022-02-18,12.804,13.374,13.614,12.704,185537.0,252183.449,0.9776315789473684,,0.0
2022-02-21,13.334,13.964,14.104,13.284,266900.0,375250.346,0.9785564120532586,,0.0
2022-02-22,13.694,13.664,13.984,13.494000000000002,208444.2,291858.541,0.9780959198282032,,0.0
2022-02-23,13.964,14.584,14.844,13.744000000000002,312081.62,460646.548,0.9794492948287442,,0.0
2022-02-24,14.294,14.444,15.574000000000002,14.194,352751.06,533801.987,0.9792542372881357,,0.0
2022-02-25,14.694,14.814,14.974,14.294,265215.38,397074.973,0.9797619047619048,,0.0
2022-02-28,14.644,14.574000000000002,14.774,14.224,187589.37,277777.056,0.9794354838709678,,0.0
2022-03-01,14.394,14.514,14.644,14.194,159129.99,233912.324,0.9793522267206478,,0.0
2022-03-02,14.284,14.784,14.984,14.144,185287.37,277202.776,0.9797216699801192,,0.0
2022-03-03,14.684,14.834,15.194,14.644,194982.66,296987.313,0.9797886393659182,,0.0
2022-03-04,14.684,14.874,15.544,14.534,230795.8,355378.634,0.9798418972332016,,0.0
2022-03-07,14.754,15.414,15.764,14.624,289343.92,448283.741,0.9805343511450382,,0.0
2022-03-08,15.124,14.104,15.184,13.974,246677.74,362268.975,0.978764746703678,,0.0
2022-03-09,14.114,13.704,14.364,12.994000000000002,192583.52,270855.76,0.9781584582441114,,0.0
2022-03-10,14.044,14.814,14.874,13.864,244332.52,360906.113,0.9797619047619048,,0.0
2022-03-11,14.654000000000002,15.954000000000002,16.924,14.554,447563.41,706692.683,0.981180811808118,,0.0
2022-03-14,16.694,16.144,17.444,15.694,460636.52,778796.759,0.9813981762917932,,0.0
2022-03-15,15.594,16.194,17.384,15.454,425746.74,713309.519,0.9814545454545454,,0.0
2022-03-16,16.394,15.814000000000002,16.624,14.974,373896.89,598083.229,0.9810173697270472,,0.0
2022-03-17,15.624,16.054,16.884,15.244000000000002,383999.78,636565.668,0.9812958435207824,,0.0
2022-03-18,15.694,16.874,17.104,15.574000000000002,402531.11,683407.854,0.9821885913853318,,0.0
2022-03-21,16.654,16.794,16.944,16.304,313408.12,529974.754,0.9821052631578948,,0.0
2022-03-22,16.494,15.324000000000002,16.544,15.284,285712.04,456575.685,0.98042226487524,,0.0
2022-03-23,15.074000000000002,15.134,15.674,15.024,178827.86,279581.761,0.9801813471502592,,0.0
2022-03-24,14.954,15.574000000000002,15.944,14.754,204131.56,322419.657,0.9807304785894208,,0.0
2022-03-25,15.544,15.184,15.814000000000002,15.044,151629.56,238394.444,0.9802453195610072,,0.0
2022-03-28,15.124,15.214,15.654000000000002,14.814,142275.0,220598.343,0.9802835051546392,,0.0
2022-03-29,15.414,16.134,16.314,15.304,246641.82,400491.463,0.9813868613138684,,0.0
2022-03-30,15.934,15.894,15.974000000000002,15.484,180445.0,289264.837,0.9811111111111112,,0.0
2022-03-31,15.774,15.184,16.334,15.174,228752.0,369554.933,0.9802453195610072,,0.0
2022-04-01,14.994000000000002,14.574000000000002,14.994000000000002,14.324000000000002,163418.0,243558.669,0.9794354838709678,,0.0
2022-04-06,14.894,14.744000000000002,15.344,14.564,154636.0,236725.341,0.9796677740863788,,0.0
2022-04-07,14.744000000000002,13.954,14.934,13.934,142948.56,207767.885,0.9785413744740532,,0.0
2022-04-08,13.884,13.434,13.964,13.194,130519.2,179678.557,0.9777292576419214,,0.0
2022-04-11,13.344,13.074000000000002,13.584,12.844,97721.0,132515.811,0.9771300448430494,,0.0
2022-04-12,13.234,13.374,13.394,12.994000000000002,83724.95,113302.383,0.9776315789473684,,0.0
2022-04-13,13.394,12.704,13.414,12.604,132318.58,174290.366,0.976479631053036,,0.0
2022-04-14,12.794,13.014,13.284,12.604,121539.86,161652.026,0.977027027027027,,0.0
2022-04-15,12.954,12.734,13.124,12.644,103761.04,136123.427,0.9765337423312884,,0.0
2022-04-18,12.594,12.664,12.714,12.194,83124.22,106127.718,0.9764070932922128,,0.0
2022-04-19,12.574000000000002,12.354,12.724,12.274,86198.0,110027.17,0.975829383886256,,0.0
2022-04-20,12.314,12.014,12.484,11.894,80720.48,100751.849,0.9751623376623376,,0.0
2022-04-21,11.914,11.474,12.134,11.414,88801.54,106893.461,0.97402376910017,,0.0
2022-04-22,11.474,11.424,11.534,11.124,85095.0,98713.37,0.9739130434782608,,0.0
2022-04-25,11.274,10.754,11.644,10.664,126150.0,145371.496,0.9723327305605788,,0.0
2022-04-26,10.684,11.204,11.574000000000002,10.504,160052.94,181827.306,0.9734144222415292,,0.0
2022-04-27,10.874,11.564,11.624,10.764,159874.65,184420.574,0.9742207245155856,,0.0
2022-04-28,11.394,12.124,12.444,11.254,214667.93,261577.534,0.97538213998391,,0.0
2022-04-29,12.294,12.574000000000002,13.084,11.894,216411.91,275483.454,0.9762422360248448,,0.0
2022-05-05,12.304,12.494000000000002,12.814,12.204,165683.92,212602.025,0.97609375,,0.0
2022-05-06,12.104,12.344,12.664,12.004,117606.58,149123.603,0.975810276679842,,0.0
2022-05-09,12.404000000000002,12.804,12.974,12.294,143073.0,186301.616,0.976659038901602,,0.0
2022-05-10,12.654000000000002,12.744000000000002,12.834,12.444,113266.29,146892.652,0.9765517241379312,,0.0
2022-05-11,12.794,12.724,13.424,12.724,190189.1,254138.981,0.9765157329240216,,0.0
2022-05-12,12.484,12.944,13.014,12.404000000000002,137353.0,180184.174,0.9769056603773586,,0.0
2022-05-13,13.084,12.924,13.284,12.734,110140.88,146197.295,0.9768707482993196,,0.0
2022-05-16,12.924,12.724,13.204,12.684,104018.0,137273.079,0.9765157329240216,,0.0
2022-05-17,12.594,12.384,12.824000000000002,12.194,111441.29,141495.521,0.9758865248226952,,0.0
2022-05-18,12.274,12.354,12.684,12.274,73554.0,94108.517,0.975829383886256,,0.0
2022-05-19,12.184,12.314,12.354,12.044,73221.0,91597.842,0.9757527733755944,,0.0
2022-05-20,12.394,12.804,12.944,12.324000000000002,135172.0,176208.408,0.976659038901602,,0.0
2022-05-23,13.194,13.174,13.294,12.904000000000002,146586.0,196948.591,0.977299703264095,,0.0
2022-05-24,13.024,12.054,13.134,12.034,148979.0,192122.889,0.975242718446602,,0.0
2022-05-25,12.054,12.154000000000002,12.204,11.934,71510.0,88545.074,0.9754414125200642,,0.0
2022-05-26,12.144,11.764,12.144,11.604,99901.0,121172.654,0.9746478873239436,,0.0
2022-05-27,11.724,11.514,11.874,11.294,87800.1,104442.088,0.9741116751269036,,0.0
2022-05-30,11.574000000000002,11.384,11.584,11.284,59340.75,69355.8,0.9738237810094098,,0.0
2022-05-31,11.502,11.432,11.502,11.162,62889.0,72119.773,0.9880726015557476,,0.0
2022-06-01,11.452,11.542,11.792,11.342,84470.0,99188.044,0.9881849315068492,,0.0
2022-06-02,11.542,11.392,11.572,11.192,71283.43,81608.066,0.988031222896791,,0.0
2022-06-06,11.382,11.762,11.812,11.332,91970.43,108419.971,0.988403361344538,,0.0
2022-06-07,11.742,12.102,12.112,11.672,97524.95,117839.078,0.9887254901960784,,0.0
2022-06-08,12.062,11.792,12.082,11.612,87113.43,104172.022,0.9884325230511316,,0.0
2022-06-09,11.782,11.542,11.842,11.432,54098.0,63560.62,0.9881849315068492,,0.0
2022-06-10,11.402,11.802,11.822,11.392,53457.0,63358.786,0.9884422110552764,,0.0
2022-06-13,11.782,11.892,11.912,11.602,52420.0,62664.123,0.9885286783042394,,0.0
2022-06-14,11.812,11.722,11.812,11.352,65373.0,76632.539,0.9883642495784148,,0.0
2022-06-15,11.712,11.712,11.932,11.692,71857.66,85859.076,0.9883544303797468,,0.0
2022-06-16,11.732,11.852,12.022,11.702,75248.0,90557.363,0.9884904086738948,,0.0
2022-06-17,11.812,11.962,11.962,11.632,71170.0,85134.251,0.988595041322314,,0.0
2022-06-20,12.002,12.162,12.232,11.952,84406.0,103363.945,0.988780487804878,,0.0
2022-06-21,12.202,11.982,12.222,11.852,76928.0,93554.148,0.9886138613861386,,0.0
2022-06-22,11.942,12.072,12.302,11.942,99617.0,122248.011,0.9886977886977888,,0.0
2022-06-23,12.042,11.992,12.062,11.742,83040.0,99917.825,0.9886232481450948,,0.0
2022-06-24,12.022,12.102,12.182,11.962,68616.0,83990.617,0.9887254901960784,,0.0
2022-06-27,12.202,12.112,12.362,12.052,70533.0,86840.195,0.988734693877551,,0.0
2022-06-28,12.162,12.122,12.202,11.892,56549.25,68781.289,0.9887438825448612,,0.0
2022-06-29,12.122,12.022,12.292,12.022,80499.66,99017.248,0.9886513157894736,,0.0
2022-06-30,12.112,12.212,12.262,12.022,75598.0,92988.696,0.988825910931174,,0.0
2022-07-01,12.172,11.982,12.272,11.962,54017.59,65901.097,0.9886138613861386,,0.0
2022-07-04,11.992,12.312,12.322,11.972,92170.78,113792.358,0.9889156626506024,,0.0
2022-07-05,12.312,12.052,12.322,11.902,79521.29,97215.934,0.9886792452830188,,0.0
2022-07-06,12.062,11.772,12.092,11.652,68024.0,81625.905,0.9884130982367758,,0.0
2022-07-07,11.852,11.702,11.912,11.612,44588.14,52858.112,0.9883445945945946,,0.0
2022-07-08,11.692,11.912,11.982,11.682,52687.12,63251.876,0.9885477178423236,,0.0
2022-07-11,11.882,12.322,12.492,11.872,145025.0,180235.086,0.98892455858748,,0.0
2022-07-12,12.282,11.862,12.382,11.802,92324.99,112012.738,0.9885,,0.0
2022-07-13,11.832,11.742,11.892,11.562,71148.0,83993.17,0.9883838383838384,,0.0
2022-07-14,11.842,12.522,12.722,11.802,199708.6,250383.997,0.9890995260663508,,0.0
2022-07-15,12.562,12.742,13.022,12.272,223345.65,286681.804,0.9892857142857144,,0.0
2022-07-18,12.662,12.672,12.702,12.342,133952.0,170113.469,0.9892271662763468,,0.0
2022-07-19,12.702,12.892,12.902,12.622,131914.1,170060.005,0.9894090560245588,,0.0
2022-07-20,13.012,12.822,13.132,12.722,119122.04,154637.787,0.9893518518518518,,0.0
2022-07-21,12.672,12.612,12.822,12.592,83039.6,106520.843,0.9891764705882352,,0.0
2022-07-22,12.672,12.482,12.762,12.352,80402.99,101832.96,0.9890649762282092,,0.0
2022-07-25,12.612,12.512,12.682,12.422,68273.37,86632.999,0.9890909090909092,,0.0
2022-07-26,12.582,12.422,12.582,12.232,69242.0,86440.718,0.9890127388535032,,0.0
2022-07-27,12.412,12.502,12.592,12.272,71475.96,89928.458,0.9890822784810128,,0.0
2022-07-28,12.482,12.462,12.602,12.442,63876.96,80815.649,0.9890476190476192,,0.0
2022-07-29,12.512,12.212,12.542,12.162,66080.96,82241.897,0.988825910931174,,0.0
2022-08-01,12.072,12.292,12.292,11.992,40528.55,49943.168,0.988897827835881,,0.0
2022-08-02,12.172,11.582,12.172,11.372,89510.41,105729.917,0.9882252559726964,,0.0
2022-08-03,11.552,11.452,11.772,11.432,58823.01,69244.682,0.98809318377912,,0.0
2022-08-04,11.522,11.662,11.662,11.472,42764.17,50087.571,0.9883050847457628,,0.0
2022-08-05,11.652,11.832,11.852,11.622,45386.0,53971.936,0.9884711779448622,,0.0
2022-08-08,11.922,12.052,12.102,11.882,54470.0,66262.059,0.9886792452830188,,0.0
2022-08-09,12.022,11.922,12.022,11.832,42057.0,50560.686,0.9885572139303482,,0.0
2022-08-10,11.852,11.762,11.962,11.672,52898.0,62964.07,0.988403361344538,,0.0
2022-08-11,11.792,12.042,12.122,11.782,60289.4,73191.895,0.9886699507389164,,0.0
2022-08-12,12.042,12.072,12.152,12.002,38512.0,47016.96,0.9886977886977888,,0.0
2022-08-15,11.972,12.052,12.082,11.912,34733.0,42125.043,0.9886792452830188,,0.0
2022-08-16,12.052,12.012,12.142,11.912,35511.84,43064.428,0.988641975308642,,0.0
2022-08-17,12.052,12.212,12.212,11.982,52489.07,64235.151,0.988825910931174,,0.0
2022-08-18,12.142,12.112,12.202,12.082,38683.7,47454.188,0.988734693877551,,0.0
2022-08-19,12.122,11.942,12.162,11.942,36899.97,44869.582,0.9885761589403974,,0.0
2022-08-22,11.932,12.102,12.102,11.752,43608.03,52832.023,0.9887254901960784,,0.0
2022-08-23,12.022,12.142,12.142,11.942,33182.96,40420.036,0.9887622149837134,,0.0
2022-08-24,12.092,11.882,12.162,11.872,35963.2,43672.219,0.9885191347753745,,0.0
2022-08-25,11.882,12.072,12.072,11.782,38419.6,46415.993,0.9886977886977888,,0.0
2022-08-26,12.022,11.842,12.022,11.812,52317.0,63091.3,0.9884808013355592,,0.0
2022-08-29,11.692,11.792,11.822,11.602,27131.18,32199.424,0.9884325230511316,,0.0
2022-08-30,11.792,11.892,11.922,11.792,25619.4,30732.352,0.9885286783042394,,0.0
2022-08-31,11.872,12.012,12.122,11.772,69190.4,84130.52,0.988641975308642,,0.0
2022-09-01,12.012,12.062,12.282,11.932,61584.2,75596.607,0.988688524590164,,0.0
2022-09-02,12.112,12.062,12.252,11.972,62815.24,76852.81,0.988688524590164,,0.0
2022-09-05,12.062,11.952,12.182,11.832,47488.17,57556.818,0.9885856079404468,,0.0
2022-09-06,11.962,11.972,12.012,11.882,38311.35,46350.988,0.9886044591246904,,0.0
2022-09-07,11.982,11.812,11.992,11.792,38573.91,46267.013,0.9884518828451884,,0.0
2022-09-08,11.842,11.642,11.842,11.632,34525.83,40894.713,0.9882852292020372,,0.0
2022-09-09,11.692,11.782,11.792,11.652,25873.83,30748.891,0.9884228187919464,,0.0
2022-09-13,11.822,11.742,11.872,11.722,27557.15,32922.689,0.9883838383838384,,0.0
2022-09-14,11.642,11.642,11.642,11.442,41347.89,48202.4,0.9882852292020372,,0.0
2022-09-15,11.642,11.272,11.682,11.192,44296.12,51202.61,0.9879053461875548,,0.0
2022-09-16,11.252,11.052,11.312,10.932,50300.83,56607.047,0.987667560321716,,0.0
2022-09-19,10.982,10.872,11.052,10.822,23989.92,26498.715,0.987465940054496,,0.0
2022-09-20,10.882,10.982,11.022,10.882,15271.83,16951.803,0.987589928057554,,0.0
2022-09-21,10.942,10.982,11.012,10.752,20972.6,23149.105,0.987589928057554,,0.0
2022-09-22,10.912,10.952,11.042,10.862,19032.0,21107.58,0.987556357078449,,0.0
2022-09-23,10.942,10.732,10.962,10.702,23424.29,25645.436,0.9873045078196871,,0.0
2022-09-26,10.652,10.372,10.662,10.372,31581.74,33662.412,0.9868696479543292,,0.0
2022-09-27,10.362,10.702,10.722,10.362,30482.76,32557.33,0.9872693726937268,,0.0
2022-09-28,10.682,10.502,10.822,10.492,27283.18,29475.359,0.98703007518797,,0.0
2022-09-29,10.562,10.572,10.772,10.482,28850.35,31141.818,0.9871148459383754,,0.0
2022-09-30,10.542,10.772,10.872,10.512,38520.36,42048.863,0.9873510540788268,,0.0
2022-10-10,10.832,10.622,11.022,10.572,34540.81,37836.417,0.987174721189591,,0.0
2022-10-11,10.562,10.832,10.992,10.372,40442.47,43624.454,0.9874202370100272,,0.0
2022-10-12,10.742,10.952,10.952,10.562,35172.75,38375.401,0.987556357078449,,0.0
2022-10-13,10.862,11.022,11.102,10.832,40184.44,44816.65,0.9876344086021506,,0.0
2022-10-14,11.042,11.442,11.532,11.042,78862.27,90749.455,0.988082901554404,,0.0
2022-10-17,11.392,11.602,11.722,11.342,68242.33,80044.447,0.98824531516184,,0.0
2022-10-18,11.562,11.932,11.982,11.482,94031.75,112274.792,0.9885666942833472,,0.0
2022-10-19,11.862,11.692,11.902,11.582,58900.29,69708.366,0.988334742180896,,0.0
2022-10-20,11.722,11.682,11.882,11.462,56924.78,67662.836,0.9883248730964468,,0.0
2022-10-21,11.652,11.762,11.852,11.602,41687.71,49449.516,0.988403361344538,,0.0
2022-10-24,11.762,11.372,11.842,11.272,60637.44,70835.806,0.988010425716768,,0.0
2022-10-25,11.322,11.212,11.492,10.962,49087.04,55603.459,0.98784140969163,,0.0
2022-10-26,11.152,11.622,11.742,11.152,65546.87,76754.287,0.988265306122449,,0.0
2022-10-27,11.642,11.832,11.982,11.472,71086.96,84469.705,0.9884711779448622,,0.0
2022-10-28,11.802,11.482,11.912,11.422,46932.0,55277.276,0.9881239242685026,,0.0
2022-10-31,11.512,11.632,11.802,11.372,45076.44,52919.622,0.9882752761257434,,0.0
2022-11-01,11.702,11.842,11.922,11.462,65173.75,77222.015,0.9884808013355592,,0.0
2022-11-02,11.712,12.092,12.352,11.662,140133.21,172017.391,0.988716271463614,,0.0
2022-11-03,11.962,12.032,12.302,11.832,82262.1,99884.354,0.9886606409202958,,0.0
2022-11-04,12.042,12.042,12.192,11.972,70400.0,85850.874,0.9886699507389164,,0.0
2022-11-07,12.062,11.982,12.172,11.922,59163.2,71985.753,0.9886138613861386,,0.0
2022-11-08,11.962,12.022,12.092,11.792,59051.33,71302.414,0.9886513157894736,,0.0
2022-11-09,11.952,12.362,12.522,11.952,139900.04,173981.663,0.98896,,0.0
2022-11-10,12.262,12.772,12.792,12.202,177575.98,226013.09,0.9893106119287374,,0.0
2022-11-11,12.942,12.302,13.522,12.252,270426.16,352040.36,0.9889067524115756,,0.0
2022-11-14,12.162,12.762,12.842,12.042,182103.55,229989.201,0.9893023255813952,,0.0
2022-11-15,12.722,12.652,12.762,12.392,117955.45,149852.622,0.9892103205629398,,0.0
2022-11-16,12.682,12.532,12.942,12.462,118023.04,151215.198,0.9891081294396212,,0.0
2022-11-17,12.442,12.782,12.932,12.362,134614.04,173499.066,0.9893188854489164,,0.0
2022-11-18,12.802,13.092,13.132,12.702,166260.18,218307.911,0.9895691609977324,,0.0
2022-11-21,13.012,13.002,13.062,12.692,112491.44,146704.087,0.9894977168949772,,0.0
2022-11-22,13.022,12.492,13.152,12.362,143899.86,185156.844,0.9890736342042756,,0.0
2022-11-23,12.492,12.152,12.642,11.922,106077.31,130090.726,0.9887713588283156,,0.0
2022-11-24,12.212,12.312,12.352,12.092,65141.0,80724.826,0.9889156626506024,,0.0
2022-11-25,12.212,12.182,12.312,11.902,62707.96,76802.505,0.9887987012987012,,0.0
2022-11-28,12.052,12.092,12.412,11.972,62864.71,77445.036,0.988716271463614,,0.0
2022-11-29,12.002,12.912,13.022,12.002,179670.92,230827.094,0.9894252873563218,,0.0
2022-11-30,12.872,12.712,13.062,12.612,112498.73,145342.873,0.9892607003891052,,0.0
2022-12-01,12.812,12.372,12.902,12.222,116955.35,147157.885,0.988968824940048,,0.0
2022-12-02,12.332,12.592,12.752,12.282,89851.0,113974.231,0.989159465828751,,0.0
2022-12-05,12.662,12.562,12.822,12.372,94285.08,119825.111,0.9891338582677164,,0.0
2022-12-06,12.492,12.732,13.362,12.412,159768.42,208845.477,0.9892773892773892,,0.0
2022-12-07,12.762,14.022,14.712,12.462,433954.71,596764.017,0.9902542372881356,,0.0
2022-12-08,13.672,14.102,14.712,13.662,484922.92,696812.65,0.9903089887640448,,0.0
2022-12-09,13.902,14.442,15.112,13.642,460006.01,673577.11,0.9905349794238684,,0.0
2022-12-12,14.772,16.261999999999997,16.732,14.322,551721.46,860622.894,0.9915853658536584,,0.0
2022-12-13,15.862,15.952,16.131999999999998,15.162,440759.07,694474.322,0.9914232442510876,,0.0
2022-12-14,15.562,14.352,15.562,14.342,349394.94,519689.369,0.9904761904761904,,0.0
2022-12-15,14.262,14.612,14.922,14.262,218955.21,323001.83,0.9906440677966102,,0.0
2022-12-16,14.602,15.762,16.072,14.572,399558.44,627945.942,0.9913207547169812,,0.0
2022-12-19,15.472,14.492,15.592,14.412,284611.52,425735.121,0.9905673274094328,,0.0
2022-12-20,14.162,14.082,14.602,13.962,179799.87,258067.938,0.990295358649789,,0.0
2022-12-21,14.082,13.842,14.512,13.662,190175.0,269477.567,0.9901287553648068,,0.0
2022-12-22,13.982,13.162,13.992,13.132,190249.33,257586.134,0.989624060150376,,0.0
2022-12-23,13.232,13.312,13.712,13.112,152557.5,205630.492,0.9897397769516728,,0.0
2022-12-26,13.352,13.042,13.532,12.822,138885.04,183343.694,0.9895295902883156,,0.0
2022-12-27,12.972,12.262,13.132,11.942,200605.64,248819.726,0.9888709677419356,,0.0
2022-12-28,12.192,11.982,12.322,11.952,96779.09,118341.144,0.9886138613861386,,0.0
2022-12-29,11.962,12.092,12.202,11.872,122037.67,149075.251,0.988716271463614,,0.0
2022-12-30,12.052,11.842,12.182,11.812,113104.0,136495.545,0.9884808013355592,,0.0
2023-01-03,11.932,12.442,12.442,11.922,154567.38,192321.665,0.9890302066772656,,0.0
2023-01-04,12.252,12.162,12.332,12.092,121426.71,149718.431,0.988780487804878,,0.0
2023-01-05,12.232,12.192,12.262,11.942,97114.04,119406.792,0.9888077858880778,,0.0
2023-01-06,12.152,11.952,12.162,11.882,95147.0,115669.471,0.9885856079404468,,0.0
2023-01-09,11.982,11.962,12.112,11.892,76117.0,92332.28,0.988595041322314,,0.0
2023-01-10,11.972,11.822,12.002,11.712,77587.0,92911.746,0.9884615384615384,,0.0
2023-01-11,11.852,11.662,11.922,11.642,71097.47,84773.423,0.9883050847457628,,0.0
2023-01-12,11.642,11.672,11.822,11.582,52051.66,61566.634,0.9883149872988992,,0.0
2023-01-13,11.722,11.822,11.822,11.642,56766.0,67380.732,0.9884615384615384,,0.0
2023-01-16,11.812,11.942,12.002,11.782,72658.0,87711.358,0.9885761589403974,,0.0
2023-01-17,11.952,11.712,11.952,11.662,60478.0,72082.641,0.9883544303797468,,0.0
2023-01-18,11.742,11.762,11.802,11.682,29137.0,34621.405,0.988403361344538,,0.0
2023-01-19,11.762,11.822,11.842,11.652,41634.0,49641.183,0.9884615384615384,,0.0
2023-01-20,11.792,11.992,11.992,11.792,48124.87,58134.248,0.9886232481450948,,0.0
2023-01-30,12.062,12.002,12.092,11.942,68718.12,83399.848,0.9886326194398682,,0.0
2023-01-31,11.992,11.972,12.002,11.822,43964.0,53017.034,0.9886044591246904,,0.0
2023-02-01,12.012,12.132,12.132,11.962,65638.95,79969.214,0.9887530562347188,,0.0
2023-02-02,12.132,12.252,12.262,12.032,87899.21,108441.111,0.988861985472155,,0.0
2023-02-03,12.262,12.142,12.302,12.022,66866.52,82068.827,0.9887622149837134,,0.0
2023-02-06,12.142,12.042,12.152,12.022,48358.21,59029.349,0.9886699507389164,,0.0
2023-02-07,12.042,12.052,12.092,11.992,52628.0,64087.338,0.9886792452830188,,0.0
2023-02-08,12.062,12.002,12.122,11.992,53458.69,65254.454,0.9886326194398682,,0.0
2023-02-09,11.982,12.162,12.162,11.922,62524.32,76167.275,0.988780487804878,,0.0
2023-02-10,12.152,12.172,12.262,12.072,61257.0,75453.258,0.9887896019496344,,0.0
2023-02-13,12.202,12.342,12.342,12.172,68304.0,84958.884,0.9889423076923076,,0.0
2023-02-14,12.332,12.492,12.502,12.282,80267.0,100642.105,0.9890736342042756,,0.0
2023-02-15,12.502,12.592,12.672,12.402,116160.28,147422.782,0.989159465828751,,0.0
2023-02-16,12.602,12.952,13.132,12.592,217750.68,283619.734,0.9894576012223072,,0.0
2023-02-17,12.962,13.612,13.832,12.812,264349.81,357461.213,0.9899636363636364,,0.0
2023-02-20,13.582,13.312,13.582,13.032,168446.81,224824.581,0.9897397769516728,,0.0
2023-02-21,13.192,13.292,13.452,13.142,101132.93,135343.882,0.9897244973938942,,0.0
2023-02-22,13.152,13.122,13.462,13.072,95001.93,127120.052,0.9895927601809956,,0.0
2023-02-23,13.062,12.982,13.162,12.862,91531.93,120164.2,0.9894817073170732,,0.0
2023-02-24,13.072,13.112,13.352,13.042,91062.0,121219.906,0.9895849056603774,,0.0
2023-02-27,13.012,12.742,13.252,12.722,77777.0,101448.553,0.9892857142857144,,0.0
2023-02-28,12.842,13.202,13.272,12.802,109534.0,144709.609,0.9896551724137932,,0.0
2023-03-01,13.282,13.092,13.302,13.032,82534.0,109262.544,0.9895691609977324,,0.0
2023-03-02,13.072,12.872,13.132,12.862,75837.0,99253.93,0.9893927747886242,,0.0
2023-03-03,12.892,12.982,13.052,12.852,50676.48,66336.797,0.9894817073170732,,0.0
2023-03-06,13.012,12.942,13.062,12.882,46238.48,60555.678,0.9894495412844037,,0.0
2023-03-07,12.922,12.532,13.012,12.512,75351.68,96882.691,0.9891081294396212,,0.0
2023-03-08,12.482,12.582,12.602,12.472,41251.0,52296.675,0.9891509433962264,,0.0
2023-03-09,12.562,12.752,12.792,12.562,48322.93,62098.838,0.9892940263770365,,0.0
2023-03-10,12.662,12.552,12.672,12.472,42017.0,53338.198,0.9891252955082742,,0.0
2023-03-13,12.562,12.802,12.822,12.472,55710.0,71359.256,0.9893353941267388,,0.0
2023-03-14,12.792,12.652,12.992,12.542,76206.0,98519.609,0.9892103205629398,,0.0
2023-03-15,12.582,13.012,13.042,12.582,89257.0,116722.304,0.9895057034220532,,0.0
2023-03-16,12.912,12.952,13.142,12.772,73211.0,95900.03,0.9894576012223072,,0.0
2023-03-17,12.982,12.772,13.082,12.722,80804.0,105178.831,0.9893106119287374,,0.0
2023-03-20,12.772,12.212,12.772,12.192,96416.28,120645.946,0.988825910931174,,0.0
2023-03-21,12.262,12.402,12.432,12.212,41713.29,52120.448,0.9889952153110048,,0.0
2023-03-22,12.442,12.452,12.602,12.402,46201.0,58381.158,0.9890389197776012,,0.0
2023-03-23,12.482,12.282,12.482,12.212,50941.0,63377.119,0.9888888888888888,,0.0
2023-03-24,12.272,12.062,12.432,12.032,64809.0,79706.05,0.988688524590164,,0.0
2023-03-27,12.112,12.212,12.312,11.962,43510.0,53573.1,0.988825910931174,,0.0
2023-03-28,12.212,12.282,12.342,12.102,37776.0,46745.06,0.9888888888888888,,0.0
2023-03-29,12.332,12.112,12.332,12.052,37788.0,46400.678,0.988734693877551,,0.0
2023-03-30,11.842,11.252,11.842,11.082,129006.16,147932.78,0.9878841088674276,,0.0
2023-03-31,11.252,11.342,11.442,11.192,51517.5,59115.686,0.9879790940766552,,0.0
2023-04-03,11.362,11.322,11.422,11.212,41275.0,47202.423,0.987958115183246,,0.0
2023-04-04,11.322,11.232,11.402,11.192,40282.0,46029.42,0.9878627968337732,,0.0
2023-04-06,11.232,11.282,11.412,11.212,34161.0,39119.927,0.9879159369527144,,0.0
2023-04-07,11.342,11.502,11.542,11.252,43891.21,50857.195,0.9881443298969071,,0.0
2023-04-10,11.512,11.432,11.612,11.382,41084.83,47739.801,0.9880726015557476,,0.0
2023-04-11,11.382,11.412,11.532,11.352,27907.55,32254.34,0.988051948051948,,0.0
2023-04-12,11.422,11.522,11.602,11.352,41429.83,48317.804,0.988164665523156,,0.0
2023-04-13,11.462,11.622,11.682,11.412,41453.0,48625.887,0.988265306122449,,0.0
2023-04-14,11.622,11.742,11.792,11.542,42882.75,50875.016,0.9883838383838384,,0.0
2023-04-17,11.442,11.342,11.442,11.082,87507.68,99684.014,0.9879790940766552,,0.0
2023-04-18,11.332,11.142,11.332,11.132,42123.7,47699.305,0.9877659574468084,,0.0
2023-04-19,11.132,10.982,11.212,10.882,44549.71,49586.531,0.987589928057554,,0.0
2023-04-20,10.982,10.702,10.982,10.682,54407.71,59372.878,0.9872693726937268,,0.0
2023-04-21,10.702,10.682,10.902,10.662,41782.0,45646.321,0.98724584103512,,0.0
2023-04-24,10.742,10.912,11.032,10.692,48167.0,53094.881,0.9875113122171946,,0.0
2023-04-25,10.872,10.532,10.902,10.442,47708.87,51112.968,0.987066541705717,,0.0
2023-04-26,10.602,10.742,10.832,10.552,34703.0,37793.177,0.9873161764705882,,0.0
2023-04-27,10.672,10.942,10.992,10.672,46907.87,51791.531,0.9875451263537908,,0.0
2023-04-28,10.952,10.932,10.972,10.822,32185.0,35569.674,0.9875338753387534,,0.0
2023-05-04,10.882,11.002,11.042,10.812,28755.0,31957.443,0.9876122082585278,,0.0
2023-05-05,10.992,10.782,11.022,10.712,26657.0,29116.079,0.9873626373626374,,0.0
2023-05-08,10.792,10.812,10.962,10.662,31407.95,34368.111,0.9873972602739726,,0.0
2023-05-09,10.812,10.542,10.812,10.542,35261.6,37948.705,0.9870786516853932,,0.0
2023-05-10,10.622,10.412,10.622,10.362,39299.0,41606.73,0.9869194312796208,,0.0
2023-05-11,10.442,10.402,10.532,10.392,27907.0,29531.161,0.9869070208728652,,0.0
2023-05-12,10.432,10.502,10.652,10.402,36744.42,39241.611,0.98703007518797,,0.0
2023-05-15,10.542,10.432,10.572,10.182,46537.58,48663.264,0.9869441816461684,,0.0
2023-05-16,10.502,10.482,10.542,10.362,31518.14,33419.005,0.987005649717514,,0.0
2023-05-17,10.462,10.562,10.592,10.322,33255.0,35359.71,0.9871028037383176,,0.0
2023-05-18,10.552,10.532,10.632,10.512,20623.0,22053.622,0.987066541705717,,0.0
2023-05-19,10.542,10.722,10.932,10.442,50419.6,54737.684,0.987292817679558,,0.0
2023-05-22,10.662,10.772,10.812,10.642,31376.0,34150.491,0.9873510540788268,,0.0
2023-05-23,10.798,11.048,11.158,10.798,76244.62,84852.424,0.9953153153153154,,0.0
2023-05-24,11.148,10.888,11.388,10.848,76383.81,84715.945,0.9952468007312616,,0.0
2023-05-25,10.668,10.598,10.778,10.508,55723.72,59517.862,0.9951173708920188,,0.0
2023-05-26,10.648,10.718,10.788,10.438,42096.82,44799.525,0.995171773444754,,0.0
2023-05-29,10.758,10.658,10.848,10.618,29248.0,31533.455,0.9951447245564892,,0.0
2023-05-30,10.658,10.618,10.738,10.468,23501.87,24995.717,0.9951265229615746,,0.0
2023-05-31,10.648,10.618,10.838,10.618,34683.87,37397.43,0.9951265229615746,,0.0
2023-06-01,10.638,10.598,10.738,10.408,28073.0,29887.901,0.9951173708920188,,0.0
2023-06-02,10.628,10.568,10.638,10.528,27633.87,29390.532,0.9951035781544256,,0.0
2023-06-05,10.648,10.488,10.678,10.458,28901.63,30500.913,0.9950664136622392,,0.0
2023-06-06,10.548,10.198,10.558,10.178,48966.0,50694.955,0.9949268292682928,,0.0
2023-06-07,10.228,10.268,10.378,10.138,24379.2,25193.613,0.9949612403100776,,0.0
2023-06-08,10.268,10.108,10.298,10.028,27487.0,27985.897,0.9948818897637796,,0.0
2023-06-09,10.108,10.098,10.228,10.048,18848.8,19189.345,0.9948768472906404,,0.0
2023-06-12,10.138,10.108,10.148,9.968,19419.29,19627.842,0.9948818897637796,,0.0
2023-06-13,10.068,10.058,10.158,10.028,20679.01,20911.13,0.9948565776458952,,0.0
2023-06-14,10.068,10.088,10.128,10.018,16591.0,16793.808,0.9948717948717948,,0.0
2023-06-15,10.068,10.268,10.278,10.018,32404.11,33082.573,0.9949612403100776,,0.0
2023-06-16,10.248,10.248,10.338,10.178,24967.0,25756.447,0.9949514563106796,,0.0
2023-06-19,10.278,10.118,10.278,10.108,18636.29,19097.926,0.9948869223205506,,0.0
2023-06-20,10.118,10.068,10.178,10.028,15824.0,16050.218,0.9948616600790514,,0.0
2023-06-21,10.028,9.938,10.098,9.888,28548.0,28572.412,0.9947947947947948,,0.0
2023-06-26,9.848,9.848,9.928,9.778,22899.0,22631.999,0.9947474747474748,,0.0
2023-06-27,9.888,10.038,10.088,9.848,20744.0,20893.121,0.9948463825569872,,0.0
2023-06-28,10.058,10.018,10.098,9.888,13952.0,13991.47,0.9948361469712016,,0.0
2023-06-29,9.968,10.078,10.138,9.968,15852.0,16072.953,0.9948667324777888,,0.0
2023-06-30,10.098,10.178,10.218,10.058,20831.81,21312.858,0.9949169110459434,,0.0
2023-07-03,10.178,10.268,10.298,10.128,22852.0,23489.426,0.9949612403100776,,0.0
2023-07-04,10.278,10.288,10.348,10.198,18624.62,19226.385,0.9949709864603482,,0.0
2023-07-05,10.288,10.208,10.318,10.188,14925.68,15373.351,0.9949317738791424,,0.0
2023-07-06,10.168,10.118,10.238,10.098,13895.0,14163.635,0.9948869223205506,,0.0
2023-07-07,10.078,10.148,10.178,10.068,12940.29,13185.424,0.9949019607843138,,0.0
2023-07-10,10.198,10.218,10.248,10.148,10834.0,11110.825,0.9949367088607596,,0.0
2023-07-11,10.238,10.258,10.278,10.118,12811.0,13152.376,0.9949563530552862,,0.0
2023-07-12,10.268,10.138,10.278,10.108,12962.0,13248.953,0.9948969578017663,,0.0
2023-07-13,10.178,10.198,10.248,10.148,18213.0,18701.841,0.9949268292682928,,0.0
2023-07-14,10.228,10.268,10.318,10.158,20476.0,21092.525,0.9949612403100776,,0.0
2023-07-17,10.328,10.138,10.328,10.088,20259.0,20635.604,0.9948969578017663,,0.0
2023-07-18,10.168,10.118,10.168,10.038,14767.0,14970.766,0.9948869223205506,,0.0
2023-07-19,10.128,10.088,10.178,10.038,16552.0,16765.491,0.9948717948717948,,0.0
2023-07-20,10.088,10.068,10.148,9.968,16771.0,17018.144,0.9948616600790514,,0.0
2023-07-21,10.088,10.168,10.228,9.998,21756.0,22211.835,0.9949119373776908,,0.0
2023-07-24,10.128,10.328,10.408,10.128,32656.14,33842.294,0.994990366088632,,0.0
2023-07-25,10.348,10.378,10.408,10.278,29931.0,31116.22,0.9950143815915627,,0.0
2023-07-26,10.368,10.448,10.498,10.318,23604.6,24754.036,0.9950476190476192,,0.0
2023-07-27,10.448,10.438,10.498,10.378,18132.6,18983.874,0.9950428979980934,,0.0
2023-07-28,10.408,10.528,10.528,10.358,24087.0,25310.565,0.995085066162571,,0.0
2023-07-31,10.568,10.518,10.588,10.458,26171.0,27650.167,0.9950804162724692,,0.0
2023-08-01,10.518,10.458,10.578,10.418,20422.0,21526.982,0.9950523311132256,,0.0
2023-08-02,10.458,10.328,10.518,10.288,22649.0,23586.17,0.994990366088632,,0.0
2023-08-03,10.388,10.808,11.348,10.348,137474.26,150964.714,0.9952117863720074,,0.0
2023-08-04,10.708,10.638,10.898,10.608,88886.28,95706.38,0.9951356407857812,,0.0
2023-08-07,10.568,10.428,10.648,10.368,47353.0,49662.246,0.9950381679389312,,0.0
2023-08-08,10.408,10.648,10.718,10.218,66409.24,70140.941,0.995140186915888,,0.0
2023-08-09,10.578,10.978,11.018,10.558,114753.72,125144.661,0.9952855847688123,,0.0
2023-08-10,10.828,10.818,10.928,10.728,53957.13,58635.939,0.995216191352346,,0.0
2023-08-11,10.798,10.828,11.028,10.758,68391.13,75075.566,0.995220588235294,,0.0
2023-08-14,10.928,11.048,11.288,10.858,96536.12,106964.252,0.9953153153153154,,0.0
2023-08-15,10.908,10.888,10.998,10.628,71856.48,78296.368,0.9952468007312616,,0.0
2023-08-16,10.868,10.708,10.978,10.678,45918.34,49867.895,0.9951672862453532,,0.0
2023-08-17,10.648,10.608,10.778,10.498,40945.0,43615.56,0.9951219512195122,,0.0
2023-08-18,10.608,10.258,10.618,10.248,48695.15,50849.251,0.9949563530552862,,0.0
2023-08-21,10.258,10.188,10.348,10.158,22018.85,22689.72,0.994921875,,0.0
2023-08-22,10.208,10.048,10.308,9.898,34506.0,34810.331,0.9948514851485148,,0.0
2023-08-23,10.058,9.908,10.098,9.908,29076.0,29106.422,0.9947791164658636,,0.0
2023-08-24,9.888,10.068,10.168,9.848,24207.0,24343.277,0.9948616600790514,,0.0
2023-08-25,10.348,10.598,11.078,10.228,158324.11,171350.147,0.9951173708920188,,0.0
2023-08-28,11.678,10.858,11.678,10.708,121552.85,134434.848,0.9952337305224565,,0.0
2023-08-29,10.838,11.068,11.108,10.728,79757.5,88245.545,0.9953237410071942,,0.0
2023-08-30,11.158,10.878,11.158,10.848,55690.5,61198.897,0.9952424519670632,,0.0
2023-08-31,10.908,10.948,11.018,10.648,65192.68,70919.8,0.9952727272727272,,0.0
2023-09-01,10.948,11.038,11.058,10.838,49632.0,54819.842,0.9953110910730388,,0.0
2023-09-04,10.998,11.098,11.108,10.948,41409.96,45905.311,0.9953363228699552,,0.0
2023-09-05,11.058,10.928,11.098,10.908,32337.0,35674.604,0.995264116575592,,0.0
2023-09-06,10.898,10.868,10.988,10.798,24460.0,26781.401,0.9952380952380953,,0.0
2023-09-07,10.898,10.708,10.908,10.708,23290.0,25285.382,0.9951672862453532,,0.0
2023-09-08,10.698,10.778,10.868,10.688,22468.0,24360.134,0.9951985226223454,,0.0
2023-09-11,10.778,11.118,11.118,10.778,65021.8,72168.95,0.9953446732318711,,0.0
2023-09-12,11.088,11.228,11.268,11.018,59861.0,67251.405,0.9953900709219858,,0.0
2023-09-13,11.128,11.038,11.228,10.908,60095.0,66661.112,0.9953110910730388,,0.0
2023-09-14,10.998,11.248,11.318,10.998,83008.46,93547.334,0.9953982300884956,,0.0
2023-09-15,11.148,11.388,11.428,11.118,102913.31,117047.561,0.9954545454545456,,0.0
2023-09-18,11.318,11.308,11.438,11.148,73311.0,83121.506,0.9954225352112676,,0.0
2023-09-19,11.308,11.318,11.498,11.258,64447.0,73653.785,0.9954265611257695,,0.0
2023-09-20,11.318,11.348,11.488,11.268,63517.0,72798.641,0.995438596491228,,0.0
2023-09-21,11.418,11.198,11.418,11.148,60924.82,68671.373,0.9953777777777778,,0.0
2023-09-22,11.238,11.248,11.278,10.948,55351.0,61916.73,0.9953982300884956,,0.0
2023-09-25,11.258,11.448,11.488,11.198,69242.0,79470.348,0.9954782608695651,,0.0
2023-09-26,11.468,11.338,11.468,11.288,44964.0,51282.293,0.9954345917471468,,0.0
2023-09-27,11.308,11.518,11.548,11.308,56271.1,64742.556,0.995505617977528,,0.0
2023-09-28,11.528,11.458,11.558,11.418,44548.6,51357.709,0.9954821894005214,,0.0
2023-10-09,11.448,11.408,11.528,11.328,43582.0,49930.81,0.9954624781849912,,0.0
2023-10-10,11.438,11.268,11.498,11.228,43340.0,49323.566,0.9954063604240284,,0.0
2023-10-11,11.268,11.478,11.668,11.258,61812.0,71570.849,0.9954900260190808,,0.0
2023-10-12,11.558,11.728,12.008,11.498,81856.3,96572.712,0.9955857385398982,,0.0
2023-10-13,11.608,11.898,12.028,11.568,100936.0,120332.684,0.9956485355648536,,0.0
2023-10-16,11.988,11.758,12.218,11.678,85295.31,101596.353,0.9955969517358172,,0.0
2023-10-17,11.748,11.648,11.758,11.488,57350.0,66774.059,0.9955555555555556,,0.0
2023-10-18,11.638,11.308,11.638,11.298,42755.0,49034.28,0.9954225352112676,,0.0
2023-10-19,11.298,11.088,11.298,11.058,45607.0,51178.35,0.9953321364452424,,0.0
2023-10-20,11.098,10.978,11.218,10.978,38466.0,42707.781,0.9952855847688123,,0.0
2023-10-23,10.978,10.838,11.148,10.758,44676.0,48906.449,0.9952249770431588,,0.0
2023-10-24,10.848,10.978,11.038,10.598,52803.0,57645.54,0.9952855847688123,,0.0
2023-10-25,11.058,10.838,11.088,10.838,48552.0,53404.737,0.9952249770431588,,0.0
2023-10-26,10.698,11.038,11.068,10.688,53506.75,58545.624,0.9953110910730388,,0.0
2023-10-27,10.668,10.558,10.668,9.848,177205.95,182309.733,0.9950989632422244,,0.0
2023-10-30,10.458,10.938,11.098,10.378,154776.82,167614.884,0.9952684258416744,,0.0
2023-10-31,10.928,11.428,11.668,10.898,183109.49,209680.435,0.9954703832752614,,0.0
2023-11-01,11.348,11.488,11.588,11.108,115548.49,132793.702,0.9954939341421144,,0.0
2023-11-02,11.488,11.428,11.578,11.378,76437.0,88120.249,0.9954703832752614,,0.0
2023-11-03,11.428,11.258,11.498,11.218,74998.0,85189.023,0.9954022988505749,,0.0
2023-11-06,11.348,11.348,11.588,11.298,87248.19,100198.673,0.995438596491228,,0.0
2023-11-07,11.348,11.348,11.438,11.298,65516.06,74721.516,0.995438596491228,,0.0
2023-11-08,11.308,11.538,11.578,11.278,87410.06,100785.702,0.9955133735979292,,0.0
2023-11-09,11.518,11.348,11.798,11.328,80365.06,93005.612,0.995438596491228,,0.0
2023-11-10,11.298,11.288,11.408,11.168,49328.0,56024.123,0.9954144620811288,,0.0
2023-11-13,11.278,11.218,11.348,11.078,57446.0,64408.937,0.9953859804791482,,0.0
2023-11-14,11.278,11.168,11.308,11.108,40468.0,45459.329,0.9953654188948308,,0.0
2023-11-15,11.228,11.338,11.348,11.128,55837.0,63165.255,0.9954345917471468,,0.0
2023-11-16,11.298,11.178,11.368,11.148,48256.0,54434.798,0.9953695458593056,,0.0
2023-11-17,11.148,11.368,11.398,11.128,55444.0,62871.138,0.995446584938704,,0.0
2023-11-20,11.338,11.588,11.598,11.338,77716.0,89929.577,0.99553264604811,,0.0
2023-11-21,11.588,11.628,11.748,11.458,73069.15,85167.612,0.9955479452054796,,0.0
2023-11-22,11.528,11.618,11.728,11.528,66203.0,77471.917,0.9955441302485004,,0.0
2023-11-23,11.678,11.748,11.808,11.588,78974.15,92980.076,0.9955932203389832,,0.0
2023-11-24,11.798,11.828,11.998,11.688,112490.0,133621.566,0.9956228956228956,,0.0
2023-11-27,11.988,11.618,11.988,11.588,107471.0,126504.035,0.9955441302485004,,0.0
2023-11-28,11.648,11.748,11.798,11.418,74577.17,87183.593,0.9955932203389832,,0.0
2023-11-29,11.688,11.558,11.768,11.518,53450.19,62619.871,0.9955211024978468,,0.0
2023-11-30,11.568,11.588,11.648,11.428,48532.17,56235.163,0.99553264604811,,0.0
2023-12-01,11.568,11.648,11.818,11.528,59312.19,69624.314,0.9955555555555556,,0.0
2023-12-04,11.698,11.588,11.788,11.528,78573.0,91927.485,0.99553264604811,,0.0
2023-12-05,11.558,11.438,11.648,11.408,57251.0,66149.185,0.9954743255004352,,0.0
2023-12-06,11.468,11.318,11.498,11.278,49176.0,56142.459,0.9954265611257695,,0.0
2023-12-07,11.318,11.108,11.328,11.058,46171.0,51793.905,0.9953405017921148,,0.0
2023-12-08,11.128,10.998,11.188,10.988,60985.19,67847.057,0.9952941176470588,,0.0
2023-12-11,10.958,10.978,11.038,10.788,47931.81,52539.483,0.9952855847688123,,0.0
2023-12-12,10.978,10.968,11.088,10.898,42752.0,47132.501,0.9952813067150637,,0.0
2023-12-13,10.948,11.058,11.278,10.898,66572.0,74536.629,0.9953195319531952,,0.0
2023-12-14,11.048,11.008,11.178,10.998,40884.0,45486.852,0.9952983725135623,,0.0
2023-12-15,10.998,10.708,11.038,10.688,45392.0,49368.96,0.9951672862453532,,0.0
2023-12-18,10.738,10.628,10.888,10.598,32359.0,34839.211,0.9951310861423222,,0.0
2023-12-19,10.588,10.578,10.668,10.458,33661.0,35693.512,0.9951081843838194,,0.0
2023-12-20,10.588,10.528,10.698,10.518,28606.0,30528.446,0.995085066162571,,0.0
2023-12-21,10.498,10.518,10.578,10.288,39202.0,41094.001,0.9950804162724692,,0.0
2023-12-22,10.528,10.318,10.558,10.298,35046.0,36606.602,0.9949855351976856,,0.0
2023-12-25,10.328,10.258,10.388,10.198,23876.0,24629.399,0.9949563530552862,,0.0
2023-12-26,10.328,10.258,10.338,10.148,26582.0,27326.617,0.9949563530552862,,0.0
2023-12-27,10.258,10.338,10.368,10.168,22507.0,23267.517,0.994995187680462,,0.0
2023-12-28,10.348,10.418,10.448,10.188,34901.0,36359.417,0.9950334288443172,,0.0
2023-12-29,10.388,10.538,10.568,10.348,32637.0,34464.641,0.9950897072710104,,0.0
2024-01-02,10.538,10.538,10.588,10.458,27826.0,29439.268,0.9950897072710104,,0.0
2024-01-03,10.488,10.588,10.688,10.478,27084.0,28834.837,0.9951127819548872,,0.0
2024-01-04,10.558,10.548,10.568,10.478,18051.0,19083.894,0.9950943396226416,,0.0
2024-01-05,10.538,10.288,10.538,10.218,32598.0,34015.332,0.9949709864603482,,0.0
2024-01-08,10.248,10.088,10.288,10.088,27197.0,27822.881,0.9948717948717948,,0.0
2024-01-09,10.228,10.128,10.248,10.078,19661.0,20041.14,0.9948919449901767,,0.0
2024-01-10,10.168,10.048,10.218,10.008,22188.0,22544.535,0.9948514851485148,,0.0
2024-01-11,10.098,10.148,10.178,10.018,22236.0,22598.468,0.9949019607843138,,0.0
2024-01-12,10.128,10.018,10.248,10.008,24819.0,25228.166,0.9948361469712016,,0.0
2024-01-15,10.018,10.058,10.128,9.968,20136.24,20374.656,0.9948565776458952,,0.0
2024-01-16,10.068,9.928,10.078,9.808,39122.24,38988.504,0.9947895791583168,,0.0
2024-01-17,9.928,9.638,9.968,9.638,31131.0,30710.178,0.9946336429308564,,0.0
2024-01-18,9.608,9.498,9.608,9.208,43492.0,40978.287,0.9945549738219897,,0.0
2024-01-19,9.468,9.338,9.488,9.308,26608.0,25152.681,0.9944621938232162,,0.0
2024-01-22,9.348,8.788,9.348,8.718,38576.0,34956.949,0.9941176470588236,,0.0
2024-01-23,8.748000000000001,8.748000000000001,8.828000000000001,8.548,36751.0,32211.594,0.9940909090909092,,0.0
2024-01-24,8.758000000000001,8.918000000000001,8.948,8.528,38706.0,34185.049,0.9942028985507246,,0.0
2024-01-25,8.888,9.288,9.298,8.848,35449.0,32445.72,0.9944325481798716,,0.0
2024-01-26,9.288,9.308,9.488,9.248,32839.0,30914.668,0.9944444444444444,,0.0
2024-01-29,9.318,9.028,9.398,8.998000000000001,25075.0,23030.061,0.994273127753304,,0.0
2024-01-30,8.788,8.708,8.988,8.668000000000001,30870.0,27460.889,0.9940639269406392,,0.0
2024-01-31,8.698,8.138,8.698,8.128,44965.0,37727.527,0.9936507936507936,,0.0
2024-02-01,8.068,7.998000000000001,8.218,7.898000000000001,44344.24,35966.394,0.9935403726708076,,0.0
2024-02-02,8.078000000000001,7.678000000000001,8.238,7.348000000000001,58833.24,46196.974,0.9932729624838292,,0.0
2024-02-05,7.618,6.838,7.668,6.6080000000000005,72166.0,50800.02,0.9924528301886794,,0.0
2024-02-06,6.478000000000001,7.158,7.378,6.478000000000001,68661.71,47815.897,0.9927877947295424,,0.0
2024-02-07,7.198,6.958,7.278,6.7780000000000005,80247.3,57108.739,0.9925820256776036,,0.0
2024-02-08,6.948,7.488,7.608,6.788,80726.24,58405.129,0.9931034482758622,,0.0
2024-02-19,7.548,7.688000000000001,7.898000000000001,7.548,62381.28,48390.094,0.99328165374677,,0.0
2024-02-20,7.608,7.838,8.028,7.508,52840.44,41609.803,0.9934093789607098,,0.0
2024-02-21,7.718,7.928000000000001,8.098,7.668,47827.5,38234.893,0.993483709273183,,0.0
2024-02-22,7.858,7.987999999999999,8.038,7.838,44504.0,35520.579,0.9935323383084578,,0.0
2024-02-23,7.987999999999999,8.168000000000001,8.188,7.948,46740.0,37928.148,0.9936739659367396,,0.0
2024-02-26,8.228,8.298,8.448,8.118,50662.17,42201.204,0.9937724550898204,,0.0
2024-02-27,8.258000000000001,8.458,8.458,8.198,47281.0,39826.099,0.9938895417156288,,0.0
2024-02-28,8.478,7.928000000000001,8.758000000000001,7.908,92442.67,78014.22,0.993483709273183,,0.0
2024-02-29,7.808000000000001,8.128,8.128,7.748,55130.0,44460.215,0.9936430317848411,,0.0
2024-03-01,8.128,8.198,8.198,8.048,40699.0,33317.177,0.9936969696969696,,0.0
2024-03-04,8.198,8.318,8.358,8.138,47954.6,39807.999,0.9937873357228196,,0.0
2024-03-05,8.278,8.138,8.278,8.058,37962.0,31086.219,0.9936507936507936,,0.0
2024-03-06,8.088000000000001,8.098,8.228,7.958,36282.0,29503.018,0.9936196319018404,,0.0
2024-03-07,8.118,8.018,8.218,8.018,34573.51,28260.347,0.9935563816604708,,0.0
2024-03-08,7.998000000000001,8.048,8.088000000000001,7.928000000000001,29908.0,24101.874,0.9935802469135804,,0.0
2024-03-11,8.068,8.258000000000001,8.278,7.987999999999999,40814.36,33429.127,0.993742478941035,,0.0
2024-03-12,8.298,8.528,8.598,8.298,64288.0,54889.839,0.993939393939394,,0.0
2024-03-13,8.478,8.428,8.528,8.338000000000001,43302.0,36614.894,0.993867924528302,,0.0
2024-03-14,8.638,8.478,8.838000000000001,8.328000000000001,76497.0,66289.596,0.9939038686987104,,0.0
2024-03-15,8.438,8.588000000000001,8.628,8.368,53462.0,45634.334,0.9939814814814816,,0.0
2024-03-18,8.598,8.948,9.058,8.518,94198.6,82827.567,0.9942222222222222,,0.0
2024-03-19,8.958,8.788,8.978,8.788,64238.17,57189.652,0.9941176470588236,,0.0
2024-03-20,8.808,8.798,8.888,8.728,42374.2,37524.323,0.9941242937853108,,0.0
2024-03-21,8.838000000000001,8.728,8.848,8.638,42148.0,37033.551,0.9940774487471526,,0.0
2024-03-22,8.678,8.488,8.708,8.408000000000001,54154.0,46356.643,0.9939110070257612,,0.0
2024-03-25,8.448,8.198,8.498000000000001,8.188,40718.0,34127.413,0.9936969696969696,,0.0
2024-03-26,8.148,8.228,8.238,8.038,36604.0,29970.422,0.9937198067632852,,0.0
2024-03-27,8.228,8.128,8.398,8.128,44208.0,36778.661,0.9936430317848411,,0.0
2024-03-28,8.128,8.278,8.308,8.038,38278.0,31602.431,0.9937575030012006,,0.0
2024-03-29,8.288,8.288,8.308,8.158000000000001,26948.99,22318.545,0.9937649880095925,,0.0
2024-04-01,8.348,8.488,8.488,8.328000000000001,32830.0,27758.074,0.9939110070257612,,0.0
2024-04-02,8.458,8.528,8.568,8.428,29380.96,25117.371,0.993939393939394,,0.0
2024-04-03,8.488,8.468,8.548,8.338000000000001,30219.0,25627.042,0.9938967136150236,,0.0
2024-04-08,8.408000000000001,8.108,8.428,8.098,36679.89,30322.694,0.9936274509803922,,0.0
2024-04-09,8.068,8.408000000000001,8.408000000000001,8.048,34303.96,28520.391,0.9938534278959812,,0.0
2024-04-10,8.388,8.078000000000001,8.418000000000001,8.038,38577.0,31677.326,0.9936039360393604,,0.0
2024-04-11,8.088000000000001,8.048,8.218,7.968,26178.0,21349.052,0.9935802469135804,,0.0
2024-04-12,8.048,7.898000000000001,8.128,7.878,34905.0,27965.995,0.9934591194968554,,0.0
2024-04-15,7.938000000000001,7.448,7.938000000000001,7.328,55504.28,42470.507,0.9930666666666668,,0.0
2024-04-16,7.408,6.938000000000001,7.438000000000001,6.848000000000001,47895.28,34022.178,0.9925608011444922,,0.0
2024-04-17,6.998,7.468,7.478000000000001,6.998,43452.99,32018.243,0.9930851063829788,,0.0
2024-04-18,7.468,7.348000000000001,7.628,7.318,35893.0,26784.713,0.992972972972973,,0.0
2024-04-19,7.328,7.288,7.408,7.198,27042.82,19846.006,0.99291553133515,,0.0
2024-04-22,7.288,7.308000000000001,7.418,7.1080000000000005,26991.99,19820.695,0.9929347826086956,,0.0
2024-04-23,7.298,7.438000000000001,7.488,7.278,28513.82,21218.035,0.9930574098798398,,0.0
2024-04-24,7.428000000000001,7.578,7.648000000000001,7.418,32700.0,24799.151,0.9931847968545215,,0.0
2024-04-25,7.548,7.708,7.818,7.528,35513.0,27592.813,0.993298969072165,,0.0
2024-04-26,6.948,7.1080000000000005,7.178000000000001,6.938000000000001,111191.62,79084.224,0.992737430167598,,0.0
2024-04-29,7.118,7.478000000000001,7.488,7.088,70109.0,51867.875,0.9930942895086322,,0.0
2024-04-30,7.488,7.598000000000001,7.628,7.448,46397.0,35257.774,0.993202614379085,,0.0
2024-05-06,7.798,7.958,8.018,7.668,67552.2,53495.682,0.9935081148564296,,0.0
2024-05-07,7.998000000000001,8.098,8.168000000000001,7.858,60819.68,49013.449,0.9936196319018404,,0.0
2024-05-08,8.058,8.258000000000001,8.388,8.038,103047.3,85333.994,0.993742478941035,,0.0
2024-05-09,8.158000000000001,8.298,8.508000000000001,8.058,88391.1,73802.742,0.9937724550898204,,0.0
2024-05-10,8.258000000000001,8.028,8.388,8.008000000000001,75663.1,61983.772,0.9935643564356436,,0.0
2024-05-13,7.998000000000001,7.798,8.068,7.748,50775.0,40323.195,0.993375796178344,,0.0
2024-05-14,7.788,7.828,7.948,7.788,32643.0,25876.268,0.9934010152284264,,0.0
2024-05-15,7.828,7.648000000000001,7.828,7.638000000000001,29623.0,22935.521,0.9932467532467532,,0.0
2024-05-16,7.638000000000001,7.608,7.768000000000001,7.598000000000001,23931.04,18482.66,0.9932114882506528,,0.0
2024-05-17,7.588,7.668,7.708,7.538,26972.8,20690.308,0.9932642487046632,,0.0
2024-05-20,7.688000000000001,7.648000000000001,7.748,7.618,23399.0,18073.329,0.9932467532467532,,0.0
2024-05-21,7.568,7.458,7.668,7.418,29757.0,22457.451,0.993075898801598,,0.0
2024-05-22,7.508,7.488,7.568,7.418,24230.51,18289.84,0.9931034482758622,,0.0
2024-05-23,7.478000000000001,7.268000000000001,7.478000000000001,7.218,32426.68,23885.288,0.992896174863388,,0.0
2024-05-24,7.248,7.218,7.368,7.218,23037.68,16887.58,0.992847317744154,,0.0
2024-05-27,7.328,7.208,7.328,7.098000000000001,25656.6,18524.393,0.9928374655647384,,0.0
2024-05-28,7.208,7.098000000000001,7.218,7.088,23312.0,16743.643,0.9927272727272728,,0.0
2024-05-29,7.12,7.15,7.229999999999999,7.09,22742.6,16344.506,0.9958217270194986,,0.0
2024-05-30,7.15,7.109999999999999,7.22,7.05,22988.12,16470.136,0.9957983193277312,,0.0
2024-05-31,7.14,7.229999999999999,7.229999999999999,7.12,22524.5,16266.572,0.9958677685950412,,0.0
2024-06-03,7.22,7.0,7.229999999999999,6.95,35280.0,24968.059,0.995732574679943,,0.0
2024-06-04,7.0,6.79,7.02,6.69,41812.0,28641.787,0.995601173020528,,0.0
2024-06-05,6.76,6.68,6.79,6.67,24957.0,16845.312,0.9955290611028316,,0.0
2024-06-06,6.63,6.17,6.7,6.029999999999999,77382.92,48771.62,0.9951612903225806,,0.0
2024-06-07,6.23,6.5,6.54,6.23,54956.04,35470.653,0.9954058192955588,,0.0
2024-06-11,6.489999999999999,6.47,6.54,6.33,27247.0,17578.43,0.9953846153846152,,0.0
2024-06-12,6.48,6.63,6.7,6.45,23364.0,15470.966,0.9954954954954954,,0.0
2024-06-13,6.67,6.45,6.72,6.41,23357.89,15210.612,0.9953703703703703,,0.0
2024-06-14,6.4,6.41,6.47,6.31,24770.0,15900.722,0.9953416149068324,,0.0
2024-06-17,6.45,6.34,6.45,6.319999999999999,17699.0,11331.208,0.9952904238618524,,0.0
2024-06-18,6.35,6.39,6.47,6.3,21357.0,13709.732,0.9953271028037384,,0.0
2024-06-19,6.43,6.359999999999999,6.47,6.319999999999999,17113.0,10982.855,0.9953051643192488,,0.0
2024-06-20,6.359999999999999,6.239999999999999,6.54,6.2,28740.6,18261.3,0.9952153110047848,,0.0
2024-06-21,6.17,6.29,6.39,6.12,22865.39,14461.406,0.995253164556962,,0.0
2024-06-24,6.22,5.96,6.279999999999999,5.92,34845.0,21077.502,0.9949916527545908,,0.0
2024-06-25,5.989999999999999,6.01,6.09,5.93,28421.6,17221.479,0.9950331125827814,,0.0
2024-06-26,6.01,6.239999999999999,6.239999999999999,5.97,27009.51,16638.678,0.9952153110047848,,0.0
2024-06-27,6.239999999999999,6.14,6.319999999999999,6.12,26342.0,16459.292,0.9951377633711508,,0.0
2024-06-28,6.14,6.109999999999999,6.21,6.069999999999999,21602.5,13351.912,0.995114006514658,,0.0
2024-07-01,6.109999999999999,6.15,6.16,5.97,20431.0,12494.303,0.9951456310679612,,0.0
2024-07-02,6.14,6.26,6.3,6.1,27042.0,16983.941,0.9952305246422892,,0.0
2024-07-03,6.26,6.22,6.39,6.21,25046.88,15838.099,0.9952,,0.0
2024-07-04,6.19,5.95,6.23,5.94,35018.6,21167.462,0.9949832775919732,,0.0
2024-07-05,5.95,6.239999999999999,6.26,5.85,39215.37,24033.931,0.9952153110047848,,0.0
2024-07-08,6.25,6.0,6.27,5.97,32633.0,19887.731,0.9950248756218903,,0.0
2024-07-09,6.01,5.92,6.04,5.7,51895.35,30443.292,0.9949579831932772,,0.0
2024-07-10,5.92,5.84,5.97,5.8,27212.0,16057.994,0.9948892674616696,,0.0
2024-07-11,5.93,6.18,6.21,5.93,44254.0,27192.36,0.9951690821256038,,0.0
2024-07-12,6.19,6.18,6.29,6.109999999999999,23880.0,14899.125,0.9951690821256038,,0.0
2024-07-15,6.19,6.029999999999999,6.19,5.97,26336.0,15978.767,0.995049504950495,,0.0
2024-07-16,6.029999999999999,5.98,6.06,5.95,17546.0,10566.492,0.995008319467554,,0.0
2024-07-17,5.98,6.0,6.06,5.87,24099.0,14495.941,0.9950248756218903,,0.0
2024-07-18,5.989999999999999,6.029999999999999,6.05,5.88,22521.0,13538.093,0.995049504950495,,0.0
2024-07-19,6.06,6.05,6.08,5.96,18636.0,11286.259,0.9950657894736842,,0.0
2024-07-22,6.029999999999999,6.17,6.22,6.0,28608.0,17648.331,0.9951612903225806,,0.0
2024-07-23,6.19,6.09,6.27,6.08,23117.0,14362.5,0.9950980392156862,,0.0
2024-07-24,6.069999999999999,6.029999999999999,6.1,5.92,31631.0,19112.699,0.995049504950495,,0.0
2024-07-25,5.98,6.029999999999999,6.1,5.92,24049.0,14549.063,0.995049504950495,,0.0
2024-07-26,6.09,6.05,6.14,6.029999999999999,14304.0,8734.476,0.9950657894736842,,0.0
2024-07-29,6.05,6.0,6.06,5.97,19073.02,11534.552,0.9950248756218903,,0.0
2024-07-30,6.01,6.14,6.14,5.989999999999999,22167.0,13559.734,0.9951377633711508,,0.0
2024-07-31,6.16,6.34,6.34,6.109999999999999,31597.57,19892.404,0.9952904238618524,,0.0
2024-08-01,6.3,6.38,6.43,6.3,28610.98,18331.947,0.9953198127925116,,0.0
2024-08-02,6.42,6.51,6.79,6.34,92396.1,61181.274,0.9954128440366972,,0.0
2024-08-05,6.42,6.319999999999999,6.59,6.25,63842.7,41386.99,0.9952755905511812,,0.0
2024-08-06,6.319999999999999,6.85,7.229999999999999,6.319999999999999,126497.1,86150.399,0.9956395348837208,,0.0
2024-08-07,6.9,6.79,6.9,6.65,81294.9,55253.457,0.995601173020528,,0.0
2024-08-08,6.73,6.85,7.05,6.73,95791.05,66531.028,0.9956395348837208,,0.0
2024-08-09,6.87,6.72,6.98,6.7,62321.0,42495.6,0.9955555555555556,,0.0
2024-08-12,6.7,6.81,6.94,6.69,59226.41,40641.951,0.9956140350877192,,0.0
2024-08-13,6.75,6.77,6.8,6.65,43681.94,29482.949,0.9955882352941176,,0.0
2024-08-14,6.73,6.68,6.76,6.59,35867.5,24035.368,0.9955290611028316,,0.0
2024-08-15,6.66,6.76,6.89,6.63,43338.0,29391.372,0.9955817378497792,,0.0
2024-08-16,6.72,6.93,7.01,6.66,64432.0,44425.665,0.9956896551724138,,0.0
2024-08-19,6.87,6.72,6.87,6.68,47156.46,31992.308,0.9955555555555556,,0.0
2024-08-20,6.72,6.569999999999999,6.72,6.54,35666.0,23673.015,0.9954545454545454,,0.0
2024-08-21,6.59,6.47,6.6,6.42,22246.11,14537.098,0.9953846153846152,,0.0
2024-08-22,6.45,6.43,6.56,6.41,27187.0,17689.162,0.9953560371517028,,0.0
2024-08-23,6.47,6.21,6.47,6.2,27292.96,17235.964,0.9951923076923076,,0.0
2024-08-26,6.26,6.34,6.37,6.16,19083.3,12095.976,0.9952904238618524,,0.0
2024-08-27,6.34,6.42,6.54,6.29,28545.96,18497.201,0.9953488372093025,,0.0
2024-08-28,6.45,6.54,6.6,6.29,52329.96,34038.088,0.9954337899543378,,0.0
2024-08-29,6.47,6.59,6.64,6.44,35743.0,23539.138,0.9954682779456192,,0.0
2024-08-30,6.59,6.65,6.7,6.55,32559.0,21743.445,0.995508982035928,,0.0
2024-09-02,6.609999999999999,6.55,6.739999999999999,6.529999999999999,24744.0,16415.209,0.9954407294832828,,0.0
2024-09-03,6.55,6.59,6.69,6.489999999999999,22590.0,14984.839,0.9954682779456192,,0.0
2024-09-04,6.52,6.48,6.64,6.47,22857.0,15025.395,0.9953917050691244,,0.0
2024-09-05,6.48,6.55,6.6,6.47,18430.0,12126.0,0.9954407294832828,,0.0
2024-09-06,6.59,6.359999999999999,6.609999999999999,6.33,23066.0,14949.218,0.9953051643192488,,0.0
2024-09-09,6.359999999999999,6.42,6.58,6.34,30095.0,19532.891,0.9953488372093025,,0.0
2024-09-10,6.42,6.44,6.52,6.3,22542.0,14472.785,0.9953632148377124,,0.0
2024-09-11,6.44,6.359999999999999,6.48,6.33,19783.0,12704.185,0.9953051643192488,,0.0
2024-09-12,6.39,6.43,6.55,6.37,27359.84,17766.054,0.9953560371517028,,0.0
2024-09-13,6.47,6.3,6.48,6.27,22674.0,14520.578,0.995260663507109,,0.0
2024-09-18,6.319999999999999,6.19,6.35,6.069999999999999,28072.0,17356.766,0.995176848874598,,0.0
2024-09-19,6.22,6.38,6.4,6.09,28279.0,17910.022,0.9953198127925116,,0.0
2024-09-20,6.41,6.26,6.41,6.25,18448.52,11668.808,0.9952305246422892,,0.0
2024-09-23,6.27,6.26,6.359999999999999,6.239999999999999,20114.6,12697.744,0.9952305246422892,,0.0
2024-09-24,6.29,6.56,6.569999999999999,6.279999999999999,30466.0,19708.481,0.9954476479514416,,0.0
2024-09-25,6.59,6.62,6.72,6.58,33159.0,22176.617,0.9954887218045112,,0.0
2024-09-26,6.67,6.79,6.8,6.56,33275.0,22405.72,0.995601173020528,,0.0
2024-09-27,6.9,7.069999999999999,7.19,6.84,58061.1,40852.752,0.995774647887324,,0.0
2024-09-30,7.25,7.95,8.06,7.22,132766.0,102057.859,0.9962406015037594,,0.0
2024-10-08,9.32,8.88,9.42,8.200000000000001,178282.0,156866.455,0.9966329966329968,,0.0
2024-10-09,8.47,7.79,8.89,7.77,120090.0,98785.725,0.99616368286445,,0.0
2024-10-10,7.83,7.89,8.34,7.75,81390.82,65301.304,0.9962121212121212,,0.0
2024-10-11,7.779999999999999,7.399999999999999,7.88,7.319999999999999,60541.78,45844.389,0.9959623149394348,,0.0
2024-10-14,7.52,7.6,7.62,7.25,51327.79,38542.612,0.9960681520314548,,0.0
2024-10-15,7.569999999999999,7.47,7.7,7.46,44866.78,34154.362,0.996,,0.0
2024-10-16,7.47,7.529999999999999,7.59,7.29,38822.0,29241.812,0.996031746031746,,0.0
2024-10-17,7.529999999999999,7.52,7.75,7.5,40768.0,31232.227,0.9960264900662252,,0.0
2024-10-18,7.479999999999999,7.7,7.85,7.479999999999999,53911.01,41431.275,0.9961190168175936,,0.0
2024-10-21,7.72,7.77,7.859999999999999,7.64,56892.01,44304.579,0.9961538461538462,,0.0
2024-10-22,7.779999999999999,8.040000000000001,8.08,7.75,74209.0,59270.904,0.996282527881041,,0.0
2024-10-23,8.15,8.05,8.17,7.899999999999999,63985.44,51427.423,0.9962871287128714,,0.0
2024-10-24,8.040000000000001,7.999999999999999,8.270000000000001,7.95,53906.44,43706.839,0.99626400996264,,0.0
2024-10-25,7.97,8.110000000000001,8.120000000000001,7.93,69306.0,55976.002,0.9963144963144964,,0.0
2024-10-28,8.110000000000001,8.25,8.25,8.08,63779.0,52427.443,0.996376811594203,,0.0
2024-10-29,8.370000000000001,7.96,8.430000000000001,7.96,64729.0,52725.759,0.9962453066332916,,0.0
2024-10-30,7.87,7.85,8.040000000000001,7.75,48016.61,37959.207,0.9961928934010152,,0.0
2024-10-31,7.79,7.87,7.96,7.779999999999999,47854.1,37835.559,0.9962025316455696,,0.0
2024-11-01,7.819999999999999,7.62,7.899999999999999,7.55,56523.0,43715.749,0.996078431372549,,0.0
2024-11-04,7.649999999999999,7.76,7.77,7.569999999999999,34256.0,26470.382,0.9961489088575096,,0.0
2024-11-05,7.779999999999999,7.85,7.88,7.67,52842.7,41534.45,0.9961928934010152,,0.0
2024-11-06,7.899999999999999,7.84,7.95,7.76,48959.06,38594.18,0.9961880559085132,,0.0
2024-11-07,7.8,8.110000000000001,8.110000000000001,7.76,64599.0,51730.935,0.9963144963144964,,0.0
2024-11-08,8.190000000000001,8.05,8.290000000000001,7.989999999999999,57798.14,46866.198,0.9962871287128714,,0.0
2024-11-11,7.97,8.13,8.14,7.939999999999999,53771.76,43491.595,0.9963235294117648,,0.0
2024-11-12,8.190000000000001,8.190000000000001,8.38,8.100000000000001,102155.53,84715.15,0.9963503649635036,,0.0
2024-11-13,8.15,8.110000000000001,8.270000000000001,7.95,71272.0,57861.982,0.9963144963144964,,0.0
2024-11-14,8.100000000000001,7.819999999999999,8.13,7.8,50327.0,40109.686,0.9961783439490446,,0.0
2024-11-15,7.87,7.67,7.93,7.63,46739.0,36562.053,0.996103896103896,,0.0
2024-11-18,7.689999999999999,7.52,7.81,7.46,49053.2,37500.224,0.9960264900662252,,0.0
2024-11-19,7.52,7.739999999999999,7.739999999999999,7.52,42210.25,32253.745,0.996138996138996,,0.0
2024-11-20,7.739999999999999,7.979999999999999,8.020000000000001,7.68,56751.0,45131.23,0.99625468164794,,0.0
2024-11-21,7.989999999999999,7.97,8.07,7.84,35692.0,28436.737,0.99625,,0.0
2024-11-22,7.97,7.59,8.020000000000001,7.58,52046.0,40825.806,0.9960629921259844,,0.0
2024-11-25,7.609999999999999,7.77,7.81,7.609999999999999,44988.0,34807.911,0.9961538461538462,,0.0
2024-11-26,7.76,7.819999999999999,8.020000000000001,7.72,58884.09,46650.085,0.9961783439490446,,0.0
2024-11-27,7.76,7.939999999999999,7.95,7.569999999999999,49547.45,38494.148,0.9962358845671266,,0.0
2024-11-28,7.92,8.09,8.110000000000001,7.899999999999999,61151.0,49522.858,0.996305418719212,,0.0
2024-11-29,8.100000000000001,8.07,8.190000000000001,7.93,59265.0,47903.391,0.9962962962962963,,0.0
2024-12-02,8.09,8.22,8.25,8.09,56889.0,46754.477,0.9963636363636365,,0.0
2024-12-03,8.25,8.24,8.280000000000001,8.14,56184.44,46385.707,0.996372430471584,,0.0
2024-12-04,8.270000000000001,8.05,8.3,7.989999999999999,43735.74,35593.055,0.9962871287128714,,0.0
2024-12-05,8.030000000000001,8.17,8.180000000000001,7.979999999999999,44784.0,36522.68,0.9963414634146344,,0.0
2024-12-06,8.16,8.25,8.270000000000001,8.05,44581.0,36649.523,0.996376811594203,,0.0
2024-12-09,8.350000000000001,8.26,8.47,8.22,65276.77,54654.418,0.9963811821471652,,0.0
2024-12-10,8.450000000000001,8.21,8.51,8.17,56137.75,46915.59,0.9963592233009708,,0.0
2024-12-11,8.22,8.24,8.32,8.17,39398.0,32628.88,0.996372430471584,,0.0
2024-12-12,8.26,8.34,8.350000000000001,8.21,45927.66,38210.38,0.9964157706093192,,0.0
2024-12-13,8.290000000000001,8.200000000000001,8.33,8.17,49250.0,40819.423,0.9963547995139732,,0.0
2024-12-16,8.200000000000001,8.21,8.430000000000001,8.16,44112.6,36639.599,0.9963592233009708,,0.0
2024-12-17,8.22,7.819999999999999,8.22,7.79,53830.0,42809.78,0.9961783439490446,,0.0
2024-12-18,7.87,7.77,7.899999999999999,7.67,35592.36,27778.768,0.9961538461538462,,0.0
2024-12-19,7.7,7.7,7.79,7.56,42265.0,32484.961,0.9961190168175936,,0.0
2024-12-20,7.7,7.67,7.8,7.66,37565.36,29144.403,0.996103896103896,,0.0
2024-12-23,7.75,7.31,7.779999999999999,7.279999999999999,56941.78,42568.194,0.9959128065395096,,0.0
2024-12-24,7.359999999999999,7.319999999999999,7.41,7.21,29667.99,21781.976,0.9959183673469388,,0.0
2024-12-25,7.35,7.14,7.399999999999999,7.05,34826.0,25026.425,0.99581589958159,,0.0
2024-12-26,7.13,7.14,7.239999999999999,7.1,27854.44,20073.931,0.99581589958159,,0.0
2024-12-27,7.14,7.229999999999999,7.26,7.09,46834.65,33771.666,0.9958677685950412,,0.0
2024-12-30,7.16,7.109999999999999,7.229999999999999,6.98,39740.0,28276.471,0.9957983193277312,,0.0
2024-12-31,7.16,6.98,7.21,6.97,37266.57,26523.989,0.9957203994293864,,0.0
2025-01-02,7.02,6.819999999999999,7.06,6.77,45379.0,31700.055,0.9956204379562044,,0.0
2025-01-03,6.85,6.67,6.9,6.62,43124.0,29240.896,0.9955223880597016,,0.0
2025-01-06,6.739999999999999,6.859999999999999,7.0,6.529999999999999,60152.34,41309.639,0.995645863570392,,0.0
2025-01-07,6.83,6.85,6.859999999999999,6.67,41524.0,28237.911,0.9956395348837208,,0.0
2025-01-08,6.859999999999999,6.79,6.93,6.609999999999999,46310.0,31515.586,0.995601173020528,,0.0
2025-01-09,6.75,6.739999999999999,6.859999999999999,6.6,31334.0,21281.339,0.9955686853766617,,0.0
2025-01-10,6.75,6.51,6.77,6.5,36212.2,24068.716,0.9954128440366972,,0.0
2025-01-13,6.42,6.62,6.62,6.279999999999999,31737.0,20711.92,0.9954887218045112,,0.0
2025-01-14,6.62,6.77,6.779999999999999,6.62,40317.0,27174.133,0.9955882352941176,,0.0
2025-01-15,6.77,6.68,6.77,6.66,31164.0,20975.321,0.9955290611028316,,0.0
2025-01-16,6.76,6.7,6.84,6.65,38653.28,26210.698,0.9955423476968795,,0.0
2025-01-17,6.66,6.67,6.73,6.609999999999999,27039.28,18123.705,0.9955223880597016,,0.0
2025-01-20,6.76,6.8,6.85,6.67,47322.61,32275.874,0.9956076134699852,,0.0
2025-01-21,6.819999999999999,6.66,6.85,6.609999999999999,34662.2,23236.238,0.9955156950672646,,0.0
2025-01-22,6.67,6.609999999999999,6.67,6.54,24333.61,16138.961,0.9954819277108432,,0.0
2025-01-23,6.68,6.72,6.85,6.67,43229.0,29450.697,0.9955555555555556,,0.0
2025-01-24,6.73,6.71,6.77,6.58,37507.6,25121.069,0.9955489614243324,,0.0
2025-01-27,6.77,6.77,6.95,6.73,38637.38,26551.899,0.9955882352941176,,0.0
2025-02-05,6.859999999999999,6.91,6.95,6.819999999999999,43350.12,30015.813,0.9956772334293948,,0.0
2025-02-06,6.94,6.9,6.95,6.71,49931.0,34225.548,0.9956709956709956,,0.0
2025-02-07,6.9,7.08,7.12,6.859999999999999,59947.0,42235.342,0.9957805907172996,,0.0
2025-02-10,7.09,7.2,7.229999999999999,7.06,51397.0,36929.499,0.995850622406639,,0.0
2025-02-11,7.19,7.1,7.25,7.069999999999999,38875.04,27791.166,0.9957924263674612,,0.0
2025-02-12,7.1,7.09,7.15,7.029999999999999,33056.0,23487.415,0.9957865168539326,,0.0
2025-02-13,7.06,7.01,7.12,7.01,30562.0,21628.512,0.9957386363636364,,0.0
2025-02-14,7.01,7.17,7.21,7.0,44249.0,31753.585,0.9958333333333332,,0.0
2025-02-17,7.14,7.25,7.34,7.14,43161.44,31470.149,0.9958791208791208,,0.0
2025-02-18,7.29,7.12,7.29,7.09,50007.0,36051.711,0.9958041958041958,,0.0
2025-02-19,7.12,7.1,7.14,7.04,28780.24,20482.828,0.9957924263674612,,0.0
2025-02-20,7.1,7.21,7.35,7.1,41918.06,30469.574,0.9958563535911602,,0.0
2025-02-21,7.22,7.2,7.29,7.09,41619.0,30000.919,0.995850622406639,,0.0
2025-02-24,7.2,7.15,7.239999999999999,7.1,36564.0,26321.688,0.9958217270194986,,0.0
2025-02-25,7.15,7.09,7.21,7.02,38717.24,27646.032,0.9957865168539326,,0.0
2025-02-26,7.1,7.17,7.18,7.06,34985.62,25072.294,0.9958333333333332,,0.0
2025-02-27,7.18,7.239999999999999,7.239999999999999,7.09,44376.0,31991.751,0.9958734525447044,,0.0
2025-02-28,7.2,7.029999999999999,7.27,7.01,38585.8,27628.877,0.9957507082152974,,0.0
2025-03-03,7.069999999999999,7.18,7.27,7.04,46330.0,33489.893,0.9958391123439668,,0.0
2025-03-04,7.27,7.26,7.27,7.08,42321.2,30687.214,0.9958847736625516,,0.0
2025-03-05,7.26,7.12,7.29,7.029999999999999,47543.0,33899.508,0.9958041958041958,,0.0
2025-03-06,7.15,7.229999999999999,7.27,7.069999999999999,50496.7,36499.747,0.9958677685950412,,0.0
2025-03-07,7.229999999999999,7.08,7.25,7.069999999999999,35934.21,25737.66,0.9957805907172996,,0.0
2025-03-10,7.12,7.17,7.29,7.109999999999999,42688.0,30839.464,0.9958333333333332,,0.0
2025-03-11,7.15,7.15,7.17,7.02,29217.65,20866.485,0.9958217270194986,,0.0
2025-03-12,7.15,7.069999999999999,7.239999999999999,7.06,55295.44,39387.491,0.995774647887324,,0.0
2025-03-13,7.069999999999999,7.029999999999999,7.09,6.92,45887.44,32218.226,0.9957507082152974,,0.0
2025-03-14,7.029999999999999,7.27,7.27,7.02,69516.0,49972.832,0.995890410958904,,0.0
2025-03-17,7.3,7.319999999999999,7.35,7.229999999999999,36655.22,26831.871,0.9959183673469388,,0.0
2025-03-18,7.35,7.39,7.39,7.279999999999999,37841.0,27947.157,0.995956873315364,,0.0
2025-03-19,7.399999999999999,7.43,7.47,7.33,51375.36,38208.006,0.9959785522788204,,0.0
2025-03-20,7.45,7.399999999999999,7.46,7.359999999999999,29320.55,21755.731,0.9959623149394348,,0.0
2025-03-21,7.41,7.29,7.489999999999999,7.279999999999999,41463.6,30685.655,0.9959016393442622,,0.0
2025-03-24,7.319999999999999,7.08,7.35,6.96,52080.39,37292.577,0.9957805907172996,,0.0
2025-03-25,7.06,7.069999999999999,7.14,6.97,44747.4,31668.424,0.995774647887324,,0.0
2025-03-26,7.05,7.26,7.319999999999999,7.029999999999999,55337.53,40200.015,0.9958847736625516,,0.0
2025-03-27,7.239999999999999,7.42,7.42,7.12,63772.59,46682.984,0.995973154362416,,0.0
2025-03-28,7.359999999999999,7.34,7.67,7.34,98451.97,73614.251,0.9959294436906376,,0.0
2025-03-31,7.31,7.26,7.399999999999999,7.1,86880.8,63320.327,0.9958847736625516,,0.0
2025-04-01,7.31,7.52,7.689999999999999,7.279999999999999,105356.04,79965.833,0.9960264900662252,,0.0
2025-04-02,8.020000000000001,7.67,8.280000000000001,7.64,220659.38,174826.413,0.996103896103896,,0.0
2025-04-03,7.6,8.74,9.21,7.6,503522.04,447272.144,0.9965792474344356,,0.0
2025-04-07,8.22,7.04,8.280000000000001,7.0,406385.79,308285.866,0.9957567185289956,,0.0
2025-04-08,7.52,7.899999999999999,8.16,7.52,411142.1,324476.904,0.996216897856242,,0.0
2025-04-09,7.899999999999999,7.76,7.95,6.92,365881.48,270414.058,0.9961489088575096,,0.0
2025-04-10,7.899999999999999,7.819999999999999,8.100000000000001,7.63,330225.32,260478.754,0.9961783439490446,,0.0
2025-04-11,7.67,7.569999999999999,7.899999999999999,7.52,218818.18,168688.073,0.9960526315789472,,0.0
2025-04-14,7.609999999999999,7.96,7.979999999999999,7.609999999999999,219118.47,172407.858,0.9962453066332916,,0.0
2025-04-15,7.939999999999999,7.88,7.989999999999999,7.72,141615.45,111947.417,0.9962073324905184,,0.0
2025-04-16,7.79,7.439999999999999,7.85,7.35,151892.81,115260.532,0.9959839357429718,,0.0
2025-04-17,7.47,7.489999999999999,7.59,7.39,95898.56,72075.602,0.9960106382978724,,0.0
2025-04-18,7.489999999999999,7.609999999999999,7.92,7.45,152099.46,116466.911,0.9960732984293194,,0.0
2025-04-21,7.54,7.79,7.859999999999999,7.43,136729.72,106387.885,0.99616368286445,,0.0
2025-04-22,7.739999999999999,7.739999999999999,7.83,7.67,84360.92,65553.383,0.996138996138996,,0.0
2025-04-23,7.79,7.819999999999999,7.979999999999999,7.75,110889.0,87439.093,0.9961783439490446,,0.0
2025-04-24,7.84,8.520000000000001,8.55,7.84,336835.08,280403.97,0.9964912280701756,,0.0
2025-04-25,8.350000000000001,8.24,8.370000000000001,8.05,239541.07,196878.392,0.996372430471584,,0.0
2025-04-28,8.16,8.05,8.17,7.81,149708.08,119814.241,0.9962871287128714,,0.0
2025-04-29,7.93,8.05,8.120000000000001,7.93,96674.0,78119.99,0.9962871287128714,,0.0
2025-04-30,8.05,8.08,8.21,8.030000000000001,101945.81,82944.186,0.996300863131936,,0.0
2025-05-06,8.09,8.17,8.180000000000001,8.08,99619.0,81255.655,0.9963414634146344,,0.0
2025-05-07,8.23,8.110000000000001,8.270000000000001,8.06,112196.0,91719.738,0.9963144963144964,,0.0
2025-05-08,8.05,8.26,8.3,8.020000000000001,113191.0,93114.853,0.9963811821471652,,0.0
2025-05-09,8.350000000000001,8.16,8.38,8.120000000000001,101258.0,83373.88,0.9963369963369964,,0.0
2025-05-12,8.14,8.040000000000001,8.17,7.96,94586.0,76200.875,0.996282527881041,,0.0
2025-05-13,8.120000000000001,8.100000000000001,8.17,8.030000000000001,62846.0,51036.244,0.996309963099631,,0.0
2025-05-14,8.07,8.100000000000001,8.120000000000001,7.999999999999999,63424.0,51289.582,0.996309963099631,,0.0
2025-05-15,8.07,8.16,8.21,7.97,97530.0,79530.467,0.9963369963369964,,0.0
2025-05-16,8.180000000000001,8.48,8.520000000000001,8.16,175730.43,147642.386,0.9964747356051704,,0.0
2025-05-19,8.48,8.72,8.82,8.42,191751.35,165966.702,0.9965714285714288,,0.0
2025-05-20,8.66,9.5,10.37,8.63,445355.79,429793.869,0.9968520461699896,,0.0
2025-05-21,9.37,11.06,11.17,9.22,703599.12,743059.977,0.9972948602344456,,0.0
2025-05-22,10.35,9.77,10.53,9.7,542568.44,546179.006,0.9969387755102042,,0.0
2025-05-23,9.67,9.58,10.12,9.56,382484.36,376260.535,0.99687825182102,,0.0
2025-05-26,9.61,9.45,9.64,9.27,267637.66,251616.636,0.9968354430379748,,0.0
2025-05-27,9.38,9.82,9.89,9.28,351841.8,337670.676,0.9969543147208122,,0.0
2025-05-28,9.66,9.32,9.74,9.24,254873.03,241126.8,0.9967914438502674,,0.0
2025-05-29,9.18,10.17,10.52,9.1,451887.66,450951.794,0.9970588235294118,,0.0
2025-05-30,10.32,10.5,11.15,10.07,519526.62,546989.722,0.9971509971509972,,0.0
2025-06-03,10.23,10.7,11.06,10.15,430491.16,461951.024,0.9972041006523764,,0.0
2025-06-04,10.61,10.48,10.81,10.37,310168.75,326866.684,0.9971455756422456,,0.0
2025-06-05,10.52,10.13,10.55,10.04,249610.87,255733.437,0.9970472440944884,,0.0
2025-06-06,10.05,10.01,10.38,9.92,197759.68,199523.4,0.9970119521912352,,0.0
2025-06-09,10.04,10.62,11.06,9.99,338981.68,360564.571,0.9971830985915494,,0.0
2025-06-10,10.75,12.75,12.75,10.67,570794.39,697061.4,0.9976525821596244,,0.0
2025-06-11,13.39,13.12,14.07,12.4,974195.28,1285335.57,0.9977186311787072,,0.0
2025-06-12,12.45,12.66,12.97,12.27,616105.4,781525.068,0.9976359338061466,,0.0
2025-06-13,12.56,13.66,14.77,12.49,810714.66,1113968.518,0.9978086194302412,,0.0
2025-06-16,13.08,13.86,14.12,12.82,620358.02,839679.186,0.9978401727861772,,0.0
2025-06-17,14.07,12.68,14.35,12.65,629104.9,839912.267,0.997639653815893,,0.0
2025-06-18,12.41,12.69,13.09,12.22,438255.0,555167.649,0.9976415094339623,,0.0
2025-06-19,12.38,11.59,12.53,11.52,445736.31,529147.461,0.9974182444061964,,0.0
2025-06-20,11.83,13.91,13.91,11.83,543647.29,720580.49,0.9978479196556672,,0.0
2025-06-23,14.33,13.55,14.44,13.23,689436.87,937651.068,0.9977908689248896,,0.0
2025-06-24,13.95,14.32,14.49,13.63,808665.48,1139183.196,0.9979094076655052,,0.0
2025-06-25,14.2,13.41,14.62,13.03,577292.79,787091.664,0.9977678571428572,,0.0
2025-06-26,12.88,12.9,13.19,12.82,363177.78,471943.454,0.9976798143851509,,0.0
2025-06-27,12.9,13.25,13.45,12.72,403452.79,531551.123,0.9977409638554218,,0.0
2025-06-30,13.0,13.66,13.68,12.57,386974.78,511450.889,0.9978086194302412,,0.0
2025-07-01,13.56,13.84,14.33,13.48,501395.36,699503.419,0.9978370583994232,,0.0
2025-07-02,13.58,13.66,14.11,13.26,375204.79,513036.226,0.9978086194302412,,0.0
2025-07-03,13.66,15.09,16.189999999999998,13.26,781625.7,1184730.772,0.998015873015873,,0.0
2025-07-04,14.77,14.66,15.21,14.62,483663.19,717586.288,0.9979577944179716,,0.0
2025-07-07,14.6,14.16,15.33,14.12,463166.5,679661.533,0.9978858350951376,,0.0
2025-07-08,14.57,14.28,15.72,14.16,517693.2,760025.706,0.9979035639413,,0.0
2025-07-09,14.0,14.34,14.36,13.63,405695.2,568769.653,0.9979123173277662,,0.0
2025-07-10,14.2,13.91,14.35,13.74,273645.2,384233.652,0.9978479196556672,,0.0
2025-07-11,13.67,13.58,14.2,13.52,271986.6,375910.821,0.9977957384276268,,0.0
2025-07-14,13.48,13.85,13.91,13.29,247165.0,336085.899,0.9978386167146974,,0.0
2025-07-15,13.75,13.1,13.81,12.83,303376.0,399214.867,0.9977151561309978,,0.0
2025-07-16,13.07,13.24,13.37,12.72,269004.88,350684.795,0.9977392614920876,,0.0
2025-07-17,13.17,13.69,13.72,13.17,319857.2,433496.392,0.9978134110787172,,0.0
2025-07-18,13.58,14.75,14.83,13.08,496404.66,689328.399,0.9979702300405956,,0.0
2025-07-21,14.66,15.32,15.4,14.31,570123.2,851845.428,0.9980456026058632,,0.0
2025-07-22,15.04,16.599999999999998,17.459999999999997,15.0,772923.9,1281100.06,0.9981960312687912,,0.0
2025-07-23,15.68,15.79,16.73,15.68,500614.78,809255.276,0.9981036662452591,,0.0
2025-07-24,15.94,15.24,16.31,15.02,434078.5,671148.247,0.9980353634577604,,0.0
2025-07-25,15.24,14.81,15.42,14.73,313564.01,471453.561,0.997978436657682,,0.0
2025-07-28,14.81,14.86,15.21,14.76,285340.0,426332.891,0.9979852249832104,,0.0
2025-07-29,14.85,15.52,15.81,14.56,526192.03,808066.23,0.9980707395498392,,0.0
2025-07-30,15.23,14.96,15.82,14.58,415612.05,635905.784,0.9979986657771848,,0.0
2025-07-31,14.85,15.08,15.77,14.83,403551.45,617372.238,0.99801455989411,,0.0
2025-08-01,14.95,14.73,15.57,14.67,321200.95,484802.729,0.9979674796747968,,0.0
2025-08-04,14.42,15.83,16.09,14.15,534984.34,816048.375,0.9981084489281212,,0.0
2025-08-05,15.67,15.35,15.97,15.16,336027.0,519167.307,0.9980494148244474,,0.0
2025-08-06,15.23,14.8,15.52,14.77,289750.0,434920.218,0.9979770734996628,,0.0
2025-08-07,14.68,14.51,15.04,14.46,219784.0,323141.714,0.9979367262723522,,0.0
2025-08-08,14.52,14.7,14.92,14.28,196620.0,287521.363,0.9979633401221996,,0.0
2025-08-11,14.57,14.74,14.88,14.5,159831.0,235336.798,0.997968855788761,,0.0
2025-08-12,14.74,14.4,15.15,14.28,200522.67,292208.991,0.997920997920998,,0.0
2025-08-13,14.23,14.5,14.62,13.97,215363.52,309384.847,0.9979353062629044,,0.0
2025-08-14,14.5,14.1,14.58,14.09,167579.03,240738.284,0.9978768577494692,,0.0
2025-08-15,14.14,14.09,14.26,13.87,189952.0,267287.959,0.9978753541076488,,0.0
2025-08-18,14.14,14.49,14.5,14.05,201904.0,290114.289,0.9979338842975208,,0.0
2025-08-19,14.49,15.15,16.22,14.47,478878.79,740427.591,0.9980237154150198,,0.0
2025-08-20,14.96,14.42,15.02,14.23,311472.66,453706.94,0.997923875432526,,0.0
2025-08-21,14.47,14.16,14.53,14.13,161355.33,230893.238,0.9978858350951376,,0.0
2025-08-22,14.27,14.23,14.31,14.14,120779.92,171785.736,0.9978962131837308,,0.0
2025-08-25,14.23,14.5,14.57,14.11,187975.51,271263.496,0.9979353062629044,,0.0
2025-08-26,14.47,14.17,14.54,14.11,169253.99,241598.439,0.997887323943662,,0.0
2025-08-27,14.27,13.56,14.32,13.54,220357.81,305917.468,0.9977924944812364,,0.0
2025-08-28,13.6,13.26,13.68,12.68,204634.69,269465.5,0.9977426636568848,,0.0
2025-08-29,13.19,13.14,13.42,13.09,104273.0,138251.592,0.9977220956719818,,0.0
2025-09-01,13.27,13.45,13.51,13.05,118076.16,158196.45,0.9977744807121662,,0.0
2025-09-02,13.47,13.72,14.15,13.39,210337.7,290879.968,0.9978181818181818,,0.0
2025-09-03,13.86,12.97,13.86,12.95,136962.28,182263.531,0.9976923076923078,,0.0
2025-09-04,13.0,12.84,13.27,12.64,102290.0,133171.558,0.9976689976689976,,0.0
2025-09-05,12.96,12.92,12.96,12.44,103974.99,132541.892,0.9976833976833978,,0.0
2025-09-08,12.87,12.83,13.01,12.69,94293.0,121283.13,0.9976671850699844,,0.0
2025-09-09,12.82,12.4,12.85,12.37,109795.0,138217.183,0.997586484312148,,0.0
2025-09-10,12.4,12.32,12.64,12.23,87932.0,108929.489,0.9975708502024292,,0.0
2025-09-11,12.2,12.45,12.47,11.82,136249.0,165855.412,0.997596153846154,,0.0
2025-09-12,12.45,12.58,12.78,12.22,143627.0,179788.031,0.9976209357652656,,0.0
2025-09-15,12.55,12.48,12.64,12.45,97642.0,122509.029,0.9976019184652278,,0.0
2025-09-16,12.5,12.52,12.54,12.34,57187.0,71403.555,0.997609561752988,,0.0
2025-09-17,12.52,12.32,12.57,12.3,76552.0,94935.942,0.9975708502024292,,0.0
2025-09-18,12.32,12.14,12.5,12.0,103048.0,127069.719,0.9975349219391948,,0.0
2025-09-19,12.1,12.05,12.28,11.89,88056.0,106245.009,0.9975165562913908,,0.0
2025-09-22,11.77,11.71,11.99,11.52,137033.99,160624.49,0.9974446337308348,,0.0
2025-09-23,11.62,11.52,11.7,11.23,114295.84,130687.478,0.9974025974025976,,0.0
2025-09-24,11.47,11.55,11.69,11.44,58074.0,67265.737,0.9974093264248706,,0.0
2025-09-25,11.51,11.47,11.87,11.45,79214.0,92168.951,0.9973913043478262,,0.0
2025-09-26,11.39,11.27,11.46,11.21,64647.0,73296.889,0.9973451327433628,,0.0
2025-09-29,11.27,11.36,11.42,11.08,72643.0,82131.322,0.997366110623354,,0.0
2025-09-30,11.39,11.4,11.46,11.29,48892.0,55877.851,0.9973753280839897,,0.0
2025-10-09,11.5,11.25,11.56,11.2,76981.0,87055.147,0.9973404255319148,,0.0
2025-10-10,11.25,11.23,11.33,11.18,72339.66,81678.498,0.9973357015985792,,0.0
2025-10-13,11.03,11.29,11.42,10.73,86618.0,97267.846,0.9973498233215548,,0.0
2025-10-14,11.3,11.22,11.56,11.2,86912.0,99164.08,0.9973333333333334,,0.0
2025-10-15,11.23,12.25,12.73,11.19,369262.57,446632.475,0.997557003257329,,0.0
2025-10-16,12.25,12.49,12.82,12.1,337018.91,421784.224,0.9976038338658147,,0.0
2025-10-17,12.38,12.26,12.65,12.2,213881.0,265639.159,0.997558991049634,,0.0
2025-10-20,12.2,12.27,12.37,11.9,167262.0,204007.335,0.997560975609756,,0.0
2025-10-21,12.22,12.21,12.32,11.92,125595.0,152677.355,0.9975490196078431,,0.0
2025-10-22,12.11,12.23,12.65,12.11,179379.0,221855.968,0.9975530179445352,,0.0
2025-10-23,12.22,11.97,12.41,11.83,120989.0,145233.336,0.9975,,0.0
2025-10-24,11.95,11.73,12.05,11.72,115681.0,137053.949,0.9974489795918368,,0.0
2025-10-27,11.8,11.82,11.95,11.76,83364.0,98868.624,0.9974683544303798,,0.0
2025-10-28,11.8,12.05,12.09,11.68,109068.0,130357.303,0.9975165562913908,,0.0
2025-10-29,11.99,11.96,12.04,11.68,111398.0,132176.794,0.9974979149291076,,0.0
2025-10-30,11.97,11.64,12.02,11.61,102877.0,121144.093,0.9974293059125964,,0.0
2025-10-31,11.63,12.43,12.45,11.63,262046.0,320194.782,0.9975922953451044,,0.0
2025-11-03,12.46,12.42,12.52,12.17,166489.28,206091.791,0.9975903614457832,,0.0
2025-11-04,12.35,12.34,12.47,12.17,110873.0,136360.678,0.9975747776879548,,0.0
2025-11-05,12.21,12.25,12.55,12.17,108249.67,133344.31,0.997557003257329,,0.0
2025-11-06,12.24,11.97,12.25,11.89,107709.0,129212.697,0.9975,,0.0
2025-11-07,11.95,11.9,12.12,11.85,77094.0,92349.498,0.997485331098072,,0.0
2025-11-10,11.88,12.2,12.26,11.88,112267.51,136815.684,0.9975470155355683,,0.0
2025-11-11,12.22,12.28,12.35,11.99,97396.51,119304.638,0.9975629569455728,,0.0
2025-11-12,12.31,12.85,12.87,12.21,320895.33,405682.871,0.9976708074534162,,0.0
2025-11-13,12.78,12.74,12.82,12.5,225592.01,286790.856,0.9976507439310884,,0.0
2025-11-14,12.66,13.32,13.77,12.63,382712.0,512858.945,0.997752808988764,,0.0
2025-11-17,13.38,13.22,13.52,12.88,288004.91,380134.14,0.9977358490566038,,0.0
2025-11-18,13.04,12.83,13.73,12.77,216591.0,284483.547,0.9976671850699844,,0.0
2025-11-19,12.92,12.39,12.92,12.27,168945.0,211692.423,0.997584541062802,,0.0
2025-11-20,12.37,12.16,12.47,11.97,127604.91,156041.353,0.9975389663658736,,0.0
2025-11-21,12.02,11.34,12.2,11.29,156334.0,181595.578,0.9973614775725594,,0.0
2025-11-24,11.39,11.33,11.56,11.14,87166.91,98919.802,0.9973591549295776,,0.0
2025-11-25,11.34,11.92,12.28,11.34,167952.0,200394.252,0.997489539748954,,0.0
2025-11-26,11.93,12.03,12.87,11.88,199697.0,246958.646,0.9975124378109452,,0.0
2025-11-27,12.16,11.92,12.16,11.74,111549.0,133025.743,0.997489539748954,,0.0
2025-11-28,11.88,11.75,11.9,11.62,88550.0,103973.761,0.9974533106960952,,0.0
2025-12-01,11.74,11.75,11.9,11.66,69675.36,82268.683,0.9974533106960952,,0.0
2025-12-02,11.8,11.49,11.8,11.45,68721.36,79446.528,0.9973958333333334,,0.0
2025-12-03,11.53,11.44,11.61,11.38,68704.0,78979.338,0.9973844812554492,,0.0
2025-12-04,11.47,11.42,11.53,11.25,54172.0,61864.69,0.9973799126637556,,0.0
2025-12-05,11.48,11.49,11.52,11.11,75711.56,85886.395,0.9973958333333334,,0.0
2025-12-08,11.49,11.41,11.59,11.37,68769.0,79004.573,0.9973776223776224,,0.0
2025-12-09,11.41,11.21,11.5,11.19,62212.0,70580.946,0.9973309608540926,,0.0
2025-12-10,11.17,11.09,11.22,11.02,55164.0,61502.415,0.9973021582733812,,0.0
2025-12-11,11.12,10.88,11.14,10.86,62013.0,68161.884,0.9972502291475712,,0.0
2025-12-12,10.88,10.82,10.98,10.79,42175.45,46033.71,0.9972350230414748,,0.0
2025-12-15,10.81,10.74,10.9,10.68,38693.0,41798.327,0.9972144846796658,,0.0
2025-12-16,10.76,10.61,10.79,10.52,58485.0,62237.468,0.9971804511278196,,0.0
2025-12-17,10.58,10.61,10.62,10.36,52380.0,55158.291,0.9971804511278196,,0.0
2025-12-18,10.56,10.66,10.82,10.52,43643.27,46885.894,0.9971936389148738,,0.0
2025-12-19,10.71,10.79,10.83,10.65,36994.0,39938.736,0.9972273567467652,,0.0
2025-12-22,10.78,10.77,10.87,10.74,35654.5,38602.278,0.9972222222222222,,0.0
2025-12-23,10.78,10.64,10.81,10.62,33734.5,36109.831,0.9971883786316776,,0.0
2025-12-24,10.64,10.71,10.72,10.59,32402.49,34712.152,0.9972067039106146,,0.0
2025-12-25,10.76,10.83,10.86,10.66,43797.51,47274.662,0.9972375690607737,,0.0
2025-12-26,10.83,10.7,10.83,10.67,36925.0,39774.071,0.9972041006523764,,0.0
2025-12-29,10.69,10.67,10.76,10.62,34312.39,36717.328,0.9971962616822432,,0.0
2025-12-30,10.66,10.58,10.69,10.55,39338.0,41883.189,0.997172478793591,,0.0
2025-12-31,10.66,10.55,10.66,10.48,31743.0,33555.866,0.9971644612476372,,0.0
2026-01-05,10.55,11.14,11.15,10.55,117380.61,129051.477,0.9973142345568488,,0.0
2026-01-06,11.17,11.12,11.2,11.03,71556.6,79643.702,0.9973094170403588,,0.0
2026-01-07,11.13,11.08,11.23,11.05,60379.6,67349.665,0.9972997299729972,,0.0
2026-01-08,11.14,11.22,11.34,11.09,76517.0,86343.023,0.9973333333333334,,0.0
2026-01-09,11.28,11.4,11.42,11.15,99785.0,112893.126,0.9973753280839897,,0.0
2026-01-12,11.47,11.4,11.5,11.28,92236.0,105140.521,0.9973753280839897,,0.0
2026-01-13,11.39,12.13,12.57,11.39,337233.17,410059.073,0.997532894736842,,0.0
2026-01-14,11.97,11.83,12.07,11.63,258724.67,308784.285,0.997470489038786,,0.0
2026-01-15,11.73,11.47,11.76,11.39,126008.5,145660.253,0.9973913043478262,,0.0
2026-01-16,11.47,11.26,11.54,11.17,94585.0,107011.191,0.9973427812223208,,0.0
2026-01-19,11.26,11.35,11.35,11.17,61832.6,69870.689,0.9973637961335676,,0.0
2026-01-20,11.34,11.34,11.46,11.24,69641.0,79134.633,0.9973614775725594,,0.0
2026-01-21,11.29,11.37,11.41,11.21,57206.0,65007.371,0.9973684210526316,,0.0
2026-01-22,11.39,11.31,11.39,11.28,45040.67,51109.676,0.9973544973544974,,0.0
2026-01-23,11.39,11.56,11.58,11.37,84552.49,97537.457,0.9974115616911132,,0.0
2026-01-26,11.62,12.06,12.15,11.49,232857.46,277968.783,0.9975186104218364,,0.0
2026-01-27,12.03,11.79,12.03,11.37,169089.0,197321.402,0.9974619289340102,,0.0
2026-01-28,11.77,11.41,11.78,11.39,98734.0,114110.218,0.9973776223776224,,0.0
2026-01-29,11.35,11.12,11.36,11.05,95496.0,107150.227,0.9973094170403588,,0.0
2026-01-30,11.12,11.02,11.35,10.95,68205.64,75880.314,0.9972850678733032,,0.0
2026-02-02,10.96,10.8,11.12,10.8,51428.0,56606.471,0.997229916897507,,0.0
2026-02-03,10.87,11.01,11.01,10.82,38406.56,42031.956,0.9972826086956522,,0.0
2026-02-04,10.98,11.04,11.05,10.88,44939.0,49478.255,0.9972899728997292,,0.0
2026-02-05,11.04,10.95,11.08,10.93,38468.0,42436.476,0.9972677595628416,,0.0
2026-02-06,11.15,11.32,11.74,11.11,152411.43,174861.983,0.9973568281938326,,0.0
2026-02-09,11.33,11.45,11.45,11.23,99020.6,112642.605,0.9973867595818816,,0.0
2026-02-10,11.45,11.64,11.78,11.39,99721.28,116057.63,0.9974293059125964,,0.0
2026-02-11,11.62,11.5,11.63,11.47,61411.0,71090.326,0.997398091934085,,0.0
2026-02-12,11.47,11.28,11.53,11.27,59254.0,67269.608,0.9973474801061007,,0.0
2026-02-13,11.27,11.23,11.36,11.2,35765.0,40477.444,0.9973357015985792,,0.0
2026-02-24,11.37,11.29,11.42,11.16,41279.99,46550.096,0.9973498233215548,,0.0
2026-02-25,11.26,11.46,11.46,11.26,50683.0,57956.123,0.9973890339425588,,0.0
2026-02-26,11.4,11.35,11.61,11.34,48237.0,55218.179,0.9973637961335676,,0.0
2026-02-27,11.36,11.33,11.38,11.27,37700.0,42753.861,0.9973591549295776,,0.0
2026-03-02,11.24,10.77,11.26,10.76,97695.0,107079.788,0.9972222222222222,,0.0
2026-03-03,10.76,10.4,10.87,10.38,70052.62,74499.471,0.99712368168744,,0.0
2026-03-04,10.47,10.28,10.47,10.18,52278.0,54009.975,0.997090203685742,,0.0
2026-03-05,10.39,10.45,10.52,10.33,41893.0,43828.858,0.9971374045801528,,0.0
2026-03-06,10.44,10.82,10.84,10.39,64894.0,69873.724,0.9972350230414748,,0.0
2026-03-09,10.67,10.78,10.86,10.63,49380.0,53281.256,0.9972247918593896,,0.0
2026-03-10,10.84,11.19,11.2,10.83,69670.0,77427.105,0.9973262032085564,,0.0
2026-03-11,11.27,11.02,11.32,10.93,49905.0,55026.441,0.9972850678733032,,0.0
2026-03-12,11.08,10.85,11.09,10.82,38905.0,42571.768,0.9972426470588236,,0.0
2026-03-13,10.82,10.87,11.06,10.77,43098.0,47179.219,0.9972477064220184,,0.0
2026-03-16,10.86,10.95,11.04,10.82,39043.0,42884.828,0.9972677595628416,,0.0
2026-03-17,10.95,10.88,11.15,10.86,38448.0,42420.139,0.9972502291475712,,0.0
2026-03-18,10.85,11.09,11.09,10.84,45524.0,50114.524,0.9973021582733812,,0.0
2026-03-19,11.08,10.85,11.15,10.82,41428.0,45538.013,0.9972426470588236,,0.0
2026-03-20,10.85,10.55,10.97,10.55,53485.69,57506.257,0.9971644612476372,,0.0
2026-03-23,10.37,9.76,10.45,9.69,92606.0,93296.991,0.996935648621042,,0.0
2026-03-24,9.94,10.39,10.41,9.94,84069.0,85977.53,0.9971209213051824,,0.0
2026-03-25,10.42,10.37,10.47,10.29,38298.0,39899.915,0.9971153846153846,,0.0
2026-03-26,10.41,10.24,10.65,10.19,49967.0,52127.174,0.997078870496592,,0.0
2026-03-27,10.17,10.77,10.81,10.14,85141.0,90080.476,0.9972222222222222,,0.0
2026-03-30,10.75,10.92,11.01,10.7,67672.0,73910.648,0.9972602739726028,,0.0
2026-03-31,10.87,10.78,11.1,10.78,76279.0,83778.235,0.9972247918593896,,0.0
2026-04-01,10.92,11.33,11.42,10.79,154359.0,173730.669,0.9973591549295776,,0.0
2026-04-02,11.27,11.69,12.12,11.16,318307.98,375058.024,0.9974402730375428,,0.0
2026-04-03,11.69,11.25,11.93,11.25,214976.36,248294.653,0.9973404255319148,,0.0
2026-04-07,11.33,11.67,11.68,10.82,215952.74,245303.495,0.9974358974358974,,0.0
2026-04-08,11.67,11.38,11.77,11.33,206231.86,237064.162,0.9973707274320772,,0.0
2026-04-09,11.39,11.84,12.87,11.34,437076.26,528036.17,0.9974726200505476,,0.0
2026-04-10,11.68,11.42,11.89,11.35,288135.36,332667.114,0.9973799126637556,,0.0
2026-04-13,11.34,11.13,11.45,11.05,164902.05,184377.083,0.9973118279569892,,0.0
2026-04-14,11.25,11.05,11.25,10.78,153764.93,168829.947,0.9972924187725632,,0.0
2026-04-15,11.26,11.67,11.78,11.04,304048.14,349401.577,0.9974358974358974,,0.0
2026-04-16,11.56,12.06,12.22,11.45,328011.07,390921.19,0.9975186104218364,,0.0
2026-04-17,11.97,11.9,12.32,11.75,147493.05,176022.084,0.997485331098072,,0.0
2026-04-20,11.89,11.98,12.25,11.86,128848.0,155608.092,0.9975020815986678,,0.0
2026-04-21,11.97,11.7,12.01,11.62,99263.0,116767.364,0.9974424552429668,,0.0
2026-04-22,11.6,11.76,11.82,11.52,79352.0,92953.086,0.9974554707379136,,0.0
2026-04-23,11.74,11.48,11.74,11.42,80469.0,93056.986,0.9973935708079932,,0.0
2026-04-24,11.53,11.34,11.53,11.19,63311.0,72046.348,0.9973614775725594,,0.0
2026-04-27,11.31,11.49,11.52,11.27,65554.93,74883.495,0.9973958333333334,,0.0
2026-04-28,11.43,11.44,12.11,11.4,123942.04,145199.503,0.9973844812554492,,0.0
2026-04-29,11.2,10.97,11.33,10.78,131492.93,144689.266,0.9972727272727272,,0.0
2026-04-30,10.92,10.88,11.1,10.82,65140.0,71358.155,0.9972502291475712,,0.0
2026-05-06,10.89,10.89,11.08,10.8,67655.0,74142.131,0.9972527472527472,,0.0
2026-05-07,10.9,10.75,10.97,10.67,70414.0,76180.304,0.99721706864564,,0.0
2026-05-08,10.79,10.69,10.8,10.65,50327.0,54036.273,0.9972014925373136,,0.0
2026-05-11,10.69,10.89,10.9,10.58,909809900.0,979549360.0,0.9972527472527472,,0.0
2026-05-12,10.86,10.53,10.97,10.52,80670.0,86093.694,0.9971590909090908,,0.0
2026-05-13,10.58,10.48,10.62,10.43,43493.0,45764.394,0.9971455756422456,,0.0
2026-05-14,10.5,10.31,10.55,10.31,47786.0,49885.141,0.9970986460348163,,0.0
2026-05-15,10.31,10.13,10.37,10.07,50237.0,51376.894,0.9970472440944884,,0.0
2026-05-18,10.13,9.97,10.17,9.9,42918.0,42914.196,0.997,,0.0
2026-05-19,9.97,10.01,10.1,9.92,34617.0,34700.91,0.9970119521912352,,0.0
2026-05-20,10.0,9.62,10.0,9.57,78976.0,76742.468,0.9968911917098446,,0.0
2026-05-21,9.62,9.09,9.64,9.05,95621.0,89697.701,0.9967105263157896,,0.0
2026-05-22,9.13,9.08,9.2,8.99,57644.0,52492.257,0.9967069154774972,,0.0
2026-05-25,9.11,8.860000000000001,9.12,8.780000000000001,69036.68,61642.5,0.9966254218222724,,0.0
2026-05-26,8.870000000000001,8.620000000000001,8.89,8.520000000000001,70966.0,61351.169,0.9965317919075144,,0.0
2026-05-27,8.75,8.67,8.8,8.45,62319.62,53710.641,1.0,,0.0
2026-05-28,8.77,8.73,8.84,8.56,46855.16,40844.221,1.0,,0.0
2026-05-29,8.73,8.9,9.05,8.69,65354.0,57926.871,1.0,,0.0
2026-06-01,8.9,9.06,9.11,8.71,53106.0,47681.876,1.0,,0.0
2026-06-02,9.03,8.86,9.03,8.77,40415.0,35794.702,1.0,,0.0
2026-06-03,8.85,8.7,8.88,8.64,46521.0,40584.383,1.0,,0.0
2026-06-04,8.74,8.84,9.05,8.7,56336.0,50095.634,1.0,,0.0
2026-06-05,8.88,8.93,9.11,8.82,67548.0,60569.274,1.0,,0.0
2026-06-08,8.62,8.68,8.99,8.54,56833.0,49641.484,1.0,,0.0
2026-06-09,8.74,8.67,8.86,8.51,40762.0,35392.498,1.0,,0.0
2026-06-10,8.58,8.52,8.67,8.4,49785.0,42316.301,1.0,,0.0
2026-06-11,8.52,8.38,8.56,8.27,39673.0,33188.834,1.0,,0.0
2026-06-12,8.38,8.48,8.51,8.23,36379.0,30604.109,1.0,,0.0
2026-06-15,8.48,8.35,8.61,8.27,51939.0,43545.016,1.0,,0.0
2026-06-16,8.35,8.29,8.35,8.15,43686.0,35984.442,1.0,,0.0
2026-06-17,8.29,8.15,8.29,8.1,40884.0,33343.089,1.0,,0.0
2026-06-18,8.12,8.15,8.31,8.03,44532.0,36483.522,1.0,,0.0
2026-06-22,8.1,8.19,8.19,7.77,66707.0,53038.151,1.0,,0.0
2026-06-24,9.56,9.2,9.84,9.16,252527.64,238622.33184,1.0,,0.0
2026-06-25,9.21,9.06,9.28,8.79,157247.91,141423.39764,1.0,,0.0
2026-06-26,9.0,8.51,9.18,8.5,99486.0,86703.35962,1.0,,0.0
2026-06-29,8.53,9.67,9.75,8.3,275270.38,256256.66276,1.0,,0.0
2026-06-30,9.57,9.51,9.67,9.26,198010.91,186296.15249,1.0,,0.0
2026-07-01,9.5,9.86,9.97,9.24,224954.0,217493.067,1.0,,0.0
2026-07-03,9.75,9.96,10.1,9.52,164028.05,160707.83935,1.0,,0.0
2026-07-06,9.83,9.96,10.38,9.67,210646.0,211831.384,1.0,,0.0
2026-07-07,9.8,9.27,9.84,9.26,162009.0,152502.871,1.0,,0.0
2026-07-08,9.38,9.84,10.66,9.31,257686.77,257370.87719,1.0,,0.0
2026-07-09,9.6,9.5,10.03,9.36,203233.83,195563.96514,1.0,,0.0
2026-07-10,9.49,9.73,9.89,9.27,172793.36,167584.40908,1.0,,0.0
2026-07-14,9.67,9.8,9.8,9.33,133631.0,128315.827,1.0,,0.0
2026-07-15,9.65,10.1,10.4,9.58,259798.44,263295.37568,1.0,,0.0
2026-07-16,9.91,10.45,10.51,9.81,251969.5,257444.32208,1.0,,0.0
2026-07-17,10.33,9.43,10.33,9.31,229282.0,224961.384,1.0,,0.0
2026-07-20,9.24,9.35,9.65,9.1,124922.41,117190.91711,1.0,,0.0
2026-07-21,9.2,8.98,9.25,8.54,155882.08,137670.39536,1.0,,0.0
2026-07-22,8.88,9.0,9.3,8.68,109510.0,99026.89256,1.0,,0.0
2026-07-23,8.89,8.94,9.03,8.67,102108.0,90220.97,1.0,,0.0
2026-07-24,8.84,8.53,8.92,8.53,70209.0,60875.776,1.0,,0.0
2026-07-27,8.48,8.97,9.0,8.35,107679.0,95655.631,1.0,,0.0
2026-07-28,8.96,8.86,9.09,8.82,61082.0,54446.064,1.0,,0.0
2026-07-29,8.89,8.8,8.97,8.75,72464.31,63987.21018,1.0,,0.0
2026-07-30,8.79,8.52,8.9,8.48,82460.13,71293.95602,1.0,,0.0
2026-07-31,8.53,8.8,8.82,8.52,66496.0,58106.305,1.0,,0.0
2026-08-03,8.8,8.9,8.9,8.73,46878.0,41399.63,1.0,,0.0
2026-08-04,8.97,9.14,9.17,8.96,70660.02,64330.59722,1.0,,0.0
2026-08-05,9.13,9.15,9.17,9.05,54622.05,49818.0052,1.0,,0.0
2026-08-06,9.17,9.09,9.23,9.02,50943.0,46285.845,1.0,,0.0
2026-08-07,9.08,9.63,9.65,9.05,143227.3,134361.5441,1.0,,0.0
2026-08-10,9.63,9.78,9.96,9.63,129917.3,126816.8503,1.0,,0.0
2026-08-11,9.7,9.94,10.01,9.65,131501.0,129811.986,1.0,,0.0
2026-08-12,9.85,9.91,10.19,9.76,85213.0,85228.613,1.0,3.112,0.0
2026-08-13,9.89,10.13,10.33,9.74,168652.0,171093.728,1.0,6.16,0.0
2026-08-14,10.1,10.0,10.25,9.85,104195.0,104343.969,1.0,3.81,0.0
2026-08-17,9.96,10.1,10.13,9.7,93062.0,92873.258,1.0,0.0,0.0
2026-08-18,10.04,9.9,10.2,9.88,73546.0,73332.083,1.0,0.0,0.0
2026-08-19,9.86,9.62,9.99,9.56,80375.0,78054.652,1.0,0.0,0.0
2026-08-20,10.0,10.3,10.86,10.0,224001.0,232636.505,1.0,4.6505,8.1807
2026-08-21,10.2,9.91,10.24,9.64,158953.37,157174.87578,1.0,3.3001,5.8051
2026-08-24,9.48,9.05,9.9,9.04,164306.38,153054.54314,1.0,3.4112,6.0006
2026-08-25,9.07,9.31,9.4,8.9,111845.0,102925.192,1.0,2.322,4.0847
2026-08-26,9.46,9.29,9.83,9.2,108377.76,102326.68344,1.0,2.2501,3.958
2026-08-27,9.21,9.31,9.38,9.13,87207.0,80804.188,1.0,1.8105,3.1849
2026-08-28,9.35,9.05,9.36,9.03,71469.0,65292.187,1.0,1.4838,2.6101
2026-08-31,9.0,8.7,9.0,8.68,86913.0,76042.253,1.0,1.8044,3.1741
2026-09-01,8.65,8.74,8.76,8.61,70168.0,60993.837,1.0,1.4568,2.5626
2026-09-02,8.74,8.62,8.74,8.55,46752.0,40321.043,1.0,0.9706,1.7074
2026-09-03,8.66,8.66,8.7,8.61,47007.0,40665.211,1.0,0.9759,1.7167
2026-09-04,8.7,8.64,8.78,8.56,53722.0,46688.039,1.0,1.1153,1.962
2026-09-07,8.65,8.65,8.7,8.58,29825.75,25777.803,1.0,0.6192,1.0893
2026-09-08,8.64,8.8,8.81,8.58,51156.0,44626.987,1.0,1.0621,1.8683
2026-09-09,8.77,8.63,8.77,8.59,37461.0,32394.694,1.0,0.7777,1.3681
2026-09-10,8.59,8.46,8.63,8.41,38979.38,32995.71124,1.0,0.8093,1.4236
2026-09-11,8.43,8.22,8.46,8.12,42570.05,35008.1681,1.0,0.8838,1.5547
2026-09-14,8.23,8.36,8.43,8.15,35964.0,29957.727,1.0,0.7467,1.3134
2026-09-15,8.4,8.13,8.4,8.13,30733.0,25356.366,1.0,0.6381,1.1224
2026-09-16,8.1,8.19,8.35,8.06,33488.5,27381.944,1.0,0.6953,1.223
2026-09-17,8.2,8.26,8.34,8.16,32463.0,26831.905,1.0,0.674,1.1856
2026-09-18,8.27,8.41,8.56,8.27,45515.3,38398.1053,1.0,0.945,1.6623
