date,open,close,high,low,volume,money,factor,turnover,turnover_free
2021-05-10,10.952,11.092,11.192,10.852,86272.67,96848.208,0.9798586572438164,,0.0
2021-05-11,11.052,11.052,11.142,10.872,69108.43,77683.558,0.9797872340425532,,0.0
2021-05-12,10.972,11.052,11.092,10.922,56174.24,63160.908,0.9797872340425532,,0.0
2021-05-13,11.042,11.062,11.212,10.982,81449.26,92359.048,0.9798051372896368,,0.0
2021-05-14,11.062,11.182,11.212,10.972,85456.57,96951.385,0.9800175284837862,,0.0
2021-05-17,11.232,11.092,11.292,11.072,67952.21,77206.591,0.9798586572438164,,0.0
2021-05-18,11.092,11.212,11.362,11.032,96764.8,110901.587,0.98006993006993,,0.0
2021-05-19,11.102,11.072,11.222,11.052,68373.34,77520.622,0.9798230088495576,,0.0
2021-05-20,11.162,11.222,11.312,11.152,89846.37,102947.262,0.9800873362445416,,0.0
2021-05-21,11.242,11.082,11.242,11.072,60952.38,69319.277,0.979840848806366,,0.0
2021-05-24,11.052,11.102,11.212,11.052,54438.62,61852.466,0.9798764342453664,,0.0
2021-05-25,11.102,11.192,11.232,10.962,87472.96,99257.691,0.9800350262697024,,0.0
2021-05-26,11.192,11.272,11.452,11.182,103252.63,119181.701,0.9801739130434782,,0.0
2021-05-27,11.282,11.312,11.352,11.232,70213.28,80850.978,0.9802426343154246,,0.0
2021-05-28,11.332,11.332,11.502,11.262,97341.05,112852.745,0.9802768166089966,,0.0
2021-05-31,11.222,11.442,11.462,11.212,91359.41,105944.929,0.9804627249357328,,0.0
2021-06-01,11.442,11.492,11.622,11.382,97436.03,114316.739,0.9805460750853242,,0.0
2021-06-02,11.482,11.232,11.482,11.162,99425.65,114689.905,0.9801047120418848,,0.0
2021-06-03,11.222,11.272,11.432,11.222,62910.94,72630.957,0.9801739130434782,,0.0
2021-06-04,11.252,11.312,11.372,11.222,58725.18,67822.993,0.9802426343154246,,0.0
2021-06-07,11.322,11.382,11.522,11.322,76802.63,89427.407,0.9803617571059432,,0.0
2021-06-08,11.402,11.542,11.562,11.262,127896.31,149136.8,0.9806287170773152,,0.0
2021-06-09,11.592,11.472,11.742,11.432,104335.14,122838.062,0.9805128205128204,,0.0
2021-06-10,11.432,11.552,11.612,11.352,101366.8,118930.382,0.9806451612903226,,0.0
2021-06-11,11.512,11.372,11.552,11.342,93130.53,108533.624,0.9803448275862068,,0.0
2021-06-15,11.382,11.412,11.542,11.272,78632.72,91647.321,0.9804123711340208,,0.0
2021-06-16,11.362,11.072,11.512,11.052,91553.53,105147.646,0.9798230088495576,,0.0
2021-06-17,11.132,10.962,11.222,10.892,74751.15,84039.793,0.9796246648793566,,0.0
2021-06-18,10.942,11.112,11.152,10.882,67421.33,76063.575,0.97989417989418,,0.0
2021-06-21,11.052,11.462,11.472,11.042,115125.23,132859.944,0.9804961505560308,,0.0
2021-06-22,11.462,11.602,11.722,11.432,171285.05,202253.072,0.98072696534235,,0.0
2021-06-23,11.602,11.542,11.722,11.472,111052.75,131137.408,0.9806287170773152,,0.0
2021-06-24,11.532,11.622,11.852,11.482,149125.51,177860.375,0.980759493670886,,0.0
2021-06-25,11.582,11.562,11.622,11.432,88422.37,104064.841,0.9806615776081424,,0.0
2021-06-28,11.602,11.502,11.712,11.442,60256.28,70902.192,0.9805626598465472,,0.0
2021-06-29,11.672,11.232,11.672,11.222,105091.96,122099.694,0.9801047120418848,,0.0
2021-06-30,11.232,11.272,11.302,11.112,68785.25,78686.404,0.9801739130434782,,0.0
2021-07-01,11.292,11.012,11.332,10.992,72885.26,82597.474,0.9797153024911032,,0.0
2021-07-02,11.182,11.112,11.652,11.092,121400.26,139363.04,0.97989417989418,,0.0
2021-07-05,11.022,11.032,11.092,10.972,67938.41,76374.241,0.9797513321492008,,0.0
2021-07-06,10.972,11.202,11.352,10.922,91289.17,103445.915,0.9800524934383202,,0.0
2021-07-07,11.122,11.092,11.242,11.052,53451.87,60548.924,0.9798586572438164,,0.0
2021-07-08,11.092,11.112,11.262,11.052,67812.32,77165.608,0.97989417989418,,0.0
2021-07-09,11.112,11.102,11.132,10.992,52375.71,59105.433,0.9798764342453664,,0.0
2021-07-12,11.112,11.192,11.232,11.082,66683.34,75953.887,0.9800350262697024,,0.0
2021-07-13,11.242,11.112,11.242,11.022,57192.93,64732.712,0.97989417989418,,0.0
2021-07-14,11.122,10.932,11.142,10.922,74135.48,83146.603,0.9795698924731184,,0.0
2021-07-15,10.932,10.962,11.042,10.902,45064.14,50443.183,0.9796246648793566,,0.0
2021-07-16,10.972,11.082,11.212,10.922,95034.24,107535.981,0.979840848806366,,0.0
2021-07-19,11.052,10.972,11.122,10.952,63283.85,71058.525,0.9796428571428571,,0.0
2021-07-20,10.942,11.062,11.122,10.912,57866.81,65112.855,0.9798051372896368,,0.0
2021-07-21,11.032,11.122,11.232,11.032,69194.01,78554.067,0.9799118942731276,,0.0
2021-07-22,11.082,11.122,11.152,11.012,60481.95,68295.891,0.9799118942731276,,0.0
2021-07-23,11.222,11.222,11.352,11.012,115077.52,131201.421,0.9800873362445416,,0.0
2021-07-26,11.242,11.482,11.762,11.192,253245.54,297044.643,0.980529461998292,,0.0
2021-07-27,11.332,11.122,11.482,11.102,142382.71,162880.715,0.9851195748449956,,0.0
2021-07-28,11.132,10.572,11.182,10.432,123717.68,134200.575,0.9843575418994414,,0.0
2021-07-29,10.592,10.702,10.752,10.592,62135.57,67336.153,0.9845446182152716,,0.0
2021-07-30,10.682,10.712000000000002,10.792000000000002,10.562,55435.45,60123.59,0.9845588235294118,,0.0
2021-08-02,10.712000000000002,10.912,10.962000000000002,10.622,74505.75,82101.274,0.984837545126354,,0.0
2021-08-03,10.902,10.782,10.992,10.762,67719.59,74759.553,0.9846575342465754,,0.0
2021-08-04,10.782,10.812,10.892,10.772,44887.7,49332.46,0.9846994535519128,,0.0
2021-08-05,10.812,11.432,11.762,10.762,310221.69,358963.541,0.9855172413793104,,0.0
2021-08-06,11.342,11.262,11.552,11.182,154308.95,177326.313,0.9853018372703412,,0.0
2021-08-09,11.332,11.422,11.602,11.292000000000002,145001.21,168584.05,0.985504745470233,,0.0
2021-08-10,11.362,11.592,11.752,11.332,227403.5,267565.327,0.9857142857142858,,0.0
2021-08-11,11.572,11.592,11.682,11.502,140953.18,165707.251,0.9857142857142858,,0.0
2021-08-12,11.552,11.472,11.652,11.332,120997.93,140894.548,0.9855670103092784,,0.0
2021-08-13,11.392,11.522,11.882,11.382,163611.04,193198.093,0.98562874251497,,0.0
2021-08-16,11.562,11.432,11.732,11.402,124490.47,145765.404,0.9855172413793104,,0.0
2021-08-17,11.432,11.332,11.642,11.302,157274.29,183163.252,0.9853913043478262,,0.0
2021-08-18,11.272,11.522,11.542000000000002,11.062,130053.36,150535.292,0.98562874251497,,0.0
2021-08-19,11.522,11.642,11.672,11.362,150085.9,176358.797,0.985774767146486,,0.0
2021-08-20,11.532,11.702,11.982,11.412,227924.2,271317.697,0.9858466722830668,,0.0
2021-08-23,11.742,11.822,11.942,11.692,206425.99,247644.992,0.9859883236030026,,0.0
2021-08-24,11.612,11.702,11.732,11.492,164333.4,193362.694,0.9858466722830668,,0.0
2021-08-25,11.632,12.892,12.892,11.562,477891.06,603546.604,0.9871362940275652,,0.0
2021-08-26,12.892,12.922,13.482,12.732,794476.49,1049944.303,0.9871657754010696,,0.0
2021-08-27,12.632,12.672,13.092,12.512,410248.82,527598.088,0.9869158878504674,,0.0
2021-08-30,12.812,13.212000000000002,13.402,12.762,486376.18,647988.933,0.9874439461883407,,0.0
2021-08-31,13.162,14.012,14.512,12.982,637804.62,891040.841,0.9881523272214388,,0.0
2021-09-01,13.862,15.032,15.332,13.842,727501.07,1082569.324,0.9889473684210528,,0.0
2021-09-02,14.732,14.632,14.812,13.962000000000002,573057.37,834672.818,0.9886486486486488,,0.0
2021-09-03,14.282,13.812,14.482,13.532,490010.33,692581.592,0.9879828326180258,,0.0
2021-09-06,13.702,13.952,14.022,13.662,257904.03,361860.848,0.9881019830028328,,0.0
2021-09-07,13.902,14.122,14.332,13.852,300201.6,428359.496,0.9882435269419176,,0.0
2021-09-08,14.032,13.912,14.492,13.642,435181.0,620454.601,0.988068181818182,,0.0
2021-09-09,13.612,14.642,15.062,13.542000000000002,653323.71,949710.178,0.9886563133018232,,0.0
2021-09-10,14.532,13.892,14.532,13.752,440464.55,627070.468,0.9880512091038408,,0.0
2021-09-13,13.792000000000002,13.982,14.332,13.762,263992.76,374473.798,0.9881272084805656,,0.0
2021-09-14,13.982,13.452,13.992,13.422,275178.58,381169.262,0.9876651982378856,,0.0
2021-09-15,13.472,13.602,13.792000000000002,13.472,174392.22,240831.806,0.9877995642701526,,0.0
2021-09-16,13.602,13.662,14.012,13.492,214348.24,298596.9,0.9878524945770064,,0.0
2021-09-17,13.932,14.122,14.302,13.812,314885.58,447780.302,0.9882435269419176,,0.0
2021-09-22,13.882,14.812,15.132,13.732,513510.21,758713.801,0.988785046728972,,0.0
2021-09-23,14.552,14.742,15.332,14.342,511805.04,764275.266,0.9887323943661972,,0.0
2021-09-24,14.732,14.322,14.982,14.322,292866.54,432261.404,0.9884057971014494,,0.0
2021-09-27,14.172,13.182,14.342,12.932,316733.28,433850.483,0.9874157303370787,,0.0
2021-09-28,13.132,13.202,13.502,13.032,143150.18,192045.138,0.987434554973822,,0.0
2021-09-29,13.122,12.512,13.122,12.342,207098.61,266179.315,0.9867507886435332,,0.0
2021-09-30,12.522,12.892,12.952,12.522,123058.67,159295.302,0.9871362940275652,,0.0
2021-10-08,13.072,12.942,13.282,12.882,115342.29,152082.439,0.9871853546910756,,0.0
2021-10-11,12.932,13.032,13.172,12.632,119461.27,156488.684,0.9872727272727272,,0.0
2021-10-12,13.032,12.712000000000002,13.282,12.582,126861.99,164783.686,0.9869565217391304,,0.0
2021-10-13,12.702,12.722,12.812,12.352,89628.15,114283.512,0.9869666408068272,,0.0
2021-10-14,12.702,12.782,12.942,12.632,80704.79,104756.034,0.987027027027027,,0.0
2021-10-15,12.772,12.732,12.982,12.682,87240.06,113529.595,0.9869767441860464,,0.0
2021-10-18,12.782,13.162,13.382,12.782,153601.52,204668.876,0.9873968492123032,,0.0
2021-10-19,13.102,13.232,13.312,13.032,105817.51,141131.962,0.9874626865671642,,0.0
2021-10-20,13.132,13.262,13.432,13.062,108096.16,145313.306,0.9874906924795236,,0.0
2021-10-21,13.262,13.292000000000002,13.572,13.182,107981.36,146023.94,0.987518573551263,,0.0
2021-10-22,13.232,13.462000000000002,13.822,13.192,168820.39,231506.611,0.9876742479823918,,0.0
2021-10-25,13.372,13.492,13.532,13.122,117315.18,159203.635,0.987701317715959,,0.0
2021-10-26,13.492,13.152,13.582,13.002,150748.54,201884.445,0.9873873873873874,,0.0
2021-10-27,13.352,12.852,13.492,12.832,106090.95,140397.869,0.9870967741935484,,0.0
2021-10-28,12.762,12.282,12.902,12.252,143184.88,181712.738,0.9865060240963855,,0.0
2021-10-29,12.252,12.632,12.722,12.122,122166.93,154068.692,0.986875,,0.0
2021-11-01,12.642,12.612,12.842,12.332,141712.64,180888.582,0.9868544600938968,,0.0
2021-11-02,12.632,13.892,13.892,12.612,466387.19,630957.486,0.9880512091038408,,0.0
2021-11-03,13.462000000000002,13.632,13.712000000000002,13.192,348291.87,476145.507,0.9878260869565216,,0.0
2021-11-04,13.532,14.012,14.332,13.402,335071.52,470791.791,0.9881523272214388,,0.0
2021-11-05,13.992,13.712000000000002,14.132,13.682,251630.22,352368.031,0.9878962536023056,,0.0
2021-11-08,13.532,13.682,13.862,13.452,161972.97,223361.036,0.987870036101083,,0.0
2021-11-09,13.532,14.082,14.082,13.472,294719.03,414759.074,0.9882105263157897,,0.0
2021-11-10,14.022,14.022,14.412,13.822,329866.95,470462.387,0.9881606765327696,,0.0
2021-11-11,13.892,14.002,14.152,13.852,207330.35,293719.936,0.9881439661256176,,0.0
2021-11-12,13.992,14.122,14.382,13.932,272419.79,389632.907,0.9882435269419176,,0.0
2021-11-15,14.112,13.942,14.772,13.892,366012.83,528006.682,0.9880935506732814,,0.0
2021-11-16,13.682,13.712000000000002,14.172,13.612,261631.61,368175.005,0.9878962536023056,,0.0
2021-11-17,13.612,14.282,14.402,13.532,281274.19,400216.988,0.9883737024221454,,0.0
2021-11-18,14.212000000000002,14.572,14.812,14.112,353590.39,521147.727,0.9886024423337856,,0.0
2021-11-19,14.582,14.332,14.582,14.172,234977.85,340703.61,0.9884137931034483,,0.0
2021-11-22,14.342,14.172,14.532,13.992,219552.72,314139.453,0.988284518828452,,0.0
2021-11-23,14.132,14.582,14.712000000000002,14.012,344178.54,500441.377,0.9886101694915256,,0.0
2021-11-24,14.382,14.042000000000002,14.462000000000002,14.032,237704.74,340854.486,0.988177339901478,,0.0
2021-11-25,13.992,14.272,14.492,13.932,199393.55,286639.939,0.9883656509695292,,0.0
2021-11-26,14.202,13.822,14.282,13.822,169951.06,241364.32,0.9879914224446034,,0.0
2021-11-29,13.532,13.852,14.002,13.442,142399.22,198519.727,0.9880171184022823,,0.0
2021-11-30,13.862,15.252,15.252,13.852,475847.71,721040.728,0.9891050583657588,,0.0
2021-12-01,15.292000000000002,15.382,15.622,15.112,675358.22,1047411.685,0.9891961414790996,,0.0
2021-12-02,15.452,15.342,16.032,15.272,502590.92,791697.115,0.9891682785299808,,0.0
2021-12-03,15.392,15.402,15.582,15.172,317271.55,492419.114,0.9892100192678228,,0.0
2021-12-06,15.632,15.332,15.822,15.252,399296.08,625871.312,0.9891612903225808,,0.0
2021-12-07,15.252,14.812,15.502,14.612,327827.78,494265.926,0.988785046728972,,0.0
2021-12-08,14.862,15.802,15.962,14.832,456505.07,718083.326,0.9894802755165936,,0.0
2021-12-09,15.822,15.542000000000002,16.152,15.492,355477.45,564033.301,0.989306174411203,,0.0
2021-12-10,15.512,15.322,15.602,15.242,222664.04,346040.28,0.9891542930923176,,0.0
2021-12-13,15.312,15.282,15.472,15.082,204857.59,316624.792,0.9891262135922332,,0.0
2021-12-14,15.262,15.392,15.562,15.152,236029.32,366659.796,0.989203084832905,,0.0
2021-12-15,15.292000000000002,15.152,15.732,14.982,248369.84,385678.469,0.9890339425587468,,0.0
2021-12-16,15.122,15.262,15.462000000000002,14.972,207898.95,319296.726,0.9891121192482178,,0.0
2021-12-17,15.232,15.142,15.632,15.052,201368.05,311683.857,0.9890267798824298,,0.0
2021-12-20,15.052,14.242,15.132,14.122,261533.08,386629.836,0.9883414295628036,,0.0
2021-12-21,14.242,14.482,14.502,14.202,141220.38,205185.949,0.9885324232081912,,0.0
2021-12-22,14.482,14.302,14.572,14.192,109212.26,158297.859,0.9883897719419488,,0.0
2021-12-23,14.352,14.442,14.482,14.182,121176.4,176049.378,0.9885010266940452,,0.0
2021-12-24,14.332,14.132,14.592,13.932,180259.67,258648.431,0.9882517482517484,,0.0
2021-12-27,14.022,14.272,14.272,13.812,119646.0,170856.252,0.9883656509695292,,0.0
2021-12-28,14.262,14.482,14.502,14.192,147261.77,214147.632,0.9885324232081912,,0.0
2022-01-13,15.952000000000002,15.952000000000002,15.952000000000002,15.952000000000002,35378.57,57030.255,0.9895781637717124,,0.0
2022-01-14,17.562,17.562,17.562,17.562,28544.55,50609.487,0.9905245346869712,,0.0
2022-01-17,19.332,18.562,19.332,17.632,1370798.49,2580358.081,0.991030432461292,,0.0
2022-01-18,18.032,16.792,18.182,16.692,859157.69,1499889.547,0.9900943396226416,,0.0
2022-01-19,16.452,16.502000000000002,17.222,16.342000000000002,434585.81,736601.087,0.9899220155968806,,0.0
2022-01-20,16.362000000000002,16.232,16.682000000000002,15.922,364292.71,596333.117,0.9897560975609756,,0.0
2022-01-21,16.312,15.382,16.332,15.352,363710.45,577180.566,0.9891961414790996,,0.0
2022-01-24,15.102,15.512,15.952000000000002,15.032,268499.3,419035.065,0.9892857142857144,,0.0
2022-01-25,15.352,14.792000000000002,15.912,14.782,324650.06,507697.232,0.9887700534759358,,0.0
2022-01-26,14.932,15.352,15.822,14.852,334123.19,518335.897,0.9891752577319588,,0.0
2022-01-27,15.212000000000002,14.722,15.512,14.652,245374.22,371006.423,0.9887172599059773,,0.0
2022-01-28,14.882,15.152,15.782,14.042000000000002,346128.48,518018.932,0.9890339425587468,,0.0
2022-02-07,15.332,15.242,15.582,15.142,200780.11,310619.218,0.9890979883192732,,0.0
2022-02-08,15.252,15.862000000000002,15.882,15.062,301056.05,472074.222,0.989519650655022,,0.0
2022-02-09,15.722,15.862000000000002,16.002000000000002,15.622,294513.54,471030.136,0.989519650655022,,0.0
2022-02-10,15.852,15.732,15.942,15.622,216349.89,344211.812,0.989433962264151,,0.0
2022-02-11,15.702,15.062,15.702,14.972,252616.73,390696.882,0.9889691398555484,,0.0
2022-02-14,14.832,15.062,15.462000000000002,14.772,200159.46,307294.591,0.9889691398555484,,0.0
2022-02-15,15.142,15.332,15.442,14.932,178143.35,274291.006,0.9891612903225808,,0.0
2022-02-16,15.292000000000002,15.152,15.342,15.032,149009.76,228536.507,0.9890339425587468,,0.0
2022-02-17,15.172,15.092,15.392,14.892,158322.43,242531.118,0.9889908256880734,,0.0
2022-02-18,15.082,15.042000000000002,15.082,14.632,174672.94,262418.198,0.9889546351084814,,0.0
2022-02-21,15.022,15.182,15.582,14.982,162098.75,249286.799,0.989055374592834,,0.0
2022-02-22,15.232,14.732,15.292000000000002,14.712000000000002,185190.28,279787.666,0.9887248322147651,,0.0
2022-02-23,14.632,15.032,15.192,14.562,170350.08,257203.619,0.9889473684210528,,0.0
2022-02-24,14.882,15.272,15.582,14.582,386147.14,591462.259,0.989119170984456,,0.0
2022-02-25,14.912,14.862,15.062,14.742,205279.09,309649.391,0.9888223552894212,,0.0
2022-02-28,14.892,14.902,15.192,14.742,173503.94,262936.208,0.9888520238885204,,0.0
2022-03-01,14.832,15.562,15.572,14.792000000000002,391458.43,608371.822,0.989319771137953,,0.0
2022-03-02,15.472,15.482,15.532,15.292000000000002,209101.77,325945.991,0.98926517571885,,0.0
2022-03-03,15.532,15.372,15.552,15.242,169610.58,263164.722,0.9891891891891892,,0.0
2022-03-04,15.222,14.862,15.222,14.832,186819.68,282491.286,0.9888223552894212,,0.0
2022-03-07,14.822,14.732,15.062,14.642,130600.68,195829.733,0.9887248322147651,,0.0
2022-03-08,14.822,14.222,14.902,14.132,151633.19,222816.911,0.9883252258512856,,0.0
2022-03-09,14.212000000000002,13.932,14.532,12.852,195216.94,273509.97,0.9880851063829788,,0.0
2022-03-10,14.242,13.972,14.272,13.732,120317.9,171160.431,0.9881188118811882,,0.0
2022-03-11,13.512,13.672,13.752,13.272,173570.71,237931.527,0.9878612716763008,,0.0
2022-03-14,13.452,13.432,13.972,13.422,131190.91,181456.565,0.9876470588235294,,0.0
2022-03-15,13.322,12.622,13.472,12.612,165174.0,218761.892,0.9868647380766224,,0.0
2022-03-16,12.822,13.062,13.132,12.432,163769.55,212621.547,0.9873015873015872,,0.0
2022-03-17,13.142,13.192,13.642,13.092,130603.22,175070.267,0.9874251497005988,,0.0
2022-03-18,13.022,13.252,13.312,12.962000000000002,114364.01,152546.724,0.9874813710879284,,0.0
2022-03-21,13.182,13.352,13.482,13.112,119830.19,161351.338,0.9875739644970416,,0.0
2022-03-22,13.312,13.282,13.482,13.202,90931.39,122186.172,0.9875092936802976,,0.0
2022-03-23,13.342,13.402,13.682,13.262,140507.03,191332.408,0.9876197494473103,,0.0
2022-03-24,13.392,13.222,13.412,13.142,86832.8,116328.219,0.9874533233756536,,0.0
2022-03-25,13.552,13.302,13.852,13.252,197510.95,270533.855,0.9875278396436526,,0.0
2022-03-28,13.042000000000002,13.072,13.222,12.862,111486.79,147176.59,0.9873111782477342,,0.0
2022-03-29,13.252,13.022,13.452,12.942,114383.22,152819.061,0.9872630780894618,,0.0
2022-03-30,13.092,13.202,13.212000000000002,12.992,93652.05,124199.366,0.987434554973822,,0.0
2022-03-31,13.092,12.742,13.182,12.722,148331.98,193621.302,0.9869868319132457,,0.0
2022-04-01,12.622,12.752,12.862,12.512,76469.31,98448.764,0.9869969040247678,,0.0
2022-04-06,12.752,12.842,12.862,12.612,72567.38,93807.665,0.987086856264412,,0.0
2022-04-07,12.792000000000002,12.632,13.112,12.632,126758.18,165438.056,0.986875,,0.0
2022-04-08,12.652,12.562,12.782,12.282,104105.13,131749.009,0.986802827965436,,0.0
2022-04-11,12.532,11.952,12.552,11.902,113454.73,140077.318,0.9861386138613862,,0.0
2022-04-12,11.932,12.442,12.512,11.792000000000002,178909.47,221258.235,0.9866772402854878,,0.0
2022-04-13,12.402,12.082,12.422,12.042000000000002,98831.77,122544.453,0.9862857142857144,,0.0
2022-04-14,12.142,12.312,12.362,12.112,81680.12,101482.489,0.9865384615384616,,0.0
2022-04-15,12.242,12.612,12.662,12.142,169756.29,214353.497,0.9868544600938968,,0.0
2022-04-18,12.432,12.602,12.672,12.422,99023.03,126051.521,0.9868441660140956,,0.0
2022-04-19,12.482,12.562,12.682,12.462000000000002,75427.11,95930.948,0.986802827965436,,0.0
2022-04-20,12.532,12.282,12.662,12.232,87877.92,110767.612,0.9865060240963855,,0.0
2022-04-21,12.282,11.602,12.322,11.562,130039.26,156477.361,0.9857264231096008,,0.0
2022-04-22,11.482,11.742,11.942,11.212000000000002,121685.72,143243.222,0.9858942065491184,,0.0
2022-04-25,11.422,10.552,11.422,10.552,155683.47,172066.179,0.9843283582089551,,0.0
2022-04-26,10.142,9.752,10.592,9.752,140105.31,143963.912,0.9830645161290325,,0.0
2022-04-27,9.612,10.302,10.382,9.332,151020.67,152575.17,0.9839541547277938,,0.0
2022-04-28,10.212000000000002,10.082,10.382,9.962000000000002,89610.17,92585.363,0.9836097560975612,,0.0
2022-04-29,10.212000000000002,10.542000000000002,10.602,10.132,104726.41,110862.836,0.984313725490196,,0.0
2022-05-05,10.552,10.862,11.032,10.542000000000002,121144.56,133774.616,0.9847688123300092,,0.0
2022-05-06,10.572,10.762,10.812,10.532,82766.85,89884.035,0.984629460201281,,0.0
2022-05-09,10.652,10.942,11.082,10.652,71632.96,79430.435,0.984878487848785,,0.0
2022-05-10,10.732,11.042000000000002,11.082,10.712000000000002,77182.76,86045.607,0.985013380909902,,0.0
2022-05-11,11.192,10.992,11.362,10.992,126442.61,144013.61,0.9849462365591398,,0.0
2022-05-12,10.872,10.982,11.162,10.812,116216.37,129542.618,0.984932735426009,,0.0
2022-05-13,11.022,10.882,11.082,10.812,69761.19,77214.25,0.984796380090498,,0.0
2022-05-16,11.022,10.982,11.202,10.872,100719.47,112787.773,0.984932735426009,,0.0
2022-05-17,10.932,10.942,10.982,10.762,56979.55,62923.767,0.984878487848785,,0.0
2022-05-18,10.942,11.152,11.322,10.892,119036.7,134607.701,0.9851590106007068,,0.0
2022-05-19,10.962000000000002,11.272,11.332,10.902,117708.4,132764.461,0.9853146853146854,,0.0
2022-05-20,11.312,11.322,11.382,11.192,89352.11,102272.273,0.9853785900783292,,0.0
2022-05-23,11.292000000000002,11.642,11.692,11.232,151235.58,176223.118,0.985774767146486,,0.0
2022-05-24,11.632,11.162,12.132,11.132,244552.51,288497.62,0.9851721094439542,,0.0
2022-05-25,11.102,11.522,11.552,11.082,166855.37,192083.486,0.98562874251497,,0.0
2022-05-26,11.542000000000002,11.782,11.932,11.472,177893.74,211520.997,0.9859414225941424,,0.0
2022-05-27,11.792000000000002,11.992,12.032,11.632,177690.41,213949.964,0.986184210526316,,0.0
2022-05-30,12.162,12.482,12.632,11.932,321223.06,400882.776,0.9867193675889327,,0.0
2022-05-31,12.492,12.312,12.532,12.142,226418.53,282429.735,0.9865384615384616,,0.0
2022-06-01,12.392,12.892,13.112,12.312,355451.75,457216.517,0.9871362940275652,,0.0
2022-06-02,12.832,12.602,12.832,12.382,296706.3,377421.348,0.9868441660140956,,0.0
2022-06-06,12.432,12.452,12.482,12.232,210938.41,264817.929,0.9866877971473852,,0.0
2022-06-07,12.432,12.362,12.492,12.282,147626.48,185260.409,0.9865921787709496,,0.0
2022-06-08,12.352,12.292000000000002,12.402,11.982,155058.48,192006.769,0.9865168539325844,,0.0
2022-06-09,12.292000000000002,12.182,12.382,12.052,110963.0,137160.433,0.9863967611336032,,0.0
2022-06-10,12.112,12.252,12.342,12.032,116097.96,144165.423,0.9864734299516909,,0.0
2022-06-13,12.132,12.492,12.592,12.112,208427.41,262769.527,0.9867298578199052,,0.0
2022-06-14,12.362,12.382,12.402,11.982,144289.16,178628.01,0.9866135458167332,,0.0
2022-06-15,12.402,12.672,13.332,12.402,332097.59,432035.808,0.9869158878504674,,0.0
2022-06-16,12.752,12.742,12.852,12.482,191735.99,245787.993,0.9869868319132457,,0.0
2022-06-17,12.732,12.462000000000002,12.912,12.382,221381.66,282151.975,0.9866983372921616,,0.0
2022-06-20,12.332,12.412,12.632,12.122,162344.65,203756.716,0.9866454689984102,,0.0
2022-06-21,12.402,12.122,12.502,12.012,119310.25,147876.366,0.9863303498779497,,0.0
2022-06-22,12.112,11.972,12.322,11.952,118309.9,145595.816,0.9861614497528832,,0.0
2022-06-23,11.922,12.202,12.212000000000002,11.872,116151.51,142400.313,0.9864187550525464,,0.0
2022-06-24,12.262,12.252,12.422,12.142,138229.57,172204.79,0.9864734299516909,,0.0
2022-06-27,12.372,12.152,12.412,12.082,101958.0,125949.341,0.9863636363636364,,0.0
2022-06-28,12.172,12.322,12.482,12.132,132745.81,165999.231,0.9865492393915132,,0.0
2022-06-29,12.282,11.942,12.322,11.932,127600.57,156707.162,0.9861271676300578,,0.0
2022-06-30,11.962000000000002,11.972,12.072,11.932,70257.4,85431.756,0.9861614497528832,,0.0
2022-07-01,12.012,12.032,12.062,11.892,67668.21,82262.086,0.9862295081967214,,0.0
2022-07-04,12.042000000000002,12.172,12.172,11.872,87377.84,107062.854,0.986385737439222,,0.0
2022-07-05,12.172,11.972,12.222,11.862,92423.51,112274.617,0.9861614497528832,,0.0
2022-07-06,11.922,11.762,12.042000000000002,11.682,74347.14,89282.096,0.9859178541492036,,0.0
2022-07-07,11.762,11.872,11.962000000000002,11.702,54467.06,65616.27,0.986046511627907,,0.0
2022-07-08,11.932,11.892,12.022,11.852,59837.18,72332.664,0.9860696517412936,,0.0
2022-07-11,11.832,11.632,11.872,11.532,67729.13,79988.914,0.9857627118644068,,0.0
2022-07-12,11.632,11.442,11.782,11.432,62646.87,73707.358,0.985529715762274,,0.0
2022-07-13,11.432,11.742,11.952,11.432,94927.92,112716.509,0.9858942065491184,,0.0
2022-07-14,11.782,12.092,12.332,11.732,185418.73,227533.874,0.9862969004893964,,0.0
2022-07-15,12.012,11.682,12.152,11.682,103941.52,125195.504,0.9858227848101266,,0.0
2022-07-18,11.782,11.942,11.942,11.732,61558.92,74067.191,0.9861271676300578,,0.0
2022-07-19,11.942,12.412,12.432,11.892,215438.94,268448.935,0.9866454689984102,,0.0
2022-07-20,12.332,13.122,13.272,12.262,426410.05,555981.041,0.9873589164785552,,0.0
2022-07-21,12.942,12.632,12.942,12.562,242734.54,311123.965,0.9915227629513343,,0.0
2022-07-22,12.642,12.752,12.932,12.552,166929.56,214138.789,0.991601866251944,,0.0
2022-07-25,12.702,12.402,12.882,12.372,135946.52,171918.771,0.99136690647482,,0.0
2022-07-26,12.482,12.442,12.532,12.332,79796.49,99862.216,0.9913944223107568,,0.0
2022-07-27,12.442,12.782,12.972,12.402,190559.07,245385.451,0.9916214119472458,,0.0
2022-07-28,12.782,13.032,13.132,12.712,212029.11,275920.502,0.991780821917808,,0.0
2022-07-29,12.962,12.712,12.962,12.672,140101.99,180325.838,0.991575663026521,,0.0
2022-08-01,12.792,12.602,12.872,12.422,124013.4,157753.398,0.9915027537372147,,0.0
2022-08-02,12.582,12.282,13.042,12.152,250793.55,316558.044,0.9912832929782082,,0.0
2022-08-03,12.112,12.892,13.212,12.082,449115.94,584396.54,0.9916923076923077,,0.0
2022-08-04,12.862,12.512,12.862,12.352,236862.74,300134.69,0.9914421553090332,,0.0
2022-08-05,12.532,12.562,12.662,12.292,151334.6,190149.138,0.9914759273875297,,0.0
2022-08-08,12.532,12.762,12.812,12.442,160897.92,206329.588,0.9916083916083916,,0.0
2022-08-09,12.772,12.752,12.792,12.522,125859.32,160969.072,0.991601866251944,,0.0
2022-08-10,12.722,12.702,12.832,12.592,109777.82,140653.687,0.9915690866510538,,0.0
2022-08-11,12.702,13.062,13.182,12.642,292853.14,384648.132,0.9917995444191344,,0.0
2022-08-12,13.002,12.792,13.042,12.762,171358.95,222656.453,0.9916279069767442,,0.0
2022-08-15,12.762,12.752,12.892,12.602,120619.58,154609.525,0.991601866251944,,0.0
2022-08-16,12.752,13.092,13.142,12.692,249160.2,326737.616,0.9918181818181818,,0.0
2022-08-17,13.102,13.662,13.862,12.992,396591.9,543766.375,0.992156862745098,,0.0
2022-08-18,13.552,13.612,13.792,13.522,210898.38,290339.165,0.992128279883382,,0.0
2022-08-19,13.582,13.332,13.682,13.282,175167.16,237111.648,0.9919642857142856,,0.0
2022-08-22,13.252,13.492,13.632,13.072,177701.97,240259.102,0.9920588235294118,,0.0
2022-08-23,13.472,13.312,13.492,13.162,146632.23,196382.593,0.9919523099850968,,0.0
2022-08-24,13.482,12.722,13.532,12.652,195442.48,255636.469,0.9915822291504286,,0.0
2022-08-25,12.742,12.972,13.242,12.692,170422.64,223102.052,0.991743119266055,,0.0
2022-08-26,12.992,12.572,13.072,12.512,140942.02,180832.592,0.9914826498422712,,0.0
2022-08-29,12.372,13.842,13.842,12.312,337508.69,458940.296,0.992258064516129,,0.0
2022-08-30,13.882,13.712,14.122,13.652,497672.3,696682.444,0.9921852387843704,,0.0
2022-08-31,13.642,13.362,13.982,13.312,252482.93,343105.847,0.9919821826280624,,0.0
2022-09-01,13.452,13.252,13.622,13.182,164079.34,221101.053,0.9919161676646706,,0.0
2022-09-02,13.252,13.802,13.952,13.222,294359.59,406437.648,0.992235801581596,,0.0
2022-09-05,13.882,13.842,14.162,13.662,228887.53,320814.182,0.992258064516129,,0.0
2022-09-06,13.882,14.092,14.442,13.712,251723.25,358228.124,0.992394366197183,,0.0
2022-09-07,14.072,14.092,14.332,13.912,192809.66,273815.492,0.992394366197183,,0.0
2022-09-08,14.082,14.242,14.272,13.912,216162.63,307984.224,0.9924738675958188,,0.0
2022-09-09,14.172,13.742,14.222,13.692,207666.04,290019.834,0.992202166064982,,0.0
2022-09-13,13.612,13.672,13.892,13.552,125786.23,173325.872,0.9921625544267052,,0.0
2022-09-14,13.412,13.592,13.792,13.342,110940.97,151877.791,0.992116788321168,,0.0
2022-09-15,13.672,13.082,13.702,12.972,151429.76,201357.24,0.9918119787717968,,0.0
2022-09-16,13.092,12.842,13.252,12.832,94047.44,123680.811,0.9916602316602317,,0.0
2022-09-19,12.662,12.722,12.922,12.552,83750.36,107507.052,0.9915822291504286,,0.0
2022-09-20,12.772,12.872,13.092,12.762,106044.16,138222.936,0.9916795069337442,,0.0
2022-09-21,12.802,12.912,12.992,12.582,77665.48,100335.217,0.991705069124424,,0.0
2022-09-22,12.802,13.112,13.282,12.792,111205.57,146942.038,0.9918305597579424,,0.0
2022-09-23,13.082,12.692,13.372,12.672,111021.95,145031.57,0.9915625,,0.0
2022-09-26,12.592,11.902,12.592,11.872,139053.53,170695.521,0.991007493755204,,0.0
2022-09-27,11.912,12.022,12.132,11.632,83976.76,100417.525,0.9910964550700742,,0.0
2022-09-28,12.002,11.492,12.272,11.492,100298.26,119426.056,0.9906896551724136,,0.0
2022-09-29,11.622,11.402,11.742,11.222,95075.12,110053.227,0.9906168549087748,,0.0
2022-09-30,11.402,11.112,11.492,11.112,68104.68,77389.878,0.990374331550802,,0.0
2022-10-10,11.782,12.072,12.232,11.442,258308.33,314571.334,0.9911330049261085,,0.0
2022-10-11,12.092,11.442,12.162,11.242,270456.14,314062.203,0.9906493506493506,,0.0
2022-10-12,11.392,12.042,12.092,11.182,181659.25,211932.546,0.991111111111111,,0.0
2022-10-13,11.862,11.842,12.082,11.722,131250.57,157691.245,0.9909623430962342,,0.0
2022-10-14,11.992,12.072,12.192,11.852,137188.56,166620.821,0.9911330049261085,,0.0
2022-10-17,12.072,12.182,12.332,12.012,140027.8,171980.405,0.9912123677786818,,0.0
2022-10-18,12.222,12.172,12.272,12.012,111827.13,136754.591,0.9912052117263844,,0.0
2022-10-19,12.102,12.122,12.442,11.942,151112.7,186551.94,0.9911692559280456,,0.0
2022-10-20,12.012,11.972,12.292,11.762,126220.45,152749.403,0.9910596026490066,,0.0
2022-10-21,11.952,12.302,12.432,11.952,206559.99,255559.414,0.99129734085415,,0.0
2022-10-24,12.422,12.252,12.592,12.142,187680.36,234727.815,0.99126213592233,,0.0
2022-10-25,12.052,12.122,12.312,11.682,191394.57,231542.109,0.9911692559280456,,0.0
2022-10-26,12.252,12.182,12.302,12.002,122401.64,150322.824,0.9912123677786818,,0.0
2022-10-27,12.162,12.112,12.382,12.062,107355.25,131985.632,0.9911620294599016,,0.0
2022-10-28,11.912,11.542,12.122,11.462,132839.32,157935.483,0.9907296137339056,,0.0
2022-10-31,11.362,11.842,11.962,11.362,112289.85,133352.423,0.9909623430962342,,0.0
2022-11-01,12.022,12.022,12.142,11.802,101496.14,122388.088,0.9910964550700742,,0.0
2022-11-02,12.012,12.252,12.372,11.942,135616.07,167451.728,0.99126213592233,,0.0
2022-11-03,12.142,12.442,12.592,12.112,138196.14,173351.066,0.9913944223107568,,0.0
2022-11-04,12.452,12.482,12.502,12.292,121874.54,152720.094,0.9914217633042096,,0.0
2022-11-07,12.482,12.512,12.572,12.312,104423.89,131216.9,0.9914421553090332,,0.0
2022-11-08,12.542,12.532,12.572,12.382,82260.02,103538.007,0.9914556962025316,,0.0
2022-11-09,12.562,12.352,12.642,12.352,82580.07,103986.027,0.9913322632423756,,0.0
2022-11-10,12.312,12.222,12.372,12.162,82406.8,101883.957,0.9912408759124088,,0.0
2022-11-11,12.452,12.412,12.492,12.222,110440.19,137906.154,0.9913738019169328,,0.0
2022-11-14,12.432,12.422,12.572,12.302,104767.0,131686.901,0.9913806863527532,,0.0
2022-11-15,12.612,12.742,12.892,12.532,184793.2,235801.547,0.9915953307392996,,0.0
2022-11-16,12.892,12.932,13.062,12.612,202736.27,264154.02,0.9917177914110428,,0.0
2022-11-17,12.842,12.882,12.902,12.682,95782.39,123605.074,0.9916859122401848,,0.0
2022-11-18,12.852,12.802,13.132,12.782,130408.97,170582.382,0.9916343919442292,,0.0
2022-11-21,12.722,12.842,12.992,12.652,99445.09,128814.474,0.9916602316602317,,0.0
2022-11-22,12.802,13.032,13.302,12.762,184706.84,243526.951,0.991780821917808,,0.0
2022-11-23,13.002,13.062,13.222,12.872,134878.37,177739.651,0.9917995444191344,,0.0
2022-11-24,13.012,12.952,13.242,12.882,105300.72,138104.113,0.991730474732006,,0.0
2022-11-25,12.972,12.942,13.192,12.922,92138.16,121273.563,0.9917241379310344,,0.0
2022-11-28,12.782,13.042,13.122,12.672,110935.87,144615.713,0.991787072243346,,0.0
2022-11-29,13.032,13.072,13.092,12.902,88967.27,116716.787,0.9918057663125948,,0.0
2022-11-30,13.072,12.842,13.092,12.792,97290.03,126632.107,0.9916602316602317,,0.0
2022-12-01,12.912,13.032,13.202,12.912,116974.31,154072.077,0.991780821917808,,0.0
2022-12-02,13.032,12.932,13.092,12.832,80317.54,104920.062,0.9917177914110428,,0.0
2022-12-05,12.892,13.322,13.382,12.882,157313.25,209083.701,0.991958302308265,,0.0
2022-12-06,13.232,13.172,13.342,13.102,98268.54,130641.176,0.991867469879518,,0.0
2022-12-07,13.102,12.852,13.172,12.792,115137.27,150523.887,0.9916666666666666,,0.0
2022-12-08,12.802,12.712,12.852,12.642,91717.43,117490.592,0.991575663026521,,0.0
2022-12-09,12.692,12.802,12.842,12.552,78802.46,101020.767,0.9916343919442292,,0.0
2022-12-12,12.792,12.482,12.792,12.442,86671.05,109540.483,0.9914217633042096,,0.0
2022-12-13,12.412,12.282,12.542,12.272,58302.26,72826.491,0.9912832929782082,,0.0
2022-12-14,12.202,12.132,12.412,12.052,98640.25,121361.095,0.9911764705882352,,0.0
2022-12-15,12.052,12.172,12.212,12.052,41389.64,50761.74,0.9912052117263844,,0.0
2022-12-16,12.152,12.042,12.152,11.952,59739.29,72491.615,0.991111111111111,,0.0
2022-12-19,12.022,11.832,12.092,11.662,69640.09,83044.124,0.9909547738693468,,0.0
2022-12-20,11.822,11.912,12.052,11.792,57635.01,69446.77,0.9910149750415972,,0.0
2022-12-21,11.902,11.692,11.972,11.612,47841.79,56784.494,0.9908474576271186,,0.0
2022-12-22,11.692,11.522,11.812,11.482,44352.01,52154.167,0.9907136715391228,,0.0
2022-12-23,11.522,11.502,11.632,11.402,34321.82,39914.559,0.9906976744186046,,0.0
2022-12-26,11.582,11.752,11.762,11.542,43258.38,51021.077,0.990893760539629,,0.0
2022-12-27,11.752,11.792,11.812,11.652,36697.65,43532.128,0.9909243697478992,,0.0
2022-12-28,11.772,11.722,11.882,11.662,37748.34,44804.265,0.9908706677937448,,0.0
2022-12-29,11.632,11.782,11.932,11.602,41428.92,49261.23,0.9909167367535744,,0.0
2022-12-30,11.772,11.792,11.842,11.752,33767.08,40160.929,0.9909243697478992,,0.0
2023-01-03,11.792,12.002,12.042,11.742,67782.46,81650.455,0.9910817506193228,,0.0
2023-01-04,11.942,11.922,12.012,11.852,52222.93,62835.521,0.9910224438902744,,0.0
2023-01-05,11.862,11.972,12.002,11.852,58272.31,70202.004,0.9910596026490066,,0.0
2023-01-06,11.952,11.962,12.022,11.862,48218.21,58064.762,0.9910521955260976,,0.0
2023-01-09,11.922,11.962,11.992,11.882,47633.97,57351.082,0.9910521955260976,,0.0
2023-01-10,11.902,11.732,11.962,11.712,51428.0,61130.73,0.9908783783783784,,0.0
2023-01-11,11.732,11.612,11.802,11.612,36547.0,43198.114,0.9907849829351536,,0.0
2023-01-12,11.692,11.622,11.892,11.612,49026.0,58018.29,0.9907928388746804,,0.0
2023-01-13,11.672,11.902,12.082,11.602,89356.73,107208.88,0.991007493755204,,0.0
2023-01-16,11.902,12.172,12.182,11.882,99875.89,122030.353,0.9912052117263844,,0.0
2023-01-17,12.162,12.142,12.212,12.052,53874.3,65863.946,0.9911836734693876,,0.0
2023-01-18,11.872,12.012,12.112,11.832,90199.87,109176.951,0.9910891089108912,,0.0
2023-01-19,12.072,12.132,12.132,11.962,62765.46,76310.579,0.9911764705882352,,0.0
2023-01-20,12.092,12.182,12.212,12.052,65990.0,80964.01,0.9912123677786818,,0.0
2023-01-30,12.292,12.302,12.442,12.242,115909.61,144153.153,0.99129734085415,,0.0
2023-01-31,12.272,12.402,12.492,12.242,94735.86,118591.964,0.99136690647482,,0.0
2023-02-01,12.402,12.542,12.552,12.392,87171.3,109816.317,0.9914624505928852,,0.0
2023-02-02,12.572,12.412,12.592,12.352,91905.74,115376.165,0.9913738019169328,,0.0
2023-02-03,12.462,12.522,12.562,12.282,97635.43,122260.911,0.9914489311163897,,0.0
2023-02-06,12.472,12.362,12.582,12.352,81070.77,101784.668,0.9913392141138732,,0.0
2023-02-07,12.422,12.522,12.552,12.372,88800.14,111964.459,0.9914489311163897,,0.0
2023-02-08,12.512,12.402,12.552,12.382,53379.18,66995.074,0.99136690647482,,0.0
2023-02-09,12.392,13.222,13.622,12.362,399884.21,528185.371,0.9918979744936234,,0.0
2023-02-10,13.222,13.002,13.312,12.912,210551.75,277543.721,0.9917620137299772,,0.0
2023-02-13,13.062,13.272,13.482,13.052,283336.43,379558.769,0.9919282511210762,,0.0
2023-02-14,13.222,13.202,13.352,13.172,134769.59,179915.279,0.991885800150263,,0.0
2023-02-15,13.202,13.172,13.252,13.032,112407.93,148745.857,0.991867469879518,,0.0
2023-02-16,13.162,12.742,13.162,12.622,149727.1,195139.308,0.9915953307392996,,0.0
2023-02-17,12.742,12.782,12.832,12.612,103427.81,132900.168,0.9916214119472458,,0.0
2023-02-20,12.722,12.812,12.822,12.552,102836.7,131772.496,0.991640866873065,,0.0
2023-02-21,12.722,12.902,13.032,12.712,122311.88,159033.161,0.9916986933128362,,0.0
2023-02-22,12.902,13.022,13.132,12.882,122634.04,160866.959,0.9917745620715918,,0.0
2023-02-23,12.992,13.012,13.122,12.902,116242.33,152460.499,0.9917682926829268,,0.0
2023-02-24,12.902,13.202,13.362,12.902,232116.39,309329.248,0.991885800150263,,0.0
2023-02-27,13.162,13.192,13.312,13.052,138297.34,183888.571,0.9918796992481204,,0.0
2023-02-28,13.192,13.192,13.192,12.992,109516.86,144514.075,0.9918796992481204,,0.0
2023-03-01,13.192,13.232,13.252,13.042,96780.24,128387.879,0.991904047976012,,0.0
2023-03-02,13.222,13.312,13.442,13.162,191522.67,257104.024,0.9919523099850968,,0.0
2023-03-03,13.482,14.652,14.652,13.332,423622.3,604599.565,0.9926829268292684,,0.0
2023-03-06,15.842,16.131999999999998,16.131999999999998,15.572,371647.69,596497.066,0.9933497536945812,,0.0
2023-03-07,16.701999999999998,15.492,17.172,15.492,1388565.76,2277293.724,0.9930769230769232,,0.0
2023-03-08,15.482,16.072,16.092,15.032,909538.54,1431189.456,0.9933250927070456,,0.0
2023-03-09,15.692,15.342,16.032,15.122,701096.29,1095481.437,0.993009708737864,,0.0
2023-03-10,15.342,14.752,15.412,14.712,476342.85,716489.902,0.9927321668909824,,0.0
2023-03-13,14.752,14.992,15.002,14.702,402541.71,603622.949,0.9928476821192052,,0.0
2023-03-14,14.892,15.922,16.342,14.712,879410.27,1392239.141,0.9932626325639424,,0.0
2023-03-15,15.652,15.971999999999998,16.142,15.472,524547.64,831186.137,0.9932835820895524,,0.0
2023-03-16,15.692,15.162,15.742,15.142,431851.36,666723.686,0.9929273084479372,,0.0
2023-03-17,15.232,15.192,15.392,15.112,322919.1,495804.976,0.9929411764705882,,0.0
2023-03-20,15.112,15.072,15.472,14.972,318316.7,487208.316,0.9928853754940712,,0.0
2023-03-21,15.412,15.502,15.862,15.302,548803.34,861848.459,0.9930813581037796,,0.0
2023-03-22,15.162,15.242,15.412,15.072,351207.78,537259.695,0.9929641693811074,,0.0
2023-03-23,15.102,15.532,15.792,14.982,406121.04,631403.949,0.9930946291560102,,0.0
2023-03-24,15.522,15.132,15.522,15.072,275127.9,420288.223,0.9929133858267716,,0.0
2023-03-27,15.092,14.812,15.092,14.782,260305.98,390351.008,0.9927613941018768,,0.0
2023-03-28,14.812,14.752,15.012,14.732,211535.87,317060.421,0.9927321668909824,,0.0
2023-03-29,14.752,14.372,14.792,14.332,252354.64,368089.665,0.9925414364640884,,0.0
2023-03-30,14.462,14.422,14.672,14.302,169342.84,246858.269,0.9925671025464556,,0.0
2023-03-31,14.302,14.392,14.482,14.232,167837.25,242458.409,0.992551724137931,,0.0
2023-04-03,14.492,14.702,14.712,14.422,198003.33,291165.083,0.9927076299797434,,0.0
2023-04-04,14.722,15.142,15.142,14.492,335564.24,504514.56,0.9929180327868852,,0.0
2023-04-06,15.142,15.182,15.372,14.902,293847.29,449610.249,0.9929365598430346,,0.0
2023-04-07,15.072,14.942,15.132,14.892,196744.08,296864.517,0.9928239202657808,,0.0
2023-04-10,15.742,15.032,15.872,14.952,372597.87,576999.323,0.9928665785997358,,0.0
2023-04-11,14.932,14.552,14.932,14.392,247044.1,362844.715,0.9926330150068212,,0.0
2023-04-12,14.582,14.762,15.102,14.492,205718.12,306641.125,0.9927370544720914,,0.0
2023-04-13,14.642,14.982,15.212,14.622,262670.85,395633.17,0.9928429423459244,,0.0
2023-04-14,14.892,15.192,15.382,14.552,302124.5,455419.3,0.9929411764705882,,0.0
2023-04-17,15.112,15.092,15.142,14.802,176252.49,266489.636,0.9928947368421052,,0.0
2023-04-18,15.042,15.132,15.242,14.932,178701.59,271277.986,0.9929133858267716,,0.0
2023-04-19,15.242,14.602,15.242,14.602,222735.17,333314.701,0.9926580557443916,,0.0
2023-04-20,14.572,14.662,14.782,14.542,139796.22,206064.807,0.9926878808395396,,0.0
2023-04-21,14.692,16.142,16.142,14.662,884274.45,1413942.796,0.993353846153846,,0.0
2023-04-24,16.362,17.772,17.772,15.971999999999998,1359375.95,2319806.507,0.9939597315436242,,0.0
2023-04-25,17.291999999999998,17.041999999999998,17.762,16.742,876782.76,1519977.564,0.9937026239067056,,0.0
2023-04-26,17.041999999999998,18.492,18.762,17.041999999999998,1086265.55,1985231.052,0.9941935483870968,,0.0
2023-04-27,18.272,20.352,20.352,17.762,978488.89,1882946.243,0.9947214076246336,,0.0
2023-04-28,21.482,20.982,22.242,19.792,1403401.52,2953266.827,0.9948790896159316,,0.0
2023-05-04,20.892,22.812,23.092,20.892,1363798.47,3067248.693,0.9952879581151832,,0.0
2023-05-05,22.382,25.102,25.102,22.242,1533146.03,3671739.523,0.9957159857199523,,0.0
2023-05-08,25.762,27.622,27.622,25.432,1003206.28,2701595.715,0.9961053011179228,,0.0
2023-05-09,29.892,28.952,30.392,28.542,1760958.42,5218845.233,0.9962835512732278,,0.0
2023-05-10,29.092,28.892,30.252,27.142,1626503.83,4700869.409,0.9962758620689656,,0.0
2023-05-11,29.442,25.992,29.492,25.992,927775.31,2484583.88,0.9958620689655172,,0.0
2023-05-12,24.392,23.382,24.512,23.382,1632989.87,3898960.227,0.9954022988505749,,0.0
2023-05-15,22.792,24.942,25.632,22.782,1641017.1,3946304.16,0.995688622754491,,0.0
2023-05-16,23.802,22.442,24.382,22.442,1265425.62,2954005.403,0.9952106430155212,,0.0
2023-05-17,21.722,23.002,23.382,21.572,1175987.33,2682129.129,0.9953266983989616,,0.0
2023-05-18,22.562,23.142,23.572,22.432,911803.82,2106633.655,0.9953548387096774,,0.0
2023-05-19,23.052,23.182,24.392,22.902,1012386.0,2386192.468,0.9953628166595104,,0.0
2023-05-22,22.412,23.682,23.882,22.412,874279.25,2059885.575,0.9954602774274904,,0.0
2023-05-23,23.882,21.832,24.182,21.302,1142181.2,2529293.968,0.995077484047402,,0.0
2023-05-24,21.692,22.362,23.242,21.312,892544.77,2004084.894,0.9951935914552736,,0.0
2023-05-25,21.837,22.507,22.927,21.567,798169.67,1781630.592,0.99720868409393,,0.0
2023-05-26,21.937,23.257,23.597,21.497,1015927.74,2316710.685,0.9972984562607204,,0.0
2023-05-29,23.437,23.077,24.007,22.527,1020231.01,2398388.649,0.9972774416594642,,0.0
2023-05-30,22.637,23.457,23.697000000000003,22.617,777447.54,1814133.011,0.9973214285714286,,0.0
2023-05-31,23.157,24.517,25.297,22.987,1209731.65,2956984.667,0.9974369406021156,,0.0
2023-06-01,24.017,25.907,26.737,23.167,1340665.19,3354659.56,0.9975741239892184,,0.0
2023-06-02,25.737,25.017,27.687,24.987,1313525.18,3468256.616,0.997488038277512,,0.0
2023-06-05,24.697000000000003,25.447000000000003,26.087,24.697000000000003,968804.97,2470257.961,0.997530380243042,,0.0
2023-06-06,25.147,23.547,25.307,23.517,934189.0,2287512.169,0.9973316391359592,,0.0
2023-06-07,23.637,23.167,23.837,22.787000000000003,710035.48,1659400.627,0.9972879896685322,,0.0
2023-06-08,22.887,22.977,23.537000000000003,22.437,551866.62,1270407.093,0.997265625,,0.0
2023-06-09,22.937,23.247,23.397,22.507,492819.44,1137769.42,0.9972972972972972,,0.0
2023-06-12,23.007,23.237,23.657,22.837,481466.75,1126849.046,0.997296137339056,,0.0
2023-06-13,22.997,23.707,23.837,22.497,668474.62,1554234.354,0.9973496003365588,,0.0
2023-06-14,23.537000000000003,25.097,25.257,23.477,1029651.31,2541928.364,0.997496025437202,,0.0
2023-06-15,24.797,24.997,25.297,24.387,719299.57,1789529.353,0.9974860335195532,,0.0
2023-06-16,25.177,25.047,26.937,24.997,1155010.49,2994361.597,0.9974910394265234,,0.0
2023-06-19,24.797,26.157,26.427,24.797,1036876.85,2693569.019,0.9975972540045768,,0.0
2023-06-20,25.817,26.787000000000003,27.687,25.147,1256122.55,3353116.856,0.9976536312849162,,0.0
2023-06-21,26.437,25.107000000000003,26.787000000000003,25.047,837985.54,2172209.879,0.997497020262217,,0.0
2023-06-26,25.097,25.617,26.327,24.317,761016.59,1932194.571,0.9975467289719626,,0.0
2023-06-27,25.737,28.187,28.187,25.237,1417615.93,3900097.195,0.9977699115044248,,0.0
2023-06-28,28.037000000000003,28.607000000000003,29.557,27.247,1426709.68,4033994.74,0.9978025810952216,,0.0
2023-06-29,27.937,28.197000000000003,29.327,27.647,983089.17,2799049.548,0.9977707006369428,,0.0
2023-06-30,28.337,28.107000000000003,28.917,27.637,685340.23,1922482.298,0.9977635782747604,,0.0
2023-07-03,27.847,29.287000000000003,30.637,27.337,1156427.77,3382683.136,0.9978534923339012,,0.0
2023-07-04,28.927,26.857000000000003,29.577,26.767,1254180.59,3523696.194,0.9976597325408618,,0.0
2023-07-05,26.297,25.967,26.837,25.937,711133.93,1872915.98,0.9975797157126391,,0.0
2023-07-06,25.837,26.267,26.687,25.787000000000003,544776.7,1438210.542,0.9976072920622864,,0.0
2023-07-07,26.137,27.007,27.437,25.997,635296.96,1705222.842,0.997672700406354,,0.0
2023-07-10,27.457,26.837,27.587,26.277,467822.62,1258551.698,0.9976579925650558,,0.0
2023-07-11,26.747,26.897,27.137,26.647,364638.56,983243.644,0.9976632047477744,,0.0
2023-07-12,26.897,24.767,26.897,24.547,758155.66,1940528.381,0.9974627466774064,,0.0
2023-07-13,24.537000000000003,24.887,25.217,24.517,401692.7,1002095.087,0.9974749498997996,,0.0
2023-07-14,24.837,25.327,25.537000000000003,24.617,379580.49,960994.889,0.997518708152816,,0.0
2023-07-17,25.127,25.427,25.727,24.817,339613.28,862573.416,0.997528442526481,,0.0
2023-07-18,25.457,25.757,26.077,25.227,408395.17,1050056.659,0.9975600309837336,,0.0
2023-07-19,25.697000000000003,25.537000000000003,26.057,25.187,363829.86,937063.88,0.9975390625,,0.0
2023-07-20,25.537000000000003,24.617,25.537000000000003,24.517,361791.91,902893.254,0.9974473257698542,,0.0
2023-07-21,24.467,23.837,24.537000000000003,23.597,374008.65,899778.287,0.9973640167364016,,0.0
2023-07-24,23.837,24.267,24.807,23.687,311756.11,761272.236,0.9974106041923552,,0.0
2023-07-25,24.717,24.377,24.717,24.107000000000003,279253.22,680988.856,0.9974222585924714,,0.0
2023-07-26,24.267,23.747,24.577,23.627,281079.67,678531.371,0.9973540529189416,,0.0
2023-07-27,23.767,24.897,25.167,23.757,563290.28,1387958.261,0.9974759615384616,,0.0
2023-07-28,24.697000000000003,24.557,24.697000000000003,23.957,354449.46,864100.351,0.9974411047928514,,0.0
2023-07-31,24.557,24.877,25.027,24.287000000000003,350210.95,870077.236,0.9974739374498798,,0.0
2023-08-01,24.887,24.187,24.897,24.117,282977.27,689050.46,0.9974020618556702,,0.0
2023-08-02,24.037000000000003,23.227,24.107000000000003,23.127,369622.4,869277.436,0.9972949763847144,,0.0
2023-08-03,23.027,23.227,23.337,22.797,187089.22,432966.977,0.9972949763847144,,0.0
2023-08-04,23.217,23.067,23.357000000000003,22.727,292102.07,675342.206,0.9972762645914396,,0.0
2023-08-07,23.047,23.157,23.287000000000003,22.927,173003.36,401483.251,0.9972868217054264,,0.0
2023-08-08,23.157,22.747,23.157,22.377,257306.99,584114.037,0.9972380534853136,,0.0
2023-08-09,22.477,22.407,22.687,22.347,162615.78,366779.074,0.9971962616822432,,0.0
2023-08-10,22.567,22.467,22.867,22.377,156268.22,353599.508,0.9972037283621838,,0.0
2023-08-11,22.467,21.957,22.567,21.947000000000003,179444.75,399651.673,0.9971389645776568,,0.0
2023-08-14,21.787000000000003,22.387,22.427,21.687,212382.26,471920.514,0.9971937639198218,,0.0
2023-08-15,22.287000000000003,22.097,22.587,21.887,180467.67,402046.86,0.9971570397111914,,0.0
2023-08-16,21.967,21.587,22.087,21.587,167032.41,364212.032,0.9970900692840649,,0.0
2023-08-17,21.477,22.097,22.147,21.407,226242.9,497518.37,0.9971570397111914,,0.0
2023-08-18,21.987,21.467,22.247,21.467,189273.02,414583.248,0.9970738504412447,,0.0
2023-08-21,21.637,21.337,22.327,21.297,238538.68,520384.81,0.9970560747663552,,0.0
2023-08-22,21.537000000000003,22.037000000000003,22.067,21.487,321257.34,702580.42,0.9971493212669684,,0.0
2023-08-23,22.037000000000003,21.127,22.037000000000003,21.097,259725.41,557198.539,0.9970268994808872,,0.0
2023-08-24,21.237,20.967,21.587,20.827,182579.79,385943.956,0.9970042796005708,,0.0
2023-08-25,20.897,20.467,21.037000000000003,20.367,193281.0,399475.124,0.9969313200194836,,0.0
2023-08-28,21.487,20.437,21.647,20.187,247652.38,518264.417,0.9969268292682928,,0.0
2023-08-29,20.237,20.847,21.017,20.207,211322.28,439777.688,0.996987087517934,,0.0
2023-08-30,20.857000000000003,21.077,21.287000000000003,20.717,220502.56,464321.688,0.997019867549669,,0.0
2023-08-31,20.947000000000003,20.757,20.967,20.617,147849.33,307797.209,0.9969740634005764,,0.0
2023-09-01,20.757,20.897,20.987,20.607000000000003,139764.89,291809.609,0.9969942748091604,,0.0
2023-09-04,20.907,21.137,21.157,20.737,184320.96,388594.031,0.9970283018867924,,0.0
2023-09-05,21.097,20.827,21.297,20.747,172696.96,362618.054,0.9969842029679272,,0.0
2023-09-06,20.687,20.917,20.927,20.437,153301.8,318602.184,0.9969971401334604,,0.0
2023-09-07,20.877,20.237,20.897,20.187,182136.72,372936.545,0.996896551724138,,0.0
2023-09-08,19.967,20.317,20.487,19.967,147571.13,300048.778,0.9969087340529932,,0.0
2023-09-11,20.337,20.677,20.837,20.237,208232.37,429111.791,0.9969623915139828,,0.0
2023-09-12,20.637,20.697000000000003,20.877,20.537000000000003,132495.61,275290.414,0.9969653179190752,,0.0
2023-09-13,20.517,20.217,20.687,20.047,138492.2,282216.355,0.9968934911242604,,0.0
2023-09-14,20.207,20.047,20.417,19.957,118810.1,240365.22,0.9968672302337146,,0.0
2023-09-15,20.127,19.877,20.557,19.727,235267.96,472844.289,0.9968405215646942,,0.0
2023-09-18,19.647,19.937,20.027,19.537000000000003,147465.67,293871.231,0.99685,,0.0
2023-09-19,19.917,19.597,20.037000000000003,19.517,122761.41,242733.543,0.996795523906409,,0.0
2023-09-20,19.567,19.417,19.757,19.407,107778.79,211273.877,0.9967659137577004,,0.0
2023-09-21,19.407,19.277,19.757,19.247,144373.55,281880.845,0.9967425025853156,,0.0
2023-09-22,19.187,19.777,19.797,19.157,193122.58,379512.99,0.9968245967741935,,0.0
2023-09-25,19.787000000000003,19.617,20.127,19.517,173647.98,344036.085,0.9967987804878048,,0.0
2023-09-26,19.497,19.607000000000003,19.937,19.447000000000003,125901.0,248783.596,0.9967971530249112,,0.0
2023-09-27,19.587,19.317,19.787000000000003,19.307,160505.69,313272.765,0.996749226006192,,0.0
2023-09-28,19.387,19.567,19.667,19.387,132774.93,260238.496,0.9967906265919512,,0.0
2023-10-09,19.527,19.627,19.917,19.307,183187.37,361157.781,0.996800406297613,,0.0
2023-10-10,19.617,19.267,19.687,19.037000000000003,162314.02,314156.791,0.9967408173823074,,0.0
2023-10-11,19.267,19.097,19.377,19.017,144396.84,277792.354,0.9967118997912318,,0.0
2023-10-12,19.107000000000003,19.237,19.297,19.017,125736.61,241846.394,0.9967357512953368,,0.0
2023-10-13,19.137,18.727,19.157,18.647,188345.19,355246.666,0.9966471527408196,,0.0
2023-10-16,18.637,18.567,18.837,18.467,132242.83,247469.187,0.9966183574879228,,0.0
2023-10-17,18.597,18.617,18.717,18.347,105015.11,195483.374,0.996627408993576,,0.0
2023-10-18,18.537000000000003,18.177,18.577,18.177,108507.54,199278.961,0.996546052631579,,0.0
2023-10-19,18.177,17.967000000000002,18.357000000000003,17.957,110950.22,201912.046,0.996505823627288,,0.0
2023-10-20,17.907,17.737000000000002,18.107000000000003,17.697000000000003,119264.7,213540.223,0.9964606741573034,,0.0
2023-10-23,17.937,17.267,18.067,17.187,150016.82,263269.515,0.9963646855164456,,0.0
2023-10-24,17.497,17.587,17.647000000000002,17.337,154538.48,272047.605,0.99643059490085,,0.0
2023-10-25,17.597,17.567,17.837,17.487000000000002,132260.21,234082.923,0.9964265456608056,,0.0
2023-10-26,17.467000000000002,17.677,17.687,17.297,128621.03,226402.641,0.9964487034949268,,0.0
2023-10-27,17.597,17.797,17.927,17.387,141172.8,250517.021,0.9964725643896976,,0.0
2023-10-30,18.017,17.817,18.117,17.277,188870.48,335046.775,0.996476510067114,,0.0
2023-10-31,17.737000000000002,17.587,17.887,17.437,172743.73,304937.706,0.99643059490085,,0.0
2023-11-01,17.837,17.577,17.927,17.497,161231.82,286017.422,0.9964285714285714,,0.0
2023-11-02,17.437,17.297,17.657,17.297,125088.0,218858.78,0.9963709677419356,,0.0
2023-11-03,17.597,17.577,17.677,17.277,143764.47,253167.88,0.9964285714285714,,0.0
2023-11-06,17.587,17.967000000000002,17.967000000000002,17.547,167189.93,298857.294,0.996505823627288,,0.0
2023-11-07,17.997,18.107000000000003,18.137,17.767,150409.9,271153.174,0.9965327462850854,,0.0
2023-11-08,18.147,18.057,18.247,17.937,155309.95,281784.193,0.996523178807947,,0.0
2023-11-09,18.057,18.037000000000003,18.277,17.877000000000002,128476.19,232725.581,0.9965193370165748,,0.0
2023-11-10,18.037000000000003,18.017,18.097,17.757,103081.77,185566.856,0.9965154867256638,,0.0
2023-11-13,18.237,18.147,18.267,17.647000000000002,199398.46,359475.898,0.9965403624382208,,0.0
2023-11-14,18.097,18.227,18.447000000000003,18.047,175067.31,320140.652,0.9965554948059048,,0.0
2023-11-15,18.317,18.307,18.397,18.077,149473.69,273707.955,0.9965704953728908,,0.0
2023-11-16,18.237,18.007,18.407,18.007,158536.51,289493.757,0.996513558384062,,0.0
2023-11-17,18.297,17.937,18.367,17.667,257397.12,462152.158,0.9965,,0.0
2023-11-20,17.937,18.467,18.617,17.817,338778.76,620931.089,0.9966001079330816,,0.0
2023-11-21,18.367,18.147,18.427,18.117,200393.28,366632.206,0.9965403624382208,,0.0
2023-11-22,18.417,17.817,18.457,17.797,263982.38,478373.964,0.996476510067114,,0.0
2023-11-23,17.737000000000002,17.877000000000002,17.977,17.637,137538.85,245955.503,0.9964882943143814,,0.0
2023-11-24,17.787000000000003,17.547,17.827,17.507,131285.53,232027.792,0.9964224872231688,,0.0
2023-11-27,17.517,17.757,17.817,17.507,137097.76,243523.034,0.9964646464646464,,0.0
2023-11-28,17.757,17.987000000000002,18.057,17.637,236482.47,425619.62,0.9965096952908588,,0.0
2023-11-29,17.997,17.387,17.997,17.247,236959.36,415968.692,0.9963896848137536,,0.0
2023-11-30,17.387,18.327,18.407,17.247,486105.03,877260.44,0.9965742251223492,,0.0
2023-12-01,18.087,18.117,18.167,17.787000000000003,270336.66,488041.191,0.9965346534653466,,0.0
2023-12-04,18.087,18.447000000000003,18.567,18.067,393561.99,728143.707,0.9965964343598056,,0.0
2023-12-05,18.447000000000003,17.757,18.447000000000003,17.737000000000002,261844.16,474244.496,0.9964646464646464,,0.0
2023-12-06,17.537000000000003,17.737000000000002,18.087,17.537000000000003,172954.22,309622.31,0.9964606741573034,,0.0
2023-12-07,17.657,17.397000000000002,17.717000000000002,17.217000000000002,201737.38,351272.22,0.9963917525773196,,0.0
2023-12-08,17.377000000000002,17.037000000000003,17.587,17.007,202984.41,352211.576,0.9963157894736844,,0.0
2023-12-11,16.927,17.247,17.277,16.637,232540.02,396451.73,0.996360485268631,,0.0
2023-12-12,17.287000000000003,18.977,18.977,17.197000000000003,556362.19,1041933.196,0.9966911764705882,,0.0
2023-12-13,18.937,19.097,19.427,18.687,876798.86,1684642.198,0.9967118997912318,,0.0
2023-12-14,18.967,18.977,19.427,18.887,444368.4,852420.535,0.9966911764705882,,0.0
2023-12-15,18.947000000000003,18.977,19.237,18.567,389019.97,739384.114,0.9966911764705882,,0.0
2023-12-18,18.897,18.727,19.167,18.637,324131.89,614367.426,0.9966471527408196,,0.0
2023-12-19,18.637,19.787000000000003,20.117,18.537000000000003,673365.77,1320614.274,0.9968261964735518,,0.0
2023-12-20,19.617,19.167,20.047,19.137,469645.92,923406.176,0.9967238689547584,,0.0
2023-12-21,18.937,19.727,20.037000000000003,18.817,472832.62,933185.056,0.9968165740272864,,0.0
2023-12-22,19.587,19.687,20.167,19.397,465910.76,923560.611,0.9968101265822784,,0.0
2023-12-25,19.677,19.417,19.947000000000003,19.237,338301.48,663604.067,0.9967659137577004,,0.0
2023-12-26,19.127,17.967000000000002,19.217,17.887,452330.48,834401.935,0.996505823627288,,0.0
2023-12-27,17.937,17.787000000000003,17.987000000000002,17.237000000000002,286630.0,507468.5,0.9964705882352942,,0.0
2023-12-28,17.757,17.987000000000002,18.087,17.417,241697.66,433511.52,0.9965096952908588,,0.0
2023-12-29,17.977,18.477,18.717,17.857000000000003,287585.44,530841.68,0.9966019417475728,,0.0
2024-01-02,18.467,18.827,19.387,18.457,389352.18,740460.597,0.9966649020645844,,0.0
2024-01-03,18.637,18.747,18.897,18.437,223806.31,418794.854,0.9966507177033492,,0.0
2024-01-04,18.687,18.247,18.687,18.027,198580.25,364247.957,0.9965592572364828,,0.0
2024-01-05,18.137,17.637,18.227,17.427,203820.78,364216.881,0.9964406779661018,,0.0
2024-01-08,17.547,17.127000000000002,17.717000000000002,17.107000000000003,144781.1,252349.916,0.9963350785340316,,0.0
2024-01-09,17.127000000000002,16.947000000000003,17.257,16.737000000000002,161705.02,275619.711,0.9962962962962963,,0.0
2024-01-10,16.937,16.487000000000002,16.937,16.137,164902.03,273457.573,0.9961933534743204,,0.0
2024-01-11,16.357000000000003,17.327,17.327,16.347,171487.17,289113.531,0.996377228292122,,0.0
2024-01-12,17.007,17.117,17.357000000000003,16.957,175755.14,302316.643,0.9963329452852154,,0.0
2024-01-15,16.967000000000002,16.697000000000003,17.037000000000003,16.667,119000.94,200680.056,0.9962410501193318,,0.0
2024-01-16,16.677,16.607000000000003,16.757,16.297,115978.83,192211.912,0.9962207558488304,,0.0
2024-01-17,16.577,15.967,16.597,15.967,103495.41,169333.039,0.9960698689956332,,0.0
2024-01-18,15.767,15.837,15.927,15.267,166454.52,259622.313,0.9960377358490564,,0.0
2024-01-19,15.767,15.727,16.057000000000002,15.677,100027.28,159181.191,0.9960101329955668,,0.0
2024-01-22,15.757,14.637,15.777,14.517,160376.55,242888.841,0.9957142857142856,,0.0
2024-01-23,14.617,14.917,15.017,14.467,130831.52,194829.528,0.9957943925233644,,0.0
2024-01-24,15.187,15.837,15.927,15.107,295909.56,461031.857,0.9960377358490564,,0.0
2024-01-25,15.727,17.107000000000003,17.187,15.707,425586.78,710524.984,0.9963308095515434,,0.0
2024-01-26,17.117,16.807000000000002,17.167,16.757,284674.09,483060.446,0.9962655601659752,,0.0
2024-01-29,16.837,17.337,18.207,16.797,493070.01,868678.737,0.9963793103448276,,0.0
2024-01-30,17.257,16.877000000000002,17.617,16.787000000000003,289339.84,498947.636,0.9962809917355372,,0.0
2024-01-31,16.437,16.017,16.817,16.017,285573.04,469227.65,0.9960820895522388,,0.0
2024-02-01,15.937,15.657,16.237000000000002,15.447,205657.0,326139.061,0.9959923664122136,,0.0
2024-02-02,15.737,15.367,16.237000000000002,14.807,241292.75,377689.149,0.9959170447180816,,0.0
2024-02-05,15.287,14.227,15.327,13.937,256097.01,372803.289,0.995591322603219,,0.0
2024-02-06,14.027,14.927,15.277,13.417,245564.94,354321.391,0.995797198132088,,0.0
2024-02-07,14.937,15.457,15.767,14.927,243770.59,377997.079,0.9959407216494846,,0.0
2024-02-08,15.637,15.996999999999998,16.237000000000002,15.637,244221.4,393562.325,0.996077210460772,,0.0
2024-02-19,16.127000000000002,16.207,16.287000000000003,15.767,223586.75,361139.096,0.9961278426551936,,0.0
2024-02-20,16.087,16.037000000000003,16.097,15.687,149455.03,239430.673,0.9960869565217392,,0.0
2024-02-21,15.937,16.167,16.737000000000002,15.817,264878.49,434172.534,0.9961182994454714,,0.0
2024-02-22,16.037000000000003,16.337,16.487000000000002,15.977,186750.23,305078.024,0.996158536585366,,0.0
2024-02-23,16.327,16.867,16.897000000000002,16.297,283774.54,474454.232,0.9962787950383934,,0.0
2024-02-26,16.807000000000002,16.647000000000002,17.127000000000002,16.577,258759.16,437477.511,0.996229802513465,,0.0
2024-02-27,16.547,17.247,17.247,16.497,246932.66,418479.303,0.996360485268631,,0.0
2024-02-28,17.237000000000002,16.547,17.597,16.477,337080.26,581498.133,0.996207104154124,,0.0
2024-02-29,16.427,17.437,17.437,16.427,308798.3,528627.259,0.9964,,0.0
2024-03-01,17.487000000000002,17.597,17.857000000000003,17.317,348236.84,615274.022,0.9964326160815404,,0.0
2024-03-04,17.597,17.747,18.027,17.467000000000002,338059.13,603062.408,0.9964626614261652,,0.0
2024-03-05,17.497,17.477,17.767,17.387,220297.47,387608.596,0.9964082098061574,,0.0
2024-03-06,17.437,17.397000000000002,17.557000000000002,17.187,174484.57,303932.24,0.9963917525773196,,0.0
2024-03-07,17.397000000000002,16.897000000000002,17.717000000000002,16.887,199868.77,346405.567,0.9962853773584908,,0.0
2024-03-08,17.117,17.197000000000003,17.387,16.987000000000002,156079.24,268850.639,0.9963499420625724,,0.0
2024-03-11,17.197000000000003,17.337,17.337,16.967000000000002,147863.93,254371.531,0.9963793103448276,,0.0
2024-03-12,17.447000000000003,17.207,17.637,17.167,187762.66,326685.896,0.9963520555877244,,0.0
2024-03-13,17.197000000000003,17.297,17.477,16.957,169907.59,293844.334,0.9963709677419356,,0.0
2024-03-14,17.187,17.027,17.267,16.847,135684.42,232387.294,0.9963136337039205,,0.0
2024-03-15,17.037000000000003,17.117,17.117,16.827,127879.79,217952.975,0.9963329452852154,,0.0
2024-03-18,17.157,17.307000000000002,17.407,17.117,161204.3,279420.675,0.9963730569948188,,0.0
2024-03-19,17.307000000000002,17.007,17.307000000000002,17.007,149027.42,256030.345,0.9963093145869948,,0.0
2024-03-20,16.957,17.067,17.257,16.927,112018.56,191943.157,0.996322241681261,,0.0
2024-03-21,17.057000000000002,17.197000000000003,17.337,16.947000000000003,193594.29,333277.615,0.9963499420625724,,0.0
2024-03-22,17.217000000000002,16.787000000000003,17.227,16.647000000000002,183207.82,310005.672,0.9962611275964393,,0.0
2024-03-25,16.737000000000002,16.187,16.787000000000003,16.187,136027.31,225555.051,0.996123076923077,,0.0
2024-03-26,16.187,15.947,16.237000000000002,15.737,126545.5,202939.992,0.9960649594003748,,0.0
2024-03-27,15.937,15.307,15.937,15.307,123194.38,192831.124,0.9959011060507482,,0.0
2024-03-28,15.297,15.617,15.807,15.297,119600.44,187420.109,0.9959821428571428,,0.0
2024-03-29,15.717,16.337,16.537000000000003,15.627,244192.31,396453.513,0.996158536585366,,0.0
2024-04-01,16.157,16.337,16.337,16.067,154711.55,251926.652,0.996158536585366,,0.0
2024-04-02,16.527,16.207,16.527,16.117,102771.46,167404.266,0.9961278426551936,,0.0
2024-04-03,16.137,16.067,16.287000000000003,15.947,95047.94,153520.638,0.9960942343459394,,0.0
2024-04-08,16.037000000000003,15.897,16.287000000000003,15.807,113256.61,182473.597,0.9960526315789472,,0.0
2024-04-09,15.887,15.777,15.937,15.657,91228.07,144244.566,0.9960227272727272,,0.0
2024-04-10,15.737,15.417,15.737,15.267,94968.35,147543.895,0.9959302325581396,,0.0
2024-04-11,15.297,15.617,15.857,15.297,94348.87,148141.309,0.9959821428571428,,0.0
2024-04-12,15.657,15.197,15.677,15.137,86621.99,133891.81,0.9958715596330276,,0.0
2024-04-15,15.237,16.257,16.387,15.117,325399.51,522752.272,0.996139705882353,,0.0
2024-04-16,16.137,15.557,16.607000000000003,15.497,359893.05,585723.967,0.995966709346991,,0.0
2024-04-17,15.357,16.027,16.027,15.187,244736.91,388701.643,0.9960845245494095,,0.0
2024-04-18,15.857,15.757,16.047,15.637,171811.73,273163.38,0.9960176991150442,,0.0
2024-04-19,15.727,16.987000000000002,17.337,15.657,665703.78,1136486.173,0.9963049853372434,,0.0
2024-04-22,17.047,17.587,17.697000000000003,16.917,691637.6,1206010.718,0.99643059490085,,0.0
2024-04-23,17.137,16.667,17.137,16.597,391266.2,660703.836,0.9962343096234312,,0.0
2024-04-24,16.517,16.767,16.767,16.437,237031.41,396265.108,0.9962566844919788,,0.0
2024-04-25,16.577,16.667,16.877000000000002,16.437,197036.95,329268.022,0.9962343096234312,,0.0
2024-04-26,16.637,16.697000000000003,16.777,16.447000000000003,247961.76,413669.272,0.9962410501193318,,0.0
2024-04-29,16.527,16.837,16.927,16.207,301133.63,501886.391,0.9962721893491124,,0.0
2024-04-30,16.487000000000002,15.867,16.527,15.697,367252.17,591112.488,0.9960451977401128,,0.0
2024-05-06,15.867,16.167,16.287000000000003,15.867,189981.14,307996.523,0.9961182994454714,,0.0
2024-05-07,16.167,16.147000000000002,16.307000000000002,16.007,139655.15,226485.501,0.996113510178902,,0.0
2024-05-08,16.187,15.777,16.187,15.737,146209.0,232152.051,0.9960227272727272,,0.0
2024-05-09,15.727,16.117,16.127000000000002,15.637,164841.87,264634.17,0.99610630407911,,0.0
2024-05-10,16.117,15.897,16.227,15.847,126162.86,202187.646,0.9960526315789472,,0.0
2024-05-13,15.817,16.007,16.227,15.497,181092.0,290019.634,0.99607965152458,,0.0
2024-05-14,15.937,15.927,16.117,15.867,108600.75,174186.671,0.996060037523452,,0.0
2024-05-15,15.927,15.657,15.927,15.647,92111.0,145663.244,0.9959923664122136,,0.0
2024-05-16,15.687,15.537,15.767,15.497,95893.34,150353.637,0.9959615384615385,,0.0
2024-05-17,15.537,15.687,15.687,15.397,88988.85,139057.0,0.996,,0.0
2024-05-20,15.617,15.887,15.987,15.617,114353.82,182052.329,0.996050156739812,,0.0
2024-05-21,15.937,15.757,15.937,15.717,71144.0,112676.42,0.9960176991150442,,0.0
2024-05-22,15.807,15.747,15.837,15.667,64788.96,102298.957,0.9960151802656546,,0.0
2024-05-23,15.727,15.857,16.037000000000003,15.617,186719.51,297972.317,0.9960427135678392,,0.0
2024-05-24,15.737,15.327,15.757,15.317,142571.78,221483.625,0.995906432748538,,0.0
2024-05-27,15.377,15.477,15.477,15.137,83640.0,128487.557,0.995945945945946,,0.0
2024-05-28,15.437,15.217,15.437,15.197,68058.05,104423.688,0.9958769633507852,,0.0
2024-05-29,15.187,15.287,15.317,15.147,55665.04,85164.374,0.9958957654723126,,0.0
2024-05-30,15.247,15.417,15.547,15.157,105011.64,162232.422,0.9959302325581396,,0.0
2024-05-31,15.427,15.347,15.477,15.287,79672.91,122798.298,0.9959117456197274,,0.0
2024-06-03,15.297,14.957,15.347,14.947,130535.02,197895.8,0.9958055925432756,,0.0
2024-06-04,14.937,14.787,14.937,14.417,142049.14,208708.839,0.9957575757575756,,0.0
2024-06-05,14.617,14.667,14.937,14.617,88210.01,131331.937,0.9957230142566192,,0.0
2024-06-06,14.737,14.137,14.797,14.117,138370.45,199306.949,0.99556338028169,,0.0
2024-06-07,14.187,14.347,14.567,14.167,100040.42,144314.674,0.9956280360860512,,0.0
2024-06-11,14.347,14.167,14.347,14.097,76169.15,108485.599,0.995572733661279,,0.0
2024-06-12,14.167,14.337,14.347,14.117,72240.83,103522.527,0.995625,,0.0
2024-06-13,14.357,14.257,14.547,14.217,78773.02,113645.256,0.9956005586592178,,0.0
2024-06-14,14.147,14.027,14.177,13.887,92933.23,130859.99,0.9955287437899218,,0.0
2024-06-17,14.007,14.017,14.097,13.927,45760.4,64471.369,0.995525568181818,,0.0
2024-06-18,14.057,14.347,14.377,13.977,96788.89,138358.189,0.9956280360860512,,0.0
2024-06-19,14.387,14.197,14.417,14.147,56684.39,80992.414,0.9955820476858344,,0.0
2024-06-20,14.167,13.787,14.257,13.767,87555.76,122773.544,0.995451263537906,,0.0
2024-06-21,13.787,13.827,13.867,13.577,51335.65,70941.666,0.9954643628509718,,0.0
2024-06-24,13.747,13.287,13.817,13.247,79346.88,107641.909,0.9952808988764044,,0.0
2024-06-25,13.287,12.787,13.387,12.687,110674.3,144229.772,0.9950972762645914,,0.0
2024-06-26,12.837,13.317,13.317,12.577,107315.13,140125.375,0.9952914798206276,,0.0
2024-06-27,13.317,12.987,13.317,12.937,78785.28,103677.251,0.9951724137931034,,0.0
2024-06-28,12.937,13.457,13.817,12.907,154764.18,208820.057,0.9953402366863904,,0.0
2024-07-01,13.467,13.507,13.517,13.207,74401.01,100035.126,0.9953574060427413,,0.0
2024-07-02,13.457,13.417,13.577,13.357,56211.0,75947.482,0.995326409495549,,0.0
2024-07-03,13.327,13.167,13.347,13.137,75346.17,99988.073,0.9952380952380953,,0.0
2024-07-04,13.167,12.847,13.287,12.797,66790.0,87147.266,0.995120061967467,,0.0
2024-07-05,12.887,12.817,12.897,12.707,54365.8,69865.154,0.995108695652174,,0.0
2024-07-08,12.857,12.337,12.857,12.317,86891.41,108762.086,0.9949193548387096,,0.0
2024-07-09,12.337,12.547,12.587,12.107,95511.65,118721.181,0.9950039651070578,,0.0
2024-07-10,12.367,12.077,12.437,12.017,113166.54,138867.203,0.9948105436573312,,0.0
2024-07-11,12.257,12.647,12.717,12.247,136466.83,171954.101,0.9950432730133753,,0.0
2024-07-12,12.667,12.547,12.797,12.527,72675.61,92287.639,0.9950039651070578,,0.0
2024-07-15,12.547,12.347,12.617,12.317,63802.55,79776.204,0.9949234488315872,,0.0
2024-07-16,12.347,12.397,12.427,12.217,47453.51,58789.841,0.994943820224719,,0.0
2024-07-17,12.407,12.337,12.517,12.277,57338.62,71377.107,0.9949193548387096,,0.0
2024-07-18,12.237,12.547,12.587,12.097,80120.89,99824.015,0.9950039651070578,,0.0
2024-07-19,12.577,12.637,12.737,12.477,77167.75,97830.691,0.99503937007874,,0.0
2024-07-22,12.687,12.837,13.027,12.637,119620.6,154217.286,0.9951162790697674,,0.0
2024-07-23,12.767,12.477,12.787,12.457,72119.83,91517.041,0.9949760765550238,,0.0
2024-07-24,12.397,12.617,12.797,12.387,91209.71,115486.621,0.9950315457413248,,0.0
2024-07-25,12.577,12.417,12.577,12.257,76508.89,95202.729,0.994951923076923,,0.0
2024-07-26,12.317,12.787,12.787,12.317,107306.11,136713.062,0.9950972762645914,,0.0
2024-07-29,12.837,12.917,13.217,12.837,147068.11,192352.072,0.995146379044684,,0.0
2024-07-30,12.787,12.887,12.977,12.567,92820.69,119170.381,0.9951351351351352,,0.0
2024-07-31,12.897,13.227,13.257,12.807,141411.63,186257.204,0.9952595936794582,,0.0
2024-08-01,13.237,13.237,13.517,13.197,147646.53,198101.595,0.9952631578947368,,0.0
2024-08-02,13.087,13.107,13.467,13.047,118344.9,157644.141,0.9952164009111616,,0.0
2024-08-05,13.007,12.677,13.237,12.637,113998.0,148057.393,0.995054945054945,,0.0
2024-08-06,12.737,12.947,13.037,12.737,89919.15,116521.632,0.9951575710991544,,0.0
2024-08-07,12.957,12.987,13.077,12.847,76273.63,99528.468,0.9951724137931034,,0.0
2024-08-08,12.987,12.727,12.987,12.597,75316.69,96298.509,0.9950742767787334,,0.0
2024-08-09,12.747,12.527,12.847,12.527,55221.0,70146.471,0.9949960285941224,,0.0
2024-08-12,12.517,12.417,12.587,12.387,44305.33,55591.971,0.994951923076923,,0.0
2024-08-13,12.397,12.567,12.597,12.397,43830.78,55149.91,0.9950118764845606,,0.0
2024-08-14,12.537,12.307,12.597,12.307,45949.32,57314.98,0.9949070331447049,,0.0
2024-08-15,12.297,12.327,12.487,12.147,61831.79,76423.003,0.994915254237288,,0.0
2024-08-16,12.327,12.067,12.407,12.067,70752.67,86597.638,0.9948062654575432,,0.0
2024-08-19,12.057,12.087,12.177,12.007,43910.14,53328.115,0.9948148148148148,,0.0
2024-08-20,12.097,11.657,12.117,11.647,75018.82,88641.191,0.9946245733788396,,0.0
2024-08-21,11.657,11.497,11.667,11.497,46184.15,53655.732,0.9945501730103806,,0.0
2024-08-22,11.55,11.33,11.64,11.33,47611.0,54835.613,0.9973591549295776,,0.0
2024-08-23,11.28,11.22,11.39,11.15,56959.5,64231.761,0.9973333333333334,,0.0
2024-08-26,11.22,11.4,11.46,11.2,48906.51,55795.766,0.9973753280839897,,0.0
2024-08-27,11.38,11.05,11.39,11.02,55539.52,61889.156,0.9972924187725632,,0.0
2024-08-28,11.06,11.09,11.2,11.03,38765.56,43215.228,0.9973021582733812,,0.0
2024-08-29,11.09,11.22,11.26,10.94,47509.55,53098.207,0.9973333333333334,,0.0
2024-08-30,11.19,11.27,11.52,11.17,157176.08,178964.606,0.9973451327433628,,0.0
2024-09-02,11.31,10.78,11.32,10.78,133673.98,146288.813,0.9972247918593896,,0.0
2024-09-03,11.74,11.86,11.86,11.47,302178.77,355212.352,0.9974768713204374,,0.0
2024-09-04,12.2,13.05,13.05,12.19,742677.93,948378.629,0.9977064220183488,,0.0
2024-09-05,12.85,12.51,13.25,12.19,554834.9,698499.124,0.9976076555023924,,0.0
2024-09-06,12.52,12.61,13.07,12.28,489779.4,620779.124,0.9976265822784812,,0.0
2024-09-09,12.15,12.34,12.41,11.98,301227.8,369293.829,0.9975747776879548,,0.0
2024-09-10,12.57,12.55,12.82,12.22,327985.4,412051.53,0.9976152623211448,,0.0
2024-09-11,12.32,12.42,12.5,12.25,194351.2,240759.033,0.9975903614457832,,0.0
2024-09-12,12.42,12.65,12.95,12.39,411054.5,521590.021,0.9976340694006308,,0.0
2024-09-13,12.63,13.29,13.72,12.42,649558.12,852480.835,0.9977477477477478,,0.0
2024-09-18,12.82,12.96,13.21,11.96,448034.25,567879.708,0.9976905311778292,,0.0
2024-09-19,12.97,12.28,13.02,11.68,528229.11,647279.792,0.9975629569455728,,0.0
2024-09-20,12.02,11.56,12.1,11.48,397374.71,466092.132,0.9974115616911132,,0.0
2024-09-23,11.35,11.51,11.65,11.27,205769.19,236752.732,0.9974003466204506,,0.0
2024-09-24,11.5,11.82,11.82,11.3,346164.22,402770.352,0.9974683544303798,,0.0
2024-09-25,11.82,12.23,12.49,11.82,418115.62,511715.757,0.9975530179445352,,0.0
2024-09-26,12.16,12.48,12.49,11.95,343644.34,420424.913,0.9976019184652278,,0.0
2024-09-27,12.64,13.39,13.4,12.57,292346.08,376972.816,0.997764530551416,,0.0
2024-09-30,13.97,14.47,14.62,13.25,1084204.04,1524010.809,0.9979310344827588,,0.0
2024-10-08,15.88,15.15,15.92,14.18,1193069.41,1810381.87,0.9980237154150198,,0.0
2024-10-09,14.76,13.63,14.76,13.63,770736.48,1077559.802,0.9978038067349928,,0.0
2024-10-10,13.5,14.59,14.8,13.18,939334.29,1333278.67,0.9979480164158688,,0.0
2024-10-11,14.58,13.65,14.58,13.5,499537.92,695839.723,0.9978070175438596,,0.0
2024-10-14,13.8,13.93,14.15,13.58,391702.98,545332.489,0.9978510028653296,,0.0
2024-10-15,13.75,13.76,14.18,13.55,403460.66,560627.702,0.997824510514866,,0.0
2024-10-16,13.49,13.4,13.66,13.27,348023.65,469380.049,0.9977661950856292,,0.0
2024-10-17,13.38,13.14,13.54,13.13,294334.93,392957.608,0.9977220956719818,,0.0
2024-10-18,13.09,13.42,13.66,12.9,396487.24,528857.155,0.9977695167286246,,0.0
2024-10-21,13.61,13.62,13.79,13.48,434827.57,594033.169,0.9978021978021978,,0.0
2024-10-22,13.63,13.66,13.77,13.4,316638.39,431369.158,0.9978086194302412,,0.0
2024-10-23,13.67,13.94,14.15,13.67,611850.33,855456.208,0.9978525411596278,,0.0
2024-10-24,13.82,13.47,13.82,13.42,337852.86,458778.808,0.997777777777778,,0.0
2024-10-25,13.42,13.78,13.87,13.42,356142.68,490793.165,0.997827661115134,,0.0
2024-10-28,13.86,14.01,14.13,13.78,399330.28,560406.079,0.997863247863248,,0.0
2024-10-29,13.97,13.71,14.3,13.7,367914.46,512716.44,0.9978165938864628,,0.0
2024-10-30,13.62,13.6,13.81,13.45,246629.71,336249.185,0.9977989728539984,,0.0
2024-10-31,13.51,13.6,13.62,13.18,378436.29,510345.328,0.9977989728539984,,0.0
2024-11-01,13.55,13.78,14.11,13.18,604783.37,830794.548,0.997827661115134,,0.0
2024-11-04,13.69,14.09,14.22,13.6,504874.63,709733.012,0.9978753541076488,,0.0
2024-11-05,14.09,14.46,14.49,14.03,567394.08,815345.038,0.9979296066252588,,0.0
2024-11-06,14.52,14.37,14.57,14.19,558277.68,805805.055,0.9979166666666668,,0.0
2024-11-07,14.21,14.45,14.45,14.11,450533.71,645817.346,0.99792817679558,,0.0
2024-11-08,14.51,14.49,14.74,14.35,507827.03,739160.004,0.9979338842975208,,0.0
2024-11-11,14.76,14.71,15.03,14.45,541643.27,798509.091,0.9979647218453188,,0.0
2024-11-12,14.76,14.35,14.83,14.25,457038.43,666588.265,0.997913769123783,,0.0
2024-11-13,14.34,14.71,14.92,14.28,536974.66,788616.556,0.9979647218453188,,0.0
2024-11-14,14.72,14.19,14.85,14.17,344198.02,498921.803,0.9978902953586498,,0.0
2024-11-15,14.07,13.68,14.33,13.67,340173.78,476791.084,0.9978118161925602,,0.0
2024-11-18,13.68,13.55,14.0,13.45,282097.67,387370.343,0.9977908689248896,,0.0
2024-11-19,13.67,13.68,13.69,13.31,217537.43,294221.411,0.9978118161925602,,0.0
2024-11-20,13.68,13.77,13.82,13.58,205754.42,282888.674,0.9978260869565218,,0.0
2024-11-21,13.77,13.66,13.85,13.51,178131.8,244243.209,0.9978086194302412,,0.0
2024-11-22,13.62,13.16,13.69,13.15,225792.84,304767.51,0.9977255496588324,,0.0
2024-11-25,13.16,13.04,13.25,12.85,194909.97,253979.23,0.9977046671767408,,0.0
2024-11-26,13.05,13.07,13.17,12.99,137414.75,179898.396,0.997709923664122,,0.0
2024-11-27,13.01,13.25,13.25,12.84,172604.5,225885.712,0.9977409638554218,,0.0
2024-11-28,13.3,13.22,13.41,13.19,153438.8,204408.801,0.9977358490566038,,0.0
2024-11-29,13.17,13.33,13.4,13.07,155382.78,206668.305,0.997754491017964,,0.0
2024-12-02,13.35,13.75,14.08,13.27,335877.89,460578.148,0.997822931785196,,0.0
2024-12-03,13.67,13.68,13.83,13.57,192641.7,264532.357,0.9978118161925602,,0.0
2024-12-04,13.69,13.46,13.71,13.4,146590.0,199203.039,0.9977761304670126,,0.0
2024-12-05,13.46,13.47,13.54,13.39,112518.2,151772.77,0.997777777777778,,0.0
2024-12-06,13.52,13.54,13.57,13.32,165796.69,223909.881,0.997789240972734,,0.0
2024-12-09,13.52,13.42,13.56,13.35,143083.21,192991.643,0.9977695167286246,,0.0
2024-12-10,13.65,13.47,13.72,13.44,203495.8,276812.091,0.997777777777778,,0.0
2024-12-11,13.44,13.63,13.68,13.39,165866.73,225866.595,0.9978038067349928,,0.0
2024-12-12,13.63,13.69,13.72,13.56,181497.36,248545.657,0.9978134110787172,,0.0
2024-12-13,13.63,13.51,13.63,13.41,234863.41,317817.444,0.9977843426883308,,0.0
2024-12-16,13.46,13.2,13.48,13.17,162528.37,216029.856,0.997732426303855,,0.0
2024-12-17,13.22,13.62,13.97,13.22,434166.4,595480.577,0.9978021978021978,,0.0
2024-12-18,13.79,14.13,14.26,13.7,594278.3,835529.567,0.9978813559322034,,0.0
2024-12-19,13.85,13.86,14.03,13.73,319391.46,442726.167,0.9978401727861772,,0.0
2024-12-20,13.88,13.74,13.95,13.68,218088.3,301075.789,0.9978213507625272,,0.0
2024-12-23,13.68,15.12,15.12,13.42,1226667.54,1813574.138,0.998019801980198,,0.0
2024-12-24,15.12,14.85,15.42,14.7,1356570.55,2040784.324,0.997983870967742,,0.0
2024-12-25,14.77,14.42,14.96,14.27,728934.34,1062099.906,0.997923875432526,,0.0
2024-12-26,14.3,14.49,14.72,14.23,654129.01,947570.447,0.9979338842975208,,0.0
2024-12-27,14.38,14.91,15.11,14.38,864426.72,1284392.173,0.997991967871486,,0.0
2024-12-30,14.87,14.77,14.87,14.4,556584.26,816103.769,0.997972972972973,,0.0
2024-12-31,14.77,14.02,14.87,13.99,464109.01,669778.622,0.997864768683274,,0.0
2025-01-02,13.99,13.26,14.25,13.03,491913.29,672578.607,0.9977426636568848,,0.0
2025-01-03,13.33,12.84,13.46,12.84,351435.96,459198.902,0.9976689976689976,,0.0
2025-01-06,12.82,12.55,12.92,12.48,246591.07,313246.493,0.9976152623211448,,0.0
2025-01-07,12.58,12.69,12.69,12.49,190083.8,239901.294,0.9976415094339623,,0.0
2025-01-08,12.73,12.3,12.82,11.9,381115.59,471198.0,0.9975669099756692,,0.0
2025-01-09,12.15,12.23,12.46,12.07,238635.29,292654.264,0.9975530179445352,,0.0
2025-01-10,12.15,11.73,12.22,11.72,241416.63,289819.865,0.9974489795918368,,0.0
2025-01-13,11.57,11.81,11.85,11.52,151361.61,177789.799,0.9974662162162162,,0.0
2025-01-14,11.8,12.3,12.33,11.8,237986.0,288804.679,0.9975669099756692,,0.0
2025-01-15,12.27,12.08,12.32,12.03,169725.03,206428.352,0.9975227085053676,,0.0
2025-01-16,12.08,12.19,12.3,12.0,200720.13,244730.961,0.9975450081833062,,0.0
2025-01-17,12.08,12.21,12.36,12.08,167195.01,205111.161,0.9975490196078431,,0.0
2025-01-20,12.25,12.17,12.34,12.14,148462.89,181802.684,0.9975409836065574,,0.0
2025-01-21,12.23,12.01,12.23,11.94,142924.09,172443.752,0.9975083056478404,,0.0
2025-01-22,11.97,12.03,12.03,11.88,108894.25,130632.828,0.9975124378109452,,0.0
2025-01-23,12.12,11.9,12.23,11.9,165408.0,200305.556,0.997485331098072,,0.0
2025-01-24,11.92,12.04,12.06,11.85,124706.09,149995.609,0.9975144987572494,,0.0
2025-01-27,12.05,11.9,12.15,11.9,120771.0,145295.366,0.997485331098072,,0.0
2025-02-05,11.93,12.1,12.2,11.86,149135.78,180148.824,0.9975267930750208,,0.0
2025-02-06,12.05,12.29,12.29,12.02,170728.76,208877.378,0.9975649350649352,,0.0
2025-02-07,12.29,12.38,12.48,12.24,232834.99,288749.348,0.9975825946817084,,0.0
2025-02-10,12.39,12.5,12.51,12.35,185106.47,230998.774,0.9976057462090984,,0.0
2025-02-11,12.5,12.36,12.51,12.27,148725.0,183828.191,0.9975786924939468,,0.0
2025-02-12,12.33,12.45,12.45,12.28,156287.7,194263.874,0.997596153846154,,0.0
2025-02-13,12.45,12.43,12.55,12.4,187399.59,234133.164,0.9975922953451044,,0.0
2025-02-14,12.37,12.37,12.58,12.31,174837.33,217713.061,0.9975806451612904,,0.0
2025-02-17,12.37,12.41,12.49,12.29,196394.12,243769.916,0.9975884244372992,,0.0
2025-02-18,12.41,12.13,12.44,12.06,179289.0,220156.294,0.997532894736842,,0.0
2025-02-19,12.14,12.3,12.31,12.1,148966.92,182659.488,0.9975669099756692,,0.0
2025-02-20,12.3,12.17,12.3,12.13,169949.2,207327.05,0.9975409836065574,,0.0
2025-02-21,12.16,12.17,12.21,12.01,176228.01,214218.9,0.9975409836065574,,0.0
2025-02-24,12.14,12.22,12.35,12.05,187930.32,230545.052,0.9975510204081632,,0.0
2025-02-25,12.2,12.05,12.21,12.0,160255.94,194439.524,0.9975165562913908,,0.0
2025-02-26,12.08,12.23,12.23,12.05,158011.73,192173.492,0.9975530179445352,,0.0
2025-02-27,12.23,12.38,12.42,12.19,302881.69,374345.485,0.9975825946817084,,0.0
2025-02-28,12.37,12.27,12.5,12.23,277129.15,344143.849,0.997560975609756,,0.0
2025-03-03,12.23,12.24,12.42,12.17,175943.27,217087.987,0.9975550122249388,,0.0
2025-03-04,12.19,12.52,12.83,12.12,330727.13,412609.407,0.997609561752988,,0.0
2025-03-05,12.39,12.67,12.71,12.38,300292.39,377956.511,0.9976377952755906,,0.0
2025-03-06,12.67,12.7,12.83,12.59,265037.25,337465.682,0.997643362136685,,0.0
2025-03-07,12.67,12.84,13.1,12.56,339066.84,436786.111,0.9976689976689976,,0.0
2025-03-10,12.84,13.17,13.3,12.82,359843.23,473294.215,0.9977272727272728,,0.0
2025-03-11,12.98,13.3,13.31,12.93,320512.92,423616.689,0.99774943735934,,0.0
2025-03-12,13.3,13.05,13.35,13.05,272738.94,359201.534,0.9977064220183488,,0.0
2025-03-13,13.06,13.37,13.47,12.83,386771.4,506250.319,0.9977611940298508,,0.0
2025-03-14,13.54,13.42,13.64,13.17,452576.93,608129.291,0.9977695167286246,,0.0
2025-03-17,13.64,13.36,14.12,13.35,584186.36,804399.77,0.9977595220313668,,0.0
2025-03-18,13.25,13.27,13.59,13.21,310339.28,414361.819,0.9977443609022556,,0.0
2025-03-19,13.23,13.09,13.28,13.02,209695.7,276018.99,0.9977134146341464,,0.0
2025-03-20,13.08,13.53,13.7,12.99,490370.23,661399.249,0.9977876106194692,,0.0
2025-03-21,13.67,14.09,14.44,13.58,993697.55,1405969.063,0.9978753541076488,,0.0
2025-03-24,14.33,14.26,14.39,13.72,721932.85,1018617.742,0.9979006298110568,,0.0
2025-03-25,14.01,13.68,14.21,13.67,429384.02,597257.928,0.9978118161925602,,0.0
2025-03-26,13.56,13.42,13.76,13.41,317521.06,430705.497,0.9977695167286246,,0.0
2025-03-27,13.47,13.09,13.47,12.87,343910.2,450958.266,0.9977134146341464,,0.0
2025-03-28,13.05,12.73,13.21,12.72,243851.62,314440.56,0.9976489028213168,,0.0
2025-03-31,12.68,12.48,12.72,12.43,179167.21,225459.888,0.9976019184652278,,0.0
2025-04-01,12.61,12.63,12.76,12.54,168473.88,213354.925,0.9976303317535544,,0.0
2025-04-02,12.52,12.55,12.64,12.44,113686.31,142941.244,0.9976152623211448,,0.0
2025-04-03,12.45,12.42,12.62,12.32,132506.64,165471.154,0.9975903614457832,,0.0
2025-04-07,11.85,11.18,12.0,11.18,307755.89,353531.638,0.9973238180196254,,0.0
2025-04-08,11.18,11.52,11.54,11.12,304617.17,346890.103,0.9974025974025976,,0.0
2025-04-09,11.52,12.33,12.39,11.39,445229.62,539738.306,0.9975728155339806,,0.0
2025-04-10,12.29,12.22,12.46,12.04,335735.26,413935.235,0.9975510204081632,,0.0
2025-04-11,12.07,12.09,12.17,12.02,200771.59,243466.294,0.9975247524752476,,0.0
2025-04-14,12.14,12.12,12.22,12.09,163204.02,198746.44,0.9975308641975308,,0.0
2025-04-15,12.13,11.94,12.15,11.9,120620.0,144590.288,0.9974937343358397,,0.0
2025-04-16,11.92,11.86,12.05,11.7,103998.0,123651.107,0.9974768713204374,,0.0
2025-04-17,11.77,11.87,12.05,11.77,99280.0,118644.727,0.9974789915966388,,0.0
2025-04-18,11.87,11.96,12.02,11.78,104239.02,124442.201,0.9974979149291076,,0.0
2025-04-21,11.94,12.02,12.07,11.89,86913.0,104700.78,0.9975103734439834,,0.0
2025-04-22,12.0,11.97,12.02,11.92,79840.41,95811.674,0.9975,,0.0
2025-04-23,11.99,11.98,12.07,11.95,95032.92,114341.619,0.9975020815986678,,0.0
2025-04-24,11.98,11.81,11.99,11.79,91122.01,108490.027,0.9974662162162162,,0.0
2025-04-25,11.8,11.85,11.97,11.77,96266.01,114604.387,0.9974747474747476,,0.0
2025-04-28,11.86,11.69,11.95,11.69,80168.0,94533.925,0.9974402730375428,,0.0
2025-04-29,11.69,11.87,11.94,11.63,108071.92,128115.506,0.9974789915966388,,0.0
2025-04-30,11.57,11.65,11.71,11.53,165245.12,192463.088,0.9974315068493153,,0.0
2025-05-06,11.69,11.89,11.89,11.69,117179.2,138988.09,0.99748322147651,,0.0
2025-05-07,12.0,12.16,12.21,11.94,215304.92,260992.584,0.9975389663658736,,0.0
2025-05-08,12.12,12.24,12.27,12.02,165079.2,201521.757,0.9975550122249388,,0.0
2025-05-09,12.33,12.11,12.36,12.09,129801.0,158512.383,0.9975288303130148,,0.0
2025-05-12,12.12,12.64,12.98,12.1,443753.05,562150.217,0.9976322020520916,,0.0
2025-05-13,12.64,12.38,12.64,12.32,227875.8,284182.06,0.9975825946817084,,0.0
2025-05-14,12.37,12.32,12.39,12.2,133140.05,164025.625,0.9975708502024292,,0.0
2025-05-15,12.28,12.16,12.36,12.13,98862.0,120957.207,0.9975389663658736,,0.0
2025-05-16,12.15,12.11,12.32,12.11,89356.0,109112.1,0.9975288303130148,,0.0
2025-05-19,12.14,12.21,12.23,12.11,90209.01,110152.387,0.9975490196078431,,0.0
2025-05-20,12.21,12.21,12.24,12.12,88565.27,108101.107,0.9975490196078431,,0.0
2025-05-21,12.22,12.17,12.26,12.14,81298.28,99234.456,0.9975409836065574,,0.0
2025-05-22,12.17,12.04,12.2,12.02,84275.0,102223.338,0.9975144987572494,,0.0
2025-05-23,12.06,11.93,12.18,11.93,95802.13,115805.984,0.9974916387959868,,0.0
2025-05-26,11.9,12.01,12.04,11.9,67557.05,81180.654,0.9975083056478404,,0.0
2025-05-27,11.97,11.99,12.01,11.89,59945.65,71771.065,0.997504159733777,,0.0
2025-05-28,11.99,12.04,12.09,11.96,73772.61,89006.611,0.9975144987572494,,0.0
2025-05-29,12.03,12.17,12.18,12.0,102318.38,124443.072,0.9975409836065574,,0.0
2025-05-30,12.13,12.2,12.23,12.08,104166.0,127098.95,0.9975470155355683,,0.0
2025-06-03,12.2,12.14,12.24,12.0,89122.28,108437.174,0.9975349219391948,,0.0
2025-06-04,12.13,12.16,12.17,12.09,77959.26,94809.174,0.9975389663658736,,0.0
2025-06-05,12.16,12.12,12.16,12.05,77101.3,93581.018,0.9975308641975308,,0.0
2025-06-06,12.16,12.14,12.19,12.11,63912.91,77797.95,0.9975349219391948,,0.0
2025-06-09,12.14,12.19,12.24,12.13,86974.35,106329.788,0.9975450081833062,,0.0
2025-06-10,12.22,12.03,12.23,11.94,107979.0,130662.507,0.9975124378109452,,0.0
2025-06-11,12.04,12.14,12.15,12.02,76715.83,93208.119,0.9975349219391948,,0.0
2025-06-12,12.12,12.16,12.2,12.03,81679.34,99101.585,0.9975389663658736,,0.0
2025-06-13,12.16,12.24,12.29,12.12,181723.21,222622.67,0.9975550122249388,,0.0
2025-06-16,12.28,12.45,12.52,12.18,199160.68,246834.417,0.997596153846154,,0.0
2025-06-17,12.45,12.42,12.45,12.29,119499.57,148167.34,0.9975903614457832,,0.0
2025-06-18,12.41,12.31,12.45,12.27,107283.0,132828.549,0.9975688816855754,,0.0
2025-06-19,12.32,12.15,12.32,12.04,124540.96,151582.829,0.997536945812808,,0.0
2025-06-20,12.13,12.29,12.4,12.1,153826.32,189157.395,0.9975649350649352,,0.0
2025-06-23,12.27,12.3,12.34,12.1,116518.32,143133.465,0.9975669099756692,,0.0
2025-06-24,12.27,12.32,12.32,12.17,129278.99,158864.805,0.9975708502024292,,0.0
2025-06-25,12.31,12.57,12.72,12.27,343501.53,432114.371,0.9976190476190476,,0.0
2025-06-26,12.58,12.84,13.25,12.53,593868.6,770319.033,0.9976689976689976,,0.0
2025-06-27,12.76,12.67,13.03,12.65,290384.18,372004.575,0.9976377952755906,,0.0
2025-06-30,12.77,12.93,13.01,12.69,293425.6,379684.288,0.9976851851851852,,0.0
2025-07-01,12.95,13.19,13.35,12.85,551403.89,727046.891,0.997730711043873,,0.0
2025-07-02,13.57,12.98,13.68,12.95,635782.15,847711.2,0.997694081475788,,0.0
2025-07-03,12.93,12.99,13.29,12.85,338073.64,442695.522,0.9976958525345624,,0.0
2025-07-04,12.98,12.75,12.98,12.69,257482.26,329917.603,0.9976525821596244,,0.0
2025-07-07,12.69,13.17,13.22,12.65,422175.87,551153.734,0.9977272727272728,,0.0
2025-07-08,13.08,13.1,13.15,12.93,256361.99,334827.39,0.9977151561309978,,0.0
2025-07-09,13.11,12.88,13.11,12.85,211569.46,275214.562,0.9976762199845082,,0.0
2025-07-10,12.88,12.92,13.02,12.82,140626.77,182211.511,0.9976833976833978,,0.0
2025-07-11,12.92,13.17,13.29,12.91,408411.55,540132.132,0.9977272727272728,,0.0
2025-07-14,13.08,12.98,13.15,12.92,203339.0,265471.997,0.997694081475788,,0.0
2025-07-15,12.75,12.53,12.76,12.4,388121.5,487466.371,0.9976114649681528,,0.0
2025-07-16,12.47,12.47,12.58,12.43,139773.02,175084.315,0.9976,,0.0
2025-07-17,12.44,12.55,12.55,12.42,156518.23,195863.411,0.9976152623211448,,0.0
2025-07-18,12.55,12.62,12.65,12.52,142679.01,180080.523,0.9976284584980236,,0.0
2025-07-21,12.65,12.75,12.8,12.6,178601.35,227517.495,0.9976525821596244,,0.0
2025-07-22,12.75,12.91,13.05,12.73,282575.4,365392.057,0.9976816074188564,,0.0
2025-07-23,12.94,12.64,12.95,12.6,217753.96,277115.594,1.0,,0.0
2025-07-24,12.6,12.94,12.95,12.58,231807.88,297154.316,1.0,,0.0
2025-07-25,12.94,12.84,13.0,12.75,163789.77,210257.062,1.0,,0.0
2025-07-28,12.83,12.79,12.92,12.75,136473.99,174955.086,1.0,,0.0
2025-07-29,12.79,12.94,13.11,12.73,227672.94,293678.748,1.0,,0.0
2025-07-30,12.93,12.89,13.13,12.81,277702.0,360084.853,1.0,,0.0
2025-07-31,12.8,12.61,12.87,12.55,235010.37,298386.836,1.0,,0.0
2025-08-01,12.56,12.51,12.7,12.45,172893.08,216615.678,1.0,,0.0
2025-08-04,12.44,12.71,13.04,12.41,211307.11,268943.558,1.0,,0.0
2025-08-05,12.79,12.99,13.14,12.71,297348.84,384155.689,1.0,,0.0
2025-08-06,12.95,13.24,13.35,12.9,643147.35,850459.074,1.0,,0.0
2025-08-07,13.44,13.06,13.47,13.0,402466.42,527562.087,1.0,,0.0
2025-08-08,13.03,13.45,14.2,13.02,798726.52,1087423.926,1.0,,0.0
2025-08-11,13.35,13.28,13.42,13.22,404055.11,537898.704,1.0,,0.0
2025-08-12,13.29,13.15,13.35,13.07,297307.63,391377.815,1.0,,0.0
2025-08-13,13.1,13.19,13.42,13.1,299126.56,396793.853,1.0,,0.0
2025-08-14,13.27,12.96,13.27,12.93,265615.0,347089.681,1.0,,0.0
2025-08-15,12.96,13.06,13.07,12.94,180905.76,235682.347,1.0,,0.0
2025-08-18,13.17,13.37,13.5,13.17,430101.15,574694.074,1.0,,0.0
2025-08-19,13.57,13.25,13.6,13.21,324291.2,431880.115,1.0,,0.0
2025-08-20,13.25,13.23,13.26,13.05,220089.8,289243.112,1.0,,0.0
2025-08-21,13.25,13.12,13.25,13.06,205551.95,270529.307,1.0,,0.0
2025-08-22,13.13,13.19,13.21,13.06,204276.56,268312.108,1.0,,0.0
2025-08-25,13.24,13.26,13.35,13.18,339266.96,449839.643,1.0,,0.0
2025-08-26,13.23,13.15,13.23,13.01,248748.83,326836.936,1.0,,0.0
2025-08-27,13.16,12.78,13.18,12.76,331000.14,430900.356,1.0,,0.0
2025-08-28,12.75,12.79,12.87,12.5,264461.63,335882.783,1.0,,0.0
2025-08-29,12.79,12.68,12.85,12.63,179302.17,228098.488,1.0,,0.0
2025-09-01,12.7,12.83,12.83,12.61,160916.64,204324.268,1.0,,0.0
2025-09-02,12.8,12.65,12.8,12.51,168308.8,212583.104,1.0,,0.0
2025-09-03,12.66,12.23,12.7,12.22,191190.29,238000.498,1.0,,0.0
2025-09-04,12.21,12.32,12.43,12.2,148161.16,182311.268,1.0,,0.0
2025-09-05,12.35,12.57,12.63,12.28,154990.0,193579.408,1.0,,0.0
2025-09-08,12.58,12.48,12.61,12.4,146268.23,182375.211,1.0,,0.0
2025-09-09,12.5,12.34,12.5,12.27,112710.41,139361.391,1.0,,0.0
2025-09-10,12.36,12.44,12.44,12.27,95450.57,117967.471,1.0,,0.0
2025-09-11,12.4,12.51,12.51,12.32,139489.24,173526.373,1.0,,0.0
2025-09-12,12.5,12.4,12.58,12.39,133734.97,167180.173,1.0,,0.0
2025-09-15,12.41,12.41,12.45,12.33,90764.6,112483.345,1.0,,0.0
2025-09-16,12.46,12.37,12.47,12.28,96738.71,119455.73,1.0,,0.0
2025-09-17,12.69,12.67,13.0,12.59,336478.45,428785.125,1.0,,0.0
2025-09-18,12.58,12.43,12.73,12.37,198627.74,249237.922,1.0,,0.0
2025-09-19,12.41,12.31,12.48,12.28,133068.16,164360.311,1.0,,0.0
2025-09-22,12.34,12.23,12.34,12.15,98561.27,120306.681,1.0,,0.0
2025-09-23,12.33,12.07,12.33,11.97,126336.72,152417.052,1.0,,0.0
2025-09-24,12.03,12.2,12.21,11.95,96039.5,116366.364,1.0,,0.0
2025-09-25,12.21,12.06,12.22,12.06,88320.4,107066.194,1.0,,0.0
2025-09-26,12.05,12.22,12.36,12.0,146375.57,179174.299,1.0,,0.0
2025-09-29,12.26,12.23,12.29,12.08,97246.97,118577.386,1.0,,0.0
2025-09-30,12.18,12.22,12.27,12.15,88940.46,108621.972,1.0,,0.0
2025-10-09,12.17,12.3,12.32,12.16,115437.97,141469.044,1.0,,0.0
2025-10-10,12.3,12.34,12.36,12.26,106510.26,131120.364,1.0,,0.0
2025-10-13,11.9,12.16,12.2,11.89,120454.04,145834.846,1.0,,0.0
2025-10-14,12.16,12.2,12.5,12.16,161492.63,198438.35,1.0,,0.0
2025-10-15,12.21,12.22,12.24,12.1,94976.72,115681.406,1.0,,0.0
2025-10-16,12.18,12.1,12.21,12.06,95507.0,115810.128,1.0,,0.0
2025-10-17,12.03,11.93,12.15,11.91,109402.48,131224.096,1.0,,0.0
2025-10-20,12.04,11.96,12.07,11.92,78517.34,94109.143,1.0,,0.0
2025-10-21,11.96,12.1,12.13,11.96,85592.67,103537.824,1.0,,0.0
2025-10-22,12.06,12.12,12.18,12.05,72771.6,88240.225,1.0,,0.0
2025-10-23,12.1,12.13,12.13,11.98,86122.72,103613.82,1.0,,0.0
2025-10-24,12.13,12.24,12.28,12.11,130612.91,159590.845,1.0,,0.0
2025-10-27,12.24,12.21,12.27,12.19,88024.32,107603.278,1.0,,0.0
2025-10-28,12.21,12.4,12.46,12.19,209971.08,259513.257,1.0,,0.0
2025-10-29,12.35,12.31,12.36,12.23,128520.25,157827.524,1.0,,0.0
2025-10-30,12.32,12.25,12.37,12.23,124872.47,153568.574,1.0,,0.0
2025-10-31,11.98,11.98,12.05,11.88,217354.44,260221.748,1.0,,0.0
2025-11-03,12.04,12.09,12.1,11.93,112029.14,134573.907,1.0,,0.0
2025-11-04,12.09,12.05,12.14,11.99,94886.19,114271.684,1.0,,0.0
2025-11-05,12.0,12.22,12.26,11.96,156836.32,190452.799,1.0,,0.0
2025-11-06,12.23,12.13,12.24,12.11,102350.08,124272.478,1.0,,0.0
2025-11-07,12.14,12.18,12.3,12.07,134956.46,165030.732,1.0,,0.0
2025-11-10,12.13,12.08,12.18,12.06,153667.0,185850.036,1.0,,0.0
2025-11-11,12.12,12.11,12.19,12.08,96878.71,117445.558,1.0,,0.0
2025-11-12,12.12,12.04,12.13,11.96,104629.31,125897.729,1.0,,0.0
2025-11-13,12.03,12.06,12.07,11.99,75214.62,90606.453,1.0,,0.0
2025-11-14,12.01,12.02,12.13,12.01,79422.64,95816.846,1.0,,0.0
2025-11-17,12.09,12.13,12.25,12.09,171187.2,208333.164,1.0,,0.0
2025-11-18,12.08,12.04,12.1,12.0,106833.52,128538.34,1.0,,0.0
2025-11-19,12.0,12.39,12.48,12.0,400990.97,493710.37,1.0,,0.0
2025-11-20,12.21,12.17,12.31,12.17,192637.77,235354.51,1.0,,0.0
2025-11-21,12.12,12.5,12.8,12.05,666537.75,831727.94,1.0,,0.0
2025-11-24,12.48,12.91,12.96,12.44,745075.21,953927.234,1.0,,0.0
2025-11-25,12.72,12.68,12.78,12.51,471116.28,594341.097,1.0,,0.0
2025-11-26,12.59,12.39,12.6,12.25,352991.58,436241.768,1.0,,0.0
2025-11-27,12.3,12.33,12.37,12.24,167662.53,206292.107,1.0,,0.0
2025-11-28,12.35,12.31,12.35,12.25,149447.81,183702.909,1.0,,0.0
2025-12-01,12.26,12.2,12.35,12.15,196015.47,239555.38,1.0,,0.0
2025-12-02,12.16,12.17,12.27,12.13,143226.44,174774.512,1.0,,0.0
2025-12-03,12.15,12.06,12.15,12.05,146698.17,177216.63,1.0,,0.0
2025-12-04,12.04,12.05,12.13,12.0,115267.17,139011.101,1.0,,0.0
2025-12-05,12.07,12.19,12.21,12.05,120282.0,146190.877,1.0,,0.0
2025-12-08,12.18,12.15,12.28,12.13,144619.1,176267.735,1.0,,0.0
2025-12-09,12.19,12.16,12.35,12.13,167255.59,204472.266,1.0,,0.0
2025-12-10,12.05,12.08,12.19,12.03,129616.22,156569.877,1.0,,0.0
2025-12-11,12.08,11.9,12.1,11.89,161621.55,193335.834,1.0,,0.0
2025-12-12,11.9,11.73,11.93,11.7,180669.66,212898.702,1.0,,0.0
2025-12-15,11.69,11.7,11.75,11.56,107411.63,125263.8,1.0,,0.0
2025-12-16,11.71,11.41,11.73,11.37,141786.24,162762.387,1.0,,0.0
2025-12-17,11.38,11.5,11.57,11.25,119370.64,136110.711,1.0,,0.0
2025-12-18,11.45,11.49,11.54,11.4,68587.64,78799.361,1.0,,0.0
2025-12-19,11.46,11.55,11.61,11.45,85020.57,98362.671,1.0,,0.0
2025-12-22,11.55,11.57,11.62,11.55,72680.27,84171.767,1.0,,0.0
2025-12-23,11.58,11.47,11.59,11.45,65415.04,75219.522,1.0,,0.0
2025-12-24,11.46,11.59,11.6,11.43,64504.81,74452.451,1.0,,0.0
2025-12-25,11.67,11.65,11.69,11.61,90081.9,105001.634,1.0,,0.0
2025-12-26,11.63,11.66,11.7,11.57,95197.63,110893.953,1.0,,0.0
2025-12-29,11.61,11.65,11.72,11.61,80877.42,94431.778,1.0,,0.0
2025-12-30,11.64,11.62,11.7,11.59,81572.16,94864.025,1.0,,0.0
2025-12-31,11.65,11.62,11.67,11.55,74694.53,86787.491,1.0,,0.0
2026-01-05,11.62,11.76,11.85,11.59,138719.59,162401.366,1.0,,0.0
2026-01-06,11.77,11.89,11.93,11.73,172164.99,203407.042,1.0,,0.0
2026-01-07,11.89,11.69,11.89,11.67,143849.38,169010.73,1.0,,0.0
2026-01-08,11.61,12.07,12.15,11.59,358446.83,428456.992,1.0,,0.0
2026-01-09,12.22,12.04,12.25,11.95,279466.94,337989.788,1.0,,0.0
2026-01-12,12.09,12.3,12.34,12.09,372536.13,455547.484,1.0,,0.0
2026-01-13,12.3,12.04,12.35,12.0,302845.93,366154.566,1.0,,0.0
2026-01-14,12.03,11.89,12.16,11.81,284906.9,342599.695,1.0,,0.0
2026-01-15,11.81,11.88,11.98,11.81,137744.93,163531.624,1.0,,0.0
2026-01-16,11.88,11.74,11.93,11.66,160064.82,188233.114,1.0,,0.0
2026-01-19,11.68,11.89,11.97,11.65,140515.16,166253.187,1.0,,0.0
2026-01-20,11.89,11.77,11.95,11.72,133662.31,157637.029,1.0,,0.0
2026-01-21,11.74,11.7,11.82,11.66,135512.46,158883.963,1.0,,0.0
2026-01-22,11.71,11.96,12.04,11.71,265449.42,316555.764,1.0,,0.0
2026-01-23,12.01,12.07,12.13,11.96,226308.28,272663.45,1.0,,0.0
2026-01-26,12.07,11.93,12.12,11.83,179009.65,214257.332,1.0,,0.0
2026-01-27,11.72,11.63,11.78,11.33,349889.12,402975.692,1.0,,0.0
2026-01-28,11.6,11.52,11.71,11.48,151598.32,175604.22,1.0,,0.0
2026-01-29,11.48,11.41,11.52,11.34,174335.97,198880.438,1.0,,0.0
2026-01-30,11.41,11.48,11.63,11.11,286555.01,324269.349,1.0,,0.0
2026-02-02,11.53,11.73,12.28,11.49,466115.4,556251.481,1.0,,0.0
2026-02-03,11.75,12.12,12.24,11.66,454089.93,547450.889,1.0,,0.0
2026-02-04,12.15,13.33,13.33,12.14,1100651.31,1443572.185,1.0,,0.0
2026-02-05,12.8,12.85,13.03,12.68,1021462.66,1314783.106,1.0,,0.0
2026-02-06,12.79,12.71,13.13,12.7,542341.15,699663.962,1.0,,0.0
2026-02-09,12.95,13.2,13.3,12.8,610974.23,802207.26,1.0,,0.0
2026-02-10,13.13,13.0,13.24,12.84,383160.96,498122.572,1.0,,0.0
2026-02-11,12.98,12.84,13.08,12.81,290477.94,375572.212,1.0,,0.0
2026-02-12,12.76,13.0,13.15,12.5,417810.83,537839.248,1.0,,0.0
2026-02-13,13.0,13.02,13.24,12.88,386574.6,505612.971,1.0,,0.0
2026-02-24,13.13,13.39,13.58,13.02,455928.24,608461.703,1.0,,0.0
2026-02-25,13.37,13.16,13.47,13.1,399362.34,528903.894,1.0,,0.0
2026-02-26,13.18,13.31,13.45,12.92,375725.7,495530.488,1.0,,0.0
2026-02-27,13.3,13.37,13.55,13.23,312897.84,418749.335,1.0,,0.0
2026-03-02,13.37,13.14,13.53,13.1,329738.14,436108.449,1.0,,0.0
2026-03-03,13.19,12.85,13.44,12.77,360702.4,468722.29,1.0,,0.0
2026-03-04,12.66,13.04,13.08,12.62,315376.72,407560.626,1.0,,0.0
2026-03-05,13.2,13.02,13.25,12.98,205021.13,268035.355,1.0,,0.0
2026-03-06,13.0,13.32,13.46,12.97,334799.3,444863.585,1.0,,0.0
2026-03-09,13.16,13.02,13.31,12.86,282706.47,367725.231,1.0,,0.0
2026-03-10,13.05,13.19,13.35,12.98,232794.24,306910.721,1.0,,0.0
2026-03-11,13.2,13.15,13.24,13.02,220985.54,289776.609,1.0,,0.0
2026-03-12,13.11,13.11,13.23,12.67,404475.61,523644.748,1.0,,0.0
2026-03-13,13.21,13.51,13.85,13.18,784499.97,1062410.371,1.0,,0.0
2026-03-16,13.88,13.41,13.96,13.35,587650.98,794659.717,1.0,,0.0
2026-03-17,13.38,13.54,14.08,13.25,720453.28,984271.727,1.0,,0.0
2026-03-18,13.41,13.11,13.49,12.91,488169.48,638999.091,1.0,,0.0
2026-03-19,12.98,12.91,13.25,12.82,335212.55,435319.079,1.0,,0.0
2026-03-20,12.99,12.58,13.16,12.58,406481.15,521593.312,1.0,,0.0
2026-03-23,12.4,12.23,12.7,12.17,338831.42,420823.054,1.0,,0.0
2026-03-24,12.41,12.93,12.95,12.12,380466.19,477712.43,1.0,,0.0
2026-03-25,12.89,12.88,13.03,12.78,233266.37,301270.73,1.0,,0.0
2026-03-26,12.84,12.76,13.1,12.66,244402.86,313613.9,1.0,,0.0
2026-03-27,12.64,12.82,12.93,12.6,189273.71,242022.805,1.0,,0.0
2026-03-30,12.68,13.24,13.28,12.63,404052.03,527644.348,1.0,,0.0
2026-03-31,13.2,12.76,13.3,12.75,287453.44,374316.101,1.0,,0.0
2026-04-01,12.98,12.78,13.09,12.66,202153.85,259942.354,1.0,,0.0
2026-04-02,12.76,12.45,12.91,12.35,196790.0,247346.972,1.0,,0.0
2026-04-03,12.46,11.72,12.5,11.67,295024.9,351458.411,1.0,,0.0
2026-04-07,11.72,11.96,12.06,11.63,172172.31,204940.103,1.0,,0.0
2026-04-08,12.15,12.1,12.18,11.99,173923.72,210109.084,1.0,,0.0
2026-04-09,12.0,12.04,12.45,11.96,185149.89,225170.307,1.0,,0.0
2026-04-10,12.03,12.47,12.92,12.03,406734.01,510612.996,1.0,,0.0
2026-04-13,12.39,12.36,12.76,12.31,191137.05,237737.227,1.0,,0.0
2026-04-14,12.46,12.21,12.48,12.07,183906.0,224061.716,1.0,,0.0
2026-04-15,12.22,12.06,12.23,12.02,157818.0,190906.545,1.0,,0.0
2026-04-16,12.05,12.05,12.09,11.93,132296.88,159046.283,1.0,,0.0
2026-04-17,12.03,12.0,12.05,11.85,132966.53,158896.284,1.0,,0.0
2026-04-20,12.0,13.2,13.2,11.94,568120.65,724732.713,1.0,,0.0
2026-04-21,13.43,14.0,14.51,13.38,1596300.39,2253424.029,1.0,,0.0
2026-04-22,13.97,13.63,14.07,13.58,636456.06,874124.506,1.0,,0.0
2026-04-23,13.73,13.51,13.88,13.38,431655.51,586940.276,1.0,,0.0
2026-04-24,13.49,13.16,13.64,13.12,351661.52,467475.327,1.0,,0.0
2026-04-27,13.06,13.02,13.3,12.9,296006.53,386759.265,1.0,,0.0
2026-04-28,12.93,13.04,13.39,12.89,393344.82,517041.47,1.0,,0.0
2026-04-29,12.94,12.9,13.1,12.86,324418.97,420899.983,1.0,,0.0
2026-04-30,13.14,13.68,14.12,13.1,844706.59,1159205.475,1.0,,0.0
2026-05-06,13.79,13.84,14.06,13.67,541685.81,748474.377,1.0,,0.0
2026-05-07,13.83,13.55,13.93,13.49,336712.63,459243.356,1.0,,0.0
2026-05-08,13.59,13.72,13.82,13.41,325590.97,444378.439,1.0,,0.0
2026-05-11,13.66,13.61,13.86,13.52,289144.52,394535.2910000001,1.0,,0.0
2026-05-12,13.67,13.46,13.7,13.23,275412.77,368595.989,1.0,,0.0
2026-05-13,13.42,13.9,14.0,13.38,433783.63,599910.238,1.0,,0.0
2026-05-14,13.79,13.53,13.98,13.51,318655.91,436040.904,1.0,,0.0
2026-05-15,13.53,13.1,13.75,13.0,300765.62,399199.24,1.0,,0.0
2026-05-18,13.1,12.86,13.26,12.8,236175.89,306350.654,1.0,,0.0
2026-05-19,12.85,13.23,13.49,12.33,552883.71,708490.879,1.0,,0.0
2026-05-20,13.22,13.1,13.52,13.03,319229.42,421226.585,1.0,,0.0
2026-05-21,13.1,12.6,13.33,12.57,354401.73,459344.707,1.0,,0.0
2026-05-22,12.78,12.52,12.84,12.42,274084.13,344863.671,1.0,,0.0
2026-05-25,12.52,12.38,12.6,12.21,243292.59,300598.115,1.0,,0.0
2026-05-26,12.3,12.03,12.34,11.83,318940.48,381919.461,1.0,,0.0
2026-05-27,12.0,11.56,12.22,11.5,330721.77,389466.52,1.0,,0.0
2026-05-28,11.56,11.66,11.69,11.28,286705.87,330321.887,1.0,,0.0
2026-05-29,11.67,11.25,11.67,11.2,285581.56,325065.357,1.0,,0.0
2026-06-01,11.26,11.18,11.36,11.12,242172.93,271842.391,1.0,,0.0
2026-06-02,11.21,10.73,11.21,10.67,345785.68,374254.528,1.0,,0.0
2026-06-03,10.65,10.6,10.77,10.54,232275.89,247329.333,1.0,,0.0
2026-06-04,10.63,10.56,10.94,10.5,276624.99,296917.278,1.0,,0.0
2026-06-05,10.54,10.35,10.59,10.19,261379.0,271413.85,1.0,,0.0
2026-06-08,10.2,9.92,10.44,9.78,295616.0,297219.633,1.0,,0.0
2026-06-09,10.0,9.92,10.05,9.72,188220.82,185283.109,1.0,,0.0
2026-06-10,10.19,10.04,10.48,9.97,389326.96,395870.559,1.0,,0.0
2026-06-11,9.86,9.58,10.04,9.53,323085.97,313004.436,1.0,,0.0
2026-06-12,9.7,9.74,9.92,9.53,318602.29,310687.857,1.0,,0.0
2026-06-15,9.78,9.87,10.05,9.77,218532.84,216242.842,1.0,,0.0
2026-06-16,9.87,9.82,9.9,9.67,186237.61,182031.147,1.0,,0.0
2026-06-17,9.82,9.81,9.85,9.64,172586.45,168446.362,1.0,,0.0
2026-06-18,9.83,9.43,9.88,9.41,279403.11,268570.514,1.0,,0.0
2026-06-22,9.32,9.42,9.43,9.12,291076.43,269385.205,1.0,,0.0
2026-06-24,9.35,8.9,9.35,8.89,258069.28,232418.519,1.0,,0.0
2026-06-25,8.85,8.76,8.89,8.67,246551.65,216249.981,1.0,,0.0
2026-06-26,8.76,8.55,8.95,8.54,216407.93,187669.707,1.0,,0.0
2026-06-29,8.54,8.47,8.54,8.27,245109.53,206129.562,1.0,,0.0
2026-06-30,8.47,8.49,8.63,8.42,168863.01,143584.491,1.0,,0.0
2026-07-01,8.55,8.78,9.02,8.5,314054.6,276744.031,1.0,,0.0
2026-07-03,8.69,8.86,8.98,8.68,278570.31,245733.484,1.0,,0.0
2026-07-06,8.94,8.67,9.07,8.64,230313.2,202038.641,1.0,,0.0
2026-07-07,8.67,8.27,8.67,8.23,201423.0,169079.49,1.0,,0.0
2026-07-08,8.25,8.12,8.27,8.01,185757.1,151143.708,1.0,,0.0
2026-07-09,8.09,8.1,8.2,7.9,188043.88,151065.106,1.0,,0.0
2026-07-10,8.1,8.91,8.91,8.01,352840.24,302170.74,1.0,,0.0
2026-07-14,8.25,8.11,8.3,8.03,247079.25,200603.451,1.0,,0.0
2026-07-15,8.02,8.19,8.25,7.99,194835.99,158970.863,1.0,,0.0
2026-07-16,8.14,8.19,8.28,8.06,164553.1,134796.023,1.0,,0.0
2026-07-17,8.19,8.01,8.32,7.99,222252.77,181198.036,1.0,,0.0
2026-07-20,8.0,8.19,8.24,7.98,264705.41,215313.54,1.0,,0.0
2026-07-21,8.22,8.27,8.27,8.15,242911.84,199414.678,1.0,,0.0
2026-07-22,8.2,8.23,8.26,8.1,206254.51,168538.036,1.0,,0.0
2026-07-23,8.23,8.5,8.54,8.2,266106.61,223825.154,1.0,,0.0
2026-07-24,8.4,8.34,8.62,8.33,243019.01,205947.88,1.0,,0.0
2026-07-27,8.28,8.58,8.63,8.26,229682.66,195783.508,1.0,,0.0
2026-07-28,8.58,8.67,8.67,8.48,202439.96,173821.233,1.0,,0.0
2026-07-29,8.69,9.03,9.08,8.66,352146.4,314190.452,1.0,,0.0
2026-07-30,9.01,9.13,9.31,8.94,332880.25,304747.235,1.0,,0.0
2026-07-31,8.99,9.1,9.2,8.97,236782.94,215672.045,1.0,,0.0
2026-08-03,9.11,9.26,9.3,9.05,180980.02,166454.397,1.0,,0.0
2026-08-04,9.24,9.08,9.28,9.07,215405.66,196736.583,1.0,,0.0
2026-08-05,9.04,9.01,9.12,8.97,220433.89,199120.228,1.0,,0.0
2026-08-06,9.05,8.94,9.12,8.85,204001.62,182878.886,1.0,,0.0
2026-08-07,8.95,8.86,8.96,8.75,172047.0,151859.061,1.0,,0.0
2026-08-10,8.85,9.02,9.05,8.83,185298.44,166462.224,1.0,,0.0
2026-08-11,9.0,8.92,9.02,8.86,135009.4,120674.793,1.0,,0.0
2026-08-12,8.91,8.97,9.0,8.87,115629.74,103413.795,1.0,1.0673,0.0
2026-08-13,8.96,8.88,9.01,8.86,125708.32,112126.024,1.0,1.16,0.0
2026-08-14,8.86,8.78,9.01,8.74,169049.31,149300.269,1.0,1.56,0.0
2026-08-17,8.78,8.91,8.93,8.67,139902.8,123718.652,1.0,0.0,0.0
2026-08-18,8.9,8.8,8.93,8.73,127972.28,112690.546,1.0,0.0,0.0
2026-08-19,8.81,8.55,8.87,8.51,162385.17,139989.665,1.0,0.0,0.0
2026-08-20,8.56,8.61,8.66,8.55,93118.52,80096.858,1.0,0.6205,0.8596
2026-08-21,8.6,8.65,8.67,8.5,82950.0,71346.043,1.0,0.5528,0.7657
2026-08-24,8.66,8.63,8.74,8.59,99480.2,86076.095,1.0,0.6629,0.9183
2026-08-25,8.62,8.79,8.81,8.59,122570.0,107149.415,1.0,0.8168,1.1314
2026-08-26,8.81,8.87,8.94,8.75,111756.36,99168.211,1.0,0.7447,1.0316
2026-08-27,8.81,8.89,8.9,8.76,101032.2,89245.072,1.0,0.6733,0.9326
2026-08-28,8.88,8.9,8.96,8.85,105390.91,94011.69,1.0,0.7023,0.9728
2026-08-31,8.84,8.72,8.88,8.69,126803.6,110734.587,1.0,0.845,1.1705
2026-09-01,8.7,8.85,8.9,8.68,132705.01,117192.639,1.0,0.8843,1.225
2026-09-02,8.84,8.85,8.88,8.75,110748.61,97673.335,1.0,0.738,1.0223
2026-09-03,8.83,8.8,8.92,8.78,119080.97,105426.904,1.0,0.7935,1.0992
2026-09-04,8.84,9.07,9.15,8.8,336944.4,304633.418,1.0,2.2453,3.1102
2026-09-07,9.07,8.95,9.18,8.92,210798.82,189858.302,1.0,1.4047,1.9458
2026-09-08,8.91,9.03,9.15,8.87,216339.6,195766.438,1.0,1.4416,1.997
2026-09-09,9.03,9.15,9.24,8.98,251516.9,229799.42,1.0,1.6761,2.3217
2026-09-10,9.15,9.34,9.42,9.05,441814.89,409966.615,1.0,2.9442,4.0783
2026-09-11,9.22,9.16,9.4,8.98,331115.95,302061.357,1.0,2.2065,3.0564
2026-09-14,9.15,8.87,9.32,8.86,256499.78,230558.353,1.0,1.7093,2.3677
2026-09-15,8.82,8.9,9.02,8.71,208514.88,185314.648,1.0,1.3895,1.9247
2026-09-16,8.9,8.84,8.95,8.73,163072.33,143897.202,1.0,1.0867,1.5053
2026-09-17,8.76,8.83,8.87,8.63,182045.08,159522.509,1.0,1.2131,1.6804
2026-09-18,8.81,8.92,9.02,8.76,160712.95,143204.939,1.0,1.071,1.4835
2026-09-21,8.9,9.06,9.12,8.78,177062.32,159444.515,1.0,1.1799,1.6344
