date,open,close,high,low,volume,money,factor,turnover,turnover_free
2021-05-10,8.147,8.227,8.257,8.107,19399.65,17680.736,0.8991256830601093,,0.0
2021-05-11,8.247,8.347,8.397,8.167,24635.0,22729.681,0.9004314994606256,,0.0
2021-05-12,8.347,8.317,8.377,8.197,20713.08,19067.979,0.9001082251082251,,0.0
2021-05-13,8.227,8.207,8.277,8.177,19537.0,17854.518,0.8989047097480832,,0.0
2021-05-14,8.257,8.267,8.287,8.197,16956.59,15545.354,0.8995647442872687,,0.0
2021-05-17,8.227,8.227,8.347,8.197,15992.43,14661.21,0.8991256830601093,,0.0
2021-05-18,8.237,8.277,8.307,8.187,15663.36,14354.601,0.8996739130434782,,0.0
2021-05-19,8.237,8.217,8.257,8.147,14618.0,13334.714,0.8990153172866521,,0.0
2021-05-20,8.227,8.147,8.227,8.137,14555.0,13233.717,0.8982359426681367,,0.0
2021-05-21,8.147,8.187,8.227,8.116999999999999,11257.0,10239.433,0.8986827661909988,,0.0
2021-05-24,8.217,8.277,8.307,8.187,19161.56,17594.071,0.8996739130434782,,0.0
2021-05-25,8.257,8.277,8.287,8.137,16937.91,15488.15,0.8996739130434782,,0.0
2021-05-26,8.267,8.647,8.667,8.257,60216.15,56829.88,0.9035527690700104,,0.0
2021-05-27,8.547,8.487,8.557,8.427,35741.33,33604.733,0.9019128586609988,,0.0
2021-05-28,8.567,8.547,8.637,8.417,28023.06,26462.015,0.9025343189017953,,0.0
2021-05-31,8.587,9.017,9.247,8.547,82461.5,81500.2,0.9071428571428573,,0.0
2021-06-01,9.067,8.827,9.357,8.807,51367.25,50662.982,0.9053333333333332,,0.0
2021-06-02,8.887,8.697,8.907,8.667,36665.84,35543.929,0.904054054054054,,0.0
2021-06-03,8.737,8.777,8.857,8.637,26249.83,25336.026,0.9048453608247422,,0.0
2021-06-04,8.727,8.917,9.147,8.697,50628.88,49989.591,0.90619918699187,,0.0
2021-06-07,8.887,8.697,8.917,8.657,35039.73,33859.498,0.904054054054054,,0.0
2021-06-08,8.677,8.667,8.797,8.616999999999999,21581.0,20749.408,0.9037539103232534,,0.0
2021-06-09,8.616999999999999,8.717,8.727,8.597,19282.4,18516.504,0.904253112033195,,0.0
2021-06-10,8.727,8.607,8.737,8.557,27179.73,25415.964,0.9205347593582888,,0.0
2021-06-11,8.616999999999999,8.536999999999999,8.697,8.517,19062.0,17835.764,0.9199353448275862,,0.0
2021-06-15,8.546999999999999,8.347,8.557,8.337,20093.01,18391.041,0.9182618261826182,,0.0
2021-06-16,8.357,8.366999999999999,8.447,8.327,11313.0,10313.358,0.9184412733260152,,0.0
2021-06-17,8.337,8.357,8.427,8.317,11475.45,10451.048,0.9183516483516484,,0.0
2021-06-18,8.337,8.477,8.477,8.296999999999999,12206.36,11169.004,0.91941431670282,,0.0
2021-06-21,8.467,8.437,8.497,8.407,11563.0,10625.95,0.9190631808278866,,0.0
2021-06-22,8.427,8.536999999999999,8.587,8.427,15278.92,14166.568,0.9199353448275862,,0.0
2021-06-23,8.517,8.467,8.546999999999999,8.407,14638.91,13468.69,0.9193268186753528,,0.0
2021-06-24,8.467,8.536999999999999,8.567,8.417,18948.83,17492.711,0.9199353448275862,,0.0
2021-06-25,8.527,8.587,8.657,8.517,21209.06,19790.637,0.920364415862808,,0.0
2021-06-28,8.607,8.706999999999999,8.757,8.597,22853.01,21543.804,0.9213756613756612,,0.0
2021-06-29,8.667,8.637,8.757,8.587,22665.0,21300.467,0.9207889125799572,,0.0
2021-06-30,8.637,8.507,8.687,8.456999999999999,17094.0,15864.231,0.9196756756756757,,0.0
2021-07-01,8.497,8.407,8.546999999999999,8.376999999999999,21479.36,19750.457,0.9187978142076504,,0.0
2021-07-02,8.407,8.357,8.487,8.337,15056.31,13752.524,0.9183516483516484,,0.0
2021-07-05,8.357,8.467,8.477,8.347,10252.94,9387.819,0.9193268186753528,,0.0
2021-07-06,8.467,8.487,8.517,8.407,13601.62,12516.107,0.919501625135428,,0.0
2021-07-07,8.477,8.487,8.536999999999999,8.437,11267.05,10398.867,0.919501625135428,,0.0
2021-07-08,8.487,8.387,8.487,8.347,13986.0,12771.433,0.9186199342825848,,0.0
2021-07-09,8.387,8.427,8.447,8.337,9144.0,8365.83,0.9189749182115594,,0.0
2021-07-12,8.437,8.427,8.487,8.417,12736.0,11703.824,0.9189749182115594,,0.0
2021-07-13,8.467,8.437,8.467,8.387,12299.0,11285.166,0.9190631808278866,,0.0
2021-07-14,8.437,8.376999999999999,8.456999999999999,8.366999999999999,13331.9,12189.677,0.918530701754386,,0.0
2021-07-15,8.366999999999999,8.286999999999999,8.366999999999999,8.206999999999999,17971.0,16227.779,0.917718715393134,,0.0
2021-07-16,8.286999999999999,8.286999999999999,8.337,8.237,8179.52,7382.108,0.917718715393134,,0.0
2021-07-19,8.257,8.277,8.337,8.177,12566.77,11286.903,0.9176274944567628,,0.0
2021-07-20,8.227,8.296999999999999,8.307,8.197,7183.77,6453.246,0.9178097345132744,,0.0
2021-07-21,8.286999999999999,8.296999999999999,8.376999999999999,8.257,7275.68,6570.076,0.9178097345132744,,0.0
2021-07-22,8.317,8.267,8.337,8.247,14313.52,12905.057,0.9175360710321864,,0.0
2021-07-23,8.257,8.137,8.257,8.126999999999999,15758.85,14053.409,0.9163288288288288,,0.0
2021-07-26,8.147,8.097,8.177,8.057,13248.38,11713.302,0.915950226244344,,0.0
2021-07-27,8.116999999999999,7.987,8.157,7.977,10516.25,9281.752,0.9148911798396334,,0.0
2021-07-28,7.997,7.837,8.036999999999999,7.647,13964.25,11942.352,0.9134032634032634,,0.0
2021-07-29,7.837,7.927,7.977,7.837,8984.08,7782.799,0.9143021914648212,,0.0
2021-07-30,7.866999999999999,7.887,7.956999999999999,7.766999999999999,9861.02,8468.002,0.9139049826187716,,0.0
2021-08-02,7.936999999999999,8.027,8.046999999999999,7.796999999999999,9662.08,8422.02,0.915279361459521,,0.0
2021-08-03,8.036999999999999,8.077,8.107,8.007,9599.0,8450.197,0.9157596371882086,,0.0
2021-08-04,8.077,8.057,8.147,7.987,6392.08,5622.998,0.9155681818181818,,0.0
2021-08-05,8.036999999999999,7.977,8.097,7.956999999999999,8471.0,7417.721,0.9147935779816514,,0.0
2021-08-06,7.946999999999999,7.946999999999999,8.017,7.856999999999999,10193.0,8815.608,0.9144994246260068,,0.0
2021-08-09,7.936999999999999,8.067,8.087,7.897,11953.98,10502.239,0.9156640181611804,,0.0
2021-08-10,8.067,8.217,8.247,8.067,16063.0,14314.289,0.9170758928571427,,0.0
2021-08-11,8.217,8.177,8.277,8.126999999999999,11896.0,10627.293,0.9167040358744394,,0.0
2021-08-12,8.227,8.157,8.227,8.097,7689.92,6839.651,0.9165168539325842,,0.0
2021-08-13,8.107,8.137,8.157,8.036999999999999,14081.0,12440.883,0.9163288288288288,,0.0
2021-08-16,8.167,8.177,8.187,8.077,11494.0,10230.994,0.9167040358744394,,0.0
2021-08-17,8.206999999999999,8.017,8.206999999999999,8.017,10635.28,9400.004,0.9151826484018264,,0.0
2021-08-18,7.997,8.067,8.077,7.987,8593.94,7535.853,0.9156640181611804,,0.0
2021-08-19,8.057,8.057,8.097,8.017,7744.37,6818.489,0.9155681818181818,,0.0
2021-08-20,8.046999999999999,7.977,8.057,7.876999999999999,9140.0,7951.731,0.9147935779816514,,0.0
2021-08-23,8.007,8.157,8.167,7.956999999999999,11050.99,9798.178,0.9165168539325842,,0.0
2021-08-24,8.107,8.157,8.206999999999999,8.107,9121.99,8116.851,0.9165168539325842,,0.0
2021-08-25,8.187,8.507,8.616999999999999,8.167,49859.5,45979.472,0.9196756756756757,,0.0
2021-08-26,8.376999999999999,8.397,8.487,8.327,23453.38,21401.604,0.9187089715536104,,0.0
2021-08-27,8.366999999999999,8.447,8.517,8.337,16597.0,15202.218,0.919151251360174,,0.0
2021-08-30,8.937,9.047,9.307,8.777,109411.89,107519.861,0.924106230847804,,0.0
2021-08-31,9.047,9.577,9.687,9.027,119982.19,122527.456,0.9280038759689924,,0.0
2021-09-01,9.557,9.497,9.577,9.307,61821.19,63030.634,0.92744140625,,0.0
2021-09-02,9.457,9.577,9.607,9.417,38080.39,39103.644,0.9280038759689924,,0.0
2021-09-03,9.497,9.837,9.967,9.457,55419.61,58376.151,0.9297731568998108,,0.0
2021-09-06,9.827,10.407,10.457,9.727,72594.68,79386.949,0.9333632286995516,,0.0
2021-09-07,10.357,10.247,10.377,10.017,52244.86,56782.263,0.932393084622384,,0.0
2021-09-08,10.177,10.287,10.327,10.057,37854.01,41354.376,0.9326382592928376,,0.0
2021-09-09,10.287,10.227,10.427,10.107,30266.12,33195.888,0.9322698268003646,,0.0
2021-09-10,10.287,10.257,10.617,10.237,52864.04,59075.192,0.9324545454545454,,0.0
2021-09-13,10.257,10.627,10.747,10.097,45996.0,51834.404,0.9346525945470536,,0.0
2021-09-14,10.627,10.467,10.747,10.407,32833.01,37008.834,0.9337198929527208,,0.0
2021-09-15,10.467,10.737,10.877,10.427,31135.05,35615.761,0.9352787456445992,,0.0
2021-09-16,10.807,10.577,10.957,10.567,34058.46,39159.152,0.9343639575971732,,0.0
2021-09-17,10.677,11.077,11.197,10.607,46133.36,54215.137,0.937140439932318,,0.0
2021-09-22,10.937,10.537,11.037,10.277,57679.19,64710.7,0.9341312056737588,,0.0
2021-09-23,10.577,10.557,10.797,10.307,46813.88,52627.903,0.9342477876106194,,0.0
2021-09-24,10.567,10.327,10.617,10.237,37255.0,41483.814,0.9328816621499548,,0.0
2021-09-27,10.457,10.287,10.457,9.907,52186.1,57283.556,0.9326382592928376,,0.0
2021-09-28,10.297,10.427,10.497,9.967,28005.4,30898.417,0.9334825425246196,,0.0
2021-09-29,10.237,10.087,10.417,10.027,22339.0,24370.038,0.931394275161588,,0.0
2021-09-30,10.077,10.707,10.857,10.077,38465.6,43766.544,0.9351091703056768,,0.0
2021-10-08,10.857,10.857,10.927,10.587,40445.01,46488.798,0.935948275862069,,0.0
2021-10-11,10.887,10.897,11.027,10.587,35023.4,40452.803,0.9361683848797252,,0.0
2021-10-12,10.807,10.757,11.007,10.617,32419.73,37422.375,0.935391304347826,,0.0
2021-10-13,10.787,10.307,10.847,10.017,32720.0,36115.601,0.9327601809954752,,0.0
2021-10-14,10.227,10.387,10.497,10.137,18272.0,20282.215,0.9332434860736748,,0.0
2021-10-15,10.387,9.737,10.417,9.727,31319.4,33503.431,0.9291030534351143,,0.0
2021-10-18,9.767,10.787,10.787,9.697,37559.02,41696.418,0.9355594102341716,,0.0
2021-10-19,11.157,11.657,11.857,10.677,117907.89,142565.91,0.9400806451612904,,0.0
2021-10-20,11.697,11.207,11.707,11.097,68229.66,82227.656,0.9378242677824268,,0.0
2021-10-21,11.207,10.897,11.237,10.837,50491.0,59109.203,0.9361683848797252,,0.0
2021-10-22,10.857,10.187,10.887,10.147,56474.29,62806.111,0.932021957913998,,0.0
2021-10-25,10.287,9.947,10.417,9.887,50960.0,54750.684,0.9304957904583724,,0.0
2021-10-26,9.947,9.797,10.047,9.677,37741.14,39816.814,0.929506641366224,,0.0
2021-10-27,9.727,9.417,9.747,9.247,40313.1,40910.479,0.9268700787401576,,0.0
2021-10-28,9.427,8.897,9.497,8.767,67764.98,65791.434,0.9229253112033194,,0.0
2021-10-29,8.767,8.917,9.167,8.677,66732.08,64505.478,0.9230848861283644,,0.0
2021-11-01,8.997,8.997,9.307,8.956999999999999,63376.82,62361.846,0.9237166324435316,,0.0
2021-11-02,8.987,8.747,9.037,8.597,60329.25,57523.908,0.9217070600632244,,0.0
2021-11-03,8.796999999999999,8.987,9.097,8.657,55131.15,53359.377,0.9236382322713258,,0.0
2021-11-04,8.917,9.207,9.277,8.907,51025.27,50452.873,0.9253266331658292,,0.0
2021-11-05,9.197,9.077,9.507,9.067,55066.25,55186.38,0.9243380855397147,,0.0
2021-11-08,9.247,9.107,9.247,8.977,35138.35,34533.192,0.9245685279187816,,0.0
2021-11-09,9.097,9.447,9.477,9.097,46766.56,47203.918,0.9270853778213934,,0.0
2021-11-10,9.437,9.457,9.577,9.277,37796.59,38468.36,0.927156862745098,,0.0
2021-11-11,9.467,9.417,9.677,9.357,43576.55,44790.474,0.9268700787401576,,0.0
2021-11-12,9.497,9.757,9.807,9.437,42366.49,44170.677,0.9292380952380952,,0.0
2021-11-15,9.847,9.717,10.117,9.697,46254.11,48866.083,0.9289674952198852,,0.0
2021-11-16,9.767,9.607,9.897,9.567,30440.0,31813.056,0.9282125603864734,,0.0
2021-11-17,9.567,9.637,9.687,9.457,26982.57,27854.014,0.9284200385356456,,0.0
2021-11-18,9.617,9.657,9.757,9.497,27225.03,28177.101,0.9285576923076924,,0.0
2021-11-19,9.597,9.567,9.647,9.397,21182.69,21689.051,0.9279340446168768,,0.0
2021-11-22,9.547,9.607,9.647,9.447,21495.0,22128.198,0.9282125603864734,,0.0
2021-11-23,9.657,9.597,9.667,9.527,21448.01,22173.945,0.9281431334622824,,0.0
2021-11-24,9.617,9.557,9.647,9.467,20698.01,21253.159,0.9278640776699028,,0.0
2021-11-25,9.517,9.497,9.617,9.477,17302.01,17757.081,0.92744140625,,0.0
2021-11-26,9.507,9.307,9.527,9.297,24824.0,25054.45,0.9260696517412936,,0.0
2021-11-29,9.227,9.147,9.227,9.087,25001.43,24720.599,0.9248736097067743,,0.0
2021-11-30,9.157,9.297,9.297,9.137,21965.01,21884.31,0.9259960159362548,,0.0
2021-12-01,9.237,9.397,9.397,9.157,23020.14,23071.094,0.9267258382642998,,0.0
2021-12-02,9.347,9.307,9.437,9.267,18519.0,18698.736,0.9260696517412936,,0.0
2021-12-03,9.317,9.397,9.457,9.257,19864.66,20109.014,0.9267258382642998,,0.0
2021-12-06,9.447,9.197,9.447,9.167,28261.0,28202.276,0.925251509054326,,0.0
2021-12-07,9.207,9.457,9.457,9.187,37793.51,38166.073,0.927156862745098,,0.0
2021-12-08,9.467,9.687,9.717,9.347,45874.48,47359.772,0.9287631831255992,,0.0
2021-12-09,9.657,9.607,9.687,9.557,36066.0,37296.706,0.9282125603864734,,0.0
2021-12-10,9.647,9.687,9.817,9.577,29385.11,30611.943,0.9287631831255992,,0.0
2021-12-13,9.637,9.707,9.817,9.557,34529.49,36018.064,0.9288995215311004,,0.0
2021-12-14,9.677,9.607,9.677,9.557,24416.0,25261.524,0.9282125603864734,,0.0
2021-12-15,9.647,9.587,9.697,9.547,21302.29,22053.362,0.9280735721200388,,0.0
2021-12-16,9.617,9.757,9.767,9.507,28200.17,29387.841,0.9292380952380952,,0.0
2021-12-17,9.757,9.667,9.797,9.657,28092.58,29353.427,0.928626320845341,,0.0
2021-12-20,9.707,10.237,10.307,9.677,92908.2,100534.042,0.9323315118397084,,0.0
2021-12-21,10.127,10.327,10.337,10.047,51900.69,56681.979,0.9328816621499548,,0.0
2021-12-22,10.327,10.227,10.427,10.157,31635.97,34679.924,0.9322698268003646,,0.0
2021-12-23,10.167,10.177,10.507,10.127,43823.49,48270.5,0.931959706959707,,0.0
2021-12-24,10.167,10.077,10.277,10.047,35090.18,38117.89,0.9313308687615528,,0.0
2021-12-27,10.077,10.397,10.437,10.067,42837.99,47246.304,0.9333034111310592,,0.0
2021-12-28,10.377,10.317,10.417,10.217,27529.0,30384.118,0.9328209764918626,,0.0
2021-12-29,10.337,10.367,10.437,10.157,35005.0,38672.212,0.9331233123312332,,0.0
2021-12-30,10.407,10.537,10.597,10.297,43699.59,48958.426,0.9341312056737588,,0.0
2021-12-31,10.547,10.777,10.897,10.477,46299.94,53008.048,0.9355034722222222,,0.0
2022-01-04,10.857,11.287,11.357,10.737,82583.72,98030.4,0.9382377389858686,,0.0
2022-01-05,11.157,11.167,11.407,11.037,53789.03,64162.236,0.937615449202351,,0.0
2022-01-06,11.187,11.157,11.327,11.057,31994.0,38076.34,0.937563025210084,,0.0
2022-01-07,11.197,10.747,11.277,10.707,52924.38,61707.272,0.9353350739773716,,0.0
2022-01-10,10.667,10.977,11.087,10.637,34598.0,40496.855,0.93660409556314,,0.0
2022-01-11,11.007,10.907,11.127,10.857,29461.0,34513.597,0.9362231759656652,,0.0
2022-01-12,10.977,11.497,11.587,10.887,55688.08,67253.045,0.939297385620915,,0.0
2022-01-13,11.537,11.257,11.547,11.197,36677.82,44363.351,0.9380833333333332,,0.0
2022-01-14,11.357,11.297,11.987,11.237,76217.59,93897.303,0.9382890365448504,,0.0
2022-01-17,11.327,11.027,11.427,10.847,57072.68,67293.063,0.9368734069668648,,0.0
2022-01-18,11.047,10.397,11.077,10.357,57546.0,65005.207,0.9333034111310592,,0.0
2022-01-19,10.437,10.677,10.877,10.297,42189.0,47917.704,0.934938704028021,,0.0
2022-01-20,10.657,10.797,11.817,10.577,103768.3,124329.561,0.9356152512998268,,0.0
2022-01-21,10.347,10.687,11.007,10.297,74983.01,85149.328,0.9349956255468066,,0.0
2022-01-24,10.597,10.287,10.677,10.257,47083.38,52292.806,0.9326382592928376,,0.0
2022-01-25,10.347,9.637,10.347,9.607,41964.01,44606.487,0.9284200385356456,,0.0
2022-01-26,9.657,9.837,9.897,9.617,23630.0,24903.499,0.9297731568998108,,0.0
2022-01-27,9.877,9.477,9.887,9.477,23870.0,24714.966,0.9272994129158512,,0.0
2022-01-28,9.537,9.667,9.827,9.457,20694.0,21552.313,0.928626320845341,,0.0
2022-02-07,9.837,10.007,10.097,9.677,26696.0,28472.698,0.9308837209302324,,0.0
2022-02-08,10.067,10.597,10.627,9.987,39684.0,44217.654,0.9344797178130512,,0.0
2022-02-09,10.557,10.577,10.727,10.477,26284.0,29770.65,0.9343639575971732,,0.0
2022-02-10,10.587,10.717,10.717,10.447,25916.0,29370.624,0.9351657940663176,,0.0
2022-02-11,10.657,10.397,10.687,10.347,27732.0,31053.016,0.9333034111310592,,0.0
2022-02-14,10.397,10.777,10.897,10.267,43827.83,49837.785,0.9355034722222222,,0.0
2022-02-15,10.777,10.717,11.187,10.627,42393.62,49140.031,0.9351657940663176,,0.0
2022-02-16,10.767,10.717,10.797,10.597,24271.0,27709.029,0.9351657940663176,,0.0
2022-02-17,10.667,10.737,11.007,10.637,32350.0,37281.027,0.9352787456445992,,0.0
2022-02-18,10.667,10.677,10.747,10.587,25489.13,29085.543,0.934938704028021,,0.0
2022-02-21,10.707,10.627,10.707,10.477,28242.0,31992.737,0.9346525945470536,,0.0
2022-02-22,10.587,10.527,10.687,10.397,32871.0,37061.757,0.934072759538598,,0.0
2022-02-23,10.547,10.677,10.907,10.527,29266.28,33398.79,0.934938704028021,,0.0
2022-02-24,10.667,10.417,10.997,10.337,48045.12,54781.445,0.9334229390681004,,0.0
2022-02-25,10.547,11.037,11.087,10.547,67756.67,78946.871,0.9369269949066212,,0.0
2022-02-28,11.107,11.007,11.117,10.767,42149.01,49277.266,0.9367659574468084,,0.0
2022-03-01,11.097,11.177,11.227,10.977,45554.0,54026.337,0.9376677852348994,,0.0
2022-03-02,11.117,11.347,11.457,11.037,44809.01,53962.358,0.9385442514474772,,0.0
2022-03-03,11.347,11.207,11.407,11.127,39853.03,47775.908,0.9378242677824268,,0.0
2022-03-04,11.127,11.027,11.177,10.917,28551.0,33636.677,0.9368734069668648,,0.0
2022-03-07,11.037,10.807,11.337,10.737,32092.0,37548.378,0.9356709956709957,,0.0
2022-03-08,10.837,10.387,10.837,10.317,41469.0,46865.272,0.9332434860736748,,0.0
2022-03-09,10.427,10.087,10.567,9.727,33412.17,36369.609,0.931394275161588,,0.0
2022-03-10,10.287,10.147,10.367,10.087,28922.0,31775.369,0.9317722681359044,,0.0
2022-03-11,10.057,10.747,10.787,9.777,49448.28,55039.282,0.9353350739773716,,0.0
2022-03-14,10.737,10.677,11.057,10.637,45601.0,52930.173,0.934938704028021,,0.0
2022-03-15,10.597,10.497,11.007,10.357,56852.01,64804.921,0.9338967971530248,,0.0
2022-03-16,10.567,10.407,10.697,9.957,54927.0,60858.498,0.9333632286995516,,0.0
2022-03-17,10.477,10.927,10.997,10.297,49930.0,57775.908,0.9363324764353042,,0.0
2022-03-18,10.877,11.287,11.387,10.777,68161.86,81494.359,0.9382377389858686,,0.0
2022-03-21,11.227,11.727,11.917,11.137,82053.08,101173.353,0.9404170008019246,,0.0
2022-03-22,11.697,11.677,11.717,11.457,51391.0,63428.838,0.9401771336553943,,0.0
2022-03-23,11.607,11.517,11.697,11.377,35043.0,42920.153,0.9393964110929852,,0.0
2022-03-24,11.497,11.477,11.947,11.347,54552.33,67558.74,0.9391980360065466,,0.0
2022-03-25,11.257,11.857,11.927,11.187,73943.33,92315.784,0.941031746031746,,0.0
2022-03-28,12.057,11.607,12.407,11.377,93771.21,116268.505,0.939838056680162,,0.0
2022-03-29,11.497,12.847,12.847,11.347,90624.43,118735.26,0.94532744665195,,0.0
2022-03-30,13.247,13.127,13.727,12.287,248832.53,338796.56,0.9464311463590482,,0.0
2022-03-31,12.707,12.187,12.767,12.007,154340.55,202360.841,0.9425367362722352,,0.0
2022-04-01,11.857,11.567,12.257,11.517,137735.54,172971.581,0.939642567018684,,0.0
2022-04-06,11.527,11.777,11.877,11.457,106037.48,131680.196,0.9406549520766772,,0.0
2022-04-07,11.677,11.007,11.757,10.947,115677.8,137611.619,0.9367659574468084,,0.0
2022-04-08,10.957,10.407,10.957,10.387,81371.77,92370.224,0.9333632286995516,,0.0
2022-04-11,10.387,10.587,10.897,10.317,101328.7,115683.771,0.9344218887908208,,0.0
2022-04-12,10.577,10.687,10.697,10.217,67900.0,76204.06,0.9349956255468066,,0.0
2022-04-13,10.607,10.317,10.717,10.307,75184.0,84513.393,0.9328209764918626,,0.0
2022-04-14,10.357,10.467,10.577,10.117,54456.01,60836.006,0.9337198929527208,,0.0
2022-04-15,10.377,9.937,10.437,9.897,70918.31,77124.902,0.9304307116104868,,0.0
2022-04-18,9.967,10.347,10.497,9.857,72226.0,79593.289,0.9330027051397656,,0.0
2022-04-19,10.457,10.957,11.117,10.297,116775.0,134632.06,0.9364957264957264,,0.0
2022-04-20,10.807,11.057,11.467,10.747,125408.22,149010.796,0.9370338983050848,,0.0
2022-04-21,10.967,10.377,11.177,10.207,89282.0,101541.216,0.93318345323741,,0.0
2022-04-22,10.237,9.657,10.257,9.617,79532.22,83942.614,0.9285576923076924,,0.0
2022-04-25,9.437,8.637,9.437,8.616999999999999,78962.69,76531.339,0.9207889125799572,,0.0
2022-04-26,8.657,8.126999999999999,8.737,8.067,50166.32,45701.464,0.9162344983089064,,0.0
2022-04-27,8.137,8.366999999999999,8.366999999999999,7.807,63442.14,55960.818,0.9184412733260152,,0.0
2022-04-28,8.296999999999999,8.017,8.337,7.917,43862.78,38880.768,0.9151826484018264,,0.0
2022-04-29,8.017,8.376999999999999,8.437,8.017,50387.34,45626.596,0.918530701754386,,0.0
2022-05-05,8.376999999999999,8.456999999999999,8.597,8.206999999999999,47759.68,43964.372,0.9192391304347826,,0.0
2022-05-06,8.257,8.317,8.456999999999999,8.137,40218.23,36485.232,0.917991169977925,,0.0
2022-05-09,8.307,8.527,8.536999999999999,8.267,26039.0,23910.465,0.919848975188781,,0.0
2022-05-10,8.366999999999999,8.616999999999999,8.616999999999999,8.257,37802.0,34729.909,0.920619658119658,,0.0
2022-05-11,8.557,8.497,8.757,8.497,46132.26,43254.098,0.9195887445887444,,0.0
2022-05-12,8.447,8.497,8.647,8.357,48784.0,44949.748,0.9195887445887444,,0.0
2022-05-13,8.467,8.866999999999999,8.927,8.467,69333.0,65711.103,0.922684703433923,,0.0
2022-05-16,8.876999999999999,8.917,9.057,8.697,68903.62,66455.178,0.9230848861283644,,0.0
2022-05-17,8.897,8.687,8.897,8.587,42910.0,40491.795,0.9212089077412512,,0.0
2022-05-18,8.657,8.777,8.937,8.637,45151.31,43119.016,0.921953781512605,,0.0
2022-05-19,8.557,8.737,8.827,8.317,35519.0,33548.023,0.9216244725738396,,0.0
2022-05-20,8.737,8.817,8.827,8.706999999999999,32526.0,30977.122,0.9222803347280334,,0.0
2022-05-23,8.817,9.057,9.147,8.777,62915.84,61406.743,0.9241836734693876,,0.0
2022-05-24,9.047,8.767,9.147,8.717,68790.26,66442.772,0.9218717139852786,,0.0
2022-05-25,8.677,9.217,9.227,8.607,81975.1,80339.79,0.9254016064257028,,0.0
2022-05-26,9.157,9.137,9.297,8.977,47650.39,46834.39,0.9247975708502024,,0.0
2022-05-27,9.067,9.347,9.457,9.067,67212.98,67461.449,0.926362735381566,,0.0
2022-05-30,9.447,9.707,9.897,9.357,96119.65,100172.999,0.9288995215311004,,0.0
2022-05-31,9.587,9.797,10.037,9.547,101339.39,106618.998,0.929506641366224,,0.0
2022-06-01,9.647,9.647,9.857,9.557,55139.75,57536.305,0.9284889316650624,,0.0
2022-06-02,9.657,9.527,9.747,9.377,44420.0,45470.819,0.9276533592989288,,0.0
2022-06-06,9.467,9.607,9.637,9.467,40064.0,41224.78,0.9282125603864734,,0.0
2022-06-07,9.587,9.567,9.687,9.437,40462.0,41605.946,0.9279340446168768,,0.0
2022-06-08,9.617,9.527,9.637,9.317,41263.06,41222.485,0.949850448654038,,0.0
2022-06-09,9.527,9.307,9.567,9.217,26499.0,26111.7,0.9487257900101936,,0.0
2022-06-10,9.227,9.317,9.387,9.187,29278.0,28690.627,0.9487780040733196,,0.0
2022-06-13,9.307,9.317,9.437,9.197,31040.0,30432.105,0.9487780040733196,,0.0
2022-06-14,9.197,9.297,9.307,9.027,36588.0,35379.862,0.9486734693877552,,0.0
2022-06-15,9.307,9.267,9.417,9.217,35204.0,34569.558,0.948515864892528,,0.0
2022-06-16,9.267,9.347,9.517,9.247,30817.47,30406.588,0.9489340101522844,,0.0
2022-06-17,9.317,9.207,9.517,9.127,33994.0,33213.687,0.9481977342945416,,0.0
2022-06-20,9.217,9.297,9.297,9.167,22995.0,22409.257,0.9486734693877552,,0.0
2022-06-21,9.277,9.177,9.317,9.067,26628.0,25808.047,0.9480371900826446,,0.0
2022-06-22,9.167,9.057,9.187,9.037,23099.0,22178.692,0.9473849372384936,,0.0
2022-06-23,9.037,9.157,9.187,8.967,20138.0,19295.562,0.9479296066252588,,0.0
2022-06-24,9.157,9.217,9.257,9.147,16868.0,16378.905,0.9482510288065844,,0.0
2022-06-27,9.227,9.217,9.337,9.197,18233.0,17766.072,0.9482510288065844,,0.0
2022-06-28,9.227,9.367,9.367,9.137,24795.4,24292.013,0.9490374873353596,,0.0
2022-06-29,9.347,9.177,9.487,9.167,26333.63,25803.12,0.9480371900826446,,0.0
2022-06-30,9.177,9.327,9.477,9.147,33526.05,32922.309,0.9488301119023398,,0.0
2022-07-01,9.327,9.427,9.447,9.257,25926.38,25624.726,0.9493454179254784,,0.0
2022-07-04,9.437,9.677,9.677,9.397,48741.0,49076.57,0.950589390962672,,0.0
2022-07-05,9.627,9.547,9.667,9.337,44276.01,44194.764,0.9499502487562188,,0.0
2022-07-06,9.477,9.137,9.477,9.097,35767.66,34822.099,0.9478215767634854,,0.0
2022-07-07,9.197,9.247,9.347,9.117,26620.01,25934.011,0.9484102564102564,,0.0
2022-07-08,9.247,9.337,9.407,9.217,21291.17,20894.365,0.9488821138211382,,0.0
2022-07-11,9.327,9.437,9.537,9.237,32015.98,31611.081,0.9493963782696176,,0.0
2022-07-12,9.447,9.257,9.467,9.187,18889.0,18512.956,0.9484631147540984,,0.0
2022-07-13,9.277,9.497,9.577,9.167,27571.03,27326.254,0.9497,,0.0
2022-07-14,9.337,8.767,9.357,8.767,73117.17,68923.562,0.9457389428263214,,0.0
2022-07-15,8.767,8.607,8.847,8.587,36203.17,33240.755,0.9447859495060372,,0.0
2022-07-18,8.616999999999999,8.887,9.027,8.597,37578.0,35149.381,0.9464323748668796,,0.0
2022-07-19,8.837,8.977,9.007,8.837,21199.27,19995.099,0.9469409282700422,,0.0
2022-07-20,8.977,8.997,9.037,8.927,17712.0,16794.215,0.9470526315789474,,0.0
2022-07-21,8.997,8.927,9.047,8.897,16722.22,15842.698,0.9466595970307528,,0.0
2022-07-22,8.927,9.077,9.267,8.907,39725.22,38135.438,0.9474947807933194,,0.0
2022-07-25,8.957,9.007,9.237,8.957,25778.0,24612.339,0.9471083070452156,,0.0
2022-07-26,8.967,9.027,9.057,8.877,16601.0,15723.441,0.9472193074501574,,0.0
2022-07-27,8.997,9.097,9.137,8.967,13667.0,13097.638,0.9476041666666668,,0.0
2022-07-28,9.137,9.037,9.147,9.017,19096.0,18281.842,0.9472746331236898,,0.0
2022-07-29,9.037,9.027,9.187,8.997,21487.22,20586.996,0.9472193074501574,,0.0
2022-08-01,9.037,8.947,9.047,8.937,17083.0,16213.985,0.9467724867724868,,0.0
2022-08-02,8.907,8.557,8.967,8.417,37244.7,33811.926,0.9444812362030904,,0.0
2022-08-03,8.517,8.567,8.797,8.517,18834.7,17252.888,0.944542447629548,,0.0
2022-08-04,8.616999999999999,8.807,8.887,8.616999999999999,21306.7,19758.338,0.9459720730397422,,0.0
2022-08-05,8.807,8.837,8.866999999999999,8.667,21321.75,19803.2,0.9461456102783726,,0.0
2022-08-08,8.847,8.807,8.866999999999999,8.737,13053.0,12155.945,0.9459720730397422,,0.0
2022-08-09,8.807,8.757,8.827,8.707,11389.73,10541.365,0.9456803455723544,,0.0
2022-08-10,8.817,8.747,8.847,8.667,14440.23,13337.573,0.9456216216216216,,0.0
2022-08-11,8.747,8.917,8.917,8.747,17450.01,16335.224,0.9466029723991508,,0.0
2022-08-12,8.897,8.957,9.017,8.866999999999999,12452.01,11795.874,0.9468287526427062,,0.0
2022-08-15,8.937,8.977,9.017,8.837,15320.5,14436.453,0.9469409282700422,,0.0
2022-08-16,9.057,9.177,9.197,9.037,26203.98,25186.564,0.9480371900826446,,0.0
2022-08-17,9.187,9.157,9.197,9.107,13921.0,13445.036,0.9479296066252588,,0.0
2022-08-18,9.167,9.097,9.167,9.067,11283.65,10827.261,0.9476041666666668,,0.0
2022-08-19,9.097,9.197,9.297,9.077,20122.0,19546.775,0.9481443298969072,,0.0
2022-08-22,9.207,9.267,9.317,9.167,16511.99,16112.127,0.948515864892528,,0.0
2022-08-23,9.217,9.347,9.377,9.167,18672.99,18349.979,0.9489340101522844,,0.0
2022-08-24,9.347,9.297,9.497,9.257,27713.99,27361.778,0.9486734693877552,,0.0
2022-08-25,9.317,9.407,9.477,9.267,31424.4,31084.19,0.9492431886982844,,0.0
2022-08-26,9.337,9.517,9.687,9.317,38796.01,38941.479,0.9498003992015968,,0.0
2022-08-29,9.417,9.747,9.847,9.347,42017.01,42827.29,0.9509268292682926,,0.0
2022-08-30,9.687,9.917,10.337,9.627,70448.04,73152.226,0.9517274472168906,,0.0
2022-08-31,9.757,9.397,9.797,9.327,76133.34,75822.411,0.9491919191919193,,0.0
2022-09-01,9.357,9.487,9.697,9.357,37008.66,37199.792,0.9496496496496496,,0.0
2022-09-02,9.527,9.627,9.817,9.477,27545.73,27873.687,0.950345508390918,,0.0
2022-09-05,9.627,9.627,9.767,9.497,21663.0,21892.015,0.950345508390918,,0.0
2022-09-06,9.627,9.587,9.687,9.537,19356.01,19550.145,0.9501486620416254,,0.0
2022-09-07,9.617,9.477,9.617,9.417,23336.0,23274.198,0.9495991983967936,,0.0
2022-09-08,9.447,9.327,9.547,9.257,23248.0,22920.723,0.9488301119023398,,0.0
2022-09-09,9.347,9.277,9.387,9.217,17364.0,16979.348,0.9485685071574642,,0.0
2022-09-13,9.307,9.437,9.497,9.287,21004.0,20815.776,0.9493963782696176,,0.0
2022-09-14,9.327,9.277,9.387,9.217,14781.0,14478.663,0.9485685071574642,,0.0
2022-09-15,9.317,9.107,9.387,9.017,21988.0,21291.99,0.9476586888657648,,0.0
2022-09-16,9.097,8.847,9.187,8.827,21982.0,20862.071,0.9462032085561496,,0.0
2022-09-19,8.857,8.827,8.897,8.657,17423.0,16158.033,0.9460878885316184,,0.0
2022-09-20,8.897,8.857,9.057,8.817,17243.0,16233.294,0.9462606837606836,,0.0
2022-09-21,8.897,8.987,8.987,8.727,14515.0,13626.52,0.9469968387776608,,0.0
2022-09-22,8.967,8.807,8.967,8.786999999999999,15063.65,14100.454,0.9459720730397422,,0.0
2022-09-23,8.797,8.687,8.837,8.607,17394.0,16045.303,0.945266594124048,,0.0
2022-09-26,8.677,8.317,8.687,8.286999999999999,28366.0,25281.94,0.9429705215419502,,0.0
2022-09-27,8.357,8.616999999999999,8.637,8.347,22168.0,19931.91,0.9448464912280702,,0.0
2022-09-28,8.597,8.457,8.657,8.447,12313.0,11131.736,0.9438616071428572,,0.0
2022-09-29,8.717,8.397,8.727,8.317,16719.53,14979.616,0.9434831460674156,,0.0
2022-09-30,8.357,8.357,8.457,8.317,10204.0,9058.16,0.9432279909706546,,0.0
2022-10-10,8.467,8.397,8.587,8.357,18003.53,16158.117,0.9434831460674156,,0.0
2022-10-11,8.317,8.297,8.397,8.157,14186.5,12435.623,0.9428409090909092,,0.0
2022-10-12,8.297,8.557,8.697,8.227,26926.5,24195.251,0.9444812362030904,,0.0
2022-10-13,8.507,8.697,8.807,8.387,28801.33,26170.068,0.9453260869565218,,0.0
2022-10-14,8.707,8.797,8.866999999999999,8.697,21539.01,19992.928,0.9459139784946236,,0.0
2022-10-17,8.757,8.827,8.857,8.687,16859.14,15668.402,0.9460878885316184,,0.0
2022-10-18,8.797,8.786999999999999,8.897,8.757,11513.0,10735.1,0.9458557588805168,,0.0
2022-10-19,8.767,8.707,8.807,8.637,14909.01,13748.299,0.9453854505971768,,0.0
2022-10-20,8.697,8.717,8.797,8.627,11738.0,10825.346,0.9454446854663774,,0.0
2022-10-21,8.687,8.677,8.807,8.677,10159.0,9401.977,0.9452069716775598,,0.0
2022-10-24,8.727,8.427,8.747,8.397,16910.0,15322.798,0.9436730123180292,,0.0
2022-10-25,8.417,8.397,8.497,8.286999999999999,13446.0,11943.007,0.9434831460674156,,0.0
2022-10-26,8.407,8.507,8.567,8.407,14507.0,13061.578,0.944173140954495,,0.0
2022-10-27,8.457,8.747,8.827,8.457,21406.01,19657.845,0.9456216216216216,,0.0
2022-10-28,8.797,8.327,8.797,8.307,24819.82,22298.981,0.943035107587769,,0.0
2022-10-31,8.297,8.407,8.487,8.257,17762.0,15828.143,0.9435465768799102,,0.0
2022-11-01,8.377,8.597,8.616999999999999,8.327,18180.0,16435.225,0.9447252747252748,,0.0
2022-11-02,8.597,8.667,8.687,8.557,16670.0,15238.867,0.9451472191930208,,0.0
2022-11-03,8.637,8.647,8.687,8.547,10778.09,9838.166,0.9450273224043716,,0.0
2022-11-04,8.647,8.767,8.817,8.637,18907.0,17452.147,0.9457389428263214,,0.0
2022-11-07,8.747,8.797,8.837,8.687,20257.09,18814.749,0.9459139784946236,,0.0
2022-11-08,8.847,8.786999999999999,8.866999999999999,8.717,11705.0,10865.968,0.9458557588805168,,0.0
2022-11-09,8.737,8.827,8.877,8.717,16887.19,15730.009,0.9460878885316184,,0.0
2022-11-10,8.767,8.817,8.897,8.687,22321.02,20825.647,0.9460300429184548,,0.0
2022-11-11,8.927,8.887,9.017,8.847,23981.22,22607.34,0.9464323748668796,,0.0
2022-11-14,8.907,8.997,9.117,8.857,24871.09,23656.861,0.9470526315789474,,0.0
2022-11-15,8.997,9.007,9.047,8.927,23771.66,22530.609,0.9471083070452156,,0.0
2022-11-16,9.047,9.097,9.137,8.997,20446.98,19548.259,0.9476041666666668,,0.0
2022-11-17,9.057,9.187,9.217,9.037,17220.0,16616.396,0.9480908152734778,,0.0
2022-11-18,9.197,9.077,9.217,9.057,13987.0,13444.458,0.9474947807933194,,0.0
2022-11-21,9.017,9.057,9.097,8.927,16353.0,15563.289,0.9473849372384936,,0.0
2022-11-22,9.077,8.947,9.127,8.947,16584.0,15766.277,0.9467724867724868,,0.0
2022-11-23,8.997,9.107,9.217,8.937,29218.02,28093.427,0.9476586888657648,,0.0
2022-11-24,9.067,9.027,9.177,8.987,20238.7,19366.455,0.9472193074501574,,0.0
2022-11-25,9.037,9.097,9.157,8.987,17122.03,16428.058,0.9476041666666668,,0.0
2022-11-28,9.057,9.157,9.177,8.897,16778.65,16039.825,0.9479296066252588,,0.0
2022-11-29,9.097,9.297,9.347,9.097,28923.0,28234.863,0.9486734693877552,,0.0
2022-11-30,9.337,9.287,9.407,9.257,19219.15,18880.457,0.9486210418794688,,0.0
2022-12-01,9.377,9.337,9.487,9.317,28472.03,28178.825,0.9488821138211382,,0.0
2022-12-02,9.407,9.407,9.457,9.287,15354.0,15185.304,0.9492431886982844,,0.0
2022-12-05,9.457,9.577,9.627,9.407,19481.73,19590.814,0.9500992063492064,,0.0
2022-12-06,9.637,9.597,9.807,9.547,23909.02,24304.671,0.9501980198019802,,0.0
2022-12-07,9.597,9.617,9.657,9.487,21459.02,21619.214,0.950296442687747,,0.0
2022-12-08,9.597,9.427,9.677,9.387,21573.01,21449.184,0.9493454179254784,,0.0
2022-12-09,9.447,9.397,9.527,9.307,17275.05,17091.213,0.9491919191919193,,0.0
2022-12-12,9.397,9.477,9.587,9.307,37721.0,37612.915,0.9495991983967936,,0.0
2022-12-13,9.467,9.887,9.947,9.447,41126.02,42174.868,0.9515880654475456,,0.0
2022-12-14,9.857,9.807,10.107,9.717,50839.01,52701.484,0.9512124151309408,,0.0
2022-12-15,9.837,9.617,9.927,9.617,21673.84,22122.39,0.950296442687747,,0.0
2022-12-16,9.667,9.557,9.687,9.467,14954.0,15003.77,0.95,,0.0
2022-12-19,9.527,9.257,9.547,9.187,29193.01,28638.721,0.9484631147540984,,0.0
2022-12-20,9.197,9.027,9.247,8.967,19271.0,18415.786,0.9472193074501574,,0.0
2022-12-21,8.947,9.277,9.497,8.947,36316.02,35548.1,0.9485685071574642,,0.0
2022-12-22,9.377,9.967,10.257,9.327,152080.85,160435.43,0.9519579751671442,,0.0
2022-12-23,9.997,9.727,10.157,9.597,97438.18,100749.619,0.9508308895405668,,0.0
2022-12-26,9.877,9.767,10.057,9.587,83936.18,86119.833,0.9510223953261928,,0.0
2022-12-27,9.677,9.597,9.727,9.327,67177.98,67335.463,0.9501980198019802,,0.0
2022-12-28,9.627,9.857,10.207,9.417,113185.83,118000.855,0.9514478764478764,,0.0
2022-12-29,9.797,9.657,9.917,9.567,71817.0,73272.237,0.950492125984252,,0.0
2022-12-30,9.657,10.227,10.377,9.427,123717.47,129454.052,0.9531220876048462,,0.0
2023-01-03,10.237,10.047,10.247,9.947,83853.18,88363.842,0.9523222748815166,,0.0
2023-01-04,10.057,10.187,10.537,9.997,93004.84,99512.603,0.9529466791393826,,0.0
2023-01-05,10.247,10.007,10.287,9.937,67278.84,70916.474,0.952140818268316,,0.0
2023-01-06,9.997,9.757,9.997,9.697,50303.66,51764.951,0.9509746588693956,,0.0
2023-01-09,9.787,9.807,9.847,9.697,34671.0,35626.062,0.9512124151309408,,0.0
2023-01-10,9.777,9.457,9.777,9.427,55202.82,55284.791,0.9494979919678714,,0.0
2023-01-11,9.527,9.367,9.527,9.337,25949.0,25759.389,0.9490374873353596,,0.0
2023-01-12,9.367,9.357,9.437,9.277,20214.12,19907.971,0.9489858012170386,,0.0
2023-01-13,9.407,9.517,9.587,9.347,24040.1,24013.304,0.9498003992015968,,0.0
2023-01-16,9.487,9.477,9.567,9.447,26500.13,26485.407,0.9495991983967936,,0.0
2023-01-17,9.497,9.617,9.667,9.437,29755.01,29898.854,0.950296442687747,,0.0
2023-01-18,9.657,9.587,9.677,9.527,20565.0,20773.032,0.9501486620416254,,0.0
2023-01-19,9.587,9.597,9.667,9.557,15177.0,15343.846,0.9501980198019802,,0.0
2023-01-20,9.637,9.627,9.667,9.567,19646.0,19903.564,0.950345508390918,,0.0
2023-01-30,9.707,9.747,9.747,9.567,28174.0,28672.95,0.9509268292682926,,0.0
2023-01-31,9.727,9.877,9.887,9.707,28550.0,29499.028,0.9515414258188823,,0.0
2023-02-01,9.877,9.997,10.017,9.817,26788.0,27953.771,0.952095238095238,,0.0
2023-02-02,10.007,10.067,10.087,9.887,28797.18,30310.895,0.9524124881740776,,0.0
2023-02-03,10.067,9.997,10.127,9.937,22174.0,23285.312,0.952095238095238,,0.0
2023-02-06,9.957,10.017,10.087,9.907,21467.5,22530.471,0.9521863117870722,,0.0
2023-02-07,10.017,9.977,10.057,9.897,20533.0,21446.197,0.9520038167938932,,0.0
2023-02-08,9.977,9.907,10.067,9.897,18528.0,19431.49,0.9516810758885688,,0.0
2023-02-09,9.917,9.967,10.017,9.877,17155.0,17924.295,0.9519579751671442,,0.0
2023-02-10,9.977,10.047,10.097,9.947,22764.0,24009.254,0.9523222748815166,,0.0
2023-02-13,10.047,10.097,10.127,10.007,18064.0,19085.286,0.9525471698113208,,0.0
2023-02-14,10.097,10.027,10.177,9.977,24130.0,25405.73,0.9522317188983856,,0.0
2023-02-15,10.047,9.957,10.057,9.897,20466.0,21415.33,0.9519120458891012,,0.0
2023-02-16,9.997,9.877,10.167,9.807,36411.0,38406.316,0.9515414258188823,,0.0
2023-02-17,9.877,9.867,10.057,9.867,20004.23,20894.148,0.9514946962391514,,0.0
2023-02-20,9.877,9.957,9.967,9.687,32927.02,34040.019,0.9519120458891012,,0.0
2023-02-21,9.967,9.997,10.047,9.877,19646.5,20550.591,0.952095238095238,,0.0
2023-02-22,9.977,10.087,10.097,9.927,21363.0,22537.393,0.952502360717658,,0.0
2023-02-23,10.087,10.117,10.197,10.047,25066.02,26631.656,0.9526365348399246,,0.0
2023-02-24,10.107,10.057,10.167,9.987,14373.0,15163.639,0.9523674242424244,,0.0
2023-02-27,10.007,10.017,10.117,9.977,12226.14,12890.422,0.9521863117870722,,0.0
2023-02-28,10.017,10.147,10.147,10.017,14764.01,15648.41,0.9527699530516432,,0.0
2023-03-01,10.087,10.237,10.237,10.087,23330.01,24945.497,0.9531657355679702,,0.0
2023-03-02,10.237,10.157,10.247,10.087,17210.0,18330.653,0.95281425891182,,0.0
2023-03-03,10.157,10.197,10.227,10.047,21545.0,22982.165,0.9529906542056076,,0.0
2023-03-06,10.247,10.547,10.557,10.247,49496.33,54088.685,0.9544796380090498,,0.0
2023-03-07,10.507,10.317,10.547,10.297,28980.82,31656.665,0.9535120147874306,,0.0
2023-03-08,10.317,10.297,10.377,10.177,18959.0,20453.277,0.953425925925926,,0.0
2023-03-09,10.377,10.217,10.377,10.177,15799.18,16950.346,0.9530783582089551,,0.0
2023-03-10,10.197,10.047,10.227,10.037,17912.0,19027.162,0.9523222748815166,,0.0
2023-03-13,10.097,10.167,10.177,9.917,23237.0,24497.692,0.9528584817244612,,0.0
2023-03-14,10.127,9.987,10.227,9.937,15587.0,16445.355,0.9520495710200192,,0.0
2023-03-15,10.077,10.127,10.297,10.067,20053.61,21392.438,0.952681091251176,,0.0
2023-03-16,10.157,9.927,10.157,9.927,14080.0,14781.387,0.9517737296260786,,0.0
2023-03-17,9.987,9.937,10.077,9.897,11791.19,12334.242,0.9518199233716474,,0.0
2023-03-20,9.987,9.757,9.987,9.737,19748.0,20325.583,0.9509746588693956,,0.0
2023-03-21,9.797,9.947,9.967,9.747,14942.0,15500.071,0.951866028708134,,0.0
2023-03-22,9.957,10.047,10.177,9.947,17274.46,18254.81,0.9523222748815166,,0.0
2023-03-23,9.987,10.057,10.167,9.947,14276.35,15067.064,0.9523674242424244,,0.0
2023-03-24,10.047,10.357,10.367,10.047,36479.79,39361.099,0.953683241252302,,0.0
2023-03-27,10.297,10.287,10.347,10.197,21478.0,23141.1,0.9533827618164968,,0.0
2023-03-28,10.287,10.207,10.317,10.167,15765.0,16927.426,0.9530345471521942,,0.0
2023-03-29,10.207,10.147,10.267,9.997,17607.0,18733.084,0.9527699530516432,,0.0
2023-03-30,10.147,9.997,10.147,9.877,19334.0,20306.995,0.952095238095238,,0.0
2023-03-31,10.067,10.357,10.377,9.997,34900.0,37487.675,0.953683241252302,,0.0
2023-04-03,10.497,10.777,10.907,10.467,104105.01,116810.951,0.9554078014184396,,0.0
2023-04-04,10.847,10.947,11.417,10.837,112807.0,131084.576,0.9560698689956332,,0.0
2023-04-06,10.957,10.617,10.987,10.537,68942.0,77345.431,0.9547661870503596,,0.0
2023-04-07,10.587,10.557,10.757,10.477,38395.0,42652.512,0.954520795660036,,0.0
2023-04-10,10.507,10.097,10.547,10.047,56162.01,60305.065,0.9525471698113208,,0.0
2023-04-11,10.117,10.047,10.127,9.917,38053.0,40008.595,0.9523222748815166,,0.0
2023-04-12,10.047,10.267,10.317,10.047,34986.0,37491.353,0.9532961931290622,,0.0
2023-04-13,10.297,10.627,10.717,10.207,49547.08,54715.88,0.954806828391734,,0.0
2023-04-14,10.557,10.427,10.607,10.377,36234.07,39753.562,0.9539798719121684,,0.0
2023-04-17,10.367,10.477,10.487,10.227,29694.0,32266.537,0.9541894353369764,,0.0
2023-04-18,10.407,10.487,10.577,10.237,29323.0,31918.523,0.954231119199272,,0.0
2023-04-19,10.487,10.597,10.677,10.417,31088.0,34421.868,0.9546846846846848,,0.0
2023-04-20,10.557,10.457,10.557,10.337,24656.0,26963.83,0.9541058394160584,,0.0
2023-04-21,10.537,10.417,10.717,10.387,35479.0,39143.452,0.9539377289377288,,0.0
2023-04-24,10.347,10.267,10.407,10.157,23564.14,25380.317,0.9532961931290622,,0.0
2023-04-25,10.247,9.987,10.357,9.857,25209.0,26600.471,0.9520495710200192,,0.0
2023-04-26,9.987,10.277,10.287,9.907,26297.5,28097.38,0.953339517625232,,0.0
2023-04-27,10.247,10.327,10.357,10.137,21299.47,22964.548,0.9535549399815328,,0.0
2023-04-28,10.317,10.667,10.667,10.317,29825.09,33001.098,0.95496866606983,,0.0
2023-05-04,10.197,9.577,10.197,9.547,106525.0,108833.504,0.9500992063492064,,0.0
2023-05-05,9.597,9.367,9.637,9.237,58323.39,57636.1,0.9490374873353596,,0.0
2023-05-08,9.437,9.507,9.787,9.437,46432.68,46874.835,0.9497502497502496,,0.0
2023-05-09,9.537,9.427,9.617,9.397,33510.0,33501.131,0.9493454179254784,,0.0
2023-05-10,9.407,9.347,9.487,9.257,24514.18,24116.641,0.9489340101522844,,0.0
2023-05-11,9.377,9.367,9.387,9.267,15416.12,15162.182,0.9490374873353596,,0.0
2023-05-12,9.367,9.367,9.547,9.287,23749.0,23472.99,0.9490374873353596,,0.0
2023-05-15,9.357,9.457,9.457,9.327,27634.66,27320.582,0.9494979919678714,,0.0
2023-05-16,9.447,9.367,9.587,9.347,27482.52,27452.211,0.9490374873353596,,0.0
2023-05-17,9.347,9.377,9.387,9.247,15357.52,15086.712,0.9490890688259108,,0.0
2023-05-18,9.417,9.377,9.417,9.317,13215.0,13028.108,0.9490890688259108,,0.0
2023-05-19,9.377,9.427,9.447,9.257,18928.0,18665.171,0.9493454179254784,,0.0
2023-05-22,9.417,9.547,9.597,9.357,23005.52,23042.497,0.9499502487562188,,0.0
2023-05-23,9.587,9.467,9.757,9.457,22356.01,22553.73,0.9495486459378134,,0.0
2023-05-24,9.437,9.297,9.497,9.277,20186.38,19860.959,0.9486734693877552,,0.0
2023-05-25,9.297,9.147,9.327,9.067,22017.38,21303.589,0.9478756476683936,,0.0
2023-05-26,9.207,9.107,9.207,9.017,12345.66,11843.419,0.9476586888657648,,0.0
2023-05-29,9.137,9.067,9.247,9.047,12358.0,11910.08,0.9474399164054336,,0.0
2023-05-30,9.097,9.077,9.137,8.987,12262.3,11732.788,0.9474947807933194,,0.0
2023-05-31,9.117,9.087,9.177,9.057,15173.29,14606.156,0.9475495307612096,,0.0
2023-06-01,9.077,9.217,9.277,8.997,20218.9,19543.806,0.9482510288065844,,0.0
2023-06-02,9.207,9.307,9.327,9.207,16100.0,15757.061,0.9487257900101936,,0.0
2023-06-05,9.287,9.237,9.337,9.227,10010.0,9782.801,0.9483572895277208,,0.0
2023-06-06,9.247,9.187,9.287,9.177,19404.62,18875.796,0.9480908152734778,,0.0
2023-06-07,9.177,9.277,9.307,9.117,18755.0,18248.954,0.9485685071574642,,0.0
2023-06-08,9.31,9.340000000000002,9.37,9.24,13603.0,13180.424,0.9618949536560248,,0.0
2023-06-09,9.340000000000002,9.3,9.43,9.29,16478.0,16010.638,0.9617373319544984,,0.0
2023-06-12,9.28,9.23,9.3,9.08,16722.0,15993.107,0.9614583333333334,,0.0
2023-06-13,9.21,9.42,9.46,9.21,24118.01,23522.164,0.96220633299285,,0.0
2023-06-14,9.4,9.73,10.07,9.38,69689.3,70709.689,0.9633663366336634,,0.0
2023-06-15,9.73,9.45,9.760000000000002,9.35,47966.0,47328.701,0.9623217922606926,,0.0
2023-06-16,9.45,9.4,9.52,9.38,26972.03,26479.112,0.9621289662231322,,0.0
2023-06-19,9.4,9.25,9.46,9.24,26776.36,25879.437,0.9615384615384616,,0.0
2023-06-20,9.25,9.17,9.31,9.16,17642.0,16881.449,0.9612159329140462,,0.0
2023-06-21,9.18,9.02,9.24,9.010000000000002,22319.0,21114.028,0.9605963791267308,,0.0
2023-06-26,9.0,8.74,9.0,8.71,25667.18,23569.363,0.9593852908891328,,0.0
2023-06-27,8.74,8.870000000000001,8.96,8.72,18111.18,16688.482,0.95995670995671,,0.0
2023-06-28,8.850000000000001,8.88,8.9,8.71,13790.0,12657.834,0.96,,0.0
2023-06-29,8.840000000000002,9.03,9.090000000000002,8.83,18077.32,16960.403,0.9606382978723406,,0.0
2023-06-30,9.07,9.16,9.19,9.03,16418.41,15589.275,0.9611752360965372,,0.0
2023-07-03,9.19,9.25,9.27,9.1,15272.0,14623.907,0.9615384615384616,,0.0
2023-07-04,9.23,9.23,9.25,9.16,10590.0,10134.635,0.9614583333333334,,0.0
2023-07-05,9.22,9.19,9.29,9.15,9884.01,9474.804,0.9612970711297072,,0.0
2023-07-06,9.16,9.260000000000002,9.32,9.14,11444.0,11019.277,0.9615784008307372,,0.0
2023-07-07,9.28,9.42,9.52,9.22,27081.0,26480.527,0.96220633299285,,0.0
2023-07-10,9.45,9.44,9.53,9.38,16021.04,15717.905,0.962283384301733,,0.0
2023-07-11,9.44,9.4,9.48,9.340000000000002,17104.0,16705.04,0.9621289662231322,,0.0
2023-07-12,9.42,9.29,9.43,9.27,13623.0,13232.671,0.961697722567288,,0.0
2023-07-13,9.3,9.38,9.39,9.27,14049.01,13649.12,0.962051282051282,,0.0
2023-07-14,9.42,9.38,9.45,9.35,9315.99,9103.243,0.962051282051282,,0.0
2023-07-17,9.15,9.090000000000002,9.17,8.81,38608.0,36181.464,0.9608879492600424,,0.0
2023-07-18,9.16,9.25,9.3,9.06,20980.01,20091.612,0.9615384615384616,,0.0
2023-07-19,9.25,9.27,9.32,9.17,14269.0,13722.693,0.9616182572614108,,0.0
2023-07-20,9.31,9.23,9.340000000000002,9.16,14689.0,14147.108,0.9614583333333334,,0.0
2023-07-21,9.19,9.3,9.340000000000002,9.17,13621.01,13157.763,0.9617373319544984,,0.0
2023-07-24,9.3,9.29,9.35,9.23,13000.0,12562.064,0.961697722567288,,0.0
2023-07-25,9.29,9.38,9.38,9.27,13399.0,12996.838,0.962051282051282,,0.0
2023-07-26,9.39,9.43,9.46,9.33,11297.0,11049.585,0.9622448979591838,,0.0
2023-07-27,9.41,9.43,9.55,9.38,15755.0,15527.69,0.9622448979591838,,0.0
2023-07-28,9.52,9.52,9.53,9.39,14510.73,14310.825,0.962588473205258,,0.0
2023-07-31,9.56,9.69,9.73,9.48,28600.4,28622.581,0.963220675944334,,0.0
2023-08-01,9.71,9.78,9.9,9.69,34516.0,34992.338,0.9635467980295568,,0.0
2023-08-02,9.8,9.69,9.8,9.65,16480.0,16628.281,0.963220675944334,,0.0
2023-08-03,9.73,9.83,9.840000000000002,9.65,17258.82,17499.438,0.9637254901960786,,0.0
2023-08-04,9.86,9.62,9.87,9.61,19294.0,19431.663,0.962962962962963,,0.0
2023-08-07,9.65,9.6,9.74,9.57,12504.0,12497.728,0.962888665997994,,0.0
2023-08-08,9.65,9.63,9.69,9.53,10221.0,10191.697,0.963,,0.0
2023-08-09,9.65,9.5,9.65,9.47,9985.0,9866.508,0.9625126646403244,,0.0
2023-08-10,9.56,9.510000000000002,9.57,9.46,9425.99,9314.231,0.9625506072874496,,0.0
2023-08-11,9.55,9.37,9.66,9.37,12963.99,12769.444,0.9620123203285422,,0.0
2023-08-14,9.39,9.42,9.45,9.25,11837.0,11490.404,0.96220633299285,,0.0
2023-08-15,9.44,9.38,9.510000000000002,9.37,11361.01,11131.542,0.962051282051282,,0.0
2023-08-16,9.4,9.35,9.43,9.260000000000002,9260.01,8998.599,0.9619341563786008,,0.0
2023-08-17,9.31,9.47,9.510000000000002,9.260000000000002,10800.0,10532.602,0.96239837398374,,0.0
2023-08-18,9.46,9.37,9.53,9.340000000000002,10853.0,10626.944,0.9620123203285422,,0.0
2023-08-21,9.39,9.36,9.52,9.32,18990.0,18580.845,0.9619732785200412,,0.0
2023-08-22,9.35,9.3,9.510000000000002,9.2,18849.0,18230.764,0.9617373319544984,,0.0
2023-08-23,9.31,9.57,9.81,9.3,66510.9,66238.901,0.9627766599597586,,0.0
2023-08-24,9.43,10.56,10.56,9.0,204518.8,211631.006,0.9661482159194876,,0.0
2023-08-25,10.45,10.15,11.38,10.11,281246.5,313907.928,0.9648288973384032,,0.0
2023-08-28,10.14,10.71,11.1,9.93,213172.27,226591.778,0.966606498194946,,0.0
2023-08-29,10.53,10.1,10.53,9.840000000000002,172542.5,180413.883,0.9646609360076408,,0.0
2023-08-30,9.93,9.55,10.07,9.510000000000002,121328.65,121914.388,0.962701612903226,,0.0
2023-08-31,9.5,9.22,9.52,9.010000000000002,109382.74,104585.645,0.9614181438998958,,0.0
2023-09-01,9.14,9.16,9.2,9.05,58191.22,55180.319,0.9611752360965372,,0.0
2023-09-04,9.16,9.25,9.35,9.16,52808.01,50830.872,0.9615384615384616,,0.0
2023-09-05,9.21,9.03,9.24,8.940000000000001,72968.0,68668.64,0.9606382978723406,,0.0
2023-09-06,9.02,8.99,9.05,8.940000000000001,31288.0,29266.84,0.9604700854700856,,0.0
2023-09-07,8.99,8.850000000000001,9.0,8.850000000000001,32599.0,30316.515,0.9598698481561824,,0.0
2023-09-08,8.82,8.790000000000001,8.89,8.770000000000001,24783.0,22737.947,0.9596069868995634,,0.0
2023-09-11,8.770000000000001,8.850000000000001,8.860000000000001,8.73,20890.51,19170.647,0.9598698481561824,,0.0
2023-09-12,8.860000000000001,8.96,8.98,8.83,27156.01,25216.666,0.9603429796355842,,0.0
2023-09-13,8.98,8.860000000000001,8.98,8.81,21439.01,19791.936,0.9599133261105092,,0.0
2023-09-14,8.860000000000001,8.770000000000001,8.870000000000001,8.72,20351.01,18605.648,0.9595185995623632,,0.0
2023-09-15,8.81,8.850000000000001,8.88,8.74,22077.01,20284.826,0.9598698481561824,,0.0
2023-09-18,8.88,9.05,9.090000000000002,8.8,43690.51,40916.569,0.9607218683651806,,0.0
2023-09-19,9.02,8.930000000000001,9.13,8.91,26145.01,24493.29,0.960215053763441,,0.0
2023-09-20,8.940000000000001,8.940000000000001,9.0,8.860000000000001,16060.01,14954.516,0.9602577873254566,,0.0
2023-09-21,8.930000000000001,8.8,8.96,8.780000000000001,18671.01,17221.324,0.959651035986914,,0.0
2023-09-22,8.8,8.930000000000001,8.950000000000001,8.74,18599.0,17190.751,0.960215053763441,,0.0
2023-09-25,8.930000000000001,9.010000000000002,9.06,8.850000000000001,25271.0,23684.657,0.9605543710021324,,0.0
2023-09-26,8.92,8.940000000000001,9.08,8.92,15221.0,14231.199,0.9602577873254566,,0.0
2023-09-27,8.940000000000001,8.92,9.02,8.9,13004.0,12129.895,0.9601722282023682,,0.0
2023-09-28,8.940000000000001,9.0,9.02,8.9,12033.0,11252.036,0.96051227321238,,0.0
2023-10-09,8.98,8.870000000000001,8.99,8.81,18780.0,17329.002,0.95995670995671,,0.0
2023-10-10,8.870000000000001,8.82,8.92,8.780000000000001,13961.73,12854.418,0.9597388465723612,,0.0
2023-10-11,8.83,8.73,8.860000000000001,8.700000000000001,21305.01,19422.595,0.9593406593406594,,0.0
2023-10-12,8.770000000000001,8.72,8.770000000000001,8.64,12139.0,10995.627,0.9592959295929594,,0.0
2023-10-13,8.71,8.530000000000001,8.71,8.520000000000001,19885.1,17802.424,0.958426966292135,,0.0
2023-10-16,8.530000000000001,8.57,8.600000000000001,8.5,10376.1,9254.399,0.9586129753914988,,0.0
2023-10-17,8.55,8.56,8.58,8.5,11181.0,9957.146,0.9585666293393058,,0.0
2023-10-18,8.57,8.41,8.57,8.38,13593.0,12007.475,0.957858769931663,,0.0
2023-10-19,8.41,8.360000000000001,8.48,8.32,13445.0,11791.096,0.9576174112256588,,0.0
2023-10-20,8.4,8.33,8.450000000000001,8.31,8075.0,7049.567,0.9574712643678162,,0.0
2023-10-23,8.290000000000001,8.290000000000001,8.360000000000001,8.14,14300.0,12298.357,0.9572748267898384,,0.0
2023-10-24,8.15,8.430000000000001,8.48,8.15,15165.0,13288.606,0.9579545454545456,,0.0
2023-10-25,8.47,8.610000000000001,8.65,8.47,14927.0,13388.843,0.9587973273942094,,0.0
2023-10-26,8.66,8.600000000000001,8.67,8.540000000000001,9697.0,8692.275,0.9587513935340024,,0.0
2023-10-27,8.63,8.780000000000001,8.790000000000001,8.55,20327.0,18491.007,0.9595628415300548,,0.0
2023-10-30,8.860000000000001,9.27,9.340000000000002,8.850000000000001,86454.72,82904.264,0.9616182572614108,,0.0
2023-10-31,9.24,9.31,9.44,9.17,47792.51,46343.367,0.9617768595041324,,0.0
2023-11-01,9.38,9.56,9.62,9.37,58035.72,57387.975,0.9627391742195368,,0.0
2023-11-02,9.590000000000002,9.47,9.61,9.39,28745.72,28322.364,0.96239837398374,,0.0
2023-11-03,9.49,9.49,9.58,9.41,24402.0,24115.323,0.962474645030426,,0.0
2023-11-06,9.510000000000002,9.54,9.57,9.35,26896.0,26471.852,0.9626639757820384,,0.0
2023-11-07,9.53,9.48,9.56,9.38,21345.0,21040.883,0.9624365482233505,,0.0
2023-11-08,9.5,9.48,9.6,9.44,20790.0,20549.692,0.9624365482233505,,0.0
2023-11-09,9.5,9.44,9.57,9.42,12729.0,12538.397,0.962283384301733,,0.0
2023-11-10,9.41,9.58,9.590000000000002,9.35,18995.0,18795.601,0.9628140703517588,,0.0
2023-11-13,9.54,9.68,9.69,9.52,18687.1,18671.593,0.9631840796019902,,0.0
2023-11-14,9.73,9.61,9.73,9.54,11764.0,11741.764,0.9629258517034068,,0.0
2023-11-15,9.7,9.74,9.760000000000002,9.590000000000002,17050.01,17154.266,0.9634025717111772,,0.0
2023-11-16,9.73,9.66,9.74,9.61,10287.0,10330.149,0.963110667996012,,0.0
2023-11-17,9.62,9.7,9.73,9.58,14221.0,14273.825,0.9632571996027808,,0.0
2023-11-20,9.69,9.91,9.91,9.69,17617.0,17952.566,0.9640077821011674,,0.0
2023-11-21,9.86,9.88,9.99,9.83,18462.0,18989.148,0.9639024390243904,,0.0
2023-11-22,9.88,9.89,10.010000000000002,9.83,16308.0,16784.183,0.9639376218323588,,0.0
2023-11-23,9.88,9.9,10.010000000000002,9.81,16140.0,16562.558,0.963972736124635,,0.0
2023-11-24,9.81,9.98,10.04,9.81,28544.01,29522.004,0.9642512077294688,,0.0
2023-11-27,9.840000000000002,10.07,10.260000000000002,9.840000000000002,49282.65,51677.533,0.96455938697318,,0.0
2023-11-28,9.98,10.06,10.13,9.73,30584.0,31744.969,0.9645254074784276,,0.0
2023-11-29,10.16,10.05,10.23,9.95,20687.0,21518.88,0.9644913627639156,,0.0
2023-11-30,10.04,10.1,10.16,9.96,28037.51,29302.795,0.9646609360076408,,0.0
2023-12-01,9.99,10.21,10.31,9.99,41345.1,43747.363,0.9650283553875236,,0.0
2023-12-04,10.23,10.27,10.340000000000002,10.090000000000002,34029.5,36075.927,0.9652255639097744,,0.0
2023-12-05,10.260000000000002,10.39,10.57,10.18,50434.0,54496.318,0.9656133828996284,,0.0
2023-12-06,10.29,10.590000000000002,10.74,10.19,63837.0,69480.306,0.9662408759124088,,0.0
2023-12-07,10.53,10.510000000000002,10.62,10.340000000000002,43248.0,46855.189,0.9659926470588236,,0.0
2023-12-08,10.53,10.14,10.63,10.12,47272.01,50354.251,0.9647954329210277,,0.0
2023-12-11,10.14,10.24,10.29,9.95,39204.0,41376.974,0.9651272384542884,,0.0
2023-12-12,10.24,10.47,10.5,10.18,37552.01,40417.381,0.9658671586715868,,0.0
2023-12-13,10.44,11.06,11.55,10.32,149046.0,171432.43,0.967629046369204,,0.0
2023-12-14,10.92,10.87,11.06,10.64,113459.01,127155.361,0.967081850533808,,0.0
2023-12-15,10.81,10.71,10.83,10.57,77042.02,85287.599,0.966606498194946,,0.0
2023-12-18,10.8,10.63,10.93,10.53,63571.0,70306.419,0.9663636363636364,,0.0
2023-12-19,10.58,10.33,10.58,10.19,72311.0,77177.123,0.9654205607476636,,0.0
2023-12-20,10.43,10.35,11.03,10.28,57292.01,62439.5,0.9654850746268656,,0.0
2023-12-21,10.19,10.52,10.62,10.1,56101.0,60085.794,0.9660238751147844,,0.0
2023-12-22,10.58,10.28,10.58,10.22,33398.0,35908.332,0.9652582159624414,,0.0
2023-12-25,10.25,10.23,10.43,10.05,35169.01,37309.591,0.9650943396226416,,0.0
2023-12-26,10.29,10.31,10.6,10.24,27919.01,29990.122,0.9653558052434458,,0.0
2023-12-27,10.24,10.41,10.45,10.17,25765.0,27569.836,0.9656771799628944,,0.0
2023-12-28,10.38,10.47,10.510000000000002,10.31,24537.0,26480.033,0.9658671586715868,,0.0
2023-12-29,10.42,10.32,10.6,10.260000000000002,36903.0,39649.635,0.9653882132834424,,0.0
2024-01-02,10.32,10.58,10.65,10.29,46730.0,50931.856,0.9662100456621006,,0.0
2024-01-03,10.53,10.45,10.62,10.36,27016.0,29274.067,0.9658040665434382,,0.0
2024-01-04,10.49,10.48,10.64,10.41,28745.0,31322.735,0.9658986175115208,,0.0
2024-01-05,10.47,10.3,10.55,10.25,24255.0,26090.858,0.9653233364573572,,0.0
2024-01-08,10.31,10.17,10.4,10.14,19233.0,20423.935,0.9648956356736244,,0.0
2024-01-09,10.27,10.36,10.46,10.14,22477.0,24102.522,0.9655172413793104,,0.0
2024-01-10,10.42,10.38,10.49,10.29,14639.0,15768.799,0.9655813953488372,,0.0
2024-01-11,10.510000000000002,10.47,10.58,10.340000000000002,20222.0,21880.772,0.9658671586715868,,0.0
2024-01-12,10.39,10.38,10.68,10.340000000000002,27775.09,30145.33,0.9655813953488372,,0.0
2024-01-15,10.32,10.32,10.5,10.29,17745.0,19027.677,0.9653882132834424,,0.0
2024-01-16,10.32,10.28,10.46,10.090000000000002,19340.0,20465.046,0.9652582159624414,,0.0
2024-01-17,10.23,10.06,10.38,10.03,19191.0,20328.184,0.9645254074784276,,0.0
2024-01-18,10.04,9.79,10.090000000000002,9.55,26725.01,27052.571,0.9635826771653544,,0.0
2024-01-19,9.87,9.92,10.03,9.68,27937.0,28658.514,0.9640427599611274,,0.0
2024-01-22,9.92,9.21,9.92,9.1,32214.0,31840.977,0.9613778705636744,,0.0
2024-01-23,9.28,9.05,9.3,8.850000000000001,28442.0,26703.347,0.9607218683651806,,0.0
2024-01-24,9.08,9.99,9.99,9.05,100894.01,100778.436,0.9642857142857144,,0.0
2024-01-25,9.73,11.03,11.03,9.68,208454.32,228638.11,0.9675438596491228,,0.0
2024-01-26,11.63,10.67,12.17,10.32,293468.36,342016.971,0.9664855072463768,,0.0
2024-01-29,10.43,10.86,11.27,10.43,234921.95,261474.962,0.967052537845058,,0.0
2024-01-30,10.47,10.68,11.010000000000002,9.93,170963.0,188310.911,0.9665158371040724,,0.0
2024-01-31,10.52,10.53,11.010000000000002,10.23,162225.62,177954.534,0.9660550458715595,,0.0
2024-02-01,10.19,10.33,11.17,9.68,156431.62,170496.365,0.9654205607476636,,0.0
2024-02-02,10.22,9.260000000000002,10.32,9.260000000000002,105125.0,104651.945,0.9615784008307372,,0.0
2024-02-05,8.63,8.3,8.83,8.3,34475.0,30130.355,0.9573241061130336,,0.0
2024-02-06,7.43,7.43,7.680000000000001,7.43,104980.62,82183.194,0.9525641025641024,,0.0
2024-02-07,7.439999999999999,6.65,7.439999999999999,6.65,132234.0,93450.559,0.9472934472934472,,0.0
2024-02-08,6.43,6.8,6.88,6.04,176233.44,119315.969,0.9483960948396096,,0.0
2024-02-19,6.8,7.04,7.04,6.73,116464.12,84724.492,0.9500674763832658,,0.0
2024-02-20,7.03,7.15,7.19,6.79,76260.85,56442.708,0.9507978723404256,,0.0
2024-02-21,7.04,7.39,7.58,7.03,89881.61,69540.447,0.952319587628866,,0.0
2024-02-22,7.35,7.62,7.680000000000001,7.3,71640.1,56579.317,0.95369211514393,,0.0
2024-02-23,7.649999999999999,7.87,7.899999999999999,7.6,60549.92,49052.121,0.9550970873786409,,0.0
2024-02-26,7.85,8.020000000000001,8.17,7.77,75313.85,62824.199,0.9558998808104888,,0.0
2024-02-27,7.999999999999999,8.24,8.24,7.88,58405.0,49749.553,0.9570267131242742,,0.0
2024-02-28,8.260000000000002,7.439999999999999,8.430000000000001,7.41,114924.72,95496.85,0.9526248399487836,,0.0
2024-02-29,7.399999999999999,7.649999999999999,7.649999999999999,7.26,76096.01,60036.831,0.953865336658354,,0.0
2024-03-01,7.659999999999999,7.58,7.78,7.51,53674.0,42686.615,0.9534591194968554,,0.0
2024-03-04,7.58,7.41,7.649999999999999,7.3,54424.01,42443.485,0.9524421593830334,,0.0
2024-03-05,7.39,7.18,7.43,7.14,48996.0,37310.961,0.9509933774834436,,0.0
2024-03-06,7.16,7.27,7.34,7.15,36874.0,28101.067,0.9515706806282722,,0.0
2024-03-07,7.26,7.3,7.439999999999999,7.25,41389.0,31923.39,0.9517601043024772,,0.0
2024-03-08,7.35,7.46,7.49,7.3,50115.1,38996.902,0.9527458492975734,,0.0
2024-03-11,7.42,7.63,7.64,7.42,47452.91,37561.773,0.95375,,0.0
2024-03-12,7.680000000000001,7.81,7.819999999999999,7.6,50367.09,40753.352,0.9547677261613692,,0.0
2024-03-13,7.78,7.739999999999999,7.96,7.63,52215.0,42205.174,0.9543773119605424,,0.0
2024-03-14,7.739999999999999,7.749999999999999,7.78,7.58,44177.0,35651.79,0.9544334975369458,,0.0
2024-03-15,7.71,7.829999999999999,7.829999999999999,7.669999999999999,45916.75,37417.343,0.9548780487804878,,0.0
2024-03-18,7.87,7.999999999999999,8.010000000000002,7.829999999999999,42712.75,35368.579,0.955794504181601,,0.0
2024-03-19,8.030000000000001,8.030000000000001,8.110000000000001,7.979999999999999,38888.01,32701.707,0.955952380952381,,0.0
2024-03-20,7.999999999999999,8.200000000000001,8.31,7.989999999999999,46652.49,39819.896,0.956826137689615,,0.0
2024-03-21,8.22,8.3,8.360000000000001,8.17,40320.25,34819.382,0.9573241061130336,,0.0
2024-03-22,8.360000000000001,8.14,8.360000000000001,8.030000000000001,42348.0,36202.91,0.9565217391304348,,0.0
2024-03-25,8.05,7.89,8.17,7.87,46933.0,39338.732,0.9552058111380144,,0.0
2024-03-26,7.899999999999999,8.030000000000001,8.090000000000002,7.81,38833.0,32384.368,0.955952380952381,,0.0
2024-03-27,7.989999999999999,7.79,8.13,7.79,33758.49,28146.492,0.954656862745098,,0.0
2024-03-28,7.79,7.930000000000001,8.010000000000002,7.729999999999999,38372.0,31749.151,0.955421686746988,,0.0
2024-03-29,8.73,8.760000000000002,8.760000000000002,8.73,32059.0,29250.487,0.95947426067908,,0.0
2024-04-01,9.66,9.67,9.67,9.63,55282.32,55480.821,0.9631474103585658,,0.0
2024-04-02,10.67,10.67,10.67,10.67,26693.83,29469.988,0.9664855072463768,,0.0
2024-04-03,10.19,10.840000000000002,11.77,9.95,405682.49,464142.986,0.9669937555753793,,0.0
2024-04-08,10.15,9.72,10.32,9.72,176901.25,180607.934,0.9633300297324084,,0.0
2024-04-09,9.05,9.33,9.510000000000002,8.98,205438.0,197684.4,0.9618556701030928,,0.0
2024-04-10,9.55,9.38,9.81,9.25,144119.01,141881.188,0.962051282051282,,0.0
2024-04-11,9.23,9.260000000000002,9.68,9.14,122582.0,119592.295,0.9615784008307372,,0.0
2024-04-12,9.35,9.02,9.41,9.0,92465.01,88091.31,0.9605963791267308,,0.0
2024-04-15,9.010000000000002,8.55,9.12,8.370000000000001,100521.0,90823.765,0.9585201793721974,,0.0
2024-04-16,8.440000000000001,7.8,8.520000000000001,7.729999999999999,95136.01,79143.536,0.9547123623011016,,0.0
2024-04-17,7.930000000000001,8.48,8.58,7.930000000000001,84258.0,73145.969,0.9581920903954804,,0.0
2024-04-18,8.48,8.760000000000002,8.930000000000001,8.42,93976.0,85442.022,0.95947426067908,,0.0
2024-04-19,8.840000000000002,8.600000000000001,8.92,8.49,62576.01,56300.803,0.9587513935340024,,0.0
2024-04-22,8.520000000000001,8.47,8.690000000000001,8.180000000000001,70022.0,61644.349,0.9581447963800904,,0.0
2024-04-23,8.38,8.4,8.620000000000001,8.370000000000001,46255.0,40963.896,0.9578107183580388,,0.0
2024-04-24,8.430000000000001,8.67,8.680000000000001,8.39,47323.0,42295.158,0.9590707964601772,,0.0
2024-04-25,8.73,8.770000000000001,8.780000000000001,8.600000000000001,36779.0,33380.389,0.9595185995623632,,0.0
2024-04-26,8.71,8.870000000000001,8.940000000000001,8.57,53040.0,48581.95,0.95995670995671,,0.0
2024-04-29,8.9,8.91,8.98,8.780000000000001,97869.0,90484.37,0.9601293103448276,,0.0
2024-04-30,8.91,8.780000000000001,8.98,8.71,74552.0,68579.903,0.9595628415300548,,0.0
2024-05-06,8.8,8.940000000000001,8.97,8.780000000000001,67239.66,62221.111,0.9602577873254566,,0.0
2024-05-07,8.940000000000001,9.03,9.08,8.930000000000001,58603.0,54929.239,0.9606382978723406,,0.0
2024-05-08,9.03,9.0,9.24,8.950000000000001,61929.48,58447.686,0.96051227321238,,0.0
2024-05-09,8.98,9.11,9.18,8.98,46087.01,43654.231,0.9609704641350212,,0.0
2024-05-10,9.14,9.11,9.28,9.04,43195.0,41080.476,0.9609704641350212,,0.0
2024-05-13,9.03,8.96,9.15,8.8,45188.0,42297.893,0.9603429796355842,,0.0
2024-05-14,9.02,9.24,9.260000000000002,8.97,51823.0,49317.439,0.9614984391259106,,0.0
2024-05-15,9.23,9.25,9.48,9.13,63484.0,61476.249,0.9615384615384616,,0.0
2024-05-16,9.260000000000002,9.2,9.38,9.15,46459.0,44810.621,0.961337513061651,,0.0
2024-05-17,9.2,9.28,9.32,9.12,38093.0,36530.166,0.961658031088083,,0.0
2024-05-20,9.28,9.45,9.5,9.2,51430.0,50295.052,0.9623217922606926,,0.0
2024-05-21,9.41,9.24,9.42,9.14,58180.0,55894.997,0.9614984391259106,,0.0
2024-05-22,9.24,9.18,9.28,9.08,34945.0,33288.8,0.961256544502618,,0.0
2024-05-23,9.21,8.99,9.21,8.9,34962.0,32757.231,0.9604700854700856,,0.0
2024-05-24,8.97,9.04,9.15,8.950000000000001,32625.0,30761.67,0.9606801275239109,,0.0
2024-05-27,8.99,9.06,9.08,8.88,33013.0,30831.165,0.9607635206786852,,0.0
2024-05-28,9.0,8.840000000000002,9.03,8.790000000000001,26251.0,24236.542,0.959826275787188,,0.0
2024-05-29,8.840000000000002,8.840000000000002,8.91,8.74,21059.05,19379.339,0.959826275787188,,0.0
2024-05-30,8.790000000000001,8.680000000000001,8.88,8.66,21871.0,19918.999,0.9591160220994476,,0.0
2024-05-31,8.66,8.75,8.790000000000001,8.64,20725.23,18802.662,0.9594298245614036,,0.0
2024-06-03,8.75,8.58,8.9,8.5,45017.0,40766.328,0.9586592178770952,,0.0
2024-06-04,8.5,8.340000000000002,8.56,8.260000000000002,34851.0,30335.755,0.95752009184845,,0.0
2024-06-05,8.42,8.05,8.42,8.040000000000001,31640.0,26974.949,0.9560570071258908,,0.0
2024-06-06,8.040000000000001,7.65,8.13,7.550000000000001,54067.5,42968.34,0.9770114942528736,,0.0
2024-06-07,7.71,8.11,8.14,7.71,48960.0,40014.723,0.9782870928829916,,0.0
2024-06-11,8.11,7.939999999999999,8.200000000000001,7.84,40735.0,33018.347,0.977832512315271,,0.0
2024-06-12,7.93,8.06,8.08,7.91,24580.0,20168.491,0.9781553398058253,,0.0
2024-06-13,8.120000000000001,8.01,8.15,7.970000000000001,23648.0,19442.901,0.978021978021978,,0.0
2024-06-14,8.01,8.01,8.08,7.91,20666.0,16869.462,0.978021978021978,,0.0
2024-06-17,7.99,7.9,7.99,7.859999999999999,20768.0,16781.652,0.9777227722772276,,0.0
2024-06-18,7.950000000000001,7.970000000000001,8.01,7.880000000000001,18885.0,15368.578,0.977914110429448,,0.0
2024-06-19,7.98,8.0,8.1,7.92,27749.2,22771.593,0.97799511002445,,0.0
2024-06-20,8.040000000000001,7.82,8.07,7.81,24531.65,19824.765,0.9775,,0.0
2024-06-21,7.82,7.890000000000001,7.960000000000001,7.74,18953.1,15302.2,0.9776951672862454,,0.0
2024-06-24,7.859999999999999,7.59,7.859999999999999,7.53,33838.0,26440.17,0.9768339768339768,,0.0
2024-06-25,7.65,7.760000000000001,7.85,7.61,24615.0,19484.961,0.9773299748110832,,0.0
2024-06-26,7.82,7.92,7.93,7.66,24957.0,19937.813,0.977777777777778,,0.0
2024-06-27,7.92,7.93,8.05,7.9,31686.5,25858.347,0.9778051787916152,,0.0
2024-06-28,7.970000000000001,8.05,8.13,7.92,27846.5,22882.738,0.9781287970838396,,0.0
2024-07-01,8.040000000000001,8.16,8.16,7.99,28258.5,23379.616,0.9784172661870504,,0.0
2024-07-02,8.19,8.39,8.39,8.120000000000001,34482.65,29280.54,0.9789964994165694,,0.0
2024-07-03,8.39,8.3,8.5,8.27,31955.0,27258.069,0.9787735849056604,,0.0
2024-07-04,8.290000000000001,7.960000000000001,8.33,7.91,29599.0,24372.756,0.977886977886978,,0.0
2024-07-05,7.890000000000001,8.13,8.14,7.84,23218.0,19011.598,0.9783393501805054,,0.0
2024-07-08,8.120000000000001,7.82,8.14,7.760000000000001,28501.0,22977.846,0.9775,,0.0
2024-07-09,7.82,7.880000000000001,7.9,7.58,31213.0,24801.137,0.977667493796526,,0.0
2024-07-10,7.5,7.260000000000001,7.510000000000001,7.17,69539.5,51903.17,0.9758064516129032,,0.0
2024-07-11,7.28,7.63,7.680000000000001,7.28,55322.51,42720.173,0.9769526248399488,,0.0
2024-07-12,7.67,7.65,7.82,7.58,27810.0,21907.082,0.9770114942528736,,0.0
2024-07-15,7.59,7.550000000000001,7.67,7.45,18735.0,14463.564,0.9767141009055628,,0.0
2024-07-16,7.57,7.46,7.57,7.41,16327.0,12472.036,0.9764397905759162,,0.0
2024-07-17,7.54,7.550000000000001,7.7,7.35,31039.01,23955.322,0.9767141009055628,,0.0
2024-07-18,7.46,7.46,7.49,7.29,30113.0,22777.023,0.9764397905759162,,0.0
2024-07-19,7.44,7.390000000000001,7.48,7.32,21952.01,16665.222,0.976221928665786,,0.0
2024-07-22,7.41,7.46,7.5,7.31,19554.0,14862.271,0.9764397905759162,,0.0
2024-07-23,7.45,7.38,7.59,7.38,15968.0,12235.003,0.9761904761904764,,0.0
2024-07-24,7.37,7.29,7.390000000000001,7.24,17438.0,13047.943,0.9759036144578314,,0.0
2024-07-25,7.27,7.33,7.41,7.2,14007.0,10487.802,0.9760319573901464,,0.0
2024-07-26,7.32,7.45,7.49,7.32,19951.0,15168.262,0.9764089121887288,,0.0
2024-07-29,7.470000000000001,7.48,7.53,7.42,17419.0,13338.628,0.9765013054830288,,0.0
2024-07-30,7.52,7.65,7.67,7.430000000000001,21079.0,16348.496,0.9770114942528736,,0.0
2024-07-31,7.63,7.92,7.93,7.62,24244.0,19392.244,0.977777777777778,,0.0
2024-08-01,7.98,7.859999999999999,7.99,7.83,25275.0,20395.759,0.9776119402985076,,0.0
2024-08-02,7.83,7.950000000000001,8.15,7.800000000000001,35056.0,28649.535,0.977859778597786,,0.0
2024-08-05,7.92,7.74,8.05,7.720000000000001,25923.0,20856.777,0.9772727272727272,,0.0
2024-08-06,7.74,7.859999999999999,7.9,7.73,41308.0,33048.271,0.9776119402985076,,0.0
2024-08-07,7.85,7.760000000000001,7.859999999999999,7.71,16691.0,13271.506,0.9773299748110832,,0.0
2024-08-08,7.75,7.960000000000001,8.030000000000001,7.71,30425.0,24551.683,0.977886977886978,,0.0
2024-08-09,7.970000000000001,7.85,8.0,7.85,23794.51,19239.368,0.9775840597758406,,0.0
2024-08-12,7.84,7.84,7.950000000000001,7.77,21707.0,17449.184,0.977556109725686,,0.0
2024-08-13,7.83,7.81,7.9,7.67,22353.0,17772.203,0.9774718397997496,,0.0
2024-08-14,7.75,7.720000000000001,7.81,7.67,13137.0,10400.965,0.9772151898734176,,0.0
2024-08-15,7.75,7.78,7.81,7.640000000000001,14591.0,11562.228,0.9773869346733668,,0.0
2024-08-16,7.81,7.65,7.81,7.62,17737.0,13952.901,0.9770114942528736,,0.0
2024-08-19,7.640000000000001,7.67,7.720000000000001,7.62,12141.0,9540.044,0.9770700636942676,,0.0
2024-08-20,7.680000000000001,7.48,7.69,7.430000000000001,21498.0,16633.433,0.9765013054830288,,0.0
2024-08-21,7.42,7.46,7.52,7.4,17805.26,13618.442,0.9764397905759162,,0.0
2024-08-22,7.5,7.38,7.53,7.33,18478.0,13978.626,0.9761904761904764,,0.0
2024-08-23,7.28,7.220000000000001,7.4,7.17,27152.51,20201.341,0.9756756756756756,,0.0
2024-08-26,7.25,7.4,7.41,7.2,20533.0,15433.369,0.9762532981530344,,0.0
2024-08-27,7.4,7.260000000000001,7.45,7.220000000000001,12106.0,9061.611,0.9758064516129032,,0.0
2024-08-28,7.21,7.35,7.4,7.19,11831.0,8857.05,0.9760956175298804,,0.0
2024-08-29,7.28,7.38,7.390000000000001,7.260000000000001,17289.5,12983.883,0.9761904761904764,,0.0
2024-08-30,7.4,7.44,7.57,7.32,21998.5,16793.523,0.9763779527559056,,0.0
2024-09-02,7.41,7.29,7.49,7.29,31305.0,23645.576,0.9759036144578314,,0.0
2024-09-03,7.29,7.25,7.34,7.2,26738.0,19892.949,0.9757738896366084,,0.0
2024-09-04,7.24,7.1000000000000005,7.24,7.08,27326.33,20019.042,0.9752747252747254,,0.0
2024-09-05,7.12,7.16,7.180000000000001,7.1000000000000005,19363.09,14173.378,0.9754768392370572,,0.0
2024-09-06,7.140000000000001,7.050000000000001,7.19,7.03,26069.0,18950.265,0.975103734439834,,0.0
2024-09-09,7.03,7.050000000000001,7.09,6.94,21533.76,15509.142,0.975103734439834,,0.0
2024-09-10,7.12,7.11,7.24,7.0,22866.0,16636.871,0.9753086419753086,,0.0
2024-09-11,7.08,7.010000000000001,7.11,6.95,17718.51,12743.181,0.9749652294853964,,0.0
2024-09-12,7.04,7.07,7.15,7.010000000000001,36514.03,26516.874,0.9751724137931036,,0.0
2024-09-13,7.07,6.99,7.12,6.98,17878.0,12908.12,0.9748953974895398,,0.0
2024-09-18,6.98,6.87,7.0,6.800000000000001,22922.0,16166.729,0.974468085106383,,0.0
2024-09-19,6.91,7.1000000000000005,7.21,6.91,36711.51,26618.428,0.9752747252747254,,0.0
2024-09-20,7.08,7.1000000000000005,7.13,7.050000000000001,15302.0,11122.745,0.9752747252747254,,0.0
2024-09-23,7.0600000000000005,7.13,7.16,7.04,20084.01,14674.71,0.975376196990424,,0.0
2024-09-24,7.180000000000001,7.4,7.41,7.15,37846.11,28297.28,0.9762532981530344,,0.0
2024-09-25,7.45,7.44,7.58,7.430000000000001,34108.0,26203.602,0.9763779527559056,,0.0
2024-09-26,7.430000000000001,7.71,7.720000000000001,7.42,33809.58,26215.042,0.9771863117870724,,0.0
2024-09-27,7.82,7.970000000000001,7.970000000000001,7.74,35642.0,28610.709,0.977914110429448,,0.0
2024-09-30,8.18,8.620000000000001,8.66,8.040000000000001,83850.15,71448.175,0.9795454545454546,,0.0
2024-10-08,9.4,8.82,9.49,8.47,93940.0,86055.79,0.98,,0.0
2024-10-09,8.75,8.11,8.76,8.1,82374.48,70248.856,0.9782870928829916,,0.0
2024-10-10,8.17,8.3,8.450000000000001,8.17,64444.01,54945.782,0.9787735849056604,,0.0
2024-10-11,8.23,8.05,8.3,7.98,42282.0,35107.65,0.9781287970838396,,0.0
2024-10-14,8.1,8.17,8.25,8.05,35201.0,29313.641,0.9784431137724552,,0.0
2024-10-15,8.200000000000001,8.09,8.3,8.08,38582.0,32217.747,0.9782345828295044,,0.0
2024-10-16,8.06,8.120000000000001,8.17,8.030000000000001,25489.0,21123.598,0.9783132530120482,,0.0
2024-10-17,8.17,8.02,8.22,8.0,26463.0,21954.034,0.9780487804878047,,0.0
2024-10-18,8.02,8.18,8.27,7.98,42580.22,35379.176,0.9784688995215312,,0.0
2024-10-21,8.22,8.25,8.290000000000001,8.15,34783.0,29242.116,0.9786476868327404,,0.0
2024-10-22,8.18,8.34,8.42,8.18,47354.42,40211.54,0.9788732394366196,,0.0
2024-10-23,8.35,8.4,8.450000000000001,8.32,48459.42,41501.115,0.9790209790209792,,0.0
2024-10-24,8.36,8.39,8.450000000000001,8.33,29913.65,25654.952,0.9789964994165694,,0.0
2024-10-25,8.41,8.59,8.59,8.39,49269.01,42848.245,0.9794754846066136,,0.0
2024-10-28,8.620000000000001,8.97,8.97,8.620000000000001,61316.0,55307.361,0.980327868852459,,0.0
2024-10-29,9.02,8.66,9.04,8.59,58156.0,51924.297,0.9796380090497738,,0.0
2024-10-30,8.64,8.76,8.870000000000001,8.64,40733.63,36374.111,0.9798657718120806,,0.0
2024-10-31,8.73,9.04,9.18,8.69,70334.08,64461.916,0.980477223427332,,0.0
2024-11-01,8.93,8.870000000000001,9.17,8.83,75594.0,69199.75,0.980110497237569,,0.0
2024-11-04,9.07,9.25,9.29,8.73,73983.65,68799.428,0.980911983032874,,0.0
2024-11-05,9.22,9.18,9.29,9.09,66762.99,62431.346,0.9807692307692308,,0.0
2024-11-06,9.17,9.23,9.38,9.02,63696.01,59770.689,0.9808714133900106,,0.0
2024-11-07,9.23,9.72,9.91,9.14,106644.14,104372.438,0.9818181818181818,,0.0
2024-11-08,9.64,9.41,9.7,9.31,86620.13,83503.579,0.9812304483837332,,0.0
2024-11-11,9.38,9.31,9.38,9.14,63007.0,59388.229,0.9810326659641728,,0.0
2024-11-12,9.39,9.36,9.57,9.27,71762.05,68961.239,0.981132075471698,,0.0
2024-11-13,9.62,9.6,9.91,9.38,110428.22,108636.994,0.98159509202454,,0.0
2024-11-14,9.65,9.26,9.75,9.22,68626.99,65637.659,0.9809322033898306,,0.0
2024-11-15,9.26,9.19,9.52,9.19,59455.0,56617.699,0.9807897545357523,,0.0
2024-11-18,9.32,9.13,9.4,9.06,45271.0,42487.058,0.9806659505907628,,0.0
2024-11-19,9.13,9.16,9.26,8.96,31485.0,29195.751,0.980728051391863,,0.0
2024-11-20,9.18,9.32,9.34,9.1,38136.0,35853.583,0.9810526315789474,,0.0
2024-11-21,9.29,9.43,9.57,9.26,38243.0,36704.638,0.9812695109261188,,0.0
2024-11-22,9.46,9.04,9.48,9.04,32023.0,30135.943,0.980477223427332,,0.0
2024-11-25,9.01,9.31,9.44,9.01,43805.0,41286.809,0.9810326659641728,,0.0
2024-11-26,9.29,9.38,9.53,9.29,38211.0,36679.99,0.9811715481171548,,0.0
2024-11-27,9.29,9.32,9.42,9.02,37891.0,35402.075,0.9810526315789474,,0.0
2024-11-28,9.31,9.47,9.51,9.29,51194.0,49258.33,0.9813471502590674,,0.0
2024-11-29,9.4,9.6,9.62,9.4,51171.0,49747.184,0.98159509202454,,0.0
2024-12-02,9.61,9.75,9.76,9.56,45480.0,44885.808,0.9818731117824774,,0.0
2024-12-03,9.77,9.9,9.95,9.67,53190.0,53360.018,0.9821428571428572,,0.0
2024-12-04,9.9,9.69,10.19,9.64,68648.0,69358.642,0.9817629179331308,,0.0
2024-12-05,9.66,9.56,9.76,9.49,49476.1,48198.46,0.9815195071868584,,0.0
2024-12-06,9.57,9.64,9.69,9.5,33507.0,32843.562,0.9816700610997964,,0.0
2024-12-09,9.68,9.67,9.82,9.56,37302.0,36693.901,0.9817258883248732,,0.0
2024-12-10,9.99,9.65,10.02,9.62,32929.1,32834.174,0.9816887080366226,,0.0
2024-12-11,10.63,10.63,10.63,10.63,25678.33,27758.275,0.9833487511563368,,0.0
2024-12-12,11.32,11.02,11.58,10.98,289540.43,329363.196,0.9839285714285716,,0.0
2024-12-13,10.92,10.52,11.12,10.46,174005.39,188783.825,0.983177570093458,,0.0
2024-12-16,10.55,10.48,10.69,10.36,107409.37,115034.864,0.9831144465290808,,0.0
2024-12-17,10.36,9.85,10.42,9.81,98407.78,100382.71,0.9820538384845464,,0.0
2024-12-18,9.9,9.96,10.11,9.63,61998.97,62672.565,0.9822485207100592,,0.0
2024-12-19,9.89,9.78,9.98,9.66,50064.0,49868.972,0.9819277108433736,,0.0
2024-12-20,9.79,10.01,10.2,9.79,54822.0,55895.506,0.9823356231599608,,0.0
2024-12-23,10.01,9.49,10.07,9.47,66058.66,65309.819,0.9813857290589452,,0.0
2024-12-24,9.43,9.44,9.56,9.27,44207.0,42386.02,0.9812889812889812,,0.0
2024-12-25,9.42,9.19,9.44,9.08,36972.0,34679.676,0.9807897545357523,,0.0
2024-12-26,9.19,9.24,9.33,9.17,26410.0,24966.505,0.9808917197452228,,0.0
2024-12-27,9.27,9.85,10.06,9.2,103905.24,103122.647,0.9820538384845464,,0.0
2024-12-30,9.92,9.74,10.11,9.65,67008.0,66911.961,0.9818548387096776,,0.0
2024-12-31,9.82,9.96,10.68,9.72,92093.0,94945.566,0.9822485207100592,,0.0
2025-01-02,9.86,9.71,10.17,9.64,82640.12,83639.836,0.9817997977755308,,0.0
2025-01-03,9.63,9.2,9.95,9.2,64951.0,62563.949,0.980810234541578,,0.0
2025-01-06,9.21,8.89,9.3,8.69,49481.0,45225.37,0.980154355016538,,0.0
2025-01-07,8.97,8.96,9.05,8.75,42769.0,38755.34,0.9803063457330417,,0.0
2025-01-08,8.97,8.96,9.14,8.700000000000001,44361.09,40341.845,0.9803063457330417,,0.0
2025-01-09,8.84,8.92,8.97,8.82,27050.67,24584.41,0.9802197802197804,,0.0
2025-01-10,8.86,8.73,8.98,8.72,29885.0,26955.438,0.9797979797979798,,0.0
2025-01-13,8.700000000000001,8.8,8.85,8.56,22229.0,19785.519,0.979955456570156,,0.0
2025-01-14,8.82,9.2,9.2,8.82,33124.0,30645.832,0.980810234541578,,0.0
2025-01-15,9.23,9.2,9.28,9.1,22919.0,21495.597,0.980810234541578,,0.0
2025-01-16,9.18,9.15,9.32,9.07,20115.0,18872.536,0.9807073954983924,,0.0
2025-01-17,8.94,9.1,9.14,8.84,29840.0,27507.551,0.980603448275862,,0.0
2025-01-20,9.14,9.3,9.38,8.96,33996.39,31933.962,0.981012658227848,,0.0
2025-01-21,9.41,9.14,9.41,9.06,21057.0,19686.376,0.98068669527897,,0.0
2025-01-22,9.07,9.08,9.14,8.99,15134.0,13994.509,0.980561555075594,,0.0
2025-01-23,9.12,9.19,9.32,9.12,24457.54,23007.91,0.9807897545357523,,0.0
2025-01-24,9.15,9.13,9.19,9.04,20796.82,19299.461,0.9806659505907628,,0.0
2025-01-27,9.14,9.18,9.39,9.13,28657.64,27112.853,0.9807692307692308,,0.0
2025-02-05,9.19,9.05,9.25,8.99,29603.71,27380.314,0.980498374864572,,0.0
2025-02-06,8.96,9.15,9.17,8.96,28089.0,25986.941,0.9807073954983924,,0.0
2025-02-07,9.13,9.19,9.25,9.07,36909.0,34474.793,0.9807897545357523,,0.0
2025-02-10,9.18,9.32,9.33,9.17,26542.0,25014.724,0.9810526315789474,,0.0
2025-02-11,9.41,9.18,9.41,9.12,31436.0,29464.639,0.9807692307692308,,0.0
2025-02-12,9.14,9.13,9.22,9.01,41820.0,38787.1,0.9806659505907628,,0.0
2025-02-13,9.18,9.02,9.21,9.0,34751.99,32147.498,0.9804347826086957,,0.0
2025-02-14,9.01,8.950000000000001,9.07,8.91,33932.13,31028.853,0.9802847754654984,,0.0
2025-02-17,8.99,8.97,9.01,8.91,43300.0,39565.341,0.980327868852459,,0.0
2025-02-18,8.98,8.790000000000001,8.98,8.77,45014.0,40714.742,0.979933110367893,,0.0
2025-02-19,8.77,8.86,8.870000000000001,8.73,24773.0,22341.357,0.9800884955752212,,0.0
2025-02-20,8.870000000000001,8.91,8.93,8.83,29434.11,26662.252,0.9801980198019802,,0.0
2025-02-21,8.950000000000001,8.790000000000001,8.950000000000001,8.73,36081.89,32439.991,0.979933110367893,,0.0
2025-02-24,8.84,8.81,8.92,8.780000000000001,50184.11,45323.104,0.9799777530589544,,0.0
2025-02-25,8.75,8.71,8.790000000000001,8.69,36800.0,32787.316,0.9797525309336332,,0.0
2025-02-26,8.73,8.81,8.85,8.71,31185.1,27986.907,0.9799777530589544,,0.0
2025-02-27,8.83,8.83,8.85,8.71,34866.0,31253.187,0.9800221975582686,,0.0
2025-02-28,8.84,8.700000000000001,8.84,8.67,24562.11,21906.935,0.9797297297297296,,0.0
2025-03-03,8.73,8.74,8.8,8.67,28689.0,25607.084,0.9798206278026906,,0.0
2025-03-04,8.73,8.81,8.82,8.69,20695.0,18520.493,0.9799777530589544,,0.0
2025-03-05,8.82,8.75,8.82,8.68,24847.0,22125.42,0.9798432250839866,,0.0
2025-03-06,8.74,8.81,8.86,8.71,34596.0,31059.436,0.9799777530589544,,0.0
2025-03-07,8.83,8.83,8.97,8.82,38406.46,34819.191,0.9800221975582686,,0.0
2025-03-10,8.85,9.06,9.08,8.84,50122.97,45914.206,0.9805194805194806,,0.0
2025-03-11,8.950000000000001,9.14,9.15,8.950000000000001,42333.0,39071.902,0.98068669527897,,0.0
2025-03-12,9.09,9.44,9.67,9.08,104050.99,99521.46,0.9812889812889812,,0.0
2025-03-13,9.48,9.55,9.57,9.26,64406.89,61819.714,0.9815005138746148,,0.0
2025-03-14,9.62,9.81,10.02,9.53,119605.03,118468.293,0.981981981981982,,0.0
2025-03-17,9.84,9.71,9.99,9.58,115538.0,114795.777,0.9817997977755308,,0.0
2025-03-18,9.7,9.69,9.71,9.43,82510.0,80576.887,0.9817629179331308,,0.0
2025-03-19,9.66,9.51,9.67,9.44,43728.0,42425.669,0.9814241486068112,,0.0
2025-03-20,9.5,10.48,10.48,9.47,109623.0,112929.449,0.9831144465290808,,0.0
2025-03-21,11.55,11.55,11.55,11.55,64274.0,75393.402,0.9846547314578006,,0.0
2025-03-24,12.37,11.25,12.72,11.21,521464.22,643461.146,0.984251968503937,,0.0
2025-03-25,10.11,10.11,10.6,10.11,346889.87,358896.822,0.9825072886297376,,0.0
2025-03-26,9.62,9.69,9.85,9.61,243278.04,240657.798,0.9817629179331308,,0.0
2025-03-27,9.63,9.52,9.67,9.36,159569.1,154687.602,0.9814432989690722,,0.0
2025-03-28,9.47,9.4,9.52,9.37,101645.0,97680.854,0.9812108559498957,,0.0
2025-03-31,9.4,9.27,9.43,9.14,89713.0,84464.216,0.980952380952381,,0.0
2025-04-01,9.34,9.42,9.52,9.28,80165.66,76956.786,0.98125,,0.0
2025-04-02,9.42,9.46,9.5,9.34,55671.0,53626.55,0.9813278008298756,,0.0
2025-04-03,9.36,9.55,9.62,9.35,77511.0,75058.451,0.9815005138746148,,0.0
2025-04-07,9.08,8.58,9.23,8.58,121729.0,109594.768,0.9794520547945206,,0.0
2025-04-08,8.57,9.19,9.19,8.55,142429.2,129652.294,0.9807897545357523,,0.0
2025-04-09,8.99,9.28,9.35,8.67,121131.73,111554.894,0.9809725158562368,,0.0
2025-04-10,9.27,9.48,9.57,9.21,146012.0,140625.225,0.9813664596273292,,0.0
2025-04-11,9.38,9.36,9.51,9.31,79319.1,76035.295,0.981132075471698,,0.0
2025-04-14,9.37,9.6,9.63,9.37,78390.11,76183.071,0.98159509202454,,0.0
2025-04-15,9.6,9.53,9.64,9.43,54408.0,52812.843,0.9814624098867148,,0.0
2025-04-16,9.48,9.41,9.52,9.2,55550.0,53061.023,0.9812304483837332,,0.0
2025-04-17,9.42,9.48,9.57,9.31,58149.0,56104.455,0.9813664596273292,,0.0
2025-04-18,9.42,9.35,9.47,9.29,43101.0,41143.79,0.9811122770199372,,0.0
2025-04-21,9.32,9.33,9.4,9.2,39981.0,37949.694,0.9810725552050472,,0.0
2025-04-22,9.33,9.42,9.44,9.26,48049.0,45762.549,0.98125,,0.0
2025-04-23,9.41,9.47,9.51,9.35,48321.0,46428.736,0.9813471502590674,,0.0
2025-04-24,9.41,9.37,9.6,9.34,52501.0,50567.45,0.981151832460733,,0.0
2025-04-25,9.31,9.4,9.48,9.31,42412.0,40708.341,0.9812108559498957,,0.0
2025-04-28,9.4,9.14,9.4,9.14,53645.0,50339.777,0.98068669527897,,0.0
2025-04-29,9.31,9.39,9.49,9.22,51062.14,48931.301,0.9811912225705328,,0.0
2025-04-30,9.39,9.46,9.5,9.27,53877.32,51851.41,0.9813278008298756,,0.0
2025-05-06,9.5,9.63,9.63,9.46,67668.0,65902.4,0.981651376146789,,0.0
2025-05-07,9.65,9.71,9.74,9.61,60103.32,59171.759,0.9817997977755308,,0.0
2025-05-08,9.7,9.79,9.81,9.6,51058.0,50623.608,0.9819458375125376,,0.0
2025-05-09,9.84,9.82,9.91,9.73,56442.0,56419.389,0.982,,0.0
2025-05-12,9.9,9.82,9.92,9.67,50040.0,49860.732,0.982,,0.0
2025-05-13,9.87,9.85,9.9,9.78,43068.01,43182.467,0.9820538384845464,,0.0
2025-05-14,9.87,9.84,9.88,9.72,44473.0,44346.471,0.9820359281437128,,0.0
2025-05-15,9.87,9.99,10.03,9.78,74245.01,75108.405,0.9823008849557522,,0.0
2025-05-16,9.99,9.84,9.99,9.78,51877.0,52153.086,0.9820359281437128,,0.0
2025-05-19,9.88,10.03,10.04,9.83,57477.0,58344.059,0.9823702252693438,,0.0
2025-05-20,10.01,10.13,10.18,9.96,59142.0,60707.24,0.982541222114452,,0.0
2025-05-21,10.15,10.02,10.19,9.97,37751.0,38627.308,0.9823529411764708,,0.0
2025-05-22,9.94,9.85,10.07,9.83,42426.0,42837.355,0.9820538384845464,,0.0
2025-05-23,9.81,9.68,9.88,9.65,48680.0,48515.156,0.9817444219066938,,0.0
2025-05-26,9.68,9.78,9.85,9.64,33193.0,33002.607,0.9819277108433736,,0.0
2025-05-27,9.81,9.94,9.98,9.76,36720.0,36978.436,0.982213438735178,,0.0
2025-05-28,9.96,9.97,10.0,9.84,33960.33,34331.543,0.9822660098522168,,0.0
2025-05-29,9.97,10.01,10.02,9.87,40954.01,41575.361,0.9823356231599608,,0.0
2025-05-30,10.01,9.94,10.07,9.92,29658.0,29875.536,0.9900398406374502,,0.0
2025-06-03,9.9,10.09,10.1,9.83,38191.0,38733.743,0.9901864573110892,,0.0
2025-06-04,10.06,10.17,10.18,10.03,39795.0,40664.327,0.9902629016553068,,0.0
2025-06-05,10.18,10.03,10.21,9.98,46394.0,47203.423,0.9901283316880554,,0.0
2025-06-06,10.04,10.08,10.11,9.97,29158.0,29622.186,0.9901768172888016,,0.0
2025-06-09,10.11,10.13,10.17,10.04,31588.01,32217.162,0.9902248289345064,,0.0
2025-06-10,10.14,10.16,10.23,9.99,47220.0,48271.952,0.9902534113060428,,0.0
2025-06-11,10.14,10.23,10.24,10.07,46135.01,47470.786,0.9903194578896418,,0.0
2025-06-12,10.18,10.14,10.25,10.08,38147.0,39103.595,0.990234375,,0.0
2025-06-13,10.13,9.98,10.17,9.93,41876.01,42353.998,0.9900793650793652,,0.0
2025-06-16,9.9,10.06,10.09,9.86,37402.0,37878.097,0.9901574803149606,,0.0
2025-06-17,10.08,10.0,10.21,9.92,36840.28,37414.098,0.99009900990099,,0.0
2025-06-18,9.92,9.8,10.02,9.79,39917.0,39731.14,0.98989898989899,,0.0
2025-06-19,9.8,9.62,9.86,9.6,33629.0,32955.091,0.9897119341563786,,0.0
2025-06-20,9.65,9.59,9.73,9.59,23771.0,23157.919,0.9896800825593396,,0.0
2025-06-23,9.55,9.79,9.96,9.44,44536.0,43940.226,0.9898887765419616,,0.0
2025-06-24,9.89,9.98,10.01,9.72,47489.32,47436.043,0.9900793650793652,,0.0
2025-06-25,9.98,10.23,10.7,9.96,107203.29,110505.427,0.9903194578896418,,0.0
2025-06-26,10.19,10.22,10.38,10.06,74847.32,77306.984,0.9903100775193798,,0.0
2025-06-27,10.22,10.26,10.3,10.12,44470.0,45917.943,0.9903474903474904,,0.0
2025-06-30,10.26,10.34,10.35,10.21,38452.0,39918.335,0.9904214559386972,,0.0
2025-07-01,10.31,10.29,10.36,10.18,45180.02,46846.102,0.9903753609239654,,0.0
2025-07-02,10.9,11.33,11.33,10.9,223282.01,252217.882,0.9912510936132984,,0.0
2025-07-03,11.34,10.94,11.88,10.88,342167.58,387241.807,0.9909420289855072,,0.0
2025-07-04,10.83,10.52,10.94,10.47,188329.01,202318.954,0.9905838041431262,,0.0
2025-07-07,10.45,10.42,10.5,10.32,97501.0,102548.186,0.9904942965779469,,0.0
2025-07-08,10.46,10.5,10.5,10.36,88198.01,92939.64,0.9905660377358492,,0.0
2025-07-09,10.47,10.35,10.5,10.32,95927.66,100717.614,0.9904306220095694,,0.0
2025-07-10,10.31,10.4,10.4,10.3,50767.0,53147.921,0.9904761904761904,,0.0
2025-07-11,10.43,10.44,10.46,10.36,59773.0,62844.491,0.9905123339658444,,0.0
2025-07-14,10.6,10.89,10.93,10.53,155842.12,168919.642,0.9909008189262968,,0.0
2025-07-15,10.87,10.7,10.89,10.55,96732.01,104272.8,0.9907407407407408,,0.0
2025-07-16,10.71,10.75,10.8,10.66,63426.01,68716.566,0.9907834101382488,,0.0
2025-07-17,10.74,10.78,10.89,10.71,92520.99,100657.414,0.9908088235294118,,0.0
2025-07-18,10.81,10.91,11.0,10.71,119262.0,131168.157,0.9909173478655768,,0.0
2025-07-21,10.91,10.88,10.94,10.8,75151.0,82353.363,0.9908925318761383,,0.0
2025-07-22,10.89,10.81,10.9,10.7,64013.01,69654.869,0.9908340971585702,,0.0
2025-07-23,10.83,10.76,10.84,10.71,47156.0,51250.82,0.990791896869245,,0.0
2025-07-24,10.76,10.8,10.8,10.74,42534.0,46254.29,0.9908256880733946,,0.0
2025-07-25,10.8,10.91,10.94,10.8,58602.0,64298.498,0.9909173478655768,,0.0
2025-07-28,10.91,10.81,10.92,10.77,42683.0,46676.429,0.9908340971585702,,0.0
2025-07-29,10.79,10.79,10.86,10.64,46373.0,50230.512,0.9908172635445364,,0.0
2025-07-30,10.77,11.41,11.56,10.71,184902.99,210063.412,0.9913119026933102,,0.0
2025-07-31,11.13,10.77,11.15,10.74,127098.0,139315.287,0.9908003679852806,,0.0
2025-08-01,10.71,10.77,10.83,10.66,58385.0,63526.239,0.9908003679852806,,0.0
2025-08-04,10.66,10.8,10.86,10.58,36426.99,39523.72,0.9908256880733946,,0.0
2025-08-05,10.85,11.07,11.1,10.82,72370.0,80370.608,0.991047448522829,,0.0
2025-08-06,11.08,11.0,11.09,10.93,44223.0,49001.268,0.990990990990991,,0.0
2025-08-07,11.03,11.07,11.1,10.95,43144.33,48072.5,0.991047448522829,,0.0
2025-08-08,11.08,11.15,11.19,10.96,52649.0,58959.54,0.9911111111111112,,0.0
2025-08-11,11.16,11.16,11.2,11.07,43720.0,49161.714,0.9911190053285968,,0.0
2025-08-12,11.16,11.12,11.2,11.05,44517.0,50011.062,0.9910873440285204,,0.0
2025-08-13,11.17,11.05,11.18,11.0,42187.01,47090.72,0.9910313901345292,,0.0
2025-08-14,11.08,10.92,11.13,10.91,42554.52,47295.212,0.9909255898366608,,0.0
2025-08-15,10.96,11.07,11.19,10.95,45553.87,50858.784,0.991047448522829,,0.0
2025-08-18,11.06,11.09,11.27,11.05,51629.1,58055.386,0.9910634495084898,,0.0
2025-08-19,11.09,11.24,11.28,11.0,57007.01,64390.333,0.9911816578483246,,0.0
2025-08-20,11.2,11.44,11.44,11.12,50814.0,57902.93,0.9913344887348354,,0.0
2025-08-21,11.41,11.46,11.5,11.31,59743.65,68832.602,0.991349480968858,,0.0
2025-08-22,11.45,11.3,11.46,11.2,53081.65,60447.211,0.9912280701754388,,0.0
2025-08-25,11.3,11.31,11.37,11.2,44187.65,50361.228,0.9912357581069238,,0.0
2025-08-26,11.28,11.5,11.75,11.23,63585.62,73602.486,0.9913793103448276,,0.0
2025-08-27,11.52,11.1,11.52,11.08,65309.77,74430.06,0.9910714285714286,,0.0
2025-08-28,11.08,11.04,11.26,10.73,67470.96,74782.895,0.991023339317774,,0.0
2025-08-29,11.2,11.16,11.24,10.94,40673.0,45709.824,0.9911190053285968,,0.0
2025-09-01,11.32,11.37,11.48,11.23,66840.0,76578.414,0.99128160418483,,0.0
2025-09-02,11.38,11.28,11.39,11.05,53087.0,60048.62,0.9912126537785588,,0.0
2025-09-03,11.23,10.88,11.3,10.87,49115.0,54703.258,0.9908925318761383,,0.0
2025-09-04,10.9,11.19,11.32,10.84,72403.5,81328.851,0.991142604074402,,0.0
2025-09-05,11.22,11.18,11.22,10.93,47235.0,52911.801,0.9911347517730495,,0.0
2025-09-08,11.18,11.39,11.45,11.14,43636.0,50058.155,0.9912967798085291,,0.0
2025-09-09,11.45,11.29,11.46,11.21,35577.05,40713.394,0.9912203687445128,,0.0
2025-09-10,11.3,11.44,11.49,11.23,43180.67,49655.109,0.9913344887348354,,0.0
2025-09-11,11.45,11.43,11.52,11.25,50281.0,57624.87,0.9913269731136168,,0.0
2025-09-12,11.44,11.83,12.12,11.38,136483.09,162575.157,0.991617770326907,,0.0
2025-09-15,11.73,11.91,12.47,11.73,106046.65,128848.558,0.9916736053288926,,0.0
2025-09-16,11.91,12.3,12.42,11.74,118288.17,144902.242,0.9919354838709676,,0.0
2025-09-17,12.22,11.78,12.23,11.73,99781.01,119504.27,0.9915824915824916,,0.0
2025-09-18,11.84,11.47,11.85,11.31,77559.73,90876.156,0.9913569576490924,,0.0
2025-09-19,11.48,11.49,11.58,11.35,40534.0,46853.773,0.9913718723037102,,0.0
2025-09-22,11.4,11.18,11.49,11.1,43736.0,49347.071,0.9911347517730495,,0.0
2025-09-23,11.18,10.98,11.18,10.62,59988.0,65716.627,0.9909747292418772,,0.0
2025-09-24,10.9,11.12,11.13,10.9,40905.1,45610.439,0.9910873440285204,,0.0
2025-09-25,11.12,10.92,11.17,10.85,41481.0,46002.785,0.9909255898366608,,0.0
2025-09-26,10.82,11.04,11.26,10.81,42819.0,47870.238,0.991023339317774,,0.0
2025-09-29,11.04,11.06,11.19,10.78,35596.0,39562.724,0.9910394265232976,,0.0
2025-09-30,11.1,11.0,11.16,10.97,30774.1,34232.937,0.990990990990991,,0.0
2025-10-09,11.01,10.92,11.04,10.81,34459.0,37971.337,0.9909255898366608,,0.0
2025-10-10,10.9,11.1,11.15,10.85,33206.0,37096.387,0.9910714285714286,,0.0
2025-10-13,10.84,11.05,11.08,10.63,36654.0,40392.271,0.9910313901345292,,0.0
2025-10-14,11.05,11.25,11.26,11.05,45877.0,51695.621,0.9911894273127754,,0.0
2025-10-15,11.21,11.15,11.26,10.99,33855.0,38063.644,0.9911111111111112,,0.0
2025-10-16,11.24,11.07,11.26,11.04,29987.0,33679.856,0.991047448522829,,0.0
2025-10-17,11.05,11.0,11.17,10.98,36811.0,41138.936,0.990990990990991,,0.0
2025-10-20,11.05,11.09,11.1,10.95,31575.0,35137.755,0.9910634495084898,,0.0
2025-10-21,11.09,11.47,11.48,11.05,61396.16,70118.851,0.9913569576490924,,0.0
2025-10-22,11.46,11.52,11.64,11.4,41516.14,48316.526,0.991394148020654,,0.0
2025-10-23,11.47,11.79,12.08,11.4,89427.0,105778.124,0.9915895710681244,,0.0
2025-10-24,11.82,11.65,11.86,11.6,59039.55,69645.487,0.9914893617021276,,0.0
2025-10-27,11.61,11.57,11.71,11.49,41635.55,48677.321,0.9914310197086548,,0.0
2025-10-28,11.6,11.65,11.86,11.55,41943.99,49247.238,0.9914893617021276,,0.0
2025-10-29,11.56,11.56,11.63,11.27,52902.27,61110.7,0.9914236706689538,,0.0
2025-10-30,11.44,11.35,11.56,11.34,36280.25,41803.265,0.9912663755458516,,0.0
2025-10-31,11.37,11.33,11.43,11.21,47048.5,53723.768,0.9912510936132984,,0.0
2025-11-03,11.36,11.34,11.45,11.26,56522.5,64637.753,0.9912587412587412,,0.0
2025-11-04,11.36,11.44,11.46,11.27,45877.0,52565.312,0.9913344887348354,,0.0
2025-11-05,11.41,11.46,11.49,11.23,46127.18,53119.582,0.991349480968858,,0.0
2025-11-06,11.48,11.49,11.5,11.36,41728.0,48149.342,0.9913718723037102,,0.0
2025-11-07,11.5,11.65,11.75,11.45,48427.0,56817.582,0.9914893617021276,,0.0
2025-11-10,11.67,11.77,11.82,11.61,46289.01,54811.085,0.991575400168492,,0.0
2025-11-11,11.8,11.87,11.89,11.65,47828.65,57009.926,0.9916457811194652,,0.0
2025-11-12,11.87,11.79,11.97,11.74,39205.03,46617.024,0.9915895710681244,,0.0
2025-11-13,11.77,11.81,11.85,11.68,33806.03,40109.853,0.9916036943744752,,0.0
2025-11-14,11.74,11.98,12.1,11.74,79475.02,96043.728,0.9917218543046358,,0.0
2025-11-17,13.19,13.19,13.19,12.84,231450.32,307072.602,0.9924755455229496,,0.0
2025-11-18,12.88,12.89,13.45,12.1,375666.76,473680.359,0.9923017705927636,,0.0
2025-11-19,13.6,14.19,14.19,13.33,373599.28,525047.082,0.993002099370189,,0.0
2025-11-20,15.62,13.45,15.62,13.33,544316.3,806302.903,0.992619926199262,,0.0
2025-11-21,12.1,12.79,14.03,12.1,407064.98,531796.7,0.9922420480993018,,0.0
2025-11-24,12.15,14.08,14.08,12.15,239900.6,329812.073,0.9929478138222848,,0.0
2025-11-25,14.09,13.37,14.09,12.95,421868.24,564096.181,0.9925760950259837,,0.0
2025-11-26,12.95,12.48,13.08,12.44,261501.21,333996.541,0.9920508744038156,,0.0
2025-11-27,12.41,12.63,12.78,12.17,218711.43,274263.611,0.9921445404556168,,0.0
2025-11-28,12.46,12.31,12.53,12.19,162240.52,201002.803,0.9919419822723612,,0.0
2025-12-01,12.26,12.13,12.27,11.97,164268.51,200409.028,0.9918233851185608,,0.0
2025-12-02,12.06,12.08,12.32,11.87,158257.42,193036.487,0.9917898193760264,,0.0
2025-12-03,12.03,12.19,12.23,12.01,145565.0,178025.358,0.9918633034987796,,0.0
2025-12-04,12.1,12.28,12.51,12.06,190482.19,236385.937,0.9919224555735056,,0.0
2025-12-05,12.12,11.81,12.16,11.49,177649.36,210368.344,0.9916036943744752,,0.0
2025-12-08,11.89,12.21,12.21,11.83,139528.0,169475.791,0.991876523151909,,0.0
2025-12-09,12.33,12.21,12.5,12.06,126371.19,156270.183,0.991876523151909,,0.0
2025-12-10,12.2,11.9,12.21,11.83,102861.01,124015.327,0.9916666666666668,,0.0
2025-12-11,11.91,11.43,11.95,11.43,124288.0,145163.295,0.9913269731136168,,0.0
2025-12-12,11.48,11.43,11.66,11.41,83952.0,97643.219,0.9913269731136168,,0.0
2025-12-15,11.42,11.53,11.59,11.34,59225.32,68623.67,0.9914015477214102,,0.0
2025-12-16,11.51,11.49,11.63,11.36,67056.0,77532.941,0.9913718723037102,,0.0
2025-12-17,11.43,11.4,11.49,11.19,75557.0,86235.757,0.991304347826087,,0.0
2025-12-18,11.32,11.37,11.5,11.3,50902.0,58615.58,0.99128160418483,,0.0
2025-12-19,11.37,11.71,11.72,11.36,83736.47,97787.968,0.991532599491956,,0.0
2025-12-22,11.68,11.64,11.74,11.58,63457.0,74617.796,0.9914821124361158,,0.0
2025-12-23,11.62,11.42,11.77,11.39,65192.0,75629.498,0.9913194444444444,,0.0
2025-12-24,11.5,11.53,11.58,11.41,53850.0,62558.098,0.9914015477214102,,0.0
2025-12-25,11.5,11.58,11.67,11.38,65179.0,75868.762,0.9914383561643836,,0.0
2025-12-26,11.54,11.49,11.61,11.47,61742.0,71766.632,0.9913718723037102,,0.0
2025-12-29,11.54,11.36,11.54,11.31,55961.0,64286.483,0.9912739965095988,,0.0
2025-12-30,11.4,11.26,11.4,11.18,68472.5,77995.662,0.9911971830985916,,0.0
2025-12-31,11.27,11.26,11.31,11.11,55634.0,62902.284,0.9911971830985916,,0.0
2026-01-05,11.26,11.35,11.41,11.24,52221.0,59759.596,0.9912663755458516,,0.0
2026-01-06,11.37,11.4,11.45,11.32,58386.02,67075.696,0.991304347826087,,0.0
2026-01-07,11.46,11.71,11.82,11.43,146141.02,171508.706,0.991532599491956,,0.0
2026-01-08,11.62,11.6,11.62,11.4,107082.6,124382.006,0.9914529914529916,,0.0
2026-01-09,11.58,11.75,11.82,11.54,120482.0,141964.428,0.9915611814345991,,0.0
2026-01-12,11.75,11.8,11.83,11.6,117494.0,138751.963,0.9915966386554622,,0.0
2026-01-13,11.78,11.68,11.91,11.65,98620.0,117146.353,0.9915110356536504,,0.0
2026-01-14,11.68,11.62,11.81,11.45,104135.0,122473.68,0.9914675767918087,,0.0
2026-01-15,11.63,11.74,11.87,11.6,74995.0,88644.299,0.991554054054054,,0.0
2026-01-16,11.75,11.85,11.86,11.72,80841.0,96170.156,0.99163179916318,,0.0
2026-01-19,11.76,12.04,12.05,11.76,79489.01,95630.174,0.9917627677100496,,0.0
2026-01-20,12.02,12.07,12.14,11.94,74079.0,89863.728,0.9917830731306492,,0.0
2026-01-21,12.08,12.35,12.41,12.02,129484.27,160236.39,0.9919678714859438,,0.0
2026-01-22,12.3,12.24,12.34,12.16,95467.89,117722.737,0.9918962722852512,,0.0
2026-01-23,12.29,12.16,12.33,12.07,128690.0,157613.661,0.9918433931484504,,0.0
2026-01-26,12.14,12.02,12.14,11.88,95441.27,115671.872,0.9917491749174918,,0.0
2026-01-27,12.02,11.83,12.05,11.6,83247.0,98521.469,0.991617770326907,,0.0
2026-01-28,11.79,11.82,11.95,11.73,63880.0,76166.247,0.9916107382550337,,0.0
2026-01-29,11.71,11.75,11.87,11.63,60973.0,72337.132,0.9915611814345991,,0.0
2026-01-30,11.72,12.2,12.21,11.69,175308.0,213774.823,0.9918699186991872,,0.0
2026-02-02,12.06,11.78,12.06,11.69,115253.0,138222.451,0.9915824915824916,,0.0
2026-02-03,11.8,11.83,11.94,11.62,81227.0,96657.913,0.991617770326907,,0.0
2026-02-04,11.86,12.16,12.18,11.81,108940.64,132497.747,0.9918433931484504,,0.0
2026-02-05,12.15,12.18,12.34,12.03,90479.0,111361.515,0.99185667752443,,0.0
2026-02-06,12.07,12.19,12.28,12.07,72992.0,89642.3,0.9918633034987796,,0.0
2026-02-09,12.33,12.42,12.65,12.29,94847.0,118782.799,0.9920127795527156,,0.0
2026-02-10,12.44,12.67,12.78,12.31,130386.0,165759.476,0.9921691464369616,,0.0
2026-02-11,12.55,12.32,12.55,12.31,99597.0,124513.595,0.9919484702093398,,0.0
2026-02-12,12.3,12.17,12.45,12.1,78546.0,97018.731,0.9918500407497964,,0.0
2026-02-13,12.23,12.45,12.56,12.15,117269.0,146871.235,0.9920318725099602,,0.0
2026-02-24,12.31,12.57,12.6,12.24,103222.0,129570.606,0.9921073401736386,,0.0
2026-02-25,12.49,12.38,12.66,12.35,102251.0,128826.412,0.9919871794871796,,0.0
2026-02-26,12.41,12.22,12.5,12.2,78838.0,97645.788,0.9918831168831168,,0.0
2026-02-27,12.22,12.36,12.36,12.11,56707.0,69939.063,0.9919743178170144,,0.0
2026-03-02,12.13,11.79,12.18,11.63,121002.0,144719.342,0.9915895710681244,,0.0
2026-03-03,11.84,11.59,11.96,11.54,83598.0,99074.81,0.9914456800684346,,0.0
2026-03-04,11.59,11.56,11.73,11.4,60438.0,70603.163,0.9914236706689538,,0.0
2026-03-05,11.65,11.51,11.74,11.47,58843.0,68671.837,0.991386735572782,,0.0
2026-03-06,11.47,11.8,11.81,11.46,52288.0,61517.855,0.9915966386554622,,0.0
2026-03-09,11.74,11.69,11.85,11.54,42706.0,50196.598,0.991518235793045,,0.0
2026-03-10,11.72,11.84,11.88,11.66,36987.0,43997.44,0.9916247906197656,,0.0
2026-03-11,11.85,11.81,11.98,11.71,50102.0,59698.583,0.9916036943744752,,0.0
2026-03-12,11.77,11.62,11.8,11.57,46333.0,54457.88,0.9914675767918087,,0.0
2026-03-13,11.59,11.7,11.89,11.57,48954.0,57986.531,0.9915254237288136,,0.0
2026-03-16,12.14,12.11,12.55,12.03,171640.0,212137.936,0.991809991809992,,0.0
2026-03-17,12.04,11.55,12.15,11.54,110669.0,132403.234,0.9914163090128756,,0.0
2026-03-18,11.59,11.45,11.61,11.34,62314.0,71839.007,0.9913419913419914,,0.0
2026-03-19,11.4,11.22,11.56,11.16,56698.0,64829.065,0.991166077738516,,0.0
2026-03-20,11.21,10.86,11.28,10.86,60777.66,67543.371,0.9908759124087592,,0.0
2026-03-23,10.65,10.1,10.65,9.97,74329.76,77650.609,0.9901960784313726,,0.0
2026-03-24,10.27,10.55,10.58,10.13,55206.04,57639.551,0.9906103286384976,,0.0
2026-03-25,10.65,10.8,10.83,10.6,35926.74,38918.681,0.9908256880733946,,0.0
2026-03-26,10.84,10.72,10.95,10.65,32502.0,35337.282,0.9907578558225508,,0.0
2026-03-27,10.6,11.07,11.09,10.56,41009.0,45327.829,0.991047448522829,,0.0
2026-03-30,10.86,10.87,11.01,10.63,52777.0,57651.333,0.9908842297174112,,0.0
2026-03-31,10.95,10.68,10.98,10.65,45389.0,49506.673,0.9907235621521336,,0.0
2026-04-01,10.8,10.88,10.89,10.74,46208.0,50491.14,0.9908925318761383,,0.0
2026-04-02,10.85,10.71,10.92,10.6,32245.0,34962.902,0.9907493061979648,,0.0
2026-04-03,10.66,10.3,10.74,10.26,45425.0,47691.056,0.9903846153846154,,0.0
2026-04-07,10.33,10.61,10.69,10.24,40567.0,43181.089,0.9906629318394023,,0.0
2026-04-08,10.73,10.89,10.9,10.72,39407.14,43091.543,0.9909008189262968,,0.0
2026-04-09,10.86,10.62,10.96,10.58,32990.01,35640.05,0.9906716417910448,,0.0
2026-04-10,10.67,10.73,10.85,10.58,25545.0,27719.709,0.9907663896583564,,0.0
2026-04-13,10.72,10.71,10.78,10.61,22757.99,24544.266,0.9907493061979648,,0.0
2026-04-14,10.77,10.72,10.88,10.56,33487.0,36066.638,0.9907578558225508,,0.0
2026-04-15,10.72,10.67,10.75,10.58,24572.0,26365.231,0.9907149489322192,,0.0
2026-04-16,10.66,10.78,10.8,10.54,30137.39,32490.799,0.9908088235294118,,0.0
2026-04-17,10.76,10.61,10.79,10.56,25155.0,27016.091,0.9906629318394023,,0.0
2026-04-20,10.65,10.75,10.81,10.58,30239.0,32604.497,0.9907834101382488,,0.0
2026-04-21,10.75,10.77,10.83,10.62,33154.0,35913.216,0.9908003679852806,,0.0
2026-04-22,10.7,10.71,10.76,10.64,22323.0,24099.718,0.9907493061979648,,0.0
2026-04-23,10.72,10.66,10.75,10.55,27738.0,29851.359,0.9907063197026024,,0.0
2026-04-24,10.61,10.69,10.7,10.54,24097.1,25822.472,0.9907321594068582,,0.0
2026-04-27,10.79,10.86,10.88,10.47,38176.0,41194.368,0.9908759124087592,,0.0
2026-04-28,10.81,10.68,10.83,10.6,40759.0,44034.376,0.9907235621521336,,0.0
2026-04-29,10.01,10.23,10.29,9.88,86124.0,88067.366,0.9903194578896418,,0.0
2026-04-30,10.18,10.36,10.49,10.18,50901.01,53468.857,0.9904397705544934,,0.0
2026-05-06,10.5,10.42,10.5,10.3,38615.84,40591.669,0.9904942965779469,,0.0
2026-05-07,10.44,10.28,10.47,10.26,37022.0,38738.054,0.9903660886319846,,0.0
2026-05-08,10.28,10.42,10.44,10.27,29427.0,30741.95,0.9904942965779469,,0.0
2026-05-11,10.47,10.25,10.47,10.19,418270000.0,434836380.0,0.9903381642512078,,0.0
2026-05-12,10.31,10.11,10.35,10.06,38175.01,39291.453,0.990205680705191,,0.0
2026-05-13,10.12,10.11,10.17,10.03,27413.0,27990.923,0.990205680705191,,0.0
2026-05-14,10.1,9.98,10.14,9.98,30783.26,31218.049,0.9900793650793652,,0.0
2026-05-15,9.97,9.84,10.01,9.79,36649.0,36668.736,0.9899396378269618,,0.0
2026-05-18,9.87,9.92,9.97,9.69,36194.0,35840.71,0.9900199600798404,,0.0
2026-05-19,9.92,9.96,10.07,9.84,30813.0,30993.204,0.9900596421471172,,0.0
2026-05-20,9.94,9.79,9.97,9.74,23011.0,22814.141,0.9898887765419616,,0.0
2026-05-21,9.83,9.48,9.95,9.46,35363.0,34665.444,0.989561586638831,,0.0
2026-05-22,9.51,9.66,9.72,9.4,29445.0,28411.25,0.9897540983606558,,0.0
2026-05-25,9.65,9.53,9.79,9.43,24297.0,23486.327,0.9896157840083074,,0.0
2026-05-26,9.46,9.26,9.48,9.17,36056.0,33857.179,0.9893162393162394,,0.0
2026-05-27,9.25,9.09,9.26,8.97,36786.0,33714.172,0.9891186071817192,,0.0
2026-05-28,9.09,9.14,9.2,8.92,29702.0,26976.293,1.0,,0.0
2026-05-29,9.08,9.09,9.22,9.02,32942.12,29997.813,1.0,,0.0
2026-06-01,8.92,9.37,9.37,8.86,30726.0,28419.315,1.0,,0.0
2026-06-02,9.38,9.05,9.44,9.02,36603.0,33378.784,1.0,,0.0
2026-06-03,9.04,8.91,9.1,8.83,32117.06,28636.399,1.0,,0.0
2026-06-04,8.9,8.75,9.09,8.69,35182.76,31133.622,1.0,,0.0
2026-06-05,8.74,8.94,9.02,8.71,30578.79,27151.935,1.0,,0.0
2026-06-08,8.77,8.68,8.96,8.56,40964.0,35868.402,1.0,,0.0
2026-06-09,8.73,8.61,8.79,8.51,27668.0,23895.968,1.0,,0.0
2026-06-10,8.59,8.57,8.69,8.48,26066.0,22312.761,1.0,,0.0
2026-06-11,8.52,8.53,8.61,8.4,17425.1,14779.124,1.0,,0.0
2026-06-12,8.53,8.67,8.72,8.42,28086.0,24161.108,1.0,,0.0
2026-06-15,8.68,8.56,8.89,8.51,32831.0,28484.096,1.0,,0.0
2026-06-16,8.57,8.68,8.71,8.41,31455.0,26901.761,1.0,,0.0
2026-06-17,8.75,8.43,8.89,8.38,39480.0,33695.404,1.0,,0.0
2026-06-18,8.39,8.33,8.47,8.21,28990.0,24188.704,1.0,,0.0
2026-06-22,8.33,8.45,8.45,8.06,31019.9,25466.496,1.0,,0.0
2026-06-24,8.57,8.23,8.65,8.12,34029.0,28091.236,1.0,,0.0
2026-06-25,8.15,8.09,8.23,7.95,31981.0,25762.641,1.0,,0.0
2026-06-26,8.05,7.94,8.05,7.79,25527.0,20201.929,1.0,,0.0
2026-06-29,7.94,7.94,8.04,7.62,31108.0,24471.428,1.0,,0.0
2026-06-30,7.93,7.78,7.99,7.71,32713.0,25556.466,1.0,,0.0
2026-07-01,7.77,8.02,8.15,7.76,41170.0,32881.864,1.0,,0.0
2026-07-03,8.13,8.21,8.27,8.07,38457.0,31467.025,1.0,,0.0
2026-07-06,8.2,8.25,8.39,8.2,27305.0,22586.266,1.0,,0.0
2026-07-07,8.18,7.94,8.26,7.92,23165.0,18580.033,1.0,,0.0
2026-07-08,7.94,7.94,8.06,7.82,19456.0,15435.705,1.0,,0.0
2026-07-09,7.99,7.85,8.01,7.73,23792.0,18644.156,1.0,,0.0
2026-07-10,7.85,8.08,8.18,7.7,31614.99,25318.5,1.0,,0.0
2026-07-14,7.88,8.06,8.08,7.78,33620.0,26814.442,1.0,,0.0
2026-07-15,8.11,8.23,8.26,8.06,29021.0,23781.201,1.0,,0.0
2026-07-16,8.22,8.32,8.39,8.1,32336.0,26805.059,1.0,,0.0
2026-07-17,8.31,8.07,8.55,8.02,44558.0,36880.754,1.0,,0.0
2026-07-20,8.06,7.86,8.27,7.79,53721.77,43155.511,1.0,,0.0
2026-07-21,7.9,7.6,7.92,7.47,58547.39,44629.916,1.0,,0.0
2026-07-22,7.58,7.58,7.7,7.49,36821.0,27841.123,1.0,,0.0
2026-07-23,7.5,7.76,7.76,7.47,33472.0,25463.133,1.0,,0.0
2026-07-24,7.65,7.49,7.73,7.48,27849.0,21060.257,1.0,,0.0
2026-07-27,7.49,7.7,7.73,7.47,34574.0,26498.254,1.0,,0.0
2026-07-28,7.66,7.83,7.89,7.66,30500.4,23802.942,1.0,,0.0
2026-07-29,7.81,7.98,8.04,7.8,36995.0,29356.029,1.0,,0.0
2026-07-30,7.97,7.94,8.14,7.84,37336.0,29829.364,1.0,,0.0
2026-07-31,7.94,8.1,8.1,7.93,33912.0,27259.671,1.0,,0.0
2026-08-03,8.14,8.34,8.35,8.06,35750.01,29462.55,1.0,,0.0
2026-08-04,8.39,8.28,8.45,8.26,31932.0,26597.112,1.0,,0.0
2026-08-05,8.32,8.21,8.33,8.12,29617.01,24356.98,1.0,,0.0
2026-08-06,8.21,8.34,8.34,8.14,30519.0,25145.163,1.0,,0.0
2026-08-07,8.33,8.3,8.33,8.12,32957.0,27076.837,1.0,,0.0
2026-08-10,8.34,8.63,8.65,8.3,44778.0,38133.803,1.0,,0.0
2026-08-11,8.61,8.51,8.61,8.46,28712.01,24501.351,1.0,,0.0
2026-08-12,8.5,8.59,8.62,8.44,24660.01,21075.961,1.0,1.0235,0.0
2026-08-13,8.58,8.49,8.59,8.4,33698.0,28584.749,1.0,1.4,0.0
2026-08-14,8.49,8.6,8.6,8.38,47624.0,40511.68,1.0,1.98,0.0
2026-08-17,8.6,8.59,8.62,8.41,43001.0,36751.777,1.0,0.0,0.0
2026-08-18,8.65,8.74,8.8,8.52,60486.0,52601.051,1.0,0.0,0.0
2026-08-19,8.74,8.43,8.74,8.4,56671.0,48337.035,1.0,0.0,0.0
2026-08-20,8.43,8.57,8.64,8.39,40405.0,34612.237,1.0,1.677,1.677
2026-08-21,8.54,8.57,8.61,8.39,31120.0,26451.318,1.0,1.2916,1.2916
2026-08-24,8.63,8.54,8.66,8.47,29735.0,25414.038,1.0,1.2341,1.2341
2026-08-25,8.49,8.75,8.78,8.49,27721.0,24153.465,1.0,1.1506,1.1506
2026-08-26,8.75,8.8,8.83,8.71,28240.0,24821.783,1.0,1.1721,1.1721
2026-08-27,8.76,8.86,8.92,8.71,35287.0,31264.375,1.0,1.4646,1.4646
2026-08-28,8.9,9.13,9.3,8.82,77145.0,70122.33,1.0,3.2019,3.2019
2026-08-31,9.05,9.23,9.25,8.99,58955.0,53980.588,1.0,2.4469,2.4469
2026-09-01,9.17,9.37,9.48,9.16,53480.01,50066.401,1.0,2.2197,2.2197
2026-09-02,9.42,9.23,9.42,9.17,47723.01,44124.531,1.0,1.9807,1.9807
2026-09-03,9.31,9.13,9.38,9.12,35177.0,32347.886,1.0,1.46,1.46
2026-09-04,9.13,9.34,9.45,9.1,52885.0,49420.541,1.0,2.195,2.195
2026-09-07,9.31,9.61,9.63,9.31,66832.01,63756.716,1.0,2.7738,2.7738
2026-09-08,9.62,9.9,10.57,9.58,139103.3,138905.128,1.0,5.7734,5.7734
2026-09-09,9.71,10.02,10.25,9.71,131950.0,132534.803,1.0,5.4765,5.4765
2026-09-10,9.82,9.85,10.35,9.82,119032.0,119390.297,1.0,4.9404,4.9404
2026-09-11,9.9,9.45,9.99,9.4,96926.0,92544.552,1.0,4.0229,4.0229
2026-09-14,9.5,9.34,9.5,9.2,58898.0,54880.48,1.0,2.4445,2.4445
2026-09-15,9.25,9.03,9.32,8.98,48055.99,43873.166,1.0,1.9945,1.9945
2026-09-16,8.97,9.18,9.21,8.77,41136.0,37353.717,1.0,1.7073,1.7073
2026-09-17,9.24,9.23,9.32,8.97,38391.0,35176.714,1.0,1.5934,1.5934
2026-09-18,9.23,9.21,9.3,9.11,34649.0,31898.046,1.0,1.4381,1.4381
2026-09-21,9.21,9.4,9.42,9.11,35247.0,32843.651,1.0,1.4629,1.4629
2026-09-22,9.37,9.39,9.45,9.13,36954.3,34343.124,1.0,1.5338,1.5338
