date,open,close,high,low,volume,money,factor,turnover,turnover_free
2021-05-10,3.4200000000000004,3.35,3.45,3.3200000000000003,73496.0,25298.202,0.97953216374269,,0.0
2021-05-11,3.3200000000000003,3.47,3.58,3.3200000000000003,112977.85,39904.091,0.980225988700565,,0.0
2021-05-12,3.52,3.5900000000000003,3.69,3.46,141480.25,52013.848,0.9808743169398908,,0.0
2021-05-13,3.5700000000000003,3.43,3.65,3.4000000000000004,111221.0,40042.047,0.98,,0.0
2021-05-14,3.44,3.39,3.46,3.3600000000000003,97348.0,33824.384,0.9797687861271676,,0.0
2021-05-17,3.37,3.35,3.53,3.3200000000000003,99706.0,34593.726,0.97953216374269,,0.0
2021-05-18,3.35,3.46,3.64,3.3200000000000003,127975.0,45321.521,0.9801699716713882,,0.0
2021-05-19,3.44,3.3800000000000003,3.45,3.3600000000000003,77698.0,26946.257,0.9797101449275364,,0.0
2021-05-20,3.39,3.24,3.39,3.22,126443.0,42378.472,0.9788519637462236,,0.0
2021-05-21,3.21,3.31,3.33,3.2,80476.01,27028.256,0.9792899408284024,,0.0
2021-05-24,3.3400000000000003,3.26,3.3800000000000003,3.25,68252.01,23078.948,0.978978978978979,,0.0
2021-05-25,3.24,3.18,3.28,3.16,97052.02,31646.039,0.9784615384615384,,0.0
2021-05-26,3.18,3.3200000000000003,3.4000000000000004,3.1500000000000004,137794.32,46372.416,0.9793510324483776,,0.0
2021-05-27,3.3200000000000003,3.29,3.3400000000000003,3.26,52860.0,17812.966,0.9791666666666669,,0.0
2021-05-28,3.29,3.27,3.3200000000000003,3.23,67214.3,22435.172,0.9790419161676648,,0.0
2021-05-31,3.3000000000000003,3.2,3.35,3.19,68567.95,22650.162,0.978593272171254,,0.0
2021-06-01,3.21,3.23,3.27,3.18,55385.41,18281.755,0.9787878787878788,,0.0
2021-06-02,3.21,3.16,3.28,3.14,93734.79,30529.497,0.9783281733746132,,0.0
2021-06-03,3.1500000000000004,3.18,3.24,3.1500000000000004,66814.81,21856.148,0.9784615384615384,,0.0
2021-06-04,3.2,3.18,3.24,3.16,55677.21,18149.862,0.9784615384615384,,0.0
2021-06-07,3.16,3.14,3.19,3.12,57562.44,18552.879,0.9781931464174456,,0.0
2021-06-08,3.1300000000000003,3.21,3.25,3.12,76349.78,24806.763,0.978658536585366,,0.0
2021-06-09,3.21,3.33,3.4200000000000004,3.1700000000000004,139800.91,47386.312,0.9794117647058824,,0.0
2021-06-10,3.3000000000000003,3.35,3.3800000000000003,3.28,74359.83,25244.361,0.97953216374269,,0.0
2021-06-11,3.3800000000000003,3.46,3.56,3.37,137285.39,48741.644,0.9801699716713882,,0.0
2021-06-15,3.39,3.3400000000000003,3.45,3.3200000000000003,87067.03,29978.152,0.9794721407624634,,0.0
2021-06-16,3.35,3.37,3.44,3.28,93010.01,32002.483,0.9796511627906976,,0.0
2021-06-17,3.3600000000000003,3.3000000000000003,3.4000000000000004,3.28,68746.17,23402.124,0.9792284866468844,,0.0
2021-06-18,3.31,3.26,3.31,3.26,49301.1,16521.239,0.978978978978979,,0.0
2021-06-21,3.28,3.3800000000000003,3.4200000000000004,3.27,83327.57,28475.128,0.9797101449275364,,0.0
2021-06-22,3.3800000000000003,3.3800000000000003,3.43,3.3400000000000003,64949.0,22489.591,0.9797101449275364,,0.0
2021-06-23,3.3600000000000003,3.3800000000000003,3.4200000000000004,3.3600000000000003,69017.0,23803.477,0.9797101449275364,,0.0
2021-06-24,3.3800000000000003,3.73,3.73,3.35,246602.87,91078.867,0.9815789473684212,,0.0
2021-06-30,3.91,3.37,3.91,3.35,529108.03,186362.621,0.9796511627906976,,0.0
2021-07-01,3.3000000000000003,3.06,3.33,3.06,300098.0,97247.682,0.977635782747604,,0.0
2021-07-02,3.0500000000000003,3.0900000000000003,3.25,3.04,193601.93,62064.628,0.9778481012658228,,0.0
2021-07-05,3.12,3.0500000000000003,3.1300000000000003,3.04,137845.17,43339.744,0.9775641025641026,,0.0
2021-07-06,3.04,3.14,3.19,3.0,156487.39,49226.696,0.9781931464174456,,0.0
2021-07-07,3.12,3.35,3.4000000000000004,3.1,187484.97,61573.027,0.97953216374269,,0.0
2021-07-08,3.3400000000000003,3.31,3.48,3.3000000000000003,162248.35,55989.024,0.9792899408284024,,0.0
2021-07-09,3.3400000000000003,3.29,3.3600000000000003,3.24,87732.52,29532.553,0.9791666666666669,,0.0
2021-07-12,3.28,3.19,3.3000000000000003,3.1700000000000004,99559.71,32844.49,0.9785276073619632,,0.0
2021-07-13,3.22,3.52,3.52,3.21,104986.7,36996.202,0.9805013927576602,,0.0
2021-07-14,3.88,3.88,3.88,3.72,154947.63,61068.292,0.9822784810126582,,0.0
2021-07-15,4.23,3.67,4.23,3.53,453997.4,172430.491,0.9812834224598932,,0.0
2021-07-16,3.65,3.67,3.92,3.61,329785.05,125762.617,0.9812834224598932,,0.0
2021-07-19,3.64,3.58,3.73,3.56,195586.96,72127.656,0.9808219178082191,,0.0
2021-07-20,3.58,3.5900000000000003,3.64,3.54,111825.01,40942.362,0.9808743169398908,,0.0
2021-07-21,3.5900000000000003,3.56,3.65,3.5500000000000003,106810.01,38982.033,0.9807162534435262,,0.0
2021-07-22,3.5500000000000003,3.5,3.5900000000000003,3.46,147752.14,52825.475,0.9803921568627452,,0.0
2021-07-23,3.47,3.48,3.51,3.45,77079.56,27313.248,0.9802816901408452,,0.0
2021-07-26,3.5,3.76,3.83,3.5,283590.91,106240.522,0.9817232375979112,,0.0
2021-07-27,3.69,3.79,3.9,3.64,217795.76,83973.039,0.9818652849740932,,0.0
2021-07-28,3.8,3.73,3.83,3.53,153181.3,57378.147,0.9815789473684212,,0.0
2021-07-29,3.63,3.5900000000000003,3.73,3.53,183471.94,67313.219,0.9808743169398908,,0.0
2021-07-30,3.53,3.43,3.54,3.39,145429.0,51191.168,0.98,,0.0
2021-08-02,3.43,3.49,3.49,3.29,119156.48,41073.861,0.9803370786516854,,0.0
2021-08-03,3.46,3.41,3.54,3.41,97785.66,34573.305,0.9798850574712644,,0.0
2021-08-04,3.47,3.49,3.63,3.43,139204.56,50234.409,0.9803370786516854,,0.0
2021-08-05,3.43,3.33,3.46,3.33,107843.0,37236.815,0.9794117647058824,,0.0
2021-08-06,3.33,3.3200000000000003,3.35,3.23,111003.01,37166.211,0.9793510324483776,,0.0
2021-08-09,3.28,3.3400000000000003,3.39,3.28,65345.51,22334.737,0.9794721407624634,,0.0
2021-08-10,3.33,3.46,3.5500000000000003,3.3200000000000003,150539.42,52978.483,0.9801699716713882,,0.0
2021-08-11,3.45,3.41,3.49,3.39,74921.62,26213.69,0.9798850574712644,,0.0
2021-08-12,3.45,3.41,3.52,3.4000000000000004,65576.22,23001.29,0.9798850574712644,,0.0
2021-08-13,3.41,3.37,3.41,3.3200000000000003,72631.6,24830.397,0.9796511627906976,,0.0
2021-08-16,3.37,3.3400000000000003,3.39,3.3200000000000003,52487.61,17969.892,0.9794721407624634,,0.0
2021-08-17,3.3400000000000003,3.3800000000000003,3.3800000000000003,3.26,83332.01,28331.81,0.9797101449275364,,0.0
2021-08-18,3.3800000000000003,3.35,3.43,3.33,43616.22,14929.481,0.97953216374269,,0.0
2021-08-19,3.35,3.35,3.3800000000000003,3.31,43962.01,14987.105,0.97953216374269,,0.0
2021-08-20,3.33,3.3400000000000003,3.35,3.3000000000000003,40667.0,13798.18,0.9794721407624634,,0.0
2021-08-23,3.3400000000000003,3.37,3.44,3.3400000000000003,68060.0,23569.752,0.9796511627906976,,0.0
2021-08-24,3.37,3.48,3.52,3.35,117307.99,41185.318,0.9802816901408452,,0.0
2021-08-25,3.5,3.53,3.5900000000000003,3.48,110480.42,39664.987,0.9805555555555556,,0.0
2021-08-26,3.52,3.5700000000000003,3.61,3.49,107309.7,39024.603,0.9807692307692308,,0.0
2021-08-27,3.5500000000000003,3.65,3.68,3.53,110276.55,40760.956,0.9811827956989247,,0.0
2021-08-30,3.65,3.61,3.71,3.5500000000000003,82702.0,30241.87,0.9809782608695652,,0.0
2021-08-31,3.5500000000000003,3.56,3.6,3.52,71912.5,26057.612,0.9807162534435262,,0.0
2021-09-01,3.53,3.5900000000000003,3.67,3.53,91383.39,33641.576,0.9808743169398908,,0.0
2021-09-02,3.6,3.69,3.74,3.5500000000000003,120492.2,45074.913,0.9813829787234044,,0.0
2021-09-03,3.72,3.63,3.73,3.5900000000000003,77729.43,28880.232,0.9810810810810812,,0.0
2021-09-06,3.66,3.97,3.99,3.64,282566.92,111804.694,0.9826732673267328,,0.0
2021-09-07,3.88,4.09,4.109999999999999,3.84,218965.03,89710.026,0.9831730769230768,,0.0
2021-09-08,4.1,4.4,4.51,4.1,535478.79,241063.118,0.9843400447427292,,0.0
2021-09-09,4.23,4.55,4.63,4.21,397933.24,180495.44,0.9848484848484848,,0.0
2021-09-10,4.52,4.44,4.63,4.4,188446.42,85822.61,0.9844789356984478,,0.0
2021-09-13,4.44,4.46,4.51,4.39,157988.4,71397.031,0.9845474613686532,,0.0
2021-09-14,4.46,4.39,4.65,4.38,145926.88,66508.953,0.984304932735426,,0.0
2021-09-15,4.46,4.56,4.62,4.31,135784.27,62122.485,0.9848812095032397,,0.0
2021-09-16,4.569999999999999,4.39,4.609999999999999,4.35,141078.8,63761.581,0.984304932735426,,0.0
2021-09-17,4.42,4.71,4.779999999999999,4.26,273049.65,125942.18,0.9853556485355648,,0.0
2021-09-22,4.65,4.33,4.65,4.239999999999999,394993.15,175813.263,0.984090909090909,,0.0
2021-09-23,4.33,4.529999999999999,4.609999999999999,4.31,234659.56,107886.635,0.9847826086956522,,0.0
2021-09-24,4.569999999999999,4.489999999999999,4.58,4.48,101066.01,46401.943,0.9846491228070174,,0.0
2021-09-27,4.58,4.33,4.62,4.3,137521.0,61227.275,0.984090909090909,,0.0
2021-09-28,4.3,4.34,4.41,4.279999999999999,79312.0,34983.352,0.984126984126984,,0.0
2021-09-29,4.359999999999999,4.13,4.359999999999999,4.109999999999999,132847.32,56636.771,0.9833333333333332,,0.0
2021-09-30,4.19,4.35,4.4,4.14,110277.0,47810.841,0.9841628959276018,,0.0
2021-10-08,4.42,4.31,4.449999999999999,4.23,88176.78,38666.296,0.9840182648401826,,0.0
2021-10-11,4.27,4.199999999999999,4.35,4.14,100444.0,43182.176,0.9836065573770492,,0.0
2021-10-12,4.199999999999999,4.08,4.199999999999999,4.029999999999999,80677.0,33586.397,0.983132530120482,,0.0
2021-10-13,4.08,4.01,4.14,3.92,84246.0,34320.992,0.982843137254902,,0.0
2021-10-14,4.0,4.08,4.23,3.94,72897.0,30326.717,0.983132530120482,,0.0
2021-10-15,4.08,4.02,4.1,3.93,67232.0,27515.74,0.982885085574572,,0.0
2021-10-18,3.99,3.98,4.05,3.95,45398.56,18417.738,0.982716049382716,,0.0
2021-10-19,4.01,4.0,4.06,3.97,63406.0,25838.466,0.9828009828009828,,0.0
2021-10-20,4.05,3.95,4.05,3.92,66807.01,26938.166,0.9825870646766168,,0.0
2021-10-21,3.92,3.86,3.95,3.82,74693.85,29414.908,0.9821882951653944,,0.0
2021-10-22,3.86,3.73,3.88,3.71,82133.79,31597.743,0.9815789473684212,,0.0
2021-10-25,3.75,3.97,4.01,3.65,122953.28,48839.175,0.9826732673267328,,0.0
2021-10-26,4.0,4.08,4.09,3.84,100125.51,40601.9,0.983132530120482,,0.0
2021-10-27,4.1,4.02,4.1,3.97,67902.03,27724.865,0.982885085574572,,0.0
2021-10-28,3.99,3.91,4.02,3.89,62377.0,24997.371,0.9824120603015076,,0.0
2021-10-29,3.88,3.93,3.99,3.87,37314.78,14956.552,0.9825,,0.0
2021-11-01,3.93,4.05,4.109999999999999,3.88,56705.28,23232.355,0.983009708737864,,0.0
2021-11-02,4.06,3.94,4.109999999999999,3.91,54849.27,22162.0,0.9825436408977556,,0.0
2021-11-03,3.94,3.94,4.02,3.91,35696.0,14355.629,0.9825436408977556,,0.0
2021-11-04,3.94,3.98,4.01,3.89,36756.11,14827.686,0.982716049382716,,0.0
2021-11-05,3.98,3.91,3.99,3.88,82027.9,32725.519,0.9824120603015076,,0.0
2021-11-08,3.94,4.04,4.1,3.91,68819.39,28267.935,0.9829683698296836,,0.0
2021-11-09,4.08,4.15,4.22,4.069999999999999,102019.07,42883.259,0.9834123222748814,,0.0
2021-11-10,4.1,4.1,4.16,4.02,73254.62,30345.409,0.9832134292565946,,0.0
2021-11-11,4.05,4.029999999999999,4.12,4.02,59998.18,24701.971,0.9829268292682926,,0.0
2021-11-12,4.05,4.01,4.08,3.99,53793.66,21980.162,0.982843137254902,,0.0
2021-11-15,3.99,4.01,4.06,3.98,57539.95,23536.84,0.982843137254902,,0.0
2021-11-16,4.01,3.98,4.05,3.98,50444.0,20595.972,0.982716049382716,,0.0
2021-11-17,3.98,4.15,4.21,3.98,112065.99,47161.224,0.9834123222748814,,0.0
2021-11-18,4.16,4.16,4.26,4.12,90678.12,38664.619,0.983451536643026,,0.0
2021-11-19,4.15,4.12,4.18,4.08,47304.01,19815.364,0.9832935560859188,,0.0
2021-11-22,4.14,4.16,4.21,4.08,51442.47,21702.54,0.983451536643026,,0.0
2021-11-23,4.18,4.109999999999999,4.18,4.08,52082.53,21738.129,0.9832535885167464,,0.0
2021-11-24,4.109999999999999,4.21,4.27,4.109999999999999,99979.79,42653.256,0.983644859813084,,0.0
2021-11-25,4.22,4.15,4.25,4.14,59966.61,25418.324,0.9834123222748814,,0.0
2021-11-26,4.15,4.09,4.17,4.069999999999999,66734.94,27849.469,0.9831730769230768,,0.0
2021-11-29,4.04,4.02,4.069999999999999,3.98,74949.0,30722.162,0.982885085574572,,0.0
2021-11-30,4.04,4.1,4.199999999999999,4.04,63311.15,26540.247,0.9832134292565946,,0.0
2021-12-01,4.1,4.1,4.16,4.06,46148.0,19157.151,0.9832134292565946,,0.0
2021-12-02,4.1,4.13,4.16,4.069999999999999,51656.15,21693.642,0.9833333333333332,,0.0
2021-12-03,4.14,4.39,4.449999999999999,4.12,188858.17,82331.311,0.984304932735426,,0.0
2021-12-06,4.4,4.33,4.51,4.31,118723.02,52839.635,0.984090909090909,,0.0
2021-12-07,4.42,4.26,4.58,4.23,121059.61,53190.331,0.9838337182448036,,0.0
2021-12-08,4.26,4.279999999999999,4.3,4.199999999999999,58849.81,25401.219,0.9839080459770114,,0.0
2021-12-09,4.279999999999999,4.27,4.3,4.239999999999999,39529.0,17152.154,0.9838709677419354,,0.0
2021-12-10,4.26,4.3,4.359999999999999,4.22,51721.67,22639.597,0.9839816933638444,,0.0
2021-12-13,4.319999999999999,4.279999999999999,4.33,4.21,62624.51,27072.835,0.9839080459770114,,0.0
2021-12-14,4.26,4.489999999999999,4.51,4.25,131403.81,59079.861,0.9846491228070174,,0.0
2021-12-15,4.529999999999999,4.83,4.949999999999999,4.48,348578.47,170668.283,0.9857142857142857,,0.0
2021-12-16,4.85,5.029999999999999,5.23,4.79,397872.53,204140.688,0.9862745098039216,,0.0
2021-12-17,4.96,5.029999999999999,5.09,4.949999999999999,191433.21,97213.834,0.9862745098039216,,0.0
2021-12-20,5.02,4.949999999999999,5.13,4.93,134057.59,67855.257,0.9860557768924302,,0.0
2021-12-21,4.98,5.14,5.23,4.9,167746.43,86841.686,0.9865642994241842,,0.0
2021-12-22,5.17,5.279999999999999,5.359999999999999,5.069999999999999,163239.54,86843.467,0.9869158878504672,,0.0
2021-12-23,5.25,5.04,5.279999999999999,5.01,191114.01,98878.864,0.9863013698630136,,0.0
2021-12-24,5.01,4.88,5.1,4.87,128987.1,64804.417,0.9858585858585858,,0.0
2021-12-27,4.89,4.79,5.109999999999999,4.77,116488.0,57467.468,0.98559670781893,,0.0
2021-12-28,4.83,4.88,4.94,4.779999999999999,76729.1,37887.199,0.9858585858585858,,0.0
2021-12-29,4.85,4.77,4.91,4.75,84437.5,41233.084,0.9855371900826446,,0.0
2021-12-30,4.77,4.9,5.06,4.699999999999999,141223.1,69672.92,0.9859154929577464,,0.0
2021-12-31,4.88,5.13,5.199999999999999,4.88,151784.97,78205.051,0.9865384615384616,,0.0
2022-01-04,5.109999999999999,5.16,5.22,5.029999999999999,143716.04,75126.347,0.9866156787762904,,0.0
2022-01-05,5.18,5.12,5.31,5.029999999999999,122507.44,63765.218,0.9865125240847784,,0.0
2022-01-06,5.09,5.02,5.15,4.989999999999999,98812.0,50701.418,0.986247544204322,,0.0
2022-01-07,5.0,4.989999999999999,5.21,4.94,125529.82,64626.796,0.9861660079051384,,0.0
2022-01-10,5.14,5.42,5.489999999999999,5.04,259650.41,139769.883,0.9872495446265938,,0.0
2022-01-11,5.449999999999999,5.42,5.68,5.359999999999999,226417.43,125888.736,0.9872495446265938,,0.0
2022-01-12,5.39,5.46,5.47,5.319999999999999,121459.55,66533.867,0.9873417721518988,,0.0
2022-01-13,5.38,5.6,5.779999999999999,5.38,149193.29,84632.726,0.9876543209876544,,0.0
2022-01-14,5.569999999999999,5.359999999999999,5.66,5.319999999999999,165788.32,91745.701,0.9871086556169428,,0.0
2022-01-17,5.39,5.33,5.46,5.239999999999999,132713.0,71913.208,0.9870370370370368,,0.0
2022-01-18,5.33,5.27,5.48,5.22,119033.0,63966.789,0.9868913857677902,,0.0
2022-01-19,5.25,5.41,5.529999999999999,5.23,155576.0,84881.463,0.9872262773722628,,0.0
2022-01-20,5.4,4.98,5.489999999999999,4.93,208646.33,108675.062,0.986138613861386,,0.0
2022-01-21,4.98,5.06,5.109999999999999,4.84,104267.0,52788.537,0.98635477582846,,0.0
2022-01-24,5.109999999999999,4.8,5.12,4.79,114140.01,56640.339,0.9856262833675564,,0.0
2022-01-25,4.779999999999999,4.609999999999999,4.87,4.58,96403.26,45744.125,0.985042735042735,,0.0
2022-01-26,4.65,4.67,4.779999999999999,4.55,66603.26,31564.995,0.9852320675105484,,0.0
2022-01-27,4.62,4.41,4.66,4.41,115705.08,52855.199,0.984375,,0.0
2022-01-28,4.46,4.46,4.529999999999999,4.359999999999999,65036.0,29370.906,0.9845474613686532,,0.0
2022-02-07,4.52,4.69,4.76,4.5,91825.58,43304.651,0.9852941176470588,,0.0
2022-02-08,4.73,4.81,4.84,4.65,77251.91,37327.824,0.985655737704918,,0.0
2022-02-09,4.8,4.77,4.85,4.73,74435.18,36079.111,0.9855371900826446,,0.0
2022-02-10,4.79,4.69,4.81,4.68,58265.69,27901.056,0.9852941176470588,,0.0
2022-02-11,4.66,4.59,4.76,4.54,79873.98,37315.941,0.984978540772532,,0.0
2022-02-14,4.54,4.64,4.68,4.54,40722.34,19109.033,0.9851380042462844,,0.0
2022-02-15,4.66,4.56,4.71,4.529999999999999,43542.28,20316.538,0.9848812095032397,,0.0
2022-02-16,4.56,4.63,4.68,4.54,40064.68,18814.795,0.9851063829787232,,0.0
2022-02-17,4.63,4.6,4.75,4.59,46211.51,21797.456,0.9850107066381156,,0.0
2022-02-18,4.58,4.609999999999999,4.63,4.54,35225.05,16378.707,0.985042735042735,,0.0
2022-02-21,4.609999999999999,4.73,4.84,4.569999999999999,93087.42,44387.323,0.9854166666666666,,0.0
2022-02-22,4.699999999999999,4.75,4.88,4.68,135976.5,65864.612,0.9854771784232365,,0.0
2022-02-23,4.71,4.83,4.83,4.71,59736.78,28898.528,0.9857142857142857,,0.0
2022-02-24,4.79,4.6,4.97,4.55,152664.42,73839.982,0.9850107066381156,,0.0
2022-02-25,4.62,4.67,4.75,4.6,74063.86,35091.082,0.9852320675105484,,0.0
2022-02-28,4.72,4.77,4.79,4.59,82915.57,39390.963,0.9855371900826446,,0.0
2022-03-01,4.81,4.83,4.85,4.739999999999999,47939.04,23413.501,0.9857142857142857,,0.0
2022-03-02,4.779999999999999,4.83,4.859999999999999,4.76,47977.05,23473.175,0.9857142857142857,,0.0
2022-03-03,4.84,4.779999999999999,4.859999999999999,4.73,67843.09,32936.144,0.9855670103092784,,0.0
2022-03-04,4.77,4.609999999999999,4.79,4.58,100732.08,47729.557,0.985042735042735,,0.0
2022-03-07,4.6,4.64,4.779999999999999,4.6,59965.93,28468.967,0.9851380042462844,,0.0
2022-03-08,4.69,4.5,4.69,4.489999999999999,68526.84,31772.314,0.9846827133479212,,0.0
2022-03-09,4.52,4.319999999999999,4.56,4.109999999999999,134012.53,58646.124,0.9840546697038725,,0.0
2022-03-10,4.319999999999999,4.42,4.51,4.319999999999999,58968.2,26412.913,0.9844097995545656,,0.0
2022-03-11,4.35,4.449999999999999,4.48,4.21,75967.51,33429.451,0.9845132743362832,,0.0
2022-03-14,4.58,4.35,4.58,4.34,73882.09,33489.299,0.9841628959276018,,0.0
2022-03-15,4.319999999999999,3.98,4.33,3.97,88965.56,37432.574,0.982716049382716,,0.0
2022-03-16,4.08,4.26,4.279999999999999,4.0,104301.88,43776.489,0.9838337182448036,,0.0
2022-03-17,4.38,4.19,4.38,4.18,59164.5,25538.168,0.9835680751173708,,0.0
2022-03-18,4.18,4.27,4.3,4.14,38159.67,16475.963,0.9838709677419354,,0.0
2022-03-21,4.31,4.239999999999999,4.319999999999999,4.199999999999999,48278.15,20847.342,0.9837587006960556,,0.0
2022-03-22,4.27,4.27,4.33,4.199999999999999,49653.31,21573.284,0.9838709677419354,,0.0
2022-03-23,4.29,4.22,4.3,4.21,38038.95,16440.338,0.9836829836829836,,0.0
2022-03-24,4.25,4.14,4.26,4.109999999999999,39707.67,16812.94,0.9833729216152018,,0.0
2022-03-25,4.109999999999999,4.15,4.23,4.109999999999999,38990.84,16549.579,0.9834123222748814,,0.0
2022-03-28,4.12,4.15,4.25,4.1,40102.37,16999.171,0.9834123222748814,,0.0
2022-03-29,4.18,4.08,4.31,4.06,47714.87,19974.229,0.983132530120482,,0.0
2022-03-30,4.08,4.1,4.15,4.069999999999999,34460.87,14442.466,0.9832134292565946,,0.0
2022-03-31,4.08,4.15,4.22,4.069999999999999,52103.59,22100.223,0.9834123222748814,,0.0
2022-04-01,4.15,4.22,4.239999999999999,4.15,58318.26,24877.668,0.9836829836829836,,0.0
2022-04-06,4.21,4.35,4.41,4.19,82957.92,36591.93,0.9841628959276018,,0.0
2022-04-07,4.33,4.17,4.35,4.17,61645.0,26623.63,0.9834905660377358,,0.0
2022-04-08,4.16,4.14,4.23,4.05,44432.0,18672.63,0.9833729216152018,,0.0
2022-04-11,4.109999999999999,4.05,4.17,4.0,50784.11,21058.411,0.983009708737864,,0.0
2022-04-12,4.06,4.1,4.1,4.01,38996.0,16115.225,0.9832134292565946,,0.0
2022-04-13,4.1,3.93,4.109999999999999,3.93,54534.95,22115.024,0.9825,,0.0
2022-04-14,3.93,4.02,4.09,3.92,45823.01,18735.931,0.982885085574572,,0.0
2022-04-15,3.98,3.95,4.029999999999999,3.9,42980.82,17331.84,0.9825870646766168,,0.0
2022-04-18,3.86,3.94,3.96,3.81,42542.0,16849.433,0.9825436408977556,,0.0
2022-04-19,3.91,3.97,3.98,3.88,29005.0,11633.942,0.9826732673267328,,0.0
2022-04-20,4.0,3.87,4.02,3.86,33715.0,13477.955,0.9822335025380712,,0.0
2022-04-21,3.84,3.65,3.89,3.61,76037.0,28725.245,0.9811827956989247,,0.0
2022-04-22,3.5700000000000003,3.58,3.67,3.56,38797.8,14254.035,0.9808219178082191,,0.0
2022-04-25,3.5500000000000003,3.22,3.5500000000000003,3.22,72810.67,24891.313,0.9787234042553192,,0.0
2022-04-26,3.22,3.1100000000000003,3.26,3.04,53342.96,17254.191,0.9779874213836478,,0.0
2022-04-27,3.08,3.16,3.18,2.98,50766.01,15879.331,0.9783281733746132,,0.0
2022-04-28,3.1100000000000003,3.06,3.25,3.01,47927.73,15241.236,0.977635782747604,,0.0
2022-04-29,3.08,3.3200000000000003,3.3400000000000003,3.06,60186.0,19886.337,0.9793510324483776,,0.0
2022-05-05,3.43,3.51,3.56,3.33,73764.76,25982.453,0.9804469273743016,,0.0
2022-05-06,3.43,3.46,3.5,3.3800000000000003,37799.59,13306.185,0.9801699716713882,,0.0
2022-05-09,3.45,3.47,3.5500000000000003,3.4200000000000004,31563.36,11178.82,0.980225988700565,,0.0
2022-05-10,3.45,3.51,3.53,3.4200000000000004,29348.36,10457.827,0.9804469273743016,,0.0
2022-05-11,3.53,3.47,3.5700000000000003,3.47,37982.36,13640.349,0.980225988700565,,0.0
2022-05-12,3.48,3.58,3.61,3.47,33731.18,12212.363,0.9808219178082191,,0.0
2022-05-13,3.58,3.69,3.69,3.53,33817.45,12544.021,0.9813829787234044,,0.0
2022-05-16,3.71,3.69,3.74,3.68,30197.01,11405.259,0.9813829787234044,,0.0
2022-05-17,3.7,3.75,3.78,3.67,35009.61,13293.063,0.9816753926701572,,0.0
2022-05-18,3.75,3.85,3.89,3.74,38807.39,15137.477,0.9821428571428572,,0.0
2022-05-19,3.81,3.87,3.88,3.78,26772.13,10484.41,0.9822335025380712,,0.0
2022-05-20,3.87,3.87,3.92,3.86,33470.68,13234.206,0.9822335025380712,,0.0
2022-05-23,3.91,3.92,3.96,3.88,31348.77,12500.736,0.9824561403508772,,0.0
2022-05-24,3.93,3.73,3.94,3.73,57508.11,22460.816,0.9815789473684212,,0.0
2022-05-25,3.73,3.84,3.84,3.71,45175.06,17407.501,0.9820971867007672,,0.0
2022-05-26,3.84,3.89,3.92,3.8,36034.03,14185.894,0.9823232323232324,,0.0
2022-05-27,3.9,3.89,3.92,3.83,30768.86,12127.932,0.9823232323232324,,0.0
2022-05-30,3.89,3.87,3.92,3.83,22409.7,8836.535,0.9822335025380712,,0.0
2022-05-31,3.97,4.13,4.26,3.92,110440.07,45849.913,0.9833333333333332,,0.0
2022-06-01,4.18,4.319999999999999,4.44,4.15,118701.24,51998.501,0.9840546697038725,,0.0
2022-06-02,4.359999999999999,4.31,4.4,4.239999999999999,97118.48,42410.234,0.9840182648401826,,0.0
2022-06-06,4.27,4.43,4.449999999999999,4.26,74178.43,33046.647,0.9844444444444445,,0.0
2022-06-07,4.38,4.39,4.44,4.34,50863.72,22662.622,0.984304932735426,,0.0
2022-06-08,4.38,4.38,4.42,4.29,52716.56,23303.807,0.9842696629213482,,0.0
2022-06-09,4.38,4.39,4.44,4.3,46760.33,20752.495,0.984304932735426,,0.0
2022-06-10,4.43,4.51,4.55,4.359999999999999,57770.54,26284.758,0.98471615720524,,0.0
2022-06-13,4.54,4.489999999999999,4.54,4.449999999999999,38993.37,17770.429,0.9846491228070174,,0.0
2022-06-14,4.449999999999999,4.55,4.59,4.35,73974.82,33513.526,0.9848484848484848,,0.0
2022-06-15,4.55,4.48,4.62,4.46,54153.01,24922.894,0.9846153846153846,,0.0
2022-06-16,4.48,4.54,4.66,4.449999999999999,68680.95,31791.279,0.984815618221258,,0.0
2022-06-17,4.54,4.529999999999999,4.59,4.47,46635.03,21459.845,0.9847826086956522,,0.0
2022-06-20,4.529999999999999,4.5,4.59,4.46,78909.66,36234.961,0.9846827133479212,,0.0
2022-06-21,4.51,4.529999999999999,4.59,4.43,107188.22,49204.487,0.9847826086956522,,0.0
2022-06-22,4.529999999999999,4.5,4.69,4.5,90765.31,42198.57,0.9846827133479212,,0.0
2022-06-23,4.55,4.43,4.55,4.43,59063.51,26766.876,0.9844444444444445,,0.0
2022-06-24,4.48,4.37,4.5,4.33,61790.44,27629.835,0.9842342342342342,,0.0
2022-06-27,4.33,4.41,4.51,4.33,42602.76,19137.537,0.984375,,0.0
2022-06-28,4.43,4.41,4.43,4.34,24696.64,11049.13,0.984375,,0.0
2022-06-29,4.44,4.279999999999999,4.44,4.279999999999999,40631.01,17927.465,0.9839080459770114,,0.0
2022-06-30,4.27,4.3,4.37,4.27,26654.48,11736.795,0.9839816933638444,,0.0
2022-07-01,4.449999999999999,4.739999999999999,4.739999999999999,4.37,154152.18,72669.658,0.9854469854469854,,0.0
2022-07-04,4.88,5.08,5.22,4.75,464603.96,238404.168,0.9864077669902912,,0.0
2022-07-05,4.92,4.8,5.199999999999999,4.75,270010.29,135370.169,0.9856262833675564,,0.0
2022-07-06,4.779999999999999,4.63,4.87,4.54,142681.08,67069.224,0.9851063829787232,,0.0
2022-07-07,4.62,4.529999999999999,4.62,4.43,85119.0,39269.21,0.9847826086956522,,0.0
2022-07-08,4.51,4.55,4.609999999999999,4.489999999999999,55725.93,25715.521,0.9848484848484848,,0.0
2022-07-11,4.54,4.43,4.56,4.4,56545.79,25636.647,0.9844444444444445,,0.0
2022-07-12,4.44,4.52,4.569999999999999,4.34,54943.36,24994.537,0.9847494553376904,,0.0
2022-07-13,4.54,4.449999999999999,4.55,4.43,36971.62,16822.321,0.9845132743362832,,0.0
2022-07-14,4.449999999999999,4.41,4.489999999999999,4.37,41812.77,18727.357,0.984375,,0.0
2022-07-15,4.54,4.359999999999999,4.69,4.33,127985.97,57943.213,0.984198645598194,,0.0
2022-07-18,4.279999999999999,4.569999999999999,4.62,4.279999999999999,109860.09,50342.651,0.9849137931034482,,0.0
2022-07-19,4.58,5.029999999999999,5.029999999999999,4.58,253862.38,126968.647,0.9862745098039216,,0.0
2022-07-20,5.05,5.08,5.17,4.9,188665.83,96260.354,0.9864077669902912,,0.0
2022-07-21,5.1,5.13,5.21,5.02,111241.79,57428.143,0.9865384615384616,,0.0
2022-07-22,5.09,5.05,5.14,5.01,64192.03,32959.09,0.986328125,,0.0
2022-07-25,5.05,4.98,5.17,4.93,60793.32,30890.037,0.986138613861386,,0.0
2022-07-26,4.97,5.02,5.05,4.93,56716.01,28682.84,0.986247544204322,,0.0
2022-07-27,5.02,4.96,5.19,4.949999999999999,52023.09,26386.278,0.986083499005964,,0.0
2022-07-28,4.949999999999999,5.069999999999999,5.1,4.94,45289.58,23016.608,0.9863813229571984,,0.0
2022-07-29,5.04,5.08,5.14,5.02,42503.35,21866.826,0.9864077669902912,,0.0
2022-08-01,5.09,5.1,5.15,4.989999999999999,66609.93,34274.993,0.9864603481624756,,0.0
2022-08-02,5.05,4.88,5.08,4.819999999999999,91154.3,45321.967,0.9858585858585858,,0.0
2022-08-03,4.88,4.79,4.98,4.779999999999999,70651.09,34927.155,0.98559670781893,,0.0
2022-08-04,4.85,4.88,4.91,4.739999999999999,57806.47,28355.797,0.9858585858585858,,0.0
2022-08-05,4.88,4.859999999999999,5.15,4.77,80251.65,39761.187,0.9858012170385396,,0.0
2022-08-08,4.83,4.75,4.9,4.739999999999999,55126.2,26782.008,0.9854771784232365,,0.0
2022-08-09,4.779999999999999,4.779999999999999,4.84,4.71,33738.71,16386.906,0.9855670103092784,,0.0
2022-08-10,4.85,4.79,4.859999999999999,4.75,34665.38,16815.361,0.98559670781893,,0.0
2022-08-11,4.819999999999999,4.859999999999999,5.029999999999999,4.77,98651.05,49227.698,0.9858012170385396,,0.0
2022-08-12,4.859999999999999,5.0,5.01,4.73,88257.17,43902.784,0.9861932938856016,,0.0
2022-08-15,5.0,4.859999999999999,5.01,4.85,48296.15,24081.005,0.9858012170385396,,0.0
2022-08-16,4.87,5.21,5.23,4.87,140207.1,72132.839,0.9867424242424242,,0.0
2022-08-17,5.22,5.13,5.39,5.1,163024.84,86223.195,0.9865384615384616,,0.0
2022-08-18,5.14,5.109999999999999,5.18,5.06,61889.45,32077.249,0.9864864864864864,,0.0
2022-08-19,5.1,5.09,5.26,5.08,54471.69,28418.624,0.9864341085271318,,0.0
2022-08-22,5.06,5.15,5.18,5.029999999999999,52756.23,27425.219,0.9865900383141762,,0.0
2022-08-23,5.14,5.3,5.359999999999999,5.08,144133.94,76813.966,0.9869646182495344,,0.0
2022-08-24,5.319999999999999,5.29,5.48,5.23,127377.85,69048.024,0.9869402985074628,,0.0
2022-08-25,5.29,5.359999999999999,5.51,5.21,128676.91,69798.804,0.9871086556169428,,0.0
2022-08-26,5.37,5.39,5.529999999999999,5.27,135657.56,74340.16,0.9871794871794872,,0.0
2022-08-29,5.31,5.55,5.56,5.27,132114.33,73098.993,0.9875444839857652,,0.0
2022-08-30,5.529999999999999,5.699999999999999,5.79,5.489999999999999,172600.82,99313.666,0.9878682842287696,,0.0
2022-08-31,5.62,5.4,5.67,5.38,156074.51,86613.183,0.9872029250457038,,0.0
2022-09-01,5.43,5.38,5.51,5.34,66632.16,36572.963,0.9871559633027522,,0.0
2022-09-02,5.38,5.41,5.449999999999999,5.359999999999999,50789.03,27815.161,0.9872262773722628,,0.0
2022-09-05,5.41,5.43,5.48,5.35,61921.05,33907.234,0.9872727272727272,,0.0
2022-09-06,5.48,5.489999999999999,5.51,5.4,62433.89,34618.267,0.987410071942446,,0.0
2022-09-07,5.47,5.4,5.55,5.37,133682.65,74061.325,0.9872029250457038,,0.0
2022-09-08,5.39,5.26,5.44,5.23,65137.45,34955.109,0.9868667917448404,,0.0
2022-09-09,5.23,5.18,5.27,5.17,49593.11,26138.492,0.9866666666666666,,0.0
2022-09-13,5.19,5.17,5.26,5.14,38787.06,20424.528,0.9866412213740458,,0.0
2022-09-14,5.12,5.14,5.18,5.109999999999999,35044.62,18237.191,0.9865642994241842,,0.0
2022-09-15,5.13,5.1,5.19,4.989999999999999,57538.57,29576.843,0.9864603481624756,,0.0
2022-09-16,5.1,4.96,5.12,4.94,58067.48,29523.093,0.986083499005964,,0.0
2022-09-19,4.949999999999999,4.87,5.05,4.81,88519.25,43975.612,0.98582995951417,,0.0
2022-09-20,4.91,5.029999999999999,5.069999999999999,4.9,61706.54,31373.224,0.9862745098039216,,0.0
2022-09-21,5.0,5.01,5.069999999999999,4.949999999999999,34132.49,17262.675,0.9862204724409448,,0.0
2022-09-22,4.97,4.91,5.06,4.87,40230.5,20177.903,0.9859437751004017,,0.0
2022-09-23,4.94,4.92,4.94,4.76,41831.65,20530.681,0.9859719438877756,,0.0
2022-09-26,4.8,4.67,4.85,4.66,57393.4,27609.212,0.9852320675105484,,0.0
2022-09-27,4.69,4.77,4.779999999999999,4.64,36700.24,17585.77,0.9855371900826446,,0.0
2022-09-28,4.779999999999999,4.68,4.84,4.66,26824.06,12952.777,0.9852631578947368,,0.0
2022-09-29,4.739999999999999,4.62,4.739999999999999,4.58,25859.45,12176.676,0.9850746268656716,,0.0
2022-09-30,4.62,4.55,4.63,4.51,26062.0,12061.408,0.9848484848484848,,0.0
2022-10-10,4.609999999999999,4.569999999999999,4.65,4.54,30354.28,14171.373,0.9849137931034482,,0.0
2022-10-11,4.62,4.66,4.739999999999999,4.51,30611.59,14389.824,0.985200845665962,,0.0
2022-10-12,4.66,4.96,5.0,4.63,48253.76,23527.126,0.986083499005964,,0.0
2022-10-13,4.94,5.029999999999999,5.1,4.87,51536.91,26159.31,0.9862745098039216,,0.0
2022-10-14,5.029999999999999,5.02,5.12,5.01,39226.39,20108.304,0.986247544204322,,0.0
2022-10-17,5.04,5.109999999999999,5.12,4.98,37925.4,19499.307,0.9864864864864864,,0.0
2022-10-18,5.12,5.06,5.17,5.04,38135.66,19643.597,0.98635477582846,,0.0
2022-10-19,5.04,4.97,5.09,4.96,40910.81,20803.765,0.986111111111111,,0.0
2022-10-20,5.02,4.94,5.02,4.88,27288.86,13732.744,0.9860279441117764,,0.0
2022-10-21,4.989999999999999,4.989999999999999,5.05,4.9,33021.07,16714.563,0.9861660079051384,,0.0
2022-10-24,4.98,4.91,5.02,4.89,46507.64,23361.592,0.9859437751004017,,0.0
2022-10-25,4.91,5.06,5.12,4.739999999999999,91580.98,45841.268,0.98635477582846,,0.0
2022-10-26,5.05,5.109999999999999,5.23,5.02,79988.84,41683.517,0.9864864864864864,,0.0
2022-10-27,5.08,5.109999999999999,5.15,5.04,32105.91,16550.158,0.9864864864864864,,0.0
2022-10-28,5.069999999999999,4.989999999999999,5.14,4.97,44784.03,22938.192,0.9861660079051384,,0.0
2022-10-31,5.02,4.989999999999999,5.05,4.87,36147.2,18276.369,0.9861660079051384,,0.0
2022-11-01,4.989999999999999,5.12,5.13,4.989999999999999,35937.92,18465.813,0.9865125240847784,,0.0
2022-11-02,5.12,5.13,5.279999999999999,5.06,73832.26,38578.241,0.9865384615384616,,0.0
2022-11-03,5.13,5.05,5.14,5.04,37004.68,19072.937,0.986328125,,0.0
2022-11-04,5.06,5.13,5.16,5.05,30798.27,15964.179,0.9865384615384616,,0.0
2022-11-07,5.13,5.16,5.199999999999999,5.09,41944.93,21914.109,0.9866156787762904,,0.0
2022-11-08,5.16,5.17,5.199999999999999,5.12,35293.1,18476.464,0.9866412213740458,,0.0
2022-11-09,5.17,5.279999999999999,5.44,5.15,93926.14,50320.858,0.9869158878504672,,0.0
2022-11-10,5.25,5.359999999999999,5.38,5.18,52349.71,28196.866,0.9871086556169428,,0.0
2022-11-11,5.41,5.38,5.5,5.33,54768.13,29938.649,0.9871559633027522,,0.0
2022-11-14,5.37,5.26,5.38,5.199999999999999,81568.56,43543.631,0.9868667917448404,,0.0
2022-11-15,5.3,5.27,5.319999999999999,5.199999999999999,42812.6,22795.763,0.9868913857677902,,0.0
2022-11-16,5.319999999999999,5.359999999999999,5.359999999999999,5.23,51586.25,27661.782,0.9871086556169428,,0.0
2022-11-17,5.35,5.359999999999999,5.43,5.319999999999999,47140.24,25634.949,0.9871086556169428,,0.0
2022-11-18,5.33,5.31,5.41,5.29,44771.45,24186.557,0.986988847583643,,0.0
2022-11-21,5.23,5.25,5.33,5.21,28704.31,15252.869,0.986842105263158,,0.0
2022-11-22,5.22,5.19,5.279999999999999,5.18,49119.13,25927.039,0.9866920152091254,,0.0
2022-11-23,5.19,5.15,5.199999999999999,5.04,51602.18,26777.602,0.9865900383141762,,0.0
2022-11-24,5.12,5.16,5.21,5.1,29850.26,15573.585,0.9866156787762904,,0.0
2022-11-25,5.15,5.18,5.199999999999999,5.04,33257.17,17380.977,0.9866666666666666,,0.0
2022-11-28,5.14,5.16,5.18,5.06,39431.14,20455.431,0.9866156787762904,,0.0
2022-11-29,5.23,5.199999999999999,5.23,5.12,45951.62,24086.928,0.986717267552182,,0.0
2022-11-30,5.19,5.14,5.25,5.12,47026.66,24723.755,0.9865642994241842,,0.0
2022-12-01,5.15,5.18,5.199999999999999,5.13,47941.66,25087.879,0.9866666666666666,,0.0
2022-12-02,5.17,5.279999999999999,5.319999999999999,5.14,49197.27,26115.252,0.9869158878504672,,0.0
2022-12-05,5.34,5.31,5.359999999999999,5.26,53653.47,28809.796,0.986988847583643,,0.0
2022-12-06,5.31,5.3,5.33,5.23,36610.67,19577.47,0.9869646182495344,,0.0
2022-12-07,5.3,5.3,5.34,5.21,40359.07,21595.153,0.9869646182495344,,0.0
2022-12-08,5.33,5.39,5.39,5.26,57879.48,31310.598,0.9871794871794872,,0.0
2022-12-09,5.37,5.34,5.41,5.29,49699.13,26899.433,0.9870609981515712,,0.0
2022-12-12,5.4,5.31,5.4,5.27,51882.43,27887.172,0.986988847583643,,0.0
2022-12-13,5.31,5.42,5.56,5.279999999999999,75184.29,41449.769,0.9872495446265938,,0.0
2022-12-14,5.48,5.42,5.48,5.38,39981.52,21973.842,0.9872495446265938,,0.0
2022-12-15,5.52,5.47,5.52,5.38,33414.67,18363.784,0.987364620938628,,0.0
2022-12-16,5.47,5.46,5.48,5.38,33786.36,18559.661,0.9873417721518988,,0.0
2022-12-19,5.46,5.38,5.47,5.33,33835.34,18468.975,0.9871559633027522,,0.0
2022-12-20,5.35,5.34,5.42,5.319999999999999,33423.25,18148.244,0.9870609981515712,,0.0
2022-12-21,5.37,5.33,5.38,5.29,21993.12,11865.184,0.9870370370370368,,0.0
2022-12-22,5.35,5.199999999999999,5.38,5.15,45589.95,24135.945,0.986717267552182,,0.0
2022-12-23,5.19,5.21,5.279999999999999,5.16,21018.61,11079.698,0.9867424242424242,,0.0
2022-12-26,5.21,5.19,5.359999999999999,5.17,42288.49,22518.879,0.9866920152091254,,0.0
2022-12-27,5.19,5.15,5.23,5.109999999999999,40710.68,21276.018,0.9865900383141762,,0.0
2022-12-28,5.16,5.239999999999999,5.25,5.1,41560.04,21909.076,0.9868173258003766,,0.0
2022-12-29,5.359999999999999,5.279999999999999,5.4,5.25,65513.74,35314.602,0.9869158878504672,,0.0
2022-12-30,5.279999999999999,5.39,5.42,5.279999999999999,89146.89,48515.474,0.9871794871794872,,0.0
2023-01-03,5.39,5.37,5.44,5.34,55414.22,30212.511,0.9871323529411764,,0.0
2023-01-04,5.41,5.41,5.42,5.33,42663.34,23311.087,0.9872262773722628,,0.0
2023-01-05,5.43,5.38,5.43,5.35,37513.95,20437.441,0.9871559633027522,,0.0
2023-01-06,5.38,5.26,5.39,5.26,44072.45,23640.1,0.9868667917448404,,0.0
2023-01-09,5.3,5.25,5.3,5.199999999999999,43131.49,22946.01,0.986842105263158,,0.0
2023-01-10,5.26,5.19,5.27,5.16,40656.1,21449.554,0.9866920152091254,,0.0
2023-01-11,5.19,5.069999999999999,5.25,5.06,55770.0,29071.03,0.9863813229571984,,0.0
2023-01-12,5.08,5.0,5.1,4.949999999999999,53218.53,27087.264,0.9861932938856016,,0.0
2023-01-13,5.029999999999999,4.98,5.04,4.949999999999999,31318.86,15793.401,0.986138613861386,,0.0
2023-01-16,4.989999999999999,4.97,5.02,4.96,41233.67,20860.898,0.986111111111111,,0.0
2023-01-17,5.01,4.88,5.01,4.859999999999999,50209.65,24975.493,0.9858585858585858,,0.0
2023-01-18,4.859999999999999,4.91,4.94,4.859999999999999,26134.54,13012.121,0.9859437751004017,,0.0
2023-01-19,4.91,4.93,4.949999999999999,4.9,20288.0,10142.919,0.986,,0.0
2023-01-20,4.94,4.94,4.96,4.92,23308.75,11671.421,0.9860279441117764,,0.0
2023-01-30,4.989999999999999,4.859999999999999,5.0,4.84,87381.98,43531.449,0.9858012170385396,,0.0
2023-01-31,4.87,4.93,4.94,4.75,82635.53,40495.115,0.986,,0.0
2023-02-01,4.96,5.02,5.029999999999999,4.87,66999.35,33635.975,0.986247544204322,,0.0
2023-02-02,5.02,5.0,5.029999999999999,4.98,38255.61,19405.38,0.9861932938856016,,0.0
2023-02-03,5.01,4.96,5.01,4.94,35129.42,17674.744,0.986083499005964,,0.0
2023-02-06,4.96,4.949999999999999,4.989999999999999,4.93,20915.01,10505.692,0.9860557768924302,,0.0
2023-02-07,4.96,4.92,4.97,4.92,29204.21,14623.942,0.9859719438877756,,0.0
2023-02-08,4.94,4.85,4.94,4.85,33969.34,16817.425,0.9857723577235772,,0.0
2023-02-09,4.83,4.83,4.88,4.8,51592.12,25252.136,0.9857142857142857,,0.0
2023-02-10,4.83,4.859999999999999,4.9,4.79,37438.82,18468.074,0.9858012170385396,,0.0
2023-02-13,4.83,4.87,4.87,4.819999999999999,37813.84,18599.032,0.98582995951417,,0.0
2023-02-14,4.87,4.859999999999999,4.9,4.85,27853.13,13766.683,0.9858012170385396,,0.0
2023-02-15,4.88,4.85,4.88,4.83,25282.44,12425.175,0.9857723577235772,,0.0
2023-02-16,4.85,4.75,4.87,4.68,58584.33,28511.523,0.9854771784232365,,0.0
2023-02-17,4.71,4.73,4.79,4.71,32760.2,15773.945,0.9854166666666666,,0.0
2023-02-20,4.77,4.79,4.79,4.739999999999999,27704.07,13413.09,0.98559670781893,,0.0
2023-02-21,4.79,4.72,4.79,4.699999999999999,45673.88,21949.186,0.9853862212943632,,0.0
2023-02-22,4.72,4.79,4.8,4.69,26745.67,12860.172,0.98559670781893,,0.0
2023-02-23,4.79,4.75,4.81,4.739999999999999,25131.75,12163.929,0.9854771784232365,,0.0
2023-02-24,4.77,4.72,4.8,4.71,22275.09,10719.058,0.9853862212943632,,0.0
2023-02-27,4.77,4.66,4.77,4.65,31975.5,15229.807,0.985200845665962,,0.0
2023-02-28,4.65,4.739999999999999,4.739999999999999,4.63,20176.35,9595.896,0.9854469854469854,,0.0
2023-03-01,4.73,4.79,4.79,4.699999999999999,26600.66,12838.979,0.98559670781893,,0.0
2023-03-02,4.77,4.91,4.93,4.77,71161.84,35247.883,0.9859437751004017,,0.0
2023-03-03,4.91,4.89,4.94,4.859999999999999,48053.44,23880.384,0.9858870967741936,,0.0
2023-03-06,4.9,4.84,4.91,4.81,23566.19,11587.936,0.9857433808553973,,0.0
2023-03-07,4.84,4.73,4.84,4.71,26011.86,12614.213,0.9854166666666666,,0.0
2023-03-08,4.73,4.8,4.8,4.71,14864.81,7195.216,0.9856262833675564,,0.0
2023-03-09,4.819999999999999,4.83,4.85,4.76,28373.41,13830.296,0.9857142857142857,,0.0
2023-03-10,4.81,4.8,4.87,4.77,26454.41,12937.105,0.9856262833675564,,0.0
2023-03-13,4.77,4.77,4.819999999999999,4.699999999999999,20356.93,9818.669,0.9855371900826446,,0.0
2023-03-14,4.77,4.66,4.77,4.63,30218.56,14405.261,0.985200845665962,,0.0
2023-03-15,4.66,4.75,4.75,4.66,17509.46,8385.599,0.9854771784232365,,0.0
2023-03-16,4.68,4.68,4.76,4.65,20209.78,9638.75,0.9852631578947368,,0.0
2023-03-17,4.71,4.699999999999999,4.72,4.66,16984.6,8091.97,0.9853249475890984,,0.0
2023-03-20,4.73,4.75,4.77,4.68,26337.87,12631.553,0.9854771784232365,,0.0
2023-03-21,4.75,4.85,4.85,4.699999999999999,39270.93,19119.419,0.9857723577235772,,0.0
2023-03-22,4.88,4.89,4.9,4.8,42889.46,21233.017,0.9858870967741936,,0.0
2023-03-23,4.91,4.84,4.91,4.81,24338.38,11966.708,0.9857433808553973,,0.0
2023-03-24,4.87,4.819999999999999,4.87,4.8,19207.25,9403.466,0.985685071574642,,0.0
2023-03-27,4.87,4.79,4.87,4.739999999999999,23605.4,11445.157,0.98559670781893,,0.0
2023-03-28,4.81,4.779999999999999,4.84,4.72,27737.13,13444.047,0.9855670103092784,,0.0
2023-03-29,4.79,4.73,4.79,4.71,20159.54,9703.042,0.9854166666666666,,0.0
2023-03-30,4.76,4.72,4.76,4.68,21589.64,10323.173,0.9853862212943632,,0.0
2023-03-31,4.69,4.779999999999999,4.779999999999999,4.69,18666.09,8999.86,0.9855670103092784,,0.0
2023-04-03,4.79,4.83,4.84,4.71,33644.67,16386.34,0.9857142857142857,,0.0
2023-04-04,4.819999999999999,4.76,4.85,4.73,28570.04,13862.921,0.9855072463768116,,0.0
2023-04-06,4.76,4.65,4.76,4.64,39962.85,18975.117,0.9851694915254235,,0.0
2023-04-07,4.63,4.739999999999999,4.779999999999999,4.63,34738.46,16652.948,0.9854469854469854,,0.0
2023-04-10,4.73,4.66,4.81,4.66,30493.09,14574.938,0.985200845665962,,0.0
2023-04-11,4.699999999999999,4.75,4.779999999999999,4.62,37431.16,17910.116,0.9854771784232365,,0.0
2023-04-12,4.75,4.9,4.91,4.739999999999999,76619.03,37734.225,0.9859154929577464,,0.0
2023-04-13,4.91,4.91,4.949999999999999,4.87,59361.81,29599.828,0.9859437751004017,,0.0
2023-04-14,4.93,4.819999999999999,4.94,4.81,32108.78,15800.884,0.985685071574642,,0.0
2023-04-17,4.819999999999999,4.76,4.83,4.73,45854.49,22151.363,0.9855072463768116,,0.0
2023-04-18,4.76,4.67,4.779999999999999,4.65,44514.24,21173.508,0.9852320675105484,,0.0
2023-04-19,4.67,4.79,4.81,4.67,49040.0,23735.676,0.98559670781893,,0.0
2023-04-20,4.77,4.77,4.819999999999999,4.71,30652.42,14814.454,0.9855371900826446,,0.0
2023-04-21,4.71,4.64,4.8,4.63,47231.01,22484.243,0.9851380042462844,,0.0
2023-04-24,4.63,4.69,4.75,4.58,63781.69,30264.263,0.9852941176470588,,0.0
2023-04-25,4.69,4.569999999999999,4.72,4.529999999999999,49661.5,23272.031,0.9849137931034482,,0.0
2023-04-26,4.609999999999999,4.59,4.63,4.47,48288.83,22340.926,0.984978540772532,,0.0
2023-04-27,4.54,4.489999999999999,4.59,4.48,31241.78,14355.803,0.9846491228070174,,0.0
2023-04-28,4.48,4.859999999999999,4.91,4.48,138756.19,67408.097,0.9858012170385396,,0.0
2023-05-04,4.83,4.92,4.93,4.819999999999999,82913.5,40993.83,0.9859719438877756,,0.0
2023-05-05,4.9,4.93,4.989999999999999,4.87,73959.75,36997.573,0.986,,0.0
2023-05-08,4.88,4.91,4.96,4.83,53202.87,26440.811,0.9859437751004017,,0.0
2023-05-09,4.91,4.819999999999999,4.949999999999999,4.779999999999999,49821.18,24606.495,0.985685071574642,,0.0
2023-05-10,4.84,4.84,4.9,4.8,56801.0,27890.793,0.9857433808553973,,0.0
2023-05-11,4.83,5.02,5.08,4.83,100323.64,50809.754,0.986247544204322,,0.0
2023-05-12,5.01,4.98,5.08,4.94,62762.61,31831.592,0.986138613861386,,0.0
2023-05-15,4.98,4.91,4.98,4.85,62607.58,31088.391,0.9859437751004017,,0.0
2023-05-16,4.91,4.76,4.92,4.739999999999999,52035.53,25379.72,0.9855072463768116,,0.0
2023-05-17,4.71,4.71,4.779999999999999,4.69,43228.84,20702.439,0.9853556485355648,,0.0
2023-05-18,4.739999999999999,4.69,4.739999999999999,4.67,34612.0,16539.305,0.9852941176470588,,0.0
2023-05-19,4.67,4.66,4.72,4.609999999999999,49787.0,23505.595,0.985200845665962,,0.0
2023-05-22,4.66,4.62,4.68,4.59,42659.91,20017.359,0.9850746268656716,,0.0
2023-05-23,4.58,4.56,4.62,4.56,29395.5,13674.174,0.9848812095032397,,0.0
2023-05-24,4.54,4.55,4.59,4.489999999999999,28970.95,13360.069,0.9848484848484848,,0.0
2023-05-25,4.52,4.48,4.569999999999999,4.41,44246.22,20082.052,0.9846153846153846,,0.0
2023-05-26,4.44,4.52,4.529999999999999,4.41,31045.54,14112.636,0.9847494553376904,,0.0
2023-05-29,4.51,4.38,4.55,4.37,36963.0,16680.051,0.9842696629213482,,0.0
2023-05-30,4.38,4.46,4.47,4.31,42772.94,19125.156,0.9845474613686532,,0.0
2023-05-31,4.47,4.67,4.88,4.47,109086.08,52029.061,0.9852320675105484,,0.0
2023-06-01,4.63,4.56,4.73,4.529999999999999,64601.46,30415.457,0.9848812095032397,,0.0
2023-06-02,4.529999999999999,4.43,4.569999999999999,4.43,49959.73,22771.739,0.9844444444444445,,0.0
2023-06-05,4.46,4.56,4.59,4.38,49069.19,22422.998,0.9848812095032397,,0.0
2023-06-06,4.58,4.44,4.59,4.4,58368.58,26641.125,0.9844789356984478,,0.0
2023-06-07,4.489999999999999,4.449999999999999,4.489999999999999,4.39,62376.39,28135.594,0.9845132743362832,,0.0
2023-06-08,4.449999999999999,4.39,4.449999999999999,4.35,46741.12,20889.03,0.984304932735426,,0.0
2023-06-09,4.39,4.35,4.44,4.319999999999999,39984.45,17762.568,0.9841628959276018,,0.0
2023-06-12,4.359999999999999,4.359999999999999,4.39,4.319999999999999,41906.93,18548.083,0.984198645598194,,0.0
2023-06-13,4.38,4.47,4.51,4.34,74246.3,33642.756,0.9845814977973568,,0.0
2023-06-14,4.47,4.44,4.55,4.43,53910.54,24556.347,0.9844789356984478,,0.0
2023-06-15,4.44,4.38,4.489999999999999,4.359999999999999,43034.48,19260.303,0.9842696629213482,,0.0
2023-06-16,4.41,4.41,4.46,4.33,37615.87,16852.909,0.984375,,0.0
2023-06-19,4.41,4.33,4.44,4.3,57761.75,25411.022,0.984090909090909,,0.0
2023-06-20,4.33,4.29,4.35,4.279999999999999,33745.05,14762.202,0.9839449541284404,,0.0
2023-06-21,4.33,4.199999999999999,4.35,4.18,46340.0,20013.925,0.9836065573770492,,0.0
2023-06-26,4.199999999999999,4.12,4.279999999999999,4.08,42246.84,17821.04,0.9832935560859188,,0.0
2023-06-27,4.09,4.15,4.18,4.08,24217.32,10200.233,0.9834123222748814,,0.0
2023-06-28,4.18,4.12,4.18,4.05,28819.12,12025.93,0.9832935560859188,,0.0
2023-06-29,4.14,4.18,4.19,4.1,27594.39,11679.233,0.9835294117647058,,0.0
2023-06-30,4.15,4.22,4.23,4.14,25570.0,10950.28,0.9836829836829836,,0.0
2023-07-03,4.22,4.25,4.279999999999999,4.199999999999999,27735.14,11951.253,0.9837962962962964,,0.0
2023-07-04,4.23,4.239999999999999,4.279999999999999,4.18,26818.89,11497.916,0.9837587006960556,,0.0
2023-07-05,4.19,4.48,4.67,4.19,243988.66,113401.658,0.9846153846153846,,0.0
2023-07-06,4.48,4.94,4.94,4.43,417458.75,204477.652,0.9860279441117764,,0.0
2023-07-07,4.859999999999999,4.88,4.96,4.779999999999999,341652.74,168000.088,0.9858585858585858,,0.0
2023-07-10,4.9,4.79,4.989999999999999,4.75,149066.76,73159.361,0.98559670781893,,0.0
2023-07-11,4.8,4.81,4.87,4.73,102924.38,50206.001,0.985655737704918,,0.0
2023-07-12,4.8,4.84,5.01,4.77,153852.14,76523.856,0.9857433808553973,,0.0
2023-07-13,4.88,5.13,5.279999999999999,4.83,296743.7,152440.85,0.9865384615384616,,0.0
2023-07-14,5.13,5.12,5.26,5.05,138714.18,72273.508,0.9865125240847784,,0.0
2023-07-17,5.109999999999999,5.14,5.25,5.08,121729.81,63588.25,0.9865642994241842,,0.0
2023-07-18,5.109999999999999,5.01,5.19,4.989999999999999,110510.38,56454.31,0.9862204724409448,,0.0
2023-07-19,5.0,5.069999999999999,5.1,4.97,103312.97,52774.776,0.9863813229571984,,0.0
2023-07-20,5.09,4.989999999999999,5.1,4.96,71275.13,36341.047,0.9861660079051384,,0.0
2023-07-21,5.01,5.0,5.05,4.94,65437.82,33240.924,0.9861932938856016,,0.0
2023-07-24,5.01,5.02,5.04,4.93,73365.82,37050.112,0.986247544204322,,0.0
2023-07-25,5.029999999999999,4.989999999999999,5.16,4.97,125735.94,64434.798,0.9861660079051384,,0.0
2023-07-26,4.989999999999999,4.85,5.0,4.819999999999999,141563.72,70077.011,0.9857723577235772,,0.0
2023-07-27,4.9,4.819999999999999,4.949999999999999,4.8,79253.0,39105.047,0.985685071574642,,0.0
2023-07-28,4.85,4.85,4.89,4.779999999999999,60991.78,29953.183,0.9857723577235772,,0.0
2023-07-31,4.87,4.94,4.98,4.81,72266.8,35989.666,0.9860279441117764,,0.0
2023-08-01,4.949999999999999,4.92,4.949999999999999,4.85,49751.49,24764.22,0.9859719438877756,,0.0
2023-08-02,4.89,4.97,5.01,4.89,78499.44,39464.79,0.986111111111111,,0.0
2023-08-03,4.98,5.02,5.06,4.9,76401.0,38605.463,0.986247544204322,,0.0
2023-08-04,4.949999999999999,4.96,5.05,4.949999999999999,88095.69,44634.403,0.986083499005964,,0.0
2023-08-07,4.96,4.9,5.0,4.87,64407.0,32118.936,0.9859154929577464,,0.0
2023-08-08,4.94,4.88,4.949999999999999,4.87,43023.11,21384.193,0.9858585858585858,,0.0
2023-08-09,4.88,4.85,4.93,4.819999999999999,46938.63,23133.878,0.9857723577235772,,0.0
2023-08-10,4.83,4.81,4.859999999999999,4.79,39386.0,19231.203,0.985655737704918,,0.0
2023-08-11,4.83,4.739999999999999,4.9,4.73,65492.0,31909.026,0.9854469854469854,,0.0
2023-08-14,4.69,4.79,4.81,4.65,53311.05,25550.311,0.98559670781893,,0.0
2023-08-15,4.79,4.72,4.81,4.699999999999999,45199.0,21712.882,0.9853862212943632,,0.0
2023-08-16,4.72,4.73,4.8,4.65,48642.85,23365.406,0.9854166666666666,,0.0
2023-08-17,4.76,4.819999999999999,4.84,4.68,49856.84,24225.96,0.985685071574642,,0.0
2023-08-18,4.79,4.76,4.9,4.75,60588.0,29710.983,0.9855072463768116,,0.0
2023-08-21,4.8,4.699999999999999,4.819999999999999,4.68,47534.84,22923.256,0.9853249475890984,,0.0
2023-08-22,4.739999999999999,4.739999999999999,4.76,4.65,47746.61,22761.789,0.9854469854469854,,0.0
2023-08-23,4.739999999999999,4.65,4.75,4.65,33380.0,15895.304,0.9851694915254235,,0.0
2023-08-24,4.68,4.72,4.77,4.63,46821.28,22366.544,0.9853862212943632,,0.0
2023-08-25,4.72,4.65,4.81,4.65,55538.29,26590.063,0.9851694915254235,,0.0
2023-08-28,4.96,4.84,4.98,4.79,122908.69,60691.105,0.9857433808553973,,0.0
2023-08-29,4.81,4.84,4.88,4.779999999999999,105516.68,51662.156,0.9857433808553973,,0.0
2023-08-30,4.84,4.79,4.88,4.76,64018.14,31177.472,0.98559670781893,,0.0
2023-08-31,4.77,4.71,4.8,4.67,56770.72,27152.141,0.9853556485355648,,0.0
2023-09-01,4.69,4.76,4.77,4.65,51922.37,24941.14,0.9855072463768116,,0.0
2023-09-04,4.75,4.779999999999999,4.81,4.75,47011.06,22806.186,0.9855670103092784,,0.0
2023-09-05,4.79,4.65,4.79,4.63,66214.81,31368.986,0.9851694915254235,,0.0
2023-09-06,4.63,4.72,4.77,4.609999999999999,53521.09,25506.944,0.9853862212943632,,0.0
2023-09-07,4.71,4.65,4.779999999999999,4.65,40638.48,19421.501,0.9851694915254235,,0.0
2023-09-08,4.63,4.63,4.66,4.609999999999999,32433.67,15248.416,0.9851063829787232,,0.0
2023-09-11,4.63,4.71,4.72,4.6,48007.39,22820.287,0.9853556485355648,,0.0
2023-09-12,4.75,4.69,4.75,4.67,29844.64,14215.229,0.9852941176470588,,0.0
2023-09-13,4.73,4.66,4.73,4.609999999999999,32420.42,15281.537,0.985200845665962,,0.0
2023-09-14,4.69,4.62,4.69,4.6,37345.25,17536.814,0.9850746268656716,,0.0
2023-09-15,4.62,4.75,4.76,4.62,77505.8,37102.374,0.9854771784232365,,0.0
2023-09-18,4.779999999999999,4.779999999999999,4.8,4.68,68120.13,32796.763,0.9855670103092784,,0.0
2023-09-19,4.77,4.73,4.8,4.699999999999999,46017.62,22121.087,0.9854166666666666,,0.0
2023-09-20,4.75,4.67,4.75,4.65,31569.69,15001.63,0.9852320675105484,,0.0
2023-09-21,4.699999999999999,4.63,4.699999999999999,4.609999999999999,37742.64,17739.924,0.9851063829787232,,0.0
2023-09-22,4.6,4.65,4.65,4.59,32589.24,15310.597,0.9851694915254235,,0.0
2023-09-25,4.64,4.609999999999999,4.66,4.609999999999999,33046.33,15525.891,0.985042735042735,,0.0
2023-09-26,4.609999999999999,4.63,4.65,4.59,37008.61,17359.158,0.9851063829787232,,0.0
2023-09-27,4.63,4.62,4.65,4.59,25541.08,11975.019,0.9850746268656716,,0.0
2023-09-28,4.6,4.609999999999999,4.64,4.58,33035.71,15429.606,0.985042735042735,,0.0
2023-10-09,4.6,4.65,4.69,4.55,79301.5,37398.036,0.9851694915254235,,0.0
2023-10-10,4.66,4.66,4.75,4.63,55739.05,26517.117,0.985200845665962,,0.0
2023-10-11,4.71,4.59,4.72,4.59,43422.0,20352.979,0.984978540772532,,0.0
2023-10-12,4.6,4.51,4.62,4.46,46177.25,21214.671,0.98471615720524,,0.0
2023-10-13,4.55,4.46,4.55,4.449999999999999,40041.86,18215.238,0.9845474613686532,,0.0
2023-10-16,4.51,4.41,4.51,4.37,43967.74,19717.39,0.984375,,0.0
2023-10-17,4.43,4.37,4.43,4.359999999999999,28652.21,12766.486,0.9842342342342342,,0.0
2023-10-18,4.37,4.319999999999999,4.4,4.3,37090.87,16336.012,0.9840546697038725,,0.0
2023-10-19,4.3,4.31,4.41,4.3,44302.6,19579.535,0.9840182648401826,,0.0
2023-10-20,4.279999999999999,4.26,4.33,4.239999999999999,43210.68,18770.73,0.9838337182448036,,0.0
2023-10-23,4.26,4.15,4.29,4.13,53396.78,22719.074,0.9834123222748814,,0.0
2023-10-24,4.15,4.319999999999999,4.38,4.13,66864.89,29152.536,0.9840546697038725,,0.0
2023-10-25,4.39,4.39,4.43,4.34,42621.87,19021.378,0.984304932735426,,0.0
2023-10-26,4.37,4.46,4.47,4.359999999999999,56271.12,25285.824,0.9845474613686532,,0.0
2023-10-27,4.44,4.51,4.56,4.4,42934.18,19534.31,0.98471615720524,,0.0
2023-10-30,4.51,4.41,4.529999999999999,4.35,105711.95,47548.303,0.984375,,0.0
2023-10-31,4.43,4.42,4.449999999999999,4.37,45658.22,20464.407,0.9844097995545656,,0.0
2023-11-01,4.42,4.46,4.55,4.4,76320.45,34718.885,0.9845474613686532,,0.0
2023-11-02,4.48,4.5,4.58,4.48,69198.57,31832.962,0.9846827133479212,,0.0
2023-11-03,4.52,4.47,4.54,4.46,50098.37,22795.722,0.9845814977973568,,0.0
2023-11-06,4.48,4.63,4.63,4.48,72991.92,33932.683,0.9851063829787232,,0.0
2023-11-07,4.64,4.64,4.66,4.59,54637.47,25695.475,0.9851380042462844,,0.0
2023-11-08,4.63,4.699999999999999,4.739999999999999,4.609999999999999,61607.27,29304.279,0.9853249475890984,,0.0
2023-11-09,4.69,4.609999999999999,4.699999999999999,4.6,52297.33,24598.727,0.985042735042735,,0.0
2023-11-10,4.59,4.59,4.609999999999999,4.56,33238.39,15461.643,0.984978540772532,,0.0
2023-11-13,4.59,4.609999999999999,4.63,4.569999999999999,53450.22,24972.752,0.985042735042735,,0.0
2023-11-14,4.58,4.62,4.66,4.58,50939.55,23911.469,0.9850746268656716,,0.0
2023-11-15,4.63,4.6,4.67,4.6,40422.36,18993.903,0.9850107066381156,,0.0
2023-11-16,4.59,4.73,4.779999999999999,4.58,109526.22,52163.868,0.9854166666666666,,0.0
2023-11-17,4.699999999999999,4.72,4.76,4.63,103608.78,49395.329,0.9853862212943632,,0.0
2023-11-20,4.72,4.92,5.029999999999999,4.699999999999999,195246.74,97046.618,0.9859719438877756,,0.0
2023-11-21,4.93,5.05,5.109999999999999,4.93,185641.4,94916.463,0.986328125,,0.0
2023-11-22,5.05,5.37,5.56,5.02,404978.4,220203.618,0.9871323529411764,,0.0
2023-11-23,5.359999999999999,5.38,5.5,5.109999999999999,463811.04,251448.377,0.9871559633027522,,0.0
2023-11-24,5.37,5.31,5.69,5.26,290159.81,159631.61,0.986988847583643,,0.0
2023-11-27,5.3,5.319999999999999,5.35,5.16,226366.6,120898.419,0.987012987012987,,0.0
2023-11-28,5.3,5.3,5.38,5.25,104813.58,56368.823,0.9869646182495344,,0.0
2023-11-29,5.3,5.23,5.35,5.21,100132.47,53436.695,0.9867924528301886,,0.0
2023-11-30,5.19,5.199999999999999,5.25,5.18,94608.2,49925.172,0.986717267552182,,0.0
2023-12-01,5.18,5.239999999999999,5.27,5.17,76494.89,40549.123,0.9868173258003766,,0.0
2023-12-04,5.19,5.21,5.279999999999999,5.19,88628.56,47002.718,0.9867424242424242,,0.0
2023-12-05,5.21,5.17,5.25,5.15,83179.56,43743.173,0.9866412213740458,,0.0
2023-12-06,5.15,5.19,5.33,5.13,156458.67,82948.848,0.9866920152091254,,0.0
2023-12-07,5.21,5.16,5.22,5.109999999999999,126659.87,66169.832,0.9866156787762904,,0.0
2023-12-08,5.13,4.989999999999999,5.18,4.949999999999999,107871.15,55356.248,0.9861660079051384,,0.0
2023-12-11,4.989999999999999,5.0,5.04,4.96,125767.37,63655.642,0.9861932938856016,,0.0
2023-12-12,5.02,5.04,5.06,4.98,66544.79,33874.261,0.9863013698630136,,0.0
2023-12-13,5.029999999999999,5.05,5.18,5.029999999999999,83289.0,43144.845,0.986328125,,0.0
2023-12-14,5.08,5.1,5.13,5.05,85527.0,44111.874,0.9864603481624756,,0.0
2023-12-15,5.12,5.21,5.38,5.05,290403.59,153450.33,0.9867424242424242,,0.0
2023-12-18,5.21,5.02,5.22,4.98,228915.03,117375.126,0.986247544204322,,0.0
2023-12-19,5.0,4.96,5.02,4.89,129139.01,64794.834,0.986083499005964,,0.0
2023-12-20,5.01,4.84,5.01,4.83,96144.19,47561.697,0.9857433808553973,,0.0
2023-12-21,4.84,4.91,4.949999999999999,4.779999999999999,100415.72,49507.809,0.9859437751004017,,0.0
2023-12-22,4.92,4.779999999999999,4.92,4.73,119327.51,58089.025,0.9855670103092784,,0.0
2023-12-25,4.79,4.77,4.8,4.72,62714.67,30315.28,0.9855371900826446,,0.0
2023-12-26,4.72,4.67,4.79,4.67,61311.75,29351.996,0.9852320675105484,,0.0
2023-12-27,4.71,4.67,4.72,4.63,58124.54,27522.109,0.9852320675105484,,0.0
2023-12-28,4.67,4.69,4.75,4.6,79849.98,37895.85,0.9852941176470588,,0.0
2023-12-29,4.66,4.92,4.93,4.66,161428.15,79746.382,0.9859719438877756,,0.0
2024-01-02,4.94,4.79,4.98,4.77,88314.84,43659.933,0.98559670781893,,0.0
2024-01-03,4.77,4.79,4.85,4.73,74821.05,36492.162,0.98559670781893,,0.0
2024-01-04,4.819999999999999,4.72,4.819999999999999,4.699999999999999,64756.63,31171.028,0.9853862212943632,,0.0
2024-01-05,4.73,4.62,4.739999999999999,4.58,72737.31,34377.937,0.9850746268656716,,0.0
2024-01-08,4.63,4.54,4.65,4.54,52074.57,24316.652,0.984815618221258,,0.0
2024-01-09,4.56,4.59,4.65,4.56,62786.94,29327.112,0.984978540772532,,0.0
2024-01-10,4.63,4.52,4.63,4.46,51462.01,23735.996,0.9847494553376904,,0.0
2024-01-11,4.5,4.56,4.569999999999999,4.489999999999999,52747.17,24332.991,0.9848812095032397,,0.0
2024-01-12,4.59,4.5,4.609999999999999,4.489999999999999,52865.97,24406.935,0.9846827133479212,,0.0
2024-01-15,4.54,4.54,4.6,4.51,61368.65,28378.653,0.984815618221258,,0.0
2024-01-16,4.54,4.449999999999999,4.55,4.38,68684.45,31038.209,0.9845132743362832,,0.0
2024-01-17,4.47,4.35,4.47,4.35,58562.2,26253.003,0.9841628959276018,,0.0
2024-01-18,4.37,4.29,4.37,4.16,92906.24,40118.361,0.9839449541284404,,0.0
2024-01-19,4.29,4.26,4.34,4.25,68338.18,29796.458,0.9838337182448036,,0.0
2024-01-22,4.239999999999999,3.99,4.29,3.96,121651.82,50533.706,0.9827586206896552,,0.0
2024-01-23,3.93,3.93,3.96,3.84,104338.96,41378.517,0.9825,,0.0
2024-01-24,3.91,4.1,4.1,3.86,114257.82,46351.126,0.9832134292565946,,0.0
2024-01-25,4.09,4.23,4.239999999999999,4.06,78122.43,33031.068,0.983720930232558,,0.0
2024-01-26,4.239999999999999,4.359999999999999,4.39,4.239999999999999,93340.89,41186.991,0.984198645598194,,0.0
2024-01-29,4.359999999999999,4.19,4.37,4.16,77994.5,33507.852,0.9835680751173708,,0.0
2024-01-30,4.18,4.06,4.199999999999999,4.04,69360.62,29183.473,0.983050847457627,,0.0
2024-01-31,4.05,3.89,4.13,3.87,103770.0,42217.452,0.9823232323232324,,0.0
2024-02-01,3.82,3.81,3.88,3.67,130184.17,50068.412,0.981958762886598,,0.0
2024-02-02,3.76,3.5500000000000003,3.87,3.4200000000000004,141714.46,52490.691,0.9806629834254144,,0.0
2024-02-05,3.44,3.19,3.54,3.19,104728.37,34683.256,0.9785276073619632,,0.0
2024-02-06,2.9200000000000004,2.98,3.1100000000000003,2.8600000000000003,272107.46,81103.148,0.9770491803278688,,0.0
2024-02-07,2.95,2.7,2.95,2.68,297216.55,82482.944,0.9747292418772564,,0.0
2024-02-08,2.7,2.98,2.98,2.48,271736.34,76538.416,0.9770491803278688,,0.0
2024-02-19,3.0500000000000003,3.08,3.28,3.0500000000000003,177724.72,57161.92,0.977777777777778,,0.0
2024-02-20,3.08,3.22,3.24,3.02,108929.88,35092.854,0.9787234042553192,,0.0
2024-02-21,3.19,3.37,3.53,3.1500000000000004,132793.24,45831.66,0.9796511627906976,,0.0
2024-02-22,3.37,3.46,3.49,3.33,92919.11,32564.228,0.9801699716713882,,0.0
2024-02-23,3.51,3.6,3.63,3.46,133814.16,48765.712,0.9809264305177112,,0.0
2024-02-26,3.61,3.68,3.72,3.5700000000000003,100735.66,37525.389,0.9813333333333334,,0.0
2024-02-27,3.68,3.79,3.79,3.64,71378.39,27300.974,0.9818652849740932,,0.0
2024-02-28,3.78,3.4000000000000004,3.88,3.4000000000000004,190538.77,70258.145,0.979827089337176,,0.0
2024-02-29,3.3600000000000003,3.54,3.56,3.31,124015.74,44004.128,0.9806094182825486,,0.0
2024-03-01,3.56,3.53,3.58,3.47,56008.66,20111.185,0.9805555555555556,,0.0
2024-03-04,3.5500000000000003,3.46,3.5500000000000003,3.41,67789.94,23945.405,0.9801699716713882,,0.0
2024-03-05,3.44,3.35,3.45,3.33,60966.09,20990.541,0.97953216374269,,0.0
2024-03-06,3.3200000000000003,3.4200000000000004,3.46,3.3200000000000003,56630.7,19638.471,0.9799426934097422,,0.0
2024-03-07,3.4200000000000004,3.46,3.52,3.41,62123.75,21977.542,0.9801699716713882,,0.0
2024-03-08,3.43,3.51,3.51,3.4200000000000004,59517.1,21078.309,0.9804469273743016,,0.0
2024-03-11,3.56,3.72,3.72,3.48,82913.73,30608.187,0.9815303430079156,,0.0
2024-03-12,3.7,3.65,3.73,3.5900000000000003,71314.0,26429.91,0.9811827956989247,,0.0
2024-03-13,3.64,3.75,3.81,3.58,107637.95,40454.293,0.9816753926701572,,0.0
2024-03-14,3.74,3.68,3.74,3.62,66658.15,24985.61,0.9813333333333334,,0.0
2024-03-15,3.69,3.71,3.73,3.63,41677.48,15631.029,0.9814814814814816,,0.0
2024-03-18,3.73,3.75,3.76,3.69,44156.45,16742.864,0.9816753926701572,,0.0
2024-03-19,3.76,3.76,3.84,3.75,57024.72,21978.361,0.9817232375979112,,0.0
2024-03-20,3.76,3.83,3.84,3.73,60718.25,23540.452,0.982051282051282,,0.0
2024-03-21,3.85,3.99,4.02,3.84,128996.43,51669.78,0.9827586206896552,,0.0
2024-03-22,3.99,3.98,4.08,3.91,118553.57,48046.529,0.982716049382716,,0.0
2024-03-25,4.01,3.81,4.029999999999999,3.8,105731.96,41926.78,0.981958762886598,,0.0
2024-03-26,3.82,3.83,3.88,3.74,75786.09,29446.797,0.982051282051282,,0.0
2024-03-27,3.83,3.72,3.85,3.7,61215.18,23481.349,0.9815303430079156,,0.0
2024-03-28,3.69,3.83,3.87,3.68,72479.57,28079.5,0.982051282051282,,0.0
2024-03-29,3.82,3.83,3.86,3.76,59962.36,23250.611,0.982051282051282,,0.0
2024-04-01,3.82,3.92,3.94,3.82,72714.34,28762.423,0.9824561403508772,,0.0
2024-04-02,3.93,3.97,4.029999999999999,3.9,72558.1,29314.708,0.9826732673267328,,0.0
2024-04-03,3.93,4.17,4.27,3.93,162673.59,68274.43,0.9834905660377358,,0.0
2024-04-08,4.16,4.27,4.58,4.12,263200.12,116657.046,0.9838709677419354,,0.0
2024-04-09,4.23,4.279999999999999,4.31,4.12,157773.97,67205.162,0.9839080459770114,,0.0
2024-04-10,4.25,4.1,4.319999999999999,4.08,96029.72,40605.388,0.9832134292565946,,0.0
2024-04-11,4.05,4.08,4.18,4.029999999999999,87242.58,36428.049,0.983132530120482,,0.0
2024-04-12,4.069999999999999,3.96,4.1,3.95,76212.69,31105.932,0.9826302729528535,,0.0
2024-04-15,3.96,3.69,3.99,3.5900000000000003,140145.14,52970.449,0.9813829787234044,,0.0
2024-04-16,3.63,3.31,3.63,3.31,117116.46,40359.442,0.9792899408284024,,0.0
2024-04-17,3.37,3.5,3.5500000000000003,3.35,107012.6,37889.402,0.9803921568627452,,0.0
2024-04-18,3.53,3.49,3.56,3.4000000000000004,71001.88,25355.003,0.9803370786516854,,0.0
2024-04-19,3.5,3.45,3.5700000000000003,3.43,57238.0,20331.67,0.9801136363636364,,0.0
2024-04-22,3.43,3.35,3.46,3.3400000000000003,40045.52,13821.416,0.97953216374269,,0.0
2024-04-23,3.35,3.52,3.56,3.35,71348.56,25505.106,0.9805013927576602,,0.0
2024-04-24,3.52,3.68,3.69,3.48,61612.76,22619.773,0.9813333333333334,,0.0
2024-04-25,3.69,3.89,3.95,3.63,97055.48,37843.754,0.9823232323232324,,0.0
2024-04-26,4.0,3.97,4.05,3.86,107598.3,43169.891,0.9826732673267328,,0.0
2024-04-29,3.98,4.029999999999999,4.069999999999999,3.94,82327.7,33558.68,0.9829268292682926,,0.0
2024-04-30,4.02,4.029999999999999,4.1,3.95,72626.48,29724.071,0.9829268292682926,,0.0
2024-05-06,4.08,4.06,4.21,4.029999999999999,71391.48,29781.481,0.983050847457627,,0.0
2024-05-07,4.069999999999999,4.09,4.1,4.029999999999999,55349.74,22965.21,0.9831730769230768,,0.0
2024-05-08,4.09,4.19,4.25,4.09,89567.65,38081.014,0.9835680751173708,,0.0
2024-05-09,4.19,4.22,4.23,4.15,57542.32,24553.229,0.9836829836829836,,0.0
2024-05-10,4.23,4.239999999999999,4.319999999999999,4.18,75091.3,32387.552,0.9837587006960556,,0.0
2024-05-13,4.279999999999999,4.239999999999999,4.35,4.19,90002.69,39130.345,0.9837587006960556,,0.0
2024-05-14,4.22,4.15,4.27,4.12,100671.0,42765.247,0.9834123222748814,,0.0
2024-05-15,4.13,4.26,4.279999999999999,4.13,86603.53,37254.773,0.9838337182448036,,0.0
2024-05-16,4.26,4.22,4.39,4.19,98364.64,42731.748,0.9836829836829836,,0.0
2024-05-17,4.199999999999999,4.26,4.27,4.17,57391.77,24605.712,0.9838337182448036,,0.0
2024-05-20,4.279999999999999,4.26,4.31,4.239999999999999,53929.71,23383.485,0.9838337182448036,,0.0
2024-05-21,4.279999999999999,4.239999999999999,4.319999999999999,4.21,61659.02,26639.351,0.9837587006960556,,0.0
2024-05-22,4.279999999999999,4.17,4.3,4.16,53979.6,23182.667,0.9834905660377358,,0.0
2024-05-23,4.19,4.04,4.19,3.98,99539.67,41087.059,0.9829683698296836,,0.0
2024-05-24,4.04,4.069999999999999,4.15,3.98,70453.57,29233.178,0.9830917874396136,,0.0
2024-05-27,4.069999999999999,4.05,4.14,3.99,51216.46,21050.557,0.983009708737864,,0.0
2024-05-28,4.05,3.99,4.069999999999999,3.96,64653.0,26325.322,0.9827586206896552,,0.0
2024-05-29,3.96,4.4,4.4,3.96,198725.53,86831.025,0.9843400447427292,,0.0
2024-05-30,4.46,4.59,4.81,4.34,492255.56,226804.148,0.984978540772532,,0.0
2024-05-31,4.46,4.46,4.51,4.34,293039.38,131605.998,0.9845474613686532,,0.0
2024-06-03,4.43,4.27,4.569999999999999,4.22,256095.89,113631.279,0.9838709677419354,,0.0
2024-06-04,4.26,4.21,4.26,3.97,169131.94,71051.872,0.983644859813084,,0.0
2024-06-05,4.21,4.21,4.35,4.15,135227.08,58211.168,0.983644859813084,,0.0
2024-06-06,4.15,3.93,4.23,3.91,153745.83,62904.628,0.9825,,0.0
2024-06-07,3.99,4.069999999999999,4.109999999999999,3.96,103810.07,42830.611,0.9830917874396136,,0.0
2024-06-11,4.01,4.0,4.029999999999999,3.88,94175.81,37957.746,0.9828009828009828,,0.0
2024-06-12,3.99,4.05,4.05,3.96,77816.62,31768.867,0.983009708737864,,0.0
2024-06-13,4.029999999999999,4.46,4.46,4.02,208031.19,92102.396,0.9845474613686532,,0.0
2024-06-14,4.46,4.62,4.91,4.46,519728.38,247070.62,0.9850746268656716,,0.0
2024-06-17,4.52,4.47,4.569999999999999,4.35,339070.15,153339.893,0.9845814977973568,,0.0
2024-06-18,4.48,4.46,4.5,4.37,201839.18,91107.168,0.9845474613686532,,0.0
2024-06-19,4.46,4.37,4.48,4.29,145318.32,64551.595,0.9842342342342342,,0.0
2024-06-20,4.37,4.66,4.779999999999999,4.319999999999999,412162.86,192633.35,0.985200845665962,,0.0
2024-06-21,4.52,4.44,4.66,4.42,256171.17,117606.006,0.9844789356984478,,0.0
2024-06-24,4.43,4.18,4.46,4.14,192142.79,83558.056,0.9835294117647058,,0.0
2024-06-25,4.239999999999999,4.31,4.54,4.22,226437.14,100277.953,0.9840182648401826,,0.0
2024-06-26,4.35,4.359999999999999,4.52,4.199999999999999,235343.18,104052.442,0.984198645598194,,0.0
2024-06-27,4.279999999999999,4.16,4.42,4.15,194275.77,84251.322,0.983451536643026,,0.0
2024-06-28,4.16,4.22,4.34,4.13,152980.73,65835.098,0.9836829836829836,,0.0
2024-07-01,4.22,4.26,4.279999999999999,4.16,126683.69,54360.556,0.9838337182448036,,0.0
2024-07-02,4.26,4.23,4.31,4.199999999999999,112071.15,48274.796,0.983720930232558,,0.0
2024-07-03,4.16,4.13,4.31,4.04,220979.97,93375.689,0.9833333333333332,,0.0
2024-07-04,4.09,4.15,4.17,4.06,135853.1,57099.244,0.9834123222748814,,0.0
2024-07-05,4.13,4.19,4.19,4.01,129174.3,53794.918,0.9835680751173708,,0.0
2024-07-08,4.17,4.04,4.22,4.029999999999999,90842.03,37895.234,0.9829683698296836,,0.0
2024-07-09,4.02,3.94,4.02,3.72,209951.0,82307.298,0.9825436408977556,,0.0
2024-07-10,3.91,4.069999999999999,4.12,3.87,138855.9,57001.912,0.9830917874396136,,0.0
2024-07-11,4.170000000000001,4.11,4.180000000000001,4.04,93360.4,38575.466,0.9951573849878936,,0.0
2024-07-12,4.130000000000001,4.050000000000001,4.19,4.04,73568.1,30374.792,0.9950859950859952,,0.0
2024-07-15,4.050000000000001,3.98,4.07,3.96,49702.45,19924.541,0.995,,0.0
2024-07-16,3.94,4.0,4.0,3.87,57857.0,22927.386,0.9950248756218906,,0.0
2024-07-17,3.96,3.92,4.03,3.91,55151.0,21961.485,0.9949238578680204,,0.0
2024-07-18,3.88,3.86,3.91,3.79,57183.0,22089.704,0.9948453608247424,,0.0
2024-07-19,3.84,3.85,3.87,3.78,40018.0,15388.515,0.9948320413436692,,0.0
2024-07-22,3.85,3.89,3.89,3.83,33722.54,13107.303,0.9948849104859336,,0.0
2024-07-23,3.89,3.75,3.91,3.74,51087.63,19584.838,0.9946949602122016,,0.0
2024-07-24,3.73,3.68,3.77,3.66,34626.0,12877.632,0.9945945945945944,,0.0
2024-07-25,3.64,3.73,3.76,3.64,29149.27,10863.846,0.9946666666666668,,0.0
2024-07-26,3.71,3.79,3.79,3.71,29824.29,11298.652,0.994750656167979,,0.0
2024-07-29,3.78,3.78,3.8,3.73,25588.96,9702.972,0.9947368421052633,,0.0
2024-07-30,3.76,3.84,3.95,3.74,85297.13,33137.62,0.9948186528497408,,0.0
2024-07-31,3.81,3.94,3.95,3.81,58764.21,23009.867,0.9949494949494948,,0.0
2024-08-01,3.94,3.98,4.12,3.93,95352.7,38697.691,0.995,,0.0
2024-08-02,3.97,3.91,4.010000000000001,3.89,53745.71,21326.816,0.9949109414758268,,0.0
2024-08-05,3.9,3.78,3.93,3.77,62317.68,24105.893,0.9947368421052633,,0.0
2024-08-06,3.8,3.83,3.84,3.78,42820.3,16381.477,0.9948051948051948,,0.0
2024-08-07,3.82,3.83,3.86,3.79,33688.77,12969.099,0.9948051948051948,,0.0
2024-08-08,3.83,3.83,3.84,3.75,38310.0,14645.074,0.9948051948051948,,0.0
2024-08-09,3.83,3.77,3.86,3.77,35547.87,13616.224,0.9947229551451188,,0.0
2024-08-12,3.77,3.73,3.79,3.71,27372.63,10282.222,0.9946666666666668,,0.0
2024-08-13,3.73,3.78,3.78,3.68,24284.0,9105.817,0.9947368421052633,,0.0
2024-08-14,3.78,3.72,3.79,3.71,24313.0,9129.958,0.9946524064171124,,0.0
2024-08-15,3.71,3.76,3.78,3.66,36712.64,13785.003,0.9947089947089948,,0.0
2024-08-16,3.75,3.71,3.78,3.71,21186.01,7961.182,0.9946380697050938,,0.0
2024-08-19,3.71,3.64,3.73,3.63,38337.03,14129.985,0.994535519125683,,0.0
2024-08-20,3.64,3.57,3.65,3.54,33926.1,12202.004,0.9944289693593314,,0.0
2024-08-21,3.58,3.62,3.77,3.56,80370.64,29603.589,0.9945054945054944,,0.0
2024-08-22,3.62,3.49,3.64,3.47,53762.0,19170.729,0.9943019943019944,,0.0
2024-08-23,3.48,3.44,3.49,3.4,53743.69,18553.698,0.9942196531791908,,0.0
2024-08-26,3.42,3.42,3.49,3.39,49823.0,17236.658,0.994186046511628,,0.0
2024-08-27,3.41,3.37,3.46,3.35,39945.46,13630.575,0.9941002949852508,,0.0
2024-08-28,3.33,3.39,3.42,3.33,35535.0,12107.59,0.9941348973607038,,0.0
2024-08-29,3.39,3.4,3.46,3.34,36692.78,12541.715,0.9941520467836256,,0.0
2024-08-30,3.42,3.47,3.52,3.4,49262.53,17215.154,0.994269340974212,,0.0
2024-09-02,3.47,3.37,3.5,3.36,37679.71,12997.724,0.9941002949852508,,0.0
2024-09-03,3.37,3.33,3.43,3.3,58114.49,19534.122,0.9940298507462688,,0.0
2024-09-04,3.33,3.32,3.35,3.29,40944.0,13662.0,0.994011976047904,,0.0
2024-09-05,3.33,3.44,3.48,3.33,74269.0,25520.373,0.9942196531791908,,0.0
2024-09-06,3.5,3.41,3.5,3.4,41764.0,14403.925,0.9941690962099126,,0.0
2024-09-09,3.43,3.43,3.46,3.37,34874.97,11988.006,0.9942028985507246,,0.0
2024-09-10,3.43,3.44,3.47,3.33,41510.0,14190.904,0.9942196531791908,,0.0
2024-09-11,3.42,3.4,3.42,3.36,28160.04,9593.981,0.9941520467836256,,0.0
2024-09-12,3.42,3.43,3.46,3.4,28527.04,9836.974,0.9942028985507246,,0.0
2024-09-13,3.44,3.37,3.5,3.36,54100.0,18679.975,0.9941002949852508,,0.0
2024-09-18,3.34,3.38,3.39,3.3,38374.0,12883.156,0.9941176470588236,,0.0
2024-09-19,3.38,3.45,3.46,3.36,58102.09,20008.102,0.9942363112391932,,0.0
2024-09-20,3.45,3.54,3.55,3.45,63040.85,22174.943,0.99438202247191,,0.0
2024-09-23,3.6,3.67,3.74,3.57,132194.58,48524.596,0.994579945799458,,0.0
2024-09-24,3.68,3.71,3.73,3.6,88507.26,32772.875,0.9946380697050938,,0.0
2024-09-25,3.72,3.74,3.84,3.7,82708.6,31469.073,0.9946808510638298,,0.0
2024-09-26,3.75,3.79,3.79,3.68,88519.0,33327.546,0.994750656167979,,0.0
2024-09-27,3.84,3.93,3.93,3.8,62846.97,24407.005,0.9949367088607596,,0.0
2024-09-30,4.04,4.3100000000000005,4.33,3.99,190015.7,79768.77,0.9953810623556584,,0.0
2024-10-08,4.74,4.44,4.74,4.23,251887.11,112854.196,0.9955156950672648,,0.0
2024-10-09,4.420000000000001,4.1000000000000005,4.420000000000001,4.1000000000000005,158217.43,67096.324,0.9951456310679612,,0.0
2024-10-10,4.16,4.28,4.430000000000001,4.04,154652.56,66324.237,0.9953488372093025,,0.0
2024-10-11,4.24,4.130000000000001,4.28,4.11,82609.03,34684.132,0.9951807228915664,,0.0
2024-10-14,4.130000000000001,4.2,4.220000000000001,4.130000000000001,60408.17,25385.803,0.9952606635071092,,0.0
2024-10-15,4.2,4.170000000000001,4.3100000000000005,4.15,103969.61,44298.222,0.9952267303102628,,0.0
2024-10-16,4.16,4.130000000000001,4.19,4.050000000000001,79079.31,32752.591,0.9951807228915664,,0.0
2024-10-17,4.140000000000001,4.1000000000000005,4.2700000000000005,4.090000000000001,91390.72,38255.053,0.9951456310679612,,0.0
2024-10-18,4.08,4.140000000000001,4.180000000000001,4.04,76541.96,31594.0,0.9951923076923078,,0.0
2024-10-21,4.140000000000001,4.3100000000000005,4.4,4.12,126202.56,54044.0,0.9953810623556584,,0.0
2024-10-22,4.33,4.41,4.640000000000001,4.33,153708.98,68889.287,0.9954853273137698,,0.0
2024-10-23,4.420000000000001,4.380000000000001,4.430000000000001,4.29,102379.12,44871.16,0.9954545454545456,,0.0
2024-10-24,4.36,4.5200000000000005,4.590000000000001,4.36,156452.56,70733.168,0.9955947136563876,,0.0
2024-10-25,4.510000000000001,4.800000000000001,4.800000000000001,4.5,220735.85,103749.075,0.9958506224066392,,0.0
2024-10-28,4.760000000000001,4.920000000000001,4.95,4.73,193312.74,94051.078,0.9959514170040488,,0.0
2024-10-29,4.95,4.82,5.140000000000001,4.78,213022.68,106152.352,0.9958677685950414,,0.0
2024-10-30,4.83,4.680000000000001,4.87,4.630000000000001,138361.24,65587.45,0.995744680851064,,0.0
2024-10-31,4.680000000000001,4.930000000000001,4.99,4.680000000000001,187201.38,91099.012,0.995959595959596,,0.0
2024-11-01,4.91,4.7,4.95,4.69,128640.95,61809.339,0.9957627118644068,,0.0
2024-11-04,4.73,4.680000000000001,4.74,4.6000000000000005,85666.46,40141.561,0.995744680851064,,0.0
2024-11-05,4.680000000000001,4.73,4.74,4.640000000000001,79233.48,37346.936,0.9957894736842108,,0.0
2024-11-06,4.720000000000001,4.9,4.960000000000001,4.7,151914.0,73929.003,0.9959349593495936,,0.0
2024-11-07,4.930000000000001,4.94,4.99,4.760000000000001,143982.16,70865.715,0.995967741935484,,0.0
2024-11-08,4.91,4.890000000000001,4.960000000000001,4.8100000000000005,127599.64,62475.237,0.9959266802443992,,0.0
2024-11-11,4.86,4.880000000000001,4.91,4.78,88839.31,43305.964,0.9959183673469388,,0.0
2024-11-12,4.87,5.07,5.28,4.86,287337.74,146834.305,0.9960707269155208,,0.0
2024-11-13,5.07,5.010000000000001,5.19,4.86,150250.42,75547.48,0.996023856858847,,0.0
2024-11-14,4.95,4.7700000000000005,5.03,4.760000000000001,117879.0,57572.004,0.9958246346555324,,0.0
2024-11-15,4.7700000000000005,4.66,4.890000000000001,4.640000000000001,100058.24,48047.841,0.995726495726496,,0.0
2024-11-18,4.710000000000001,4.66,4.800000000000001,4.62,87554.64,41305.659,0.995726495726496,,0.0
2024-11-19,4.640000000000001,4.710000000000001,4.710000000000001,4.5600000000000005,70333.44,32675.162,0.9957716701902748,,0.0
2024-11-20,4.73,4.8100000000000005,4.86,4.69,59775.0,28695.806,0.9958592132505176,,0.0
2024-11-21,4.78,4.840000000000001,4.87,4.74,51262.0,24762.919,0.9958847736625516,,0.0
2024-11-22,4.840000000000001,4.930000000000001,5.090000000000001,4.82,177964.01,88719.259,0.995959595959596,,0.0
2024-11-25,4.970000000000001,5.0200000000000005,5.0600000000000005,4.7700000000000005,165306.76,81985.534,0.9960317460317462,,0.0
2024-11-26,4.98,4.930000000000001,5.12,4.91,118344.75,59416.541,0.995959595959596,,0.0
2024-11-27,4.9,4.95,4.960000000000001,4.73,103020.65,49922.945,0.9959758551307848,,0.0
2024-11-28,4.920000000000001,5.0600000000000005,5.180000000000001,4.9,199075.15,101426.03,0.9960629921259844,,0.0
2024-11-29,5.0600000000000005,4.98,5.08,4.960000000000001,111060.48,55860.178,0.996,,0.0
2024-12-02,5.010000000000001,5.29,5.37,4.98,203764.93,106344.35,0.9962335216572504,,0.0
2024-12-03,5.300000000000001,5.2,5.33,5.180000000000001,132764.15,69836.056,0.996168582375479,,0.0
2024-12-04,5.2,5.0600000000000005,5.24,5.04,83373.82,42848.368,0.9960629921259844,,0.0
2024-12-05,5.050000000000001,5.130000000000001,5.140000000000001,5.0200000000000005,60043.86,30583.047,0.996116504854369,,0.0
2024-12-06,5.1000000000000005,5.140000000000001,5.16,4.930000000000001,136986.21,69476.382,0.996124031007752,,0.0
2024-12-09,5.130000000000001,5.03,5.180000000000001,4.99,82896.97,42030.965,0.996039603960396,,0.0
2024-12-10,5.130000000000001,4.970000000000001,5.16,4.930000000000001,174569.0,88006.751,0.995991983967936,,0.0
2024-12-11,4.970000000000001,5.0,5.08,4.960000000000001,86468.92,43514.201,0.9960159362549802,,0.0
2024-12-12,5.0,5.19,5.23,4.99,170780.08,88032.502,0.99616122840691,,0.0
2024-12-13,5.170000000000001,5.23,5.33,5.15,185100.13,96900.336,0.9961904761904764,,0.0
2024-12-16,5.24,5.24,5.430000000000001,5.180000000000001,218157.38,116178.099,0.9961977186311788,,0.0
2024-12-17,5.24,4.890000000000001,5.260000000000001,4.880000000000001,173384.08,87103.776,0.9959266802443992,,0.0
2024-12-18,4.9,5.16,5.380000000000001,4.800000000000001,290688.31,150564.229,0.9961389961389964,,0.0
2024-12-19,5.15,5.010000000000001,5.29,4.9,201229.28,101966.814,0.996023856858847,,0.0
2024-12-20,4.95,4.95,5.07,4.91,93679.55,46891.22,0.9959758551307848,,0.0
2024-12-23,4.970000000000001,4.65,5.0,4.640000000000001,133813.71,63848.439,0.9957173447537474,,0.0
2024-12-24,4.62,4.640000000000001,4.720000000000001,4.54,96304.99,44505.238,0.995708154506438,,0.0
2024-12-25,4.640000000000001,4.510000000000001,4.65,4.41,92745.09,41947.957,0.9955849889624724,,0.0
2024-12-26,4.5200000000000005,4.65,4.75,4.510000000000001,89952.33,42111.694,0.9957173447537474,,0.0
2024-12-27,4.680000000000001,4.73,4.8500000000000005,4.630000000000001,101537.03,48738.846,0.9957894736842108,,0.0
2024-12-30,4.680000000000001,4.680000000000001,4.74,4.61,62127.83,29097.431,0.995744680851064,,0.0
2024-12-31,4.670000000000001,4.5,4.760000000000001,4.5,75881.08,35033.927,0.9955752212389382,,0.0
2025-01-02,4.5,4.4,4.550000000000001,4.37,59481.0,26703.326,0.995475113122172,,0.0
2025-01-03,4.380000000000001,4.16,4.45,4.15,90456.01,38631.995,0.9952153110047848,,0.0
2025-01-06,4.16,4.15,4.180000000000001,3.99,59573.0,24672.304,0.9952038369304558,,0.0
2025-01-07,4.12,4.170000000000001,4.19,4.010000000000001,70951.49,29277.915,0.9952267303102628,,0.0
2025-01-08,4.170000000000001,4.180000000000001,4.23,4.03,86684.02,36012.579,0.9952380952380954,,0.0
2025-01-09,4.15,4.2,4.23,4.140000000000001,44725.8,18828.183,0.9952606635071092,,0.0
2025-01-10,4.19,4.04,4.23,4.04,52864.18,21902.123,0.995073891625616,,0.0
2025-01-13,4.04,4.050000000000001,4.090000000000001,3.92,50848.0,20518.086,0.9950859950859952,,0.0
2025-01-14,4.07,4.2,4.210000000000001,4.0600000000000005,62429.28,26010.895,0.9952606635071092,,0.0
2025-01-15,4.19,4.23,4.28,4.180000000000001,63781.0,27061.688,0.9952941176470588,,0.0
2025-01-16,4.210000000000001,4.340000000000001,4.390000000000001,4.210000000000001,88597.0,38336.086,0.9954128440366974,,0.0
2025-01-17,4.33,4.28,4.470000000000001,4.28,91389.3,40000.896,0.9953488372093025,,0.0
2025-01-20,4.3100000000000005,4.3500000000000005,4.41,4.220000000000001,84825.8,37019.472,0.9954233409610984,,0.0
2025-01-21,4.340000000000001,4.28,4.380000000000001,4.25,55932.0,24165.116,0.9953488372093025,,0.0
2025-01-22,4.12,4.24,4.29,4.07,126477.82,53384.245,0.995305164319249,,0.0
2025-01-23,4.23,4.25,4.37,4.23,65576.63,28313.96,0.9953161592505856,,0.0
2025-01-24,4.25,4.19,4.29,4.15,73278.0,30881.293,0.995249406175772,,0.0
2025-01-27,4.2,4.37,4.460000000000001,4.2,113097.4,49708.172,0.9954441913439636,,0.0
2025-02-05,4.380000000000001,4.4,4.430000000000001,4.32,73559.01,32266.026,0.995475113122172,,0.0
2025-02-06,4.41,4.5200000000000005,4.53,4.4,64519.0,28983.23,0.9955947136563876,,0.0
2025-02-07,4.54,4.5,4.6000000000000005,4.430000000000001,87958.0,39943.269,0.9955752212389382,,0.0
2025-02-10,4.48,4.720000000000001,4.73,4.48,108020.5,50240.29,0.9957805907172996,,0.0
2025-02-11,4.720000000000001,4.78,4.930000000000001,4.670000000000001,165817.12,79731.338,0.9958333333333336,,0.0
2025-02-12,4.760000000000001,4.82,4.840000000000001,4.630000000000001,126029.0,59760.73,0.9958677685950414,,0.0
2025-02-13,4.8500000000000005,4.65,4.8500000000000005,4.61,110977.0,52239.463,0.9957173447537474,,0.0
2025-02-14,4.62,4.680000000000001,4.720000000000001,4.6000000000000005,72038.0,33647.118,0.995744680851064,,0.0
2025-02-17,4.7,4.640000000000001,4.7,4.58,74408.0,34644.035,0.995708154506438,,0.0
2025-02-18,4.680000000000001,4.510000000000001,4.680000000000001,4.48,63268.1,28949.062,0.9955849889624724,,0.0
2025-02-19,4.48,4.550000000000001,4.550000000000001,4.48,46872.28,21218.211,0.9956236323851204,,0.0
2025-02-20,4.510000000000001,4.54,4.57,4.510000000000001,46688.01,21281.573,0.9956140350877194,,0.0
2025-02-21,4.510000000000001,4.49,4.5600000000000005,4.470000000000001,58767.0,26576.731,0.9955654101995568,,0.0
2025-02-24,4.470000000000001,4.54,4.58,4.470000000000001,48709.6,22138.113,0.9956140350877194,,0.0
2025-02-25,4.57,4.83,5.0,4.5200000000000005,326601.77,158926.554,0.995876288659794,,0.0
2025-02-26,4.7,4.79,4.840000000000001,4.7,170817.63,81874.027,0.995841995841996,,0.0
2025-02-27,4.79,4.79,4.880000000000001,4.69,153056.34,73466.72,0.995841995841996,,0.0
2025-02-28,4.75,4.920000000000001,5.03,4.680000000000001,285991.02,140675.729,0.9959514170040488,,0.0
2025-03-03,4.970000000000001,4.670000000000001,5.0,4.630000000000001,225237.58,107227.318,0.9957356076759064,,0.0
2025-03-04,4.61,4.69,4.69,4.58,100463.88,46707.236,0.9957537154989384,,0.0
2025-03-05,4.66,4.62,4.69,4.53,104227.12,48003.265,0.995689655172414,,0.0
2025-03-06,4.65,4.65,4.710000000000001,4.590000000000001,117682.0,54918.717,0.9957173447537474,,0.0
2025-03-07,4.62,4.54,4.640000000000001,4.53,75221.0,34445.268,0.9956140350877194,,0.0
2025-03-10,4.54,4.640000000000001,4.65,4.53,79149.0,36513.02,0.995708154506438,,0.0
2025-03-11,4.6000000000000005,4.6000000000000005,4.66,4.54,85588.84,39413.617,0.9956709956709958,,0.0
2025-03-12,4.6000000000000005,4.590000000000001,4.65,4.550000000000001,65860.37,30438.766,0.9956616052060738,,0.0
2025-03-13,4.57,4.48,4.590000000000001,4.41,101323.0,45638.527,0.9955555555555556,,0.0
2025-03-14,4.460000000000001,4.58,4.590000000000001,4.430000000000001,71007.84,32207.085,0.9956521739130436,,0.0
2025-03-17,4.6000000000000005,4.550000000000001,4.630000000000001,4.53,48554.56,22318.378,0.9956236323851204,,0.0
2025-03-18,4.5600000000000005,4.5200000000000005,4.57,4.49,51938.47,23608.047,0.9955947136563876,,0.0
2025-03-19,4.550000000000001,4.470000000000001,4.550000000000001,4.460000000000001,42729.53,19215.675,0.9955456570155904,,0.0
2025-03-20,4.49,4.48,4.510000000000001,4.470000000000001,35306.0,15923.092,0.9955555555555556,,0.0
2025-03-21,4.470000000000001,4.430000000000001,4.5200000000000005,4.420000000000001,63577.06,28471.042,0.9955056179775282,,0.0
2025-03-24,4.430000000000001,4.3100000000000005,4.45,4.23,74709.69,32367.02,0.9953810623556584,,0.0
2025-03-25,4.32,4.36,4.37,4.260000000000001,46393.41,20115.738,0.995433789954338,,0.0
2025-03-26,4.33,4.44,4.44,4.33,39740.88,17621.331,0.9955156950672648,,0.0
2025-03-27,4.420000000000001,4.41,4.49,4.36,42333.0,18843.053,0.9954853273137698,,0.0
2025-03-28,4.41,4.36,4.420000000000001,4.340000000000001,32016.0,14071.664,0.995433789954338,,0.0
2025-03-31,4.37,4.28,4.37,4.23,50256.01,21611.294,0.9953488372093025,,0.0
2025-04-01,4.28,4.340000000000001,4.37,4.2700000000000005,31818.81,13858.701,0.9954128440366974,,0.0
2025-04-02,4.36,4.3100000000000005,4.380000000000001,4.29,32783.54,14278.088,0.9953810623556584,,0.0
2025-04-03,4.3500000000000005,4.36,4.380000000000001,4.28,43409.01,18930.857,0.995433789954338,,0.0
2025-04-07,4.19,3.92,4.2700000000000005,3.92,79017.62,31581.128,0.9949238578680204,,0.0
2025-04-08,3.86,3.79,3.87,3.68,108997.0,41388.877,0.994750656167979,,0.0
2025-04-09,3.77,3.79,3.81,3.5,116153.0,42856.757,0.994750656167979,,0.0
2025-04-10,3.82,3.94,3.97,3.82,86365.15,33964.718,0.9949494949494948,,0.0
2025-04-11,3.94,4.0,4.11,3.9,69337.78,28010.264,0.9950248756218906,,0.0
2025-04-14,4.03,4.140000000000001,4.210000000000001,4.010000000000001,79113.0,32830.03,0.9951923076923078,,0.0
2025-04-15,4.12,4.1000000000000005,4.180000000000001,4.050000000000001,45048.01,18536.953,0.9951456310679612,,0.0
2025-04-16,4.1000000000000005,4.0,4.1000000000000005,3.94,46308.23,18622.072,0.9950248756218906,,0.0
2025-04-17,3.97,4.0600000000000005,4.12,3.97,47306.94,19298.866,0.9950980392156864,,0.0
2025-04-18,4.08,4.07,4.08,3.98,33698.0,13647.779,0.9951100244498778,,0.0
2025-04-21,4.08,4.090000000000001,4.12,4.03,37076.0,15198.689,0.9951338199513384,,0.0
2025-04-22,4.11,4.11,4.24,4.08,77656.08,32272.831,0.9951573849878936,,0.0
2025-04-23,4.11,4.0600000000000005,4.130000000000001,4.050000000000001,37766.08,15468.511,0.9950980392156864,,0.0
2025-04-24,4.0600000000000005,4.03,4.08,3.99,38478.0,15597.196,0.9950617283950618,,0.0
2025-04-25,4.03,4.08,4.11,4.010000000000001,38453.0,15730.13,0.9951219512195124,,0.0
2025-04-28,4.08,3.97,4.08,3.94,43165.98,17289.439,0.9949874686716792,,0.0
2025-04-29,3.95,4.03,4.1000000000000005,3.93,68128.0,27639.56,0.9950617283950618,,0.0
2025-04-30,4.03,4.0600000000000005,4.140000000000001,4.03,48053.0,19792.164,0.9950980392156864,,0.0
2025-05-06,4.07,4.140000000000001,4.15,4.07,51229.0,21183.168,0.9951923076923078,,0.0
2025-05-07,4.19,4.170000000000001,4.23,4.130000000000001,48582.0,20406.233,0.9952267303102628,,0.0
2025-05-08,4.170000000000001,4.2,4.210000000000001,4.15,34447.0,14494.109,0.9952606635071092,,0.0
2025-05-09,4.210000000000001,4.15,4.23,4.130000000000001,34430.0,14397.352,0.9952038369304558,,0.0
2025-05-12,4.19,4.130000000000001,4.19,4.1000000000000005,33503.02,13932.106,0.9951807228915664,,0.0
2025-05-13,4.19,4.140000000000001,4.340000000000001,4.130000000000001,84210.82,35595.053,0.9951923076923078,,0.0
2025-05-14,4.130000000000001,4.140000000000001,4.16,4.090000000000001,63068.0,26099.533,0.9951923076923078,,0.0
2025-05-15,4.140000000000001,4.12,4.16,4.08,37982.02,15713.722,0.995169082125604,,0.0
2025-05-16,4.12,4.16,4.170000000000001,4.090000000000001,41286.84,17193.611,0.9952153110047848,,0.0
2025-05-19,4.170000000000001,4.25,4.260000000000001,4.140000000000001,57304.85,24318.889,0.9953161592505856,,0.0
2025-05-20,4.23,4.36,4.460000000000001,4.2,127861.09,55560.518,0.995433789954338,,0.0
2025-05-21,4.36,4.390000000000001,4.53,4.29,177108.84,78631.018,0.99546485260771,,0.0
2025-05-22,4.36,4.260000000000001,4.4,4.25,99319.0,43016.19,0.9953271028037384,,0.0
2025-05-23,4.2700000000000005,4.140000000000001,4.2700000000000005,4.130000000000001,83064.0,35025.889,0.9951923076923078,,0.0
2025-05-26,4.140000000000001,4.15,4.2,4.1000000000000005,63357.0,26374.327,0.9952038369304558,,0.0
2025-05-27,4.16,4.29,4.44,4.15,148496.62,64203.661,0.9953596287703016,,0.0
2025-05-28,4.28,4.220000000000001,4.300000000000001,4.180000000000001,72377.0,30723.316,0.9952830188679246,,0.0
2025-05-29,4.19,4.23,4.2700000000000005,4.180000000000001,62917.02,26781.279,0.9952941176470588,,0.0
2025-05-30,4.19,4.170000000000001,4.25,4.16,44604.0,18807.163,0.9952267303102628,,0.0
2025-06-03,4.16,4.140000000000001,4.23,4.12,45659.0,19099.62,0.9951923076923078,,0.0
2025-06-04,4.140000000000001,4.15,4.19,4.12,65172.0,27168.833,0.9952038369304558,,0.0
2025-06-05,4.15,4.15,4.170000000000001,4.1000000000000005,52851.0,21933.824,0.9952038369304558,,0.0
2025-06-06,4.15,4.28,4.28,4.1000000000000005,70152.0,29495.098,0.9953488372093025,,0.0
2025-06-09,4.2700000000000005,4.36,4.4,4.210000000000001,119218.39,51940.01,0.995433789954338,,0.0
2025-06-10,4.380000000000001,4.28,4.380000000000001,4.220000000000001,75412.0,32531.864,0.9953488372093025,,0.0
2025-06-11,4.29,4.3100000000000005,4.36,4.25,73354.4,31707.815,0.9953810623556584,,0.0
2025-06-12,4.28,4.2700000000000005,4.32,4.180000000000001,80889.2,34484.105,0.9953379953379954,,0.0
2025-06-13,4.23,4.170000000000001,4.2700000000000005,4.15,57920.0,24329.13,0.9952267303102628,,0.0
2025-06-16,4.170000000000001,4.210000000000001,4.23,4.140000000000001,55291.0,23308.78,0.9952718676122932,,0.0
2025-06-17,4.210000000000001,4.210000000000001,4.29,4.16,60298.98,25490.14,0.9952718676122932,,0.0
2025-06-18,4.180000000000001,4.16,4.2,4.130000000000001,55830.0,23292.293,0.9952153110047848,,0.0
2025-06-19,4.15,4.08,4.15,4.04,62724.6,25733.211,0.9951219512195124,,0.0
2025-06-20,4.11,4.010000000000001,4.11,4.0,41549.6,16871.838,0.9950372208436724,,0.0
2025-06-23,4.03,4.1000000000000005,4.1000000000000005,3.99,36088.9,14723.935,0.9951456310679612,,0.0
2025-06-24,4.12,4.33,4.380000000000001,4.1000000000000005,194898.62,83658.285,0.9954022988505749,,0.0
2025-06-25,4.36,4.3100000000000005,4.4,4.25,121735.2,52727.985,0.9953810623556584,,0.0
2025-06-26,4.300000000000001,4.36,4.380000000000001,4.28,122281.0,53280.651,0.995433789954338,,0.0
2025-06-27,4.37,4.340000000000001,4.430000000000001,4.32,100264.0,43936.151,0.9954128440366974,,0.0
2025-06-30,4.3100000000000005,4.58,4.630000000000001,4.3100000000000005,301275.0,136901.43,0.9956521739130436,,0.0
2025-07-01,4.58,4.470000000000001,4.640000000000001,4.45,154642.0,70342.698,0.9955456570155904,,0.0
2025-07-02,4.510000000000001,4.460000000000001,4.54,4.41,117768.0,52840.996,0.9955357142857144,,0.0
2025-07-03,4.460000000000001,4.49,4.53,4.380000000000001,110115.0,49082.444,0.9955654101995568,,0.0
2025-07-04,4.45,4.390000000000001,4.49,4.380000000000001,83306.0,37044.197,0.99546485260771,,0.0
2025-07-07,4.380000000000001,4.48,4.510000000000001,4.37,83303.56,37401.188,0.9955555555555556,,0.0
2025-07-08,4.49,4.590000000000001,4.62,4.45,170228.0,77744.81,0.9956616052060738,,0.0
2025-07-09,4.57,4.74,4.7700000000000005,4.550000000000001,330994.39,155401.137,0.9957983193277312,,0.0
2025-07-10,4.720000000000001,4.7700000000000005,5.0600000000000005,4.69,660555.37,323232.751,0.9958246346555324,,0.0
2025-07-11,4.720000000000001,4.470000000000001,4.74,4.45,517100.81,235631.087,0.9955456570155904,,0.0
2025-07-14,4.54,4.5,4.61,4.48,240253.53,109296.554,0.9955752212389382,,0.0
2025-07-15,4.5,4.37,4.5200000000000005,4.33,174604.09,76906.478,0.9954441913439636,,0.0
2025-07-16,4.4,4.470000000000001,4.49,4.340000000000001,151037.57,67218.629,0.9955456570155904,,0.0
2025-07-17,4.470000000000001,4.5200000000000005,4.62,4.380000000000001,205468.43,92549.528,0.9955947136563876,,0.0
2025-07-18,4.5200000000000005,4.420000000000001,4.54,4.380000000000001,193502.8,85962.873,0.9954954954954957,,0.0
2025-07-21,4.380000000000001,4.44,4.48,4.36,106895.01,47685.107,0.9955156950672648,,0.0
2025-07-22,4.44,4.4,4.45,4.36,101502.36,44800.713,0.995475113122172,,0.0
2025-07-23,4.4,4.380000000000001,4.460000000000001,4.37,87973.01,38888.267,0.9954545454545456,,0.0
2025-07-24,4.37,4.420000000000001,4.45,4.36,110559.41,48954.269,0.9954954954954957,,0.0
2025-07-25,4.41,4.390000000000001,4.430000000000001,4.36,103838.13,45793.182,0.99546485260771,,0.0
2025-07-28,4.380000000000001,4.340000000000001,4.41,4.32,115031.19,50243.822,0.9954128440366974,,0.0
2025-07-29,4.340000000000001,4.3100000000000005,4.36,4.2,104617.01,44986.934,0.9953810623556584,,0.0
2025-07-30,4.300000000000001,4.33,4.340000000000001,4.2700000000000005,101407.0,43901.83,0.9954022988505749,,0.0
2025-07-31,4.32,4.23,4.32,4.220000000000001,70658.0,30270.775,0.9952941176470588,,0.0
2025-08-01,4.24,4.420000000000001,4.53,4.24,217762.0,95984.61,0.9954954954954957,,0.0
2025-08-04,4.41,4.430000000000001,4.5200000000000005,4.37,158036.57,70473.224,0.9955056179775282,,0.0
2025-08-05,4.44,4.630000000000001,4.720000000000001,4.430000000000001,336371.64,155271.461,0.9956989247311828,,0.0
2025-08-06,4.62,4.5600000000000005,4.65,4.54,167605.01,77003.952,0.995633187772926,,0.0
2025-08-07,4.5600000000000005,4.5600000000000005,4.590000000000001,4.460000000000001,142889.0,64805.6,0.995633187772926,,0.0
2025-08-08,4.550000000000001,4.5600000000000005,4.6000000000000005,4.5200000000000005,110585.0,50668.078,0.995633187772926,,0.0
2025-08-11,4.5200000000000005,4.57,4.6000000000000005,4.5,101817.81,46562.802,0.9956427015250544,,0.0
2025-08-12,4.57,4.5200000000000005,4.58,4.5,94190.0,42779.199,0.9955947136563876,,0.0
2025-08-13,4.54,4.69,4.760000000000001,4.5,289977.8,135953.611,0.9957537154989384,,0.0
2025-08-14,4.73,4.470000000000001,4.74,4.45,232385.01,106973.126,0.9955456570155904,,0.0
2025-08-15,4.49,4.54,4.61,4.460000000000001,130376.8,59236.076,0.9956140350877194,,0.0
2025-08-18,4.5600000000000005,4.460000000000001,4.57,4.430000000000001,212377.0,95853.79,0.9955357142857144,,0.0
2025-08-19,4.460000000000001,4.430000000000001,4.5,4.420000000000001,144388.79,64655.088,0.9955056179775282,,0.0
2025-08-20,4.430000000000001,4.45,4.45,4.390000000000001,105929.07,47018.825,0.9955257270693512,,0.0
2025-08-21,4.45,4.5200000000000005,4.53,4.430000000000001,148241.0,66804.99,0.9955947136563876,,0.0
2025-08-22,4.53,4.49,4.6000000000000005,4.430000000000001,196031.0,88537.127,0.9955654101995568,,0.0
2025-08-25,4.49,4.5,4.57,4.460000000000001,208174.91,94211.261,0.9955752212389382,,0.0
2025-08-26,4.49,4.57,4.630000000000001,4.45,218523.1,100075.28,0.9956427015250544,,0.0
2025-08-27,4.5600000000000005,4.8100000000000005,4.930000000000001,4.53,522336.68,249836.238,0.9958592132505176,,0.0
2025-08-28,4.83,4.66,4.840000000000001,4.510000000000001,443298.21,206756.229,0.995726495726496,,0.0
2025-08-29,4.640000000000001,4.590000000000001,4.710000000000001,4.57,207917.01,96513.508,0.9956616052060738,,0.0
2025-09-01,4.61,4.720000000000001,4.79,4.57,284472.56,134764.523,0.9957805907172996,,0.0
2025-09-02,4.7,4.66,4.73,4.6000000000000005,193482.0,90285.133,0.995726495726496,,0.0
2025-09-03,4.66,4.720000000000001,4.78,4.62,288605.0,136469.807,0.9957805907172996,,0.0
2025-09-04,4.720000000000001,4.75,4.86,4.640000000000001,307977.07,146639.641,0.9958071278825996,,0.0
2025-09-05,4.83,4.91,4.94,4.74,373710.56,181299.635,0.9959432048681542,,0.0
2025-09-08,4.920000000000001,5.0600000000000005,5.180000000000001,4.880000000000001,497995.07,252584.466,0.9960629921259844,,0.0
2025-09-09,5.03,4.9,5.050000000000001,4.86,269924.0,133638.58,0.9959349593495936,,0.0
2025-09-10,4.91,5.130000000000001,5.170000000000001,4.9,351694.95,178474.527,0.996116504854369,,0.0
2025-09-11,5.15,5.2,5.33,5.03,369812.91,193070.726,0.996168582375479,,0.0
2025-09-12,5.2,5.720000000000001,5.720000000000001,5.16,781160.14,440185.309,0.9965156794425089,,0.0
2025-09-15,5.640000000000001,5.720000000000001,5.880000000000001,5.58,701114.0,403963.348,0.9965156794425089,,0.0
2025-09-16,5.760000000000001,5.640000000000001,5.760000000000001,5.53,459199.03,259313.264,0.9964664310954064,,0.0
2025-09-17,5.61,5.460000000000001,5.640000000000001,5.44,412613.96,228219.506,0.9963503649635036,,0.0
2025-09-18,5.48,5.32,5.550000000000001,5.28,370009.44,201530.03,0.9962546816479402,,0.0
2025-09-19,5.36,5.36,5.41,5.24,292569.43,156747.035,0.996282527881041,,0.0
2025-09-22,5.36,5.510000000000001,5.66,5.33,385862.52,214181.214,0.9963833634719712,,0.0
2025-09-23,5.460000000000001,5.28,5.510000000000001,5.140000000000001,345465.01,182435.238,0.9962264150943396,,0.0
2025-09-24,5.29,5.260000000000001,5.37,5.23,184640.32,98091.835,0.9962121212121212,,0.0
2025-09-25,5.260000000000001,5.2,5.340000000000001,5.170000000000001,177861.0,93445.014,0.996168582375479,,0.0
2025-09-26,5.19,5.25,5.36,5.130000000000001,176401.1,93239.223,0.996204933586338,,0.0
2025-09-29,5.260000000000001,5.53,5.7,5.170000000000001,491450.61,270490.683,0.9963963963963964,,0.0
2025-09-30,5.53,5.36,5.6000000000000005,5.33,340473.0,185127.69,0.996282527881041,,0.0
2025-10-09,5.41,5.25,5.430000000000001,5.180000000000001,280820.68,148149.455,0.996204933586338,,0.0
2025-10-10,5.25,5.29,5.44,5.25,261656.78,140063.1,0.9962335216572504,,0.0
2025-10-13,5.12,5.24,5.25,4.95,246096.78,127058.152,0.9961977186311788,,0.0
2025-10-14,5.220000000000001,5.2,5.29,5.1000000000000005,222899.0,116249.329,0.996168582375479,,0.0
2025-10-15,5.19,5.23,5.25,5.12,116785.0,61003.007,0.9961904761904764,,0.0
2025-10-16,5.2,5.170000000000001,5.29,5.140000000000001,153662.64,80285.709,0.996146435452794,,0.0
2025-10-17,5.170000000000001,5.08,5.19,5.0600000000000005,193010.79,99150.107,0.9960784313725491,,0.0
2025-10-20,5.1000000000000005,5.08,5.16,5.0600000000000005,106625.0,54614.395,0.9960784313725491,,0.0
2025-10-21,5.1000000000000005,5.210000000000001,5.23,5.050000000000001,137131.0,71206.509,0.9961759082217974,,0.0
2025-10-22,5.19,5.15,5.210000000000001,5.130000000000001,106949.0,55456.675,0.9961315280464218,,0.0
2025-10-23,5.140000000000001,5.12,5.170000000000001,5.0600000000000005,122368.0,62582.32,0.9961089494163424,,0.0
2025-10-24,5.12,5.08,5.16,5.050000000000001,138035.71,70583.137,0.9960784313725491,,0.0
2025-10-27,5.07,4.970000000000001,5.08,4.930000000000001,183598.0,91901.259,0.995991983967936,,0.0
2025-10-28,4.970000000000001,4.890000000000001,5.03,4.880000000000001,156244.31,77611.179,0.9959266802443992,,0.0
2025-10-29,4.880000000000001,4.82,4.91,4.7700000000000005,193444.25,93553.154,0.9958677685950414,,0.0
2025-10-30,4.79,4.710000000000001,4.79,4.69,167342.0,79469.234,0.9957716701902748,,0.0
2025-10-31,4.710000000000001,4.760000000000001,4.800000000000001,4.65,140111.71,66807.917,0.99581589958159,,0.0
2025-11-03,4.7700000000000005,4.79,4.8100000000000005,4.7,144162.2,68734.967,0.995841995841996,,0.0
2025-11-04,4.78,4.7700000000000005,4.86,4.74,145246.86,69872.704,0.9958246346555324,,0.0
2025-11-05,4.760000000000001,4.8500000000000005,4.86,4.7,141656.69,68445.334,0.995893223819302,,0.0
2025-11-06,4.8500000000000005,4.800000000000001,4.86,4.7700000000000005,104477.0,50336.212,0.9958506224066392,,0.0
2025-11-07,4.800000000000001,4.8100000000000005,4.87,4.7700000000000005,122218.87,59285.422,0.9958592132505176,,0.0
2025-11-10,4.8500000000000005,5.090000000000001,5.29,4.8500000000000005,615541.13,317366.154,0.9960861056751468,,0.0
2025-11-11,5.11,5.0600000000000005,5.170000000000001,5.0600000000000005,331126.54,169759.553,0.9960629921259844,,0.0
2025-11-12,5.07,5.010000000000001,5.130000000000001,4.98,193984.11,98155.518,0.996023856858847,,0.0
2025-11-13,5.05,5.08,5.16,4.96,161064.11,81457.67,1.0,,0.0
2025-11-14,5.07,5.09,5.18,5.05,165740.34,84884.502,1.0,,0.0
2025-11-17,5.06,5.14,5.17,5.01,151433.01,76878.837,1.0,,0.0
2025-11-18,5.13,5.06,5.13,5.01,150988.32,76253.552,1.0,,0.0
2025-11-19,5.04,4.76,5.06,4.72,228896.7,110371.009,1.0,,0.0
2025-11-20,4.78,4.79,4.83,4.65,170551.0,81019.371,1.0,,0.0
2025-11-21,4.75,4.5,4.8,4.49,205731.0,94465.53,1.0,,0.0
2025-11-24,4.51,4.65,4.7,4.51,150042.8,69523.969,1.0,,0.0
2025-11-25,4.66,4.66,4.71,4.63,112268.0,52511.788,1.0,,0.0
2025-11-26,4.65,4.55,4.7,4.54,128082.0,58950.918,1.0,,0.0
2025-11-27,4.54,4.61,4.62,4.49,120320.15,54823.573,1.0,,0.0
2025-11-28,4.64,4.95,5.07,4.61,552684.61,271406.785,1.0,,0.0
2025-12-01,5.0,5.06,5.19,4.99,399448.98,203468.936,1.0,,0.0
2025-12-02,5.08,5.14,5.24,5.07,332872.76,170932.887,1.0,,0.0
2025-12-03,5.11,5.09,5.2,5.02,273468.56,139432.353,1.0,,0.0
2025-12-04,5.08,5.01,5.13,4.95,200548.0,100789.749,1.0,,0.0
2025-12-05,5.0,5.04,5.2,4.91,270352.56,137202.811,1.0,,0.0
2025-12-08,5.04,5.07,5.1,5.02,168352.82,85259.362,1.0,,0.0
2025-12-09,5.05,4.94,5.1,4.91,160453.81,80098.956,1.0,,0.0
2025-12-10,4.94,4.81,4.95,4.79,182298.56,88440.86,1.0,,0.0
2025-12-11,4.84,4.81,4.88,4.71,177662.99,85130.403,1.0,,0.0
2025-12-12,4.82,4.72,4.82,4.69,139231.02,66208.946,1.0,,0.0
2025-12-15,4.71,4.87,5.02,4.69,229887.01,112461.782,1.0,,0.0
2025-12-16,4.85,4.81,4.94,4.81,125955.0,61205.98,1.0,,0.0
2025-12-17,4.81,4.84,4.89,4.7,165680.0,79146.108,1.0,,0.0
2025-12-18,4.84,4.8,4.94,4.77,157955.0,76809.28,1.0,,0.0
2025-12-19,4.78,4.88,4.88,4.77,111658.87,54039.455,1.0,,0.0
2025-12-22,4.87,4.92,5.06,4.85,142757.89,70838.925,1.0,,0.0
2025-12-23,4.89,4.77,4.91,4.76,151522.0,72766.339,1.0,,0.0
2025-12-24,4.78,4.75,4.79,4.71,109491.0,51876.587,1.0,,0.0
2025-12-25,4.76,4.75,4.79,4.66,127885.76,60543.292,1.0,,0.0
2025-12-26,4.71,4.69,4.75,4.66,121276.0,57086.885,1.0,,0.0
2025-12-29,4.68,4.75,4.77,4.65,119766.0,56446.411,1.0,,0.0
2025-12-30,4.72,4.63,4.74,4.6,153093.26,71152.196,1.0,,0.0
2025-12-31,4.64,4.71,4.71,4.59,128357.65,59941.342,1.0,,0.0
2026-01-05,4.71,4.75,4.76,4.66,133429.0,62807.616,1.0,,0.0
2026-01-06,4.75,4.76,4.85,4.73,127798.0,61031.135,1.0,,0.0
2026-01-07,4.76,4.71,4.82,4.69,128376.01,60875.664,1.0,,0.0
2026-01-08,4.69,4.73,4.75,4.68,102941.0,48588.657,1.0,,0.0
2026-01-09,4.73,4.72,4.75,4.67,106911.0,50283.083,1.0,,0.0
2026-01-12,4.73,4.78,4.83,4.72,194426.4,93091.144,1.0,,0.0
2026-01-13,4.77,4.8,4.85,4.74,287808.0,138056.021,1.0,,0.0
2026-01-14,4.8,4.69,4.85,4.67,262622.02,125143.848,1.0,,0.0
2026-01-15,4.71,4.58,4.72,4.58,158802.0,73443.93,1.0,,0.0
2026-01-16,4.59,4.54,4.62,4.54,133894.1,61058.268,1.0,,0.0
2026-01-19,4.53,4.67,4.68,4.53,122938.85,56794.248,1.0,,0.0
2026-01-20,4.68,4.69,4.81,4.65,146243.0,69000.194,1.0,,0.0
2026-01-21,4.65,4.73,4.79,4.61,122189.64,57626.618,1.0,,0.0
2026-01-22,4.75,4.75,4.76,4.68,96943.0,45862.576,1.0,,0.0
2026-01-23,4.74,4.97,4.97,4.71,326896.0,158504.68,1.0,,0.0
2026-01-26,4.98,4.83,4.99,4.78,192368.16,93739.016,1.0,,0.0
2026-01-27,4.82,4.76,4.85,4.64,171407.0,80988.256,1.0,,0.0
2026-01-28,4.73,4.73,4.82,4.7,122770.0,58284.879,1.0,,0.0
2026-01-29,4.74,4.74,4.84,4.68,180380.0,86118.922,1.0,,0.0
2026-01-30,4.71,4.78,4.83,4.63,195201.02,92120.173,1.0,,0.0
2026-02-02,4.65,4.55,4.78,4.55,225978.97,105257.527,1.0,,0.0
2026-02-03,4.55,4.53,4.61,4.49,154352.0,69950.862,1.0,,0.0
2026-02-04,4.55,4.61,4.63,4.5,139630.15,64067.376,1.0,,0.0
2026-02-05,4.6,4.55,4.65,4.54,107828.0,49493.73,1.0,,0.0
2026-02-06,4.54,4.54,4.62,4.51,144045.1,65732.066,1.0,,0.0
2026-02-09,4.57,4.6,4.66,4.55,131627.08,60610.742,1.0,,0.0
2026-02-10,4.59,4.82,4.9,4.54,377937.09,180067.947,1.0,,0.0
2026-02-11,4.82,4.72,4.84,4.69,166409.0,78812.721,1.0,,0.0
2026-02-12,4.79,4.71,4.86,4.67,277385.0,132137.386,1.0,,0.0
2026-02-13,4.71,4.58,4.74,4.56,172219.0,79658.337,1.0,,0.0
2026-02-24,4.58,4.55,4.62,4.54,172943.0,79004.851,1.0,,0.0
2026-02-25,4.55,4.6,4.66,4.55,157734.07,72597.469,1.0,,0.0
2026-02-26,4.6,4.53,4.6,4.49,202352.0,91715.956,1.0,,0.0
2026-02-27,4.52,4.55,4.55,4.49,114381.0,51635.497,1.0,,0.0
2026-03-02,4.49,4.33,4.49,4.29,217629.0,95144.063,1.0,,0.0
2026-03-03,4.33,4.26,4.4,4.25,140620.62,60901.778,1.0,,0.0
2026-03-04,4.22,4.22,4.28,4.18,105548.9,44598.684,1.0,,0.0
2026-03-05,4.28,4.33,4.34,4.2,191016.45,81491.888,1.0,,0.0
2026-03-06,4.32,4.34,4.37,4.28,99945.0,43322.349,1.0,,0.0
2026-03-09,4.3,4.29,4.34,4.26,101563.0,43595.861,1.0,,0.0
2026-03-10,4.31,4.36,4.38,4.3,85269.01,37063.232,1.0,,0.0
2026-03-11,4.38,4.35,4.46,4.32,117987.4,51691.37,1.0,,0.0
2026-03-12,4.35,4.28,4.36,4.26,110389.0,47436.36,1.0,,0.0
2026-03-13,4.28,4.21,4.3,4.2,115319.6,49117.943,1.0,,0.0
2026-03-16,4.22,4.25,4.27,4.2,100684.1,42621.974,1.0,,0.0
2026-03-17,4.27,4.17,4.3,4.16,111446.1,47049.841,1.0,,0.0
2026-03-18,4.16,4.17,4.19,4.1,100437.0,41577.587,1.0,,0.0
2026-03-19,4.14,4.06,4.16,4.06,102315.0,41913.513,1.0,,0.0
2026-03-20,4.06,4.02,4.12,4.01,103042.67,41794.854,1.0,,0.0
2026-03-23,4.0,3.76,4.01,3.72,177436.0,68435.914,1.0,,0.0
2026-03-24,3.82,4.02,4.03,3.81,192787.88,75475.668,1.0,,0.0
2026-03-25,4.02,4.14,4.16,4.0,144285.87,59201.407,1.0,,0.0
2026-03-26,4.12,4.09,4.15,4.05,116094.0,47453.466,1.0,,0.0
2026-03-27,4.05,4.1,4.12,4.03,78514.2,32073.906,1.0,,0.0
2026-03-30,4.06,4.04,4.11,4.0,103587.0,41870.259,1.0,,0.0
2026-03-31,4.06,4.0,4.12,3.99,85808.0,34810.555,1.0,,0.0
2026-04-01,4.06,4.01,4.07,3.97,85918.0,34396.481,1.0,,0.0
2026-04-02,4.0,3.94,4.02,3.9,79537.0,31459.156,1.0,,0.0
2026-04-03,3.92,3.8,3.94,3.78,92846.0,35571.637,1.0,,0.0
2026-04-07,3.81,3.9,3.92,3.77,138186.0,53205.324,1.0,,0.0
2026-04-08,3.91,4.01,4.01,3.91,99885.0,39702.256,1.0,,0.0
2026-04-09,3.99,3.9,4.0,3.88,88030.53,34540.723,1.0,,0.0
2026-04-10,3.92,3.96,4.0,3.9,82410.0,32715.806,1.0,,0.0
2026-04-13,3.99,3.9,4.05,3.86,185760.35,73047.497,1.0,,0.0
2026-04-14,3.9,3.87,3.94,3.81,119199.96,45955.887,1.0,,0.0
2026-04-15,3.89,3.78,3.89,3.77,94316.0,35966.001,1.0,,0.0
2026-04-16,3.79,3.85,3.87,3.75,109987.11,41959.402,1.0,,0.0
2026-04-17,3.84,3.77,3.85,3.74,119973.0,45245.166,1.0,,0.0
2026-04-20,3.77,3.8,3.82,3.73,97262.0,36785.299,1.0,,0.0
2026-04-21,3.8,3.78,3.82,3.72,125147.5,47142.854,1.0,,0.0
2026-04-22,3.8,4.16,4.16,3.75,399329.9,162337.087,1.0,,0.0
2026-04-23,4.24,4.58,4.58,4.2,1004453.11,444036.52,1.0,,0.0
2026-04-24,4.9,4.3,4.9,4.28,1223756.84,565372.486,1.0,,0.0
2026-04-27,4.19,4.35,4.49,4.15,784489.33,337784.911,1.0,,0.0
2026-04-28,4.11,4.19,4.33,4.11,637307.58,268015.88,1.0,,0.0
2026-04-29,4.17,4.04,4.17,4.01,517609.6,210358.363,1.0,,0.0
2026-04-30,4.06,4.44,4.44,4.04,538772.31,233598.761,1.0,,0.0
2026-05-06,4.44,4.51,4.63,4.35,931581.19,418132.489,1.0,,0.0
2026-05-07,4.54,4.54,4.61,4.47,582760.89,264675.972,1.0,,0.0
2026-05-08,4.59,4.6,4.69,4.5,524229.25,242231.18,1.0,,0.0
2026-05-11,4.67,4.58,4.68,4.46,435003.0,198369.797,1.0,,0.0
2026-05-12,4.55,4.46,4.58,4.42,331190.0,148848.698,1.0,,0.0
2026-05-13,4.49,4.53,4.62,4.45,308398.01,140594.844,1.0,,0.0
2026-05-14,4.58,4.46,4.59,4.38,398191.0,178109.576,1.0,,0.0
2026-05-15,4.46,4.37,4.51,4.33,254865.02,112359.823,1.0,,0.0
2026-05-18,4.34,4.46,4.46,4.27,284033.49,123604.241,1.0,,0.0
2026-05-19,4.42,4.63,4.66,4.42,354562.0,161397.642,1.0,,0.0
2026-05-20,4.62,4.6,4.67,4.51,272031.1,124850.707,1.0,,0.0
2026-05-21,4.58,4.54,4.78,4.52,378977.01,176734.571,1.0,,0.0
2026-05-22,4.54,4.55,4.6,4.44,208302.0,93915.335,1.0,,0.0
2026-05-25,4.5,4.51,4.72,4.47,287224.01,130912.631,1.0,,0.0
2026-05-26,4.48,4.42,4.65,4.36,249268.0,111487.941,1.0,,0.0
2026-05-27,4.37,4.4,4.47,4.34,210800.0,92665.928,1.0,,0.0
2026-05-28,4.37,4.4,4.49,4.29,210428.82,92251.837,1.0,,0.0
2026-05-29,4.36,4.23,4.4,4.2,187761.0,80606.138,1.0,,0.0
2026-06-01,4.2,4.35,4.39,4.18,158636.0,68582.093,1.0,,0.0
2026-06-02,4.34,4.22,4.63,4.19,281292.78,122595.309,1.0,,0.0
2026-06-03,4.12,4.11,4.2,4.06,220310.01,90637.857,1.0,,0.0
2026-06-04,4.11,3.95,4.11,3.91,195014.6,77667.427,1.0,,0.0
2026-06-05,3.94,3.9,4.03,3.84,159071.0,62208.065,1.0,,0.0
2026-06-08,3.84,3.86,4.02,3.77,184860.0,71807.466,1.0,,0.0
2026-06-09,3.86,3.78,3.94,3.74,132391.8,50099.789,1.0,,0.0
2026-06-10,3.78,3.76,4.07,3.66,267490.7,102334.668,1.0,,0.0
2026-06-11,3.71,3.69,3.81,3.61,202405.01,75288.958,1.0,,0.0
2026-06-12,3.7,3.65,3.77,3.63,203068.0,75080.032,1.0,,0.0
2026-06-15,3.64,3.65,3.7,3.59,170349.49,61889.467,1.0,,0.0
2026-06-16,3.64,4.02,4.02,3.55,301608.09,115200.213,1.0,,0.0
2026-06-17,4.03,3.94,4.04,3.83,283171.1,110613.082,1.0,,0.0
2026-06-18,3.89,3.77,4.01,3.75,194067.81,74821.01,1.0,,0.0
2026-06-22,3.8,3.76,3.81,3.62,167682.0,61976.806,1.0,,0.0
2026-06-24,3.76,3.51,3.76,3.48,291219.0,103991.2,1.0,,0.0
2026-06-25,3.55,3.62,3.72,3.41,278902.6,99203.375,1.0,,0.0
2026-06-26,3.65,3.52,3.66,3.49,183918.0,65144.304,1.0,,0.0
2026-06-29,3.52,3.46,3.54,3.37,165362.48,56792.218,1.0,,0.0
2026-06-30,3.53,3.54,3.71,3.44,208176.0,73940.189,1.0,,0.0
2026-07-01,3.56,3.65,3.75,3.51,212735.0,77685.081,1.0,,0.0
2026-07-03,3.71,3.85,3.91,3.71,179013.0,68331.314,1.0,,0.0
2026-07-06,3.85,3.7,3.89,3.68,175011.6,65666.067,1.0,,0.0
2026-07-07,3.69,3.68,3.77,3.63,132318.48,48933.973,1.0,,0.0
2026-07-08,3.69,3.56,3.7,3.53,107514.1,38582.451,1.0,,0.0
2026-07-09,3.53,3.57,3.69,3.53,116477.21,41899.315,1.0,,0.0
2026-07-10,3.56,3.72,3.83,3.49,182673.08,67814.948,1.0,,0.0
2026-07-14,3.56,3.56,3.61,3.45,122850.0,43409.625,1.0,,0.0
2026-07-15,3.53,3.65,3.72,3.51,130581.61,47613.717,1.0,,0.0
2026-07-16,3.68,3.68,3.75,3.61,118718.59,43857.122,1.0,,0.0
2026-07-17,3.65,3.57,3.74,3.51,139885.48,50793.72,1.0,,0.0
2026-07-20,3.56,3.56,3.65,3.47,172615.52,61462.172,1.0,,0.0
2026-07-21,3.57,3.46,3.58,3.36,178315.5,61499.213,1.0,,0.0
2026-07-22,3.45,3.46,3.53,3.41,97763.0,33997.605,1.0,,0.0
2026-07-23,3.44,3.58,3.59,3.44,111440.81,39319.935,1.0,,0.0
2026-07-24,3.55,3.42,3.59,3.42,98939.2,34326.014,1.0,,0.0
2026-07-27,3.41,3.5,3.51,3.4,78767.0,27390.421,1.0,,0.0
2026-07-28,3.6,3.56,3.62,3.52,105561.5,37799.768,1.0,,0.0
2026-07-29,3.51,3.64,3.69,3.51,127739.0,46342.078,1.0,,0.0
2026-07-30,3.64,3.53,3.72,3.53,126093.0,45562.423,1.0,,0.0
2026-07-31,3.6,3.73,3.75,3.58,155012.99,56970.472,1.0,,0.0
2026-08-03,3.73,3.77,3.8,3.7,91383.0,34348.351,1.0,,0.0
2026-08-04,3.79,3.78,3.8,3.74,71967.0,27164.39,1.0,,0.0
2026-08-05,3.87,3.82,3.87,3.78,121289.01,46304.586,1.0,,0.0
2026-08-06,3.8,3.81,3.88,3.76,97111.0,36988.844,1.0,,0.0
2026-08-07,3.8,3.77,3.81,3.69,103464.0,38699.438,1.0,,0.0
2026-08-10,3.79,3.85,3.86,3.73,121192.92,46296.381,1.0,,0.0
2026-08-11,3.82,3.89,3.94,3.82,126715.0,49267.796,1.0,,0.0
2026-08-12,3.92,3.97,3.99,3.88,132010.0,51977.546,1.0,1.5637,0.0
2026-08-13,3.95,3.94,3.98,3.91,105952.76,41845.886,1.0,1.26,0.0
2026-08-14,4.06,4.01,4.06,3.9,155215.0,61717.495,1.0,1.84,0.0
2026-08-17,3.98,4.02,4.03,3.88,125470.0,49889.739,1.0,0.0,0.0
2026-08-18,4.02,3.95,4.02,3.93,77995.0,30964.815,1.0,0.0,0.0
2026-08-19,3.91,3.74,3.93,3.73,119980.0,45547.939,1.0,0.0,0.0
2026-08-20,3.78,3.88,3.9,3.77,111262.04,42844.205,1.0,1.318,1.318
2026-08-21,3.88,3.85,3.88,3.78,65978.04,25290.099,1.0,0.7816,0.7816
2026-08-24,3.87,3.81,3.9,3.78,62931.0,24068.689,1.0,0.7455,0.7455
2026-08-25,3.81,3.9,3.92,3.8,92830.0,35942.859,1.0,1.0996,1.0996
2026-08-26,3.88,3.92,3.95,3.87,72612.2,28430.955,1.0,0.8601,0.8601
2026-08-27,3.97,3.91,3.97,3.88,87516.0,34292.521,1.0,1.0367,1.0367
2026-08-28,3.88,3.95,3.99,3.88,144244.0,56946.937,1.0,1.7087,1.7087
2026-08-31,3.98,3.95,3.98,3.89,103242.0,40623.284,1.0,1.223,1.223
2026-09-01,3.95,4.02,4.04,3.95,122947.72,49374.515,1.0,1.4564,1.4564
2026-09-02,4.05,3.98,4.05,3.93,103091.37,40955.348,1.0,1.2212,1.2212
2026-09-03,4.0,3.95,4.04,3.94,111001.0,44258.228,1.0,1.3149,1.3149
2026-09-04,3.98,3.92,4.03,3.9,138043.0,54834.877,1.0,1.6352,1.6352
2026-09-07,3.92,3.94,4.0,3.91,92978.0,36865.38,1.0,1.1014,1.1014
2026-09-08,3.93,3.98,3.99,3.92,75954.0,30088.673,1.0,0.8997,0.8997
2026-09-09,3.98,3.91,3.99,3.9,98092.01,38533.126,1.0,1.162,1.162
2026-09-10,3.92,3.87,3.95,3.86,109209.0,42523.536,1.0,1.2936,1.2936
2026-09-11,3.86,3.76,3.86,3.7,112642.0,42386.273,1.0,1.3343,1.3343
2026-09-14,3.76,3.83,3.95,3.75,164327.0,62803.093,1.0,1.9466,1.9466
2026-09-15,3.8,3.69,3.84,3.69,114235.0,42844.211,1.0,1.3532,1.3532
2026-09-16,3.95,3.76,3.95,3.71,317130.63,120302.764,1.0,3.7566,3.7566
2026-09-17,3.64,3.72,3.72,3.6,251915.99,92044.607,1.0,2.9841,2.9841
2026-09-18,3.7,3.69,3.78,3.68,141480.56,52593.055,1.0,1.6759,1.6759
