date,open,close,high,low,volume,money,factor,turnover,turnover_free
2021-05-10,5.922000000000001,6.0120000000000005,6.032,5.922000000000001,52836.74,31924.332,0.9888157894736844,,0.0
2021-05-11,6.0120000000000005,5.952,6.062,5.932,49732.18,30017.412,0.9887043189368772,,0.0
2021-05-12,5.952,5.982,6.0120000000000005,5.882000000000001,36996.42,22287.26,0.9887603305785124,,0.0
2021-05-13,6.032,6.2620000000000005,6.282,5.992,204922.33,128180.857,0.9892575039494472,,0.0
2021-05-14,6.252000000000001,5.922000000000001,6.252000000000001,5.882000000000001,226773.68,138460.124,0.9886477462437396,,0.0
2021-05-17,5.882000000000001,5.702,5.882000000000001,5.5520000000000005,169060.13,97118.787,0.988214904679376,,0.0
2021-05-18,5.652,5.792000000000001,5.912000000000001,5.652,76302.75,44665.814,0.98839590443686,,0.0
2021-05-19,5.772,5.932,6.0520000000000005,5.662000000000001,146494.98,86635.459,0.9886666666666668,,0.0
2021-05-20,5.892,5.832000000000001,5.982,5.822,66354.59,39443.813,0.9884745762711864,,0.0
2021-05-21,5.852,5.892,5.912000000000001,5.822,43062.87,25533.517,0.9885906040268456,,0.0
2021-05-24,5.892,5.8420000000000005,5.952,5.782,65453.87,38706.123,0.9884940778341794,,0.0
2021-05-25,5.852,6.032,6.042000000000001,5.822,131189.42,79157.605,0.9888524590163936,,0.0
2021-05-26,6.022,5.992,6.062,5.962000000000001,51011.63,30993.656,0.9887788778877888,,0.0
2021-05-27,5.962000000000001,6.082000000000001,6.112,5.952,104680.94,64025.734,0.9889430894308944,,0.0
2021-05-28,6.082000000000001,6.022,6.182,5.992,72840.52,44732.565,0.9888341543513958,,0.0
2021-05-31,6.062,6.482,6.572,6.0120000000000005,345090.31,222138.358,0.9896183206106872,,0.0
2021-06-01,6.532,7.062,7.132000000000001,6.532,480706.96,334517.282,0.9904628330995792,,0.0
2021-06-02,6.962000000000001,7.062,7.162000000000001,6.832000000000001,334866.44,237363.997,0.9904628330995792,,0.0
2021-06-03,7.232,7.622000000000001,7.682,7.072,392021.52,296100.09,0.9911573472041612,,0.0
2021-06-04,7.732,7.322,7.862,7.202,305022.83,227991.609,0.9907983761840324,,0.0
2021-06-07,7.562,7.552,7.782,7.492,321484.12,247637.18,0.9910761154855644,,0.0
2021-06-08,7.612,7.432,7.612,7.392,197817.59,149053.461,0.9909333333333332,,0.0
2021-06-09,7.472,7.392,7.562,7.332000000000001,111641.63,83708.112,0.9908847184986596,,0.0
2021-06-10,7.392,7.122000000000001,7.392,7.062,175292.91,126785.229,0.9905424200278165,,0.0
2021-06-11,7.172000000000001,6.972,7.402,6.972,174665.77,126616.66,0.9903409090909092,,0.0
2021-06-15,7.062,6.922000000000001,7.132000000000001,6.912000000000001,121380.0,85635.084,0.990271816881259,,0.0
2021-06-16,6.932,6.712000000000001,6.982,6.692,98960.87,68106.789,0.9899705014749264,,0.0
2021-06-17,6.792000000000001,6.752000000000001,6.8420000000000005,6.692,67238.17,46008.026,0.9900293255131966,,0.0
2021-06-18,6.772,6.662000000000001,6.772,6.582000000000001,95117.78,64064.27,0.9898959881129272,,0.0
2021-06-21,6.652,6.742,6.952,6.622000000000001,118607.78,81393.574,0.990014684287812,,0.0
2021-06-22,6.752000000000001,6.7620000000000005,6.972,6.642,97472.51,66731.301,0.9900439238653002,,0.0
2021-06-23,6.652,6.562,6.8020000000000005,6.522,151185.79,100964.673,0.9897435897435898,,0.0
2021-06-24,6.532,6.542000000000001,6.652,6.372000000000001,106433.2,69934.63,0.989712556732224,,0.0
2021-06-25,6.602,6.382000000000001,6.602,6.352,96153.0,62293.41,0.9894573643410852,,0.0
2021-06-28,6.382000000000001,6.542000000000001,6.702,6.352,99789.85,66070.784,0.989712556732224,,0.0
2021-06-29,6.542000000000001,6.412000000000001,6.692,6.402,68077.0,44601.713,0.9895061728395064,,0.0
2021-06-30,6.432,6.542000000000001,6.5920000000000005,6.372000000000001,80638.38,53002.366,0.989712556732224,,0.0
2021-07-01,6.532,6.732,6.812,6.502000000000001,161371.97,109322.463,0.99,,0.0
2021-07-02,6.822,6.322,6.822,6.322,160765.01,106270.897,0.989358372456964,,0.0
2021-07-05,6.392,6.142,6.502000000000001,6.032,153905.43,96229.052,0.989049919484702,,0.0
2021-07-06,6.152,5.952,6.202,5.862,137173.0,82942.775,0.9887043189368772,,0.0
2021-07-07,5.982,5.872000000000001,6.0520000000000005,5.852,104266.21,62551.641,0.9885521885521886,,0.0
2021-07-08,5.912000000000001,5.8020000000000005,5.912000000000001,5.712000000000001,99835.4,58582.186,0.9884156729131176,,0.0
2021-07-09,5.812,6.0520000000000005,6.082000000000001,5.752000000000001,121689.97,73187.123,0.9888888888888888,,0.0
2021-07-12,6.032,6.282,6.372000000000001,5.982,150139.21,95124.14,0.9892913385826771,,0.0
2021-07-13,6.312,6.172000000000001,6.3420000000000005,6.112,88763.14,55444.669,0.989102564102564,,0.0
2021-07-14,6.152,6.132000000000001,6.222,6.0920000000000005,68237.12,42468.575,0.9890322580645162,,0.0
2021-07-15,6.0680000000000005,6.008,6.148000000000001,5.958,73142.87,44486.018,0.9914191419141914,,0.0
2021-07-16,6.008,6.1080000000000005,6.158,6.008,50480.32,31048.352,0.9915584415584416,,0.0
2021-07-19,6.1080000000000005,6.308000000000001,6.338,6.088,141221.62,88847.19,0.9918238993710692,,0.0
2021-07-20,6.368,6.248,6.368,6.148000000000001,77367.71,48574.968,0.9917460317460318,,0.0
2021-07-21,6.268000000000001,6.118,6.328,6.048,111664.31,69422.48,0.9915721231766612,,0.0
2021-07-22,6.1080000000000005,6.118,6.148000000000001,6.0280000000000005,65763.29,40313.444,0.9915721231766612,,0.0
2021-07-23,6.048,6.158,6.238,6.018000000000001,85851.0,52945.541,0.9916264090177136,,0.0
2021-07-26,6.128,6.598000000000001,6.658,6.0280000000000005,239567.17,155588.833,0.9921804511278196,,0.0
2021-07-27,6.508,6.678000000000001,6.908,6.458,233871.97,158707.684,0.9922734026745914,,0.0
2021-07-28,6.618,6.578,6.688000000000001,6.148000000000001,122639.25,79401.115,0.992156862745098,,0.0
2021-07-29,6.548,6.678000000000001,6.698,6.478000000000001,120977.5,80218.592,0.9922734026745914,,0.0
2021-07-30,6.678000000000001,6.898000000000001,7.018000000000001,6.598000000000001,153440.71,105915.733,0.9925179856115108,,0.0
2021-08-02,6.988,6.928000000000001,7.098000000000001,6.808000000000001,138345.17,96418.4,0.9925501432664756,,0.0
2021-08-03,6.928000000000001,6.938000000000001,7.088,6.808000000000001,124448.88,86771.55,0.9925608011444922,,0.0
2021-08-04,6.928000000000001,7.238,7.248,6.908,186858.32,133797.123,0.9928669410150892,,0.0
2021-08-05,7.328,7.688000000000001,7.968,7.258,459929.87,361506.099,0.99328165374677,,0.0
2021-08-06,7.648000000000001,7.848000000000001,7.908,7.518000000000001,255816.45,200393.214,0.9934177215189874,,0.0
2021-08-09,7.698,8.088000000000001,8.258000000000001,7.698,250518.9,203370.15,0.9936117936117936,,0.0
2021-08-10,8.088000000000001,7.698,8.198,7.448,330219.42,258541.763,0.9932903225806452,,0.0
2021-08-11,7.568,7.798,7.858,7.398000000000001,204761.45,156978.32,0.993375796178344,,0.0
2021-08-12,7.888000000000001,8.178,8.348,7.888000000000001,209262.81,170872.686,0.993681652490887,,0.0
2021-08-13,8.088000000000001,8.028,8.138,7.858,151517.0,121182.504,0.9935643564356436,,0.0
2021-08-16,8.028,7.788,8.078000000000001,7.738,142876.08,113099.892,0.9933673469387756,,0.0
2021-08-17,7.878,7.798,8.008000000000001,7.678000000000001,115936.62,91302.417,0.993375796178344,,0.0
2021-08-18,7.788,7.658,7.788,7.548,104162.06,80013.215,0.9932555123216602,,0.0
2021-08-19,7.648000000000001,7.928000000000001,7.948,7.638000000000001,117366.11,92686.07,0.993483709273183,,0.0
2021-08-20,7.908,7.918,7.998000000000001,7.638000000000001,97574.27,76811.009,0.9934755332496864,,0.0
2021-08-23,7.948,8.608,8.668000000000001,7.938000000000001,345306.2,293022.468,0.9939953810623556,,0.0
2021-08-24,8.788,8.798,9.028,8.678,278745.56,247879.483,0.9941242937853108,,0.0
2021-08-25,8.798,8.728,8.848,8.558,134595.65,117812.969,0.9940774487471526,,0.0
2021-08-26,8.738,8.908000000000001,8.968,8.588000000000001,156205.1,138654.712,0.9941964285714286,,0.0
2021-08-27,8.968,8.738,8.998000000000001,8.628,169781.52,150309.44,0.9940841865756542,,0.0
2021-08-30,8.548,9.008,9.128,8.348,191414.79,170117.821,0.9942604856512142,,0.0
2021-08-31,8.988,8.928,9.208,8.898,138292.61,125552.202,0.9942093541202672,,0.0
2021-09-01,8.748000000000001,8.838000000000001,9.338,8.688,197570.84,178806.889,0.9941507311586052,,0.0
2021-09-02,8.948,9.048,9.138,8.868,142931.65,129406.254,0.9942857142857144,,0.0
2021-09-03,9.048,9.098,9.478,8.888,162079.64,149492.178,0.9943169398907103,,0.0
2021-09-06,9.018,9.228,9.348,8.898,171332.34,157476.783,0.994396551724138,,0.0
2021-09-07,9.268,9.528,9.548,9.138,193128.61,183250.801,0.994572025052192,,0.0
2021-09-08,9.538,9.458,9.748,9.218,165842.14,157309.052,0.9945320715036804,,0.0
2021-09-09,9.448,10.008,10.198,9.448,290664.58,289776.158,0.9948310139165012,,0.0
2021-09-10,9.998,8.998000000000001,10.008,8.998000000000001,372703.9,355572.543,0.9942541436464089,,0.0
2021-09-13,8.548,9.148,9.348,8.548,398007.07,362324.664,0.9943478260869566,,0.0
2021-09-14,9.028,9.098,9.468,8.998000000000001,211961.63,196016.617,0.9943169398907103,,0.0
2021-09-15,9.118,9.498,9.568,9.058,192599.85,181112.018,0.9945549738219897,,0.0
2021-09-16,9.498,10.098,10.328,9.388,423703.82,422337.876,0.9948768472906404,,0.0
2021-09-23,10.048,9.088,10.048,9.088,164031.0,152574.91,0.9943107221006564,,0.0
2021-09-24,8.178,8.358,8.778,8.178,413849.66,352084.776,0.9938168846611176,,0.0
2021-09-27,8.168000000000001,7.998000000000001,8.738,7.828,240819.36,200477.095,0.9935403726708076,,0.0
2021-09-28,7.898000000000001,8.198,8.318,7.898000000000001,166691.47,136324.148,0.9936969696969696,,0.0
2021-09-29,8.188,7.878,8.358,7.848000000000001,129637.31,105558.006,0.9934426229508198,,0.0
2021-09-30,7.918,8.298,8.448,7.918,163624.29,135452.626,0.9937724550898204,,0.0
2021-10-08,8.298,8.168000000000001,8.568,8.108,128019.03,106497.252,0.9936739659367396,,0.0
2021-10-11,8.168000000000001,7.698,8.238,7.608,174236.02,136426.679,0.9932903225806452,,0.0
2021-10-12,7.708,7.768000000000001,7.998000000000001,7.638000000000001,132532.18,104201.815,0.9933503836317136,,0.0
2021-10-13,7.818,7.618,7.848000000000001,7.448,93936.04,71703.897,0.993220338983051,,0.0
2021-10-14,7.638000000000001,7.478000000000001,7.638000000000001,7.348000000000001,72335.11,54617.699,0.9930942895086322,,0.0
2021-10-15,7.618,7.438000000000001,7.618,7.378,67861.0,51128.576,0.9930574098798398,,0.0
2021-10-18,7.438000000000001,7.488,7.638000000000001,7.388000000000001,78060.21,59014.351,0.9931034482758622,,0.0
2021-10-19,7.638000000000001,7.418,7.658,7.418,75896.21,57156.32,0.9930388219544848,,0.0
2021-10-20,7.418,7.238,7.498,7.148000000000001,97940.77,71638.251,0.9928669410150892,,0.0
2021-10-21,7.248,7.308000000000001,7.508,7.228000000000001,105357.0,78262.99,0.9929347826086956,,0.0
2021-10-22,7.308000000000001,7.128,7.348000000000001,7.058000000000001,94668.49,68462.626,0.992757660167131,,0.0
2021-10-25,7.138000000000001,7.718,7.768000000000001,7.078,167897.37,127292.1,0.9933075933075932,,0.0
2021-10-26,7.728000000000001,8.038,8.258000000000001,7.608,193988.08,156821.645,0.9935723114956736,,0.0
2021-10-27,8.138,8.038,8.198,7.888000000000001,84917.81,68591.032,0.9935723114956736,,0.0
2021-10-28,7.978,7.878,8.048,7.788,83288.2,66238.147,0.9934426229508198,,0.0
2021-10-29,7.778,8.098,8.218,7.778,84992.5,68942.11,0.9936196319018404,,0.0
2021-11-01,8.148,7.998000000000001,8.248000000000001,7.958,68072.32,55250.032,0.9935403726708076,,0.0
2021-11-02,8.048,7.898000000000001,8.088000000000001,7.828,78278.66,62795.034,0.9934591194968554,,0.0
2021-11-03,7.748,8.098,8.188,7.748,78448.3,63356.926,0.9936196319018404,,0.0
2021-11-04,8.108,8.438,8.488,8.018,134182.73,111645.029,0.9938751472320376,,0.0
2021-11-05,8.388,8.848,8.998000000000001,8.388,198326.0,176292.862,0.9941573033707866,,0.0
2021-11-08,8.798,8.798,9.018,8.548,90090.2,79288.534,0.9941242937853108,,0.0
2021-11-09,8.798,8.918000000000001,9.058,8.698,105504.28,94414.923,0.9942028985507246,,0.0
2021-11-10,8.918000000000001,8.938,9.068,8.848,101226.0,91232.362,0.9942157953281424,,0.0
2021-11-11,8.918000000000001,8.848,9.208,8.818,103829.0,93280.072,0.9941573033707866,,0.0
2021-11-12,8.898,8.578000000000001,8.898,8.178,241328.16,206890.621,0.9939745075318656,,0.0
2021-11-15,8.498000000000001,8.498000000000001,8.658000000000001,8.298,150823.7,128152.128,0.9939181286549708,,0.0
2021-11-16,8.468,8.998000000000001,9.098,8.418000000000001,227484.54,203756.951,0.9942541436464089,,0.0
2021-11-17,8.968,8.748000000000001,9.048,8.738,151604.54,134529.523,0.9940909090909092,,0.0
2021-11-18,8.818,8.628,8.828000000000001,8.558,98138.53,85461.413,0.9940092165898616,,0.0
2021-11-19,8.618,8.738,8.848,8.478,83640.0,73044.38,0.9940841865756542,,0.0
2021-11-22,8.758000000000001,8.798,8.938,8.688,94005.12,83429.548,0.9941242937853108,,0.0
2021-11-23,8.768,8.618,8.808,8.568,92866.0,80953.053,0.9940023068050752,,0.0
2021-11-24,8.618,8.888,8.948,8.548,147741.45,130466.389,0.9941834451901568,,0.0
2021-11-25,8.848,8.978,9.128,8.818,158028.24,143077.742,0.9942414174972316,,0.0
2021-11-26,9.008,8.908000000000001,9.038,8.688,126319.0,112068.208,0.9941964285714286,,0.0
2021-11-29,8.888,9.338,9.338,8.818,219641.02,201308.518,0.9944621938232162,,0.0
2021-11-30,9.348,8.558,9.348,8.398,469055.66,411659.419,0.9939605110336818,,0.0
2021-12-01,8.488,8.318,8.528,8.148,213772.26,178241.506,0.9937873357228196,,0.0
2021-12-02,8.348,7.938000000000001,8.388,7.828,252313.12,204564.735,0.9934918648310388,,0.0
2021-12-03,7.918,7.948,8.078000000000001,7.608,180309.75,142187.727,0.9935,,0.0
2021-12-06,7.908,7.888000000000001,7.987999999999999,7.798,81838.47,65010.932,0.9934508816120908,,0.0
2021-12-07,7.798,7.728000000000001,7.928000000000001,7.688000000000001,90901.0,71118.71,0.9933161953727508,,0.0
2021-12-08,7.758,7.728000000000001,7.908,7.648000000000001,101068.79,79298.82,0.9933161953727508,,0.0
2021-12-09,7.758,7.788,7.888000000000001,7.758,92333.38,72657.013,0.9933673469387756,,0.0
2021-12-10,7.808000000000001,7.718,7.828,7.628,107662.97,83369.4,0.9933075933075932,,0.0
2021-12-13,7.798,7.788,7.868,7.728000000000001,96729.4,75864.746,0.9933673469387756,,0.0
2021-12-14,7.818,8.008000000000001,8.098,7.718,113763.24,91300.045,0.9935483870967744,,0.0
2021-12-15,8.078000000000001,7.898000000000001,8.108,7.868,112552.43,90406.768,0.9934591194968554,,0.0
2021-12-16,7.928000000000001,7.778,7.948,7.678000000000001,101507.91,79147.73,0.9933588761174968,,0.0
2021-12-17,7.778,7.638000000000001,7.868,7.608,92958.29,71930.246,0.9932379713914176,,0.0
2021-12-20,7.638000000000001,7.658,7.748,7.608,76420.55,59052.189,0.9932555123216602,,0.0
2021-12-21,7.658,7.718,7.718,7.458,103452.89,78987.506,0.9933075933075932,,0.0
2021-12-22,7.758,8.028,8.128,7.688000000000001,147699.41,118439.223,0.9935643564356436,,0.0
2021-12-23,8.018,7.818,8.028,7.778,100149.07,79268.536,0.9933926302414232,,0.0
2021-12-24,7.828,8.008000000000001,8.108,7.708,193976.15,155362.509,0.9935483870967744,,0.0
2021-12-27,7.948,8.398,8.408000000000001,7.928000000000001,286626.32,238168.939,0.993846153846154,,0.0
2021-12-28,8.408000000000001,8.338000000000001,8.468,8.148,147225.44,122782.835,0.9938021454112038,,0.0
2021-12-29,8.248000000000001,8.698,8.938,8.248000000000001,341891.51,301812.773,0.9940571428571428,,0.0
2021-12-30,8.648,8.768,8.868,8.508000000000001,196068.05,171691.704,0.9941043083900228,,0.0
2021-12-31,8.798,8.928,9.048,8.668000000000001,290290.05,259352.47,0.9942093541202672,,0.0
2022-01-04,9.158,8.958,9.158,8.758000000000001,267611.12,241662.786,0.9942286348501664,,0.0
2022-01-05,8.958,8.628,9.038,8.538,282817.92,248114.508,0.9940092165898616,,0.0
2022-01-06,8.768,8.858,8.988,8.588000000000001,200449.28,178053.513,0.9941638608305275,,0.0
2022-01-07,8.918000000000001,8.628,8.918000000000001,8.598,161478.64,142224.234,0.9940092165898616,,0.0
2022-01-10,8.628,8.678,8.858,8.578000000000001,117409.26,102998.769,0.9940435280641466,,0.0
2022-01-11,8.648,8.648,8.948,8.608,131260.72,115760.103,0.9940229885057472,,0.0
2022-01-12,8.798,8.688,8.868,8.638,119266.16,104556.56,0.994050343249428,,0.0
2022-01-13,8.638,8.558,8.778,8.488,97996.11,84599.868,0.9939605110336818,,0.0
2022-01-14,8.528,8.868,8.968,8.478,237040.96,210809.506,0.994170403587444,,0.0
2022-01-17,8.908000000000001,8.888,8.948,8.718,131524.0,117123.884,0.9941834451901568,,0.0
2022-01-18,8.808,7.998000000000001,8.848,7.998000000000001,237800.0,196828.646,0.9935403726708076,,0.0
2022-01-19,7.748,7.778,7.948,7.698,189101.97,148908.85,0.9933588761174968,,0.0
2022-01-20,7.808000000000001,7.578,8.048,7.548,151057.63,118528.719,0.9931847968545215,,0.0
2022-01-21,7.578,7.368,7.628,7.288,109023.18,81058.932,0.9929919137466308,,0.0
2022-01-24,7.408,7.168,7.428000000000001,7.118,81367.95,59242.192,0.992797783933518,,0.0
2022-01-25,7.188000000000001,6.978000000000001,7.228000000000001,6.788,109720.03,77139.987,0.9926031294452348,,0.0
2022-01-26,6.918,6.798,7.018000000000001,6.708,85114.12,58466.683,0.9924087591240875,,0.0
2022-01-27,6.798,6.548,6.828,6.518000000000001,80403.88,53932.874,0.9921212121212122,,0.0
2022-01-28,6.5680000000000005,6.8580000000000005,6.898000000000001,6.558000000000001,88773.53,60454.228,0.9924746743849494,,0.0
2022-02-07,6.898000000000001,6.8180000000000005,6.988,6.758,71215.1,49112.829,0.9924308588064048,,0.0
2022-02-08,6.808000000000001,7.078,7.098000000000001,6.748,77485.14,54315.182,0.9927068723702666,,0.0
2022-02-09,7.088,7.298,7.438000000000001,7.048,94053.16,68829.504,0.9929251700680272,,0.0
2022-02-10,7.238,7.248,7.418,7.168,62843.35,45949.365,0.9928767123287672,,0.0
2022-02-11,7.248,6.998,7.278,6.978000000000001,73271.77,52169.433,0.9926241134751772,,0.0
2022-02-14,7.0680000000000005,7.118,7.248,6.958,72218.8,51932.184,0.992747559274756,,0.0
2022-02-15,7.138000000000001,7.008,7.198,6.908,96800.79,68463.713,0.9926345609065156,,0.0
2022-02-16,7.048,6.938000000000001,7.078,6.888000000000001,71005.97,49657.51,0.9925608011444922,,0.0
2022-02-17,6.938000000000001,6.8180000000000005,6.978000000000001,6.768000000000001,80936.14,55609.763,0.9924308588064048,,0.0
2022-02-18,6.8180000000000005,6.878,6.898000000000001,6.738,58769.38,40430.506,0.9924963924963924,,0.0
2022-02-21,6.838,7.208,7.228000000000001,6.828,127381.1,91017.04,0.9928374655647384,,0.0
2022-02-22,7.238,7.018000000000001,7.248,6.998,75868.21,54027.287,0.9926449787835928,,0.0
2022-02-23,7.0280000000000005,7.008,7.078,6.988,68400.89,48407.554,0.9926345609065156,,0.0
2022-02-24,7.008,6.868,7.148000000000001,6.748,123087.82,86011.519,0.992485549132948,,0.0
2022-02-25,6.898000000000001,6.968,7.128,6.898000000000001,87952.93,62033.084,0.9925925925925928,,0.0
2022-02-28,7.008,6.998,7.0680000000000005,6.828,68062.7,47507.821,0.9926241134751772,,0.0
2022-03-01,6.988,6.988,7.038,6.918,40459.55,28443.028,0.9926136363636364,,0.0
2022-03-02,6.998,7.1080000000000005,7.188000000000001,6.958,119211.1,85194.859,0.992737430167598,,0.0
2022-03-03,7.098000000000001,7.088,7.158,7.018000000000001,81106.01,57820.414,0.992717086834734,,0.0
2022-03-04,7.078,7.088,7.248,7.008,138669.63,99571.182,0.992717086834734,,0.0
2022-03-07,7.048,6.918,7.128,6.848000000000001,93881.51,65896.746,0.9925394548063128,,0.0
2022-03-08,6.918,6.718,6.918,6.618,86034.57,58328.433,0.9923190546528804,,0.0
2022-03-09,6.708,6.628,6.768000000000001,6.158,93241.78,61195.84,0.9922155688622756,,0.0
2022-03-10,6.708,7.0280000000000005,7.048,6.668,148463.06,103812.293,0.9926553672316384,,0.0
2022-03-11,6.938000000000001,7.138000000000001,7.148000000000001,6.868,131286.29,92784.654,0.992767732962448,,0.0
2022-03-14,7.138000000000001,6.988,7.228000000000001,6.978000000000001,118248.69,84476.322,0.9926136363636364,,0.0
2022-03-15,6.978000000000001,6.588,6.988,6.448,135516.75,91265.075,0.9921686746987952,,0.0
2022-03-16,6.688000000000001,6.558000000000001,6.748,6.178000000000001,121494.0,79058.289,0.9921331316187596,,0.0
2022-03-17,6.578,6.768000000000001,6.938000000000001,6.548,152239.09,104396.642,0.992375366568915,,0.0
2022-03-18,6.768000000000001,6.8580000000000005,6.898000000000001,6.708,89101.16,61300.79,0.9924746743849494,,0.0
2022-03-21,6.948,6.988,7.018000000000001,6.798,149466.39,104166.132,0.9926136363636364,,0.0
2022-03-22,6.928000000000001,6.8180000000000005,6.978000000000001,6.768000000000001,110553.1,76035.448,0.9924308588064048,,0.0
2022-03-23,6.808000000000001,6.898000000000001,7.098000000000001,6.738,171709.83,119905.929,0.9925179856115108,,0.0
2022-03-24,6.938000000000001,7.598000000000001,7.598000000000001,6.8580000000000005,344198.8,259070.893,0.993202614379085,,0.0
2022-03-25,7.998000000000001,7.748,8.338000000000001,7.618,783793.72,624060.203,0.9933333333333334,,0.0
2022-03-28,7.758,8.128,8.448,7.708,579735.11,469479.366,0.9936430317848411,,0.0
2022-03-29,7.888000000000001,7.878,8.158000000000001,7.458,402965.12,317395.423,0.9934426229508198,,0.0
2022-03-30,7.948,7.768000000000001,8.008000000000001,7.568,273379.99,213301.777,0.9933503836317136,,0.0
2022-03-31,7.778,7.948,8.368,7.658,485371.02,394930.99,0.9935,,0.0
2022-04-01,7.758,7.608,7.848000000000001,7.548,255763.21,196809.285,0.9932114882506528,,0.0
2022-04-06,7.828,7.918,8.008000000000001,7.758,313517.45,250086.156,0.9934755332496864,,0.0
2022-04-07,7.958,7.698,8.088000000000001,7.648000000000001,225448.86,176776.953,0.9932903225806452,,0.0
2022-04-08,7.738,7.658,7.788,7.448,164136.32,125713.756,0.9932555123216602,,0.0
2022-04-11,7.598000000000001,7.478000000000001,7.758,7.458,127573.07,97484.235,0.9930942895086322,,0.0
2022-04-12,7.348000000000001,7.468,7.508,7.258,125761.27,93333.514,0.9930851063829788,,0.0
2022-04-13,7.368,6.948,7.498,6.938000000000001,170640.66,121967.274,0.9925714285714288,,0.0
2022-04-14,6.948,7.138000000000001,7.378,6.938000000000001,147260.49,106851.135,0.992767732962448,,0.0
2022-04-15,7.148000000000001,6.948,7.148000000000001,6.928000000000001,112722.0,79682.967,0.9925714285714288,,0.0
2022-04-18,6.938000000000001,6.838,6.938000000000001,6.658,80644.42,55489.823,0.9924528301886794,,0.0
2022-04-19,6.838,6.728000000000001,6.868,6.668,91194.72,61988.355,0.992330383480826,,0.0
2022-04-20,6.648000000000001,6.418,6.728000000000001,6.368,156246.47,102529.844,0.9919629057187016,,0.0
2022-04-21,6.418,5.958,6.438000000000001,5.918,150967.75,93105.133,0.9913477537437604,,0.0
2022-04-22,5.948,5.808000000000001,5.958,5.768000000000001,111190.39,65397.352,0.9911262798634812,,0.0
2022-04-25,5.768000000000001,5.218,5.798,5.218,176444.78,96960.773,0.9901328273244784,,0.0
2022-04-26,5.208,5.118,5.348000000000001,5.088,122876.57,64925.574,0.9899419729206964,,0.0
2022-04-27,5.048,5.368,5.398000000000001,4.598000000000001,139842.68,73290.75,0.9904059040590406,,0.0
2022-04-28,5.368,5.248,5.448,5.118,90626.0,48201.137,0.9901886792452832,,0.0
2022-04-29,5.208,5.348000000000001,5.428000000000001,5.168,102490.07,55290.657,0.9903703703703703,,0.0
2022-05-05,5.348000000000001,5.428000000000001,5.478000000000001,5.268000000000001,81150.37,44358.415,0.9905109489051096,,0.0
2022-05-06,5.328,5.458,5.508,5.238,86796.17,47180.97,0.9905626134301272,,0.0
2022-05-09,5.448,5.538,5.6080000000000005,5.438000000000001,71006.94,39561.414,0.9906976744186048,,0.0
2022-05-10,5.498,5.7780000000000005,5.888000000000001,5.478000000000001,146486.32,84741.431,0.991080617495712,,0.0
2022-05-11,5.8180000000000005,5.658,5.928000000000001,5.648000000000001,139087.21,81023.811,0.9908931698774082,,0.0
2022-05-12,5.628,5.658,5.738,5.5280000000000005,99224.48,56209.523,0.9908931698774082,,0.0
2022-05-13,5.658,5.748,5.798,5.618,76043.75,43916.297,0.9910344827586208,,0.0
2022-05-16,5.798,5.788,6.048,5.718,104180.75,61244.226,0.991095890410959,,0.0
2022-05-17,5.808000000000001,5.668,5.8180000000000005,5.548,77818.76,44226.563,0.990909090909091,,0.0
2022-05-18,5.688000000000001,5.628,5.688000000000001,5.558000000000001,62462.0,35547.706,0.9908450704225352,,0.0
2022-05-19,5.558000000000001,5.6080000000000005,5.648000000000001,5.548,52579.76,29685.464,0.9908127208480566,,0.0
2022-05-20,5.628,5.658,5.718,5.6080000000000005,53125.0,30318.988,0.9908931698774082,,0.0
2022-05-23,5.658,5.758,5.7780000000000005,5.648000000000001,76394.04,44222.622,0.9910499139414802,,0.0
2022-05-24,5.758,5.478000000000001,5.7780000000000005,5.458,99575.0,56128.237,0.9905967450271248,,0.0
2022-05-25,5.448,5.5680000000000005,5.5680000000000005,5.408,50510.01,28155.323,0.9907473309608542,,0.0
2022-05-26,5.5680000000000005,5.588,5.698,5.5280000000000005,53376.81,30123.829,0.9907801418439716,,0.0
2022-05-27,5.588,5.578,5.658,5.558000000000001,52041.62,29438.322,0.9907637655417408,,0.0
2022-05-30,5.598000000000001,5.618,5.638000000000001,5.518000000000001,51790.94,29172.21,0.9908289241622577,,0.0
2022-05-31,5.628,5.628,5.668,5.5280000000000005,55858.48,31563.6,0.9908450704225352,,0.0
2022-06-01,5.648000000000001,5.718,5.798,5.588,91673.07,52789.917,0.9909878682842288,,0.0
2022-06-02,5.718,6.098000000000001,6.118,5.668,175444.27,105175.265,0.9915447154471544,,0.0
2022-06-06,6.098000000000001,6.188000000000001,6.3180000000000005,6.018000000000001,152194.21,94954.232,0.9916666666666668,,0.0
2022-06-07,6.148000000000001,6.238,6.238,6.088,105377.73,65529.565,0.9917329093799684,,0.0
2022-06-08,6.258,6.168,6.298,6.098000000000001,79386.82,49524.229,0.9916398713826368,,0.0
2022-06-09,6.198,6.048,6.228000000000001,6.008,78426.24,48067.427,0.9914754098360656,,0.0
2022-06-10,5.948,6.098000000000001,6.218,5.898000000000001,82289.76,50783.779,0.9915447154471544,,0.0
2022-06-13,6.1080000000000005,6.148000000000001,6.188000000000001,6.058000000000001,76837.95,47525.43,0.9916129032258064,,0.0
2022-06-14,6.138000000000001,6.138000000000001,6.168,5.968,58624.51,35972.576,0.991599353796446,,0.0
2022-06-15,6.148000000000001,6.118,6.198,6.118,57859.95,35917.165,0.9915721231766612,,0.0
2022-06-16,6.078,6.238,6.248,6.078,79457.09,49701.631,0.9917329093799684,,0.0
2022-06-17,6.398000000000001,6.208,6.558000000000001,6.158,220934.11,140411.247,0.9916932907348244,,0.0
2022-06-20,6.058000000000001,6.138000000000001,6.168,6.048,111148.2,68333.595,0.991599353796446,,0.0
2022-06-21,6.158,6.048,6.168,6.008,75629.7,46356.779,0.9914754098360656,,0.0
2022-06-22,6.008,6.148000000000001,6.3580000000000005,5.998,188072.17,117401.05,0.9916129032258064,,0.0
2022-06-23,6.058000000000001,6.078,6.118,5.828,178605.93,108214.745,0.9915171288743884,,0.0
2022-06-24,6.0280000000000005,5.988,6.128,5.978000000000001,99078.27,60215.986,0.9913907284768212,,0.0
2022-06-27,6.0280000000000005,5.988,6.168,5.978000000000001,102363.99,62565.486,0.9913907284768212,,0.0
2022-06-28,5.988,6.008,6.0280000000000005,5.888000000000001,100337.2,60486.223,0.9914191419141914,,0.0
2022-06-29,6.0280000000000005,5.848000000000001,6.0280000000000005,5.828,99011.76,59060.955,0.991186440677966,,0.0
2022-06-30,5.848000000000001,5.838,5.918,5.828,64811.52,38422.943,0.9911714770797964,,0.0
2022-07-01,5.868,5.8180000000000005,5.888000000000001,5.788,60555.39,35588.115,0.9911413969335604,,0.0
2022-07-04,5.788,5.928000000000001,5.968,5.7780000000000005,75749.84,45170.279,0.991304347826087,,0.0
2022-07-05,5.948,5.908,5.968,5.828,59688.7,35472.104,0.991275167785235,,0.0
2022-07-06,5.868,5.7780000000000005,5.908,5.738,56627.88,33205.541,0.991080617495712,,0.0
2022-07-07,5.798,5.738,5.838,5.718,63932.29,37195.577,0.9910189982728844,,0.0
2022-07-08,5.738,5.7780000000000005,5.8180000000000005,5.688000000000001,51332.32,29807.623,0.9927835051546392,,0.0
2022-07-11,5.798,5.828,5.8580000000000005,5.718,74140.0,43411.33,0.9928449744463372,,0.0
2022-07-12,5.838,5.698,5.8580000000000005,5.668,63505.0,36712.485,0.9926829268292684,,0.0
2022-07-13,5.718,5.708,5.738,5.648000000000001,36102.0,20674.854,0.9926956521739132,,0.0
2022-07-14,5.698,5.688000000000001,5.758,5.648000000000001,51887.0,29748.17,0.9926701570680628,,0.0
2022-07-15,5.598,5.548,5.638,5.468,63985.0,35722.663,0.9924865831842576,,0.0
2022-07-18,5.578,5.638,5.678,5.548,50118.54,28347.931,0.992605633802817,,0.0
2022-07-19,5.678,5.658,5.688000000000001,5.6080000000000005,42343.0,24089.665,0.9926315789473684,,0.0
2022-07-20,5.678,5.708,5.718,5.648000000000001,33403.0,19169.667,0.9926956521739132,,0.0
2022-07-21,5.708,5.648000000000001,5.738,5.638,39835.0,22772.244,0.9926186291739896,,0.0
2022-07-22,5.628,5.558,5.688000000000001,5.488,63364.39,35498.193,0.9925,,0.0
2022-07-25,5.558,5.5680000000000005,5.628,5.508,56397.0,31648.224,0.9925133689839571,,0.0
2022-07-26,5.588,5.578,5.588,5.468,54274.9,30206.874,0.9925266903914592,,0.0
2022-07-27,5.588,5.588,5.628,5.518,44768.93,25200.434,0.9925399644760212,,0.0
2022-07-28,5.638,5.578,5.648000000000001,5.518,71722.43,40210.332,0.9925266903914592,,0.0
2022-07-29,5.578,5.5280000000000005,5.578,5.478,52842.18,29338.047,0.99245960502693,,0.0
2022-08-01,5.538,5.458,5.538,5.438000000000001,53812.47,29670.552,0.9923636363636364,,0.0
2022-08-02,5.438000000000001,5.178,5.458,5.128,81062.64,42679.746,0.9919540229885058,,0.0
2022-08-03,5.158,5.338,5.388,5.128,97991.0,52311.001,0.992193308550186,,0.0
2022-08-04,5.398000000000001,5.578,5.698,5.328,121806.76,68042.409,0.9925266903914592,,0.0
2022-08-05,5.588,5.658,5.678,5.508,92534.49,52336.273,0.9926315789473684,,0.0
2022-08-08,5.658,5.718,5.748,5.638,69804.67,40093.252,0.9927083333333334,,0.0
2022-08-09,5.758,5.628,5.758,5.578,43905.0,24906.251,0.9925925925925926,,0.0
2022-08-10,5.618,5.548,5.638,5.518,49467.94,27657.227,0.9924865831842576,,0.0
2022-08-11,5.638,5.698,5.698,5.558,54306.0,30857.827,0.9926829268292684,,0.0
2022-08-12,5.688000000000001,5.678,5.708,5.598,57732.0,32872.003,0.9926573426573428,,0.0
2022-08-15,5.698,5.6080000000000005,5.698,5.5680000000000005,52720.68,29800.017,0.992566371681416,,0.0
2022-08-16,5.598,5.638,5.658,5.598,39852.24,22564.599,0.992605633802817,,0.0
2022-08-17,5.648000000000001,5.6080000000000005,5.668,5.578,40779.91,23045.186,0.992566371681416,,0.0
2022-08-18,5.5680000000000005,5.538,5.638,5.508,46613.84,25995.638,0.99247311827957,,0.0
2022-08-19,5.508,5.458,5.548,5.428,47495.32,26234.623,0.9923636363636364,,0.0
2022-08-22,5.458,5.548,5.558,5.258,54053.96,29787.567,0.9924865831842576,,0.0
2022-08-23,5.5280000000000005,5.518,5.538,5.468,39098.0,21637.076,0.9924460431654676,,0.0
2022-08-24,5.548,5.398000000000001,5.548,5.388,42135.0,23103.173,0.992279411764706,,0.0
2022-08-25,5.398000000000001,5.3580000000000005,5.488,5.298,42617.0,22968.923,0.9922222222222222,,0.0
2022-08-26,5.338,5.388,5.408,5.328,39658.0,21493.818,0.9922651933701658,,0.0
2022-08-29,5.3580000000000005,5.438000000000001,5.458,5.258,29908.0,16256.619,0.9923357664233576,,0.0
2022-08-30,5.508,5.488,5.558,5.438000000000001,49822.28,27576.517,0.9924050632911392,,0.0
2022-08-31,5.478,5.378,5.508,5.3580000000000005,35594.01,19457.022,0.9922509225092252,,0.0
2022-09-01,5.418,5.448,5.538,5.388,45633.21,25176.771,0.9923497267759565,,0.0
2022-09-02,5.458,5.448,5.538,5.408,33614.82,18486.988,0.9923497267759565,,0.0
2022-09-05,5.418,5.438000000000001,5.508,5.388,33451.9,18325.44,0.9923357664233576,,0.0
2022-09-06,5.478,5.448,5.478,5.378,37535.39,20548.323,0.9923497267759565,,0.0
2022-09-07,5.448,5.428,5.448,5.388,26627.3,14535.83,0.9923217550274224,,0.0
2022-09-08,5.458,5.388,5.458,5.368,24875.0,13522.898,0.9922651933701658,,0.0
2022-09-09,5.368,5.508,5.518,5.3580000000000005,62458.73,34266.776,0.9924324324324324,,0.0
2022-09-13,5.5280000000000005,5.498,5.588,5.458,80839.43,44986.921,0.9924187725631768,,0.0
2022-09-14,5.448,5.438000000000001,5.468,5.378,39755.5,21730.426,0.9923357664233576,,0.0
2022-09-15,5.508,5.328,5.508,5.2780000000000005,52658.0,28643.479,0.9921787709497208,,0.0
2022-09-16,5.2780000000000005,5.188000000000001,5.368,5.168,37258.0,19718.748,0.9919694072657744,,0.0
2022-09-19,5.178,5.218,5.258,4.978,43696.04,22704.264,0.9920152091254754,,0.0
2022-09-20,5.218,5.238,5.288,5.178,28002.01,14740.748,0.9920454545454546,,0.0
2022-09-21,5.198,5.238,5.248,5.1080000000000005,20901.52,10925.531,0.9920454545454546,,0.0
2022-09-22,5.188000000000001,5.168,5.228,5.138,24392.0,12722.204,0.9919385796545106,,0.0
2022-09-23,5.128,5.168,5.208,5.1080000000000005,28442.04,14805.952,0.9919385796545106,,0.0
2022-09-26,5.158,4.958,5.158,4.948,53820.85,27261.963,0.9916,,0.0
2022-09-27,5.058,5.228,5.228,5.008,54407.52,28134.574,0.9920303605313092,,0.0
2022-09-28,5.238,5.118,5.288,5.118,43274.0,22701.213,0.9918604651162792,,0.0
2022-09-29,5.158,5.1080000000000005,5.258,5.0680000000000005,35308.54,18355.906,0.9918446601941748,,0.0
2022-09-30,5.138,5.188000000000001,5.208,5.088,30904.8,16099.975,0.9919694072657744,,0.0
2022-10-10,5.248,5.088,5.268,5.048,32393.88,16845.807,0.991812865497076,,0.0
2022-10-11,5.1080000000000005,5.008,5.1080000000000005,4.898000000000001,55799.01,27907.236,0.9916831683168316,,0.0
2022-10-12,4.998,5.078,5.098,4.908,34135.8,17180.732,0.991796875,,0.0
2022-10-13,5.088,5.248,5.2780000000000005,5.048,61428.67,32261.004,0.9920604914933838,,0.0
2022-10-14,5.248,5.438000000000001,5.458,5.248,66203.0,36067.298,0.9923357664233576,,0.0
2022-10-17,5.438000000000001,5.518,5.558,5.428,62835.01,34960.701,0.9924460431654676,,0.0
2022-10-18,5.538,5.598,5.658,5.458,81283.5,45791.256,0.9925531914893616,,0.0
2022-10-19,5.578,5.458,5.598,5.418,45743.54,25254.462,0.9923636363636364,,0.0
2022-10-20,5.468,5.448,5.538,5.418,45175.07,24927.237,0.9923497267759565,,0.0
2022-10-21,5.448,5.518,5.548,5.418,44985.13,24912.947,0.9924460431654676,,0.0
2022-10-24,5.468,5.308,5.538,5.2780000000000005,57546.0,31283.623,0.9921495327102804,,0.0
2022-10-25,5.308,5.258,5.378,5.198,51790.12,27502.911,0.9920754716981132,,0.0
2022-10-26,5.2780000000000005,5.518,5.6080000000000005,5.268,106258.95,58811.261,0.9924460431654676,,0.0
2022-10-27,5.548,5.598,5.658,5.408,119799.23,66850.35,0.9925531914893616,,0.0
2022-10-28,5.5280000000000005,5.388,5.6080000000000005,5.3580000000000005,87235.57,48084.042,0.9922651933701658,,0.0
2022-10-31,5.338,5.558,5.598,5.3180000000000005,92526.75,51115.309,0.9925,,0.0
2022-11-01,5.618,5.648000000000001,5.758,5.438000000000001,125140.15,70315.997,0.9926186291739896,,0.0
2022-11-02,5.638,5.688000000000001,5.8180000000000005,5.478,187875.38,108046.577,0.9926701570680628,,0.0
2022-11-03,5.668,5.668,5.728,5.598,89757.3,51200.292,0.992644483362522,,0.0
2022-11-04,5.628,5.708,5.748,5.548,94162.57,53627.462,0.9926956521739132,,0.0
2022-11-07,5.738,5.658,5.758,5.638,109270.15,62772.823,0.9926315789473684,,0.0
2022-11-08,5.678,5.718,5.738,5.5680000000000005,77755.0,44423.865,0.9927083333333334,,0.0
2022-11-09,5.728,5.928,5.948,5.678,156672.36,92550.455,0.992964824120603,,0.0
2022-11-10,6.008,5.988,6.168,5.868,242548.23,147417.402,0.9930348258706468,,0.0
2022-11-11,6.088,6.158,6.588,5.988,529096.24,338333.278,0.993225806451613,,0.0
2022-11-14,6.418,6.7780000000000005,6.7780000000000005,6.0680000000000005,775758.4,518708.618,0.993841642228739,,0.0
2022-11-15,6.908,6.848,7.128,6.478,896798.45,609692.91,0.9939042089985488,,0.0
2022-11-16,6.708,6.5280000000000005,6.758,6.468,483446.25,320231.792,0.993607305936073,,0.0
2022-11-17,6.488,7.188000000000001,7.188000000000001,6.398000000000001,605077.18,418992.389,0.9941908713692946,,0.0
2022-11-18,7.908,7.908,7.908,7.908,183928.81,146223.404,0.9947169811320756,,0.0
2022-11-21,8.708,8.708,8.708,8.708,176261.87,154229.136,0.9952,,0.0
2022-11-22,9.588,9.588,9.588,8.558,2439620.49,2291621.858,0.9956386292834892,,0.0
2022-11-23,8.778,8.628,8.948,8.628,330509.0,290360.329,0.9951557093425606,,0.0
2022-11-24,7.758,8.718,9.158,7.758,1850377.53,1554237.53,0.9952054794520548,,0.0
2022-11-25,8.218,7.838,8.338000000000001,7.838,1120700.74,893932.473,0.9946700507614212,,0.0
2022-11-28,7.568,8.028,8.178,7.568,1061732.0,853341.673,0.9947955390334572,,0.0
2022-11-29,7.908,8.758000000000001,8.838000000000001,7.908,1714710.38,1503631.496,0.9952272727272728,,0.0
2022-11-30,8.468,8.388,8.578,8.018,1478210.46,1230914.379,0.995017793594306,,0.0
2022-12-01,8.558,7.968,8.738,7.798,1066752.75,866986.032,0.9947565543071162,,0.0
2022-12-02,7.908,8.128,8.448,7.888,799922.77,655885.339,0.994859241126071,,0.0
2022-12-05,8.358,8.418000000000001,8.558,8.128,1044025.41,882312.885,0.9950354609929078,,0.0
2022-12-06,8.258000000000001,8.178,8.658,7.958,1044876.92,870424.893,0.9948905109489052,,0.0
2022-12-07,8.058,8.298,8.318,7.588,853734.43,691718.893,0.9949640287769784,,0.0
2022-12-08,8.208,8.248,8.788,7.987999999999999,1084827.58,908409.124,0.9949336550060314,,0.0
2022-12-09,7.958,8.178,8.498,7.878,826696.82,681226.914,0.9948905109489052,,0.0
2022-12-12,8.318,8.998,8.998,8.258000000000001,1224566.17,1055706.764,0.995353982300885,,0.0
2022-12-13,9.108,9.898,9.898,8.748,1296260.15,1216778.043,0.995774647887324,,0.0
2022-12-14,10.118,8.908,10.128,8.908,1388033.22,1304147.78,0.9953072625698324,,0.0
2022-12-15,8.568,8.438,8.928,8.338000000000001,817925.46,703764.89,0.9950471698113208,,0.0
2022-12-16,8.428,8.238,8.838000000000001,8.198,1042066.82,891705.117,0.994927536231884,,0.0
2022-12-19,8.118,7.408,8.138,7.408,787855.97,598973.141,0.9943624161073826,,0.0
2022-12-20,7.078,7.118,7.318,7.018,528467.55,379015.131,0.9941340782122904,,0.0
2022-12-21,7.1080000000000005,7.018,7.218,6.898000000000001,438322.53,309902.233,0.9940509915014164,,0.0
2022-12-22,6.998,6.808,7.038,6.7780000000000005,394856.43,273712.717,0.993868613138686,,0.0
2022-12-23,6.798,6.828,6.938000000000001,6.758,317346.02,218386.149,0.993886462882096,,0.0
2022-12-26,6.798,6.768,6.898000000000001,6.718,281338.17,192021.713,0.9938325991189428,,0.0
2022-12-27,6.7780000000000005,6.558,6.788,6.378,439944.27,288953.503,0.9936363636363637,,0.0
2022-12-28,6.5680000000000005,6.388,6.648000000000001,6.3580000000000005,325404.04,211793.479,0.9934681181959564,,0.0
2022-12-29,6.398000000000001,6.468,6.558,6.348,278552.74,180995.834,0.9935483870967742,,0.0
2022-12-30,6.498,6.328,6.508,6.308,221218.37,141926.159,0.9934065934065934,,0.0
2023-01-03,6.388,6.578,6.598,6.3580000000000005,294808.3,193505.794,0.9936555891238672,,0.0
2023-01-04,6.558,6.398000000000001,6.558,6.328,303377.49,195680.964,0.9934782608695653,,0.0
2023-01-05,6.378,6.348,6.448,6.268,226040.08,145124.87,0.9934272300469484,,0.0
2023-01-06,6.3580000000000005,6.248,6.368,6.208,207971.89,131504.607,0.9933227344992052,,0.0
2023-01-09,6.298,6.228,6.308,6.178,174414.84,109529.401,0.9933014354066986,,0.0
2023-01-10,6.218,6.118,6.248,6.098,202860.22,125679.601,0.9931818181818182,,0.0
2023-01-11,6.1080000000000005,6.1080000000000005,6.188000000000001,6.088,172734.02,106585.988,0.9931707317073172,,0.0
2023-01-12,6.088,6.038,6.178,6.0280000000000005,178460.76,109428.44,0.993092105263158,,0.0
2023-01-13,6.058,6.088,6.138,6.0280000000000005,126396.0,77532.757,0.9931484502446982,,0.0
2023-01-16,6.1080000000000005,6.148000000000001,6.158,6.0680000000000005,139798.72,86314.125,0.9932148626817447,,0.0
2023-01-17,6.138,5.988,6.148000000000001,5.958,172775.27,104873.154,0.9930348258706468,,0.0
2023-01-18,5.958,6.008,6.048,5.958,99715.02,60315.683,0.9930578512396696,,0.0
2023-01-19,5.998,6.038,6.098,5.978,110884.69,67460.604,0.993092105263158,,0.0
2023-01-20,6.038,6.138,6.228,6.038,140420.12,86670.174,0.9932038834951455,,0.0
2023-01-30,6.128,6.198,6.218,6.088,184840.22,114738.029,0.9932692307692308,,0.0
2023-01-31,6.218,6.198,6.228,6.088,130633.53,80949.078,0.9932692307692308,,0.0
2023-02-01,6.208,6.2780000000000005,6.288,6.178,161064.18,101342.765,0.9933544303797468,,0.0
2023-02-02,6.288,6.348,6.3580000000000005,6.248,160777.24,102339.466,0.9934272300469484,,0.0
2023-02-03,6.3580000000000005,6.268,6.368,6.178,143359.68,90241.534,0.9933438985736924,,0.0
2023-02-06,6.258,6.228,6.308,6.198,110697.86,69660.481,0.9933014354066986,,0.0
2023-02-07,6.238,6.178,6.268,6.128,107611.1,66934.011,0.9932475884244372,,0.0
2023-02-08,6.208,6.238,6.298,6.168,129878.61,81478.831,0.993312101910828,,0.0
2023-02-09,6.228,6.248,6.258,6.158,96207.88,60230.371,0.9933227344992052,,0.0
2023-02-10,6.258,6.208,6.3180000000000005,6.168,107695.29,67594.816,0.99328,,0.0
2023-02-13,6.198,6.288,6.298,6.188000000000001,129651.48,81844.308,0.9933649289099526,,0.0
2023-02-14,6.3180000000000005,6.378,6.388,6.2780000000000005,158989.9,101512.661,0.9934579439252336,,0.0
2023-02-15,6.398000000000001,6.3580000000000005,6.468,6.328,154304.64,99041.872,0.9934375,,0.0
2023-02-16,6.3580000000000005,6.3180000000000005,6.518,6.248,242174.18,156399.269,0.9933962264150944,,0.0
2023-02-17,6.3580000000000005,6.578,6.678,6.248,555608.48,364576.439,0.9936555891238672,,0.0
2023-02-20,6.6080000000000005,6.398000000000001,6.618,6.2780000000000005,418008.19,267676.586,0.9934782608695653,,0.0
2023-02-21,6.388,6.408,6.498,6.338,250001.65,160990.768,0.9934883720930232,,0.0
2023-02-22,6.378,6.3580000000000005,6.458,6.3180000000000005,224887.98,144494.888,0.9934375,,0.0
2023-02-23,6.378,6.308,6.428,6.268,170888.42,108917.623,0.9933858267716535,,0.0
2023-02-24,6.328,6.248,6.338,6.218,133584.83,84216.32,0.9933227344992052,,0.0
2023-02-27,6.238,6.168,6.3580000000000005,6.138,160362.88,100634.892,0.9932367149758454,,0.0
2023-02-28,6.168,6.3580000000000005,6.3580000000000005,6.168,248576.52,157664.136,0.9934375,,0.0
2023-03-01,6.428,6.388,6.5280000000000005,6.3180000000000005,219107.01,140939.005,0.9934681181959564,,0.0
2023-03-02,6.3580000000000005,6.238,6.3580000000000005,6.228,202710.63,128232.643,0.993312101910828,,0.0
2023-03-03,6.238,6.248,6.328,6.218,125099.6,78834.701,0.9933227344992052,,0.0
2023-03-06,6.288,6.188000000000001,6.288,6.178,122781.0,76765.289,0.9932584269662922,,0.0
2023-03-07,6.188000000000001,6.048,6.208,6.048,150352.46,92624.533,0.993103448275862,,0.0
2023-03-08,6.0280000000000005,6.098,6.1080000000000005,6.008,59070.97,36154.64,0.9931596091205211,,0.0
2023-03-09,6.128,6.178,6.238,6.118,119025.02,74110.802,0.9932475884244372,,0.0
2023-03-10,6.128,6.0680000000000005,6.148000000000001,6.0280000000000005,94276.47,57655.65,0.993126022913257,,0.0
2023-03-13,6.0280000000000005,6.058,6.1080000000000005,6.018,106155.61,64733.867,0.9931147540983608,,0.0
2023-03-14,6.058,5.918,6.098,5.888,121536.0,73070.887,0.9929530201342284,,0.0
2023-03-15,5.938000000000001,6.118,6.158,5.938000000000001,161537.0,99162.826,0.9931818181818182,,0.0
2023-03-16,6.128,6.0280000000000005,6.138,6.0280000000000005,118827.59,72788.643,0.9930807248764416,,0.0
2023-03-17,6.078,5.998,6.078,5.958,116343.92,70358.122,0.993046357615894,,0.0
2023-03-20,6.058,5.928,6.058,5.888,117857.67,70448.122,0.992964824120603,,0.0
2023-03-21,5.938000000000001,5.998,6.008,5.938000000000001,90925.89,54689.609,0.993046357615894,,0.0
2023-03-22,5.988,6.0280000000000005,6.098,5.988,68110.0,41386.339,0.9930807248764416,,0.0
2023-03-23,5.988,5.978,6.0280000000000005,5.948,69914.23,42086.721,0.9930232558139536,,0.0
2023-03-24,6.008,5.918,6.158,5.888,177473.0,106411.605,0.9929530201342284,,0.0
2023-03-27,5.918,5.808,5.918,5.758,144420.55,84236.672,0.9928205128205128,,0.0
2023-03-28,5.808,5.798,5.848,5.688000000000001,144338.86,83900.617,0.9928082191780824,,0.0
2023-03-29,5.768,5.728,5.798,5.688000000000001,87176.0,50343.832,0.9927209705372616,,0.0
2023-03-30,5.718,5.678,5.728,5.648000000000001,85465.48,48797.067,0.9926573426573428,,0.0
2023-03-31,5.668,5.828,5.838,5.658,120716.43,70388.736,0.9928449744463372,,0.0
2023-04-03,5.828,5.798,5.888,5.7780000000000005,87673.0,51373.13,0.9928082191780824,,0.0
2023-04-04,5.808,5.7780000000000005,5.838,5.738,62461.0,36456.911,0.9927835051546392,,0.0
2023-04-06,5.758,5.838,5.878,5.758,86096.89,50517.953,0.9928571428571428,,0.0
2023-04-07,5.888,5.948,6.008,5.798,145989.26,87294.811,0.9929883138564274,,0.0
2023-04-10,5.928,5.798,5.928,5.758,131045.15,76943.359,0.9928082191780824,,0.0
2023-04-11,5.8180000000000005,5.838,5.8580000000000005,5.708,104039.23,60427.016,0.9928571428571428,,0.0
2023-04-12,5.848,5.808,5.928,5.768,130506.42,76716.897,0.9928205128205128,,0.0
2023-04-13,5.808,5.988,6.008,5.708,247183.63,147323.199,0.9930348258706468,,0.0
2023-04-14,6.018,6.058,6.138,5.998,206487.47,126135.55,0.9931147540983608,,0.0
2023-04-17,6.038,6.0680000000000005,6.1080000000000005,5.948,144876.12,87765.431,0.993126022913257,,0.0
2023-04-18,6.058,6.018,6.098,5.998,140474.0,85500.647,0.9930693069306932,,0.0
2023-04-19,6.018,5.978,6.048,5.968,125689.75,75860.677,0.9930232558139536,,0.0
2023-04-20,5.958,5.8580000000000005,5.988,5.808,105186.0,62184.084,0.9928813559322034,,0.0
2023-04-21,5.838,5.808,5.948,5.788,120060.57,70953.049,0.9928205128205128,,0.0
2023-04-24,5.808,5.878,5.948,5.788,108148.0,63997.545,0.9929054054054054,,0.0
2023-04-25,5.888,5.558,5.888,5.478,198405.0,112219.777,0.9925,,0.0
2023-04-26,5.6080000000000005,5.698,5.748,5.5680000000000005,100529.71,57257.79,0.9926829268292684,,0.0
2023-04-27,5.668,5.8580000000000005,5.888,5.668,104971.47,61621.703,0.9928813559322034,,0.0
2023-04-28,5.888,5.908,5.948,5.7780000000000005,102760.7,60779.49,0.9929411764705882,,0.0
2023-05-04,5.898000000000001,6.018,6.048,5.868,125942.0,76269.238,0.9930693069306932,,0.0
2023-05-05,6.048,5.988,6.058,5.938000000000001,102018.0,61554.077,0.9930348258706468,,0.0
2023-05-08,5.948,5.898000000000001,6.048,5.8580000000000005,96074.0,57309.254,0.992929292929293,,0.0
2023-05-09,5.898000000000001,5.738,5.898000000000001,5.728,152696.32,88613.389,0.9927335640138408,,0.0
2023-05-10,5.738,5.718,5.758,5.648000000000001,90088.59,51691.691,0.9927083333333334,,0.0
2023-05-11,5.728,5.758,5.808,5.678,116760.99,67612.764,0.9927586206896551,,0.0
2023-05-12,5.758,5.7780000000000005,5.808,5.698,96485.29,56085.69,0.9927835051546392,,0.0
2023-05-15,5.758,5.808,5.848,5.618,114942.64,66473.65,0.9928205128205128,,0.0
2023-05-16,5.798,5.938000000000001,5.958,5.728,174448.55,103354.828,0.9929765886287626,,0.0
2023-05-17,5.898000000000001,5.928,5.958,5.808,109704.0,64890.081,0.992964824120603,,0.0
2023-05-18,5.928,5.898000000000001,5.988,5.868,66568.64,39579.729,0.992929292929293,,0.0
2023-05-19,5.898000000000001,6.0280000000000005,6.058,5.898000000000001,173691.36,105309.615,0.9930807248764416,,0.0
2023-05-22,6.058,5.998,6.1080000000000005,5.988,105828.64,64269.284,0.993046357615894,,0.0
2023-05-23,5.978,6.128,6.208,5.978,177606.47,109602.593,0.9931928687196112,,0.0
2023-05-24,6.038,6.018,6.098,5.988,100173.0,60871.991,0.9930693069306932,,0.0
2023-05-25,6.038,5.948,6.048,5.888,85174.92,51003.833,0.9929883138564274,,0.0
2023-05-26,5.938000000000001,6.0680000000000005,6.1080000000000005,5.888,87999.0,53344.712,0.993126022913257,,0.0
2023-05-29,6.078,6.0280000000000005,6.158,6.018,83159.0,50900.791,0.9930807248764416,,0.0
2023-05-30,6.038,6.018,6.048,5.948,65187.0,39378.925,0.9930693069306932,,0.0
2023-05-31,5.998,5.968,6.0680000000000005,5.958,67341.32,40706.613,0.9930116472545756,,0.0
2023-06-01,5.958,5.938000000000001,6.018,5.878,73436.38,44013.685,0.9929765886287626,,0.0
2023-06-02,5.948,5.908,5.968,5.888,68912.32,41062.695,0.9929411764705882,,0.0
2023-06-05,5.908,5.888,5.918,5.8180000000000005,80599.31,47553.309,0.9929173693086004,,0.0
2023-06-06,5.878,5.728,5.878,5.718,80268.5,46722.24,0.9927209705372616,,0.0
2023-06-07,5.758,5.708,5.788,5.678,51777.0,29880.042,0.9926956521739132,,0.0
2023-06-08,5.698,5.648000000000001,5.718,5.628,75696.61,43165.145,0.9926186291739896,,0.0
2023-06-09,5.628,5.718,5.798,5.618,75366.41,43365.224,0.9927083333333334,,0.0
2023-06-12,5.718,5.678,5.718,5.618,67160.0,38277.426,0.9926573426573428,,0.0
2023-06-13,5.648000000000001,5.678,5.718,5.648000000000001,55825.26,31927.073,0.9926573426573428,,0.0
2023-06-14,5.668,5.668,5.688000000000001,5.628,56387.31,32160.129,0.992644483362522,,0.0
2023-06-15,5.658,5.658,5.668,5.6080000000000005,70658.84,40115.659,0.9926315789473684,,0.0
2023-06-16,5.668,5.688000000000001,5.748,5.6080000000000005,63132.77,36255.79,0.9926701570680628,,0.0
2023-06-19,5.648000000000001,5.668,5.708,5.638,64740.93,37002.445,0.992644483362522,,0.0
2023-06-20,5.668,5.628,5.708,5.628,58055.01,33053.515,0.9925925925925926,,0.0
2023-06-21,5.628,5.538,5.658,5.538,59570.5,33497.273,0.99247311827957,,0.0
2023-06-26,5.558,5.518,5.718,5.508,106267.31,59781.407,0.9924460431654676,,0.0
2023-06-27,5.498,5.578,5.6080000000000005,5.488,84445.01,47248.634,0.9925266903914592,,0.0
2023-06-28,5.5680000000000005,5.588,5.618,5.5280000000000005,56146.93,31567.606,0.9925399644760212,,0.0
2023-06-29,5.618,5.738,5.748,5.5280000000000005,121692.98,69690.628,0.9927335640138408,,0.0
2023-06-30,5.718,5.838,5.928,5.668,199509.8,117596.076,0.9928571428571428,,0.0
2023-07-03,5.8180000000000005,5.8180000000000005,5.898000000000001,5.758,94848.87,55544.156,0.9928327645051196,,0.0
2023-07-04,5.8180000000000005,5.868,5.928,5.798,69245.01,40811.644,0.9928934010152284,,0.0
2023-07-05,5.838,5.878,5.948,5.828,85938.62,50990.244,0.9929054054054054,,0.0
2023-07-06,5.898000000000001,5.788,5.898000000000001,5.768,72188.0,42303.31,0.9927958833619211,,0.0
2023-07-07,5.758,5.7780000000000005,5.868,5.758,56863.53,33252.169,0.9927835051546392,,0.0
2023-07-10,5.798,5.828,5.8580000000000005,5.768,81742.0,47861.771,0.9928449744463372,,0.0
2023-07-11,5.838,5.808,5.848,5.768,36030.0,21018.105,0.9928205128205128,,0.0
2023-07-12,5.8180000000000005,5.698,5.8180000000000005,5.698,57663.0,33348.412,0.9926829268292684,,0.0
2023-07-13,5.738,5.728,5.768,5.708,40192.0,23194.813,0.9927209705372616,,0.0
2023-07-14,5.738,5.678,5.738,5.668,57372.37,32899.37,0.9926573426573428,,0.0
2023-07-17,5.628,5.648000000000001,5.658,5.558,49436.0,28019.45,0.9926186291739896,,0.0
2023-07-18,5.658,5.628,5.668,5.618,44080.48,25034.696,0.9925925925925926,,0.0
2023-07-19,5.638,5.598,5.648000000000001,5.578,72089.0,40691.953,0.9925531914893616,,0.0
2023-07-20,5.598,5.538,5.648000000000001,5.5280000000000005,74702.0,41985.255,0.99247311827957,,0.0
2023-07-21,5.548,5.5680000000000005,5.648000000000001,5.488,94239.0,53016.319,0.9925133689839571,,0.0
2023-07-24,5.588,5.658,5.678,5.548,66891.37,37968.479,0.9926315789473684,,0.0
2023-07-25,5.678,5.658,5.688000000000001,5.618,54787.0,31168.984,0.9926315789473684,,0.0
2023-07-26,5.658,5.668,5.698,5.618,47931.95,27355.479,0.992644483362522,,0.0
2023-07-27,5.668,5.618,5.678,5.618,38862.0,22102.786,0.9925795053003534,,0.0
2023-07-28,5.618,5.678,5.688000000000001,5.588,62235.93,35424.017,0.9926573426573428,,0.0
2023-07-31,5.698,5.698,5.708,5.658,62120.0,35585.835,0.9926829268292684,,0.0
2023-08-01,5.678,5.658,5.698,5.628,53663.54,30561.505,0.9926315789473684,,0.0
2023-08-02,5.658,5.588,5.658,5.5680000000000005,76648.0,43272.24,0.9925399644760212,,0.0
2023-08-03,5.578,5.688000000000001,5.738,5.558,126170.71,72072.06,0.9926701570680628,,0.0
2023-08-04,5.658,5.658,5.708,5.648000000000001,74955.3,42872.967,0.9926315789473684,,0.0
2023-08-07,5.658,5.5280000000000005,5.678,5.508,123495.82,68942.767,0.99245960502693,,0.0
2023-08-08,5.508,5.558,5.5680000000000005,5.308,177239.0,97503.414,0.9925,,0.0
2023-08-09,5.508,5.648000000000001,5.688000000000001,5.488,213402.67,120610.118,0.9926186291739896,,0.0
2023-08-10,5.638,5.658,5.768,5.598,163279.0,93470.026,0.9926315789473684,,0.0
2023-08-11,5.698,5.668,5.758,5.658,129640.24,74621.196,0.992644483362522,,0.0
2023-08-14,5.658,5.628,5.708,5.508,118831.33,66821.723,0.9925925925925926,,0.0
2023-08-15,5.648000000000001,5.678,5.718,5.518,93172.9,52973.2,0.9926573426573428,,0.0
2023-08-16,5.678,5.638,5.7780000000000005,5.628,110450.06,63497.179,0.992605633802817,,0.0
2023-08-17,5.648000000000001,5.6080000000000005,5.678,5.538,79675.88,44868.063,0.992566371681416,,0.0
2023-08-18,5.6080000000000005,5.338,5.6080000000000005,5.3180000000000005,181705.13,99551.697,0.992193308550186,,0.0
2023-08-21,5.308,5.078,5.328,5.0680000000000005,195436.1,101570.796,0.991796875,,0.0
2023-08-22,5.078,4.998,5.1080000000000005,4.898000000000001,154670.0,77738.686,0.9916666666666668,,0.0
2023-08-23,5.008,4.918,5.008,4.898000000000001,65648.0,32705.872,0.9915322580645162,,0.0
2023-08-24,4.928,4.908,4.978,4.848,65217.01,32292.298,0.9915151515151516,,0.0
2023-08-25,4.898000000000001,4.868,4.948,4.848,66822.98,32928.63,0.9914460285132384,,0.0
2023-08-28,5.0680000000000005,4.998,5.158,4.968,177940.03,90905.912,0.9916666666666668,,0.0
2023-08-29,4.998,5.058,5.078,4.968,65188.0,33142.554,0.991764705882353,,0.0
2023-08-30,5.048,5.058,5.1080000000000005,5.038,49168.93,25150.223,0.991764705882353,,0.0
2023-08-31,5.058,5.098,5.128,4.978,86792.01,44238.694,0.9918287937743192,,0.0
2023-09-01,5.078,5.0680000000000005,5.1080000000000005,5.048,43840.1,22442.46,0.9917808219178084,,0.0
2023-09-04,5.0680000000000005,5.138,5.148000000000001,5.048,57383.36,29529.886,0.991891891891892,,0.0
2023-09-05,5.118,5.148000000000001,5.188000000000001,5.098,66754.36,34603.246,0.9919075144508672,,0.0
2023-09-06,5.128,5.168,5.168,5.098,45506.0,23579.672,0.9919385796545106,,0.0
2023-09-07,5.168,5.0680000000000005,5.168,5.0680000000000005,46530.0,23998.404,0.9917808219178084,,0.0
2023-09-08,5.0680000000000005,5.038,5.078,5.018,32950.01,16786.391,0.991732283464567,,0.0
2023-09-11,5.038,5.158,5.188000000000001,5.0280000000000005,68950.01,35758.198,0.9919230769230768,,0.0
2023-09-12,5.158,5.238,5.2780000000000005,5.158,67758.02,35746.93,0.9920454545454546,,0.0
2023-09-13,5.208,5.148000000000001,5.258,5.118,49869.02,26049.884,0.9919075144508672,,0.0
2023-09-14,5.198,5.148000000000001,5.228,5.128,45814.41,23863.299,0.9919075144508672,,0.0
2023-09-15,5.208,5.2780000000000005,5.3180000000000005,5.158,109589.45,58174.1,0.9921052631578948,,0.0
2023-09-18,5.288,5.288,5.3180000000000005,5.218,82121.0,43608.375,0.9921200750469044,,0.0
2023-09-19,5.308,5.298,5.378,5.288,95525.36,51297.324,0.9921348314606742,,0.0
2023-09-20,5.3180000000000005,5.2780000000000005,5.348,5.248,57161.0,30531.954,0.9921052631578948,,0.0
2023-09-21,5.298,5.218,5.308,5.188000000000001,52050.59,27477.962,0.9920152091254754,,0.0
2023-09-22,5.248,5.258,5.2780000000000005,5.148000000000001,80525.35,42307.573,0.9920754716981132,,0.0
2023-09-25,5.248,5.3180000000000005,5.348,5.218,69294.91,37115.86,0.9921641791044776,,0.0
2023-09-26,5.288,5.558,5.708,5.288,250949.02,138478.942,0.9925,,0.0
2023-09-27,5.408,5.558,5.668,5.368,432256.12,239906.45,0.9925,,0.0
2023-09-28,5.508,5.548,5.638,5.438000000000001,248254.0,138969.271,0.9924865831842576,,0.0
2023-10-09,5.5280000000000005,5.548,5.628,5.3580000000000005,187644.28,103631.269,0.9924865831842576,,0.0
2023-10-10,5.488,5.348,5.498,5.338,143754.61,78304.966,0.9922077922077922,,0.0
2023-10-11,5.348,5.558,5.758,5.338,280274.12,157588.431,0.9925,,0.0
2023-10-12,5.718,5.668,5.878,5.578,365349.95,210242.158,0.992644483362522,,0.0
2023-10-13,5.678,5.838,6.098,5.668,479654.64,283880.662,0.9928571428571428,,0.0
2023-10-16,5.948,5.848,6.018,5.798,406792.02,241923.502,0.9928692699490662,,0.0
2023-10-17,5.738,5.708,5.808,5.638,259723.5,149026.883,0.9926956521739132,,0.0
2023-10-18,5.678,5.548,5.698,5.508,168989.0,94657.56,0.9924865831842576,,0.0
2023-10-19,5.538,5.258,5.578,5.228,209059.21,112584.1,0.9920754716981132,,0.0
2023-10-20,5.268,5.658,5.788,5.238,546579.75,308940.759,0.9926315789473684,,0.0
2023-10-23,5.5280000000000005,5.488,5.678,5.398000000000001,394285.64,218905.04,0.9924050632911392,,0.0
2023-10-24,5.518,5.558,5.5680000000000005,5.298,252890.68,139206.095,0.9925,,0.0
2023-10-25,5.518,5.788,5.878,5.488,339813.05,195834.584,0.9927958833619211,,0.0
2023-10-26,5.758,5.728,5.838,5.558,246164.17,141685.499,0.9927209705372616,,0.0
2023-10-27,5.788,6.038,6.238,5.698,560203.38,336788.927,0.993092105263158,,0.0
2023-10-30,5.958,6.178,6.458,5.868,592302.32,367190.644,0.9932475884244372,,0.0
2023-10-31,6.1080000000000005,6.438000000000001,6.638,5.978,872368.3,558788.655,0.9935185185185186,,0.0
2023-11-01,6.218,6.248,6.388,6.168,565441.75,356690.15,0.9933227344992052,,0.0
2023-11-02,6.238,6.338,6.578,6.1080000000000005,530849.19,336029.792,0.9934169278996864,,0.0
2023-11-03,6.238,6.168,6.328,6.118,430062.11,268249.255,0.9932367149758454,,0.0
2023-11-06,6.198,6.458,6.6080000000000005,6.188000000000001,634566.04,411592.662,0.9935384615384616,,0.0
2023-11-07,6.398000000000001,7.1080000000000005,7.1080000000000005,6.3580000000000005,1370690.9,957456.129,0.9941258741258742,,0.0
2023-11-08,7.258,7.828,7.828,7.138,999386.58,765379.331,0.9946632782719188,,0.0
2023-11-09,7.997999999999999,7.038,8.038,7.038,1694157.21,1267655.688,0.9940677966101696,,0.0
2023-11-10,6.5280000000000005,6.378,6.758,6.338,1022967.55,671069.227,0.9934579439252336,,0.0
2023-11-13,6.388,6.258,6.408,6.198,588634.34,370562.14,0.9933333333333334,,0.0
2023-11-14,6.258,6.3180000000000005,6.3180000000000005,6.208,432953.2,273353.238,0.9933962264150944,,0.0
2023-11-15,6.308,6.468,6.468,6.268,573358.1,367308.418,0.9935483870967742,,0.0
2023-11-16,6.378,6.3580000000000005,6.498,6.338,418016.61,269237.28,0.9934375,,0.0
2023-11-17,6.3580000000000005,6.558,6.658,6.248,666642.82,432233.658,0.9936363636363637,,0.0
2023-11-20,6.538,6.898000000000001,7.158,6.478,904706.62,621539.784,0.9939481268011529,,0.0
2023-11-21,6.828,6.808,6.958,6.758,599474.2,413490.218,0.993868613138686,,0.0
2023-11-22,6.828,6.828,7.078,6.758,658012.45,457384.298,0.993886462882096,,0.0
2023-11-23,7.168,7.308,7.518,7.128,1437847.79,1077557.349,0.9942857142857144,,0.0
2023-11-24,7.438000000000001,7.308,7.588,7.058,1420712.98,1054104.887,0.9942857142857144,,0.0
2023-11-27,7.198,6.908,7.208,6.808,946246.86,664877.944,0.9939568345323742,,0.0
2023-11-28,6.768,6.8180000000000005,6.908,6.588,548318.72,372287.132,0.9938775510204082,,0.0
2023-11-29,6.798,6.628,6.848,6.6080000000000005,373117.54,250804.365,0.9937031484257872,,0.0
2023-11-30,6.668,6.678,6.708,6.5280000000000005,431737.77,288345.781,0.99375,,0.0
2023-12-01,6.638,6.598,6.758,6.548,395509.78,263497.689,0.9936746987951808,,0.0
2023-12-04,6.578,6.618,6.748,6.5680000000000005,380011.53,253937.635,0.9936936936936938,,0.0
2023-12-05,6.578,6.5280000000000005,6.668,6.5280000000000005,385597.29,255599.036,0.993607305936073,,0.0
2023-12-06,6.498,6.518,6.578,6.408,318539.74,208859.806,0.9935975609756098,,0.0
2023-12-07,6.518,6.3580000000000005,6.518,6.328,329110.29,212200.455,0.9934375,,0.0
2023-12-08,6.378,6.228,6.388,6.218,269977.32,170967.8,0.9933014354066986,,0.0
2023-12-11,6.258,6.298,6.398000000000001,6.218,267418.44,169640.038,0.9933753943217666,,0.0
2023-12-12,6.268,6.348,6.388,6.268,202592.0,129110.25,0.9934272300469484,,0.0
2023-12-13,6.388,6.468,6.618,6.348,536453.05,352014.364,0.9935483870967742,,0.0
2023-12-14,6.458,6.3180000000000005,6.498,6.298,346181.0,222129.278,0.9933962264150944,,0.0
2023-12-15,6.3180000000000005,6.238,6.3580000000000005,6.218,209083.65,131603.668,0.993312101910828,,0.0
2023-12-18,6.238,6.298,6.488,6.208,349146.59,223357.063,0.9933753943217666,,0.0
2023-12-19,6.298,6.168,6.308,6.118,289239.42,179399.557,0.9932367149758454,,0.0
2023-12-20,6.148000000000001,6.188000000000001,6.3580000000000005,6.148000000000001,257803.25,162416.102,0.9932584269662922,,0.0
2023-12-21,6.168,6.138,6.178,5.958,228536.0,139863.84,0.9932038834951455,,0.0
2023-12-22,6.128,6.078,6.228,6.048,184792.0,113877.715,0.9931372549019608,,0.0
2023-12-25,6.018,6.048,6.088,5.948,184049.08,111299.163,0.993103448275862,,0.0
2023-12-26,6.018,6.1080000000000005,6.138,6.018,221105.51,135475.749,0.9931707317073172,,0.0
2023-12-27,6.118,5.978,6.158,5.948,203893.5,123310.036,0.9930232558139536,,0.0
2023-12-28,5.998,6.038,6.078,5.908,188981.84,114579.812,0.993092105263158,,0.0
2023-12-29,6.008,6.088,6.098,6.008,156776.82,95914.431,0.9931484502446982,,0.0
2024-01-02,6.088,6.128,6.178,6.088,181377.49,112109.85,0.9931928687196112,,0.0
2024-01-03,6.1080000000000005,6.118,6.288,6.058,289471.0,179895.389,0.9931818181818182,,0.0
2024-01-04,6.048,6.128,6.158,6.008,220353.24,135323.004,0.9931928687196112,,0.0
2024-01-05,6.138,5.988,6.168,5.968,184902.0,112519.682,0.9930348258706468,,0.0
2024-01-08,5.988,5.908,6.0280000000000005,5.908,135682.13,81428.531,0.9929411764705882,,0.0
2024-01-09,5.928,5.918,5.988,5.848,116756.01,69462.972,0.9929530201342284,,0.0
2024-01-10,5.938000000000001,5.828,5.968,5.8180000000000005,127454.0,75484.405,0.9928449744463372,,0.0
2024-01-11,5.868,5.948,5.998,5.868,133937.23,79911.937,0.9929883138564274,,0.0
2024-01-12,5.898000000000001,5.798,5.948,5.788,119645.01,70677.498,0.9928082191780824,,0.0
2024-01-15,5.7780000000000005,5.828,5.898000000000001,5.758,98129.4,57685.349,0.9928449744463372,,0.0
2024-01-16,5.838,5.7780000000000005,5.838,5.678,125991.0,72769.057,0.9927835051546392,,0.0
2024-01-17,5.788,5.638,5.8180000000000005,5.618,103158.18,59279.546,0.992605633802817,,0.0
2024-01-18,5.588,5.5680000000000005,5.6080000000000005,5.408,147471.77,81808.477,0.9925133689839571,,0.0
2024-01-19,5.598,5.488,5.618,5.488,80557.65,45087.744,0.9924050632911392,,0.0
2024-01-22,5.518,5.148000000000001,5.538,5.088,132819.0,71177.028,0.9919075144508672,,0.0
2024-01-23,5.168,5.128,5.208,5.048,116312.27,60077.964,0.9918762088974856,,0.0
2024-01-24,5.158,5.218,5.248,5.0280000000000005,129025.65,67068.178,0.9920152091254754,,0.0
2024-01-25,5.218,5.458,5.468,5.188000000000001,145587.42,78647.12,0.9923636363636364,,0.0
2024-01-26,5.468,5.518,5.648000000000001,5.418,141223.26,78856.389,0.9924460431654676,,0.0
2024-01-29,5.5280000000000005,5.438000000000001,5.618,5.3580000000000005,111408.36,61349.467,0.9923357664233576,,0.0
2024-01-30,5.598,5.298,5.598,5.2780000000000005,135240.41,73526.262,0.9921348314606742,,0.0
2024-01-31,5.308,4.988,5.3180000000000005,4.958,145201.0,74961.02,0.9916500994035784,,0.0
2024-02-01,4.958,4.888,5.0280000000000005,4.8180000000000005,126194.98,62671.676,0.9914807302231238,,0.0
2024-02-02,4.918,4.668,5.0680000000000005,4.408,199554.56,95817.946,0.9910828025477708,,0.0
2024-02-05,4.618,4.198,4.658,4.198,223615.01,96159.15,0.9900943396226416,,0.0
2024-02-06,3.868,4.1080000000000005,4.3180000000000005,3.778,325292.95,130811.614,0.9898795180722892,,0.0
2024-02-07,4.1080000000000005,3.888,4.168,3.828,353877.76,141561.07,0.9893129770992368,,0.0
2024-02-08,3.958,4.178,4.178,3.708,336178.67,134402.165,0.990047393364929,,0.0
2024-02-19,4.208,4.448,4.498,4.208,300370.21,133242.994,0.9906458797327394,,0.0
2024-02-20,4.458,4.578,4.708,4.368,237522.32,109424.746,0.990909090909091,,0.0
2024-02-21,4.508,4.558,4.688000000000001,4.438000000000001,205844.35,95272.996,0.9908695652173912,,0.0
2024-02-22,4.558,4.668,4.688000000000001,4.538,189466.96,88247.631,0.9910828025477708,,0.0
2024-02-23,4.678,4.788,4.808,4.638,179462.52,85452.33,0.991304347826087,,0.0
2024-02-26,4.798,4.968,5.058,4.798,226911.43,113086.856,0.991616766467066,,0.0
2024-02-27,4.948,5.048,5.048,4.8580000000000005,164305.1,82794.272,0.9917485265225934,,0.0
2024-02-28,5.048,4.748,5.218,4.708,268637.0,135629.955,0.991231732776618,,0.0
2024-02-29,4.698,4.848,4.8580000000000005,4.648000000000001,153007.59,73989.834,0.9914110429447852,,0.0
2024-03-01,4.868,4.888,4.908,4.798,112361.39,55082.097,0.9914807302231238,,0.0
2024-03-04,4.898000000000001,5.098,5.098,4.888,228566.0,115978.12,0.9918287937743192,,0.0
2024-03-05,5.0680000000000005,4.918,5.078,4.908,165213.8,82604.868,0.9915322580645162,,0.0
2024-03-06,4.908,4.928,4.988,4.808,125403.01,61911.388,0.991549295774648,,0.0
2024-03-07,4.948,4.848,4.988,4.828,122116.0,60418.789,0.9914110429447852,,0.0
2024-03-08,4.8580000000000005,4.898000000000001,4.918,4.8180000000000005,109355.0,53799.188,0.991497975708502,,0.0
2024-03-11,4.938000000000001,4.988,4.998,4.888,129630.39,64702.964,0.9916500994035784,,0.0
2024-03-12,5.038,5.128,5.188000000000001,5.008,186905.05,96466.69,0.9918762088974856,,0.0
2024-03-13,5.128,5.1080000000000005,5.138,5.058,121027.48,62128.145,0.9918446601941748,,0.0
2024-03-14,5.208,5.128,5.328,5.078,173183.55,90421.859,0.9918762088974856,,0.0
2024-03-15,5.088,5.148000000000001,5.188000000000001,5.078,98408.6,50933.709,0.9919075144508672,,0.0
2024-03-18,5.158,5.238,5.238,5.128,137686.19,72178.482,0.9920454545454546,,0.0
2024-03-19,5.238,5.2780000000000005,5.338,5.238,134002.04,71374.905,0.9921052631578948,,0.0
2024-03-20,5.2780000000000005,5.368,5.368,5.238,121958.01,65335.194,0.9922365988909428,,0.0
2024-03-21,5.408,5.468,5.5280000000000005,5.368,167092.43,91713.237,0.992377495462795,,0.0
2024-03-22,5.448,5.328,5.488,5.268,145249.0,78309.349,0.9921787709497208,,0.0
2024-03-25,5.298,5.148000000000001,5.398000000000001,5.058,133624.0,70771.925,0.9919075144508672,,0.0
2024-03-26,5.148000000000001,5.178,5.208,5.088,92447.0,48035.695,0.9919540229885058,,0.0
2024-03-27,5.158,5.158,5.288,5.138,127271.81,66912.748,0.9919230769230768,,0.0
2024-03-28,5.218,5.218,5.2780000000000005,5.088,156115.24,82292.617,0.9920152091254754,,0.0
2024-03-29,5.208,5.238,5.2780000000000005,5.168,118643.38,62378.43,0.9920454545454546,,0.0
2024-04-01,5.228,5.328,5.328,5.208,151446.05,80457.446,0.9921787709497208,,0.0
2024-04-02,5.308,5.268,5.3180000000000005,5.238,113332.95,60247.39,0.992090395480226,,0.0
2024-04-03,5.258,5.268,5.288,5.178,111653.58,59007.001,0.992090395480226,,0.0
2024-04-08,5.2780000000000005,5.128,5.288,5.128,100335.0,52552.569,0.9918762088974856,,0.0
2024-04-09,5.118,5.238,5.238,5.088,99073.64,51552.951,0.9920454545454546,,0.0
2024-04-10,5.238,5.398000000000001,5.548,5.158,367800.32,199669.014,0.992279411764706,,0.0
2024-04-11,5.418,5.548,5.648000000000001,5.3580000000000005,512877.73,286062.4,0.9924865831842576,,0.0
2024-04-12,5.468,5.618,5.708,5.428,413179.88,233108.224,0.9925795053003534,,0.0
2024-04-15,5.588,5.238,5.638,5.128,349461.58,186900.568,0.9920454545454546,,0.0
2024-04-16,5.148000000000001,4.708,5.178,4.708,364710.49,178343.439,0.991157894736842,,0.0
2024-04-17,4.548,4.928,4.968,4.548,314122.49,153496.776,0.991549295774648,,0.0
2024-04-18,4.918,4.688000000000001,4.918,4.668,212280.24,102002.579,0.9911205073995772,,0.0
2024-04-19,4.638,4.748,4.828,4.578,154999.95,74041.356,0.991231732776618,,0.0
2024-04-22,4.718,4.878,4.918,4.708,178418.94,87150.28,0.9914634146341464,,0.0
2024-04-23,4.848,5.018,5.098,4.8180000000000005,167652.76,84305.218,0.991699604743083,,0.0
2024-04-24,4.948,4.908,5.038,4.828,179424.47,88513.91,0.9915151515151516,,0.0
2024-04-25,4.908,5.008,5.038,4.8580000000000005,136683.65,68447.051,0.9916831683168316,,0.0
2024-04-26,5.008,4.968,5.008,4.688000000000001,234754.46,115561.862,0.991616766467066,,0.0
2024-04-29,4.918,5.038,5.038,4.888,254480.83,128006.439,0.991732283464567,,0.0
2024-04-30,5.038,5.048,5.128,5.018,175416.0,89685.332,0.9917485265225934,,0.0
2024-05-06,5.038,5.198,5.238,5.038,195006.0,101472.345,0.9919847328244276,,0.0
2024-05-07,5.208,5.178,5.238,5.128,132228.4,68960.677,0.9919540229885058,,0.0
2024-05-08,5.178,5.228,5.258,5.128,167438.7,87883.974,0.9920303605313092,,0.0
2024-05-09,5.178,5.338,5.3580000000000005,5.118,207475.9,110526.3,0.992193308550186,,0.0
2024-05-10,5.338,5.298,5.348,5.208,184930.4,98446.017,0.9921348314606742,,0.0
2024-05-13,5.298,5.248,5.348,5.218,174763.4,92818.289,0.9920604914933838,,0.0
2024-05-14,5.188000000000001,5.228,5.368,5.178,265765.0,141368.445,0.9920303605313092,,0.0
2024-05-15,5.168,5.148000000000001,5.228,5.098,186183.0,96526.749,0.9919075144508672,,0.0
2024-05-16,5.168,5.128,5.198,5.1080000000000005,109811.91,56951.191,0.9918762088974856,,0.0
2024-05-17,5.1080000000000005,5.1080000000000005,5.158,5.058,111418.0,57326.068,0.9918446601941748,,0.0
2024-05-20,5.098,5.148000000000001,5.148000000000001,5.078,105830.3,54577.548,0.9919075144508672,,0.0
2024-05-21,5.148000000000001,5.0280000000000005,5.148000000000001,4.998,113367.0,57751.622,0.991715976331361,,0.0
2024-05-22,5.018,4.998,5.058,4.958,75922.2,38303.51,0.9916666666666668,,0.0
2024-05-23,4.988,4.868,4.988,4.848,100494.0,49681.816,0.9914460285132384,,0.0
2024-05-24,4.8580000000000005,4.848,4.908,4.848,65923.0,32421.515,0.9914110429447852,,0.0
2024-05-27,4.8580000000000005,4.838,4.878,4.768,69013.0,33479.633,0.9913934426229508,,0.0
2024-05-28,4.8180000000000005,4.738,4.828,4.738,80844.0,38937.689,0.9912133891213388,,0.0
2024-05-29,4.7780000000000005,4.728,4.7780000000000005,4.678,65714.0,31360.48,0.9911949685534592,,0.0
2024-05-30,4.728,4.668,4.738,4.658,74174.0,35070.619,0.9910828025477708,,0.0
2024-05-31,4.668,4.718,4.738,4.658,63427.81,30043.45,0.9911764705882352,,0.0
2024-06-03,4.698,4.538,4.698,4.498,112639.0,51931.369,0.9908296943231442,,0.0
2024-06-04,4.538,4.488,4.548,4.448,95077.0,42994.317,0.990728476821192,,0.0
2024-06-05,4.498,4.418,4.498,4.408,79598.0,35737.478,0.9905829596412556,,0.0
2024-06-06,4.418,4.188000000000001,4.438000000000001,4.158,143168.0,61595.929,0.9900709219858156,,0.0
2024-06-07,4.258,4.428,4.428,4.258,150637.28,66184.861,0.9906040268456376,,0.0
2024-06-11,4.398000000000001,4.388,4.418,4.308,81860.2,36018.168,0.9905191873589164,,0.0
2024-06-12,4.398000000000001,4.468,4.498,4.348,92685.0,41657.424,0.9906873614190688,,0.0
2024-06-13,4.438000000000001,4.368,4.488,4.348,74162.5,32957.617,0.9904761904761904,,0.0
2024-06-14,4.378,4.348,4.398000000000001,4.308,61179.0,26873.123,0.9904328018223236,,0.0
2024-06-17,4.308,4.288,4.3580000000000005,4.268,54696.0,23811.684,0.9903002309468822,,0.0
2024-06-18,4.288,4.328,4.348,4.2780000000000005,54179.44,23611.366,0.9903890160183066,,0.0
2024-06-19,4.328,4.308,4.3580000000000005,4.2780000000000005,56787.05,24761.852,0.9903448275862068,,0.0
2024-06-20,4.328,4.208,4.3580000000000005,4.188000000000001,84922.0,36602.437,0.9901176470588235,,0.0
2024-06-21,4.198,4.238,4.288,4.158,66659.0,28524.424,0.9901869158878503,,0.0
2024-06-24,4.228,4.078,4.238,4.038,87491.5,36367.261,0.9898058252427184,,0.0
2024-06-25,4.118,4.118,4.168,4.078,71755.0,29926.887,0.9899038461538462,,0.0
2024-06-26,4.148000000000001,4.308,4.308,4.118,81498.54,34596.568,0.9903448275862068,,0.0
2024-06-27,4.298,4.198,4.308,4.178,60509.7,25948.499,0.9900943396226416,,0.0
2024-06-28,4.208,4.158,4.258,4.138,77409.0,32866.212,0.99,,0.0
2024-07-01,4.158,4.3180000000000005,4.328,4.138,118649.58,50922.035,0.9903669724770644,,0.0
2024-07-02,4.3180000000000005,4.388,4.428,4.268,96675.04,42750.438,0.9905191873589164,,0.0
2024-07-03,4.418,4.338,4.428,4.308,66702.0,29367.048,0.9904109589041096,,0.0
2024-07-04,4.338,4.178,4.3580000000000005,4.178,63630.3,27256.579,0.990047393364929,,0.0
2024-07-05,4.188000000000001,4.348,4.348,4.138,102104.0,43927.145,0.9904328018223236,,0.0
2024-07-08,4.338,4.168,4.338,4.148000000000001,85032.3,36083.88,0.9900237529691212,,0.0
2024-07-09,4.136,4.146,4.186,4.006,101303.3,41756.19,0.9942446043165468,,0.0
2024-07-10,4.146,4.166,4.246,4.086,80964.14,33959.927,0.9942720763723152,,0.0
2024-07-11,4.256,4.296,4.296,4.196,88894.0,38058.188,0.9944444444444444,,0.0
2024-07-12,4.336,4.316,4.406,4.306,103838.29,45428.722,0.9944700460829492,,0.0
2024-07-15,4.316,4.226,4.326,4.206,67960.0,28958.904,0.9943529411764706,,0.0
2024-07-16,4.246,4.226,4.256,4.176,57123.0,24233.843,0.9943529411764706,,0.0
2024-07-17,4.236,4.196,4.236,4.156,48217.0,20349.455,0.9943127962085307,,0.0
2024-07-18,4.176,4.236,4.236,4.116,61222.0,25726.885,0.9943661971830986,,0.0
2024-07-19,4.216,4.246,4.256,4.156,55648.01,23592.368,0.9943793911007026,,0.0
2024-07-22,4.246,4.296,4.306,4.206,64142.0,27526.387,0.9944444444444444,,0.0
2024-07-23,4.306,4.206,4.316,4.196,70063.0,30000.4,0.9943262411347518,,0.0
2024-07-24,4.206,4.116,4.216,4.106,70150.12,29284.217,0.9942028985507246,,0.0
2024-07-25,4.126,4.136,4.166,4.076,44831.73,18603.785,0.9942307692307693,,0.0
2024-07-26,4.156,4.186,4.196,4.136,53843.17,22589.015,0.9942992874109264,,0.0
2024-07-29,4.166,4.176,4.206,4.146,45333.67,19049.605,0.9942857142857144,,0.0
2024-07-30,4.176,4.206,4.216,4.166,48443.11,20465.034,0.9943262411347518,,0.0
2024-07-31,4.226,4.356,4.366,4.196,97976.11,42553.546,0.9945205479452056,,0.0
2024-08-01,4.366,4.366,4.456,4.356,96505.17,42616.654,0.9945330296127562,,0.0
2024-08-02,4.406,4.586,4.626,4.366,308491.31,141408.921,0.9947939262472884,,0.0
2024-08-05,4.486,4.556,4.686,4.466,272370.24,126054.851,0.994759825327511,,0.0
2024-08-06,4.556,4.896,5.016,4.496,469527.64,224968.285,0.9951219512195122,,0.0
2024-08-07,4.826,4.696,4.876,4.656,346945.35,164492.609,0.994915254237288,,0.0
2024-08-08,4.656,4.646,4.776,4.626,244319.68,115575.131,0.9948608137044967,,0.0
2024-08-09,4.636,4.606,4.686,4.586,159156.94,73992.413,0.994816414686825,,0.0
2024-08-12,4.736,4.756,4.866,4.716,299892.92,144118.38,0.994979079497908,,0.0
2024-08-13,4.706,4.646,4.726,4.596,180115.0,84185.386,0.9948608137044967,,0.0
2024-08-14,4.646,4.586,4.646,4.546,110821.0,51170.321,0.9947939262472884,,0.0
2024-08-15,4.596,4.566,4.656,4.536,99866.0,45989.14,0.9947712418300654,,0.0
2024-08-16,4.546,4.616,4.636,4.506,106382.62,49041.008,0.9948275862068966,,0.0
2024-08-19,4.616,4.526,4.626,4.506,87569.3,40055.232,0.9947252747252748,,0.0
2024-08-20,4.526,4.446,4.556,4.416,93403.32,41982.391,0.9946308724832216,,0.0
2024-08-21,4.436,4.396,4.456,4.376,67167.64,29754.671,0.9945701357466064,,0.0
2024-08-22,4.396,4.326,4.426,4.306,59628.0,26178.255,0.9944827586206896,,0.0
2024-08-23,4.316,4.286,4.356,4.256,61546.0,26589.537,0.994431554524362,,0.0
2024-08-26,4.306,4.306,4.336,4.226,55096.0,23782.808,0.9944572748267898,,0.0
2024-08-27,4.316,4.316,4.406,4.286,72791.62,31686.132,0.9944700460829492,,0.0
2024-08-28,4.296,4.356,4.386,4.256,67536.87,29435.686,0.9945205479452056,,0.0
2024-08-29,4.336,4.406,4.416,4.306,60123.86,26424.798,0.9945823927765236,,0.0
2024-08-30,4.396,4.416,4.496,4.366,88745.0,39628.915,0.9945945945945944,,0.0
2024-09-02,4.416,4.356,4.456,4.346,71337.0,31590.813,0.9945205479452056,,0.0
2024-09-03,4.346,4.306,4.396,4.276,70936.01,30868.428,0.9944572748267898,,0.0
2024-09-04,4.276,4.266,4.336,4.256,54279.0,23424.905,0.9944055944055944,,0.0
2024-09-05,4.256,4.356,4.386,4.256,54181.0,23619.298,0.9945205479452056,,0.0
2024-09-06,4.346,4.286,4.386,4.276,47752.0,20678.236,0.994431554524362,,0.0
2024-09-09,4.286,4.326,4.376,4.256,52110.62,22675.148,0.9944827586206896,,0.0
2024-09-10,4.356,4.316,4.376,4.256,57831.0,24979.976,0.9944700460829492,,0.0
2024-09-11,4.306,4.286,4.336,4.266,42231.0,18246.717,0.994431554524362,,0.0
2024-09-12,4.286,4.296,4.366,4.286,54599.0,23777.657,0.9944444444444444,,0.0
2024-09-13,4.306,4.246,4.336,4.236,51277.47,22053.819,0.9943793911007026,,0.0
2024-09-18,4.236,4.346,4.676,4.166,169665.67,73200.111,0.994508009153318,,0.0
2024-09-19,4.366,4.416,4.436,4.296,142766.66,62971.835,0.9945945945945944,,0.0
2024-09-20,4.366,4.296,4.386,4.286,95665.0,41579.07,0.9944444444444444,,0.0
2024-09-23,4.456,4.556,4.716,4.396,310862.62,142290.253,0.994759825327511,,0.0
2024-09-24,4.476,4.576,4.586,4.436,270511.83,122919.174,0.9947826086956522,,0.0
2024-09-25,4.586,4.656,4.816,4.556,316191.21,147802.557,0.9948717948717948,,0.0
2024-09-26,4.596,4.706,4.706,4.556,224300.47,104559.728,0.9949260042283298,,0.0
2024-09-27,4.746,4.856,4.896,4.716,208924.47,100845.753,0.9950819672131148,,0.0
2024-09-30,5.026,5.256,5.306,4.886,478805.8,245982.545,0.9954545454545456,,0.0
2024-10-08,5.776,5.486,5.776,5.236,476536.31,262043.194,0.9956442831215973,,0.0
2024-10-09,5.396,5.146,5.396,4.946,464732.08,242411.387,0.995357833655706,,0.0
2024-10-10,5.146,5.146,5.276,5.086,237853.87,123708.08,0.995357833655706,,0.0
2024-10-11,5.076,4.886,5.136,4.836,184001.49,91933.173,0.9951120162932792,,0.0
2024-10-14,4.886,4.956,4.966,4.826,150452.59,74202.837,0.9951807228915662,,0.0
2024-10-15,4.926,4.886,4.996,4.886,128101.0,63602.704,0.9951120162932792,,0.0
2024-10-16,4.786,4.896,4.946,4.766,102682.77,50476.197,0.9951219512195122,,0.0
2024-10-17,4.926,4.866,4.986,4.856,100953.96,49938.746,0.9950920245398772,,0.0
2024-10-18,4.866,4.976,5.066,4.856,180685.53,89948.91,0.9952,,0.0
2024-10-21,4.956,5.026,5.036,4.936,188224.37,94338.823,0.9952475247524752,,0.0
2024-10-22,5.026,5.126,5.156,5.006,187305.39,96119.936,0.9953398058252428,,0.0
2024-10-23,5.126,5.076,5.156,5.056,156983.69,80533.445,0.9952941176470588,,0.0
2024-10-24,5.066,5.096,5.156,5.066,122655.3,62995.546,0.9953125,,0.0
2024-10-25,5.086,5.146,5.156,5.076,171423.0,88235.539,0.995357833655706,,0.0
2024-10-28,5.166,5.316,5.336,5.146,224039.17,118553.373,0.995505617977528,,0.0
2024-10-29,5.326,5.216,5.366,5.176,196414.26,103598.222,0.9954198473282444,,0.0
2024-10-30,5.196,5.216,5.246,5.146,142508.72,74286.31,0.9954198473282444,,0.0
2024-10-31,5.186,5.226,5.256,5.176,119801.01,62888.467,0.9954285714285714,,0.0
2024-11-01,5.226,5.106,5.266,5.076,153639.52,79461.109,0.9953216374269006,,0.0
2024-11-04,5.126,5.156,5.176,5.096,96330.07,49718.294,0.9953667953667954,,0.0
2024-11-05,5.206,5.266,5.286,5.196,176869.95,93298.49,0.9954631379962192,,0.0
2024-11-06,5.296,5.246,5.296,5.176,172186.12,90610.213,0.9954459203036052,,0.0
2024-11-07,5.206,5.416,5.436,5.186,272461.81,146606.959,0.9955882352941176,,0.0
2024-11-08,5.476,5.456,5.516,5.366,234501.01,127811.312,0.9956204379562044,,0.0
2024-11-11,5.456,5.526,5.566,5.416,199160.73,109604.276,0.9956756756756756,,0.0
2024-11-12,5.556,5.546,5.696,5.496,301898.43,169724.749,0.9956912028725314,,0.0
2024-11-13,5.506,5.446,5.606,5.356,183806.06,100676.575,0.9956124314442412,,0.0
2024-11-14,5.416,5.276,5.476,5.266,136135.15,73241.589,0.9954716981132076,,0.0
2024-11-15,5.276,5.146,5.316,5.126,124989.0,65669.118,0.995357833655706,,0.0
2024-11-18,5.176,5.036,5.226,5.006,146153.0,74778.926,0.9952569169960476,,0.0
2024-11-19,5.066,5.116,5.126,4.996,100832.0,51264.368,0.9953307392996108,,0.0
2024-11-20,5.096,5.246,5.276,5.096,134794.0,70489.943,0.9954459203036052,,0.0
2024-11-21,5.256,5.326,5.436,5.236,166734.01,89354.638,0.9955140186915888,,0.0
2024-11-22,5.336,5.056,5.356,5.056,173324.01,90315.862,0.9952755905511812,,0.0
2024-11-25,5.076,5.216,5.226,5.046,131252.0,67569.601,0.9954198473282444,,0.0
2024-11-26,5.196,5.256,5.316,5.176,97387.0,51522.29,0.9954545454545456,,0.0
2024-11-27,5.276,5.276,5.296,5.056,126750.0,66079.976,0.9954716981132076,,0.0
2024-11-28,5.246,5.326,5.426,5.226,164348.0,88102.726,0.9955140186915888,,0.0
2024-11-29,5.326,5.356,5.386,5.276,156232.01,83911.309,0.995539033457249,,0.0
2024-12-02,5.406,5.436,5.446,5.356,174313.03,94720.888,0.9956043956043956,,0.0
2024-12-03,5.496,5.626,5.846,5.416,483932.87,273864.54,0.9957522123893804,,0.0
2024-12-04,5.556,5.406,5.616,5.376,282247.23,155753.169,0.9955801104972376,,0.0
2024-12-05,5.386,5.386,5.426,5.326,172950.01,93024.276,0.9955637707948244,,0.0
2024-12-06,5.366,5.506,5.516,5.316,197592.0,107787.926,0.9956600361663652,,0.0
2024-12-09,5.616,5.536,5.676,5.466,236040.01,131946.807,0.9974774774774774,,0.0
2024-12-10,5.626,5.476,5.666,5.466,214004.18,119080.149,0.9974499089253188,,0.0
2024-12-11,5.505999999999999,5.596,5.596,5.486,179520.1,100076.503,0.9975044563279856,,0.0
2024-12-12,5.636,5.716,5.726,5.545999999999999,264524.0,150255.535,0.9975567190226876,,0.0
2024-12-13,5.676,5.606,5.726,5.585999999999999,169713.1,95999.461,0.9975088967971528,,0.0
2024-12-16,5.606,5.626,5.696,5.606,137156.88,77653.476,0.997517730496454,,0.0
2024-12-17,5.616,5.346,5.626,5.295999999999999,191319.0,103785.847,0.9973880597014924,,0.0
2024-12-18,5.386,5.335999999999999,5.426,5.246,110533.01,59290.661,0.9973831775700934,,0.0
2024-12-19,5.286,5.295999999999999,5.356,5.206,110165.0,58169.107,0.9973634651600752,,0.0
2024-12-20,5.295999999999999,5.426,5.446,5.276,145994.0,78555.287,0.9974264705882352,,0.0
2024-12-23,5.466,5.056,5.466,5.045999999999999,236226.09,122953.615,0.9972386587771204,,0.0
2024-12-24,5.136,5.266,5.276,5.076,194281.55,101358.859,0.9973484848484848,,0.0
2024-12-25,5.295999999999999,5.166,5.335999999999999,5.136,168844.41,88336.833,0.9972972972972972,,0.0
2024-12-26,5.146,5.136,5.196,5.096,119749.0,61705.499,0.9972815533980582,,0.0
2024-12-27,5.126,5.236,5.295999999999999,5.085999999999999,138417.0,72540.917,0.9973333333333332,,0.0
2024-12-30,5.216,5.176,5.236,5.136,99767.0,51791.498,0.9973025048169556,,0.0
2024-12-31,5.166,5.076,5.206,5.056,130884.0,67027.997,0.9972495088408644,,0.0
2025-01-02,5.066,4.976,5.106,4.926,114948.52,57915.263,0.9971943887775552,,0.0
2025-01-03,4.986,4.936,5.106,4.886,141366.95,70831.271,0.9971717171717172,,0.0
2025-01-06,5.066,5.436,5.436,4.996,507950.99,270329.685,0.9974311926605504,,0.0
2025-01-07,5.466,5.396,5.536,5.246,537498.41,289736.769,0.9974121996303142,,0.0
2025-01-08,5.386,5.386,5.496,5.276,353261.35,191209.613,0.9974074074074074,,0.0
2025-01-09,5.406,5.226,5.426,5.206,269717.36,142517.547,0.9973282442748092,,0.0
2025-01-10,5.216,4.926,5.236,4.906,244082.0,123528.46,0.997165991902834,,0.0
2025-01-13,4.906,4.906,4.966,4.696,154491.15,75131.864,0.9971544715447154,,0.0
2025-01-14,5.036,5.106,5.126,4.936,158400.22,80106.426,0.997265625,,0.0
2025-01-15,5.106,4.986,5.106,4.966,132073.1,66354.208,0.9972,,0.0
2025-01-16,5.005999999999999,5.045999999999999,5.106,4.986,116941.0,59154.145,0.9972332015810276,,0.0
2025-01-17,5.026,5.066,5.096,4.986,90532.0,45816.326,0.997244094488189,,0.0
2025-01-20,5.116,5.236,5.326,5.056,220583.52,115355.883,0.9973333333333332,,0.0
2025-01-21,5.246,5.146,5.255999999999999,5.106,126483.0,65321.506,0.9972868217054264,,0.0
2025-01-22,5.146,5.106,5.146,5.045999999999999,89721.0,45748.738,0.997265625,,0.0
2025-01-23,5.156,5.166,5.286,5.136,155699.0,81684.592,0.9972972972972972,,0.0
2025-01-24,5.226,5.176,5.266,5.136,125402.0,65227.97,0.9973025048169556,,0.0
2025-01-27,5.176,5.246,5.276,5.156,105196.0,55197.32,0.9973384030418252,,0.0
2025-02-05,5.295999999999999,5.346,5.456,5.286,188384.01,101262.04,0.9973880597014924,,0.0
2025-02-06,5.306,5.376,5.386,5.236,147984.05,79240.378,0.9974025974025974,,0.0
2025-02-07,5.376,5.376,5.416,5.326,166712.0,89879.837,0.9974025974025974,,0.0
2025-02-10,5.376,5.476,5.486,5.376,183425.0,100104.045,0.9974499089253188,,0.0
2025-02-11,5.476,5.426,5.486,5.396,111323.02,60445.402,0.9974264705882352,,0.0
2025-02-12,5.416,5.376,5.436,5.316,143135.0,76895.791,0.9974025974025974,,0.0
2025-02-13,5.376,5.326,5.396,5.326,90678.0,48657.643,0.997378277153558,,0.0
2025-02-14,5.326,5.326,5.406,5.316,102418.0,55000.035,0.997378277153558,,0.0
2025-02-17,5.376,5.386,5.426,5.316,116862.95,62955.701,0.9974074074074074,,0.0
2025-02-18,5.376,5.226,5.386,5.216,121866.0,64666.661,0.9973282442748092,,0.0
2025-02-19,5.246,5.236,5.246,5.166,103605.54,54078.481,0.9973333333333332,,0.0
2025-02-20,5.236,5.406,5.766,5.226,467977.95,258093.64,0.9974169741697416,,0.0
2025-02-21,5.456,5.335999999999999,5.486,5.316,263471.0,141531.571,0.9973831775700934,,0.0
2025-02-24,5.356,5.516,5.566,5.316,381618.54,208973.307,0.9974683544303796,,0.0
2025-02-25,5.476,5.536,5.616,5.436,262018.3,145614.676,0.9974774774774774,,0.0
2025-02-26,5.545999999999999,5.526,5.596,5.456,180442.0,99706.594,0.9974729241877256,,0.0
2025-02-27,5.505999999999999,5.456,5.526,5.376,166181.83,90643.666,0.9974405850091408,,0.0
2025-02-28,5.446,5.366,5.476,5.346,119766.32,64749.51,0.9973977695167284,,0.0
2025-03-03,5.376,5.356,5.486,5.326,120772.01,65445.161,0.9973929236499068,,0.0
2025-03-04,5.335999999999999,5.356,5.386,5.316,101188.0,54234.64,0.9973929236499068,,0.0
2025-03-05,5.366,5.286,5.376,5.236,121170.3,64006.0,0.9973584905660376,,0.0
2025-03-06,5.286,5.306,5.316,5.206,133229.08,70385.213,0.9973684210526316,,0.0
2025-03-07,5.306,5.246,5.306,5.216,139690.1,73604.465,0.9973384030418252,,0.0
2025-03-10,5.226,5.266,5.306,5.226,87737.1,46309.778,0.9973484848484848,,0.0
2025-03-11,5.216,5.236,5.246,5.186,87226.95,45618.521,0.9973333333333332,,0.0
2025-03-12,5.236,5.266,5.306,5.216,98601.28,52024.775,0.9973484848484848,,0.0
2025-03-13,5.266,5.226,5.276,5.186,94015.07,49163.104,0.9973282442748092,,0.0
2025-03-14,5.236,5.326,5.326,5.206,127052.96,67272.093,0.997378277153558,,0.0
2025-03-17,5.335999999999999,5.356,5.436,5.326,136282.05,73486.55,0.9973929236499068,,0.0
2025-03-18,5.356,5.376,5.386,5.326,79776.13,42860.427,0.9974025974025974,,0.0
2025-03-19,5.466,5.416,5.545999999999999,5.396,221122.0,121063.176,0.9974217311233884,,0.0
2025-03-20,5.416,5.516,5.516,5.396,187657.2,102881.984,0.9974683544303796,,0.0
2025-03-21,5.686,5.406,5.706,5.376,354896.0,196228.192,0.9974169741697416,,0.0
2025-03-24,5.316,5.255999999999999,5.436,5.166,227740.01,120742.081,0.9973434535104364,,0.0
2025-03-25,5.246,5.286,5.316,5.176,140261.0,73696.302,0.9973584905660376,,0.0
2025-03-26,5.255999999999999,5.335999999999999,5.366,5.206,129507.06,69149.381,0.9973831775700934,,0.0
2025-03-27,5.346,5.396,5.416,5.226,135373.3,72423.748,0.9974121996303142,,0.0
2025-03-28,5.386,5.346,5.505999999999999,5.346,163183.0,88503.722,0.9973880597014924,,0.0
2025-03-31,5.316,5.236,5.326,5.166,138021.0,72469.69,0.9973333333333332,,0.0
2025-04-01,5.246,5.466,5.556,5.236,306337.0,167102.867,0.9974452554744524,,0.0
2025-04-02,5.466,5.406,5.496,5.376,164725.0,89779.935,0.9974169741697416,,0.0
2025-04-03,5.366,5.526,5.545999999999999,5.346,223747.0,122971.051,0.9974729241877256,,0.0
2025-04-07,5.346,4.976,5.346,4.976,284740.0,145973.668,0.9971943887775552,,0.0
2025-04-08,4.966,4.896,5.045999999999999,4.776,229385.35,112766.889,0.9971486761710794,,0.0
2025-04-09,4.876,4.896,4.926,4.496,261588.7,123431.543,0.9971486761710794,,0.0
2025-04-10,4.946,5.016,5.066,4.946,167135.01,84055.867,0.9972166998011928,,0.0
2025-04-11,4.986,4.976,5.045999999999999,4.936,102269.04,51215.448,0.9971943887775552,,0.0
2025-04-14,5.016,5.106,5.166,5.016,139420.0,71316.714,0.997265625,,0.0
2025-04-15,5.076,5.116,5.146,5.036,94521.0,48276.21,0.997270955165692,,0.0
2025-04-16,5.066,5.026,5.116,4.936,115189.26,57967.546,0.997222222222222,,0.0
2025-04-17,5.005999999999999,5.056,5.106,4.996,80869.0,41146.535,0.9972386587771204,,0.0
2025-04-18,5.066,5.036,5.146,4.996,79422.0,40237.063,0.9972277227722772,,0.0
2025-04-21,5.045999999999999,5.106,5.106,4.996,80360.0,40923.599,0.997265625,,0.0
2025-04-22,5.106,5.136,5.146,5.066,84279.0,43238.388,0.9972815533980582,,0.0
2025-04-23,5.146,5.116,5.156,5.096,78252.0,40154.547,0.997270955165692,,0.0
2025-04-24,5.136,5.166,5.226,5.106,134379.0,69720.275,0.9972972972972972,,0.0
2025-04-25,5.206,5.206,5.266,5.126,109075.0,56810.689,0.9973180076628352,,0.0
2025-04-28,5.196,5.126,5.206,5.106,85781.0,44188.148,0.9972762645914396,,0.0
2025-04-29,5.126,5.136,5.176,5.076,59370.0,30647.872,0.9972815533980582,,0.0
2025-04-30,5.096,5.005999999999999,5.136,4.996,167906.7,84939.209,0.997211155378486,,0.0
2025-05-06,5.066,5.116,5.116,4.996,86970.59,44270.472,0.997270955165692,,0.0
2025-05-07,5.156,5.116,5.206,5.076,109515.58,56360.621,0.997270955165692,,0.0
2025-05-08,5.085999999999999,5.156,5.186,5.066,103030.0,53055.963,0.9972920696324952,,0.0
2025-05-09,5.166,5.376,5.456,5.106,337693.9,179633.984,0.9974025974025974,,0.0
2025-05-12,5.386,5.346,5.456,5.326,209027.54,112773.888,0.9973880597014924,,0.0
2025-05-13,5.376,5.326,5.386,5.286,125077.0,67032.059,0.997378277153558,,0.0
2025-05-14,5.326,5.316,5.366,5.236,124098.11,65854.17,0.997373358348968,,0.0
2025-05-15,5.316,5.306,5.335999999999999,5.255999999999999,66552.88,35350.257,0.9973684210526316,,0.0
2025-05-16,5.316,5.406,5.406,5.295999999999999,133266.0,71791.752,0.9974169741697416,,0.0
2025-05-19,5.406,5.396,5.505999999999999,5.376,180706.03,98326.25,0.9974121996303142,,0.0
2025-05-20,5.366,5.416,5.456,5.366,97011.03,52679.437,0.9974217311233884,,0.0
2025-05-21,5.426,5.386,5.426,5.376,84052.43,45475.807,0.9974074074074074,,0.0
2025-05-22,5.376,5.346,5.426,5.326,95325.63,51289.892,0.9973880597014924,,0.0
2025-05-23,5.335999999999999,5.356,5.486,5.335999999999999,152000.0,82701.54,0.9973929236499068,,0.0
2025-05-26,5.356,5.326,5.356,5.255999999999999,103477.05,54986.817,0.997378277153558,,0.0
2025-05-27,5.316,5.456,5.456,5.316,145821.0,78953.078,0.9974405850091408,,0.0
2025-05-28,5.436,5.386,5.496,5.366,79888.0,43372.852,0.9974074074074074,,0.0
2025-05-29,5.366,5.476,5.486,5.346,129782.0,70949.289,0.9974499089253188,,0.0
2025-05-30,5.476,5.566,5.676,5.446,245264.0,137256.08,0.9974910394265232,,0.0
2025-06-03,5.666,5.656,5.816,5.626,296869.27,169097.781,0.9975308641975308,,0.0
2025-06-04,5.746,5.835999999999999,5.906,5.656,442960.01,257675.057,0.9976068376068375,,0.0
2025-06-05,5.835999999999999,5.795999999999999,5.916,5.746,255768.21,149364.368,0.9975903614457832,,0.0
2025-06-06,5.816,5.755999999999999,5.866,5.686,198680.1,114436.799,0.9975736568457538,,0.0
2025-06-09,5.755999999999999,5.856,5.896,5.755999999999999,170726.47,100172.266,0.9976149914821124,,0.0
2025-06-10,5.856,5.906,6.016,5.826,275293.3,163221.132,0.9976351351351352,,0.0
2025-06-11,5.926,5.856,5.996,5.816,162309.09,95573.088,0.9976149914821124,,0.0
2025-06-12,5.846,6.126,6.176,5.806,256121.41,152768.931,0.9977198697068403,,0.0
2025-06-13,6.005999999999999,5.936,6.166,5.906,295626.01,177633.866,0.9976470588235292,,0.0
2025-06-16,5.926,5.926,6.005999999999999,5.886,158415.0,94318.758,0.9976430976430976,,0.0
2025-06-17,5.936,5.806,5.986,5.766,178798.0,104695.744,0.9975945017182132,,0.0
2025-06-18,5.755999999999999,5.676,5.795999999999999,5.636,134801.6,76864.686,0.9975395430579964,,0.0
2025-06-19,5.676,5.556,5.686,5.516,137555.0,76956.885,0.9974865350089768,,0.0
2025-06-20,5.545999999999999,5.545999999999999,5.666,5.496,104485.0,58223.36,0.9974820143884892,,0.0
2025-06-23,5.545999999999999,5.616,5.666,5.496,114040.3,64177.201,0.9975133214920072,,0.0
2025-06-24,5.616,5.786,5.816,5.596,146701.0,84018.471,0.9975862068965516,,0.0
2025-06-25,5.795999999999999,5.676,5.886,5.626,145246.0,82774.697,0.9975395430579964,,0.0
2025-06-26,5.666,5.556,5.686,5.536,132106.0,73831.001,0.9974865350089768,,0.0
2025-06-27,5.556,5.576,5.616,5.545999999999999,85569.0,47822.874,0.9974955277280858,,0.0
2025-06-30,5.566,5.576,5.576,5.496,95124.95,52816.247,0.9974955277280858,,0.0
2025-07-01,5.576,5.706,5.716,5.566,182145.21,103320.499,0.9975524475524477,,0.0
2025-07-02,5.706,5.686,5.886,5.636,134821.0,77202.974,0.9975438596491228,,0.0
2025-07-03,5.646,5.846,5.866,5.646,214294.09,124481.508,0.9976109215017064,,0.0
2025-07-04,5.846,5.826,5.936,5.766,139275.31,81205.369,0.9976027397260272,,0.0
2025-07-07,5.795999999999999,5.906,5.956,5.795999999999999,172469.3,102028.804,0.9976351351351352,,0.0
2025-07-08,5.896,5.896,5.966,5.856,115998.0,68618.113,0.9976311336717428,,0.0
2025-07-09,5.916,5.906,5.936,5.816,149314.01,87849.729,0.9976351351351352,,0.0
2025-07-10,5.926,5.996,6.045999999999999,5.896,180272.94,107997.232,0.9976705490848584,,0.0
2025-07-11,5.996,5.996,6.026,5.886,154020.0,91989.22,0.9976705490848584,,0.0
2025-07-14,5.996,6.266,6.426,5.976,362759.2,226770.587,0.9977707006369426,,0.0
2025-07-15,6.276,6.136,6.295999999999999,6.066,214646.2,132416.275,0.9977235772357724,,0.0
2025-07-16,6.196,6.216,6.236,6.106,135570.1,84040.552,0.997752808988764,,0.0
2025-07-17,6.206,6.255999999999999,6.335999999999999,6.186,145795.39,91534.476,0.9977671451355662,,0.0
2025-07-18,6.276,6.286,6.316,6.196,161818.0,101588.12,0.9977777777777778,,0.0
2025-07-21,6.295999999999999,6.236,6.335999999999999,6.176,134645.93,84025.997,0.99776,,0.0
2025-07-22,6.216,6.126,6.246,6.116,175685.01,108735.703,0.9977198697068403,,0.0
2025-07-23,6.126,6.146,6.206,6.085999999999999,125946.0,77595.27,0.9977272727272728,,0.0
2025-07-24,6.146,6.226,6.306,6.136,157780.51,97991.223,0.9977564102564104,,0.0
2025-07-25,6.236,6.156,6.276,6.146,132879.0,82808.78,0.9977309562398704,,0.0
2025-07-28,6.156,6.196,6.236,6.136,116305.01,72059.928,0.9977455716586152,,0.0
2025-07-29,6.216,6.246,6.255999999999999,6.056,171631.18,106355.724,0.9977635782747604,,0.0
2025-07-30,6.236,6.316,6.386,6.196,267552.0,168892.054,0.9977883096366508,,0.0
2025-07-31,6.316,6.186,6.316,6.166,174948.01,109546.624,0.9977419354838708,,0.0
2025-08-01,6.176,6.806,6.806,6.176,324297.74,213995.637,0.9979472140762464,,0.0
2025-08-04,7.136,6.646,7.136,6.576,1148580.27,776605.565,0.9978978978978978,,0.0
2025-08-05,6.616,6.456,6.686,6.356,633179.01,409993.952,0.9978361669242658,,0.0
2025-08-06,6.466,6.286,6.526,6.276,497310.0,316125.418,0.9977777777777778,,0.0
2025-08-07,6.266,6.136,6.306,6.116,409270.95,253627.07,0.9977235772357724,,0.0
2025-08-08,6.136,6.596,6.746,6.045999999999999,868935.25,560078.298,0.9978819969742814,,0.0
2025-08-11,6.666,6.736,6.906,6.545999999999999,655726.18,440863.534,0.997925925925926,,0.0
2025-08-12,6.726,6.716,6.966,6.666,388909.58,265118.542,0.9979197622585438,,0.0
2025-08-13,6.716,6.795999999999999,6.866,6.566,407655.97,274819.54,0.9979441997063142,,0.0
2025-08-14,6.795999999999999,6.766,6.956,6.696,327886.15,223973.21,0.9979351032448376,,0.0
2025-08-15,6.716,6.986,7.186,6.626,548988.2,381469.553,0.998,,0.0
2025-08-18,6.986,6.936,7.056,6.846,314934.0,218597.53,0.9979856115107912,,0.0
2025-08-19,6.936,6.816,7.096,6.806,311592.13,216816.533,0.9979502196193264,,0.0
2025-08-20,6.816,6.706,6.866,6.666,253048.11,170477.189,0.9979166666666668,,0.0
2025-08-21,6.726,6.656,6.736,6.606,178268.11,118999.604,0.9979010494752624,,0.0
2025-08-22,6.656,6.956,7.076,6.516,503622.05,344036.083,0.9979913916786226,,0.0
2025-08-25,6.956,6.856,6.986,6.806,287856.0,198341.581,0.997962154294032,,0.0
2025-08-26,6.806,7.226,7.306,6.755999999999999,541016.71,384972.584,0.9980662983425416,,0.0
2025-08-27,7.216,6.856,7.216,6.856,435490.19,307338.466,0.997962154294032,,0.0
2025-08-28,6.856,6.826,7.036,6.666,301073.53,206489.347,0.9979532163742688,,0.0
2025-08-29,6.806,6.776,6.956,6.755999999999999,163662.9,111928.763,0.9979381443298968,,0.0
2025-09-01,6.776,7.036,7.056,6.776,342178.44,238908.196,0.998014184397163,,0.0
2025-09-02,7.056,6.986,7.056,6.786,256897.12,178508.736,0.998,,0.0
2025-09-03,6.976,6.706,7.166,6.686,294422.82,202940.823,0.9979166666666668,,0.0
2025-09-04,6.736,6.736,6.856,6.585999999999999,246965.5,166189.962,0.997925925925926,,0.0
2025-09-05,6.706,6.795999999999999,6.846,6.516,227178.04,152541.39,0.9979441997063142,,0.0
2025-09-08,6.835999999999999,6.776,6.956,6.736,205020.0,140190.755,0.9979381443298968,,0.0
2025-09-09,6.786,6.626,6.806,6.556,205098.3,136695.718,0.9978915662650604,,0.0
2025-09-10,6.636,6.536,6.716,6.496,161864.39,106489.598,0.9978625954198472,,0.0
2025-09-11,6.536,6.676,6.686,6.366,219914.24,144500.575,0.9979073243647234,,0.0
2025-09-12,6.686,6.616,6.736,6.566,202922.3,135005.708,0.9978883861236802,,0.0
2025-09-15,6.616,6.476,6.616,6.466,157824.59,102821.436,0.9978428351309708,,0.0
2025-09-16,6.476,6.626,6.706,6.376,248648.15,162879.942,0.9978915662650604,,0.0
2025-09-17,6.626,6.746,7.036,6.585999999999999,379514.6,260768.362,0.9979289940828402,,0.0
2025-09-18,6.696,6.566,6.755999999999999,6.516,252118.15,167880.94,0.997872340425532,,0.0
2025-09-19,6.566,6.386,6.596,6.356,213356.0,137411.838,0.9978125,,0.0
2025-09-22,6.436,6.416,6.496,6.326,128046.0,82080.489,0.9978227060653188,,0.0
2025-09-23,6.356,6.316,6.426,6.116,170386.64,106326.907,0.9977883096366508,,0.0
2025-09-24,6.326,6.585999999999999,6.596,6.255999999999999,215805.87,140528.605,0.9978787878787878,,0.0
2025-09-25,6.585999999999999,6.456,6.636,6.436,149668.0,97795.529,0.9978361669242658,,0.0
2025-09-26,6.436,6.316,6.436,6.276,104712.42,66704.89,0.9977883096366508,,0.0
2025-09-29,6.306,6.505999999999999,6.636,6.146,226591.64,146738.605,0.9978527607361964,,0.0
2025-09-30,6.486,6.476,6.556,6.426,145930.0,94688.27,0.9978428351309708,,0.0
2025-10-09,6.476,6.545999999999999,6.676,6.456,172436.0,113292.689,0.9978658536585364,,0.0
2025-10-10,6.516,6.666,6.786,6.516,224339.04,150505.569,0.9979041916167664,,0.0
2025-10-13,6.545999999999999,6.606,6.636,6.396,166599.55,108872.263,0.9978851963746224,,0.0
2025-10-14,6.636,6.626,6.846,6.556,229496.25,154479.329,0.9978915662650604,,0.0
2025-10-15,6.636,6.696,6.746,6.566,138603.88,92792.484,0.997913561847988,,0.0
2025-10-16,6.706,6.585999999999999,6.755999999999999,6.566,166633.03,111073.454,0.9978787878787878,,0.0
2025-10-17,6.576,6.436,6.585999999999999,6.286,200999.26,130047.365,0.997829457364341,,0.0
2025-10-20,6.436,6.436,6.496,6.386,115138.99,74260.303,0.997829457364341,,0.0
2025-10-21,6.436,6.596,6.606,6.416,146995.34,95954.015,0.9978819969742814,,0.0
2025-10-22,6.545999999999999,6.656,6.776,6.505999999999999,181147.22,121202.779,0.9979010494752624,,0.0
2025-10-23,6.616,6.576,6.676,6.476,139916.0,91804.252,0.997875569044006,,0.0
2025-10-24,6.606,6.536,6.716,6.496,144041.0,95175.16,0.9978625954198472,,0.0
2025-10-27,6.576,6.486,6.585999999999999,6.486,136146.0,88915.605,0.9978461538461538,,0.0
2025-10-28,6.496,6.456,6.545999999999999,6.436,110765.0,72014.467,0.9978361669242658,,0.0
2025-10-29,6.456,6.416,6.466,6.376,129891.0,83407.94,0.9978227060653188,,0.0
2025-10-30,6.426,6.246,6.436,6.226,192595.0,121828.761,0.9977635782747604,,0.0
2025-10-31,6.246,6.426,6.456,6.236,157977.13,101424.233,0.9978260869565218,,0.0
2025-11-03,6.476,6.566,6.606,6.446,193325.13,126562.247,0.997872340425532,,0.0
2025-11-04,6.566,6.596,6.626,6.496,140940.0,92812.083,0.9978819969742814,,0.0
2025-11-05,6.545999999999999,6.666,6.776,6.545999999999999,172639.51,115309.573,0.9979041916167664,,0.0
2025-11-06,6.666,6.606,6.696,6.556,110907.05,73291.733,0.9978851963746224,,0.0
2025-11-07,6.616,6.736,6.776,6.596,197738.32,133210.243,0.997925925925926,,0.0
2025-11-10,6.736,6.816,6.835999999999999,6.726,179371.49,122063.328,0.9979502196193264,,0.0
2025-11-11,6.795999999999999,7.495999999999999,7.495999999999999,6.755999999999999,630616.32,460951.21,0.9981358189081224,,0.0
2025-11-12,7.576,7.516,7.755999999999999,7.295999999999999,945393.42,708377.818,0.998140770252324,,0.0
2025-11-13,7.495999999999999,7.886,7.896,7.356,793421.05,609785.879,0.9982278481012656,,0.0
2025-11-14,7.736,7.786,8.256,7.726,794788.77,634594.956,0.9982051282051282,,0.0
2025-11-17,7.755999999999999,7.846,7.966,7.676,453452.52,354247.145,0.9982188295165394,,0.0
2025-11-18,7.776,7.516,7.856,7.436,370940.46,280659.168,0.998140770252324,,0.0
2025-11-19,7.505999999999999,7.186,7.556,7.146,276358.0,201649.814,0.9980555555555556,,0.0
2025-11-20,7.255999999999999,7.426,7.486,7.106,344249.53,252162.124,0.9981182795698924,,0.0
2025-11-21,7.286,7.166,7.446,7.056,270266.06,195473.42,0.998050139275766,,0.0
2025-11-24,7.186,7.356,7.426,7.166,267491.0,196317.104,0.9981004070556307,,0.0
2025-11-25,7.436,7.536,7.636,7.396,368499.3,277160.606,0.9981456953642384,,0.0
2025-11-26,7.505999999999999,7.476,7.716,7.436,367948.73,279423.614,0.9981308411214952,,0.0
2025-11-27,7.446,7.616,7.686,7.356,386792.95,292314.507,0.9981651376146788,,0.0
2025-11-28,7.646,8.026,8.056000000000001,7.536,670767.87,527167.505,0.9982587064676618,,0.0
2025-12-01,8.226,8.566,8.826,7.995999999999999,897401.14,766022.502,0.9983682983682984,,0.0
2025-12-09,9.426,8.186,9.426,7.705999999999999,1371442.5,1146041.671,0.9982926829268294,,0.0
2025-12-10,7.755999999999999,7.436,7.776,7.386,745968.73,566263.863,0.9981208053691276,,0.0
2025-12-11,7.366,7.446,7.556,7.066,691129.77,504452.426,0.9981233243967828,,0.0
2025-12-12,7.495999999999999,7.106,7.505999999999999,7.096,436212.07,316887.527,0.9980337078651684,,0.0
2025-12-15,7.005999999999999,6.866,7.056,6.866,357888.98,248685.655,0.9979651162790696,,0.0
2025-12-16,6.846,6.706,6.936,6.596,311922.06,209436.998,0.9979166666666668,,0.0
2025-12-17,6.746,7.056,7.136,6.666,375051.74,259104.486,0.998019801980198,,0.0
2025-12-18,7.036,6.946,7.156,6.916,267511.68,188887.763,0.9979885057471264,,0.0
2025-12-19,6.986,7.136,7.166,6.936,233951.0,166695.431,0.998041958041958,,0.0
2025-12-22,7.106,7.016,7.166,6.986,222100.95,156706.149,0.99800853485064,,0.0
2025-12-23,7.066,6.846,7.106,6.835999999999999,193913.01,134160.9,0.9979591836734694,,0.0
2025-12-24,6.846,6.846,6.866,6.736,169951.57,115838.177,0.9979591836734694,,0.0
2025-12-25,6.835999999999999,6.926,7.005999999999999,6.806,198733.78,138222.147,0.9979827089337177,,0.0
2025-12-26,6.936,6.776,6.936,6.776,204556.03,139798.848,0.9979381443298968,,0.0
2025-12-29,6.776,6.545999999999999,6.786,6.476,300955.39,199342.779,0.9978658536585364,,0.0
2025-12-30,6.536,6.646,6.755999999999999,6.486,234144.32,155435.265,0.9978978978978978,,0.0
2025-12-31,6.636,6.566,6.636,6.486,145204.85,95470.778,0.997872340425532,,0.0
2026-01-05,6.545999999999999,6.696,6.716,6.545999999999999,163844.31,109753.885,0.997913561847988,,0.0
2026-01-06,6.716,6.736,6.795999999999999,6.646,201054.0,135356.709,0.997925925925926,,0.0
2026-01-07,6.736,6.726,6.776,6.646,160493.0,107739.172,0.9979228486646884,,0.0
2026-01-08,6.726,6.766,6.835999999999999,6.666,158445.89,107775.504,0.9979351032448376,,0.0
2026-01-09,6.8,6.74,6.84,6.69,217522.52,146633.621,1.0,,0.0
2026-01-12,6.72,6.69,6.79,6.64,283517.78,189302.533,1.0,,0.0
2026-01-13,6.72,6.86,6.98,6.69,511108.31,350407.328,1.0,,0.0
2026-01-14,6.89,6.76,6.92,6.67,405061.57,275355.551,1.0,,0.0
2026-01-15,6.69,6.58,6.71,6.56,204342.71,135163.73,1.0,,0.0
2026-01-16,6.6,6.6,6.61,6.5,180826.07,118469.122,1.0,,0.0
2026-01-19,6.56,6.6,6.6,6.51,122359.81,80358.781,1.0,,0.0
2026-01-20,6.61,6.54,6.64,6.52,145584.47,95574.13,1.0,,0.0
2026-01-21,6.52,6.54,6.58,6.46,130169.6,85058.912,1.0,,0.0
2026-01-22,6.57,6.68,6.68,6.52,176171.56,116869.623,1.0,,0.0
2026-01-23,6.7,6.86,6.93,6.7,275482.11,188274.358,1.0,,0.0
2026-01-26,6.9,7.19,7.41,6.9,741411.09,532852.866,1.0,,0.0
2026-01-27,7.11,6.99,7.13,6.82,368466.34,255580.638,1.0,,0.0
2026-01-28,6.99,6.79,6.99,6.78,208082.4,142270.558,1.0,,0.0
2026-01-29,6.75,6.77,6.82,6.66,193072.45,130015.52,1.0,,0.0
2026-01-30,6.72,6.74,6.84,6.7,171504.0,115926.056,1.0,,0.0
2026-02-02,6.73,6.54,6.75,6.5,163615.91,108765.979,1.0,,0.0
2026-02-03,6.56,6.61,6.64,6.54,101498.16,66880.173,1.0,,0.0
2026-02-04,6.58,6.67,6.68,6.57,107283.2,71160.698,1.0,,0.0
2026-02-05,6.64,6.78,6.8,6.64,150597.61,101533.946,1.0,,0.0
2026-02-06,7.0,6.81,7.18,6.79,395598.54,275796.085,1.0,,0.0
2026-02-09,6.77,6.8,6.88,6.74,248449.36,168972.054,1.0,,0.0
2026-02-10,6.78,6.76,6.86,6.73,179573.01,122277.175,1.0,,0.0
2026-02-11,6.75,6.81,6.87,6.72,152730.0,103822.523,1.0,,0.0
2026-02-12,6.82,6.67,6.82,6.66,151328.76,101386.587,1.0,,0.0
2026-02-13,6.71,6.68,6.76,6.66,107818.49,72168.694,1.0,,0.0
2026-02-24,6.75,6.96,7.1,6.71,384677.55,268413.326,1.0,,0.0
2026-02-25,7.09,7.16,7.16,6.98,315621.4,223402.067,1.0,,0.0
2026-02-26,7.15,7.25,7.32,7.06,336675.92,242959.6,1.0,,0.0
2026-02-27,7.25,7.3,7.33,7.21,182028.35,132380.085,1.0,,0.0
2026-03-02,7.19,7.03,7.23,6.98,222060.15,157061.815,1.0,,0.0
2026-03-03,7.09,6.88,7.2,6.85,229238.26,160565.066,1.0,,0.0
2026-03-04,6.85,6.87,6.92,6.77,131046.06,89750.057,1.0,,0.0
2026-03-05,6.93,7.14,7.14,6.93,203169.0,143331.198,1.0,,0.0
2026-03-06,7.15,7.37,7.39,7.1,266402.65,194752.879,1.0,,0.0
2026-03-09,7.28,7.34,7.39,7.18,204605.08,149239.801,1.0,,0.0
2026-03-10,7.38,7.43,7.48,7.31,206602.0,152949.509,1.0,,0.0
2026-03-11,7.43,7.34,7.45,7.27,174190.0,127582.522,1.0,,0.0
2026-03-12,7.33,7.32,7.39,7.27,131419.0,96080.125,1.0,,0.0
2026-03-13,7.34,7.32,7.42,7.27,176544.56,129773.378,1.0,,0.0
2026-03-16,7.32,7.51,7.53,7.28,232678.0,173109.398,1.0,,0.0
2026-03-17,7.51,7.23,7.57,7.21,194158.0,143032.852,1.0,,0.0
2026-03-18,7.23,7.38,7.39,7.19,141079.0,103192.162,1.0,,0.0
2026-03-19,7.34,7.26,7.46,7.2,188771.0,138392.279,1.0,,0.0
2026-03-20,7.27,7.06,7.32,7.06,145539.4,104234.19,1.0,,0.0
2026-03-23,6.91,6.35,6.97,6.35,319669.29,210839.876,1.0,,0.0
2026-03-24,6.55,6.73,6.74,6.39,214178.31,139902.53,1.0,,0.0
2026-03-25,6.74,6.88,6.92,6.73,126231.0,86397.303,1.0,,0.0
2026-03-26,6.88,6.84,7.03,6.78,109163.48,75211.636,1.0,,0.0
2026-03-27,6.78,7.11,7.13,6.77,168213.0,118557.336,1.0,,0.0
2026-03-30,7.01,7.11,7.17,7.0,117676.0,83525.974,1.0,,0.0
2026-03-31,7.11,7.07,7.27,7.06,131107.0,93810.279,1.0,,0.0
2026-04-01,7.15,7.46,7.69,7.03,541045.69,402222.203,1.0,,0.0
2026-04-02,7.29,7.47,7.61,7.29,470607.09,351655.717,1.0,,0.0
2026-04-03,7.39,7.32,7.58,7.3,309951.86,228647.832,1.0,,0.0
2026-04-07,7.32,7.36,7.46,7.07,291097.86,213132.59,1.0,,0.0
2026-04-08,7.49,7.35,7.52,7.3,283902.9,208932.499,1.0,,0.0
2026-04-09,7.3,7.15,7.41,7.08,286151.9,206454.423,1.0,,0.0
2026-04-10,7.09,7.25,7.33,7.08,224811.76,162189.303,1.0,,0.0
2026-04-13,7.2,7.13,7.24,7.09,219386.6,156862.884,1.0,,0.0
2026-04-14,7.18,7.27,7.32,7.02,168059.57,119730.189,1.0,,0.0
2026-04-15,7.44,7.38,7.66,7.21,387476.3,285712.005,1.0,,0.0
2026-04-16,7.38,7.29,7.39,7.23,217243.0,158618.844,1.0,,0.0
2026-04-17,7.3,7.18,7.31,7.05,207704.1,147980.778,1.0,,0.0
2026-04-20,7.18,7.14,7.2,7.1,127921.2,91500.642,1.0,,0.0
2026-04-21,7.09,7.12,7.14,7.02,139375.73,98698.232,1.0,,0.0
2026-04-22,7.09,7.13,7.17,6.97,141638.63,99846.836,1.0,,0.0
2026-04-23,7.1,7.06,7.11,7.01,98848.0,69778.306,1.0,,0.0
2026-04-24,7.02,7.11,7.13,6.94,141534.5,99529.045,1.0,,0.0
2026-04-27,7.04,7.03,7.08,6.96,117311.01,82333.669,1.0,,0.0
2026-04-28,7.01,6.98,7.14,6.94,115411.0,81038.842,1.0,,0.0
2026-04-29,6.97,7.03,7.1,6.9,129677.5,91405.252,1.0,,0.0
2026-04-30,7.0,6.8,7.02,6.72,254097.43,174149.222,1.0,,0.0
2026-05-06,6.81,6.79,6.94,6.75,162905.0,111199.216,1.0,,0.0
2026-05-07,6.85,6.76,6.85,6.65,158412.29,106518.778,1.0,,0.0
2026-05-08,6.8,7.44,7.44,6.76,488491.54,352909.187,1.0,,0.0
2026-05-11,7.65,7.74,7.76,7.3,768848.21,582503.283,1.0,,0.0
2026-05-12,7.7,7.45,7.79,7.43,401921.25,303884.733,1.0,,0.0
2026-05-13,7.51,7.63,7.73,7.44,328581.25,249949.634,1.0,,0.0
2026-05-14,7.59,7.78,7.97,7.57,400749.54,312569.505,1.0,,0.0
2026-05-15,7.75,7.76,7.9,7.62,296323.52,228606.277,1.0,,0.0
2026-05-18,7.8,7.72,7.96,7.68,306400.06,239113.638,1.0,,0.0
2026-05-19,7.72,7.82,7.83,7.58,229813.11,177214.284,1.0,,0.0
2026-05-20,7.81,7.9,8.08,7.75,347873.0,275070.491,1.0,,0.0
2026-05-21,7.9,7.63,8.14,7.6,314213.95,247974.912,1.0,,0.0
2026-05-22,7.78,7.98,8.05,7.58,283401.0,223124.506,1.0,,0.0
2026-05-25,8.02,7.88,8.36,7.8,263641.02,210065.597,1.0,,0.0
2026-05-26,7.86,7.77,8.06,7.7,198507.07,154518.409,1.0,,0.0
2026-05-27,7.76,7.82,7.97,7.7,187669.22,147051.035,1.0,,0.0
2026-05-28,7.82,7.94,8.11,7.7,291365.7,231094.803,1.0,,0.0
2026-05-29,8.06,7.79,8.22,7.76,370408.92,294969.682,1.0,,0.0
2026-06-01,7.62,7.99,8.1,7.52,284981.93,225215.111,1.0,,0.0
2026-06-02,7.99,8.17,8.2,7.84,349120.21,280845.193,1.0,,0.0
2026-06-03,8.13,8.38,8.46,8.02,468275.71,388876.844,1.0,,0.0
2026-06-04,8.3,8.7,8.96,8.25,586334.22,504811.081,1.0,,0.0
2026-06-05,8.63,8.7,9.05,8.56,438600.92,383891.985,1.0,,0.0
2026-06-08,8.51,8.12,8.57,8.01,370924.0,305592.301,1.0,,0.0
2026-06-09,8.2,8.11,8.2,7.93,207292.07,167151.355,1.0,,0.0
2026-06-10,8.01,7.78,8.03,7.71,209527.26,164060.778,1.0,,0.0
2026-06-11,7.66,7.61,7.73,7.36,229283.3,172925.765,1.0,,0.0
2026-06-12,7.68,7.9,7.96,7.64,186763.6,146394.292,1.0,,0.0
2026-06-15,7.97,7.88,7.97,7.77,147682.0,115838.792,1.0,,0.0
2026-06-16,7.89,8.1,8.33,7.78,229827.91,186142.013,1.0,,0.0
2026-06-17,8.05,7.88,8.33,7.85,211942.56,169327.905,1.0,,0.0
2026-06-18,7.87,7.74,7.99,7.65,176321.99,137885.403,1.0,,0.0
2026-06-22,7.66,7.18,7.69,6.97,355928.65,256116.825,1.0,,0.0
2026-06-24,7.26,7.07,7.42,7.05,168251.29,120647.829,1.0,,0.0
2026-06-25,7.0,6.95,7.08,6.78,173843.64,120205.742,1.0,,0.0
2026-06-26,6.97,6.59,6.98,6.56,168015.0,112423.26,1.0,,0.0
2026-06-29,6.73,7.25,7.25,6.73,117720.01,84136.671,1.0,,0.0
2026-06-30,7.9,7.26,7.9,7.07,389186.06,284973.617,1.0,,0.0
2026-07-01,7.16,7.52,7.67,6.88,337163.44,241858.435,1.0,,0.0
2026-07-03,7.35,7.91,8.03,7.3,445137.51,343421.218,1.0,,0.0
2026-07-06,7.8,8.07,8.28,7.8,388095.89,314065.498,1.0,,0.0
2026-07-07,8.02,7.72,8.13,7.71,219552.36,171670.443,1.0,,0.0
2026-07-08,7.7,7.48,7.85,7.44,180782.33,138007.32,1.0,,0.0
2026-07-09,7.43,7.39,7.59,6.9,288267.01,208906.072,1.0,,0.0
2026-07-10,7.3,7.41,7.54,7.21,171322.19,127073.955,1.0,,0.0
2026-07-14,7.1,7.82,7.86,7.0,256724.1,191687.786,1.0,,0.0
2026-07-15,7.6,7.89,8.05,7.55,284833.22,224384.516,1.0,,0.0
2026-07-16,7.85,7.92,8.23,7.72,351431.41,282123.411,1.0,,0.0
2026-07-17,7.88,7.45,7.95,7.43,256636.33,196862.855,1.0,,0.0
2026-07-20,7.5,7.22,7.6,7.12,246688.3,181508.987,1.0,,0.0
2026-07-21,7.32,7.06,7.32,6.5,290625.0,199432.041,1.0,,0.0
2026-07-22,7.0,6.98,7.27,6.87,144975.28,102762.573,1.0,,0.0
2026-07-23,6.91,7.05,7.07,6.84,131335.77,91389.564,1.0,,0.0
2026-07-24,6.89,6.9,7.09,6.89,100327.01,70059.648,1.0,,0.0
2026-07-27,6.9,7.14,7.16,6.83,115986.0,81453.647,1.0,,0.0
2026-07-28,7.09,6.93,7.21,6.89,109667.09,76920.616,1.0,,0.0
2026-07-29,6.96,6.89,6.96,6.81,85714.0,58961.936,1.0,,0.0
2026-07-30,6.86,6.68,6.95,6.67,111621.34,75647.466,1.0,,0.0
2026-07-31,6.78,6.93,7.04,6.75,136240.01,94099.934,1.0,,0.0
2026-08-03,6.9,7.28,7.38,6.9,193050.0,138802.806,1.0,,0.0
2026-08-04,7.29,7.48,7.49,7.29,154699.01,114942.968,1.0,,0.0
2026-08-05,7.48,7.44,7.68,7.36,163811.0,122766.957,1.0,,0.0
2026-08-06,7.44,7.63,7.63,7.4,130896.3,98941.52,1.0,,0.0
2026-08-07,7.64,7.82,7.89,7.5,216749.94,166770.351,1.0,,0.0
2026-08-10,7.82,7.81,8.08,7.7,157970.31,123749.156,1.0,,0.0
2026-08-11,7.8,7.72,7.92,7.71,142838.5,111449.595,1.0,,0.0
2026-08-12,7.68,7.85,8.13,7.63,200470.66,158456.847,1.0,3.5839,0.0
2026-08-13,7.86,8.07,8.29,7.74,336100.79,272379.921,1.0,6.01,0.0
2026-08-14,8.03,8.14,8.3,7.89,219805.02,178025.988,1.0,3.93,0.0
2026-08-17,8.18,8.95,8.95,7.99,637379.26,556597.809,1.0,0.0,0.0
2026-08-18,8.8,8.36,8.86,8.25,542359.87,456440.462,1.0,0.0,0.0
2026-08-19,8.23,8.1,8.91,8.07,350045.05,291595.639,1.0,0.0,0.0
2026-08-20,8.3,8.11,8.39,8.08,291104.9,238437.531,1.0,5.2042,5.2042
2026-08-21,8.11,7.84,8.11,7.75,225500.8,176619.79,1.0,4.0314,4.0314
2026-08-24,7.85,7.55,7.94,7.46,189639.36,144544.195,1.0,3.3903,3.3903
2026-08-25,7.56,7.98,8.02,7.48,288731.3,227008.977,1.0,5.1618,5.1618
2026-08-26,8.05,8.0,8.29,7.96,197871.87,159877.346,1.0,3.5374,3.5374
2026-08-27,7.96,8.17,8.23,7.88,231754.63,188458.489,1.0,4.1432,4.1432
2026-08-28,8.1,7.91,8.17,7.9,199078.88,159827.617,1.0,3.559,3.559
2026-08-31,7.84,8.13,8.14,7.72,165614.83,132010.808,1.0,2.9608,2.9608
2026-09-01,8.11,8.58,8.6,8.07,249840.03,210193.947,1.0,4.4665,4.4665
2026-09-02,8.5,8.6,8.73,8.37,215978.51,184963.501,1.0,3.8611,3.8611
2026-09-03,8.55,8.61,8.84,8.49,176928.01,153008.036,1.0,3.163,3.163
2026-09-04,8.59,8.5,8.79,8.4,163252.42,140681.679,1.0,2.9185,2.9185
2026-09-07,8.55,8.48,8.69,8.4,127547.08,108332.955,1.0,2.2802,2.2802
2026-09-08,8.5,8.39,8.5,8.2,130107.0,108460.571,1.0,2.326,2.326
2026-09-09,8.39,8.22,8.42,8.15,119493.0,98770.224,1.0,2.1362,2.1362
2026-09-10,8.17,7.86,8.18,7.83,133861.0,105989.935,1.0,2.3931,2.3931
2026-09-11,7.8,7.53,7.8,7.44,169353.0,127959.997,1.0,3.0276,3.0276
2026-09-14,7.5,7.55,7.61,7.38,144656.0,108685.933,1.0,2.5861,2.5861
2026-09-15,7.49,7.62,8.05,7.48,243061.03,189152.349,1.0,4.3453,4.3453
2026-09-16,7.66,7.54,7.8,7.48,160047.94,121468.461,1.0,2.8613,2.8613
2026-09-17,7.5,7.74,7.85,7.48,156807.74,120345.066,1.0,2.8033,2.8033
2026-09-18,7.77,7.81,7.85,7.64,162700.65,125973.013,1.0,2.9087,2.9087
2026-09-21,7.79,7.9,8.07,7.76,185898.12,147173.946,1.0,3.3234,3.3234
