date,open,close,high,low,volume,money,factor,turnover,turnover_free
2021-05-10,14.19,14.71,14.82,13.44,57639.49,135262.059,0.6134278565471225,,0.0
2021-05-11,14.629999999999995,14.589999999999998,15.03,14.35,61235.44,146693.574,0.6114836546521374,,0.0
2021-05-12,14.339999999999998,15.48,15.769999999999998,14.019999999999998,64991.6,157471.867,0.6254545454545454,,0.0
2021-05-13,15.4,16.21,16.93,15.03,94675.09,241153.177,0.6361852433281004,,0.0
2021-05-14,16.08,16.28,16.949999999999996,15.879999999999995,80316.46,206285.132,0.6371819960861057,,0.0
2021-05-17,16.22,16.36,16.85,15.83,59164.75,151966.254,0.6383144752243465,,0.0
2021-05-18,16.309999999999995,16.159999999999997,16.83,15.83,48111.05,122438.226,0.6354699174203695,,0.0
2021-05-19,16.009999999999998,15.89,16.39,15.28,70186.91,175952.082,0.6315580286168521,,0.0
2021-05-20,15.67,14.65,15.99,14.609999999999998,101105.37,246416.768,0.6124581939799331,,0.0
2021-05-21,15.059999999999995,15.01,15.51,14.65,62874.5,153083.622,0.6182042833607907,,0.0
2021-05-24,14.96,15.01,15.23,14.46,41950.35,101029.335,0.6182042833607907,,0.0
2021-05-25,14.969999999999995,14.87,15.809999999999995,14.78,60232.45,146984.461,0.6159900579950289,,0.0
2021-05-26,14.839999999999998,15.83,17.129999999999995,14.65,119197.59,302256.815,0.6306772908366534,,0.0
2021-05-27,15.83,15.53,15.909999999999998,15.15,79018.09,195002.019,0.6262096774193548,,0.0
2021-05-28,15.62,15.589999999999998,16.89,15.339999999999998,91277.33,231178.281,0.6271118262268705,,0.0
2021-05-31,15.539999999999996,16.339999999999996,16.5,15.219999999999995,70673.57,177684.083,0.6380320187426786,,0.0
2021-06-01,16.54,15.859999999999998,16.6,15.58,52638.73,132135.071,0.6311181854357342,,0.0
2021-06-02,15.69,15.589999999999998,16.019999999999996,15.32,32140.26,79756.598,0.6271118262268705,,0.0
2021-06-03,15.73,16.199999999999996,16.490000000000002,15.58,50040.32,126575.064,0.636042402826855,,0.0
2021-06-04,16.259999999999998,16.629999999999995,16.689999999999998,15.73,46008.2,118082.412,0.6420849420849419,,0.0
2021-06-07,16.629999999999995,16.18,17.019999999999996,15.85,41410.32,105453.476,0.6357563850687623,,0.0
2021-06-08,15.82,14.69,16.18,14.46,100047.93,243436.51,0.6131051752921536,,0.0
2021-06-09,14.67,14.379999999999995,14.98,14.289999999999996,50675.52,120947.16,0.6080338266384777,,0.0
2021-06-10,14.26,14.44,14.82,14.23,34087.97,81156.948,0.6090257275411218,,0.0
2021-06-11,14.51,14.089999999999998,14.71,13.519999999999998,80099.47,185944.197,0.603167808219178,,0.0
2021-06-15,14.05,14.05,14.44,13.929999999999998,30165.96,70562.73,0.6024871355060034,,0.0
2021-06-16,14.24,13.69,14.28,13.64,24917.41,57605.937,0.5962543554006968,,0.0
2021-06-17,13.73,13.859999999999998,14.07,13.249999999999998,26140.47,60015.223,0.5992217898832684,,0.0
2021-06-18,13.999999999999998,14.08,14.48,13.78,33616.02,78938.995,0.6029978586723769,,0.0
2021-06-21,14.3,13.839999999999998,14.3,13.789999999999996,24732.89,57496.913,0.598874945910861,,0.0
2021-06-22,13.809999999999995,13.87,14.089999999999998,13.309999999999995,44394.73,102029.506,0.5993949870354365,,0.0
2021-06-23,13.909999999999998,13.629999999999995,13.909999999999998,13.23,39270.46,89525.962,0.5951965065502183,,0.0
2021-06-24,13.63,13.71,13.929999999999998,13.49,26362.88,59862.012,0.6044973544973544,,0.0
2021-06-25,14.03,14.179999999999998,14.78,13.55,44151.54,102379.85,0.6125269978401727,,0.0
2021-06-28,14.21,15.69,16.009999999999998,14.21,71492.41,174383.538,0.6362530413625304,,0.0
2021-06-29,15.82,18.16,18.16,15.63,195578.52,516405.206,0.669369701437523,,0.0
2021-06-30,18.32,19.12,19.91,17.880000000000003,175997.31,489651.889,0.6806692773228906,,0.0
2021-07-01,18.53,19.59,20.8,18.380000000000003,153096.19,438332.906,0.685924369747899,,0.0
2021-07-02,19.59,18.97,21.03,18.630000000000003,202149.58,584047.168,0.6789549033643522,,0.0
2021-07-05,19.6,18.380000000000003,19.85,17.909999999999997,139233.17,382667.13,0.6720292504570384,,0.0
2021-07-06,18.84,16.799999999999997,18.950000000000003,16.4,133278.21,348245.592,0.6519208381839348,,0.0
2021-07-07,16.630000000000003,16.79,17.53,16.58,91018.56,236212.92,0.6517857142857142,,0.0
2021-07-08,16.810000000000002,16.009999999999998,16.97,15.859999999999998,74777.98,188198.3,0.6409127301841472,,0.0
2021-07-09,15.909999999999998,15.249999999999998,16.04,15.04,95876.72,233760.827,0.629644921552436,,0.0
2021-07-12,15.499999999999998,16.119999999999997,16.47,15.19,88954.82,221306.988,0.6424870466321243,,0.0
2021-07-13,16.14,16.229999999999997,17.11,16.019999999999996,84049.42,213643.732,0.644047619047619,,0.0
2021-07-14,16.32,16.490000000000002,17.119999999999997,15.63,106473.15,271511.579,0.647682639434407,,0.0
2021-07-15,16.53,17.33,17.630000000000003,16.42,121050.55,315865.016,0.6589353612167299,,0.0
2021-07-16,17.42,16.740000000000002,17.53,16.630000000000003,76073.16,196515.593,0.6511085180863477,,0.0
2021-07-19,16.740000000000002,18.83,18.83,16.630000000000003,155140.7,417484.375,0.6773381294964028,,0.0
2021-07-20,18.56,18.25,18.77,17.83,100927.6,274232.04,0.6704628949301984,,0.0
2021-07-21,18.36,20.97,20.97,18.29,193309.54,575041.547,0.7004008016032064,,0.0
2021-07-22,21.03,18.57,21.28,18.57,215286.47,609140.2,0.6742919389978214,,0.0
2021-07-23,18.35,17.9,18.9,17.53,115270.83,312625.164,0.6661704503163378,,0.0
2021-07-26,17.979999999999997,16.86,18.130000000000003,16.259999999999998,113374.75,292686.99,0.6527293844367015,,0.0
2021-07-27,16.93,16.659999999999997,17.83,16.409999999999997,90021.63,235407.851,0.650019508388607,,0.0
2021-07-28,16.28,17.159999999999997,17.36,15.749999999999998,83357.41,214194.261,0.6567164179104477,,0.0
2021-07-29,17.35,17.560000000000002,17.950000000000003,16.83,73712.72,194254.548,0.6618921975122504,,0.0
2021-07-30,17.159999999999997,16.759999999999998,17.61,16.43,61833.51,158707.428,0.6513797123979789,,0.0
2021-08-02,16.630000000000003,17.96,18.49,16.11,79667.39,209778.853,0.6669142220571853,,0.0
2021-08-03,17.810000000000002,18.56,19.23,17.58,89575.18,247796.122,0.6741736287686161,,0.0
2021-08-04,18.34,17.769999999999996,18.48,17.53,83086.33,222756.729,0.6645474943904263,,0.0
2021-08-05,17.769999999999996,17.04,18.630000000000003,17.019999999999996,79198.39,210377.108,0.6551326412918108,,0.0
2021-08-06,16.839999999999996,16.93,17.18,16.380000000000003,54148.19,139071.345,0.6536679536679537,,0.0
2021-08-09,16.54,18.67,18.79,16.509999999999998,103014.47,279744.211,0.6754703328509407,,0.0
2021-08-10,18.69,19.56,19.79,18.42,95768.55,269461.956,0.6855941114616194,,0.0
2021-08-11,20.03,18.87,20.130000000000003,18.55,76849.02,214983.209,0.6778017241379309,,0.0
2021-08-12,19.56,19.380000000000003,19.700000000000003,18.74,66062.25,187081.927,0.6835978835978836,,0.0
2021-08-13,19.450000000000003,20.59,20.9,19.450000000000003,93945.47,276654.928,0.696549391069012,,0.0
2021-08-16,21.02,21.16,23.520000000000003,20.67,173454.05,534978.788,0.7022900763358778,,0.0
2021-08-17,21.46,19.41,21.91,19.18,112165.85,326220.209,0.6839323467230443,,0.0
2021-08-18,19.03,21.06,21.53,18.64,122077.59,356738.625,0.7012987012987013,,0.0
2021-08-19,20.9,20.84,21.21,20.23,74249.02,221347.156,0.6990942636699093,,0.0
2021-08-20,20.82,20.03,20.84,19.04,81858.01,235755.683,0.6906896551724139,,0.0
2021-08-23,19.82,19.98,20.51,19.380000000000003,51933.01,149786.167,0.6901554404145077,,0.0
2021-08-24,19.83,22.35,22.630000000000003,19.630000000000003,99856.04,307209.541,0.7136015325670498,,0.0
2021-08-25,22.03,24.69,25.01,21.69,139349.43,461930.998,0.7335115864527629,,0.0
2021-08-26,24.410000000000004,23.83,25.18,23.03,64391.64,214007.82,0.7265243902439025,,0.0
2021-08-27,23.410000000000004,23.32,24.0,23.03,56668.13,183621.659,0.7222050170331372,,0.0
2021-08-30,23.270000000000003,23.39,24.160000000000004,22.24,70185.42,226542.411,0.7228059332509271,,0.0
2021-08-31,23.39,23.58,24.69,22.93,48524.13,159353.182,0.7244239631336405,,0.0
2021-09-01,23.1,22.450000000000003,23.1,22.03,65684.82,206904.359,0.7145130490133673,,0.0
2021-09-02,22.16,22.32,22.81,22.15,30889.0,97020.394,0.713326941514861,,0.0
2021-09-03,22.31,22.41,23.71,21.9,67168.68,212565.664,0.7141491395793498,,0.0
2021-09-06,22.53,23.1,24.28,22.04,72296.59,233858.369,0.7202993451824135,,0.0
2021-09-07,23.160000000000004,23.520000000000003,23.72,22.33,67375.55,215390.422,0.723915050784857,,0.0
2021-09-08,23.300000000000004,21.99,23.520000000000003,21.98,61768.78,194298.357,0.7102713178294574,,0.0
2021-09-09,21.89,20.380000000000003,21.89,19.59,156197.85,458067.652,0.6943781942078365,,0.0
2021-09-10,20.42,19.43,20.82,19.23,109396.55,313563.767,0.6841549295774648,,0.0
2021-09-13,19.31,19.22,20.130000000000003,18.77,91245.51,258525.403,0.6818020574671869,,0.0
2021-09-14,19.07,19.32,19.73,19.03,58935.06,167264.996,0.6829268292682927,,0.0
2021-09-15,19.69,18.08,19.71,17.880000000000003,115532.84,314913.629,0.6683918669131238,,0.0
2021-09-16,18.09,17.4,18.450000000000003,17.159999999999997,82849.0,222530.667,0.6598407281001137,,0.0
2021-09-17,17.71,17.560000000000002,18.06,16.630000000000003,68124.49,179252.755,0.6618921975122504,,0.0
2021-09-22,17.18,17.29,18.03,16.83,53698.58,141420.717,0.6584158415841583,,0.0
2021-09-23,17.29,18.04,18.32,17.049999999999997,106169.75,284877.094,0.6679007774898185,,0.0
2021-09-24,18.04,17.729999999999997,18.19,17.549999999999997,41127.38,110250.022,0.6640449438202246,,0.0
2021-09-27,17.71,17.53,18.1,17.15,51136.4,136044.906,0.6615094339622642,,0.0
2021-09-28,17.72,17.03,17.72,16.67,53790.41,139787.235,0.655,,0.0
2021-09-29,16.6,15.73,17.21,15.429999999999998,106699.68,268426.843,0.6368421052631579,,0.0
2021-09-30,15.679999999999998,16.700000000000003,16.990000000000002,15.62,64097.21,163452.48,0.650564861706272,,0.0
2021-10-08,17.03,17.04,17.439999999999998,16.53,57985.97,150601.049,0.6551326412918108,,0.0
2021-10-11,17.439999999999998,16.979999999999997,17.75,16.310000000000002,54299.06,141121.195,0.6543352601156068,,0.0
2021-10-12,17.17,16.509999999999998,17.43,16.33,30566.4,78285.08,0.6479591836734693,,0.0
2021-10-13,16.4,17.17,17.47,16.200000000000003,39523.96,102107.408,0.6568477429227239,,0.0
2021-10-14,17.21,16.53,17.339999999999996,16.04,49844.61,127098.788,0.6482352941176471,,0.0
2021-10-15,16.409999999999997,17.019999999999996,17.339999999999996,16.33,38329.72,99353.146,0.654867256637168,,0.0
2021-10-18,17.269999999999996,17.049999999999997,17.519999999999996,16.64,35844.92,93315.468,0.6552651806302843,,0.0
2021-10-19,17.049999999999997,17.450000000000003,17.68,16.86,45318.18,119783.55,0.6604844814534444,,0.0
2021-10-20,17.43,17.96,18.42,17.159999999999997,50613.29,136727.457,0.6669142220571853,,0.0
2021-10-21,18.130000000000003,17.799999999999997,18.130000000000003,17.490000000000002,30101.57,80257.593,0.6649234217407545,,0.0
2021-10-22,17.64,17.58,17.83,17.310000000000002,27725.64,73491.808,0.6621468926553672,,0.0
2021-10-25,17.53,18.14,18.21,17.380000000000003,30649.7,82638.672,0.6691257838436002,,0.0
2021-10-26,18.16,17.6,18.17,17.33,33600.66,89671.249,0.6624012043658262,,0.0
2021-10-27,17.409999999999997,17.369999999999997,17.729999999999997,17.08,28260.97,74323.35,0.6594533029612756,,0.0
2021-10-28,17.25,17.6,17.880000000000003,16.729999999999997,35854.0,94455.835,0.6624012043658262,,0.0
2021-10-29,17.43,17.83,17.85,17.22,33130.75,87604.727,0.6652985074626865,,0.0
2021-11-01,17.229999999999997,16.22,17.53,15.92,107612.33,273788.515,0.6439063120285827,,0.0
2021-11-02,16.21,14.79,16.97,14.69,104461.83,258428.109,0.6224747474747475,,0.0
2021-11-03,15.21,15.1,15.47,14.609999999999998,49639.0,119517.462,0.6273369339426672,,0.0
2021-11-04,15.1,15.19,15.39,14.929999999999998,32760.3,78963.002,0.6287251655629139,,0.0
2021-11-05,15.32,15.26,15.6,15.1,34751.7,84502.279,0.6297977713578209,,0.0
2021-11-08,15.159999999999998,14.78,15.49,14.499999999999998,43482.05,103634.971,0.6223157894736842,,0.0
2021-11-09,14.78,14.499999999999998,14.97,14.46,37713.6,89150.255,0.6178099701746911,,0.0
2021-11-10,14.58,14.65,15.19,14.109999999999998,41650.55,98059.012,0.6202370872142252,,0.0
2021-11-11,14.63,14.269999999999998,14.63,14.1,39210.06,91298.582,0.6140275387263339,,0.0
2021-11-12,14.31,13.97,14.679999999999998,13.88,51121.43,118089.694,0.6089799476896252,,0.0
2021-11-15,13.96,14.2,14.33,13.79,50547.13,116644.02,0.612861458782909,,0.0
2021-11-16,14.14,14.769999999999998,15.74,14.14,113557.51,275085.372,0.622156697556866,,0.0
2021-11-17,14.73,15.15,15.26,14.44,61001.8,145546.721,0.6281094527363184,,0.0
2021-11-18,15.14,14.58,15.15,14.55,42408.52,100751.195,0.619108280254777,,0.0
2021-11-19,14.54,14.58,14.7,14.33,28626.83,67130.954,0.619108280254777,,0.0
2021-11-22,14.74,14.49,14.83,14.109999999999998,57634.91,134346.066,0.6176470588235294,,0.0
2021-11-23,14.45,15.249999999999998,15.53,14.45,73627.97,177671.966,0.629644921552436,,0.0
2021-11-24,15.14,15.3,15.609999999999998,15.03,37589.31,91236.697,0.630407911001236,,0.0
2021-11-25,15.54,16.839999999999996,17.15,15.39,108338.91,275989.401,0.6524602867105772,,0.0
2021-11-26,16.839999999999996,16.21,16.85,16.049999999999997,52004.68,131694.201,0.6437648927720413,,0.0
2021-11-29,15.499999999999998,15.929999999999998,16.82,15.499999999999998,50584.6,127485.049,0.6397590361445783,,0.0
2021-11-30,15.83,15.65,16.130000000000003,15.249999999999998,58799.44,144239.432,0.6356620633631194,,0.0
2021-12-01,15.679999999999998,15.58,15.83,15.45,31125.97,76455.438,0.6346232179226069,,0.0
2021-12-02,15.58,15.48,16.42,15.33,46107.98,114103.474,0.6331288343558282,,0.0
2021-12-03,15.55,15.49,15.64,15.29,27253.97,66604.248,0.633278822567457,,0.0
2021-12-06,15.53,15.74,16.159999999999997,15.15,41879.25,103398.239,0.6369890732496964,,0.0
2021-12-07,15.65,16.86,16.990000000000002,15.65,84174.26,214557.796,0.6527293844367015,,0.0
2021-12-08,16.979999999999997,17.08,17.380000000000003,16.61,48854.23,126908.346,0.655662188099808,,0.0
2021-12-09,16.939999999999998,17.39,17.630000000000003,16.93,48911.43,128952.455,0.659711684370258,,0.0
2021-12-10,17.229999999999997,17.299999999999997,17.93,17.03,49553.51,130644.858,0.6585458698134754,,0.0
2021-12-13,17.119999999999997,17.33,17.68,17.03,36125.3,95200.124,0.6589353612167299,,0.0
2021-12-14,17.29,17.21,17.47,16.950000000000003,31747.69,83028.52,0.6573720397249809,,0.0
2021-12-15,17.21,17.200000000000003,17.810000000000002,16.979999999999997,33362.59,88096.419,0.6572411157814292,,0.0
2021-12-16,17.22,17.4,17.71,17.11,40549.65,107270.827,0.6598407281001137,,0.0
2021-12-17,17.4,17.08,17.53,16.769999999999996,43463.4,113091.736,0.655662188099808,,0.0
2021-12-20,17.36,19.04,19.630000000000003,17.229999999999997,140551.12,389781.588,0.679757229560871,,0.0
2021-12-21,18.98,19.04,19.6,18.61,59575.94,167072.076,0.679757229560871,,0.0
2021-12-22,19.03,20.66,20.83,18.98,119158.85,348392.044,0.6972662841714478,,0.0
2021-12-23,20.64,20.51,21.96,20.380000000000003,102346.12,304899.815,0.6957259158751695,,0.0
2021-12-24,20.44,20.43,21.72,19.67,133329.28,394776.608,0.6948979591836735,,0.0
2021-12-27,20.23,20.54,21.48,19.81,109148.48,323437.055,0.6960352422907489,,0.0
2021-12-28,20.28,19.49,21.32,19.380000000000003,145432.74,422253.973,0.6848208011243851,,0.0
2021-12-29,19.73,19.53,19.91,18.630000000000003,126622.1,358784.16,0.6852631578947369,,0.0
2021-12-30,19.51,20.72,21.5,19.46,104417.4,309539.279,0.6978780734253957,,0.0
2021-12-31,21.28,22.44,23.200000000000003,21.11,194294.32,605950.498,0.714422158548233,,0.0
2022-01-04,23.22,23.160000000000004,24.78,22.97,207094.09,677898.17,0.7208216619981327,,0.0
2022-01-05,23.01,21.74,23.01,21.31,118716.76,366321.802,0.7079127320091176,,0.0
2022-01-06,21.74,23.35,23.61,20.92,120476.14,378831.47,0.7224628712871287,,0.0
2022-01-07,22.87,22.58,25.03,22.29,145884.88,474893.801,0.7156893819334389,,0.0
2022-01-10,22.77,22.67,23.94,21.51,116001.92,366057.497,0.7164981036662453,,0.0
2022-01-11,22.67,22.87,23.800000000000004,22.1,83896.38,269560.917,0.7182788944723617,,0.0
2022-01-12,24.18,23.11,24.36,22.83,127115.3,413567.077,0.7203865336658354,,0.0
2022-01-13,22.58,20.06,22.630000000000003,19.92,175496.77,525100.143,0.6910093007233896,,0.0
2022-01-14,20.03,21.16,21.85,19.85,113946.13,340890.048,0.7022900763358778,,0.0
2022-01-17,21.52,21.4,21.83,20.73,76559.7,231816.945,0.7046427395456042,,0.0
2022-01-18,21.58,20.68,21.62,20.4,90989.33,270733.832,0.6974704890387858,,0.0
2022-01-19,20.33,19.35,20.84,18.91,86171.04,245655.707,0.6832627118644068,,0.0
2022-01-20,19.42,19.53,20.22,19.16,94164.2,269476.084,0.6852631578947369,,0.0
2022-01-21,19.24,18.62,19.61,18.31,103081.19,287510.576,0.6748822036969916,,0.0
2022-01-24,18.57,18.49,18.82,18.08,36159.67,99278.979,0.6733430444282593,,0.0
2022-01-25,18.43,17.619999999999997,18.78,17.560000000000002,49750.56,134580.732,0.6626551335088379,,0.0
2022-01-26,17.740000000000002,17.22,18.14,17.1,47386.2,125189.975,0.6575028636884306,,0.0
2022-01-27,17.32,16.58,17.589999999999996,16.43,60188.0,155339.953,0.6489236790606653,,0.0
2022-01-28,16.589999999999996,16.68,17.28,16.35,44929.34,115961.736,0.6502923976608187,,0.0
2022-02-07,17.089999999999996,16.740000000000002,17.6,16.560000000000002,54945.41,142744.868,0.6511085180863477,,0.0
2022-02-08,16.689999999999998,16.759999999999998,16.979999999999997,16.189999999999998,46017.41,117310.96,0.6513797123979789,,0.0
2022-02-09,16.79,18.09,18.3,16.310000000000002,99850.43,265431.582,0.6685144124168514,,0.0
2022-02-10,18.0,18.08,18.86,17.729999999999997,59760.82,162645.194,0.6683918669131238,,0.0
2022-02-11,18.03,17.61,18.03,17.35,51687.05,137442.957,0.662528216704289,,0.0
2022-02-14,17.339999999999996,17.07,17.659999999999997,16.729999999999997,72390.53,188270.822,0.6555299539170507,,0.0
2022-02-15,17.03,17.18,17.53,16.67,55268.97,144537.526,0.6569789674952199,,0.0
2022-02-16,17.269999999999996,17.089999999999996,17.339999999999996,16.89,30064.79,78384.089,0.655794320798158,,0.0
2022-02-17,17.119999999999997,16.82,17.119999999999997,16.64,47435.78,122325.596,0.6521907716169059,,0.0
2022-02-18,16.58,16.83,17.11,16.58,30401.61,78525.644,0.6523255813953488,,0.0
2022-02-21,16.979999999999997,16.979999999999997,17.17,16.53,47001.67,121055.245,0.6543352601156068,,0.0
2022-02-22,16.810000000000002,17.089999999999996,17.25,16.130000000000003,50826.16,130188.825,0.655794320798158,,0.0
2022-02-23,17.189999999999998,17.39,17.939999999999998,17.04,88289.52,233423.569,0.659711684370258,,0.0
2022-02-24,17.08,17.18,18.33,16.439999999999998,106212.07,278535.366,0.6569789674952199,,0.0
2022-02-25,17.189999999999998,17.35,17.61,17.04,54887.76,144562.373,0.65919452887538,,0.0
2022-02-28,17.43,17.82,18.18,17.1,58723.55,155810.516,0.6651735722284435,,0.0
2022-03-01,17.83,17.71,18.22,17.15,70396.3,187236.406,0.6637931034482759,,0.0
2022-03-02,17.82,18.41,18.630000000000003,17.33,77511.61,210604.504,0.6723886048210371,,0.0
2022-03-03,18.68,18.53,18.69,18.04,53442.9,146268.691,0.6738181818181819,,0.0
2022-03-04,18.34,18.44,18.91,18.23,44746.93,123101.693,0.6727471725647574,,0.0
2022-03-07,18.16,17.729999999999997,18.630000000000003,17.43,60576.61,162753.747,0.6640449438202246,,0.0
2022-03-08,17.67,16.53,17.93,16.130000000000003,66716.84,172389.46,0.6482352941176471,,0.0
2022-03-09,16.21,15.429999999999998,16.479999999999997,14.04,110346.58,267754.284,0.6323770491803278,,0.0
2022-03-10,16.009999999999998,16.65,16.979999999999997,15.81,64048.02,162645.757,0.6498829039812646,,0.0
2022-03-11,16.32,16.810000000000002,16.89,16.049999999999997,62771.39,159654.838,0.6520558572536851,,0.0
2022-03-14,16.630000000000003,16.130000000000003,17.11,16.04,67321.95,171027.556,0.6426294820717132,,0.0
2022-03-15,16.119999999999997,14.79,16.119999999999997,14.67,62768.66,152513.101,0.6224747474747475,,0.0
2022-03-16,15.29,15.13,15.48,13.94,85822.24,203038.2,0.6278008298755187,,0.0
2022-03-17,15.45,15.14,16.15,14.96,69134.59,169132.801,0.6279552053090004,,0.0
2022-03-18,15.14,16.089999999999996,16.47,14.929999999999998,67542.68,168154.333,0.6420590582601755,,0.0
2022-03-21,16.839999999999996,17.630000000000003,18.3,16.39,112005.94,296501.402,0.6627819548872181,,0.0
2022-03-22,17.42,17.089999999999996,17.549999999999997,16.799999999999997,57641.77,149864.998,0.655794320798158,,0.0
2022-03-23,17.0,17.46,17.979999999999997,16.92,50649.65,134340.681,0.6606129398410897,,0.0
2022-03-24,17.240000000000002,17.740000000000002,18.03,17.240000000000002,57498.9,153905.483,0.6641707225758143,,0.0
2022-03-25,17.619999999999997,17.769999999999996,18.87,17.619999999999997,59097.83,160507.84,0.6645474943904263,,0.0
2022-03-28,17.490000000000002,17.200000000000003,18.009999999999998,16.96,42854.19,112350.008,0.6572411157814292,,0.0
2022-03-29,17.200000000000003,18.33,19.0,16.619999999999997,93733.89,253522.451,0.6714285714285714,,0.0
2022-03-30,18.04,18.62,19.43,17.509999999999998,94368.71,257748.727,0.6748822036969916,,0.0
2022-03-31,17.53,17.659999999999997,18.52,17.47,142822.51,385087.424,0.6631618475403679,,0.0
2022-04-01,17.299999999999997,16.97,17.630000000000003,16.589999999999996,77028.48,199846.419,0.65420200462606,,0.0
2022-04-06,17.4,17.22,18.29,16.909999999999997,82472.44,219134.105,0.6575028636884306,,0.0
2022-04-07,16.85,16.130000000000003,17.450000000000003,15.98,70986.62,180804.451,0.6426294820717132,,0.0
2022-04-08,16.159999999999997,15.64,16.28,15.53,47690.39,117856.071,0.6355140186915887,,0.0
2022-04-11,15.82,15.109999999999998,15.909999999999998,14.929999999999998,46330.0,112405.579,0.6274916943521595,,0.0
2022-04-12,15.06,14.92,15.359999999999998,14.339999999999998,65563.09,155694.152,0.6245290916701549,,0.0
2022-04-13,14.909999999999998,13.99,14.909999999999998,13.839999999999998,69284.32,160181.044,0.6093205574912892,,0.0
2022-04-14,14.03,13.54,14.22,13.159999999999998,56211.91,126870.145,0.6015104398045313,,0.0
2022-04-15,13.47,13.12,13.47,12.9,44775.11,98968.15,0.5939339067451335,,0.0
2022-04-18,12.99,13.45,13.47,12.29,38189.83,83716.024,0.5999107939339875,,0.0
2022-04-19,13.32,13.13,13.46,12.89,29684.5,65695.641,0.5941176470588235,,0.0
2022-04-20,13.13,12.23,13.22,12.2,54830.01,117969.582,0.5768867924528301,,0.0
2022-04-21,12.03,11.269999999999998,12.51,11.109999999999998,54118.34,111775.675,0.5568181818181818,,0.0
2022-04-22,11.249999999999998,11.03,11.339999999999998,10.609999999999998,40545.22,80985.625,0.5515,,0.0
2022-04-25,10.88,9.8,10.929999999999998,9.65,65818.11,126575.991,0.5221097496004262,,0.0
2022-04-26,9.81,9.909999999999998,10.269999999999998,9.23,67933.47,127294.023,0.5248940677966101,,0.0
2022-04-27,9.8,9.81,9.9,9.01,90655.02,166336.722,0.5223642172523961,,0.0
2022-04-28,9.679999999999998,9.58,10.26,9.22,56930.09,106381.615,0.5164420485175202,,0.0
2022-04-29,9.58,10.62,10.659999999999998,9.58,59659.14,114650.707,0.5421133231240428,,0.0
2022-05-05,10.29,11.07,11.33,10.23,68228.34,135867.03,0.5523952095808383,,0.0
2022-05-06,10.53,10.589999999999998,11.03,10.39,38292.63,75232.113,0.5414110429447853,,0.0
2022-05-09,10.72,11.05,11.179999999999998,10.48,32859.31,65413.677,0.5519480519480519,,0.0
2022-05-10,10.839999999999998,11.06,11.21,10.7,33976.27,67664.629,0.5521717423864204,,0.0
2022-05-11,11.21,10.909999999999998,11.62,10.88,44516.85,90378.172,0.5487927565392353,,0.0
2022-05-12,10.749999999999998,11.22,11.359999999999998,10.63,33587.76,67610.505,0.5557206537890045,,0.0
2022-05-13,11.26,11.519999999999998,12.08,11.08,38540.59,78942.092,0.562225475841874,,0.0
2022-05-16,11.72,11.749999999999998,11.99,11.33,38955.53,80446.267,0.567084942084942,,0.0
2022-05-17,11.83,11.37,11.859999999999998,11.14,27569.65,55863.918,0.5589970501474926,,0.0
2022-05-18,11.37,11.1,11.39,10.97,30231.28,60667.599,0.5530642750373692,,0.0
2022-05-19,10.83,11.65,11.839999999999998,10.609999999999998,46634.21,94636.334,0.5649854510184287,,0.0
2022-05-20,11.74,11.78,12.38,11.63,59938.73,125115.381,0.567710843373494,,0.0
2022-05-23,11.839999999999998,11.83,11.999999999999998,11.55,27882.8,58019.056,0.56875,,0.0
2022-05-24,11.83,11.62,11.92,11.29,43198.97,88490.781,0.5643516270033997,,0.0
2022-05-25,11.54,11.76,11.94,11.03,43826.16,90208.162,0.5672937771345875,,0.0
2022-05-26,11.89,12.32,12.72,11.679999999999998,69523.84,147744.96,0.5786754344762799,,0.0
2022-05-27,12.32,12.9,13.24,12.24,59692.01,130112.12,0.5898491083676268,,0.0
2022-05-30,12.79,12.48,13.03,12.15,47685.58,101801.524,0.5818181818181818,,0.0
2022-05-31,12.48,13.1,13.15,12.24,38408.44,83415.997,0.5935659265971908,,0.0
2022-06-01,13.03,13.05,13.4,12.79,29142.68,64174.467,0.5926430517711171,,0.0
2022-06-02,13.179999999999998,13.03,13.179999999999998,12.679999999999998,25807.83,55102.74,0.6060465116279069,,0.0
2022-06-06,13.06,13.51,13.73,12.83,50571.67,110764.395,0.6146496815286624,,0.0
2022-06-07,13.62,14.29,14.38,13.359999999999998,57270.1,129492.6,0.6278558875219684,,0.0
2022-06-08,14.23,14.37,14.48,13.95,35642.36,80675.804,0.6291593695271454,,0.0
2022-06-09,14.38,13.859999999999998,14.679999999999998,13.71,35454.83,80122.312,0.6206896551724137,,0.0
2022-06-10,13.679999999999998,14.3,14.53,13.54,30537.84,69235.66,0.6280193236714976,,0.0
2022-06-13,14.21,15.53,15.64,14.15,55561.32,130787.933,0.6470833333333333,,0.0
2022-06-14,15.29,14.9,15.37,14.33,43456.45,101030.962,0.6375695335900727,,0.0
2022-06-15,15.01,15.339999999999998,15.45,14.8,43058.59,101692.165,0.6442671146577068,,0.0
2022-06-16,15.28,15.47,16.130000000000003,15.159999999999998,60517.67,146007.513,0.6461988304093568,,0.0
2022-06-17,15.249999999999998,15.45,15.58,14.839999999999998,34631.89,82213.184,0.6459030100334449,,0.0
2022-06-20,15.51,15.88,15.89,15.23,33767.11,81302.172,0.6521560574948665,,0.0
2022-06-21,15.83,15.73,15.98,15.24,28471.49,68406.956,0.6499999999999999,,0.0
2022-06-22,15.589999999999998,15.589999999999998,15.83,15.31,34820.44,83521.723,0.6479634247714048,,0.0
2022-06-23,15.69,16.130000000000003,16.18,15.24,45307.3,109242.091,0.6556910569105692,,0.0
2022-06-24,16.03,15.83,16.21,15.49,58418.58,141613.864,0.651440329218107,,0.0
2022-06-27,16.03,17.089999999999996,17.119999999999997,15.73,75835.58,188286.875,0.6686228482003129,,0.0
2022-06-28,17.03,16.450000000000003,17.21,15.909999999999998,94280.5,233934.891,0.6601123595505619,,0.0
2022-06-29,16.32,16.35,16.4,15.96,44012.44,108356.139,0.6587429492344884,,0.0
2022-06-30,16.119999999999997,16.11,16.46,16.04,29718.14,73379.1,0.6554109031733116,,0.0
2022-07-01,16.18,16.009999999999998,16.32,15.67,31957.42,78010.689,0.6540032679738561,,0.0
2022-07-04,15.94,16.229999999999997,16.42,15.73,27885.58,68567.511,0.6570850202429148,,0.0
2022-07-05,16.33,16.339999999999996,16.630000000000003,16.049999999999997,25360.63,62694.004,0.6586054010479644,,0.0
2022-07-06,16.130000000000003,15.82,16.630000000000003,15.48,41763.59,101644.147,0.6512968299711815,,0.0
2022-07-07,15.83,15.55,16.019999999999996,15.42,40876.84,98391.825,0.6473771856786011,,0.0
2022-07-08,15.7,15.8,16.299999999999997,15.58,28576.71,69437.055,0.6510094767202307,,0.0
2022-07-11,15.74,15.609999999999998,15.88,15.33,28035.3,67315.211,0.6482558139534883,,0.0
2022-07-12,15.62,15.53,15.78,15.29,24895.74,59823.696,0.6470833333333333,,0.0
2022-07-13,15.45,15.409999999999998,15.6,15.159999999999998,29822.25,71149.4,0.6453098827470687,,0.0
2022-07-14,15.39,15.51,15.62,15.13,26301.38,62647.22,0.6467889908256881,,0.0
2022-07-15,15.53,14.929999999999998,15.6,14.909999999999998,24996.46,59375.45,0.638034188034188,,0.0
2022-07-18,14.909999999999998,15.33,15.33,14.64,20313.52,47725.696,0.6441176470588235,,0.0
2022-07-19,15.33,15.3,15.429999999999998,15.089999999999998,13934.03,33095.111,0.6436684896928901,,0.0
2022-07-20,15.429999999999998,16.049999999999997,16.200000000000003,15.3,36481.99,89270.079,0.6545676998368678,,0.0
2022-07-21,16.189999999999998,15.859999999999998,16.22,15.8,19270.67,47109.622,0.6518701191944102,,0.0
2022-07-22,15.859999999999998,15.23,16.03,14.98,34587.24,82489.595,0.6426160337552742,,0.0
2022-07-25,15.42,15.15,15.42,14.859999999999998,20811.0,49002.991,0.6414055884843353,,0.0
2022-07-26,15.429999999999998,15.06,15.429999999999998,14.909999999999998,26974.72,63560.346,0.6400339991500212,,0.0
2022-07-27,15.1,15.21,15.31,14.88,12214.3,28820.536,0.6423141891891891,,0.0
2022-07-28,15.2,14.589999999999998,15.359999999999998,14.589999999999998,22470.01,52275.321,0.6326973113616652,,0.0
2022-07-29,14.519999999999998,13.69,14.589999999999998,13.53,36778.45,82473.772,0.6177797833935018,,0.0
2022-08-01,13.65,13.88,13.99,13.44,21967.33,48944.4,0.6210290827740492,,0.0
2022-08-02,13.53,13.089999999999998,13.64,12.58,39097.06,84154.699,0.6071428571428571,,0.0
2022-08-03,13.15,13.53,13.9,13.089999999999998,27729.85,61302.512,0.615,,0.0
2022-08-04,13.519999999999998,13.55,13.63,13.22,19556.9,42814.439,0.6153496821071752,,0.0
2022-08-05,14.12,13.6,14.12,13.23,25143.54,55405.419,0.6162211146352514,,0.0
2022-08-08,13.609999999999998,13.45,13.82,13.33,21778.83,47998.99,0.613594890510949,,0.0
2022-08-09,13.55,13.53,13.62,13.3,18450.23,40516.611,0.615,,0.0
2022-08-10,13.54,12.999999999999998,13.65,12.72,27585.93,59534.528,0.6054960409874243,,0.0
2022-08-11,13.13,13.83,13.88,12.58,33754.04,74116.863,0.6201793721973095,,0.0
2022-08-12,13.62,13.589999999999998,13.83,13.53,18205.09,40282.918,0.6160471441523119,,0.0
2022-08-15,13.8,14.72,14.88,13.659999999999998,64277.35,147424.1,0.6347563605002156,,0.0
2022-08-16,14.71,14.83,14.96,14.44,37178.73,86126.098,0.6364806866952789,,0.0
2022-08-17,14.7,14.69,14.839999999999998,14.4,27615.46,63628.718,0.6342832469775475,,0.0
2022-08-18,14.56,14.609999999999998,14.79,14.14,26149.47,60013.575,0.6330155979202773,,0.0
2022-08-19,14.589999999999998,14.4,14.589999999999998,14.31,21904.39,50130.023,0.629645824223874,,0.0
2022-08-22,14.19,14.88,14.97,14.04,25240.42,58320.584,0.6372591006423983,,0.0
2022-08-23,14.81,14.7,14.96,14.38,25883.31,59888.175,0.6344410876132931,,0.0
2022-08-24,14.63,14.21,14.71,14.14,28020.67,64046.986,0.6265432098765432,,0.0
2022-08-25,14.269999999999998,14.4,14.51,14.179999999999998,16257.36,37043.837,0.629645824223874,,0.0
2022-08-26,14.46,14.58,14.92,14.28,19843.21,45939.464,0.6325379609544468,,0.0
2022-08-29,14.429999999999998,14.64,14.89,14.23,21318.91,49246.014,0.6334919948074427,,0.0
2022-08-30,14.62,14.83,14.96,14.48,21416.61,49807.099,0.6364806866952789,,0.0
2022-08-31,14.929999999999998,14.57,14.99,14.409999999999998,18664.33,43228.329,0.6323784722222222,,0.0
2022-09-01,14.56,15.089999999999998,15.63,14.55,35369.52,83874.272,0.6404923599320882,,0.0
2022-09-02,15.249999999999998,15.31,15.51,15.05,23152.91,55004.737,0.6438183347350714,,0.0
2022-09-05,15.32,15.13,15.519999999999998,15.08,16237.0,38455.722,0.6411016949152543,,0.0
2022-09-06,15.21,15.7,15.909999999999998,15.12,25308.01,61029.681,0.6495655771617708,,0.0
2022-09-07,15.81,15.46,15.81,15.35,16675.73,39982.446,0.6460509820309235,,0.0
2022-09-08,15.39,15.24,15.63,15.15,19958.98,47519.096,0.6427667650780261,,0.0
2022-09-09,15.24,15.46,15.6,15.14,16343.02,39088.128,0.6460509820309235,,0.0
2022-09-13,15.45,15.58,15.88,15.28,19980.36,48067.791,0.6478170478170479,,0.0
2022-09-14,15.269999999999998,15.76,15.78,14.929999999999998,23674.08,56830.622,0.6504333470903838,,0.0
2022-09-15,15.859999999999998,14.98,16.08,14.8,29038.92,68933.638,0.6388059701492537,,0.0
2022-09-16,15.13,14.19,15.13,14.13,23124.01,53353.522,0.6262135922330097,,0.0
2022-09-19,14.24,14.159999999999998,14.519999999999998,13.749999999999998,19991.8,45008.492,0.6257180733539549,,0.0
2022-09-20,14.26,14.45,14.679999999999998,13.999999999999998,19907.88,45529.269,0.6304537521815009,,0.0
2022-09-21,14.67,13.87,14.71,13.53,18636.54,41798.817,0.6208594449418083,,0.0
2022-09-22,13.679999999999998,13.39,13.97,13.37,17207.0,37998.65,0.6125343092406221,,0.0
2022-09-23,13.39,13.1,13.499999999999998,12.62,29176.19,62711.746,0.6073249884098284,,0.0
2022-09-26,13.12,12.74,13.3,12.69,21016.96,45083.28,0.6006600660066006,,0.0
2022-09-27,12.67,13.83,13.88,12.67,25567.6,55989.718,0.6201793721973095,,0.0
2022-09-28,13.859999999999998,13.58,13.999999999999998,13.54,14514.73,32244.581,0.6158730158730159,,0.0
2022-09-29,13.82,13.74,14.38,13.67,20986.65,47104.732,0.6186402521386762,,0.0
2022-09-30,13.79,13.64,14.08,13.53,17732.54,39491.544,0.6169154228855721,,0.0
2022-10-10,13.92,13.49,15.19,13.44,31889.57,71936.684,0.6142987249544627,,0.0
2022-10-11,13.73,13.679999999999998,13.9,13.179999999999998,20803.46,45907.451,0.6176072234762979,,0.0
2022-10-12,13.53,13.72,13.78,12.929999999999998,18649.28,40673.967,0.6182965299684543,,0.0
2022-10-13,13.72,14.32,14.47,13.33,23642.19,53567.508,0.6283457656867046,,0.0
2022-10-14,14.35,15.55,15.67,14.269999999999998,44736.4,106377.197,0.6473771856786011,,0.0
2022-10-17,15.56,16.18,16.33,15.46,69645.16,170906.531,0.6563894523326572,,0.0
2022-10-18,16.130000000000003,16.82,17.310000000000002,15.839999999999998,71027.45,178271.72,0.6650850138394623,,0.0
2022-10-19,16.82,16.11,16.82,15.94,35788.68,88377.322,0.6554109031733116,,0.0
2022-10-20,16.089999999999996,16.15,16.6,15.44,43840.51,108469.23,0.6559707554833468,,0.0
2022-10-21,16.14,16.4,16.880000000000003,15.89,28133.87,69867.07,0.6594290309609971,,0.0
2022-10-24,16.42,16.42,17.479999999999997,16.14,66125.1,166701.458,0.6597026918441141,,0.0
2022-10-25,16.22,15.88,16.4,15.409999999999998,43876.99,106711.437,0.6521560574948665,,0.0
2022-10-26,15.94,16.75,17.019999999999996,15.94,59529.33,150329.539,0.6641554321966694,,0.0
2022-10-27,16.96,18.5,18.73,16.769999999999996,146941.42,391142.878,0.6859473489061921,,0.0
2022-10-28,18.14,17.79,19.03,17.269999999999996,124376.42,327600.56,0.6774562071591774,,0.0
2022-10-31,18.33,19.18,19.65,17.11,198129.42,535955.106,0.6936708860759494,,0.0
2022-11-01,19.23,19.83,20.53,18.93,149304.05,423715.475,0.7007067137809186,,0.0
2022-11-02,19.8,19.23,20.28,18.8,159894.6,449466.433,0.6942238267148013,,0.0
2022-11-03,18.630000000000003,19.08,19.32,18.48,67652.57,185739.222,0.6925589836660616,,0.0
2022-11-04,18.93,19.79,19.93,18.34,72627.61,202811.843,0.700283085633404,,0.0
2022-11-07,19.79,19.39,19.89,18.99,61142.15,170453.707,0.6959798994974875,,0.0
2022-11-08,19.56,19.83,20.22,18.9,75169.61,212818.427,0.7007067137809186,,0.0
2022-11-09,19.85,21.33,21.53,19.62,110019.17,325602.15,0.7157718120805369,,0.0
2022-11-10,21.04,20.74,21.78,20.33,49349.44,145662.335,0.7100308113659706,,0.0
2022-11-11,21.04,20.64,21.43,19.93,67366.42,196221.991,0.7090346959807626,,0.0
2022-11-14,20.06,21.83,22.15,19.880000000000003,145917.41,439611.614,0.7204620462046204,,0.0
2022-11-15,23.130000000000003,21.33,23.51,20.630000000000003,146465.6,447102.357,0.7157718120805369,,0.0
2022-11-16,21.53,21.25,22.24,20.49,88289.89,263671.702,0.715006729475101,,0.0
2022-11-17,21.130000000000003,22.39,22.73,20.94,110648.58,339541.805,0.7255346727154893,,0.0
2022-11-18,22.23,22.59,24.160000000000004,21.56,120497.51,372692.098,0.7273019961365099,,0.0
2022-11-21,22.4,22.53,23.23,21.380000000000003,89630.3,276356.57,0.7267741935483871,,0.0
2022-11-22,22.35,22.880000000000003,24.53,22.35,149826.15,480739.043,0.7298245614035088,,0.0
2022-11-23,22.54,22.87,23.53,21.76,73549.54,227356.958,0.7297383535417995,,0.0
2022-11-24,22.6,24.36,24.410000000000004,22.49,109000.46,351334.47,0.7420042643923241,,0.0
2022-11-25,23.83,24.160000000000004,24.730000000000004,23.29,74548.66,242781.103,0.740422923689856,,0.0
2022-11-28,23.93,23.52,24.590000000000003,23.24,55343.05,179036.193,0.7352297592997811,,0.0
2022-11-29,23.04,23.52,23.870000000000005,23.04,52012.87,166383.501,0.7352297592997811,,0.0
2022-11-30,23.49,22.27,23.49,21.97,93876.72,290231.246,0.7244632400780741,,0.0
2022-12-01,22.27,22.59,22.93,20.94,169755.41,512413.51,0.7273019961365099,,0.0
2022-12-02,22.32,22.03,22.55,21.56,69776.83,212110.291,0.7222950819672131,,0.0
2022-12-05,22.35,22.02,23.01,21.84,78680.19,242002.247,0.7222040013119054,,0.0
2022-12-06,22.46,21.14,22.46,20.87,85333.92,254522.958,0.7139479905437353,,0.0
2022-12-07,21.12,21.14,21.54,20.34,68229.46,201266.623,0.7139479905437353,,0.0
2022-12-08,21.24,21.19,21.81,20.84,90144.08,267889.097,0.7144302090357383,,0.0
2022-12-09,20.96,21.5,21.74,20.21,76578.01,225786.981,0.7173840507173841,,0.0
2022-12-12,21.83,21.62,22.08,21.09,90845.88,272465.207,0.718511133266866,,0.0
2022-12-13,21.62,21.91,21.97,20.62,68452.59,203710.848,0.7211981566820276,,0.0
2022-12-14,21.83,20.46,21.83,19.880000000000003,140662.44,405335.672,0.7072243346007605,,0.0
2022-12-15,20.24,20.08,20.49,19.84,49916.09,142898.731,0.7033274956217163,,0.0
2022-12-16,20.24,20.71,21.130000000000003,19.93,69249.43,201157.356,0.7097326936257711,,0.0
2022-12-19,20.72,19.17,20.82,18.98,84582.97,236341.196,0.6935600578871202,,0.0
2022-12-20,19.04,18.83,19.5,18.58,44795.15,122772.003,0.6897435897435896,,0.0
2022-12-21,18.71,18.9,19.130000000000003,18.69,26407.25,72233.369,0.6905370843989769,,0.0
2022-12-22,19.21,18.9,19.61,18.52,44458.65,122175.071,0.6905370843989769,,0.0
2022-12-23,18.9,19.02,19.53,18.59,44006.34,121267.488,0.6918879592579119,,0.0
2022-12-26,18.9,19.4,19.67,18.74,44248.36,123305.595,0.6960889845712235,,0.0
2022-12-27,19.43,18.9,19.44,18.43,37638.0,102578.48,0.6905370843989769,,0.0
2022-12-28,19.02,19.34,19.69,18.72,46110.91,128008.057,0.6954332973750449,,0.0
2022-12-29,18.89,20.23,20.98,18.89,74996.04,215487.372,0.7048780487804878,,0.0
2022-12-30,20.68,20.630000000000003,21.06,20.23,49368.98,143624.507,0.7089347079037801,,0.0
2023-01-03,21.0,21.07,21.59,20.56,92650.42,274500.216,0.7132701421800948,,0.0
2023-01-04,20.83,20.72,21.16,20.46,47891.9,140043.439,0.7098321342925659,,0.0
2023-01-05,20.78,20.96,21.21,20.23,62079.14,181951.833,0.7121984369690793,,0.0
2023-01-06,21.01,20.4,21.01,20.130000000000003,59946.78,173935.854,0.7066158642189123,,0.0
2023-01-09,20.23,21.82,21.91,20.23,98876.62,291080.2,0.7203697589963685,,0.0
2023-01-10,21.83,21.98,22.18,21.130000000000003,64004.2,192769.229,0.7218390804597701,,0.0
2023-01-11,22.11,21.73,22.11,21.32,55605.62,167658.291,0.7195364238410595,,0.0
2023-01-12,21.44,21.71,22.66,21.44,65268.18,199483.564,0.719350563286945,,0.0
2023-01-13,21.82,23.14,23.42,21.44,89669.98,281969.621,0.732046820626384,,0.0
2023-01-16,23.08,22.75,23.31,22.31,80694.62,251425.055,0.7286995515695067,,0.0
2023-01-17,22.5,22.4,23.23,22.31,29859.56,92838.523,0.7256235827664398,,0.0
2023-01-18,22.4,22.35,22.81,22.18,25160.21,77848.65,0.7251784555483453,,0.0
2023-01-19,22.32,23.36,23.99,21.93,72203.33,229653.719,0.7338988375746152,,0.0
2023-01-20,23.27,23.43,23.730000000000004,23.02,51065.56,162595.106,0.7344827586206897,,0.0
2023-01-30,23.18,24.5,25.19,23.18,72506.64,238733.216,0.743099787685775,,0.0
2023-01-31,24.200000000000003,23.660000000000004,25.43,23.53,64731.07,212635.092,0.7363834422657952,,0.0
2023-02-01,23.950000000000003,24.480000000000004,24.61,23.52,35542.2,116501.869,0.7429438543247345,,0.0
2023-02-02,24.53,23.910000000000004,24.71,23.730000000000004,35731.45,116478.289,0.7384187770228536,,0.0
2023-02-03,23.54,23.53,24.22,23.14,33285.0,106196.499,0.7353125,,0.0
2023-02-06,23.380000000000003,23.79,24.130000000000003,23.11,31677.04,101920.811,0.7374457532548048,,0.0
2023-02-07,23.75,22.56,23.93,22.130000000000003,64369.2,200675.228,0.7270383499838866,,0.0
2023-02-08,22.56,22.54,22.98,22.36,23685.88,73718.996,0.7268623024830699,,0.0
2023-02-09,22.55,22.64,22.78,22.26,27102.61,83886.779,0.7277402764384443,,0.0
2023-02-10,22.43,22.61,22.77,22.17,19954.21,61792.958,0.7274774774774775,,0.0
2023-02-13,22.93,24.950000000000003,25.72,22.74,123359.83,411963.26,0.74655894673848,,0.0
2023-02-14,25.14,25.200000000000003,25.47,24.51,59103.95,197849.431,0.7484407484407485,,0.0
2023-02-15,25.450000000000003,24.78,26.51,24.230000000000004,86907.29,292541.674,0.7452631578947368,,0.0
2023-02-16,24.93,24.380000000000003,25.58,24.14,75164.78,251370.045,0.7421613394216134,,0.0
2023-02-17,24.18,26.43,26.83,24.050000000000004,110331.92,382095.167,0.7573065902578797,,0.0
2023-02-20,26.53,27.19,27.58,25.730000000000004,103508.22,364282.379,0.7624789680314078,,0.0
2023-02-21,27.03,28.050000000000004,28.230000000000004,26.54,78179.48,281344.273,0.7680722891566265,,0.0
2023-02-22,27.550000000000004,27.880000000000003,28.22,27.300000000000004,53553.94,194220.641,0.7669876203576341,,0.0
2023-02-23,27.85,27.520000000000003,28.18,27.380000000000003,37779.17,136876.905,0.764656849124757,,0.0
2023-02-24,27.43,27.270000000000003,27.620000000000005,27.03,29605.11,105867.466,0.7630106323447119,,0.0
2023-02-27,27.270000000000003,27.130000000000003,27.630000000000003,26.550000000000004,32836.43,116698.564,0.7620786516853933,,0.0
2023-02-28,27.04,27.32,28.15,26.83,50829.55,182329.515,0.7633417155630065,,0.0
2023-03-01,27.230000000000004,26.74,27.64,26.54,48204.62,170358.97,0.7594433399602386,,0.0
2023-03-02,26.870000000000005,26.64,27.050000000000004,26.15,23898.03,83939.506,0.7587581885502706,,0.0
2023-03-03,26.64,26.5,26.74,26.33,16374.93,57298.486,0.7577923934801258,,0.0
2023-03-06,26.67,27.550000000000004,28.03,26.06,59586.71,212654.43,0.7648528595224876,,0.0
2023-03-07,27.450000000000003,28.200000000000003,29.61,27.4,86125.89,319407.735,0.7690209980910827,,0.0
2023-03-08,28.03,27.880000000000003,28.83,27.69,31192.42,114180.198,0.7669876203576341,,0.0
2023-03-09,28.090000000000003,28.120000000000005,28.46,27.6,32064.21,117503.941,0.7685159879748565,,0.0
2023-03-10,28.28,26.92,28.32,26.71,46064.76,164381.678,0.7606668550437977,,0.0
2023-03-13,26.72,29.07,30.230000000000004,26.25,101407.02,376710.257,0.7743740010655301,,0.0
2023-03-14,29.03,28.130000000000003,30.04,28.130000000000003,60305.53,225335.901,0.7685792349726777,,0.0
2023-03-15,28.620000000000005,29.56,30.1,28.620000000000005,72162.31,274645.101,0.7772810938732579,,0.0
2023-03-16,29.46,29.53,30.700000000000003,28.950000000000003,70243.6,268076.895,0.7771052631578947,,0.0
2023-03-17,29.53,27.68,29.89,27.51,95238.58,349635.58,0.7656984785615492,,0.0
2023-03-20,27.69,27.51,28.14,26.01,88865.91,315309.68,0.764591439688716,,0.0
2023-03-21,27.61,28.660000000000004,28.78,27.33,52037.0,190849.154,0.7718825747374092,,0.0
2023-03-22,28.86,28.630000000000003,29.71,27.800000000000004,52230.21,194181.418,0.7716981132075472,,0.0
2023-03-23,28.42,29.39,30.31,27.96,42211.95,159658.579,0.7762810353935552,,0.0
2023-03-24,29.270000000000003,25.6,29.79,25.6,130708.88,457285.367,0.7513941884355738,,0.0
2023-03-27,24.99,26.6,26.730000000000004,24.03,86208.27,296500.33,0.7584830339321358,,0.0
2023-03-28,26.42,30.11,30.11,26.36,105952.6,396281.297,0.7804561949196475,,0.0
2023-03-29,30.89,30.520000000000003,31.520000000000003,30.130000000000003,104803.0,410360.171,0.7827648114901257,,0.0
2023-03-30,30.36,30.450000000000003,30.81,29.71,48286.95,186384.69,0.7823741007194245,,0.0
2023-03-31,30.53,31.92,33.01,30.480000000000004,86770.08,351594.716,0.7902946273830156,,0.0
2023-04-03,31.82,30.520000000000003,32.71,29.78,88171.38,348009.315,0.7827648114901257,,0.0
2023-04-04,30.53,33.39,33.39,30.21,82525.11,337636.828,0.7976588628762542,,0.0
2023-04-06,32.870000000000005,32.870000000000005,33.910000000000004,32.230000000000004,66589.94,276440.155,0.7951136913401065,,0.0
2023-04-07,32.660000000000004,31.89,32.95,31.340000000000003,54065.71,218179.91,0.7901387512388504,,0.0
2023-04-10,31.89,30.82,31.93,28.89,109565.96,424438.279,0.7844235174344617,,0.0
2023-04-11,30.51,31.01,31.130000000000003,30.03,46309.6,181034.138,0.7854609929078015,,0.0
2023-04-12,30.89,30.480000000000004,31.910000000000004,30.21,40064.76,157387.662,0.7825417201540437,,0.0
2023-04-13,30.17,32.49,32.51,30.120000000000005,70923.62,284745.575,0.793212890625,,0.0
2023-04-14,32.17,30.910000000000004,32.31,30.36,54639.83,216361.882,0.7849162011173185,,0.0
2023-04-17,30.85,31.61,31.840000000000003,30.630000000000003,47633.01,189836.633,0.7886726546906188,,0.0
2023-04-18,31.64,31.5,31.65,30.6,25391.78,100854.899,0.788091068301226,,0.0
2023-04-19,31.53,31.370000000000005,31.56,29.86,63231.58,248227.612,0.7873995983935743,,0.0
2023-04-20,30.93,31.870000000000005,32.83,30.93,48907.91,198792.333,0.7900347050074369,,0.0
2023-04-21,31.9,32.32,33.77,31.630000000000003,56471.28,232896.698,0.7923510664378525,,0.0
2023-04-24,32.44,31.620000000000005,33.13,31.020000000000003,54337.05,219454.52,0.7887253679221752,,0.0
2023-04-25,31.93,32.660000000000004,32.83,31.050000000000004,62763.62,254571.708,0.7940675905664966,,0.0
2023-04-26,32.49,32.09,33.01,31.130000000000003,41297.71,168085.241,0.7911735700197239,,0.0
2023-04-27,32.0,33.33,33.77,31.800000000000004,43855.0,182828.228,0.7973684210526316,,0.0
2023-04-28,33.33,34.550000000000004,34.910000000000004,32.83,59730.0,255146.148,0.8031148303114831,,0.0
2023-05-04,37.33,38.85,38.85,36.23,54206.62,253743.273,0.8210059171597633,,0.0
2023-05-05,41.51,41.55,43.48,40.51,215374.64,1076598.492,0.8306677329068373,,0.0
2023-05-08,41.95,41.98,43.61,41.03,137174.75,695291.899,0.8321110009910803,,0.0
2023-05-09,41.56,39.03,42.5,38.72,121723.19,587354.146,0.8216842105263158,,0.0
2023-05-10,39.03,38.13,39.120000000000005,36.66,109744.9,508585.03,0.8182403433476395,,0.0
2023-05-11,38.08,36.370000000000005,38.78,36.15,69901.51,317326.356,0.8111061552185549,,0.0
2023-05-12,36.43,37.45,38.16,36.17,78919.2,362569.998,0.8155487804878049,,0.0
2023-05-15,37.45,36.88,37.75,36.19,67162.06,304458.106,0.8132304299889747,,0.0
2023-05-16,37.74,38.13,40.01,37.34,119205.22,561350.472,0.8182403433476395,,0.0
2023-05-17,38.1,39.86,40.39,37.15,87793.81,415335.903,0.824746534243741,,0.0
2023-05-18,40.21,39.54,41.21,39.06,46350.95,223648.508,0.8235784211622579,,0.0
2023-05-19,39.09,41.8,42.58,39.04,99807.62,495714.748,0.8315098468271335,,0.0
2023-05-22,41.9,40.98,43.38,40.14,97495.0,486060.221,0.8287158746208292,,0.0
2023-05-23,40.54,41.72,42.49,40.33,76224.55,381838.457,0.8312412831241284,,0.0
2023-05-24,41.31,40.64,41.5,39.84,60573.54,297982.594,0.8275300346161678,,0.0
2023-05-25,40.64,42.26,42.41,40.53,62477.15,314121.445,0.8330376503055391,,0.0
2023-05-26,42.17,46.83,47.33,41.38,122767.48,667350.087,0.8468354430379746,,0.0
2023-05-29,46.41,45.92,47.79,45.79,97029.19,532637.496,0.8442728442728443,,0.0
2023-05-30,45.93,46.51,47.33,44.89,57889.18,316394.648,0.845943979628956,,0.0
2023-05-31,46.39,46.22,47.16,45.81,51496.3,282689.52,0.8451270799049186,,0.0
2023-06-01,45.53,44.09,45.53,43.21,90162.06,474143.134,0.8388508371385084,,0.0
2023-06-02,44.21,43.11,44.76,43.09,52121.59,271992.824,0.8357890655292749,,0.0
2023-06-05,43.33,44.15,44.33,42.43,82269.73,426076.119,0.8390345876092741,,0.0
2023-06-06,44.0,42.75,44.19,42.31,68087.2,343960.758,0.8532934131736527,,0.0
2023-06-07,42.99,43.43,44.33,42.33,54793.72,278638.767,0.8552579755809373,,0.0
2023-06-08,43.43,42.17,43.82,41.78,57247.64,285673.359,0.8515751211631664,,0.0
2023-06-09,42.52,40.61,42.65,40.31,110342.77,534501.153,0.8467472894078398,,0.0
2023-06-12,40.65,40.3,40.98,39.58,85468.78,406212.141,0.8457502623294858,,0.0
2023-06-13,40.47,39.65,40.53,38.88,90253.58,423787.443,0.8436170212765958,,0.0
2023-06-14,39.9,38.6,40.05,38.16,125041.5,576235.292,0.8400435255712732,,0.0
2023-06-15,38.93,38.18,38.94,37.68,76541.75,348231.478,0.8385679771579179,,0.0
2023-06-16,38.25,37.8,38.97,37.75,73790.16,335771.389,0.8372093023255813,,0.0
2023-06-19,37.65,38.5,39.6,37.15,119424.76,549617.276,0.8396946564885496,,0.0
2023-06-20,38.44,38.3,39.48,38.25,58032.62,266836.997,0.8389923329682365,,0.0
2023-06-21,38.3,37.31,38.86,37.25,54229.31,245266.642,0.835423197492163,,0.0
2023-06-26,37.15,37.13,38.31,36.21,72424.83,323318.986,0.8347571942446043,,0.0
2023-06-27,37.42,37.82,37.94,36.86,66020.99,296253.783,0.8372813814478636,,0.0
2023-06-28,37.75,37.32,37.91,36.93,41431.63,185347.96,0.8354600402955004,,0.0
2023-06-29,37.52,38.12,38.85,37.32,76723.67,349898.714,0.8383549593138333,,0.0
2023-06-30,38.3,37.54,38.93,37.21,70345.57,319514.343,0.8362664290487859,,0.0
2023-07-03,37.1,35.34,37.32,33.65,176699.58,749624.727,0.8278285312719607,,0.0
2023-07-04,35.24,35.0,36.5,34.87,117529.29,504339.823,0.8264462809917356,,0.0
2023-07-05,34.65,34.48,35.23,33.45,85224.62,354946.683,0.8242887879512312,,0.0
2023-07-06,34.42,33.25,34.42,32.93,80174.93,327819.285,0.8189655172413793,,0.0
2023-07-07,33.23,33.629999999999995,34.2,32.96,61289.46,251667.625,0.8206442166910688,,0.0
2023-07-10,33.79,33.7,34.059999999999995,33.28,48071.87,197557.727,0.8209500609013398,,0.0
2023-07-11,33.91,33.4,34.05,33.14,36902.72,150884.951,0.8196319018404907,,0.0
2023-07-12,33.45,32.809999999999995,33.55,32.74,39478.96,159896.424,0.8169820717131474,,0.0
2023-07-13,32.85,33.16,33.54,32.7,41282.65,167057.93,0.8185633176993334,,0.0
2023-07-14,33.05,32.71,33.3,32.55,46627.77,187413.188,0.8165252121817274,,0.0
2023-07-17,32.85,36.02,36.45,32.55,141830.73,598553.751,0.8305280147567442,,0.0
2023-07-18,35.29,34.2,35.67,34.03,107867.51,452440.956,0.8231046931407942,,0.0
2023-07-19,33.91,33.94,34.5,33.72,42963.36,177625.677,0.8219907968030999,,0.0
2023-07-20,33.94,32.94,33.94,32.87,44067.62,178869.737,0.817572598659717,,0.0
2023-07-21,32.84,33.33,33.73,32.75,36563.17,148753.103,0.8193215339233038,,0.0
2023-07-24,33.1,33.77,34.59,32.86,54446.87,224829.448,0.8212548638132295,,0.0
2023-07-25,34.19,33.129999999999995,34.78,32.309999999999995,77968.78,314799.857,0.8184288537549407,,0.0
2023-07-26,32.94,32.85,33.3,32.42,35641.43,143285.096,0.8171641791044776,,0.0
2023-07-27,32.66,32.44,32.89,31.95,64879.86,258185.771,0.8152802211610957,,0.0
2023-07-28,32.379999999999995,32.5,32.77,32.16,38070.47,151664.281,0.8155583437892095,,0.0
2023-07-31,32.43,31.82,32.65,31.7,53311.37,210555.706,0.8123563952004085,,0.0
2023-08-01,31.72,31.49,32.03,31.25,44904.34,174695.471,0.8107621009268795,,0.0
2023-08-02,31.379999999999995,30.47,31.49,30.309999999999995,84420.28,320663.196,0.8056583818085669,,0.0
2023-08-03,30.25,31.55,32.25,30.25,78243.84,303452.752,0.8110539845758354,,0.0
2023-08-04,31.75,31.55,32.32,31.5,44267.48,173701.016,0.8110539845758354,,0.0
2023-08-07,31.42,31.4,31.9,30.92,71543.66,276908.19,0.8103225806451613,,0.0
2023-08-08,31.19,33.45,33.94,30.99,108789.19,438106.668,0.8198529411764706,,0.0
2023-08-09,33.21,31.69,33.3,31.27,99209.82,389330.253,0.8117315573770492,,0.0
2023-08-10,31.5,31.76,31.95,31.36,36152.28,141163.732,0.8120685246739964,,0.0
2023-08-11,31.79,31.7,32.46,31.69,46014.72,181090.856,0.8117797695262483,,0.0
2023-08-14,31.35,32.879999999999995,33.5,31.28,76198.42,303069.138,0.8173005219985086,,0.0
2023-08-15,32.36,29.9,32.42,28.95,178287.03,664508.641,0.8026845637583893,,0.0
2023-08-16,30.2,28.6,30.22,28.2,123799.92,448107.437,0.7955493741307371,,0.0
2023-08-17,28.61,28.74,28.83,28.32,58579.54,210649.62,0.7963424771404821,,0.0
2023-08-18,28.65,27.23,28.66,27.21,123323.44,430939.063,0.7874493927125505,,0.0
2023-08-21,27.16,27.86,28.52,27.05,70740.05,250165.562,0.7912524850894632,,0.0
2023-08-22,28.1,27.8,28.1,27.15,56162.37,196046.036,0.7908961593172119,,0.0
2023-08-23,27.75,27.17,28.1,27.16,35411.5,123736.128,0.7870799536500579,,0.0
2023-08-24,27.23,27.34,27.79,27.059999999999995,36850.93,128084.355,0.7881233784952435,,0.0
2023-08-25,27.17,26.87,27.51,26.68,34414.67,118157.196,0.7852133255406195,,0.0
2023-08-28,28.58,26.69,28.95,26.51,67268.08,233268.473,0.7840775558166863,,0.0
2023-08-29,26.64,27.35,27.5,26.54,60139.81,207611.411,0.7881844380403458,,0.0
2023-08-30,27.35,27.42,27.7,27.03,43868.56,152513.897,0.7886108714408973,,0.0
2023-08-31,27.44,28.1,28.309999999999995,27.22,56760.18,200287.962,0.7926657263751763,,0.0
2023-09-01,27.9,28.02,28.27,27.76,29699.71,104880.405,0.7921967769296013,,0.0
2023-09-04,28.059999999999995,28.1,28.14,27.7,42932.0,151602.143,0.7926657263751763,,0.0
2023-09-05,27.97,28.03,28.69,27.86,34999.0,124390.488,0.7922555115884681,,0.0
2023-09-06,27.68,27.17,28.18,27.03,44940.31,156011.993,0.7870799536500579,,0.0
2023-09-07,27.22,26.33,27.22,26.3,42064.74,142706.418,0.7817695961995249,,0.0
2023-09-08,26.3,26.01,26.379999999999995,25.84,33682.74,112586.656,0.7796762589928057,,0.0
2023-09-11,26.01,26.87,27.22,26.01,66320.89,227266.818,0.7852133255406195,,0.0
2023-09-12,26.82,26.91,27.28,26.75,37134.72,127751.227,0.7854640980735551,,0.0
2023-09-13,27.1,26.67,27.5,26.379999999999995,31417.69,107321.533,0.7839506172839505,,0.0
2023-09-14,26.72,27.05,27.33,26.51,33976.51,116613.723,0.7863372093023255,,0.0
2023-09-15,27.01,27.51,27.95,26.87,51874.53,181129.529,0.789156626506024,,0.0
2023-09-18,27.32,27.45,27.75,26.97,44272.0,153657.805,0.7887931034482758,,0.0
2023-09-19,27.6,27.18,27.72,27.059999999999995,26666.0,92280.955,0.787141615986099,,0.0
2023-09-20,27.08,26.9,27.58,26.85,35105.53,120900.985,0.7854014598540145,,0.0
2023-09-21,26.82,26.05,26.82,25.9,63123.0,211379.233,0.779940119760479,,0.0
2023-09-22,25.85,26.22,26.35,25.59,47638.45,158979.321,0.7810545129579982,,0.0
2023-09-25,26.24,27.25,27.51,25.99,58496.06,201439.053,0.7875722543352601,,0.0
2023-09-26,27.15,28.059999999999995,28.4,27.11,89177.04,315722.058,0.7924315165207568,,0.0
2023-09-27,28.059999999999995,28.74,29.33,27.85,81291.31,292474.597,0.7963424771404821,,0.0
2023-09-28,28.65,29.08,29.62,28.65,73397.19,268256.533,0.7982432061487784,,0.0
2023-10-09,28.85,28.51,29.4,28.17,60378.0,216551.542,0.7950362520914668,,0.0
2023-10-10,28.53,26.73,28.53,26.65,71248.54,246210.13,0.7843309859154929,,0.0
2023-10-11,26.9,26.4,27.01,26.15,83833.97,283797.075,0.7822222222222222,,0.0
2023-10-12,26.53,25.77,26.78,25.61,66643.94,222423.251,0.7780797101449275,,0.0
2023-10-13,25.65,25.23,26.05,25.12,61682.4,202238.113,0.7744014732965009,,0.0
2023-10-16,25.129999999999995,24.63,25.86,24.44,78801.57,254839.207,0.7701688555347092,,0.0
2023-10-17,24.65,24.42,24.67,23.96,42080.03,133207.791,0.7686496694995278,,0.0
2023-10-18,24.4,23.65,24.42,23.52,50752.64,158251.782,0.7629032258064515,,0.0
2023-10-19,23.6,23.17,23.83,22.96,47702.77,146333.652,0.7591743119266054,,0.0
2023-10-20,22.97,22.93,23.32,22.86,42888.17,130456.355,0.7572655217965654,,0.0
2023-10-23,22.85,22.74,23.21,22.53,43391.0,130933.599,0.7557328015952143,,0.0
2023-10-24,22.9,23.03,23.5,22.78,61729.74,187904.829,0.7580645161290323,,0.0
2023-10-25,23.25,22.66,23.42,22.44,55058.62,165785.746,0.7550816394535155,,0.0
2023-10-26,22.31,22.65,22.85,22.07,41413.39,123780.973,0.755,,0.0
2023-10-27,23.65,24.55,24.93,22.66,99553.27,310549.216,0.7695924764890282,,0.0
2023-10-30,24.37,25.1,25.15,24.01,94273.73,302574.068,0.773497688751926,,0.0
2023-10-31,24.02,22.5,24.35,22.07,223986.87,674395.555,0.7537688442211055,,0.0
2023-11-01,22.12,22.1,22.69,21.3,141649.27,413299.472,0.7504244482173175,,0.0
2023-11-02,22.1,22.0,22.8,21.88,82237.44,243569.878,0.7495741056218057,,0.0
2023-11-03,21.95,22.08,22.49,21.68,62593.56,183952.006,0.7502548419979612,,0.0
2023-11-06,22.32,22.61,22.85,22.05,86010.07,256048.88,0.7546728971962616,,0.0
2023-11-07,22.5,23.03,23.23,22.32,65562.07,198243.039,0.7580645161290323,,0.0
2023-11-08,23.03,23.23,23.55,22.95,65488.0,200380.584,0.7596468279921517,,0.0
2023-11-09,23.24,22.88,23.5,22.8,52578.64,159794.201,0.7568640423420443,,0.0
2023-11-10,22.76,23.04,23.43,22.48,40149.28,121926.93,0.7581441263573544,,0.0
2023-11-13,23.04,23.33,23.55,22.8,49892.29,152655.221,0.7604302477183833,,0.0
2023-11-14,23.4,23.3,23.67,23.07,60026.31,183893.439,0.7601957585644371,,0.0
2023-11-15,23.31,23.31,23.6,22.87,57802.55,176219.461,0.7602739726027397,,0.0
2023-11-16,23.15,22.91,23.38,22.88,31041.66,94396.072,0.7571050892267018,,0.0
2023-11-17,22.88,23.53,23.64,22.78,68544.57,210093.654,0.761981865284974,,0.0
2023-11-20,23.97,26.62,26.62,23.97,173912.88,580183.707,0.7836326170150132,,0.0
2023-11-21,26.629999999999995,26.77,27.36,26.45,190378.26,652320.407,0.7845838218053927,,0.0
2023-11-22,26.76,26.14,27.1,26.12,105903.8,359332.785,0.7805315019408778,,0.0
2023-11-23,26.17,26.48,26.629999999999995,25.75,90643.62,304992.969,0.7827372154892107,,0.0
2023-11-24,26.49,26.72,27.059999999999995,26.15,116354.7,394850.243,0.7842676841796301,,0.0
2023-11-27,26.69,26.2,26.74,25.72,91764.61,307155.924,0.7809239940387481,,0.0
2023-11-28,26.21,28.09,28.15,25.65,163034.07,566119.57,0.7926072234762979,,0.0
2023-11-29,28.09,27.379999999999995,28.52,27.24,116847.7,409724.354,0.7883674057011228,,0.0
2023-11-30,27.45,28.54,29.19,27.15,173352.28,617825.701,0.7952075787127333,,0.0
2023-12-01,28.53,28.41,28.64,27.98,86896.21,309874.499,0.794463087248322,,0.0
2023-12-04,28.54,28.15,28.69,27.45,83013.83,294991.487,0.7929577464788732,,0.0
2023-12-05,28.1,28.559999999999995,29.54,27.85,119064.14,428288.5,0.7953216374269005,,0.0
2023-12-06,28.15,27.93,28.69,27.9,87059.61,310167.366,0.7916666666666666,,0.0
2023-12-07,27.45,27.6,28.14,27.129999999999995,80240.76,279965.825,0.7896995708154506,,0.0
2023-12-08,27.4,27.27,28.03,27.16,54883.7,191213.9,0.7876949740034661,,0.0
2023-12-11,27.2,28.16,28.55,26.809999999999995,78689.27,277312.739,0.7930160518163897,,0.0
2023-12-12,28.05,28.08,28.97,27.94,69379.42,247739.713,0.7925486875529212,,0.0
2023-12-13,27.97,28.45,29.01,27.85,81424.81,292814.641,0.7946927374301676,,0.0
2023-12-14,28.65,28.08,28.68,27.93,47442.69,168928.89,0.7925486875529212,,0.0
2023-12-15,28.08,26.98,28.12,26.83,73345.14,254444.119,0.7859015438392076,,0.0
2023-12-18,26.8,27.17,27.96,26.8,51474.97,178985.164,0.7870799536500579,,0.0
2023-12-19,27.46,26.94,27.52,26.27,40932.46,139539.52,0.7856517935258093,,0.0
2023-12-20,27.05,26.6,27.3,26.52,35512.97,121361.628,0.7835051546391752,,0.0
2023-12-21,26.379999999999995,27.129999999999995,27.15,26.18,38077.43,129647.273,0.7868329466357308,,0.0
2023-12-22,27.23,25.85,27.71,25.7,76012.69,256652.055,0.7786144578313253,,0.0
2023-12-25,25.74,25.97,26.08,25.48,37030.95,122778.917,0.7794117647058824,,0.0
2023-12-26,25.83,25.37,25.98,25.18,44618.11,146672.932,0.7753667481662592,,0.0
2023-12-27,25.309999999999995,26.18,26.28,25.309999999999995,37329.68,124083.094,0.7807933194154488,,0.0
2023-12-28,26.17,25.87,26.33,25.51,65883.23,218266.779,0.7787477423239012,,0.0
2023-12-29,25.94,26.3,26.75,25.76,55877.57,188325.659,0.7815750371471025,,0.0
2024-01-02,26.42,26.92,27.22,26.03,75972.3,259171.011,0.7855266997373797,,0.0
2024-01-03,26.7,27.83,28.92,26.7,115214.13,408689.975,0.7910744741330301,,0.0
2024-01-04,27.83,28.46,28.74,27.4,80191.45,284196.648,0.7947500698129014,,0.0
2024-01-05,28.28,27.73,28.72,27.57,62711.42,222889.381,0.790478905359179,,0.0
2024-01-08,27.52,27.73,28.03,27.23,48792.16,171223.339,0.790478905359179,,0.0
2024-01-09,27.55,27.79,28.16,27.19,43563.96,152991.601,0.7908366533864541,,0.0
2024-01-10,27.309999999999995,24.28,27.309999999999995,24.28,219373.04,708590.902,0.7676256718305405,,0.0
2024-01-11,23.8,24.39,24.55,23.58,123336.02,387905.642,0.7684310018903591,,0.0
2024-01-12,24.33,23.48,24.6,23.48,79606.79,249655.1,0.7615958481998053,,0.0
2024-01-15,23.17,24.31,24.83,23.0,87311.05,275764.509,0.7678458622867972,,0.0
2024-01-16,24.47,24.62,25.2,24.22,71774.77,229867.474,0.7700969659055363,,0.0
2024-01-17,24.68,23.97,25.68,23.95,77131.79,248087.924,0.7653256704980842,,0.0
2024-01-18,23.65,24.6,24.63,23.35,66617.15,207817.5,0.7699530516431924,,0.0
2024-01-19,24.43,23.94,24.71,23.75,57356.68,180265.538,0.7651006711409395,,0.0
2024-01-22,23.53,22.28,24.17,21.95,79697.54,241312.549,0.7519406007424907,,0.0
2024-01-23,22.22,22.14,22.53,21.55,63111.2,185931.745,0.750762970498474,,0.0
2024-01-24,22.34,21.7,22.55,20.81,92464.64,267141.654,0.7469879518072289,,0.0
2024-01-25,21.66,22.86,23.04,21.48,82379.98,243986.167,0.7567030784508441,,0.0
2024-01-26,22.86,21.5,23.15,21.3,111295.24,326868.212,0.7452339688041594,,0.0
2024-01-29,21.48,21.44,21.88,20.78,81352.19,233426.704,0.7447030218825981,,0.0
2024-01-30,21.18,19.75,21.18,19.65,101385.67,279581.031,0.7287822878228782,,0.0
2024-01-31,19.25,18.91,19.76,18.8,66927.36,177837.458,0.7201066260472201,,0.0
2024-02-01,18.91,18.7,19.4,18.58,61488.38,161439.124,0.7178502879078694,,0.0
2024-02-02,18.7,17.47,18.93,16.689999999999998,126820.83,318774.909,0.7038678485092666,,0.0
2024-02-05,17.369999999999997,17.59,18.25,16.049999999999997,127804.61,312583.001,0.7052927024859663,,0.0
2024-02-06,17.45,19.64,19.89,17.0,116538.51,303538.957,0.7276769173768062,,0.0
2024-02-07,19.75,21.6,21.64,19.75,133800.84,378704.87,0.7461139896373057,,0.0
2024-02-08,21.6,21.82,22.95,21.29,116139.12,344031.72,0.7480287967089475,,0.0
2024-02-19,22.17,21.62,22.25,21.19,79020.67,228947.306,0.7462892647566447,,0.0
2024-02-20,21.5,21.89,22.43,21.16,63825.54,187161.706,0.7486320109439124,,0.0
2024-02-21,21.78,21.82,22.28,21.3,77203.39,225296.243,0.7480287967089475,,0.0
2024-02-22,21.7,21.99,22.2,21.65,54028.64,157957.959,0.7494887525562371,,0.0
2024-02-23,21.95,21.91,22.34,21.66,53459.51,156598.988,0.7488038277511961,,0.0
2024-02-26,21.8,21.92,22.22,21.6,56597.98,165753.11,0.7488896481038606,,0.0
2024-02-27,21.82,22.4,22.4,21.82,65092.87,191830.111,0.7529411764705882,,0.0
2024-02-28,22.45,21.92,23.48,21.85,89626.92,269939.547,0.7488896481038606,,0.0
2024-02-29,21.78,22.64,22.77,21.66,64538.62,191872.454,0.7549183061020339,,0.0
2024-03-01,22.65,22.66,22.88,22.36,46677.56,139629.572,0.7550816394535155,,0.0
2024-03-04,22.9,23.61,23.7,22.9,91704.06,280871.474,0.7625968992248061,,0.0
2024-03-05,23.55,22.85,23.55,22.55,87220.42,264046.711,0.7566225165562913,,0.0
2024-03-06,22.63,22.18,22.74,21.91,65130.0,192769.134,0.7511005756857433,,0.0
2024-03-07,22.13,21.57,22.31,21.57,54665.24,159662.911,0.745850622406639,,0.0
2024-03-08,21.55,21.99,22.14,21.55,42912.2,125367.599,0.7494887525562371,,0.0
2024-03-11,21.95,22.38,22.4,21.77,49620.99,146416.79,0.7527749747729565,,0.0
2024-03-12,22.61,23.29,23.82,22.61,95886.35,294200.17,0.7601174934725848,,0.0
2024-03-13,23.29,22.94,23.33,22.76,48922.0,148405.456,0.7573456586332122,,0.0
2024-03-14,23.01,22.62,23.39,22.47,51862.87,156480.159,0.7547547547547547,,0.0
2024-03-15,22.46,22.51,23.0,22.05,61425.0,183017.636,0.7538513060951104,,0.0
2024-03-18,22.51,22.71,22.73,22.15,56224.2,167391.877,0.7554890219560878,,0.0
2024-03-19,22.71,22.14,22.73,22.13,55217.24,163901.601,0.750762970498474,,0.0
2024-03-20,22.05,21.54,22.05,21.25,79894.03,230633.711,0.7455867082035306,,0.0
2024-03-21,21.53,21.44,21.79,21.38,43026.0,124187.094,0.7447030218825981,,0.0
2024-03-22,21.42,20.74,21.44,20.55,59660.78,168136.995,0.7383410466358135,,0.0
2024-03-25,20.87,20.66,21.2,20.65,46578.42,131838.526,0.7375937165298108,,0.0
2024-03-26,20.59,20.84,20.95,20.55,35156.63,98907.531,0.7392692444129123,,0.0
2024-03-27,20.85,20.53,21.34,20.53,59636.74,168333.367,0.7363701578192252,,0.0
2024-03-28,20.5,20.77,20.93,20.18,43563.23,122066.491,0.7386201991465149,,0.0
2024-03-29,20.77,20.55,20.77,20.32,46602.47,130011.155,0.7365591397849461,,0.0
2024-04-01,21.28,22.61,22.81,21.28,151469.52,447734.773,0.7546728971962616,,0.0
2024-04-02,22.79,22.2,22.82,22.05,71102.79,210991.511,0.7512690355329948,,0.0
2024-04-03,22.22,23.31,23.68,22.16,124132.58,379849.153,0.7602739726027397,,0.0
2024-04-08,23.3,22.78,23.9,22.74,81061.0,247543.531,0.7560570859608363,,0.0
2024-04-09,22.62,23.48,23.51,22.28,79010.88,238773.688,0.7615958481998053,,0.0
2024-04-10,23.35,23.37,23.96,23.21,81076.5,250864.458,0.7607421875,,0.0
2024-04-11,23.26,23.74,23.99,23.08,74986.47,232198.723,0.7635895786426503,,0.0
2024-04-12,23.6,24.22,24.75,23.58,92633.05,293476.477,0.7671840354767183,,0.0
2024-04-15,24.35,25.74,26.16,24.0,138877.14,453652.15,0.7778785131459656,,0.0
2024-04-16,25.55,25.55,26.25,25.11,134005.63,443268.73,0.776595744680851,,0.0
2024-04-17,25.64,26.59,26.6,24.91,99195.79,330055.945,0.7834413671184443,,0.0
2024-04-18,26.25,25.76,27.129999999999995,25.7,97024.02,326288.691,0.7780126849894291,,0.0
2024-04-19,25.55,25.77,26.1,25.27,101408.12,334821.748,0.7780797101449275,,0.0
2024-04-22,25.55,26.059999999999995,26.83,25.46,106118.15,357262.299,0.7800059862316671,,0.0
2024-04-23,26.08,25.83,26.36,25.36,83908.97,277587.134,0.7784810126582278,,0.0
2024-04-24,25.75,26.23,26.53,25.6,67151.29,225169.583,0.7811197141155449,,0.0
2024-04-25,26.1,26.26,26.67,25.94,58786.64,198123.16,0.7813150847961916,,0.0
2024-04-26,26.08,27.02,27.23,26.05,85137.55,291120.472,0.7861507128309572,,0.0
2024-04-29,27.2,26.47,27.26,26.43,94685.35,323274.777,0.7826729745712596,,0.0
2024-04-30,26.86,27.64,28.26,26.85,109971.97,384609.058,0.7899399828522434,,0.0
2024-05-06,27.96,27.94,28.309999999999995,27.15,101040.22,356445.642,0.791725701331822,,0.0
2024-05-07,27.74,28.14,28.27,27.53,60106.2,211972.613,0.7928994082840236,,0.0
2024-05-08,27.83,27.61,28.1,27.26,62036.98,216899.381,0.7897597254004576,,0.0
2024-05-09,27.55,28.14,28.43,27.39,60854.93,215863.402,0.7928994082840236,,0.0
2024-05-10,28.15,28.03,28.7,27.98,57275.0,204045.054,0.7922555115884681,,0.0
2024-05-13,27.85,28.64,28.83,27.61,63542.42,227314.438,0.7957766046123923,,0.0
2024-05-14,28.54,29.95,30.45,28.46,93833.27,347437.549,0.8029490616621984,,0.0
2024-05-15,30.05,29.51,30.33,29.43,56760.07,210817.15,0.8005968529571351,,0.0
2024-05-16,29.77,29.11,29.84,28.87,60576.51,221809.561,0.7984092155787164,,0.0
2024-05-17,28.95,28.44,29.24,27.75,98895.1,352462.118,0.7946353730092204,,0.0
2024-05-20,28.35,28.44,29.14,28.17,69770.9,250694.824,0.7946353730092204,,0.0
2024-05-21,28.47,28.45,28.82,28.22,47163.35,169183.137,0.7946927374301676,,0.0
2024-05-22,28.51,28.03,28.53,27.6,55340.8,195254.827,0.7922555115884681,,0.0
2024-05-23,27.809999999999995,27.4,27.99,27.25,48701.0,170289.569,0.7884892086330935,,0.0
2024-05-24,27.35,27.809999999999995,28.12,27.32,52846.65,185822.673,0.7909556313993173,,0.0
2024-05-27,27.74,28.79,28.82,27.72,67843.79,242337.545,0.7966242390702822,,0.0
2024-05-28,28.75,28.11,28.92,28.02,39629.9,141450.982,0.7927241962774957,,0.0
2024-05-29,28.04,28.09,28.16,27.48,37317.51,131489.029,0.7926072234762979,,0.0
2024-05-30,27.87,27.47,28.02,27.16,45404.45,158482.602,0.7889144170017232,,0.0
2024-05-31,27.44,27.82,28.15,27.29,39188.52,137826.091,0.7910150696616434,,0.0
2024-06-03,27.82,28.129999999999995,28.65,27.6,47267.01,168036.936,0.7928410372040585,,0.0
2024-06-04,28.21,29.98,30.11,27.99,94986.98,348747.031,0.8031074203053844,,0.0
2024-06-05,29.75,29.75,30.3,29.6,62551.96,233423.506,0.8018867924528301,,0.0
2024-06-06,29.64,30.33,30.69,29.629999999999995,71727.01,269757.022,0.8049363057324841,,0.0
2024-06-07,30.5,29.45,30.65,29.16,76788.52,285441.438,0.8002717391304347,,0.0
2024-06-11,29.51,29.61,30.02,29.02,49595.11,182608.465,0.8011363636363636,,0.0
2024-06-12,29.55,29.309999999999995,29.55,29.05,39470.6,144583.911,0.7995090016366612,,0.0
2024-06-13,29.309999999999995,28.12,29.48,27.51,98856.52,352616.34,0.7927826332111643,,0.0
2024-06-14,28.05,27.89,28.29,27.25,71618.97,251266.846,0.7914301929625426,,0.0
2024-06-17,27.67,27.9,28.7,27.58,48406.42,171277.347,0.7914893617021276,,0.0
2024-06-18,28.05,27.82,28.15,27.54,36906.79,129862.393,0.7910150696616434,,0.0
2024-06-19,27.73,27.39,27.86,27.21,33887.68,117866.807,0.7884283246977547,,0.0
2024-06-20,27.25,26.2,27.35,25.69,89091.02,299998.061,0.7809239940387481,,0.0
2024-06-21,26.23,26.82,26.93,26.15,48023.98,163188.316,0.7848990342405618,,0.0
2024-06-24,26.45,26.3,27.1,25.93,52023.0,175730.157,0.7815750371471025,,0.0
2024-06-25,26.17,25.55,26.35,25.309999999999995,51543.98,170621.68,0.776595744680851,,0.0
2024-06-26,25.43,26.1,26.1,25.21,37993.02,125445.562,0.780269058295964,,0.0
2024-06-27,26.1,25.18,26.1,25.08,39078.28,127688.403,0.7740547187211804,,0.0
2024-06-28,25.12,25.04,25.5,24.95,37569.48,122273.702,0.7730781105279407,,0.0
2024-07-01,24.72,25.77,25.85,24.7,44963.83,146671.803,0.7780797101449275,,0.0
2024-07-02,25.57,25.21,25.93,24.99,36352.0,118957.92,0.7742628992628993,,0.0
2024-07-03,25.16,24.55,25.25,24.32,38011.0,121599.676,0.7695924764890282,,0.0
2024-07-04,24.63,24.05,24.78,23.84,40536.45,127758.058,0.7659235668789809,,0.0
2024-07-05,24.08,25.3,25.6,23.98,53347.89,171645.942,0.774885145482389,,0.0
2024-07-08,25.379999999999995,24.73,25.4,24.67,40134.05,129497.707,0.7708852867830424,,0.0
2024-07-09,24.65,25.65,25.72,24.52,58714.45,191805.275,0.7772727272727272,,0.0
2024-07-10,25.809999999999995,25.41,25.809999999999995,25.09,44602.61,146093.848,0.7756410256410255,,0.0
2024-07-11,25.74,26.05,26.1,25.5,53725.46,178281.844,0.779940119760479,,0.0
2024-07-12,26.43,26.14,26.43,25.82,43027.89,138781.603,0.8115492083203973,,0.0
2024-07-15,25.93,27.03,27.44,25.85,50014.63,164635.509,0.8166163141993957,,0.0
2024-07-16,26.93,27.1,27.53,26.9,35691.11,118631.88,0.8170033162496232,,0.0
2024-07-17,26.93,27.34,27.47,26.39,40138.52,133065.872,0.8183178689015265,,0.0
2024-07-18,27.28,27.71,27.81,27.16,36181.17,121742.03,0.820307874481942,,0.0
2024-07-19,27.59,28.11,28.18,27.59,46549.19,158493.604,0.8224107665301346,,0.0
2024-07-22,28.130000000000003,28.72,28.92,27.93,51476.69,178562.827,0.8255245760275941,,0.0
2024-07-23,28.82,27.23,28.82,27.200000000000003,66180.65,223900.086,0.8177177177177177,,0.0
2024-07-24,27.11,26.59,27.64,26.53,44407.65,146861.011,0.8141457440293938,,0.0
2024-07-25,26.37,26.19,26.66,26.08,40503.91,131193.735,0.8118412895226286,,0.0
2024-07-26,26.23,26.65,27.29,26.21,38705.05,126723.974,0.8144865525672371,,0.0
2024-07-29,26.69,25.68,26.73,25.61,47349.47,151959.638,0.8088188976377952,,0.0
2024-07-30,25.79,25.32,25.79,24.85,35772.44,111997.01,0.8066263141127747,,0.0
2024-07-31,25.38,27.0,27.21,25.16,52758.44,171284.811,0.8164499546416691,,0.0
2024-08-01,27.03,27.1,28.0,26.68,45216.1,150905.545,0.8170033162496232,,0.0
2024-08-02,26.91,27.17,28.09,26.81,44507.49,149596.487,0.8173886883273165,,0.0
2024-08-05,27.18,26.880000000000003,27.98,26.83,44445.6,148502.028,0.8157814871016692,,0.0
2024-08-06,27.130000000000003,27.270000000000003,27.5,26.85,30369.91,100934.804,0.8179364127174565,,0.0
2024-08-07,27.200000000000003,26.8,27.32,26.73,29162.0,96539.566,0.8153331305141466,,0.0
2024-08-08,26.69,27.44,27.67,26.68,38595.37,128723.811,0.8188600417785735,,0.0
2024-08-09,27.520000000000003,26.84,27.73,26.81,30243.0,100327.309,0.815557581282285,,0.0
2024-08-12,26.71,27.5,27.880000000000003,26.59,45076.62,151077.112,0.8191837950551087,,0.0
2024-08-13,27.53,27.25,27.630000000000003,26.880000000000003,28369.0,94105.58,0.8178271308523409,,0.0
2024-08-14,27.28,26.65,27.31,26.65,29701.0,97691.968,0.8144865525672371,,0.0
2024-08-15,25.93,24.83,26.03,24.52,142368.86,443621.49,0.8035598705501618,,0.0
2024-08-16,24.73,25.0,25.17,24.33,43108.0,133404.763,0.804634695848085,,0.0
2024-08-19,24.83,23.62,25.07,23.51,103669.77,312187.382,0.7955540586055911,,0.0
2024-08-20,23.46,22.84,23.46,22.33,97754.8,281966.022,0.7900380491179523,,0.0
2024-08-21,22.71,22.08,22.81,21.98,63905.84,181012.588,0.7843694493783303,,0.0
2024-08-22,22.16,21.97,22.59,21.92,51904.68,146669.615,0.7835235378031383,,0.0
2024-08-23,21.92,21.8,22.23,21.64,44913.37,125382.936,0.7822030857552924,,0.0
2024-08-26,21.89,21.52,22.04,21.34,48158.89,133234.172,0.7799927509967379,,0.0
2024-08-27,21.51,21.4,21.78,21.23,43339.0,119412.038,0.779031670913724,,0.0
2024-08-28,21.28,21.31,21.62,21.15,34640.0,95075.742,0.7783053323593864,,0.0
2024-08-29,21.31,22.73,22.81,21.24,78145.06,221173.843,0.7892361111111111,,0.0
2024-08-30,22.75,22.72,23.13,22.31,63958.0,184483.737,0.7891629037860368,,0.0
2024-09-02,22.68,22.13,22.68,21.98,41321.22,116889.477,0.7847517730496454,,0.0
2024-09-03,21.98,22.18,22.78,21.98,32709.0,92881.014,0.7851327433628319,,0.0
2024-09-04,21.92,21.94,22.4,21.9,27177.0,76538.042,0.7832916815423063,,0.0
2024-09-05,21.88,22.15,22.43,21.88,25806.0,72955.446,0.7849043231750531,,0.0
2024-09-06,22.16,21.9,22.51,21.88,25831.0,72761.249,0.7829817661780479,,0.0
2024-09-09,21.81,21.37,22.03,21.29,35351.14,97651.477,0.7787900874635568,,0.0
2024-09-10,21.43,20.93,21.51,20.53,49757.55,134239.756,0.7751851851851852,,0.0
2024-09-11,20.76,20.97,21.03,20.69,28536.0,76882.519,0.7755177514792899,,0.0
2024-09-12,21.28,20.49,21.3,20.44,41023.71,109755.626,0.771460843373494,,0.0
2024-09-13,20.42,20.33,20.86,20.12,26819.7,71192.811,0.7700757575757575,,0.0
2024-09-18,20.33,20.68,20.81,20.09,32538.48,86359.812,0.7730841121495327,,0.0
2024-09-19,20.84,21.21,21.64,20.74,43585.66,118725.641,0.7774926686217009,,0.0
2024-09-20,21.1,21.03,21.19,20.73,27485.7,74237.362,0.7760147601476015,,0.0
2024-09-23,21.03,21.1,21.36,20.89,23819.0,64658.204,0.7765918292234082,,0.0
2024-09-24,21.28,22.31,22.33,20.98,50610.08,140922.629,0.7861169837914024,,0.0
2024-09-25,22.63,22.84,23.49,22.63,57246.03,166937.832,0.7900380491179523,,0.0
2024-09-26,22.59,24.65,24.65,22.56,67968.65,202532.058,0.8024088541666666,,0.0
2024-09-27,25.18,26.200000000000003,26.29,24.86,56364.09,178740.216,0.8118995971490549,,0.0
2024-09-30,28.12,29.43,29.43,27.44,146713.98,510409.181,0.8290140845070423,,0.0
2024-10-08,32.98,31.99,32.98,30.39,186323.82,712040.496,0.8405149763531267,,0.0
2024-10-09,31.73,28.700000000000003,32.58,28.520000000000003,190840.63,691027.757,0.8254242162784009,,0.0
2024-10-10,29.130000000000003,29.58,30.82,29.130000000000003,124353.48,447897.61,0.8297335203366059,,0.0
2024-10-11,29.68,28.62,29.78,28.08,80876.99,282673.903,0.8250216200634188,,0.0
2024-10-14,28.950000000000003,28.73,29.12,27.73,68945.0,238310.133,0.8255747126436781,,0.0
2024-10-15,28.47,28.200000000000003,29.3,28.14,57664.3,200770.809,0.8228771520280128,,0.0
2024-10-16,27.61,27.91,28.58,27.43,52724.11,179961.474,0.8213655091230135,,0.0
2024-10-17,28.130000000000003,27.43,28.49,27.43,58468.08,198029.514,0.8188059701492537,,0.0
2024-10-18,27.48,28.34,29.25,27.11,87418.53,298389.936,0.8235977913397268,,0.0
2024-10-21,28.34,28.93,29.54,28.34,79314.92,277997.453,0.8265714285714285,,0.0
2024-10-22,28.950000000000003,29.05,29.43,28.64,50687.7,177884.897,0.8271640091116172,,0.0
2024-10-23,29.03,28.79,29.05,28.64,54695.42,191003.67,0.8258749282845669,,0.0
2024-10-24,28.53,28.84,29.07,28.53,32241.19,112491.235,0.826124319679175,,0.0
2024-10-25,28.82,28.86,29.12,28.59,41092.57,143527.057,0.8262238763240767,,0.0
2024-10-28,28.84,29.200000000000003,29.46,28.54,55847.01,196382.661,0.8278990643606464,,0.0
2024-10-29,29.19,28.64,29.33,28.43,54241.1,188567.471,0.8251224430999712,,0.0
2024-10-30,28.39,28.37,28.86,28.020000000000003,60132.67,207154.337,0.8237514518002322,,0.0
2024-10-31,27.83,27.01,27.85,26.83,100064.0,333636.954,0.8165054413542926,,0.0
2024-11-01,26.68,27.17,27.66,26.68,66696.45,222382.151,0.8173886883273165,,0.0
2024-11-04,27.18,27.200000000000003,27.58,26.87,54549.55,181130.029,0.8175533513675984,,0.0
2024-11-05,27.21,27.72,27.82,26.78,59888.0,201000.404,0.8203610535661439,,0.0
2024-11-06,27.64,27.43,27.91,27.28,61208.71,205875.113,0.8188059701492537,,0.0
2024-11-07,27.35,29.36,29.43,27.16,103818.81,361493.104,0.8286762630539091,,0.0
2024-11-08,29.43,28.98,29.61,28.6,85307.0,299337.762,0.8268188302425107,,0.0
2024-11-11,28.78,28.46,28.78,28.18,82922.18,285630.557,0.824210831161309,,0.0
2024-11-12,28.48,28.630000000000003,29.700000000000003,28.28,102185.83,358576.961,0.8250720461095101,,0.0
2024-11-13,28.65,28.33,29.31,28.0,55243.88,190388.398,0.8235465116279069,,0.0
2024-11-14,28.11,27.94,28.880000000000003,27.86,57873.78,199274.908,0.8215230814466333,,0.0
2024-11-15,27.83,27.78,28.28,27.630000000000003,55457.22,188419.967,0.8206794682422452,,0.0
2024-11-18,27.73,27.29,28.130000000000003,27.17,50181.52,169385.522,0.8180455635491607,,0.0
2024-11-19,27.37,27.58,27.87,27.130000000000003,38277.65,128824.369,0.8196136701337295,,0.0
2024-11-20,27.44,27.83,28.33,27.43,40037.0,135914.74,0.8209439528023599,,0.0
2024-11-21,27.86,27.54,27.93,27.26,29545.4,99293.155,0.8193989883963106,,0.0
2024-11-22,27.42,26.020000000000003,27.57,25.98,59099.66,193585.499,0.8108444998441883,,0.0
2024-11-25,26.11,26.09,26.46,25.75,36260.42,116579.899,0.8112562189054726,,0.0
2024-11-26,26.18,26.09,26.58,25.98,28917.96,93489.4,0.8112562189054726,,0.0
2024-11-27,25.950000000000003,26.270000000000003,26.28,25.53,41406.23,132560.1,0.8123067408781695,,0.0
2024-11-28,26.28,25.83,26.36,25.83,30416.86,97620.134,0.809717868338558,,0.0
2024-11-29,25.83,26.19,26.68,25.83,38665.27,124944.657,0.8118412895226286,,0.0
2024-12-02,26.26,26.43,26.630000000000003,26.1,39289.39,127157.562,0.8132307692307692,,0.0
2024-12-03,26.53,26.200000000000003,26.53,25.99,30122.94,97085.459,0.8118995971490549,,0.0
2024-12-04,26.01,25.69,26.12,25.47,40756.04,129834.076,0.8088790931989924,,0.0
2024-12-05,25.69,25.67,25.69,25.2,31460.0,99068.539,0.8087586641461878,,0.0
2024-12-06,25.61,25.96,26.3,25.6,38427.06,122978.003,0.810490165469872,,0.0
2024-12-09,25.96,25.56,26.15,25.42,34659.87,110340.787,0.8080935820423648,,0.0
2024-12-10,26.19,25.91,26.56,25.77,51729.96,167241.228,0.8101938711694809,,0.0
2024-12-11,25.78,26.130000000000003,26.22,25.69,28830.0,92604.41,0.8114906832298137,,0.0
2024-12-12,26.130000000000003,26.79,26.84,25.9,56657.96,185129.411,0.8152769324406574,,0.0
2024-12-13,26.79,26.200000000000003,26.92,26.130000000000003,52260.99,169747.095,0.8118995971490549,,0.0
2024-12-16,26.19,26.03,26.74,25.88,41882.92,134906.346,0.8109034267912772,,0.0
2024-12-17,25.93,25.92,26.22,25.73,29089.24,93039.532,0.8102532041262894,,0.0
2024-12-18,25.87,25.6,26.03,25.57,29954.31,95267.509,0.8083359646353016,,0.0
2024-12-19,25.43,25.8,25.85,25.23,27605.43,87525.406,0.8095387511766552,,0.0
2024-12-20,25.8,26.14,26.46,25.73,33917.08,109310.012,0.8115492083203973,,0.0
2024-12-23,26.14,25.55,26.19,25.52,36334.74,115829.939,0.808032890575585,,0.0
2024-12-24,25.54,25.7,25.7,25.46,23481.03,74356.022,0.8089392508655965,,0.0
2024-12-25,25.78,25.53,25.91,25.36,21881.0,69250.299,0.8079113924050633,,0.0
2024-12-26,25.48,24.93,25.49,24.83,44106.81,137579.957,0.8041935483870968,,0.0
2024-12-27,24.92,25.31,25.43,24.8,33357.6,104210.438,0.8065646908859145,,0.0
2024-12-30,25.31,25.33,25.82,25.21,36113.46,113851.529,0.806687898089172,,0.0
2024-12-31,25.34,24.73,25.52,24.68,32209.8,100030.023,0.8029220779220779,,0.0
2025-01-02,24.78,24.47,25.13,24.32,53815.99,165607.918,0.8012442698100851,,0.0
2025-01-03,24.43,24.11,25.03,24.0,39297.8,120133.433,0.7988734261100067,,0.0
2025-01-06,24.24,24.6,24.85,23.98,35281.94,107743.064,0.8020867297032931,,0.0
2025-01-07,24.58,24.07,24.58,23.74,36373.1,109442.146,0.7986065029860651,,0.0
2025-01-08,23.95,23.81,24.2,23.53,33449.1,100311.546,0.7968540829986613,,0.0
2025-01-09,24.03,23.63,24.11,23.45,30491.0,90913.241,0.7956228956228956,,0.0
2025-01-10,23.48,23.1,23.68,23.09,29183.0,85892.813,0.7919094960575934,,0.0
2025-01-13,22.95,23.23,23.29,22.95,24705.8,72202.858,0.7928327645051194,,0.0
2025-01-14,23.33,24.12,24.21,23.22,37467.79,111702.272,0.7989400463729712,,0.0
2025-01-15,24.11,23.94,24.21,23.86,20787.0,62534.61,0.7977340886371209,,0.0
2025-01-16,23.92,23.87,24.3,23.68,26212.84,78771.709,0.7972611890447562,,0.0
2025-01-17,23.78,24.11,24.22,23.73,20999.4,63232.515,0.7988734261100067,,0.0
2025-01-20,24.14,24.42,24.59,24.14,24275.6,74069.58,0.8009183338799606,,0.0
2025-01-21,24.61,24.36,24.63,24.15,16191.0,49201.274,0.8005257969109432,,0.0
2025-01-22,24.29,24.19,24.33,23.98,19069.6,57584.383,0.7994051553205552,,0.0
2025-01-23,24.44,23.98,24.63,23.92,23853.96,72400.556,0.7980033277870217,,0.0
2025-01-24,23.83,23.93,24.23,23.81,29531.0,88748.728,0.7976666666666666,,0.0
2025-01-27,23.93,24.44,25.01,23.73,84427.96,257998.499,0.8010488364470665,,0.0
2025-02-05,24.45,25.83,25.89,24.44,106429.41,334339.66,0.809717868338558,,0.0
2025-02-06,25.78,25.96,25.98,25.34,56178.01,178688.961,0.810490165469872,,0.0
2025-02-07,25.76,25.92,26.07,25.59,53364.94,170367.37,0.8102532041262894,,0.0
2025-02-10,25.83,26.28,26.61,25.78,53248.11,171592.598,0.8123647604327666,,0.0
2025-02-11,26.28,26.25,26.380000000000003,25.94,36551.84,117960.573,0.812190594059406,,0.0
2025-02-12,26.08,25.5,26.19,25.36,47923.23,152042.892,0.8077288565093443,,0.0
2025-02-13,25.43,25.57,25.73,25.37,34912.56,110403.11,0.8081542351453855,,0.0
2025-02-14,25.47,25.78,26.06,25.47,35342.98,112731.049,0.8094191522762951,,0.0
2025-02-17,25.78,25.07,25.93,24.99,46129.0,144761.797,0.8050738599871547,,0.0
2025-02-18,24.97,24.73,25.37,24.61,40372.13,125293.114,0.8029220779220779,,0.0
2025-02-19,24.73,24.78,24.83,24.37,33484.8,102723.768,0.8032414910858995,,0.0
2025-02-20,24.79,24.86,25.41,24.59,41337.2,128274.912,0.803750404138377,,0.0
2025-02-21,24.86,24.66,25.09,24.47,50608.74,155816.92,0.8024731532704198,,0.0
2025-02-24,24.61,24.25,24.72,24.09,54778.85,166802.871,0.799802110817942,,0.0
2025-02-25,24.05,23.71,24.13,23.61,50343.99,150784.744,0.7961719274680994,,0.0
2025-02-26,23.82,23.96,24.07,23.68,32854.48,98254.7,0.7978687978687978,,0.0
2025-02-27,23.97,24.16,24.26,23.82,36486.02,109840.672,0.7992060866688719,,0.0
2025-02-28,24.01,23.92,24.51,23.89,43383.0,131291.343,0.7975991997332444,,0.0
2025-03-03,23.93,24.34,24.8,23.93,50089.56,152787.137,0.8003946070371588,,0.0
2025-03-04,24.31,24.29,24.43,24.15,29521.02,89649.87,0.8000658761528326,,0.0
2025-03-05,24.21,24.01,24.31,23.84,30094.1,90392.917,0.7982047872340425,,0.0
2025-03-06,24.1,24.28,24.28,23.84,43051.53,129706.666,0.8,,0.0
2025-03-07,24.28,24.32,24.42,24.13,27692.22,84061.222,0.8002632444883185,,0.0
2025-03-10,24.44,24.68,24.77,24.34,42371.0,129806.145,0.8026016260162602,,0.0
2025-03-11,24.43,24.9,25.03,24.38,37008.19,114113.463,0.8040038747174685,,0.0
2025-03-12,24.93,24.69,25.22,24.64,34188.0,105691.897,0.802665799739922,,0.0
2025-03-13,24.7,24.72,24.88,24.45,31628.54,97152.07,0.8028580708022085,,0.0
2025-03-14,24.54,25.53,25.57,24.54,71510.0,224224.015,0.8079113924050633,,0.0
2025-03-17,25.63,25.45,25.950000000000003,25.43,46577.62,147609.078,0.8074238578680203,,0.0
2025-03-18,25.64,25.48,25.67,25.35,25435.09,80210.373,0.807606973058637,,0.0
2025-03-19,25.41,25.61,25.79,25.41,34379.75,108823.17,0.8083964646464646,,0.0
2025-03-20,25.55,25.59,25.78,25.51,31577.62,100065.726,0.808275426405559,,0.0
2025-03-21,26.14,25.52,26.29,25.26,60587.02,192466.991,0.8078505856283634,,0.0
2025-03-24,25.38,25.91,26.43,25.38,71724.0,229827.367,0.8101938711694809,,0.0
2025-03-25,25.9,26.06,26.12,25.68,45098.0,144352.453,0.8110799875505758,,0.0
2025-03-26,26.11,26.22,26.47,26.04,39556.0,127861.888,0.8120161040569835,,0.0
2025-03-27,26.22,26.54,26.57,26.04,42974.56,139446.92,0.8138607789021772,,0.0
2025-03-28,26.43,26.21,26.72,26.19,41597.8,135093.188,0.8119578686493185,,0.0
2025-03-31,25.89,24.69,25.89,24.44,111884.79,346104.302,0.802665799739922,,0.0
2025-04-01,24.73,25.45,25.58,24.45,71553.25,223671.053,0.8074238578680203,,0.0
2025-04-02,25.42,25.22,25.7,25.19,37209.89,117177.221,0.806008309364014,,0.0
2025-04-03,25.04,25.37,25.63,24.98,39954.34,125521.726,0.8069338422391857,,0.0
2025-04-07,23.93,23.35,24.77,22.46,115946.16,346252.772,0.7936777702243372,,0.0
2025-04-08,23.38,23.9,24.08,23.38,75804.95,226123.017,0.7974641307974641,,0.0
2025-04-09,23.59,24.01,24.12,23.18,62945.39,187588.421,0.7982047872340425,,0.0
2025-04-10,24.21,24.38,24.56,23.94,59920.48,181854.732,0.8006568144499179,,0.0
2025-04-11,24.24,24.31,24.62,24.23,36003.11,109621.446,0.8001974983541804,,0.0
2025-04-14,24.56,24.29,24.56,24.17,38517.0,117105.677,0.8000658761528326,,0.0
2025-04-15,24.29,24.4,24.43,23.99,31360.5,95059.302,0.8007876599934362,,0.0
2025-04-16,24.43,24.03,24.43,23.77,36619.0,110207.442,0.7983388704318937,,0.0
2025-04-17,23.77,23.91,24.05,23.77,24319.56,72993.306,0.7975316877918612,,0.0
2025-04-18,24.43,24.0,24.45,23.83,22470.01,67596.46,0.7981376787495843,,0.0
2025-04-21,24.0,24.06,24.13,23.82,28035.0,84213.211,0.7985396614669764,,0.0
2025-04-22,24.0,24.25,24.61,24.0,39150.87,119276.191,0.799802110817942,,0.0
2025-04-23,24.32,23.89,24.34,23.87,41142.07,123705.836,0.7973965287049399,,0.0
2025-04-24,23.91,23.87,24.01,23.77,29795.2,89285.549,0.7972611890447562,,0.0
2025-04-25,23.94,23.69,23.94,23.61,31009.51,92472.855,0.7960349462365591,,0.0
2025-04-28,23.63,23.43,23.65,23.34,29952.2,88513.71,0.7942372881355932,,0.0
2025-04-29,23.34,23.45,23.49,23.12,27990.62,82347.536,0.7943766937669376,,0.0
2025-04-30,23.57,23.45,24.21,23.38,66896.78,199115.013,0.7943766937669376,,0.0
2025-05-06,23.51,23.58,23.63,23.38,49120.8,145345.31,0.7952782462057335,,0.0
2025-05-07,23.73,23.67,23.89,23.52,41950.82,124731.944,0.7958977807666442,,0.0
2025-05-08,23.59,23.78,23.88,23.52,31715.25,94503.056,0.7966499162479062,,0.0
2025-05-09,23.79,23.79,23.96,23.73,25698.62,76825.761,0.7967180174146015,,0.0
2025-05-12,23.81,23.72,23.88,23.55,27989.0,83208.752,0.7962403491104397,,0.0
2025-05-13,23.83,23.81,23.9,23.74,27790.36,83093.054,0.7968540829986613,,0.0
2025-05-14,23.79,24.12,24.16,23.61,36445.79,109170.258,0.7989400463729712,,0.0
2025-05-15,24.08,24.08,24.27,24.0,28446.54,86033.14,0.7986733001658375,,0.0
2025-05-16,24.2,25.03,25.3,24.2,103522.44,320465.624,0.8048231511254019,,0.0
2025-05-19,25.23,25.27,26.03,25.04,86193.61,272167.019,0.8063178047223994,,0.0
2025-05-20,25.5,26.17,26.35,25.38,91678.95,293805.617,0.8117245657568238,,0.0
2025-05-21,26.16,25.85,26.46,25.71,70912.91,227382.71,0.8098370927318296,,0.0
2025-05-22,25.85,25.75,25.96,25.57,45546.6,144860.256,0.8092394720301697,,0.0
2025-05-23,25.8,26.39,26.97,25.8,94242.0,306935.921,0.8130006161429452,,0.0
2025-05-26,26.39,26.12,26.97,26.05,61692.02,200213.992,0.8114321217769493,,0.0
2025-05-27,26.19,26.98,27.66,26.020000000000003,95753.61,317309.893,0.816338880484115,,0.0
2025-05-28,26.93,27.55,27.880000000000003,26.83,86719.53,290621.319,0.8194527067221892,,0.0
2025-05-29,27.49,27.71,27.73,27.23,60054.05,201821.22,0.820307874481942,,0.0
2025-05-30,27.78,27.91,28.29,27.68,65866.02,223875.383,0.8213655091230135,,0.0
2025-06-03,27.880000000000003,28.53,28.71,27.67,77140.53,265714.924,0.8245664739884393,,0.0
2025-06-04,28.53,28.53,29.16,28.03,82261.44,284216.518,0.8245664739884393,,0.0
2025-06-05,28.43,27.94,28.61,27.66,80154.59,273423.565,0.8215230814466333,,0.0
2025-06-06,27.94,28.4,28.82,27.94,64578.96,222464.2,0.8239048447925732,,0.0
2025-06-09,28.46,28.58,28.92,28.18,53394.26,185230.208,0.8248196248196248,,0.0
2025-06-10,28.49,28.66,28.91,28.24,51771.01,179422.91,0.8252231500143967,,0.0
2025-06-11,28.66,28.54,28.91,28.5,37390.0,129859.872,0.8246171626697486,,0.0
2025-06-12,28.54,28.28,28.54,27.9,61840.14,211881.595,0.8232896652110626,,0.0
2025-06-13,28.26,27.75,28.49,27.61,61657.12,209360.148,0.8205204021289177,,0.0
2025-06-16,27.69,27.35,27.92,27.21,56450.6,189204.079,0.8183722321962896,,0.0
2025-06-17,27.37,26.97,27.57,26.85,54831.88,181821.809,0.8162832929782082,,0.0
2025-06-18,26.92,26.83,27.14,26.72,36038.81,118623.233,0.8155015197568389,,0.0
2025-06-19,26.83,26.76,27.1,26.66,41184.18,135639.301,0.815108132805361,,0.0
2025-06-20,26.91,26.59,27.17,26.53,40584.99,133228.025,0.8141457440293938,,0.0
2025-06-23,26.380000000000003,26.54,26.71,26.28,36919.85,120330.998,0.8138607789021772,,0.0
2025-06-24,26.68,26.93,26.99,26.630000000000003,42875.25,141193.983,0.816060606060606,,0.0
2025-06-25,27.03,27.08,27.11,26.65,45885.0,151167.484,0.816892911010558,,0.0
2025-06-26,27.08,26.66,27.12,26.66,41705.14,137050.381,0.8145432325084021,,0.0
2025-06-27,26.9,27.26,27.56,26.74,64462.0,214854.778,0.8178817881788178,,0.0
2025-06-30,27.39,27.29,27.520000000000003,27.05,44668.0,148829.677,0.8180455635491607,,0.0
2025-07-01,27.33,27.8,27.8,27.23,47491.39,159695.637,0.8207853557720697,,0.0
2025-07-02,27.87,27.56,27.87,27.43,41171.39,138421.13,0.8195063931013976,,0.0
2025-07-03,27.46,27.83,27.87,27.450000000000003,48380.09,163524.132,0.8209439528023599,,0.0
2025-07-04,27.700000000000003,27.65,27.96,26.89,58233.66,188520.892,0.8523427866831073,,0.0
2025-07-07,27.65,27.69,27.950000000000003,27.51,32072.44,104278.256,0.8525246305418719,,0.0
2025-07-08,27.69,27.770000000000003,27.92,27.61,33196.94,107941.546,0.8528869778869779,,0.0
2025-07-09,27.770000000000003,27.85,28.0,27.61,34661.94,113102.133,0.8532475490196079,,0.0
2025-07-10,27.86,28.15,28.53,27.68,41974.0,138300.224,0.8545840922890103,,0.0
2025-07-11,28.15,28.39,28.57,28.15,38575.16,128018.694,0.8556359252561785,,0.0
2025-07-14,28.39,28.31,28.450000000000003,28.21,31275.01,103555.6,0.8552870090634441,,0.0
2025-07-15,28.36,30.18,30.74,28.36,157522.66,547280.415,0.8630254503860452,,0.0
2025-07-16,30.22,30.99,31.14,30.050000000000004,100099.85,353535.3,0.8661263275572946,,0.0
2025-07-17,30.81,30.97,31.56,30.700000000000003,65670.97,235778.867,0.8660514541387024,,0.0
2025-07-18,30.97,31.660000000000004,31.85,30.630000000000003,65205.87,234762.786,0.8685871056241427,,0.0
2025-07-21,31.29,30.96,31.410000000000004,30.46,71909.6,256413.067,0.866013986013986,,0.0
2025-07-22,30.96,31.39,31.89,30.82,63785.99,231311.042,0.8676064123825318,,0.0
2025-07-23,31.21,31.49,31.99,31.15,47596.93,173365.657,0.8679713340683572,,0.0
2025-07-24,31.480000000000004,31.480000000000004,31.81,31.12,43292.8,156580.458,0.8679349324510616,,0.0
2025-07-25,31.480000000000004,31.32,31.910000000000004,31.29,42814.91,155783.834,0.8673497646081418,,0.0
2025-07-28,31.340000000000003,31.08,31.68,31.0,47323.71,170466.529,0.8664622247003066,,0.0
2025-07-29,31.0,31.71,31.74,30.99,53596.19,194206.944,0.8687671232876713,,0.0
2025-07-30,31.94,33.19,34.03,31.86,106716.91,405319.744,0.8738809899947341,,0.0
2025-07-31,33.01,32.4,33.2,32.33,69915.07,262666.203,0.8712019360043023,,0.0
2025-08-01,32.300000000000004,33.97,34.62,32.28,122828.92,475637.733,0.8764189886480909,,0.0
2025-08-04,33.910000000000004,36.41,37.71,33.29,164585.5,664306.855,0.88373786407767,,0.0
2025-08-05,36.0,35.47,36.0,34.93,118180.48,473304.164,0.881023348236463,,0.0
2025-08-06,35.21,36.11,36.41,34.82,91506.81,367623.473,0.8828850855745721,,0.0
2025-08-07,35.81,35.01,36.08,34.35,95742.02,382726.697,0.8796482412060301,,0.0
2025-08-08,34.81,35.15,35.69,34.61,57487.49,229708.325,0.8800701051577366,,0.0
2025-08-11,35.01,37.56,37.64,35.01,111150.59,460230.63,0.8868949232585597,,0.0
2025-08-12,37.3,37.51,39.06,37.11,107987.07,460819.422,0.8867612293144208,,0.0
2025-08-13,37.51,37.97,38.3,36.94,78100.52,331399.588,0.8879794200187091,,0.0
2025-08-14,37.93,39.96,41.21,37.91,150260.93,668333.578,0.8929608938547486,,0.0
2025-08-15,39.77,39.51,40.21,38.06,147076.36,645451.353,0.8918735891647855,,0.0
2025-08-18,40.71,43.84,43.94,40.21,198677.65,939759.14,0.9015011309891016,,0.0
2025-08-19,43.39,43.06,46.18,42.66,221193.54,1089437.632,0.8998955067920585,,0.0
2025-08-20,42.46,43.36,44.39,41.51,161152.02,763054.389,0.9005192107995846,,0.0
2025-08-21,43.21,41.43,43.47,41.2,139406.65,654601.336,0.896365209865859,,0.0
2025-08-22,41.39,41.75,42.41,40.6,101830.78,472818.544,0.8970777825526429,,0.0
2025-08-25,41.69,40.98,41.7,40.17,152861.45,698097.606,0.8953462967008958,,0.0
2025-08-26,40.91,39.88,41.2,39.81,124103.16,560026.432,0.8927691963286322,,0.0
2025-08-27,39.66,38.63,40.34,38.58,128278.98,567053.001,0.8896821741133119,,0.0
2025-08-28,38.56,39.21,39.66,38.33,119659.03,524324.315,0.8911363636363636,,0.0
2025-08-29,39.21,41.32,41.71,39.12,167078.24,765251.806,0.8961179787464758,,0.0
2025-09-01,41.22,40.87,41.76,40.45,111187.04,509393.726,0.8950941743320193,,0.0
2025-09-02,40.87,41.96,43.04,40.55,150057.82,705081.6,0.8975401069518717,,0.0
2025-09-03,41.96,40.44,41.96,40.21,107611.25,491893.277,0.8940968383816051,,0.0
2025-09-04,40.23,39.4,40.68,38.57,95148.94,422996.036,0.8916044353926228,,0.0
2025-09-05,39.4,41.12,41.17,39.12,84945.75,382904.173,0.8956654323676759,,0.0
2025-09-08,41.13,42.67,42.81,40.88,107105.3,500114.643,0.8990729034976823,,0.0
2025-09-09,42.66,41.61,42.98,41.11,69725.61,325200.088,0.8967672413793104,,0.0
2025-09-10,41.47,41.31,42.58,41.09,61436.53,285114.934,0.8960954446854664,,0.0
2025-09-11,41.11,41.64,41.67,39.81,69916.17,319520.476,0.896833943570967,,0.0
2025-09-12,41.76,41.66,42.76,41.23,73292.99,342525.973,0.8968783638320775,,0.0
2025-09-15,41.49,40.51,41.76,40.31,75366.73,343002.609,0.8942604856512142,,0.0
2025-09-16,40.56,40.74,40.91,39.64,73769.17,332737.951,0.8947946408961125,,0.0
2025-09-17,40.59,39.65,40.99,39.36,78900.95,351947.359,0.8922142214221422,,0.0
2025-09-18,39.46,39.43,40.07,38.91,76447.61,339054.669,0.891677973767526,,0.0
2025-09-19,39.21,39.25,39.61,38.74,49984.8,219299.599,0.8912352406902816,,0.0
2025-09-22,39.27,39.99,40.48,39.27,70941.3,316922.1,0.8930326038410005,,0.0
2025-09-23,39.49,39.11,39.71,38.09,65372.3,284840.481,0.8908883826879271,,0.0
2025-09-24,39.01,40.29,40.86,39.01,76407.73,343364.085,0.8937444543034605,,0.0
2025-09-25,40.21,39.4,40.21,39.27,54666.97,242361.011,0.8916044353926228,,0.0
2025-09-26,39.42,39.02,39.51,38.63,36520.48,159846.634,0.8906642319105227,,0.0
2025-09-29,39.01,38.82,39.05,37.83,48812.34,210913.513,0.890162806695712,,0.0
2025-09-30,38.82,38.56,39.03,38.43,33246.36,144487.646,0.8895040369088812,,0.0
2025-10-09,38.41,38.65,39.02,37.51,64274.62,276495.464,0.8897329650092081,,0.0
2025-10-10,38.51,38.99,39.95,38.31,62930.98,277313.247,0.8905893101873001,,0.0
2025-10-13,38.21,38.65,38.78,38.02,46286.06,199936.199,0.8897329650092081,,0.0
2025-10-14,38.65,38.88,39.61,38.31,56935.84,249659.714,0.8903137165101901,,0.0
2025-10-15,39.03,39.22,39.61,38.43,50632.28,222331.517,0.8911610997500569,,0.0
2025-10-16,39.36,41.13,41.67,39.34,127625.62,582757.444,0.8956881533101045,,0.0
2025-10-17,41.22,41.33,42.19,41.08,119426.55,553264.726,0.8961405030355595,,0.0
2025-10-20,41.81,41.26,42.09,40.22,85162.24,388658.872,0.8959826275787188,,0.0
2025-10-21,41.11,40.24,41.11,39.87,67906.89,305860.564,0.8936264712413946,,0.0
2025-10-22,40.24,40.01,41.08,39.85,49121.61,221419.178,0.8930803571428572,,0.0
2025-10-23,39.71,38.36,39.86,37.82,75778.8,327980.162,0.888991888760139,,0.0
2025-10-24,38.31,38.25,38.61,38.2,43470.5,187536.909,0.8887081784386617,,0.0
2025-10-27,38.25,38.08,38.56,37.91,49701.65,213096.898,0.8882668532773501,,0.0
2025-10-28,38.08,37.35,38.31,36.87,61777.65,260351.918,0.8863312766967252,,0.0
2025-10-29,37.36,37.24,37.57,36.87,38126.87,159751.351,0.8860337853913871,,0.0
2025-10-30,37.09,37.38,37.56,36.71,50988.23,213916.835,0.886412141332701,,0.0
2025-10-31,38.92,40.34,41.6,38.92,231840.47,1059369.111,0.8938621759361843,,0.0
2025-11-03,40.87,40.9,41.47,39.81,140259.44,638291.389,0.895163055373167,,0.0
2025-11-04,40.89,40.39,41.87,39.93,84137.68,385386.022,0.8939796370075255,,0.0
2025-11-05,39.76,41.55,41.81,39.75,97750.77,448738.618,0.8966335779024601,,0.0
2025-11-06,41.56,42.32,42.41,41.56,81869.26,384173.217,0.8983230736573976,,0.0
2025-11-07,42.26,44.31,45.69,42.08,139363.89,688091.3,0.9024439918533604,,0.0
2025-11-10,44.2,44.51,44.83,43.59,76712.19,376780.295,0.902839756592292,,0.0
2025-11-11,44.41,45.26,46.16,43.95,97565.31,487823.063,0.9042957042957044,,0.0
2025-11-12,45.01,44.54,45.28,44.19,70534.94,348775.863,0.9028988445165214,,0.0
2025-11-13,44.26,44.55,44.68,43.43,63782.52,312165.038,0.902918524523713,,0.0
2025-11-14,44.21,44.71,45.46,44.21,60586.64,301772.281,0.9032323232323232,,0.0
2025-11-17,44.01,42.49,44.36,42.39,91873.58,439244.13,0.8986886632825719,,0.0
2025-11-18,42.46,42.0,42.81,41.65,59787.1,280812.872,0.8976276982261167,,0.0
2025-11-19,41.91,41.72,42.1,41.39,39308.7,182884.68,0.897011395398839,,0.0
2025-11-20,41.99,41.53,42.16,41.38,36780.39,171288.996,0.8965889464594128,,0.0
2025-11-21,41.31,40.63,41.72,40.01,71181.69,323920.859,0.8945398502862175,,0.0
2025-11-24,41.01,40.98,41.81,40.91,46155.15,212705.27,0.8953462967008958,,0.0
2025-11-25,40.95,41.01,41.6,40.95,37394.14,171975.901,0.895414847161572,,0.0
2025-11-26,41.38,40.98,41.68,40.98,38934.38,179244.724,0.8953462967008958,,0.0
2025-11-27,40.93,40.8,41.26,40.71,34014.27,155730.052,0.8949330993638956,,0.0
2025-11-28,40.8,40.69,40.91,40.19,33567.06,152382.107,0.894678979771328,,0.0
2025-12-01,40.69,41.9,41.91,40.68,51292.81,237814.564,0.8974084386378239,,0.0
2025-12-02,41.91,41.06,42.04,40.91,41749.28,192430.673,0.8955288985823338,,0.0
2025-12-03,41.11,41.52,41.82,41.01,37687.8,174556.216,0.8965666162815806,,0.0
2025-12-04,41.5,41.58,41.86,41.02,27894.21,129159.682,0.8967004528790166,,0.0
2025-12-05,41.57,41.7,41.76,41.21,29928.04,138466.218,0.896967089696709,,0.0
2025-12-08,41.82,41.06,41.97,41.0,50878.45,234345.851,0.8955288985823338,,0.0
2025-12-09,41.01,41.02,41.68,40.91,35721.48,164551.911,0.8954376773630212,,0.0
2025-12-10,41.1,40.98,41.11,40.33,30294.53,137981.735,0.8953462967008958,,0.0
2025-12-11,40.98,41.15,41.46,40.88,32008.34,147345.605,0.8957335655202439,,0.0
2025-12-12,41.06,41.38,41.51,40.72,31961.9,147032.252,0.8962529781243231,,0.0
2025-12-15,41.21,41.53,41.92,41.02,29159.78,135136.103,0.8965889464594128,,0.0
2025-12-16,41.51,40.6,41.62,40.4,43166.6,196806.606,0.8944701476096056,,0.0
2025-12-17,40.6,41.73,41.91,40.2,47078.54,216986.279,0.8970335339638865,,0.0
2025-12-18,41.51,41.74,41.86,41.41,24222.42,112549.03,0.8970556630131098,,0.0
2025-12-19,41.86,42.58,42.68,41.75,43824.09,206916.966,0.8988811484061643,,0.0
2025-12-22,42.59,42.26,42.69,41.91,37021.69,173886.88,0.8981934112646122,,0.0
2025-12-23,42.26,42.3,42.45,42.02,28638.52,134531.319,0.8982798895731579,,0.0
2025-12-24,42.26,41.85,42.3,41.52,31926.94,148859.453,0.8972984562607205,,0.0
2025-12-25,42.0,42.92,43.19,41.66,48412.56,230027.837,0.899601760637183,,0.0
2025-12-26,43.0,42.67,43.01,42.4,33086.0,157141.225,0.8990729034976823,,0.0
2025-12-29,42.61,41.49,42.61,41.39,48604.6,226011.807,0.8964995678478824,,0.0
2025-12-30,41.32,41.38,41.61,40.96,27635.54,127492.448,0.8962529781243231,,0.0
2025-12-31,41.38,40.83,41.43,40.8,27274.1,124937.461,0.8950021920210434,,0.0
2026-01-05,40.84,41.39,41.55,40.77,34813.28,160278.704,0.8962754439151148,,0.0
2026-01-06,41.41,41.64,41.73,41.32,40813.69,189015.04,0.896833943570967,,0.0
2026-01-07,41.63,41.89,42.29,41.43,40468.05,189227.062,0.8973864610111397,,0.0
2026-01-08,41.8,41.93,42.17,41.39,37683.1,175433.478,0.8974743150684932,,0.0
2026-01-09,41.91,42.78,42.79,41.71,50519.61,239218.388,0.8993062854740382,,0.0
2026-01-12,42.71,42.08,42.71,41.81,53118.97,248795.183,0.897802432259441,,0.0
2026-01-13,42.09,41.79,42.35,41.59,41861.37,195739.887,0.8971661657363675,,0.0
2026-01-14,41.86,40.94,42.09,40.75,61584.6,284673.436,0.895254756177564,,0.0
2026-01-15,40.91,41.21,41.51,40.81,34621.18,159160.179,0.8958695652173914,,0.0
2026-01-16,41.05,40.7,41.45,40.54,38595.68,176148.079,0.8947021323367773,,0.0
2026-01-19,40.71,40.91,41.1,40.57,23248.4,106203.36,0.8951859956236324,,0.0
2026-01-20,40.92,41.07,41.26,40.79,26409.6,120988.59,0.8955516790231138,,0.0
2026-01-21,40.89,40.84,41.31,40.72,28033.0,128248.342,0.8950252027175104,,0.0
2026-01-22,40.84,40.52,41.07,40.51,26910.73,122349.259,0.8942838225557272,,0.0
2026-01-23,40.64,41.09,41.16,40.49,34017.46,155181.677,0.8955972101133391,,0.0
2026-01-26,41.09,40.09,41.1,40.03,51618.0,233010.148,0.893270944741533,,0.0
2026-01-27,39.99,39.36,40.0,38.54,51209.14,224590.162,0.891506228765572,,0.0
2026-01-28,39.37,38.91,39.47,38.71,33951.98,148483.139,0.8903890160183067,,0.0
2026-01-29,38.71,39.11,39.32,38.21,47465.78,207053.743,0.8908883826879271,,0.0
2026-01-30,39.12,39.76,40.48,38.94,62910.0,280716.26,0.8924803591470258,,0.0
2026-02-02,39.54,38.36,39.78,38.22,53130.0,232525.886,0.888991888760139,,0.0
2026-02-03,38.4,38.21,38.98,37.76,52453.95,225456.061,0.8886046511627907,,0.0
2026-02-04,38.18,39.07,39.16,37.96,35531.01,154355.028,0.8907888736890105,,0.0
2026-02-05,40.06,41.13,41.55,39.95,91869.1,419449.032,0.8956881533101045,,0.0
2026-02-06,42.21,42.97,43.41,42.1,136375.92,649596.451,0.8997068676716918,,0.0
2026-02-09,41.62,42.14,43.06,41.62,83411.03,392098.346,0.897933091838909,,0.0
2026-02-10,42.16,41.86,42.39,41.53,66509.78,310957.35,0.8973204715969989,,0.0
2026-02-11,42.0,42.07,43.05,41.32,73496.62,343265.755,0.8977806231327359,,0.0
2026-02-12,41.67,41.19,42.06999999999999,41.13,70270.72,307452.706,0.9462439696760854,,0.0
2026-02-13,41.2,40.85,41.77,40.81,40853.0,178386.591,0.9458207918499651,,0.0
2026-02-24,41.06,40.89,41.24,40.66,32694.48,141375.995,0.9458709229701596,,0.0
2026-02-25,40.900000000000006,41.760000000000005,42.31999999999999,40.66,46741.95,205491.574,0.9469387755102042,,0.0
2026-02-26,41.66,40.86,41.96,40.7,41975.31,182512.15,0.9458333333333332,,0.0
2026-02-27,40.86,40.67,40.88,40.38,27970.27,120063.797,0.9455940478958382,,0.0
2026-03-02,40.41,39.870000000000005,40.41,39.510000000000005,44098.74,186134.842,0.9445628997867804,,0.0
2026-03-03,39.56999999999999,38.96,40.24,38.790000000000006,47088.26,196360.807,0.9433414043583536,,0.0
2026-03-04,38.71,38.49,39.260000000000005,38.36,33643.4,138082.9,0.9426891991182952,,0.0
2026-03-05,39.1,38.66,39.14,38.42,28898.4,118679.283,0.9429268292682926,,0.0
2026-03-06,38.67,39.53,39.64,38.49,30330.52,126298.443,0.9441127298781944,,0.0
2026-03-09,39.16,38.81,39.16,38.540000000000006,27714.22,113903.256,0.9431348724179832,,0.0
2026-03-10,39.02,39.63,39.650000000000006,39.02,29392.98,122611.884,0.9442458899213724,,0.0
2026-03-11,39.49,40.03,40.16,39.22,32067.23,135013.714,0.944772244512627,,0.0
2026-03-12,40.010000000000005,39.5,40.02,39.260000000000005,19972.21,83696.989,0.9440726577437858,,0.0
2026-03-13,39.370000000000005,39.260000000000005,39.760000000000005,39.25,17423.39,72869.069,0.94375,,0.0
2026-03-16,39.260000000000005,39.83,39.86,39.150000000000006,28309.83,118787.695,0.9445103153900876,,0.0
2026-03-17,39.83,41.1,42.14,39.81999999999999,71232.36,309926.773,0.9461325966850828,,0.0
2026-03-18,40.95,40.870000000000005,41.260000000000005,40.49,31981.0,137842.65,0.9458458690118028,,0.0
2026-03-19,40.58,39.74,40.92,39.47,38669.0,164002.747,0.9443916349809884,,0.0
2026-03-20,39.85,39.88,40.66,39.790000000000006,31748.97,135144.93,0.944576030317385,,0.0
2026-03-23,39.42,38.260000000000005,39.510000000000005,37.96,51722.38,211874.501,0.9423645320197044,,0.0
2026-03-24,38.650000000000006,39.84,39.84,38.56,39388.0,163848.309,0.9445234708392604,,0.0
2026-03-25,41.09,41.34,41.46,40.18000000000001,64343.6,278686.385,0.9464285714285716,,0.0
2026-03-26,41.95,41.400000000000006,42.510000000000005,41.09,65107.5,286455.555,0.9465020576131687,,0.0
2026-03-27,41.400000000000006,41.68000000000001,42.25,41.17,54226.98,238786.954,0.9468423443889142,,0.0
2026-03-30,41.010000000000005,41.18000000000001,41.64,40.94,36728.14,160398.16,0.9462316176470588,,0.0
2026-03-31,40.96,38.56,40.96,38.43000000000001,109622.1,454513.698,0.9427872860635698,,0.0
2026-04-01,38.81,39.31,39.400000000000006,38.42,56479.61,233194.672,0.9438175270108043,,0.0
2026-04-02,39.16,38.84,39.36,38.71,37886.75,156442.272,0.9431762991743564,,0.0
2026-04-03,38.84,38.760000000000005,38.97,38.540000000000006,23843.8,97958.735,0.943065693430657,,0.0
2026-04-07,38.870000000000005,38.38,39.1,38.260000000000005,29001.02,118583.811,0.9425343811394892,,0.0
2026-04-08,38.92,39.21,39.31,38.86,37333.61,154552.214,0.943682310469314,,0.0
2026-04-09,39.040000000000006,38.72,39.31,38.61,26971.0,111047.48,0.9430102289332684,,0.0
2026-04-10,38.56,38.78,39.0,38.56,24981.0,102730.986,0.943093385214008,,0.0
2026-04-13,38.6,38.31999999999999,38.63,38.28,28385.04,115573.197,0.9424495818986718,,0.0
2026-04-14,38.47,38.48,38.55,37.97,32952.69,133551.47,0.9426751592356688,,0.0
2026-04-15,38.56,39.2,39.23,38.52,43819.63,180872.304,0.943668753009148,,0.0
2026-04-16,39.010000000000005,38.81,39.16,38.66,28993.62,119298.36,0.9431348724179832,,0.0
2026-04-17,38.81,38.36,38.86,38.21,30846.84,125538.944,0.9425061425061424,,0.0
2026-04-20,38.52,38.22,38.52,38.13,22908.14,93015.56,0.9423076923076922,,0.0
2026-04-21,38.22,38.34,38.48,38.1,18978.93,77116.155,0.9424778761061948,,0.0
2026-04-22,38.33,38.17,38.33,38.06999999999999,17832.96,72202.844,0.9422364848185634,,0.0
2026-04-23,38.120000000000005,38.02,38.22,37.96,20554.77,83004.526,0.942021803766105,,0.0
2026-04-24,38.0,37.49,38.1,37.46,27202.75,108689.518,0.9412503138337937,,0.0
2026-04-27,37.49,36.67,37.650000000000006,36.67,37055.05,145610.146,0.9400153806716228,,0.0
2026-04-28,36.66,37.55,37.55,36.58,33615.5,132996.878,0.941338681373778,,0.0
2026-04-29,37.540000000000006,37.620000000000005,37.92,37.35,27200.02,108809.714,0.9414414414414416,,0.0
2026-04-30,38.56,38.260000000000005,39.010000000000005,38.05,51788.77,211662.182,0.9423645320197044,,0.0
2026-05-06,38.27,39.510000000000005,39.96,38.27,70283.95,293211.886,0.9440860215053763,,0.0
2026-05-07,39.52,39.69,39.88,39.21,36681.96,153671.721,0.9443254817987152,,0.0
2026-05-08,39.61,39.900000000000006,40.24,39.540000000000006,32197.98,136027.165,0.9446022727272728,,0.0
2026-05-11,39.900000000000006,40.5,40.63,39.47,433200000.0,1849586640.0,0.9453781512605042,,0.0
2026-05-12,40.16,40.89,41.120000000000005,40.120000000000005,48545.62,208640.458,0.9458709229701596,,0.0
2026-05-13,40.67,41.3,41.81999999999999,40.66,51883.12,226873.484,0.9463794683776352,,0.0
2026-05-14,41.260000000000005,41.25,41.900000000000006,41.18000000000001,48681.18,214012.455,0.9463179628355126,,0.0
2026-05-15,41.42,40.38,41.46,40.11,51814.88,223345.454,0.9452247191011236,,0.0
2026-05-18,40.16,40.16,40.89,39.73,43290.0,184996.59,0.9449411764705882,,0.0
2026-05-19,40.36,40.99,41.42,40.16,51512.0,223222.984,0.9459958458342947,,0.0
2026-05-20,40.97,39.61,41.19,39.49,43224.81,182866.047,0.9442193087008344,,0.0
2026-05-21,39.94,39.11,39.94,39.02,37230.0,155964.42,0.943546441495778,,0.0
2026-05-22,39.260000000000005,38.33,39.44,38.31999999999999,33836.2,138657.857,0.942463732480944,,0.0
2026-05-25,38.16,37.61,38.3,37.290000000000006,47663.0,190206.967,0.9414267834793492,,0.0
2026-05-26,37.61,37.47,37.95,37.22,30502.0,121514.862,0.9412207987942728,,0.0
2026-05-27,37.36,37.61,37.68000000000001,36.66,43053.31,170115.819,0.9414267834793492,,0.0
2026-05-28,37.66,36.52,37.81,36.24,51317.4,200300.318,0.9397838394235716,,0.0
2026-05-29,36.63,38.38,38.49,36.31,59604.84,237918.953,0.9425343811394892,,0.0
2026-06-01,37.96,37.75,38.35,37.06,52285.33,208687.05,0.9416313295086056,,0.0
2026-06-02,37.68000000000001,37.05,37.86,36.900000000000006,38204.39,151126.987,0.9405940594059404,,0.0
2026-06-03,37.05,36.97,37.24,36.43000000000001,33324.99,130160.076,0.940473162045281,,0.0
2026-06-04,37.040000000000006,37.290000000000006,37.31,36.48,34592.12,135976.559,0.9409538228614688,,0.0
2026-06-05,37.540000000000006,36.86,37.86,36.760000000000005,30178.2,119458.436,0.9403061224489796,,0.0
2026-06-08,36.49,36.16,37.010000000000005,35.94,31899.0,123454.138,0.9392207792207792,,0.0
2026-06-09,36.16,35.41,36.21,34.94,39621.42,149943.342,0.9380132450331125,,0.0
2026-06-10,35.36,35.879999999999995,35.91,34.959999999999994,30535.71,115877.175,0.9387755102040816,,0.0
2026-06-11,35.43000000000001,35.17,36.040000000000006,35.06,24013.6,90450.017,0.9376166355638498,,0.0
2026-06-12,35.18000000000001,35.959999999999994,36.23,34.59,33647.31,127926.176,0.9389033942558744,,0.0
2026-06-15,35.959999999999994,36.43000000000001,36.49,35.86,30893.8,119199.96,0.9396440546814548,,0.0
2026-06-16,36.38,35.89,36.42,35.58,27536.54,105279.369,0.938791524980382,,0.0
2026-06-17,35.89,35.39,35.94,35.34,21446.0,81192.505,0.9379803869599788,,0.0
2026-06-18,35.39,35.5,36.06,34.95,28825.5,109209.452,0.9381606765327696,,0.0
2026-06-22,35.36,35.45,35.52,34.120000000000005,46157.87,171068.305,0.938078856840434,,0.0
2026-06-24,35.64,35.59,36.21,35.31999999999999,35645.02,136083.327,0.9383074083838652,,0.0
2026-06-25,35.36,34.61,35.36,34.09,49265.99,181656.421,0.9366711772665764,,0.0
2026-06-26,34.459999999999994,33.16,34.510000000000005,33.16,45631.98,164048.613,0.9340845070422534,,0.0
2026-06-29,33.16,35.629999999999995,35.849999999999994,32.36,75262.03,278310.242,0.9383723992625757,,0.0
2026-06-30,35.400000000000006,34.879999999999995,35.55,34.47,35460.34,131957.565,0.937130574959699,,0.0
2026-07-01,34.81,35.989999999999995,36.040000000000006,34.28,51247.17,193033.9,0.9389512131489692,,0.0
2026-07-03,37.08,37.63,38.0,37.03,54791.64,217884.846,0.9414560920690516,,0.0
2026-07-06,37.39,37.75,37.96,36.870000000000005,46716.28,186805.092,0.9416313295086056,,0.0
2026-07-07,37.75,37.19,37.86,37.0,33097.43,131226.31,0.9408044523146976,,0.0
2026-07-08,37.31999999999999,37.64,38.02,36.74,42583.7,169776.588,0.941470735367684,,0.0
2026-07-09,37.24,37.86,37.91,37.02,52121.0,207939.79,0.9417910447761192,,0.0
2026-07-10,37.8,37.05,37.9,36.6,64839.44,241144.396,1.0,,0.0
2026-07-14,38.07,39.39,39.45,37.73,67168.01,261534.712,1.0,,0.0
2026-07-15,38.56,38.72,39.14,38.1,75332.37,290419.979,1.0,,0.0
2026-07-16,38.23,38.94,39.39,37.84,61493.8,237326.726,1.0,,0.0
2026-07-17,38.97,37.91,38.97,37.77,56886.0,217955.527,1.0,,0.0
2026-07-20,37.93,38.86,39.11,37.47,60710.0,233901.391,1.0,,0.0
2026-07-21,38.66,38.11,39.39,38.03,56716.63,219725.38,1.0,,0.0
2026-07-22,38.0,37.69,38.39,37.38,43874.26,165691.26,1.0,,0.0
2026-07-23,37.4,37.52,37.94,37.36,30437.0,114444.627,1.0,,0.0
2026-07-24,37.8,36.61,37.88,36.61,33735.34,125065.247,1.0,,0.0
2026-07-27,36.6,36.98,37.25,36.47,32431.0,119694.812,1.0,,0.0
2026-07-28,37.0,36.43,37.18,36.1,36101.0,131286.053,1.0,,0.0
2026-07-29,36.58,38.1,38.24,36.4,63506.04,238871.076,1.0,,0.0
2026-07-30,38.0,38.3,38.92,37.7,41694.0,159723.128,1.0,,0.0
2026-07-31,37.9,38.29,38.43,37.86,32634.0,124321.529,1.0,,0.0
2026-08-03,38.28,37.85,38.66,37.75,33898.0,129235.443,1.0,,0.0
2026-08-04,37.98,37.81,38.3,37.7,24405.0,92463.449,1.0,,0.0
2026-08-05,37.81,37.3,37.86,37.17,33194.5,123995.732,1.0,,0.0
2026-08-06,37.28,36.87,37.4,36.51,39011.3,143511.452,1.0,,0.0
2026-08-07,36.88,37.18,37.3,36.54,30943.98,114464.446,1.0,,0.0
2026-08-10,37.5,37.21,37.7,37.1,36066.21,134788.258,1.0,,0.0
2026-08-11,37.02,36.79,37.48,36.76,34086.0,126405.939,1.0,,0.0
2026-08-12,36.68,36.72,37.16,36.46,27107.1,99539.394,1.0,0.478,0.0
2026-08-13,36.74,36.79,37.14,36.32,33138.0,122085.826,1.0,0.58,0.0
2026-08-14,36.7,36.17,36.98,36.06,37738.33,137146.951,1.0,0.67,0.0
2026-08-17,35.6,36.16,36.17,35.12,37332.71,133240.571,1.0,0.0,0.0
2026-08-18,35.98,35.86,36.19,35.73,21688.1,77772.006,1.0,0.0,0.0
2026-08-19,35.93,35.65,36.26,35.65,25039.21,89947.702,1.0,0.0,0.0
2026-08-20,35.93,36.28,36.46,35.7,31775.69,115135.326,1.0,0.4126,0.5603
2026-08-21,36.18,35.35,36.18,35.32,31299.0,111039.608,1.0,0.4064,0.5519
2026-08-24,35.53,35.72,35.9,35.11,27801.5,98957.908,1.0,0.361,0.4902
2026-08-25,35.6,36.08,36.23,35.6,18419.12,66387.242,1.0,0.2392,0.3248
2026-08-26,36.13,36.58,36.94,36.12,27740.74,101660.258,1.0,0.3602,0.4892
2026-08-27,36.57,36.4,36.78,36.06,19146.0,69566.132,1.0,0.2486,0.3376
2026-08-28,36.4,36.43,36.63,36.15,13287.57,48385.269,1.0,0.1725,0.2343
2026-08-31,36.63,36.04,36.63,35.95,24497.56,88537.189,1.0,0.3181,0.432
2026-09-01,35.95,36.12,36.35,35.8,19057.14,68717.493,1.0,0.2475,0.3361
2026-09-02,36.06,35.86,36.33,35.78,16797.88,60340.99,1.0,0.2181,0.2962
2026-09-03,35.79,35.98,36.11,35.73,14646.26,52579.119,1.0,0.1902,0.2583
2026-09-04,35.99,35.96,36.28,35.9,19330.14,69772.459,1.0,0.251,0.3409
2026-09-07,35.97,35.49,36.17,35.44,27355.2,97631.136,1.0,0.3552,0.4824
2026-09-08,35.59,35.62,35.7,35.4,12833.42,45663.58,1.0,0.1666,0.2263
2026-09-09,35.62,35.23,35.65,35.13,17615.0,62218.598,1.0,0.2287,0.3106
2026-09-10,35.2,35.01,35.2,34.83,15488.3,54165.788,1.0,0.2011,0.2731
2026-09-11,34.88,34.53,35.0,34.28,17904.0,61727.846,1.0,0.2325,0.3157
2026-09-14,34.49,34.63,34.77,34.35,13070.43,45146.658,1.0,0.1697,0.2305
2026-09-15,34.56,34.08,34.6,34.0,17315.08,59170.541,1.0,0.2248,0.3053
2026-09-16,34.0,34.11,34.24,33.83,16859.74,57374.082,1.0,0.2189,0.2973
2026-09-17,34.25,34.04,34.4,34.01,13314.01,45509.004,1.0,0.1729,0.2348
2026-09-18,34.05,34.51,34.51,34.04,14209.0,48807.84,1.0,0.1845,0.2506
2026-09-21,34.51,35.2,35.36,34.51,23227.02,81249.151,1.0,0.3016,0.4096
2026-09-22,35.17,35.1,35.3,35.0,13663.66,48031.108,1.0,0.1774,0.2409
2026-09-23,35.11,35.39,35.68,34.99,15862.12,56192.941,1.0,0.206,0.2797
2026-09-24,35.47,35.13,35.57,35.0,14954.77,52763.12,1.0,0.1942,0.2637
