date,open,close,high,low,volume,money,factor,turnover,turnover_free
2021-05-10,3.885,3.895,3.935,3.835,261038.93,101604.713,0.99616368286445,,0.0
2021-05-11,3.855,3.925,3.985,3.835,228031.93,89648.832,0.9961928934010152,,0.0
2021-05-12,3.925,3.925,3.935,3.885,145138.0,56974.795,0.9961928934010152,,0.0
2021-05-13,3.925,3.925,3.975,3.895,186806.24,73835.69,0.9961928934010152,,0.0
2021-05-14,3.925,3.945,3.965,3.905,180125.35,71060.117,0.9962121212121212,,0.0
2021-05-17,3.945,3.845,3.955,3.805,216115.0,84120.926,0.9961139896373056,,0.0
2021-05-18,3.835,3.835,3.865,3.785,147966.1,56795.909,0.996103896103896,,0.0
2021-05-19,3.815,4.015000000000001,4.125,3.805,528630.73,211109.841,0.9962779156327544,,0.0
2021-05-20,3.985,3.975,4.045,3.945,302740.95,120962.974,0.9962406015037594,,0.0
2021-05-21,3.955,3.945,3.975,3.925,160299.0,63569.971,0.9962121212121212,,0.0
2021-05-24,3.945,3.975,4.005,3.925,172288.02,68679.615,0.9962406015037594,,0.0
2021-05-25,3.975,3.975,4.005,3.945,157017.61,62420.05,0.9962406015037594,,0.0
2021-05-26,3.965,3.955,3.995,3.935,171509.56,68252.505,0.9962216624685138,,0.0
2021-05-27,3.945,3.935,3.985,3.925,172021.4,68058.116,0.9962025316455696,,0.0
2021-05-28,3.935,3.955,4.025,3.935,242698.37,96788.503,0.9962216624685138,,0.0
2021-05-31,3.955,4.045,4.055000000000001,3.915,379081.5,152485.995,0.996305418719212,,0.0
2021-06-01,4.025,4.005,4.095000000000001,3.985,271282.71,109731.514,0.996268656716418,,0.0
2021-06-02,3.995,3.905,4.015000000000001,3.905,230916.85,91809.326,0.9961734693877552,,0.0
2021-06-03,3.935,4.295,4.295,3.935,710348.69,302706.987,0.9965197215777264,,0.0
2021-06-04,4.305000000000001,4.405,4.605,4.195,1339039.79,588023.444,0.9966063348416292,,0.0
2021-06-07,4.365,4.575,4.575,4.315,915377.67,408398.663,0.996732026143791,,0.0
2021-06-08,4.495,4.465000000000001,4.605,4.445,625994.98,282779.136,0.9966517857142858,,0.0
2021-06-09,4.455,4.405,4.525,4.335,551453.44,244043.983,0.9966063348416292,,0.0
2021-06-10,4.385000000000001,4.425000000000001,4.465000000000001,4.325,401924.82,177949.183,0.9966216216216216,,0.0
2021-06-11,4.4350000000000005,4.345000000000001,4.455,4.335,415631.09,183021.247,0.996559633027523,,0.0
2021-06-15,4.345000000000001,4.335,4.425000000000001,4.295,289391.96,126504.614,0.9965517241379312,,0.0
2021-06-16,4.305000000000001,4.1850000000000005,4.325,4.155,321786.73,135866.747,0.9964285714285716,,0.0
2021-06-17,4.155,4.135000000000001,4.205,4.095000000000001,231641.71,96411.624,0.9963855421686748,,0.0
2021-06-18,4.125,4.305000000000001,4.375,4.105,366470.08,156547.432,0.996527777777778,,0.0
2021-06-21,4.285,4.735,4.735,4.275,1044447.36,486222.589,0.996842105263158,,0.0
2021-06-22,4.705,4.655,4.765000000000001,4.6450000000000005,631085.13,297599.751,0.9967880085653106,,0.0
2021-06-23,4.715000000000001,4.695,4.805000000000001,4.565,462044.17,217685.099,0.996815286624204,,0.0
2021-06-24,4.735,4.965000000000001,5.085,4.6850000000000005,807175.98,401240.484,0.996987951807229,,0.0
2021-06-25,4.925000000000001,4.985,5.095000000000001,4.865,535473.99,267604.016,0.997,,0.0
2021-06-28,4.985,5.315,5.4750000000000005,4.9350000000000005,780526.18,416993.645,0.99718574108818,,0.0
2021-06-29,5.335,5.335,5.4750000000000005,5.285,678187.26,365412.742,0.9971962616822432,,0.0
2021-06-30,5.365,5.4750000000000005,5.605,5.235,643765.86,349727.934,0.9972677595628416,,0.0
2021-07-01,5.455,5.305000000000001,5.505,5.265000000000001,517698.27,279370.315,0.9971804511278196,,0.0
2021-07-02,5.295,5.605,5.775,5.255,706240.08,394030.202,0.9973309608540926,,0.0
2021-07-05,5.7250000000000005,5.6450000000000005,5.825,5.535,581475.72,330160.524,0.9973498233215548,,0.0
2021-07-06,5.575,5.765000000000001,5.9350000000000005,5.555000000000001,550169.24,316340.108,0.9974048442906576,,0.0
2021-07-07,5.7250000000000005,5.765000000000001,5.825,5.635000000000001,417561.89,239859.388,0.9974048442906576,,0.0
2021-07-08,5.775,5.7250000000000005,5.925000000000001,5.6450000000000005,476252.62,275783.088,0.9973867595818816,,0.0
2021-07-09,5.655,6.115,6.195,5.625,754313.02,450389.873,0.9975530179445352,,0.0
2021-07-12,6.135000000000001,6.095000000000001,6.4350000000000005,6.025,771909.16,477908.639,0.9975450081833062,,0.0
2021-07-13,6.045,5.9750000000000005,6.085,5.745,644398.06,380099.354,0.9974958263772956,,0.0
2021-07-14,5.9750000000000005,5.665,6.025,5.625,653312.92,376887.799,0.9973591549295776,,0.0
2021-07-15,5.6450000000000005,5.835,5.905,5.585,606808.52,351218.571,0.9974358974358974,,0.0
2021-07-16,5.815,6.055000000000001,6.265000000000001,5.785,620610.45,378617.168,0.9975288303130148,,0.0
2021-07-19,6.175000000000001,5.765000000000001,6.175000000000001,5.7250000000000005,466784.03,275658.848,0.9974048442906576,,0.0
2021-07-20,5.715000000000001,6.035,6.055000000000001,5.665,417271.68,248508.855,0.9975206611570248,,0.0
2021-07-21,6.035,6.115,6.195,5.9750000000000005,486529.37,296387.002,0.9975530179445352,,0.0
2021-07-22,6.1850000000000005,6.585,6.675000000000001,6.095000000000001,825731.45,530486.814,0.9977272727272728,,0.0
2021-07-23,6.635000000000001,7.115,7.225,6.585,1003034.0,699436.174,0.9978962131837308,,0.0
2021-07-26,7.285,7.1450000000000005,7.565,6.965000000000001,1105079.2,802271.818,0.997905027932961,,0.0
2021-07-27,7.155,6.555000000000001,7.175000000000001,6.555000000000001,957025.11,656975.659,0.997716894977169,,0.0
2021-07-28,6.465000000000001,6.495,6.825,6.1450000000000005,737621.22,481663.087,0.9976958525345624,,0.0
2021-07-29,6.695,6.7250000000000005,6.775,6.505,610874.03,406193.864,0.9977744807121662,,0.0
2021-07-30,6.695,6.755,7.065,6.515000000000001,740687.23,502944.303,0.9977843426883308,,0.0
2021-08-02,6.785,6.945,7.215000000000001,6.735,760134.5,531647.044,0.997844827586207,,0.0
2021-08-03,6.955,6.595000000000001,6.955,6.495,548879.33,367980.608,0.997730711043873,,0.0
2021-08-04,6.595000000000001,6.835,6.865,6.545,405294.03,274418.143,0.9978102189781022,,0.0
2021-08-05,6.705,6.525,6.705,6.485,447252.88,294324.012,0.9977064220183488,,0.0
2021-08-06,6.575,6.905,7.025,6.555000000000001,702369.06,483457.419,0.9978323699421966,,0.0
2021-08-09,6.905,6.965000000000001,7.315,6.835,619757.83,435858.897,0.9978510028653296,,0.0
2021-08-10,7.035,6.985,7.215000000000001,6.845000000000001,613969.43,433092.608,0.9978571428571428,,0.0
2021-08-11,6.905,7.505,7.535,6.735,979017.3,703613.455,0.9980053191489362,,0.0
2021-08-12,7.535,7.335,7.565,7.165,705822.25,516072.741,0.9979591836734696,,0.0
2021-08-13,7.285,7.235,7.425000000000001,7.195,497171.58,364316.747,0.9979310344827588,,0.0
2021-08-16,7.135000000000001,7.065,7.335,6.985,392115.58,278849.877,0.9978813559322034,,0.0
2021-08-17,7.135000000000001,6.525,7.215000000000001,6.4750000000000005,735665.7,499579.791,0.9977064220183488,,0.0
2021-08-18,6.525,6.385000000000001,6.585,6.215000000000001,493905.28,316442.65,0.99765625,,0.0
2021-08-19,6.3950000000000005,6.465000000000001,6.565,6.115,455718.39,290074.803,0.9976851851851852,,0.0
2021-08-20,6.405,6.555000000000001,6.565,6.295,320313.2,207847.306,0.997716894977169,,0.0
2021-08-23,6.575,6.765000000000001,6.835,6.565,354002.35,238743.031,0.9977876106194692,,0.0
2021-08-24,6.765000000000001,7.445,7.445,6.695,1195034.01,877053.131,0.9979892761394102,,0.0
2021-08-25,7.545,8.195,8.195,7.525,1829057.92,1481623.15,0.9981729598051156,,0.0
2021-08-26,8.274999999999999,8.004999999999999,8.455,7.955,2224211.16,1831377.903,0.9981296758104736,,0.0
2021-08-27,8.155,7.965000000000001,8.245,7.635000000000001,1208533.73,954621.739,0.9981203007518796,,0.0
2021-08-30,8.004999999999999,7.895,8.235,7.845000000000001,770241.25,616676.403,0.9981036662452591,,0.0
2021-08-31,7.955,7.755,8.004999999999999,7.655,546419.04,424847.331,0.998069498069498,,0.0
2021-09-01,7.785,7.515000000000001,7.985,7.315,863905.37,656884.121,0.99800796812749,,0.0
2021-09-02,7.515000000000001,7.565,7.635000000000001,7.345000000000001,534310.78,402535.139,0.9980211081794196,,0.0
2021-09-03,7.635000000000001,7.405,8.035,7.385000000000001,800181.06,613802.618,0.997978436657682,,0.0
2021-09-06,7.405,7.585,7.835,7.395,499036.25,379728.259,0.9980263157894738,,0.0
2021-09-07,7.485,7.805000000000001,8.014999999999999,7.485,631059.95,492543.279,0.9980818414322252,,0.0
2021-09-08,7.815,7.645,7.875,7.605,443435.19,343099.047,0.9980417754569192,,0.0
2021-09-09,7.635000000000001,7.505,7.655,7.425000000000001,355649.75,267788.397,0.9980053191489362,,0.0
2021-09-10,7.535,7.395,7.545,7.265000000000001,396168.49,293495.246,0.9979757085020244,,0.0
2021-09-13,7.395,7.495,7.635000000000001,7.225,425641.54,315679.139,0.9980026631158456,,0.0
2021-09-14,7.435,7.865,8.035,7.405,695285.83,542849.264,0.9980964467005076,,0.0
2021-09-15,7.785,7.895,7.975,7.745,425256.47,335065.131,0.9981036662452591,,0.0
2021-09-16,7.885000000000001,7.135000000000001,7.955,7.105,736507.15,550669.237,0.997902097902098,,0.0
2021-09-17,7.105,7.445,7.545,7.065,406218.96,300045.67,0.9979892761394102,,0.0
2021-09-22,7.285,7.755,7.905,7.285,451245.07,344870.196,0.998069498069498,,0.0
2021-09-23,7.765000000000001,7.765000000000001,8.145,7.735,398005.75,314173.085,0.9980719794344474,,0.0
2021-09-24,7.665,7.555000000000001,7.905,7.545,281323.1,217590.616,0.9980184940554824,,0.0
2021-09-27,7.555000000000001,6.9750000000000005,7.665,6.795,547913.32,387759.599,0.997854077253219,,0.0
2021-09-28,6.985,6.845000000000001,7.065,6.805000000000001,256680.93,177543.373,0.9978134110787172,,0.0
2021-09-29,6.785,6.455,6.905,6.405,349231.63,230419.153,0.9976816074188564,,0.0
2021-09-30,6.4750000000000005,6.715000000000001,6.775,6.425000000000001,217688.43,144353.644,0.9977711738484398,,0.0
2021-10-08,6.795,6.665,6.925000000000001,6.565,227387.49,153430.597,0.997754491017964,,0.0
2021-10-11,6.665,6.585,6.795,6.515000000000001,155530.79,102951.759,0.9977272727272728,,0.0
2021-10-12,6.535,6.325,6.6450000000000005,6.175000000000001,305840.41,194180.097,0.9976340694006308,,0.0
2021-10-13,6.335,6.335,6.375,6.155,183893.1,115435.408,0.9976377952755906,,0.0
2021-10-14,6.325,6.545,6.595000000000001,6.265000000000001,187898.2,121883.356,0.9977134146341464,,0.0
2021-10-15,6.495,6.455,6.555000000000001,6.345000000000001,169026.0,108972.471,0.9976816074188564,,0.0
2021-10-18,6.455,6.635000000000001,6.665,6.425000000000001,209365.0,138282.795,0.9977443609022556,,0.0
2021-10-19,6.615,6.995,7.075,6.585,328274.36,227466.504,0.9978601997146932,,0.0
2021-10-20,6.955,7.045,7.155,6.905,266085.28,187928.943,0.9978753541076488,,0.0
2021-10-21,6.985,6.965000000000001,7.105,6.925000000000001,188405.02,132204.648,0.9978510028653296,,0.0
2021-10-22,6.905,6.735,6.995,6.695,205095.8,140509.572,0.997777777777778,,0.0
2021-10-25,6.785,6.805000000000001,6.885000000000001,6.635000000000001,153987.0,104939.054,0.997800586510264,,0.0
2021-10-26,6.805000000000001,6.675000000000001,6.965000000000001,6.6450000000000005,204715.5,138989.399,0.9977578475336324,,0.0
2021-10-27,6.6850000000000005,6.485,6.715000000000001,6.425000000000001,191859.6,125321.618,0.9976923076923078,,0.0
2021-10-28,6.515000000000001,6.235,6.515000000000001,6.215000000000001,209492.91,132254.701,0.9976,,0.0
2021-10-29,6.255,6.305000000000001,6.4350000000000005,6.195,188726.91,119056.959,0.9976265822784812,,0.0
2021-11-01,6.335,6.385000000000001,6.4350000000000005,6.215000000000001,157010.76,100065.263,0.99765625,,0.0
2021-11-02,6.385000000000001,6.1450000000000005,6.515000000000001,5.985,297427.94,184909.103,0.9975649350649352,,0.0
2021-11-03,6.135000000000001,6.155,6.325,6.035,172500.53,105758.331,0.9975688816855754,,0.0
2021-11-04,6.195,6.115,6.245,6.085,184967.03,114131.125,0.9975530179445352,,0.0
2021-11-05,6.105,5.875,6.175000000000001,5.825,363958.49,217527.423,0.9974533106960952,,0.0
2021-11-08,5.9350000000000005,6.005,6.085,5.735,333155.0,197218.99,0.9975083056478404,,0.0
2021-11-09,6.025,6.495,6.575,5.965000000000001,540583.16,343705.777,0.9976958525345624,,0.0
2021-11-10,6.465000000000001,6.455,6.565,6.285,282498.4,180915.447,0.9976816074188564,,0.0
2021-11-11,6.4750000000000005,6.285,6.4750000000000005,6.245,239035.64,151660.549,0.9976190476190476,,0.0
2021-11-12,6.285,6.3950000000000005,6.445,6.265000000000001,209469.46,133733.527,0.997659906396256,,0.0
2021-11-15,6.375,6.675000000000001,6.845000000000001,6.355,371653.33,247282.505,0.9977578475336324,,0.0
2021-11-16,6.635000000000001,6.535,6.915,6.505,346945.08,232504.949,0.997709923664122,,0.0
2021-11-17,6.535,7.035,7.075,6.505,552110.72,382487.755,0.997872340425532,,0.0
2021-11-18,6.965000000000001,6.9750000000000005,7.325,6.905,509500.11,361395.193,0.997854077253219,,0.0
2021-11-19,6.955,7.065,7.075,6.745,388979.2,269946.025,0.9978813559322034,,0.0
2021-11-22,7.085,7.135000000000001,7.325,7.085,350027.62,252372.236,0.997902097902098,,0.0
2021-11-23,7.055000000000001,7.155,7.225,7.015000000000001,322847.15,230657.428,0.997907949790795,,0.0
2021-11-24,7.165,7.075,7.195,7.005,252952.08,179858.861,0.9978843441466856,,0.0
2021-11-25,7.015000000000001,7.065,7.1850000000000005,6.9350000000000005,257508.42,181795.76,0.9978813559322034,,0.0
2021-11-26,7.105,7.265000000000001,7.285,7.035,441315.5,318417.953,0.9979395604395604,,0.0
2021-11-29,7.085,7.425000000000001,7.445,7.035,509296.23,373665.846,0.997983870967742,,0.0
2021-11-30,7.465000000000001,7.245,7.515000000000001,7.165,442454.09,322547.146,0.9979338842975208,,0.0
2021-12-01,7.195,7.175000000000001,7.275,7.045,329213.98,236411.403,0.997913769123783,,0.0
2021-12-02,7.155,7.075,7.285,7.065,322813.78,231713.032,0.9978843441466856,,0.0
2021-12-03,7.055000000000001,7.165,7.215000000000001,7.015000000000001,235837.55,168811.342,0.9979108635097492,,0.0
2021-12-06,7.155,7.065,7.215000000000001,7.045,237880.95,169494.639,0.9978813559322034,,0.0
2021-12-07,7.055000000000001,6.785,7.095000000000001,6.585,421469.4,286143.804,0.9977941176470588,,0.0
2021-12-08,6.825,7.075,7.125,6.795,317211.49,222139.538,0.9978843441466856,,0.0
2021-12-09,7.075,6.855,7.135000000000001,6.815,270369.53,187636.6,0.9978165938864628,,0.0
2021-12-10,6.785,6.675000000000001,6.855,6.6450000000000005,273139.66,183259.731,0.9977578475336324,,0.0
2021-12-13,6.665,6.665,6.6850000000000005,6.515000000000001,217413.55,143551.245,0.997754491017964,,0.0
2021-12-14,6.6850000000000005,6.515000000000001,6.705,6.495,221718.16,145664.473,0.9977029096477796,,0.0
2021-12-15,6.525,6.535,6.625,6.505,158706.89,104236.62,0.997709923664122,,0.0
2021-12-16,6.545,6.665,6.675000000000001,6.4350000000000005,214021.05,140384.778,0.997754491017964,,0.0
2021-12-17,6.675000000000001,6.9750000000000005,7.245,6.675000000000001,609399.5,427824.819,0.997854077253219,,0.0
2021-12-20,6.995,7.1850000000000005,7.315,6.945,545627.51,389791.446,0.9979166666666668,,0.0
2021-12-21,7.135000000000001,7.175000000000001,7.215000000000001,6.955,298284.19,212329.875,0.997913769123783,,0.0
2021-12-22,7.1850000000000005,7.645,7.735,7.075,714094.93,533061.989,0.9980417754569192,,0.0
2021-12-23,7.615,7.525,7.635000000000001,7.395,402778.0,302606.037,0.9980106100795756,,0.0
2021-12-24,7.555000000000001,7.565,7.845000000000001,7.505,469766.94,360499.296,0.9980211081794196,,0.0
2021-12-27,7.435,7.585,7.685,7.395,368780.41,279704.201,0.9980263157894738,,0.0
2021-12-28,7.595000000000001,7.515000000000001,7.845000000000001,7.445,365555.44,279295.669,0.99800796812749,,0.0
2021-12-29,7.485,7.275,7.525,7.235,400440.31,295608.531,0.9979423868312758,,0.0
2021-12-30,7.265000000000001,7.225,7.355,7.1850000000000005,230303.84,167753.631,0.99792817679558,,0.0
2021-12-31,7.285,7.115,7.295,7.055000000000001,304993.42,218573.519,0.9978962131837308,,0.0
2022-01-04,7.1450000000000005,6.995,7.165,6.885000000000001,243186.72,170204.792,0.9978601997146932,,0.0
2022-01-05,6.965000000000001,6.775,7.065,6.755,306280.98,211494.734,0.9977908689248896,,0.0
2022-01-06,6.745,7.455,7.455,6.7250000000000005,549178.14,398333.965,0.997991967871486,,0.0
2022-01-07,7.735,7.155,7.765000000000001,7.125,748422.32,558864.502,0.997907949790795,,0.0
2022-01-10,7.065,7.105,7.235,7.005,265309.96,189297.889,0.9978932584269664,,0.0
2022-01-11,7.115,7.085,7.235,7.065,289927.07,207197.829,0.997887323943662,,0.0
2022-01-12,7.085,7.035,7.135000000000001,6.945,256803.02,181048.158,0.997872340425532,,0.0
2022-01-13,6.985,6.875,7.015000000000001,6.855,188218.02,130293.433,0.997822931785196,,0.0
2022-01-14,6.835,6.945,7.105,6.815,180938.27,126135.402,0.997844827586207,,0.0
2022-01-17,6.915,7.095000000000001,7.175000000000001,6.885000000000001,232921.58,164050.833,0.9978902953586498,,0.0
2022-01-18,7.045,7.035,7.265000000000001,7.025,203482.57,145451.708,0.997872340425532,,0.0
2022-01-19,6.995,6.8950000000000005,7.075,6.785,190724.74,131889.126,0.9978292329956584,,0.0
2022-01-20,6.9350000000000005,6.595000000000001,6.9750000000000005,6.555000000000001,239277.46,160769.874,0.997730711043873,,0.0
2022-01-21,6.615,6.785,6.805000000000001,6.485,164933.31,110499.96,0.9977941176470588,,0.0
2022-01-24,6.835,6.585,6.9350000000000005,6.565,163024.8,108996.19,0.9977272727272728,,0.0
2022-01-25,6.565,6.2250000000000005,6.6450000000000005,6.215000000000001,175782.41,112091.037,0.997596153846154,,0.0
2022-01-26,6.2250000000000005,6.245,6.335,6.1850000000000005,111107.74,69740.588,0.9976038338658147,,0.0
2022-01-27,6.255,6.045,6.305000000000001,6.025,129525.24,79490.744,0.9975247524752476,,0.0
2022-01-28,6.085,6.115,6.195,5.885000000000001,141524.91,86112.656,0.9975530179445352,,0.0
2022-02-07,6.245,6.175000000000001,6.365,6.1450000000000005,118013.0,73864.814,0.9975767366720516,,0.0
2022-02-08,6.175000000000001,6.235,6.235,6.085,85657.5,52926.155,0.9976,,0.0
2022-02-09,6.155,6.285,6.295,6.155,108970.19,68201.119,0.9976190476190476,,0.0
2022-02-10,6.275,6.155,6.315,6.095000000000001,121212.31,75325.706,0.9975688816855754,,0.0
2022-02-11,6.115,6.155,6.295,6.085,166259.9,103281.119,0.9975688816855754,,0.0
2022-02-14,6.115,6.045,6.235,6.025,134171.35,81919.093,0.9975247524752476,,0.0
2022-02-15,5.985,6.015000000000001,6.055000000000001,5.9350000000000005,101826.07,61060.146,0.9975124378109452,,0.0
2022-02-16,6.065,6.075,6.165,6.025,131288.81,80004.64,0.997536945812808,,0.0
2022-02-17,6.075,6.045,6.135000000000001,5.985,152997.98,92922.735,0.9975247524752476,,0.0
2022-02-18,6.025,6.065,6.095000000000001,5.995,102708.98,62192.168,0.997532894736842,,0.0
2022-02-21,6.065,6.235,6.235,6.045,170549.63,105031.074,0.9976,,0.0
2022-02-22,6.2250000000000005,6.085,6.245,6.055000000000001,147594.0,90494.264,0.9975409836065574,,0.0
2022-02-23,6.085,6.1450000000000005,6.215000000000001,6.085,133823.0,82489.469,0.9975649350649352,,0.0
2022-02-24,6.035,5.955,6.165,5.855,266949.0,160961.968,0.9974874371859296,,0.0
2022-02-25,5.985,5.995,6.065,5.9750000000000005,131653.63,79466.026,0.997504159733777,,0.0
2022-02-28,6.035,6.115,6.165,5.925000000000001,146218.06,88890.998,0.9975530179445352,,0.0
2022-03-01,6.115,6.115,6.175000000000001,6.055000000000001,101665.97,62202.879,0.9975530179445352,,0.0
2022-03-02,6.075,6.065,6.085,6.025,79881.97,48515.564,0.997532894736842,,0.0
2022-03-03,6.095000000000001,6.015000000000001,6.115,6.015000000000001,96993.25,58760.202,0.9975124378109452,,0.0
2022-03-04,6.015000000000001,5.9350000000000005,6.025,5.905,107154.88,64004.192,0.9974789915966388,,0.0
2022-03-07,5.925000000000001,5.6850000000000005,5.925000000000001,5.635000000000001,177055.5,102026.714,0.9973684210526316,,0.0
2022-03-08,5.8950000000000005,5.815,6.1850000000000005,5.675000000000001,245057.96,144429.572,0.997427101200686,,0.0
2022-03-09,5.745,5.345000000000001,5.745,5.235,424122.91,229289.155,0.9972014925373136,,0.0
2022-03-10,5.4350000000000005,5.555000000000001,5.785,5.4350000000000005,334095.18,187836.614,0.9973070017953322,,0.0
2022-03-11,5.495,5.555000000000001,5.595000000000001,5.375,168487.24,92702.606,0.9973070017953322,,0.0
2022-03-14,5.535,5.305000000000001,5.585,5.305000000000001,162420.83,87814.66,0.9971804511278196,,0.0
2022-03-15,5.245,4.965000000000001,5.275,4.965000000000001,202965.04,104219.081,0.996987951807229,,0.0
2022-03-16,5.065,5.115,5.135000000000001,4.785,230234.94,114491.464,0.9970760233918128,,0.0
2022-03-17,5.165,5.245,5.345000000000001,5.155,206158.32,108605.308,0.997148288973384,,0.0
2022-03-18,5.2250000000000005,5.295,5.335,5.195,123131.02,65126.376,0.997175141242938,,0.0
2022-03-21,5.4350000000000005,5.365,5.445,5.285,128113.78,68866.037,0.9972118959107809,,0.0
2022-03-22,5.515000000000001,5.585,5.675000000000001,5.405,267254.0,148929.871,0.9973214285714286,,0.0
2022-03-23,5.665,5.755,6.005,5.625,362957.18,211432.072,0.9974003466204506,,0.0
2022-03-24,5.735,5.655,5.825,5.625,204631.82,116823.717,0.9973544973544974,,0.0
2022-03-25,5.605,5.4750000000000005,5.705,5.465000000000001,168359.28,93448.804,0.9972677595628416,,0.0
2022-03-28,5.355,5.445,5.525,5.295,132360.0,71608.824,0.9972527472527472,,0.0
2022-03-29,5.425000000000001,5.385000000000001,5.535,5.325,129770.01,70588.575,0.9972222222222222,,0.0
2022-03-30,5.375,5.465000000000001,5.4750000000000005,5.305000000000001,137217.28,74297.438,0.9972627737226278,,0.0
2022-03-31,5.485,5.305000000000001,5.485,5.295,127843.0,68700.794,0.9971804511278196,,0.0
2022-04-01,5.315,5.515000000000001,5.575,5.2250000000000005,247573.35,135055.238,0.9972875226039783,,0.0
2022-04-06,5.505,5.735,5.735,5.415,215201.53,121988.837,0.9973913043478262,,0.0
2022-04-07,5.705,5.7250000000000005,5.825,5.655,203276.5,117512.991,0.9973867595818816,,0.0
2022-04-08,5.715000000000001,6.175000000000001,6.255,5.675000000000001,509871.04,308689.883,0.9975767366720516,,0.0
2022-04-11,6.255,6.335,6.335,6.035,453589.28,283200.932,0.9976377952755906,,0.0
2022-04-12,6.3950000000000005,6.205,6.9750000000000005,6.165,649632.55,421229.31,0.9975884244372992,,0.0
2022-04-13,6.175000000000001,5.835,6.255,5.795,372171.51,223568.679,0.9974358974358974,,0.0
2022-04-14,5.855,5.9350000000000005,6.155,5.695,309596.77,182550.258,0.9974789915966388,,0.0
2022-04-15,6.015000000000001,5.735,6.035,5.7250000000000005,212866.5,124664.81,0.9973913043478262,,0.0
2022-04-18,5.7250000000000005,5.815,5.815,5.565,134692.15,76979.208,0.997427101200686,,0.0
2022-04-19,5.755,5.735,5.855,5.675000000000001,145221.62,83878.71,0.9973913043478262,,0.0
2022-04-20,5.715000000000001,5.425000000000001,5.735,5.355,208858.0,115619.419,0.9972426470588236,,0.0
2022-04-21,5.4350000000000005,5.2250000000000005,5.465000000000001,5.1850000000000005,171916.52,92011.418,0.9971374045801528,,0.0
2022-04-22,5.335,5.355,5.415,5.205,140705.4,74627.277,0.9972067039106146,,0.0
2022-04-25,5.2250000000000005,4.855,5.265000000000001,4.815,227332.94,114746.341,0.9969199178644764,,0.0
2022-04-26,4.865,4.545,4.945,4.385000000000001,238602.7,112278.353,0.9967105263157896,,0.0
2022-04-27,4.4750000000000005,4.755,4.775,4.325,184046.09,83636.527,0.9968553459119498,,0.0
2022-04-28,4.705,4.615,4.7250000000000005,4.545,127057.08,58917.904,0.9967602591792656,,0.0
2022-04-29,4.7250000000000005,5.075,5.075,4.715000000000001,214235.26,105755.4,0.9970530451866404,,0.0
2022-05-05,5.075,5.365,5.485,5.075,277730.13,147214.892,0.9972118959107809,,0.0
2022-05-06,5.2250000000000005,5.205,5.305000000000001,5.135000000000001,174585.46,91223.639,0.9971264367816092,,0.0
2022-05-09,5.175000000000001,5.275,5.385000000000001,5.175000000000001,109110.47,57614.251,0.9971644612476372,,0.0
2022-05-10,5.205,5.285,5.335,5.115,124230.1,65484.571,0.9971698113207548,,0.0
2022-05-11,5.325,5.255,5.4350000000000005,5.255,148067.78,79530.93,0.9971537001897534,,0.0
2022-05-12,5.245,5.365,5.455,5.215000000000001,131328.76,70620.685,0.9972118959107809,,0.0
2022-05-13,5.365,5.365,5.415,5.305000000000001,75624.44,40624.037,0.9972118959107809,,0.0
2022-05-16,5.3950000000000005,5.445,5.635000000000001,5.3950000000000005,161837.2,89612.952,0.9972527472527472,,0.0
2022-05-17,5.455,5.625,5.775,5.385000000000001,229827.64,128554.196,0.9973404255319148,,0.0
2022-05-18,5.605,5.635000000000001,5.735,5.585,164001.05,93211.652,0.9973451327433628,,0.0
2022-05-19,5.525,5.695,5.705,5.485,163641.3,92475.458,0.9973730297723292,,0.0
2022-05-20,5.695,5.775,5.805000000000001,5.625,205528.17,118026.361,0.9974093264248706,,0.0
2022-05-23,5.805000000000001,5.965000000000001,5.985,5.735,210783.85,124773.694,0.9974916387959868,,0.0
2022-05-24,5.955,5.665,6.015000000000001,5.655,245761.21,143748.877,0.9973591549295776,,0.0
2022-05-25,5.665,5.705,5.755,5.575,155130.5,88130.05,0.9973776223776224,,0.0
2022-05-26,5.6850000000000005,5.785,5.835,5.635000000000001,129644.29,74598.047,0.9974137931034484,,0.0
2022-05-27,5.775,5.775,5.865,5.715000000000001,108346.84,62946.027,0.9974093264248706,,0.0
2022-05-30,5.825,5.755,5.875,5.715000000000001,116359.2,67538.427,0.9974003466204506,,0.0
2022-05-31,5.795,5.785,5.875,5.6850000000000005,154619.22,89222.985,0.9974137931034484,,0.0
2022-06-01,5.775,6.035,6.135000000000001,5.755,316264.3,190183.208,0.9975206611570248,,0.0
2022-06-02,6.015000000000001,6.075,6.105,5.9350000000000005,149821.9,90887.589,0.997536945812808,,0.0
2022-06-06,6.265000000000001,6.235,6.315,6.095000000000001,230976.29,144133.054,0.9976,,0.0
2022-06-07,6.235,6.135000000000001,6.265000000000001,6.035,204118.03,125205.463,0.997560975609756,,0.0
2022-06-08,6.135000000000001,6.105,6.165,5.945,192330.12,116504.013,0.9975490196078431,,0.0
2022-06-09,6.065,6.095000000000001,6.195,6.045,180648.53,110624.398,0.9975450081833062,,0.0
2022-06-10,6.035,6.335,6.535,5.995,294877.82,185778.517,0.9976377952755906,,0.0
2022-06-13,6.295,6.485,6.585,6.275,296586.85,191760.596,0.9976923076923078,,0.0
2022-06-14,6.415,6.595000000000001,6.605,6.325,297743.88,194035.503,0.997730711043873,,0.0
2022-06-15,6.615,6.535,6.745,6.535,323999.8,216150.999,0.997709923664122,,0.0
2022-06-16,6.535,6.755,6.845000000000001,6.495,323952.26,218041.948,0.9977843426883308,,0.0
2022-06-17,6.695,7.345000000000001,7.405,6.6850000000000005,658481.12,473067.924,0.9979619565217392,,0.0
2022-06-20,7.425000000000001,7.705,7.875,7.365,759832.54,585575.95,0.9980569948186528,,0.0
2022-06-21,7.885000000000001,7.645,7.905,7.485,550250.87,421714.909,0.9980417754569192,,0.0
2022-06-22,7.695,8.344999999999999,8.415,7.695,976380.54,801165.938,0.9982057416267942,,0.0
2022-06-23,8.385,9.185,9.185,7.985,1167504.23,1012684.078,0.9983695652173912,,0.0
2022-06-24,9.445,9.285,9.565,8.985,899273.13,834662.077,0.9983870967741936,,0.0
2022-06-27,9.435,8.684999999999999,9.485,8.354999999999999,1437746.85,1261472.083,0.9982758620689656,,0.0
2022-06-28,8.445,9.155,9.475,8.395,1293903.96,1172935.181,0.9983642311886586,,0.0
2022-06-29,9.045,8.584999999999999,9.085,8.415,826755.25,720292.53,0.9982558139534884,,0.0
2022-06-30,8.705,8.254999999999999,8.774999999999999,8.165,833197.67,698748.175,0.998186215235792,,0.0
2022-07-01,8.254999999999999,8.344999999999999,8.635,8.155,561907.3,471814.194,0.9982057416267942,,0.0
2022-07-04,8.385,8.785,8.834999999999999,8.065,851814.92,717862.619,0.9982954545454544,,0.0
2022-07-05,8.584999999999999,8.535,8.834999999999999,8.295,716442.46,611800.703,0.9982456140350876,,0.0
2022-07-06,8.625,8.674999999999999,8.934999999999999,8.545,577694.9,504115.929,0.9982738780207134,,0.0
2022-07-07,8.674999999999999,8.895,9.135,8.604999999999999,601331.29,537372.045,0.9983164983164984,,0.0
2022-07-08,9.035,9.785,9.785,9.035,1197394.92,1158575.311,0.998469387755102,,0.0
2022-07-11,10.065,10.205,10.445,9.555,1617071.33,1625245.391,0.99853228962818,,0.0
2022-07-12,10.285,9.625,10.285,9.445,992327.69,975085.622,0.9984439834024896,,0.0
2022-07-13,9.785,9.545,9.815,9.245,576306.42,548242.69,0.998430962343096,,0.0
2022-07-14,9.365,9.665,10.135,9.345,689773.9,678970.859,0.9984504132231404,,0.0
2022-07-15,9.555,9.935,10.255,9.555,656401.39,649983.072,0.9984924623115576,,0.0
2022-07-18,9.935,9.435,10.045,9.375,671498.25,646098.618,0.9984126984126984,,0.0
2022-07-19,9.485,9.695,10.125,9.295,753842.65,738311.849,0.9984552008238928,,0.0
2022-07-20,9.785,9.595,10.065,9.435,601897.61,582364.16,0.99843912591051,,0.0
2022-07-21,9.585,9.065,9.635,9.065,616068.6,572411.355,0.9983480176211452,,0.0
2022-07-22,9.155,9.045,9.245,8.735,528703.1,474556.865,0.9983443708609272,,0.0
2022-07-25,9.085,8.594999999999999,9.095,8.565,436879.39,382357.739,0.9982578397212544,,0.0
2022-07-26,8.594999999999999,8.834999999999999,8.985,8.415,390023.73,342864.469,0.9983050847457626,,0.0
2022-07-27,8.834999999999999,9.025,9.075,8.834999999999999,326376.39,293587.959,0.9983407079646016,,0.0
2022-07-28,9.115,8.825,9.195,8.725,381685.84,341034.8,0.9983031674208144,,0.0
2022-07-29,8.825,8.715,8.924999999999999,8.665,259548.64,228175.731,0.9982817869415808,,0.0
2022-08-01,8.584999999999999,8.854999999999999,8.915,8.535,257593.88,226958.842,0.9983089064261556,,0.0
2022-08-02,8.735,8.354999999999999,8.825,8.274999999999999,475970.97,403827.078,0.9982078853046594,,0.0
2022-08-03,8.375,8.174999999999999,8.735,8.155,439239.0,372050.273,0.998168498168498,,0.0
2022-08-04,8.215,8.215,8.405,8.065,302562.77,249508.772,0.9981773997569866,,0.0
2022-08-05,8.274999999999999,8.174999999999999,8.365,8.024999999999999,306729.55,250116.293,0.998168498168498,,0.0
2022-08-08,8.205,8.705,8.885,8.135,523837.14,448200.826,0.9982798165137614,,0.0
2022-08-09,8.684999999999999,8.895,9.255,8.635,634011.77,571823.335,0.9983164983164984,,0.0
2022-08-10,8.875,8.915,9.075,8.785,340638.44,304272.814,0.9983202687569988,,0.0
2022-08-11,8.934999999999999,9.325,9.405,8.934999999999999,589127.55,542973.768,0.9983940042826552,,0.0
2022-08-12,9.285,9.215,9.405,9.155,298731.86,276618.595,0.9983748645720476,,0.0
2022-08-15,9.235,9.235,9.465,9.185,360513.73,336814.941,0.9983783783783784,,0.0
2022-08-16,9.245,9.165,9.315,9.135,289193.55,266704.057,0.9983660130718952,,0.0
2022-08-17,9.175,9.025,9.275,8.965,331991.75,300949.259,0.9983407079646016,,0.0
2022-08-18,9.035,9.235,9.405,8.985,451737.0,417140.476,0.9983783783783784,,0.0
2022-08-19,9.285,9.235,9.475,9.065,460695.45,429989.004,0.9983783783783784,,0.0
2022-08-22,9.235,9.525,9.635,8.995,539431.83,506662.932,0.9984276729559748,,0.0
2022-08-23,9.405,9.725,9.885,9.405,575257.38,558079.372,0.9984599589322382,,0.0
2022-08-24,9.785,9.275,9.835,9.155,543927.59,515012.611,0.9983853606027988,,0.0
2022-08-25,9.315,9.135,9.365,8.785,381258.41,345390.728,0.9983606557377048,,0.0
2022-08-26,9.165,9.205,9.575,9.095,323187.21,302133.498,0.9983731019522776,,0.0
2022-08-29,9.045,8.985,9.165,8.895,287749.84,260222.529,0.9983333333333332,,0.0
2022-08-30,9.035,8.854999999999999,9.205,8.695,272758.67,244132.857,0.9983089064261556,,0.0
2022-08-31,8.735,7.985,8.825,7.965000000000001,626443.47,517440.551,0.998125,,0.0
2022-09-01,8.004999999999999,8.385,8.485,8.004999999999999,387780.01,322923.34,0.9982142857142856,,0.0
2022-09-02,8.405,8.424999999999999,8.575,8.205,256967.3,216251.38,0.9982227488151658,,0.0
2022-09-05,8.405,8.604999999999999,8.785,8.344999999999999,280135.65,241344.568,0.9982598607888632,,0.0
2022-09-06,8.604999999999999,8.844999999999999,8.924999999999999,8.604999999999999,304099.49,267959.731,0.9983069977426636,,0.0
2022-09-07,8.844999999999999,8.834999999999999,8.915,8.735,234574.34,207225.706,0.9983050847457626,,0.0
2022-09-08,8.934999999999999,8.735,9.265,8.705,416920.88,375951.591,0.9982857142857142,,0.0
2022-09-09,8.735,8.674999999999999,8.865,8.434999999999999,241710.08,208398.358,0.9982738780207134,,0.0
2022-09-13,8.645,8.604999999999999,8.834999999999999,8.495,237245.91,205084.682,0.9982598607888632,,0.0
2022-09-14,8.434999999999999,8.405,8.635,8.225,311818.29,260319.983,0.9982185273159144,,0.0
2022-09-15,8.455,8.155,8.475,8.004999999999999,292346.25,238788.948,0.9981640146878824,,0.0
2022-09-16,8.075,8.115,8.235,7.925000000000001,229167.99,185738.016,0.9981549815498154,,0.0
2022-09-19,8.084999999999999,7.765000000000001,8.165,7.675000000000001,287137.47,226368.441,0.9980719794344474,,0.0
2022-09-20,7.835,7.985,8.084999999999999,7.815,218292.13,174750.089,0.998125,,0.0
2022-09-21,7.985,8.004999999999999,8.055,7.815,154703.18,123246.179,0.9981296758104736,,0.0
2022-09-22,7.975,8.035,8.174999999999999,7.835,186404.53,150481.513,0.9981366459627328,,0.0
2022-09-23,8.035,7.735,8.094999999999999,7.695,210323.42,165187.423,0.9980645161290324,,0.0
2022-09-26,7.695,7.745,7.955,7.535,222525.52,173357.499,0.9980670103092784,,0.0
2022-09-27,7.805000000000001,7.915,7.945,7.665,178045.78,139192.079,0.9981084489281212,,0.0
2022-09-28,7.845000000000001,7.455,7.865,7.355,249111.76,187706.685,0.997991967871486,,0.0
2022-09-29,7.545,7.375,7.605,7.325,153785.67,114158.471,0.9979702300405956,,0.0
2022-09-30,7.365,7.035,7.415,7.025,216650.23,155239.452,0.997872340425532,,0.0
2022-10-10,7.1850000000000005,7.615,7.745,7.1850000000000005,559812.89,425971.082,0.9980340760157276,,0.0
2022-10-11,7.615,7.755,8.035,7.545,491415.93,385183.613,0.998069498069498,,0.0
2022-10-12,7.735,8.055,8.235,7.575,457043.41,363019.054,0.9981412639405204,,0.0
2022-10-13,8.004999999999999,8.104999999999999,8.235,7.975,295956.53,241002.716,0.998152709359606,,0.0
2022-10-14,8.184999999999999,8.434999999999999,8.514999999999999,8.084999999999999,397512.2,333037.206,0.998224852071006,,0.0
2022-10-17,8.415,8.315,8.575,8.145,302229.9,250018.537,0.9981992797118848,,0.0
2022-10-18,8.325,8.495,8.594999999999999,8.285,302095.8,256104.895,0.9982373678025852,,0.0
2022-10-19,8.465,8.354999999999999,8.584999999999999,8.285,275373.72,231941.686,0.9982078853046594,,0.0
2022-10-20,8.254999999999999,8.165,8.334999999999999,8.004999999999999,281416.89,229784.211,0.998166259168704,,0.0
2022-10-21,8.205,8.524999999999999,8.545,8.165,351775.17,296268.377,0.9982435597189696,,0.0
2022-10-24,8.735,8.615,8.875,8.524999999999999,548740.76,478620.881,0.9982618771726536,,0.0
2022-10-25,8.455,8.745,8.844999999999999,8.305,453242.17,392681.723,0.9982876712328766,,0.0
2022-10-26,8.735,8.805,8.915,8.684999999999999,346222.71,305192.654,0.9982993197278912,,0.0
2022-10-27,8.844999999999999,8.575,8.854999999999999,8.565,236191.38,205171.019,0.99825378346915,,0.0
2022-10-28,8.504999999999999,8.215,8.735,8.165,270892.44,227918.969,0.9981773997569866,,0.0
2022-10-31,8.215,8.375,8.524999999999999,8.184999999999999,282474.11,236602.813,0.9982121573301548,,0.0
2022-11-01,8.375,8.625,8.635,8.195,288656.06,243365.573,0.9982638888888888,,0.0
2022-11-02,8.625,9.004999999999999,9.185,8.545,510258.89,457995.387,0.9983370288248336,,0.0
2022-11-03,8.985,9.235,9.325,8.825,408543.9,375398.362,0.9983783783783784,,0.0
2022-11-04,9.385,9.785,10.015,9.245,708858.5,682319.938,0.998469387755102,,0.0
2022-11-07,9.795,10.045,10.225,9.785,603883.31,608341.795,0.9985089463220675,,0.0
2022-11-08,10.065,10.175,10.185,9.885,430899.67,434129.012,0.9985279685966634,,0.0
2022-11-09,10.225,10.015,10.295,9.945,476868.64,483088.759,0.9985044865403788,,0.0
2022-11-10,10.035,10.665,10.715,9.965,709045.42,741796.863,0.9985955056179776,,0.0
2022-11-11,10.635,10.345,10.915,10.235,700378.29,734731.827,0.9985521235521236,,0.0
2022-11-14,10.535,9.955,10.765,9.835,669498.63,687369.918,0.998495486459378,,0.0
2022-11-15,10.135,10.245,10.475,9.905,474632.15,486726.162,0.9985380116959064,,0.0
2022-11-16,10.255,10.265,10.415,10.125,273803.56,281008.425,0.9985408560311284,,0.0
2022-11-17,10.265,10.075,10.265,9.855,390619.63,390783.655,0.9985133795837462,,0.0
2022-11-18,10.075,10.315,10.645,9.745,472129.49,485568.263,0.9985479186834462,,0.0
2022-11-21,10.515,10.435,10.665,10.335,372940.58,391267.276,0.9985645933014352,,0.0
2022-11-22,10.415,10.365,10.735,10.285,416227.18,439329.997,0.9985549132947976,,0.0
2022-11-23,10.405,10.575,10.625,10.195,429468.72,450511.719,0.9985835694050992,,0.0
2022-11-24,10.735,11.635,11.635,10.735,982259.7,1120969.612,0.9987124463519312,,0.0
2022-11-25,11.635,10.495,11.635,10.475,1228229.8,1348649.127,0.9985727878211228,,0.0
2022-11-28,9.885,10.285,10.355,9.865,561803.91,572295.917,0.9985436893203884,,0.0
2022-11-29,10.295,10.145,10.325,9.965,387126.03,393584.962,0.998523622047244,,0.0
2022-11-30,10.165,10.295,10.575,9.985,415612.35,427134.263,0.9985451018428708,,0.0
2022-12-01,10.325,10.985,11.265,10.285,717446.73,776375.011,0.9986363636363637,,0.0
2022-12-02,10.985,11.335,11.615,10.635,1211613.74,1353926.498,0.9986784140969164,,0.0
2022-12-05,11.285,11.045,11.455,10.895,659409.26,734108.98,0.9986437613019892,,0.0
2022-12-06,10.895,10.805,11.035,10.595,457240.26,495216.011,0.9986136783733826,,0.0
2022-12-07,10.695,10.715,11.075,10.645,361277.34,391097.903,0.9986020503261882,,0.0
2022-12-08,10.665,10.595,10.895,10.405,289359.14,308492.874,0.9985862393967956,,0.0
2022-12-09,10.595,10.755,10.755,10.335,448662.02,474766.141,0.9986072423398328,,0.0
2022-12-12,10.735,10.475,10.805,10.435,277549.91,292481.452,0.9985700667302192,,0.0
2022-12-13,10.415,10.005,10.535,9.985,421762.77,430550.534,0.998502994011976,,0.0
2022-12-14,10.025,9.995,10.225,9.925,279067.71,280996.959,0.9985014985014984,,0.0
2022-12-15,9.915,10.045,10.095,9.805,241182.63,240583.81,0.9985089463220675,,0.0
2022-12-16,10.045,9.575,10.045,9.485,362821.32,352696.174,0.9984358706986444,,0.0
2022-12-19,9.465,9.565,9.855,9.465,263219.95,254208.014,0.9984342379958244,,0.0
2022-12-20,9.485,9.775,9.875,9.485,285864.07,279456.475,0.9984678243105208,,0.0
2022-12-21,9.785,10.085,10.235,9.685,342887.18,344201.846,0.9985148514851484,,0.0
2022-12-22,10.255,9.525,10.255,9.435,393253.99,384783.249,0.9984276729559748,,0.0
2022-12-23,9.495,9.365,9.595,9.185,281674.04,263517.836,0.9984008528784648,,0.0
2022-12-26,9.325,9.755,9.775,9.225,242700.95,233191.942,0.9984646878198566,,0.0
2022-12-27,9.745,9.655,9.865,9.475,212123.84,204674.782,0.998448810754912,,0.0
2022-12-28,9.615,9.485,9.645,9.305,164070.62,155950.912,0.9984210526315788,,0.0
2022-12-29,9.465,9.295,9.565,9.285,152777.43,143664.976,0.9983888292158968,,0.0
2022-12-30,9.365,9.365,9.515,9.275,156511.12,147603.158,0.9984008528784648,,0.0
2023-01-03,9.355,9.685,9.785,9.335,357296.59,343487.149,0.9984536082474226,,0.0
2023-01-04,9.685,9.465,9.685,9.365,245587.82,234049.844,0.9984177215189872,,0.0
2023-01-05,9.485,9.605,9.695,9.425,238260.45,228757.462,0.9984407484407484,,0.0
2023-01-06,9.595,9.935,10.185,9.545,486577.32,484681.083,0.9984924623115576,,0.0
2023-01-09,9.985,9.975,10.175,9.935,284957.13,286597.071,0.9984984984984984,,0.0
2023-01-10,9.995,9.915,10.085,9.855,235162.59,233951.271,0.9984894259818732,,0.0
2023-01-11,9.875,9.695,9.965,9.665,219746.33,214755.293,0.9984552008238928,,0.0
2023-01-12,9.695,9.615,9.825,9.575,139236.7,134758.794,0.998442367601246,,0.0
2023-01-13,9.605,9.475,9.705,9.415,185169.43,175925.545,0.9984193888303476,,0.0
2023-01-16,9.395,9.455,9.575,9.325,209404.03,198236.32,0.998416050686378,,0.0
2023-01-17,9.445,9.445,9.555,9.395,136534.5,129552.57,0.998414376321353,,0.0
2023-01-18,9.615,9.625,9.715,9.435,216655.96,207748.597,0.9984439834024896,,0.0
2023-01-19,9.595,9.485,9.625,9.455,180212.32,171501.145,0.9984210526315788,,0.0
2023-01-20,9.485,9.865,9.945,9.485,308174.82,302135.237,0.998481781376518,,0.0
2023-01-30,10.275,9.935,10.285,9.905,390291.65,394078.018,0.9984924623115576,,0.0
2023-01-31,10.055,10.245,10.325,9.785,464661.79,471735.153,0.9985380116959064,,0.0
2023-02-01,10.235,10.275,10.315,10.135,328832.39,335949.886,0.998542274052478,,0.0
2023-02-02,10.265,10.175,10.265,10.115,229262.53,233546.182,0.9985279685966634,,0.0
2023-02-03,10.145,9.935,10.145,9.805,339339.37,337803.244,0.9984924623115576,,0.0
2023-02-06,9.935,9.825,9.995,9.735,259601.23,255985.499,0.9984756097560976,,0.0
2023-02-07,9.865,10.185,10.285,9.765,376916.68,380121.39,0.9985294117647058,,0.0
2023-02-08,10.265,10.065,10.265,10.005,218574.84,221537.398,0.9985119047619048,,0.0
2023-02-09,10.065,10.245,10.295,10.015,390326.6,398533.874,0.9985380116959064,,0.0
2023-02-10,10.235,10.155,10.315,10.095,255725.59,260772.363,0.9985250737463126,,0.0
2023-02-13,10.235,10.485,10.505,10.145,453636.35,473352.825,0.9985714285714286,,0.0
2023-02-14,10.485,10.455,10.525,10.345,229885.12,239870.095,0.9985673352435528,,0.0
2023-02-15,10.455,10.565,10.705,10.395,371916.17,393012.523,0.9985822306238183,,0.0
2023-02-16,10.565,10.115,10.565,9.985,380391.59,391982.757,0.9985192497532084,,0.0
2023-02-17,10.105,10.005,10.275,9.905,288824.78,290615.809,0.998502994011976,,0.0
2023-02-20,9.995,9.905,9.995,9.645,266966.86,262234.705,0.9984879032258064,,0.0
2023-02-21,9.935,9.805,9.935,9.695,260767.76,255608.408,0.9984725050916496,,0.0
2023-02-22,9.735,9.645,9.785,9.585,250764.0,242577.502,0.998447204968944,,0.0
2023-02-23,9.645,9.775,9.825,9.615,228427.75,222275.239,0.9984678243105208,,0.0
2023-02-24,9.785,9.565,9.785,9.495,246997.77,237205.193,0.9984342379958244,,0.0
2023-02-27,9.465,9.455,9.545,9.205,273508.08,257310.214,0.998416050686378,,0.0
2023-02-28,9.515,9.555,9.565,9.425,135899.75,129245.013,0.9984326018808776,,0.0
2023-03-01,9.605,9.535,9.605,9.455,134361.68,128067.022,0.9984293193717276,,0.0
2023-03-02,9.525,9.275,9.565,9.225,289673.58,271049.055,0.9983853606027988,,0.0
2023-03-03,9.245,9.295,9.325,9.185,143440.74,132988.604,0.9983888292158968,,0.0
2023-03-06,9.285,9.165,9.285,8.945,283465.0,257874.137,0.9983660130718952,,0.0
2023-03-07,9.175,8.955,9.205,8.934999999999999,228835.48,207439.038,0.9983277591973244,,0.0
2023-03-08,8.955,8.854999999999999,8.975,8.805,185082.78,164424.737,0.9983089064261556,,0.0
2023-03-09,8.885,8.745,8.895,8.684999999999999,214372.18,188072.867,0.9982876712328766,,0.0
2023-03-10,8.674999999999999,8.695,8.764999999999999,8.545,163195.31,141530.347,0.9982778415614236,,0.0
2023-03-13,8.615,8.594999999999999,8.695,8.485,164507.79,141273.268,0.9982578397212544,,0.0
2023-03-14,8.584999999999999,8.415,8.584999999999999,8.295,194498.59,164012.798,0.998220640569395,,0.0
2023-03-15,8.485,8.445,8.584999999999999,8.415,133860.62,114043.938,0.9982269503546098,,0.0
2023-03-16,8.385,8.195,8.415,8.195,165048.12,136939.317,0.9981729598051156,,0.0
2023-03-17,8.245,8.334999999999999,8.375,8.174999999999999,196054.1,162405.881,0.9982035928143712,,0.0
2023-03-20,8.295,8.524999999999999,8.674999999999999,8.254999999999999,303098.62,258077.947,0.9982435597189696,,0.0
2023-03-21,8.524999999999999,8.815,8.834999999999999,8.485,267370.09,232725.378,0.9983012457531144,,0.0
2023-03-22,8.844999999999999,8.674999999999999,8.854999999999999,8.625,179505.21,156677.43,0.9982738780207134,,0.0
2023-03-23,8.625,8.655,8.715,8.584999999999999,116805.87,101000.418,0.9982698961937716,,0.0
2023-03-24,8.655,8.575,8.735,8.575,133743.33,115646.274,0.99825378346915,,0.0
2023-03-27,8.545,8.615,8.645,8.455,179840.33,154428.433,0.9982618771726536,,0.0
2023-03-28,8.615,8.455,8.645,8.434999999999999,164112.34,139983.923,0.9982290436835892,,0.0
2023-03-29,8.455,8.405,8.555,8.354999999999999,122240.0,103409.867,0.9982185273159144,,0.0
2023-03-30,8.375,8.514999999999999,8.545,8.305,140231.24,118526.854,0.9982415005861665,,0.0
2023-03-31,8.514999999999999,8.524999999999999,8.695,8.465,154579.0,132638.459,0.9982435597189696,,0.0
2023-04-03,8.535,8.584999999999999,8.615,8.455,195071.32,166952.011,0.9982558139534884,,0.0
2023-04-04,8.584999999999999,8.014999999999999,8.584999999999999,8.014999999999999,534604.09,437262.242,0.99813200498132,,0.0
2023-04-06,7.945,7.955,8.055,7.875,270898.97,215851.617,0.9981179422835634,,0.0
2023-04-07,7.955,8.205,8.245,7.945,265752.22,216817.876,0.9981751824817516,,0.0
2023-04-10,8.215,8.195,8.354999999999999,8.184999999999999,167574.0,138521.908,0.9981729598051156,,0.0
2023-04-11,8.195,8.055,8.195,8.004999999999999,180957.6,146277.196,0.9981412639405204,,0.0
2023-04-12,8.055,7.985,8.084999999999999,7.935,142073.95,113535.051,0.998125,,0.0
2023-04-13,7.985,7.865,8.014999999999999,7.855,163387.0,129416.719,0.9980964467005076,,0.0
2023-04-14,7.865,7.995,8.125,7.825,181084.57,144986.794,0.99812734082397,,0.0
2023-04-17,8.084999999999999,8.004999999999999,8.125,7.965000000000001,129950.98,104755.33,0.9981296758104736,,0.0
2023-04-18,8.014999999999999,8.014999999999999,8.075,7.935,109104.94,87707.561,0.99813200498132,,0.0
2023-04-19,8.035,7.895,8.065,7.885000000000001,126017.57,100172.622,0.9981036662452591,,0.0
2023-04-20,7.885000000000001,7.785,7.885000000000001,7.585,237282.86,183362.946,0.9980769230769232,,0.0
2023-04-21,7.745,7.585,7.845000000000001,7.585,159071.43,122561.353,0.9980263157894738,,0.0
2023-04-24,7.595000000000001,7.445,7.645,7.415,174869.75,131151.541,0.9979892761394102,,0.0
2023-04-25,7.395,7.225,7.485,7.105,224739.06,163233.042,0.99792817679558,,0.0
2023-04-26,7.235,7.475,7.555000000000001,7.1850000000000005,187937.1,140019.402,0.9979973297730308,,0.0
2023-04-27,7.515000000000001,7.555000000000001,7.675000000000001,7.455,156700.52,118767.248,0.9980184940554824,,0.0
2023-04-28,7.575,7.405,7.655,7.365,190647.35,142611.405,0.997978436657682,,0.0
2023-05-04,7.375,7.535,7.655,7.345000000000001,250602.82,188835.197,0.9980132450331126,,0.0
2023-05-05,7.495,7.275,7.565,7.265000000000001,164866.56,120951.351,0.9979423868312758,,0.0
2023-05-08,7.325,7.275,7.415,7.235,109940.42,80404.784,0.9979423868312758,,0.0
2023-05-09,7.275,7.1450000000000005,7.305000000000001,7.135000000000001,132856.48,95791.709,0.997905027932961,,0.0
2023-05-10,7.1850000000000005,7.345000000000001,7.435,7.095000000000001,178443.87,129896.341,0.9979619565217392,,0.0
2023-05-11,7.365,7.295,7.395,7.205,119806.84,87534.877,0.9979480164158688,,0.0
2023-05-12,7.265000000000001,7.115,7.335,7.105,158300.0,113872.791,0.9978962131837308,,0.0
2023-05-15,7.125,7.375,7.375,7.125,198433.0,145102.847,0.9979702300405956,,0.0
2023-05-16,7.385000000000001,7.295,7.445,7.285,137627.0,101361.655,0.9979480164158688,,0.0
2023-05-17,7.265000000000001,7.595000000000001,7.695,7.235,276012.65,207667.288,0.9980289093298292,,0.0
2023-05-18,7.535,7.425000000000001,7.585,7.385000000000001,200566.74,149538.268,0.997983870967742,,0.0
2023-05-19,7.445,7.505,7.505,7.365,114528.03,85411.759,0.9980053191489362,,0.0
2023-05-22,7.485,7.525,7.535,7.395,111848.98,83683.087,0.9980106100795756,,0.0
2023-05-23,7.525,7.615,7.795,7.505,254346.3,195475.625,0.9980340760157276,,0.0
2023-05-24,7.565,7.555000000000001,7.695,7.525,141870.94,107934.996,0.9980184940554824,,0.0
2023-05-25,7.485,7.555000000000001,7.585,7.415,130683.72,98291.148,0.9980184940554824,,0.0
2023-05-26,7.545,7.395,7.545,7.305000000000001,140307.86,103730.308,0.9979757085020244,,0.0
2023-05-29,7.415,7.245,7.425000000000001,7.225,126346.0,92119.946,0.9979338842975208,,0.0
2023-05-30,7.275,7.285,7.305000000000001,7.115,121484.5,87779.068,0.997945205479452,,0.0
2023-05-31,7.235,7.085,7.275,7.025,177114.0,126304.218,0.997887323943662,,0.0
2023-06-01,7.055000000000001,7.005,7.125,6.985,146064.48,103438.44,0.997863247863248,,0.0
2023-06-02,6.985,7.265000000000001,7.315,6.985,175802.41,126765.81,0.9979395604395604,,0.0
2023-06-05,7.315,7.195,7.325,7.115,108984.6,78456.386,0.9979195561719834,,0.0
2023-06-06,7.195,6.915,7.195,6.905,213523.0,150282.649,0.997835497835498,,0.0
2023-06-07,6.905,6.815,6.965000000000001,6.755,141364.0,96555.725,0.9978038067349928,,0.0
2023-06-08,6.785,6.6850000000000005,6.885000000000001,6.675000000000001,134207.74,90772.315,0.9977611940298508,,0.0
2023-06-09,6.6850000000000005,6.695,6.765000000000001,6.595000000000001,116363.0,77748.502,0.997764530551416,,0.0
2023-06-12,6.735,6.855,6.885000000000001,6.675000000000001,140931.66,96017.093,0.9978165938864628,,0.0
2023-06-13,6.845000000000001,6.885000000000001,6.965000000000001,6.815,105440.01,72904.63,0.9978260869565218,,0.0
2023-06-14,6.8950000000000005,6.785,6.945,6.765000000000001,105095.87,71695.668,0.9977941176470588,,0.0
2023-06-15,6.805000000000001,6.945,6.965000000000001,6.745,166038.5,114681.667,0.997844827586207,,0.0
2023-06-16,6.965000000000001,7.015000000000001,7.075,6.8950000000000005,138172.8,97005.792,0.9978662873399716,,0.0
2023-06-19,7.035,7.015000000000001,7.135000000000001,7.005,126197.0,89353.719,0.9978662873399716,,0.0
2023-06-20,7.025,6.925000000000001,7.065,6.915,88030.14,61346.54,0.9978386167146974,,0.0
2023-06-21,6.965000000000001,6.805000000000001,7.015000000000001,6.795,100505.0,69288.084,0.997800586510264,,0.0
2023-06-26,6.795,6.7250000000000005,6.865,6.705,121329.77,82156.681,0.9977744807121662,,0.0
2023-06-27,6.715000000000001,6.785,6.835,6.665,111244.11,75484.887,0.9977941176470588,,0.0
2023-06-28,6.755,6.785,6.815,6.6450000000000005,128098.0,86517.395,0.9977941176470588,,0.0
2023-06-29,6.825,6.8950000000000005,6.965000000000001,6.805000000000001,131741.08,91201.138,0.9978292329956584,,0.0
2023-06-30,6.8950000000000005,7.125,7.225,6.825,215140.52,152779.618,0.9978991596638656,,0.0
2023-07-03,7.1850000000000005,7.125,7.285,7.095000000000001,181798.38,130935.127,0.9978991596638656,,0.0
2023-07-04,7.125,7.155,7.1850000000000005,7.105,98977.59,70808.151,0.997907949790795,,0.0
2023-07-05,7.195,7.095000000000001,7.225,7.085,94110.0,67351.1,0.9978902953586498,,0.0
2023-07-06,7.085,7.095000000000001,7.155,7.055000000000001,98328.7,70036.151,0.9978902953586498,,0.0
2023-07-07,7.105,6.9750000000000005,7.125,6.945,99128.0,69664.333,0.997854077253219,,0.0
2023-07-10,6.985,7.025,7.125,6.965000000000001,84746.63,59806.119,0.9978693181818182,,0.0
2023-07-11,7.065,7.135000000000001,7.135000000000001,7.025,93517.8,66439.623,0.997902097902098,,0.0
2023-07-12,7.115,7.075,7.1850000000000005,7.055000000000001,86807.0,61852.871,0.9978843441466856,,0.0
2023-07-13,7.095000000000001,7.115,7.165,7.065,96175.47,68497.375,0.9978962131837308,,0.0
2023-07-14,7.115,6.9350000000000005,7.135000000000001,6.925000000000001,141567.95,99373.7,0.9978417266187052,,0.0
2023-07-17,6.905,6.915,6.955,6.835,91270.32,63039.319,0.997835497835498,,0.0
2023-07-18,6.925000000000001,7.035,7.095000000000001,6.835,105360.95,73717.301,0.997872340425532,,0.0
2023-07-19,7.005,6.915,7.065,6.8950000000000005,86455.5,60183.701,0.997835497835498,,0.0
2023-07-20,6.915,6.9350000000000005,7.065,6.915,102741.0,71743.821,0.9978417266187052,,0.0
2023-07-21,6.925000000000001,6.835,6.945,6.795,109324.73,75011.026,0.9978102189781022,,0.0
2023-07-24,6.775,6.715000000000001,6.805000000000001,6.635000000000001,103431.95,69854.795,0.9977711738484398,,0.0
2023-07-25,6.775,6.8950000000000005,6.905,6.765000000000001,117719.87,80986.707,0.9978292329956584,,0.0
2023-07-26,6.855,6.735,6.8950000000000005,6.7250000000000005,103593.22,70293.955,0.997777777777778,,0.0
2023-07-27,6.745,6.655,6.815,6.625,109399.12,73578.189,0.9977511244377812,,0.0
2023-07-28,6.635000000000001,6.675000000000001,6.695,6.4750000000000005,146931.61,96867.949,0.9977578475336324,,0.0
2023-07-31,6.715000000000001,6.825,6.885000000000001,6.6850000000000005,143695.96,98289.207,0.9978070175438596,,0.0
2023-08-01,6.825,6.7250000000000005,6.835,6.715000000000001,90095.2,60972.734,0.9977744807121662,,0.0
2023-08-02,6.7250000000000005,6.6850000000000005,6.785,6.6850000000000005,63901.0,43026.029,0.9977611940298508,,0.0
2023-08-03,6.695,6.675000000000001,6.7250000000000005,6.655,69703.0,46683.827,0.9977578475336324,,0.0
2023-08-04,6.705,6.735,6.825,6.6850000000000005,96517.64,65272.747,0.997777777777778,,0.0
2023-08-07,6.735,6.675000000000001,6.785,6.655,68310.72,45824.393,0.9977578475336324,,0.0
2023-08-08,6.665,6.515000000000001,6.695,6.485,141461.88,92802.19,0.9977029096477796,,0.0
2023-08-09,6.515000000000001,6.465000000000001,6.515000000000001,6.4350000000000005,68281.31,44257.106,0.9976851851851852,,0.0
2023-08-10,6.465000000000001,6.515000000000001,6.575,6.465000000000001,73903.5,48200.11,0.9977029096477796,,0.0
2023-08-11,6.515000000000001,6.275,6.535,6.275,139359.1,88953.528,0.9976152623211448,,0.0
2023-08-14,6.245,6.195,6.245,6.075,118300.48,72986.351,0.997584541062802,,0.0
2023-08-15,6.195,6.105,6.235,6.045,105975.53,64911.368,0.9975490196078431,,0.0
2023-08-16,6.105,6.075,6.165,6.055000000000001,74561.0,45737.579,0.997536945812808,,0.0
2023-08-17,6.085,6.175000000000001,6.2250000000000005,6.025,90971.99,55928.07,0.9975767366720516,,0.0
2023-08-18,6.165,6.035,6.215000000000001,6.035,90845.03,55645.315,0.9975206611570248,,0.0
2023-08-21,6.035,5.915,6.105,5.915,107077.03,64469.608,0.997470489038786,,0.0
2023-08-22,5.945,5.925000000000001,6.015000000000001,5.795,124624.59,73659.686,0.9974747474747476,,0.0
2023-08-23,5.915,5.815,5.925000000000001,5.795,84198.5,49487.152,0.997427101200686,,0.0
2023-08-24,5.835,5.755,5.885000000000001,5.755,104437.17,60871.125,0.9974003466204506,,0.0
2023-08-25,5.755,5.675000000000001,5.795,5.6450000000000005,110676.51,63478.956,0.9973637961335676,,0.0
2023-08-28,5.875,5.745,5.995,5.705,168362.5,98913.782,0.9973958333333334,,0.0
2023-08-29,5.755,5.845000000000001,5.885000000000001,5.695,134035.87,78182.175,0.9974402730375428,,0.0
2023-08-30,5.875,5.825,5.925000000000001,5.805000000000001,89745.95,52749.581,0.9974315068493153,,0.0
2023-08-31,5.825,5.745,5.835,5.735,75841.5,43833.257,0.9973958333333334,,0.0
2023-09-01,5.745,5.7250000000000005,5.785,5.705,69911.2,40187.07,0.9973867595818816,,0.0
2023-09-04,5.755,5.885000000000001,5.885000000000001,5.705,132768.25,77404.446,0.9974576271186442,,0.0
2023-09-05,5.855,5.795,5.905,5.745,121370.02,70606.178,0.9974182444061964,,0.0
2023-09-06,5.755,5.845000000000001,5.855,5.715000000000001,88560.52,51426.548,0.9974402730375428,,0.0
2023-09-07,5.845000000000001,5.625,5.855,5.615,164274.22,93730.141,0.9973404255319148,,0.0
2023-09-08,5.615,5.535,5.625,5.525,95769.82,53387.222,0.9972972972972972,,0.0
2023-09-11,5.575,5.665,5.695,5.4750000000000005,118153.24,66577.353,0.9973591549295776,,0.0
2023-09-12,5.655,5.7250000000000005,5.775,5.6450000000000005,96552.62,55393.94,0.9973867595818816,,0.0
2023-09-13,5.7250000000000005,5.595000000000001,5.745,5.565,87638.59,49462.562,0.9973262032085564,,0.0
2023-09-14,5.615,5.505,5.615,5.495,72948.3,40497.617,0.9972826086956522,,0.0
2023-09-15,5.535,5.585,5.625,5.4750000000000005,108917.26,60566.076,0.9973214285714286,,0.0
2023-09-18,5.545,5.675000000000001,5.6850000000000005,5.485,144689.16,81626.928,0.9973637961335676,,0.0
2023-09-19,5.655,5.545,5.675000000000001,5.525,110380.0,61716.333,0.9973021582733812,,0.0
2023-09-20,5.545,5.405,5.575,5.405,117247.0,64288.365,0.9972324723247232,,0.0
2023-09-21,5.415,5.385000000000001,5.455,5.365,75660.0,40978.645,0.9972222222222222,,0.0
2023-09-22,5.355,5.555000000000001,5.565,5.345000000000001,157720.59,86745.427,0.9973070017953322,,0.0
2023-09-25,5.555000000000001,5.3950000000000005,5.595000000000001,5.385000000000001,129975.68,71021.223,0.9972273567467652,,0.0
2023-09-26,5.3950000000000005,5.355,5.415,5.355,65463.5,35282.424,0.9972067039106146,,0.0
2023-09-27,5.345000000000001,5.455,5.555000000000001,5.315,153260.68,84022.027,0.9972577696526508,,0.0
2023-09-28,5.485,5.515000000000001,5.565,5.465000000000001,108266.15,59885.447,0.9972875226039783,,0.0
2023-10-09,5.505,5.455,5.515000000000001,5.405,108635.87,59384.229,0.9972577696526508,,0.0
2023-10-10,5.465000000000001,5.485,5.575,5.445,94599.95,52214.563,0.9972727272727272,,0.0
2023-10-11,5.535,5.565,5.665,5.465000000000001,178130.9,99408.632,0.9973118279569892,,0.0
2023-10-12,5.605,5.775,5.785,5.575,238133.13,136412.752,0.9974093264248706,,0.0
2023-10-13,5.755,5.665,5.755,5.605,162335.5,92139.251,0.9973591549295776,,0.0
2023-10-16,5.6850000000000005,5.485,5.6850000000000005,5.455,161928.57,89698.797,0.9972727272727272,,0.0
2023-10-17,5.485,5.425000000000001,5.525,5.405,110037.49,60181.178,0.9972426470588236,,0.0
2023-10-18,5.445,5.275,5.445,5.255,121815.26,64972.654,0.9971644612476372,,0.0
2023-10-19,5.265000000000001,5.1850000000000005,5.275,5.165,113156.22,59128.368,0.9971153846153846,,0.0
2023-10-20,5.205,5.305000000000001,5.3950000000000005,5.165,167805.82,89470.177,0.9971804511278196,,0.0
2023-10-23,5.305000000000001,5.085,5.305000000000001,5.055000000000001,134722.87,69538.29,0.9970588235294118,,0.0
2023-10-24,5.1450000000000005,5.195,5.235,5.065,143911.6,74505.173,0.9971209213051824,,0.0
2023-10-25,5.265000000000001,5.2250000000000005,5.315,5.205,95693.97,50408.219,0.9971374045801528,,0.0
2023-10-26,5.205,5.295,5.315,5.095000000000001,105251.18,54789.631,0.997175141242938,,0.0
2023-10-27,5.255,5.3950000000000005,5.425000000000001,5.195,154659.93,83071.941,0.9972273567467652,,0.0
2023-10-30,5.365,5.345000000000001,5.385000000000001,5.285,147260.79,78605.829,0.9972014925373136,,0.0
2023-10-31,5.365,5.275,5.385000000000001,5.255,97754.5,51963.757,0.9971644612476372,,0.0
2023-11-01,5.285,5.275,5.345000000000001,5.255,78887.42,41862.493,0.9971644612476372,,0.0
2023-11-02,5.285,5.195,5.325,5.1850000000000005,76403.0,40148.458,0.9971209213051824,,0.0
2023-11-03,5.1850000000000005,5.315,5.335,5.1850000000000005,133956.31,71272.02,0.99718574108818,,0.0
2023-11-06,5.345000000000001,5.495,5.505,5.345000000000001,157664.57,86145.258,0.9972776769509982,,0.0
2023-11-07,5.485,5.465000000000001,5.505,5.4350000000000005,98295.5,53856.207,0.9972627737226278,,0.0
2023-11-08,5.4750000000000005,5.415,5.4750000000000005,5.375,120630.28,65577.812,0.9972375690607737,,0.0
2023-11-09,5.4350000000000005,5.405,5.465000000000001,5.385000000000001,102826.3,55938.951,0.9972324723247232,,0.0
2023-11-10,5.405,5.375,5.415,5.325,76518.5,41207.94,0.99721706864564,,0.0
2023-11-13,5.415,5.425000000000001,5.445,5.375,79010.5,42789.659,0.9972426470588236,,0.0
2023-11-14,5.405,5.445,5.4750000000000005,5.3950000000000005,78854.0,42949.514,0.9972527472527472,,0.0
2023-11-15,5.485,5.555000000000001,5.575,5.465000000000001,165296.67,91760.249,0.9973070017953322,,0.0
2023-11-16,5.535,5.415,5.535,5.415,118524.38,64917.291,0.9972375690607737,,0.0
2023-11-17,5.405,5.535,5.575,5.365,155623.0,85908.973,0.9972972972972972,,0.0
2023-11-20,5.555000000000001,5.575,5.595000000000001,5.455,147007.26,81581.788,0.9973166368515206,,0.0
2023-11-21,5.595000000000001,5.535,5.605,5.525,131127.0,73219.551,0.9972972972972972,,0.0
2023-11-22,5.505,5.385000000000001,5.535,5.375,159313.19,86878.994,0.9972222222222222,,0.0
2023-11-23,5.375,5.3950000000000005,5.405,5.335,80836.67,43565.621,0.9972273567467652,,0.0
2023-11-24,5.385000000000001,5.255,5.385000000000001,5.235,128066.69,67859.865,0.9971537001897534,,0.0
2023-11-27,5.215000000000001,5.115,5.245,5.065,169471.5,86984.905,0.9970760233918128,,0.0
2023-11-28,5.115,5.205,5.245,5.065,113294.56,58671.983,0.9971264367816092,,0.0
2023-11-29,5.205,5.115,5.2250000000000005,5.095000000000001,94066.56,48532.459,0.9970760233918128,,0.0
2023-11-30,5.125,5.015000000000001,5.125,4.985,152730.41,77091.917,0.9970178926441352,,0.0
2023-12-01,5.015000000000001,4.9350000000000005,5.015000000000001,4.865,188036.03,92740.393,0.9969696969696972,,0.0
2023-12-04,4.9350000000000005,4.855,4.945,4.845000000000001,164052.0,80362.597,0.9969199178644764,,0.0
2023-12-05,4.825,4.825,4.8950000000000005,4.805000000000001,128299.0,62485.743,0.9969008264462812,,0.0
2023-12-06,4.805000000000001,4.925000000000001,5.015000000000001,4.795,189848.52,94177.655,0.9969635627530364,,0.0
2023-12-07,4.925000000000001,4.875,4.9350000000000005,4.825,137266.5,66986.813,0.9969325153374232,,0.0
2023-12-08,4.905,4.815,4.9350000000000005,4.805000000000001,143719.41,70025.761,0.9968944099378882,,0.0
2023-12-11,4.825,4.865,4.875,4.715000000000001,121454.5,58381.73,0.9969262295081968,,0.0
2023-12-12,4.845000000000001,4.825,4.845000000000001,4.785,83468.0,40303.598,0.9969008264462812,,0.0
2023-12-13,4.815,4.775,4.825,4.755,93173.5,44705.958,0.9968684759916492,,0.0
2023-12-14,4.775,4.805000000000001,4.865,4.775,91801.0,44403.2,0.9968879668049792,,0.0
2023-12-15,4.805000000000001,4.765000000000001,4.885000000000001,4.755,114477.0,55342.097,0.9968619246861924,,0.0
2023-12-18,4.745,4.655,4.775,4.625,105197.76,49433.999,0.9967880085653106,,0.0
2023-12-19,4.635000000000001,4.6450000000000005,4.695,4.615,63863.62,29770.391,0.9967811158798284,,0.0
2023-12-20,4.6450000000000005,4.595000000000001,4.665,4.585,79946.0,37055.183,0.9967462039045554,,0.0
2023-12-21,4.555000000000001,4.675000000000001,4.715000000000001,4.535,110989.27,51481.453,0.9968017057569296,,0.0
2023-12-22,4.655,4.715000000000001,4.775,4.565,155474.24,72993.631,0.9968287526427062,,0.0
2023-12-25,4.715000000000001,4.6450000000000005,4.745,4.635000000000001,78429.58,36806.407,0.9967811158798284,,0.0
2023-12-26,4.655,4.615,4.655,4.585,76643.5,35472.696,0.9967602591792656,,0.0
2023-12-27,4.585,4.575,4.625,4.515000000000001,76828.25,35118.738,0.996732026143791,,0.0
2023-12-28,4.565,4.885000000000001,4.885000000000001,4.545,286951.34,137627.118,0.9969387755102042,,0.0
2023-12-29,4.875,4.905,4.925000000000001,4.825,128732.0,63229.308,0.9969512195121952,,0.0
2024-01-02,4.8950000000000005,4.845000000000001,4.915,4.835,110952.5,54199.994,0.9969135802469136,,0.0
2024-01-03,4.845000000000001,4.815,4.875,4.765000000000001,90521.31,43735.917,0.9968944099378882,,0.0
2024-01-04,4.825,4.745,4.835,4.715000000000001,90065.22,42916.444,0.9968487394957984,,0.0
2024-01-05,4.785,4.695,4.875,4.665,125004.0,59882.216,0.996815286624204,,0.0
2024-01-08,4.665,4.575,4.735,4.565,111770.21,51996.227,0.996732026143791,,0.0
2024-01-09,4.575,4.595000000000001,4.695,4.515000000000001,120794.7,55718.91,0.9967462039045554,,0.0
2024-01-10,4.585,4.625,4.715000000000001,4.495,129658.22,60263.422,0.9967672413793104,,0.0
2024-01-11,4.615,4.785,4.835,4.595000000000001,173417.44,82263.676,0.996875,,0.0
2024-01-12,4.755,4.815,4.9350000000000005,4.735,213983.06,104087.625,0.9968944099378882,,0.0
2024-01-15,4.735,4.775,4.885000000000001,4.7250000000000005,161198.68,77620.39,0.9968684759916492,,0.0
2024-01-16,4.795,4.775,4.875,4.695,148759.69,71286.104,0.9968684759916492,,0.0
2024-01-17,4.845000000000001,4.655,4.945,4.655,271098.08,130911.214,0.9967880085653106,,0.0
2024-01-18,4.635000000000001,4.7250000000000005,4.745,4.525,232372.5,108030.267,0.9968354430379748,,0.0
2024-01-19,4.695,4.545,4.825,4.535,211884.11,98920.167,0.9967105263157896,,0.0
2024-01-22,4.495,4.245,4.525,4.245,204381.74,89990.452,0.9964788732394368,,0.0
2024-01-23,4.235,4.365,4.3950000000000005,4.155,156581.86,67729.016,0.9965753424657536,,0.0
2024-01-24,4.385000000000001,4.355,4.425000000000001,4.165,156190.63,67290.908,0.996567505720824,,0.0
2024-01-25,4.355,4.465000000000001,4.465000000000001,4.295,152693.12,67245.115,0.9966517857142858,,0.0
2024-01-26,4.4350000000000005,4.445,4.495,4.425000000000001,118113.0,52822.602,0.9966367713004484,,0.0
2024-01-29,4.4350000000000005,4.265000000000001,4.455,4.255,121517.0,52748.814,0.996495327102804,,0.0
2024-01-30,4.265000000000001,4.085,4.265000000000001,4.055000000000001,141548.0,59034.647,0.9963414634146344,,0.0
2024-01-31,3.955,3.785,4.055000000000001,3.765,235902.83,91867.878,0.9960526315789472,,0.0
2024-02-01,3.735,3.695,3.855,3.685,155698.0,58695.465,0.995956873315364,,0.0
2024-02-02,3.705,3.505,3.765,3.365,255652.55,91426.895,0.9957386363636364,,0.0
2024-02-05,3.505,3.155,3.505,3.155,309992.28,100592.0,0.9952681388012616,,0.0
2024-02-06,2.845,3.275,3.375,2.845,320794.01,100451.301,0.9954407294832828,,0.0
2024-02-07,3.275,3.585,3.605,3.245,384088.16,135378.618,0.9958333333333332,,0.0
2024-02-08,3.585,3.785,3.945,3.565,352419.15,134523.616,0.9960526315789472,,0.0
2024-02-19,3.815,3.795,3.875,3.725,260905.66,99290.018,0.9960629921259844,,0.0
2024-02-20,3.785,3.745,3.785,3.675,180785.5,67471.88,0.9960106382978724,,0.0
2024-02-21,3.765,3.875,4.025,3.765,284409.27,111281.25,0.9961439588688946,,0.0
2024-02-22,3.845,3.915,3.935,3.835,154405.0,60305.713,0.9961832061068702,,0.0
2024-02-23,3.925,3.995,4.005,3.875,172895.03,68306.078,0.9962593516209476,,0.0
2024-02-26,4.005,4.105,4.1850000000000005,3.995,241520.65,99156.654,0.9963592233009708,,0.0
2024-02-27,4.105,4.175000000000001,4.175000000000001,4.045,167829.0,69334.916,0.996420047732697,,0.0
2024-02-28,4.205,3.985,4.375,3.975,356255.74,150026.335,0.99625,,0.0
2024-02-29,3.985,4.1850000000000005,4.1850000000000005,3.945,230668.27,94865.233,0.9964285714285716,,0.0
2024-03-01,4.265000000000001,4.265000000000001,4.315,4.175000000000001,245161.0,104368.274,0.996495327102804,,0.0
2024-03-04,4.285,4.2250000000000005,4.315,4.165,160204.54,67832.912,0.9964622641509436,,0.0
2024-03-05,4.1850000000000005,4.135000000000001,4.215000000000001,4.095000000000001,169310.56,70428.234,0.9963855421686748,,0.0
2024-03-06,4.105,4.195,4.275,4.085,152316.55,63646.749,0.9964370546318292,,0.0
2024-03-07,4.265000000000001,4.135000000000001,4.265000000000001,4.105,152142.5,63457.311,0.9963855421686748,,0.0
2024-03-08,4.135000000000001,4.105,4.165,4.035,146007.66,59998.427,0.9963592233009708,,0.0
2024-03-11,4.125,4.285,4.285,4.125,268540.0,113876.326,0.9965116279069768,,0.0
2024-03-12,4.295,4.305000000000001,4.345000000000001,4.265000000000001,165800.5,71429.924,0.996527777777778,,0.0
2024-03-13,4.295,4.285,4.315,4.235,126885.95,54384.17,0.9965116279069768,,0.0
2024-03-14,4.275,4.245,4.335,4.175000000000001,123167.0,52649.863,0.9964788732394368,,0.0
2024-03-15,4.245,4.315,4.315,4.1850000000000005,143391.5,61298.295,0.9965357967667438,,0.0
2024-03-18,4.335,4.3950000000000005,4.405,4.325,180594.34,79336.684,0.9965986394557824,,0.0
2024-03-19,4.405,4.4350000000000005,4.595000000000001,4.385000000000001,271365.5,122007.432,0.996629213483146,,0.0
2024-03-20,4.405,4.4750000000000005,4.505,4.3950000000000005,138099.5,61840.392,0.9966592427616928,,0.0
2024-03-21,4.4750000000000005,4.425000000000001,4.505,4.385000000000001,127782.97,56821.652,0.9966216216216216,,0.0
2024-03-22,4.3950000000000005,4.345000000000001,4.425000000000001,4.305000000000001,145811.0,63738.695,0.996559633027523,,0.0
2024-03-25,4.355,4.195,4.365,4.175000000000001,147917.5,63299.896,0.9964370546318292,,0.0
2024-03-26,4.2250000000000005,4.235,4.265000000000001,4.135000000000001,144605.0,61073.191,0.9964705882352942,,0.0
2024-03-27,4.245,3.995,4.265000000000001,3.995,164719.0,67994.72,0.9962593516209476,,0.0
2024-03-28,4.005,4.105,4.155,3.995,141667.48,58071.473,0.9963592233009708,,0.0
2024-03-29,4.095000000000001,4.155,4.165,4.095000000000001,93927.55,38975.848,0.9964028776978416,,0.0
2024-04-01,4.155,4.335,4.335,4.1450000000000005,173788.2,74423.794,0.9965517241379312,,0.0
2024-04-02,4.385000000000001,4.455,4.515000000000001,4.375,326630.81,145706.199,0.9966442953020136,,0.0
2024-04-03,4.405,4.465000000000001,4.525,4.405,251134.19,112478.813,0.9966517857142858,,0.0
2024-04-08,4.445,4.305000000000001,4.515000000000001,4.295,205462.65,90716.886,0.996527777777778,,0.0
2024-04-09,4.285,4.4750000000000005,4.505,4.285,283364.2,126568.443,0.9966592427616928,,0.0
2024-04-10,4.465000000000001,4.355,4.4750000000000005,4.315,182314.4,79954.039,0.996567505720824,,0.0
2024-04-11,4.365,4.295,4.3950000000000005,4.245,214400.0,92884.823,0.9965197215777264,,0.0
2024-04-12,4.325,4.175000000000001,4.325,4.155,188839.0,79592.239,0.996420047732697,,0.0
2024-04-15,4.1450000000000005,3.925,4.215000000000001,3.845,312346.48,124769.582,0.9961928934010152,,0.0
2024-04-16,3.875,3.535,3.885,3.535,291331.62,106717.884,0.995774647887324,,0.0
2024-04-17,3.575,3.895,3.895,3.575,260901.93,99706.172,0.99616368286445,,0.0
2024-04-18,3.985,3.935,4.005,3.795,221873.0,87178.486,0.9962025316455696,,0.0
2024-04-19,3.915,3.785,3.925,3.775,183716.01,70591.537,0.9960526315789472,,0.0
2024-04-22,3.805,3.745,3.835,3.645,138778.31,52171.325,0.9960106382978724,,0.0
2024-04-23,3.725,3.715,3.825,3.695,172119.0,64631.855,0.9959785522788204,,0.0
2024-04-24,3.745,3.795,3.815,3.655,149136.0,55836.739,0.9960629921259844,,0.0
2024-04-25,3.785,3.815,3.895,3.745,130312.69,50158.195,0.996083550913838,,0.0
2024-04-26,3.785,3.955,3.955,3.765,175760.07,68654.979,0.9962216624685138,,0.0
2024-04-29,3.955,4.355,4.355,3.955,338388.0,145049.804,0.996567505720824,,0.0
2024-04-30,4.485,4.355,4.495,4.325,614755.0,271255.596,0.996567505720824,,0.0
2024-05-06,4.3950000000000005,4.415,4.4750000000000005,4.355,379530.0,168011.752,0.9966139954853274,,0.0
2024-05-07,4.425000000000001,4.3950000000000005,4.445,4.345000000000001,221229.71,97210.523,0.9965986394557824,,0.0
2024-05-08,4.415,4.275,4.415,4.265000000000001,280856.0,122048.264,0.9965034965034966,,0.0
2024-05-09,4.365,4.705,4.705,4.365,554270.41,254197.061,0.9968220338983051,,0.0
2024-05-10,5.045,4.765000000000001,5.065,4.715000000000001,1103402.04,535727.049,0.9968619246861924,,0.0
2024-05-13,4.745,4.565,4.825,4.525,533421.0,247089.064,0.9967248908296944,,0.0
2024-05-14,4.565,4.525,4.625,4.505,318408.3,145025.254,0.9966960352422908,,0.0
2024-05-15,4.505,4.415,4.555000000000001,4.3950000000000005,280537.96,125723.759,0.9966139954853274,,0.0
2024-05-16,4.445,4.455,4.505,4.415,253343.0,113375.704,0.9966442953020136,,0.0
2024-05-17,4.4350000000000005,4.595000000000001,4.615,4.345000000000001,381027.0,172212.526,0.9967462039045554,,0.0
2024-05-20,4.635000000000001,4.595000000000001,4.715000000000001,4.565,338077.54,157221.056,0.9967462039045554,,0.0
2024-05-21,4.605,4.555000000000001,4.635000000000001,4.525,196307.0,89824.025,0.9967177242888404,,0.0
2024-05-22,4.485,4.535,4.595000000000001,4.485,179888.5,81781.991,0.9967032967032968,,0.0
2024-05-23,4.485,4.655,4.6850000000000005,4.425000000000001,581838.95,267742.025,0.9967880085653106,,0.0
2024-05-24,4.625,4.825,4.855,4.575,804645.99,384781.041,0.9969008264462812,,0.0
2024-05-27,4.755,4.705,4.785,4.585,463499.76,216203.98,0.9968220338983051,,0.0
2024-05-28,4.705,4.505,4.705,4.495,342789.2,156203.223,0.9966814159292036,,0.0
2024-05-29,4.465000000000001,4.505,4.575,4.415,281400.56,126729.569,0.9966814159292036,,0.0
2024-05-30,4.4750000000000005,4.3950000000000005,4.495,4.385000000000001,207844.01,92205.037,0.9965986394557824,,0.0
2024-05-31,4.385000000000001,4.385000000000001,4.455,4.365,170349.17,75405.616,0.9965909090909092,,0.0
2024-06-03,4.385000000000001,4.235,4.3950000000000005,4.1850000000000005,236409.58,101139.105,0.9964705882352942,,0.0
2024-06-04,4.1850000000000005,4.245,4.255,4.085,177579.06,74236.595,0.9964788732394368,,0.0
2024-06-05,4.275,4.155,4.285,4.155,132195.25,55969.899,0.9964028776978416,,0.0
2024-06-06,4.1850000000000005,3.975,4.205,3.935,230215.11,92789.69,0.9962406015037594,,0.0
2024-06-07,4.015000000000001,4.005,4.075,3.945,126232.01,50884.804,0.996268656716418,,0.0
2024-06-11,4.005,4.015000000000001,4.025,3.905,120191.0,47903.551,0.9962779156327544,,0.0
2024-06-12,3.995,4.065,4.075,3.995,109280.7,44393.758,0.9963235294117648,,0.0
2024-06-13,4.065,4.035,4.085,4.015000000000001,100982.2,40917.385,0.9962962962962963,,0.0
2024-06-14,4.035,4.065,4.085,3.965,113795.5,46008.336,0.9963235294117648,,0.0
2024-06-17,4.035,4.105,4.135000000000001,4.025,127014.0,52256.903,0.9963592233009708,,0.0
2024-06-18,4.125,4.175000000000001,4.175000000000001,4.095000000000001,112109.06,46673.59,0.996420047732697,,0.0
2024-06-19,4.195,4.105,4.235,4.095000000000001,130694.84,54276.549,0.9963592233009708,,0.0
2024-06-20,4.105,3.965,4.125,3.965,141234.0,56923.745,0.9962311557788944,,0.0
2024-06-21,3.975,3.855,3.985,3.845,139709.5,54910.435,0.996124031007752,,0.0
2024-06-24,3.865,3.745,3.865,3.715,137727.56,52261.72,0.9960106382978724,,0.0
2024-06-25,3.775,3.735,3.805,3.715,97476.0,36756.802,0.996,,0.0
2024-06-26,3.735,3.845,3.855,3.675,122393.5,46355.715,0.9961139896373056,,0.0
2024-06-27,3.845,3.745,3.845,3.735,91554.0,34729.413,0.9960106382978724,,0.0
2024-06-28,3.715,3.755,3.845,3.715,105173.5,40042.026,0.9960212201591512,,0.0
2024-07-01,3.745,3.765,3.825,3.695,98112.1,36892.294,0.996031746031746,,0.0
2024-07-02,3.755,3.725,3.785,3.705,74295.0,27928.184,0.9959893048128342,,0.0
2024-07-03,3.725,3.755,3.805,3.725,92290.0,34851.062,0.9960212201591512,,0.0
2024-07-04,3.755,3.645,3.775,3.615,100745.0,37201.644,0.9959016393442622,,0.0
2024-07-05,3.645,3.685,3.715,3.585,91614.5,33644.633,0.995945945945946,,0.0
2024-07-08,3.705,3.565,3.705,3.545,102520.0,37000.937,0.9958100558659218,,0.0
2024-07-09,3.545,3.595,3.625,3.465,144771.52,51640.689,0.9958448753462604,,0.0
2024-07-10,3.595,3.515,3.655,3.495,147206.5,52836.283,0.9957507082152974,,0.0
2024-07-11,3.565,3.705,3.735,3.565,222637.62,82081.84,0.995967741935484,,0.0
2024-07-12,3.725,3.685,3.725,3.665,114356.5,42379.207,0.995945945945946,,0.0
2024-07-15,3.685,3.615,3.695,3.575,107103.5,38922.697,0.9958677685950412,,0.0
2024-07-16,3.605,3.615,3.645,3.585,83162.85,30129.528,0.9958677685950412,,0.0
2024-07-17,3.625,3.605,3.645,3.575,81914.79,29645.5,0.9958563535911602,,0.0
2024-07-18,3.585,3.595,3.625,3.495,95562.5,34221.483,0.9958448753462604,,0.0
2024-07-19,3.575,3.625,3.635,3.525,87733.5,31621.282,0.9958791208791208,,0.0
2024-07-22,3.625,3.595,3.645,3.555,100795.0,36343.057,0.9958448753462604,,0.0
2024-07-23,3.575,3.495,3.635,3.455,105758.5,37749.007,0.9957264957264956,,0.0
2024-07-24,3.495,3.385,3.525,3.365,142168.0,48849.577,0.9955882352941176,,0.0
2024-07-25,3.375,3.465,3.515,3.345,129389.91,44809.975,0.9956896551724138,,0.0
2024-07-26,3.525,3.525,3.555,3.475,84538.0,29849.037,0.9957627118644068,,0.0
2024-07-29,3.525,3.485,3.545,3.455,74630.5,26154.981,0.9957142857142856,,0.0
2024-07-30,3.485,3.505,3.515,3.425,67767.0,23730.408,0.9957386363636364,,0.0
2024-07-31,3.525,3.725,3.735,3.495,204404.47,74844.878,0.9959893048128342,,0.0
2024-08-01,3.735,3.715,3.755,3.685,109362.21,40857.292,0.9959785522788204,,0.0
2024-08-02,3.685,3.655,3.735,3.645,106413.0,39397.319,0.9959128065395096,,0.0
2024-08-05,3.635,3.585,3.735,3.575,118025.55,43195.995,0.9958333333333332,,0.0
2024-08-06,3.635,3.655,3.665,3.595,89984.38,32835.194,0.9959128065395096,,0.0
2024-08-07,3.635,3.635,3.665,3.605,75645.5,27573.903,0.995890410958904,,0.0
2024-08-08,3.615,3.605,3.685,3.545,136286.0,49437.482,0.9958563535911602,,0.0
2024-08-09,3.625,3.535,3.675,3.535,109307.0,39331.023,0.995774647887324,,0.0
2024-08-12,3.525,3.505,3.565,3.475,82734.0,29197.432,0.9957386363636364,,0.0
2024-08-13,3.505,3.555,3.555,3.435,88582.0,31211.484,0.9957983193277312,,0.0
2024-08-14,3.555,3.495,3.575,3.475,81807.54,28766.531,0.9957264957264956,,0.0
2024-08-15,3.475,3.535,3.565,3.445,114646.7,40448.001,0.995774647887324,,0.0
2024-08-16,3.54,3.46,3.57,3.46,79058.5,27642.546,1.0,,0.0
2024-08-19,3.46,3.4,3.5,3.39,106068.03,36456.466,1.0,,0.0
2024-08-20,3.4,3.27,3.41,3.26,153484.7,50786.777,1.0,,0.0
2024-08-21,3.27,3.27,3.34,3.25,109833.28,36140.234,1.0,,0.0
2024-08-22,3.29,3.2,3.32,3.18,147731.78,47849.594,1.0,,0.0
2024-08-23,3.21,3.13,3.21,3.12,135681.98,42689.63,1.0,,0.0
2024-08-26,3.13,3.24,3.31,3.12,163392.31,52921.504,1.0,,0.0
2024-08-27,3.26,3.16,3.27,3.14,130221.51,41381.654,1.0,,0.0
2024-08-28,3.17,3.18,3.24,3.12,109271.7,34816.739,1.0,,0.0
2024-08-29,3.22,3.32,3.34,3.17,204159.0,66939.399,1.0,,0.0
2024-08-30,3.27,3.33,3.4,3.27,194019.4,64845.405,1.0,,0.0
2024-09-02,3.37,3.22,3.38,3.21,165400.0,54349.783,1.0,,0.0
2024-09-03,3.22,3.25,3.3,3.18,168275.71,54620.51,1.0,,0.0
2024-09-04,3.22,3.27,3.34,3.2,203307.72,66769.571,1.0,,0.0
2024-09-05,3.25,3.29,3.33,3.25,146259.5,48028.763,1.0,,0.0
2024-09-06,3.29,3.19,3.3,3.19,145077.0,46764.394,1.0,,0.0
2024-09-09,3.16,3.37,3.51,3.16,443052.97,147518.773,1.0,,0.0
2024-09-10,3.36,3.26,3.37,3.17,394737.38,127850.032,1.0,,0.0
2024-09-11,3.22,3.25,3.34,3.19,273973.41,89678.449,1.0,,0.0
2024-09-12,3.24,3.24,3.33,3.21,227914.09,74556.594,1.0,,0.0
2024-09-13,3.24,3.14,3.25,3.14,196671.54,62242.947,1.0,,0.0
2024-09-18,3.14,3.09,3.15,3.04,136890.13,42179.331,1.0,,0.0
2024-09-19,3.15,3.23,3.27,3.11,229611.38,73548.236,1.0,,0.0
2024-09-20,3.23,3.19,3.24,3.16,152633.43,48680.564,1.0,,0.0
2024-09-23,3.18,3.21,3.25,3.16,109682.99,35189.805,1.0,,0.0
2024-09-24,3.24,3.39,3.4,3.22,327879.93,108978.352,1.0,,0.0
2024-09-25,3.4,3.44,3.53,3.4,267457.03,92929.142,1.0,,0.0
2024-09-26,3.44,3.55,3.56,3.41,219072.75,76342.987,1.0,,0.0
2024-09-27,3.6,3.74,3.76,3.59,268200.35,98975.855,1.0,,0.0
2024-09-30,3.89,4.11,4.11,3.88,567793.58,229289.65,1.0,,0.0
2024-10-08,4.52,4.52,4.52,4.25,701414.02,311479.894,1.0,,0.0
2024-10-09,4.48,4.18,4.48,4.12,551798.44,238060.205,1.0,,0.0
2024-10-10,4.15,4.1,4.3,4.06,380750.56,158570.34,1.0,,0.0
2024-10-11,4.1,3.85,4.1,3.8,331018.79,129600.886,1.0,,0.0
2024-10-14,3.84,3.93,3.94,3.78,251214.55,96950.846,1.0,,0.0
2024-10-15,3.92,3.82,3.95,3.81,231846.55,89864.711,1.0,,0.0
2024-10-16,3.73,3.8,3.87,3.73,184902.0,70191.933,1.0,,0.0
2024-10-17,3.83,3.73,3.86,3.73,214986.0,81608.505,1.0,,0.0
2024-10-18,3.73,3.88,3.96,3.71,348229.62,133646.778,1.0,,0.0
2024-10-21,3.91,3.91,3.99,3.86,303861.2,119414.878,1.0,,0.0
2024-10-22,3.91,3.99,3.99,3.86,268821.49,105783.702,1.0,,0.0
2024-10-23,4.02,4.12,4.17,3.98,348881.81,142269.922,1.0,,0.0
2024-10-24,4.13,4.01,4.13,3.99,254444.4,102533.756,1.0,,0.0
2024-10-25,4.03,4.28,4.32,4.02,503452.15,212374.874,1.0,,0.0
2024-10-28,4.28,4.33,4.34,4.23,345434.4,148716.987,1.0,,0.0
2024-10-29,4.35,4.23,4.42,4.2,327061.46,139965.111,1.0,,0.0
2024-10-30,4.2,4.18,4.26,4.13,237754.83,99470.154,1.0,,0.0
2024-10-31,4.18,4.29,4.34,4.18,335791.71,143482.227,1.0,,0.0
2024-11-01,4.23,4.25,4.34,4.14,368985.75,156575.115,1.0,,0.0
2024-11-04,4.24,4.29,4.3,4.15,286051.95,121764.602,1.0,,0.0
2024-11-05,4.28,4.39,4.41,4.26,351171.32,153209.527,1.0,,0.0
2024-11-06,4.39,4.43,4.52,4.39,389299.16,173376.08,1.0,,0.0
2024-11-07,4.5,4.62,4.64,4.46,532107.73,242176.106,1.0,,0.0
2024-11-08,4.68,4.8,5.08,4.68,1254599.28,616914.793,1.0,,0.0
2024-11-11,4.66,4.97,4.98,4.58,1069002.82,519270.497,1.0,,0.0
2024-11-12,4.99,4.82,5.05,4.77,691361.89,339488.28,1.0,,0.0
2024-11-13,4.76,4.81,4.92,4.68,409593.5,196058.683,1.0,,0.0
2024-11-14,4.82,4.61,4.85,4.6,371741.69,174687.93,1.0,,0.0
2024-11-15,4.58,4.51,4.69,4.5,313720.57,144443.467,1.0,,0.0
2024-11-18,4.54,4.43,4.62,4.4,345179.0,155438.527,1.0,,0.0
2024-11-19,4.43,4.59,4.59,4.41,295687.69,132970.822,1.0,,0.0
2024-11-20,4.6,4.69,4.73,4.59,352121.15,164360.052,1.0,,0.0
2024-11-21,4.71,4.72,4.78,4.65,306657.08,144693.613,1.0,,0.0
2024-11-22,4.7,4.54,4.77,4.52,320673.29,149365.718,1.0,,0.0
2024-11-25,4.53,4.99,4.99,4.52,1214269.16,589222.614,1.0,,0.0
2024-11-26,5.14,4.8,5.15,4.73,1153663.36,562333.894,1.0,,0.0
2024-11-27,4.68,4.77,4.78,4.53,668483.9,309615.692,1.0,,0.0
2024-11-28,4.77,4.76,4.9,4.71,522092.86,251485.332,1.0,,0.0
2024-11-29,4.73,4.72,4.78,4.58,500389.21,234383.008,1.0,,0.0
2024-12-02,4.72,4.86,4.91,4.64,530397.91,256107.501,1.0,,0.0
2024-12-03,4.9,4.84,4.94,4.76,376235.45,180998.472,1.0,,0.0
2024-12-04,4.82,4.73,4.83,4.68,346452.0,164395.914,1.0,,0.0
2024-12-05,4.7,4.78,4.81,4.69,307695.0,146682.134,1.0,,0.0
2024-12-06,4.77,4.82,4.83,4.65,368625.5,175220.455,1.0,,0.0
2024-12-09,4.8,4.77,4.85,4.69,295113.0,140814.168,1.0,,0.0
2024-12-10,4.91,4.75,4.97,4.74,397506.53,192081.893,1.0,,0.0
2024-12-11,4.75,4.76,4.81,4.71,291175.91,138687.386,1.0,,0.0
2024-12-12,4.78,4.72,4.8,4.65,343749.62,161588.434,1.0,,0.0
2024-12-13,4.7,4.57,4.7,4.56,345475.87,158963.208,1.0,,0.0
2024-12-16,4.55,4.51,4.59,4.48,246823.9,111601.016,1.0,,0.0
2024-12-17,4.5,4.42,4.54,4.4,235080.83,104762.128,1.0,,0.0
2024-12-18,4.43,4.36,4.45,4.35,198322.0,87075.411,1.0,,0.0
2024-12-19,4.31,4.38,4.38,4.28,196335.97,84946.291,1.0,,0.0
2024-12-20,4.36,4.35,4.4,4.32,182210.5,79408.853,1.0,,0.0
2024-12-23,4.34,4.19,4.36,4.18,221345.0,93948.135,1.0,,0.0
2024-12-24,4.19,4.24,4.28,4.19,141273.94,59863.663,1.0,,0.0
2024-12-25,4.25,4.18,4.27,4.12,160586.53,66889.481,1.0,,0.0
2024-12-26,4.19,4.19,4.24,4.16,127714.0,53818.96,1.0,,0.0
2024-12-27,4.21,4.29,4.35,4.18,207626.09,88961.525,1.0,,0.0
2024-12-30,4.29,4.24,4.33,4.2,153020.0,64752.158,1.0,,0.0
2024-12-31,4.29,4.13,4.33,4.13,179567.4,75368.782,1.0,,0.0
2025-01-02,4.13,4.05,4.18,4.0,199908.0,81984.343,1.0,,0.0
2025-01-03,4.03,3.9,4.08,3.88,211957.26,84272.877,1.0,,0.0
2025-01-06,3.93,3.98,4.13,3.83,249530.03,99368.553,1.0,,0.0
2025-01-07,3.94,4.03,4.05,3.92,189234.5,75601.278,1.0,,0.0
2025-01-08,4.03,3.97,4.03,3.85,205688.09,80905.507,1.0,,0.0
2025-01-09,3.93,3.97,4.02,3.93,137782.0,54942.57,1.0,,0.0
2025-01-10,3.99,3.86,4.02,3.85,148522.0,58343.283,1.0,,0.0
2025-01-13,3.85,3.9,3.91,3.77,146121.03,56343.438,1.0,,0.0
2025-01-14,3.88,4.04,4.04,3.87,190673.5,75723.927,1.0,,0.0
2025-01-15,4.03,3.97,4.03,3.93,159410.02,63339.393,1.0,,0.0
2025-01-16,3.98,4.01,4.08,3.97,159849.02,64368.409,1.0,,0.0
2025-01-17,4.0,4.02,4.05,3.98,115794.07,46513.253,1.0,,0.0
2025-01-20,4.04,4.11,4.13,4.03,183488.0,75146.143,1.0,,0.0
2025-01-21,4.21,4.19,4.39,4.15,394034.07,167137.345,1.0,,0.0
2025-01-22,4.18,4.23,4.26,4.12,238926.0,100272.846,1.0,,0.0
2025-01-23,4.24,4.18,4.33,4.17,227386.89,96692.354,1.0,,0.0
2025-01-24,4.16,4.24,4.24,4.15,171747.98,72339.361,1.0,,0.0
2025-01-27,4.27,4.17,4.28,4.16,138579.0,58374.196,1.0,,0.0
2025-02-05,4.19,4.17,4.23,4.12,166693.59,69788.49,1.0,,0.0
2025-02-06,4.13,4.28,4.29,4.13,199621.09,84433.087,1.0,,0.0
2025-02-07,4.28,4.33,4.36,4.27,227538.5,98314.958,1.0,,0.0
2025-02-10,4.32,4.32,4.35,4.28,199005.06,85754.34,1.0,,0.0
2025-02-11,4.29,4.27,4.31,4.22,174453.38,74102.84,1.0,,0.0
2025-02-12,4.27,4.36,4.36,4.24,223231.32,96413.794,1.0,,0.0
2025-02-13,4.36,4.31,4.41,4.3,195168.55,84647.243,1.0,,0.0
2025-02-14,4.28,4.31,4.4,4.28,176581.85,76643.118,1.0,,0.0
2025-02-17,4.33,4.32,4.34,4.26,211893.78,91013.504,1.0,,0.0
2025-02-18,4.38,4.32,4.44,4.3,361775.89,158120.306,1.0,,0.0
2025-02-19,4.28,4.34,4.36,4.26,242457.0,104927.857,1.0,,0.0
2025-02-20,4.31,4.35,4.39,4.26,267295.2,115603.997,1.0,,0.0
2025-02-21,4.35,4.42,4.43,4.34,301075.1,132373.106,1.0,,0.0
2025-02-24,4.46,4.44,4.52,4.4,325653.05,144923.111,1.0,,0.0
2025-02-25,4.4,4.42,4.47,4.36,210965.7,93485.603,1.0,,0.0
2025-02-26,4.42,4.48,4.5,4.41,275361.3,123088.66,1.0,,0.0
2025-02-27,4.5,4.59,4.6,4.47,491488.9,223746.513,1.0,,0.0
2025-02-28,4.64,4.63,4.8,4.52,849277.47,396974.886,1.0,,0.0
2025-03-03,4.75,5.09,5.09,4.75,772539.4,388258.044,1.0,,0.0
2025-03-04,5.09,4.91,5.1,4.86,1558450.64,770107.921,1.0,,0.0
2025-03-05,4.93,4.84,4.99,4.75,801826.52,388012.124,1.0,,0.0
2025-03-06,4.86,4.97,5.05,4.82,906114.94,448787.446,1.0,,0.0
2025-03-07,4.96,5.07,5.26,4.91,1078128.08,548043.623,1.0,,0.0
2025-03-10,5.08,5.42,5.58,5.01,1492965.0,798865.565,1.0,,0.0
2025-03-11,5.26,5.31,5.33,5.17,854640.99,448091.131,1.0,,0.0
2025-03-12,5.33,5.38,5.53,5.24,920411.12,496012.411,1.0,,0.0
2025-03-13,5.38,5.68,5.75,5.32,1246912.12,696000.63,1.0,,0.0
2025-03-14,5.58,5.87,6.25,5.57,2117597.45,1278776.41,1.0,,0.0
2025-03-17,5.76,5.67,6.04,5.66,1599692.34,927310.242,1.0,,0.0
2025-03-18,5.68,5.81,6.0,5.68,1206706.35,703041.215,1.0,,0.0
2025-03-19,5.7,5.51,5.72,5.49,1007983.81,559709.594,1.0,,0.0
2025-03-20,5.56,5.43,5.57,5.43,691344.69,379448.257,1.0,,0.0
2025-03-21,5.36,5.33,5.46,5.32,551231.22,295990.511,1.0,,0.0
2025-03-24,5.37,5.25,5.37,5.14,523892.43,274103.158,1.0,,0.0
2025-03-25,5.24,5.25,5.39,5.19,467214.45,246467.713,1.0,,0.0
2025-03-26,5.21,5.22,5.33,5.2,351236.89,184471.806,1.0,,0.0
2025-03-27,5.19,5.14,5.21,5.07,373460.06,192058.218,1.0,,0.0
2025-03-28,5.11,5.07,5.16,5.06,270594.5,137955.487,1.0,,0.0
2025-03-31,5.07,4.99,5.07,4.9,355697.58,176743.64,1.0,,0.0
2025-04-01,4.99,5.04,5.08,4.99,293814.65,148138.865,1.0,,0.0
2025-04-02,5.04,5.08,5.14,5.0,245687.97,124828.865,1.0,,0.0
2025-04-03,5.02,5.04,5.09,4.98,281790.21,141850.108,1.0,,0.0
2025-04-07,4.69,4.54,4.76,4.54,296482.51,136167.608,1.0,,0.0
2025-04-08,4.4,4.31,4.51,4.2,623710.81,269487.923,1.0,,0.0
2025-04-09,4.24,4.43,4.47,3.99,496134.5,211229.14,1.0,,0.0
2025-04-10,4.54,4.52,4.62,4.49,381950.68,174163.373,1.0,,0.0
2025-04-11,4.49,4.64,4.73,4.47,377431.41,174447.648,1.0,,0.0
2025-04-14,4.67,4.86,4.9,4.67,450059.37,216796.606,1.0,,0.0
2025-04-15,4.86,4.81,4.91,4.78,311379.56,150602.094,1.0,,0.0
2025-04-16,4.76,4.69,4.82,4.61,262466.0,123224.32,1.0,,0.0
2025-04-17,4.66,4.69,4.73,4.64,174922.79,82283.681,1.0,,0.0
2025-04-18,4.69,4.66,4.7,4.6,175925.0,81672.864,1.0,,0.0
2025-04-21,4.63,4.8,4.8,4.61,199185.04,94430.588,1.0,,0.0
2025-04-22,4.83,4.77,4.84,4.72,192160.14,91452.699,1.0,,0.0
2025-04-23,4.78,4.79,4.84,4.76,192288.5,92130.681,1.0,,0.0
2025-04-24,4.82,4.71,4.83,4.69,191159.48,90607.628,1.0,,0.0
2025-04-25,4.7,4.71,4.75,4.68,173567.69,81851.054,1.0,,0.0
2025-04-28,4.71,4.61,4.72,4.59,138826.71,64226.239,1.0,,0.0
2025-04-29,4.64,4.68,4.74,4.62,159975.84,75089.039,1.0,,0.0
2025-04-30,4.71,4.73,4.75,4.68,166898.0,78781.786,1.0,,0.0
2025-05-06,4.78,4.88,4.88,4.76,246367.06,119441.407,1.0,,0.0
2025-05-07,4.94,4.9,4.98,4.86,261934.0,128741.895,1.0,,0.0
2025-05-08,4.87,4.95,4.98,4.87,218659.5,108094.578,1.0,,0.0
2025-05-09,4.95,4.88,4.97,4.82,196293.92,95627.349,1.0,,0.0
2025-05-12,4.98,4.98,5.02,4.94,323758.48,160879.963,1.0,,0.0
2025-05-13,5.03,4.96,5.06,4.92,284990.27,141947.3,1.0,,0.0
2025-05-14,4.93,4.92,4.96,4.89,191503.5,94250.078,1.0,,0.0
2025-05-15,4.93,4.81,4.93,4.81,178630.88,86346.778,1.0,,0.0
2025-05-16,4.81,4.83,4.89,4.77,156753.62,76111.154,1.0,,0.0
2025-05-19,4.83,4.86,4.88,4.77,162790.52,78578.786,1.0,,0.0
2025-05-20,4.86,4.87,4.89,4.83,190618.88,92567.162,1.0,,0.0
2025-05-21,4.88,4.97,5.0,4.83,495378.64,244448.925,1.0,,0.0
2025-05-22,4.96,4.8,4.99,4.78,436690.86,212633.843,1.0,,0.0
2025-05-23,4.76,4.67,4.83,4.67,320687.72,152289.198,1.0,,0.0
2025-05-26,4.67,4.74,4.77,4.67,212171.37,100222.824,1.0,,0.0
2025-05-27,4.75,4.76,4.79,4.65,216225.51,102084.96,1.0,,0.0
2025-05-28,4.75,4.69,4.77,4.67,152424.0,71750.489,1.0,,0.0
2025-05-29,4.69,4.99,5.05,4.66,687527.16,337376.596,1.0,,0.0
2025-05-30,4.97,4.8,4.97,4.77,548111.99,264287.483,1.0,,0.0
2025-06-03,4.95,4.87,4.96,4.83,474305.52,231759.222,1.0,,0.0
2025-06-04,4.86,4.93,4.99,4.84,439087.93,216153.898,1.0,,0.0
2025-06-05,4.92,4.92,4.96,4.87,315837.23,154763.717,1.0,,0.0
2025-06-06,4.89,4.91,4.95,4.88,261631.0,128608.646,1.0,,0.0
2025-06-09,4.94,5.03,5.08,4.92,408175.39,204832.627,1.0,,0.0
2025-06-10,5.04,5.03,5.08,4.94,428145.06,214935.849,1.0,,0.0
2025-06-11,5.02,5.12,5.18,5.01,499787.18,256366.422,1.0,,0.0
2025-06-12,5.13,5.08,5.15,5.05,324866.41,165193.168,1.0,,0.0
2025-06-13,5.11,4.96,5.11,4.95,326381.3,163475.734,1.0,,0.0
2025-06-16,4.94,5.02,5.03,4.91,265225.86,132028.02,1.0,,0.0
2025-06-17,5.05,5.52,5.52,5.05,1357421.88,729828.44,1.0,,0.0
2025-06-18,5.51,5.7,5.72,5.35,1798653.39,987026.441,1.0,,0.0
2025-06-19,5.6,5.54,5.84,5.49,1489121.89,841107.617,1.0,,0.0
2025-06-20,5.51,5.41,5.72,5.38,1077656.4,597230.827,1.0,,0.0
2025-06-23,5.41,5.8,5.8,5.35,1463327.02,827208.352,1.0,,0.0
2025-06-24,5.75,5.97,6.18,5.65,1786468.26,1052888.376,1.0,,0.0
2025-06-25,5.97,5.91,6.07,5.83,1303649.29,771390.711,1.0,,0.0
2025-06-26,5.83,5.9,6.12,5.81,1197087.53,711833.573,1.0,,0.0
2025-06-27,5.94,6.24,6.49,5.94,2298056.65,1462151.471,1.0,,0.0
2025-06-30,6.39,6.25,6.39,6.13,1739388.57,1084757.489,1.0,,0.0
2025-07-01,6.24,6.08,6.31,5.96,1186442.63,723499.51,1.0,,0.0
2025-07-02,6.01,5.87,6.06,5.84,886719.15,522359.415,1.0,,0.0
2025-07-03,5.81,5.9,5.93,5.72,755670.47,440869.183,1.0,,0.0
2025-07-04,5.88,5.8,5.89,5.72,626345.0,362642.363,1.0,,0.0
2025-07-07,5.77,5.79,5.85,5.75,389837.01,225649.697,1.0,,0.0
2025-07-08,5.82,5.81,5.84,5.76,499701.0,289980.656,1.0,,0.0
2025-07-09,5.84,5.74,5.84,5.71,520033.5,300331.194,1.0,,0.0
2025-07-10,5.77,5.8,5.88,5.75,610821.21,354943.296,1.0,,0.0
2025-07-11,5.83,5.86,5.89,5.74,610568.35,355480.409,1.0,,0.0
2025-07-14,5.87,5.85,5.98,5.82,608980.95,359026.378,1.0,,0.0
2025-07-15,5.82,5.68,5.85,5.65,656519.49,375131.21,1.0,,0.0
2025-07-16,5.67,5.69,5.75,5.65,313513.8,178523.663,1.0,,0.0
2025-07-17,5.68,5.7,5.71,5.64,311117.06,176803.962,1.0,,0.0
2025-07-18,5.69,5.77,5.82,5.68,425620.0,245447.459,1.0,,0.0
2025-07-21,5.77,5.78,5.79,5.72,328993.96,189603.851,1.0,,0.0
2025-07-22,5.8,5.9,5.91,5.73,720760.81,421841.927,1.0,,0.0
2025-07-23,5.96,5.72,5.96,5.71,593987.58,342944.607,1.0,,0.0
2025-07-24,5.72,5.87,5.91,5.7,555950.57,324132.173,1.0,,0.0
2025-07-25,5.87,5.79,5.87,5.76,327173.0,189419.91,1.0,,0.0
2025-07-28,5.81,5.88,5.91,5.76,470342.74,275733.675,1.0,,0.0
2025-07-29,5.84,5.87,5.96,5.8,451669.0,265542.189,1.0,,0.0
2025-07-30,5.89,5.72,5.89,5.66,487058.0,279536.033,1.0,,0.0
2025-07-31,5.71,5.66,5.78,5.63,287982.99,163998.848,1.0,,0.0
2025-08-01,5.66,5.59,5.68,5.57,256835.45,144003.299,1.0,,0.0
2025-08-04,5.55,5.64,5.66,5.51,214023.53,119497.73,1.0,,0.0
2025-08-05,5.67,5.7,5.74,5.66,242703.44,138510.228,1.0,,0.0
2025-08-06,5.7,5.72,5.74,5.66,192781.96,109950.824,1.0,,0.0
2025-08-07,5.74,5.69,5.75,5.65,223201.36,126976.959,1.0,,0.0
2025-08-08,5.68,5.66,5.71,5.64,202161.92,114508.702,1.0,,0.0
2025-08-11,5.72,5.9,5.96,5.72,720071.0,421069.994,1.0,,0.0
2025-08-12,5.9,5.84,5.91,5.77,355062.05,206470.05,1.0,,0.0
2025-08-13,5.83,5.91,5.94,5.82,468626.06,275659.183,1.0,,0.0
2025-08-14,5.93,6.09,6.33,5.87,1201437.83,732254.954,1.0,,0.0
2025-08-15,6.08,6.08,6.18,6.02,868330.47,529445.979,1.0,,0.0
2025-08-18,6.16,6.15,6.18,6.07,688116.39,421493.529,1.0,,0.0
2025-08-19,6.13,6.14,6.17,6.08,515805.16,316366.854,1.0,,0.0
2025-08-20,6.23,6.21,6.27,6.13,727580.99,450695.127,1.0,,0.0
2025-08-21,6.22,6.1,6.23,6.05,599320.3,365502.408,1.0,,0.0
2025-08-22,6.1,6.11,6.18,6.06,403087.01,246146.52,1.0,,0.0
2025-08-25,6.12,6.11,6.15,6.05,587926.32,358742.168,1.0,,0.0
2025-08-26,6.13,6.09,6.14,6.06,418135.49,255093.451,1.0,,0.0
2025-08-27,6.06,5.88,6.12,5.88,563442.06,339359.782,1.0,,0.0
2025-08-28,5.86,5.88,5.95,5.67,502984.46,292361.547,1.0,,0.0
2025-08-29,5.88,6.14,6.17,5.81,924886.44,560533.397,1.0,,0.0
2025-09-01,6.09,6.18,6.24,6.07,659200.31,406554.5,1.0,,0.0
2025-09-02,6.16,6.08,6.24,6.06,584891.42,358631.658,1.0,,0.0
2025-09-03,6.09,6.04,6.25,6.02,587572.5,358958.981,1.0,,0.0
2025-09-04,6.07,6.15,6.36,6.01,1155276.6,718974.865,1.0,,0.0
2025-09-05,6.07,6.43,6.45,6.06,1542562.07,981993.737,1.0,,0.0
2025-09-08,6.59,6.49,6.66,6.38,1340300.5,867437.69,1.0,,0.0
2025-09-09,6.4,6.74,6.84,6.39,1505973.64,1004096.705,1.0,,0.0
2025-09-10,6.6,6.5,6.68,6.46,1014402.71,664262.96,1.0,,0.0
2025-09-11,6.43,6.45,6.49,6.31,736184.27,471470.423,1.0,,0.0
2025-09-12,6.51,6.73,6.79,6.35,1283121.99,845164.624,1.0,,0.0
2025-09-15,6.82,6.72,7.04,6.71,1251494.4,857054.644,1.0,,0.0
2025-09-16,6.82,6.72,6.85,6.52,853292.73,568248.164,1.0,,0.0
2025-09-17,6.7,6.63,6.74,6.58,586367.94,389872.875,1.0,,0.0
2025-09-18,6.62,6.44,6.75,6.35,826556.62,541212.653,1.0,,0.0
2025-09-19,6.43,6.47,6.55,6.39,482946.02,312487.02,1.0,,0.0
2025-09-22,6.48,6.36,6.59,6.3,401206.56,255919.03,1.0,,0.0
2025-09-23,6.32,6.22,6.36,6.08,534267.13,330589.593,1.0,,0.0
2025-09-24,6.17,6.42,6.43,6.13,478749.32,302761.573,1.0,,0.0
2025-09-25,6.4,6.29,6.48,6.28,368489.23,234585.136,1.0,,0.0
2025-09-26,6.26,6.27,6.38,6.23,326163.9,206075.381,1.0,,0.0
2025-09-29,6.3,6.48,6.56,6.3,590799.81,381713.544,1.0,,0.0
2025-09-30,6.5,6.57,6.66,6.46,535796.66,352790.337,1.0,,0.0
2025-10-09,6.65,6.62,6.72,6.57,558284.09,371253.891,1.0,,0.0
2025-10-10,6.56,6.41,6.65,6.4,472476.95,305796.357,1.0,,0.0
2025-10-13,6.16,6.51,6.54,6.11,493874.19,313694.962,1.0,,0.0
2025-10-14,6.53,6.21,6.55,6.18,545662.19,347105.107,1.0,,0.0
2025-10-15,6.21,6.32,6.33,6.2,348527.5,218681.895,1.0,,0.0
2025-10-16,6.32,6.31,6.44,6.27,346242.73,219678.739,1.0,,0.0
2025-10-17,6.32,5.92,6.43,5.9,541093.62,330055.016,1.0,,0.0
2025-10-20,6.01,6.08,6.11,5.99,308201.15,186619.375,1.0,,0.0
2025-10-21,6.1,6.07,6.12,6.02,264011.21,160456.022,1.0,,0.0
2025-10-22,6.06,6.02,6.1,5.98,241224.75,145810.605,1.0,,0.0
2025-10-23,6.02,6.4,6.59,5.91,908752.65,570187.289,1.0,,0.0
2025-10-24,6.39,6.27,6.44,6.25,607824.66,384938.761,1.0,,0.0
2025-10-27,6.35,6.29,6.39,6.25,401418.16,253313.866,1.0,,0.0
2025-10-28,6.29,6.48,6.53,6.26,662645.52,426406.708,1.0,,0.0
2025-10-29,6.78,7.13,7.13,6.77,1116032.66,788501.719,1.0,,0.0
2025-10-30,7.59,7.4,7.84,7.36,2603310.64,1957838.985,1.0,,0.0
2025-10-31,7.38,7.51,7.83,7.38,1961699.51,1491690.939,1.0,,0.0
2025-11-03,7.51,7.47,7.59,7.18,1260954.05,929877.46,1.0,,0.0
2025-11-04,7.47,7.59,7.64,7.44,980896.92,740219.689,1.0,,0.0
2025-11-05,7.41,7.87,8.03,7.31,1521241.41,1185169.639,1.0,,0.0
2025-11-06,7.71,7.97,8.13,7.71,1372812.59,1086494.081,1.0,,0.0
2025-11-07,7.9,7.78,8.03,7.74,881161.21,689468.758,1.0,,0.0
2025-11-10,7.87,7.65,7.95,7.61,813533.54,630246.313,1.0,,0.0
2025-11-11,7.7,7.63,7.78,7.48,768514.4,584511.215,1.0,,0.0
2025-11-12,7.52,7.49,7.63,7.36,571408.7,426419.123,1.0,,0.0
2025-11-13,7.49,7.78,7.93,7.46,881809.03,683429.886,1.0,,0.0
2025-11-14,7.67,7.68,7.83,7.65,494038.15,382124.665,1.0,,0.0
2025-11-17,7.78,7.8,7.91,7.71,776896.08,605872.252,1.0,,0.0
2025-11-18,7.82,7.71,8.03,7.63,1024191.09,801648.4,1.0,,0.0
2025-11-19,7.77,7.51,7.93,7.45,674856.17,511535.444,1.0,,0.0
2025-11-20,7.58,7.6,7.94,7.55,732239.95,563362.85,1.0,,0.0
2025-11-21,7.36,6.89,7.47,6.87,1010678.2,717248.496,1.0,,0.0
2025-11-24,6.91,6.75,6.97,6.6,648155.69,436849.607,1.0,,0.0
2025-11-25,6.81,6.82,6.88,6.73,447463.52,304154.031,1.0,,0.0
2025-11-26,6.85,6.73,6.88,6.71,383486.56,260442.873,1.0,,0.0
2025-11-27,6.75,6.77,6.98,6.74,450208.55,308394.876,1.0,,0.0
2025-11-28,6.78,6.93,7.0,6.75,387348.5,267167.29,1.0,,0.0
2025-12-01,6.98,6.97,7.29,6.94,562388.19,397503.056,1.0,,0.0
2025-12-02,6.97,6.86,6.97,6.79,316236.03,216446.279,1.0,,0.0
2025-12-03,6.87,6.72,6.89,6.67,310841.95,209859.906,1.0,,0.0
2025-12-04,6.68,6.61,6.76,6.58,269770.0,178941.266,1.0,,0.0
2025-12-05,6.62,6.69,6.73,6.53,297712.26,198057.013,1.0,,0.0
2025-12-08,6.71,6.68,6.74,6.65,374559.15,250606.814,1.0,,0.0
2025-12-09,6.65,6.57,6.67,6.55,266321.22,175653.846,1.0,,0.0
2025-12-10,6.57,6.56,6.61,6.48,255334.07,166999.865,1.0,,0.0
2025-12-11,6.59,6.51,6.65,6.51,296085.47,194673.689,1.0,,0.0
2025-12-12,6.54,6.61,6.66,6.47,356971.5,234151.79,1.0,,0.0
2025-12-15,6.58,6.64,6.67,6.56,337459.35,223332.505,1.0,,0.0
2025-12-16,6.61,6.43,6.62,6.4,341079.03,220400.915,1.0,,0.0
2025-12-17,6.47,6.59,6.6,6.38,315247.46,205047.349,1.0,,0.0
2025-12-18,6.52,6.54,6.66,6.49,278164.47,183119.352,1.0,,0.0
2025-12-19,6.56,6.64,6.68,6.52,310855.5,205691.676,1.0,,0.0
2025-12-22,6.65,6.67,6.73,6.64,316176.5,211179.045,1.0,,0.0
2025-12-23,6.7,6.79,6.87,6.68,494295.94,335550.039,1.0,,0.0
2025-12-24,6.77,6.82,6.88,6.73,357668.37,243439.715,1.0,,0.0
2025-12-25,6.79,6.85,6.88,6.73,325463.86,221458.454,1.0,,0.0
2025-12-26,6.92,7.0,7.07,6.91,508669.01,355356.4,1.0,,0.0
2025-12-29,7.01,6.86,7.06,6.84,413788.0,285563.917,1.0,,0.0
2025-12-30,6.81,6.92,6.95,6.72,342374.53,234484.868,1.0,,0.0
2025-12-31,6.95,6.89,6.98,6.83,260775.52,179861.267,1.0,,0.0
2026-01-05,6.93,6.95,6.98,6.84,331659.23,229069.429,1.0,,0.0
2026-01-06,6.99,7.07,7.12,6.99,415595.01,293544.405,1.0,,0.0
2026-01-07,7.1,7.28,7.43,7.04,871699.53,629724.929,1.0,,0.0
2026-01-08,7.25,7.08,7.25,7.01,757508.24,537993.999,1.0,,0.0
2026-01-09,7.06,7.28,7.28,7.03,691881.03,498094.285,1.0,,0.0
2026-01-12,7.42,7.36,7.49,7.28,675595.47,496334.337,1.0,,0.0
2026-01-13,7.34,7.33,7.5,7.24,660064.1,485178.75,1.0,,0.0
2026-01-14,7.3,7.19,7.41,7.09,704377.34,512055.189,1.0,,0.0
2026-01-15,7.13,7.32,7.39,7.11,537781.6,393734.614,1.0,,0.0
2026-01-16,7.39,7.29,7.4,7.21,390860.23,284703.188,1.0,,0.0
2026-01-19,7.3,7.38,7.42,7.23,388134.81,285313.338,1.0,,0.0
2026-01-20,7.38,7.26,7.43,7.13,439683.5,318166.493,1.0,,0.0
2026-01-21,7.22,7.41,7.44,7.19,533960.75,393914.822,1.0,,0.0
2026-01-22,7.42,7.45,7.48,7.36,383531.46,284691.303,1.0,,0.0
2026-01-23,7.5,7.68,7.72,7.46,579825.5,441615.593,1.0,,0.0
2026-01-26,7.7,7.62,7.78,7.54,536096.48,410270.971,1.0,,0.0
2026-01-27,7.55,7.29,7.65,7.09,883343.64,641703.908,1.0,,0.0
2026-01-28,7.28,7.33,7.37,7.14,484996.3,352226.859,1.0,,0.0
2026-01-29,7.27,7.18,7.36,7.16,439560.59,318395.627,1.0,,0.0
2026-01-30,7.15,7.01,7.17,6.79,532019.0,370990.195,1.0,,0.0
2026-02-02,6.98,6.83,7.08,6.8,369568.0,256369.669,1.0,,0.0
2026-02-03,6.9,6.94,6.97,6.84,294572.7,203569.531,1.0,,0.0
2026-02-04,6.95,7.14,7.19,6.92,438459.49,311618.212,1.0,,0.0
2026-02-05,7.09,6.92,7.16,6.86,442124.5,307548.595,1.0,,0.0
2026-02-06,6.83,6.97,7.09,6.79,338715.23,236175.022,1.0,,0.0
2026-02-09,7.07,7.05,7.09,7.01,283850.51,200238.976,1.0,,0.0
2026-02-10,7.07,7.07,7.09,6.98,264241.5,185774.304,1.0,,0.0
2026-02-11,7.06,7.09,7.19,7.04,286080.58,204043.446,1.0,,0.0
2026-02-12,7.1,7.08,7.15,7.02,208531.78,147688.165,1.0,,0.0
2026-02-13,7.05,7.04,7.18,7.02,277449.36,197073.055,1.0,,0.0
2026-02-24,7.15,7.18,7.27,7.1,315167.53,226890.013,1.0,,0.0
2026-02-25,7.17,7.4,7.45,7.17,444415.76,327535.052,1.0,,0.0
2026-02-26,8.1,8.14,8.14,7.88,746763.21,603399.056,1.0,,0.0
2026-02-27,8.55,8.36,8.55,7.97,2409018.52,1989025.281,1.0,,0.0
2026-03-02,8.26,8.11,8.46,8.07,1451809.29,1193154.08,1.0,,0.0
2026-03-03,8.13,7.7,8.17,7.69,1163253.49,915824.632,1.0,,0.0
2026-03-04,7.57,7.67,7.91,7.57,693182.46,537348.101,1.0,,0.0
2026-03-05,7.87,7.76,7.92,7.71,555375.82,432734.414,1.0,,0.0
2026-03-06,7.71,7.73,7.85,7.65,492608.0,381823.366,1.0,,0.0
2026-03-09,7.61,7.67,7.69,7.33,607363.76,455521.82,1.0,,0.0
2026-03-10,7.77,7.72,7.88,7.68,523537.58,406173.528,1.0,,0.0
2026-03-11,7.68,7.81,7.9,7.66,551569.16,430841.539,1.0,,0.0
2026-03-12,7.79,7.84,7.87,7.7,499722.44,389299.719,1.0,,0.0
2026-03-13,7.8,7.82,8.03,7.77,664886.99,525731.853,1.0,,0.0
2026-03-16,7.81,7.71,7.88,7.62,488038.89,376134.272,1.0,,0.0
2026-03-17,7.76,7.47,7.86,7.47,459623.44,351022.187,1.0,,0.0
2026-03-18,7.49,7.45,7.55,7.35,348652.57,259168.273,1.0,,0.0
2026-03-19,7.34,7.14,7.35,7.1,441915.23,318506.479,1.0,,0.0
2026-03-20,7.15,7.12,7.42,7.06,546470.32,395175.143,1.0,,0.0
2026-03-23,7.05,6.86,7.23,6.8,564039.27,395134.806,1.0,,0.0
2026-03-24,7.0,7.04,7.07,6.75,488766.5,339193.15,1.0,,0.0
2026-03-25,7.08,7.17,7.21,7.03,457832.64,325643.852,1.0,,0.0
2026-03-26,7.14,7.19,7.39,7.08,525126.93,380484.177,1.0,,0.0
2026-03-27,7.1,7.54,7.58,7.08,833758.51,616191.325,1.0,,0.0
2026-03-30,7.53,7.53,7.61,7.26,655711.87,487112.807,1.0,,0.0
2026-03-31,7.45,7.17,7.48,7.15,575714.57,418158.175,1.0,,0.0
2026-04-01,7.31,7.18,7.43,7.15,562208.41,407302.977,1.0,,0.0
2026-04-02,7.15,7.21,7.33,7.07,457237.76,329909.334,1.0,,0.0
2026-04-03,7.2,6.95,7.3,6.9,423458.39,296655.873,1.0,,0.0
2026-04-07,6.99,7.03,7.17,6.98,372051.41,263106.908,1.0,,0.0
2026-04-08,7.15,7.26,7.27,7.13,437013.88,314278.338,1.0,,0.0
2026-04-09,7.18,7.18,7.27,7.11,302746.94,217519.145,1.0,,0.0
2026-04-10,7.21,7.43,7.56,7.21,714707.33,529616.344,1.0,,0.0
2026-04-13,7.35,7.48,7.51,7.33,522960.07,389619.592,1.0,,0.0
2026-04-14,7.55,7.7,7.7,7.48,587007.4,445903.261,1.0,,0.0
2026-04-15,7.75,7.49,7.75,7.48,489398.38,370447.444,1.0,,0.0
2026-04-16,7.52,7.67,7.69,7.48,483668.7,368747.672,1.0,,0.0
2026-04-17,7.64,7.71,7.82,7.61,455756.32,352034.175,1.0,,0.0
2026-04-20,7.69,7.67,7.78,7.63,373814.75,287220.767,1.0,,0.0
2026-04-21,7.65,7.7,7.8,7.55,497628.69,383240.209,1.0,,0.0
2026-04-22,7.69,7.72,7.83,7.64,474077.55,366155.294,1.0,,0.0
2026-04-23,7.71,7.53,7.72,7.43,437013.45,328847.696,1.0,,0.0
2026-04-24,7.47,7.73,7.78,7.44,575190.98,438916.469,1.0,,0.0
2026-04-27,7.8,7.75,7.83,7.6,485172.9,373982.356,1.0,,0.0
2026-04-28,7.73,7.87,7.9,7.56,686280.15,534595.842,1.0,,0.0
2026-04-29,7.81,8.0,8.03,7.68,787499.55,621623.762,1.0,,0.0
2026-04-30,7.86,7.59,7.86,7.58,958265.18,735505.433,1.0,,0.0
2026-05-06,7.63,7.72,7.77,7.45,774456.01,589956.808,1.0,,0.0
2026-05-07,7.7,7.56,7.72,7.44,782047.86,591257.273,1.0,,0.0
2026-05-08,7.53,7.48,8.03,7.47,1133993.75,869340.675,1.0,,0.0
2026-05-11,7.46,7.28,7.61,7.25,833915.75,612724.573,1.0,,0.0
2026-05-12,7.28,7.08,7.28,7.03,581184.04,412959.815,1.0,,0.0
2026-05-13,7.05,7.1,7.11,7.01,425215.48,301055.526,1.0,,0.0
2026-05-14,7.1,6.86,7.12,6.85,475330.71,329518.856,1.0,,0.0
2026-05-15,6.83,6.84,6.94,6.8,358977.9,246204.738,1.0,,0.0
2026-05-18,6.8,6.78,6.85,6.7,255157.23,173035.838,1.0,,0.0
2026-05-19,6.78,6.73,6.79,6.63,331002.58,221695.609,1.0,,0.0
2026-05-20,6.68,6.63,6.69,6.51,314989.26,207752.513,1.0,,0.0
2026-05-21,6.65,6.55,6.78,6.55,339672.86,227190.471,1.0,,0.0
2026-05-22,6.55,6.56,6.61,6.48,279065.49,182495.269,1.0,,0.0
2026-05-25,6.56,6.34,6.58,6.25,429099.96,273324.307,1.0,,0.0
2026-05-26,6.31,6.23,6.35,6.15,303521.79,189326.456,1.0,,0.0
2026-05-27,6.24,6.1,6.36,6.07,308025.62,191279.561,1.0,,0.0
2026-05-28,6.08,6.13,6.15,5.96,339533.13,205712.184,1.0,,0.0
2026-05-29,6.15,5.9,6.15,5.87,339417.95,203078.61,1.0,,0.0
2026-06-01,5.99,6.11,6.25,5.95,404807.67,247849.73,1.0,,0.0
2026-06-02,6.08,6.0,6.14,5.9,296374.63,177174.828,1.0,,0.0
2026-06-03,5.97,5.9,6.01,5.86,272484.47,161902.445,1.0,,0.0
2026-06-04,5.86,5.67,5.86,5.61,374797.11,214432.354,1.0,,0.0
2026-06-05,5.65,5.68,5.79,5.53,332914.27,188615.747,1.0,,0.0
2026-06-08,5.54,5.47,5.71,5.38,269689.0,149319.551,1.0,,0.0
2026-06-09,5.52,5.57,5.59,5.41,248233.07,136408.195,1.0,,0.0
2026-06-10,5.5,5.46,5.55,5.37,235802.28,128401.984,1.0,,0.0
2026-06-11,5.4,5.4,5.5,5.33,214565.91,115896.78,1.0,,0.0
2026-06-12,5.5,5.57,5.65,5.42,346807.59,192904.27,1.0,,0.0
2026-06-15,5.65,5.63,5.76,5.57,342009.87,193267.369,1.0,,0.0
2026-06-16,5.8,6.06,6.07,5.63,739102.05,430759.447,1.0,,0.0
2026-06-17,5.99,5.83,5.99,5.78,536111.78,314123.213,1.0,,0.0
2026-06-18,5.75,5.68,5.86,5.67,307617.6,176359.148,1.0,,0.0
2026-06-22,5.68,5.85,5.87,5.47,382513.58,217220.342,1.0,,0.0
2026-06-24,5.6,5.53,5.69,5.48,220729.1,122505.5,1.0,,0.0
2026-06-25,5.55,5.33,5.55,5.32,260662.47,140827.194,1.0,,0.0
2026-06-26,5.36,5.06,5.36,5.02,325077.44,167097.71,1.0,,0.0
2026-06-29,4.99,4.98,5.04,4.84,296495.92,146754.376,1.0,,0.0
2026-06-30,4.96,5.04,5.09,4.95,230939.61,115885.947,1.0,,0.0
2026-07-01,5.03,5.08,5.13,4.93,287390.09,144812.916,1.0,,0.0
2026-07-03,5.06,5.07,5.11,5.02,200525.5,101546.309,1.0,,0.0
2026-07-06,5.07,5.02,5.15,4.98,237185.82,119979.159,1.0,,0.0
2026-07-07,5.02,4.93,5.06,4.91,192159.67,95609.837,1.0,,0.0
2026-07-08,4.9,4.77,4.93,4.75,215083.21,103517.009,1.0,,0.0
2026-07-09,4.76,4.68,4.79,4.57,270445.98,126081.935,1.0,,0.0
2026-07-10,4.69,4.72,4.79,4.6,246735.97,116461.587,1.0,,0.0
2026-07-14,4.53,4.64,4.66,4.5,214855.18,98461.936,1.0,,0.0
2026-07-15,4.64,4.68,4.77,4.6,199589.0,93596.274,1.0,,0.0
2026-07-16,4.66,4.66,4.74,4.6,198663.72,92927.611,1.0,,0.0
2026-07-17,4.66,4.54,4.74,4.53,259683.9,120148.034,1.0,,0.0
2026-07-20,4.55,4.62,4.66,4.48,275667.32,126167.457,1.0,,0.0
2026-07-21,4.59,4.71,4.75,4.59,319525.7,149811.202,1.0,,0.0
2026-07-22,4.68,4.62,4.73,4.57,261209.85,121309.032,1.0,,0.0
2026-07-23,4.61,4.78,4.8,4.59,328803.75,156014.734,1.0,,0.0
2026-07-24,4.73,4.63,4.82,4.63,258326.0,121713.292,1.0,,0.0
2026-07-27,4.63,4.81,4.84,4.63,317811.48,151553.234,1.0,,0.0
2026-07-28,4.75,4.89,4.89,4.75,282710.8,137233.399,1.0,,0.0
2026-07-29,4.92,5.03,5.07,4.83,355358.0,176800.726,1.0,,0.0
2026-07-30,5.01,5.08,5.14,4.99,303732.17,154268.557,1.0,,0.0
2026-07-31,5.08,5.07,5.15,5.05,283796.37,144460.221,1.0,,0.0
2026-08-03,5.07,5.19,5.2,5.04,215677.26,110956.236,1.0,,0.0
2026-08-04,5.2,5.14,5.25,5.13,244925.09,126591.009,1.0,,0.0
2026-08-05,5.15,5.09,5.16,5.06,273643.83,139673.36,1.0,,0.0
2026-08-06,5.06,5.0,5.1,4.94,285031.1,142823.783,1.0,,0.0
2026-08-07,5.0,4.97,5.01,4.9,208509.0,103436.379,1.0,,0.0
2026-08-10,4.97,5.03,5.06,4.95,229839.0,115441.715,1.0,,0.0
2026-08-11,5.02,4.99,5.05,4.96,163261.5,81709.406,1.0,,0.0
2026-08-12,4.98,5.01,5.05,4.96,146429.0,73319.301,1.0,0.8644,0.0
2026-08-13,5.02,4.89,5.03,4.89,250109.0,123572.01,1.0,1.48,0.0
2026-08-14,4.93,4.9,4.99,4.83,208569.5,102709.631,1.0,1.23,0.0
2026-08-17,4.92,4.96,4.97,4.85,191810.24,94479.088,1.0,0.0,0.0
2026-08-18,4.96,4.9,5.0,4.88,211605.74,104309.335,1.0,0.0,0.0
2026-08-19,4.88,4.79,4.92,4.77,264587.18,127734.533,1.0,0.0,0.0
2026-08-20,4.78,4.8,4.83,4.77,160640.96,77222.431,1.0,0.9483,0.9483
2026-08-21,4.8,4.88,4.9,4.73,192747.61,93280.82,1.0,1.1379,1.1379
2026-08-24,4.87,4.91,4.97,4.86,197182.84,96780.597,1.0,1.1641,1.1641
2026-08-25,4.89,4.93,4.95,4.83,237334.5,116209.078,1.0,1.4011,1.4011
2026-08-26,4.93,4.96,5.02,4.9,236345.92,117597.001,1.0,1.3953,1.3953
2026-08-27,4.97,4.91,4.97,4.8,299567.64,145925.953,1.0,1.7685,1.7685
2026-08-28,4.9,4.96,4.99,4.88,246243.0,121494.555,1.0,1.4537,1.4537
2026-08-31,4.95,4.89,4.96,4.84,202759.0,98999.576,1.0,1.197,1.197
2026-09-01,4.89,4.91,4.94,4.86,201173.19,98654.418,1.0,1.1876,1.1876
2026-09-02,4.87,4.8,4.87,4.73,256676.78,122725.551,1.0,1.5153,1.5153
2026-09-03,4.82,4.8,4.86,4.79,158651.05,76550.936,1.0,0.9366,0.9366
2026-09-04,4.82,4.76,4.88,4.73,205905.09,99279.61,1.0,1.2156,1.2156
2026-09-07,4.76,4.76,4.8,4.74,157713.29,75247.349,1.0,0.9311,0.9311
2026-09-08,4.76,4.82,4.85,4.74,196424.0,94550.656,1.0,1.1596,1.1596
2026-09-09,4.82,4.81,4.84,4.78,140236.46,67478.226,1.0,0.8279,0.8279
2026-09-10,4.81,4.78,4.82,4.74,137306.99,65580.222,1.0,0.8106,0.8106
2026-09-11,4.77,4.68,4.77,4.6,206666.64,96331.952,1.0,1.2201,1.2201
2026-09-14,4.66,4.73,4.77,4.64,124586.75,58833.509,1.0,0.7355,0.7355
2026-09-15,4.73,4.75,4.78,4.7,149730.0,70957.572,1.0,0.8839,0.8839
2026-09-16,4.75,4.71,4.75,4.61,191192.05,89534.533,1.0,1.1287,1.1287
2026-09-17,4.7,4.63,4.74,4.62,149627.09,69543.956,1.0,0.8833,0.8833
