date,open,close,high,low,volume,money,factor,turnover,turnover_free
2021-05-10,12.07,12.44,12.45,11.95,287420.93,365573.15,0.9613601236476044,,0.0
2021-05-11,12.52,12.18,12.52,12.04,339161.44,430226.964,0.9605678233438486,,0.0
2021-05-12,12.0,11.67,12.0,11.44,434374.14,529843.255,0.9589153656532456,,0.0
2021-05-13,11.57,11.55,11.83,11.51,286223.21,347403.644,0.95850622406639,,0.0
2021-05-14,11.56,11.45,11.59,11.32,436000.07,519883.99,0.9581589958158996,,0.0
2021-05-17,11.4,11.5,11.73,11.36,441178.11,532153.075,0.9583333333333334,,0.0
2021-05-18,11.52,11.45,11.53,11.22,348257.81,413038.637,0.9581589958158996,,0.0
2021-05-19,11.41,11.69,11.85,11.29,468836.59,566872.695,0.9589827727645612,,0.0
2021-05-20,11.55,11.64,11.8,11.53,297431.93,361789.153,0.9588138385502472,,0.0
2021-05-21,11.71,11.52,11.75,11.47,248457.4,299822.45,0.9584026622296172,,0.0
2021-05-24,11.5,11.69,11.75,11.39,271696.43,328523.382,0.9589827727645612,,0.0
2021-05-25,11.7,11.78,11.83,11.66,386186.96,473003.366,0.9592833876221498,,0.0
2021-05-26,11.75,11.74,11.97,11.71,351012.45,432102.896,0.9591503267973857,,0.0
2021-05-27,11.75,11.94,11.96,11.68,402882.06,497586.143,0.959807073954984,,0.0
2021-05-28,11.85,11.67,11.91,11.61,348901.0,426982.326,0.9589153656532456,,0.0
2021-05-31,11.69,11.75,11.87,11.66,241613.51,296113.142,0.9591836734693876,,0.0
2021-06-01,11.8,11.94,11.99,11.69,418050.08,517154.487,0.959807073954984,,0.0
2021-06-02,11.95,11.63,11.99,11.61,377427.71,461861.514,0.9587798845836768,,0.0
2021-06-03,11.63,11.43,11.68,11.41,390628.09,470781.964,0.9580888516345348,,0.0
2021-06-04,11.4,11.35,11.46,11.29,328234.96,388829.881,0.9578059071729956,,0.0
2021-06-07,11.37,11.35,11.46,11.25,355662.52,421576.523,0.9578059071729956,,0.0
2021-06-08,11.35,11.5,11.57,11.19,636204.74,757293.83,0.9583333333333334,,0.0
2021-06-09,11.56,11.4,11.67,11.36,457758.45,547445.056,0.957983193277311,,0.0
2021-06-10,11.36,12.59,12.59,11.33,2077137.5,2641615.324,0.9618029029793737,,0.0
2021-06-11,12.59,12.2,12.72,12.18,1806533.68,2343287.38,0.9606299212598424,,0.0
2021-06-15,12.32,12.0,12.45,11.96,807950.86,1021477.129,0.96,,0.0
2021-06-16,11.99,11.96,12.09,11.79,710847.39,885338.708,0.9598715890850722,,0.0
2021-06-17,12.04,11.9,12.15,11.8,771361.85,961276.951,0.9596774193548387,,0.0
2021-06-18,11.9,11.57,11.94,11.48,799150.31,967954.197,0.9585749792874896,,0.0
2021-06-21,11.51,11.62,11.79,11.45,526683.01,638542.67,0.9587458745874587,,0.0
2021-06-22,11.6,11.54,11.67,11.47,453801.78,546715.509,0.9584717607973422,,0.0
2021-06-23,11.55,11.7,11.78,11.46,594066.89,718962.942,0.9590163934426228,,0.0
2021-06-24,11.65,11.55,11.66,11.52,343294.7,414684.999,0.95850622406639,,0.0
2021-06-25,11.53,11.51,11.55,11.34,455964.8,545063.803,0.958368026644463,,0.0
2021-06-28,11.51,11.79,11.98,11.45,679436.59,831136.461,0.9593165174938976,,0.0
2021-06-29,11.78,11.89,12.25,11.68,842543.39,1050511.355,0.9596448748991122,,0.0
2021-06-30,11.8,11.71,11.96,11.66,457593.57,560484.162,0.959049959049959,,0.0
2021-07-01,11.71,11.71,11.95,11.68,473749.86,583477.326,0.959049959049959,,0.0
2021-07-02,11.66,11.32,11.66,11.3,617327.51,736555.355,0.957698815566836,,0.0
2021-07-05,11.55,11.55,11.95,11.51,445424.71,541077.181,0.95850622406639,,0.0
2021-07-06,11.41,11.92,12.25,11.37,930271.98,1152400.326,0.9597423510466988,,0.0
2021-07-07,11.8,11.86,12.03,11.72,447707.52,553369.6,0.959546925566343,,0.0
2021-07-08,11.86,12.13,12.37,11.65,867273.9,1085915.507,0.9604117181314332,,0.0
2021-07-09,12.0,12.11,12.58,12.0,1092889.09,1397138.069,0.9603489294210944,,0.0
2021-07-12,12.27,13.02,13.22,12.14,1845839.98,2440927.968,0.96301775147929,,0.0
2021-07-13,13.08,12.57,13.14,12.51,1514254.37,2003483.607,0.9617444529456772,,0.0
2021-07-14,12.6,12.55,12.84,12.43,930327.3,1220095.217,0.9616858237547892,,0.0
2021-07-15,12.4,12.38,12.45,12.14,698543.95,893286.202,0.9611801242236024,,0.0
2021-07-16,12.3,12.47,12.61,12.29,585215.66,757205.671,0.961449498843485,,0.0
2021-07-19,12.38,12.46,12.47,12.01,579281.71,737416.947,0.9614197530864198,,0.0
2021-07-20,12.28,12.24,12.44,12.22,383104.97,490271.952,0.9607535321821036,,0.0
2021-07-21,12.36,12.47,12.65,12.32,662742.86,862574.827,0.961449498843485,,0.0
2021-07-22,12.44,12.37,12.63,12.25,580491.95,751473.837,0.9611499611499612,,0.0
2021-07-23,12.29,12.06,12.31,12.06,568110.93,718801.145,0.9601910828025476,,0.0
2021-07-26,12.02,11.75,12.08,11.58,594104.09,730736.815,0.9591836734693876,,0.0
2021-07-27,11.76,11.66,11.96,11.64,480540.65,591614.114,0.9588815789473684,,0.0
2021-07-28,11.83,11.28,11.84,11.09,538808.61,641503.346,0.9575551782682512,,0.0
2021-07-29,11.43,11.43,11.5,11.33,405777.66,483449.299,0.9580888516345348,,0.0
2021-07-30,11.33,11.44,11.46,11.12,413535.97,488683.254,0.9581239530988276,,0.0
2021-08-02,11.4,11.8,11.9,11.39,501582.34,614247.272,0.959349593495935,,0.0
2021-08-03,11.73,11.76,11.92,11.67,406800.74,500185.059,0.9592169657422512,,0.0
2021-08-04,11.7,11.88,12.0,11.6,439772.51,540623.659,0.9596122778675282,,0.0
2021-08-05,11.82,11.59,11.83,11.55,378435.89,460670.318,0.958643507030604,,0.0
2021-08-06,11.58,11.68,11.74,11.51,263744.32,320000.565,0.9589490968801314,,0.0
2021-08-09,11.61,11.86,11.89,11.56,316266.16,388480.481,0.959546925566343,,0.0
2021-08-10,11.86,11.84,11.88,11.73,287398.86,353193.422,0.959481361426256,,0.0
2021-08-11,11.79,11.66,11.83,11.64,347832.96,424677.132,0.9588815789473684,,0.0
2021-08-12,11.71,11.74,11.95,11.66,406087.22,499723.96,0.9591503267973857,,0.0
2021-08-13,11.77,11.54,11.81,11.48,437782.57,529101.776,0.9584717607973422,,0.0
2021-08-16,11.61,11.65,11.68,11.45,361518.4,436700.137,0.9588477366255144,,0.0
2021-08-17,11.63,11.56,11.83,11.51,434968.36,527262.546,0.9585406301824212,,0.0
2021-08-18,11.5,11.54,11.56,11.39,330916.2,396133.268,0.9584717607973422,,0.0
2021-08-19,11.5,11.52,11.69,11.48,268776.41,324386.501,0.9584026622296172,,0.0
2021-08-20,11.51,11.33,11.55,11.29,353415.45,419238.066,0.9577345731191884,,0.0
2021-08-23,11.38,11.49,11.54,11.37,282865.92,338458.921,0.9582985821517932,,0.0
2021-08-24,11.5,11.61,11.7,11.45,300990.7,364117.457,0.9587118084227912,,0.0
2021-08-25,11.68,11.77,11.88,11.53,532836.84,650777.489,0.9592502037489812,,0.0
2021-08-26,11.73,11.46,11.75,11.44,450161.07,543595.119,0.9581939799331104,,0.0
2021-08-27,11.48,11.28,11.48,11.23,432127.23,510732.533,0.9575551782682512,,0.0
2021-08-30,11.36,11.16,11.45,11.14,392100.92,460706.572,0.9571183533447684,,0.0
2021-08-31,11.3,11.4,11.44,11.23,427203.99,506542.926,0.957983193277311,,0.0
2021-09-01,11.35,11.58,11.66,11.3,449341.88,540442.39,0.9586092715231788,,0.0
2021-09-02,11.61,11.57,11.66,11.47,339325.15,408425.571,0.9585749792874896,,0.0
2021-09-03,11.63,11.68,11.74,11.58,418171.61,508636.014,0.9589490968801314,,0.0
2021-09-06,11.65,11.69,11.76,11.58,376723.45,459270.537,0.9589827727645612,,0.0
2021-09-07,11.69,12.0,12.18,11.61,850657.34,1059529.049,0.96,,0.0
2021-09-08,11.93,12.24,12.38,11.91,707048.43,893258.217,0.9607535321821036,,0.0
2021-09-09,12.15,11.97,12.16,11.9,540683.05,676527.647,0.9599037690457096,,0.0
2021-09-10,11.94,11.88,12.15,11.87,451909.65,564396.179,0.9596122778675282,,0.0
2021-09-13,12.19,12.04,12.25,11.99,492359.59,619967.059,0.960127591706539,,0.0
2021-09-14,12.01,11.99,12.29,11.93,614990.17,775903.853,0.9599679743795037,,0.0
2021-09-15,12.01,11.94,12.08,11.88,324116.79,403433.759,0.959807073954984,,0.0
2021-09-16,12.0,12.05,12.25,11.95,514671.78,647921.842,0.9601593625498008,,0.0
2021-09-17,12.05,11.85,12.12,11.73,412150.12,509023.248,0.9595141700404858,,0.0
2021-09-22,11.67,11.59,11.74,11.52,371311.85,449475.604,0.958643507030604,,0.0
2021-09-23,11.61,11.62,11.7,11.57,304076.75,368743.962,0.9587458745874587,,0.0
2021-09-24,11.64,11.33,11.7,11.3,468895.63,562524.751,0.9577345731191884,,0.0
2021-09-27,11.4,11.47,11.55,11.21,419200.25,499371.75,0.9582289055973268,,0.0
2021-09-28,11.45,11.46,11.47,11.32,200982.23,239233.319,0.9581939799331104,,0.0
2021-09-29,11.35,11.3,11.41,11.24,264244.18,312317.989,0.9576271186440678,,0.0
2021-09-30,11.34,11.38,11.44,11.31,186639.72,221665.087,0.957912457912458,,0.0
2021-10-08,11.5,11.51,11.57,11.46,259638.94,311973.495,0.958368026644463,,0.0
2021-10-11,11.57,11.48,11.62,11.45,220736.62,265208.688,0.9582637729549248,,0.0
2021-10-12,11.46,11.31,11.47,11.25,280445.71,331682.883,0.95766299745978,,0.0
2021-10-13,11.32,11.38,11.39,11.23,183557.29,216937.368,0.957912457912458,,0.0
2021-10-14,11.37,11.43,11.56,11.28,257177.03,306037.756,0.9580888516345348,,0.0
2021-10-15,11.45,11.38,11.56,11.36,247023.75,295267.985,0.957912457912458,,0.0
2021-10-18,11.33,11.27,11.34,11.18,251329.95,295113.282,0.9575191163976212,,0.0
2021-10-19,11.67,11.49,11.84,11.47,753721.03,916371.721,0.9582985821517932,,0.0
2021-10-20,11.36,11.3,11.46,11.25,465872.99,550925.967,0.9576271186440678,,0.0
2021-10-21,11.3,11.3,11.33,11.22,266811.89,314153.863,0.9576271186440678,,0.0
2021-10-22,11.32,11.32,11.41,11.26,282635.9,334324.468,0.957698815566836,,0.0
2021-10-25,11.41,11.36,11.45,11.27,256312.31,303197.55,0.957841483979764,,0.0
2021-10-26,11.5,11.45,11.85,11.39,641969.81,776714.679,0.9581589958158996,,0.0
2021-10-27,11.43,11.68,11.68,11.23,586152.02,699559.369,0.9589490968801314,,0.0
2021-10-28,11.51,11.41,11.64,11.39,405980.68,487357.768,0.9580184718723762,,0.0
2021-10-29,11.45,11.54,11.61,11.31,370610.85,443476.217,0.9584717607973422,,0.0
2021-11-01,11.54,11.47,11.56,11.45,288586.98,346221.224,0.9582289055973268,,0.0
2021-11-02,11.55,11.83,12.07,11.46,1024603.75,1250950.842,0.959448499594485,,0.0
2021-11-03,11.73,11.77,11.89,11.66,497551.62,611394.771,0.9592502037489812,,0.0
2021-11-04,11.87,11.84,11.98,11.74,587964.87,727371.445,0.959481361426256,,0.0
2021-11-05,11.81,11.76,11.94,11.71,540987.24,666694.196,0.9592169657422512,,0.0
2021-11-08,11.73,11.56,11.74,11.53,446044.08,539686.373,0.9585406301824212,,0.0
2021-11-09,11.8,11.9,12.34,11.7,1176771.64,1472717.764,0.9596774193548387,,0.0
2021-11-10,11.75,11.93,12.09,11.75,759414.04,943861.281,0.9597747385358004,,0.0
2021-11-11,11.85,11.91,11.99,11.82,511279.88,633883.917,0.959709911361805,,0.0
2021-11-12,11.91,11.83,11.98,11.83,477394.41,591065.796,0.959448499594485,,0.0
2021-11-15,11.84,11.87,11.97,11.76,488155.42,603448.436,0.9595796281325788,,0.0
2021-11-16,11.81,11.68,11.85,11.65,543513.2,664665.167,0.9589490968801314,,0.0
2021-11-17,11.7,11.72,11.76,11.66,378153.92,461265.055,0.9590834697217676,,0.0
2021-11-18,11.76,11.43,11.78,11.42,642270.0,773668.616,0.9580888516345348,,0.0
2021-11-19,11.38,11.51,11.53,11.38,361419.58,432264.437,0.958368026644463,,0.0
2021-11-22,11.47,11.5,11.52,11.42,364307.8,436011.364,0.9583333333333334,,0.0
2021-11-23,11.48,11.46,11.51,11.4,308899.48,368935.418,0.9581939799331104,,0.0
2021-11-24,11.45,11.46,11.52,11.38,335446.08,400711.268,0.9581939799331104,,0.0
2021-11-25,11.47,11.54,11.65,11.41,505309.48,608462.874,0.9584717607973422,,0.0
2021-11-26,11.51,11.44,11.53,11.41,326838.8,390761.237,0.9581239530988276,,0.0
2021-11-29,11.3,11.39,11.42,11.26,292518.13,347192.832,0.9579478553406224,,0.0
2021-11-30,11.39,11.46,11.57,11.39,442012.08,529900.31,0.9581939799331104,,0.0
2021-12-01,11.5,11.63,11.73,11.48,483436.82,586614.237,0.9587798845836768,,0.0
2021-12-02,11.6,11.59,11.72,11.54,352657.35,427347.53,0.958643507030604,,0.0
2021-12-03,11.64,11.76,11.83,11.59,562788.06,688115.407,0.9592169657422512,,0.0
2021-12-06,11.8,11.71,11.94,11.67,634065.74,780846.79,0.959049959049959,,0.0
2021-12-07,11.78,11.71,11.89,11.66,409899.01,501783.211,0.959049959049959,,0.0
2021-12-08,11.71,11.72,11.75,11.6,380387.56,462777.417,0.9590834697217676,,0.0
2021-12-09,11.68,11.82,11.88,11.68,538673.15,662036.927,0.9594155844155844,,0.0
2021-12-10,11.78,11.71,11.82,11.71,487621.96,597999.475,0.959049959049959,,0.0
2021-12-13,11.74,11.9,11.93,11.73,655435.64,809590.558,0.9596774193548387,,0.0
2021-12-14,11.85,11.73,11.89,11.7,503556.52,618442.451,0.9591169255928046,,0.0
2021-12-15,11.7,11.66,11.81,11.65,425866.26,521060.956,0.9588815789473684,,0.0
2021-12-16,11.67,11.73,11.74,11.64,339931.99,414516.882,0.9591169255928046,,0.0
2021-12-17,11.68,11.54,11.71,11.53,431793.13,521961.439,0.9584717607973422,,0.0
2021-12-20,11.49,11.4,11.54,11.38,388408.02,464387.175,0.957983193277311,,0.0
2021-12-21,11.41,11.52,11.55,11.41,338875.83,406217.195,0.9584026622296172,,0.0
2021-12-22,11.56,11.89,12.21,11.5,1202474.56,1491385.997,0.9596448748991122,,0.0
2021-12-23,11.85,11.78,11.96,11.76,562086.82,694097.651,0.9592833876221498,,0.0
2021-12-24,11.78,11.93,12.02,11.7,663168.02,821525.962,0.9597747385358004,,0.0
2021-12-27,11.92,11.88,12.01,11.8,406302.77,503131.742,0.9596122778675282,,0.0
2021-12-28,11.93,11.97,12.04,11.87,590040.52,735817.674,0.9599037690457096,,0.0
2021-12-29,12.04,12.01,12.08,11.88,470047.03,584928.658,0.9600319744204636,,0.0
2021-12-30,12.04,12.0,12.28,11.96,745055.04,937789.536,0.96,,0.0
2021-12-31,11.9,12.22,12.44,11.88,1049690.38,1329731.285,0.960691823899371,,0.0
2022-01-04,12.21,12.33,12.42,12.2,781421.12,1002267.553,0.961028838659392,,0.0
2022-01-05,12.3,12.34,12.44,12.23,636097.45,815693.196,0.9610591900311528,,0.0
2022-01-06,12.32,12.28,12.38,12.05,747647.18,951875.083,0.9608763693270737,,0.0
2022-01-07,12.25,12.2,12.58,12.19,693019.73,892108.144,0.9606299212598424,,0.0
2022-01-10,12.18,12.15,12.25,11.99,527708.7,667066.575,0.9604743083003952,,0.0
2022-01-11,12.1,11.94,12.2,11.89,582756.47,729184.608,0.959807073954984,,0.0
2022-01-12,11.94,12.03,12.03,11.9,425679.0,530894.518,0.960095770151636,,0.0
2022-01-13,12.02,11.83,12.05,11.82,504441.89,626978.988,0.959448499594485,,0.0
2022-01-14,11.78,11.79,11.87,11.73,346388.8,426123.711,0.9593165174938976,,0.0
2022-01-17,11.85,12.04,12.09,11.84,633392.41,792643.13,0.960127591706539,,0.0
2022-01-18,12.06,12.05,12.31,11.98,979337.83,1238131.202,0.9601593625498008,,0.0
2022-01-19,12.06,12.12,12.23,12.01,616035.71,777296.489,0.960380348652932,,0.0
2022-01-20,12.14,12.07,12.17,11.94,483288.7,606132.002,0.960222752585521,,0.0
2022-01-21,12.0,11.79,12.05,11.75,494189.53,611195.5,0.9593165174938976,,0.0
2022-01-24,11.75,11.55,11.86,11.51,565249.79,687683.792,0.95850622406639,,0.0
2022-01-25,11.53,10.99,11.61,10.97,856339.86,1007698.772,0.9564838990426456,,0.0
2022-01-26,10.99,10.44,11.06,10.2,1146700.01,1268183.768,0.9542961608775136,,0.0
2022-01-27,10.41,9.95,10.44,9.93,697052.47,742351.476,0.9521531100478468,,0.0
2022-01-28,10.03,9.94,10.08,9.83,467903.77,490115.504,0.9521072796934866,,0.0
2022-02-07,9.99,10.08,10.15,9.8,515460.86,541898.353,0.9527410207939508,,0.0
2022-02-08,10.01,10.25,10.26,9.98,383706.18,408533.924,0.9534883720930232,,0.0
2022-02-09,10.27,10.33,10.44,10.25,434832.41,471935.684,0.953831948291782,,0.0
2022-02-10,10.34,10.36,10.43,10.23,298533.31,323703.892,0.9539594843462248,,0.0
2022-02-11,10.31,10.25,10.38,10.16,349101.45,375790.052,0.9534883720930232,,0.0
2022-02-14,10.16,10.11,10.24,10.05,290574.34,308771.366,0.9528746465598492,,0.0
2022-02-15,10.14,10.17,10.22,10.07,234215.64,249451.41,0.9531396438612934,,0.0
2022-02-16,10.39,10.27,10.49,10.23,341867.07,370385.691,0.9535747446610956,,0.0
2022-02-17,10.23,10.16,10.26,10.14,255293.05,272902.113,0.953095684803002,,0.0
2022-02-18,10.13,10.3,10.35,10.13,323552.64,348737.585,0.9537037037037036,,0.0
2022-02-21,10.29,10.51,10.54,10.25,484764.51,530395.08,0.9545867393278836,,0.0
2022-02-22,10.4,10.29,10.41,10.23,376250.53,406567.263,0.953660797034291,,0.0
2022-02-23,10.29,10.36,10.36,10.25,261964.83,283466.421,0.9539594843462248,,0.0
2022-02-24,10.28,9.94,10.3,9.82,623611.05,657535.12,0.9521072796934866,,0.0
2022-02-25,10.03,9.98,10.11,9.95,286998.08,302013.744,0.9522900763358778,,0.0
2022-02-28,10.03,9.96,10.08,9.88,427615.75,447357.025,0.9521988527724664,,0.0
2022-03-01,10.0,9.99,10.02,9.88,340844.29,355828.12,0.9523355576739752,,0.0
2022-03-02,9.94,10.35,10.45,9.9,742958.22,792448.768,0.9539170506912442,,0.0
2022-03-03,10.3,10.21,10.33,10.2,431965.23,464237.147,0.9533146591970122,,0.0
2022-03-04,10.16,10.25,10.36,10.14,392487.12,421817.915,0.9534883720930232,,0.0
2022-03-07,10.24,10.03,10.24,9.94,366528.12,387194.84,0.952516619183286,,0.0
2022-03-08,10.03,10.04,10.34,9.91,478378.16,508045.342,0.952561669829222,,0.0
2022-03-09,10.23,10.13,10.28,9.5,648227.28,683692.063,0.9529633113828786,,0.0
2022-03-10,10.22,10.13,10.28,10.09,425660.46,454190.753,0.9529633113828786,,0.0
2022-03-11,9.94,10.01,10.06,9.76,458166.45,476755.866,0.9524262607040912,,0.0
2022-03-14,9.83,9.7,9.94,9.7,349705.2,361346.136,0.9509803921568628,,0.0
2022-03-15,9.61,9.11,9.63,9.02,676381.84,669650.793,0.9479708636836628,,0.0
2022-03-16,9.25,9.29,9.36,8.88,547368.47,526821.589,0.9489274770173648,,0.0
2022-03-17,9.36,9.55,9.74,9.35,634084.42,638313.248,0.9502487562189056,,0.0
2022-03-18,9.5,9.68,9.68,9.46,446922.01,451732.701,0.950884086444008,,0.0
2022-03-21,9.68,9.56,9.69,9.46,342600.16,345029.231,0.9502982107355864,,0.0
2022-03-22,9.53,9.73,9.8,9.47,421666.97,427065.632,0.9511241446725318,,0.0
2022-03-23,9.68,9.62,9.73,9.58,298448.02,302594.759,0.950592885375494,,0.0
2022-03-24,9.6,9.47,9.6,9.46,260357.11,260532.2,0.9498495486459378,,0.0
2022-03-25,9.5,9.44,9.54,9.44,203719.61,203413.686,0.9496981891348087,,0.0
2022-03-28,9.4,9.49,9.54,9.26,269517.02,266701.893,0.94994994994995,,0.0
2022-03-29,9.48,9.39,9.48,9.33,224843.31,222821.968,0.9494438827098078,,0.0
2022-03-30,9.43,9.53,9.55,9.38,251728.99,251816.404,0.950149551345962,,0.0
2022-03-31,9.5,9.48,9.58,9.47,232225.26,232568.755,0.9498997995991983,,0.0
2022-04-01,9.44,9.5,9.53,9.36,230245.77,229224.74,0.95,,0.0
2022-04-06,9.45,9.49,9.58,9.39,237199.29,237407.697,0.94994994994995,,0.0
2022-04-07,9.47,9.2,9.48,9.19,338343.6,332584.662,0.9484536082474226,,0.0
2022-04-08,9.19,9.15,9.23,9.01,267505.87,257258.048,0.9481865284974094,,0.0
2022-04-11,9.11,8.72,9.12,8.7,379681.25,356495.983,0.945770065075922,,0.0
2022-04-12,8.7,8.91,8.91,8.63,284649.57,264040.092,0.946865037194474,,0.0
2022-04-13,8.85,8.78,8.9,8.76,202113.88,188161.149,0.9461206896551724,,0.0
2022-04-14,8.84,8.81,8.88,8.78,179526.32,167403.957,0.9462943071965628,,0.0
2022-04-15,8.75,8.66,8.76,8.63,233921.97,214614.718,0.945414847161572,,0.0
2022-04-18,8.65,8.65,8.66,8.43,232613.71,210370.438,0.9453551912568308,,0.0
2022-04-19,8.6,8.62,8.76,8.56,177740.6,162493.027,0.9451754385964912,,0.0
2022-04-20,8.69,8.48,8.75,8.43,296793.16,270072.585,0.9443207126948776,,0.0
2022-04-21,8.4,8.23,8.49,8.17,361395.7,319527.891,0.9427262313860252,,0.0
2022-04-22,8.2,8.02,8.22,7.93,425016.94,364073.909,0.9413145539906104,,0.0
2022-04-25,7.880000000000001,7.5,7.890000000000001,7.48,553152.55,454096.394,0.9375,,0.0
2022-04-26,7.5,7.28,7.619999999999999,7.27,453526.44,361525.839,0.93573264781491,,0.0
2022-04-27,7.09,7.43,7.49,7.02,452967.66,353491.15,0.9369482976040352,,0.0
2022-04-28,7.38,7.37,7.46,7.26,301786.72,237372.737,0.9364675984752224,,0.0
2022-04-29,7.45,7.689999999999999,7.74,7.45,510720.86,414296.245,0.938949938949939,,0.0
2022-05-05,7.6,7.689999999999999,7.77,7.57,317022.17,259978.247,0.938949938949939,,0.0
2022-05-06,7.51,7.67,7.82,7.45,393882.3,320719.828,0.9388004895960832,,0.0
2022-05-09,7.58,7.689999999999999,7.73,7.56,247285.99,202029.536,0.938949938949939,,0.0
2022-05-10,7.550000000000001,7.720000000000001,7.75,7.52,297113.11,242723.358,0.9391727493917276,,0.0
2022-05-11,7.73,7.710000000000001,7.880000000000001,7.710000000000001,506262.81,420110.915,0.9390986601705238,,0.0
2022-05-12,7.630000000000001,7.74,7.77,7.609999999999999,327017.96,268615.633,0.9393203883495146,,0.0
2022-05-13,7.75,7.73,7.789999999999999,7.65,252737.55,207570.448,0.9392466585662212,,0.0
2022-05-16,7.779999999999999,7.609999999999999,7.800000000000001,7.58,291327.08,237510.57,0.938347718865598,,0.0
2022-05-17,7.630000000000001,7.640000000000001,7.65,7.46,355495.04,286395.912,0.9385749385749386,,0.0
2022-05-18,7.869999999999999,7.83,8.28,7.800000000000001,1072091.78,908903.008,0.9399759903961584,,0.0
2022-05-19,7.66,7.699999999999999,7.720000000000001,7.58,529185.74,430975.899,0.9390243902439024,,0.0
2022-05-20,7.720000000000001,7.800000000000001,7.83,7.720000000000001,411991.38,340691.811,0.9397590361445785,,0.0
2022-05-23,7.82,7.880000000000001,7.92,7.77,393626.51,328271.936,0.9403341288782816,,0.0
2022-05-24,7.84,7.49,7.890000000000001,7.49,457769.63,374760.088,0.9374217772215268,,0.0
2022-05-25,7.48,7.630000000000001,7.640000000000001,7.48,332090.16,268721.628,0.93849938499385,,0.0
2022-05-26,7.640000000000001,7.699999999999999,7.76,7.52,358210.73,291742.09,0.9390243902439024,,0.0
2022-05-27,7.75,7.66,7.800000000000001,7.619999999999999,280967.74,230874.301,0.9387254901960784,,0.0
2022-05-30,7.68,7.630000000000001,7.720000000000001,7.59,297993.25,243191.445,0.93849938499385,,0.0
2022-05-31,7.689999999999999,7.779999999999999,7.81,7.630000000000001,465969.16,383909.112,0.9396135265700484,,0.0
2022-06-01,7.75,7.779999999999999,7.9,7.710000000000001,376588.18,312603.715,0.9396135265700484,,0.0
2022-06-02,7.73,7.869999999999999,7.880000000000001,7.66,409693.12,339735.285,0.94026284348865,,0.0
2022-06-06,7.859999999999999,7.970000000000001,7.98,7.82,528713.21,445218.807,0.9409681227863046,,0.0
2022-06-07,7.970000000000001,7.93,8.05,7.859999999999999,438430.7,369998.591,0.940688018979834,,0.0
2022-06-08,7.92,7.949999999999999,8.05,7.84,511379.51,432102.489,0.940828402366864,,0.0
2022-06-09,7.949999999999999,7.81,7.99,7.76,352572.01,295150.632,0.9398315282791816,,0.0
2022-06-10,7.77,7.9,7.91,7.75,352089.54,293475.531,0.9404761904761904,,0.0
2022-06-13,7.81,7.82,7.869999999999999,7.73,382922.2,317710.13,0.939903846153846,,0.0
2022-06-14,7.75,7.800000000000001,7.82,7.539999999999999,578980.98,471921.685,0.9397590361445785,,0.0
2022-06-15,7.85,7.959999999999999,8.08,7.81,796469.83,667781.829,0.9521531100478468,,0.0
2022-06-16,7.959999999999999,8.11,8.24,7.959999999999999,759112.18,645175.328,0.9529964747356052,,0.0
2022-06-17,8.01,7.969999999999999,8.03,7.84,551357.9,460167.978,0.95221027479092,,0.0
2022-06-20,7.99,7.98,8.02,7.9,395169.39,330374.391,0.9522673031026252,,0.0
2022-06-21,7.969999999999999,7.949999999999999,8.06,7.879999999999999,416006.92,348173.451,0.9520958083832336,,0.0
2022-06-22,7.949999999999999,7.75,7.959999999999999,7.74,432497.87,356172.37,0.950920245398773,,0.0
2022-06-23,7.81,7.92,7.93,7.75,447459.24,368973.129,0.9519230769230768,,0.0
2022-06-24,7.98,8.0,8.07,7.939999999999999,474443.06,398160.393,0.9523809523809524,,0.0
2022-06-27,7.98,7.91,8.02,7.859999999999999,546446.23,455524.016,0.9518652226233452,,0.0
2022-06-28,7.91,8.08,8.09,7.83,696324.17,584196.41,0.9528301886792452,,0.0
2022-06-29,8.03,8.09,8.31,8.02,1147691.04,984377.295,0.9528857479387516,,0.0
2022-06-30,8.18,8.12,8.23,8.06,686340.13,585845.713,0.9530516431924884,,0.0
2022-07-01,8.1,8.04,8.17,8.0,432475.65,365834.893,0.95260663507109,,0.0
2022-07-04,8.1,8.02,8.12,7.98,459268.33,387055.931,0.9524940617577196,,0.0
2022-07-05,8.03,7.859999999999999,8.049999999999999,7.77,642859.14,532979.028,0.9515738498789346,,0.0
2022-07-06,7.84,7.709999999999999,7.859999999999999,7.66,524858.58,427089.662,0.9506781750924784,,0.0
2022-07-07,7.73,7.709999999999999,7.75,7.68,288241.95,233990.404,0.9506781750924784,,0.0
2022-07-08,7.719999999999999,7.73,7.82,7.709999999999999,337019.73,275171.064,0.95079950799508,,0.0
2022-07-11,7.709999999999999,7.56,7.709999999999999,7.529999999999999,495582.02,395870.546,0.949748743718593,,0.0
2022-07-12,7.569999999999999,7.52,7.58,7.51,266838.42,211837.167,0.9494949494949496,,0.0
2022-07-13,7.54,7.52,7.56,7.5,285641.57,226357.787,0.9494949494949496,,0.0
2022-07-14,7.51,7.47,7.54,7.449999999999999,268569.61,211838.065,0.949174078780178,,0.0
2022-07-15,6.949999999999999,6.93,7.15,6.88,1066063.86,788964.652,0.9454297407912688,,0.0
2022-07-18,6.92,7.01,7.04,6.89,450886.4,332304.996,0.9460188933873144,,0.0
2022-07-19,6.989999999999999,7.1,7.109999999999999,6.97,400547.1,298925.985,0.9466666666666668,,0.0
2022-07-20,7.1,7.069999999999999,7.14,7.06,357484.66,267796.03,0.9464524765729584,,0.0
2022-07-21,7.05,7.159999999999999,7.26,7.04,605910.66,458484.673,0.9470899470899472,,0.0
2022-07-22,7.15,7.069999999999999,7.199999999999999,7.01,315137.23,236165.997,0.9464524765729584,,0.0
2022-07-25,7.08,6.97,7.09,6.949999999999999,312428.05,230955.056,0.9457259158751696,,0.0
2022-07-26,6.96,7.0,7.02,6.96,212841.84,157308.914,0.945945945945946,,0.0
2022-07-27,7.0,6.98,7.01,6.949999999999999,221794.7,163563.017,0.94579945799458,,0.0
2022-07-28,7.01,7.08,7.119999999999999,7.0,354116.22,264659.845,0.946524064171123,,0.0
2022-07-29,7.08,6.989999999999999,7.119999999999999,6.98,280347.01,208435.002,0.945872801082544,,0.0
2022-08-01,6.989999999999999,7.029999999999999,7.04,6.949999999999999,224894.58,166391.183,0.946164199192463,,0.0
2022-08-02,6.949999999999999,6.65,6.949999999999999,6.59,655679.4,465138.089,0.9432624113475176,,0.0
2022-08-03,6.65,6.72,6.869999999999999,6.65,467023.95,333935.68,0.9438202247191012,,0.0
2022-08-04,6.739999999999999,6.83,6.84,6.73,285464.46,205196.557,0.9446749654218534,,0.0
2022-08-05,6.85,7.17,7.21,6.83,800744.95,598098.807,0.9471598414795244,,0.0
2022-08-08,7.17,7.359999999999999,7.39,7.109999999999999,671674.64,514693.672,0.9484536082474226,,0.0
2022-08-09,7.34,7.33,7.42,7.19,498891.49,384186.702,0.9482535575679172,,0.0
2022-08-10,7.26,7.26,7.369999999999999,7.25,309324.3,238067.452,0.9477806788511748,,0.0
2022-08-11,7.319999999999999,7.399999999999999,7.449999999999999,7.31,397062.98,309304.052,0.9487179487179488,,0.0
2022-08-12,7.409999999999999,7.359999999999999,7.439999999999999,7.319999999999999,312844.0,243446.522,0.9484536082474226,,0.0
2022-08-15,7.34,7.25,7.34,7.21,317685.5,243290.571,0.9477124183006536,,0.0
2022-08-16,7.3,7.199999999999999,7.319999999999999,7.15,290538.99,221030.198,0.9473684210526316,,0.0
2022-08-17,7.199999999999999,7.22,7.25,7.109999999999999,270746.0,205347.375,0.94750656167979,,0.0
2022-08-18,7.199999999999999,7.159999999999999,7.21,7.1,264553.56,199354.277,0.9470899470899472,,0.0
2022-08-19,7.15,7.09,7.31,7.08,345881.02,262455.763,0.946595460614152,,0.0
2022-08-22,7.05,7.109999999999999,7.14,6.96,237750.28,177811.105,0.9467376830892144,,0.0
2022-08-23,7.09,7.05,7.109999999999999,7.029999999999999,191178.59,142569.406,0.9463087248322148,,0.0
2022-08-24,7.05,6.84,7.09,6.84,368691.5,270893.073,0.9447513812154696,,0.0
2022-08-25,6.84,6.89,6.909999999999999,6.75,286861.65,207476.433,0.9451303155006858,,0.0
2022-08-26,6.89,6.9,7.04,6.869999999999999,336862.74,247650.86,0.9452054794520548,,0.0
2022-08-29,6.81,6.819999999999999,6.859999999999999,6.739999999999999,279470.32,201058.978,0.9445983379501384,,0.0
2022-08-30,6.81,6.92,7.02,6.79,285091.14,207917.899,0.9453551912568304,,0.0
2022-08-31,6.88,6.92,6.989999999999999,6.84,285798.14,209167.097,0.9453551912568304,,0.0
2022-09-01,6.89,6.859999999999999,6.989999999999999,6.859999999999999,257449.26,188730.577,0.9449035812672176,,0.0
2022-09-02,6.88,6.98,7.01,6.869999999999999,265292.99,195215.548,0.94579945799458,,0.0
2022-09-05,6.96,7.109999999999999,7.239999999999999,6.88,638883.95,476726.533,0.9467376830892144,,0.0
2022-09-06,7.22,7.13,7.25,7.069999999999999,594092.73,448016.6,0.946879150066401,,0.0
2022-09-07,7.09,7.08,7.119999999999999,7.04,301339.81,225092.324,0.946524064171123,,0.0
2022-09-08,7.09,6.989999999999999,7.119999999999999,6.989999999999999,270341.03,201507.376,0.945872801082544,,0.0
2022-09-09,7.029999999999999,7.1,7.109999999999999,7.0,289493.73,216384.124,0.9466666666666668,,0.0
2022-09-13,7.13,7.14,7.21,7.1,329837.42,249308.051,0.9469496021220158,,0.0
2022-09-14,7.029999999999999,7.1,7.109999999999999,7.0,243743.1,181583.432,0.9466666666666668,,0.0
2022-09-15,7.13,7.13,7.35,7.06,614875.42,468573.557,0.946879150066401,,0.0
2022-09-16,7.1,7.21,7.5,7.08,1086158.46,837090.351,0.947437582128778,,0.0
2022-09-19,7.21,6.73,7.22,6.72,818263.49,592212.638,0.9438990182328192,,0.0
2022-09-20,6.779999999999999,6.73,6.869999999999999,6.699999999999999,348324.78,249676.903,0.9438990182328192,,0.0
2022-09-21,6.67,6.69,6.72,6.449999999999999,530526.8,370259.967,0.9435825105782792,,0.0
2022-09-22,6.59,6.659999999999999,6.8,6.569999999999999,319820.86,227454.12,0.943342776203966,,0.0
2022-09-23,6.72,6.59,6.8,6.59,337311.0,238973.292,0.9427753934191702,,0.0
2022-09-26,6.5,6.27,6.51,6.23,590077.03,398371.133,0.9400299850074962,,0.0
2022-09-27,6.27,6.369999999999999,6.38,6.239999999999999,289088.56,194222.959,0.9409158050221564,,0.0
2022-09-28,6.369999999999999,6.23,6.38,6.22,276014.0,184808.795,0.9396681749622926,,0.0
2022-09-29,6.29,6.15,6.33,6.109999999999999,307197.72,203424.106,0.9389312977099236,,0.0
2022-09-30,6.09,6.1,6.22,6.09,258415.46,169005.948,0.9384615384615383,,0.0
2022-10-10,6.1,5.94,6.119999999999999,5.94,361263.19,231727.384,0.9369085173501576,,0.0
2022-10-11,5.96,5.98,6.029999999999999,5.9,199227.54,126787.601,0.9373040752351096,,0.0
2022-10-12,5.98,6.19,6.199999999999999,5.949999999999999,351595.95,227659.026,0.9393019726858876,,0.0
2022-10-13,6.15,6.3,6.43,6.14,553208.64,370939.783,0.9402985074626864,,0.0
2022-10-14,6.319999999999999,6.42,6.47,6.3,454843.63,308870.96,0.941348973607038,,0.0
2022-10-17,6.39,6.609999999999999,6.779999999999999,6.359999999999999,580539.76,406766.534,0.9429386590584878,,0.0
2022-10-18,6.6,6.569999999999999,6.6,6.5,340640.56,236743.727,0.9426111908177904,,0.0
2022-10-19,6.58,6.51,6.6,6.5,191930.51,133100.038,0.9421128798842258,,0.0
2022-10-20,6.47,6.54,6.64,6.449999999999999,313783.02,218802.645,0.9423631123919308,,0.0
2022-10-21,6.54,6.54,6.609999999999999,6.48,226981.1,157705.166,0.9423631123919308,,0.0
2022-10-24,6.56,6.43,6.659999999999999,6.409999999999999,426443.29,295950.34,0.9414348462664714,,0.0
2022-10-25,6.4,6.38,6.489999999999999,6.279999999999999,320254.71,217301.042,0.9410029498525072,,0.0
2022-10-26,6.39,6.65,6.72,6.39,556974.96,390102.065,0.9432624113475176,,0.0
2022-10-27,6.65,6.779999999999999,6.88,6.609999999999999,556976.25,399244.421,0.9442896935933148,,0.0
2022-10-28,6.449999999999999,6.369999999999999,6.58,6.35,598522.0,411103.542,0.9409158050221564,,0.0
2022-10-31,6.39,6.68,6.819999999999999,6.38,759319.25,536146.997,0.943502824858757,,0.0
2022-11-01,6.76,6.72,6.779999999999999,6.58,471730.65,333111.551,0.9438202247191012,,0.0
2022-11-02,6.68,6.73,6.739999999999999,6.64,390981.95,277210.13,0.9438990182328192,,0.0
2022-11-03,6.65,6.59,6.699999999999999,6.52,368331.04,257583.463,0.9427753934191702,,0.0
2022-11-04,6.59,6.659999999999999,6.699999999999999,6.54,360430.01,253449.78,0.943342776203966,,0.0
2022-11-07,6.659999999999999,6.69,6.84,6.619999999999999,396121.08,281580.136,0.9435825105782792,,0.0
2022-11-08,6.67,6.81,6.84,6.56,594678.94,424000.954,0.944521497919556,,0.0
2022-11-09,6.77,6.69,6.779999999999999,6.67,367851.59,261763.813,0.9435825105782792,,0.0
2022-11-10,6.65,6.699999999999999,6.77,6.609999999999999,347701.27,247447.124,0.943661971830986,,0.0
2022-11-11,6.8,6.659999999999999,6.84,6.659999999999999,591820.45,422266.314,0.943342776203966,,0.0
2022-11-14,6.63,6.81,6.89,6.58,716172.87,510817.984,0.944521497919556,,0.0
2022-11-15,6.79,6.869999999999999,6.89,6.75,555216.99,402586.058,0.9449793672627236,,0.0
2022-11-16,6.869999999999999,6.819999999999999,6.989999999999999,6.8,454971.57,331055.502,0.9445983379501384,,0.0
2022-11-17,6.88,7.0,7.02,6.77,593484.62,432982.804,0.945945945945946,,0.0
2022-11-18,6.96,6.859999999999999,7.05,6.84,536367.64,394681.032,0.9449035812672176,,0.0
2022-11-21,6.81,6.659999999999999,6.84,6.609999999999999,552155.73,390875.156,0.943342776203966,,0.0
2022-11-22,6.67,6.58,6.71,6.569999999999999,366963.1,258134.497,0.9426934097421203,,0.0
2022-11-23,6.58,6.489999999999999,6.6,6.449999999999999,370907.0,256092.854,0.9419448476052248,,0.0
2022-11-24,6.5,6.44,6.54,6.42,276490.8,189922.756,0.9415204678362572,,0.0
2022-11-25,6.46,6.46,6.489999999999999,6.44,219383.01,150556.342,0.9416909620991252,,0.0
2022-11-28,6.369999999999999,6.319999999999999,6.39,6.27,422136.44,283476.748,0.9404761904761904,,0.0
2022-11-29,6.31,6.46,6.48,6.31,384283.28,261605.22,0.9416909620991252,,0.0
2022-11-30,6.46,6.489999999999999,6.51,6.44,286680.5,196978.957,0.9419448476052248,,0.0
2022-12-01,6.51,6.609999999999999,6.63,6.51,402804.55,281112.727,0.9429386590584878,,0.0
2022-12-02,6.58,6.739999999999999,6.79,6.56,564989.35,403191.369,0.9439775910364144,,0.0
2022-12-05,6.779999999999999,6.779999999999999,6.81,6.73,422432.64,303165.426,0.9442896935933148,,0.0
2022-12-06,6.79,6.75,6.81,6.72,275928.66,197755.224,0.944055944055944,,0.0
2022-12-07,6.73,6.67,6.739999999999999,6.63,299967.57,212125.179,0.9434229137199434,,0.0
2022-12-08,6.64,6.58,6.659999999999999,6.56,269070.4,188228.811,0.9426934097421203,,0.0
2022-12-09,6.59,6.55,6.6,6.5,290340.42,201368.216,0.9424460431654677,,0.0
2022-12-12,6.529999999999999,6.569999999999999,6.609999999999999,6.51,258391.7,179940.649,0.9426111908177904,,0.0
2022-12-13,6.56,6.46,6.569999999999999,6.43,250569.14,172686.94,0.9416909620991252,,0.0
2022-12-14,6.48,6.46,6.529999999999999,6.44,203698.11,140162.286,0.9416909620991252,,0.0
2022-12-15,6.43,6.47,6.56,6.43,227470.42,156753.007,0.9417758369723436,,0.0
2022-12-16,6.409999999999999,6.4,6.449999999999999,6.35,264045.27,179165.963,0.9411764705882352,,0.0
2022-12-19,6.4,6.19,6.42,6.17,336696.26,224525.441,0.9393019726858876,,0.0
2022-12-20,6.199999999999999,6.15,6.279999999999999,6.119999999999999,327651.51,215380.332,0.9389312977099236,,0.0
2022-12-21,6.15,6.08,6.17,6.05,239895.26,156099.223,0.9382716049382716,,0.0
2022-12-22,6.1,6.069999999999999,6.18,6.05,266822.46,173885.423,0.9381761978361668,,0.0
2022-12-23,6.069999999999999,6.18,6.22,6.06,240032.14,157376.007,0.939209726443769,,0.0
2022-12-26,6.18,6.13,6.19,6.09,235681.96,153871.058,0.9387442572741194,,0.0
2022-12-27,6.159999999999999,6.14,6.159999999999999,6.069999999999999,176480.27,114891.981,0.9388379204892966,,0.0
2022-12-28,6.1,6.01,6.119999999999999,6.0,263765.34,170125.163,0.937597503900156,,0.0
2022-12-29,5.989999999999999,6.08,6.14,5.98,246343.02,159429.278,0.9382716049382716,,0.0
2022-12-30,6.1,6.14,6.159999999999999,6.08,178429.99,116518.044,0.9388379204892966,,0.0
2023-01-03,6.14,6.34,6.35,6.1,395655.22,263973.542,0.940652818991098,,0.0
2023-01-04,6.34,6.4,6.4,6.31,372649.04,251973.075,0.9411764705882352,,0.0
2023-01-05,6.4,6.38,6.409999999999999,6.35,210570.33,142793.393,0.9410029498525072,,0.0
2023-01-06,6.369999999999999,6.33,6.39,6.31,191052.85,128824.252,0.9405646359583952,,0.0
2023-01-09,6.33,6.35,6.409999999999999,6.33,176321.51,119216.014,0.9407407407407408,,0.0
2023-01-10,6.35,6.4,6.43,6.3,233782.71,158580.203,0.9411764705882352,,0.0
2023-01-11,6.38,6.27,6.39,6.26,234215.41,157327.458,0.9400299850074962,,0.0
2023-01-12,6.279999999999999,6.3,6.35,6.22,195174.0,130484.752,0.9402985074626864,,0.0
2023-01-13,6.3,6.319999999999999,6.33,6.27,148627.51,99511.658,0.9404761904761904,,0.0
2023-01-16,6.359999999999999,6.449999999999999,6.489999999999999,6.359999999999999,490812.12,336439.255,0.9416058394160584,,0.0
2023-01-17,6.46,6.4,6.47,6.359999999999999,233206.09,158778.339,0.9411764705882352,,0.0
2023-01-18,6.409999999999999,6.55,6.58,6.38,382627.22,264772.139,0.9424460431654677,,0.0
2023-01-19,6.5,6.64,6.67,6.5,381431.17,267249.202,0.943181818181818,,0.0
2023-01-20,6.64,6.64,6.69,6.59,352812.34,248280.856,0.943181818181818,,0.0
2023-01-30,6.71,6.71,6.76,6.659999999999999,433686.08,308283.378,0.9437412095639944,,0.0
2023-01-31,6.67,6.6,6.699999999999999,6.569999999999999,456708.47,320521.997,0.9428571428571428,,0.0
2023-02-01,6.609999999999999,6.79,6.8,6.6,616130.65,437914.84,0.944367176634214,,0.0
2023-02-02,6.79,6.739999999999999,6.83,6.73,416037.46,298336.463,0.9439775910364144,,0.0
2023-02-03,6.73,6.869999999999999,6.93,6.659999999999999,618841.86,444841.016,0.9449793672627236,,0.0
2023-02-06,6.83,6.89,7.01,6.8,683763.46,499174.842,0.9451303155006858,,0.0
2023-02-07,6.85,7.619999999999999,7.619999999999999,6.79,1313617.79,1009027.218,0.9501246882793016,,0.0
2023-02-08,8.42,8.42,8.42,8.42,347092.81,306135.858,0.9546485260770976,,0.0
2023-02-09,9.3,9.3,9.3,8.86,4496077.78,4309951.689,0.958762886597938,,0.0
2023-02-10,9.5,8.969999999999999,9.76,8.91,6009743.89,5829711.94,0.9573105656350052,,0.0
2023-02-13,8.86,9.29,9.48,8.85,4482778.3,4316588.327,0.958720330237358,,0.0
2023-02-14,9.33,9.78,10.26,9.32,4852687.48,4974696.489,0.9607072691552062,,0.0
2023-02-15,9.94,10.8,10.8,9.65,5834653.74,6230190.057,0.9642857142857144,,0.0
2023-02-16,10.6,10.44,11.18,10.28,5469704.57,6063731.836,0.96309963099631,,0.0
2023-02-17,10.33,9.61,10.52,9.57,3986990.58,4101467.755,0.96003996003996,,0.0
2023-02-20,9.71,10.61,10.61,9.62,4036655.0,4244858.322,0.963669391462307,,0.0
2023-02-21,10.91,11.48,11.7,10.61,5936995.03,6937569.233,0.9663299663299664,,0.0
2023-02-22,11.4,11.25,11.44,10.8,4045004.73,4669115.287,0.965665236051502,,0.0
2023-02-23,11.28,10.79,11.43,10.74,3962152.03,4539036.07,0.9642537980339588,,0.0
2023-02-24,10.9,11.32,11.57,10.58,4416281.88,5073481.069,0.9658703071672354,,0.0
2023-02-27,11.0,10.36,11.17,10.21,4293263.4,4754642.679,0.9628252788104088,,0.0
2023-02-28,10.49,10.39,10.5,9.96,3329407.08,3536597.768,0.9629286376274327,,0.0
2023-03-01,10.29,10.91,11.18,10.23,4358718.56,4867377.989,0.964633068081344,,0.0
2023-03-02,10.75,11.13,11.41,10.69,4176076.11,4794963.368,0.9653078924544666,,0.0
2023-03-03,10.7,11.26,11.56,10.51,4479996.07,5095705.963,0.9656946826758148,,0.0
2023-03-06,11.15,10.96,11.18,10.72,2589273.39,2928640.231,0.964788732394366,,0.0
2023-03-07,10.95,10.66,11.15,10.58,2434090.36,2720301.417,0.9638336347197106,,0.0
2023-03-08,10.59,11.17,11.17,10.46,3769027.72,4271658.606,0.96542783059637,,0.0
2023-03-09,11.05,10.94,11.16,10.81,2229303.81,2537059.253,0.964726631393298,,0.0
2023-03-10,10.62,10.58,11.12,10.57,2362641.39,2646379.255,0.9635701275045536,,0.0
2023-03-13,10.48,11.4,11.59,10.48,3860641.27,4454066.193,0.9661016949152542,,0.0
2023-03-14,11.39,11.77,12.15,11.38,5201930.82,6352251.281,0.9671322925225964,,0.0
2023-03-15,11.71,11.11,11.8,11.07,3856790.22,4544534.61,0.9652476107732406,,0.0
2023-03-16,11.05,11.8,12.26,10.66,5408517.75,6520307.276,0.9672131147540984,,0.0
2023-03-17,11.91,12.87,12.98,11.75,5211157.16,6683029.231,0.9698568198944988,,0.0
2023-03-20,13.2,13.42,14.15,12.94,5334423.28,7513195.879,0.9710564399421128,,0.0
2023-03-21,13.53,13.67,13.85,13.01,3721737.75,5171616.953,0.9715707178393744,,0.0
2023-03-22,13.67,14.6,14.88,13.52,4273455.93,6157827.661,0.9733333333333332,,0.0
2023-03-23,14.47,14.85,15.16,14.08,4174277.45,6282118.928,0.9737704918032788,,0.0
2023-03-24,14.88,16.380000000000003,16.380000000000003,14.88,3312433.66,5415230.83,0.9761620977353994,,0.0
2023-03-27,16.900000000000002,17.580000000000002,18.06,16.110000000000003,6556620.39,11463981.057,0.977753058954394,,0.0
2023-03-28,17.080000000000002,16.490000000000002,17.32,16.18,4650231.88,7937197.765,0.9763173475429248,,0.0
2023-03-29,16.41,16.060000000000002,17.05,15.749999999999998,5171174.55,8701386.679,0.9756986634264886,,0.0
2023-03-30,17.21,16.450000000000003,17.71,16.240000000000002,6881419.14,11966749.282,0.9762611275964392,,0.0
2023-03-31,15.99,17.05,17.060000000000002,15.39,6118149.97,10166116.748,0.9770773638968482,,0.0
2023-04-03,16.970000000000002,18.8,18.8,16.770000000000003,5269675.44,9632348.539,0.9791666666666669,,0.0
2023-04-04,19.31,19.68,20.450000000000003,19.05,5510166.21,11009556.568,0.9800796812749004,,0.0
2023-04-06,18.8,18.57,19.34,18.1,5781485.9,11001172.69,0.9789140748550345,,0.0
2023-04-07,18.700000000000003,18.200000000000003,19.28,17.830000000000002,4919897.52,9366797.606,0.978494623655914,,0.0
2023-04-10,18.24,16.34,18.5,16.34,4471493.92,7786498.773,0.97610513739546,,0.0
2023-04-11,15.7,15.44,16.12,14.75,7698387.45,12154825.703,0.9747474747474748,,0.0
2023-04-12,15.04,16.5,16.55,14.96,6584847.92,10669292.685,0.9763313609467456,,0.0
2023-04-13,16.12,15.47,16.720000000000002,15.4,5314628.32,8756845.814,0.9747952110901072,,0.0
2023-04-14,15.6,15.1,15.76,14.46,4079781.91,6323810.414,0.9741935483870968,,0.0
2023-04-17,14.94,15.77,15.95,14.31,5038383.1,7816346.406,0.9752628324056896,,0.0
2023-04-18,15.52,16.020000000000003,16.330000000000002,15.45,4946890.43,8092785.008,0.9756394640682096,,0.0
2023-04-19,15.74,15.49,16.32,15.38,4356416.55,7067880.007,0.974826935179358,,0.0
2023-04-20,15.25,16.46,16.59,15.22,5365284.27,8798821.59,0.9762752075919336,,0.0
2023-04-21,16.200000000000003,15.58,16.35,15.14,4670749.95,7560580.161,0.9749687108886108,,0.0
2023-04-24,15.26,16.18,16.57,15.26,4539459.24,7478092.258,0.9758745476477684,,0.0
2023-04-25,16.1,17.3,17.48,15.86,6040795.08,10361250.776,0.9774011299435028,,0.0
2023-04-26,17.5,16.37,17.5,15.6,5300938.67,9053673.128,0.9761478831246274,,0.0
2023-04-27,15.98,14.69,16.12,14.69,4397214.71,6896413.184,0.9734923790589796,,0.0
2023-04-28,14.48,15.57,15.99,14.36,4816763.88,7527680.049,0.9749530369442704,,0.0
2023-05-04,15.19,14.64,15.41,14.0,4905967.29,7342471.333,0.9734042553191488,,0.0
2023-05-05,14.51,15.05,15.28,14.41,3917848.31,6035046.346,0.9741100323624596,,0.0
2023-05-08,14.9,14.79,15.46,14.12,3629061.31,5536156.165,0.9736668861092824,,0.0
2023-05-09,14.7,15.58,16.1,14.4,5584089.82,8730173.085,0.9749687108886108,,0.0
2023-05-10,15.29,15.09,15.79,14.7,4058192.86,6369279.101,0.974176888315042,,0.0
2023-05-11,15.1,14.31,15.15,14.3,3124977.07,4669029.006,0.9728076138681168,,0.0
2023-05-12,14.15,14.5,14.76,14.06,2752495.83,4065477.62,0.9731543624161072,,0.0
2023-05-15,14.85,14.71,14.95,14.3,2514509.34,3793943.421,0.9735274652547982,,0.0
2023-05-16,14.41,13.66,14.54,13.66,3678155.39,5316894.14,0.9715504978662872,,0.0
2023-05-17,13.3,13.63,13.83,13.13,2766517.62,3856590.356,0.9714896650035638,,0.0
2023-05-18,13.44,13.99,14.33,13.34,3800431.74,5449441.366,0.9722029186935373,,0.0
2023-05-19,14.1,13.99,14.26,13.72,2670761.46,3844280.779,0.9722029186935373,,0.0
2023-05-22,13.87,13.27,13.92,13.15,2623700.36,3635720.563,0.9707388441843452,,0.0
2023-05-23,13.4,12.96,13.43,12.88,2383507.88,3221193.017,0.9700598802395208,,0.0
2023-05-24,12.86,12.74,13.22,12.55,3476516.25,4598662.294,0.969558599695586,,0.0
2023-05-25,12.8,13.04,13.09,12.4,3436482.2,4533470.509,0.9702380952380952,,0.0
2023-05-26,12.89,12.9,13.12,12.66,2733419.0,3645843.473,0.9699248120300752,,0.0
2023-05-29,12.92,12.96,13.07,12.71,2299458.13,3064573.196,0.9700598802395208,,0.0
2023-05-30,12.8,13.84,14.08,12.62,4778219.14,6611373.698,0.9719101123595504,,0.0
2023-05-31,13.6,13.55,13.89,13.42,3151096.05,4422649.573,0.971326164874552,,0.0
2023-06-01,13.6,14.11,14.6,13.56,4581304.23,6679332.831,0.972432804962095,,0.0
2023-06-02,14.16,14.2,14.54,13.96,3375131.3,4932451.549,0.9726027397260274,,0.0
2023-06-05,14.24,15.1,15.1,14.14,4548163.57,6864968.061,0.9741935483870968,,0.0
2023-06-06,15.0,14.82,15.02,14.4,3830702.53,5790527.421,0.973718791064389,,0.0
2023-06-07,14.61,14.6,14.93,14.36,2747626.85,4140502.047,0.9733333333333332,,0.0
2023-06-08,14.3,13.74,14.42,13.47,3296114.56,4705390.405,0.9717114568599716,,0.0
2023-06-09,13.76,13.9,13.94,13.42,2602100.04,3683109.208,0.972027972027972,,0.0
2023-06-12,14.0,14.18,14.51,13.88,2708101.61,3977597.851,0.9725651577503428,,0.0
2023-06-13,14.47,14.98,15.54,14.25,5206747.49,8010292.209,0.9739921976592978,,0.0
2023-06-14,15.1,14.81,15.35,14.48,4069306.77,6211731.201,0.9737015121630506,,0.0
2023-06-15,14.83,14.4,15.15,14.37,3363363.12,5059995.247,0.9729729729729728,,0.0
2023-06-16,14.2,14.74,15.05,14.01,3238427.16,4863003.975,0.9735799207397622,,0.0
2023-06-19,14.5,14.59,14.82,14.4,2852795.33,4277383.749,0.9733155436957972,,0.0
2023-06-20,14.5,15.47,15.76,14.39,5669540.66,8784331.831,0.9747952110901072,,0.0
2023-06-21,15.11,14.25,15.25,14.2,4026060.37,6081119.326,0.9726962457337884,,0.0
2023-06-26,13.84,12.79,13.84,12.79,3766672.77,5097615.635,0.9696739954510992,,0.0
2023-06-27,12.61,12.73,12.9,12.6,1764396.21,2316087.375,0.9695354150799697,,0.0
2023-06-28,12.71,12.25,12.71,11.83,2624040.6,3295808.799,0.9683794466403162,,0.0
2023-06-29,12.17,12.12,12.34,12.05,1619787.94,2037559.071,0.9680511182108624,,0.0
2023-06-30,12.01,12.14,12.25,11.9,1563888.21,1951211.07,0.9681020733652312,,0.0
2023-07-03,12.15,12.01,12.19,11.8,1669721.66,2069917.11,0.967767929089444,,0.0
2023-07-04,11.98,12.15,12.24,11.89,1471867.3,1839207.331,0.9681274900398408,,0.0
2023-07-05,12.08,11.93,12.25,11.9,1318191.99,1640602.408,0.967558799675588,,0.0
2023-07-06,11.86,12.08,12.32,11.82,1502935.85,1882154.761,0.967948717948718,,0.0
2023-07-07,11.95,11.8,12.12,11.43,1984224.12,2404614.375,0.9672131147540984,,0.0
2023-07-10,11.81,11.62,11.86,11.6,1111482.43,1342951.324,0.9667221297836938,,0.0
2023-07-11,11.64,11.75,11.96,11.63,1281908.62,1563534.655,0.9670781893004116,,0.0
2023-07-12,11.66,11.23,11.73,11.21,2005912.22,2372615.681,0.9656061908856406,,0.0
2023-07-13,11.28,11.41,11.52,11.21,1438307.51,1692641.603,0.966130397967824,,0.0
2023-07-14,11.46,11.7,11.94,11.45,2170211.88,2629868.214,0.9669421487603306,,0.0
2023-07-17,11.89,11.76,11.89,11.65,1235436.12,1502728.591,0.9671052631578948,,0.0
2023-07-18,11.75,11.55,11.76,11.5,1080715.88,1296261.7,0.9665271966527196,,0.0
2023-07-19,11.6,11.6,11.77,11.55,968608.3,1167656.386,0.9666666666666668,,0.0
2023-07-20,11.56,11.23,11.6,11.21,1203700.93,1413748.179,0.9656061908856406,,0.0
2023-07-21,11.2,11.15,11.35,11.1,829174.77,961901.907,0.9653679653679652,,0.0
2023-07-24,11.09,11.33,11.59,11.05,1190306.78,1401204.708,0.9658994032395568,,0.0
2023-07-25,11.42,11.58,11.63,11.35,1379179.63,1645177.45,0.96661101836394,,0.0
2023-07-26,11.55,11.28,11.56,11.24,1014899.59,1192362.203,0.9657534246575342,,0.0
2023-07-27,11.38,11.17,11.4,11.15,775650.45,905134.485,0.96542783059637,,0.0
2023-07-28,11.24,11.33,11.44,11.08,1031766.5,1204003.398,0.9658994032395568,,0.0
2023-07-31,11.28,11.47,11.58,11.14,1296736.59,1537380.725,0.966301600673968,,0.0
2023-08-01,11.4,11.54,11.59,11.23,1077859.8,1276222.655,0.966499162479062,,0.0
2023-08-02,11.44,11.51,11.73,11.38,1057205.95,1263408.953,0.966414777497901,,0.0
2023-08-03,11.4,11.46,11.58,11.3,694069.22,822730.917,0.966273187183811,,0.0
2023-08-04,11.46,11.72,11.79,11.41,1655704.35,2002586.176,0.9669966996699668,,0.0
2023-08-07,11.8,11.62,11.81,11.57,1062746.09,1283248.48,0.9667221297836938,,0.0
2023-08-08,11.64,11.45,11.68,11.41,777819.1,927677.501,0.9662447257383966,,0.0
2023-08-09,11.41,11.21,11.52,11.2,775996.8,908993.415,0.9655469422911284,,0.0
2023-08-10,11.24,11.29,11.44,11.15,719546.04,843398.531,0.9657827202737382,,0.0
2023-08-11,11.27,10.84,11.46,10.81,1381411.89,1583276.311,0.9644128113879004,,0.0
2023-08-14,10.68,11.31,11.34,10.64,1297890.52,1488406.6,0.9658411614005123,,0.0
2023-08-15,11.29,11.08,11.3,10.95,702423.17,809301.377,0.9651567944250872,,0.0
2023-08-16,11.01,10.72,11.07,10.63,957383.3,1069719.573,0.9640287769784172,,0.0
2023-08-17,10.65,10.9,10.94,10.59,806845.14,905561.4,0.9646017699115044,,0.0
2023-08-18,10.88,10.48,11.01,10.48,1016423.62,1125307.59,0.9632352941176472,,0.0
2023-08-21,10.52,10.52,10.85,10.45,894578.17,988934.993,0.9633699633699634,,0.0
2023-08-22,10.6,10.8,10.8,10.45,1058969.0,1167585.1,0.9642857142857144,,0.0
2023-08-23,10.69,10.41,10.7,10.4,820374.06,895101.112,0.9629972247918592,,0.0
2023-08-24,10.48,10.41,10.64,10.4,872928.43,952636.503,0.9629972247918592,,0.0
2023-08-25,10.26,9.89,10.26,9.8,1296047.74,1347085.152,0.9611273080660836,,0.0
2023-08-28,10.44,10.09,10.44,10.06,1414075.09,1506324.789,0.96186844613918,,0.0
2023-08-29,10.1,10.5,10.54,10.05,1197595.49,1287676.751,0.963302752293578,,0.0
2023-08-30,10.51,10.87,11.06,10.43,1793022.3,2004385.288,0.9645075421472936,,0.0
2023-08-31,10.7,10.78,10.87,10.57,1009299.9,1124876.106,0.964221824686941,,0.0
2023-09-01,10.84,10.66,10.85,10.58,663711.19,734503.145,0.9638336347197106,,0.0
2023-09-04,10.7,10.8,10.8,10.57,802579.75,891026.784,0.9642857142857144,,0.0
2023-09-05,10.75,10.67,10.9,10.63,699075.97,779587.5,0.96386630532972,,0.0
2023-09-06,10.6,10.65,10.7,10.45,643141.5,706555.983,0.9638009049773756,,0.0
2023-09-07,10.65,10.46,10.7,10.45,588968.39,646393.461,0.9631675874769796,,0.0
2023-09-08,10.41,10.23,10.48,10.2,583273.77,623007.125,0.9623706491063028,,0.0
2023-09-11,10.24,10.39,10.62,10.18,981321.07,1057284.641,0.9629286376274327,,0.0
2023-09-12,10.39,10.32,10.54,10.3,584751.77,630249.038,0.9626865671641792,,0.0
2023-09-13,10.29,9.97,10.3,9.88,1013961.24,1054172.84,0.961427193828351,,0.0
2023-09-14,9.97,9.84,10.0,9.78,612044.99,628971.728,0.9609375,,0.0
2023-09-15,9.86,9.7,9.92,9.68,659514.11,671405.852,0.9603960396039604,,0.0
2023-09-18,9.65,9.64,9.79,9.6,676230.41,681729.549,0.9601593625498008,,0.0
2023-09-19,9.6,9.43,9.63,9.38,829970.39,819500.665,0.9593082400813836,,0.0
2023-09-20,9.43,9.33,9.52,9.33,582344.09,571818.987,0.9588900308324768,,0.0
2023-09-21,9.32,9.33,9.49,9.23,724155.51,709086.893,0.9588900308324768,,0.0
2023-09-22,9.3,9.71,9.73,9.27,1326334.28,1325358.849,0.960435212660732,,0.0
2023-09-25,9.57,9.32,9.63,9.23,1458475.73,1419860.361,0.9588477366255144,,0.0
2023-09-26,9.28,9.45,9.65,9.28,1269838.5,1257767.863,0.9593908629441624,,0.0
2023-09-27,9.4,9.44,9.6,9.4,786521.71,778434.389,0.959349593495935,,0.0
2023-09-28,9.51,9.43,9.54,9.38,583193.05,573349.419,0.9593082400813836,,0.0
2023-10-09,9.4,9.46,9.52,9.36,602462.58,593328.482,0.9594320486815416,,0.0
2023-10-10,9.49,9.49,9.61,9.42,729231.44,722443.561,0.9595551061678462,,0.0
2023-10-11,9.49,9.6,9.76,9.37,976693.13,976434.569,0.96,,0.0
2023-10-12,9.6,9.47,9.64,9.43,697177.16,689434.316,0.9594731509625126,,0.0
2023-10-13,9.42,9.23,9.43,9.18,862676.03,834168.035,0.9584631360332294,,0.0
2023-10-16,9.21,9.05,9.24,8.99,677908.48,643899.214,0.9576719576719576,,0.0
2023-10-17,9.06,9.0,9.1,8.94,485043.18,456070.485,0.9574468085106382,,0.0
2023-10-18,8.969999999999999,8.889999999999999,8.98,8.709999999999999,728069.4,672485.239,0.9569429494079656,,0.0
2023-10-19,8.85,8.76,9.03,8.75,636442.78,591477.22,0.9563318777292577,,0.0
2023-10-20,8.709999999999999,8.56,8.84,8.54,783226.59,707478.914,0.9553571428571428,,0.0
2023-10-23,8.52,8.26,8.58,8.18,815894.71,712379.046,0.953810623556582,,0.0
2023-10-24,8.32,8.379999999999999,8.51,8.219999999999999,722323.32,633608.808,0.9544419134396356,,0.0
2023-10-25,8.43,8.459999999999999,8.62,8.37,676973.69,602719.956,0.9548532731376976,,0.0
2023-10-26,8.4,8.469999999999999,8.51,8.31,659711.34,580865.405,0.9549041713641488,,0.0
2023-10-27,8.459999999999999,8.51,8.56,8.32,656477.36,580571.651,0.9551066217732884,,0.0
2023-10-30,8.44,8.62,8.629999999999999,8.42,702916.81,629747.795,0.9556541019955652,,0.0
2023-10-31,8.62,8.58,8.719999999999999,8.49,719164.77,647243.216,0.955456570155902,,0.0
2023-11-01,8.59,8.53,8.76,8.52,669958.7,604283.367,0.9552071668533034,,0.0
2023-11-02,8.549999999999999,8.51,8.78,8.49,1041449.58,940445.009,0.9551066217732884,,0.0
2023-11-03,8.53,8.65,8.75,8.45,1032280.41,934648.765,0.9558011049723756,,0.0
2023-11-06,8.719999999999999,8.9,8.93,8.68,1016271.99,939653.8,0.956989247311828,,0.0
2023-11-07,8.9,8.969999999999999,9.04,8.79,857380.31,797973.911,0.9573105656350052,,0.0
2023-11-08,8.94,9.04,9.26,8.91,1303080.43,1234554.271,0.9576271186440678,,0.0
2023-11-09,9.04,9.07,9.22,8.95,1009413.05,956827.16,0.9577613516367476,,0.0
2023-11-10,9.02,8.91,9.04,8.9,611566.18,571745.848,0.9570354457572502,,0.0
2023-11-13,8.98,9.12,9.22,8.959999999999999,948142.13,903338.931,0.9579831932773109,,0.0
2023-11-14,9.15,9.24,9.29,9.08,807838.02,775309.134,0.95850622406639,,0.0
2023-11-15,9.35,9.17,9.37,9.14,693686.84,667000.509,0.9582027168234064,,0.0
2023-11-16,9.14,9.06,9.22,9.05,533962.91,509159.722,0.9577167019027484,,0.0
2023-11-17,9.06,9.12,9.16,9.03,475306.25,450892.698,0.9579831932773109,,0.0
2023-11-20,9.12,9.17,9.29,9.06,748405.73,716921.637,0.9582027168234064,,0.0
2023-11-21,9.2,9.05,9.27,9.03,631806.34,602937.297,0.9576719576719576,,0.0
2023-11-22,9.0,8.91,9.13,8.91,497550.66,468085.853,0.9570354457572502,,0.0
2023-11-23,8.9,8.9,8.93,8.709999999999999,553079.57,510480.417,0.956989247311828,,0.0
2023-11-24,8.889999999999999,8.6,8.9,8.57,645197.73,585903.955,0.9555555555555556,,0.0
2023-11-27,8.57,8.52,8.719999999999999,8.5,503624.24,452167.915,0.9551569506726456,,0.0
2023-11-28,8.5,8.53,8.62,8.41,505353.6,450526.861,0.9552071668533034,,0.0
2023-11-29,8.51,8.35,8.57,8.33,540186.84,475538.651,0.9542857142857144,,0.0
2023-11-30,8.35,8.28,8.4,8.2,564542.14,490169.273,0.9539170506912442,,0.0
2023-12-01,8.28,8.62,8.75,8.23,1131477.77,1007137.102,0.9556541019955652,,0.0
2023-12-04,8.6,8.69,8.83,8.57,875885.39,798687.136,0.955995599559956,,0.0
2023-12-05,8.65,8.32,8.67,8.299999999999999,789132.2,697108.046,0.9541284403669724,,0.0
2023-12-06,8.299999999999999,8.4,8.469999999999999,8.16,698474.5,609691.634,0.9545454545454544,,0.0
2023-12-07,8.36,8.629999999999999,8.719999999999999,8.35,1131497.52,1016434.128,0.955703211517165,,0.0
2023-12-08,8.629999999999999,9.07,9.53,8.629999999999999,2865149.69,2706913.676,0.9577613516367476,,0.0
2023-12-11,8.959999999999999,9.12,9.15,8.83,1848049.26,1735400.76,0.9579831932773109,,0.0
2023-12-12,9.11,9.11,9.3,9.01,1235528.94,1178559.728,0.9579390115667716,,0.0
2023-12-13,9.08,8.959999999999999,9.22,8.959999999999999,955320.0,905339.119,0.9572649572649572,,0.0
2023-12-14,9.02,8.82,9.13,8.799999999999999,828853.04,774270.012,0.9566160520607376,,0.0
2023-12-15,8.82,8.709999999999999,8.87,8.61,732174.57,669626.008,0.95609220636663,,0.0
2023-12-18,8.66,8.54,8.77,8.51,667640.56,603867.292,0.9552572706935124,,0.0
2023-12-19,8.5,8.53,8.639999999999999,8.44,618821.15,552863.717,0.9552071668533034,,0.0
2023-12-20,8.56,8.12,8.58,8.11,955328.95,828840.269,0.9530516431924884,,0.0
2023-12-21,8.04,8.17,8.24,7.93,896092.79,760959.784,0.9533255542590432,,0.0
2023-12-22,8.16,7.83,8.17,7.789999999999999,1029650.89,858188.339,0.9513973268529768,,0.0
2023-12-25,7.879999999999999,8.65,8.65,7.879999999999999,2165284.54,1917111.975,0.9558011049723756,,0.0
2023-12-26,8.7,8.48,8.75,8.34,2011872.58,1797001.395,0.954954954954955,,0.0
2023-12-27,8.459999999999999,8.11,8.54,8.06,1889522.27,1621922.304,0.9529964747356052,,0.0
2023-12-28,8.129999999999999,8.59,8.639999999999999,7.959999999999999,2274790.97,2004729.189,0.9555061179087876,,0.0
2023-12-29,8.56,8.61,8.65,8.45,1417294.76,1271734.414,0.955604883462819,,0.0
2024-01-02,8.59,8.31,8.65,8.299999999999999,1163607.55,1023849.436,0.9540757749712974,,0.0
2024-01-03,8.27,8.19,8.32,8.11,856776.02,736783.485,0.9534342258440046,,0.0
2024-01-04,8.19,7.969999999999999,8.2,7.93,1008237.06,846473.209,0.95221027479092,,0.0
2024-01-05,7.959999999999999,7.699999999999999,7.969999999999999,7.639999999999999,1235675.58,1012508.729,0.9506172839506172,,0.0
2024-01-08,7.709999999999999,7.489999999999999,7.709999999999999,7.489999999999999,860281.43,686845.986,0.9493029150823828,,0.0
2024-01-09,7.569999999999999,7.51,7.65,7.439999999999999,727257.97,577540.274,0.9494310998735777,,0.0
2024-01-10,7.5,7.449999999999999,7.529999999999999,7.31,643256.37,503631.83,0.949044585987261,,0.0
2024-01-11,7.42,7.609999999999999,7.639999999999999,7.409999999999999,861390.2,685423.821,0.9500624219725344,,0.0
2024-01-12,7.569999999999999,7.38,7.609999999999999,7.38,807408.31,635520.456,0.948586118251928,,0.0
2024-01-15,7.3,7.34,7.439999999999999,7.27,549349.71,424992.584,0.9483204134366924,,0.0
2024-01-16,7.3,7.279999999999999,7.31,7.15,721250.03,549761.57,0.9479166666666666,,0.0
2024-01-17,7.26,7.109999999999999,7.31,7.109999999999999,563643.85,429444.205,0.9467376830892144,,0.0
2024-01-18,7.09,7.279999999999999,7.29,6.96,1001189.03,751221.687,0.9479166666666666,,0.0
2024-01-19,7.239999999999999,7.21,7.35,7.199999999999999,625284.18,479545.674,0.947437582128778,,0.0
2024-01-22,7.21,6.92,7.25,6.83,715081.34,533280.764,0.9453551912568304,,0.0
2024-01-23,6.85,7.25,7.39,6.83,1171518.03,884367.321,0.9477124183006536,,0.0
2024-01-24,7.239999999999999,7.3,7.31,7.0,971260.94,735766.237,0.948051948051948,,0.0
2024-01-25,7.26,7.449999999999999,7.5,7.17,1040992.28,808842.845,0.949044585987261,,0.0
2024-01-26,7.399999999999999,7.38,7.54,7.35,771253.12,604031.074,0.948586118251928,,0.0
2024-01-29,7.369999999999999,7.109999999999999,7.42,7.09,704607.01,535581.158,0.9467376830892144,,0.0
2024-01-30,7.06,6.909999999999999,7.18,6.909999999999999,619035.26,459739.692,0.945280437756498,,0.0
2024-01-31,6.88,6.43,6.94,6.43,1016851.59,714183.966,0.9414348462664714,,0.0
2024-02-01,6.39,6.659999999999999,6.84,6.3,1001942.0,704212.003,0.943342776203966,,0.0
2024-02-02,6.659999999999999,6.369999999999999,6.8,6.119999999999999,1027748.6,704323.582,0.9409158050221564,,0.0
2024-02-05,6.33,5.989999999999999,6.34,5.79,1156894.95,746755.515,0.9374021909233176,,0.0
2024-02-06,5.909999999999999,6.6,6.63,5.84,1720577.58,1168646.899,0.9428571428571428,,0.0
2024-02-07,6.35,6.529999999999999,6.68,6.3,1409199.13,971933.639,0.9422799422799424,,0.0
2024-02-08,6.55,6.77,6.8,6.55,1187314.56,842808.418,0.9442119944211994,,0.0
2024-02-19,7.19,7.38,7.409999999999999,7.02,1944798.95,1478178.779,0.948586118251928,,0.0
2024-02-20,7.31,7.38,7.529999999999999,7.19,1584244.56,1227454.333,0.948586118251928,,0.0
2024-02-21,7.239999999999999,7.319999999999999,7.58,7.19,1423056.15,1105449.394,0.9481865284974093,,0.0
2024-02-22,7.399999999999999,7.52,7.67,7.399999999999999,1383516.01,1096912.808,0.9494949494949496,,0.0
2024-02-23,7.65,7.65,7.689999999999999,7.47,1418431.08,1129240.82,0.9503105590062112,,0.0
2024-02-26,7.629999999999999,7.629999999999999,7.779999999999999,7.52,1296720.03,1045318.64,0.950186799501868,,0.0
2024-02-27,7.569999999999999,8.43,8.43,7.529999999999999,2713908.33,2300677.19,0.9546998867497168,,0.0
2024-02-28,8.6,8.049999999999999,8.77,8.049999999999999,3365811.12,2986727.065,0.9526627218934912,,0.0
2024-02-29,8.049999999999999,8.37,8.43,8.03,1963282.78,1703365.221,0.9543899657924744,,0.0
2024-03-01,8.379999999999999,9.25,9.25,8.33,3480811.35,3241300.923,0.9585492227979274,,0.0
2024-03-04,9.39,9.59,9.8,9.23,4404500.07,4376125.789,0.95995995995996,,0.0
2024-03-05,9.4,9.29,9.59,9.16,2821916.2,2756809.419,0.958720330237358,,0.0
2024-03-06,9.11,9.13,9.3,8.969999999999999,2000943.92,1906218.77,0.9580272822665268,,0.0
2024-03-07,9.11,8.75,9.23,8.709999999999999,2050285.94,1916216.374,0.9562841530054644,,0.0
2024-03-08,8.78,8.83,8.879999999999999,8.639999999999999,1485280.08,1363134.04,0.9566630552546044,,0.0
2024-03-11,8.67,8.94,8.95,8.549999999999999,1520742.19,1396501.311,0.9571734475374732,,0.0
2024-03-12,9.03,8.81,9.04,8.78,1339977.18,1242877.264,0.9565689467969598,,0.0
2024-03-13,8.889999999999999,8.91,9.11,8.81,1922793.81,1795076.295,0.9570354457572502,,0.0
2024-03-14,8.77,8.7,8.82,8.58,1458414.13,1327248.926,0.956043956043956,,0.0
2024-03-15,8.7,8.74,8.74,8.51,1059237.95,955904.928,0.9562363238512036,,0.0
2024-03-18,8.78,9.04,9.04,8.7,1664728.02,1542107.308,0.9576271186440678,,0.0
2024-03-19,9.0,8.85,9.06,8.84,1272776.17,1188855.637,0.9567567567567568,,0.0
2024-03-20,8.78,9.05,9.15,8.74,1768772.72,1664310.502,0.9576719576719576,,0.0
2024-03-21,9.18,8.99,9.31,8.969999999999999,1683061.63,1602389.404,0.9574014909478168,,0.0
2024-03-22,8.92,8.82,9.01,8.69,1335048.99,1232532.378,0.9566160520607376,,0.0
2024-03-25,9.1,8.95,9.47,8.93,2563906.68,2465154.419,0.9572192513368984,,0.0
2024-03-26,8.799999999999999,8.51,8.879999999999999,8.42,1858461.95,1675516.294,0.9551066217732884,,0.0
2024-03-27,8.45,7.91,8.459999999999999,7.9,1375587.78,1173640.014,0.9518652226233452,,0.0
2024-03-28,7.91,8.45,8.59,7.9,1859437.26,1621410.372,0.9548022598870056,,0.0
2024-03-29,8.33,8.32,8.37,8.129999999999999,979127.33,847138.805,0.9541284403669724,,0.0
2024-04-01,8.33,8.48,8.5,8.33,817222.26,721850.066,0.954954954954955,,0.0
2024-04-02,8.43,8.28,8.45,8.219999999999999,765903.8,667248.521,0.9539170506912442,,0.0
2024-04-03,8.25,8.08,8.27,8.01,654523.07,556341.75,0.9528301886792452,,0.0
2024-04-08,8.049999999999999,7.91,8.06,7.9,635603.16,531794.625,0.9518652226233452,,0.0
2024-04-09,7.98,8.09,8.129999999999999,7.799999999999999,697668.17,586271.758,0.9528857479387516,,0.0
2024-04-10,8.09,7.82,8.09,7.75,654388.93,541509.335,0.951338199513382,,0.0
2024-04-11,7.879999999999999,8.52,8.639999999999999,7.85,2983708.45,2644131.654,0.9551569506726456,,0.0
2024-04-12,8.299999999999999,8.26,8.58,8.26,1891902.13,1664301.965,0.953810623556582,,0.0
2024-04-15,8.19,8.049999999999999,8.33,7.93,1239241.79,1055561.141,0.9526627218934912,,0.0
2024-04-16,8.0,7.59,8.15,7.55,1380184.84,1126924.502,0.9499374217772216,,0.0
2024-04-17,7.67,7.99,8.049999999999999,7.67,1028849.11,855934.827,0.9523241954707984,,0.0
2024-04-18,7.9,7.799999999999999,7.98,7.709999999999999,848645.87,698700.773,0.951219512195122,,0.0
2024-04-19,7.709999999999999,7.58,7.76,7.5,914269.71,731161.088,0.949874686716792,,0.0
2024-04-22,7.449999999999999,7.489999999999999,7.56,7.19,752750.2,587890.45,0.9493029150823828,,0.0
2024-04-23,7.529999999999999,7.52,7.66,7.409999999999999,600387.52,475689.546,0.9494949494949496,,0.0
2024-04-24,7.529999999999999,7.799999999999999,7.82,7.529999999999999,870246.99,706802.415,0.951219512195122,,0.0
2024-04-25,7.709999999999999,7.68,7.789999999999999,7.65,593925.84,481528.76,0.9504950495049505,,0.0
2024-04-26,7.75,7.949999999999999,7.98,7.75,1000227.19,829935.26,0.9520958083832336,,0.0
2024-04-29,8.049999999999999,8.27,8.35,8.0,1153371.36,992868.669,0.9538638985005766,,0.0
2024-04-30,8.299999999999999,8.129999999999999,8.379999999999999,8.04,821075.09,702949.175,0.9531066822977724,,0.0
2024-05-06,8.35,8.36,8.66,8.28,1499727.9,1329792.837,0.954337899543379,,0.0
2024-05-07,8.51,9.02,9.24,8.51,4381686.9,4130567.493,0.9575371549893844,,0.0
2024-05-08,8.78,8.48,8.85,8.44,2744350.16,2473375.531,0.954954954954955,,0.0
2024-05-09,8.48,8.43,8.52,8.33,1529870.37,1349950.112,0.9546998867497168,,0.0
2024-05-10,8.57,8.5,8.719999999999999,8.44,1545801.11,1384317.528,0.9550561797752808,,0.0
2024-05-13,8.19,8.23,8.31,8.11,1032689.61,889961.649,0.9536500579374276,,0.0
2024-05-14,8.27,8.299999999999999,8.35,8.15,815508.18,706164.502,0.9540229885057472,,0.0
2024-05-15,8.23,8.11,8.27,8.09,715372.06,612300.758,0.9529964747356052,,0.0
2024-05-16,8.15,8.11,8.219999999999999,8.08,717363.35,613883.99,0.9529964747356052,,0.0
2024-05-17,8.08,8.19,8.2,7.91,761293.37,644229.39,0.9534342258440046,,0.0
2024-05-20,8.19,8.25,8.34,8.11,817883.18,707255.198,0.953757225433526,,0.0
2024-05-21,8.23,8.139999999999999,8.26,8.11,535280.09,458475.289,0.9531615925058547,,0.0
2024-05-22,8.1,8.19,8.19,8.02,483529.61,412305.015,0.9534342258440046,,0.0
2024-05-23,8.23,7.91,8.24,7.9,713671.32,600707.705,0.9518652226233452,,0.0
2024-05-24,7.92,7.75,7.959999999999999,7.74,574215.97,472544.135,0.950920245398773,,0.0
2024-05-27,7.77,7.859999999999999,7.869999999999999,7.689999999999999,466197.24,381740.659,0.9515738498789346,,0.0
2024-05-28,7.85,7.74,7.859999999999999,7.74,337306.43,275920.609,0.9508599508599508,,0.0
2024-05-29,7.75,7.779999999999999,7.84,7.74,324469.24,265715.786,0.9511002444987776,,0.0
2024-05-30,7.74,7.799999999999999,7.859999999999999,7.629999999999999,381999.16,311942.843,0.951219512195122,,0.0
2024-05-31,7.83,7.83,7.92,7.779999999999999,404426.49,333765.471,0.9513973268529768,,0.0
2024-06-03,7.81,7.699999999999999,7.879999999999999,7.65,522303.76,425676.724,0.9506172839506172,,0.0
2024-06-04,7.699999999999999,7.66,7.709999999999999,7.55,450643.96,361386.918,0.9503722084367244,,0.0
2024-06-05,7.65,7.619999999999999,7.73,7.609999999999999,330990.78,266996.197,0.9501246882793016,,0.0
2024-06-06,7.729999999999999,7.51,7.739999999999999,7.45,536289.92,421963.153,0.9615877080665812,,0.0
2024-06-07,7.51,7.52,7.62,7.41,424788.47,331485.749,0.9616368286445012,,0.0
2024-06-11,7.52,7.7,7.739999999999999,7.430000000000001,586396.03,466483.746,0.9625,,0.0
2024-06-12,7.7,7.69,7.77,7.66,415706.5,332844.955,0.9624530663329162,,0.0
2024-06-13,7.69,7.62,7.71,7.61,324028.37,257384.941,0.9621212121212122,,0.0
2024-06-14,7.56,7.680000000000001,7.69,7.52,361449.46,285990.869,0.962406015037594,,0.0
2024-06-17,7.640000000000001,7.66,7.729999999999999,7.58,322613.08,256698.259,0.9623115577889448,,0.0
2024-06-18,7.66,7.819999999999999,7.88,7.640000000000001,556047.35,449876.916,0.9630541871921182,,0.0
2024-06-19,7.819999999999999,7.739999999999999,7.840000000000001,7.729999999999999,354849.79,286369.713,0.9626865671641792,,0.0
2024-06-20,7.739999999999999,7.46,7.739999999999999,7.430000000000001,560845.35,440222.577,0.961340206185567,,0.0
2024-06-21,7.430000000000001,7.53,7.54,7.33,331117.49,257083.274,0.9616858237547892,,0.0
2024-06-24,7.48,7.28,7.5,7.25,466014.47,356064.675,0.9604221635883904,,0.0
2024-06-25,7.28,7.1000000000000005,7.390000000000001,7.0200000000000005,525670.08,392029.327,0.9594594594594597,,0.0
2024-06-26,7.15,7.61,7.65,7.140000000000001,1028201.37,797222.933,0.9620733249051834,,0.0
2024-06-27,7.57,7.44,7.65,7.430000000000001,549369.96,429973.609,0.9612403100775194,,0.0
2024-06-28,7.44,7.38,7.56,7.35,490668.99,380310.717,0.9609375,,0.0
2024-07-01,7.38,7.38,7.42,7.22,461134.72,351688.684,0.9609375,,0.0
2024-07-02,7.390000000000001,7.36,7.52,7.33,419771.34,324519.781,0.9608355091383812,,0.0
2024-07-03,7.32,7.27,7.35,7.23,353126.79,267377.257,0.9603698811096434,,0.0
2024-07-04,7.3,7.07,7.34,7.0600000000000005,413508.49,308186.618,0.9592944369063772,,0.0
2024-07-05,7.08,7.15,7.17,6.98,327847.0,242667.583,0.9597315436241612,,0.0
2024-07-08,7.1000000000000005,6.9,7.12,6.8500000000000005,446991.35,323660.909,0.9583333333333334,,0.0
2024-07-09,6.92,7.0,7.0200000000000005,6.8,463721.87,335327.953,0.9589041095890412,,0.0
2024-07-10,6.8500000000000005,6.8500000000000005,6.930000000000001,6.73,488004.53,349275.7,0.958041958041958,,0.0
2024-07-11,6.96,7.04,7.13,6.92,498757.34,365150.812,0.9591280653950954,,0.0
2024-07-12,7.0200000000000005,6.91,7.05,6.9,346799.89,251539.317,0.9583911234396671,,0.0
2024-07-15,6.9,6.84,6.92,6.82,264330.86,189178.139,0.957983193277311,,0.0
2024-07-16,6.84,6.97,6.99,6.78,395400.58,285111.813,0.9587345254470426,,0.0
2024-07-17,6.95,6.97,7.09,6.930000000000001,366157.27,267078.336,0.9587345254470426,,0.0
2024-07-18,6.9,6.92,6.95,6.79,363352.72,260132.089,0.958448753462604,,0.0
2024-07-19,6.890000000000001,7.05,7.07,6.88,489007.53,357624.142,0.9591836734693878,,0.0
2024-07-22,7.45,7.28,7.48,7.23,946224.57,721373.998,0.9604221635883904,,0.0
2024-07-23,7.16,7.03,7.32,7.0200000000000005,530063.0,395317.815,0.9590723055934516,,0.0
2024-07-24,7.0,6.87,7.04,6.83,431638.25,311507.245,0.9581589958158996,,0.0
2024-07-25,6.82,6.87,6.96,6.79,342516.53,246050.323,0.9581589958158996,,0.0
2024-07-26,6.87,6.94,7.0,6.87,287404.28,207714.712,0.9585635359116024,,0.0
2024-07-29,6.9,6.91,6.98,6.87,257821.85,186375.305,0.9583911234396671,,0.0
2024-07-30,6.91,6.95,6.97,6.86,299057.12,216090.053,0.9586206896551724,,0.0
2024-07-31,6.94,7.180000000000001,7.22,6.930000000000001,661419.84,491936.913,0.9598930481283424,,0.0
2024-08-01,7.180000000000001,7.180000000000001,7.31,7.17,489375.7,368269.065,0.9598930481283424,,0.0
2024-08-02,7.17,7.3,7.640000000000001,7.15,1206824.99,935473.57,0.9605263157894736,,0.0
2024-08-05,6.96,6.99,7.2,6.890000000000001,903244.84,663666.422,0.9588477366255144,,0.0
2024-08-06,7.01,7.140000000000001,7.15,7.0,478517.76,352643.934,0.9596774193548387,,0.0
2024-08-07,7.12,7.04,7.140000000000001,7.0200000000000005,350252.74,257667.427,0.9591280653950954,,0.0
2024-08-08,7.0,7.0,7.07,6.88,367159.0,266400.35,0.9589041095890412,,0.0
2024-08-09,7.01,6.91,7.07,6.91,307568.7,224094.485,0.9583911234396671,,0.0
2024-08-12,6.9,6.79,6.91,6.76,376642.31,268468.932,0.9576868829337096,,0.0
2024-08-13,6.79,6.84,6.84,6.76,276629.0,196482.136,0.957983193277311,,0.0
2024-08-14,6.8500000000000005,6.8500000000000005,6.94,6.8100000000000005,277874.32,199564.103,0.958041958041958,,0.0
2024-08-15,6.8500000000000005,6.930000000000001,7.0,6.82,359053.29,259642.301,0.95850622406639,,0.0
2024-08-16,6.95,6.890000000000001,6.98,6.87,244149.0,175974.736,0.9582753824756608,,0.0
2024-08-19,6.8500000000000005,6.9,6.96,6.8500000000000005,228564.35,164832.028,0.9583333333333334,,0.0
2024-08-20,6.91,6.79,6.92,6.7700000000000005,290318.56,206122.708,0.9576868829337096,,0.0
2024-08-21,6.76,6.74,6.84,6.73,241613.64,170922.046,0.9573863636363636,,0.0
2024-08-22,6.71,6.48,6.76,6.430000000000001,557982.19,382949.889,0.9557522123893806,,0.0
2024-08-23,6.44,6.5600000000000005,6.63,6.42,347480.0,237694.275,0.956268221574344,,0.0
2024-08-26,6.57,6.61,6.63,6.5200000000000005,235950.16,162688.258,0.9565846599131692,,0.0
2024-08-27,6.6000000000000005,6.430000000000001,6.63,6.38,368336.24,249214.988,0.9554234769687964,,0.0
2024-08-28,6.430000000000001,6.46,6.49,6.2700000000000005,314672.13,210607.126,0.955621301775148,,0.0
2024-08-29,6.430000000000001,6.55,6.58,6.41,271897.51,185542.801,0.9562043795620438,,0.0
2024-08-30,6.55,6.7,6.79,6.54,472166.76,330712.57,0.9571428571428572,,0.0
2024-09-02,6.66,6.5600000000000005,6.73,6.54,351999.0,242923.777,0.956268221574344,,0.0
2024-09-03,6.58,6.63,6.66,6.57,262224.18,181419.711,0.9567099567099568,,0.0
2024-09-04,6.59,6.5600000000000005,6.66,6.5600000000000005,215561.0,148621.636,0.956268221574344,,0.0
2024-09-05,6.5600000000000005,6.66,6.69,6.55,260008.16,180647.241,0.956896551724138,,0.0
2024-09-06,6.69,6.57,6.71,6.5600000000000005,189640.52,131187.658,0.9563318777292577,,0.0
2024-09-09,6.54,6.5,6.62,6.45,251164.8,171312.487,0.9558823529411764,,0.0
2024-09-10,6.5,6.59,6.65,6.36,360443.9,244573.641,0.9564586357039188,,0.0
2024-09-11,6.58,6.61,6.66,6.5600000000000005,230989.96,159535.639,0.9565846599131692,,0.0
2024-09-12,6.62,6.59,6.72,6.59,247878.16,172300.87,0.9564586357039188,,0.0
2024-09-13,6.61,6.5200000000000005,6.65,6.51,185016.28,126916.31,0.9560117302052786,,0.0
2024-09-18,6.51,6.51,6.5600000000000005,6.38,219329.31,148240.9,0.9559471365638766,,0.0
2024-09-19,6.83,6.66,6.8500000000000005,6.59,592636.85,415255.578,0.956896551724138,,0.0
2024-09-20,6.66,6.82,6.890000000000001,6.640000000000001,710642.56,503099.17,0.957865168539326,,0.0
2024-09-23,6.8100000000000005,6.8,6.890000000000001,6.75,428038.38,305147.667,0.9577464788732396,,0.0
2024-09-24,6.82,6.97,6.97,6.71,698137.72,500447.772,0.9587345254470426,,0.0
2024-09-25,7.01,7.05,7.25,7.01,847212.38,630035.683,0.9591836734693878,,0.0
2024-09-26,7.04,7.32,7.32,7.01,753717.14,562987.528,0.9606299212598426,,0.0
2024-09-27,7.4,7.72,7.729999999999999,7.4,763841.82,601443.642,0.9625935162094764,,0.0
2024-09-30,8.12,8.51,8.52,7.989999999999999,2309973.41,1996419.728,0.9659477866061292,,0.0
2024-10-08,9.39,9.3,9.39,8.719999999999999,2881293.29,2734018.86,0.96875,,0.0
2024-10-09,9.08,8.45,9.08,8.42,2205313.49,2000262.991,0.9657142857142856,,0.0
2024-10-10,8.489999999999998,8.27,8.68,8.02,1412393.23,1220016.362,0.9649941656942824,,0.0
2024-10-11,8.16,7.89,8.17,7.8,945511.28,781021.102,0.9633699633699634,,0.0
2024-10-14,7.88,8.17,8.19,7.729999999999999,1070042.74,881920.484,0.9645808736717828,,0.0
2024-10-15,8.0,7.910000000000001,8.25,7.899999999999999,970188.31,811446.397,0.9634591961023142,,0.0
2024-10-16,7.78,7.830000000000001,7.96,7.729999999999999,781236.49,634041.852,0.96309963099631,,0.0
2024-10-17,8.1,8.12,8.45,8.01,2079824.55,1768796.394,0.9643705463182896,,0.0
2024-10-18,8.1,8.229999999999999,8.459999999999999,7.819999999999999,2025896.86,1700099.046,0.9648300117233294,,0.0
2024-10-21,8.229999999999999,8.379999999999999,8.51,8.229999999999999,1609148.56,1397946.961,0.965437788018433,,0.0
2024-10-22,8.35,8.319999999999999,8.45,8.209999999999999,1069182.52,920031.439,0.965197215777262,,0.0
2024-10-23,8.33,8.35,8.54,8.229999999999999,1076611.23,935749.999,0.9653179190751444,,0.0
2024-10-24,8.299999999999999,8.17,8.309999999999999,8.129999999999999,808141.86,686970.992,0.9645808736717828,,0.0
2024-10-25,8.149999999999999,8.309999999999999,8.379999999999999,8.149999999999999,816289.12,699668.744,0.9651567944250872,,0.0
2024-10-28,8.299999999999999,8.469999999999999,8.58,8.27,982237.53,860869.684,0.9657924743443556,,0.0
2024-10-29,8.51,8.35,8.639999999999999,8.34,1097974.76,960529.746,0.9653179190751444,,0.0
2024-10-30,8.29,8.489999999999998,8.58,8.27,1162420.31,1018305.746,0.9658703071672354,,0.0
2024-10-31,8.37,9.37,9.37,8.219999999999999,2568899.45,2390745.942,0.968976215098242,,0.0
2024-11-01,9.7,9.03,10.1,9.02,5099074.36,5071927.916,0.967845659163987,,0.0
2024-11-04,8.799999999999999,9.05,9.239999999999998,8.79,2226174.83,2073411.593,0.9679144385026736,,0.0
2024-11-05,8.95,9.42,9.54,8.95,2552068.54,2458978.081,0.9691358024691358,,0.0
2024-11-06,9.4,10.39,10.39,9.25,5400589.99,5653091.133,0.971936389148737,,0.0
2024-11-07,10.02,10.11,10.18,9.75,3966415.48,4079926.842,0.9711815561959654,,0.0
2024-11-08,10.3,10.54,11.15,10.16,4394233.41,4821671.212,0.9723247232472324,,0.0
2024-11-11,10.4,11.41,11.62,10.36,5688815.62,6605150.552,0.9743808710503842,,0.0
2024-11-12,11.42,10.989999999999998,11.67,10.83,3935655.03,4515559.251,0.9734278122232064,,0.0
2024-11-13,10.9,11.21,11.41,10.88,2881089.85,3312398.543,0.9739357080799304,,0.0
2024-11-14,11.19,11.19,12.14,11.11,3882403.77,4614055.287,0.9738903394255874,,0.0
2024-11-15,11.0,12.34,12.34,11.0,2578105.96,3227982.389,0.97626582278481,,0.0
2024-11-18,12.7,11.6,13.15,11.58,6990724.25,8922613.985,0.9747899159663864,,0.0
2024-11-19,10.65,10.67,11.05,10.41,5280395.04,5772065.509,0.9726526891522334,,0.0
2024-11-20,10.67,11.6,11.77,10.6,5416618.42,6256341.6,0.9747899159663864,,0.0
2024-11-21,11.4,12.79,12.79,11.38,5747404.97,7148126.302,0.977081741787624,,0.0
2024-11-22,12.79,13.55,14.1,12.61,9798840.93,13745832.144,0.9783393501805052,,0.0
2024-11-25,14.08,14.94,14.94,13.1,8464786.24,11960215.526,0.9803149606299212,,0.0
2024-11-26,14.51,13.42,14.79,13.42,7454784.65,10630088.42,0.978134110787172,,0.0
2024-11-27,12.92,13.75,14.1,12.63,6014143.19,8208276.74,0.9786476868327402,,0.0
2024-11-28,13.37,12.41,13.59,12.35,6262013.83,8253724.631,0.97639653815893,,0.0
2024-11-29,12.4,13.1,13.38,12.22,5560282.64,7328969.85,0.9776119402985074,,0.0
2024-12-02,12.63,12.989999999999998,13.45,12.55,4618517.72,6108110.391,0.9774266365688488,,0.0
2024-12-03,12.88,12.81,13.78,12.4,5221318.38,6970262.22,0.977116704805492,,0.0
2024-12-04,12.65,12.12,13.0,12.05,4039720.63,5116818.633,0.9758454106280192,,0.0
2024-12-05,12.239999999999998,12.989999999999998,13.2,12.239999999999998,5423667.13,7138755.815,0.9774266365688488,,0.0
2024-12-06,13.05,13.17,13.63,12.7,4687394.24,6280070.158,0.977728285077951,,0.0
2024-12-09,13.15,12.79,13.45,12.56,3035489.75,3991965.348,0.977081741787624,,0.0
2024-12-10,13.25,13.01,13.59,12.8,4238228.2,5714242.643,0.9774605559729526,,0.0
2024-12-11,12.84,12.9,13.04,12.7,2512200.57,3296826.827,0.9772727272727272,,0.0
2024-12-12,12.95,12.57,12.98,12.26,3192219.44,4093703.208,0.9766899766899766,,0.0
2024-12-13,12.4,11.85,12.52,11.8,3646548.84,4520528.843,0.9753086419753084,,0.0
2024-12-16,11.8,11.36,11.8,11.27,2765683.93,3250151.539,0.974271012006861,,0.0
2024-12-17,11.26,11.25,11.62,11.06,2414850.5,2815076.031,0.974025974025974,,0.0
2024-12-18,11.31,11.28,11.46,11.15,1696040.26,1960543.351,0.9740932642487046,,0.0
2024-12-19,11.14,11.35,11.42,11.06,1668172.83,1927290.992,0.9742489270386264,,0.0
2024-12-20,11.31,11.47,11.76,11.21,2020061.07,2373398.189,0.9745114698385726,,0.0
2024-12-23,11.37,10.86,11.44,10.83,1962756.47,2226143.426,0.9731182795698924,,0.0
2024-12-24,10.86,10.84,10.97,10.64,1341756.83,1487479.124,0.9730700179533212,,0.0
2024-12-25,10.8,10.87,11.06,10.76,1247018.17,1393259.39,0.973142345568487,,0.0
2024-12-26,10.82,10.91,11.04,10.77,1089150.37,1223040.788,0.9732381801962532,,0.0
2024-12-27,10.8,10.73,11.03,10.68,1420457.51,1584704.098,0.9728014505893018,,0.0
2024-12-30,10.73,10.59,10.79,10.53,1150782.55,1258497.627,0.9724517906336088,,0.0
2024-12-31,10.69,10.05,10.69,10.04,1767136.5,1864323.707,0.9710144927536232,,0.0
2025-01-02,10.0,9.64,10.03,9.53,1671708.47,1682492.164,0.9698189134808852,,0.0
2025-01-03,9.64,9.11,9.72,9.09,1543481.16,1485485.137,0.9681190223166845,,0.0
2025-01-06,9.08,9.13,9.25,8.91,1292580.89,1217177.219,0.9681866383881228,,0.0
2025-01-07,9.13,9.3,9.34,9.06,1155549.27,1100449.589,0.96875,,0.0
2025-01-08,9.239999999999998,9.25,9.35,8.959999999999999,1279435.8,1215066.172,0.9685863874345548,,0.0
2025-01-09,9.19,9.64,9.84,9.19,2352360.1,2331858.713,0.9698189134808852,,0.0
2025-01-10,9.61,9.37,9.75,9.35,1510046.35,1484273.481,0.968976215098242,,0.0
2025-01-13,9.2,9.29,9.39,9.1,856261.56,818683.309,0.9687174139728884,,0.0
2025-01-14,9.38,9.97,10.04,9.31,1879914.66,1893983.711,0.97078870496592,,0.0
2025-01-15,10.01,9.92,10.1,9.85,1312667.56,1345566.566,0.9706457925636008,,0.0
2025-01-16,9.98,9.89,10.16,9.76,1158917.23,1187434.023,0.9705593719332678,,0.0
2025-01-17,9.82,9.85,9.94,9.76,737239.3,748702.965,0.9704433497536944,,0.0
2025-01-20,9.8,9.71,9.89,9.58,1053853.39,1057750.195,0.97002997002997,,0.0
2025-01-21,9.81,9.79,9.87,9.62,781867.99,785482.724,0.9702675916749256,,0.0
2025-01-22,9.75,9.69,9.77,9.62,596646.71,596359.52,0.96996996996997,,0.0
2025-01-23,9.8,9.6,10.0,9.6,1074584.12,1086494.489,0.9696969696969696,,0.0
2025-01-24,9.6,10.04,10.15,9.54,1767732.71,1807247.894,0.9709864603481624,,0.0
2025-01-27,10.5,10.8,11.07,10.28,3644231.73,4047661.561,0.9729729729729728,,0.0
2025-02-05,11.91,11.91,11.91,11.91,496706.16,606478.221,0.9754299754299752,,0.0
2025-02-06,12.2,12.88,13.1,12.06,6795356.96,8755731.201,0.9772382397572078,,0.0
2025-02-07,12.54,12.9,13.42,12.33,6339022.0,8347981.475,0.9772727272727272,,0.0
2025-02-10,12.71,13.75,14.1,12.6,5512430.32,7493122.558,0.9786476868327402,,0.0
2025-02-11,13.4,12.84,13.41,12.79,4368043.36,5858406.385,0.9771689497716894,,0.0
2025-02-12,12.69,12.89,13.11,12.69,3418160.82,4521187.681,0.9772554965883244,,0.0
2025-02-13,12.88,12.46,12.98,12.37,3377839.88,4362291.21,0.976489028213166,,0.0
2025-02-14,12.46,12.64,12.83,12.27,3003869.45,3871198.182,0.9768160741885624,,0.0
2025-02-17,12.58,12.2,12.76,12.09,3538920.56,4480760.635,0.976,,0.0
2025-02-18,12.1,11.44,12.17,11.37,3142812.03,3780508.005,0.9744463373083476,,0.0
2025-02-19,11.44,11.7,11.739999999999998,11.4,2234886.26,2658463.13,0.975,,0.0
2025-02-20,11.7,11.6,11.7,11.45,1780616.09,2113505.604,0.9747899159663864,,0.0
2025-02-21,11.66,11.96,12.06,11.51,3243127.56,3932558.172,0.9755301794453508,,0.0
2025-02-24,11.87,11.79,11.98,11.65,2010121.96,2427797.143,0.9751861042183624,,0.0
2025-02-25,11.4,11.61,12.02,11.4,2427793.86,2900344.524,0.9748110831234256,,0.0
2025-02-26,11.6,11.56,11.67,11.43,1580398.01,1866794.808,0.9747048903878582,,0.0
2025-02-27,11.52,11.35,11.63,11.09,1785595.2,2080679.917,0.9742489270386264,,0.0
2025-02-28,11.25,10.8,11.34,10.78,1505643.16,1706466.917,0.9729729729729728,,0.0
2025-03-03,10.85,10.92,11.11,10.7,1130476.61,1271379.169,0.9732620320855614,,0.0
2025-03-04,10.96,11.05,11.15,10.92,1146843.66,1301690.365,0.973568281938326,,0.0
2025-03-05,11.0,11.06,11.14,10.9,1058086.8,1196845.759,0.9735915492957746,,0.0
2025-03-06,11.25,11.67,11.82,11.22,2905571.13,3445020.928,0.974937343358396,,0.0
2025-03-07,11.67,11.48,11.82,11.39,2061964.01,2456805.356,0.9745331069609507,,0.0
2025-03-10,11.3,11.239999999999998,11.38,11.13,1155520.11,1331712.086,0.974003466204506,,0.0
2025-03-11,11.05,11.19,11.21,11.0,833494.4,950695.572,0.9738903394255874,,0.0
2025-03-12,11.26,11.22,11.33,11.17,910377.97,1052099.58,0.9739583333333331,,0.0
2025-03-13,11.13,10.95,11.18,10.83,995426.83,1122619.958,0.9733333333333332,,0.0
2025-03-14,10.97,11.12,11.15,10.93,856454.74,973514.936,0.9737302977232924,,0.0
2025-03-17,11.13,11.08,11.2,11.03,698676.21,796577.247,0.9736379613356766,,0.0
2025-03-18,11.15,11.15,11.28,11.08,794032.24,910983.535,0.9737991266375544,,0.0
2025-03-19,11.15,10.97,11.16,10.93,719645.97,812000.836,0.9733806566104702,,0.0
2025-03-20,10.95,10.89,11.03,10.86,573207.1,643846.986,0.9731903485254692,,0.0
2025-03-21,10.83,10.55,10.86,10.55,1059584.49,1161941.1,0.9723502304147464,,0.0
2025-03-24,10.59,10.77,10.8,10.38,1087042.34,1187796.566,0.97289972899729,,0.0
2025-03-25,10.61,10.39,10.67,10.37,813477.26,876174.933,0.971936389148737,,0.0
2025-03-26,10.38,10.37,10.45,10.35,447121.0,478173.379,0.971883786316776,,0.0
2025-03-27,10.36,10.29,10.41,10.19,465185.75,493219.127,0.971671388101983,,0.0
2025-03-28,10.29,10.21,10.38,10.21,391437.98,414111.361,0.9714557564224549,,0.0
2025-03-31,10.2,10.08,10.2,9.9,693192.09,715153.814,0.9710982658959536,,0.0
2025-04-01,10.13,10.13,10.239999999999998,10.08,495621.98,518640.79,0.9712368168744008,,0.0
2025-04-02,10.14,10.17,10.239999999999998,10.1,375345.09,393446.09,0.97134670487106,,0.0
2025-04-03,10.1,10.07,10.239999999999998,10.04,411292.6,428550.365,0.9710703953712632,,0.0
2025-04-07,9.5,9.03,9.52,9.03,1051059.08,992071.154,0.967845659163987,,0.0
2025-04-08,9.0,9.02,9.14,8.7,1320160.48,1213870.843,0.9678111587982832,,0.0
2025-04-09,8.889999999999999,9.35,9.4,8.68,1384988.63,1301826.332,0.9689119170984456,,0.0
2025-04-10,9.58,9.53,9.7,9.45,1054799.72,1042079.753,0.9694811800610376,,0.0
2025-04-11,9.53,9.6,9.68,9.46,722574.71,712770.124,0.9696969696969696,,0.0
2025-04-14,9.73,9.7,9.84,9.66,741800.39,745304.685,0.97,,0.0
2025-04-15,9.69,9.67,9.73,9.57,461573.86,458591.396,0.9699097291875626,,0.0
2025-04-16,9.8,9.65,9.82,9.47,600143.1,593323.932,0.9698492462311558,,0.0
2025-04-17,9.58,9.65,9.72,9.52,487881.0,485493.563,0.9698492462311558,,0.0
2025-04-18,9.58,9.61,9.63,9.54,331402.14,327462.812,0.9697275479313824,,0.0
2025-04-21,9.6,10.11,10.25,9.5,1249096.1,1285454.993,0.9711815561959654,,0.0
2025-04-22,10.15,9.83,10.15,9.83,877212.25,895977.473,0.9703849950641658,,0.0
2025-04-23,9.88,9.8,9.95,9.77,559452.44,567258.744,0.9702970297029704,,0.0
2025-04-24,9.8,9.65,9.83,9.62,478951.0,479609.772,0.9698492462311558,,0.0
2025-04-25,9.64,9.7,9.79,9.63,434389.7,434508.565,0.97,,0.0
2025-04-28,9.71,9.72,10.06,9.61,838398.05,847336.925,0.9700598802395208,,0.0
2025-04-29,9.64,9.69,9.78,9.52,514799.78,513982.546,0.96996996996997,,0.0
2025-04-30,9.66,9.93,10.08,9.66,1033103.39,1057143.303,0.970674486803519,,0.0
2025-05-06,10.0,10.57,10.69,9.92,1805561.28,1936374.57,0.9724011039558416,,0.0
2025-05-07,10.68,10.4,10.72,10.3,1162095.7,1247008.835,0.9719626168224298,,0.0
2025-05-08,10.42,10.58,11.05,10.42,1470677.08,1616637.675,0.9724264705882352,,0.0
2025-05-09,10.47,10.16,10.6,10.15,977069.29,1032141.295,0.9713193116634798,,0.0
2025-05-12,10.239999999999998,10.27,10.33,10.13,627502.28,660548.962,0.9716177861873224,,0.0
2025-05-13,10.35,10.18,10.38,10.16,566583.71,597240.554,0.9713740458015266,,0.0
2025-05-14,10.2,10.23,10.3,10.07,582581.52,611036.812,0.9715099715099714,,0.0
2025-05-15,10.22,10.04,10.23,9.98,534441.04,552652.887,0.9709864603481624,,0.0
2025-05-16,10.0,9.97,10.04,9.92,444227.23,456599.467,0.97078870496592,,0.0
2025-05-19,9.96,9.95,9.96,9.8,421185.57,428751.012,0.9707317073170731,,0.0
2025-05-20,9.96,10.02,10.04,9.86,411186.0,422261.011,0.9709302325581396,,0.0
2025-05-21,10.01,9.93,10.01,9.9,343264.46,351409.177,0.970674486803519,,0.0
2025-05-22,9.87,9.94,10.13,9.83,517750.46,530639.475,0.970703125,,0.0
2025-05-23,9.9,9.69,9.94,9.68,581280.08,587454.817,0.96996996996997,,0.0
2025-05-26,9.62,9.78,9.81,9.62,378490.98,380104.295,0.9702380952380952,,0.0
2025-05-27,9.75,9.8,10.0,9.68,440011.83,444659.425,0.9702970297029704,,0.0
2025-05-28,9.78,9.68,9.83,9.65,359777.84,359639.273,0.969939879759519,,0.0
2025-05-29,9.67,9.989999999999998,10.0,9.67,717418.78,730956.075,0.9708454810495626,,0.0
2025-05-30,9.98,9.8,9.99,9.8,412749.01,415239.535,0.98,,0.0
2025-06-03,9.78,9.88,9.95,9.75,383128.48,386493.517,0.9801587301587302,,0.0
2025-06-04,9.93,9.97,10.010000000000002,9.88,369357.65,375033.313,0.9803343166175024,,0.0
2025-06-05,9.98,10.15,10.19,9.96,639872.19,657432.332,0.9806763285024156,,0.0
2025-06-06,10.15,10.08,10.16,10.02,432331.84,444146.549,0.980544747081712,,0.0
2025-06-09,10.21,10.43,10.55,10.21,1242372.98,1312331.92,0.9811853245531515,,0.0
2025-06-10,10.37,10.11,10.41,9.95,1003814.25,1038140.16,0.9806013579049468,,0.0
2025-06-11,10.06,10.11,10.23,10.010000000000002,509356.15,526356.06,0.9806013579049468,,0.0
2025-06-12,10.05,9.97,10.11,9.9,609558.96,622411.611,0.9803343166175024,,0.0
2025-06-13,9.88,9.78,9.93,9.73,770861.26,770190.694,0.9799599198396794,,0.0
2025-06-16,9.7,9.81,9.85,9.7,343087.42,343336.747,0.98001998001998,,0.0
2025-06-17,9.81,9.77,9.85,9.74,352685.75,351684.975,0.9799398194583752,,0.0
2025-06-18,9.75,9.75,9.78,9.7,301184.16,299425.641,0.9798994974874372,,0.0
2025-06-19,9.72,9.6,9.83,9.6,527208.5,521749.54,0.979591836734694,,0.0
2025-06-20,9.63,9.46,9.7,9.45,415810.31,404216.519,0.979296066252588,,0.0
2025-06-23,9.41,9.59,9.6,9.38,395262.48,384242.638,0.979570990806946,,0.0
2025-06-24,9.6,9.79,9.84,9.59,571885.47,569763.726,0.97997997997998,,0.0
2025-06-25,9.8,9.94,9.95,9.74,695575.5,699242.866,0.980276134122288,,0.0
2025-06-26,9.9,9.94,10.07,9.9,713356.85,726862.563,0.980276134122288,,0.0
2025-06-27,9.94,9.88,10.03,9.87,551111.5,558335.85,0.9801587301587302,,0.0
2025-06-30,9.88,10.0,10.04,9.87,548275.0,558196.989,0.9803921568627452,,0.0
2025-07-01,10.0,9.97,10.05,9.92,404013.0,411393.899,0.9803343166175024,,0.0
2025-07-02,9.95,9.79,9.95,9.75,578538.25,579956.117,0.97997997997998,,0.0
2025-07-03,9.79,9.79,9.87,9.73,382271.98,381821.812,0.97997997997998,,0.0
2025-07-04,9.78,9.71,9.84,9.68,470218.47,468230.398,0.9798183652875884,,0.0
2025-07-07,9.71,9.68,9.73,9.65,348035.0,343982.174,0.979757085020243,,0.0
2025-07-08,9.67,9.82,9.82,9.65,476012.8,474148.548,0.9800399201596808,,0.0
2025-07-09,9.84,9.82,9.97,9.79,567772.43,570642.912,0.9800399201596808,,0.0
2025-07-10,9.79,9.98,10.15,9.78,1437444.17,1466222.262,0.9803536345776032,,0.0
2025-07-11,9.98,10.010000000000002,10.07,9.81,1037312.42,1054419.997,0.980411361410382,,0.0
2025-07-14,9.96,9.88,9.99,9.85,661785.0,668045.998,0.9801587301587302,,0.0
2025-07-15,9.85,10.05,10.08,9.77,1209383.17,1223908.202,0.9804878048780488,,0.0
2025-07-16,10.06,10.1,10.41,10.05,1178419.35,1222073.071,0.9805825242718448,,0.0
2025-07-17,10.04,10.67,10.78,10.04,2739119.61,2938734.062,0.9816007359705612,,0.0
2025-07-18,11.0,10.760000000000002,11.27,10.74,3190443.0,3556805.602,0.9817518248175184,,0.0
2025-07-21,10.52,10.56,10.82,10.49,1590861.98,1720245.942,0.9814126394052044,,0.0
2025-07-22,10.48,10.37,10.55,10.31,1021788.84,1083952.182,0.9810785241248818,,0.0
2025-07-23,10.36,10.44,10.66,10.33,1174639.63,1251761.376,0.9812030075187972,,0.0
2025-07-24,10.38,10.55,10.58,10.38,885321.78,948903.0,0.9813953488372094,,0.0
2025-07-25,10.64,10.84,10.96,10.61,1898034.23,2088136.587,0.9818840579710144,,0.0
2025-07-28,10.75,10.58,10.79,10.53,1212059.22,1309537.557,0.9814471243042672,,0.0
2025-07-29,10.55,10.62,10.63,10.38,843432.58,907037.255,0.9815157116451018,,0.0
2025-07-30,10.59,10.44,10.63,10.34,824392.74,880638.678,0.9812030075187972,,0.0
2025-07-31,10.47,11.1,11.5,10.47,5421105.84,6167085.467,0.9823008849557524,,0.0
2025-08-01,11.2,10.93,11.25,10.6,3222372.37,3555599.444,0.982030548068284,,0.0
2025-08-04,10.83,10.91,11.02,10.74,1444188.47,1595480.929,0.981998199819982,,0.0
2025-08-05,10.91,10.760000000000002,10.97,10.68,1496780.47,1644410.485,0.9817518248175184,,0.0
2025-08-06,10.78,10.81,10.96,10.64,1349045.84,1479296.783,0.9818346957311536,,0.0
2025-08-07,10.95,10.79,11.13,10.71,1627287.92,1801930.773,0.9818016378525932,,0.0
2025-08-08,10.7,10.4,10.7,10.35,1861066.61,1983865.104,0.9811320754716982,,0.0
2025-08-11,10.35,10.53,10.55,10.33,1076221.19,1149161.921,0.9813606710158436,,0.0
2025-08-12,10.49,10.47,10.510000000000002,10.39,825035.26,878675.682,0.9812558575445174,,0.0
2025-08-13,10.48,10.56,10.68,10.43,1362726.73,1467776.09,0.9814126394052044,,0.0
2025-08-14,10.53,10.34,10.63,10.34,1214472.78,1296238.894,0.9810246679316889,,0.0
2025-08-15,10.36,10.5,10.56,10.3,1206847.45,1285011.04,0.9813084112149534,,0.0
2025-08-18,10.55,10.77,10.95,10.55,2083108.48,2290981.508,0.9817684594348224,,0.0
2025-08-19,10.83,10.74,10.93,10.7,1417085.27,1559813.897,0.9817184643510056,,0.0
2025-08-20,10.72,11.08,11.1,10.62,2073319.58,2297155.619,0.9822695035460992,,0.0
2025-08-21,11.08,10.97,11.15,10.9,1417865.31,1590636.521,0.982094897045658,,0.0
2025-08-22,10.99,11.37,11.38,10.92,2253945.18,2573617.826,0.982713915298185,,0.0
2025-08-25,11.34,11.35,11.54,11.2,1931932.41,2231769.53,0.9826839826839828,,0.0
2025-08-26,11.29,11.47,11.73,11.260000000000002,1992147.42,2327117.428,0.9828620394173094,,0.0
2025-08-27,11.89,11.33,12.02,11.33,2990469.75,3550602.705,0.9826539462272332,,0.0
2025-08-28,11.33,11.58,11.58,11.03,2454268.17,2827641.059,0.9830220713073006,,0.0
2025-08-29,11.5,11.4,11.57,11.33,1289516.38,1498936.361,0.9827586206896552,,0.0
2025-09-01,11.47,11.28,11.58,11.16,1271046.62,1461825.229,0.9825783972125436,,0.0
2025-09-02,11.2,10.9,11.25,10.83,1584975.11,1772867.025,0.981981981981982,,0.0
2025-09-03,10.92,10.69,11.31,10.6,1736413.02,1926632.079,0.9816345270890726,,0.0
2025-09-04,10.71,10.38,10.85,10.23,1484837.98,1595247.515,0.9810964083175804,,0.0
2025-09-05,10.4,10.52,10.55,10.21,1228950.77,1298693.3,0.9813432835820896,,0.0
2025-09-08,10.47,10.69,10.94,10.44,1472327.54,1601612.506,0.9816345270890726,,0.0
2025-09-09,10.56,10.38,10.63,10.35,1132931.21,1208228.451,0.9810964083175804,,0.0
2025-09-10,10.39,10.5,10.65,10.36,905848.12,970190.913,0.9813084112149534,,0.0
2025-09-11,10.48,10.75,10.79,10.35,1359730.64,1470069.132,0.9817351598173516,,0.0
2025-09-12,10.71,10.68,10.9,10.68,1059624.06,1162405.396,0.9816176470588236,,0.0
2025-09-15,10.66,10.64,10.73,10.61,720209.29,782237.49,0.981549815498155,,0.0
2025-09-16,10.65,10.86,10.92,10.65,1229613.78,1350725.107,0.9819168173598554,,0.0
2025-09-17,10.89,10.82,10.89,10.71,873255.14,959541.793,0.9818511796733213,,0.0
2025-09-18,10.8,10.69,11.13,10.58,1764281.25,1960597.415,0.9816345270890726,,0.0
2025-09-19,10.69,10.69,10.94,10.66,1153038.02,1267864.899,0.9816345270890726,,0.0
2025-09-22,10.82,11.07,11.18,10.79,2045159.56,2294760.937,0.9822537710736468,,0.0
2025-09-23,10.98,10.71,11.010000000000002,10.4,2018952.5,2190351.373,0.9816681943171404,,0.0
2025-09-24,10.6,11.25,11.46,10.56,2830617.41,3215770.114,0.9825327510917032,,0.0
2025-09-25,11.15,11.39,11.53,11.12,2192220.57,2534916.188,0.9827437446074202,,0.0
2025-09-26,11.29,10.95,11.39,10.95,1541244.47,1745463.522,0.9820627802690584,,0.0
2025-09-29,10.95,10.92,11.06,10.81,969903.52,1077740.206,0.9820143884892087,,0.0
2025-09-30,11.05,11.21,11.34,11.04,1544378.77,1746565.081,0.991158267020336,,0.0
2025-10-09,11.2,11.52,11.72,11.13,1902864.01,2191879.728,0.991394148020654,,0.0
2025-10-10,11.37,10.98,11.39,10.96,1902536.33,2127645.33,0.9909747292418772,,0.0
2025-10-13,10.7,11.06,11.25,10.7,1353862.55,1497998.787,0.9910394265232976,,0.0
2025-10-14,11.04,10.68,11.1,10.62,1574790.5,1721978.316,0.9907235621521336,,0.0
2025-10-15,10.69,10.74,10.79,10.53,961197.68,1035727.657,0.9907749077490776,,0.0
2025-10-16,10.68,10.53,10.7,10.46,935050.81,996748.809,0.9905926622765756,,0.0
2025-10-17,10.52,10.14,10.52,10.11,1017299.75,1058491.9,0.990234375,,0.0
2025-10-20,10.3,10.22,10.37,10.18,710785.84,737259.477,0.9903100775193798,,0.0
2025-10-21,10.23,10.28,10.31,10.17,589179.99,610261.323,0.9903660886319846,,0.0
2025-10-22,10.34,10.32,10.61,10.3,788359.55,828531.341,0.9904030710172744,,0.0
2025-10-23,10.26,10.33,10.33,10.1,699628.86,720006.023,0.990412272291467,,0.0
2025-10-24,10.33,10.35,10.4,10.31,563802.63,589221.139,0.9904306220095694,,0.0
2025-10-27,10.43,10.39,10.48,10.35,672759.76,706488.078,0.990467111534795,,0.0
2025-10-28,10.4,10.46,10.54,10.35,784407.04,828759.032,0.9905303030303032,,0.0
2025-10-29,10.48,10.49,10.49,10.33,660602.98,693407.953,0.9905571293673276,,0.0
2025-10-30,10.49,10.78,11.07,10.41,2057219.75,2234392.819,0.9908088235294118,,0.0
2025-10-31,10.99,11.87,11.87,10.99,4286076.09,5036153.398,0.9916457811194652,,0.0
2025-11-03,12.45,12.77,12.98,12.24,7306527.05,9321086.44,0.9922299922299924,,0.0
2025-11-04,12.65,13.01,13.02,12.5,5059156.28,6500351.639,0.992372234935164,,0.0
2025-11-05,12.65,12.62,12.81,12.19,4220905.07,5322055.19,0.9921383647798744,,0.0
2025-11-06,12.62,12.82,12.99,12.29,4398342.8,5606586.089,0.9922600619195048,,0.0
2025-11-07,12.73,12.28,12.78,12.28,3162068.97,3971155.086,0.9919224555735056,,0.0
2025-11-10,12.35,12.83,13.0,12.21,3822107.01,4882826.503,0.9922660479505028,,0.0
2025-11-11,12.66,12.9,13.74,12.57,4223912.52,5569353.612,0.9923076923076924,,0.0
2025-11-12,12.9,12.8,13.17,12.6,2638921.59,3404823.5,0.992248062015504,,0.0
2025-11-13,12.8,13.02,13.1,12.66,2361603.4,3061594.987,0.992378048780488,,0.0
2025-11-14,12.8,12.19,12.8,12.19,2846434.26,3557890.042,0.9918633034987796,,0.0
2025-11-17,12.2,13.42,13.42,12.2,5041918.0,6658614.847,0.992603550295858,,0.0
2025-11-18,13.6,13.92,14.14,13.23,6768512.68,9336971.025,0.9928673323823112,,0.0
2025-11-19,13.8,13.53,13.86,13.31,3570392.13,4863514.704,0.992663242846662,,0.0
2025-11-20,13.53,12.91,13.58,12.9,2833144.13,3763622.939,0.9923136049192928,,0.0
2025-11-21,12.85,12.51,13.11,12.4,3077231.4,3930513.04,0.9920697858842188,,0.0
2025-11-24,12.71,13.77,13.77,12.4,4778201.28,6366474.502,0.992790194664744,,0.0
2025-11-25,13.77,13.93,14.29,13.6,5318347.07,7480576.137,0.992872416250891,,0.0
2025-11-26,13.93,13.61,14.0,13.53,3076000.46,4249227.355,0.9927060539752006,,0.0
2025-11-27,13.51,13.29,13.73,13.2,2277749.74,3083454.019,0.9925317401045556,,0.0
2025-11-28,13.25,13.52,13.97,13.25,2924310.89,4016925.269,0.9926578560939796,,0.0
2025-12-01,13.4,13.16,13.46,13.04,2446096.08,3255648.869,0.9924585218702866,,0.0
2025-12-02,13.16,12.83,13.24,12.74,1787150.55,2313764.004,0.9922660479505028,,0.0
2025-12-03,12.78,12.31,12.82,12.25,2033658.23,2545274.359,0.9919419822723612,,0.0
2025-12-04,12.3,12.18,12.42,12.14,1819163.85,2250497.101,0.99185667752443,,0.0
2025-12-05,12.24,12.31,12.32,11.93,1515156.91,1860712.858,0.9919419822723612,,0.0
2025-12-08,12.32,12.28,12.36,12.15,1520056.42,1879886.312,0.9919224555735056,,0.0
2025-12-09,12.24,11.98,12.26,11.95,1482998.1,1802014.103,0.9917218543046358,,0.0
2025-12-10,11.88,11.96,12.0,11.76,1178988.59,1412443.068,0.9917081260364844,,0.0
2025-12-11,11.98,11.44,12.01,11.43,1628094.93,1913950.323,0.9913344887348354,,0.0
2025-12-12,11.44,11.49,11.59,11.38,1019743.65,1180389.528,0.9913718723037102,,0.0
2025-12-15,11.33,11.34,11.53,11.24,863609.14,991667.521,0.9912587412587412,,0.0
2025-12-16,11.3,10.76,11.34,10.73,1929030.69,2137119.819,0.990791896869245,,0.0
2025-12-17,10.15,10.41,10.5,9.9,2985765.13,3076532.635,0.9904852521408184,,0.0
2025-12-18,10.25,10.33,10.49,10.21,1314371.67,1375809.604,0.990412272291467,,0.0
2025-12-19,10.35,10.39,10.44,10.29,918363.93,962880.683,0.990467111534795,,0.0
2025-12-22,10.4,10.41,10.48,10.37,938999.33,987611.937,0.9904852521408184,,0.0
2025-12-23,10.85,10.47,10.86,10.27,2115637.92,2232629.127,0.9905392620624408,,0.0
2025-12-24,10.37,10.41,10.44,10.29,1088058.35,1139770.267,0.9904852521408184,,0.0
2025-12-25,10.36,10.42,10.45,10.34,878973.36,922686.747,0.9904942965779469,,0.0
2025-12-26,10.38,10.79,11.04,10.34,2336434.04,2512805.015,0.9908172635445364,,0.0
2025-12-29,10.78,10.59,10.79,10.54,1291625.68,1386598.382,0.9906454630495792,,0.0
2025-12-30,10.59,10.75,10.95,10.58,1542484.94,1675240.104,0.9907834101382488,,0.0
2025-12-31,10.74,11.07,11.26,10.68,2245375.09,2503351.7,0.991047448522829,,0.0
2026-01-05,11.07,11.31,11.47,11.03,2216499.19,2509557.256,0.9912357581069238,,0.0
2026-01-06,11.21,11.18,11.21,11.05,2187110.21,2454248.755,0.9911347517730495,,0.0
2026-01-07,11.11,11.13,11.31,11.05,1641554.07,1851042.034,0.9910952804986644,,0.0
2026-01-08,11.2,11.32,11.53,11.15,1877113.83,2144630.569,0.9912434325744308,,0.0
2026-01-09,11.23,12.04,12.13,11.23,3144713.17,3738760.248,0.9917627677100496,,0.0
2026-01-12,12.48,13.25,13.25,12.45,4733528.95,6188864.911,0.99250936329588,,0.0
2026-01-13,13.69,13.06,13.89,12.85,5581354.89,7494619.766,0.9924012158054712,,0.0
2026-01-14,12.9,13.5,14.25,12.89,5267735.74,7227166.627,0.9926470588235294,,0.0
2026-01-15,13.89,13.7,14.58,13.45,4722581.86,6594813.902,0.992753623188406,,0.0
2026-01-16,13.09,12.97,14.0,12.95,4078535.87,5469591.784,0.9923488905891354,,0.0
2026-01-19,12.85,12.49,13.01,12.42,2681101.68,3415046.861,0.9920571882446386,,0.0
2026-01-20,12.59,12.19,12.65,12.07,1969456.64,2437411.14,0.9918633034987796,,0.0
2026-01-21,12.09,12.03,12.38,12.0,1809471.54,2217148.926,0.9917559769167354,,0.0
2026-01-22,12.12,12.15,12.28,12.03,1613441.81,1975969.718,0.9918367346938776,,0.0
2026-01-23,12.14,12.42,12.56,12.09,2209223.19,2751770.617,0.9920127795527156,,0.0
2026-01-26,12.42,11.96,12.53,11.8,2124865.16,2581770.913,0.9917081260364844,,0.0
2026-01-27,12.19,12.26,12.42,11.92,2583544.78,3174359.136,0.9919093851132686,,0.0
2026-01-28,12.18,12.02,12.53,12.0,2381314.18,2943238.364,0.9917491749174918,,0.0
2026-01-29,11.94,12.44,12.89,11.8,3836421.98,4845560.748,0.9920255183413078,,0.0
2026-01-30,12.35,12.04,12.45,11.96,2191862.59,2679726.844,0.9917627677100496,,0.0
2026-02-02,12.5,12.31,13.18,12.31,3547474.55,4530480.811,0.9919419822723612,,0.0
2026-02-03,12.5,12.57,12.68,12.24,2394536.95,3014408.744,0.9921073401736386,,0.0
2026-02-04,12.39,12.18,12.53,11.96,2382709.57,2919191.083,0.99185667752443,,0.0
2026-02-05,11.98,11.74,12.09,11.71,1772363.5,2117051.254,0.991554054054054,,0.0
2026-02-06,11.6,11.64,11.8,11.41,1292086.32,1516274.292,0.9914821124361158,,0.0
2026-02-09,11.86,12.81,12.81,11.73,3561389.72,4470514.657,0.9922540666150272,,0.0
2026-02-10,12.97,13.05,13.12,12.71,4248730.12,5533158.012,0.9923954372623576,,0.0
2026-02-11,12.9,12.71,13.0,12.65,1943843.34,2502491.128,0.9921935987509758,,0.0
2026-02-12,12.69,13.02,13.16,12.65,2458721.78,3195399.891,0.992378048780488,,0.0
2026-02-13,12.81,12.8,13.24,12.78,1917661.52,2504730.469,0.992248062015504,,0.0
2026-02-24,12.9,12.66,13.04,12.37,1792096.21,2274499.268,0.9921630094043888,,0.0
2026-02-25,12.6,12.49,12.7,12.41,1590230.38,2007231.865,0.9920571882446386,,0.0
2026-02-26,12.47,12.23,12.48,12.2,1451565.49,1798256.094,0.9918896999188972,,0.0
2026-02-27,12.11,12.3,12.41,12.11,1289790.14,1596378.155,0.9919354838709676,,0.0
2026-03-02,11.98,11.88,12.14,11.8,1560626.52,1877202.864,0.991652754590985,,0.0
2026-03-03,11.94,11.27,12.03,11.23,1781943.39,2076468.583,0.9912049252418644,,0.0
2026-03-04,11.04,11.16,11.36,11.03,973705.57,1099504.77,0.9911190053285968,,0.0
2026-03-05,11.37,11.35,11.43,11.27,991237.73,1135700.859,0.9912663755458516,,0.0
2026-03-06,11.3,11.43,11.47,11.26,794716.43,912775.759,0.9913269731136168,,0.0
2026-03-09,11.41,11.96,12.04,11.3,2359998.51,2787380.049,0.9917081260364844,,0.0
2026-03-10,12.08,12.49,12.85,12.0,2932656.5,3668685.587,0.9920571882446386,,0.0
2026-03-11,12.6,12.45,12.77,12.28,2441234.4,3068074.701,0.9920318725099602,,0.0
2026-03-12,12.3,12.5,12.65,12.24,1860421.45,2336231.468,0.992063492063492,,0.0
2026-03-13,12.38,11.9,12.44,11.88,1824605.21,2213883.222,0.9916666666666668,,0.0
2026-03-16,12.06,12.02,12.15,11.86,1182502.21,1431568.193,0.9917491749174918,,0.0
2026-03-17,12.0,11.52,12.01,11.51,1329665.62,1571454.095,0.991394148020654,,0.0
2026-03-18,11.64,11.81,11.82,11.52,1060833.66,1248403.397,0.9916036943744752,,0.0
2026-03-19,11.55,11.54,11.61,11.34,1099358.23,1273511.601,0.9914089347079038,,0.0
2026-03-20,11.53,11.06,11.59,11.06,1100224.76,1249006.955,0.9910394265232976,,0.0
2026-03-23,10.87,10.48,10.93,10.36,1236891.7,1330057.856,0.9905482041587902,,0.0
2026-03-24,10.66,10.71,10.73,10.42,891497.08,952989.733,0.9907493061979648,,0.0
2026-03-25,10.81,10.91,10.97,10.74,898703.54,987509.712,0.9909173478655768,,0.0
2026-03-26,10.85,10.6,10.92,10.56,759396.74,821452.061,0.9906542056074766,,0.0
2026-03-27,10.42,10.67,10.72,10.41,552340.04,591309.434,0.9907149489322192,,0.0
2026-03-30,10.46,10.68,10.69,10.32,654718.01,694439.509,0.9907235621521336,,0.0
2026-03-31,10.63,10.6,10.81,10.53,652645.96,702674.408,0.9906542056074766,,0.0
2026-04-01,10.8,10.73,10.83,10.65,732265.75,792210.244,0.9907663896583564,,0.0
2026-04-02,10.63,10.41,10.64,10.36,689922.18,729799.901,0.9904852521408184,,0.0
2026-04-03,10.44,10.18,10.48,10.15,588454.89,608385.227,0.990272373540856,,0.0
2026-04-07,10.18,10.19,10.28,10.13,503489.58,519291.675,0.9902818270165208,,0.0
2026-04-08,10.45,10.92,10.96,10.43,1386670.41,1497081.5,0.9909255898366608,,0.0
2026-04-09,10.72,10.64,10.75,10.58,803132.68,864644.594,0.9906890130353818,,0.0
2026-04-10,10.79,10.77,10.95,10.76,829020.49,905995.104,0.9908003679852806,,0.0
2026-04-13,10.62,10.82,10.87,10.6,601079.75,654580.245,0.9908424908424908,,0.0
2026-04-14,10.95,10.89,11.05,10.79,731493.77,805059.978,0.9909008189262968,,0.0
2026-04-15,10.97,10.75,10.98,10.7,666849.28,727718.604,0.9907834101382488,,0.0
2026-04-16,10.8,10.93,10.95,10.79,795371.1,874191.843,0.9909338168631008,,0.0
2026-04-17,10.85,10.93,10.95,10.83,589380.8,648306.844,0.9909338168631008,,0.0
2026-04-20,10.91,11.09,11.16,10.88,735735.48,820844.941,0.9910634495084898,,0.0
2026-04-21,11.08,10.93,11.09,10.85,569822.01,627834.765,0.9909338168631008,,0.0
2026-04-22,10.85,10.99,10.99,10.81,668002.8,736424.517,0.9909828674481516,,0.0
2026-04-23,10.99,10.87,11.15,10.83,811837.43,898000.322,0.9908842297174112,,0.0
2026-04-24,10.79,10.93,10.98,10.61,815081.0,887365.758,0.9909338168631008,,0.0
2026-04-27,10.86,11.02,11.07,10.7,708066.9,780741.268,0.9910071942446044,,0.0
2026-04-28,11.07,10.78,11.09,10.71,795733.27,872591.115,0.9908088235294118,,0.0
2026-04-29,10.72,10.86,10.91,10.7,693567.87,757946.744,0.9908759124087592,,0.0
2026-04-30,11.25,11.07,11.32,11.05,1317715.05,1483989.579,0.991047448522829,,0.0
2026-05-06,11.18,11.35,11.45,11.15,1347894.62,1544523.929,0.9912663755458516,,0.0
2026-05-07,11.41,11.61,11.65,11.26,1383894.64,1600598.966,0.9914602903501282,,0.0
2026-05-08,11.81,11.56,12.0,11.53,1562440.18,1843332.353,0.9914236706689538,,0.0
2026-05-11,11.5,11.58,11.73,11.5,1223022.27,1428755.719,0.9914383561643836,,0.0
2026-05-12,11.57,11.3,11.58,11.26,1062269.18,1216468.104,0.9912280701754388,,0.0
2026-05-13,11.26,11.38,11.4,11.1,956047.11,1087788.645,0.9912891986062718,,0.0
2026-05-14,11.46,10.97,11.54,10.97,1056075.44,1190437.127,0.99096657633243,,0.0
2026-05-15,10.98,10.88,11.17,10.84,985860.78,1095186.244,0.9908925318761383,,0.0
2026-05-18,10.75,10.96,11.06,10.73,801603.47,884103.772,0.9909584086799276,,0.0
2026-05-19,10.95,11.09,11.15,10.86,743045.85,827905.464,0.9910634495084898,,0.0
2026-05-20,11.02,10.83,11.08,10.79,736678.88,809457.648,0.9908508691674291,,0.0
2026-05-21,10.9,10.5,11.05,10.45,1054346.27,1146806.321,0.9905660377358492,,0.0
2026-05-22,10.57,10.61,10.63,10.33,942991.33,998125.938,0.9906629318394023,,0.0
2026-05-25,10.67,10.69,10.75,10.51,720943.35,774381.453,0.9907321594068582,,0.0
2026-05-26,10.61,10.66,10.77,10.44,748781.12,802439.386,0.9907063197026024,,0.0
2026-05-27,10.64,10.39,10.75,10.34,928823.53,988795.409,0.990467111534795,,0.0
2026-05-28,10.3,10.28,10.35,10.02,1007991.71,1036752.604,0.9903660886319846,,0.0
2026-05-29,10.37,10.0,10.5,10.0,1027139.52,1063926.845,0.99009900990099,,0.0
2026-06-01,10.0,10.4,10.62,10.0,1383789.82,1450830.881,0.9904761904761904,,0.0
2026-06-02,10.53,10.25,10.53,10.12,831823.97,860043.418,0.9903381642512078,,0.0
2026-06-03,10.18,10.12,10.27,10.06,663816.3,680783.435,0.990215264187867,,0.0
2026-06-04,10.02,9.78,10.05,9.76,979564.94,975001.86,0.9898785425101216,,0.0
2026-06-05,9.88,9.79,9.95,9.66,668083.84,656945.617,1.0,,0.0
2026-06-08,9.5,9.39,9.68,9.3,757164.0,717499.133,1.0,,0.0
2026-06-09,9.45,9.55,9.59,9.3,632701.17,600095.421,1.0,,0.0
2026-06-10,9.47,9.34,9.6,9.3,607786.21,572258.002,1.0,,0.0
2026-06-11,9.24,9.0,9.26,8.88,832042.75,749248.058,1.0,,0.0
2026-06-12,9.1,9.16,9.29,9.02,789842.52,724708.198,1.0,,0.0
2026-06-15,9.3,9.36,9.46,9.28,658261.95,615702.81,1.0,,0.0
2026-06-16,9.36,9.32,9.37,9.24,514499.62,478812.874,1.0,,0.0
2026-06-17,9.29,9.22,9.32,9.14,561626.67,516920.696,1.0,,0.0
2026-06-18,9.18,9.37,9.5,9.1,854040.93,800431.221,1.0,,0.0
2026-06-22,9.31,9.58,9.6,9.25,1009988.67,952895.601,1.0,,0.0
2026-06-24,8.97,8.96,9.0,8.71,1199322.21,1064383.862,1.0,,0.0
2026-06-25,8.93,8.95,9.06,8.8,830331.66,743524.381,1.0,,0.0
2026-06-26,8.84,8.48,8.87,8.47,993095.77,855619.907,1.0,,0.0
2026-06-29,8.48,8.46,8.64,8.35,660021.75,559606.367,1.0,,0.0
2026-06-30,8.47,8.69,8.77,8.46,774059.99,670182.542,1.0,,0.0
2026-07-01,8.68,8.83,8.97,8.65,766772.91,677779.707,1.0,,0.0
2026-07-03,8.65,8.71,8.79,8.63,600811.44,523438.562,1.0,,0.0
2026-07-06,8.66,8.55,8.78,8.55,637423.06,551477.862,1.0,,0.0
2026-07-07,8.55,8.34,8.62,8.32,558823.95,472513.56,1.0,,0.0
2026-07-08,8.33,8.66,8.87,8.26,1170454.76,1005718.427,1.0,,0.0
2026-07-09,8.6,8.84,8.88,8.46,1086802.84,951304.361,1.0,,0.0
2026-07-10,8.77,9.06,9.53,8.72,1513333.49,1383615.968,1.0,,0.0
2026-07-14,8.91,8.82,8.98,8.55,996527.67,867701.144,1.0,,0.0
2026-07-15,8.76,9.0,9.25,8.75,1159957.85,1045747.958,1.0,,0.0
2026-07-16,8.92,9.05,9.16,8.84,1008864.21,909815.766,1.0,,0.0
2026-07-17,8.99,8.6,9.21,8.58,1096866.43,964710.698,1.0,,0.0
2026-07-20,8.64,8.76,8.8,8.53,906795.86,786907.455,1.0,,0.0
2026-07-21,8.71,8.98,9.01,8.68,1188297.77,1056493.038,1.0,,0.0
2026-07-22,8.9,9.09,9.33,8.78,1578673.71,1420639.781,1.0,,0.0
2026-07-23,8.91,8.85,8.93,8.75,1119384.19,987193.858,1.0,,0.0
2026-07-24,8.73,8.43,8.75,8.41,901625.49,772393.826,1.0,,0.0
2026-07-27,8.39,8.66,8.67,8.27,822278.6,702076.531,1.0,,0.0
2026-07-28,8.57,8.68,8.78,8.54,686707.29,597519.038,1.0,,0.0
2026-07-29,8.75,8.79,9.01,8.57,962165.59,842774.146,1.0,,0.0
2026-07-30,8.7,8.81,8.99,8.68,1008136.4,892911.446,1.0,,0.0
2026-07-31,8.88,9.33,9.52,8.88,2205865.74,2042900.411,1.0,,0.0
2026-08-03,9.28,9.5,9.75,9.27,1891480.94,1802576.017,1.0,,0.0
2026-08-04,9.6,9.71,9.8,9.48,1527328.28,1475516.853,1.0,,0.0
2026-08-05,9.66,9.82,10.07,9.62,1550506.04,1527205.175,1.0,,0.0
2026-08-06,9.68,9.86,10.0,9.62,1464656.63,1438525.583,1.0,,0.0
2026-08-07,9.8,9.64,9.8,9.46,1339135.9,1286562.164,1.0,,0.0
2026-08-10,9.64,9.61,9.71,9.49,805401.66,772538.832,1.0,,0.0
2026-08-11,9.65,9.67,9.87,9.52,1028128.64,998561.097,1.0,,0.0
2026-08-12,9.68,9.58,9.75,9.51,745151.01,716576.065,1.0,1.0646,0.0
2026-08-13,9.58,9.39,9.8,9.38,1045598.55,1001518.221,1.0,1.49,0.0
2026-08-14,9.38,9.47,9.6,9.25,803435.76,756353.857,1.0,1.15,0.0
2026-08-17,9.42,9.36,9.45,9.3,951589.78,890795.741,1.0,0.0,0.0
2026-08-18,9.32,9.16,9.32,8.98,1191424.18,1085523.877,1.0,0.0,0.0
2026-08-19,9.06,8.83,9.08,8.79,957825.58,849546.493,1.0,0.0,0.0
2026-08-20,8.84,8.8,8.9,8.74,824793.45,727894.66,1.0,1.1784,1.1784
2026-08-21,8.73,8.76,8.79,8.63,553699.69,483352.426,1.0,0.791,0.791
2026-08-24,8.74,8.57,8.76,8.51,687438.95,590713.13,1.0,0.9821,0.9821
2026-08-25,8.55,8.62,8.65,8.51,543888.28,467615.137,1.0,0.777,0.777
2026-08-26,8.6,8.67,8.71,8.59,600356.7,519890.042,1.0,0.8577,0.8577
2026-08-27,8.67,8.72,8.72,8.61,743026.68,644623.325,1.0,1.0615,1.0615
2026-08-28,8.93,9.3,9.59,8.86,2354718.44,2205186.436,1.0,3.3641,3.3641
2026-08-31,9.1,9.22,9.26,8.91,2568801.42,2334005.636,1.0,3.6699,3.6699
2026-09-01,9.22,9.27,9.44,9.21,1721141.56,1603626.544,1.0,2.4589,2.4589
2026-09-02,9.14,8.99,9.2,8.97,1095635.58,993062.814,1.0,1.5653,1.5653
2026-09-03,9.02,8.89,9.11,8.86,816004.61,730944.369,1.0,1.1658,1.1658
2026-09-04,9.03,8.98,9.25,8.94,1412859.88,1285774.311,1.0,2.0185,2.0185
2026-09-07,8.97,8.97,9.06,8.89,865751.61,773753.742,1.0,1.2369,1.2369
2026-09-08,8.97,8.97,9.08,8.9,756207.84,679318.558,1.0,1.0804,1.0804
2026-09-09,8.91,8.82,8.93,8.77,842976.84,744888.724,1.0,1.2043,1.2043
2026-09-10,8.79,8.71,8.79,8.7,577616.82,504412.883,1.0,0.8252,0.8252
2026-09-11,8.79,8.74,8.83,8.58,899486.66,781172.069,1.0,1.2851,1.2851
2026-09-14,9.14,9.03,9.25,8.98,1981530.44,1803938.808,1.0,2.8309,2.8309
2026-09-15,9.21,8.94,9.35,8.93,1801778.85,1645298.641,1.0,2.5741,2.5741
2026-09-16,8.95,8.78,8.99,8.73,1169651.16,1029328.406,1.0,1.671,1.671
2026-09-17,8.71,8.65,8.79,8.64,773074.03,672639.758,1.0,1.1045,1.1045
