date,open,close,high,low,volume,money,factor,turnover,turnover_free
2021-05-10,13.44,13.39,13.56,13.22,355968.35,562839.801,0.8480050664977834,,0.0
2021-05-11,13.28,13.53,13.64,13.23,373572.37,591080.391,0.8493408662900188,,0.0
2021-05-12,13.47,13.53,13.62,13.43,301512.17,480201.356,0.8493408662900188,,0.0
2021-05-13,13.45,13.44,13.61,13.38,302852.96,480853.601,0.8484848484848485,,0.0
2021-05-14,13.46,14.19,14.3,13.46,1298858.79,2123979.79,0.8553345388788427,,0.0
2021-05-17,13.99,13.88,14.089999999999998,13.78,669198.31,1092312.662,0.8525798525798526,,0.0
2021-05-18,13.88,13.909999999999998,14.05,13.8,346849.98,566721.733,0.8528510116492949,,0.0
2021-05-19,13.909999999999998,13.76,13.95,13.73,343865.34,557618.847,0.8514851485148515,,0.0
2021-05-20,13.8,13.87,14.02,13.71,408369.29,664254.575,0.8524892440073755,,0.0
2021-05-21,13.88,13.74,13.999999999999998,13.7,319099.11,517231.375,0.8513011152416357,,0.0
2021-05-24,13.78,13.929999999999998,14.14,13.78,586635.02,961723.343,0.8530312308634415,,0.0
2021-05-25,13.929999999999998,14.409999999999998,14.51,13.89,1383565.76,2318280.598,0.8572278405710886,,0.0
2021-05-26,14.51,14.38,14.78,14.33,1248549.45,2115218.14,0.8569725864123957,,0.0
2021-05-27,14.42,14.429999999999998,14.65,14.35,604792.42,1019383.721,0.8573975044563279,,0.0
2021-05-28,14.37,14.72,14.86,14.33,1096912.45,1867186.635,0.8598130841121495,,0.0
2021-05-31,14.85,14.77,14.92,14.659999999999998,752981.23,1291544.458,0.860221316249272,,0.0
2021-06-01,14.65,14.47,14.679999999999998,14.33,642343.1,1084055.064,0.8577356253704801,,0.0
2021-06-02,14.53,14.2,14.589999999999998,14.13,547884.57,915414.33,0.8554216867469879,,0.0
2021-06-03,14.2,14.12,14.37,14.089999999999998,455941.34,758380.438,0.8547215496368038,,0.0
2021-06-04,14.06,14.21,14.55,14.02,744291.39,1236774.459,0.8555087296809151,,0.0
2021-06-07,14.19,14.23,14.339999999999998,14.089999999999998,419117.16,697120.643,0.8556825015033073,,0.0
2021-06-08,14.2,14.24,14.38,14.15,464569.19,773327.156,0.8557692307692307,,0.0
2021-06-09,14.24,13.909999999999998,14.31,13.88,602635.09,990973.823,0.8528510116492949,,0.0
2021-06-10,13.909999999999998,13.79,14.02,13.78,581125.38,946626.591,0.8517603458925262,,0.0
2021-06-11,13.83,13.63,13.839999999999998,13.4,964291.51,1541445.478,0.8502807236431691,,0.0
2021-06-15,13.53,13.35,13.55,13.32,518900.24,819428.252,0.8476190476190476,,0.0
2021-06-16,13.39,13.38,13.49,13.28,392601.34,619706.975,0.8479087452471482,,0.0
2021-06-17,13.41,13.31,13.47,13.21,554470.98,872076.653,0.8472310630171865,,0.0
2021-06-18,13.3,13.44,13.47,13.26,491734.5,776770.395,0.8484848484848485,,0.0
2021-06-21,13.41,13.45,13.57,13.36,414986.92,657737.512,0.8485804416403785,,0.0
2021-06-22,13.48,13.44,13.55,13.37,484171.02,766386.443,0.8484848484848485,,0.0
2021-06-23,13.44,13.38,13.45,13.28,496179.72,781547.491,0.8479087452471482,,0.0
2021-06-24,13.4,13.41,13.5,13.32,437951.45,693070.078,0.8481973434535104,,0.0
2021-06-25,13.47,13.65,13.76,13.41,889999.86,1426284.26,0.8504672897196262,,0.0
2021-06-28,13.71,13.5,13.74,13.42,521417.33,831073.405,0.8490566037735849,,0.0
2021-06-29,13.52,13.35,13.54,13.34,446095.19,705452.038,0.8476190476190476,,0.0
2021-06-30,13.36,13.4,13.45,13.27,422617.04,665555.629,0.8481012658227848,,0.0
2021-07-01,13.51,13.48,13.62,13.32,691011.72,1095995.697,0.8488664987405541,,0.0
2021-07-02,13.33,13.15,13.35,13.11,579568.44,903541.676,0.8456591639871383,,0.0
2021-07-05,13.13,13.08,13.17,13.01,389927.79,603412.725,0.8449612403100775,,0.0
2021-07-06,13.08,13.11,13.23,13.03,381835.81,591458.714,0.8452611218568665,,0.0
2021-07-07,13.05,13.11,13.15,13.01,362472.6,561188.661,0.8452611218568665,,0.0
2021-07-08,13.21,13.04,13.23,13.02,369158.87,571674.379,0.844559585492228,,0.0
2021-07-09,13.02,13.04,13.08,12.96,378290.44,583520.253,0.844559585492228,,0.0
2021-07-12,13.18,13.17,13.29,13.1,675062.64,1053363.044,0.8458574181117533,,0.0
2021-07-13,13.18,13.16,13.19,13.06,403254.3,626294.812,0.8457583547557841,,0.0
2021-07-14,13.19,12.99,13.2,12.95,520853.09,802301.776,0.8440545808966862,,0.0
2021-07-15,12.97,13.05,13.1,12.9,470597.18,725843.661,0.8446601941747572,,0.0
2021-07-16,13.08,13.09,13.22,13.0,508466.94,788001.715,0.8450613298902517,,0.0
2021-07-19,13.07,13.04,13.07,12.91,364438.38,560647.348,0.844559585492228,,0.0
2021-07-20,12.95,13.0,13.05,12.94,290969.17,447543.478,0.8441558441558441,,0.0
2021-07-21,13.01,13.04,13.18,12.99,419020.88,648545.973,0.844559585492228,,0.0
2021-07-22,13.1,13.2,13.27,13.04,587450.37,915384.189,0.8461538461538461,,0.0
2021-07-23,13.19,13.24,13.56,13.03,956612.91,1500007.415,0.8465473145780051,,0.0
2021-07-26,13.23,12.97,13.3,12.9,800469.35,1239299.383,0.8438516590761223,,0.0
2021-07-27,12.98,12.29,13.03,12.21,983333.48,1476950.377,0.8366235534377127,,0.0
2021-07-28,12.33,12.18,12.44,12.11,561466.37,825384.402,0.8353909465020576,,0.0
2021-07-29,12.33,12.25,12.36,12.13,487060.55,712866.386,0.8361774744027304,,0.0
2021-07-30,12.2,12.04,12.21,12.01,421636.73,610197.057,0.8337950138504154,,0.0
2021-08-02,12.02,12.51,12.72,11.81,910839.99,1342846.316,0.8390342052313883,,0.0
2021-08-03,12.41,12.54,12.76,12.34,595553.27,889634.698,0.8393574297188755,,0.0
2021-08-04,12.45,12.53,12.59,12.41,343815.76,512081.414,0.8392498325519089,,0.0
2021-08-05,12.46,12.44,12.65,12.39,358090.13,532963.384,0.8382749326145552,,0.0
2021-08-06,12.48,12.29,12.5,12.22,516415.96,739568.755,0.8600419874037789,,0.0
2021-08-09,12.23,12.6,12.73,12.22,665528.16,970424.271,0.863013698630137,,0.0
2021-08-10,12.6,12.83,12.85,12.53,526611.65,774485.625,0.8651382333108564,,0.0
2021-08-11,12.83,12.84,12.97,12.77,524097.2,779729.67,0.8652291105121294,,0.0
2021-08-12,12.77,12.75,12.9,12.71,332354.8,491549.332,0.864406779661017,,0.0
2021-08-13,12.71,12.71,12.85,12.65,434055.4,638757.324,0.8640380693405847,,0.0
2021-08-16,12.8,12.85,12.97,12.77,613064.99,912842.938,0.8653198653198653,,0.0
2021-08-17,12.85,12.85,13.32,12.82,1146274.67,1730205.892,0.8653198653198653,,0.0
2021-08-18,12.85,14.11,14.19,12.82,3021355.68,4744324.787,0.8758535071384234,,0.0
2021-08-19,14.07,14.13,14.88,13.93,3647745.45,5985609.767,0.8760074395536268,,0.0
2021-08-20,14.04,14.3,14.48,13.9,1899313.58,3081471.536,0.8773006134969326,,0.0
2021-08-23,14.45,14.079999999999998,14.739999999999998,14.04,1631348.9,2657658.132,0.8756218905472637,,0.0
2021-08-24,14.010000000000002,14.59,14.88,13.81,2383152.8,3910962.224,0.8794454490657022,,0.0
2021-08-25,14.38,14.420000000000002,14.71,14.32,1282543.85,2110773.033,0.8781973203410475,,0.0
2021-08-26,14.420000000000002,13.96,14.44,13.96,1234833.89,1989085.496,0.87468671679198,,0.0
2021-08-27,13.97,13.79,14.19,13.74,995341.2,1583008.058,0.8733375554148195,,0.0
2021-08-30,14.09,13.95,14.15,13.77,1132741.47,1808262.466,0.8746081504702194,,0.0
2021-08-31,13.96,14.38,14.65,13.73,1655123.81,2686944.806,0.8778998778998779,,0.0
2021-09-01,14.32,15.010000000000002,15.420000000000002,14.28,2830595.1,4793562.424,0.8824221046443269,,0.0
2021-09-02,15.010000000000002,15.6,15.85,14.9,2729880.15,4736135.109,0.8863636363636364,,0.0
2021-09-03,16.3,15.36,16.59,15.260000000000002,2975624.16,5307841.869,0.8847926267281105,,0.0
2021-09-06,15.329999999999998,16.05,16.15,15.29,2246202.03,4023184.595,0.8891966759002771,,0.0
2021-09-07,15.94,16.68,16.86,15.71,2237865.04,4093033.911,0.892933618843683,,0.0
2021-09-08,16.89,16.7,17.36,16.64,2113264.35,4012025.636,0.893048128342246,,0.0
2021-09-09,16.4,16.34,16.55,16.06,1536546.5,2811835.98,0.8909487459105779,,0.0
2021-09-10,16.57,16.98,17.6,16.47,2515471.1,4806554.27,0.8946259220231823,,0.0
2021-09-13,16.94,17.15,17.49,16.87,1486221.8,2850595.247,0.8955613577023499,,0.0
2021-09-14,17.11,16.56,17.24,16.39,1826495.21,3425954.394,0.8922413793103449,,0.0
2021-09-15,16.71,16.09,16.75,16.04,1639739.48,3008422.082,0.8894416804864566,,0.0
2021-09-16,16.29,15.68,16.29,15.579999999999998,1567450.4,2803162.726,0.8868778280542986,,0.0
2021-09-17,15.7,15.96,16.07,15.55,1155442.78,2059533.818,0.888641425389755,,0.0
2021-09-22,15.61,15.77,15.95,15.38,1112849.58,1961495.934,0.887450759707372,,0.0
2021-09-23,15.91,16.01,16.29,15.81,947866.01,1708931.931,0.8889505830094392,,0.0
2021-09-24,16.02,15.75,16.36,15.7,912559.98,1641912.727,0.8873239436619719,,0.0
2021-09-27,15.65,15.18,15.78,14.97,1383138.9,2403171.074,0.8835855646100116,,0.0
2021-09-28,15.23,15.72,15.829999999999998,15.1,1058574.47,1853073.129,0.8871331828442438,,0.0
2021-09-29,15.489999999999998,15.16,15.489999999999998,14.829999999999998,1204641.42,2066101.222,0.8834498834498834,,0.0
2021-09-30,15.2,14.989999999999998,15.239999999999998,14.85,781690.93,1329560.764,0.8822836962919364,,0.0
2021-10-08,15.18,15.32,15.510000000000002,15.13,685121.37,1184940.477,0.8845265588914549,,0.0
2021-10-11,15.35,15.07,15.46,15.010000000000002,662035.65,1138727.087,0.8828353837141183,,0.0
2021-10-12,14.98,14.46,14.98,14.18,1432460.36,2363532.557,0.8784933171324423,,0.0
2021-10-13,14.43,14.29,14.55,14.16,736120.71,1204704.641,0.8772252915899325,,0.0
2021-10-14,14.32,14.31,14.37,14.06,604507.53,981241.458,0.8773758430410791,,0.0
2021-10-15,14.27,14.28,14.43,14.16,566611.43,923426.604,0.8771498771498771,,0.0
2021-10-18,14.35,14.329999999999998,14.45,14.2,534185.96,872230.132,0.8775260257195346,,0.0
2021-10-19,14.260000000000002,14.36,14.53,14.23,675173.02,1106964.253,0.8777506112469438,,0.0
2021-10-20,14.44,14.15,14.489999999999998,14.11,725743.9,1179245.366,0.8761609907120743,,0.0
2021-10-21,14.18,14.27,14.5,14.170000000000002,772050.32,1260896.352,0.8770743700061463,,0.0
2021-10-22,14.3,14.329999999999998,14.44,14.21,500236.86,816055.03,0.8775260257195346,,0.0
2021-10-25,14.34,14.48,14.57,14.15,752353.58,1230195.227,0.8786407766990292,,0.0
2021-10-26,14.39,14.1,14.44,14.079999999999998,772107.57,1253817.816,0.8757763975155279,,0.0
2021-10-27,14.12,13.71,14.12,13.5,1075015.81,1691626.901,0.8726925525143221,,0.0
2021-10-28,13.66,13.7,13.88,13.58,542492.37,854229.735,0.8726114649681529,,0.0
2021-10-29,13.7,13.87,13.99,13.32,783994.47,1231003.028,0.8739760554505356,,0.0
2021-11-01,13.89,14.170000000000002,14.22,13.69,760686.21,1221089.086,0.8763141620284478,,0.0
2021-11-02,14.1,13.81,14.260000000000002,13.64,729069.11,1158624.918,0.8734977862112587,,0.0
2021-11-03,13.81,13.7,13.89,13.61,488959.32,768725.006,0.8726114649681529,,0.0
2021-11-04,13.77,13.59,13.84,13.52,646935.57,1010974.574,0.8717126363053239,,0.0
2021-11-05,13.57,13.49,13.66,13.47,470054.77,731090.814,0.8708844415752098,,0.0
2021-11-08,13.5,13.53,13.68,13.42,495219.63,768446.324,0.871216999356085,,0.0
2021-11-09,13.59,13.57,13.59,13.38,525802.97,814390.762,0.8715478484264612,,0.0
2021-11-10,13.52,13.42,13.53,13.25,615505.23,946103.022,0.8702983138780804,,0.0
2021-11-11,13.38,13.9,14.02,13.37,1338212.38,2109525.152,0.8742138364779874,,0.0
2021-11-12,13.88,14.079999999999998,14.14,13.75,792970.64,1264958.225,0.8756218905472637,,0.0
2021-11-15,14.13,13.83,14.13,13.75,667417.42,1059952.097,0.8736576121288693,,0.0
2021-11-16,13.8,13.74,13.96,13.65,546580.22,862439.348,0.8729351969504447,,0.0
2021-11-17,13.75,13.62,13.8,13.6,553592.83,867972.625,0.8719590268886044,,0.0
2021-11-18,13.6,13.41,13.62,13.39,601013.49,929973.892,0.8702141466580143,,0.0
2021-11-19,13.41,13.69,13.78,13.36,849744.83,1323524.74,0.8725302740599108,,0.0
2021-11-22,13.65,13.72,13.89,13.61,697389.13,1098582.889,0.8727735368956743,,0.0
2021-11-23,13.73,14.2,14.45,13.65,1656160.8,2676436.828,0.8765432098765432,,0.0
2021-11-24,14.11,14.2,14.329999999999998,14.05,780399.87,1262894.251,0.8765432098765432,,0.0
2021-11-25,14.19,14.22,14.31,14.11,531730.35,861137.981,0.8766954377311961,,0.0
2021-11-26,14.19,13.9,14.21,13.87,751565.39,1200342.386,0.8742138364779874,,0.0
2021-11-29,13.67,13.64,13.79,13.57,702612.03,1100446.386,0.8721227621483376,,0.0
2021-11-30,13.7,13.82,13.87,13.67,583101.99,919854.602,0.8735777496839444,,0.0
2021-12-01,13.75,14.23,14.27,13.73,897372.5,1443777.479,0.8767714109673445,,0.0
2021-12-02,14.16,14.4,14.579999999999998,14.12,1092330.68,1791364.301,0.8780487804878049,,0.0
2021-12-03,14.38,14.43,14.52,14.16,772906.42,1263945.192,0.8782714546561169,,0.0
2021-12-06,14.579999999999998,14.920000000000002,15.68,14.510000000000002,2405650.23,4127409.687,0.8817966903073287,,0.0
2021-12-07,15.15,14.98,15.16,14.77,1296712.13,2201071.969,0.8822143698468787,,0.0
2021-12-08,15.02,15.12,15.19,14.85,1025241.21,1747191.846,0.883177570093458,,0.0
2021-12-09,15.079999999999998,15.28,15.57,15.03,1452254.86,2513815.041,0.8842592592592593,,0.0
2021-12-10,15.079999999999998,14.96,15.1,14.84,1080033.47,1831695.893,0.8820754716981132,,0.0
2021-12-13,15.25,15.11,15.54,15.1,1323651.05,2290914.475,0.8831092928112215,,0.0
2021-12-14,14.97,15.09,15.260000000000002,14.91,695692.3,1188006.194,0.8829724985371562,,0.0
2021-12-15,15.079999999999998,15.21,15.35,15.05,805484.83,1388970.907,0.8837884950610111,,0.0
2021-12-16,15.28,15.38,15.4,15.12,683197.04,1182075.659,0.8849252013808976,,0.0
2021-12-17,15.4,15.16,15.46,15.15,696782.94,1205204.316,0.8834498834498834,,0.0
2021-12-20,15.02,14.85,15.21,14.82,680118.23,1156022.593,0.8813056379821959,,0.0
2021-12-21,14.86,15.27,15.41,14.86,819997.67,1410702.193,0.8841922408801389,,0.0
2021-12-22,15.3,15.23,15.329999999999998,15.13,539680.6,930542.863,0.8839233894370284,,0.0
2021-12-23,15.25,15.260000000000002,15.4,15.13,514989.04,889512.942,0.884125144843569,,0.0
2021-12-24,15.32,15.16,15.39,15.13,476863.79,822659.918,0.8834498834498834,,0.0
2021-12-27,15.170000000000002,15.329999999999998,15.329999999999998,15.09,459236.88,792369.164,0.8845931909982689,,0.0
2021-12-28,15.329999999999998,15.36,15.44,15.14,576633.74,996562.768,0.8847926267281105,,0.0
2021-12-29,15.39,15.25,15.44,15.22,474022.14,821418.681,0.8840579710144928,,0.0
2021-12-30,15.2,15.69,15.88,15.2,995975.17,1759101.161,0.8869417750141323,,0.0
2021-12-31,15.75,15.760000000000002,15.84,15.62,615418.26,1091333.844,0.8873873873873874,,0.0
2022-01-04,15.760000000000002,15.65,15.79,15.4,660070.3,1161432.402,0.886685552407932,,0.0
2022-01-05,15.65,15.420000000000002,15.77,15.38,769467.06,1349631.209,0.8851894374282434,,0.0
2022-01-06,15.3,15.010000000000002,15.35,14.89,1041285.27,1778459.823,0.8824221046443269,,0.0
2022-01-07,15.1,15.29,15.59,15.079999999999998,805140.72,1397137.375,0.8843262001156738,,0.0
2022-01-10,15.38,15.39,15.68,15.32,653827.9,1141609.693,0.8849913743530765,,0.0
2022-01-11,15.34,15.2,15.57,15.13,647094.26,1120196.332,0.8837209302325582,,0.0
2022-01-12,15.22,15.21,15.260000000000002,14.98,572170.38,979598.61,0.8837884950610111,,0.0
2022-01-13,15.32,15.16,15.62,15.15,827652.08,1439470.874,0.8834498834498834,,0.0
2022-01-14,15.0,14.760000000000002,15.079999999999998,14.739999999999998,932403.05,1576657.08,0.8806682577565632,,0.0
2022-01-17,14.73,15.03,15.07,14.68,735497.89,1239647.997,0.8825601879036994,,0.0
2022-01-18,15.0,15.15,15.28,14.88,595462.14,1017922.587,0.8833819241982507,,0.0
2022-01-19,15.19,15.510000000000002,15.97,15.19,1608144.76,2845548.564,0.8857795545402627,,0.0
2022-01-20,15.52,16.16,16.5,15.48,2149564.95,3892223.955,0.8898678414096917,,0.0
2022-01-21,16.02,16.01,16.35,15.96,1088242.49,1971070.517,0.8889505830094392,,0.0
2022-01-24,16.01,16.33,16.4,15.93,1243673.74,2266863.294,0.8908892525913802,,0.0
2022-01-25,16.2,15.68,16.28,15.64,953998.18,1709282.491,0.8868778280542986,,0.0
2022-01-26,15.7,16.17,16.34,15.7,1093749.08,1973451.205,0.8899284534947716,,0.0
2022-01-27,16.01,15.54,16.02,15.44,995346.48,1758117.035,0.8859749144811858,,0.0
2022-01-28,15.579999999999998,15.079999999999998,15.75,15.02,855408.66,1488833.611,0.882903981264637,,0.0
2022-02-07,15.35,15.29,15.45,15.18,722700.81,1250195.761,0.8843262001156738,,0.0
2022-02-08,15.27,15.53,15.77,15.06,971048.48,1692001.498,0.8859098687963491,,0.0
2022-02-09,15.47,15.39,15.55,15.31,575334.5,1002137.057,0.8849913743530765,,0.0
2022-02-10,15.39,15.7,15.81,15.32,908677.7,1601302.259,0.8870056497175142,,0.0
2022-02-11,15.61,15.9,16.25,15.61,1014083.62,1824116.65,0.888268156424581,,0.0
2022-02-14,15.73,14.87,15.84,14.78,1457670.11,2498152.441,0.8814463544754001,,0.0
2022-02-15,14.86,15.05,15.15,14.85,554119.6,941742.715,0.8826979472140762,,0.0
2022-02-16,15.15,15.1,15.32,15.0,549587.84,942080.742,0.8830409356725146,,0.0
2022-02-17,15.04,14.85,15.13,14.79,561797.18,951409.103,0.8813056379821959,,0.0
2022-02-18,14.7,14.93,14.95,14.61,527752.14,886341.346,0.8818665091553456,,0.0
2022-02-21,14.9,14.829999999999998,14.94,14.72,595590.36,999675.12,0.88116458704694,,0.0
2022-02-22,14.72,14.41,14.72,14.32,836063.96,1376224.377,0.8781230956733699,,0.0
2022-02-23,14.420000000000002,14.54,14.579999999999998,14.35,531013.58,874521.835,0.879081015719468,,0.0
2022-02-24,14.41,13.95,14.46,13.8,910667.99,1465068.827,0.8746081504702194,,0.0
2022-02-25,14.09,13.9,14.16,13.88,522605.52,836637.98,0.8742138364779874,,0.0
2022-02-28,13.91,13.84,13.93,13.65,542040.47,854591.674,0.8737373737373737,,0.0
2022-03-01,13.89,14.0,14.06,13.82,426300.0,679541.987,0.875,,0.0
2022-03-02,13.89,13.87,14.010000000000002,13.79,424412.22,673513.97,0.8739760554505356,,0.0
2022-03-03,13.92,13.91,14.06,13.87,426854.32,681110.214,0.8742928975487115,,0.0
2022-03-04,13.79,13.67,13.83,13.6,517776.23,812775.784,0.8723675813656668,,0.0
2022-03-07,13.64,13.25,13.65,13.2,695933.02,1070504.475,0.8688524590163934,,0.0
2022-03-08,13.25,12.95,13.39,12.94,671216.75,1019096.125,0.8662207357859532,,0.0
2022-03-09,13.02,12.56,13.11,12.1,894787.55,1313385.114,0.8626373626373627,,0.0
2022-03-10,12.9,12.53,12.95,12.48,866026.14,1274251.673,0.8623537508602891,,0.0
2022-03-11,12.37,12.74,12.8,12.18,809662.47,1174085.547,0.864314789687924,,0.0
2022-03-14,12.55,12.48,12.8,12.45,539498.16,788595.013,0.861878453038674,,0.0
2022-03-15,12.42,11.99,12.63,11.98,839943.94,1200883.182,0.8570407433881344,,0.0
2022-03-16,12.12,12.79,12.94,11.89,1338221.07,1937732.605,0.8647734956051386,,0.0
2022-03-17,12.98,12.73,13.09,12.7,954121.39,1415073.07,0.8642226748133062,,0.0
2022-03-18,12.72,12.91,13.02,12.61,572211.06,848437.742,0.8658618376928237,,0.0
2022-03-21,12.88,12.75,12.88,12.67,553485.27,816634.068,0.864406779661017,,0.0
2022-03-22,12.68,12.75,12.91,12.66,458446.07,677452.475,0.864406779661017,,0.0
2022-03-23,12.79,12.74,12.84,12.64,397844.91,586033.902,0.864314789687924,,0.0
2022-03-24,12.62,12.61,12.73,12.53,348064.29,509042.699,0.8631074606433949,,0.0
2022-03-25,12.6,12.45,12.75,12.44,382049.62,555878.66,0.8615916955017301,,0.0
2022-03-28,12.36,12.58,12.69,12.29,497588.08,721548.092,0.8628257887517147,,0.0
2022-03-29,12.56,12.53,12.64,12.48,249799.72,363612.304,0.8623537508602891,,0.0
2022-03-30,12.62,12.97,13.05,12.61,805326.16,1199043.133,0.8663994655978624,,0.0
2022-03-31,12.9,12.88,13.03,12.82,425708.87,634938.973,0.8655913978494624,,0.0
2022-04-01,12.8,13.03,13.05,12.76,587818.91,878828.296,0.8669328010645376,,0.0
2022-04-06,12.95,13.01,13.03,12.86,533706.68,798112.751,0.8667554963357762,,0.0
2022-04-07,12.96,12.73,13.16,12.73,552577.67,825724.64,0.8642226748133062,,0.0
2022-04-08,12.8,13.02,13.12,12.67,596542.76,890965.469,0.8668442077230359,,0.0
2022-04-11,13.0,12.65,13.0,12.56,518298.02,763963.889,0.863481228668942,,0.0
2022-04-12,12.62,12.93,13.11,12.52,711677.89,1057351.405,0.8660415271265908,,0.0
2022-04-13,12.82,12.73,12.95,12.72,385451.44,570890.066,0.8642226748133062,,0.0
2022-04-14,12.87,12.93,13.03,12.82,520370.19,777950.379,0.8660415271265908,,0.0
2022-04-15,12.83,12.91,13.06,12.8,455595.66,679907.037,0.8658618376928237,,0.0
2022-04-18,12.73,12.51,12.77,12.32,560597.27,813559.646,0.8621640248104755,,0.0
2022-04-19,12.5,12.44,12.58,12.38,309048.42,447413.328,0.8614958448753463,,0.0
2022-04-20,12.49,12.25,12.51,12.15,439302.18,629100.406,0.8596491228070176,,0.0
2022-04-21,12.21,12.17,12.43,12.12,434996.56,620104.4,0.8588567395906845,,0.0
2022-04-22,12.11,12.25,12.38,12.1,373712.84,532873.209,0.8596491228070176,,0.0
2022-04-25,12.0,11.6,12.16,11.58,739740.0,1027285.427,0.8529411764705882,,0.0
2022-04-26,11.61,10.96,11.68,10.87,856116.63,1132840.326,0.845679012345679,,0.0
2022-04-27,10.75,11.08,11.15,10.72,651976.95,843524.256,0.8470948012232415,,0.0
2022-04-28,10.96,10.86,11.03,10.66,568710.96,730862.03,0.8444790046656299,,0.0
2022-04-29,11.15,11.35,11.4,10.92,947146.11,1249489.162,0.850187265917603,,0.0
2022-05-05,11.12,11.19,11.28,11.07,454306.53,599623.821,0.8483699772554966,,0.0
2022-05-06,11.0,10.82,11.05,10.81,410612.36,529766.994,0.84399375975039,,0.0
2022-05-09,10.79,10.87,10.91,10.75,229778.32,295210.089,0.8445998445998446,,0.0
2022-05-10,10.77,11.0,11.09,10.66,472223.8,609815.088,0.8461538461538461,,0.0
2022-05-11,10.99,11.07,11.35,10.97,579756.85,763257.304,0.8469778117827085,,0.0
2022-05-12,11.0,11.11,11.2,10.97,341283.07,445936.376,0.84744469870328,,0.0
2022-05-13,11.15,11.23,11.33,11.1,490123.23,647326.791,0.8488284202569917,,0.0
2022-05-16,11.41,11.05,11.44,10.98,502576.0,660101.514,0.8467432950191571,,0.0
2022-05-17,11.07,11.08,11.16,10.95,318476.99,415645.342,0.8470948012232415,,0.0
2022-05-18,11.13,11.14,11.24,11.09,392992.89,517240.655,0.84779299847793,,0.0
2022-05-19,10.99,11.08,11.09,10.93,295035.46,383694.272,0.8470948012232415,,0.0
2022-05-20,11.16,11.24,11.35,11.12,634947.93,838931.364,0.8489425981873112,,0.0
2022-05-23,11.21,11.26,11.3,11.09,488582.96,644978.148,0.8491704374057315,,0.0
2022-05-24,11.27,10.87,11.33,10.86,518622.16,679426.976,0.8445998445998446,,0.0
2022-05-25,10.87,10.96,10.97,10.87,282052.32,364538.312,0.845679012345679,,0.0
2022-05-26,10.99,11.18,11.28,10.85,501975.05,658079.186,0.8482549317147192,,0.0
2022-05-27,11.25,11.22,11.33,11.11,431541.89,571351.604,0.848714069591528,,0.0
2022-05-30,11.26,11.24,11.28,11.16,339358.14,448874.758,0.8489425981873112,,0.0
2022-05-31,11.25,11.32,11.35,11.15,577411.39,767275.717,0.8498498498498499,,0.0
2022-06-01,11.34,11.26,11.38,11.2,371971.9,494266.243,0.8491704374057315,,0.0
2022-06-02,11.2,11.32,11.37,11.17,367285.45,487544.631,0.8498498498498499,,0.0
2022-06-06,11.28,11.57,11.66,11.22,638389.14,860345.59,0.8526160648489315,,0.0
2022-06-07,11.55,11.56,11.76,11.51,663391.07,904343.565,0.8525073746312685,,0.0
2022-06-08,11.61,11.77,11.91,11.57,799326.97,1097290.032,0.8547567175018156,,0.0
2022-06-09,11.84,11.81,12.06,11.73,874111.65,1214050.749,0.8551774076755974,,0.0
2022-06-10,11.71,12.11,12.13,11.68,1012213.32,1411700.13,0.8582565556343019,,0.0
2022-06-13,11.94,11.89,12.05,11.77,749170.08,1042051.38,0.8560115190784737,,0.0
2022-06-14,11.77,12.41,12.5,11.56,1164297.6,1627146.554,0.861207494795281,,0.0
2022-06-15,12.5,12.82,13.3,12.46,2254001.06,3368361.082,0.865047233468286,,0.0
2022-06-16,12.8,12.3,12.81,12.29,1088785.86,1581859.129,0.8601398601398601,,0.0
2022-06-17,12.15,12.3,12.48,12.0,882445.66,1256495.129,0.8601398601398601,,0.0
2022-06-20,12.35,12.19,12.4,12.15,535927.64,763379.338,0.8590556730091614,,0.0
2022-06-21,12.23,12.46,12.56,12.18,763066.07,1093905.257,0.8616874135546335,,0.0
2022-06-22,12.45,12.29,12.57,12.23,623427.4,895194.159,0.8600419874037789,,0.0
2022-06-23,12.24,12.65,12.85,12.23,844218.98,1227704.703,0.863481228668942,,0.0
2022-06-24,12.61,12.48,12.66,12.38,686617.2,994889.525,0.861878453038674,,0.0
2022-06-27,12.56,12.47,12.65,12.41,564011.32,818789.714,0.861782999308915,,0.0
2022-06-28,12.44,12.46,12.56,12.24,684095.82,981086.188,0.8616874135546335,,0.0
2022-06-29,12.37,12.13,12.51,12.13,676724.76,969461.221,0.8584571832979476,,0.0
2022-06-30,12.18,12.2,12.32,12.1,636187.95,904391.418,0.8591549295774648,,0.0
2022-07-01,12.16,12.03,12.25,11.93,537551.44,757618.826,0.857448325017819,,0.0
2022-07-04,12.03,12.09,12.11,11.85,448181.54,626543.552,0.85805535841022,,0.0
2022-07-05,12.08,11.96,12.22,11.86,550322.54,769328.032,0.8567335243553009,,0.0
2022-07-06,11.93,11.81,11.99,11.75,490361.46,678083.719,0.8551774076755974,,0.0
2022-07-07,11.78,11.68,11.86,11.62,478502.12,657767.948,0.8538011695906432,,0.0
2022-07-08,11.73,11.7,11.84,11.68,370577.63,509621.915,0.8540145985401459,,0.0
2022-07-11,11.68,11.6,11.74,11.56,303124.79,413857.414,0.8529411764705882,,0.0
2022-07-12,11.64,11.56,11.71,11.51,439710.2,598681.445,0.8525073746312685,,0.0
2022-07-13,11.55,11.58,11.65,11.52,311127.38,422953.011,0.8527245949926362,,0.0
2022-07-14,11.58,11.39,11.58,11.36,514619.3,692317.012,0.8506348020911128,,0.0
2022-07-15,11.35,11.11,11.44,11.11,526195.86,698545.387,0.84744469870328,,0.0
2022-07-18,11.15,11.33,11.38,11.13,327312.46,434970.771,0.8499624906226557,,0.0
2022-07-19,11.34,11.4,11.44,11.21,363730.67,485008.003,0.8507462686567164,,0.0
2022-07-20,11.44,11.38,11.48,11.34,302872.42,406000.988,0.8505231689088192,,0.0
2022-07-21,11.35,11.27,11.38,11.26,264273.62,352144.634,0.8492840994724944,,0.0
2022-07-22,11.3,11.33,11.43,11.24,301432.57,401852.607,0.8499624906226557,,0.0
2022-07-25,11.31,11.19,11.35,11.18,250543.43,331513.781,0.8483699772554966,,0.0
2022-07-26,11.2,11.28,11.33,11.2,179873.55,238773.123,0.8493975903614458,,0.0
2022-07-27,11.26,11.24,11.3,11.22,173775.38,230203.038,0.8489425981873112,,0.0
2022-07-28,11.31,11.32,11.47,11.3,374597.42,501081.662,0.8498498498498499,,0.0
2022-07-29,11.36,11.26,11.42,11.23,309614.85,412176.374,0.8491704374057315,,0.0
2022-08-01,11.23,11.17,11.23,11.1,287018.68,377662.255,0.8481397114654518,,0.0
2022-08-02,11.01,10.82,11.06,10.71,573659.63,736997.591,0.84399375975039,,0.0
2022-08-03,10.86,10.78,10.95,10.78,333774.96,429215.973,0.8435054773082942,,0.0
2022-08-04,10.85,10.91,10.97,10.85,319285.21,412307.604,0.8450813323005422,,0.0
2022-08-05,11.02,11.21,11.22,10.96,394128.16,497866.03,0.878526645768025,,0.0
2022-08-08,11.16,11.26,11.28,11.15,255287.77,326564.26,0.8790007806401249,,0.0
2022-08-09,11.27,11.22,11.32,11.2,203856.89,260776.328,0.8786217697729052,,0.0
2022-08-10,11.22,11.239999999999998,11.36,11.17,235572.89,301860.915,0.8788115715402658,,0.0
2022-08-11,11.31,11.71,11.739999999999998,11.3,785226.42,1030123.344,0.8831070889894419,,0.0
2022-08-12,11.61,11.69,11.77,11.57,429133.38,567788.877,0.8829305135951662,,0.0
2022-08-15,11.62,11.58,11.73,11.54,352652.51,463936.174,0.8819497334348819,,0.0
2022-08-16,11.59,11.56,11.67,11.54,227323.19,298651.603,0.8817696414950419,,0.0
2022-08-17,11.6,11.71,11.76,11.51,411717.4,544309.745,0.8831070889894419,,0.0
2022-08-18,11.66,11.6,11.71,11.59,230042.35,303311.985,0.8821292775665399,,0.0
2022-08-19,11.59,11.57,11.71,11.55,289495.27,381585.622,0.881859756097561,,0.0
2022-08-22,11.53,11.58,11.63,11.48,248027.33,325628.892,0.8819497334348819,,0.0
2022-08-23,11.58,11.58,11.75,11.51,359621.73,472959.98,0.8819497334348819,,0.0
2022-08-24,11.57,11.42,11.77,11.42,445439.36,584779.763,0.8804934464148033,,0.0
2022-08-25,11.46,11.61,11.66,11.43,374337.49,489769.986,0.8822188449848024,,0.0
2022-08-26,11.63,11.58,11.66,11.52,247927.39,325749.656,0.8819497334348819,,0.0
2022-08-29,11.47,11.47,11.55,11.38,242305.6,315020.494,0.8809523809523809,,0.0
2022-08-30,11.47,11.56,11.67,11.44,278307.02,364151.595,0.8817696414950419,,0.0
2022-08-31,11.47,11.59,11.71,11.45,438114.11,575734.268,0.8820395738203957,,0.0
2022-09-01,11.57,11.45,11.61,11.43,276770.25,362037.768,0.8807692307692307,,0.0
2022-09-02,11.45,11.37,11.54,11.31,277657.67,359603.688,0.8800309597523219,,0.0
2022-09-05,11.35,11.5,11.51,11.28,294749.0,381856.779,0.8812260536398467,,0.0
2022-09-06,11.54,11.63,11.64,11.52,355150.88,466725.839,0.8823975720789073,,0.0
2022-09-07,11.6,11.59,11.61,11.55,191307.98,251148.696,0.8820395738203957,,0.0
2022-09-08,11.61,11.59,11.65,11.56,190064.24,250154.064,0.8820395738203957,,0.0
2022-09-09,11.65,11.73,11.77,11.6,447788.0,593948.764,0.8832831325301205,,0.0
2022-09-13,11.75,11.69,11.85,11.68,396082.54,527133.28,0.8829305135951662,,0.0
2022-09-14,11.55,11.56,11.64,11.52,257697.63,338185.767,0.8817696414950419,,0.0
2022-09-15,11.58,11.53,11.67,11.46,346282.34,454415.386,0.8814984709480121,,0.0
2022-09-16,11.5,10.86,11.5,10.86,911598.29,1148781.362,0.8751007252215954,,0.0
2022-09-19,10.88,10.8,10.94,10.76,342971.33,425234.153,0.874493927125506,,0.0
2022-09-20,10.85,10.78,10.93,10.739999999999998,258093.86,319327.327,0.8742903487429035,,0.0
2022-09-21,10.75,10.78,10.83,10.62,254540.71,312438.36,0.8742903487429035,,0.0
2022-09-22,10.73,10.78,10.86,10.71,184160.44,227130.276,0.8742903487429035,,0.0
2022-09-23,10.77,10.89,10.94,10.77,308941.41,383975.153,0.8754019292604501,,0.0
2022-09-26,10.85,10.66,10.95,10.65,320330.5,394981.875,0.8730548730548731,,0.0
2022-09-27,10.71,10.8,10.81,10.63,203184.16,249246.072,0.874493927125506,,0.0
2022-09-28,10.77,10.71,10.84,10.71,230628.49,283958.764,0.8735725938009787,,0.0
2022-09-29,10.8,10.63,10.89,10.56,282907.88,347789.46,0.8727422003284072,,0.0
2022-09-30,10.64,10.57,10.739999999999998,10.55,229982.43,280160.321,0.872112211221122,,0.0
2022-10-10,10.6,10.45,10.65,10.41,216956.09,262258.947,0.8708333333333332,,0.0
2022-10-11,10.53,10.5,10.62,10.44,179215.51,216099.799,0.871369294605809,,0.0
2022-10-12,10.48,10.73,10.739999999999998,10.46,252405.78,306754.219,0.8737785016286644,,0.0
2022-10-13,10.67,10.68,10.75,10.64,188167.85,230325.894,0.8732624693376941,,0.0
2022-10-14,10.77,10.86,10.89,10.75,264087.34,327199.931,0.8751007252215954,,0.0
2022-10-17,10.79,10.87,10.92,10.77,196606.74,244184.901,0.8752012882447664,,0.0
2022-10-18,10.94,10.84,10.95,10.83,189809.65,235908.146,0.8748991121872477,,0.0
2022-10-19,10.84,10.73,10.89,10.72,155570.1,191934.173,0.8737785016286644,,0.0
2022-10-20,10.71,10.76,10.93,10.68,205930.26,253931.076,0.8740861088545897,,0.0
2022-10-21,10.989999999999998,10.78,11.03,10.76,294815.7,366966.472,0.8742903487429035,,0.0
2022-10-24,10.8,10.52,11.01,10.47,385002.27,473541.78,0.8715824357912179,,0.0
2022-10-25,10.53,10.489999999999998,10.67,10.35,266023.2,320326.584,0.8712624584717608,,0.0
2022-10-26,10.51,10.51,10.68,10.489999999999998,259311.7,313995.749,0.8714759535655058,,0.0
2022-10-27,10.54,10.59,10.66,10.52,197220.49,239593.863,0.872322899505766,,0.0
2022-10-28,10.57,10.37,10.61,10.33,263477.43,316728.543,0.8699664429530201,,0.0
2022-10-31,10.35,10.42,10.489999999999998,10.31,250397.73,298932.798,0.8705096073517126,,0.0
2022-11-01,10.41,10.73,10.73,10.4,380988.23,463815.88,0.8737785016286644,,0.0
2022-11-02,10.71,10.72,10.79,10.62,314537.49,385169.89,0.8736756316218418,,0.0
2022-11-03,10.67,10.6,10.68,10.56,226752.4,275806.773,0.8724279835390946,,0.0
2022-11-04,10.58,10.92,10.97,10.55,480368.29,595058.608,0.8757016840417,,0.0
2022-11-07,10.85,10.91,10.989999999999998,10.83,255128.82,318121.096,0.8756019261637239,,0.0
2022-11-08,10.91,10.87,10.96,10.82,158093.49,196407.266,0.8752012882447664,,0.0
2022-11-09,10.86,10.78,10.91,10.77,162774.88,201386.734,0.8742903487429035,,0.0
2022-11-10,10.739999999999998,10.85,10.89,10.72,215080.79,266002.462,0.875,,0.0
2022-11-11,11.12,11.07,11.23,10.96,578118.63,730065.694,0.8771790808240887,,0.0
2022-11-14,11.14,11.26,11.43,11.1,743500.0,953106.016,0.8790007806401249,,0.0
2022-11-15,11.21,11.59,11.81,11.19,813998.45,1068196.461,0.8820395738203957,,0.0
2022-11-16,11.56,11.48,11.66,11.43,391714.71,512461.906,0.8810437452033768,,0.0
2022-11-17,11.45,11.55,11.58,11.4,292623.24,381755.305,0.8816793893129771,,0.0
2022-11-18,11.58,11.41,11.59,11.37,298241.42,388280.434,0.8804012345679012,,0.0
2022-11-21,11.35,11.19,11.35,11.14,287582.6,366617.894,0.8783359497645211,,0.0
2022-11-22,11.18,11.3,11.47,11.16,331777.13,426525.88,0.8793774319066148,,0.0
2022-11-23,11.28,11.33,11.48,11.27,252986.98,327046.055,0.8796583850931676,,0.0
2022-11-24,11.43,11.28,11.5,11.26,169906.31,219453.484,0.8791893998441153,,0.0
2022-11-25,11.28,11.45,11.47,11.26,307108.42,398311.409,0.8807692307692307,,0.0
2022-11-28,11.25,11.15,11.3,11.05,439654.24,558376.174,0.8779527559055117,,0.0
2022-11-29,11.18,11.62,11.7,11.18,786218.69,1025566.216,0.8823082763857251,,0.0
2022-11-30,11.55,11.52,11.739999999999998,11.5,491675.66,646708.377,0.881407804131599,,0.0
2022-12-01,11.7,11.62,11.96,11.61,728871.07,973163.365,0.8823082763857251,,0.0
2022-12-02,11.63,11.6,11.75,11.55,329955.17,434519.412,0.8821292775665399,,0.0
2022-12-05,11.75,11.96,12.0,11.73,740118.45,995552.363,0.8852701702442635,,0.0
2022-12-06,11.89,11.91,12.1,11.83,524535.94,707627.402,0.8848439821693908,,0.0
2022-12-07,11.86,11.73,11.93,11.65,448547.44,597829.334,0.8832831325301205,,0.0
2022-12-08,11.73,11.71,11.77,11.64,336892.19,446253.073,0.8831070889894419,,0.0
2022-12-09,11.73,11.75,11.89,11.59,918554.99,1219755.241,0.8834586466165413,,0.0
2022-12-12,11.67,11.57,11.7,11.55,460447.75,605903.018,0.881859756097561,,0.0
2022-12-13,11.59,11.61,11.65,11.54,212912.02,279718.776,0.8822188449848024,,0.0
2022-12-14,11.61,11.63,11.7,11.54,255778.17,336616.546,0.8823975720789073,,0.0
2022-12-15,11.69,11.53,11.71,11.48,264818.22,347234.588,0.8814984709480121,,0.0
2022-12-16,11.44,11.53,11.62,11.43,276181.59,360522.512,0.8814984709480121,,0.0
2022-12-19,11.53,11.18,11.6,11.13,332126.45,427286.621,0.878240377062058,,0.0
2022-12-20,11.16,11.14,11.25,11.07,230726.96,293421.429,0.8778565799842395,,0.0
2022-12-21,11.14,11.08,11.19,11.02,163727.83,207180.249,0.8772763262074426,,0.0
2022-12-22,11.16,11.09,11.239999999999998,11.05,207839.03,263810.26,0.8773734177215189,,0.0
2022-12-23,11.01,11.1,11.17,11.0,139670.21,176638.64,0.8774703557312252,,0.0
2022-12-26,11.14,11.03,11.17,11.01,188549.18,237976.888,0.8767885532591414,,0.0
2022-12-27,11.13,11.16,11.2,11.09,219131.17,278221.258,0.8780487804878049,,0.0
2022-12-28,11.14,11.14,11.22,11.09,229469.33,291359.051,0.8778565799842395,,0.0
2022-12-29,11.1,11.12,11.15,11.04,238497.65,301620.089,0.877663772691397,,0.0
2022-12-30,11.18,11.19,11.25,11.14,211796.19,269861.233,0.8783359497645211,,0.0
2023-01-03,10.35,10.34,10.43,10.09,1808290.28,2134623.855,0.8696383515559293,,0.0
2023-01-04,10.26,10.35,10.4,10.23,846448.08,1006254.814,0.8697478991596638,,0.0
2023-01-05,10.41,10.51,10.61,10.39,799482.37,963070.16,0.8714759535655058,,0.0
2023-01-06,10.5,10.45,10.57,10.41,526593.06,633815.699,0.8708333333333332,,0.0
2023-01-09,10.5,10.58,10.67,10.46,611296.0,741416.434,0.8722176422093981,,0.0
2023-01-10,10.59,10.56,10.739999999999998,10.53,533643.14,649610.985,0.8720066061106523,,0.0
2023-01-11,10.57,10.47,10.6,10.46,353862.17,427521.125,0.8710482529118135,,0.0
2023-01-12,10.5,10.5,10.53,10.4,296556.01,356372.524,0.871369294605809,,0.0
2023-01-13,10.52,10.65,10.68,10.47,566293.35,684598.872,0.8729508196721311,,0.0
2023-01-16,10.69,11.15,11.38,10.64,1489111.4,1884031.061,0.8779527559055117,,0.0
2023-01-17,11.1,11.38,11.41,11.03,876540.0,1121780.538,0.8801237432327919,,0.0
2023-01-18,11.29,11.31,11.44,11.28,537075.4,692313.039,0.8794712286158631,,0.0
2023-01-19,11.26,11.5,11.5,11.23,699927.8,903233.653,0.8812260536398467,,0.0
2023-01-20,11.51,11.58,11.62,11.33,635391.84,830222.997,0.8819497334348819,,0.0
2023-01-30,11.739999999999998,11.48,11.86,11.46,746000.59,978966.997,0.8810437452033768,,0.0
2023-01-31,11.489999999999998,11.42,11.58,11.37,458387.21,595954.923,0.8804934464148033,,0.0
2023-02-01,11.47,11.67,11.72,11.42,580373.9,760350.944,0.8827534039334342,,0.0
2023-02-02,11.87,11.48,11.92,11.46,895348.35,1174424.86,0.8810437452033768,,0.0
2023-02-03,11.42,11.35,11.48,11.239999999999998,528413.23,680901.305,0.87984496124031,,0.0
2023-02-06,11.26,11.14,11.3,11.12,494538.11,630542.699,0.8778565799842395,,0.0
2023-02-07,11.22,11.15,11.28,11.1,421130.74,534786.314,0.8779527559055117,,0.0
2023-02-08,11.16,11.05,11.17,11.05,294593.46,372736.496,0.876984126984127,,0.0
2023-02-09,11.04,11.16,11.18,11.02,353704.71,448161.342,0.8780487804878049,,0.0
2023-02-10,11.11,11.11,11.14,11.06,239883.36,303500.612,0.8775671406003159,,0.0
2023-02-13,11.06,11.13,11.19,11.05,387585.99,490848.901,0.8777602523659306,,0.0
2023-02-14,11.16,11.12,11.19,11.07,310918.69,393993.205,0.877663772691397,,0.0
2023-02-15,11.12,11.04,11.14,11.03,278669.59,351423.32,0.8768864177918982,,0.0
2023-02-16,11.05,10.92,11.239999999999998,10.83,625631.47,791986.501,0.8757016840417,,0.0
2023-02-17,10.92,10.81,11.0,10.79,376223.78,468555.745,0.8745954692556633,,0.0
2023-02-20,10.93,11.23,11.25,10.9,635659.3,803939.376,0.8787167449139279,,0.0
2023-02-21,11.23,11.26,11.29,11.14,459104.9,586267.819,0.8790007806401249,,0.0
2023-02-22,11.19,11.16,11.27,11.12,305797.21,389727.901,0.8780487804878049,,0.0
2023-02-23,11.17,11.2,11.34,11.15,374738.36,479379.905,0.8784313725490196,,0.0
2023-02-24,11.2,11.01,11.22,10.97,409084.38,515639.24,0.876592356687898,,0.0
2023-02-27,10.93,10.93,11.01,10.89,229436.73,286777.489,0.875801282051282,,0.0
2023-02-28,10.95,11.05,11.05,10.9,266549.44,333836.285,0.876984126984127,,0.0
2023-03-01,11.02,11.239999999999998,11.32,10.98,518773.91,661278.879,0.8788115715402658,,0.0
2023-03-02,11.23,11.35,11.4,11.23,503246.65,648398.697,0.87984496124031,,0.0
2023-03-03,11.4,11.42,11.44,11.29,411692.97,532117.131,0.8804934464148033,,0.0
2023-03-06,11.44,11.32,11.46,11.29,365893.64,471466.105,0.8795648795648795,,0.0
2023-03-07,11.3,11.13,11.43,11.11,453458.77,581872.04,0.8777602523659306,,0.0
2023-03-08,11.12,11.16,11.16,11.08,241143.49,305483.225,0.8780487804878049,,0.0
2023-03-09,11.15,11.08,11.18,11.07,232394.43,294274.477,0.8772763262074426,,0.0
2023-03-10,11.02,10.86,11.05,10.86,384033.48,479471.524,0.8751007252215954,,0.0
2023-03-13,10.86,10.91,10.95,10.79,294323.45,365334.809,0.8756019261637239,,0.0
2023-03-14,10.85,10.69,10.86,10.62,434594.84,532974.073,0.8733660130718953,,0.0
2023-03-15,10.78,10.77,10.82,10.739999999999998,239923.18,295779.599,0.8741883116883117,,0.0
2023-03-16,10.69,10.7,10.77,10.64,272884.43,334848.499,0.873469387755102,,0.0
2023-03-17,10.81,10.89,11.0,10.77,434687.87,541201.102,0.8754019292604501,,0.0
2023-03-20,10.91,10.8,11.01,10.78,310605.71,386542.851,0.874493927125506,,0.0
2023-03-21,10.88,10.83,10.9,10.78,278809.59,345051.915,0.8747980613893376,,0.0
2023-03-22,10.88,10.87,10.93,10.81,301870.86,374882.928,0.8752012882447664,,0.0
2023-03-23,10.85,11.03,11.04,10.82,332160.83,415512.889,0.8767885532591414,,0.0
2023-03-24,11.04,11.07,11.09,10.96,324235.86,408131.525,0.8771790808240887,,0.0
2023-03-27,11.06,11.05,11.11,10.9,352351.94,442731.486,0.876984126984127,,0.0
2023-03-28,11.1,11.0,11.11,10.97,242357.0,304307.195,0.8764940239043825,,0.0
2023-03-29,11.02,10.91,11.04,10.87,205073.79,256030.285,0.8756019261637239,,0.0
2023-03-30,10.91,10.95,11.01,10.81,251436.11,313182.854,0.8759999999999999,,0.0
2023-03-31,11.04,11.22,11.28,11.01,610045.13,776997.254,0.8786217697729052,,0.0
2023-04-03,11.21,11.6,11.63,11.17,1135451.04,1479670.351,0.8821292775665399,,0.0
2023-04-04,11.6,12.17,12.39,11.56,2137021.09,2919874.96,0.8870262390670554,,0.0
2023-04-06,12.17,12.25,12.35,12.04,1070277.16,1476047.66,0.8876811594202898,,0.0
2023-04-07,12.239999999999998,12.32,12.38,12.13,820868.01,1134288.712,0.8882480173035328,,0.0
2023-04-10,12.43,12.2,12.55,12.2,947659.28,1320695.654,0.8872727272727272,,0.0
2023-04-11,12.33,12.32,12.63,12.23,967299.36,1349039.299,0.8882480173035328,,0.0
2023-04-12,12.2,12.36,12.489999999999998,12.17,733287.95,1020137.968,0.888569374550683,,0.0
2023-04-13,12.31,12.17,12.43,12.12,727723.98,1004472.37,0.8870262390670554,,0.0
2023-04-14,12.23,12.21,12.32,12.13,447326.47,615482.756,0.8873546511627907,,0.0
2023-04-17,12.22,13.02,13.03,12.19,1739633.34,2493191.813,0.8936170212765957,,0.0
2023-04-18,12.85,12.86,13.03,12.7,965681.62,1390329.532,0.8924358084663427,,0.0
2023-04-19,12.82,12.64,12.83,12.61,569274.92,811454.548,0.8907681465821,,0.0
2023-04-20,12.67,12.86,12.89,12.56,701784.9,1002582.818,0.8924358084663427,,0.0
2023-04-21,12.86,12.38,12.86,12.37,795842.87,1125025.717,0.8887293610911701,,0.0
2023-04-24,12.43,12.23,12.5,12.13,577640.88,800166.758,0.8875181422351233,,0.0
2023-04-25,12.29,12.28,12.41,12.09,473032.95,652808.808,0.8879248011569052,,0.0
2023-04-26,12.2,12.04,12.239999999999998,11.97,471536.13,641956.446,0.8859455481972037,,0.0
2023-04-27,12.05,12.19,12.32,11.93,517009.54,707014.026,0.8871906841339156,,0.0
2023-04-28,12.18,12.5,12.64,12.16,759791.46,1062023.246,0.889679715302491,,0.0
2023-05-04,12.52,12.79,12.82,12.33,883114.83,1256368.064,0.8919107391910739,,0.0
2023-05-05,12.88,13.01,13.45,12.83,1496567.91,2203553.494,0.893543956043956,,0.0
2023-05-08,13.13,13.31,13.51,12.83,1690192.65,2501554.53,0.895693135935397,,0.0
2023-05-09,13.45,13.56,14.37,13.42,2787878.03,4325098.724,0.8974189278623428,,0.0
2023-05-10,13.56,12.93,13.65,12.86,1634511.58,2404464.242,0.8929558011049723,,0.0
2023-05-11,13.07,13.02,13.29,12.96,663547.14,974647.813,0.8936170212765957,,0.0
2023-05-12,13.09,12.88,13.17,12.86,577447.73,840286.614,0.8925848925848925,,0.0
2023-05-15,12.89,13.04,13.13,12.44,1087560.46,1555714.598,0.8937628512679917,,0.0
2023-05-16,13.04,12.95,13.2,12.9,592996.88,864820.563,0.893103448275862,,0.0
2023-05-17,12.92,12.86,12.989999999999998,12.81,387800.93,559814.122,0.8924358084663427,,0.0
2023-05-18,12.89,12.86,12.989999999999998,12.76,415971.59,600072.464,0.8924358084663427,,0.0
2023-05-19,12.85,12.55,12.85,12.51,624711.82,883411.954,0.8900709219858155,,0.0
2023-05-22,12.489999999999998,12.39,12.53,12.34,501964.89,701079.738,0.8888091822094691,,0.0
2023-05-23,12.39,12.12,12.47,12.12,471307.9,650277.915,0.8866130212143379,,0.0
2023-05-24,12.1,11.86,12.12,11.86,622452.03,840573.582,0.8844146159582401,,0.0
2023-05-25,11.83,11.82,11.89,11.68,512340.23,683206.694,0.8840688107703814,,0.0
2023-05-26,11.85,11.92,12.01,11.76,380609.08,511296.624,0.8849294729027468,,0.0
2023-05-29,11.91,11.97,12.05,11.85,438532.73,592133.02,0.8853550295857988,,0.0
2023-05-30,11.98,11.98,12.09,11.82,451823.67,610354.783,0.8854397634885439,,0.0
2023-05-31,11.98,11.98,12.08,11.9,402027.25,544592.968,0.8854397634885439,,0.0
2023-06-01,12.01,12.19,12.23,11.95,521891.97,714009.02,0.8871906841339156,,0.0
2023-06-02,12.26,12.16,12.31,12.11,399141.89,548003.76,0.886943836615609,,0.0
2023-06-05,12.16,12.04,12.2,12.0,323991.55,441632.88,0.8859455481972037,,0.0
2023-06-06,12.04,11.91,12.239999999999998,11.88,364746.32,496301.491,0.8848439821693908,,0.0
2023-06-07,11.96,11.989999999999998,12.09,11.9,327152.82,442535.55,0.8855243722304283,,0.0
2023-06-08,12.0,12.16,12.2,11.85,475476.45,647019.103,0.886943836615609,,0.0
2023-06-09,12.18,12.21,12.39,12.11,1110342.66,1533393.36,0.8873546511627907,,0.0
2023-06-12,12.27,11.97,12.27,11.89,709981.85,962520.794,0.8853550295857988,,0.0
2023-06-13,11.97,12.13,12.18,11.96,457040.28,624612.728,0.8866959064327485,,0.0
2023-06-14,12.22,12.239999999999998,12.55,12.21,708122.03,986026.778,0.8875997099347352,,0.0
2023-06-15,12.27,12.43,12.56,12.239999999999998,574092.78,800575.859,0.8891273247496423,,0.0
2023-06-16,12.48,12.53,12.62,12.37,584765.39,821508.916,0.8899147727272727,,0.0
2023-06-19,12.53,12.45,12.54,12.37,358367.46,500991.709,0.8892857142857142,,0.0
2023-06-20,12.4,12.57,12.71,12.38,560464.12,791355.088,0.8902266288951841,,0.0
2023-06-21,12.489999999999998,12.22,12.55,12.2,496208.89,689667.552,0.887436456063907,,0.0
2023-06-26,12.12,11.94,12.12,11.88,427893.47,578796.918,0.8851000741289844,,0.0
2023-06-27,11.989999999999998,11.98,12.04,11.92,329695.48,446014.849,0.8854397634885439,,0.0
2023-06-28,11.989999999999998,12.01,12.07,11.87,247496.09,334434.435,0.885693215339233,,0.0
2023-06-29,12.0,11.91,12.04,11.79,345288.95,464007.81,0.8848439821693908,,0.0
2023-06-30,11.91,12.22,12.29,11.89,427046.0,583725.296,0.887436456063907,,0.0
2023-07-03,12.21,12.54,12.61,12.18,544389.68,760467.875,0.8899929027679204,,0.0
2023-07-04,12.48,12.53,12.61,12.44,319672.41,450020.947,0.8899147727272727,,0.0
2023-07-05,12.53,12.4,12.57,12.36,248417.67,347640.094,0.8888888888888888,,0.0
2023-07-06,12.35,12.42,12.57,12.29,350023.04,489114.221,0.8890479599141016,,0.0
2023-07-07,12.39,12.66,12.73,12.33,551578.19,780335.678,0.8909218859957776,,0.0
2023-07-10,12.75,12.7,12.78,12.62,366621.3,521902.509,0.8912280701754386,,0.0
2023-07-11,12.69,12.7,12.73,12.63,242883.08,345711.099,0.8912280701754386,,0.0
2023-07-12,12.7,12.53,12.75,12.53,258008.01,365596.333,0.8899147727272727,,0.0
2023-07-13,12.63,12.98,13.03,12.62,725732.47,1049080.647,0.893324156916724,,0.0
2023-07-14,13.02,13.01,13.12,12.96,352407.88,513616.954,0.893543956043956,,0.0
2023-07-17,12.96,12.9,12.96,12.77,307462.9,442726.554,0.8927335640138407,,0.0
2023-07-18,12.95,13.02,13.07,12.87,298336.47,434369.561,0.8936170212765957,,0.0
2023-07-19,12.989999999999998,13.13,13.16,12.95,394646.15,576852.336,0.8944141689373296,,0.0
2023-07-20,13.16,13.05,13.239999999999998,13.01,494592.08,726901.895,0.8938356164383561,,0.0
2023-07-21,13.02,13.04,13.16,12.989999999999998,270435.18,395193.365,0.8937628512679917,,0.0
2023-07-24,13.02,13.11,13.28,12.95,338014.3,496527.443,0.8942701227830832,,0.0
2023-07-25,13.75,14.17,14.33,13.71,2164339.31,3369144.252,0.9013994910941476,,0.0
2023-07-26,14.21,14.29,14.39,14.07,1113795.84,1759696.11,0.9021464646464646,,0.0
2023-07-27,14.19,14.04,14.33,14.0,729532.72,1145972.983,0.900577293136626,,0.0
2023-07-28,14.0,15.349999999999998,15.599999999999998,13.95,2886038.52,4758055.675,0.908284023668639,,0.0
2023-07-31,15.7,15.41,15.95,15.3,2174453.18,3731003.882,0.9086084905660377,,0.0
2023-08-01,15.259999999999998,15.009999999999998,15.62,14.95,1278826.79,2141882.671,0.9064009661835748,,0.0
2023-08-02,14.95,15.04,15.489999999999998,14.89,1202075.73,2011597.648,0.9065702230259192,,0.0
2023-08-03,15.05,15.529999999999998,15.59,14.989999999999998,1417298.58,2396344.277,0.9092505854800936,,0.0
2023-08-04,16.0,16.14,16.95,15.989999999999998,2677674.01,4818098.437,0.9123798756359524,,0.0
2023-08-07,15.77,16.21,16.31,15.55,1304123.99,2289516.596,0.9127252252252251,,0.0
2023-08-08,15.96,16.32,16.689999999999998,15.72,1467498.47,2614705.421,0.9132624510352546,,0.0
2023-08-09,16.16,16.36,16.63,16.13,950936.94,1701610.497,0.9134561697375768,,0.0
2023-08-10,16.37,16.43,16.5,16.11,924594.39,1654284.549,0.9137931034482758,,0.0
2023-08-11,16.479999999999997,15.9,16.57,15.76,1293603.65,2219531.441,0.9352941176470588,,0.0
2023-08-14,15.4,15.86,16.099999999999998,15.33,1160349.05,1964851.504,0.9351415094339622,,0.0
2023-08-15,15.9,16.25,16.369999999999997,15.9,1230689.29,2127172.324,0.9365994236311238,,0.0
2023-08-16,16.11,16.16,16.65,15.910000000000002,961913.14,1673165.543,0.9362688296639629,,0.0
2023-08-17,16.11,16.09,16.299999999999997,15.79,1228029.87,2099976.927,0.9360093077370564,,0.0
2023-08-18,16.29,16.139999999999997,16.669999999999998,16.139999999999997,1027207.94,1798142.046,0.9361948955916471,,0.0
2023-08-21,16.07,15.1,16.07,15.070000000000002,1876553.27,3101903.86,0.9320987654320988,,0.0
2023-08-22,15.26,15.6,15.77,15.160000000000002,1085191.45,1794467.694,0.934131736526946,,0.0
2023-08-23,15.6,15.28,15.7,15.28,701990.0,1161760.362,0.9328449328449328,,0.0
2023-08-24,15.42,15.570000000000002,15.93,15.4,848240.71,1420513.009,0.934013197360528,,0.0
2023-08-25,15.500000000000002,15.750000000000002,15.87,15.43,771596.28,1295951.609,0.9347181008902078,,0.0
2023-08-28,17.439999999999998,15.79,17.439999999999998,15.7,3029345.11,5298560.629,0.9348727057430432,,0.0
2023-08-29,15.500000000000002,15.46,15.78,15.23,1528529.91,2531164.449,0.9335748792270532,,0.0
2023-08-30,15.38,15.02,15.4,15.01,1044038.95,1695818.874,0.9317617866004964,,0.0
2023-08-31,15.06,14.78,15.21,14.7,721005.89,1156195.987,0.9307304785894208,,0.0
2023-09-01,14.81,15.06,15.250000000000002,14.81,674650.45,1091184.6,0.931930693069307,,0.0
2023-09-04,15.090000000000002,15.38,15.6,15.070000000000002,877428.41,1446745.991,0.933252427184466,,0.0
2023-09-05,15.31,15.23,15.44,15.15,505542.2,829133.887,0.932639314145744,,0.0
2023-09-06,15.2,15.13,15.2,14.910000000000002,572717.87,924406.301,0.9322242760320396,,0.0
2023-09-07,15.1,15.05,15.3,15.02,479760.38,778970.814,0.9318885448916407,,0.0
2023-09-08,14.92,15.160000000000002,15.24,14.89,395152.38,638660.388,0.932349323493235,,0.0
2023-09-11,15.160000000000002,15.64,15.93,15.1,865385.58,1440767.833,0.9342891278375148,,0.0
2023-09-12,15.78,15.500000000000002,15.78,15.47,430883.98,719287.706,0.9337349397590362,,0.0
2023-09-13,15.51,15.37,15.65,15.21,427973.17,706233.603,0.9332119004250152,,0.0
2023-09-14,15.46,15.53,15.58,15.35,512459.1,849384.783,0.9338544798556824,,0.0
2023-09-15,15.58,15.14,15.69,15.08,604840.71,991198.664,0.9322660098522167,,0.0
2023-09-18,15.12,15.28,15.320000000000002,14.99,309392.17,503605.667,0.9328449328449328,,0.0
2023-09-19,15.28,15.29,15.43,15.15,369451.75,606254.827,0.9328859060402684,,0.0
2023-09-20,15.340000000000002,15.38,15.44,15.21,301564.76,496581.778,0.933252427184466,,0.0
2023-09-21,15.31,15.250000000000002,15.52,15.23,333349.85,548595.071,0.9327217125382264,,0.0
2023-09-22,15.19,15.7,15.76,15.17,689120.86,1146748.006,0.9345238095238096,,0.0
2023-09-25,15.56,15.15,15.56,14.82,780556.46,1267560.733,0.9323076923076924,,0.0
2023-09-26,15.19,15.24,15.38,15.12,365096.38,597945.805,0.9326805385556916,,0.0
2023-09-27,15.23,15.21,15.35,15.090000000000002,349292.55,569873.953,0.9325567136725936,,0.0
2023-09-28,15.21,14.71,15.340000000000002,14.5,980327.7,1552779.334,0.9304237824161924,,0.0
2023-10-09,14.51,14.68,14.72,14.22,475096.63,741707.501,0.9302915082382764,,0.0
2023-10-10,14.71,14.55,14.74,14.51,297633.01,467275.406,0.9297124600638976,,0.0
2023-10-11,14.63,14.5,14.73,14.44,375317.26,588447.85,0.9294871794871796,,0.0
2023-10-12,14.7,14.51,14.86,14.43,391490.09,613671.06,0.9295323510570148,,0.0
2023-10-13,14.35,14.44,14.49,14.2,346828.26,536050.834,0.9292149292149292,,0.0
2023-10-16,14.43,14.49,14.6,14.37,287192.02,448178.628,0.9294419499679282,,0.0
2023-10-17,14.54,14.89,15.08,14.43,614427.72,979456.512,0.931207004377736,,0.0
2023-10-18,14.8,14.9,15.01,14.8,331407.68,530079.464,0.93125,,0.0
2023-10-19,14.78,14.7,14.910000000000002,14.67,338723.81,537204.152,0.9303797468354432,,0.0
2023-10-20,14.64,14.58,14.78,14.5,367253.65,576766.753,0.9298469387755104,,0.0
2023-10-23,14.5,14.2,14.51,14.1,379020.26,583918.968,0.9281045751633988,,0.0
2023-10-24,14.28,14.7,14.86,14.16,547133.56,852629.137,0.9303797468354432,,0.0
2023-10-25,14.88,14.87,15.04,14.7,554066.49,885064.721,0.931120851596744,,0.0
2023-10-26,14.76,14.77,14.84,14.55,291906.54,461660.767,0.9306868304977944,,0.0
2023-10-27,14.6,14.72,14.82,14.33,482812.71,758760.883,0.9304677623261696,,0.0
2023-10-30,14.63,14.46,14.69,14.31,522624.46,812747.667,0.929305912596401,,0.0
2023-10-31,14.7,14.93,15.1,14.58,665091.63,1065320.168,0.9313786650031192,,0.0
2023-11-01,14.95,14.95,15.17,14.87,486933.95,784205.364,0.9314641744548288,,0.0
2023-11-02,14.92,15.000000000000002,15.22,14.92,476861.93,772561.042,0.9316770186335404,,0.0
2023-11-03,14.99,15.26,15.43,14.85,741407.93,1208087.606,0.9327628361858192,,0.0
2023-11-06,15.78,15.660000000000002,15.86,15.29,1197888.55,1995041.431,0.9343675417661098,,0.0
2023-11-07,15.49,15.58,15.79,15.47,522665.21,874311.348,0.934052757793765,,0.0
2023-11-08,15.500000000000002,15.320000000000002,15.54,15.22,471774.75,776225.77,0.933008526187576,,0.0
2023-11-09,15.28,15.19,15.320000000000002,15.1,429503.97,699366.975,0.9324739103744628,,0.0
2023-11-10,15.12,15.2,15.29,15.1,342795.88,558956.549,0.9325153374233128,,0.0
2023-11-13,15.2,15.12,15.27,15.03,338264.8,547777.785,0.932182490752158,,0.0
2023-11-14,15.17,15.070000000000002,15.500000000000002,15.000000000000002,647677.68,1055951.179,0.9319727891156464,,0.0
2023-11-15,15.160000000000002,15.000000000000002,15.3,14.94,551482.26,892665.895,0.9316770186335404,,0.0
2023-11-16,15.000000000000002,14.86,15.05,14.86,296339.47,475315.499,0.931077694235589,,0.0
2023-11-17,14.81,14.74,14.87,14.63,434317.05,687256.114,0.9305555555555556,,0.0
2023-11-20,14.73,14.63,14.74,14.54,418001.58,657358.057,0.93006993006993,,0.0
2023-11-21,14.68,14.73,14.93,14.63,560307.8,888339.595,0.930511686670878,,0.0
2023-11-22,14.67,14.61,14.73,14.6,254938.76,401881.997,0.9299809038828772,,0.0
2023-11-23,14.6,14.39,14.66,14.28,638593.22,989678.407,0.9289864428663654,,0.0
2023-11-24,14.36,14.16,14.36,14.11,547956.03,837644.017,0.927916120576671,,0.0
2023-11-27,14.18,13.91,14.18,13.81,479888.79,720536.476,0.9267155229846769,,0.0
2023-11-28,13.87,13.71,13.92,13.66,465189.5,690158.332,0.925725860904794,,0.0
2023-11-29,13.72,13.28,13.75,13.24,871640.39,1262581.57,0.9235048678720446,,0.0
2023-11-30,13.25,13.23,13.42,13.13,589010.39,845683.863,0.923237962316818,,0.0
2023-12-01,13.23,13.37,13.44,13.2,500288.84,721993.078,0.9239806496199032,,0.0
2023-12-04,13.45,13.37,13.51,13.3,425377.82,616895.768,0.9239806496199032,,0.0
2023-12-05,13.33,13.24,13.43,13.21,338393.44,487986.382,0.9232914923291492,,0.0
2023-12-06,13.23,13.15,13.31,13.13,326730.02,467128.411,0.9228070175438596,,0.0
2023-12-07,13.14,13.18,13.25,13.05,311533.72,444529.24,0.92296918767507,,0.0
2023-12-08,13.17,13.04,13.18,13.01,408805.56,579717.922,0.9222065063649222,,0.0
2023-12-11,12.99,13.25,13.27,12.89,496951.78,704797.962,0.9233449477351916,,0.0
2023-12-12,13.19,13.29,13.35,13.13,396993.68,569568.872,0.9235580264072272,,0.0
2023-12-13,13.25,13.06,13.25,13.05,408653.79,581186.266,0.922316384180791,,0.0
2023-12-14,13.12,13.08,13.2,13.02,385301.63,547662.544,0.922425952045134,,0.0
2023-12-15,13.15,12.97,13.15,12.89,529232.78,745176.73,0.92181947405828,,0.0
2023-12-18,12.94,12.92,13.12,12.78,412908.03,581135.145,0.9215406562054208,,0.0
2023-12-19,12.93,13.02,13.05,12.86,354411.43,497996.849,0.9220963172804532,,0.0
2023-12-20,12.99,12.64,13.02,12.62,602454.96,835867.463,0.9199417758369725,,0.0
2023-12-21,12.6,12.86,12.92,12.56,538276.73,748233.224,0.9212034383954156,,0.0
2023-12-22,12.86,12.77,12.91,12.72,364317.32,506654.983,0.9206921413121846,,0.0
2023-12-25,12.67,12.61,12.77,12.53,391792.8,537327.978,0.9197665937272064,,0.0
2023-12-26,12.62,12.49,12.66,12.45,294737.46,401793.831,0.9190581309786608,,0.0
2023-12-27,12.45,12.67,12.73,12.4,446901.63,611060.063,0.9201161946259986,,0.0
2023-12-28,12.66,12.86,12.95,12.61,614067.95,854121.918,0.9212034383954156,,0.0
2023-12-29,12.82,12.85,12.91,12.79,416937.95,581599.977,0.921146953405018,,0.0
2024-01-02,12.85,12.63,12.88,12.62,455241.88,628092.939,0.9198834668608886,,0.0
2024-01-03,12.63,12.8,12.87,12.61,404251.65,560590.858,0.920863309352518,,0.0
2024-01-04,12.78,12.74,12.78,12.6,363051.81,500746.379,0.9205202312138728,,0.0
2024-01-05,12.7,12.72,12.93,12.63,521818.1,726182.78,0.9204052098408104,,0.0
2024-01-08,12.66,12.42,12.71,12.4,445022.03,605243.068,0.9186390532544378,,0.0
2024-01-09,12.45,12.37,12.5,12.25,325899.21,439674.16,0.9183370452858204,,0.0
2024-01-10,12.45,12.41,12.5,12.31,285060.02,385443.215,0.9185788304959288,,0.0
2024-01-11,12.38,12.54,12.58,12.33,323526.6,439757.901,0.9193548387096776,,0.0
2024-01-12,12.49,12.51,12.7,12.44,251900.61,344380.703,0.9191770756796472,,0.0
2024-01-15,12.48,12.44,12.58,12.36,296552.99,401832.826,0.9187592319054652,,0.0
2024-01-16,12.4,12.61,12.61,12.36,389443.31,529284.912,0.9197665937272064,,0.0
2024-01-17,12.56,12.45,12.68,12.44,392249.41,535670.131,0.918819188191882,,0.0
2024-01-18,12.4,12.56,12.62,12.1,636065.31,853285.295,0.9194729136163984,,0.0
2024-01-19,12.49,12.55,12.63,12.36,370071.7,503446.927,0.9194139194139196,,0.0
2024-01-22,12.53,12.38,12.72,12.2,746537.95,1020392.262,0.9183976261127595,,0.0
2024-01-23,12.35,12.53,12.65,12.2,555711.23,754753.388,0.9192956713132796,,0.0
2024-01-24,12.63,13.06,13.16,12.42,1019104.3,1414846.597,0.922316384180791,,0.0
2024-01-25,12.95,13.16,13.27,12.91,1040900.97,1478782.245,0.9228611500701264,,0.0
2024-01-26,13.1,13.18,13.27,13.0,761615.26,1083465.289,0.92296918767507,,0.0
2024-01-29,13.18,13.07,13.24,12.96,709469.21,1009838.587,0.9223712067748764,,0.0
2024-01-30,12.99,12.82,13.1,12.82,536774.78,754947.073,0.9209770114942528,,0.0
2024-01-31,12.73,12.64,12.89,12.59,501668.48,694844.133,0.9199417758369725,,0.0
2024-02-01,12.56,12.77,12.95,12.5,573198.87,796179.291,0.9206921413121846,,0.0
2024-02-02,12.82,12.27,12.83,11.91,870239.56,1170456.576,0.9177262528047868,,0.0
2024-02-05,12.08,12.12,12.33,11.82,692874.7,914506.084,0.9167927382753404,,0.0
2024-02-06,12.04,12.82,12.82,12.0,824975.64,1121889.478,0.9209770114942528,,0.0
2024-02-07,12.8,12.89,12.94,12.72,745940.36,1039734.051,0.921372408863474,,0.0
2024-02-08,13.0,13.11,13.33,12.97,801879.37,1141001.457,0.9225897255453906,,0.0
2024-02-19,13.14,12.91,13.15,12.75,740847.77,1036199.519,0.9214846538187008,,0.0
2024-02-20,12.85,13.17,13.32,12.8,670893.3,950715.739,0.9229152067274,,0.0
2024-02-21,13.06,13.28,13.55,13.0,940750.68,1356560.622,0.9235048678720446,,0.0
2024-02-22,13.21,13.45,13.54,13.19,677722.28,979826.738,0.9243986254295532,,0.0
2024-02-23,13.48,13.46,13.59,13.39,572074.55,833910.462,0.9244505494505496,,0.0
2024-02-26,13.41,13.29,13.48,13.28,529594.93,766296.981,0.9235580264072272,,0.0
2024-02-27,13.28,13.44,13.44,13.21,518344.87,747080.951,0.9243466299862448,,0.0
2024-02-28,13.48,13.25,13.71,13.25,891081.1,1303962.99,0.9233449477351916,,0.0
2024-02-29,13.21,13.44,13.47,13.18,713485.85,1027991.405,0.9243466299862448,,0.0
2024-03-01,13.43,13.72,13.72,13.38,816175.32,1196288.29,0.9257759784075574,,0.0
2024-03-04,13.75,13.54,13.76,13.46,602106.16,882631.1,0.924863387978142,,0.0
2024-03-05,13.45,13.5,13.62,13.39,500890.93,732588.124,0.9246575342465754,,0.0
2024-03-06,13.5,13.43,13.62,13.34,458658.17,668009.189,0.924294562973159,,0.0
2024-03-07,13.4,13.3,13.54,13.25,486006.64,704123.707,0.9236111111111112,,0.0
2024-03-08,13.33,13.34,13.41,13.25,355331.61,512276.715,0.9238227146814404,,0.0
2024-03-11,13.34,13.54,13.54,13.31,500258.19,726476.03,0.924863387978142,,0.0
2024-03-12,13.59,13.6,13.66,13.48,583282.77,856047.663,0.9251700680272108,,0.0
2024-03-13,13.62,13.28,13.62,13.25,745730.41,1077639.096,0.9235048678720446,,0.0
2024-03-14,13.26,13.14,13.41,13.05,607312.17,869451.71,0.922752808988764,,0.0
2024-03-15,13.12,13.17,13.21,13.02,461730.26,656090.327,0.9229152067274,,0.0
2024-03-18,13.24,13.49,13.65,13.22,871910.73,1270222.926,0.9246058944482524,,0.0
2024-03-19,13.48,13.24,13.48,13.21,585104.83,843789.562,0.9232914923291492,,0.0
2024-03-20,13.23,13.3,13.34,13.19,388870.82,558535.961,0.9236111111111112,,0.0
2024-03-21,13.34,13.35,13.5,13.31,477445.25,691975.373,0.9238754325259516,,0.0
2024-03-22,13.31,13.14,13.34,13.05,535911.04,764630.303,0.922752808988764,,0.0
2024-03-25,13.03,12.73,13.06,12.73,767962.47,1070117.445,0.920462762111352,,0.0
2024-03-26,12.74,12.85,12.86,12.73,382337.75,531533.111,0.921146953405018,,0.0
2024-03-27,12.8,12.65,12.85,12.65,373515.18,517663.748,0.92,,0.0
2024-03-28,12.65,12.72,12.86,12.62,452381.2,626070.848,0.9204052098408104,,0.0
2024-03-29,12.88,12.94,12.94,12.79,541982.99,757175.955,0.9216524216524216,,0.0
2024-04-01,13.09,13.16,13.21,13.05,484730.14,689740.774,0.9228611500701264,,0.0
2024-04-02,13.18,13.17,13.25,13.11,489198.27,698714.685,0.9229152067274,,0.0
2024-04-03,13.11,13.02,13.17,12.98,452760.2,640292.049,0.9220963172804532,,0.0
2024-04-08,12.9,12.88,13.08,12.71,550385.21,771492.681,0.9213161659513592,,0.0
2024-04-09,12.88,12.78,13.01,12.78,394330.65,551860.898,0.920749279538905,,0.0
2024-04-10,12.8,12.41,12.83,12.38,688530.85,940877.296,0.9185788304959288,,0.0
2024-04-11,12.34,12.32,12.49,12.3,547756.99,739301.934,0.918032786885246,,0.0
2024-04-12,12.34,12.0,12.38,11.98,707142.94,935706.471,0.916030534351145,,0.0
2024-04-15,12.0,12.23,12.35,11.83,906861.31,1200100.53,0.9174793698424606,,0.0
2024-04-16,12.15,12.15,12.33,12.11,691623.66,921714.585,0.9169811320754716,,0.0
2024-04-17,12.14,12.4,12.4,12.04,773370.66,1030172.973,0.9185185185185184,,0.0
2024-04-18,12.33,12.53,12.74,12.31,819492.89,1118845.855,0.9192956713132796,,0.0
2024-04-19,12.46,12.42,12.6,12.38,514162.11,697965.917,0.9186390532544378,,0.0
2024-04-22,12.4,12.37,12.53,12.31,505479.48,682254.377,0.9183370452858204,,0.0
2024-04-23,12.41,12.22,12.42,12.22,422826.42,566452.967,0.9174174174174174,,0.0
2024-04-24,12.22,12.18,12.28,12.11,446521.0,592385.545,0.9171686746987951,,0.0
2024-04-25,12.14,12.21,12.27,12.05,465926.81,618087.97,0.9173553719008264,,0.0
2024-04-26,12.75,13.14,13.2,12.52,1708057.13,2379089.314,0.922752808988764,,0.0
2024-04-29,13.14,13.27,13.4,13.05,1304519.83,1870862.864,0.9234516353514266,,0.0
2024-04-30,13.04,12.67,13.04,12.65,1407451.0,1954292.97,0.9201161946259986,,0.0
2024-05-06,12.85,12.78,12.96,12.7,1084807.32,1510636.719,0.920749279538905,,0.0
2024-05-07,12.73,12.76,12.82,12.68,622645.74,862111.598,0.9206349206349208,,0.0
2024-05-08,12.71,12.61,12.74,12.57,524294.13,720405.687,0.9197665937272064,,0.0
2024-05-09,12.59,12.7,12.75,12.59,573161.11,789990.914,0.9202898550724636,,0.0
2024-05-10,12.72,12.78,12.85,12.67,724179.23,1004023.083,0.920749279538905,,0.0
2024-05-13,12.73,12.85,12.9,12.61,804322.66,1115854.3,0.921146953405018,,0.0
2024-05-14,12.86,12.91,12.93,12.75,578428.85,806875.133,0.9214846538187008,,0.0
2024-05-15,12.96,12.63,12.99,12.63,648280.07,897239.357,0.9198834668608886,,0.0
2024-05-16,12.68,12.68,12.82,12.62,671749.9,928632.106,0.9201741654571844,,0.0
2024-05-17,12.68,12.88,12.89,12.62,646826.76,897068.653,0.9213161659513592,,0.0
2024-05-20,12.89,12.98,13.17,12.84,911837.85,1287105.106,0.921875,,0.0
2024-05-21,12.92,12.94,13.04,12.88,503913.95,707872.589,0.9216524216524216,,0.0
2024-05-22,12.91,12.96,13.02,12.88,469825.52,661046.794,0.9217638691322902,,0.0
2024-05-23,12.94,12.76,12.95,12.72,544674.91,757109.392,0.9206349206349208,,0.0
2024-05-24,12.71,12.55,12.8,12.54,489636.59,674449.671,0.9194139194139196,,0.0
2024-05-27,12.6,12.71,12.72,12.53,473673.06,649989.265,0.9203475742215786,,0.0
2024-05-28,12.67,12.59,12.77,12.58,371526.14,510815.222,0.9196493791088386,,0.0
2024-05-29,12.56,12.63,12.72,12.56,338445.07,464935.188,0.9198834668608886,,0.0
2024-05-30,12.57,12.5,12.62,12.4,547196.2,744168.065,0.9191176470588236,,0.0
2024-05-31,12.53,12.48,12.64,12.47,468125.43,638039.136,0.91899852724595,,0.0
2024-06-03,12.23,12.0,12.29,11.87,1722021.29,2255833.544,0.916030534351145,,0.0
2024-06-04,11.94,12.14,12.21,11.93,879601.61,1161945.869,0.9169184290030212,,0.0
2024-06-05,12.13,12.04,12.19,12.03,499560.89,659279.533,0.9162861491628616,,0.0
2024-06-06,12.06,11.95,12.09,11.93,533426.96,698882.457,0.9157088122605364,,0.0
2024-06-07,12.0,11.88,12.04,11.73,600588.8,780125.47,0.9152542372881356,,0.0
2024-06-11,11.85,11.84,11.95,11.78,461118.52,597864.638,0.9149922720247295,,0.0
2024-06-12,11.83,11.83,11.86,11.77,348260.0,450225.204,0.9149265274555298,,0.0
2024-06-13,11.85,11.72,11.87,11.71,514277.52,661497.475,0.9141965678627144,,0.0
2024-06-14,11.73,12.07,12.16,11.7,891050.49,1162235.365,0.9164768413059984,,0.0
2024-06-17,11.95,12.03,12.06,11.87,425506.8,557235.734,0.9162223914699162,,0.0
2024-06-18,12.02,12.09,12.18,12.01,433470.82,572195.362,0.9166034874905232,,0.0
2024-06-19,12.09,12.0,12.12,11.99,336507.41,442504.99,0.916030534351145,,0.0
2024-06-20,12.0,11.86,12.02,11.86,370637.5,482355.54,0.9151234567901236,,0.0
2024-06-21,11.86,11.9,11.96,11.83,364807.02,474176.152,0.9153846153846156,,0.0
2024-06-24,11.88,11.76,11.92,11.76,400976.0,518819.56,0.9144634525660964,,0.0
2024-06-25,11.76,11.53,11.8,11.46,564012.5,716984.68,0.9129057798891528,,0.0
2024-06-26,11.52,11.61,11.64,11.44,413666.24,522858.744,0.91345397324941,,0.0
2024-06-27,11.54,11.39,11.57,11.38,473265.89,595344.149,0.911929543634908,,0.0
2024-06-28,11.39,11.29,11.54,11.22,583774.44,730638.66,0.9112187247780468,,0.0
2024-07-01,11.3,11.4,11.42,11.17,416739.06,517973.28,0.912,,0.0
2024-07-02,11.39,11.29,11.54,11.26,471058.25,588657.504,0.9112187247780468,,0.0
2024-07-03,11.29,11.29,11.36,11.26,331597.09,410948.026,0.9112187247780468,,0.0
2024-07-04,11.3,11.12,11.33,11.12,388301.16,477492.04,0.9099836333878888,,0.0
2024-07-05,11.12,11.14,11.23,11.05,388213.68,474609.449,0.9101307189542484,,0.0
2024-07-08,11.1,10.78,11.1,10.73,648390.95,776650.927,0.9074074074074074,,0.0
2024-07-09,10.8,11.13,11.15,10.78,543435.61,655329.089,0.91005723630417,,0.0
2024-07-10,11.06,11.18,11.31,11.04,436812.44,536781.147,0.9104234527687296,,0.0
2024-07-11,11.31,11.33,11.4,11.26,404418.52,502967.08,0.911504424778761,,0.0
2024-07-12,11.35,11.33,11.35,11.24,275832.12,342281.13,0.911504424778761,,0.0
2024-07-15,11.27,11.34,11.4,11.26,264488.42,329002.136,0.9115755627009646,,0.0
2024-07-16,11.34,11.43,11.5,11.33,334646.94,419293.256,0.9122106943335994,,0.0
2024-07-17,11.41,11.49,11.53,11.4,321634.67,404708.355,0.9126290706910246,,0.0
2024-07-18,11.47,11.63,11.67,11.35,442581.81,558998.21,0.9135899450117833,,0.0
2024-07-19,11.63,11.78,11.82,11.58,481102.63,617709.806,0.9145962732919256,,0.0
2024-07-22,11.9,11.82,11.96,11.68,572524.2,739650.125,0.9148606811145512,,0.0
2024-07-23,11.78,11.59,11.86,11.56,509021.33,653005.018,0.913317572892041,,0.0
2024-07-24,11.55,11.6,11.65,11.5,365034.75,463319.115,0.9133858267716536,,0.0
2024-07-25,11.58,11.71,11.77,11.55,388593.85,497313.553,0.9141295862607338,,0.0
2024-07-26,11.72,11.83,11.95,11.71,351274.08,453784.398,0.9149265274555298,,0.0
2024-07-29,11.82,11.67,11.84,11.63,317089.09,406925.665,0.913860610806578,,0.0
2024-07-30,11.66,11.71,11.74,11.56,310168.06,395787.901,0.9141295862607338,,0.0
2024-07-31,11.72,12.2,12.35,11.71,959898.0,1269004.008,0.9172932330827068,,0.0
2024-08-01,12.2,12.18,12.25,12.13,434338.28,577444.671,0.9171686746987951,,0.0
2024-08-02,12.1,11.91,12.19,11.9,410236.26,538085.177,0.9154496541122212,,0.0
2024-08-05,11.88,11.8,12.05,11.8,363579.09,473150.597,0.9147286821705428,,0.0
2024-08-06,11.91,11.77,11.99,11.64,417729.23,537430.379,0.9145299145299144,,0.0
2024-08-07,11.77,11.74,11.85,11.69,220874.11,283840.541,0.914330218068536,,0.0
2024-08-08,11.74,11.85,11.95,11.72,270800.25,350006.707,0.9150579150579152,,0.0
2024-08-09,11.92,11.79,11.96,11.78,206928.81,268249.94,0.9146625290923196,,0.0
2024-08-12,11.78,11.77,11.88,11.73,199561.0,257350.654,0.9145299145299144,,0.0
2024-08-13,11.79,11.8,11.82,11.64,328610.26,421866.3,0.9147286821705428,,0.0
2024-08-14,11.78,11.68,11.83,11.67,195778.0,251153.344,0.9139280125195618,,0.0
2024-08-15,11.68,11.81,11.95,11.63,377677.11,487777.983,0.9147947327652982,,0.0
2024-08-16,11.88,11.82,11.92,11.76,308861.5,386099.356,0.9463570856685348,,0.0
2024-08-19,11.8,11.89,11.96,11.78,214926.09,269868.565,0.946656050955414,,0.0
2024-08-20,11.89,11.78,11.92,11.77,211058.53,263582.778,0.9461847389558232,,0.0
2024-08-21,11.78,11.74,11.91,11.7,204771.35,255329.6,0.9460112812248188,,0.0
2024-08-22,11.77,11.55,11.82,11.53,274807.8,337889.854,0.9451718494271686,,0.0
2024-08-23,11.54,11.75,11.82,11.53,294209.91,363740.169,0.9460547504025764,,0.0
2024-08-26,11.79,11.83,11.87,11.74,215400.42,268529.764,0.9464,,0.0
2024-08-27,11.82,11.68,11.82,11.63,158018.43,195213.402,0.945748987854251,,0.0
2024-08-28,11.69,11.67,11.73,11.58,158873.35,195924.584,0.9457050243111832,,0.0
2024-08-29,11.68,11.71,11.86,11.67,253797.71,315860.2,0.945880452342488,,0.0
2024-08-30,11.7,11.91,12.09,11.68,538663.22,680582.898,0.9467408585055644,,0.0
2024-09-02,12.06,11.76,12.07,11.75,407657.52,510509.623,0.9460981496379728,,0.0
2024-09-03,11.74,11.78,11.9,11.67,288424.97,359047.601,0.9461847389558232,,0.0
2024-09-04,11.72,11.71,11.85,11.7,237823.21,295227.607,0.945880452342488,,0.0
2024-09-05,11.73,11.93,11.96,11.71,433308.43,543237.517,0.9468253968253968,,0.0
2024-09-06,12.22,12.18,12.38,12.08,1015707.49,1312649.393,0.9478599221789884,,0.0
2024-09-09,12.11,12.13,12.28,12.06,477367.85,613261.504,0.94765625,,0.0
2024-09-10,12.21,12.16,12.21,12.0,313995.86,400893.409,0.9477786438035852,,0.0
2024-09-11,12.14,12.26,12.33,12.09,366261.31,472466.107,0.948182521268368,,0.0
2024-09-12,12.23,12.21,12.3,12.15,278630.03,359233.9,0.9479813664596274,,0.0
2024-09-13,12.23,12.14,12.33,12.13,349178.69,450658.043,0.947697111631538,,0.0
2024-09-18,12.1,12.13,12.23,12.04,266787.41,341716.212,0.94765625,,0.0
2024-09-19,12.22,12.35,12.55,12.12,748277.06,976391.274,0.9485407066052228,,0.0
2024-09-20,12.37,12.33,12.39,12.27,353079.38,459481.818,0.9484615384615384,,0.0
2024-09-23,12.39,12.41,12.49,12.29,361508.37,472413.298,0.948776758409786,,0.0
2024-09-24,12.55,13.03,13.1,12.44,1712952.67,2312559.34,0.9510948905109488,,0.0
2024-09-25,13.51,13.41,13.79,13.33,2124508.44,3029185.231,0.9524147727272728,,0.0
2024-09-26,13.41,14.04,14.06,13.34,1962398.55,2823289.097,0.9544527532290958,,0.0
2024-09-27,14.44,15.33,15.33,14.18,1831257.54,2816158.173,0.958125,,0.0
2024-09-30,16.869999999999997,16.93,16.93,16.22,3752565.74,6523988.038,0.961931818181818,,0.0
2024-10-08,18.69,18.69,18.69,18.23,2738776.59,5289285.471,0.965392561983471,,0.0
2024-10-09,18.24,17.169999999999998,19.23,17.119999999999997,5803067.16,10874150.227,0.9624439461883408,,0.0
2024-10-10,17.529999999999998,16.869999999999997,17.709999999999997,16.189999999999998,3509832.48,6121887.323,0.9618015963511972,,0.0
2024-10-11,16.56,16.319999999999997,16.83,16.159999999999997,2120282.77,3630536.752,0.9605650382577986,,0.0
2024-10-14,16.38,16.299999999999997,16.52,15.81,2030593.32,3417661.132,0.9605185621685326,,0.0
2024-10-15,16.119999999999997,15.659999999999998,16.369999999999997,15.6,1551195.23,2591702.788,0.958971218616044,,0.0
2024-10-16,15.36,15.7,16.04,15.33,1649645.39,2704394.569,0.9590714722052536,,0.0
2024-10-17,15.82,15.9,16.4,15.659999999999998,1574937.2,2643559.385,0.95956547978274,,0.0
2024-10-18,15.86,16.63,17.479999999999997,15.659999999999998,2664799.97,4566853.389,0.961271676300578,,0.0
2024-10-21,16.65,16.669999999999998,16.819999999999997,16.29,1601194.43,2763065.383,0.9613610149942328,,0.0
2024-10-22,16.61,16.75,16.849999999999998,16.52,900450.43,1562737.305,0.9615384615384616,,0.0
2024-10-23,16.799999999999997,16.68,16.97,16.619999999999997,1036182.22,1809887.447,0.9613832853025936,,0.0
2024-10-24,16.529999999999998,16.58,16.7,16.419999999999998,758056.05,1307024.617,0.961159420289855,,0.0
2024-10-25,16.63,16.64,16.86,16.57,689776.58,1186192.061,0.9696969696969696,,0.0
2024-10-28,16.62,16.78,16.82,16.55,690680.02,1189464.19,0.969942196531792,,0.0
2024-10-29,16.87,16.650000000000002,17.1,16.63,793840.77,1376592.409,0.9697146185206756,,0.0
2024-10-30,16.63,16.89,17.05,16.59,948002.04,1642182.551,0.9701321079839174,,0.0
2024-10-31,16.62,17.11,17.47,16.37,2219110.8,3897923.832,0.9705048213272832,,0.0
2024-11-01,17.09,17.150000000000002,17.580000000000002,16.990000000000002,1524342.69,2708909.308,0.9705715902659876,,0.0
2024-11-04,17.39,17.95,17.96,17.31,1708271.77,3108532.158,0.9718462371413102,,0.0
2024-11-05,18.1,19.14,19.17,17.86,2655138.38,5081719.917,0.9735503560528992,,0.0
2024-11-06,19.36,18.98,19.95,18.82,2914974.35,5795921.847,0.9733333333333334,,0.0
2024-11-07,18.58,19.96,20.38,18.4,3225735.74,6396476.823,0.974609375,,0.0
2024-11-08,20.4,19.28,20.46,19.26,2520421.31,5110971.518,0.9737373737373738,,0.0
2024-11-11,18.96,19.11,19.23,18.77,1505309.23,2942159.655,0.9735099337748344,,0.0
2024-11-12,19.12,18.9,19.81,18.69,1729500.31,3413349.17,0.9732234809474768,,0.0
2024-11-13,18.74,18.79,18.97,18.43,1327472.85,2550458.834,0.9730709476954946,,0.0
2024-11-14,18.8,18.61,19.13,18.57,1105320.48,2142042.81,0.9728175640355464,,0.0
2024-11-15,18.54,17.990000000000002,18.79,17.97,1172236.28,2212729.309,0.9719070772555376,,0.0
2024-11-18,18.09,17.86,18.32,17.7,975758.1,1808230.317,0.97170837867247,,0.0
2024-11-19,17.88,17.96,18.04,17.54,874250.24,1602997.38,0.971861471861472,,0.0
2024-11-20,17.93,17.95,18.05,17.82,642905.85,1186412.454,0.9718462371413102,,0.0
2024-11-21,17.95,17.95,18.13,17.84,679413.74,1255423.067,0.9718462371413102,,0.0
2024-11-22,17.94,17.01,17.95,16.98,1091282.77,1960116.244,0.9703365658870508,,0.0
2024-11-25,17.080000000000002,16.98,17.11,16.69,765684.46,1337205.699,0.9702857142857144,,0.0
2024-11-26,16.93,16.98,17.18,16.91,463535.61,813382.394,0.9702857142857144,,0.0
2024-11-27,16.97,17.22,17.23,16.85,636290.12,1118517.797,0.9706877113866968,,0.0
2024-11-28,17.27,17.16,17.400000000000002,17.1,524726.55,931944.884,0.9705882352941176,,0.0
2024-11-29,17.11,17.45,17.97,17.11,1079881.33,1949538.37,0.9710628825820812,,0.0
2024-12-02,17.36,17.650000000000002,17.72,17.34,750665.3,1359686.08,0.9713813979086406,,0.0
2024-12-03,17.62,17.72,17.84,17.46,633143.05,1148925.932,0.9714912280701754,,0.0
2024-12-04,17.66,17.580000000000002,17.740000000000002,17.44,508057.54,921236.965,0.9712707182320444,,0.0
2024-12-05,17.5,17.61,17.71,17.5,458408.84,830186.075,0.9713182570325428,,0.0
2024-12-06,17.61,18.11,18.34,17.51,1073486.9,1985498.811,0.9720880300590444,,0.0
2024-12-09,18.08,17.91,18.14,17.69,613789.3,1132106.409,0.9717851329354312,,0.0
2024-12-10,18.84,18.03,18.93,18.03,1353333.64,2570463.043,0.9719676549865228,,0.0
2024-12-11,18.01,17.92,18.15,17.81,621024.1,1149249.211,0.9718004338394794,,0.0
2024-12-12,17.93,18.09,18.21,17.76,763167.53,1411714.261,0.9720580333154218,,0.0
2024-12-13,17.95,17.51,17.95,17.490000000000002,836386.96,1521659.343,0.971159179145868,,0.0
2024-12-16,17.5,17.25,17.6,17.18,635932.16,1134787.984,0.9707371975239169,,0.0
2024-12-17,17.22,17.36,17.52,17.21,544774.96,974201.6,0.970917225950783,,0.0
2024-12-18,17.39,17.42,17.56,17.35,472665.45,849103.528,0.9710144927536232,,0.0
2024-12-19,17.28,17.45,17.48,17.19,473076.03,844035.121,0.9710628825820812,,0.0
2024-12-20,17.39,17.38,17.56,17.31,504398.07,906579.587,0.9709497206703912,,0.0
2024-12-23,17.36,17.39,17.650000000000002,17.35,538292.79,970003.028,0.9709659408151872,,0.0
2024-12-24,17.400000000000002,17.830000000000002,17.86,17.400000000000002,816458.14,1488358.369,0.9716621253405996,,0.0
2024-12-25,17.85,17.73,17.91,17.6,504521.0,921802.718,0.9715068493150684,,0.0
2024-12-26,17.73,17.57,17.73,17.54,498104.28,902986.465,0.9712548369264788,,0.0
2024-12-27,17.580000000000002,17.61,17.92,17.48,820076.31,1491833.535,0.9713182570325428,,0.0
2024-12-30,17.57,17.73,17.78,17.54,684509.44,1247425.717,0.9715068493150684,,0.0
2024-12-31,17.76,17.07,17.78,17.07,957770.54,1714448.81,0.9704377487208642,,0.0
2025-01-02,16.98,16.29,16.990000000000002,16.080000000000002,1302186.05,2220078.36,0.969066032123736,,0.0
2025-01-03,16.36,16.01,16.38,15.920000000000002,732005.88,1220793.781,0.9685420447670902,,0.0
2025-01-06,15.98,16.05,16.11,15.88,462140.31,763826.294,0.9686179843089922,,0.0
2025-01-07,16.12,16.23,16.240000000000002,16.04,398286.69,664028.614,0.9689552238805972,,0.0
2025-01-08,16.18,15.98,16.2,15.73,580897.56,955396.731,0.9684848484848484,,0.0
2025-01-09,15.97,16.0,16.11,15.89,287189.84,475456.01,0.9685230024213076,,0.0
2025-01-10,15.96,15.84,16.12,15.84,373465.67,616300.189,0.9682151589242054,,0.0
2025-01-13,15.68,15.830000000000002,15.94,15.670000000000002,335307.61,547603.042,0.9681957186544344,,0.0
2025-01-14,15.86,16.36,16.38,15.830000000000002,629052.83,1053011.439,0.9691943127962086,,0.0
2025-01-15,16.28,16.25,16.39,16.19,336822.53,565626.86,0.9689922480620156,,0.0
2025-01-16,16.31,16.18,16.47,16.080000000000002,425356.78,714279.106,0.968862275449102,,0.0
2025-01-17,16.12,16.330000000000002,16.43,16.09,374048.01,629256.686,0.9691394658753708,,0.0
2025-01-20,16.47,16.37,16.63,16.35,418553.7,711814.064,0.9692125518058022,,0.0
2025-01-21,16.53,16.41,16.56,16.27,306615.99,519076.527,0.96928529238039,,0.0
2025-01-22,16.330000000000002,16.38,16.43,16.23,340615.69,573963.274,0.9692307692307692,,0.0
2025-01-23,16.66,16.580000000000002,17.0,16.54,681303.67,1174304.741,0.9695906432748538,,0.0
2025-01-24,16.53,16.73,16.8,16.47,446069.45,767772.427,0.969855072463768,,0.0
2025-01-27,16.830000000000002,16.47,16.830000000000002,16.47,387123.96,663993.402,0.9693937610359036,,0.0
2025-02-05,16.64,16.46,16.64,16.37,389328.65,662110.681,0.9693757361601884,,0.0
2025-02-06,16.42,16.63,16.7,16.38,460527.39,785915.942,0.9696793002915453,,0.0
2025-02-07,16.66,16.96,17.17,16.55,852067.11,1483735.96,0.9702517162471396,,0.0
2025-02-10,16.93,16.94,17.14,16.89,499957.47,875460.642,0.9702176403207332,,0.0
2025-02-11,16.94,17.0,17.07,16.77,493915.66,861139.735,0.9703196347031964,,0.0
2025-02-12,16.95,17.13,17.150000000000002,16.85,484768.44,848756.867,0.9705382436260624,,0.0
2025-02-13,17.11,17.25,17.42,16.990000000000002,845638.26,1500337.798,0.9707371975239169,,0.0
2025-02-14,17.16,17.43,17.54,17.150000000000002,705862.93,1262126.478,0.9710306406685236,,0.0
2025-02-17,17.61,17.3,17.64,17.14,711215.52,1269530.886,0.9708193041526376,,0.0
2025-02-18,17.25,16.93,17.29,16.85,575766.16,1013255.26,0.9702005730659026,,0.0
2025-02-19,16.85,17.02,17.14,16.84,456487.56,800289.01,0.9703534777651084,,0.0
2025-02-20,16.96,17.0,17.05,16.85,378037.11,661426.682,0.9703196347031964,,0.0
2025-02-21,17.02,17.32,17.42,16.86,754578.91,1338583.645,0.9708520179372198,,0.0
2025-02-24,17.32,17.45,17.56,17.25,676065.38,1213337.788,0.9710628825820812,,0.0
2025-02-25,17.3,17.19,17.47,17.17,468157.1,833559.508,0.9706380575945792,,0.0
2025-02-26,17.2,17.48,17.5,17.14,601847.87,1073062.395,0.9711111111111111,,0.0
2025-02-27,17.46,17.42,17.580000000000002,17.19,669778.0,1199458.081,0.9710144927536232,,0.0
2025-02-28,17.36,16.96,17.57,16.88,659235.87,1167529.952,0.9702517162471396,,0.0
2025-03-03,16.96,17.01,17.17,16.900000000000002,490531.24,861939.619,0.9703365658870508,,0.0
2025-03-04,16.93,17.150000000000002,17.37,16.89,481592.24,852043.232,0.9705715902659876,,0.0
2025-03-05,17.150000000000002,17.19,17.3,17.04,361719.78,639849.615,0.9706380575945792,,0.0
2025-03-06,17.330000000000002,17.48,17.56,17.27,823492.98,1480117.837,0.9711111111111111,,0.0
2025-03-07,17.43,17.16,17.43,17.12,539518.55,958909.305,0.9705882352941176,,0.0
2025-03-10,17.13,16.95,17.18,16.89,452673.02,792382.244,0.9702346880366344,,0.0
2025-03-11,16.81,17.13,17.13,16.78,416160.58,726701.022,0.9705382436260624,,0.0
2025-03-12,17.12,17.1,17.37,17.01,500078.59,884308.539,0.9704880817253122,,0.0
2025-03-13,17.06,17.080000000000002,17.21,16.95,388605.77,683940.009,0.9704545454545456,,0.0
2025-03-14,17.13,17.56,17.7,17.09,1368962.5,2469603.424,0.9712389380530974,,0.0
2025-03-17,17.62,17.490000000000002,17.69,17.46,649352.1,1173417.379,0.9711271515824542,,0.0
2025-03-18,17.56,17.64,17.740000000000002,17.56,625100.83,1135012.098,0.9713656387665198,,0.0
2025-03-19,17.61,17.650000000000002,17.73,17.580000000000002,447550.82,813470.99,0.9713813979086406,,0.0
2025-03-20,17.63,17.39,17.66,17.29,500007.0,899350.586,0.9709659408151872,,0.0
2025-03-21,17.330000000000002,17.09,17.43,17.06,564238.11,1001501.787,0.9704713231118682,,0.0
2025-03-24,17.080000000000002,17.2,17.31,17.05,449868.89,795508.678,0.9706546275395034,,0.0
2025-03-25,17.2,17.31,17.330000000000002,17.09,429961.12,764368.439,0.9708356702187324,,0.0
2025-03-26,17.26,17.18,17.330000000000002,17.17,265324.86,471257.341,0.9706214689265537,,0.0
2025-03-27,17.18,17.17,17.330000000000002,17.03,421881.88,747414.946,0.9706048615036744,,0.0
2025-03-28,17.2,17.06,17.21,16.990000000000002,463092.4,814862.819,0.9704209328782708,,0.0
2025-03-31,16.89,16.02,16.89,15.990000000000002,1609934.36,2705650.575,0.9685610640870616,,0.0
2025-04-01,16.080000000000002,15.88,16.150000000000002,15.71,940292.53,1544754.158,0.9682926829268292,,0.0
2025-04-02,15.85,15.86,15.97,15.81,504872.07,827896.484,0.9682539682539684,,0.0
2025-04-03,15.73,15.740000000000002,15.86,15.63,673896.69,1095602.225,0.968019680196802,,0.0
2025-04-07,14.83,14.22,14.95,14.11,1569836.22,2335898.454,0.9647218453188604,,0.0
2025-04-08,14.43,14.41,14.46,14.2,933457.05,1386846.544,0.9651707970529136,,0.0
2025-04-09,14.29,14.61,14.69,14.08,983229.2,1471225.217,0.9656311962987444,,0.0
2025-04-10,14.99,15.02,15.16,14.8,941863.33,1465116.697,0.9665379665379664,,0.0
2025-04-11,15.05,14.99,15.11,14.84,557508.07,863321.09,0.9664732430689876,,0.0
2025-04-14,15.09,15.01,15.13,14.98,457818.78,712686.183,0.966516419832582,,0.0
2025-04-15,15.01,15.01,15.03,14.88,338839.4,523963.466,0.966516419832582,,0.0
2025-04-16,14.96,14.96,14.98,14.74,478591.69,734833.431,0.96640826873385,,0.0
2025-04-17,14.89,15.02,15.03,14.86,418868.8,648428.869,0.9665379665379664,,0.0
2025-04-18,14.97,15.18,15.25,14.95,480133.85,750495.344,0.9668789808917198,,0.0
2025-04-21,15.16,15.3,15.33,15.11,409893.76,647596.494,0.9671302149178256,,0.0
2025-04-22,15.26,15.29,15.42,15.26,348429.4,551957.495,0.9671094244149272,,0.0
2025-04-23,15.36,15.44,15.63,15.23,655508.01,1047410.862,0.9674185463659148,,0.0
2025-04-24,15.44,15.36,15.580000000000002,15.36,371657.62,593144.805,0.9672544080604534,,0.0
2025-04-25,15.4,15.53,15.6,15.36,422679.81,677426.385,0.967601246105919,,0.0
2025-04-28,15.54,15.42,15.54,15.31,378478.5,602722.556,0.9673776662484316,,0.0
2025-04-29,15.41,15.33,15.44,15.31,408541.7,648393.992,0.967192429022082,,0.0
2025-04-30,15.39,15.53,15.670000000000002,15.36,462220.5,742822.305,0.967601246105919,,0.0
2025-05-06,15.63,15.64,15.72,15.57,490289.59,792766.014,0.9678217821782178,,0.0
2025-05-07,16.03,15.86,16.17,15.75,754853.11,1240381.696,0.9682539682539684,,0.0
2025-05-08,15.78,15.920000000000002,15.98,15.71,522261.29,858100.355,0.9683698296836984,,0.0
2025-05-09,15.91,15.84,16.05,15.84,387064.84,636733.343,0.9682151589242054,,0.0
2025-05-12,15.95,16.240000000000002,16.28,15.91,618708.19,1029587.647,0.9689737470167064,,0.0
2025-05-13,16.36,16.12,16.36,16.09,405821.36,677894.854,0.96875,,0.0
2025-05-14,16.14,16.92,17.13,16.09,1417334.51,2436592.053,0.970183486238532,,0.0
2025-05-15,16.68,16.66,16.78,16.57,620503.92,1067122.817,0.969732246798603,,0.0
2025-05-16,16.6,16.41,16.68,16.29,512131.55,867302.966,0.96928529238039,,0.0
2025-05-19,16.41,16.51,16.59,16.330000000000002,442202.92,752142.279,0.969465648854962,,0.0
2025-05-20,16.51,16.52,16.62,16.47,326256.34,556755.382,0.9694835680751174,,0.0
2025-05-21,16.54,16.42,16.580000000000002,16.41,256826.38,436570.996,0.9693034238488784,,0.0
2025-05-22,16.42,16.36,16.42,16.31,258324.73,436022.048,0.9691943127962086,,0.0
2025-05-23,16.32,16.14,16.41,16.080000000000002,426251.27,714763.882,0.9687875150060024,,0.0
2025-05-26,16.14,16.13,16.21,15.990000000000002,296524.94,492418.915,0.9687687687687688,,0.0
2025-05-27,16.080000000000002,15.98,16.12,15.89,289836.88,478619.505,0.9684848484848484,,0.0
2025-05-28,16.03,16.04,16.12,15.990000000000002,215677.3,357338.201,0.9685990338164252,,0.0
2025-05-29,16.04,16.27,16.28,16.01,351875.34,588712.364,0.969029184038118,,0.0
2025-05-30,16.2,16.240000000000002,16.3,16.09,275954.96,461734.323,0.9689737470167064,,0.0
2025-06-03,15.93,16.17,16.22,15.62,663725.07,1100148.77,0.9688436189334932,,0.0
2025-06-04,16.18,16.38,16.51,16.13,455763.27,769775.005,0.9692307692307692,,0.0
2025-06-05,16.35,16.47,16.54,16.34,512713.26,869051.35,0.9693937610359036,,0.0
2025-06-06,16.47,16.330000000000002,16.57,16.3,324520.77,549020.782,0.9691394658753708,,0.0
2025-06-09,16.43,16.46,16.64,16.43,444144.38,756893.95,0.9693757361601884,,0.0
2025-06-10,16.47,16.29,16.55,16.18,425977.97,719183.685,0.969066032123736,,0.0
2025-06-11,16.3,16.62,16.7,16.3,631745.4,1081198.241,0.969661610268378,,0.0
2025-06-12,16.57,16.650000000000002,16.78,16.51,513996.38,882542.19,0.9697146185206756,,0.0
2025-06-13,16.580000000000002,16.48,16.650000000000002,16.41,490646.25,834873.552,0.9694117647058824,,0.0
2025-06-16,16.48,16.68,16.71,16.400000000000002,416755.68,713286.144,0.9697674418604652,,0.0
2025-06-17,16.67,16.73,16.740000000000002,16.63,337721.52,581214.775,0.969855072463768,,0.0
2025-06-18,16.72,16.62,16.740000000000002,16.45,406841.82,695185.466,0.969661610268378,,0.0
2025-06-19,16.59,16.22,16.61,16.18,491595.71,828507.617,0.968936678614098,,0.0
2025-06-20,16.27,16.28,16.38,16.23,286195.78,481414.707,0.969047619047619,,0.0
2025-06-23,16.1,16.54,16.59,16.1,408890.09,692829.466,0.9695193434935522,,0.0
2025-06-24,16.53,16.89,16.96,16.53,677121.29,1176000.156,0.9701321079839174,,0.0
2025-06-25,16.92,17.46,17.57,16.89,1302504.1,2320313.466,0.971078976640712,,0.0
2025-06-26,17.54,17.400000000000002,17.63,17.38,872364.65,1568960.603,0.9709821428571428,,0.0
2025-06-27,17.400000000000002,17.39,17.94,17.330000000000002,970864.24,1760190.516,0.9709659408151872,,0.0
2025-06-30,17.43,17.29,17.48,17.21,534753.03,953839.199,0.9708029197080292,,0.0
2025-07-01,17.32,17.27,17.38,17.16,361258.19,641982.3,0.970770095559303,,0.0
2025-07-02,17.330000000000002,17.27,17.42,17.22,361910.35,645272.086,0.970770095559303,,0.0
2025-07-03,17.240000000000002,17.35,17.46,17.240000000000002,345150.22,616638.783,0.9709009513150532,,0.0
2025-07-04,17.36,17.47,17.73,17.22,696884.13,1255650.121,0.9710950528071152,,0.0
2025-07-07,17.48,17.46,17.580000000000002,17.400000000000002,358527.0,645794.478,0.971078976640712,,0.0
2025-07-08,17.48,17.68,17.76,17.45,638642.79,1158938.643,0.9714285714285714,,0.0
2025-07-09,17.73,17.5,17.82,17.47,540748.76,982297.282,0.9711431742508324,,0.0
2025-07-10,17.45,17.69,17.77,17.45,609472.01,1108524.779,0.971444261394838,,0.0
2025-07-11,17.72,17.91,18.18,17.69,1287012.45,2384287.004,0.9717851329354312,,0.0
2025-07-14,17.92,17.79,17.990000000000002,17.77,582034.25,1068821.899,0.971600218459858,,0.0
2025-07-15,17.85,17.73,17.94,17.62,497312.79,909665.172,0.9715068493150684,,0.0
2025-07-16,17.69,17.6,17.77,17.5,428687.46,777397.097,0.9713024282560708,,0.0
2025-07-17,17.63,17.75,17.79,17.56,384212.83,699303.067,0.9715380405035576,,0.0
2025-07-18,17.75,17.97,18.05,17.740000000000002,628467.52,1158337.263,0.9718766901027582,,0.0
2025-07-21,18.04,18.55,18.61,17.96,1146112.2,2164229.585,0.9727320398531726,,0.0
2025-07-22,18.54,18.49,18.7,18.28,663551.31,1259424.588,0.9726459758022094,,0.0
2025-07-23,18.52,18.99,19.31,18.52,1604529.74,3131445.804,0.9733470015376732,,0.0
2025-07-24,18.96,19.63,19.76,18.91,1598232.37,3203827.939,0.9741935483870968,,0.0
2025-07-25,19.73,19.37,19.73,19.3,890654.65,1781770.118,0.9738562091503268,,0.0
2025-07-28,19.43,19.96,20.36,19.38,1318142.67,2693651.933,0.974609375,,0.0
2025-07-29,19.86,20.07,20.14,19.45,1253261.47,2552385.308,0.9747450218552696,,0.0
2025-07-30,19.92,19.91,20.23,19.68,967456.98,1983950.126,0.9745472344591288,,0.0
2025-07-31,19.7,19.53,20.11,19.35,1171488.32,2363272.69,0.9740648379052368,,0.0
2025-08-01,19.48,19.32,19.72,19.27,811944.84,1621726.519,0.9737903225806452,,0.0
2025-08-04,19.21,19.25,19.37,19.13,658242.9,1298945.017,0.973697521497218,,0.0
2025-08-05,19.32,19.38,19.46,19.13,754249.88,1495142.465,0.9738693467336684,,0.0
2025-08-06,19.38,19.86,19.88,19.3,1008936.85,2037335.487,0.9744847890088322,,0.0
2025-08-07,19.88,19.74,20.03,19.59,548381.0,1113269.996,0.9743336623889436,,0.0
2025-08-08,19.71,19.73,19.89,19.55,556959.7,1128083.635,0.974320987654321,,0.0
2025-08-11,19.72,19.77,19.97,19.68,697781.8,1418476.507,0.9743716116313456,,0.0
2025-08-12,19.85,19.95,20.03,19.74,672025.77,1374554.936,0.9745969711773328,,0.0
2025-08-13,19.95,20.6,21.33,19.95,1917648.74,4046270.021,0.9753787878787878,,0.0
2025-08-14,20.65,21.32,21.77,20.65,2159794.58,4736499.265,0.9761904761904762,,0.0
2025-08-15,21.32,21.6,21.97,21.03,2163039.33,4699549.086,0.9931034482758622,,0.0
2025-08-18,21.73,21.28,21.84,21.28,1955871.38,4241770.309,0.9930004666355576,,0.0
2025-08-19,21.360000000000003,21.08,21.69,21.06,1025685.47,2204260.039,0.9929345266132832,,0.0
2025-08-20,21.03,21.42,21.450000000000003,20.91,857968.23,1826405.377,0.9930458970792768,,0.0
2025-08-21,21.55,21.16,21.65,21.08,705511.43,1514073.232,0.992961051149695,,0.0
2025-08-22,21.110000000000003,22.0,22.040000000000003,21.07,1317238.54,2869685.741,0.9932279909706548,,0.0
2025-08-25,22.3,22.18,22.540000000000003,21.860000000000003,1419236.77,3166015.106,0.993282579489476,,0.0
2025-08-26,22.14,22.01,22.4,21.91,745626.21,1663178.126,0.993231046931408,,0.0
2025-08-27,22.03,21.26,22.17,21.25,1282162.26,2804193.679,0.992993928070995,,0.0
2025-08-28,21.21,21.76,21.78,21.14,1044274.3,2253866.369,0.993153811045185,,0.0
2025-08-29,21.8,21.53,22.16,21.47,1176934.28,2579069.845,0.9930811808118082,,0.0
2025-09-01,21.8,21.200000000000003,21.82,21.15,1106354.83,2379320.208,0.9929742388758784,,0.0
2025-09-02,21.22,20.93,21.32,20.76,981043.77,2073179.237,0.9928842504743832,,0.0
2025-09-03,21.03,20.41,21.1,20.23,936212.41,1937549.445,0.992704280155642,,0.0
2025-09-04,20.4,20.12,20.43,19.82,1085132.1,2195509.129,0.9925999013320178,,0.0
2025-09-05,20.110000000000003,20.270000000000003,20.33,19.97,743027.21,1507311.594,0.9926542605288932,,0.0
2025-09-08,20.28,20.08,20.39,19.93,802491.62,1625220.576,0.9925852694018784,,0.0
2025-09-09,20.14,20.5,21.040000000000003,20.09,1212867.17,2504437.997,0.9927360774818402,,0.0
2025-09-10,20.59,20.31,20.6,20.25,567909.58,1166470.964,0.99266862170088,,0.0
2025-09-11,20.33,21.020000000000003,21.12,20.23,1022242.0,2137136.842,0.992914501653283,,0.0
2025-09-12,21.03,20.630000000000003,21.15,20.540000000000003,855035.46,1794235.511,0.992781520692974,,0.0
2025-09-15,20.6,20.41,20.68,20.270000000000003,808557.4,1668613.803,0.992704280155642,,0.0
2025-09-16,20.44,20.14,20.5,20.040000000000003,830347.72,1689795.386,0.9926071956628882,,0.0
2025-09-17,20.18,20.12,20.28,20.01,895297.39,1817076.94,0.9925999013320178,,0.0
2025-09-18,20.17,19.49,20.17,19.32,1566356.08,3127341.465,0.9923625254582484,,0.0
2025-09-19,19.51,19.37,19.62,19.33,706171.7,1384753.448,0.9923155737704918,,0.0
2025-09-22,19.43,19.74,19.78,19.35,679425.36,1341168.275,0.9924585218702866,,0.0
2025-09-23,19.610000000000003,19.360000000000003,19.69,19.25,771702.84,1508663.801,0.9923116350589442,,0.0
2025-09-24,19.360000000000003,19.46,19.6,19.21,759370.83,1483477.795,0.9923508414074452,,0.0
2025-09-25,19.5,19.55,19.85,19.41,691421.55,1367731.983,0.9923857868020304,,0.0
2025-09-26,19.53,19.64,19.89,19.48,617907.13,1226756.718,0.9924204143506824,,0.0
2025-09-29,19.610000000000003,21.62,21.62,19.6,2986256.5,6331232.611,0.9931097841065688,,0.0
2025-09-30,21.58,21.62,21.9,21.110000000000003,2676751.33,5793867.495,0.9931097841065688,,0.0
2025-10-09,21.46,22.25,22.35,21.21,2124919.68,4677457.139,0.9933035714285716,,0.0
2025-10-10,22.020000000000003,23.05,23.5,21.96,2792444.27,6450639.174,0.9935344827586208,,0.0
2025-10-13,22.360000000000003,22.32,23.0,21.97,1874741.51,4214736.249,0.9933244325767692,,0.0
2025-10-14,22.34,22.05,23.040000000000003,22.03,1712393.39,3873014.1,0.9932432432432432,,0.0
2025-10-15,22.08,21.84,22.51,21.31,2322246.06,5095706.155,0.9931787175989086,,0.0
2025-10-16,21.860000000000003,21.9,22.6,21.610000000000003,1861037.15,4111446.182,0.9931972789115648,,0.0
2025-10-17,21.87,21.41,22.17,21.41,1274177.32,2788967.58,0.9930426716141002,,0.0
2025-10-20,21.73,21.46,21.8,21.31,821930.91,1776923.05,0.9930587690883852,,0.0
2025-10-21,21.47,21.72,22.0,21.47,1117436.62,2445517.729,0.9931412894375858,,0.0
2025-10-22,21.55,21.270000000000003,21.67,21.23,871159.79,1874289.786,0.9929971988795518,,0.0
2025-10-23,21.26,21.34,21.39,20.85,817188.23,1738256.297,0.9930200093066543,,0.0
2025-10-24,21.360000000000003,21.65,21.65,21.26,837132.32,1809661.15,0.993119266055046,,0.0
2025-10-27,22.09,22.3,22.47,21.880000000000003,1734254.87,3877365.115,0.9933184855233852,,0.0
2025-10-28,22.15,22.03,22.3,21.93,957753.74,2128785.809,0.9932371505861136,,0.0
2025-10-29,21.99,22.81,22.860000000000003,21.96,1654075.87,3756063.452,0.993466898954704,,0.0
2025-10-30,22.67,22.6,23.12,22.55,1302629.84,2985121.686,0.9934065934065934,,0.0
2025-10-31,22.5,21.57,22.5,21.57,1607775.05,3544671.504,0.9930939226519336,,0.0
2025-11-03,21.450000000000003,21.380000000000003,21.53,21.03,867859.57,1855647.494,0.9930329772410592,,0.0
2025-11-04,21.28,21.28,21.46,21.21,658872.13,1415442.045,0.9930004666355576,,0.0
2025-11-05,21.05,21.110000000000003,21.25,21.01,543180.14,1155242.254,0.992944496707432,,0.0
2025-11-06,21.24,22.31,22.450000000000003,21.16,1730801.17,3838917.938,0.9933214603739984,,0.0
2025-11-07,22.21,22.1,22.39,21.950000000000003,763994.17,1701167.309,0.9932584269662922,,0.0
2025-11-10,22.03,22.540000000000003,22.84,21.83,1037876.54,2343341.372,0.99338915821948,,0.0
2025-11-11,22.540000000000003,22.3,22.71,22.15,683603.72,1536873.784,0.9933184855233852,,0.0
2025-11-12,22.290000000000003,22.15,22.48,22.03,529320.65,1185465.158,0.993273542600897,,0.0
2025-11-13,22.12,22.69,22.770000000000003,22.06,895792.49,2026716.785,0.9934325744308232,,0.0
2025-11-14,22.4,22.020000000000003,22.44,22.0,805715.03,1798258.951,0.993234100135318,,0.0
2025-11-17,22.020000000000003,21.49,22.130000000000003,21.35,652283.19,1419081.999,0.9930683918669132,,0.0
2025-11-18,21.49,22.020000000000003,22.520000000000003,21.4,1270352.99,2824130.091,0.993234100135318,,0.0
2025-11-19,21.950000000000003,22.01,22.450000000000003,21.81,601743.24,1338234.235,0.993231046931408,,0.0
2025-11-20,22.55,21.44,22.72,21.37,1024694.13,2256708.135,0.9930523390458548,,0.0
2025-11-21,21.18,20.49,21.33,20.47,1019292.63,2137539.315,0.992732558139535,,0.0
2025-11-24,20.58,20.73,21.05,20.270000000000003,788736.71,1646784.07,0.9928160919540232,,0.0
2025-11-25,20.8,20.790000000000003,21.01,20.76,528588.8,1111070.875,0.9928366762177652,,0.0
2025-11-26,20.82,20.89,21.040000000000003,20.630000000000003,406866.14,855714.789,0.9928707224334602,,0.0
2025-11-27,20.790000000000003,20.85,21.130000000000003,20.790000000000003,376397.18,793818.71,0.9928571428571428,,0.0
2025-11-28,20.860000000000003,20.950000000000003,21.09,20.790000000000003,427380.34,901405.313,0.9928909952606636,,0.0
2025-12-01,20.93,21.25,21.48,20.85,710772.43,1523255.19,0.9929906542056076,,0.0
2025-12-02,21.21,21.06,21.21,20.880000000000003,484021.92,1025042.345,0.992927864214993,,0.0
2025-12-03,21.130000000000003,20.78,21.200000000000003,20.74,429645.87,906050.274,0.9928332537028188,,0.0
2025-12-04,20.78,21.06,21.4,20.770000000000003,531200.73,1127929.742,0.992927864214993,,0.0
2025-12-05,21.0,21.65,21.950000000000003,20.94,968175.56,2097493.806,0.993119266055046,,0.0
2025-12-08,22.19,22.51,22.94,22.19,1582074.22,3599323.714,0.9933804060017652,,0.0
2025-12-09,22.46,22.24,22.58,22.16,761598.24,1713703.476,0.9933005806163466,,0.0
2025-12-10,22.12,22.14,22.35,21.880000000000003,542503.88,1207673.654,0.993270524899058,,0.0
2025-12-11,22.23,21.860000000000003,22.39,21.82,531103.76,1181510.246,0.9931849159472969,,0.0
2025-12-12,21.99,22.16,22.37,21.66,1234152.29,2725274.629,1.0,,0.0
2025-12-15,22.01,22.73,23.18,21.97,1266275.04,2880497.638,1.0,,0.0
2025-12-16,22.6,22.32,22.86,22.28,636814.56,1433347.152,1.0,,0.0
2025-12-17,22.4,23.68,24.53,22.28,1975425.32,4629425.358,1.0,,0.0
2025-12-18,23.25,22.95,23.27,22.83,1301956.42,2999028.24,1.0,,0.0
2025-12-19,22.9,22.93,23.36,22.81,881417.29,2030657.557,1.0,,0.0
2025-12-22,22.85,23.12,23.29,22.79,742913.44,1711003.03,1.0,,0.0
2025-12-23,22.95,23.2,23.58,22.91,935264.03,2177007.971,1.0,,0.0
2025-12-24,23.08,23.62,23.85,23.0,835331.64,1964666.825,1.0,,0.0
2025-12-25,23.59,23.68,23.83,23.47,796847.38,1887943.247,1.0,,0.0
2025-12-26,23.61,23.89,24.1,23.6,918810.51,2193519.729,1.0,,0.0
2025-12-29,23.85,23.61,24.02,23.55,736389.58,1746258.673,1.0,,0.0
2025-12-30,23.47,23.57,23.84,23.45,518011.12,1223941.707,1.0,,0.0
2025-12-31,23.56,23.59,24.04,23.4,797001.24,1888682.889,1.0,,0.0
2026-01-05,23.65,24.35,24.36,23.62,1069139.68,2583359.877,1.0,,0.0
2026-01-06,24.3,25.56,25.75,24.2,1642432.48,4161315.528,1.0,,0.0
2026-01-07,25.57,25.22,25.66,24.93,1056925.58,2672967.261,1.0,,0.0
2026-01-08,24.88,23.95,24.88,23.89,1613595.28,3908115.012,1.0,,0.0
2026-01-09,23.9,23.95,24.12,23.57,1086479.63,2591590.666,1.0,,0.0
2026-01-12,23.88,23.91,24.05,23.43,1433423.25,3394765.667,1.0,,0.0
2026-01-13,23.92,24.08,24.43,23.87,1117708.02,2697862.467,1.0,,0.0
2026-01-14,24.0,23.65,24.56,23.49,1397607.05,3361972.463,1.0,,0.0
2026-01-15,23.45,23.36,23.89,23.18,1034268.66,2423769.342,1.0,,0.0
2026-01-16,23.52,23.06,23.74,22.92,1032668.74,2395218.188,1.0,,0.0
2026-01-19,22.95,22.83,23.06,22.71,754558.09,1723826.031,1.0,,0.0
2026-01-20,22.8,23.26,23.4,22.8,860005.6,1994897.381,1.0,,0.0
2026-01-21,23.19,22.93,23.26,22.87,751859.25,1732123.302,1.0,,0.0
2026-01-22,22.99,22.88,23.2,22.81,618791.12,1421470.814,1.0,,0.0
2026-01-23,22.88,22.74,22.99,22.6,891417.75,2027744.484,1.0,,0.0
2026-01-26,22.75,23.25,23.69,22.66,1550434.33,3619818.161,1.0,,0.0
2026-01-27,23.17,22.84,23.33,22.81,866083.25,1991570.484,1.0,,0.0
2026-01-28,22.83,22.84,23.25,22.76,981234.05,2255404.085,1.0,,0.0
2026-01-29,22.85,23.24,23.31,22.38,1453238.86,3314569.714,1.0,,0.0
2026-01-30,23.15,22.96,23.37,22.83,1065045.65,2455689.332,1.0,,0.0
2026-02-02,22.88,22.69,23.58,22.6,1145140.87,2643191.184,1.0,,0.0
2026-02-03,22.75,21.77,22.8,21.05,2191998.31,4739009.766,1.0,,0.0
2026-02-04,21.67,22.12,22.32,21.6,940252.14,2075053.348,1.0,,0.0
2026-02-05,22.09,22.39,22.56,22.0,715080.98,1591297.506,1.0,,0.0
2026-02-06,22.31,22.13,22.46,22.06,621860.97,1382527.219,1.0,,0.0
2026-02-09,22.32,22.79,22.92,22.26,742890.54,1683361.253,1.0,,0.0
2026-02-10,22.79,22.61,22.87,22.55,332373.01,753936.432,1.0,,0.0
2026-02-11,22.65,22.63,22.77,22.48,354383.55,802094.452,1.0,,0.0
2026-02-12,22.63,22.41,22.63,22.33,450689.18,1011154.093,1.0,,0.0
2026-02-13,22.4,22.18,22.57,22.17,501186.48,1118012.758,1.0,,0.0
2026-02-24,22.29,21.96,22.32,21.93,516915.55,1140936.145,1.0,,0.0
2026-02-25,21.98,21.74,22.22,21.56,997431.59,2177892.95,1.0,,0.0
2026-02-26,21.71,21.49,21.85,21.42,689554.5,1487659.895,1.0,,0.0
2026-02-27,21.5,21.38,21.6,21.35,545010.6,1168076.249,1.0,,0.0
2026-03-02,21.2,21.18,21.28,20.72,940347.42,1976895.234,1.0,,0.0
2026-03-03,21.18,20.92,21.36,20.79,877630.51,1850823.686,1.0,,0.0
2026-03-04,20.82,20.34,20.92,20.2,985463.95,2012233.219,1.0,,0.0
2026-03-05,20.58,20.34,20.67,20.27,475884.82,971008.654,1.0,,0.0
2026-03-06,20.25,20.37,20.55,20.21,596685.39,1214698.148,1.0,,0.0
2026-03-09,20.03,19.68,20.04,19.59,928066.52,1831873.055,1.0,,0.0
2026-03-10,19.88,19.85,20.04,19.75,596568.36,1185189.367,1.0,,0.0
2026-03-11,19.81,19.94,20.0,19.75,547162.51,1088363.975,1.0,,0.0
2026-03-12,19.93,19.82,19.97,19.67,510324.25,1011507.556,1.0,,0.0
2026-03-13,19.72,19.65,19.92,19.62,438787.14,866458.072,1.0,,0.0
2026-03-16,19.66,19.48,19.67,19.28,497190.18,966916.44,1.0,,0.0
2026-03-17,19.56,19.75,20.37,19.54,1178731.46,2356774.951,1.0,,0.0
2026-03-18,19.63,19.73,19.84,19.57,510860.26,1004855.914,1.0,,0.0
2026-03-19,19.54,19.2,19.58,19.14,783492.96,1513723.638,1.0,,0.0
2026-03-20,19.32,19.03,19.39,19.03,506305.86,972087.242,1.0,,0.0
2026-03-23,18.78,18.26,18.84,18.14,935497.78,1726793.424,1.0,,0.0
2026-03-24,18.45,18.44,18.65,18.22,812066.39,1498439.067,1.0,,0.0
2026-03-25,18.5,18.94,19.1,18.5,672607.27,1270275.457,1.0,,0.0
2026-03-26,18.87,18.42,18.94,18.32,752796.59,1393927.461,1.0,,0.0
2026-03-27,18.3,18.5,18.58,18.26,428854.36,791856.117,1.0,,0.0
2026-03-30,18.25,18.21,18.47,18.1,693337.9,1265309.883,1.0,,0.0
2026-03-31,18.17,17.8,18.29,17.79,928087.51,1671285.931,1.0,,0.0
2026-04-01,18.12,18.2,18.4,18.04,774221.78,1409322.324,1.0,,0.0
2026-04-02,18.14,17.72,18.14,17.61,710761.71,1265000.338,1.0,,0.0
2026-04-03,17.86,17.67,17.9,17.64,363044.71,644520.462,1.0,,0.0
2026-04-07,17.67,17.59,17.74,17.54,380855.79,671363.477,1.0,,0.0
2026-04-08,17.98,18.31,18.46,17.91,1123599.31,2039864.06,1.0,,0.0
2026-04-09,18.11,17.93,18.15,17.86,505118.01,908186.198,1.0,,0.0
2026-04-10,18.27,18.72,19.23,18.27,1726648.64,3249327.657,1.0,,0.0
2026-04-13,18.61,18.94,19.14,18.52,868700.6,1642995.237,1.0,,0.0
2026-04-14,19.01,18.93,19.18,18.7,850289.98,1606510.406,1.0,,0.0
2026-04-15,19.01,18.87,19.14,18.81,717822.66,1361123.047,1.0,,0.0
2026-04-16,19.0,19.01,19.23,18.92,995833.38,1898161.15,1.0,,0.0
2026-04-17,18.98,19.07,19.18,18.87,711530.67,1353139.705,1.0,,0.0
2026-04-20,19.08,18.97,19.14,18.87,679622.8,1291843.389,1.0,,0.0
2026-04-21,18.92,18.96,19.08,18.79,501735.5,948907.699,1.0,,0.0
2026-04-22,18.9,19.38,19.74,18.85,1424103.85,2757668.971,1.0,,0.0
2026-04-23,19.3,19.08,19.46,19.01,721187.83,1385715.039,1.0,,0.0
2026-04-24,19.02,18.78,19.05,18.61,652061.92,1223733.006,1.0,,0.0
2026-04-27,18.82,18.76,19.12,18.72,702754.25,1326029.495,1.0,,0.0
2026-04-28,18.85,19.27,19.59,18.85,1588176.65,3065816.808,1.0,,0.0
2026-04-29,19.2,19.29,19.36,19.03,908337.82,1742302.717,1.0,,0.0
2026-04-30,19.4,19.15,19.62,19.13,1193161.67,2304064.65,1.0,,0.0
2026-05-06,19.29,19.33,19.59,19.22,1285999.13,2493419.756,1.0,,0.0
2026-05-07,19.49,19.33,19.52,19.12,890599.06,1713189.16,1.0,,0.0
2026-05-08,19.24,19.11,19.31,19.06,699271.94,1339439.155,1.0,,0.0
2026-05-11,19.07,19.37,19.65,19.02,1850300.58,3562102.086,1.0,,0.0
2026-05-12,19.34,19.72,19.92,19.28,2084453.53,4097505.79,1.0,,0.0
2026-05-13,19.62,19.48,19.76,19.25,1409189.46,2738978.806,1.0,,0.0
2026-05-14,19.58,19.1,19.72,19.1,1389219.37,2696775.715,1.0,,0.0
2026-05-15,19.1,18.52,19.17,18.45,1334802.85,2497417.394,1.0,,0.0
2026-05-18,18.32,18.37,18.6,18.24,717798.07,1319940.753,1.0,,0.0
2026-05-19,18.35,18.7,18.87,18.12,953311.05,1759412.467,1.0,,0.0
2026-05-20,18.59,18.57,18.71,18.37,743211.1,1377762.024,1.0,,0.0
2026-05-21,18.65,18.66,19.44,18.62,1647520.34,3146733.615,1.0,,0.0
2026-05-22,18.8,18.16,18.87,18.1,1303746.8,2377998.568,1.0,,0.0
2026-05-25,18.29,18.43,18.55,18.2,774512.82,1421481.758,1.0,,0.0
2026-05-26,18.38,18.69,18.99,18.3,1099303.51,2059689.092,1.0,,0.0
2026-05-27,18.6,18.49,18.92,18.43,845798.94,1572630.014,1.0,,0.0
2026-05-28,18.48,18.04,18.55,17.92,991638.01,1795897.977,1.0,,0.0
2026-05-29,18.11,18.18,18.53,18.05,1165220.16,2135207.566,1.0,,0.0
2026-06-01,18.4,18.53,18.77,18.24,1135414.51,2104337.358,1.0,,0.0
2026-06-02,18.53,18.61,18.71,18.25,970125.28,1792749.256,1.0,,0.0
2026-06-03,18.59,19.12,19.38,18.34,1567563.31,2971190.069,1.0,,0.0
2026-06-04,19.0,19.11,19.53,18.83,1028436.63,1962715.913,1.0,,0.0
2026-06-05,19.03,18.85,19.41,18.75,1009035.7,1919176.979,1.0,,0.0
2026-06-08,18.6,18.74,19.04,18.55,958402.0,1798570.068,1.0,,0.0
2026-06-09,18.66,18.78,18.91,18.43,748653.58,1399171.911,1.0,,0.0
2026-06-10,18.67,19.37,19.44,18.58,1516608.95,2899956.87,1.0,,0.0
2026-06-11,19.25,19.29,19.68,19.01,1221301.11,2356879.549,1.0,,0.0
2026-06-12,19.27,19.97,20.07,19.1,2342065.48,4626352.326,1.0,,0.0
2026-06-15,20.03,20.36,20.9,19.97,2139218.01,4367988.718,1.0,,0.0
2026-06-16,20.09,20.45,20.75,20.06,1314202.05,2688997.671,1.0,,0.0
2026-06-17,20.45,20.4,20.69,20.22,937503.12,1911745.383,1.0,,0.0
2026-06-18,20.28,19.55,20.38,19.54,1560526.18,3094262.602,1.0,,0.0
2026-06-22,19.5,21.29,21.38,19.45,2535661.84,5235843.669,1.0,,0.0
2026-06-24,21.1,20.86,21.54,20.72,1414286.7,2971369.888,1.0,,0.0
2026-06-25,20.8,21.4,21.55,20.5,1761501.66,3731766.438,1.0,,0.0
2026-06-26,21.33,20.41,21.5,20.39,1481878.8,3091591.832,1.0,,0.0
2026-06-29,20.48,20.86,21.11,20.39,1256719.98,2610672.841,1.0,,0.0
2026-06-30,20.74,20.62,20.91,20.43,1005727.42,2070956.991,1.0,,0.0
2026-07-01,20.6,21.64,21.9,20.36,1967967.25,4198619.341,1.0,,0.0
2026-07-03,21.17,21.19,21.39,20.92,1031477.9,2176670.048,1.0,,0.0
2026-07-06,21.56,21.31,21.85,21.17,988421.6,2115156.527,1.0,,0.0
2026-07-07,21.24,20.64,21.28,20.56,806842.82,1676435.493,1.0,,0.0
2026-07-08,20.6,20.03,20.72,20.0,832956.75,1689901.047,1.0,,0.0
2026-07-09,20.06,20.39,20.46,19.77,839022.73,1684569.087,1.0,,0.0
2026-07-10,20.3,20.18,20.5,19.85,700106.74,1412549.525,1.0,,0.0
2026-07-14,19.68,20.08,20.09,19.55,683919.45,1360559.049,1.0,,0.0
2026-07-15,20.12,20.63,20.86,20.1,968031.37,1982802.895,1.0,,0.0
2026-07-16,20.39,20.36,20.66,20.22,657099.31,1337784.991,1.0,,0.0
2026-07-17,20.32,19.87,20.49,19.86,786645.53,1586810.304,1.0,,0.0
2026-07-20,19.98,20.47,20.57,19.92,924866.47,1877627.745,1.0,,0.0
2026-07-21,20.85,20.63,20.86,20.28,803307.16,1647878.7,1.0,,0.0
2026-07-22,20.42,20.63,20.76,20.36,556567.42,1144187.412,1.0,,0.0
2026-07-23,20.63,20.85,20.9,20.42,541899.49,1122121.802,1.0,,0.0
2026-07-24,20.77,20.4,20.8,20.25,592116.83,1209881.812,1.0,,0.0
2026-07-27,20.6,20.28,20.6,20.02,490812.54,992388.056,1.0,,0.0
2026-07-28,20.1,20.09,20.14,19.82,526079.51,1050099.184,1.0,,0.0
2026-07-29,20.1,20.16,20.34,19.87,650578.95,1308559.877,1.0,,0.0
2026-07-30,19.97,19.7,20.24,19.51,1259567.09,2489385.491,1.0,,0.0
2026-07-31,19.69,19.62,19.81,19.56,919141.79,1807588.901,1.0,,0.0
2026-08-03,19.5,19.6,19.62,19.41,477453.21,931237.016,1.0,,0.0
2026-08-04,19.64,19.6,19.75,19.54,514907.78,1010920.787,1.0,,0.0
2026-08-05,19.61,19.77,19.86,19.51,681011.37,1343775.009,1.0,,0.0
2026-08-06,19.7,19.49,19.77,19.4,675999.26,1320264.323,1.0,,0.0
2026-08-07,19.47,19.28,19.47,19.16,847082.8,1631993.385,1.0,,0.0
2026-08-10,19.3,19.39,19.45,19.3,491683.96,953097.318,1.0,,0.0
2026-08-11,19.4,19.23,19.49,19.2,506985.11,980200.823,1.0,,0.0
2026-08-12,19.2,19.39,19.46,19.11,603467.46,1165773.72,1.0,0.8259,0.0
2026-08-13,19.39,19.56,19.71,19.36,759896.63,1489929.972,1.0,1.04,0.0
2026-08-14,19.56,19.39,19.66,19.36,473345.28,922245.835,1.0,0.65,0.0
2026-08-17,19.39,19.37,19.46,19.18,724156.37,1397582.178,1.0,0.0,0.0
2026-08-18,19.35,19.1,19.35,19.05,601762.98,1152737.05,1.0,0.0,0.0
2026-08-19,19.06,18.9,19.13,18.75,700469.48,1323084.839,1.0,0.0,0.0
2026-08-20,18.83,18.74,18.9,18.65,574088.3,1076047.875,1.0,0.636,0.7857
2026-08-21,18.4,18.6,18.61,18.33,436240.61,807125.308,1.0,0.4833,0.597
2026-08-24,18.57,18.64,18.76,18.47,451348.32,840050.849,1.0,0.5,0.6177
2026-08-25,18.65,18.59,18.72,18.46,346317.09,642495.938,1.0,0.3837,0.474
2026-08-26,18.53,19.14,19.18,18.52,916939.83,1742778.523,1.0,1.0158,1.2549
2026-08-27,19.05,19.3,19.34,19.0,634025.51,1216106.702,1.0,0.7024,0.8677
2026-08-28,19.26,19.41,19.52,19.17,574323.16,1114302.762,1.0,0.6362,0.786
2026-08-31,19.35,19.42,19.5,19.25,527713.67,1022966.94,1.0,0.5846,0.7222
2026-09-01,19.4,19.58,19.69,19.35,546938.09,1070759.597,1.0,0.6059,0.7485
2026-09-02,19.48,19.22,19.55,19.2,473900.79,914445.791,1.0,0.525,0.6486
2026-09-03,19.25,19.5,19.64,19.25,510544.45,994987.292,1.0,0.5656,0.6987
2026-09-04,19.54,19.56,19.76,19.51,558804.46,1097596.024,1.0,0.619,0.7648
2026-09-07,19.6,19.37,19.67,19.37,460166.77,895219.976,1.0,0.5098,0.6298
2026-09-08,19.42,19.27,19.5,19.2,355544.6,687661.906,1.0,0.3939,0.4866
2026-09-09,19.22,19.32,19.35,19.17,271733.44,523359.449,1.0,0.301,0.3719
2026-09-10,19.3,19.52,19.59,19.22,370727.09,721881.228,1.0,0.4107,0.5074
2026-09-11,19.45,18.93,19.48,18.78,587168.55,1111942.62,1.0,0.6505,0.8036
2026-09-14,18.81,18.8,18.91,18.7,340018.24,638870.423,1.0,0.3767,0.4653
2026-09-15,18.78,18.59,18.85,18.55,410880.62,766038.467,1.0,0.4552,0.5623
2026-09-16,18.54,18.48,18.6,18.27,418516.0,771904.515,1.0,0.4636,0.5728
2026-09-17,18.38,18.13,18.49,18.1,561849.6,1023555.97,1.0,0.6224,0.7689
2026-09-18,18.21,18.33,18.43,18.16,502963.7,921827.254,1.0,0.5572,0.6884
2026-09-21,18.36,18.47,18.53,18.27,467618.6,859372.698,1.0,0.518,0.64
2026-09-22,18.57,18.47,18.65,18.38,501531.06,928830.342,1.0,0.5556,0.6864
