date,open,close,high,low,volume,money,factor,turnover,turnover_free
2021-05-10,17.7,17.74,17.88,17.49,7509.64,13810.431,0.9615176151761518,,0.0
2021-05-11,17.689999999999998,17.54,17.7,17.4,8715.87,15868.357,0.9610958904109588,,0.0
2021-05-12,17.4,17.14,17.5,17.119999999999997,18736.2,33660.243,0.9602240896358544,,0.0
2021-05-13,17.099999999999998,17.14,17.24,16.99,12319.17,22003.235,0.9602240896358544,,0.0
2021-05-14,17.24,17.3,17.48,17.02,14254.71,25641.486,0.9605774569683508,,0.0
2021-05-17,17.39,17.07,17.46,17.009999999999998,12386.68,22128.023,0.9600674915635544,,0.0
2021-05-18,17.07,17.099999999999998,17.099999999999998,16.91,8282.64,14652.649,0.9601347557551936,,0.0
2021-05-19,17.09,16.49,17.09,16.48,22115.1,38381.902,0.958720930232558,,0.0
2021-05-20,16.58,16.55,16.63,16.439999999999998,8113.52,14017.626,0.9588644264194668,,0.0
2021-05-21,16.58,16.55,16.59,16.45,6060.4,10447.1,0.9588644264194668,,0.0
2021-05-24,16.58,16.83,16.89,16.5,10916.63,19031.192,0.9595210946408208,,0.0
2021-05-25,16.88,16.86,16.98,16.669999999999998,10972.64,19241.505,0.9595902105862264,,0.0
2021-05-26,16.849999999999998,17.0,17.08,16.71,11403.51,20151.961,0.9599096555618294,,0.0
2021-05-27,17.05,17.529999999999998,17.68,16.97,19364.0,35043.626,0.9610745614035088,,0.0
2021-05-28,17.49,17.14,17.529999999999998,17.05,14053.17,25191.033,0.9602240896358544,,0.0
2021-05-31,17.13,17.0,17.14,16.88,10236.39,18102.835,0.9599096555618294,,0.0
2021-06-01,17.07,17.529999999999998,17.58,17.07,15881.24,28792.548,0.9610745614035088,,0.0
2021-06-02,17.52,17.36,17.66,17.21,13880.48,25176.939,0.9607083563918096,,0.0
2021-06-03,17.490000000000002,17.26,17.490000000000002,17.13,10887.36,19148.749,0.9795686719636776,,0.0
2021-06-04,17.26,17.16,17.35,17.11,7486.6,13151.018,0.9794520547945206,,0.0
2021-06-07,17.22,17.22,17.310000000000002,17.14,7476.78,13143.089,0.9795221843003412,,0.0
2021-06-08,17.3,17.12,17.3,16.94,8659.02,15103.537,0.9794050343249427,,0.0
2021-06-09,17.14,17.12,17.2,17.060000000000002,4593.24,8031.416,0.9794050343249427,,0.0
2021-06-10,17.11,17.07,17.240000000000002,16.97,10808.32,18832.045,0.9793459552495696,,0.0
2021-06-11,17.060000000000002,16.76,17.19,16.75,16473.45,28444.954,0.9789719626168224,,0.0
2021-06-15,16.72,16.37,16.72,16.36,11041.0,18584.069,0.9784817692767483,,0.0
2021-06-16,16.45,16.57,17.07,16.41,13674.09,23385.835,0.9787359716479622,,0.0
2021-06-17,16.59,16.37,16.89,16.27,10813.6,18200.757,0.9784817692767483,,0.0
2021-06-18,16.34,16.28,16.34,16.150000000000002,11235.02,18633.886,0.9783653846153848,,0.0
2021-06-21,16.29,16.38,16.39,16.11,6860.86,11414.595,0.978494623655914,,0.0
2021-06-22,16.43,16.490000000000002,16.55,16.330000000000002,9221.25,15502.195,0.9786350148367952,,0.0
2021-06-23,16.560000000000002,16.51,16.62,16.42,7901.38,13320.366,0.978660343805572,,0.0
2021-06-24,16.55,16.3,16.55,16.25,6578.04,10992.405,0.9783913565426172,,0.0
2021-06-25,16.22,16.34,16.37,16.22,7541.2,12548.182,0.9784431137724552,,0.0
2021-06-28,16.330000000000002,16.8,16.84,16.26,13843.88,23538.489,0.9790209790209792,,0.0
2021-06-29,16.79,16.830000000000002,16.94,16.67,9441.56,16205.703,0.9790575916230368,,0.0
2021-06-30,16.91,16.71,16.98,16.64,8115.13,13879.703,0.9789103690685412,,0.0
2021-07-01,16.650000000000002,16.75,16.86,16.61,9571.2,16392.834,0.97895967270602,,0.0
2021-07-02,16.84,16.6,16.86,16.45,6542.05,11116.76,0.9787735849056604,,0.0
2021-07-05,16.59,16.25,16.69,16.22,10022.6,16715.097,0.9783263094521372,,0.0
2021-07-06,16.26,16.07,16.26,15.94,11304.4,18590.146,0.9780888618381012,,0.0
2021-07-07,16.02,16.1,16.16,15.97,4908.72,8066.863,0.9781287970838396,,0.0
2021-07-08,16.03,15.77,16.16,15.670000000000002,13599.4,21961.51,0.9776813391196528,,0.0
2021-07-09,15.77,15.87,15.88,15.71,6297.2,10180.131,0.977818853974122,,0.0
2021-07-12,15.96,15.86,15.97,15.740000000000002,7356.56,11944.089,0.9778051787916152,,0.0
2021-07-13,15.94,15.71,15.94,15.650000000000002,9183.4,14788.928,0.9775980087118856,,0.0
2021-07-14,15.72,15.78,15.82,15.66,5678.8,9155.544,0.9776951672862454,,0.0
2021-07-15,15.79,15.24,15.8,15.15,15317.62,24016.573,0.976923076923077,,0.0
2021-07-16,15.32,15.1,15.32,15.02,8352.87,12934.935,0.9767141009055628,,0.0
2021-07-19,15.09,14.72,15.26,14.68,10961.36,16585.15,0.9761273209549072,,0.0
2021-07-20,14.74,14.8,14.97,14.73,7953.82,12095.637,0.9762532981530344,,0.0
2021-07-21,14.8,15.16,15.29,14.8,11399.07,17655.35,0.9768041237113404,,0.0
2021-07-22,15.24,14.97,15.24,14.91,7192.2,11054.745,0.9765166340508806,,0.0
2021-07-23,14.97,14.8,14.97,14.66,10213.8,15435.65,0.9762532981530344,,0.0
2021-07-26,14.79,14.41,14.79,14.31,12302.74,18314.537,0.975626269465132,,0.0
2021-07-27,14.41,14.73,14.94,14.24,13185.77,19708.348,0.9761431411530817,,0.0
2021-07-28,14.73,14.7,14.81,14.1,9136.56,13576.318,0.9760956175298804,,0.0
2021-07-29,14.7,14.64,14.92,14.54,7645.4,11485.91,0.976,,0.0
2021-07-30,14.55,14.62,14.63,14.39,4898.76,7293.058,0.9759679572763684,,0.0
2021-08-02,14.75,14.97,15.09,14.56,11410.28,17399.305,0.9765166340508806,,0.0
2021-08-03,14.94,15.25,15.42,14.79,13237.79,20668.307,0.976937860345932,,0.0
2021-08-04,15.24,15.0,15.25,14.86,9051.95,13874.044,0.9765625,,0.0
2021-08-05,14.95,14.86,15.18,14.84,5926.76,9100.006,0.97634691195795,,0.0
2021-08-06,14.86,14.78,15.01,14.68,5641.75,8522.983,0.976221928665786,,0.0
2021-08-09,14.79,15.16,15.19,14.78,10217.08,15772.129,0.9768041237113404,,0.0
2021-08-10,15.09,15.72,15.900000000000002,15.02,20352.3,32249.619,0.9776119402985076,,0.0
2021-08-11,15.54,15.58,15.7,15.41,14216.04,22596.391,0.9774153074027604,,0.0
2021-08-12,15.42,15.39,15.62,15.31,9827.57,15492.759,0.9771428571428572,,0.0
2021-08-13,15.44,15.68,15.7,15.25,12992.13,20622.295,0.977556109725686,,0.0
2021-08-16,15.71,15.89,15.990000000000002,15.64,13331.4,21656.371,0.977846153846154,,0.0
2021-08-17,15.94,15.34,15.96,15.34,14438.36,22946.522,0.9770700636942676,,0.0
2021-08-18,15.34,15.36,15.5,15.3,5458.2,8587.627,0.9770992366412214,,0.0
2021-08-19,15.37,15.18,15.49,15.16,5044.68,7876.249,0.9768339768339768,,0.0
2021-08-20,15.15,14.85,15.15,14.74,9510.66,14469.121,0.9763313609467456,,0.0
2021-08-23,14.89,15.07,15.27,14.78,6537.4,10110.792,0.9766688269604666,,0.0
2021-08-24,15.24,14.89,15.24,14.82,8641.0,13209.87,0.9763934426229508,,0.0
2021-08-25,14.89,14.96,15.12,14.81,6649.6,10179.74,0.9765013054830288,,0.0
2021-08-26,14.85,14.94,15.06,14.85,5981.2,9148.479,0.9764705882352942,,0.0
2021-08-27,14.94,14.6,14.94,14.57,10369.2,15665.834,0.9759358288770054,,0.0
2021-08-30,14.59,14.61,14.71,14.32,8188.0,12217.129,0.9759519038076152,,0.0
2021-08-31,14.63,14.68,14.74,14.5,7521.13,11273.525,0.976063829787234,,0.0
2021-09-01,14.68,14.88,14.89,14.59,7368.28,11143.117,0.9763779527559056,,0.0
2021-09-02,14.88,14.73,14.88,14.68,7620.76,11526.84,0.9761431411530817,,0.0
2021-09-03,14.72,14.87,14.99,14.71,6085.4,9276.866,0.9763624425476034,,0.0
2021-09-06,14.96,15.08,15.1,14.9,7831.52,12048.996,0.9766839378238342,,0.0
2021-09-07,15.09,15.2,15.23,15.04,8021.21,12435.078,0.9768637532133676,,0.0
2021-09-08,15.2,15.14,15.28,15.13,7168.56,11141.373,0.9767741935483872,,0.0
2021-09-09,15.13,15.47,15.52,15.1,9365.97,14679.866,0.9772583701831964,,0.0
2021-09-10,15.41,15.15,15.41,15.09,10728.0,16705.597,0.97678916827853,,0.0
2021-09-13,15.06,15.32,15.44,14.99,11178.54,17379.917,0.9770408163265306,,0.0
2021-09-14,15.37,15.06,15.39,15.02,7633.6,11895.214,0.9766536964980546,,0.0
2021-09-15,15.04,15.02,15.12,14.91,5270.96,8084.187,0.976592977893368,,0.0
2021-09-16,15.02,16.560000000000002,16.560000000000002,14.95,36407.11,60424.75,0.9787234042553192,,0.0
2021-09-17,17.240000000000002,18.25,18.25,16.43,148916.57,268500.469,0.9806555615260611,,0.0
2021-09-22,19.64,18.54,19.64,16.92,144801.08,273389.872,0.980952380952381,,0.0
2021-09-23,17.55,17.75,18.42,17.34,92605.21,167930.696,0.9801214798453892,,0.0
2021-09-24,17.64,16.810000000000002,17.64,16.67,59472.19,103479.217,0.9790331974373908,,0.0
2021-09-27,17.02,17.37,17.61,16.64,60528.1,107092.161,0.9796954314720812,,0.0
2021-09-28,17.12,16.88,17.12,16.27,41302.39,70771.237,0.9791183294663574,,0.0
2021-09-29,16.740000000000002,16.09,16.84,16.02,37237.0,62326.14,0.9781155015197568,,0.0
2021-09-30,16.11,16.61,16.75,16.11,23736.0,39982.773,0.9787860931054804,,0.0
2021-10-08,16.63,17.04,17.05,16.36,32004.21,54946.677,0.9793103448275864,,0.0
2021-10-11,17.060000000000002,16.64,17.18,16.39,24612.0,41880.303,0.9788235294117648,,0.0
2021-10-12,16.52,17.04,17.05,16.34,29923.6,51290.045,0.9793103448275864,,0.0
2021-10-13,17.060000000000002,16.64,17.13,15.84,37773.0,63324.405,0.9788235294117648,,0.0
2021-10-14,16.29,16.240000000000002,16.38,16.02,18993.61,31449.449,0.9783132530120482,,0.0
2021-10-15,16.35,15.88,16.35,15.84,17924.39,29186.681,0.977832512315271,,0.0
2021-10-18,15.740000000000002,15.69,15.82,15.39,17295.52,27564.624,0.977570093457944,,0.0
2021-10-19,15.72,15.88,16.080000000000002,15.66,14625.06,23774.762,0.977832512315271,,0.0
2021-10-20,15.920000000000002,15.84,16.07,15.740000000000002,15485.77,25117.994,0.977777777777778,,0.0
2021-10-21,15.64,15.71,15.900000000000002,15.59,12792.2,20518.484,0.9775980087118856,,0.0
2021-10-22,15.58,15.760000000000002,15.760000000000002,15.49,10094.56,16122.142,0.977667493796526,,0.0
2021-10-25,15.75,16.080000000000002,16.22,15.7,14826.36,24313.138,0.978102189781022,,0.0
2021-10-26,16.28,15.830000000000002,16.28,15.72,12904.03,20975.632,0.9777640518838788,,0.0
2021-10-27,15.82,15.24,15.82,14.95,18288.77,28652.441,0.976923076923077,,0.0
2021-10-28,15.24,14.89,15.41,14.89,11915.52,18295.021,0.9763934426229508,,0.0
2021-10-29,15.08,15.04,15.15,14.91,7906.75,12176.825,0.9766233766233766,,0.0
2021-11-01,14.96,15.46,15.61,14.36,22306.12,34696.125,0.97724399494311,,0.0
2021-11-02,15.46,15.01,15.46,14.86,11073.8,17143.686,0.9765777488614183,,0.0
2021-11-03,14.93,15.28,15.39,14.93,7212.39,11240.583,0.9769820971867008,,0.0
2021-11-04,15.3,15.73,16.04,15.28,17859.08,28717.038,0.9776258545680548,,0.0
2021-11-05,15.73,15.54,15.88,15.52,10326.4,16502.465,0.9773584905660376,,0.0
2021-11-08,15.53,15.650000000000002,15.830000000000002,15.51,8532.75,13665.09,0.9775140537164272,,0.0
2021-11-09,15.71,15.84,15.88,15.56,20886.87,33560.485,0.977777777777778,,0.0
2021-11-10,15.84,16.740000000000002,16.89,15.79,41417.83,69982.026,0.9789473684210528,,0.0
2021-11-11,16.61,16.36,16.61,16.28,21721.52,36371.603,0.9784688995215312,,0.0
2021-11-12,16.32,16.46,16.6,16.240000000000002,15655.49,26334.342,0.9785969084423306,,0.0
2021-11-15,16.46,16.87,17.05,16.34,27963.2,48108.434,0.9791062100986652,,0.0
2021-11-16,16.87,16.91,17.11,16.650000000000002,18902.82,32606.427,0.9791546033584252,,0.0
2021-11-17,16.91,16.69,16.94,16.47,17969.09,30567.613,0.9788856304985336,,0.0
2021-11-18,16.61,16.45,16.79,16.45,11606.77,19657.11,0.9785841760856632,,0.0
2021-11-19,16.45,16.52,16.66,16.41,8520.0,14388.794,0.9786729857819906,,0.0
2021-11-22,16.29,16.26,16.42,15.82,16317.4,26855.945,0.9783393501805054,,0.0
2021-11-23,16.21,16.03,16.34,16.03,18075.65,29765.954,0.9780353874313606,,0.0
2021-11-24,16.03,16.26,16.3,15.97,11225.56,18532.056,0.9783393501805054,,0.0
2021-11-25,16.26,16.44,16.810000000000002,16.22,15038.13,25286.186,0.9785714285714286,,0.0
2021-11-26,16.41,16.59,16.62,16.19,12289.44,20669.103,0.9787610619469028,,0.0
2021-11-29,16.34,16.18,16.54,16.13,13533.79,22547.425,0.9782345828295044,,0.0
2021-11-30,16.18,16.64,16.72,16.18,16328.4,27540.923,0.9788235294117648,,0.0
2021-12-01,16.8,16.580000000000002,16.8,16.41,11149.39,18877.09,0.9787485242030696,,0.0
2021-12-02,16.62,16.490000000000002,16.72,16.45,10792.11,18263.32,0.9786350148367952,,0.0
2021-12-03,16.47,16.34,16.8,16.32,18507.0,31353.647,0.9784431137724552,,0.0
2021-12-06,16.240000000000002,16.04,16.400000000000002,16.02,12796.56,21139.384,0.9780487804878047,,0.0
2021-12-07,16.04,15.85,16.22,15.77,11397.0,18525.882,0.9777914867365824,,0.0
2021-12-08,15.94,15.990000000000002,16.1,15.85,6922.62,11284.8,0.9779816513761468,,0.0
2021-12-09,16.0,16.09,16.19,15.94,7323.92,12029.895,0.9781155015197568,,0.0
2021-12-10,16.13,15.96,16.13,15.95,5993.0,9810.552,0.9779411764705884,,0.0
2021-12-13,16.01,15.93,16.07,15.810000000000002,7682.88,12518.09,0.977900552486188,,0.0
2021-12-14,15.85,15.89,16.02,15.84,7659.0,12449.577,0.977846153846154,,0.0
2021-12-15,16.02,15.55,16.02,15.53,14073.56,22707.337,0.977372721558768,,0.0
2021-12-16,15.55,15.650000000000002,15.71,15.46,9116.45,14532.808,0.9775140537164272,,0.0
2021-12-17,15.650000000000002,17.25,17.25,15.55,107720.04,185463.138,0.979557069846678,,0.0
2021-12-20,16.990000000000002,17.16,17.45,16.79,86272.64,151262.367,0.9794520547945206,,0.0
2021-12-21,17.09,16.990000000000002,17.09,16.68,37077.18,63833.189,0.9792507204610952,,0.0
2021-12-22,16.94,17.18,17.29,16.84,34119.04,59549.795,0.9794754846066136,,0.0
2021-12-23,17.240000000000002,16.6,17.54,16.59,37078.03,63830.352,0.9787735849056604,,0.0
2021-12-24,16.54,16.62,16.810000000000002,16.44,21419.6,36411.365,0.9787985865724382,,0.0
2021-12-27,16.64,17.03,17.080000000000002,16.54,29271.67,50571.188,0.9792984473835538,,0.0
2021-12-28,16.97,17.11,17.13,16.71,23056.65,39863.732,0.9793932455638236,,0.0
2021-12-29,17.11,16.900000000000002,17.21,16.86,23000.28,39930.244,0.9791425260718424,,0.0
2021-12-30,17.12,16.92,17.13,16.740000000000002,20341.17,35100.702,0.9791666666666669,,0.0
2021-12-31,16.88,16.94,17.44,16.86,28005.75,49016.317,0.9791907514450868,,0.0
2022-01-04,17.0,17.45,17.76,16.87,35047.5,62263.204,0.9797866367209432,,0.0
2022-01-05,17.44,17.09,17.44,16.93,22228.06,38800.368,0.9793696275071634,,0.0
2022-01-06,17.42,17.25,17.42,16.95,22863.76,40116.823,0.979557069846678,,0.0
2022-01-07,17.150000000000002,17.03,17.6,17.02,35744.92,63388.958,0.9792984473835538,,0.0
2022-01-10,16.85,17.23,17.48,16.85,29387.8,51689.571,0.9795338260375214,,0.0
2022-01-11,17.2,17.490000000000002,17.810000000000002,17.14,34103.08,61158.115,0.9798319327731092,,0.0
2022-01-12,17.490000000000002,17.91,18.22,17.46,43006.11,78501.251,0.9802955665024632,,0.0
2022-01-13,18.04,17.91,18.13,17.580000000000002,38380.6,69878.378,0.9802955665024632,,0.0
2022-01-14,17.82,17.84,18.12,17.73,26692.13,48694.214,0.9802197802197804,,0.0
2022-01-17,17.830000000000002,17.86,18.0,17.53,26256.59,47761.68,0.9802414928649836,,0.0
2022-01-18,17.87,16.97,17.94,16.92,41988.53,73738.312,0.9792267743796884,,0.0
2022-01-19,17.05,17.16,17.16,16.89,13808.47,24016.806,0.9794520547945206,,0.0
2022-01-20,17.14,16.36,17.23,16.240000000000002,30974.53,52664.246,0.9784688995215312,,0.0
2022-01-21,16.53,16.07,16.67,15.96,22280.2,36751.568,0.9780888618381012,,0.0
2022-01-24,16.07,15.7,16.1,15.69,15165.4,24519.099,0.9775840597758406,,0.0
2022-01-25,15.7,15.04,15.760000000000002,14.94,22972.96,35937.76,0.9766233766233766,,0.0
2022-01-26,15.05,15.03,15.22,14.78,12273.0,18880.037,0.9766081871345028,,0.0
2022-01-27,15.05,14.55,15.2,14.5,16628.96,25209.373,0.9758551307847084,,0.0
2022-01-28,14.56,14.79,14.9,14.56,15231.2,23076.357,0.9762376237623764,,0.0
2022-02-07,14.91,14.83,15.06,14.64,12815.0,19487.577,0.9763001974983542,,0.0
2022-02-08,14.83,14.98,15.02,14.67,13035.2,19845.061,0.9765319426336376,,0.0
2022-02-09,14.99,15.18,15.2,14.81,11934.8,18469.803,0.9768339768339768,,0.0
2022-02-10,15.18,15.04,15.24,14.94,11312.0,17424.345,0.9766233766233766,,0.0
2022-02-11,15.05,14.71,15.29,14.56,17264.01,26062.433,0.9761114797611148,,0.0
2022-02-14,14.65,14.71,14.89,14.49,11673.97,17557.552,0.9761114797611148,,0.0
2022-02-15,14.7,14.64,14.74,14.54,8492.53,12728.976,0.976,,0.0
2022-02-16,14.61,14.79,14.87,14.61,10512.0,15895.954,0.9762376237623764,,0.0
2022-02-17,14.79,14.6,14.84,14.59,11387.0,17163.678,0.9759358288770054,,0.0
2022-02-18,14.6,14.76,14.79,14.46,9304.2,13931.301,0.9761904761904764,,0.0
2022-02-21,14.84,14.93,14.99,14.71,11336.79,17253.29,0.9764551994767824,,0.0
2022-02-22,14.84,14.74,14.92,14.66,9088.4,13740.265,0.9761589403973512,,0.0
2022-02-23,14.73,14.94,14.99,14.73,11720.01,17894.796,0.9764705882352942,,0.0
2022-02-24,14.94,14.53,15.08,14.27,18655.04,28071.375,0.9758226997985224,,0.0
2022-02-25,14.56,14.75,14.9,14.56,11785.52,17845.79,0.9761747187293184,,0.0
2022-02-28,14.73,14.79,14.88,14.46,10408.16,15642.608,0.9762376237623764,,0.0
2022-03-01,14.88,14.94,14.99,14.79,12176.63,18605.337,0.9764705882352942,,0.0
2022-03-02,14.89,14.99,15.04,14.85,8002.37,12273.466,0.9765472312703584,,0.0
2022-03-03,15.05,15.08,15.15,14.91,9096.4,14006.937,0.9766839378238342,,0.0
2022-03-04,15.08,14.98,15.42,14.95,14475.69,22498.269,0.9765319426336376,,0.0
2022-03-07,14.98,14.79,15.13,14.7,12624.8,19299.681,0.9762376237623764,,0.0
2022-03-08,14.78,14.15,14.82,14.14,15977.6,23608.098,0.9751895244658856,,0.0
2022-03-09,14.15,13.63,14.3,13.14,19337.4,27223.057,0.9742673338098642,,0.0
2022-03-10,13.83,14.1,14.18,13.83,11149.2,16113.729,0.975103734439834,,0.0
2022-03-11,13.96,14.4,14.45,13.84,13206.2,19090.778,0.9756097560975612,,0.0
2022-03-14,14.42,14.15,14.53,14.15,10247.56,15040.63,0.9751895244658856,,0.0
2022-03-15,14.17,13.28,14.17,13.14,16126.0,22619.55,0.9736070381231672,,0.0
2022-03-16,13.37,13.29,13.83,12.72,16616.58,22513.04,0.9736263736263736,,0.0
2022-03-17,13.44,13.48,13.82,13.32,11816.08,16510.761,0.9739884393063584,,0.0
2022-03-18,13.51,13.74,13.83,13.48,8865.28,12465.135,0.974468085106383,,0.0
2022-03-21,13.83,14.05,14.08,13.75,9367.81,13401.32,0.9750173490631506,,0.0
2022-03-22,13.99,13.97,14.08,13.81,7636.0,10924.126,0.9748778785764132,,0.0
2022-03-23,13.97,13.9,14.07,13.81,7800.0,11137.064,0.9747545582047686,,0.0
2022-03-24,13.99,13.81,13.99,13.69,7596.0,10756.877,0.9745942131263232,,0.0
2022-03-25,13.76,14.01,14.18,13.76,12091.2,17433.409,0.9749478079331942,,0.0
2022-03-28,14.05,13.91,14.08,13.72,9777.2,13920.853,0.974772249474422,,0.0
2022-03-29,13.91,14.2,15.25,13.76,37744.75,55703.516,0.9752747252747254,,0.0
2022-03-30,14.22,14.09,14.24,13.84,16502.41,23759.998,0.9750865051903116,,0.0
2022-03-31,14.04,14.32,14.64,13.96,23459.6,34736.403,0.9754768392370572,,0.0
2022-04-01,14.23,14.23,14.49,14.13,13131.2,19197.442,0.9753255654557916,,0.0
2022-04-06,13.95,14.32,14.52,13.93,12299.6,18091.711,0.9754768392370572,,0.0
2022-04-07,14.18,14.02,14.53,14.02,11721.85,17116.785,0.9749652294853964,,0.0
2022-04-08,14.02,13.59,14.04,13.45,13619.53,19062.921,0.9741935483870968,,0.0
2022-04-11,13.6,13.37,13.71,13.17,9036.2,12450.092,0.9737800436999272,,0.0
2022-04-12,13.54,13.56,13.58,13.08,9405.32,12856.437,0.9741379310344828,,0.0
2022-04-13,13.64,13.2,13.64,13.17,8285.16,11311.268,0.9734513274336284,,0.0
2022-04-14,13.15,13.22,13.34,13.15,7067.8,9608.311,0.9734904270986746,,0.0
2022-04-15,13.09,13.23,13.25,12.98,8734.53,11738.72,0.9735099337748344,,0.0
2022-04-18,13.23,13.4,13.44,12.85,10386.6,14023.788,0.9738372093023256,,0.0
2022-04-19,13.27,13.31,13.52,13.19,5916.28,8104.98,0.9736649597659108,,0.0
2022-04-20,13.43,13.32,13.57,13.25,8028.85,11016.657,0.9736842105263158,,0.0
2022-04-21,13.34,12.65,13.42,12.58,14527.77,19247.167,0.9723289777094544,,0.0
2022-04-22,12.69,12.1,12.69,11.95,16480.84,20781.502,0.971107544141252,,0.0
2022-04-25,12.0,11.06,12.04,11.06,17975.86,21304.03,0.968476357267951,,0.0
2022-04-26,10.99,10.73,11.34,10.66,11180.0,12622.402,0.9675383228133454,,0.0
2022-04-27,10.73,11.16,11.18,10.39,13128.57,14648.637,0.96875,,0.0
2022-04-28,10.97,10.84,11.24,10.76,10427.56,11846.095,0.9678571428571427,,0.0
2022-04-29,10.99,11.22,11.3,10.76,9704.0,11171.605,0.9689119170984456,,0.0
2022-05-05,11.22,11.34,11.53,11.05,12067.4,14142.924,0.9692307692307692,,0.0
2022-05-06,11.2,11.45,11.52,10.95,11621.8,13638.129,0.9695173581710416,,0.0
2022-05-09,11.43,12.0,12.01,11.3,15306.6,18660.419,0.970873786407767,,0.0
2022-05-10,11.84,11.94,12.05,11.82,9787.0,12027.606,0.9707317073170731,,0.0
2022-05-11,12.2,11.97,12.29,11.96,14045.89,17557.661,0.9708029197080292,,0.0
2022-05-12,11.97,12.37,12.52,11.86,14994.4,19021.943,0.97172034564022,,0.0
2022-05-13,12.63,12.62,12.72,12.33,13110.6,16894.487,0.9722650231124808,,0.0
2022-05-16,12.63,12.56,12.78,12.44,10977.4,14238.873,0.9721362229102168,,0.0
2022-05-17,12.62,12.34,12.63,12.25,12819.33,16274.125,0.9716535433070866,,0.0
2022-05-18,12.35,12.41,12.64,12.26,9137.8,11735.664,0.971808927173062,,0.0
2022-05-19,12.36,12.31,12.41,12.2,7180.69,9095.919,0.9715864246250988,,0.0
2022-05-20,12.11,12.35,12.59,12.11,14334.81,18209.569,0.971675845790716,,0.0
2022-05-23,12.39,12.46,12.69,12.39,12085.44,15560.405,0.9719188767550704,,0.0
2022-05-24,12.49,12.01,12.61,12.01,14630.0,18566.093,0.9708973322554568,,0.0
2022-05-25,12.02,12.47,12.62,11.94,13229.93,16961.679,0.9719407638347624,,0.0
2022-05-26,12.51,12.39,12.51,12.27,8488.72,10833.696,0.971764705882353,,0.0
2022-05-27,12.3,12.29,12.54,12.21,7211.69,9181.602,0.9715415019762846,,0.0
2022-05-30,12.35,12.37,12.44,12.26,5992.0,7613.734,0.97172034564022,,0.0
2022-05-31,12.36,12.42,12.42,12.17,9619.0,12192.232,0.971830985915493,,0.0
2022-06-01,12.42,12.44,12.69,12.29,9561.8,12313.232,0.971875,,0.0
2022-06-02,12.51,12.4,12.51,12.22,7972.0,10119.959,0.9717868338557994,,0.0
2022-06-06,12.45,12.66,12.76,12.44,14111.0,18319.509,0.9723502304147466,,0.0
2022-06-07,12.66,12.57,12.74,12.5,9065.09,11726.953,0.9721577726218098,,0.0
2022-06-08,12.45,12.42,12.62,12.26,8791.0,11253.548,0.971830985915493,,0.0
2022-06-09,12.37,12.01,12.49,11.82,18612.2,23070.583,0.9708973322554568,,0.0
2022-06-10,12.09,12.27,12.31,11.86,14849.0,18379.412,0.9823859087269816,,0.0
2022-06-13,12.18,12.36,12.41,12.12,12103.97,15119.63,0.9825119236883942,,0.0
2022-06-14,12.37,12.32,12.43,12.04,10933.0,13627.008,0.9824561403508772,,0.0
2022-06-15,12.31,12.34,12.48,12.22,14394.7,18089.569,0.982484076433121,,0.0
2022-06-16,12.32,12.58,12.62,12.3,12962.31,16514.8,0.9828125,,0.0
2022-06-17,12.5,12.56,12.58,12.32,11322.12,14366.168,0.9827856025039124,,0.0
2022-06-20,12.58,12.86,12.89,12.53,13406.84,17357.889,0.9831804281345564,,0.0
2022-06-21,12.91,12.8,12.91,12.69,8377.8,10922.058,0.9831029185867896,,0.0
2022-06-22,12.85,12.69,12.89,12.69,10552.86,13708.978,0.9829589465530596,,0.0
2022-06-23,12.74,12.82,12.86,12.54,10122.9,13101.044,0.9831288343558282,,0.0
2022-06-24,12.84,12.89,12.97,12.71,11230.6,14715.043,0.9832189168573608,,0.0
2022-06-27,12.92,13.04,13.15,12.92,14456.74,19159.072,0.9834087481146304,,0.0
2022-06-28,13.04,13.18,13.24,12.94,10671.19,14245.323,0.9835820895522388,,0.0
2022-06-29,13.26,12.95,13.27,12.94,10828.0,14406.272,0.9832953682611996,,0.0
2022-06-30,13.01,13.09,13.21,12.98,10734.87,14312.228,0.9834710743801652,,0.0
2022-07-01,13.09,13.15,13.22,12.94,7045.19,9374.541,0.9835452505609572,,0.0
2022-07-04,13.12,13.64,14.49,13.0,44153.22,61926.474,0.984126984126984,,0.0
2022-07-05,13.64,13.78,13.94,13.45,28975.35,40234.725,0.9842857142857142,,0.0
2022-07-06,13.75,13.59,13.76,13.4,20805.0,28735.15,0.9840695148443156,,0.0
2022-07-07,13.61,13.35,13.66,13.33,13727.32,18725.888,0.9837877671333825,,0.0
2022-07-08,13.42,13.49,13.62,13.38,10065.1,13832.55,0.9839533187454412,,0.0
2022-07-11,13.44,13.51,13.77,13.32,12699.68,17476.536,0.9839766933721776,,0.0
2022-07-12,13.51,13.17,13.53,13.14,14772.8,19934.061,0.9835698282300224,,0.0
2022-07-13,13.31,13.06,13.31,13.04,8138.0,10868.811,0.9834337349397588,,0.0
2022-07-14,13.06,13.26,13.31,12.98,10020.12,13480.138,0.983679525222552,,0.0
2022-07-15,13.23,12.8,13.31,12.79,10597.4,13935.095,0.9831029185867896,,0.0
2022-07-18,12.82,13.38,13.42,12.81,15073.42,20308.065,0.9838235294117648,,0.0
2022-07-19,13.55,13.34,13.55,13.24,6571.78,8916.769,0.9837758112094396,,0.0
2022-07-20,13.43,13.31,13.45,13.27,6845.0,9279.422,0.983739837398374,,0.0
2022-07-21,13.41,13.41,13.44,13.24,9048.2,12278.2,0.9838591342626558,,0.0
2022-07-22,13.45,13.29,13.49,13.19,9510.0,12893.215,0.9837157660991858,,0.0
2022-07-25,13.35,13.27,13.47,13.19,6843.0,9271.934,0.983691623424759,,0.0
2022-07-26,13.18,13.15,13.37,12.97,8726.02,11612.038,0.9835452505609572,,0.0
2022-07-27,13.23,13.26,13.31,13.13,6383.9,8574.002,0.983679525222552,,0.0
2022-07-28,13.26,13.36,13.47,13.2,8317.0,11308.014,0.98379970544919,,0.0
2022-07-29,13.33,13.12,13.41,13.08,8433.0,11333.375,0.9835082458770614,,0.0
2022-08-01,13.08,13.1,13.16,12.98,6961.0,9258.842,0.9834834834834836,,0.0
2022-08-02,13.04,12.66,13.06,12.45,16966.41,21834.133,0.982919254658385,,0.0
2022-08-03,12.59,12.49,12.91,12.48,13451.02,17437.876,0.982690794649882,,0.0
2022-08-04,12.49,12.84,12.85,12.49,7277.95,9438.172,0.9831546707503828,,0.0
2022-08-05,12.61,12.93,12.93,12.49,7579.09,9902.256,0.9832699619771864,,0.0
2022-08-08,12.94,13.02,13.04,12.78,5144.47,6784.279,0.9833836858006042,,0.0
2022-08-09,13.04,13.0,13.09,12.85,5589.47,7365.444,0.983358547655068,,0.0
2022-08-10,13.03,13.01,13.08,12.81,4679.47,6160.234,0.983371126228269,,0.0
2022-08-11,13.02,13.22,13.25,12.99,8209.34,10974.831,0.9836309523809524,,0.0
2022-08-12,13.22,13.35,13.43,13.09,7878.96,10654.791,0.9837877671333825,,0.0
2022-08-15,13.38,13.31,13.38,13.08,7071.0,9505.112,0.983739837398374,,0.0
2022-08-16,13.45,13.3,13.45,13.2,5272.0,7124.124,0.9837278106508875,,0.0
2022-08-17,13.33,13.37,13.42,13.22,7621.0,10318.613,0.983811626195732,,0.0
2022-08-18,13.36,13.27,13.36,13.16,5552.0,7467.876,0.983691623424759,,0.0
2022-08-19,13.27,13.11,13.4,13.08,5860.0,7879.875,0.983495873968492,,0.0
2022-08-22,13.04,13.22,13.22,12.98,5940.2,7944.962,0.9836309523809524,,0.0
2022-08-23,13.18,13.82,14.55,13.13,31015.9,43568.475,0.9843304843304844,,0.0
2022-08-24,13.7,13.32,13.78,13.24,27190.26,37303.284,0.983751846381093,,0.0
2022-08-25,13.32,13.45,13.7,13.25,18139.2,24869.346,0.98390636430139,,0.0
2022-08-26,13.41,13.56,13.74,13.09,15740.52,21705.049,0.9840348330914368,,0.0
2022-08-29,13.23,13.41,13.55,13.15,17232.0,23377.946,0.9838591342626558,,0.0
2022-08-30,13.42,13.65,13.84,13.42,18898.03,26167.3,0.9841384282624368,,0.0
2022-08-31,13.64,13.35,13.72,13.23,14297.97,19490.719,0.9837877671333825,,0.0
2022-09-01,13.31,13.78,13.88,13.31,31463.4,43901.49,0.9842857142857142,,0.0
2022-09-02,13.78,13.67,14.03,13.61,24435.38,34093.219,0.984161267098632,,0.0
2022-09-05,13.63,13.83,13.97,13.59,17418.56,24391.678,0.984341637010676,,0.0
2022-09-06,13.92,14.14,14.42,13.71,50205.99,72266.711,0.9846796657381616,,0.0
2022-09-07,14.24,14.04,14.34,13.94,24691.47,35232.943,0.9845722300140252,,0.0
2022-09-08,14.16,13.72,14.18,13.71,18420.6,25813.458,0.9842180774748924,,0.0
2022-09-09,13.83,13.7,13.89,13.61,11349.28,15871.249,0.9841954022988504,,0.0
2022-09-13,13.74,13.5,13.78,13.42,15047.6,20736.577,0.9839650145772594,,0.0
2022-09-14,13.41,13.34,13.41,13.18,13547.76,18269.948,0.9837758112094396,,0.0
2022-09-15,13.34,13.24,13.61,13.14,13633.0,18475.154,0.9836552748885586,,0.0
2022-09-16,13.24,12.77,13.27,12.73,13241.0,17418.714,0.98306389530408,,0.0
2022-09-19,12.81,12.44,12.81,12.36,9075.0,11542.212,0.9826224328593997,,0.0
2022-09-20,12.54,12.64,12.72,12.51,5799.0,7453.538,0.9828926905132191,,0.0
2022-09-21,12.64,12.61,12.64,12.4,5986.96,7644.43,0.9828526890101325,,0.0
2022-09-22,12.53,12.73,12.85,12.51,7867.68,10154.98,0.983011583011583,,0.0
2022-09-23,12.68,12.52,12.78,12.28,7086.39,9037.172,0.9827315541601256,,0.0
2022-09-26,12.44,11.79,12.53,11.78,10917.0,13404.181,0.9816819317235636,,0.0
2022-09-27,11.85,12.33,12.33,11.85,13328.51,16505.58,0.9824701195219124,,0.0
2022-09-28,12.33,12.26,12.68,12.21,12363.19,15611.772,0.9823717948717948,,0.0
2022-09-29,12.5,12.44,12.61,12.24,8475.59,10749.628,0.9826224328593997,,0.0
2022-09-30,12.41,12.37,12.68,12.34,8504.04,10814.444,0.9825258141382048,,0.0
2022-10-10,12.44,12.35,12.71,12.23,7955.82,10121.846,0.9824980111376292,,0.0
2022-10-11,12.35,12.22,12.63,12.12,8170.8,10221.484,0.9823151125401928,,0.0
2022-10-12,12.23,12.33,12.36,11.93,5632.8,6961.95,0.9824701195219124,,0.0
2022-10-13,12.28,12.64,12.7,12.22,8503.22,10871.139,0.9828926905132191,,0.0
2022-10-14,12.73,12.97,13.14,12.61,14212.2,18722.869,0.9833206974981046,,0.0
2022-10-17,12.96,13.15,13.27,12.95,12671.0,16945.509,0.9835452505609572,,0.0
2022-10-18,13.23,13.08,13.23,13.06,10912.72,14576.031,0.9834586466165413,,0.0
2022-10-19,13.08,12.99,13.27,12.93,10786.0,14330.795,0.98334595003785,,0.0
2022-10-20,13.09,12.91,13.11,12.82,9585.6,12650.304,0.9832444782939832,,0.0
2022-10-21,12.88,13.09,13.12,12.84,11822.0,15632.548,0.9834710743801652,,0.0
2022-10-24,13.09,12.63,13.23,12.6,11866.4,15491.546,0.9828793774319066,,0.0
2022-10-25,12.44,12.39,12.9,12.27,10328.72,13090.381,0.9825535289452816,,0.0
2022-10-26,12.33,12.93,13.13,12.33,21845.6,28676.105,0.9832699619771864,,0.0
2022-10-27,12.84,13.07,13.18,12.83,12645.0,16762.338,0.983446200150489,,0.0
2022-10-28,13.17,12.59,13.17,12.55,10926.48,14227.437,0.9828259172521469,,0.0
2022-10-31,12.75,12.95,13.05,12.08,18422.0,23980.088,0.9832953682611996,,0.0
2022-11-01,12.95,13.0,13.12,12.75,12817.0,16819.765,0.983358547655068,,0.0
2022-11-02,13.0,13.12,13.26,12.96,11281.02,15085.796,0.9835082458770614,,0.0
2022-11-03,13.17,13.2,13.27,12.95,15845.56,21181.263,0.9836065573770492,,0.0
2022-11-04,13.2,13.15,13.26,13.13,13029.97,17469.855,0.9835452505609572,,0.0
2022-11-07,13.14,13.38,13.42,13.03,17848.1,24092.393,0.9838235294117648,,0.0
2022-11-08,13.3,13.32,13.38,13.1,12640.4,17030.017,0.983751846381093,,0.0
2022-11-09,13.23,13.41,13.56,13.2,16856.17,23024.984,0.9838591342626558,,0.0
2022-11-10,13.43,13.37,13.61,13.34,17029.1,23327.698,0.983811626195732,,0.0
2022-11-11,13.53,13.27,13.66,13.19,19257.64,26326.83,0.983691623424759,,0.0
2022-11-14,13.33,13.5,13.58,13.2,17101.1,23348.555,0.9839650145772594,,0.0
2022-11-15,13.51,13.56,13.59,13.39,17739.64,24313.969,0.9840348330914368,,0.0
2022-11-16,13.57,13.5,13.63,13.44,10711.64,14728.027,0.9839650145772594,,0.0
2022-11-17,13.5,13.74,13.8,13.36,21020.04,29199.926,0.984240687679083,,0.0
2022-11-18,13.74,13.68,13.95,13.56,14363.86,20081.973,0.9841726618705036,,0.0
2022-11-21,13.88,13.82,13.89,13.55,13584.0,18973.414,0.9843304843304844,,0.0
2022-11-22,13.75,13.48,14.03,13.37,19940.0,27728.533,0.983941605839416,,0.0
2022-11-23,13.58,13.17,13.58,13.07,14434.32,19434.32,0.9835698282300224,,0.0
2022-11-24,13.27,13.3,13.38,13.15,9722.0,13117.219,0.9837278106508875,,0.0
2022-11-25,13.31,13.1,13.36,13.09,9412.74,12625.787,0.9834834834834836,,0.0
2022-11-28,13.07,13.07,13.23,12.94,8849.0,11757.547,0.983446200150489,,0.0
2022-11-29,12.94,13.29,13.31,12.94,10636.0,14320.812,0.9837157660991858,,0.0
2022-11-30,13.32,13.33,13.43,13.21,12020.32,16291.528,0.9837638376383764,,0.0
2022-12-01,13.46,13.68,13.76,13.25,22407.0,30827.209,0.9841726618705036,,0.0
2022-12-02,13.68,13.7,13.71,13.5,13915.0,19242.025,0.9841954022988504,,0.0
2022-12-05,13.86,13.83,13.92,13.59,20031.0,28011.096,0.984341637010676,,0.0
2022-12-06,13.78,13.51,13.78,13.46,14443.28,19943.904,0.9839766933721776,,0.0
2022-12-07,13.57,13.63,13.75,13.33,11404.47,15736.27,0.984115523465704,,0.0
2022-12-08,13.71,13.66,13.76,13.48,9488.0,13154.987,0.9841498559077808,,0.0
2022-12-09,13.66,13.61,13.76,13.56,10539.0,14610.502,0.9840925524222705,,0.0
2022-12-12,13.66,14.16,14.23,13.62,39293.0,56240.938,0.9847009735744088,,0.0
2022-12-13,14.16,14.16,14.29,13.91,22679.04,32412.007,0.9847009735744088,,0.0
2022-12-14,14.18,13.94,14.28,13.93,19808.4,28277.682,0.9844632768361582,,0.0
2022-12-15,13.93,13.81,14.09,13.78,11908.0,16774.169,0.98431931575196,,0.0
2022-12-16,13.86,14.02,14.13,13.81,21882.4,31103.822,0.9845505617977528,,0.0
2022-12-19,14.06,13.49,14.16,13.39,22493.2,30985.553,0.9839533187454412,,0.0
2022-12-20,13.58,13.1,13.59,12.92,15277.4,20346.227,0.9834834834834836,,0.0
2022-12-21,13.1,13.16,13.29,13.02,13150.04,17597.445,0.98355754857997,,0.0
2022-12-22,13.26,12.71,13.26,12.58,11695.8,15435.29,0.982985305491106,,0.0
2022-12-23,12.89,12.77,13.08,12.58,12368.0,16193.458,0.98306389530408,,0.0
2022-12-26,12.96,12.64,13.03,12.53,11113.0,14345.311,0.9828926905132191,,0.0
2022-12-27,12.74,12.57,12.74,12.38,11539.0,14659.353,0.9827990617670054,,0.0
2022-12-28,12.52,12.29,12.57,12.22,12116.96,15241.228,0.982414068745004,,0.0
2022-12-29,12.33,12.34,12.46,12.22,7583.0,9521.234,0.982484076433121,,0.0
2022-12-30,12.35,12.33,12.37,12.16,6649.4,8307.805,0.9824701195219124,,0.0
2023-01-03,12.35,12.62,12.71,12.33,13593.56,17417.555,0.9828660436137072,,0.0
2023-01-04,12.64,12.76,12.82,12.54,10291.48,13323.087,0.983050847457627,,0.0
2023-01-05,12.81,12.71,12.81,12.6,6453.28,8320.634,0.982985305491106,,0.0
2023-01-06,12.8,12.63,12.83,12.57,7599.0,9769.404,0.9828793774319066,,0.0
2023-01-09,12.63,12.66,12.74,12.59,8015.0,10320.647,0.982919254658385,,0.0
2023-01-10,12.7,12.49,12.7,12.45,10883.0,13842.12,0.982690794649882,,0.0
2023-01-11,12.5,12.39,12.55,12.38,8608.0,10909.262,0.9825535289452816,,0.0
2023-01-12,12.45,12.39,12.46,12.27,7511.0,9446.154,0.9825535289452816,,0.0
2023-01-13,12.39,12.5,12.53,12.35,8629.0,10948.81,0.9827044025157232,,0.0
2023-01-16,12.5,12.65,12.7,12.5,11839.8,15230.595,0.9829059829059827,,0.0
2023-01-17,12.65,12.64,12.77,12.5,7855.6,10059.973,0.9828926905132191,,0.0
2023-01-18,12.58,12.82,12.93,12.58,13782.0,17907.99,0.9831288343558282,,0.0
2023-01-19,12.78,13.1,13.25,12.74,14338.41,19012.027,0.9834834834834836,,0.0
2023-01-20,13.1,13.06,13.19,12.95,8577.0,11375.03,0.9834337349397588,,0.0
2023-01-30,13.08,13.19,13.24,13.08,7891.0,10554.565,0.9835943325876212,,0.0
2023-01-31,13.13,13.4,13.48,12.99,23999.64,32505.568,0.9838472834067548,,0.0
2023-02-01,13.4,13.58,13.65,13.25,17823.88,24532.056,0.9840579710144928,,0.0
2023-02-02,13.66,13.68,13.71,13.48,12875.4,17820.814,0.9841726618705036,,0.0
2023-02-03,13.72,13.69,13.81,13.49,16827.19,23452.115,0.9841840402588066,,0.0
2023-02-06,13.76,13.69,13.93,13.49,12989.2,18166.091,0.9841840402588066,,0.0
2023-02-07,14.17,14.33,15.08,13.88,143982.56,216034.986,0.9848797250859106,,0.0
2023-02-08,14.12,13.89,14.18,13.61,100434.48,140589.674,0.9844082211197732,,0.0
2023-02-09,13.82,13.84,14.09,13.79,48673.89,68609.712,0.984352773826458,,0.0
2023-02-10,13.84,13.89,14.0,13.72,36255.4,50972.678,0.9844082211197732,,0.0
2023-02-13,13.9,13.87,13.92,13.75,19675.0,27624.78,0.9843860894251242,,0.0
2023-02-14,13.86,14.0,14.25,13.85,45897.62,65453.318,0.9845288326300984,,0.0
2023-02-15,14.1,13.94,14.1,13.84,16419.06,23188.46,0.9844632768361582,,0.0
2023-02-16,14.01,13.68,14.07,13.5,23416.48,32874.497,0.9841726618705036,,0.0
2023-02-17,13.7,13.72,13.84,13.68,14883.77,20817.248,0.9842180774748924,,0.0
2023-02-20,13.72,13.73,13.77,13.58,15057.6,20914.221,0.9842293906810036,,0.0
2023-02-21,13.75,13.96,13.96,13.69,15790.84,22202.841,0.9844851904090268,,0.0
2023-02-22,13.96,13.96,14.05,13.8,34130.31,48409.905,0.9844851904090268,,0.0
2023-02-23,13.96,13.82,13.99,13.79,12952.0,18242.381,0.9843304843304844,,0.0
2023-02-24,13.96,13.81,13.96,13.72,10601.39,14873.912,0.98431931575196,,0.0
2023-02-27,13.8,13.57,13.88,13.53,15559.0,21539.929,0.9840464104423496,,0.0
2023-02-28,13.63,13.64,13.79,13.54,24960.0,34753.8,0.984126984126984,,0.0
2023-03-01,13.68,13.66,13.93,13.63,43318.52,60496.896,0.9841498559077808,,0.0
2023-03-02,13.68,13.58,13.76,13.55,16057.85,22261.662,0.9840579710144928,,0.0
2023-03-03,13.56,13.48,13.64,13.44,9557.2,13134.232,0.983941605839416,,0.0
2023-03-06,13.48,13.43,13.56,13.41,11155.0,15266.859,0.9838827838827838,,0.0
2023-03-07,13.43,13.19,13.56,13.18,13336.0,18071.296,0.9835943325876212,,0.0
2023-03-08,13.12,13.3,13.34,13.1,7829.84,10544.913,0.9837278106508875,,0.0
2023-03-09,13.3,13.55,13.6,13.26,12819.36,17541.987,0.9840232389251996,,0.0
2023-03-10,13.49,13.58,13.62,13.38,10940.0,15026.963,0.9840579710144928,,0.0
2023-03-13,13.55,13.41,13.55,13.14,14698.0,19941.952,0.9838591342626558,,0.0
2023-03-14,13.4,13.25,13.44,13.19,9635.0,13015.735,0.983667409057164,,0.0
2023-03-15,13.36,13.48,13.66,13.2,41771.76,57309.009,0.983941605839416,,0.0
2023-03-16,13.39,13.21,13.56,13.19,27139.6,36921.572,0.9836187639612808,,0.0
2023-03-17,13.28,13.02,13.34,13.01,14666.4,19528.783,0.9833836858006042,,0.0
2023-03-20,13.02,12.99,13.08,12.85,10734.37,14143.446,0.98334595003785,,0.0
2023-03-21,12.96,13.2,13.22,12.96,6480.6,8649.935,0.9836065573770492,,0.0
2023-03-22,13.21,13.19,13.38,13.1,14022.2,18921.39,0.9835943325876212,,0.0
2023-03-23,13.15,13.12,13.25,13.1,7508.24,10046.224,0.9835082458770614,,0.0
2023-03-24,13.12,13.16,13.28,13.08,11379.8,15254.303,0.98355754857997,,0.0
2023-03-27,13.08,13.16,13.26,12.9,13615.8,18043.451,0.98355754857997,,0.0
2023-03-28,13.13,13.04,13.41,13.04,21947.51,29554.092,0.9834087481146304,,0.0
2023-03-29,13.04,12.9,13.11,12.86,10626.0,13980.376,0.9832317073170732,,0.0
2023-03-30,12.87,12.75,12.89,12.7,9939.57,12928.131,0.9830377794911334,,0.0
2023-03-31,12.78,12.72,12.84,12.63,8126.77,10546.322,0.9829984544049458,,0.0
2023-04-03,12.78,12.8,12.83,12.72,9047.4,11757.11,0.9831029185867896,,0.0
2023-04-04,12.81,12.57,12.81,12.49,11624.12,14929.45,0.9827990617670054,,0.0
2023-04-06,12.59,12.63,12.78,12.49,7842.0,10099.396,0.9828793774319066,,0.0
2023-04-07,12.65,12.76,12.82,12.63,7081.4,9180.027,0.983050847457627,,0.0
2023-04-10,12.75,12.53,12.81,12.51,11633.8,14961.161,0.9827450980392156,,0.0
2023-04-11,12.54,12.49,12.61,12.38,9815.0,12466.337,0.982690794649882,,0.0
2023-04-12,12.51,12.54,12.62,12.44,9746.0,12432.169,0.9827586206896552,,0.0
2023-04-13,12.54,12.56,12.62,12.39,6889.11,8795.692,0.9827856025039124,,0.0
2023-04-14,12.68,12.66,12.81,12.5,11296.13,14561.529,0.982919254658385,,0.0
2023-04-17,12.6,12.69,12.73,12.51,8013.0,10302.594,0.9829589465530596,,0.0
2023-04-18,12.71,12.65,12.74,12.62,6083.44,7833.87,0.9829059829059827,,0.0
2023-04-19,12.64,12.48,12.65,12.46,6788.0,8663.755,0.9826771653543308,,0.0
2023-04-20,12.59,12.28,12.59,12.26,8182.0,10261.607,0.9824,,0.0
2023-04-21,12.38,11.98,12.38,11.96,10439.0,12861.975,0.981967213114754,,0.0
2023-04-24,11.98,11.99,12.05,11.84,7347.0,8923.166,0.981981981981982,,0.0
2023-04-25,11.99,11.67,11.99,11.54,11508.0,13740.656,0.9814970563498738,,0.0
2023-04-26,11.73,11.83,11.95,11.67,10076.28,12163.709,0.9817427385892116,,0.0
2023-04-27,11.79,12.12,12.19,11.79,12699.11,15647.837,0.9821717990275526,,0.0
2023-04-28,12.12,12.28,12.32,12.07,7574.57,9423.353,0.9824,,0.0
2023-05-04,12.23,12.55,12.57,12.13,14327.0,18183.41,0.9827721221613156,,0.0
2023-05-05,12.54,12.36,12.55,12.28,9128.2,11509.832,0.9825119236883942,,0.0
2023-05-08,12.35,12.46,12.57,12.25,7961.52,10038.207,0.9826498422712934,,0.0
2023-05-09,12.38,12.23,12.43,12.18,7157.2,8956.132,0.9823293172690762,,0.0
2023-05-10,12.23,12.27,12.28,12.11,5875.0,7294.928,0.9823859087269816,,0.0
2023-05-11,12.33,12.15,12.33,12.11,7753.66,9617.665,0.9822150363783346,,0.0
2023-05-12,12.15,12.19,12.35,12.06,6902.32,8595.279,0.982272360999194,,0.0
2023-05-15,12.26,12.28,12.3,12.09,5311.6,6614.004,0.9824,,0.0
2023-05-16,12.28,12.3,12.33,12.19,4980.0,6225.524,0.9824281150159744,,0.0
2023-05-17,12.28,12.46,12.48,12.2,6784.27,8553.94,0.9826498422712934,,0.0
2023-05-18,12.46,12.39,12.55,12.32,7602.2,9596.308,0.9825535289452816,,0.0
2023-05-19,12.39,12.45,12.51,12.27,7275.73,9203.859,0.9826361483820046,,0.0
2023-05-22,12.48,12.52,12.55,12.42,4919.6,6247.591,0.9827315541601256,,0.0
2023-05-23,12.52,12.54,12.66,12.48,7192.0,9207.994,0.9827586206896552,,0.0
2023-05-24,12.57,12.38,12.57,12.34,10440.91,13195.768,0.9825396825396824,,0.0
2023-05-25,12.37,12.3,12.44,12.13,7758.0,9646.489,0.9871589085072232,,0.0
2023-05-26,12.33,12.52,12.55,12.14,5655.37,7098.162,0.9873817034700316,,0.0
2023-05-29,12.54,12.38,12.68,12.3,7902.0,9972.52,0.9872408293460924,,0.0
2023-05-30,12.39,12.24,12.51,12.09,8625.0,10699.304,0.9870967741935484,,0.0
2023-05-31,12.24,12.15,12.38,12.13,6165.51,7625.702,0.9870024370430543,,0.0
2023-06-01,12.15,12.05,12.22,11.98,10185.12,12487.936,0.9868959868959868,,0.0
2023-06-02,12.06,12.13,12.2,12.06,5742.2,7063.972,0.9869812855980472,,0.0
2023-06-05,12.14,12.13,12.19,12.06,6585.0,8075.123,0.9869812855980472,,0.0
2023-06-06,12.14,11.86,12.14,11.84,10249.4,12416.361,0.9866888519134775,,0.0
2023-06-07,11.92,11.86,11.92,11.79,5925.0,7111.947,0.9866888519134775,,0.0
2023-06-08,11.85,11.86,11.92,11.76,7334.2,8800.296,0.9866888519134775,,0.0
2023-06-09,11.85,11.86,11.93,11.77,5644.0,6790.806,0.9866888519134775,,0.0
2023-06-12,11.86,11.92,12.01,11.72,9227.91,11089.47,0.9867549668874172,,0.0
2023-06-13,11.87,12.28,12.39,11.85,15757.08,19422.232,0.9871382636655948,,0.0
2023-06-14,12.25,13.52,13.52,12.17,63912.48,84789.581,0.9883040935672516,,0.0
2023-06-15,13.58,13.38,13.62,13.22,53222.04,72040.276,0.9881831610044312,,0.0
2023-06-16,13.22,12.97,13.62,12.97,36181.92,48214.423,0.9878141660319878,,0.0
2023-06-19,12.97,12.79,13.18,12.78,26963.85,35199.513,0.9876447876447876,,0.0
2023-06-20,12.8,12.61,12.88,12.57,17418.4,22393.628,0.9874706342991386,,0.0
2023-06-21,12.59,12.44,12.64,12.34,16767.0,21207.631,0.9873015873015872,,0.0
2023-06-26,12.44,12.31,12.52,12.27,14473.68,18173.371,0.9871692060946272,,0.0
2023-06-27,12.3,12.54,12.61,12.26,14595.4,18468.395,0.9874015748031496,,0.0
2023-06-28,12.54,12.46,12.61,12.27,12528.0,15744.127,0.9873217115689382,,0.0
2023-06-29,12.44,12.51,12.62,12.44,9321.0,11830.296,0.9873717442778216,,0.0
2023-06-30,12.51,12.65,12.7,12.51,9809.8,12557.697,0.9875097580015612,,0.0
2023-07-03,12.67,12.68,12.83,12.64,11437.0,14729.424,0.9875389408099688,,0.0
2023-07-04,12.68,12.83,12.9,12.63,11673.8,15099.592,0.987682832948422,,0.0
2023-07-05,12.85,12.79,13.01,12.74,10496.0,13650.542,0.9876447876447876,,0.0
2023-07-06,12.78,12.78,12.83,12.68,9595.0,12380.575,0.9876352395672334,,0.0
2023-07-07,12.74,12.74,12.81,12.67,7020.8,9058.488,0.9875968992248062,,0.0
2023-07-10,12.78,12.78,12.91,12.75,7105.0,9220.813,0.9876352395672334,,0.0
2023-07-11,12.9,12.86,12.9,12.75,5120.78,6644.488,0.9877112135176652,,0.0
2023-07-12,12.82,12.68,12.89,12.6,8368.0,10820.599,0.9875389408099688,,0.0
2023-07-13,12.59,12.81,12.82,12.57,8221.28,10634.13,0.9876638396299152,,0.0
2023-07-14,12.81,12.71,12.85,12.69,7022.9,9083.178,0.9875679875679876,,0.0
2023-07-17,12.62,12.38,12.62,12.24,14571.47,18264.187,0.9872408293460924,,0.0
2023-07-18,12.35,12.47,12.54,12.35,7777.0,9807.173,0.9873317498020586,,0.0
2023-07-19,12.49,12.53,12.65,12.45,7798.92,9906.38,0.987391646966115,,0.0
2023-07-20,12.48,12.5,12.71,12.34,10943.0,13887.787,0.9873617693522908,,0.0
2023-07-21,12.41,12.56,12.66,12.41,6518.0,8295.153,0.9874213836477987,,0.0
2023-07-24,12.57,12.78,12.83,12.51,12160.4,15673.215,0.9876352395672334,,0.0
2023-07-25,12.88,12.82,12.89,12.7,10541.8,13663.863,0.987673343605547,,0.0
2023-07-26,12.83,12.91,12.92,12.76,8752.0,11388.375,0.9877582249426168,,0.0
2023-07-27,12.92,12.76,12.98,12.72,12811.0,16636.463,0.9876160990712074,,0.0
2023-07-28,12.72,12.91,12.92,12.71,12075.96,15698.742,0.9877582249426168,,0.0
2023-07-31,12.93,12.78,13.01,12.75,10736.56,13944.049,0.9876352395672334,,0.0
2023-08-01,12.78,12.68,12.84,12.66,9113.0,11746.745,0.9875389408099688,,0.0
2023-08-02,12.68,12.71,12.78,12.59,9590.0,12333.116,0.9875679875679876,,0.0
2023-08-03,12.71,12.81,12.81,12.64,5856.0,7554.472,0.9876638396299152,,0.0
2023-08-04,12.77,12.61,12.88,12.57,10263.0,13198.538,0.9874706342991386,,0.0
2023-08-07,12.57,12.06,12.62,12.02,20045.11,24709.722,0.9869067103109656,,0.0
2023-08-08,12.13,12.21,12.22,12.01,9672.2,11882.869,0.9870654810024252,,0.0
2023-08-09,12.21,12.3,12.4,12.05,8757.84,10910.079,0.9871589085072232,,0.0
2023-08-10,12.33,12.45,12.46,12.23,7604.6,9531.236,0.98731165741475,,0.0
2023-08-11,12.45,12.65,12.82,12.4,17931.35,23010.706,0.9875097580015612,,0.0
2023-08-14,12.6,12.5,12.67,12.33,10888.84,13766.179,0.9873617693522908,,0.0
2023-08-15,12.58,12.67,12.74,12.39,10632.6,13564.981,0.9875292283710054,,0.0
2023-08-16,12.6,12.73,12.88,12.59,13854.0,17924.27,0.9875872769588828,,0.0
2023-08-17,12.65,12.78,12.81,12.53,11615.0,14903.848,0.9876352395672334,,0.0
2023-08-18,12.72,12.56,12.85,12.53,11097.0,14264.498,0.9874213836477987,,0.0
2023-08-21,12.39,12.7,12.84,12.39,14697.0,18949.275,0.9875583203732504,,0.0
2023-08-22,12.77,12.4,12.83,12.29,12902.0,16242.207,0.9872611464968152,,0.0
2023-08-23,12.49,12.31,12.55,12.28,8408.41,10577.303,0.9871692060946272,,0.0
2023-08-24,12.31,12.31,12.39,12.07,7573.74,9371.56,0.9871692060946272,,0.0
2023-08-25,12.31,12.17,12.48,12.15,8200.4,10211.285,0.9870235198702352,,0.0
2023-08-28,12.73,12.28,12.8,12.19,9248.48,11642.416,0.9871382636655948,,0.0
2023-08-29,12.36,12.55,12.55,12.21,12541.0,15818.772,0.987411487018096,,0.0
2023-08-30,12.54,12.74,12.8,12.54,14844.0,19109.844,0.9875968992248062,,0.0
2023-08-31,12.78,12.75,12.81,12.55,10379.8,13374.142,0.9876065065840434,,0.0
2023-09-01,12.68,12.76,12.88,12.64,7331.4,9463.512,0.9876160990712074,,0.0
2023-09-04,12.77,12.78,12.86,12.63,9369.0,12082.521,0.9876352395672334,,0.0
2023-09-05,12.78,12.76,12.87,12.69,8414.8,10884.212,0.9876160990712074,,0.0
2023-09-06,12.84,12.66,12.84,12.62,6440.0,8269.96,0.9875195007800311,,0.0
2023-09-07,12.7,12.45,12.77,12.43,9854.0,12499.875,0.98731165741475,,0.0
2023-09-08,12.44,12.48,12.55,12.41,5413.0,6857.391,0.9873417721518988,,0.0
2023-09-11,12.57,12.81,12.82,12.47,13009.0,16788.413,0.9876638396299152,,0.0
2023-09-12,12.81,12.95,13.0,12.71,12619.25,16473.621,0.9877955758962624,,0.0
2023-09-13,12.87,12.73,12.99,12.65,9395.6,12171.74,0.9875872769588828,,0.0
2023-09-14,12.81,12.69,12.84,12.6,6599.0,8471.081,0.9875486381322957,,0.0
2023-09-15,12.69,12.95,12.98,12.66,13129.92,17118.522,0.9877955758962624,,0.0
2023-09-18,12.97,13.19,13.21,12.89,21800.6,28950.26,0.9880149812734084,,0.0
2023-09-19,13.18,13.08,13.25,13.01,14259.0,18948.139,0.9879154078549848,,0.0
2023-09-20,13.08,13.12,13.32,13.01,10855.64,14460.573,0.9879518072289156,,0.0
2023-09-21,13.12,13.02,13.18,12.97,9569.0,12631.106,0.9878603945371776,,0.0
2023-09-22,13.05,12.97,13.08,12.86,9706.97,12731.064,0.9878141660319878,,0.0
2023-09-25,13.1,13.19,13.29,12.99,12073.0,16073.619,0.9880149812734084,,0.0
2023-09-26,13.19,12.98,13.19,12.97,6299.0,8308.421,0.9878234398782344,,0.0
2023-09-27,12.94,13.23,13.32,12.94,13312.2,17768.022,0.988050784167289,,0.0
2023-09-28,13.23,13.19,13.45,13.16,14168.72,19041.489,0.9880149812734084,,0.0
2023-10-09,13.14,13.09,13.28,12.92,10505.32,13881.886,0.9879245283018868,,0.0
2023-10-10,13.19,12.84,13.19,12.83,6894.0,9024.981,0.9876923076923076,,0.0
2023-10-11,12.84,13.15,13.33,12.83,10988.92,14597.263,0.9879789631855748,,0.0
2023-10-12,13.17,13.31,13.36,13.15,9900.25,13282.726,0.9881217520415738,,0.0
2023-10-13,13.24,13.34,13.41,13.23,12792.04,17255.607,0.988148148148148,,0.0
2023-10-16,13.38,13.2,13.38,13.1,10043.27,13449.486,0.9880239520958084,,0.0
2023-10-17,13.24,13.13,13.24,13.0,7831.0,10367.274,0.9879608728367192,,0.0
2023-10-18,13.12,12.78,13.13,12.76,7514.12,9789.001,0.9876352395672334,,0.0
2023-10-19,12.76,12.67,12.83,12.4,10820.64,13886.739,0.9875292283710054,,0.0
2023-10-20,12.6,12.39,12.67,12.34,12296.0,15527.532,0.9872509960159362,,0.0
2023-10-23,12.39,12.33,12.58,12.24,18247.71,22917.065,0.9871897518014412,,0.0
2023-10-24,12.33,12.7,12.8,12.23,13124.0,16750.851,0.9875583203732504,,0.0
2023-10-25,12.78,12.62,12.9,12.59,7220.61,9295.277,0.9874804381846636,,0.0
2023-10-26,12.56,12.53,12.66,12.41,7977.0,10113.499,0.987391646966115,,0.0
2023-10-27,12.53,13.29,13.32,12.49,18400.84,24222.041,0.9881040892193308,,0.0
2023-10-30,13.24,13.41,13.62,13.18,21625.6,29459.358,0.9882092851879144,,0.0
2023-10-31,13.41,13.52,13.6,13.37,16767.72,22923.224,0.9883040935672516,,0.0
2023-11-01,13.55,13.62,13.63,13.44,18050.67,24768.346,0.9883889695210448,,0.0
2023-11-02,13.65,13.67,13.84,13.64,19502.0,27104.171,0.9884309472161966,,0.0
2023-11-03,13.67,13.61,13.82,13.55,16355.0,22656.204,0.9883805374001452,,0.0
2023-11-06,13.67,13.8,13.88,13.67,18141.15,25314.734,0.988538681948424,,0.0
2023-11-07,13.84,13.62,13.84,13.61,10871.8,15068.366,0.9883889695210448,,0.0
2023-11-08,13.62,13.77,13.89,13.62,13595.8,18926.299,0.9885139985642498,,0.0
2023-11-09,13.75,13.72,13.96,13.63,13696.6,19088.068,0.9884726224783862,,0.0
2023-11-10,13.64,13.74,13.83,13.45,10913.0,15131.374,0.9884892086330936,,0.0
2023-11-13,13.73,13.88,14.01,13.7,18217.8,25585.531,0.9886039886039886,,0.0
2023-11-14,13.95,13.84,13.97,13.73,9756.2,13647.652,0.9885714285714284,,0.0
2023-11-15,13.9,13.81,14.0,13.7,11225.4,15680.105,0.9885468861846816,,0.0
2023-11-16,13.8,13.72,13.88,13.67,9011.2,12537.213,0.9884726224783862,,0.0
2023-11-17,13.73,13.79,13.85,13.54,9480.2,13189.898,0.9885304659498207,,0.0
2023-11-20,13.8,13.93,13.94,13.8,13389.0,18819.718,0.9886444286728177,,0.0
2023-11-21,14.02,13.88,14.03,13.84,12648.0,17828.175,0.9886039886039886,,0.0
2023-11-22,13.85,13.96,14.13,13.69,16401.8,23258.197,0.9886685552407932,,0.0
2023-11-23,13.95,14.17,14.19,13.87,17021.6,24269.954,0.988834612700628,,0.0
2023-11-24,14.11,14.25,14.29,14.04,16062.4,23047.055,0.9888965995836224,,0.0
2023-11-27,14.19,14.04,14.19,13.96,20897.4,29716.747,0.9887323943661972,,0.0
2023-11-28,13.95,14.21,14.24,13.91,15429.0,22046.506,0.988865692414753,,0.0
2023-11-29,14.21,14.13,14.33,14.07,13170.0,18881.178,0.9888033589923024,,0.0
2023-11-30,14.06,14.13,14.19,13.97,15353.8,21831.109,0.9888033589923024,,0.0
2023-12-01,14.16,13.93,14.31,13.86,18459.0,26194.818,0.9886444286728177,,0.0
2023-12-04,13.97,13.93,14.03,13.77,18673.0,26302.818,0.9886444286728177,,0.0
2023-12-05,13.87,13.89,14.03,13.82,12246.2,17242.416,0.988612099644128,,0.0
2023-12-06,13.9,14.05,14.19,13.79,11291.0,16000.169,0.9887403237156932,,0.0
2023-12-07,14.19,13.93,14.19,13.87,10812.28,15272.752,0.9886444286728177,,0.0
2023-12-08,13.95,13.51,14.08,13.48,15037.4,20776.141,0.988295537673738,,0.0
2023-12-11,13.5,13.75,13.79,13.35,18450.4,25378.14,0.9884974838245866,,0.0
2023-12-12,13.82,13.88,13.91,13.71,12345.0,17255.981,0.9886039886039886,,0.0
2023-12-13,13.93,13.92,14.09,13.79,13623.4,19258.419,0.9886363636363636,,0.0
2023-12-14,13.99,14.12,14.24,13.92,17059.8,24340.431,0.988795518207283,,0.0
2023-12-15,13.93,13.58,14.2,13.56,22801.8,31720.306,0.9883551673944688,,0.0
2023-12-18,13.53,13.64,13.86,13.53,15787.0,21814.881,0.9884057971014492,,0.0
2023-12-19,13.58,13.68,13.79,13.4,16605.91,22839.219,0.9884393063583816,,0.0
2023-12-20,13.84,13.56,14.19,13.48,21655.95,30161.583,0.988338192419825,,0.0
2023-12-21,13.55,13.6,13.68,13.26,17152.48,23393.183,0.9883720930232558,,0.0
2023-12-22,13.61,13.26,13.63,13.15,15956.96,21477.297,0.9880774962742176,,0.0
2023-12-25,13.36,14.6,14.6,13.27,29644.4,43271.169,0.989159891598916,,0.0
2023-12-26,16.08,15.05,16.08,14.56,152181.22,237495.239,0.9894806048652204,,0.0
2023-12-27,14.61,14.5,14.78,13.76,177237.86,254049.491,0.9890859481582538,,0.0
2023-12-28,14.24,14.33,14.4,13.92,139822.94,200279.109,0.9889579020013802,,0.0
2023-12-29,14.23,14.41,14.64,14.09,115303.8,167483.878,0.9890185312285518,,0.0
2024-01-02,14.16,14.27,14.42,14.14,86338.52,124758.196,0.988911988911989,,0.0
2024-01-03,14.28,14.9,15.28,14.22,170382.65,252105.828,0.9893758300132802,,0.0
2024-01-04,14.64,14.75,15.14,14.32,102208.97,151423.731,0.989268947015426,,0.0
2024-01-05,14.71,14.25,14.75,14.08,85205.52,123108.736,0.9888965995836224,,0.0
2024-01-08,14.25,13.53,14.41,13.52,68363.83,95345.893,0.9883126369612856,,0.0
2024-01-09,13.59,14.13,14.5,13.59,82235.75,117218.58,0.9888033589923024,,0.0
2024-01-10,14.07,13.83,14.16,13.65,48523.19,68400.997,0.9885632594710508,,0.0
2024-01-11,13.87,13.85,14.08,13.57,36670.52,50941.478,0.9885795860099929,,0.0
2024-01-12,13.83,13.84,14.07,13.75,29352.0,41305.787,0.9885714285714284,,0.0
2024-01-15,13.67,13.86,14.0,13.67,21200.56,29733.567,0.9885877318116976,,0.0
2024-01-16,13.94,13.52,13.94,13.4,26424.0,36319.304,0.9883040935672516,,0.0
2024-01-17,13.54,13.27,13.72,13.24,26141.56,35739.42,0.9880863737900224,,0.0
2024-01-18,13.09,12.89,13.3,12.43,39921.0,51692.835,0.9877394636015324,,0.0
2024-01-19,12.89,12.61,12.91,12.61,22935.0,29579.251,0.9874706342991386,,0.0
2024-01-22,12.61,11.81,12.68,11.72,31081.4,38484.168,0.9866332497911444,,0.0
2024-01-23,11.97,13.01,13.01,11.32,82345.96,101961.689,0.987851176917236,,0.0
2024-01-24,14.28,13.4,14.33,13.15,148403.36,207878.383,0.9882005899705014,,0.0
2024-01-25,13.49,13.23,13.81,12.99,96120.92,129732.497,0.988050784167289,,0.0
2024-01-26,13.1,13.1,13.44,12.64,71249.16,94155.762,0.9879336349924586,,0.0
2024-01-29,13.04,12.18,13.12,12.18,46151.64,58444.318,0.987034035656402,,0.0
2024-01-30,11.88,11.56,12.19,11.55,34968.0,42001.702,0.9863481228668942,,0.0
2024-01-31,11.22,10.53,11.49,10.5,43646.0,48340.328,0.9850327408793264,,0.0
2024-02-01,10.34,10.38,10.83,10.26,31189.0,33256.082,0.9848197343453512,,0.0
2024-02-02,10.44,9.87,10.78,9.51,31960.33,32753.767,0.984047856430708,,0.0
2024-02-05,9.82,8.87,9.82,8.87,56719.0,51637.267,0.982281284606866,,0.0
2024-02-06,8.42,8.31,8.84,7.970000000000001,55915.92,46595.619,0.9811097992916176,,0.0
2024-02-07,8.209999999999999,7.46,8.25,7.46,59306.0,45934.356,0.979002624671916,,0.0
2024-02-08,7.24,7.92,8.1,6.85,54411.65,41497.743,0.9801980198019802,,0.0
2024-02-19,7.939999999999999,8.54,8.67,7.939999999999999,45935.8,39264.503,0.9816091954022989,,0.0
2024-02-20,8.57,8.75,8.8,8.35,29793.17,26150.047,0.9820426487093152,,0.0
2024-02-21,8.73,8.92,9.29,8.62,31246.92,28660.828,0.9823788546255506,,0.0
2024-02-22,8.85,9.12,9.23,8.85,21851.8,20153.28,0.9827586206896552,,0.0
2024-02-23,9.21,9.45,9.53,9.14,26268.0,24859.405,0.983350676378772,,0.0
2024-02-26,9.46,9.85,10.14,9.46,34288.81,34123.144,0.984015984015984,,0.0
2024-02-27,9.98,10.42,10.42,9.73,27888.0,28818.263,0.9848771266540642,,0.0
2024-02-28,10.65,9.36,10.79,9.36,70112.4,72417.955,0.9831932773109244,,0.0
2024-02-29,8.97,9.44,9.51,8.94,51372.89,48568.845,0.9833333333333332,,0.0
2024-03-01,9.49,9.31,9.5,9.14,29697.0,28075.776,0.983104540654699,,0.0
2024-03-04,9.31,9.42,9.71,9.22,36048.56,34583.552,0.9832985386221296,,0.0
2024-03-05,9.29,9.06,9.4,9.03,22136.0,20598.058,0.982646420824295,,0.0
2024-03-06,9.09,9.16,9.24,8.89,23339.0,21610.392,0.9828326180257512,,0.0
2024-03-07,9.19,9.33,9.84,9.19,36545.23,35303.357,0.9831401475237092,,0.0
2024-03-08,9.34,9.81,9.9,9.26,52363.58,51188.998,0.9839518555667,,0.0
2024-03-11,9.83,9.79,9.83,9.54,33338.0,32846.352,0.9839195979899498,,0.0
2024-03-12,9.8,10.34,10.79,9.8,95837.42,101602.287,0.9847619047619048,,0.0
2024-03-13,10.34,9.89,10.34,9.78,76848.9,77573.619,0.9840796019900496,,0.0
2024-03-14,9.95,9.94,10.72,9.75,50753.1,51767.737,0.984158415841584,,0.0
2024-03-15,9.91,9.99,10.05,9.71,33833.0,34181.657,0.9842364532019704,,0.0
2024-03-18,10.02,10.18,10.2,9.97,33118.72,33917.182,0.9845261121856866,,0.0
2024-03-19,10.23,10.16,10.44,10.09,28306.75,29448.559,0.9844961240310076,,0.0
2024-03-20,10.16,10.36,10.39,10.11,25866.92,27012.168,0.9847908745247148,,0.0
2024-03-21,10.59,10.43,10.59,10.22,20950.62,22159.024,0.9848914069877244,,0.0
2024-03-22,11.49,11.49,11.49,11.26,52044.15,60581.1,0.9862660944206008,,0.0
2024-03-25,12.34,12.66,12.66,11.84,82656.58,103577.054,0.9875195007800311,,0.0
2024-03-26,13.94,13.94,13.94,13.94,51638.49,72810.271,0.9886524822695036,,0.0
2024-03-27,15.35,15.35,15.35,15.35,10917.26,16932.67,0.9896840747904576,,0.0
2024-03-28,15.34,13.8,15.34,13.8,262583.73,372442.609,0.988538681948424,,0.0
2024-03-29,12.4,12.4,12.76,12.4,156009.41,196631.345,0.9872611464968152,,0.0
2024-04-01,11.69,12.12,12.53,11.5,169796.21,203868.08,0.986970684039088,,0.0
2024-04-02,12.11,11.64,12.11,11.52,98410.79,117291.058,0.9864406779661016,,0.0
2024-04-03,11.76,10.98,11.83,10.95,91894.98,104606.045,0.985637342908438,,0.0
2024-04-08,10.87,10.39,11.04,10.38,83806.29,90771.71,0.9848341232227488,,0.0
2024-04-09,10.49,10.56,10.57,10.31,55327.0,58791.139,0.9850746268656716,,0.0
2024-04-10,10.57,10.26,10.59,10.09,48456.0,50566.872,0.9846449136276392,,0.0
2024-04-11,10.24,10.31,10.49,10.18,34976.56,36795.109,0.9847182425978988,,0.0
2024-04-12,10.26,10.35,10.61,10.11,50734.8,53254.081,0.9847764034253093,,0.0
2024-04-15,10.2,9.44,10.3,9.31,62498.0,61074.968,0.9833333333333332,,0.0
2024-04-16,9.39,8.57,9.41,8.54,44548.0,39827.271,0.981672394043528,,0.0
2024-04-17,8.7,9.27,9.32,8.69,44999.92,41748.2,0.9830328738069988,,0.0
2024-04-18,9.26,9.22,9.46,9.06,37658.0,35570.128,0.9829424307036247,,0.0
2024-04-19,9.27,9.09,9.29,8.98,27976.48,25937.686,0.9827027027027028,,0.0
2024-04-22,9.19,9.19,9.27,8.87,34454.6,32065.273,0.9828877005347594,,0.0
2024-04-23,9.24,9.37,9.43,9.14,31759.48,30081.712,0.9832109129066108,,0.0
2024-04-24,9.37,9.67,9.72,9.32,27998.48,27278.753,0.9837232960325534,,0.0
2024-04-25,9.67,9.76,9.99,9.67,28772.0,28767.907,0.9838709677419356,,0.0
2024-04-26,9.77,10.75,10.75,9.69,90255.32,94630.242,0.9853345554537122,,0.0
2024-04-29,11.29,11.54,11.62,10.51,150017.75,168104.0,0.9863247863247864,,0.0
2024-04-30,11.16,12.71,12.71,11.16,158557.87,193548.864,0.9875679875679876,,0.0
2024-05-06,12.84,14.0,14.0,12.84,251836.55,349841.78,0.9887005649717514,,0.0
2024-05-07,14.04,13.86,14.7,13.01,281249.68,393845.003,0.9885877318116976,,0.0
2024-05-08,12.93,13.8,14.32,12.93,222548.53,305561.903,0.988538681948424,,0.0
2024-05-09,13.16,13.35,14.12,12.75,192629.79,261453.344,0.988156920799408,,0.0
2024-05-10,13.49,13.54,14.7,13.22,220751.59,311364.358,0.9883211678832116,,0.0
2024-05-13,12.9,14.02,14.64,12.9,216323.13,304515.961,0.988716502115656,,0.0
2024-05-14,13.62,12.94,13.94,12.82,176502.83,234931.219,0.9877862595419848,,0.0
2024-05-15,12.74,12.33,12.79,11.63,131898.84,162973.571,0.9871897518014412,,0.0
2024-05-16,12.33,11.97,12.44,11.84,88061.96,107634.873,0.9868095630667766,,0.0
2024-05-17,11.99,12.1,12.14,11.82,64658.0,78764.637,0.9869494290375204,,0.0
2024-05-20,12.13,12.11,12.43,11.95,74231.0,91392.815,0.986960065199674,,0.0
2024-05-21,12.08,11.73,12.11,11.68,62502.5,74753.125,0.9865433137089992,,0.0
2024-05-22,11.62,11.48,11.83,11.44,48799.92,57189.081,0.986254295532646,,0.0
2024-05-23,11.48,11.21,11.49,11.13,40937.42,46840.868,0.9859278803869832,,0.0
2024-05-24,11.77,12.35,12.35,11.63,40558.32,50344.407,0.9872102318145484,,0.0
2024-05-27,12.78,11.78,12.78,11.42,159827.52,190940.231,0.9865996649916248,,0.0
2024-05-28,11.74,11.0,11.74,10.94,92194.0,104155.017,0.985663082437276,,0.0
2024-05-29,10.96,10.83,10.99,10.72,56995.0,62717.073,0.9854413102820746,,0.0
2024-05-30,10.73,10.63,10.93,10.59,47929.0,52065.698,0.9851714550509733,,0.0
2024-05-31,10.64,10.64,10.85,10.63,42359.0,46097.141,0.9851851851851852,,0.0
2024-06-03,10.61,10.5,10.74,10.4,37976.0,40627.87,0.9849906191369606,,0.0
2024-06-04,10.5,10.24,10.55,10.14,32441.2,33698.084,0.9846153846153846,,0.0
2024-06-05,10.23,10.05,10.24,10.02,25157.0,25898.086,0.9843290891283056,,0.0
2024-06-06,10.16,9.75,10.24,9.61,37693.18,37721.556,0.9838546922300706,,0.0
2024-06-07,9.94,10.13,10.34,9.82,43256.0,44063.874,0.9844509232264336,,0.0
2024-06-11,10.13,10.15,10.15,9.86,35189.42,35835.934,0.9844810863239573,,0.0
2024-06-12,10.21,10.37,10.4,10.11,34366.97,35729.88,0.9904489016236868,,0.0
2024-06-13,10.37,10.21,10.43,10.16,27888.52,28849.14,0.9903006789524732,,0.0
2024-06-14,10.21,10.26,10.29,10.02,24536.15,25267.925,0.9903474903474904,,0.0
2024-06-17,10.28,10.03,10.32,9.95,28818.0,29300.038,0.9901283316880554,,0.0
2024-06-18,10.01,10.28,10.32,9.98,30409.27,31214.211,0.9903660886319846,,0.0
2024-06-19,10.35,10.37,10.5,10.22,31589.48,33016.99,0.9904489016236868,,0.0
2024-06-20,10.38,10.1,10.58,10.05,31605.0,32796.012,0.9901960784313726,,0.0
2024-06-21,10.02,10.07,10.33,9.8,23178.96,23598.068,0.9901671583087512,,0.0
2024-06-24,10.07,9.64,10.07,9.58,26424.0,26001.374,0.9897330595482546,,0.0
2024-06-25,9.61,9.99,10.39,9.61,37136.0,37448.059,0.9900891972249752,,0.0
2024-06-26,9.84,10.09,10.12,9.66,29511.0,29535.401,0.9901864573110892,,0.0
2024-06-27,10.09,9.96,10.3,9.96,25526.0,26055.677,0.9900596421471172,,0.0
2024-06-28,9.86,9.94,10.12,9.85,20309.0,20543.694,0.9900398406374502,,0.0
2024-07-01,9.93,10.21,10.23,9.87,27347.8,27875.265,0.9903006789524732,,0.0
2024-07-02,10.21,11.24,11.24,10.02,61989.06,67557.582,0.9911816578483246,,0.0
2024-07-03,11.3,12.37,12.37,11.3,83387.52,101387.872,0.991980753809142,,0.0
2024-07-04,11.38,11.15,12.23,11.12,174976.6,203365.671,0.9911111111111112,,0.0
2024-07-05,11.33,11.49,12.21,11.25,149065.56,174352.808,0.9913718723037102,,0.0
2024-07-08,11.16,10.92,11.2,10.57,125553.0,137220.045,0.9909255898366608,,0.0
2024-07-09,10.85,10.41,10.85,10.05,105146.24,109434.124,0.9904852521408184,,0.0
2024-07-10,10.41,10.22,10.65,10.01,77957.6,80993.606,0.9903100775193798,,0.0
2024-07-11,10.47,11.25,11.25,10.47,71989.0,79325.126,0.9911894273127754,,0.0
2024-07-12,11.62,11.48,11.79,11.3,155331.06,179845.049,0.9913644214162348,,0.0
2024-07-15,11.36,11.01,11.39,10.96,78724.0,88102.529,0.990999099909991,,0.0
2024-07-16,11.12,11.03,11.12,10.83,59845.0,66207.053,0.991015274034142,,0.0
2024-07-17,10.96,11.28,11.68,10.96,112561.96,128709.486,0.9912126537785588,,0.0
2024-07-18,11.04,11.95,11.98,10.75,138752.16,161094.809,0.991701244813278,,0.0
2024-07-19,11.65,11.6,11.98,11.4,106036.0,124622.585,0.9914529914529916,,0.0
2024-07-22,11.55,11.7,11.96,11.3,87313.32,102054.027,0.9915254237288136,,0.0
2024-07-23,11.75,11.39,12.02,11.37,97942.0,115988.4,0.9912967798085291,,0.0
2024-07-24,11.22,11.09,11.53,11.07,68297.75,77535.244,0.9910634495084898,,0.0
2024-07-25,11.09,11.01,11.23,10.78,53820.0,59650.765,0.990999099909991,,0.0
2024-07-26,11.07,11.1,11.13,10.77,57113.6,63220.998,0.9910714285714286,,0.0
2024-07-29,11.1,10.91,11.12,10.76,48509.0,53260.076,0.9909173478655768,,0.0
2024-07-30,11.12,11.5,11.57,11.02,102902.66,117848.399,0.9913793103448276,,0.0
2024-07-31,11.25,11.62,11.88,11.0,111334.26,128598.066,0.9914675767918087,,0.0
2024-08-01,11.58,11.87,12.28,11.58,118850.34,142935.278,0.9916457811194652,,0.0
2024-08-02,11.69,11.7,12.19,11.62,105870.0,127410.884,0.9915254237288136,,0.0
2024-08-05,11.72,11.45,12.07,11.33,82119.26,96986.615,0.9913419913419914,,0.0
2024-08-06,11.56,12.23,12.38,11.36,141439.28,170873.474,0.9918896999188972,,0.0
2024-08-07,12.0,12.08,12.48,11.83,111031.0,135688.714,0.9917898193760264,,0.0
2024-08-08,12.78,13.3,13.3,12.6,102315.99,135759.858,0.9925373134328358,,0.0
2024-08-09,13.98,12.12,14.5,12.0,238270.44,315249.359,0.9918166939443536,,0.0
2024-08-12,11.87,11.91,12.48,11.77,133630.43,162974.884,0.9916736053288926,,0.0
2024-08-13,11.57,11.45,11.9,11.27,110409.0,127259.4,0.9913419913419914,,0.0
2024-08-14,11.44,11.33,11.49,11.22,64107.0,73258.738,0.9912510936132984,,0.0
2024-08-15,11.31,11.29,11.42,11.08,50780.0,57840.585,0.9912203687445128,,0.0
2024-08-16,11.21,11.32,11.37,11.1,45784.8,52069.623,0.9912434325744308,,0.0
2024-08-19,11.28,10.88,11.28,10.86,56211.8,62357.408,0.9908925318761383,,0.0
2024-08-20,11.12,10.93,11.2,10.82,54273.12,60252.673,0.9909338168631008,,0.0
2024-08-21,10.82,10.87,10.98,10.72,32462.8,35614.82,0.9908842297174112,,0.0
2024-08-22,10.87,10.7,10.97,10.67,30774.0,33517.961,0.9907407407407408,,0.0
2024-08-23,10.53,10.46,10.7,10.44,33296.0,35368.436,0.9905303030303032,,0.0
2024-08-26,10.47,10.58,10.59,10.29,26597.0,28177.856,0.9906367041198504,,0.0
2024-08-27,10.58,10.56,10.76,10.46,27606.0,29523.771,0.9906191369606004,,0.0
2024-08-28,10.45,10.56,10.72,10.41,22871.52,24452.434,0.9906191369606004,,0.0
2024-08-29,10.49,10.68,10.69,10.41,24229.0,25926.527,0.9907235621521336,,0.0
2024-08-30,10.67,10.82,10.98,10.61,33281.0,36359.432,0.9908424908424908,,0.0
2024-09-02,10.86,10.66,11.01,10.66,27083.0,29533.584,0.9907063197026024,,0.0
2024-09-03,10.63,10.7,10.8,10.58,18488.0,19959.602,0.9907407407407408,,0.0
2024-09-04,10.67,10.52,10.75,10.51,19310.0,20691.315,0.9905838041431262,,0.0
2024-09-05,10.45,10.66,10.7,10.45,19881.0,21294.884,0.9907063197026024,,0.0
2024-09-06,10.61,10.46,10.74,10.45,20752.0,22085.56,0.9905303030303032,,0.0
2024-09-09,10.42,10.59,10.68,10.36,22646.0,24131.02,0.9906454630495792,,0.0
2024-09-10,10.59,10.6,10.68,10.43,17329.0,18406.197,0.9906542056074766,,0.0
2024-09-11,10.6,10.52,10.64,10.45,18129.0,19308.582,0.9905838041431262,,0.0
2024-09-12,10.48,10.44,10.66,10.44,15078.0,16060.719,0.9905123339658444,,0.0
2024-09-13,10.45,10.29,10.55,10.29,16152.2,16928.503,0.9903753609239654,,0.0
2024-09-18,10.4,10.21,10.5,10.03,30711.16,31697.309,0.9903006789524732,,0.0
2024-09-19,10.17,10.45,10.47,10.14,27743.72,28995.815,0.990521327014218,,0.0
2024-09-20,10.41,10.26,10.44,10.25,14985.0,15599.622,0.9903474903474904,,0.0
2024-09-23,10.36,10.26,10.39,10.22,14602.0,15192.255,0.9903474903474904,,0.0
2024-09-24,10.32,10.58,10.59,10.32,23105.52,24428.611,0.9906367041198504,,0.0
2024-09-25,10.68,10.67,10.89,10.6,33216.06,36023.689,0.9907149489322192,,0.0
2024-09-26,10.61,10.89,10.9,10.58,29417.78,32037.099,0.9909008189262968,,0.0
2024-09-27,11.02,11.3,11.3,10.94,38140.0,42857.132,0.9912280701754388,,0.0
2024-09-30,11.68,12.32,12.37,11.3,101569.95,121662.94,0.9919484702093398,,0.0
2024-10-08,13.56,12.77,13.56,12.14,122018.56,156655.185,0.9922299922299924,,0.0
2024-10-09,12.64,11.63,12.64,11.52,73966.17,89202.329,0.9914748508098892,,0.0
2024-10-10,11.62,11.78,12.0,11.53,47500.68,56660.339,0.9915824915824916,,0.0
2024-10-11,11.89,11.51,11.89,11.4,40082.12,46782.993,0.991386735572782,,0.0
2024-10-14,11.51,11.62,11.74,11.36,32575.96,37957.363,0.9914675767918087,,0.0
2024-10-15,11.6,11.58,11.8,11.48,36015.38,42341.687,0.9914383561643836,,0.0
2024-10-16,11.4,11.62,11.78,11.38,27228.6,31879.036,0.9914675767918087,,0.0
2024-10-17,11.62,11.69,11.9,11.58,30871.0,36564.72,0.991518235793045,,0.0
2024-10-18,11.58,11.81,11.92,11.58,47182.35,56137.918,0.9916036943744752,,0.0
2024-10-21,11.87,12.01,12.05,11.78,42881.75,51589.445,0.9917423616845582,,0.0
2024-10-22,12.03,12.42,12.46,12.01,54320.12,67255.494,0.9920127795527156,,0.0
2024-10-23,12.44,12.15,12.46,12.1,38118.53,47153.29,0.9918367346938776,,0.0
2024-10-24,12.35,13.38,13.38,12.34,65430.12,87330.155,0.9925816023738872,,0.0
2024-10-25,14.1,13.2,14.1,12.89,210767.44,282377.476,0.9924812030075189,,0.0
2024-10-28,13.45,14.53,14.53,13.2,174138.42,243106.525,0.9931647300068353,,0.0
2024-10-29,15.1,14.27,15.56,14.25,259933.88,392850.374,0.9930410577592206,,0.0
2024-10-30,13.9,13.61,14.09,13.46,154381.47,212930.813,0.9927060539752006,,0.0
2024-10-31,13.82,13.72,13.94,13.52,103361.92,143063.248,0.9927641099855282,,0.0
2024-11-01,13.8,13.22,13.83,13.1,76131.64,102301.449,0.9924924924924924,,0.0
2024-11-04,13.4,13.37,13.5,13.18,54455.78,73072.273,0.9925760950259837,,0.0
2024-11-05,13.37,13.52,13.67,13.19,83029.98,112324.04,0.9926578560939796,,0.0
2024-11-06,13.72,13.9,14.25,13.45,118526.93,165687.281,0.9928571428571428,,0.0
2024-11-07,13.86,14.26,14.39,13.75,82211.77,117143.807,0.9930362116991645,,0.0
2024-11-08,15.1,14.84,15.54,14.66,145730.72,219444.0,0.9933065595716198,,0.0
2024-11-11,14.6,15.2,15.23,14.41,98266.03,146841.358,0.9934640522875816,,0.0
2024-11-12,15.2,15.65,16.58,15.2,156988.3,250471.021,0.9936507936507936,,0.0
2024-11-13,15.33,15.85,16.0,14.84,109284.25,169485.561,0.9937304075235108,,0.0
2024-11-14,15.85,15.46,16.08,15.3,89691.34,140898.608,0.993573264781491,,0.0
2024-11-15,16.2,17.02,17.02,16.2,125903.18,214316.21,0.9941588785046728,,0.0
2024-11-18,17.25,16.7,18.73,16.549999999999997,334970.62,602943.437,0.994047619047619,,0.0
2024-11-19,16.95,16.759999999999998,17.88,15.58,208581.43,351113.101,0.9940688018979832,,0.0
2024-11-20,16.58,18.45,18.45,16.58,124920.67,228705.542,0.9946091644204852,,0.0
2024-11-21,19.87,19.18,20.31,18.9,286156.68,565953.221,0.9948132780082988,,0.0
2024-11-22,19.75,18.88,21.11,18.68,290935.69,584090.592,0.9947312961011592,,0.0
2024-11-25,18.07,16.979999999999997,18.7,16.979999999999997,105059.79,185644.579,0.9941451990632316,,0.0
2024-11-26,15.98,15.32,16.77,15.29,251462.28,401432.118,0.993514915693904,,0.0
2024-11-27,15.1,15.18,15.45,14.77,154208.88,233468.871,0.993455497382199,,0.0
2024-11-28,15.18,14.92,15.18,14.75,120045.08,180466.351,0.9933422103861518,,0.0
2024-11-29,15.18,15.17,15.81,14.95,137691.4,212294.114,0.9934512115258676,,0.0
2024-12-02,15.28,15.83,16.369999999999997,15.17,128373.16,203305.972,0.9937225360954176,,0.0
2024-12-03,15.92,15.51,16.15,15.4,94326.0,148865.942,0.9935938500960922,,0.0
2024-12-04,15.5,14.95,15.55,14.8,91705.34,139402.483,0.9933554817275748,,0.0
2024-12-05,14.93,15.16,15.22,14.8,56997.87,86587.793,0.9934469200524246,,0.0
2024-12-06,15.07,15.39,15.63,14.9,77289.28,118602.346,0.9935442220787604,,0.0
2024-12-09,15.62,15.46,15.73,15.25,72821.16,113912.86,0.993573264781491,,0.0
2024-12-10,15.8,15.38,15.89,15.35,64689.0,101270.185,0.9935400516795866,,0.0
2024-12-11,15.35,16.93,16.93,15.3,181220.8,297627.375,0.9941280093951848,,0.0
2024-12-12,17.07,17.369999999999997,17.689999999999998,16.75,185418.34,321905.966,0.9942759015455064,,0.0
2024-12-13,17.229999999999997,17.599999999999998,17.959999999999997,16.889999999999997,141331.76,247101.589,0.9943502824858756,,0.0
2024-12-16,17.549999999999997,16.66,17.549999999999997,16.299999999999997,122553.0,206768.976,0.994033412887828,,0.0
2024-12-17,16.68,15.95,16.84,15.86,86572.78,141849.128,0.9937694704049844,,0.0
2024-12-18,16.15,15.97,16.2,15.5,56059.99,89891.248,0.9937772246421904,,0.0
2024-12-19,15.66,15.910000000000002,16.259999999999998,15.58,59142.72,94530.487,0.9937539038101189,,0.0
2024-12-20,15.89,16.25,16.31,15.83,54590.15,88403.226,0.9938837920489296,,0.0
2024-12-23,16.259999999999998,14.94,16.259999999999998,14.85,74416.0,114565.025,0.9933510638297872,,0.0
2024-12-24,14.98,14.79,15.25,14.54,53044.26,78868.858,0.9932840832773674,,0.0
2024-12-25,14.68,14.01,14.79,13.86,65489.0,93596.313,0.9929128277817152,,0.0
2024-12-26,13.99,14.03,14.27,13.95,35254.21,50075.194,0.9929228591648974,,0.0
2024-12-27,14.03,14.11,14.3,13.91,43149.0,61655.478,0.9929627023223082,,0.0
2024-12-30,13.59,13.49,13.67,13.26,65097.44,88276.516,0.9926416482707874,,0.0
2024-12-31,13.49,13.37,13.64,13.28,34292.0,46570.519,0.9925760950259837,,0.0
2025-01-02,13.34,13.46,13.87,13.19,40939.97,55902.345,0.9926253687315636,,0.0
2025-01-03,13.61,12.77,13.67,12.65,43984.0,57637.646,0.9922299922299924,,0.0
2025-01-06,12.78,12.78,12.95,12.1,35217.0,44877.791,0.9922360248447204,,0.0
2025-01-07,12.95,13.03,13.05,12.66,33053.96,42850.875,0.9923838537699924,,0.0
2025-01-08,12.9,13.15,13.32,12.86,45617.76,60442.297,0.9924528301886792,,0.0
2025-01-09,13.04,13.2,13.38,13.0,28220.84,37640.295,0.9924812030075189,,0.0
2025-01-10,13.15,12.69,13.24,12.69,25305.96,32985.808,0.9921813917122752,,0.0
2025-01-13,12.66,12.74,12.79,12.17,28881.0,36470.808,0.9922118380062306,,0.0
2025-01-14,12.8,13.43,13.43,12.68,39704.0,52719.169,0.992609016999261,,0.0
2025-01-15,13.46,13.25,13.64,13.19,26526.0,35512.178,0.99250936329588,,0.0
2025-01-16,13.3,13.27,13.49,13.15,28069.8,37687.277,0.9925205684367988,,0.0
2025-01-17,13.29,13.37,13.45,13.02,23996.0,32007.846,0.9925760950259837,,0.0
2025-01-20,13.47,13.66,13.75,13.22,33607.0,45881.178,0.9927325581395348,,0.0
2025-01-21,13.98,13.46,14.03,13.27,43017.32,58550.002,0.9926253687315636,,0.0
2025-01-22,13.3,13.31,13.47,13.22,20404.0,27377.019,0.9925428784489188,,0.0
2025-01-23,13.5,13.21,13.64,13.18,34032.72,46007.69,0.9924868519909844,,0.0
2025-01-24,13.17,13.56,13.63,13.05,35169.4,47151.155,0.9926793557833088,,0.0
2025-01-27,13.54,14.15,14.78,13.5,100157.0,141851.403,0.9929824561403509,,0.0
2025-02-05,14.2,13.4,14.2,13.35,93554.67,128201.379,0.9925925925925926,,0.0
2025-02-06,13.51,13.65,13.65,13.13,64265.72,87132.39,0.9927272727272728,,0.0
2025-02-07,13.57,13.81,13.97,13.45,60651.95,84005.163,0.9928109273903668,,0.0
2025-02-10,13.89,13.94,13.98,13.72,52865.69,73827.329,0.9928774928774928,,0.0
2025-02-11,13.97,13.88,13.98,13.68,35672.0,49645.425,0.9928469241773964,,0.0
2025-02-12,13.88,13.89,14.01,13.8,33161.0,46354.17,0.9928520371694068,,0.0
2025-02-13,13.86,13.69,13.93,13.69,36006.47,49999.769,0.9927483683828862,,0.0
2025-02-14,13.62,14.16,14.59,13.62,100932.47,144282.956,0.9929873772791024,,0.0
2025-02-17,14.03,14.25,14.34,13.98,61801.4,88103.577,0.9930313588850176,,0.0
2025-02-18,14.25,13.56,14.25,13.51,54526.0,75889.499,0.9926793557833088,,0.0
2025-02-19,13.7,13.82,13.84,13.46,37494.0,51866.876,0.992816091954023,,0.0
2025-02-20,13.88,14.08,14.29,13.79,45596.56,64651.286,0.9929478138222848,,0.0
2025-02-21,14.06,13.87,14.2,13.62,47639.56,66359.359,0.992841803865426,,0.0
2025-02-24,13.81,13.88,14.02,13.7,38676.0,53949.556,0.9928469241773964,,0.0
2025-02-25,13.76,13.69,13.95,13.65,29988.4,41612.825,0.9927483683828862,,0.0
2025-02-26,13.72,13.75,13.83,13.66,27846.0,38508.015,0.9927797833935018,,0.0
2025-02-27,13.75,13.84,14.0,13.54,39127.0,54250.872,0.9928263988522238,,0.0
2025-02-28,13.74,13.43,13.82,13.43,26105.56,35815.967,0.992609016999261,,0.0
2025-03-03,13.4,13.55,13.81,13.4,30287.0,41607.135,0.9926739926739928,,0.0
2025-03-04,13.51,13.82,13.84,13.42,26406.0,36419.404,0.992816091954023,,0.0
2025-03-05,13.78,13.83,13.96,13.6,26246.0,36374.168,0.992821249102656,,0.0
2025-03-06,13.84,13.95,14.06,13.72,35363.4,49631.296,0.99288256227758,,0.0
2025-03-07,13.96,13.97,14.3,13.85,59832.4,84674.585,0.9928926794598436,,0.0
2025-03-10,14.01,14.31,14.41,13.99,72653.4,104177.549,0.993060374739764,,0.0
2025-03-11,14.18,14.49,14.54,13.99,74454.0,107790.132,0.9931459904043866,,0.0
2025-03-12,14.56,14.42,14.59,14.33,46146.36,67028.578,0.9931129476584022,,0.0
2025-03-13,14.4,14.22,14.5,14.09,34457.0,49436.6,0.9930167597765364,,0.0
2025-03-14,14.22,14.56,14.83,14.1,66769.56,97102.255,0.9931787175989086,,0.0
2025-03-17,14.48,14.46,14.67,14.33,60338.56,88090.173,0.9931318681318682,,0.0
2025-03-18,14.51,14.45,14.53,14.33,37790.8,54830.467,0.993127147766323,,0.0
2025-03-19,14.44,14.35,14.5,14.3,26844.79,38863.24,0.9930795847750864,,0.0
2025-03-20,14.47,14.4,14.48,14.22,29377.04,42609.857,0.993103448275862,,0.0
2025-03-21,14.42,14.12,14.47,14.03,31793.8,45464.459,0.9929676511954992,,0.0
2025-03-24,14.12,13.8,14.17,13.56,42048.36,58513.09,0.9928057553956836,,0.0
2025-03-25,13.77,13.75,13.84,13.5,26286.0,36199.748,0.9927797833935018,,0.0
2025-03-26,13.75,14.24,14.34,13.75,41070.0,58522.008,0.99302649930265,,0.0
2025-03-27,14.24,14.35,14.44,13.91,46160.0,66378.082,0.9930795847750864,,0.0
2025-03-28,14.29,14.1,14.53,14.1,35354.28,51005.028,0.9929577464788732,,0.0
2025-03-31,13.94,13.92,14.18,13.63,34347.0,47788.052,0.9928673323823112,,0.0
2025-04-01,14.07,14.28,14.53,13.96,52271.8,75580.013,0.9930458970792768,,0.0
2025-04-02,14.39,14.21,14.48,14.1,37413.0,53965.85,0.9930118798043328,,0.0
2025-04-03,14.3,15.05,15.64,14.09,219091.43,332412.771,0.9933993399339934,,0.0
2025-04-07,14.86,14.76,16.259999999999998,13.93,298553.68,458346.857,0.993270524899058,,0.0
2025-04-08,13.36,15.57,15.65,13.36,269180.53,396395.085,0.9936183790682832,,0.0
2025-04-09,14.92,15.05,15.17,14.0,232263.28,337209.315,0.9933993399339934,,0.0
2025-04-10,14.46,16.57,16.57,14.46,240304.16,376559.342,0.994001199760048,,0.0
2025-04-11,16.57,16.36,18.12,16.349999999999998,343669.58,590480.322,0.993924665856622,,0.0
2025-04-14,16.229999999999997,17.029999999999998,17.25,15.58,188774.8,311952.041,0.9941622883829538,,0.0
2025-04-15,16.86,17.13,17.479999999999997,16.52,176259.87,302188.528,0.9941961694718512,,0.0
2025-04-16,16.82,16.099999999999998,17.349999999999998,16.08,119855.47,200298.837,0.993827160493827,,0.0
2025-04-17,16.169999999999998,16.07,16.4,15.910000000000002,71170.01,115403.706,0.9938157081014224,,0.0
2025-04-18,15.9,15.29,15.93,15.2,78114.02,121339.682,0.9935022742040286,,0.0
2025-04-21,15.4,16.38,16.74,15.3,121433.36,196205.149,0.9939320388349514,,0.0
2025-04-22,16.299999999999997,16.06,16.38,16.06,71432.16,116117.636,0.9938118811881188,,0.0
2025-04-23,16.06,16.29,16.41,15.84,82428.84,134462.38,0.9938987187309334,,0.0
2025-04-24,16.22,16.75,17.09,16.119999999999997,131170.6,219914.78,0.9940652818991096,,0.0
2025-04-25,16.549999999999997,15.8,16.72,15.8,103118.46,166916.2,0.9937106918238994,,0.0
2025-04-28,16.16,16.59,16.669999999999998,15.8,120371.37,197770.361,0.9940083882564408,,0.0
2025-04-29,16.31,16.9,17.299999999999997,16.16,139347.78,235803.515,0.9941176470588234,,0.0
2025-04-30,16.799999999999997,16.549999999999997,16.9,16.25,97593.47,162646.42,0.993993993993994,,0.0
2025-05-06,16.25,16.68,16.74,16.15,92954.56,154317.782,0.9940405244338496,,0.0
2025-05-07,16.799999999999997,17.459999999999997,17.849999999999998,16.52,186680.05,323177.878,0.9943052391799544,,0.0
2025-05-08,17.2,16.939999999999998,17.33,16.779999999999998,137556.68,235488.96,0.994131455399061,,0.0
2025-05-09,16.68,17.009999999999998,17.13,16.509999999999998,93701.05,158582.414,0.994155464640561,,0.0
2025-05-12,17.139999999999997,16.81,17.169999999999998,16.689999999999998,72366.04,122380.282,0.9940863394441158,,0.0
2025-05-13,16.81,16.08,16.889999999999997,16.02,99918.81,165537.382,0.9938195302843016,,0.0
2025-05-14,15.9,15.62,15.97,15.41,98610.72,155125.225,0.9936386768447836,,0.0
2025-05-15,15.62,15.82,16.049999999999997,15.52,77787.6,124072.511,0.993718592964824,,0.0
2025-05-16,15.8,15.89,15.94,15.4,67159.88,106088.893,0.9937460913070668,,0.0
2025-05-19,15.8,16.189999999999998,16.369999999999997,15.61,94315.0,152934.111,0.9938612645794964,,0.0
2025-05-20,16.139999999999997,16.63,16.74,16.139999999999997,99158.8,164563.1,0.9940227136879856,,0.0
2025-05-21,16.639999999999997,16.41,16.7,16.33,58601.28,96986.334,0.9939430648092064,,0.0
2025-05-22,16.29,15.95,16.49,15.93,58558.48,95227.379,0.9937694704049844,,0.0
2025-05-23,15.87,15.9,16.5,15.84,55090.0,89603.573,0.99375,,0.0
2025-05-26,15.79,15.95,15.98,15.62,43423.0,69219.841,0.9937694704049844,,0.0
2025-05-27,15.95,16.29,16.33,15.81,48990.8,79652.995,0.9938987187309334,,0.0
2025-05-28,16.229999999999997,15.8,16.33,15.72,49467.0,79492.805,0.9937106918238994,,0.0
2025-05-29,15.8,16.29,16.459999999999997,15.7,57706.2,93882.37,0.9938987187309334,,0.0
2025-05-30,16.259999999999998,16.25,16.419999999999998,15.96,36160.88,58792.598,0.9938837920489296,,0.0
2025-06-03,16.04,16.779999999999998,16.849999999999998,16.02,80858.0,135174.215,0.9940758293838862,,0.0
2025-06-04,16.779999999999998,16.88,16.919999999999998,16.599999999999998,54332.21,91713.207,0.994110718492344,,0.0
2025-06-05,16.869999999999997,16.669999999999998,16.869999999999997,16.479999999999997,52054.72,86995.86,0.9940369707811568,,0.0
2025-06-06,16.669999999999998,16.5,16.779999999999998,16.41,31971.0,53128.527,0.9939759036144578,,0.0
2025-06-09,16.5,16.72,16.959999999999997,16.47,46308.48,78020.267,0.9940546967895362,,0.0
2025-06-10,16.74,16.509999999999998,16.889999999999997,16.31,45113.28,75138.871,0.9939795304033714,,0.0
2025-06-11,16.45,16.41,16.689999999999998,16.38,34180.0,56718.642,0.9939430648092064,,0.0
2025-06-12,16.299999999999997,16.439999999999998,16.549999999999997,16.22,27960.0,46068.264,0.9939540507859732,,0.0
2025-06-13,16.43,16.099999999999998,16.54,16.04,34973.2,56966.899,0.993827160493827,,0.0
2025-06-16,16.099999999999998,16.08,16.279999999999998,15.910000000000002,29722.81,48196.062,0.9938195302843016,,0.0
2025-06-17,16.29,16.75,17.299999999999997,16.209999999999997,116556.41,197403.43,0.9940652818991096,,0.0
2025-06-18,16.7,17.29,17.779999999999998,16.59,147154.76,256718.87,0.9942495687176538,,0.0
2025-06-19,17.29,17.299999999999997,17.68,16.779999999999998,114812.7,199941.649,0.9942528735632185,,0.0
2025-06-20,17.299999999999997,17.599999999999998,18.08,17.07,130426.0,230564.368,0.9943502824858756,,0.0
2025-06-23,17.08,17.299999999999997,17.549999999999997,17.08,88196.9,153713.843,0.9942528735632185,,0.0
2025-06-24,17.31,17.59,17.65,17.049999999999997,85321.96,149404.676,0.9943470887507064,,0.0
2025-06-25,17.47,17.0,17.54,16.75,109785.0,187869.593,0.9941520467836256,,0.0
2025-06-26,16.99,16.639999999999997,17.259999999999998,16.619999999999997,71547.8,121408.685,0.9940262843488648,,0.0
2025-06-27,16.75,16.84,17.11,16.599999999999998,54377.0,92312.886,0.9940968122786304,,0.0
2025-06-30,16.97,17.049999999999997,17.09,16.82,42809.0,73170.799,0.9941690962099125,,0.0
2025-07-01,17.02,17.209999999999997,17.349999999999998,16.84,53810.34,92527.059,0.99422299248989,,0.0
2025-07-02,17.16,16.83,17.27,16.7,55621.52,94658.314,0.9940933254577672,,0.0
2025-07-03,16.779999999999998,17.169999999999998,17.389999999999997,16.759999999999998,52032.33,89461.273,0.9942096120440068,,0.0
2025-07-04,17.299999999999997,17.369999999999997,17.75,17.18,84970.45,149060.822,0.9942759015455064,,0.0
2025-07-07,17.43,17.759999999999998,17.889999999999997,17.43,116125.37,207215.933,0.9944008958566628,,0.0
2025-07-08,17.619999999999997,17.58,17.82,17.509999999999998,68470.97,121463.88,0.9943438914027148,,0.0
2025-07-09,17.509999999999998,17.439999999999998,17.61,17.29,51851.4,90817.318,0.9942987457240592,,0.0
2025-07-10,17.38,17.9,17.9,17.33,98294.69,174816.404,0.9944444444444444,,0.0
2025-07-11,17.869999999999997,17.549999999999997,17.88,17.38,69244.47,122208.471,0.9943342776203964,,0.0
2025-07-14,17.459999999999997,17.74,17.799999999999997,17.299999999999997,51586.46,91224.643,0.9943946188340806,,0.0
2025-07-15,17.83,17.34,18.05,17.11,68936.0,121125.3,0.9942660550458716,,0.0
2025-07-16,17.349999999999998,17.439999999999998,17.88,17.13,47148.0,83036.638,0.9942987457240592,,0.0
2025-07-17,17.4,18.2,18.42,17.4,111078.91,202184.338,0.9945355191256828,,0.0
2025-07-18,18.18,18.2,18.21,17.799999999999997,54877.5,99388.104,0.9945355191256828,,0.0
2025-07-21,18.1,18.13,18.26,17.82,44556.0,80803.18,0.9945145364783324,,0.0
2025-07-22,18.14,17.9,18.58,17.88,72747.2,133185.886,0.9944444444444444,,0.0
2025-07-23,17.84,17.639999999999997,17.889999999999997,17.509999999999998,45708.0,81438.303,0.9943630214205184,,0.0
2025-07-24,17.65,17.82,17.9,17.65,38552.0,68903.81,0.9944196428571428,,0.0
2025-07-25,17.799999999999997,17.729999999999997,17.979999999999997,17.639999999999997,29364.0,52546.778,0.9943914750420638,,0.0
2025-07-28,17.729999999999997,18.12,18.26,17.709999999999997,54058.96,98360.849,0.9945115257958288,,0.0
2025-07-29,18.13,18.26,18.26,17.9,40294.61,73289.672,0.994553376906318,,0.0
2025-07-30,18.24,18.06,18.33,17.939999999999998,44087.59,80377.395,0.9944933920704844,,0.0
2025-07-31,18.17,17.9,18.32,17.779999999999998,47253.8,85681.66,0.9944444444444444,,0.0
2025-08-01,17.9,18.08,18.37,17.849999999999998,51919.59,94849.526,0.9944994499449944,,0.0
2025-08-04,17.939999999999998,18.34,18.48,17.61,60428.29,110098.594,0.994577006507592,,0.0
2025-08-05,18.3,18.25,18.45,18.18,41703.0,76592.041,0.994550408719346,,0.0
2025-08-06,18.29,18.28,18.37,18.06,30805.4,56348.713,0.9945593035908596,,0.0
2025-08-07,18.28,18.41,18.43,18.16,37454.0,68875.192,0.994597514856834,,0.0
2025-08-08,18.37,18.2,18.37,18.07,43160.2,79021.645,0.9945355191256828,,0.0
2025-08-11,18.33,18.78,18.92,18.2,71227.01,133433.588,0.9947033898305084,,0.0
2025-08-12,18.78,19.04,19.4,18.65,51906.0,99331.508,0.9947753396029256,,0.0
2025-08-13,19.0,19.06,19.1,18.76,43669.56,83021.649,0.9947807933194154,,0.0
2025-08-14,19.12,18.38,19.36,18.34,61817.0,117058.928,0.9945887445887444,,0.0
2025-08-15,18.49,18.68,18.68,18.35,36283.0,67699.079,0.9946751863684772,,0.0
2025-08-18,18.66,18.54,18.82,18.44,55201.69,103083.106,0.9946351931330472,,0.0
2025-08-19,18.55,18.48,18.7,18.38,36894.8,68647.099,0.9946178686759956,,0.0
2025-08-20,18.5,18.55,18.73,18.32,40290.72,74949.478,0.9946380697050936,,0.0
2025-08-21,18.54,18.54,18.74,18.45,39181.48,73210.121,0.9946351931330472,,0.0
2025-08-22,18.54,17.979999999999997,18.59,17.779999999999998,80973.63,146793.366,0.9944690265486724,,0.0
2025-08-25,17.95,17.849999999999998,18.09,17.599999999999998,66102.67,118436.953,0.9944289693593314,,0.0
2025-08-26,17.74,17.88,18.04,17.5,46719.87,83873.31,0.9944382647385984,,0.0
2025-08-27,17.88,17.049999999999997,17.88,17.02,71737.91,125997.152,0.9941690962099125,,0.0
2025-08-28,17.139999999999997,17.22,17.36,16.72,40766.8,70028.882,0.9942263279445728,,0.0
2025-08-29,17.169999999999998,17.669999999999998,17.74,17.13,49463.71,87281.909,0.9943725379853684,,0.0
2025-09-01,17.66,17.68,17.75,17.47,26487.8,46991.472,0.9943757030371204,,0.0
2025-09-02,17.77,17.32,17.77,17.299999999999997,27755.27,48707.34,0.994259471871412,,0.0
2025-09-03,17.36,17.009999999999998,17.439999999999998,17.0,19814.0,34328.141,0.994155464640561,,0.0
2025-09-04,17.009999999999998,17.15,17.45,16.91,26884.18,46517.644,0.9942028985507244,,0.0
2025-09-05,17.2,17.299999999999997,17.31,17.009999999999998,20603.59,35595.174,0.9942528735632185,,0.0
2025-09-08,17.279999999999998,18.3,18.9,17.229999999999997,91633.42,168291.11,0.9945652173913044,,0.0
2025-09-09,18.26,18.37,18.78,18.21,77109.91,143891.998,0.9945858148348672,,0.0
2025-09-10,18.36,18.0,18.54,17.91,35647.69,64749.01,0.9944751381215468,,0.0
2025-09-11,18.05,18.04,18.08,17.68,32584.58,58606.973,0.9944873208379272,,0.0
2025-09-12,18.12,18.36,18.65,17.849999999999998,56790.92,104122.148,0.9945828819068256,,0.0
2025-09-15,19.0,17.99,19.4,17.869999999999997,87042.0,162435.802,0.9944720840243229,,0.0
2025-09-16,18.28,17.79,18.28,17.43,53065.81,94826.567,0.994410285075461,,0.0
2025-09-17,17.759999999999998,18.0,18.1,17.599999999999998,45039.0,80830.078,0.9944751381215468,,0.0
2025-09-18,17.979999999999997,17.77,18.28,17.5,55633.0,100056.503,0.9944040290990486,,0.0
2025-09-19,17.619999999999997,17.779999999999998,17.95,17.549999999999997,34571.2,61709.488,0.994407158836689,,0.0
2025-09-22,17.639999999999997,17.45,17.799999999999997,17.139999999999997,41847.4,73236.088,0.9943019943019942,,0.0
2025-09-23,17.4,16.75,17.58,16.479999999999997,54578.8,92817.93,0.9940652818991096,,0.0
2025-09-24,16.599999999999998,16.86,16.959999999999997,16.56,27265.6,46152.533,0.9941037735849056,,0.0
2025-09-25,16.77,16.889999999999997,17.02,16.75,26136.0,44369.239,0.9941141848145968,,0.0
2025-09-26,16.889999999999997,17.139999999999997,17.349999999999998,16.729999999999997,32616.0,56145.86,0.9941995359628768,,0.0
2025-09-29,17.139999999999997,16.82,17.15,16.639999999999997,19328.76,32697.454,0.9940898345153664,,0.0
2025-09-30,16.82,16.79,16.9,16.669999999999998,19491.0,32896.277,0.9940793368857312,,0.0
2025-10-09,16.81,16.79,16.919999999999998,16.59,28986.78,48674.75,0.9940793368857312,,0.0
2025-10-10,16.75,16.849999999999998,16.939999999999998,16.669999999999998,17581.0,29787.626,0.9941002949852508,,0.0
2025-10-13,16.4,16.689999999999998,16.849999999999998,16.16,20877.0,34919.917,0.994044073853484,,0.0
2025-10-14,16.83,16.919999999999998,17.4,16.689999999999998,49634.52,85001.749,0.9941245593419504,,0.0
2025-10-15,17.09,17.47,17.74,16.81,57650.08,101106.263,0.9943084803642572,,0.0
2025-10-16,17.38,17.389999999999997,18.009999999999998,17.2,51705.82,91861.483,0.9942824471126356,,0.0
2025-10-17,17.2,17.63,17.97,17.2,51656.51,92235.993,0.994359842075578,,0.0
2025-10-20,17.59,17.22,17.75,17.07,33353.0,58189.101,0.9942263279445728,,0.0
2025-10-21,17.22,17.889999999999997,18.08,17.139999999999997,48677.28,86594.228,0.9944413563090604,,0.0
2025-10-22,17.9,17.939999999999998,18.08,17.669999999999998,39610.77,71421.706,0.9944567627494456,,0.0
2025-10-23,17.88,18.07,18.08,17.58,33570.0,60126.851,0.9944964226747384,,0.0
2025-10-24,18.18,18.85,18.9,18.0,79001.75,148158.215,0.9947229551451188,,0.0
2025-10-27,18.85,18.32,18.95,18.1,58627.92,108193.614,0.99457111834962,,0.0
2025-10-28,18.35,18.12,18.36,18.009999999999998,27164.0,49598.834,0.9945115257958288,,0.0
2025-10-29,18.13,18.16,18.6,17.81,31290.87,57003.2,0.9945235487404162,,0.0
2025-10-30,18.17,17.82,18.17,17.74,29384.92,52955.315,0.9944196428571428,,0.0
2025-10-31,17.889999999999997,18.0,18.13,17.849999999999998,21626.8,39182.107,0.9944751381215468,,0.0
2025-11-03,18.1,18.25,18.28,17.97,26934.6,49182.82,0.994550408719346,,0.0
2025-11-04,18.11,18.26,18.76,18.06,29103.4,53518.948,0.994553376906318,,0.0
2025-11-05,18.39,20.1,20.1,18.39,220928.92,438513.636,0.9950495049504948,,0.0
2025-11-06,20.0,20.2,20.59,19.7,173410.34,349465.611,0.9950738916256155,,0.0
2025-11-07,20.39,20.78,21.45,20.2,150561.81,315599.092,0.9952107279693486,,0.0
2025-11-10,20.53,21.26,21.78,20.53,149269.54,318813.333,0.995318352059925,,0.0
2025-11-11,21.64,21.51,21.78,20.8,102368.25,218619.348,0.99537251272559,,0.0
2025-11-12,21.87,21.36,21.9,21.02,83237.11,178438.412,0.9953401677539608,,0.0
2025-11-13,21.36,20.9,21.7,20.8,95981.72,203964.264,0.9952380952380953,,0.0
2025-11-14,21.03,20.57,21.16,20.43,60208.07,125103.547,0.9951620706337688,,0.0
2025-11-17,20.57,20.23,20.75,20.18,53308.39,109050.097,0.9950811608460404,,0.0
2025-11-18,20.36,20.58,21.6,20.13,90592.4,189823.307,0.995164410058027,,0.0
2025-11-19,20.51,20.85,21.58,20.2,100504.0,212427.64,0.9952267303102624,,0.0
2025-11-20,20.86,19.89,21.01,19.73,72599.0,146691.159,0.9949974987493746,,0.0
2025-11-21,19.94,19.2,21.02,19.2,112647.44,225946.645,0.9948186528497408,,0.0
2025-11-24,19.77,18.99,19.81,18.7,61893.04,118838.356,0.9947616553169196,,0.0
2025-11-25,19.0,19.05,19.45,18.92,35373.0,68019.77,0.9947780678851176,,0.0
2025-11-26,19.2,18.44,19.32,18.36,41581.96,78413.301,0.994606256742179,,0.0
2025-11-27,18.44,18.68,19.03,18.42,42093.4,79329.636,0.9946751863684772,,0.0
2025-11-28,18.54,18.76,18.77,18.33,33066.0,61677.632,0.9946977730646872,,0.0
2025-12-01,18.7,18.45,18.89,18.36,33329.0,62248.245,0.9946091644204852,,0.0
2025-12-02,18.6,18.09,18.6,17.849999999999998,48282.0,87586.562,0.9945024738867508,,0.0
2025-12-03,18.22,17.77,18.29,17.65,36733.0,66055.216,0.9944040290990486,,0.0
2025-12-04,17.65,17.54,17.869999999999997,17.31,27773.0,48907.916,0.9943310657596371,,0.0
2025-12-05,17.509999999999998,17.389999999999997,17.509999999999998,17.25,28285.0,49398.585,0.9942824471126356,,0.0
2025-12-08,17.389999999999997,17.56,17.63,17.389999999999997,28466.0,50244.738,0.9943374858437144,,0.0
2025-12-09,17.459999999999997,17.24,17.56,17.22,23845.56,41610.647,0.994232987312572,,0.0
2025-12-10,17.32,17.32,17.389999999999997,17.049999999999997,21305.48,36985.293,0.994259471871412,,0.0
2025-12-11,17.31,16.75,17.32,16.729999999999997,29772.48,50727.969,0.9940652818991096,,0.0
2025-12-12,16.889999999999997,16.7,17.06,16.65,26043.56,44084.001,0.994047619047619,,0.0
2025-12-15,16.81,16.7,16.81,16.47,16381.0,27507.263,0.994047619047619,,0.0
2025-12-16,16.61,16.13,16.689999999999998,16.06,33246.0,54505.821,0.9938385705483672,,0.0
2025-12-17,15.98,16.259999999999998,16.299999999999997,15.89,32805.17,53091.95,0.9938875305623472,,0.0
2025-12-18,16.2,16.31,16.439999999999998,16.13,19418.0,31811.368,0.9939061547836684,,0.0
2025-12-19,16.29,16.61,16.689999999999998,16.29,23154.4,38526.943,0.9940155595451824,,0.0
2025-12-22,16.689999999999998,16.599999999999998,16.889999999999997,16.45,38125.4,64079.601,0.994011976047904,,0.0
2025-12-23,16.599999999999998,16.479999999999997,16.66,16.34,26990.4,44799.107,0.993968636911942,,0.0
2025-12-24,16.47,16.939999999999998,17.479999999999997,16.31,42898.08,72871.762,0.994131455399061,,0.0
2025-12-25,16.88,17.25,17.38,16.75,44791.12,77088.804,0.994236311239193,,0.0
2025-12-26,17.24,16.88,17.299999999999997,16.79,47332.6,81005.651,0.994110718492344,,0.0
2025-12-29,16.81,16.66,16.88,16.439999999999998,38605.0,64355.337,0.994033412887828,,0.0
2025-12-30,16.689999999999998,16.619999999999997,16.889999999999997,16.459999999999997,27699.91,46548.184,0.9940191387559808,,0.0
2025-12-31,16.619999999999997,17.619999999999997,17.72,16.389999999999997,94680.76,164407.553,0.9943566591422122,,0.0
2026-01-05,17.709999999999997,17.66,18.0,17.59,61674.79,110190.852,0.9943693693693691,,0.0
2026-01-06,17.84,17.849999999999998,17.979999999999997,17.599999999999998,39471.76,70577.915,0.9944289693593314,,0.0
2026-01-07,17.869999999999997,18.0,18.17,17.729999999999997,42135.39,76122.468,0.9944751381215468,,0.0
2026-01-08,18.0,18.24,18.24,17.86,31089.19,56477.66,0.9945474372955287,,0.0
2026-01-09,18.26,18.2,18.41,17.95,37448.49,68393.381,0.9945355191256828,,0.0
2026-01-12,18.16,19.01,19.32,18.13,67159.25,127323.251,0.9947671376242804,,0.0
2026-01-13,19.09,19.93,20.23,18.72,112458.27,223705.055,0.9950074887668496,,0.0
2026-01-14,19.78,20.5,20.68,19.68,101427.97,207335.641,0.9951456310679612,,0.0
2026-01-15,20.49,20.6,20.84,20.27,49531.79,101957.721,0.9951690821256038,,0.0
2026-01-16,20.6,20.05,21.21,20.0,47559.4,97311.035,0.9950372208436724,,0.0
2026-01-19,20.03,20.79,20.9,19.95,63999.0,132018.107,0.9952130205840114,,0.0
2026-01-20,20.78,19.97,21.08,19.9,47921.96,97316.806,0.9950174389636272,,0.0
2026-01-21,19.88,21.89,21.9,19.67,96457.09,203429.183,0.9954524783992724,,0.0
2026-01-22,21.84,21.53,21.85,21.26,63473.0,136926.488,0.9953767914932964,,0.0
2026-01-23,21.74,21.31,21.9,21.16,45969.0,99034.539,0.9953292853806632,,0.0
2026-01-26,21.27,21.18,21.5,21.0,30119.25,64154.501,0.9953007518796992,,0.0
2026-01-27,20.69,20.73,20.94,20.08,51345.08,105913.215,0.9951992318771002,,0.0
2026-01-28,20.9,20.18,20.9,20.01,32588.36,66705.029,0.995069033530572,,0.0
2026-01-29,20.16,19.99,20.64,19.88,26720.74,54341.399,0.9950223992035838,,0.0
2026-01-30,19.97,20.27,20.38,19.7,26920.63,54412.531,0.9950908198330878,,0.0
2026-02-02,20.29,19.93,20.47,19.92,23773.83,48029.018,0.9950074887668496,,0.0
2026-02-03,20.02,20.14,20.6,20.0,26656.69,54152.836,0.9950592885375492,,0.0
2026-02-04,20.16,20.06,20.49,19.92,23978.8,48545.97,0.9950396825396824,,0.0
2026-02-05,20.1,19.84,20.18,19.83,17838.6,35794.927,0.9949849548645936,,0.0
2026-02-06,19.84,19.79,20.16,19.71,21834.09,43707.354,0.9949723479135244,,0.0
2026-02-09,19.88,19.85,20.89,19.61,36401.76,73221.768,0.9949874686716792,,0.0
2026-02-10,19.95,19.67,19.95,19.61,18184.87,36050.251,0.9949418310571572,,0.0
2026-02-11,19.63,19.4,19.75,19.28,24353.42,47607.663,0.9948717948717948,,0.0
2026-02-12,19.34,19.17,19.48,19.1,24218.0,46920.354,0.9948105864037364,,0.0
2026-02-13,19.35,19.72,20.03,19.13,38001.87,75366.236,0.994954591321897,,0.0
2026-02-24,20.05,19.58,20.27,19.4,43458.03,86218.525,0.9949186991869918,,0.0
2026-02-25,19.79,19.49,19.79,19.23,29418.38,57544.261,0.9948953547728432,,0.0
2026-02-26,19.49,19.15,19.56,19.07,24843.08,48115.277,0.9948051948051948,,0.0
2026-02-27,18.95,19.08,19.26,18.9,25194.24,48234.58,0.994786235662148,,0.0
2026-03-02,18.8,17.959999999999997,18.85,17.869999999999997,47938.56,87798.022,0.9944629014396456,,0.0
2026-03-03,18.1,17.299999999999997,18.25,17.27,63752.54,113006.094,0.9942528735632185,,0.0
2026-03-04,17.25,16.979999999999997,17.49,16.9,32084.6,55347.19,0.9941451990632316,,0.0
2026-03-05,17.099999999999998,17.13,17.5,16.979999999999997,22710.0,39374.423,0.9941961694718512,,0.0
2026-03-06,17.009999999999998,17.5,17.63,17.009999999999998,22523.16,39590.943,0.9943181818181818,,0.0
2026-03-09,17.509999999999998,17.369999999999997,17.619999999999997,16.979999999999997,25701.25,44635.33,0.9942759015455064,,0.0
2026-03-10,17.729999999999997,17.88,17.979999999999997,17.389999999999997,31740.8,56716.127,0.9944382647385984,,0.0
2026-03-11,17.889999999999997,17.82,18.07,17.599999999999998,29887.64,53507.826,0.9944196428571428,,0.0
2026-03-12,17.82,18.18,19.2,17.639999999999997,67316.53,124093.382,0.9945295404814004,,0.0
2026-03-13,18.08,17.919999999999998,18.38,17.869999999999997,39182.4,71412.292,0.9944506104328524,,0.0
2026-03-16,17.93,18.87,19.1,17.86,80788.37,150695.487,0.9947285187137584,,0.0
2026-03-17,18.7,18.53,19.44,18.23,61938.2,115798.08,0.9946323134728932,,0.0
2026-03-18,18.51,18.33,18.53,18.12,25091.68,46210.073,0.9945740640260444,,0.0
2026-03-19,18.36,17.549999999999997,18.38,17.459999999999997,32470.28,58084.941,0.9943342776203964,,0.0
2026-03-20,17.63,16.59,17.72,16.58,42597.78,72893.591,0.9940083882564408,,0.0
2026-03-23,16.18,15.26,16.41,15.07,57740.86,91394.848,0.9934895833333334,,0.0
2026-03-24,15.64,16.209999999999997,16.209999999999997,15.44,54803.0,87276.618,0.9938687921520538,,0.0
2026-03-25,16.22,16.509999999999998,16.75,16.15,36898.02,61393.413,0.9939795304033714,,0.0
2026-03-26,16.669999999999998,16.59,16.77,16.389999999999997,26303.65,43848.274,0.9940083882564408,,0.0
2026-03-27,16.59,16.919999999999998,17.08,16.299999999999997,28354.0,47793.301,0.9941245593419504,,0.0
2026-03-30,16.9,16.919999999999998,17.07,16.49,27165.01,45819.912,0.9941245593419504,,0.0
2026-03-31,16.91,16.61,17.639999999999997,16.61,35213.37,60373.068,0.9940155595451824,,0.0
2026-04-01,16.869999999999997,17.099999999999998,17.15,16.66,27434.42,46841.435,0.9941860465116278,,0.0
2026-04-02,17.099999999999998,17.13,17.509999999999998,16.959999999999997,27415.0,47301.472,0.9941961694718512,,0.0
2026-04-03,17.07,16.47,17.15,16.459999999999997,26299.0,44155.864,0.9939649969824984,,0.0
2026-04-07,16.13,16.959999999999997,17.049999999999997,16.13,30396.0,51583.957,0.9941383352872216,,0.0
2026-04-08,17.099999999999998,16.979999999999997,17.36,16.88,32577.0,55836.544,0.9941451990632316,,0.0
2026-04-09,16.9,16.299999999999997,17.0,16.299999999999997,28434.0,47341.726,0.99390243902439,,0.0
2026-04-10,16.32,16.619999999999997,17.5,16.32,29002.82,48589.08,0.9940191387559808,,0.0
2026-04-13,16.49,16.229999999999997,16.5,16.2,27649.0,45309.211,0.9938763012859766,,0.0
2026-04-14,16.5,16.299999999999997,16.5,16.04,23325.95,37932.661,0.99390243902439,,0.0
2026-04-15,16.58,16.439999999999998,16.63,16.27,22188.0,36696.028,0.9939540507859732,,0.0
2026-04-16,16.4,16.59,16.63,16.22,18757.0,31054.99,0.9940083882564408,,0.0
2026-04-17,16.5,16.93,16.97,16.38,27335.62,45778.476,0.9941280093951848,,0.0
2026-04-20,16.75,17.369999999999997,17.459999999999997,16.75,44536.63,76449.287,0.9942759015455064,,0.0
2026-04-21,17.25,16.849999999999998,17.349999999999998,16.58,49231.86,82951.541,0.9941002949852508,,0.0
2026-04-22,16.799999999999997,16.72,16.84,16.549999999999997,23410.35,39330.454,0.9940546967895362,,0.0
2026-04-23,16.75,16.49,16.779999999999998,16.32,23760.32,39381.164,0.993972272453285,,0.0
2026-04-24,16.4,17.06,18.15,16.4,96054.65,166266.499,0.994172494172494,,0.0
2026-04-27,16.889999999999997,16.4,16.9,15.82,86525.84,140985.542,0.993939393939394,,0.0
2026-04-28,16.279999999999998,16.099999999999998,16.619999999999997,15.97,51542.38,83932.709,0.993827160493827,,0.0
2026-04-29,15.93,15.99,16.259999999999998,15.93,38099.06,61625.142,0.9937849596022374,,0.0
2026-04-30,15.98,15.86,16.06,15.79,37012.99,59132.23,0.993734335839599,,0.0
2026-05-06,15.86,16.15,16.2,15.61,50058.05,80032.477,0.9938461538461536,,0.0
2026-05-07,16.299999999999997,15.8,16.459999999999997,15.7,43829.0,70616.876,0.9937106918238994,,0.0
2026-05-08,15.81,15.85,15.99,15.7,36545.96,58395.855,0.9937304075235108,,0.0
2026-05-11,16.08,15.9,16.08,15.75,393926800.0,629156250.0,0.99375,,0.0
2026-05-12,15.95,15.6,16.0,15.58,32609.85,51561.372,0.9936305732484076,,0.0
2026-05-13,15.69,15.44,15.72,15.42,27015.07,42201.252,0.9935649935649936,,0.0
2026-05-14,15.44,15.59,15.7,15.18,32888.87,51165.367,0.9936265137029956,,0.0
2026-05-15,15.5,15.36,15.58,15.24,22623.29,35054.447,0.9935316946959896,,0.0
2026-05-18,15.17,15.13,15.35,14.98,22836.8,34655.818,0.9934340118187788,,0.0
2026-05-19,15.12,15.2,15.36,14.97,16392.0,25018.676,0.9934640522875816,,0.0
2026-05-20,15.17,15.18,15.35,15.05,20854.88,31970.592,0.993455497382199,,0.0
2026-05-21,15.18,15.01,15.95,15.01,49836.97,77949.781,0.9933818663136996,,0.0
2026-05-22,15.01,14.88,15.1,14.4,31042.59,45915.351,0.9933244325767692,,0.0
2026-05-25,14.97,14.44,15.1,14.3,35745.72,52218.933,0.9931224209078404,,0.0
2026-05-26,14.37,14.29,14.42,14.02,24227.26,34680.333,0.9930507296733844,,0.0
2026-05-27,14.21,14.0,14.27,13.86,25066.28,35363.542,0.9929078014184396,,0.0
2026-05-28,14.0,13.85,14.14,13.65,24195.08,33764.66,0.992831541218638,,0.0
2026-05-29,13.95,13.77,14.0,13.66,21484.0,29955.034,0.992790194664744,,0.0
2026-06-01,13.78,14.22,14.3,13.51,22951.0,32603.94,0.9930167597765364,,0.0
2026-06-02,14.22,13.75,14.36,13.7,18154.0,25311.128,0.9927797833935018,,0.0
2026-06-03,13.85,13.54,13.85,13.41,15075.31,20631.258,0.9926686217008798,,0.0
2026-06-04,13.55,13.22,13.55,13.16,16089.31,21524.158,0.9924924924924924,,0.0
2026-06-05,13.22,13.3,13.45,13.05,18675.0,24988.441,0.9925373134328358,,0.0
2026-06-08,13.04,12.77,13.44,12.61,23816.0,31203.423,0.9922299922299924,,0.0
2026-06-09,12.89,12.93,13.15,12.65,19142.6,24939.292,0.992325402916347,,0.0
2026-06-10,12.8,12.76,12.98,12.51,19253.0,24665.378,0.9922239502332816,,0.0
2026-06-11,12.6,12.67,12.85,12.46,16836.0,21391.653,0.9921691464369616,,0.0
2026-06-12,12.76,13.0,13.1,12.57,19216.0,25001.314,0.9923664122137404,,0.0
2026-06-15,13.11,12.93,13.26,12.83,21008.0,27577.416,0.992325402916347,,0.0
2026-06-16,12.9,12.88,13.03,12.64,17556.0,22687.864,0.9922958397534668,,0.0
2026-06-17,12.94,12.5,12.94,12.4,19020.72,24032.611,0.992063492063492,,0.0
2026-06-18,12.61,12.35,12.61,12.23,20884.0,26011.18,0.9919678714859438,,0.0
2026-06-22,12.32,12.42,12.46,11.81,34621.08,42139.55,0.9920127795527156,,0.0
2026-06-24,12.66,12.06,12.74,11.9,32562.26,40162.863,0.9917763157894736,,0.0
2026-06-25,11.98,11.72,12.04,11.49,38237.8,45122.437,0.9915397631133672,,0.0
2026-06-26,11.73,11.38,11.73,11.29,35931.6,41584.355,0.9912891986062718,,0.0
2026-06-29,11.38,11.5,11.65,10.85,41995.0,48029.714,0.9913793103448276,,0.0
2026-06-30,11.45,11.22,11.55,11.18,31373.0,35755.481,0.991166077738516,,0.0
2026-07-01,11.43,11.75,11.94,11.25,53144.08,61946.828,1.0,,0.0
2026-07-03,11.83,12.0,12.06,11.71,52883.0,63083.912,1.0,,0.0
2026-07-06,12.07,11.99,12.2,11.91,35276.56,42446.156,1.0,,0.0
2026-07-07,12.1,11.37,12.1,11.31,40444.0,46719.56,1.0,,0.0
2026-07-08,11.37,11.18,11.42,11.1,39142.76,43933.163,1.0,,0.0
2026-07-09,11.18,10.94,11.3,10.64,46421.6,50306.736,1.0,,0.0
2026-07-10,10.95,11.32,11.55,10.74,41630.0,47028.491,1.0,,0.0
2026-07-14,11.18,11.32,11.32,10.97,24391.6,27233.0,1.0,,0.0
2026-07-15,11.22,11.55,11.71,11.2,26146.72,30242.368,1.0,,0.0
2026-07-16,11.55,11.78,11.87,11.39,28026.0,32808.769,1.0,,0.0
2026-07-17,11.74,11.16,11.89,11.09,33610.0,38395.068,1.0,,0.0
2026-07-20,11.16,10.72,11.39,10.6,42716.35,46882.324,1.0,,0.0
2026-07-21,10.75,10.38,10.82,10.1,65977.0,68488.656,1.0,,0.0
2026-07-22,10.38,10.13,10.54,9.98,43670.6,44521.605,1.0,,0.0
2026-07-23,10.14,10.44,10.47,10.04,39318.0,40449.422,1.0,,0.0
2026-07-24,10.43,10.04,10.47,9.94,41119.0,41600.687,1.0,,0.0
2026-07-27,10.08,10.48,10.61,10.05,39344.0,41063.032,1.0,,0.0
2026-07-28,10.42,10.56,10.73,10.4,29080.0,30834.097,1.0,,0.0
2026-07-29,10.55,10.74,10.9,10.55,30367.97,32690.606,1.0,,0.0
2026-07-30,10.79,10.85,11.05,10.64,32269.0,35058.492,1.0,,0.0
2026-07-31,10.86,10.92,10.98,10.77,27313.28,29763.95,1.0,,0.0
2026-08-03,10.92,11.43,11.45,10.92,36469.0,41038.549,1.0,,0.0
2026-08-04,11.49,11.43,11.61,11.36,30318.0,34776.232,1.0,,0.0
2026-08-05,11.5,11.41,11.53,11.21,26852.0,30546.49,1.0,,0.0
2026-08-06,11.41,11.48,11.52,11.31,22570.0,25782.712,1.0,,0.0
2026-08-07,11.48,11.74,11.74,11.35,29033.0,33514.697,1.0,,0.0
2026-08-10,11.71,12.21,12.25,11.63,40001.0,48215.128,1.0,,0.0
2026-08-11,12.17,12.18,12.3,11.98,28520.25,34621.995,1.0,,0.0
2026-08-12,12.18,12.31,12.48,12.02,34479.08,42417.103,1.0,1.824,0.0
2026-08-13,12.28,12.19,12.41,12.05,33641.0,41190.123,1.0,1.78,0.0
2026-08-14,12.13,13.41,13.41,12.1,89563.39,116588.443,1.0,4.74,0.0
2026-08-17,14.75,14.75,14.75,14.74,51313.0,75686.642,1.0,0.0,0.0
2026-08-18,16.22,14.73,16.23,14.41,364723.08,575702.057,1.0,0.0,0.0
2026-08-19,13.28,13.26,13.9,13.26,106441.0,142254.064,1.0,0.0,0.0
2026-08-20,12.13,12.75,13.67,11.93,265728.4,340142.546,1.0,14.0575,14.0575
2026-08-21,13.01,14.03,14.03,12.8,119101.36,160811.789,1.0,6.3007,6.3007
2026-08-24,13.76,12.63,13.76,12.63,218951.25,281875.508,1.0,11.5829,11.5829
2026-08-25,12.88,13.89,13.89,12.61,158859.62,213084.522,1.0,8.404,8.404
2026-08-26,13.78,14.08,14.59,13.63,284580.71,401596.213,1.0,15.0548,15.0548
2026-08-27,13.88,13.73,14.28,13.65,191426.12,264612.849,1.0,10.1268,10.1268
2026-08-28,13.5,13.3,13.57,13.2,136845.92,182101.474,1.0,7.2394,7.2394
2026-08-31,13.2,13.19,13.65,13.03,111402.0,147022.236,1.0,5.8934,5.8934
2026-09-01,13.06,13.47,13.57,13.01,114128.0,152868.52,1.0,6.0376,6.0376
2026-09-02,13.4,12.95,13.4,12.89,83922.0,109216.272,1.0,4.4396,4.4396
2026-09-03,12.94,12.66,13.07,12.6,75350.38,96167.042,1.0,3.9862,3.9862
2026-09-04,12.86,12.88,13.14,12.55,68550.76,88585.279,1.0,3.6265,3.6265
2026-09-07,12.82,13.08,13.17,12.79,50116.92,65402.004,1.0,2.6513,2.6513
2026-09-08,13.18,13.37,13.38,13.01,57947.28,76915.322,1.0,3.0655,3.0655
2026-09-09,13.31,13.08,13.31,13.0,50011.0,65647.805,1.0,2.6457,2.6457
2026-09-10,12.97,12.7,13.06,12.7,43521.0,55714.237,1.0,2.3023,2.3023
2026-09-11,12.73,12.36,12.79,12.18,46029.28,56814.521,1.0,2.435,2.435
2026-09-14,12.45,12.84,13.12,12.22,53124.28,67737.115,1.0,2.8104,2.8104
2026-09-15,12.79,12.55,12.83,12.54,35025.8,44320.512,1.0,1.8529,1.8529
2026-09-16,12.51,12.5,12.64,12.36,33025.0,41306.806,1.0,1.7471,1.7471
