date,open,close,high,low,volume,money,factor,turnover,turnover_free
2021-06-30,14.9,18.1,18.1,14.9,2016.77,3862.064,0.9427083333333331,,0.0
2021-07-01,20.02,20.02,20.02,20.02,492.06,1039.231,0.9479166666666666,,0.0
2021-07-02,22.13,22.13,22.13,22.13,1386.46,3220.747,0.9526474386569092,,0.0
2021-07-05,24.45,24.45,24.45,24.45,2623.98,6704.269,0.9569471624266144,,0.0
2021-07-06,27.01,27.01,27.01,27.01,4043.01,11364.901,0.9608680184987548,,0.0
2021-07-07,29.82,29.82,29.82,29.82,4276.03,13221.485,0.964424320827943,,0.0
2021-07-08,32.91,32.91,32.91,32.91,2956.05,10053.526,0.9676565715965892,,0.0
2021-07-09,36.31,36.31,36.31,36.31,12285.02,45958.26,0.970596097300187,,0.0
2021-07-12,36.89,40.05,40.05,34.18,262221.72,1016723.754,0.9732685297691372,,0.0
2021-07-13,44.17,44.17,44.17,44.17,19858.66,89900.154,0.9757013474707312,,0.0
2021-07-14,47.7,48.7,48.7,45.37,62970.96,305780.894,0.9779116465863452,,0.0
2021-07-15,50.9,53.68,53.68,49.3,78234.45,421014.206,0.9799196787148594,,0.0
2021-07-16,55.89,48.35,59.16,48.2,216972.63,1201190.352,0.9777553083923154,,0.0
2021-07-19,48.4,53.3,53.3,46.9,148405.41,756573.93,0.9797794117647058,,0.0
2021-07-20,51.4,48.82,52.78,47.86,158160.56,794969.037,0.9779647435897436,,0.0
2021-07-21,47.87,45.55,48.02,45.2,150129.25,713009.178,0.9764201500535904,,0.0
2021-07-22,45.1,46.15,46.5,43.42,102818.55,470268.521,0.9767195767195768,,0.0
2021-07-23,45.7,44.95,46.15,43.12,94121.53,428815.059,0.976112920738328,,0.0
2021-07-26,44.6,44.69,47.0,44.02,81262.19,377908.068,0.9759772876173836,,0.0
2021-07-27,44.0,40.11,44.2,40.11,107843.88,458973.776,0.9733074496481436,,0.0
2021-07-28,40.11,36.9,40.11,36.76,71900.78,279726.831,0.9710526315789472,,0.0
2021-07-29,37.43,36.94,37.98,36.79,57818.43,222166.31,0.9710830704521556,,0.0
2021-07-30,35.85,35.66,36.77,35.26,55529.49,205460.062,0.970076169749728,,0.0
2021-08-02,35.59,36.36,36.9,35.3,49119.06,182484.199,0.9706353443673252,,0.0
2021-08-03,36.89,37.9,38.5,36.45,69499.51,268671.738,0.9717948717948718,,0.0
2021-08-04,37.34,36.06,37.34,35.059999999999995,68793.17,254170.391,0.9703982777179764,,0.0
2021-08-05,35.41,34.28,35.89,34.19,51687.23,186257.345,0.9689089881288864,,0.0
2021-08-06,34.85,33.64,34.85,33.059999999999995,41063.6,143240.564,0.968336211859528,,0.0
2021-08-09,33.6,35.1,35.129999999999995,33.3,43699.95,156122.236,0.9696132596685082,,0.0
2021-08-10,34.93,36.42,38.18,34.629999999999995,55874.37,209083.413,0.970682302771855,,0.0
2021-08-11,36.31,40.17,40.17,36.31,75360.71,301939.888,0.9733462563605524,,0.0
2021-08-12,41.28,38.45,43.4,38.25,94019.76,391579.675,0.9721871049304676,,0.0
2021-08-13,38.41,37.47,38.48,36.7,60368.97,231654.49,0.9714804252009334,,0.0
2021-08-16,37.65,41.33,41.33,37.12,63299.55,258495.422,0.9740749469714824,,0.0
2021-08-17,41.68,42.5,44.67,39.22,95803.69,403660.37,0.9747706422018348,,0.0
2021-08-18,41.76,46.86,46.86,40.41,130774.84,599182.674,0.9770642201834862,,0.0
2021-08-19,46.86,44.11,48.39,44.08,99287.2,469351.855,0.9756690997566908,,0.0
2021-08-20,42.7,41.2,43.48,39.93,77303.05,329983.761,0.9739952718676124,,0.0
2021-08-23,40.2,40.2,41.8,39.56,51484.08,213049.967,0.973365617433414,,0.0
2021-08-24,40.24,39.51,41.35,39.0,48988.32,200133.06,0.9729130755971436,,0.0
2021-08-25,39.78,40.26,40.79,38.78,39758.16,162892.342,0.9734042553191488,,0.0
2021-08-26,39.7,37.2,39.9,37.17,53853.45,212038.949,0.9712793733681462,,0.0
2021-08-27,36.78,37.66,38.24,36.73,26695.24,103243.527,0.9716202270381836,,0.0
2021-08-30,37.47,37.75,38.87,37.45,26807.42,104738.766,0.9716859716859716,,0.0
2021-08-31,37.33,38.65,39.17,35.84,40057.83,154132.516,0.9723270440251572,,0.0
2021-09-01,38.3,41.31,42.6,37.65,54098.3,224686.982,0.9740627210563546,,0.0
2021-09-02,41.41,40.21,41.54,39.47,33970.06,140854.736,0.9733720648753328,,0.0
2021-09-03,40.7,39.33,40.7,39.24,21088.59,86023.594,0.972792480831066,,0.0
2021-09-06,38.91,39.14,40.02,37.91,24522.37,97865.778,0.9726640159045724,,0.0
2021-09-07,38.49,38.05,39.4,37.86,22535.22,89378.147,0.9719029374201787,,0.0
2021-09-08,38.04,37.3,38.35,37.21,19400.86,74995.54,0.9713541666666666,,0.0
2021-09-09,36.81,37.86,38.28,36.71,16177.58,62797.266,0.9717659137577002,,0.0
2021-09-10,37.43,37.3,38.21,37.11,13378.85,51586.384,0.9713541666666666,,0.0
2021-09-13,36.9,35.75,37.39,35.6,24791.7,92453.542,0.9701492537313432,,0.0
2021-09-14,35.78,35.62,36.5,35.15,14551.86,53771.261,0.9700435729847494,,0.0
2021-09-15,35.61,36.07,36.28,35.1,11762.29,43363.186,0.9704062415926822,,0.0
2021-09-16,36.04,34.85,36.39,34.85,12302.87,44937.144,0.9694019471488178,,0.0
2021-09-17,34.91,34.65,35.36,33.9,11503.55,40861.839,0.9692307692307692,,0.0
2021-09-22,34.4,34.11,35.2,33.97,10048.75,35653.249,0.9687588753195114,,0.0
2021-09-23,34.15,34.809999999999995,34.83,33.78,12114.66,42782.028,0.9693678641047062,,0.0
2021-09-24,34.45,35.379999999999995,35.85,34.45,15501.93,56606.478,0.96984649122807,,0.0
2021-09-27,35.41,33.809999999999995,35.9,33.7,12514.58,44281.005,0.9684904038957318,,0.0
2021-09-28,33.82,33.11,34.35,30.32,13246.33,45059.16,0.9678456591639872,,0.0
2021-09-29,32.879999999999995,31.129999999999995,33.08,30.42,13774.2,45295.241,0.9658703071672354,,0.0
2021-09-30,31.03,31.7,32.0,30.9,8108.88,26522.708,0.9664634146341464,,0.0
2021-10-08,31.9,32.08,32.66,31.75,7735.8,25807.589,0.966847498493068,,0.0
2021-10-11,32.17,32.28,32.79,31.95,6817.7,22784.766,0.9670461354104254,,0.0
2021-10-12,32.09,31.69,32.25,31.26,6801.26,22263.57,0.96645318694724,,0.0
2021-10-13,31.58,32.78,33.1,31.58,12264.37,41400.719,0.9675324675324676,,0.0
2021-10-14,33.3,36.17,36.17,32.9,50540.48,184138.993,0.9704856452911188,,0.0
2021-10-15,36.17,35.39,36.17,34.41,34715.57,125300.09,0.9698547547273224,,0.0
2021-10-18,34.9,35.47,36.61,34.809999999999995,16981.96,62454.293,0.9699207000273448,,0.0
2021-10-19,35.46,35.66,36.3,35.15,12993.26,47740.751,0.970076169749728,,0.0
2021-10-20,35.82,35.08,36.75,34.71,20439.93,74822.906,0.9695964621337756,,0.0
2021-10-21,35.23,34.39,35.67,34.21,17853.77,63733.23,0.9690053536207384,,0.0
2021-10-22,33.4,33.05,33.98,32.41,25206.4,86274.711,0.9677891654465592,,0.0
2021-10-25,33.8,34.82,35.89,33.24,23454.83,83266.873,0.9693763919821826,,0.0
2021-10-26,34.11,33.51,34.35,33.41,11965.13,41640.27,0.9682172782432824,,0.0
2021-10-27,33.2,32.77,33.5,32.59,7942.37,27021.17,0.9675228816061412,,0.0
2021-10-28,31.08,29.49,32.12,29.38,29780.08,93514.049,0.964040536122916,,0.0
2021-10-29,29.32,29.0,29.7,28.6,17911.05,54249.816,0.9634551495016612,,0.0
2021-11-01,29.0,29.91,30.5,28.6,11804.99,36226.383,0.964527571751048,,0.0
2021-11-02,29.91,29.18,30.3,28.76,10322.22,31393.33,0.9636723910171732,,0.0
2021-11-03,29.49,29.25,29.49,28.9,5782.81,17493.527,0.9637561779242174,,0.0
2021-11-04,29.1,29.12,29.7,28.95,8504.4,25786.549,0.9636002647253474,,0.0
2021-11-05,29.28,29.24,29.36,28.84,8713.15,26284.567,0.963744232036915,,0.0
2021-11-08,28.95,28.15,29.18,27.4,18345.74,53516.342,0.9623931623931624,,0.0
2021-11-09,27.9,28.23,28.39,27.9,9120.04,26709.957,0.9624957381520628,,0.0
2021-11-10,28.12,28.06,28.4,27.71,7323.0,21312.812,0.9622770919067216,,0.0
2021-11-11,28.08,29.37,29.82,28.08,18230.66,54868.342,0.963898916967509,,0.0
2021-11-12,29.27,30.25,30.28,28.7,20103.88,61709.518,0.9649122807017544,,0.0
2021-11-15,30.24,30.3,30.47,29.81,12364.26,38573.15,0.964968152866242,,0.0
2021-11-16,30.9,30.53,31.74,30.16,21730.4,69916.607,0.9652228896617135,,0.0
2021-11-17,30.11,30.2,30.51,29.73,10661.36,33246.706,0.9648562300319488,,0.0
2021-11-18,30.7,29.51,30.7,29.5,11031.71,34142.098,0.9640640313623,,0.0
2021-11-19,29.46,29.76,29.89,29.2,8046.82,24729.435,0.9643551523007128,,0.0
2021-11-22,29.23,29.62,29.89,29.23,6907.85,21205.621,0.9641927083333331,,0.0
2021-11-23,29.61,30.08,30.23,29.4,10418.34,32178.316,0.964720974983964,,0.0
2021-11-24,30.05,30.55,30.88,29.85,14154.88,44660.51,0.9652448657187992,,0.0
2021-11-25,30.65,30.91,31.49,30.32,18001.18,57494.372,0.965635738831615,,0.0
2021-11-26,30.78,31.82,33.15,30.49,31278.63,103025.993,0.9665856622114216,,0.0
2021-11-29,30.2,30.51,30.9,29.9,17983.44,56963.341,0.9652008857956342,,0.0
2021-11-30,30.6,33.45,33.67,30.2,84553.73,289845.105,0.968162083936324,,0.0
2021-12-01,32.4,32.5,33.18,32.0,59088.4,198390.139,0.9672619047619048,,0.0
2021-12-02,32.3,31.3,32.66,31.22,27110.24,89213.348,0.9660493827160492,,0.0
2021-12-03,31.8,31.03,31.9,30.98,17177.89,55674.627,0.9657640834111422,,0.0
2021-12-06,31.21,31.18,31.48,30.68,15114.78,48567.389,0.9659231722428748,,0.0
2021-12-07,31.59,31.4,31.77,30.95,15426.97,50020.586,0.966153846153846,,0.0
2021-12-08,31.65,31.49,31.65,31.02,13244.85,42953.765,0.9662473151273396,,0.0
2021-12-09,31.35,31.48,31.67,31.33,12173.29,39704.734,0.9662369551872314,,0.0
2021-12-10,31.4,31.57,31.99,31.03,13569.15,44222.225,0.9663299663299664,,0.0
2021-12-13,31.42,32.18,32.19,31.07,19169.22,62648.757,0.9669471153846152,,0.0
2021-12-14,32.1,32.4,32.879999999999995,31.76,16556.44,55453.701,0.9671641791044776,,0.0
2021-12-15,32.17,32.69,32.78,32.11,16542.52,55574.335,0.9674459899378514,,0.0
2021-12-16,32.69,32.39,32.78,32.27,9611.77,32215.452,0.9671543744401312,,0.0
2021-12-17,32.42,31.18,32.52,31.18,12917.98,42253.415,0.9659231722428748,,0.0
2021-12-20,31.02,30.3,31.18,30.23,11086.22,35113.207,0.964968152866242,,0.0
2021-12-21,33.44,33.44,33.44,33.44,13406.43,46305.809,0.9681528662420382,,0.0
2021-12-22,36.88,36.89,36.89,36.12,61092.25,231918.814,0.9710450118452224,,0.0
2021-12-23,36.13,33.8,36.89,33.67,84985.74,308123.58,0.968481375358166,,0.0
2021-12-24,33.78,37.29,37.29,33.14,95590.05,349798.467,0.97134670487106,,0.0
2021-12-27,35.9,34.41,38.88,34.11,83602.66,312368.423,0.9690228104759222,,0.0
2021-12-28,34.1,36.05,37.8,33.5,72541.64,268460.404,0.9703903095558546,,0.0
2021-12-29,35.29,34.879999999999995,36.15,34.65,49423.2,179366.714,0.9694274596998332,,0.0
2021-12-30,34.87,34.4,35.2,34.37,35892.95,128431.055,0.9690140845070422,,0.0
2021-12-31,34.58,34.1,35.52,33.4,33880.81,120158.018,0.96875,,0.0
2022-01-04,34.84,35.83,36.39,34.4,44949.06,164096.586,0.9702139182236664,,0.0
2022-01-05,35.55,33.94,35.76,33.9,32362.48,115450.728,0.968607305936073,,0.0
2022-01-06,33.68,34.129999999999995,34.45,33.6,17968.78,63171.73,0.9687766108430316,,0.0
2022-01-07,34.4,32.05,34.42,32.03,37138.57,126204.372,0.9668174962292608,,0.0
2022-01-10,31.49,31.55,31.809999999999995,30.4,19300.44,62478.194,0.9663093415007656,,0.0
2022-01-11,31.9,31.17,31.9,30.91,14522.29,47151.626,0.9659126123334366,,0.0
2022-01-12,31.17,31.43,31.77,30.91,12110.01,39317.158,0.9661850599446664,,0.0
2022-01-13,31.46,31.79,32.89,30.96,18499.0,60879.505,0.9665551839464882,,0.0
2022-01-14,31.05,31.05,31.879999999999995,31.01,14138.39,45815.082,0.9657853810264384,,0.0
2022-01-17,32.36,34.27,34.27,31.85,42273.17,147149.854,0.9689001979078314,,0.0
2022-01-18,35.33,35.69,37.22,34.8,97700.35,364152.875,0.9701005708072844,,0.0
2022-01-19,34.8,39.37,39.37,34.51,95375.6,363780.965,0.9728193723745984,,0.0
2022-01-20,39.9,38.49,42.99,37.9,137864.51,570599.724,0.9722152058600656,,0.0
2022-01-21,37.76,35.7,38.82,35.32,82801.18,312865.464,0.9701086956521738,,0.0
2022-01-24,36.61,35.95,36.9,34.97,50263.2,186378.849,0.9703103913630228,,0.0
2022-01-25,35.5,34.6,36.16,34.5,44390.25,161221.828,0.969187675070028,,0.0
2022-01-26,34.27,36.35,36.49,32.7,65868.65,236950.353,0.9706275033377836,,0.0
2022-01-27,35.12,32.61,35.4,32.61,47935.8,164545.683,0.9673687333135568,,0.0
2022-01-28,32.61,31.16,32.9,30.4,39043.96,127549.602,0.9659020458772474,,0.0
2022-02-07,31.48,32.05,32.25,31.21,21622.24,71128.809,0.9668174962292608,,0.0
2022-02-08,31.9,32.25,32.7,30.52,26226.1,86233.736,0.9670164917541229,,0.0
2022-02-09,32.45,33.51,33.9,32.27,35066.41,120830.403,0.9682172782432824,,0.0
2022-02-10,33.58,34.809999999999995,35.92,33.58,53168.54,190081.987,0.9693678641047062,,0.0
2022-02-11,34.01,37.2,38.4,34.0,112049.93,424081.235,0.9712793733681462,,0.0
2022-02-14,34.9,35.85,36.64,34.73,74575.21,273912.351,0.9702300405953992,,0.0
2022-02-15,35.68,36.1,37.3,34.36,58206.6,215505.538,0.9704301075268816,,0.0
2022-02-16,36.39,35.29,36.6,34.7,45227.0,165099.407,0.969771915361363,,0.0
2022-02-17,34.71,34.8,35.6,34.51,33498.67,121227.286,0.969359331476323,,0.0
2022-02-18,34.379999999999995,38.39,38.39,34.2,106727.28,412233.939,0.9721448467966574,,0.0
2022-02-21,38.87,38.14,41.26,37.48,153923.25,616414.09,0.9719673802242608,,0.0
2022-02-22,37.49,38.67,40.31,35.64,127961.71,491310.729,0.9723409605230072,,0.0
2022-02-23,37.96,38.82,40.56,37.6,115943.04,466696.905,0.9724448897795592,,0.0
2022-02-24,37.87,35.68,38.23,34.84,89601.88,336780.849,0.9700924415443176,,0.0
2022-02-25,35.7,35.71,36.46,35.43,40211.36,148456.214,0.9701168160825864,,0.0
2022-02-28,35.51,35.59,36.01,34.28,28738.44,104131.164,0.9700190787680566,,0.0
2022-03-01,35.5,36.7,37.4,35.1,45539.46,170721.897,0.9708994708994708,,0.0
2022-03-02,35.98,37.18,37.24,35.92,40104.99,152218.276,0.971264367816092,,0.0
2022-03-03,37.2,37.49,38.47,36.65,52365.65,202426.241,0.9714952060119202,,0.0
2022-03-04,37.25,36.8,37.67,36.41,32419.33,123333.075,0.970976253298153,,0.0
2022-03-07,36.4,38.15,38.65,35.46,62359.62,240394.752,0.9719745222929936,,0.0
2022-03-08,37.9,38.85,39.34,37.2,79549.01,315042.009,0.9724655819774718,,0.0
2022-03-09,37.89,39.35,39.62,36.9,64117.04,253182.928,0.972805933250927,,0.0
2022-03-10,40.4,37.55,40.8,37.51,74826.53,296971.539,0.9715394566623544,,0.0
2022-03-11,36.5,36.94,37.3,35.059999999999995,38590.35,145047.842,0.9710830704521556,,0.0
2022-03-14,36.08,35.7,37.57,35.7,26947.37,101354.662,0.9701086956521738,,0.0
2022-03-15,35.059999999999995,32.02,36.19,32.02,54050.48,189561.137,0.9667874396135264,,0.0
2022-03-16,32.3,32.879999999999995,33.2,30.58,46140.35,152310.053,0.9676280164802824,,0.0
2022-03-17,32.9,33.33,34.8,32.9,47636.26,166096.272,0.9680511182108624,,0.0
2022-03-18,33.24,33.559999999999995,33.58,32.57,32641.49,111477.17,0.968263127524524,,0.0
2022-03-21,33.5,33.42,34.03,32.84,28228.87,97525.633,0.9681344148319814,,0.0
2022-03-22,33.4,33.15,33.4,32.77,21541.86,73636.403,0.967883211678832,,0.0
2022-03-23,33.17,33.15,33.9,32.69,22442.83,77150.221,0.967883211678832,,0.0
2022-03-24,32.95,32.26,33.15,32.12,25803.65,86726.316,0.9670263788968824,,0.0
2022-03-25,32.2,32.08,32.76,32.07,19691.37,65912.704,0.966847498493068,,0.0
2022-03-28,32.11,32.52,33.12,31.75,20155.22,67347.605,0.9672813801308744,,0.0
2022-03-29,32.65,31.18,32.77,30.91,25046.98,82108.864,0.9659231722428748,,0.0
2022-03-30,31.23,31.49,31.55,30.9,16421.06,52984.889,0.9662473151273396,,0.0
2022-03-31,31.46,30.99,31.71,30.75,17012.44,54718.536,0.9657214085384854,,0.0
2022-04-01,30.82,31.18,31.25,30.71,13018.03,41724.128,0.9659231722428748,,0.0
2022-04-06,31.05,31.41,31.68,30.8,11394.55,36959.356,0.9661642571516456,,0.0
2022-04-07,31.58,30.04,31.58,30.04,16492.81,52313.353,0.9646756583172768,,0.0
2022-04-08,29.83,28.49,29.9,28.2,22654.73,67544.42,0.9628252788104088,,0.0
2022-04-11,28.1,27.4,28.39,26.98,17376.95,49781.519,0.9614035087719298,,0.0
2022-04-12,27.4,27.07,27.56,26.58,16498.0,46218.391,0.9609513667021654,,0.0
2022-04-13,27.0,25.68,27.04,25.55,15624.48,42401.489,0.958924570575056,,0.0
2022-04-14,25.68,26.25,26.55,25.64,11711.74,31954.124,0.959780621572212,,0.0
2022-04-15,26.0,25.74,26.26,25.31,10979.74,29416.099,0.9590163934426228,,0.0
2022-04-18,25.74,26.1,26.28,25.13,10208.48,27456.259,0.9595588235294116,,0.0
2022-04-19,26.06,27.23,27.9,26.06,25582.85,72372.508,0.9611719025767737,,0.0
2022-04-20,30.05,30.06,30.06,30.04,24645.98,76794.465,0.9646983311938382,,0.0
2022-04-21,29.77,27.93,29.77,27.66,46700.72,138493.947,0.9621081639683086,,0.0
2022-04-22,27.37,28.68,29.79,27.37,33454.41,99527.639,0.9630624580255204,,0.0
2022-04-25,27.79,25.7,27.79,25.7,30191.24,83207.913,0.958955223880597,,0.0
2022-04-26,25.65,23.4,25.7,23.08,28802.11,72688.169,0.9551020408163264,,0.0
2022-04-27,23.0,24.53,24.75,22.78,15582.02,38765.727,0.9570815450643776,,0.0
2022-04-28,24.09,23.3,24.33,22.91,13856.96,34097.972,0.9549180327868853,,0.0
2022-04-29,23.79,24.55,24.89,23.37,15692.0,39724.975,0.9571150097465886,,0.0
2022-05-05,24.56,24.78,25.18,24.18,10712.15,27684.718,0.9574961360123648,,0.0
2022-05-06,24.01,24.83,25.44,23.7,12862.74,33146.287,0.957578094870806,,0.0
2022-05-09,24.57,24.87,25.37,24.56,8475.37,22023.538,0.9576434347323834,,0.0
2022-05-10,23.92,25.2,25.25,23.92,8984.47,23461.414,0.9581749049429658,,0.0
2022-05-11,24.93,24.87,25.72,24.85,14134.0,37372.372,0.9576434347323834,,0.0
2022-05-12,24.62,25.16,25.39,24.62,8524.42,22279.102,0.958111195734958,,0.0
2022-05-13,25.16,25.0,25.4,24.81,7571.0,19788.796,0.9578544061302682,,0.0
2022-05-16,25.0,25.17,25.39,24.85,8346.0,21867.946,0.9581271412257328,,0.0
2022-05-17,25.2,25.6,26.39,25.06,17129.37,45622.165,0.9588014981273408,,0.0
2022-05-18,25.99,26.19,26.85,25.9,24865.46,68344.445,0.9596921949432026,,0.0
2022-05-19,25.45,25.55,25.78,25.09,15438.79,40889.986,0.9587242026266416,,0.0
2022-05-20,25.52,26.6,27.88,25.31,23402.0,64117.601,0.96028880866426,,0.0
2022-05-23,26.37,26.32,26.58,26.13,13077.8,35797.881,0.9598832968636032,,0.0
2022-05-24,26.28,24.92,26.3,24.91,13963.37,37272.557,0.9577248270561106,,0.0
2022-05-25,24.8,24.95,25.24,24.7,10438.37,27191.271,0.9577735124760076,,0.0
2022-05-26,24.95,24.79,25.39,24.0,10719.5,27537.212,0.9575125531093086,,0.0
2022-05-27,24.71,24.67,25.1,24.47,7832.0,20257.215,0.9573147070236708,,0.0
2022-05-30,24.9,24.56,24.9,24.41,7712.48,19837.327,0.9571317225253312,,0.0
2022-05-31,24.45,25.01,25.05,24.1,12265.74,31513.905,0.95787054768288,,0.0
2022-06-01,24.86,25.33,25.48,24.74,11073.0,29174.468,0.958380628074158,,0.0
2022-06-02,25.06,25.7,25.78,24.91,12069.7,32068.287,0.958955223880597,,0.0
2022-06-06,25.69,26.18,26.24,25.5,11924.37,32378.462,0.9596774193548386,,0.0
2022-06-07,26.22,25.87,26.56,25.7,12086.11,32806.212,0.9592139414163884,,0.0
2022-06-08,25.84,27.2,27.45,25.42,39669.86,111210.271,0.96113074204947,,0.0
2022-06-09,27.2,25.4,27.41,25.09,27793.0,74479.976,0.9694656488549618,,0.0
2022-06-10,25.37,25.36,25.7,25.2,13783.49,36122.438,0.9694189602446482,,0.0
2022-06-13,25.35,25.54,25.7,25.02,9158.0,24037.156,0.9696279422930904,,0.0
2022-06-14,25.4,24.82,25.54,24.08,16749.48,42463.348,0.9687743950039032,,0.0
2022-06-15,24.76,25.26,26.03,24.71,17306.17,45281.42,0.9693016116653876,,0.0
2022-06-16,25.28,25.51,25.79,25.28,11267.01,29708.034,0.9695933105283162,,0.0
2022-06-17,25.8,25.57,26.06,25.08,14066.67,37041.163,0.9696624952597648,,0.0
2022-06-20,25.98,25.63,26.0,25.42,9150.34,24193.89,0.969731365872115,,0.0
2022-06-21,25.63,25.42,25.88,25.24,10741.38,28299.375,0.969488939740656,,0.0
2022-06-22,25.67,24.86,25.69,24.86,10206.0,26507.623,0.9688230709275136,,0.0
2022-06-23,24.86,24.9,25.15,24.7,7857.48,20185.08,0.9688715953307392,,0.0
2022-06-24,25.65,25.55,27.09,25.5,26348.0,70801.162,0.969639468690702,,0.0
2022-06-27,25.38,25.55,25.8,25.34,14696.85,38688.907,0.969639468690702,,0.0
2022-06-28,25.56,25.65,25.77,24.91,13854.52,36340.116,0.9697542533081284,,0.0
2022-06-29,25.75,25.33,26.16,25.32,15377.0,40748.957,0.9693838499808648,,0.0
2022-06-30,25.33,27.18,27.7,25.33,47709.88,131628.491,0.9714081486776268,,0.0
2022-07-01,27.3,26.62,27.36,26.45,17692.96,48891.392,0.9708242159008024,,0.0
2022-07-04,26.71,26.56,26.91,26.3,10193.0,27765.554,0.9707602339181286,,0.0
2022-07-05,26.7,26.43,27.0,25.91,14438.88,39229.722,0.9706206390011016,,0.0
2022-07-06,26.43,26.5,26.87,26.11,11068.11,30170.69,0.9706959706959708,,0.0
2022-07-07,26.46,26.8,26.96,26.32,10138.0,27825.071,0.9710144927536232,,0.0
2022-07-08,26.8,27.58,27.62,26.7,20701.2,58073.122,0.9718111346018322,,0.0
2022-07-11,27.7,26.86,27.7,26.68,12528.98,34808.571,0.9710773680404916,,0.0
2022-07-12,26.86,26.1,27.07,26.08,16394.82,44567.363,0.9702602230483272,,0.0
2022-07-13,25.99,26.46,26.5,25.8,7706.48,20813.552,0.9706529713866472,,0.0
2022-07-14,26.19,26.31,26.8,26.19,7194.0,19665.959,0.9704905938767984,,0.0
2022-07-15,26.29,26.0,26.57,25.78,7718.0,20779.06,0.9701492537313432,,0.0
2022-07-18,25.93,26.37,26.48,25.93,6090.01,16519.269,0.9705557600294442,,0.0
2022-07-19,26.37,27.28,27.68,26.21,20691.49,57878.959,0.9715099715099716,,0.0
2022-07-20,27.31,27.33,27.53,27.1,10970.22,30824.694,0.971560611446854,,0.0
2022-07-21,27.33,27.15,27.99,27.15,8939.37,25219.127,0.9713774597495528,,0.0
2022-07-22,26.95,27.04,27.58,26.71,8027.74,22347.841,0.971264367816092,,0.0
2022-07-25,26.83,27.12,27.39,26.8,5979.41,16681.875,0.97134670487106,,0.0
2022-07-26,27.4,27.29,27.48,26.83,6684.22,18737.686,0.9715201139195444,,0.0
2022-07-27,27.36,27.72,27.97,27.29,14358.0,40880.121,0.9719495091164096,,0.0
2022-07-28,27.99,27.37,28.01,27.34,10414.0,29604.77,0.9716009939652112,,0.0
2022-07-29,27.45,28.32,29.05,27.22,34814.48,101383.954,0.9725274725274724,,0.0
2022-08-01,28.33,28.46,28.88,27.84,21833.26,63959.455,0.9726589200273412,,0.0
2022-08-02,28.22,26.63,28.22,26.4,21339.99,59422.501,0.97083485235144,,0.0
2022-08-03,26.55,27.52,28.39,26.55,26193.84,74947.276,0.9717514124293783,,0.0
2022-08-04,27.82,28.16,28.38,27.52,13837.0,39919.146,0.9723756906077348,,0.0
2022-08-05,28.3,28.53,28.79,28.13,13811.0,40451.764,0.9727241732015002,,0.0
2022-08-08,28.37,28.41,28.8,28.01,9378.0,27309.168,0.9726121191372816,,0.0
2022-08-09,28.41,28.13,28.49,27.72,10007.74,28771.095,0.9723470445903906,,0.0
2022-08-10,28.09,27.66,28.17,27.59,8220.0,23513.507,0.9718903724525648,,0.0
2022-08-11,28.0,28.38,28.5,27.67,10898.67,31643.686,0.9725839616175462,,0.0
2022-08-12,28.22,28.68,28.84,28.0,18706.13,54925.896,0.9728629579375848,,0.0
2022-08-15,28.9,28.1,28.9,27.82,12009.46,34843.934,0.972318339100346,,0.0
2022-08-16,28.28,29.25,29.85,28.23,38156.55,114283.192,0.9733777038269552,,0.0
2022-08-17,29.32,28.81,29.69,28.41,22303.0,66079.526,0.9729821006416752,,0.0
2022-08-18,28.96,28.32,29.06,28.0,22767.07,66177.842,0.9725274725274724,,0.0
2022-08-19,28.38,27.59,29.07,27.35,26698.0,77232.945,0.9718210637548432,,0.0
2022-08-22,27.59,27.09,27.83,27.03,14777.15,41589.13,0.9713158838293294,,0.0
2022-08-23,27.2,27.51,27.9,26.93,13141.38,37171.341,0.9717414341222184,,0.0
2022-08-24,27.59,26.29,27.89,26.2,15720.0,43115.312,0.97046880767811,,0.0
2022-08-25,26.55,25.9,26.59,25.73,11837.83,31709.13,0.9700374531835204,,0.0
2022-08-26,26.14,25.86,26.2,25.81,6739.0,18001.856,0.9699924981245313,,0.0
2022-08-29,25.79,26.0,26.03,25.32,5896.78,15650.704,0.9701492537313432,,0.0
2022-08-30,26.01,26.0,26.23,25.71,4485.47,12008.655,0.9701492537313432,,0.0
2022-08-31,25.87,25.43,26.08,25.37,5626.0,14844.11,0.9695005718642776,,0.0
2022-09-01,25.4,25.4,25.79,25.39,4364.24,11499.998,0.9694656488549618,,0.0
2022-09-02,25.41,25.67,25.83,25.35,4750.74,12575.933,0.9697771061579146,,0.0
2022-09-05,25.59,25.39,25.79,25.23,5545.0,14507.919,0.9694539900725468,,0.0
2022-09-06,25.4,25.58,25.59,25.31,3816.11,10022.472,0.9696739954510992,,0.0
2022-09-07,25.6,26.19,26.29,25.4,9127.74,24335.031,0.9703593923675436,,0.0
2022-09-08,26.18,26.1,26.18,25.76,4633.0,12372.356,0.9702602230483272,,0.0
2022-09-09,25.9,26.07,26.17,25.77,4249.0,11393.228,0.9702270189802754,,0.0
2022-09-13,26.0,25.89,26.35,25.84,3716.44,9967.445,0.97002622705133,,0.0
2022-09-14,25.62,25.53,25.69,25.39,3495.0,9190.013,0.9696164071401444,,0.0
2022-09-15,25.6,25.08,25.77,24.9,6333.8,16519.399,0.9690880989180836,,0.0
2022-09-16,25.12,24.55,25.76,24.48,7698.74,20059.448,0.9684418145956608,,0.0
2022-09-19,24.58,24.38,24.81,24.35,4935.83,12498.067,0.9682287529785544,,0.0
2022-09-20,24.51,24.46,24.85,24.37,3211.63,8115.002,0.9683293745051464,,0.0
2022-09-21,24.55,24.57,24.72,23.9,3801.0,9548.268,0.9684666929444226,,0.0
2022-09-22,24.47,24.35,24.84,24.21,3171.0,8055.639,0.9681908548707752,,0.0
2022-09-23,24.33,24.0,24.49,23.75,3978.05,9890.173,0.9677419354838708,,0.0
2022-09-26,24.0,23.69,24.08,23.62,2948.85,7272.038,0.9673336055532872,,0.0
2022-09-27,23.56,24.15,24.18,23.43,4121.85,10187.962,0.9679358717434868,,0.0
2022-09-28,24.44,23.5,24.44,23.5,3762.0,9270.897,0.9670781893004116,,0.0
2022-09-29,23.76,23.44,24.0,23.28,2651.0,6476.097,0.9669966996699668,,0.0
2022-09-30,23.45,23.29,23.69,23.12,1918.74,4635.628,0.966791199667912,,0.0
2022-10-10,23.29,23.18,23.55,23.02,3263.54,7877.028,0.9666388657214344,,0.0
2022-10-11,23.22,23.35,23.51,23.0,2224.54,5349.127,0.9668737060041408,,0.0
2022-10-12,23.43,24.0,24.11,23.1,4640.54,11290.295,0.9677419354838708,,0.0
2022-10-13,24.2,24.55,24.83,23.88,9052.34,22976.507,0.9684418145956608,,0.0
2022-10-14,24.55,24.59,24.98,24.53,8004.59,20435.7,0.9684915320992517,,0.0
2022-10-17,24.74,25.4,25.68,24.57,11459.29,29918.495,0.9694656488549618,,0.0
2022-10-18,25.34,25.09,25.48,25.02,6832.35,17782.809,0.9691000386249516,,0.0
2022-10-19,25.1,25.9,27.07,24.63,18845.62,50322.622,0.9700374531835204,,0.0
2022-10-20,24.2,25.37,26.2,24.2,11966.85,31329.342,0.969430645777608,,0.0
2022-10-21,25.37,25.09,25.57,24.81,7100.0,18367.224,0.9691000386249516,,0.0
2022-10-24,24.96,25.29,25.94,24.96,10447.0,27437.727,0.9693369106937524,,0.0
2022-10-25,25.15,24.6,25.33,24.49,7270.23,18643.1,0.968503937007874,,0.0
2022-10-26,24.77,26.51,27.0,24.71,36292.85,98409.972,0.9707067008421824,,0.0
2022-10-27,26.71,27.5,27.97,26.5,34183.94,95711.183,0.9717314487632508,,0.0
2022-10-28,27.78,28.64,29.25,27.37,56443.6,164398.456,0.9728260869565216,,0.0
2022-10-31,29.68,31.56,31.58,29.61,113282.48,363364.877,0.9752781211372064,,0.0
2022-11-01,32.2,31.55,33.0,30.9,99042.49,322103.328,0.9752704791344669,,0.0
2022-11-02,31.34,33.800000000000004,33.85,31.34,77584.5,259149.125,0.9768786127167632,,0.0
2022-11-03,32.89,32.45,33.150000000000006,31.41,61737.54,203817.459,0.9759398496240602,,0.0
2022-11-04,31.85,31.35,32.45,31.03,50486.49,164251.69,0.9751166407465008,,0.0
2022-11-07,31.45,32.61,32.760000000000005,30.68,58320.96,190412.56,0.976055073331338,,0.0
2022-11-08,32.39,34.53,34.690000000000005,31.23,50027.88,170516.933,0.977356354373054,,0.0
2022-11-09,34.71,36.5,38.06,34.27,107237.61,404348.976,0.9785522788203754,,0.0
2022-11-10,36.290000000000006,36.03,37.6,34.260000000000005,69057.19,252623.043,0.9782785772468098,,0.0
2022-11-11,36.11,34.31,36.470000000000006,33.760000000000005,63641.98,227436.365,0.9772144688123042,,0.0
2022-11-14,34.25,36.34,36.42,33.440000000000005,54569.56,197235.009,0.9784598815293484,,0.0
2022-11-15,36.400000000000006,35.57,37.13,35.38,37868.07,139631.473,0.978003849326368,,0.0
2022-11-16,35.400000000000006,35.32,35.88,34.59,33227.03,119504.819,0.9778516057585824,,0.0
2022-11-17,35.32,36.14,36.45,34.800000000000004,30897.54,112509.026,0.9783432593394696,,0.0
2022-11-18,36.2,35.330000000000005,36.88,35.1,27200.95,100440.718,0.9778577359535012,,0.0
2022-11-21,34.86,36.940000000000005,37.88,34.81,42279.74,157295.271,0.9788023317435084,,0.0
2022-11-22,37.1,36.24,37.400000000000006,35.900000000000006,23717.57,88399.582,0.9784017278617712,,0.0
2022-11-23,35.7,37.8,38.0,34.800000000000004,43451.7,161243.418,0.9792746113989638,,0.0
2022-11-24,37.5,35.78,37.5,35.5,40037.04,147588.431,0.978130125751777,,0.0
2022-11-25,35.160000000000004,35.2,37.3,35.160000000000004,27387.18,101660.172,0.977777777777778,,0.0
2022-11-28,34.2,34.88,35.89,34.06,21805.49,78225.15,0.9775784753363228,,0.0
2022-11-29,34.74,35.800000000000004,36.35,34.74,18927.07,68897.599,0.9781420765027324,,0.0
2022-11-30,35.650000000000006,35.43,35.93,34.74,19897.48,71740.411,0.9779188517802928,,0.0
2022-12-01,36.1,37.510000000000005,37.68,35.34,25817.49,97327.229,0.9791177238318978,,0.0
2022-12-02,36.830000000000005,36.64,38.0,36.64,18132.0,69007.18,0.9786324786324788,,0.0
2022-12-05,37.370000000000005,36.56,37.42,35.7,25174.49,93490.253,0.9785867237687368,,0.0
2022-12-06,36.56,36.650000000000006,36.95,35.71,16445.34,61151.939,0.978638184245661,,0.0
2022-12-07,36.55,36.010000000000005,36.900000000000006,35.900000000000006,10506.0,38835.491,0.97826677533279,,0.0
2022-12-08,36.010000000000005,36.31,36.52,35.59,15439.57,56814.548,0.9784424683373756,,0.0
2022-12-09,36.010000000000005,35.32,36.2,34.75,28386.7,102584.512,0.9778516057585824,,0.0
2022-12-12,35.35,36.580000000000005,36.82,34.800000000000004,21290.37,78611.405,0.978598180845372,,0.0
2022-12-13,36.46,35.34,36.61,35.230000000000004,12552.48,45882.562,0.9778638627559492,,0.0
2022-12-14,35.34,36.57,37.53,35.160000000000004,20293.57,75829.235,0.9785924538399786,,0.0
2022-12-15,37.57,37.120000000000005,37.99,35.61,19331.04,72859.63,0.978902953586498,,0.0
2022-12-16,37.06,35.61,37.06,35.5,13843.68,50844.384,0.9780280142817908,,0.0
2022-12-19,35.36,35.11,36.05,35.1,8365.37,30260.492,0.977722082985241,,0.0
2022-12-20,35.940000000000005,33.88,36.400000000000006,33.88,21736.95,77451.971,0.9769319492502884,,0.0
2022-12-21,34.06,34.290000000000006,34.5,33.56,15109.95,52782.757,0.9772014819036764,,0.0
2022-12-22,34.38,34.190000000000005,34.77,33.63,8128.0,28507.516,0.97713632466419,,0.0
2022-12-23,33.910000000000004,34.6,35.300000000000004,33.88,10699.12,37817.252,0.9774011299435028,,0.0
2022-12-26,34.6,35.510000000000005,36.1,34.21,10483.0,38115.454,0.9779675020655468,,0.0
2022-12-27,35.92,34.39,35.92,33.6,12961.0,45614.86,0.9772662688263712,,0.0
2022-12-28,34.61,34.1,34.660000000000004,33.71,7712.0,26957.97,0.9770773638968482,,0.0
2022-12-29,33.93,34.25,35.06,33.81,12605.0,44645.21,0.9771754636233952,,0.0
2022-12-30,34.6,35.6,35.95,33.96,15466.0,55878.708,0.978021978021978,,0.0
2023-01-03,35.46,39.24,39.24,35.2,23921.0,93411.229,0.98001998001998,,0.0
2023-01-04,41.48,41.85,42.75,40.190000000000005,62924.99,265979.862,0.981242672919109,,0.0
2023-01-05,41.95,41.3,42.400000000000006,40.66,49480.14,209488.43,0.980997624703088,,0.0
2023-01-06,41.690000000000005,40.400000000000006,41.690000000000005,39.96,26731.33,110498.884,0.9805825242718448,,0.0
2023-01-09,40.78,40.190000000000005,41.18,39.71,17766.0,73246.275,0.9804830446450354,,0.0
2023-01-10,40.25,40.3,40.88,39.92,16070.0,66165.377,0.9805352798053528,,0.0
2023-01-11,40.540000000000006,39.2,41.0,39.02,22315.0,90751.495,0.98,,0.0
2023-01-12,39.2,39.330000000000005,39.970000000000006,38.2,20101.0,80465.94,0.9800647894343384,,0.0
2023-01-13,39.330000000000005,38.96,39.91,38.41,12644.46,50012.334,0.9798792756539236,,0.0
2023-01-16,39.2,38.96,39.970000000000006,38.38,27750.46,110786.778,0.9798792756539236,,0.0
2023-01-17,38.510000000000005,39.290000000000006,39.6,38.2,22879.37,91069.549,0.9800448989773012,,0.0
2023-01-18,39.31,39.720000000000006,40.68,38.760000000000005,17811.1,72377.237,0.9802566633761106,,0.0
2023-01-19,39.88,40.06,40.84,39.370000000000005,18972.57,77929.861,0.9804209495839452,,0.0
2023-01-20,40.1,39.510000000000005,41.25,39.5,18515.0,76069.267,0.9801538079880924,,0.0
2023-01-30,40.1,39.7,40.57,38.78,24147.0,97543.715,0.980246913580247,,0.0
2023-01-31,39.67,38.940000000000005,39.67,38.8,12052.96,48085.864,0.9798691494715652,,0.0
2023-02-01,38.73,38.900000000000006,39.080000000000005,38.36,13016.0,51456.03,0.9798488664987406,,0.0
2023-02-02,38.85,38.290000000000006,39.86,38.21,15953.0,63091.472,0.9795344077769252,,0.0
2023-02-03,38.21,40.75,40.81,37.870000000000005,33011.37,133834.18,0.9807460890493382,,0.0
2023-02-06,40.02,39.78,40.540000000000006,38.61,20741.04,83317.237,0.980285855101035,,0.0
2023-02-07,39.48,39.28,40.080000000000005,37.74,24834.79,98378.492,0.9800399201596808,,0.0
2023-02-08,38.98,38.790000000000006,39.470000000000006,38.39,11889.85,46999.992,0.9797928769891388,,0.0
2023-02-09,38.470000000000006,39.91,40.13,37.88,17425.48,70012.573,0.9803488086465244,,0.0
2023-02-10,39.91,38.650000000000006,40.010000000000005,38.540000000000006,11240.48,44828.323,0.9797211660329532,,0.0
2023-02-13,38.650000000000006,38.91,39.13,38.21,9244.0,36573.457,0.9798539410727776,,0.0
2023-02-14,39.080000000000005,38.260000000000005,39.09,38.120000000000005,8175.51,32061.579,0.9795186891961086,,0.0
2023-02-15,38.260000000000005,38.6,38.88,38.010000000000005,8211.0,32310.533,0.9796954314720812,,0.0
2023-02-16,38.36,37.650000000000006,39.17,37.6,18798.37,73681.637,0.9791937581274384,,0.0
2023-02-17,37.7,37.2,38.120000000000005,36.2,18191.0,68868.903,0.9789473684210528,,0.0
2023-02-20,37.7,38.14,38.42,36.88,14079.1,54208.711,0.9794555726759118,,0.0
2023-02-21,38.03,38.05,38.46,37.41,10318.0,39989.727,0.9794079794079796,,0.0
2023-02-22,37.830000000000005,38.5,38.61,37.43,11994.74,46732.974,0.979643765903308,,0.0
2023-02-23,38.24,37.5,38.5,37.32,13083.65,50353.323,0.97911227154047,,0.0
2023-02-24,37.6,37.6,37.96,37.2,10542.94,40469.832,0.9791666666666669,,0.0
2023-02-27,37.31,37.67,37.900000000000006,37.2,8025.0,30777.162,0.9792045749935016,,0.0
2023-02-28,38.02,38.080000000000005,39.690000000000005,37.53,13442.48,52900.84,0.9794238683127572,,0.0
2023-03-01,38.13,38.96,39.3,37.89,15243.73,60524.072,0.9798792756539236,,0.0
2023-03-02,39.21,38.91,39.39,38.38,10049.0,39786.46,0.9798539410727776,,0.0
2023-03-03,38.510000000000005,38.06,39.18,37.55,13609.07,52845.205,0.9794132784354092,,0.0
2023-03-06,37.7,37.8,38.580000000000005,37.66,10508.0,40829.322,0.9792746113989638,,0.0
2023-03-07,37.74,37.09,38.16,37.09,8838.48,33830.598,0.9788862496700976,,0.0
2023-03-08,36.71,37.86,37.96,36.71,8968.48,34341.107,0.9793067770305226,,0.0
2023-03-09,37.690000000000005,38.11,38.34,37.3,9202.48,35693.881,0.9794397327165254,,0.0
2023-03-10,37.88,37.09,38.11,37.09,6389.0,24477.015,0.9788862496700976,,0.0
2023-03-13,36.900000000000006,38.830000000000005,39.190000000000005,36.82,18631.0,72552.058,0.9798132727731518,,0.0
2023-03-14,38.510000000000005,38.28,38.82,37.510000000000005,7444.0,28949.639,0.9795291709314228,,0.0
2023-03-15,38.56,37.8,38.57,37.53,5547.0,21498.419,0.9792746113989638,,0.0
2023-03-16,37.8,37.73,38.14,37.3,5991.0,23044.947,0.9792369582143784,,0.0
2023-03-17,37.64,40.66,41.580000000000005,37.42,32694.81,133343.736,0.980704293294742,,0.0
2023-03-20,40.57,39.620000000000005,40.690000000000005,38.68,24488.7,98901.5,0.9802078179119248,,0.0
2023-03-21,39.440000000000005,41.7,41.8,38.98,27152.91,112962.09,0.9811764705882352,,0.0
2023-03-22,42.260000000000005,43.190000000000005,44.49,41.92,43353.43,190817.677,0.98181404864742,,0.0
2023-03-23,43.18,44.31,45.6,42.82,59900.47,271613.265,0.9822655730436712,,0.0
2023-03-24,44.95,45.67,47.2,44.95,40368.55,189802.887,0.982784592210028,,0.0
2023-03-27,45.220000000000006,45.32,47.0,45.120000000000005,33226.31,155147.985,0.9826539462272332,,0.0
2023-03-28,45.25,44.31,45.6,43.900000000000006,27835.25,126343.421,0.9822655730436712,,0.0
2023-03-29,44.080000000000005,43.5,44.720000000000006,43.36,19048.48,85205.603,0.981941309255079,,0.0
2023-03-30,43.8,42.23,43.81,41.540000000000006,23537.0,101891.833,0.9814083197769,,0.0
2023-03-31,42.38,43.18,43.32,41.830000000000005,16440.0,71578.871,0.9818099135970896,,0.0
2023-04-03,42.900000000000006,46.25,47.080000000000005,42.900000000000006,31930.0,149237.117,0.9829968119022318,,0.0
2023-04-04,46.5,50.220000000000006,50.6,46.5,46968.95,236760.726,0.9843198745589964,,0.0
2023-04-06,49.07,48.150000000000006,49.28,46.07,23698.0,116282.936,0.9836567926455568,,0.0
2023-04-07,48.6,49.040000000000006,49.760000000000005,47.43,19674.47,97565.288,0.9839486356340288,,0.0
2023-04-10,49.040000000000006,46.0,49.040000000000006,45.42,39381.21,187896.305,0.982905982905983,,0.0
2023-04-11,46.2,45.720000000000006,46.6,45.0,19238.0,89562.817,0.9828030954428204,,0.0
2023-04-12,45.7,46.970000000000006,47.400000000000006,45.0,16501.19,78100.735,0.9832530877119532,,0.0
2023-04-13,46.98,45.91,47.260000000000005,45.75,10598.71,49884.597,0.9828730464568616,,0.0
2023-04-14,46.260000000000005,46.1,47.190000000000005,45.400000000000006,16523.0,77796.683,0.9829424307036247,,0.0
2023-04-17,45.690000000000005,46.09,46.85,45.43,12699.37,59440.996,0.9829387929195992,,0.0
2023-04-18,45.77,46.690000000000005,47.68,44.53,25842.25,121585.652,0.9831543482838492,,0.0
2023-04-19,46.650000000000006,45.06,47.75,44.98,19694.65,92436.951,0.9825556040122112,,0.0
2023-04-20,45.35,45.790000000000006,47.190000000000005,45.27,24960.2,117101.932,0.982828933247478,,0.0
2023-04-21,46.18,43.38,46.48,43.1,21258.78,95822.466,0.9818922589406972,,0.0
2023-04-24,43.38,44.16,45.3,43.2,22278.0,100702.222,0.9822064056939502,,0.0
2023-04-25,43.77,43.02,44.48,42.6,21034.0,92839.458,0.9817434961204928,,0.0
2023-04-26,43.440000000000005,41.150000000000006,43.95,40.510000000000005,26719.57,112968.538,0.9809296781883194,,0.0
2023-04-27,41.05,42.5,44.28,40.68,24446.89,106697.588,0.9815242494226328,,0.0
2023-04-28,42.5,43.16,44.88,42.040000000000006,22082.91,98774.334,0.9818016378525932,,0.0
2023-05-04,42.970000000000006,41.23,43.870000000000005,41.220000000000006,16666.22,71393.226,0.9809659766833216,,0.0
2023-05-05,41.2,41.88,42.64,41.040000000000006,14184.27,60427.415,0.9812558575445174,,0.0
2023-05-08,41.91,42.81,43.38,41.260000000000005,16835.8,72908.943,0.9816555835817472,,0.0
2023-05-09,42.6,41.28,43.64,41.1,19964.58,85818.747,0.9809885931558936,,0.0
2023-05-10,41.36,41.61,42.36,40.98,15695.0,66502.577,0.9811365244046216,,0.0
2023-05-11,41.43,41.42,42.42,40.900000000000006,12966.0,54849.155,0.981051634296542,,0.0
2023-05-12,41.510000000000005,41.940000000000005,42.580000000000005,40.86,22558.0,95953.46,0.981282171268133,,0.0
2023-05-15,41.63,40.46,41.88,39.48,22640.21,92880.679,0.9806107610276298,,0.0
2023-05-16,40.400000000000006,39.57,40.48,39.46,15464.0,62752.952,0.9801833044339856,,0.0
2023-05-17,39.540000000000006,40.36,41.03,39.23,12495.0,51471.763,0.980563654033042,,0.0
2023-05-18,40.53,40.31,40.53,39.78,10612.03,43486.02,0.9805400145949892,,0.0
2023-05-19,40.3,40.39,40.650000000000006,39.400000000000006,8576.0,35030.435,0.9805778101480944,,0.0
2023-05-22,40.39,40.17,40.41,39.55,6813.0,27778.536,0.980473517207713,,0.0
2023-05-23,40.190000000000005,39.52,40.540000000000006,39.52,9152.52,37339.508,0.9801587301587302,,0.0
2023-05-24,39.67,39.35,39.75,38.6,17313.34,69181.895,0.9800747198007472,,0.0
2023-05-25,39.46,39.25,40.03,38.36,11080.0,44149.15,0.9800249687890138,,0.0
2023-05-26,39.25,41.400000000000006,41.580000000000005,38.830000000000005,19481.57,79905.814,0.9868891537544696,,0.0
2023-05-29,40.96,42.45,44.45,40.96,47572.01,207409.348,0.9872093023255816,,0.0
2023-05-30,42.32,42.11,42.35,40.16,22087.26,92545.775,0.987107360525082,,0.0
2023-05-31,42.0,41.28,42.11,40.870000000000005,15115.0,63480.17,0.9868515419555344,,0.0
2023-06-01,41.0,42.23,42.64,40.38,27853.37,117867.034,0.9871435250116878,,0.0
2023-06-02,42.21,41.13,42.790000000000006,40.95,21493.0,90501.822,0.9868042226487524,,0.0
2023-06-05,41.220000000000006,41.620000000000005,42.18,40.86,21284.54,89541.48,0.9869575527626276,,0.0
2023-06-06,41.620000000000005,40.05,41.620000000000005,39.830000000000005,11563.2,47635.85,0.9864532019704434,,0.0
2023-06-07,40.510000000000005,40.580000000000005,41.150000000000006,39.77,10883.95,44688.423,0.9866277656212012,,0.0
2023-06-08,39.96,39.95,40.400000000000006,39.48,9463.2,38188.82,0.9864197530864198,,0.0
2023-06-09,40.010000000000005,40.18,40.66,39.510000000000005,15146.23,61816.403,0.9864964399705376,,0.0
2023-06-12,40.63,40.75,41.6,39.73,18685.78,77612.199,0.9866828087167072,,0.0
2023-06-13,41.21,41.78,42.080000000000005,40.46,17841.2,75138.62,0.9870068509331444,,0.0
2023-06-14,41.45,42.42,43.940000000000005,41.45,18073.85,77991.197,0.9872003723528044,,0.0
2023-06-15,42.35,41.620000000000005,42.85,41.330000000000005,23241.37,98410.859,0.9869575527626276,,0.0
2023-06-16,40.36,42.150000000000006,42.900000000000006,40.36,20578.2,87827.025,0.9871194379391102,,0.0
2023-06-19,42.11,42.45,42.71,41.78,14712.91,63111.732,0.9872093023255816,,0.0
2023-06-20,43.080000000000005,42.8,43.84,42.14,19041.99,82952.674,0.9873125720876588,,0.0
2023-06-21,42.75,41.93,42.92,41.45,15099.57,64500.248,0.9870527306967986,,0.0
2023-06-26,41.92,39.120000000000005,41.92,39.05,17259.66,70013.903,0.9861356188555584,,0.0
2023-06-27,39.120000000000005,39.0,39.49,38.690000000000005,13444.2,53215.864,0.986093552465234,,0.0
2023-06-28,39.3,38.35,39.3,35.89,32561.28,122775.069,0.9858611825192802,,0.0
2023-06-29,38.3,38.82,39.150000000000006,37.510000000000005,17967.0,70003.354,0.986029972059944,,0.0
2023-06-30,38.620000000000005,39.43,40.3,38.02,19303.11,76864.376,0.9862431215607804,,0.0
2023-07-03,39.45,39.940000000000005,40.75,38.45,20592.0,83265.007,0.9864163991108916,,0.0
2023-07-04,39.66,40.18,40.55,39.190000000000005,13330.74,54073.335,0.9864964399705376,,0.0
2023-07-05,39.900000000000006,39.650000000000006,40.7,39.14,10070.13,40526.737,0.9863184079601992,,0.0
2023-07-06,40.18,38.73,40.18,38.66,7947.76,31530.218,0.9859979633401222,,0.0
2023-07-07,38.59,38.63,39.1,37.45,13804.0,53756.927,0.9859622256253192,,0.0
2023-07-10,38.580000000000005,38.790000000000006,39.3,37.95,9954.82,39216.534,0.9860193187595324,,0.0
2023-07-11,38.56,38.790000000000006,39.05,38.1,10850.0,42571.839,0.9860193187595324,,0.0
2023-07-12,38.620000000000005,38.14,38.89,37.95,9137.0,35496.221,0.9857844404238822,,0.0
2023-07-13,38.16,38.64,38.7,37.8,9428.82,36729.896,0.9859658076039808,,0.0
2023-07-14,38.49,38.45,39.330000000000005,38.25,5796.0,22732.609,0.985897435897436,,0.0
2023-07-17,38.16,39.31,39.43,38.16,10264.0,40669.291,0.9862017059708982,,0.0
2023-07-18,39.45,38.23,39.720000000000006,38.13,7823.76,30591.412,0.9858174316658072,,0.0
2023-07-19,38.45,38.67,39.7,38.17,9861.46,38919.145,0.9859765425803162,,0.0
2023-07-20,38.830000000000005,37.95,38.900000000000006,37.95,8026.41,31155.522,0.9857142857142858,,0.0
2023-07-21,38.1,37.95,38.830000000000005,37.64,9762.37,37880.94,0.9857142857142858,,0.0
2023-07-24,37.98,37.830000000000005,38.13,37.32,5867.0,22490.811,0.9856696195935384,,0.0
2023-07-25,37.720000000000006,38.25,38.400000000000006,37.61,7951.0,30734.123,0.9858247422680412,,0.0
2023-07-26,38.09,37.17,38.09,36.99,7782.0,29574.305,0.9854188759278898,,0.0
2023-07-27,37.17,37.05,37.470000000000006,36.7,7227.0,27233.861,0.985372340425532,,0.0
2023-07-28,36.85,37.67,37.91,36.34,14263.62,53714.45,0.9856096284667714,,0.0
2023-07-31,37.73,39.470000000000006,39.7,37.53,22514.51,88934.895,0.986256871564218,,0.0
2023-08-01,39.150000000000006,40.03,40.73,38.36,21119.0,85257.423,0.9864465253819616,,0.0
2023-08-02,39.92,40.650000000000006,41.09,39.45,15759.07,64798.667,0.9866504854368932,,0.0
2023-08-03,40.540000000000006,40.510000000000005,40.99,39.98,7189.0,29462.64,0.986604968339016,,0.0
2023-08-04,40.55,41.63,42.45,40.27,14721.49,62193.084,0.9869606448553818,,0.0
2023-08-07,41.35,41.650000000000006,41.95,41.0,13338.0,56037.438,0.98696682464455,,0.0
2023-08-08,41.760000000000005,41.45,42.03,41.25,9620.0,40540.097,0.986904761904762,,0.0
2023-08-09,41.190000000000005,41.43,42.010000000000005,41.120000000000005,7860.22,33072.818,0.9868985231062412,,0.0
2023-08-10,41.14,41.23,41.36,40.470000000000006,9010.74,37331.906,0.9868358066060317,,0.0
2023-08-11,41.27,40.25,41.64,40.05,6764.95,27916.58,0.9865196078431372,,0.0
2023-08-14,40.71,40.470000000000006,40.75,39.57,8530.0,34625.423,0.9865919063871283,,0.0
2023-08-15,40.61,40.02,40.61,39.13,17143.37,68983.567,0.9864431846191768,,0.0
2023-08-16,40.650000000000006,38.78,40.67,38.59,15027.3,59662.466,0.9860157640478008,,0.0
2023-08-17,38.650000000000006,39.010000000000005,39.260000000000005,37.970000000000006,18762.6,73737.28,0.9860970677451972,,0.0
2023-08-18,39.17,38.16,39.93,38.06,14725.79,57776.361,0.985791785068458,,0.0
2023-08-21,38.16,38.150000000000006,39.11,37.55,14627.0,56880.386,0.9857881136950906,,0.0
2023-08-22,38.400000000000006,39.900000000000006,40.02,38.18,30489.07,121679.66,0.9864029666254636,,0.0
2023-08-23,39.580000000000005,37.830000000000005,39.8,37.75,20090.0,78202.601,0.9856696195935384,,0.0
2023-08-24,37.8,36.93,38.28,36.81,16369.0,61956.009,0.9853255069370332,,0.0
2023-08-25,37.0,35.730000000000004,37.0,35.300000000000004,17878.0,65254.101,0.9848401323043,,0.0
2023-08-28,37.45,35.56,38.21,35.25,21635.0,79832.97,0.9847687621157576,,0.0
2023-08-29,35.470000000000006,36.85,37.510000000000005,35.03,23571.0,86913.365,0.9852941176470588,,0.0
2023-08-30,36.95,38.16,38.43,36.95,21578.5,83144.615,0.985791785068458,,0.0
2023-08-31,37.95,37.6,38.48,37.35,15394.0,58949.341,0.9855832241153344,,0.0
2023-09-01,37.870000000000005,36.63,38.02,36.45,17775.0,66565.016,0.985207100591716,,0.0
2023-09-04,37.07,36.400000000000006,37.09,35.85,22871.0,84189.911,0.9851150202976996,,0.0
2023-09-05,36.61,35.82,36.77,35.660000000000004,18697.52,68187.743,0.984877646411878,,0.0
2023-09-06,35.74,35.88,35.910000000000004,34.95,15646.0,56213.494,0.9849025528410652,,0.0
2023-09-07,35.86,35.410000000000004,35.86,35.03,19933.86,71439.425,0.9847052280311458,,0.0
2023-09-08,34.89,35.57,35.86,34.77,14740.46,52939.442,0.9847729789590256,,0.0
2023-09-11,35.480000000000004,35.440000000000005,35.92,34.980000000000004,15005.72,53948.599,0.9847179772158934,,0.0
2023-09-12,35.440000000000005,35.260000000000005,35.75,35.14,11522.0,41345.181,0.9846411616866798,,0.0
2023-09-13,35.160000000000004,34.59,35.43,34.24,11808.0,41562.706,0.9843483210017075,,0.0
2023-09-14,34.45,33.86,34.78,33.63,12796.0,44190.518,0.9840162743388552,,0.0
2023-09-15,33.67,33.260000000000005,33.970000000000006,33.190000000000005,13730.0,46615.161,0.9837326234841764,,0.0
2023-09-18,33.11,33.940000000000005,34.34,32.85,14913.6,51263.657,0.9840533487967528,,0.0
2023-09-19,34.14,33.24,34.14,33.02,10815.4,36571.987,0.9837229949689258,,0.0
2023-09-20,33.330000000000005,33.050000000000004,33.75,32.95,12857.0,43511.195,0.9836309523809524,,0.0
2023-09-21,33.050000000000004,32.86,33.35,32.650000000000006,8133.04,27249.778,0.9835378629152948,,0.0
2023-09-22,33.03,33.440000000000005,33.6,32.56,11745.46,39735.79,0.9838187702265372,,0.0
2023-09-25,33.550000000000004,33.010000000000005,33.550000000000004,32.580000000000005,15986.0,53569.35,0.983611442193087,,0.0
2023-09-26,32.85,33.150000000000006,33.75,32.85,12335.0,41726.936,0.983679525222552,,0.0
2023-09-27,32.760000000000005,33.13,33.6,32.760000000000005,11033.0,37298.394,0.9836698337292162,,0.0
2023-09-28,33.010000000000005,33.300000000000004,33.510000000000005,33.010000000000005,9842.0,33301.978,0.9837518463810933,,0.0
2023-10-09,33.46,33.25,33.7,32.7,18230.01,61682.608,0.9837278106508875,,0.0
2023-10-10,33.2,33.300000000000004,33.720000000000006,32.870000000000005,11881.85,40123.901,0.9837518463810933,,0.0
2023-10-11,33.34,33.190000000000005,33.790000000000006,32.910000000000004,10690.0,36289.571,0.9836988737403676,,0.0
2023-10-12,33.67,33.260000000000005,34.03,33.2,11498.0,39141.777,0.9837326234841764,,0.0
2023-10-13,33.25,32.720000000000006,33.25,32.43,11413.0,37904.859,0.9834685903216112,,0.0
2023-10-16,32.720000000000006,32.63,32.870000000000005,32.17,12395.03,41084.77,0.9834237492465342,,0.0
2023-10-17,32.910000000000004,32.720000000000006,33.1,32.330000000000005,15417.9,51390.289,0.9834685903216112,,0.0
2023-10-18,31.97,31.6,32.290000000000006,30.85,31448.21,101022.705,0.9828926905132191,,0.0
2023-10-19,31.34,31.12,32.13,30.93,19008.64,61046.584,0.9826334070097884,,0.0
2023-10-20,30.8,30.22,31.41,30.09,19157.51,59591.987,0.9821254468638284,,0.0
2023-10-23,30.65,29.38,30.65,29.14,17790.0,53779.704,0.981623788840628,,0.0
2023-10-24,29.37,29.99,30.45,29.16,16658.0,50690.448,0.9819908316961362,,0.0
2023-10-25,30.4,30.06,31.05,30.06,12408.38,38518.464,0.98203201568115,,0.0
2023-10-26,29.72,30.27,30.67,29.72,13743.94,42331.614,0.9821544451654768,,0.0
2023-10-27,30.25,30.28,30.47,30.0,12174.22,37513.456,0.9821602335387608,,0.0
2023-10-30,30.28,31.16,31.27,30.0,14370.0,45217.469,0.9826553137811416,,0.0
2023-10-31,30.93,30.24,31.31,29.95,12947.0,40049.79,0.9821370574861968,,0.0
2023-11-01,30.6,29.66,30.6,29.65,13281.68,40483.492,0.9817941079112876,,0.0
2023-11-02,29.57,29.42,30.15,29.4,12545.65,37935.414,0.9816483149816484,,0.0
2023-11-03,29.37,30.1,30.62,29.26,16906.0,51952.628,0.9820554649265903,,0.0
2023-11-06,30.34,31.05,31.14,30.01,18425.51,57777.989,0.9825949367088608,,0.0
2023-11-07,30.94,31.03,31.44,30.39,12557.0,39401.245,0.9825839138695376,,0.0
2023-11-08,31.02,31.14,31.72,30.66,11927.0,37974.452,0.9826443673082992,,0.0
2023-11-09,30.95,30.97,31.56,30.89,12269.0,38864.748,0.9825507614213198,,0.0
2023-11-10,31.01,30.75,31.04,30.49,11226.0,35182.13,0.9824281150159744,,0.0
2023-11-13,30.98,31.4,31.65,30.67,17694.83,56484.225,0.9827856025039124,,0.0
2023-11-14,31.56,32.34,32.400000000000006,31.37,20409.99,66368.824,0.9832775919732444,,0.0
2023-11-15,32.28,32.970000000000006,33.410000000000004,32.1,21195.0,71025.425,0.9835918854415276,,0.0
2023-11-16,32.690000000000005,32.620000000000005,33.03,32.28,14303.72,47410.413,0.9834187518842328,,0.0
2023-11-17,32.760000000000005,32.02,32.760000000000005,31.72,12905.37,42061.398,0.9831132944427388,,0.0
2023-11-20,32.13,33.99,34.300000000000004,32.02,35608.94,121139.705,0.9840764331210192,,0.0
2023-11-21,33.830000000000005,33.2,34.25,32.88,29882.0,101124.625,0.9837037037037036,,0.0
2023-11-22,33.220000000000006,32.52,33.800000000000004,32.45,19375.22,65161.231,0.9833686120350772,,0.0
2023-11-23,33.150000000000006,33.260000000000005,35.1,32.7,43546.31,149144.845,0.9837326234841764,,0.0
2023-11-24,33.260000000000005,31.81,33.260000000000005,31.68,30851.0,100688.694,0.9830037082818294,,0.0
2023-11-27,31.59,32.74,34.150000000000006,31.59,42903.73,143634.448,0.9834785220787025,,0.0
2023-11-28,32.95,32.95,33.080000000000005,32.09,20867.56,69364.8,0.9835820895522388,,0.0
2023-11-29,32.650000000000006,32.88,33.56,32.45,19621.0,65769.52,0.983547711636255,,0.0
2023-11-30,33.07,32.800000000000004,33.07,31.87,18340.0,60544.664,0.9835082458770616,,0.0
2023-12-01,32.84,34.06,34.720000000000006,32.5,26509.0,90641.414,0.9841086391216411,,0.0
2023-12-04,34.06,34.61,34.95,33.96,32258.36,113126.139,0.9843572241183164,,0.0
2023-12-05,34.400000000000006,32.900000000000006,34.470000000000006,32.760000000000005,22169.0,75168.396,0.9835575485799702,,0.0
2023-12-06,32.78,33.080000000000005,33.330000000000005,32.14,19008.72,63246.945,0.9836455545643772,,0.0
2023-12-07,32.88,33.650000000000006,33.88,32.88,16680.68,56779.01,0.9839181286549707,,0.0
2023-12-08,33.45,34.1,34.24,33.410000000000004,15961.0,55059.92,0.9841269841269842,,0.0
2023-12-11,34.09,35.06,35.220000000000006,33.580000000000005,26353.28,92749.091,0.984554900308902,,0.0
2023-12-12,35.07,35.14,35.370000000000005,34.400000000000006,20030.26,70923.998,0.9845895208741944,,0.0
2023-12-13,34.84,34.7,35.120000000000005,34.5,17021.57,60149.532,0.9843971631205676,,0.0
2023-12-14,34.75,34.34,35.1,34.18,10207.0,35827.051,0.9842361708225852,,0.0
2023-12-15,34.24,33.93,34.6,33.75,12012.23,41564.425,0.984048723897912,,0.0
2023-12-18,33.800000000000004,33.870000000000005,34.95,33.660000000000004,26565.9,92720.233,0.9840209180708892,,0.0
2023-12-19,33.550000000000004,33.730000000000004,34.11,33.09,14797.41,50614.543,0.9839556592765462,,0.0
2023-12-20,33.77,32.580000000000005,34.150000000000006,32.56,17549.0,59001.581,0.9833987322668276,,0.0
2023-12-21,32.25,33.150000000000006,33.300000000000004,32.25,18925.0,63353.528,0.983679525222552,,0.0
2023-12-22,32.99,32.77,33.43,32.690000000000005,18714.0,62848.905,0.9834933973589436,,0.0
2023-12-25,33.190000000000005,32.21,33.190000000000005,31.93,12342.0,40739.304,0.9832112332112332,,0.0
2023-12-26,32.220000000000006,31.32,32.53,30.83,19445.0,61876.194,0.9827423909632884,,0.0
2023-12-27,31.44,31.4,31.68,30.99,14317.0,45564.429,0.9827856025039124,,0.0
2023-12-28,31.4,32.99,33.31,30.77,26498.0,87749.302,0.9836016696481814,,0.0
2023-12-29,32.830000000000005,34.830000000000005,35.150000000000006,32.830000000000005,33308.24,116947.167,0.9844544940644432,,0.0
2024-01-02,34.830000000000005,33.57,34.92,33.24,27808.6,95533.375,0.9838804220398594,,0.0
2024-01-03,33.96,33.970000000000006,34.800000000000004,33.32,28020.0,96994.114,0.9840672074159909,,0.0
2024-01-04,34.040000000000006,33.800000000000004,34.18,33.36,12958.0,44349.116,0.9839883551673946,,0.0
2024-01-05,33.78,33.050000000000004,33.830000000000005,32.7,11318.39,38323.296,0.9836309523809524,,0.0
2024-01-08,32.96,32.300000000000004,32.96,32.25,15854.48,52366.292,0.9832572298325724,,0.0
2024-01-09,32.410000000000004,31.87,32.75,31.55,10514.0,34325.196,0.9830351634793336,,0.0
2024-01-10,31.87,31.43,31.87,31.23,11056.0,35419.204,0.982801751094434,,0.0
2024-01-11,32.39,33.43,34.42,31.65,23174.2,77927.35,0.9838140082401412,,0.0
2024-01-12,33.120000000000005,32.78,33.330000000000005,32.42,9624.7,32072.873,0.9834983498349836,,0.0
2024-01-15,32.440000000000005,31.96,32.940000000000005,31.7,15769.0,51381.584,0.9830821285758228,,0.0
2024-01-16,31.87,31.49,32.050000000000004,31.08,12436.0,39819.196,0.9828339575530588,,0.0
2024-01-17,31.33,30.24,31.49,30.19,14678.11,46022.472,0.9821370574861968,,0.0
2024-01-18,30.05,30.42,30.56,28.61,20662.49,62115.354,0.9822408782692928,,0.0
2024-01-19,30.47,29.31,30.47,29.31,12501.2,37877.377,0.9815807099799062,,0.0
2024-01-22,29.41,27.11,29.53,26.44,21701.57,62027.557,0.980115690527838,,0.0
2024-01-23,26.44,26.85,27.34,26.42,18138.0,49657.118,0.97992700729927,,0.0
2024-01-24,27.01,28.51,28.65,26.75,25542.24,71920.764,0.9810736407432896,,0.0
2024-01-25,28.51,29.29,29.48,27.82,17972.0,52827.811,0.98156836461126,,0.0
2024-01-26,29.3,28.3,29.41,28.28,17670.54,51684.44,0.9809358752166376,,0.0
2024-01-29,28.07,27.4,28.53,27.15,13582.02,38331.061,0.9803220035778176,,0.0
2024-01-30,27.36,26.52,27.58,26.45,10868.33,29956.807,0.9796823051348356,,0.0
2024-01-31,26.56,24.95,26.69,24.95,14958.33,39069.78,0.9784313725490196,,0.0
2024-02-01,24.95,24.07,25.33,23.87,36414.11,90946.91,0.9776604386677498,,0.0
2024-02-02,24.38,23.45,24.95,22.56,24640.0,60369.43,0.9770833333333332,,0.0
2024-02-05,23.25,21.34,23.44,21.05,39067.37,86445.732,0.9748743718592964,,0.0
2024-02-06,21.33,21.63,22.03,19.62,58544.94,126643.289,0.9752028854824164,,0.0
2024-02-07,21.59,22.47,23.05,21.36,45185.16,103554.094,0.9761077324066028,,0.0
2024-02-08,22.63,24.2,24.61,22.57,38558.16,93735.76,0.9777777777777776,,0.0
2024-02-19,24.3,26.36,26.68,24.3,48255.1,125154.72,0.9795615013006316,,0.0
2024-02-20,26.01,25.63,26.15,25.26,29623.42,77431.951,0.9789915966386554,,0.0
2024-02-21,25.6,26.13,27.38,25.04,26357.33,70941.891,0.9793853073463268,,0.0
2024-02-22,26.13,26.57,26.93,26.0,25737.0,69322.809,0.9797197640117994,,0.0
2024-02-23,26.67,27.24,27.41,26.23,22048.0,60300.179,0.980208708168406,,0.0
2024-02-26,27.24,26.62,27.53,26.36,32492.0,88561.517,0.9797570850202428,,0.0
2024-02-27,26.25,27.46,27.49,26.05,21804.48,59901.941,0.9803641556586932,,0.0
2024-02-28,27.38,25.69,28.18,25.62,28046.22,77079.289,0.9790396341463414,,0.0
2024-02-29,25.56,26.28,26.59,25.34,25569.0,68073.493,0.9795005590756616,,0.0
2024-03-01,26.71,26.75,26.83,26.11,27546.94,74436.625,0.9798534798534798,,0.0
2024-03-04,26.74,26.87,26.99,26.03,19663.08,53357.238,0.9799416484318016,,0.0
2024-03-05,26.75,26.73,27.1,26.35,20876.49,56908.493,0.9798387096774194,,0.0
2024-03-06,26.41,26.66,26.89,26.03,17039.0,46047.401,0.9797868430723998,,0.0
2024-03-07,26.63,25.71,26.81,25.69,16522.14,44377.939,0.979055597867479,,0.0
2024-03-08,25.46,25.8,26.0,25.4,12310.69,32259.087,0.9791271347248576,,0.0
2024-03-11,25.55,26.38,26.4,25.54,18995.0,50557.273,0.9795766802822132,,0.0
2024-03-12,26.33,26.65,26.73,26.15,17647.0,47670.387,0.9797794117647058,,0.0
2024-03-13,26.79,26.98,27.38,26.68,20568.0,56810.131,0.9800217944061024,,0.0
2024-03-14,26.98,26.34,27.02,25.98,19920.0,53890.635,0.97954629973968,,0.0
2024-03-15,26.33,26.75,26.75,25.78,20808.0,55679.513,0.9798534798534798,,0.0
2024-03-18,26.75,26.92,26.94,25.97,21757.0,58905.818,0.9799781579905352,,0.0
2024-03-19,26.97,26.86,27.28,26.73,17805.77,49093.501,0.9799343305363006,,0.0
2024-03-20,26.86,27.52,27.53,26.59,20042.0,55749.757,0.980406127538297,,0.0
2024-03-21,27.72,27.08,28.14,27.0,19191.8,53633.376,0.9800941006152732,,0.0
2024-03-22,27.0,26.43,27.35,25.71,33620.58,90472.142,0.9796145292809488,,0.0
2024-03-25,26.28,25.66,26.7,25.45,26002.57,69493.729,0.9790156428843952,,0.0
2024-03-26,25.35,24.66,25.89,24.35,27463.37,70065.411,0.9781832606108688,,0.0
2024-03-27,24.68,23.65,24.68,23.6,17807.0,43842.125,0.9772727272727272,,0.0
2024-03-28,23.66,24.15,24.45,23.43,16996.27,41836.481,0.9777327935222672,,0.0
2024-03-29,24.16,24.62,24.82,23.95,14909.37,37068.256,0.9781485895907828,,0.0
2024-04-01,24.75,25.44,25.47,24.75,15738.0,40657.934,0.978838014621008,,0.0
2024-04-02,25.57,25.0,25.57,24.83,11687.04,29917.018,0.9784735812133072,,0.0
2024-04-03,24.83,24.45,25.04,24.23,13205.0,32997.556,0.978,,0.0
2024-04-08,24.3,23.65,24.48,23.63,13614.84,33194.469,0.9772727272727272,,0.0
2024-04-09,23.7,24.04,24.17,23.55,9744.84,23806.055,0.977633184221228,,0.0
2024-04-10,23.88,23.52,24.1,23.21,12279.0,29554.249,0.9771499792272538,,0.0
2024-04-11,23.33,23.55,23.93,23.15,12103.08,29290.364,0.9771784232365144,,0.0
2024-04-12,23.59,23.16,23.81,23.09,11410.0,27252.784,0.9768030366933784,,0.0
2024-04-15,23.4,22.6,23.4,22.33,25346.63,58923.454,0.976241900647948,,0.0
2024-04-16,22.24,20.72,22.49,20.63,34732.0,76109.979,0.9741419840150446,,0.0
2024-04-17,21.13,21.5,21.88,20.96,25127.48,55410.476,0.9750566893424036,,0.0
2024-04-18,21.5,21.55,21.87,20.87,18603.0,40886.743,0.9751131221719456,,0.0
2024-04-19,21.3,21.06,21.6,20.91,13873.0,30117.922,0.9745488199907448,,0.0
2024-04-22,21.06,21.56,21.69,20.36,24824.51,54159.798,0.9751243781094528,,0.0
2024-04-23,21.74,21.73,21.87,21.49,15345.58,34156.428,0.975314183123878,,0.0
2024-04-24,21.9,22.85,22.88,21.77,16368.0,37676.176,0.9764957264957264,,0.0
2024-04-25,22.67,22.66,22.97,22.36,12312.05,28564.398,0.976303317535545,,0.0
2024-04-26,23.35,23.72,23.85,22.45,22291.98,53445.145,0.977338277709106,,0.0
2024-04-29,24.07,24.51,24.82,23.72,20117.08,50133.309,0.9780526735833998,,0.0
2024-04-30,24.51,24.49,24.79,24.16,18838.0,47106.795,0.978035143769968,,0.0
2024-05-06,25.26,24.69,25.26,24.53,18540.0,46901.435,0.9782091917591124,,0.0
2024-05-07,24.95,24.74,24.95,24.42,13145.0,33150.031,0.978252273625939,,0.0
2024-05-08,24.83,24.05,24.83,24.0,11732.0,29137.978,0.9776422764227642,,0.0
2024-05-09,24.13,24.01,24.43,23.85,14788.72,36454.309,0.9776058631921823,,0.0
2024-05-10,23.95,23.39,24.43,23.24,15879.63,38289.595,0.9770258980785296,,0.0
2024-05-13,23.25,22.68,23.31,22.5,15602.0,36359.913,0.9763237193284544,,0.0
2024-05-14,22.69,23.13,23.28,22.67,14140.0,33311.77,0.9767736486486486,,0.0
2024-05-15,22.97,22.88,23.19,22.76,9205.0,21623.201,0.976525821596244,,0.0
2024-05-16,23.1,22.89,23.21,22.76,12773.0,30064.065,0.9765358361774744,,0.0
2024-05-17,22.97,23.36,23.51,22.78,16250.72,38591.796,0.9769970723546632,,0.0
2024-05-20,23.66,23.56,24.06,23.15,16966.0,40981.162,0.9771878888428038,,0.0
2024-05-21,23.82,23.26,23.86,23.13,11963.0,28594.876,0.9769004619907602,,0.0
2024-05-22,23.26,23.32,23.37,23.06,10081.14,23964.341,0.976958525345622,,0.0
2024-05-23,23.29,22.78,23.4,22.7,14004.14,32897.684,0.9764252036005144,,0.0
2024-05-24,22.96,22.1,22.96,22.1,16440.0,37663.628,0.9757174392935982,,0.0
2024-05-27,23.15,22.0,23.15,21.48,26795.0,60031.285,0.975609756097561,,0.0
2024-05-28,22.130000000000003,21.950000000000003,22.21,21.56,15227.0,34052.198,0.982102908277405,,0.0
2024-05-29,21.950000000000003,21.8,22.25,21.610000000000003,11107.03,24863.491,0.981981981981982,,0.0
2024-05-30,21.610000000000003,21.98,22.1,21.360000000000003,14597.95,32510.872,0.9821268990169796,,0.0
2024-05-31,22.35,22.18,22.42,21.770000000000003,15363.92,34753.62,0.9822852081488044,,0.0
2024-06-03,22.14,21.75,22.35,21.51,19574.51,43671.86,0.981941309255079,,0.0
2024-06-04,21.75,21.19,21.78,20.950000000000003,21420.0,46287.452,0.9814729041222788,,0.0
2024-06-05,21.12,21.21,21.65,21.12,18236.0,39768.074,0.98149005090236,,0.0
2024-06-06,21.15,20.01,21.290000000000003,19.82,33408.0,69229.686,0.9804017638412544,,0.0
2024-06-07,20.520000000000003,20.34,20.520000000000003,20.020000000000003,19871.0,41076.004,0.9807135969141756,,0.0
2024-06-11,20.12,21.16,21.24,19.860000000000003,26422.0,55867.08,0.9814471243042672,,0.0
2024-06-12,21.1,21.0,21.58,20.950000000000003,20024.85,43386.556,0.9813084112149534,,0.0
2024-06-13,21.1,20.860000000000003,21.290000000000003,20.69,21355.0,45643.308,0.9811853245531515,,0.0
2024-06-14,21.12,21.49,22.1,20.39,34522.02,74588.689,0.9817268158976702,,0.0
2024-06-17,21.770000000000003,21.23,22.9,20.69,54374.64,118504.985,0.9815071659731854,,0.0
2024-06-18,21.130000000000003,21.5,21.700000000000003,21.07,37192.0,81305.064,0.9817351598173516,,0.0
2024-06-19,21.56,23.69,23.69,21.07,54856.65,124417.957,0.983395599833956,,0.0
2024-06-20,24.6,23.09,24.6,22.67,139184.95,331003.526,0.9829714772243509,,0.0
2024-06-21,22.700000000000003,22.360000000000003,23.06,21.82,87405.61,198904.302,0.9824253075571178,,0.0
2024-06-24,22.08,21.33,22.08,21.08,72345.3,158529.08,0.9815922687528764,,0.0
2024-06-25,21.700000000000003,23.5,23.5,20.69,109041.08,246300.702,0.98326359832636,,0.0
2024-06-26,24.6,25.89,25.89,23.9,182961.74,463325.845,0.9847850893876,,0.0
2024-06-27,25.6,28.520000000000003,28.520000000000003,25.25,182071.82,501008.236,0.9861687413554634,,0.0
2024-06-28,29.22,26.64,30.770000000000003,25.92,221029.43,633350.743,0.985207100591716,,0.0
2024-07-01,25.72,29.34,29.34,25.16,213530.85,598637.641,0.9865501008742434,,0.0
2024-07-02,32.31,32.31,32.31,32.31,38577.58,126187.264,0.9877713237542036,,0.0
2024-07-03,35.58,33.43,35.58,33.11,333892.72,1163656.548,0.98817617499261,,0.0
2024-07-04,30.05,30.56,33.410000000000004,30.05,304762.69,950439.857,0.9870801033591732,,0.0
2024-07-05,30.4,29.8,32.1,29.08,245597.87,763379.484,0.9867549668874172,,0.0
2024-07-08,28.3,30.23,30.53,28.3,187495.57,558930.934,0.9869409076069212,,0.0
2024-07-09,29.6,30.860000000000003,32.01,27.17,256784.65,756902.639,0.9872040946896994,,0.0
2024-07-10,29.6,29.48,30.93,29.4,167077.77,508328.332,0.9866131191432396,,0.0
2024-07-11,29.8,30.700000000000003,31.380000000000003,28.8,205096.57,629775.416,0.9871382636655948,,0.0
2024-07-12,30.360000000000003,31.940000000000005,33.26,30.3,229268.8,735480.134,0.9876314162028448,,0.0
2024-07-15,30.84,29.08,30.9,28.71,174765.74,525135.882,0.9864314789687924,,0.0
2024-07-16,28.32,29.39,29.790000000000003,28.130000000000003,127611.42,376796.303,0.9865726753944276,,0.0
2024-07-17,28.72,27.110000000000003,29.25,26.83,153171.22,432313.966,0.9854598327880773,,0.0
2024-07-18,26.43,28.12,28.200000000000003,26.130000000000003,150881.48,418520.493,0.9859747545582048,,0.0
2024-07-19,27.700000000000003,28.35,29.25,27.4,163116.52,471418.302,0.9860869565217392,,0.0
2024-07-22,28.37,27.97,29.0,27.24,129298.29,366839.379,0.985900599224533,,0.0
2024-07-23,28.03,26.25,28.19,25.91,142071.07,387313.654,0.9849906191369606,,0.0
2024-07-24,25.860000000000003,25.450000000000003,26.17,25.37,88480.94,230697.136,0.9845261121856868,,0.0
2024-07-25,24.9,24.78,25.770000000000003,24.65,91644.1,233725.187,0.9841143764892772,,0.0
2024-07-26,24.790000000000003,25.07,25.23,24.66,71279.37,180553.474,0.9842952493129172,,0.0
2024-07-29,25.09,25.3,25.51,24.74,69127.37,176866.333,0.9844357976653696,,0.0
2024-07-30,24.96,24.78,25.290000000000003,24.65,69114.05,174930.88,0.9841143764892772,,0.0
2024-07-31,24.82,26.290000000000003,26.78,24.520000000000003,138450.35,363302.237,0.9850131135256652,,0.0
2024-08-01,26.07,25.68,26.43,25.5,99814.0,262119.5,0.9846625766871168,,0.0
2024-08-02,25.450000000000003,24.96,25.76,24.96,65646.0,168887.048,0.9842271293375396,,0.0
2024-08-05,24.770000000000003,23.91,25.200000000000003,23.880000000000003,75324.0,187474.373,0.9835458658988072,,0.0
2024-08-06,24.23,24.33,24.48,23.880000000000003,49044.72,120378.63,0.9838253133845531,,0.0
2024-08-07,24.39,24.5,24.71,24.110000000000003,45579.48,113251.294,0.9839357429718876,,0.0
2024-08-08,24.3,24.43,24.790000000000003,23.91,40265.0,99734.012,0.9838904550946436,,0.0
2024-08-09,24.5,24.5,25.08,24.46,52350.0,131588.853,0.9839357429718876,,0.0
2024-08-12,24.1,24.32,24.96,23.96,45553.0,113364.7,0.9838187702265372,,0.0
2024-08-13,24.35,24.56,24.610000000000003,24.200000000000003,28148.0,69851.582,0.983974358974359,,0.0
2024-08-14,24.6,24.41,24.62,24.25,31321.35,77820.939,0.9838774687625956,,0.0
2024-08-15,24.44,24.49,24.84,24.0,45688.0,113674.908,0.9839292888710326,,0.0
2024-08-16,24.46,24.07,24.53,24.07,31784.0,78434.016,0.98365345320801,,0.0
2024-08-19,23.75,24.200000000000003,24.72,23.72,34443.0,85169.177,0.983739837398374,,0.0
2024-08-20,24.020000000000003,23.450000000000003,24.22,23.290000000000003,49567.0,118655.097,0.9832285115303984,,0.0
2024-08-21,23.450000000000003,23.24,23.68,23.200000000000003,24212.83,57707.388,0.9830795262267344,,0.0
2024-08-22,23.23,22.89,23.5,22.82,31970.0,74927.098,0.982825246887076,,0.0
2024-08-23,22.9,23.34,23.68,22.87,35370.0,83747.766,0.983150800336984,,0.0
2024-08-26,23.33,23.42,23.56,23.1,23771.0,56500.846,0.9832073887489504,,0.0
2024-08-27,23.25,23.020000000000003,23.67,23.020000000000003,25700.62,60810.734,0.9829205807002562,,0.0
2024-08-28,22.9,22.84,23.25,22.66,19582.16,45685.526,0.982788296041308,,0.0
2024-08-29,22.8,23.110000000000003,23.290000000000003,22.65,22553.0,52996.731,0.9829859634198214,,0.0
2024-08-30,23.130000000000003,23.62,23.9,23.05,35456.13,85164.303,0.9833472106577852,,0.0
2024-09-02,23.6,22.62,23.6,22.610000000000003,34543.0,81002.594,0.9826238053866204,,0.0
2024-09-03,22.76,22.91,23.0,22.6,23541.0,54633.079,0.9828399828399828,,0.0
2024-09-04,22.84,22.66,22.94,22.6,17143.0,39659.189,0.9826539462272332,,0.0
2024-09-05,22.72,23.270000000000003,23.64,22.72,36286.0,85835.493,0.9831009716941276,,0.0
2024-09-06,23.09,22.630000000000003,23.37,22.6,28448.42,66258.133,0.9826313504125056,,0.0
2024-09-09,22.540000000000003,22.5,22.75,22.110000000000003,21901.42,50038.22,0.9825327510917032,,0.0
2024-09-10,22.520000000000003,22.81,22.96,22.110000000000003,23223.0,53322.304,0.98276604911676,,0.0
2024-09-11,22.8,22.67,22.84,22.380000000000003,14757.0,34039.888,0.9826614651061986,,0.0
2024-09-12,22.700000000000003,22.73,23.32,22.64,30917.0,72109.414,0.9827064418504108,,0.0
2024-09-13,22.540000000000003,22.26,22.8,22.25,20773.0,47459.667,0.9823477493380408,,0.0
2024-09-18,22.24,22.1,22.360000000000003,21.82,15050.42,33767.047,0.9822222222222224,,0.0
2024-09-19,22.290000000000003,22.770000000000003,22.94,22.09,27853.0,64084.875,0.9827362969356928,,0.0
2024-09-20,22.71,22.96,23.26,22.62,31435.0,73332.184,0.9828767123287672,,0.0
2024-09-23,22.89,23.06,23.200000000000003,22.75,25281.0,59251.549,0.9829497016197783,,0.0
2024-09-24,23.12,23.68,23.75,22.75,40692.0,96611.53,0.983388704318937,,0.0
2024-09-25,23.82,24.880000000000003,26.09,23.78,114807.0,290716.883,0.9841772151898734,,0.0
2024-09-26,24.47,25.06,25.09,24.05,83214.0,207840.673,0.9842890809112332,,0.0
2024-09-27,25.22,26.34,26.6,25.200000000000003,55303.0,144692.441,0.9850411368735976,,0.0
2024-09-30,26.880000000000003,28.770000000000003,29.0,26.87,123560.04,350183.142,0.9862872814535484,,0.0
2024-10-08,31.690000000000005,29.94,31.690000000000005,27.65,171572.0,516635.639,0.98681608437706,,0.0
2024-10-09,28.47,27.51,29.68,27.46,103055.0,299672.575,0.9856682192762451,,0.0
2024-10-10,28.44,28.130000000000003,29.03,27.700000000000003,99907.0,288099.945,0.9859796705222572,,0.0
2024-10-11,27.6,26.73,27.700000000000003,26.4,61866.0,168465.794,0.9852561739771472,,0.0
2024-10-14,26.43,27.71,27.880000000000003,25.76,68877.0,188013.038,0.985770188545002,,0.0
2024-10-15,27.58,27.39,28.6,26.99,63660.24,180460.953,0.9856063332133862,,0.0
2024-10-16,26.97,27.9,28.99,26.630000000000003,71300.28,202658.494,0.9858657243816256,,0.0
2024-10-17,28.23,27.9,28.8,27.880000000000003,53760.11,154550.355,0.9858657243816256,,0.0
2024-10-18,27.950000000000003,28.610000000000003,29.49,27.380000000000003,70555.36,203797.117,0.9862116511547744,,0.0
2024-10-21,28.8,28.64,29.200000000000003,28.41,60003.0,175210.987,0.9862258953168044,,0.0
2024-10-22,28.65,28.020000000000003,28.72,27.75,47075.0,134733.833,0.9859254046446164,,0.0
2024-10-23,28.01,27.83,28.74,27.770000000000003,42851.58,122664.629,0.9858306765851932,,0.0
2024-10-24,27.6,27.53,27.99,27.360000000000003,30646.0,85599.504,0.9856784819190836,,0.0
2024-10-25,27.58,27.89,28.1,27.42,36923.0,103899.784,0.9858607281724991,,0.0
2024-10-28,27.9,28.42,28.44,27.73,34925.0,99780.738,0.986120749479528,,0.0
2024-10-29,28.450000000000003,29.450000000000003,29.98,28.200000000000003,89845.12,264422.563,0.9865996649916248,,0.0
2024-10-30,29.1,28.21,29.1,27.56,77105.0,219812.803,0.9860188745193988,,0.0
2024-10-31,28.05,28.630000000000003,28.84,27.57,60805.16,174979.834,0.9862211505339304,,0.0
2024-11-01,27.99,26.96,28.47,26.8,57396.0,160040.451,0.9853801169590644,,0.0
2024-11-04,26.81,27.65,27.66,26.81,31822.0,88249.966,0.9857397504456328,,0.0
2024-11-05,27.56,28.8,28.860000000000003,27.53,50689.0,146624.085,0.9863013698630138,,0.0
2024-11-06,28.98,28.56,29.020000000000003,28.23,47063.0,136788.699,0.9861878453038676,,0.0
2024-11-07,28.56,29.09,29.1,28.0,45955.0,133326.636,0.986436080027128,,0.0
2024-11-08,29.62,29.51,30.65,29.360000000000003,69288.88,210792.445,0.9866265463055834,,0.0
2024-11-11,29.03,31.690000000000005,32.5,29.03,112052.01,353025.969,0.9875350576503584,,0.0
2024-11-12,33.61,34.9,34.9,32.81,180412.97,622805.612,0.9886685552407932,,0.0
2024-11-13,33.160000000000004,32.15,33.29,31.41,163093.69,532488.103,0.9877112135176652,,0.0
2024-11-14,32.1,30.520000000000003,32.160000000000004,30.46,117894.05,370251.99,0.9870633893919794,,0.0
2024-11-15,30.6,30.6,32.46,30.51,111170.63,352904.568,0.9870967741935484,,0.0
2024-11-18,30.48,28.91,30.860000000000003,28.81,86842.31,261340.582,0.9863527806209486,,0.0
2024-11-19,29.05,29.07,29.4,28.15,59894.8,174407.862,0.98642687478792,,0.0
2024-11-20,28.91,29.75,30.18,28.71,59080.0,177467.324,0.9867330016583749,,0.0
2024-11-21,29.41,29.73,30.200000000000003,29.41,45741.9,137637.626,0.9867241951543312,,0.0
2024-11-22,29.58,28.91,30.74,28.860000000000003,69703.43,211685.411,0.9863527806209486,,0.0
2024-11-25,30.0,30.8,31.4,29.48,102042.86,312701.436,0.9871794871794872,,0.0
2024-11-26,30.290000000000003,28.8,30.290000000000003,28.8,75986.6,226798.905,0.9863013698630138,,0.0
2024-11-27,28.48,30.69,30.87,28.200000000000003,94006.4,283665.587,0.9871341267288518,,0.0
2024-11-28,30.6,29.700000000000003,31.15,29.53,75056.01,230419.977,0.9867109634551496,,0.0
2024-11-29,29.6,30.68,31.360000000000003,29.49,89488.62,276377.221,0.9871299871299872,,0.0
2024-12-02,30.55,31.05,31.3,30.06,63129.77,196773.978,0.987281399046105,,0.0
2024-12-03,30.9,33.4,34.2,30.49,159125.06,528445.567,0.9881656804733728,,0.0
2024-12-04,32.39,31.5,32.6,31.200000000000003,112654.61,362814.162,0.987460815047022,,0.0
2024-12-05,31.520000000000003,33.03,33.28,31.22,124831.99,411795.614,0.9880346993718218,,0.0
2024-12-06,33.11,32.43,33.230000000000004,31.6,83823.0,274578.844,0.9878160219311606,,0.0
2024-12-09,32.4,32.0,33.0,31.41,59230.93,192492.736,0.9876543209876544,,0.0
2024-12-10,33.4,33.52,34.28,32.26,122160.0,412749.865,0.9882075471698114,,0.0
2024-12-11,33.22,34.6,34.88,32.65,93462.77,320431.835,0.9885714285714288,,0.0
2024-12-12,34.14,34.57,34.97,33.84,62432.02,217391.648,0.9885616242493568,,0.0
2024-12-13,34.1,33.26,34.58,32.9,58959.89,200434.453,0.988116458704694,,0.0
2024-12-16,33.0,32.27,33.6,31.97,37995.33,124545.923,0.9877563513927152,,0.0
2024-12-17,32.0,31.37,32.43,31.23,30832.37,98691.053,0.9874095058231036,,0.0
2024-12-18,31.6,31.41,31.950000000000003,31.1,30037.22,95821.146,0.9874253379440427,,0.0
2024-12-19,30.89,32.29,32.74,30.72,49437.0,159201.1,0.9877638421535638,,0.0
2024-12-20,32.26,33.06,33.28,31.83,33441.01,110868.597,0.9880454273759712,,0.0
2024-12-23,33.300000000000004,31.5,33.6,31.46,35948.06,117059.167,0.987460815047022,,0.0
2024-12-24,31.130000000000003,31.800000000000004,32.39,31.06,28070.67,90026.412,0.9875776397515528,,0.0
2024-12-25,32.15,30.56,32.15,30.06,47903.85,148399.257,0.9870801033591732,,0.0
2024-12-26,30.41,31.21,31.770000000000003,29.96,46176.53,145330.345,0.987345776652958,,0.0
2024-12-27,31.06,30.67,31.55,30.6,28788.0,90653.674,0.9871258448664308,,0.0
2024-12-30,30.72,31.12,32.28,29.950000000000003,39411.37,125089.645,0.9873096446700508,,0.0
2024-12-31,31.41,30.1,31.68,30.1,29440.0,91276.982,0.9868852459016394,,0.0
2025-01-02,29.880000000000003,28.81,30.24,28.53,32813.0,98113.672,0.9863060595686408,,0.0
2025-01-03,28.87,27.24,29.200000000000003,27.130000000000003,30974.0,87966.284,0.9855282199710564,,0.0
2025-01-06,27.130000000000003,27.880000000000003,28.25,26.610000000000003,37134.12,104341.26,0.985855728429986,,0.0
2025-01-07,27.880000000000003,27.82,28.290000000000003,27.4,20213.35,56875.513,0.9858256555634304,,0.0
2025-01-08,27.84,27.09,27.91,26.3,29084.22,79694.946,0.9854492542742816,,0.0
2025-01-09,26.97,26.880000000000003,27.25,26.76,20207.0,55346.776,0.9853372434017597,,0.0
2025-01-10,26.76,26.55,27.59,26.55,23305.0,63917.654,0.9851576994434138,,0.0
2025-01-13,26.22,26.91,27.200000000000003,26.200000000000003,18022.0,48971.711,0.9853533504210912,,0.0
2025-01-14,27.03,28.26,28.3,26.94,30711.0,86504.377,0.9860432658757852,,0.0
2025-01-15,28.200000000000003,28.09,28.35,27.73,15437.0,43874.434,0.985959985959986,,0.0
2025-01-16,28.12,28.24,28.880000000000003,28.1,24246.22,70031.741,0.9860335195530728,,0.0
2025-01-17,28.08,28.8,29.18,27.98,26405.96,76905.8,0.9863013698630138,,0.0
2025-01-20,29.130000000000003,28.96,29.46,28.74,17876.88,52621.033,0.9863760217983653,,0.0
2025-01-21,28.93,28.99,29.25,28.6,13570.0,39760.284,0.9863899285471248,,0.0
2025-01-22,29.12,28.69,29.12,28.41,12764.0,37090.364,0.986249570299072,,0.0
2025-01-23,28.880000000000003,29.040000000000003,29.82,28.72,29750.0,88842.843,0.9864130434782608,,0.0
2025-01-24,28.880000000000003,31.980000000000004,31.980000000000004,28.880000000000003,72616.22,229946.757,0.987646695491044,,0.0
2025-01-27,32.2,32.300000000000004,33.2,31.6,88100.0,288454.861,0.9877675840978594,,0.0
2025-02-05,33.410000000000004,34.13,35.46,33.050000000000004,109233.23,381471.218,0.9884158702577468,,0.0
2025-02-06,34.13,37.58,37.58,33.53,101409.49,371745.707,0.989468141126909,,0.0
2025-02-07,37.940000000000005,36.1,38.14,35.85,102578.0,378009.935,0.989041095890411,,0.0
2025-02-10,36.58,37.64,39.47,35.74,132160.31,495381.718,0.989484752891693,,0.0
2025-02-11,37.54,38.39,39.38,36.81,80119.92,308106.638,0.9896880639340035,,0.0
2025-02-12,38.15,42.27,42.27,37.64,113158.04,467109.976,0.990625732364659,,0.0
2025-02-13,43.6,40.53,43.6,40.41,99031.67,410075.968,0.9902272172000978,,0.0
2025-02-14,40.51,44.56,44.620000000000005,40.35,121851.97,530708.548,0.9911032028469752,,0.0
2025-02-17,44.3,44.25,48.38,42.14,107987.85,486179.372,0.9910414333706608,,0.0
2025-02-18,42.76,42.4,45.35,42.1,81987.22,357216.14,0.9906542056074766,,0.0
2025-02-19,41.620000000000005,42.79,42.96,40.6,78450.0,334722.843,0.99073859689743,,0.0
2025-02-20,42.41,43.02,43.48,41.81,64938.64,280065.089,0.9907876554583142,,0.0
2025-02-21,43.41,45.190000000000005,46.190000000000005,42.4,72277.92,324122.411,0.9912261460846676,,0.0
2025-02-24,44.35,42.99,45.0,42.75,59439.97,262711.972,0.9907812860106016,,0.0
2025-02-25,41.89,43.46,43.96,41.6,44868.54,194887.347,0.9908800729594164,,0.0
2025-02-26,43.6,45.1,45.97,42.6,51327.66,230437.292,0.9912087912087912,,0.0
2025-02-27,44.370000000000005,43.370000000000005,45.0,42.3,47852.99,210032.708,0.990861320539182,,0.0
2025-02-28,43.34,41.35,43.51,41.0,42915.0,182352.868,0.9904191616766468,,0.0
2025-03-03,41.82,41.58,42.99,40.82,42669.27,181053.504,0.9904716531681752,,0.0
2025-03-04,41.25,43.4,43.9,40.71,55741.53,243032.715,0.9908675799086758,,0.0
2025-03-05,43.4,43.74,44.75,42.67,35235.0,155043.612,0.9909379247847756,,0.0
2025-03-06,44.01,48.15,48.15,44.0,62837.26,293839.834,0.9917610710607622,,0.0
2025-03-07,48.6,51.42,53.01,48.6,108209.82,557065.006,0.9922809725974528,,0.0
2025-03-10,49.34,50.08,50.36,47.38,75138.16,369304.587,0.9920760697305864,,0.0
2025-03-11,49.08,52.34,52.86,48.6,67933.96,349631.256,0.9924156238149412,,0.0
2025-03-12,52.2,49.59,52.27,49.4,51190.81,261434.799,0.991998399679936,,0.0
2025-03-13,49.59,47.91,49.98,47.52,44884.0,218485.471,0.9917201407576072,,0.0
2025-03-14,47.26,47.85,48.370000000000005,46.81,40728.58,196085.236,0.9917098445595856,,0.0
2025-03-17,48.3,48.05,48.41,46.6,41551.26,198857.883,0.9917440660474716,,0.0
2025-03-18,48.3,48.24,50.45,48.0,54532.0,270401.843,0.9917763157894736,,0.0
2025-03-19,48.67,47.55,49.93,47.31,54638.03,268025.659,0.9916579770594368,,0.0
2025-03-20,47.64,46.940000000000005,48.55,46.370000000000005,31525.0,150763.879,0.9915504858470638,,0.0
2025-03-21,46.6,44.72,46.91,44.04,48348.1,219877.082,0.9911347517730495,,0.0
2025-03-24,44.48,43.5,45.63,42.51,63404.0,280207.729,0.9908883826879272,,0.0
2025-03-25,43.83,43.6,45.1,43.18,43016.8,191781.674,0.990909090909091,,0.0
2025-03-26,43.6,43.45,44.55,43.2,32228.0,142319.551,0.9908779931584948,,0.0
2025-03-27,43.38,43.84,44.83,42.620000000000005,33295.03,148214.584,0.9909584086799276,,0.0
2025-03-28,43.56,43.99,44.7,43.39,22528.0,100533.747,0.9909889614778103,,0.0
2025-03-31,43.84,45.16,45.620000000000005,43.28,49866.0,224842.689,0.9912203687445128,,0.0
2025-04-01,44.97,43.33,45.71,43.31,45161.0,200713.759,0.9908529613537618,,0.0
2025-04-02,43.22,43.8,44.23,42.9,26140.0,115732.398,0.990950226244344,,0.0
2025-04-03,43.28,43.95,44.8,43.120000000000005,23861.0,106280.426,0.9909808342728298,,0.0
2025-04-07,40.97,39.52,42.89,39.52,28576.0,115578.057,0.9899799599198396,,0.0
2025-04-08,41.370000000000005,38.03,41.370000000000005,36.71,47744.58,184205.429,0.9895914650013012,,0.0
2025-04-09,37.22,39.2,39.9,35.36,44842.0,173826.959,0.98989898989899,,0.0
2025-04-10,39.84,40.2,41.27,39.11,35999.0,146313.916,0.9901477832512317,,0.0
2025-04-11,39.690000000000005,41.13,41.55,39.11,29742.02,123007.193,0.9903684083794848,,0.0
2025-04-14,41.59,42.620000000000005,42.96,40.77,43834.0,186569.9,0.9907019990702,,0.0
2025-04-15,42.66,42.14,43.4,41.0,41693.6,176676.025,0.99059708509638,,0.0
2025-04-16,42.1,41.56,43.03,41.25,32506.79,137873.592,0.990467111534795,,0.0
2025-04-17,41.45,45.76,45.76,41.35,46488.37,205785.651,0.9913344887348354,,0.0
2025-04-18,45.89,43.58,46.24,42.45,78140.67,343750.412,0.9909049567985448,,0.0
2025-04-21,43.35,45.08,45.88,42.7,63799.77,288715.01,0.9912049252418644,,0.0
2025-04-22,45.08,42.63,45.48,42.6,58271.47,255314.617,0.99070415988845,,0.0
2025-04-23,42.63,42.05,45.02,41.58,93378.4,407250.984,0.9905771495877504,,0.0
2025-04-24,41.58,41.97,42.46,41.41,38474.3,163206.858,0.9905593580363464,,0.0
2025-04-25,41.92,42.38,43.1,41.73,42341.0,181125.986,0.9906498363721364,,0.0
2025-04-28,43.9,43.56,44.52,42.43,63719.53,280132.899,0.9909008189262968,,0.0
2025-04-29,43.08,43.76,44.81,43.05,32162.0,142478.399,0.9909420289855072,,0.0
2025-04-30,44.18,46.15,47.04,44.18,50785.0,235560.109,0.99140708915145,,0.0
2025-05-06,46.6,46.76,47.0,45.42,49962.59,233199.241,0.991518235793045,,0.0
2025-05-07,46.61,44.81,48.48,44.1,55427.87,253441.648,0.991152399911524,,0.0
2025-05-08,44.23,44.06,44.7,43.690000000000005,31677.79,140924.573,0.9910031488978858,,0.0
2025-05-09,44.1,43.03,44.2,42.9,30254.96,132433.654,0.990789776652084,,0.0
2025-05-12,43.41,43.71,44.2,42.51,35169.04,154363.952,0.9909317615053276,,0.0
2025-05-13,44.09,43.8,45.870000000000005,43.74,38371.25,172912.87,0.990950226244344,,0.0
2025-05-14,43.76,43.51,44.56,43.35,23375.51,103117.818,0.990890457754498,,0.0
2025-05-15,43.440000000000005,41.41,43.440000000000005,41.21,28727.54,121674.313,0.9904329107868932,,0.0
2025-05-16,41.04,40.58,41.33,40.02,36861.0,150618.995,0.990239141044412,,0.0
2025-05-19,40.7,41.63,42.1,40.45,42163.24,175721.348,0.9904829883416608,,0.0
2025-05-20,41.61,41.21,41.99,40.6,17503.0,72787.87,0.9903869262196588,,0.0
2025-05-21,41.11,40.7,41.49,40.6,11593.0,47774.3,0.9902676399026764,,0.0
2025-05-22,40.97,41.27,42.08,40.1,31262.25,130637.291,0.9904007679385648,,0.0
2025-05-23,41.11,41.07,42.47,40.85,27828.0,117120.536,0.990354473113094,,0.0
2025-05-26,40.86,40.25,41.57,40.22,22694.08,93123.779,0.990159901599016,,0.0
2025-05-27,40.58,39.97,40.58,39.690000000000005,13339.0,53750.309,0.9900916522169928,,0.0
2025-05-28,39.65,39.8,40.15,39.620000000000005,16594.61,66677.998,0.9900497512437813,,0.0
2025-05-29,39.98,41.59,41.96,39.88,34476.77,142632.347,0.9952141660684374,,0.0
2025-05-30,41.8,40.54,41.8,40.25,14244.0,58335.404,0.9950908198330878,,0.0
2025-06-03,40.3,39.53,40.79,39.31,23006.0,92128.324,0.9949660206393152,,0.0
2025-06-04,39.6,40.12,40.37,39.3,23045.63,92334.96,0.9950396825396824,,0.0
2025-06-05,40.12,41.96,42.22,39.79,37186.77,153981.196,0.9952561669829222,,0.0
2025-06-06,41.69,41.11,42.66,40.91,19813.43,82798.611,0.9951585572500604,,0.0
2025-06-09,40.53,41.49,42.45,40.53,23357.16,97789.311,0.9952026864955624,,0.0
2025-06-10,41.43,42.06,42.58,41.01,31605.0,132598.538,0.9952673923331756,,0.0
2025-06-11,41.8,41.5,42.66,41.48,20347.99,85771.75,0.9952038369304556,,0.0
2025-06-12,41.5,41.6,42.8,41.11,25418.76,107587.052,0.9952153110047848,,0.0
2025-06-13,41.4,40.1,41.71,39.52,27779.08,112029.972,0.9950372208436724,,0.0
2025-06-16,39.76,39.79,40.89,39.56,26726.84,107162.907,0.9949987496874216,,0.0
2025-06-17,39.6,39.51,39.65,38.54,24240.0,95349.642,0.9949634852681944,,0.0
2025-06-18,39.51,38.71,39.54,38.68,15149.93,59225.894,0.9948599331791312,,0.0
2025-06-19,38.84,39.14,40.2,38.6,26255.81,104030.057,0.9949161159125572,,0.0
2025-06-20,39.31,37.03,39.31,36.9,34299.77,129968.693,0.994627988181574,,0.0
2025-06-23,36.83,38.18,38.55,36.8,27889.98,106245.032,0.9947889525794684,,0.0
2025-06-24,39.45,40.25,41.22,39.2,44025.0,177480.372,0.9950556242274412,,0.0
2025-06-25,39.96,42.9,43.06,39.29,60605.78,254343.527,0.9953596287703016,,0.0
2025-06-26,42.74,42.52,43.38,42.21,32596.88,139678.055,0.995318352059925,,0.0
2025-06-27,42.36,42.1,43.18,41.16,27863.86,118103.357,0.995271867612293,,0.0
2025-06-30,42.1,42.71,43.14,42.02,28313.08,121412.736,0.9953390817991143,,0.0
2025-07-01,42.68,42.97,43.35,41.58,25263.61,107745.462,0.9953671531155894,,0.0
2025-07-02,42.75,42.17,42.97,41.82,19063.0,80992.026,0.9952796790181732,,0.0
2025-07-03,42.19,41.67,42.6,41.47,15389.0,64637.026,0.9952233102459994,,0.0
2025-07-04,41.67,42.54,43.15,41.35,31087.0,132395.628,0.9953205428170332,,0.0
2025-07-07,40.1,38.66,41.12,38.28,69718.77,271777.994,0.9948533196088524,,0.0
2025-07-08,38.27,37.8,38.67,37.61,79837.92,304484.15,0.994736842105263,,0.0
2025-07-09,37.7,38.12,39.94,37.61,89542.44,345935.268,0.9947807933194154,,0.0
2025-07-10,37.81,37.78,38.08,37.62,29814.05,113300.423,0.9947340705634544,,0.0
2025-07-11,37.65,38.83,39.6,37.35,65388.79,254959.328,0.994875736612862,,0.0
2025-07-14,38.6,39.38,39.6,38.6,38615.2,151378.838,0.9949469429004548,,0.0
2025-07-15,39.32,43.34,43.34,39.1,77726.72,320626.794,0.9954065227377124,,0.0
2025-07-16,43.29,45.45,46.6,42.91,99972.06,451832.445,0.9956188389923328,,0.0
2025-07-17,44.69,43.88,44.76,43.3,72761.78,319589.332,0.9954627949183302,,0.0
2025-07-18,44.03,45.36,46.91,44.03,88928.42,408852.467,0.9956101843722563,,0.0
2025-07-21,44.79,46.42,46.96,44.61,64801.42,300297.23,0.9957099957099956,,0.0
2025-07-22,45.48,45.97,46.9,45.34,36483.25,168444.634,0.9956681828026857,,0.0
2025-07-23,46.31,47.85,48.64,45.39,58009.61,275889.826,0.995837669094693,,0.0
2025-07-24,47.34,47.79,48.0,46.2,47372.6,224555.626,0.9958324650968952,,0.0
2025-07-25,47.8,50.7,52.59,47.52,77248.05,387665.157,0.9960707269155206,,0.0
2025-07-28,50.2,47.91,50.2,46.97,74003.27,356345.451,0.9958428601122428,,0.0
2025-07-29,47.4,49.13,49.29,46.82,54597.0,265830.918,0.9959456720048652,,0.0
2025-07-30,48.2,49.59,49.8,48.2,54557.14,268945.94,0.995983129142398,,0.0
2025-07-31,49.8,51.13,54.1,49.11,65771.67,338368.871,0.9961036430937074,,0.0
2025-08-01,52.03,51.3,52.08,49.3,55525.74,282520.686,0.9961165048543688,,0.0
2025-08-04,51.01,51.05,51.2,49.16,50358.38,253866.227,0.9960975609756098,,0.0
2025-08-05,51.05,49.73,51.69,49.08,51144.8,256449.939,0.9959943921490084,,0.0
2025-08-06,49.25,50.59,50.82,48.96,35760.0,179806.094,0.9960622169718448,,0.0
2025-08-07,50.69,52.21,53.2,50.69,46915.74,244623.014,0.996183934363671,,0.0
2025-08-08,50.8,48.65,51.59,47.9,64858.1,319228.34,0.9959058341862844,,0.0
2025-08-11,47.98,49.01,49.62,47.88,45502.97,223172.511,0.9959357854094696,,0.0
2025-08-12,49.98,48.47,49.98,48.45,30439.82,149628.639,0.9958906924183276,,0.0
2025-08-13,48.42,48.67,49.45,47.81,47055.82,229738.29,0.9959075097196644,,0.0
2025-08-14,49.1,48.68,51.25,48.5,64394.09,321733.406,0.9959083469721768,,0.0
2025-08-15,48.02,48.74,50.1,47.51,64516.92,314429.486,0.9959133633020024,,0.0
2025-08-18,48.8,50.74,52.01,48.7,65166.6,332652.063,0.9960738123282292,,0.0
2025-08-19,50.46,54.0,55.68,50.46,63184.41,339934.829,0.9963099630996308,,0.0
2025-08-20,53.35,53.2,53.35,51.68,61105.25,322236.496,0.99625468164794,,0.0
2025-08-21,52.8,54.35,56.65,52.8,67956.38,373153.937,0.996333638863428,,0.0
2025-08-22,54.69,59.81,59.81,53.7,69762.75,398540.613,0.996667222129645,,0.0
2025-08-25,61.96,60.9,65.3,58.04,104989.54,638525.508,0.9967266775777414,,0.0
2025-08-26,59.16,58.37,60.9,57.03,75918.69,444859.214,0.9965852825678676,,0.0
2025-08-27,60.26,58.9,63.59,58.38,97430.64,591492.972,0.9966159052453468,,0.0
2025-08-28,57.8,57.85,58.3,55.16,86191.03,492338.784,0.9965546942291128,,0.0
2025-08-29,57.85,56.21,58.6,55.91,64950.35,372647.816,0.9964545293387695,,0.0
2025-09-01,56.39,56.1,57.58,54.21,73476.61,412266.536,0.9964476021314388,,0.0
2025-09-02,56.11,55.46,56.5,54.39,45002.76,249449.592,0.996406755300036,,0.0
2025-09-03,55.45,53.6,55.65,53.4,34178.45,186497.326,0.9962825278810408,,0.0
2025-09-04,53.4,51.62,54.17,50.81,56641.71,299201.189,0.9961404862987264,,0.0
2025-09-05,51.78,51.1,51.78,50.13,48334.69,246264.505,0.996101364522417,,0.0
2025-09-08,50.38,51.94,53.62,50.38,46865.56,246538.589,0.9961641733793632,,0.0
2025-09-09,51.94,50.8,52.43,50.67,28682.45,147841.314,0.9960784313725488,,0.0
2025-09-10,51.07,50.4,51.6,50.05,27597.41,140597.969,0.9960474308300394,,0.0
2025-09-11,50.3,50.9,51.13,49.85,47075.0,238972.797,0.9960861056751468,,0.0
2025-09-12,51.21,50.3,52.18,50.3,53701.01,275867.3,0.996039603960396,,0.0
2025-09-15,50.15,50.5,50.73,49.56,35019.29,176000.052,0.9960552268244576,,0.0
2025-09-16,50.34,52.83,53.33,50.07,56448.02,293397.08,0.9962285498774278,,0.0
2025-09-17,51.9,52.28,52.89,50.9,50478.01,263142.503,0.9961890243902438,,0.0
2025-09-18,52.11,51.37,53.62,51.11,51220.11,269696.0,0.9961217762264882,,0.0
2025-09-19,51.35,50.42,52.65,50.16,28659.25,147350.795,0.9960489924930856,,0.0
2025-09-22,50.42,50.32,51.83,49.81,24563.84,124928.348,0.9960411718131432,,0.0
2025-09-23,50.31,48.95,50.31,47.87,37960.64,186196.919,0.9959308240081384,,0.0
2025-09-24,48.68,50.28,50.37,48.3,29883.67,148818.028,0.9960380348652932,,0.0
2025-09-25,49.8,51.75,52.95,49.8,51470.55,266850.767,0.996150144369586,,0.0
2025-09-26,51.68,48.89,51.68,48.81,40595.61,202377.709,0.9959258504787124,,0.0
2025-09-29,48.81,48.91,49.34,47.56,31774.0,154413.406,0.9959275096721644,,0.0
2025-09-30,49.7,50.63,51.36,49.26,37587.0,190804.319,0.9960653157584104,,0.0
2025-10-09,49.99,51.3,52.68,48.5,51888.45,265179.804,0.9961165048543688,,0.0
2025-10-10,50.9,48.45,51.28,48.0,39111.0,192678.295,0.9958890030832476,,0.0
2025-10-13,46.4,48.6,50.14,46.4,35914.19,175022.771,0.9959016393442622,,0.0
2025-10-14,49.6,47.57,50.18,47.2,38987.0,190051.29,0.9958132719279882,,0.0
2025-10-15,46.8,47.9,48.8,46.8,27068.24,130299.606,0.9958419958419956,,0.0
2025-10-16,48.5,46.59,48.5,46.46,20633.57,97442.358,0.9957255823893992,,0.0
2025-10-17,46.59,45.91,47.18,45.68,21169.0,98630.061,0.9956625460854478,,0.0
2025-10-20,46.8,46.05,46.8,45.7,24952.15,115533.781,0.9956756756756756,,0.0
2025-10-21,46.8,48.07,48.64,46.24,67840.6,325079.145,0.9958566397348247,,0.0
2025-10-22,47.7,45.35,47.85,45.28,46473.83,215743.7,0.9956092206366628,,0.0
2025-10-23,45.55,44.32,45.73,43.45,41074.0,182015.437,0.9955076370170708,,0.0
2025-10-24,44.45,45.05,45.55,44.45,34197.5,154610.606,0.9955801104972376,,0.0
2025-10-27,45.7,45.09,45.86,44.82,37229.95,169019.961,0.9955840141311548,,0.0
2025-10-28,45.1,49.62,49.62,45.1,73152.38,354601.448,0.9959855479727016,,0.0
2025-10-29,49.62,48.81,50.15,47.59,98936.95,483388.481,0.995919200163232,,0.0
2025-10-30,49.62,48.35,50.37,48.2,66277.44,326972.239,0.995880535530381,,0.0
2025-10-31,48.62,52.07,53.21,48.62,162997.12,853609.948,0.9961737134111344,,0.0
2025-11-03,52.8,53.45,55.23,52.32,162385.17,876808.405,0.9962721342031686,,0.0
2025-11-04,53.01,51.85,53.5,51.39,82056.2,429990.692,0.9961575408261286,,0.0
2025-11-05,50.99,51.7,52.26,48.8,80495.58,409212.609,0.9961464354527938,,0.0
2025-11-06,50.98,50.33,51.56,49.46,57505.02,290090.07,0.9960419552740946,,0.0
2025-11-07,49.83,48.86,50.25,48.3,47532.5,233526.798,0.9959233591520588,,0.0
2025-11-10,49.05,50.62,52.2,48.91,69588.93,353090.305,0.996064541519087,,0.0
2025-11-11,50.63,47.48,50.85,47.37,70459.97,343436.563,0.9958053691275168,,0.0
2025-11-12,47.49,46.32,47.68,46.13,42580.18,199868.121,0.995700773860705,,0.0
2025-11-13,46.3,46.62,47.31,45.8,26468.22,124048.243,0.9957283212302436,,0.0
2025-11-14,46.38,46.43,47.99,46.02,40684.31,192846.547,0.9957109157194938,,0.0
2025-11-17,46.43,47.36,48.09,46.43,42530.06,202487.221,0.9957947855340622,,0.0
2025-11-18,47.04,49.42,51.8,46.46,88656.5,439386.162,0.9959693671906488,,0.0
2025-11-19,49.4,50.39,52.13,48.28,91444.97,464747.589,0.9960466495354812,,0.0
2025-11-20,49.8,48.64,50.3,48.4,54748.78,269072.145,0.9959049959049958,,0.0
2025-11-21,47.82,50.4,51.76,47.14,103368.55,518384.731,0.9960474308300394,,0.0
2025-11-24,50.46,52.51,52.76,46.8,106973.51,542872.759,0.9962056535761714,,0.0
2025-11-25,51.65,52.15,53.58,51.65,87021.99,458812.449,0.9961795606494748,,0.0
2025-11-26,52.11,52.69,53.59,51.2,69803.25,367967.419,0.9962185668368312,,0.0
2025-11-27,52.42,50.25,52.58,50.24,58397.49,299896.161,0.99603567888999,,0.0
2025-11-28,50.55,49.85,51.46,49.25,39493.71,198020.462,0.996003996003996,,0.0
2025-12-01,49.68,50.9,52.58,49.28,57387.56,293204.309,0.9960861056751468,,0.0
2025-12-02,51.3,52.29,53.98,51.25,77608.64,409583.726,0.996189750428653,,0.0
2025-12-03,51.34,53.07,54.01,51.34,67235.22,356856.303,0.996245541580627,,0.0
2025-12-04,52.75,52.93,54.68,51.69,65468.0,349652.182,0.9962356484095614,,0.0
2025-12-05,52.82,53.41,54.32,51.3,68467.68,365341.303,0.9962693527326992,,0.0
2025-12-08,53.15,51.85,53.73,51.43,56659.0,296235.559,0.9961575408261286,,0.0
2025-12-09,51.64,51.05,51.96,50.8,37279.01,191848.255,0.9960975609756098,,0.0
2025-12-10,51.0,50.35,51.05,49.65,28101.45,141684.961,0.9960435212660732,,0.0
2025-12-11,49.88,48.61,50.48,48.52,42352.76,208732.255,0.9959024790002048,,0.0
2025-12-12,48.53,48.95,49.35,47.94,35785.06,174754.614,0.9959308240081384,,0.0
2025-12-15,48.54,47.23,48.68,46.31,44667.66,212631.823,0.9957832595403752,,0.0
2025-12-16,47.79,49.88,50.75,47.57,70511.17,349229.729,0.9960063897763578,,0.0
2025-12-17,49.5,51.77,52.39,49.31,78813.12,407694.732,0.9961516259380412,,0.0
2025-12-18,51.46,51.67,52.6,50.81,38144.0,198119.405,0.9961442066705224,,0.0
2025-12-19,51.4,52.0,52.75,50.94,38409.39,200311.088,0.9961685823754788,,0.0
2025-12-22,52.0,51.0,52.01,49.91,44201.74,225235.163,0.99609375,,0.0
2025-12-23,50.75,50.01,51.5,49.73,30651.91,155107.297,0.9960167297351123,,0.0
2025-12-24,50.15,49.72,50.8,49.3,36009.06,180400.559,0.9959935897435896,,0.0
2025-12-25,49.64,50.63,51.19,49.57,35046.95,177347.791,0.9960653157584104,,0.0
2025-12-26,50.32,50.3,52.0,50.1,41498.99,212332.024,0.996039603960396,,0.0
2025-12-29,50.08,50.75,51.43,49.9,31510.0,161028.311,0.9960745829244356,,0.0
2025-12-30,51.66,53.9,55.78,50.98,87038.95,469933.988,0.9963031423290204,,0.0
2025-12-31,53.58,54.93,56.67,53.38,86362.72,479266.945,0.9963722111373118,,0.0
2026-01-05,54.61,60.44,60.44,54.0,99836.49,581531.32,0.9967018469656992,,0.0
2026-01-06,60.9,61.65,61.99,58.99,81024.59,491444.411,0.9967663702506062,,0.0
2026-01-07,61.1,63.75,65.33,60.44,83003.03,522504.834,0.99687255668491,,0.0
2026-01-08,62.8,64.39999999999999,66.66,60.12,92577.2,583732.81,0.9969040247678018,,0.0
2026-01-09,64.39999999999999,70.86,70.86,63.6,89274.78,603464.461,0.997185477061638,,0.0
2026-01-12,74.8,77.97,77.97,72.75999999999999,64024.79,493703.533,0.9974414737111424,,0.0
2026-01-13,85.78999999999999,81.8,85.78999999999999,79.67999999999999,174655.51,1453257.89,0.997560975609756,,0.0
2026-01-14,80.64,88.36999999999999,90.0,80.64,163184.52,1439792.448,0.997741899062888,,0.0
2026-01-15,88.34,86.1,88.84,83.32,118704.28,1017170.764,0.9976825028968712,,0.0
2026-01-16,86.1,86.28,90.4,85.36999999999999,86891.64,760285.532,0.9976873265494912,,0.0
2026-01-19,85.38,82.17,87.78999999999999,81.81,89909.12,754658.505,0.997571931528469,,0.0
2026-01-20,86.16,81.53,86.3,80.07,80834.42,661547.312,0.997552918145112,,0.0
2026-01-21,81.53999999999999,78.78,82.3,78.3,58647.83,467638.344,0.9974677133451506,,0.0
2026-01-22,79.36,78.36999999999999,79.97,76.8,41481.85,326803.274,0.9974544991727122,,0.0
2026-01-23,79.1,78.48,80.6,76.81,64049.1,506953.85,0.9974580579562784,,0.0
2026-01-26,78.71,77.3,79.57,75.49,69051.12,530719.299,0.9974193548387096,,0.0
2026-01-27,77.38,78.45,80.45,76.08,53449.69,416983.592,0.9974570883661792,,0.0
2026-01-28,77.23,75.52,79.6,75.34,52314.39,404738.593,0.9973586899101954,,0.0
2026-01-29,75.1,75.63,79.3,74.50999999999999,72470.64,560998.259,0.9973625214295132,,0.0
2026-01-30,74.88,72.98,75.28,71.8,51135.0,375313.512,0.9972670128450396,,0.0
2026-02-02,71.8,69.8,73.28,69.67999999999999,41377.91,294653.339,0.9971428571428572,,0.0
2026-02-03,70.74,70.83,71.7,68.88,46602.65,328305.531,0.9971842883288752,,0.0
2026-02-04,70.17,67.84,70.8,66.69,59460.17,404468.404,0.9970605526161082,,0.0
2026-02-05,67.28999999999999,69.6,69.98,67.28999999999999,59164.65,408717.038,0.997134670487106,,0.0
2026-02-06,68.78,68.17999999999999,69.82,67.21,44339.84,304720.846,0.9970751681778296,,0.0
2026-02-09,69.61999999999999,68.53,69.61999999999999,67.83,30029.64,206514.613,0.9970900625636548,,0.0
2026-02-10,68.88,69.32,69.98,67.67999999999999,38428.66,266428.74,0.9971231300345224,,0.0
2026-02-11,69.3,69.39999999999999,69.92999999999999,68.7,31793.4,221038.26,0.9971264367816092,,0.0
2026-02-12,69.66,68.28,69.66,68.1,29032.0,199596.342,0.9970794392523364,,0.0
2026-02-13,68.17,66.59,69.19,65.82,34779.0,236000.295,0.9970055397514598,,0.0
2026-02-24,67.0,59.91,67.07,59.91,105681.25,655845.234,0.9966727665945766,,0.0
2026-02-25,59.91,60.06,60.52,58.5,76993.83,458346.176,0.9966810487885828,,0.0
2026-02-26,60.29,60.0,61.27,59.45,48505.0,293210.18,0.9966777408637874,,0.0
2026-02-27,59.97,60.52,61.26,59.41,47214.75,287193.568,0.9967061923583662,,0.0
2026-03-02,59.21,59.3,60.6,58.83,33476.96,199733.082,0.9966386554621848,,0.0
2026-03-03,59.61,56.86,60.07,56.7,44454.25,258590.188,0.9964949176305644,,0.0
2026-03-04,56.3,55.06,57.3,54.82,58465.0,326963.292,0.9963807455664132,,0.0
2026-03-05,55.73,55.65,56.98,54.98,52947.13,296879.531,0.9964189794091316,,0.0
2026-03-06,55.58,57.89,59.1,55.41,69547.61,403118.136,0.9965570666207608,,0.0
2026-03-09,57.3,58.33,58.7,56.48,58435.25,338230.145,0.9965829489150864,,0.0
2026-03-10,58.65,58.13,59.69,57.6,42196.99,246617.238,0.9965712326418652,,0.0
2026-03-11,58.14,55.96,58.16,55.9,53361.33,302373.48,0.9964387464387464,,0.0
2026-03-12,56.0,55.2,56.1,54.75,34727.89,193022.064,0.9963898916967509,,0.0
2026-03-13,55.06,53.93,55.37,53.8,34703.79,189636.215,0.996305191206355,,0.0
2026-03-16,53.82,54.13,54.45,53.36,28162.49,152430.688,0.9963187925639608,,0.0
2026-03-17,54.41,53.61,55.19,53.58,32205.43,175427.066,0.9962832187325776,,0.0
2026-03-18,53.8,54.4,54.68,53.5,28280.0,153525.679,0.9963369963369962,,0.0
2026-03-19,53.7,53.0,53.93,52.7,29247.52,155907.831,0.9962406015037594,,0.0
2026-03-20,53.08,51.95,53.67,51.91,34948.75,185250.699,0.9961649089165868,,0.0
2026-03-23,52.1,48.5,52.1,48.04,49113.0,244152.158,0.9958932238193018,,0.0
2026-03-24,49.25,50.06,50.28,48.81,40167.31,199296.811,0.9960206923995224,,0.0
2026-03-25,49.88,50.48,50.78,49.82,27165.32,137245.451,0.9960536700868192,,0.0
2026-03-26,50.33,49.78,51.06,49.55,25168.33,127118.91,0.995998399359744,,0.0
2026-03-27,49.58,50.46,50.58,48.99,23651.0,118787.866,0.9960521121200158,,0.0
2026-03-30,50.3,50.8,51.06,49.51,27038.51,137122.726,0.9960784313725488,,0.0
2026-03-31,50.76,49.87,51.25,49.8,21619.0,109696.253,0.9960055921709606,,0.0
2026-04-01,50.77,50.54,50.77,50.0,21541.0,108902.034,0.9960583366180528,,0.0
2026-04-02,50.5,49.11,50.51,48.89,26152.15,129982.6,0.9959440275806124,,0.0
2026-04-03,50.11,48.81,50.11,48.22,22885.22,112560.247,0.995919200163232,,0.0
2026-04-07,49.8,48.65,49.9,48.41,28489.0,140521.089,0.9959058341862844,,0.0
2026-04-08,49.8,52.0,52.11,49.61,48717.0,249844.488,0.9961685823754788,,0.0
2026-04-09,50.87,50.57,51.3,50.2,37399.0,190377.667,0.9960606657474886,,0.0
2026-04-10,51.0,50.69,51.77,50.28,44501.74,227896.241,0.9960699548044802,,0.0
2026-04-13,50.68,49.6,50.68,49.49,34432.0,172712.903,0.9959839357429718,,0.0
2026-04-14,51.79,54.58,54.58,51.2,64159.46,342458.117,0.9963490324936108,,0.0
2026-04-15,55.8,53.47,55.83,53.02,151604.3,826822.886,0.9962735233836408,,0.0
2026-04-16,53.7,56.19,56.69,53.5,147405.28,826778.141,0.9964532718567122,,0.0
2026-04-17,55.32,56.73,57.0,55.3,111325.72,627291.791,0.9964869137537326,,0.0
2026-04-20,56.6,56.84,56.95,55.27,106753.48,600387.55,0.9964936886395512,,0.0
2026-04-21,56.67,59.07,62.2,55.8,149250.1,882340.306,0.996625611607896,,0.0
2026-04-22,58.8,59.61,60.64,57.45,94834.39,563517.198,0.996656077579,,0.0
2026-04-23,58.31,55.82,59.38,55.8,115313.61,659033.454,0.9964298464833988,,0.0
2026-04-24,55.49,56.72,57.3,53.9,86843.66,484400.244,0.9964862965565706,,0.0
2026-04-27,56.4,55.34,56.46,54.62,68199.81,379111.788,0.9963989917176808,,0.0
2026-04-28,54.8,52.92,55.11,52.88,66839.57,359547.094,0.996234939759036,,0.0
2026-04-29,52.68,55.4,55.88,52.67,75206.66,413989.833,0.9964028776978416,,0.0
2026-04-30,55.4,55.09,55.86,54.71,49266.8,272730.648,0.9963827093506964,,0.0
2026-05-06,54.86,57.74,58.78,54.86,83590.94,480412.259,0.9965481532619952,,0.0
2026-05-07,57.73,60.76,61.57,56.69,98408.97,583373.041,0.9967191601049868,,0.0
2026-05-08,61.67,60.18,64.24,59.81,135408.66,841669.304,0.9966876449155349,,0.0
2026-05-11,59.7,61.79,61.82,59.14,951569400.0,5779810040.0,0.9967736731730924,,0.0
2026-05-12,60.85,62.6,62.79,60.34,75525.0,467480.487,0.9968152866242038,,0.0
2026-05-13,61.8,60.33,62.51,60.07,70044.07,427981.819,0.9966958532958864,,0.0
2026-05-14,60.51,57.13,60.67,57.11,55925.39,328239.352,0.9965114250828536,,0.0
2026-05-15,57.13,57.26,58.37,56.48,51477.2,296418.669,0.996519317786286,,0.0
2026-05-18,56.29,56.74,57.78,56.28,37977.05,217550.265,0.996487530734106,,0.0
2026-05-19,56.8,59.77,60.0,56.6,71226.81,421215.81,0.9966649991662496,,0.0
2026-05-20,59.34,58.71,59.54,57.67,45964.9,269949.588,0.9966049906637244,,0.0
2026-05-21,58.71,55.28,59.25,54.8,53127.07,304050.038,0.996395097332372,,0.0
2026-05-22,55.3,53.79,55.78,53.31,59531.32,322290.861,0.9962956102982032,,0.0
2026-05-25,53.77,51.94,54.3,51.58,70968.87,372611.788,0.9961641733793632,,0.0
2026-05-26,51.8,50.27,51.8,49.3,63249.55,318125.883,0.9960372498513969,,0.0
2026-05-27,50.11,48.85,50.5,48.66,51879.63,256984.082,0.9959225280326196,,0.0
2026-05-28,49.1,49.5,49.77,48.49,40318.92,199378.157,0.9959758551307848,,0.0
2026-05-29,50.4,47.6,51.0,47.4,69471.18,341195.74,0.99581589958159,,0.0
2026-06-01,48.3,52.38,52.38,47.91,39800.01,203993.996,0.9961962723469,,0.0
2026-06-02,53.7,54.0,55.05,53.21,122770.99,665705.21,0.9963099630996308,,0.0
2026-06-03,53.29,50.45,53.3,49.89,141049.41,724616.269,0.996051332675222,,0.0
2026-06-04,49.7,48.38,50.4,47.8,53849.0,263693.729,0.9958830794565664,,0.0
2026-06-05,48.71,47.21,48.91,46.46,60133.2,286719.104,0.9957814807002742,,0.0
2026-06-08,45.21,45.52,47.06,44.89,53548.0,246405.653,0.995625546806649,,0.0
2026-06-09,45.97,45.95,46.73,44.82,44411.2,204704.374,0.9956663055254604,,0.0
2026-06-10,45.32,44.49,45.93,44.18,38238.41,172113.475,0.9955247258894606,,0.0
2026-06-11,43.99,43.6,44.28,42.8,41944.07,182710.711,0.9954337899543378,,0.0
2026-06-12,44.29,45.22,45.58,43.71,63204.41,284402.092,0.995596653456627,,0.0
2026-06-15,45.57,45.36,46.37,44.99,38431.1,175750.436,0.9956101843722563,,0.0
2026-06-16,45.0,45.4,46.11,44.3,38683.47,176085.455,0.9956140350877192,,0.0
2026-06-17,45.2,43.91,45.2,43.5,46150.12,203823.178,0.9954658807526636,,0.0
2026-06-18,44.01,45.31,45.85,43.58,49079.47,221443.261,1.0,,0.0
2026-06-22,45.48,44.83,45.66,42.88,56600.88,249138.325,1.0,,0.0
2026-06-24,43.81,42.35,43.81,41.6,53031.0,223789.0,1.0,,0.0
2026-06-25,42.32,40.36,42.38,39.81,77196.94,313871.955,1.0,,0.0
2026-06-26,40.3,38.6,40.3,38.59,53633.85,210118.396,1.0,,0.0
2026-06-29,38.6,39.71,40.39,38.35,49387.08,195430.001,1.0,,0.0
2026-06-30,39.71,39.85,40.59,39.51,34111.27,136311.262,1.0,,0.0
2026-07-01,39.67,40.53,41.26,39.51,41964.25,170122.239,1.0,,0.0
2026-07-03,39.8,39.54,40.13,39.15,30759.28,121773.876,1.0,,0.0
2026-07-06,39.58,38.74,40.13,38.61,30108.69,118223.334,1.0,,0.0
2026-07-07,38.61,37.36,38.79,37.18,41074.69,154980.015,1.0,,0.0
2026-07-08,37.39,39.78,40.5,36.92,76055.0,299052.424,1.0,,0.0
2026-07-09,39.21,39.72,41.0,38.34,72292.58,287412.717,1.0,,0.0
2026-07-10,39.3,40.52,42.6,38.9,75245.31,308087.765,1.0,,0.0
2026-07-14,38.5,37.66,39.5,37.02,45820.0,172712.147,1.0,,0.0
2026-07-15,37.39,38.58,39.67,37.3,49918.0,193163.829,1.0,,0.0
2026-07-16,38.39,38.7,39.82,37.65,47918.29,186115.58,1.0,,0.0
2026-07-17,39.11,36.12,39.54,36.0,59371.0,221426.286,1.0,,0.0
2026-07-20,36.24,36.7,37.6,35.81,52479.84,192407.676,1.0,,0.0
2026-07-21,36.58,37.16,37.57,35.88,59139.16,218492.204,1.0,,0.0
2026-07-22,36.81,36.42,36.99,36.0,50581.0,184478.697,1.0,,0.0
2026-07-23,36.41,36.24,36.53,35.75,35622.15,128575.618,1.0,,0.0
2026-07-24,36.01,34.9,36.01,34.77,32068.0,113068.349,1.0,,0.0
2026-07-27,34.72,36.23,36.25,34.42,38893.39,139235.647,1.0,,0.0
2026-07-28,36.26,36.85,37.5,36.0,46987.0,173248.329,1.0,,0.0
2026-07-29,36.85,37.7,38.04,36.5,61072.14,227836.555,1.0,,0.0
2026-07-30,37.2,41.47,41.47,37.2,89411.74,361568.662,1.0,,0.0
2026-07-31,40.0,45.62,45.62,39.6,223232.95,962360.702,1.0,,0.0
2026-08-03,45.0,46.08,49.52,44.25,245530.46,1140113.381,1.0,,0.0
2026-08-04,45.89,48.27,49.0,45.89,181036.58,866942.931,1.0,,0.0
2026-08-05,47.76,50.0,51.05,47.72,169171.48,842206.806,1.0,,0.0
2026-08-06,49.4,49.68,52.1,48.96,181368.05,914126.832,1.0,,0.0
2026-08-07,49.46,47.56,49.5,46.26,172761.78,820001.574,1.0,,0.0
2026-08-10,48.51,47.96,49.33,47.56,89124.51,429477.904,1.0,,0.0
2026-08-11,48.37,47.2,48.99,46.95,89015.99,424590.601,1.0,,0.0
2026-08-12,47.5,46.91,48.16,46.32,81952.99,387318.709,1.0,2.0191,0.0
2026-08-13,46.86,46.11,48.96,46.0,106638.76,508004.425,1.0,2.63,0.0
2026-08-14,45.76,45.86,48.99,44.39,110468.88,508290.581,1.0,2.72,0.0
2026-08-17,45.66,45.73,45.77,44.21,89278.85,402057.3,1.0,0.0,0.0
2026-08-18,45.28,44.49,45.65,44.01,72868.76,325316.624,1.0,0.0,0.0
2026-08-19,44.04,43.13,44.85,42.42,81660.72,355589.941,1.0,0.0,0.0
2026-08-20,43.2,43.34,44.38,42.66,61251.88,265453.119,1.0,1.5074,1.5091
2026-08-21,43.76,42.58,44.25,42.07,61665.16,263959.667,1.0,1.5176,1.5193
2026-08-24,42.67,41.47,42.77,41.0,49044.84,203512.739,1.0,1.207,1.2083
2026-08-25,41.2,41.16,41.46,40.58,52781.0,216384.386,1.0,1.2989,1.3004
2026-08-26,40.92,40.29,41.29,40.12,50863.93,206194.447,1.0,1.2517,1.2531
2026-08-27,40.28,40.31,40.55,39.84,58678.48,235894.781,1.0,1.4441,1.4457
2026-08-28,41.88,44.34,44.34,40.91,143282.98,617506.777,1.0,3.5261,3.5301
2026-08-31,43.11,45.44,46.99,42.09,240211.36,1066471.121,1.0,5.9115,5.9181
2026-09-01,45.45,45.67,46.81,44.57,152131.6,695043.787,1.0,3.7439,3.7481
2026-09-02,45.5,45.08,46.3,45.0,70786.6,321042.723,1.0,1.742,1.744
2026-09-03,45.53,44.14,46.52,43.91,81991.87,367734.762,1.0,2.0178,2.0201
2026-09-04,45.72,44.82,46.77,44.5,118622.89,543214.032,1.0,2.9193,2.9225
2026-09-07,44.78,43.7,45.44,43.13,86661.73,380319.882,1.0,2.1327,2.1351
2026-09-08,43.54,42.96,44.5,42.7,55076.95,238608.519,1.0,1.3554,1.3569
2026-09-09,42.51,41.68,42.9,41.44,50422.13,212061.227,1.0,1.2409,1.2423
2026-09-10,41.65,40.0,41.65,39.91,61942.55,249985.149,1.0,1.5244,1.5261
2026-09-11,39.6,38.24,39.6,38.09,54935.87,211777.427,1.0,1.352,1.3535
2026-09-14,38.1,38.67,39.14,37.9,47519.54,183956.38,1.0,1.1694,1.1707
2026-09-15,39.68,38.73,39.88,38.58,48913.84,190717.036,1.0,1.2038,1.2051
2026-09-16,38.2,38.7,38.98,37.92,37560.84,144695.827,1.0,0.9244,0.9254
2026-09-17,38.5,38.32,39.07,38.21,30989.0,119397.729,1.0,0.7626,0.7635
2026-09-18,38.71,39.14,39.75,38.48,55402.95,216801.343,1.0,1.3634,1.365
2026-09-21,39.66,39.81,40.5,38.92,71818.9,284012.711,1.0,1.7674,1.7694
