date,open,close,high,low,volume,money,factor,turnover,turnover_free
2021-05-10,47.706,47.356,48.286,46.826,6952.17,34234.629,0.9654638124362894,,0.0
2021-05-11,46.426,48.146,49.196,46.426,7114.95,35417.867,0.966011235955056,,0.0
2021-05-12,47.906,47.856,48.106,47.086,7294.27,35938.276,0.9658123107971746,,0.0
2021-05-13,47.886,47.476,48.106,47.136,5092.63,25054.106,0.9655480984340044,,0.0
2021-05-14,47.976,48.146,48.506,47.706,8324.54,41464.358,0.966011235955056,,0.0
2021-05-17,48.146,48.356,49.556,47.856,15498.75,77765.633,0.966153846153846,,0.0
2021-05-18,48.126,48.036,49.006,47.416,9884.34,49338.356,0.9659360546953548,,0.0
2021-05-19,48.296,47.226,48.296,47.086,8598.74,42123.909,0.9653720359771054,,0.0
2021-05-20,47.226,47.226,47.676,47.006,7637.91,37381.531,0.9653720359771054,,0.0
2021-05-21,47.596,46.776,47.596,46.576,5697.28,27657.76,0.965050546729936,,0.0
2021-05-24,46.776,46.396,47.076,46.006,6922.15,33280.346,0.9647743813682678,,0.0
2021-05-25,46.396,47.706,48.086,45.906,10813.39,53199.955,0.9657085020242916,,0.0
2021-05-26,47.536,48.516,48.796,47.426,16846.28,84189.187,0.9662617008564032,,0.0
2021-05-27,48.606,48.956,49.456,48.376,12712.78,64389.921,0.9665547877591312,,0.0
2021-05-28,49.306,48.256,49.306,47.906,9797.16,49015.924,0.966086086086086,,0.0
2021-05-31,48.206,48.206,48.766,48.026,6560.8,32816.441,0.9660521042084168,,0.0
2021-06-01,48.306,48.606,49.456,47.956,12768.58,64187.73,0.9663220675944334,,0.0
2021-06-02,48.246,47.346,48.536,47.146,9208.38,45343.343,0.9654567699836868,,0.0
2021-06-03,47.066,47.156,47.756,46.966,5319.27,26068.243,0.96532241555783,,0.0
2021-06-04,46.906,47.276,47.696,46.866,5244.02,25703.684,0.9654073922809884,,0.0
2021-06-07,47.276,49.226,49.256,46.666,16008.94,80292.061,0.9667321288295364,,0.0
2021-06-08,49.306,48.306,49.436,47.616,11826.51,59180.757,0.96612,,0.0
2021-06-09,47.206,47.166,47.206,45.186,20217.68,96842.871,0.9653295128939828,,0.0
2021-06-10,46.886,45.996,46.886,45.986,10827.15,51820.577,0.9644789263996644,,0.0
2021-06-11,46.496,46.226,46.496,45.386,9486.0,44996.635,0.9646494156928214,,0.0
2021-06-15,45.716,44.876,46.216,44.636,10438.58,48962.292,0.963624651062916,,0.0
2021-06-16,44.476,44.076,45.246,44.076,9036.49,41638.16,0.9629888573301288,,0.0
2021-06-17,44.906,44.616,44.996,44.226,4034.27,18704.18,0.963420427553444,,0.0
2021-06-18,44.646,43.376,45.006,43.306,11536.06,52522.722,0.962414022631462,,0.0
2021-06-21,43.563,44.253,44.333000000000006,43.303,8516.95,38680.581,0.9685489166119502,,0.0
2021-06-22,44.323,43.463,44.363,42.843,13164.37,58837.953,0.9679955456570156,,0.0
2021-06-23,42.963,43.413,43.673,42.683,6580.71,29423.631,0.9679598662207358,,0.0
2021-06-24,43.363,42.913,43.593,42.673,7010.19,31137.467,0.967598647125141,,0.0
2021-06-25,42.903000000000006,42.963,43.523,42.683,9135.4,40634.843,0.9676351351351352,,0.0
2021-06-28,42.963,43.443000000000005,43.513000000000005,42.773,10050.46,44882.04,0.96798128342246,,0.0
2021-06-29,43.653000000000006,43.923,44.233,43.213,11586.06,52505.382,0.968320105820106,,0.0
2021-06-30,43.963,43.563,44.753,43.343,14083.47,63786.52,0.9680666666666669,,0.0
2021-07-01,43.763000000000005,43.503,43.803,42.793,9780.8,43818.757,0.9680240320427236,,0.0
2021-07-02,43.213,42.343,43.723,42.313,11427.34,50719.409,0.96717679305619,,0.0
2021-07-05,42.083000000000006,37.963,42.113,37.963,42839.22,173519.252,0.963527918781726,,0.0
2021-07-06,37.963,37.213,38.123000000000005,36.173,24215.31,92909.963,0.9628201811125484,,0.0
2021-07-07,37.443000000000005,37.513000000000005,38.433,37.443000000000005,32432.15,127302.854,0.9631065468549423,,0.0
2021-07-08,37.563,36.693000000000005,37.673,36.343,17465.44,66607.651,0.9623131392604248,,0.0
2021-07-09,36.363,37.223,37.243,36.283,12415.66,47407.001,0.962829798241076,,0.0
2021-07-12,37.263000000000005,39.043,39.143,36.463,27875.15,110025.319,0.9645009881422926,,0.0
2021-07-13,38.443000000000005,38.303,39.303,37.663,15172.34,60451.404,0.9638399597382992,,0.0
2021-07-14,37.513000000000005,37.593,38.103,37.043,11257.41,43992.084,0.9631821675634128,,0.0
2021-07-15,37.073,36.923,37.823,36.593,10133.29,38886.13,0.962539103232534,,0.0
2021-07-16,36.923,36.613,37.223,36.493,10027.32,38253.74,0.962233902759527,,0.0
2021-07-19,36.603,34.863,36.603,32.853,55533.64,196637.112,0.960413223140496,,0.0
2021-07-20,34.453,33.973,34.543,32.863,44511.4,156057.189,0.9594182434340582,,0.0
2021-07-21,33.963,33.923,35.163000000000004,33.763000000000005,27825.99,99596.684,0.9593608597285068,,0.0
2021-07-22,33.913000000000004,33.683,33.913000000000004,33.243,22736.97,79436.654,0.9590831435079727,,0.0
2021-07-23,33.783,33.113,34.063,32.773,21700.97,75057.364,0.9584081041968164,,0.0
2021-07-26,33.363,32.103,33.363,31.423,23478.5,78632.58,0.957155635062612,,0.0
2021-07-27,32.253,31.663,32.763000000000005,31.563,18849.32,63334.125,0.9565861027190332,,0.0
2021-07-28,31.563,30.703,31.603,29.903,28473.98,91328.031,0.955289359054138,,0.0
2021-07-29,31.133,31.573,31.913,31.043,16136.58,53355.149,0.9564677370493788,,0.0
2021-07-30,31.863,31.993,32.053000000000004,30.713,15383.0,50511.546,0.9570146574932696,,0.0
2021-08-02,31.613,32.823,32.943000000000005,30.943,22690.62,76247.543,0.9580560420315236,,0.0
2021-08-03,32.543,33.133,33.333000000000006,32.203,18709.62,64376.087,0.9584321666184554,,0.0
2021-08-04,33.073,32.263000000000005,33.133,32.163000000000004,14609.27,49455.172,0.957359050445104,,0.0
2021-08-05,32.553000000000004,32.383,32.723,31.993,13455.64,45555.255,0.9575103489059728,,0.0
2021-08-06,32.383,32.203,32.443000000000005,31.273,12460.0,41402.208,0.957282996432818,,0.0
2021-08-09,32.103,34.213,34.853,31.722999999999995,42459.59,150144.747,0.9596914446002806,,0.0
2021-08-10,33.943000000000005,34.193000000000005,34.663000000000004,33.313,30534.91,108025.948,0.9596688184114512,,0.0
2021-08-11,34.153000000000006,33.093,34.153000000000006,33.063,26139.47,90957.375,0.9583840139009556,,0.0
2021-08-12,33.073,32.483000000000004,33.383,32.443000000000005,17893.26,61134.571,0.9576356132075472,,0.0
2021-08-13,32.283,32.563,32.833000000000006,32.133,12835.35,43515.305,0.9577352941176472,,0.0
2021-08-16,32.713,33.003,33.283,32.263000000000005,13646.92,46961.402,0.9582752613240418,,0.0
2021-08-17,33.013000000000005,31.983,33.543,31.923,17037.0,57992.379,0.9570017953321364,,0.0
2021-08-18,32.333000000000006,31.963,32.593,31.503,13573.0,45259.774,0.9569760479041916,,0.0
2021-08-19,32.213,31.823,32.383,31.573,13373.86,44538.137,0.9567949488875526,,0.0
2021-08-20,31.683,32.053000000000004,32.453,30.743,21890.06,72392.615,0.9570916691549716,,0.0
2021-08-23,32.363,31.923,32.443000000000005,31.363,16252.03,54178.464,0.9569244604316548,,0.0
2021-08-24,31.623,31.803,32.133,31.472999999999995,10184.01,33867.593,0.956768953068592,,0.0
2021-08-25,31.793,32.013000000000005,32.353,31.603,11350.28,37930.23,0.9570403587443947,,0.0
2021-08-26,32.023,31.433,32.023,31.373,10905.76,36021.656,0.9562823243078796,,0.0
2021-08-27,31.293,31.163,32.063,30.713,10914.97,35658.977,0.955920245398773,,0.0
2021-08-30,31.073,30.753,31.273,30.673,8550.0,27653.434,0.955358807082945,,0.0
2021-08-31,30.663,30.273,30.923,30.063,10549.18,33667.611,0.9546830652790916,,0.0
2021-09-01,30.363,31.472999999999995,31.523,29.863,18968.35,61521.022,0.9563354603463992,,0.0
2021-09-02,31.472999999999995,30.883,31.753,30.703,13454.97,43761.82,0.9555383663366336,,0.0
2021-09-03,30.883,31.163,31.423,30.423,14876.52,48275.38,0.955920245398773,,0.0
2021-09-06,31.163,31.623,31.753,30.763,15462.55,50853.443,0.9565335753176044,,0.0
2021-09-07,31.623,33.003,33.243,31.563,28042.28,95071.292,0.9582752613240418,,0.0
2021-09-08,32.863,33.533,34.443000000000005,32.573,30717.26,107703.287,0.9589076351158136,,0.0
2021-09-09,33.523,33.263000000000005,33.843,32.863,15872.77,55043.078,0.9585878962536024,,0.0
2021-09-10,33.263000000000005,32.763000000000005,33.353,32.593,11785.96,40393.056,0.9579824561403508,,0.0
2021-09-13,32.813,33.373000000000005,33.623000000000005,32.463,15417.67,53482.519,0.9587187589773054,,0.0
2021-09-14,33.013000000000005,32.883,33.793,32.863,13091.1,45449.805,0.9581293706293706,,0.0
2021-09-15,32.763000000000005,32.413000000000004,33.203,31.963,11700.04,39481.959,0.9575480059084196,,0.0
2021-09-16,32.243,33.063,33.433,32.123000000000005,15271.34,52491.264,0.9583478260869566,,0.0
2021-09-17,32.973,32.653000000000006,33.013000000000005,32.143,13620.93,46174.885,0.9578468759166912,,0.0
2021-09-22,32.123000000000005,31.523,32.213,31.163,13161.82,43490.836,0.9564016990291262,,0.0
2021-09-23,31.373,32.183,32.653000000000006,31.373,11482.97,38727.799,0.9572575847709698,,0.0
2021-09-24,32.743,35.543,35.543,32.183,65034.9,235504.061,0.9611411573823688,,0.0
2021-09-27,35.433,39.243,39.243,34.593,90423.88,353120.074,0.9646755162241888,,0.0
2021-09-28,40.063,38.463,40.563,36.453,67219.73,265401.572,0.9639849624060152,,0.0
2021-09-29,38.453,37.703,39.363,36.883,52160.91,205633.88,0.9632856412876852,,0.0
2021-09-30,37.213,37.173,38.763000000000005,36.653000000000006,37667.56,146356.815,0.9627816627816628,,0.0
2021-10-08,35.193000000000005,35.763000000000005,36.213,33.843,54587.46,199990.613,0.9613709677419356,,0.0
2021-10-11,35.683,36.483,38.053,35.123000000000005,45530.84,174092.481,0.9621044303797468,,0.0
2021-10-12,36.493,37.213,37.623000000000005,34.663000000000004,42313.49,160487.011,0.9628201811125484,,0.0
2021-10-13,37.083000000000006,37.103,37.723,36.063,36096.86,138723.241,0.962714063310846,,0.0
2021-10-14,36.573,35.893,36.953,35.473,27144.23,101925.479,0.9615054915617468,,0.0
2021-10-15,35.563,35.883,36.893,35.163000000000004,21687.75,81199.955,0.9614951768488746,,0.0
2021-10-18,35.863,33.123000000000005,35.863,32.573,41059.74,143292.565,0.958420138888889,,0.0
2021-10-19,32.643,33.483000000000004,33.603,32.563,24806.92,85892.165,0.9588487972508593,,0.0
2021-10-20,33.443000000000005,33.393,33.903000000000006,32.733000000000004,19270.9,66681.264,0.9587424633936262,,0.0
2021-10-21,33.333000000000006,35.123000000000005,35.123000000000005,33.063,38672.38,138254.138,0.9606947483588624,,0.0
2021-10-22,35.573,37.363,37.563,34.883,68198.57,260224.651,0.9629639175257731,,0.0
2021-10-25,37.663,36.773,37.763000000000005,36.313,39044.28,149384.763,0.9623920439675478,,0.0
2021-10-26,37.563,36.313,37.563,36.063,33027.91,125658.982,0.9619337748344372,,0.0
2021-10-27,36.213,35.823,36.303,34.953,28820.09,106130.25,0.9614331723027376,,0.0
2021-10-28,35.073,39.553,39.553,35.073,74208.64,292775.962,0.9649426689436448,,0.0
2021-10-29,39.563,40.483,42.353,38.663,102807.5,430421.491,0.9657204198473284,,0.0
2021-11-01,40.063,42.373000000000005,43.643,38.943000000000005,95488.38,409537.957,0.9671992695731568,,0.0
2021-11-02,42.463,42.443000000000005,44.363,41.333000000000006,81433.81,358885.109,0.9672515952597996,,0.0
2021-11-03,42.183,42.153000000000006,42.963,41.413,53585.48,233483.06,0.9670337233310392,,0.0
2021-11-04,42.313,42.763000000000005,44.223,41.923,50819.45,225485.571,0.9674886877828056,,0.0
2021-11-05,42.563,41.573,43.213,41.073,48133.29,208462.668,0.966589165310393,,0.0
2021-11-08,42.213,40.733,42.253,40.463,42765.41,180411.267,0.9659236423998104,,0.0
2021-11-09,40.563,41.983,43.063,40.453,39567.51,170859.849,0.9669046522339936,,0.0
2021-11-10,41.983,41.283,42.583000000000006,41.013000000000005,26877.46,115414.243,0.9663623595505618,,0.0
2021-11-11,41.203,41.363,41.663,40.613,22486.99,95996.311,0.96642523364486,,0.0
2021-11-12,41.363,40.443000000000005,42.293,40.433,33076.84,141564.411,0.9656876790830946,,0.0
2021-11-15,40.733,44.633,44.633,40.733,47323.54,211801.533,0.968808335142175,,0.0
2021-11-16,45.543,43.143,45.543,42.563,54288.16,245787.128,0.9677658142664872,,0.0
2021-11-17,43.363,42.763000000000005,43.463,41.813,35960.34,157707.492,0.9674886877828056,,0.0
2021-11-18,42.553,42.623000000000005,43.253,41.863,27985.25,122966.55,0.967385383567862,,0.0
2021-11-19,43.053,42.263000000000005,44.103,41.913,33238.01,147225.397,0.967116704805492,,0.0
2021-11-22,41.943000000000005,43.163,44.163,40.993,44444.19,196193.466,0.967780269058296,,0.0
2021-11-23,42.503,42.443000000000005,43.313,41.813,23484.79,102766.999,0.9672515952597996,,0.0
2021-11-24,42.453,41.913,42.823,41.443000000000005,18171.15,78741.023,0.9668512110726644,,0.0
2021-11-25,41.673,40.213,41.863,40.193000000000005,28421.39,120058.224,0.965498199279712,,0.0
2021-11-26,40.213,40.763000000000005,41.443000000000005,40.063,22242.28,94194.386,0.9659478672985784,,0.0
2021-11-29,40.733,41.343,41.343,39.133,27292.61,113859.428,0.9664095371669004,,0.0
2021-11-30,40.933,40.863,41.363,40.653000000000006,13554.93,57323.359,0.9660283687943264,,0.0
2021-12-01,40.873000000000005,40.483,41.153000000000006,39.823,14130.5,59130.779,0.9657204198473284,,0.0
2021-12-02,40.563,39.513000000000005,41.323,39.463,15906.73,66442.918,0.964908424908425,,0.0
2021-12-03,39.933,40.103,40.333000000000006,38.803,16401.0,67334.164,0.9654068367838228,,0.0
2021-12-06,40.023,38.763000000000005,40.063,38.703,19879.58,80761.381,0.9642537313432836,,0.0
2021-12-07,38.663,41.213,41.663,38.663,31086.62,130135.328,0.9663071512309496,,0.0
2021-12-08,41.003,41.103,41.773,40.463,26040.02,110745.807,0.9662200282087448,,0.0
2021-12-09,41.103,42.463,42.563,40.683,40851.26,177323.463,0.9672665148063782,,0.0
2021-12-10,42.063,41.993,42.913,41.623000000000005,28370.87,123280.911,0.9669122726226111,,0.0
2021-12-13,42.003,42.083000000000006,43.063,41.763000000000005,26388.02,115499.748,0.9669806985294118,,0.0
2021-12-14,42.083000000000006,41.753,42.523,40.963,22529.65,97391.082,0.9667284093540172,,0.0
2021-12-15,41.773,41.543,42.063,41.263000000000005,19428.41,83848.665,0.966565844578874,,0.0
2021-12-16,41.603,42.093,42.273,40.763000000000005,18357.84,78828.095,0.9669882839421088,,0.0
2021-12-17,42.093,41.143,42.153000000000006,40.863,11855.29,50649.402,0.9662517613903242,,0.0
2021-12-20,40.843,40.943000000000005,41.513000000000005,40.613,10067.16,42814.29,0.9660924964605948,,0.0
2021-12-21,40.883,41.263000000000005,41.723,40.563,15053.12,64342.442,0.9663466042154568,,0.0
2021-12-22,41.203,42.383,43.063,40.923,24096.01,105262.522,0.9672067549064356,,0.0
2021-12-23,42.563,42.133,43.243,41.283,20302.12,88407.282,0.967018590773468,,0.0
2021-12-24,42.063,44.053,44.173,41.663,40590.8,181585.134,0.9684106397010332,,0.0
2021-12-27,44.463,44.013000000000005,44.743,42.803,47479.66,214477.323,0.9683828382838284,,0.0
2021-12-28,43.453,42.453,43.763000000000005,41.883,33147.32,145918.337,0.967259056732741,,0.0
2021-12-29,42.363,40.713,42.763000000000005,40.683,23691.06,101966.613,0.9659074733096086,,0.0
2021-12-30,40.723,41.133,41.263000000000005,40.573,16140.47,68368.704,0.9662438336856942,,0.0
2021-12-31,40.863,41.033,41.413,39.973,13682.09,57915.673,0.9661643513068048,,0.0
2022-01-04,41.063,41.663,41.693000000000005,39.973,20185.5,85388.976,0.9666589327146172,,0.0
2022-01-05,41.943000000000005,41.813,42.863,41.323,26102.11,113620.929,0.9667745664739884,,0.0
2022-01-06,41.713,40.773,41.713,39.323,26597.06,111548.212,0.9659559346126512,,0.0
2022-01-07,40.623000000000005,39.853,40.923,39.793,14105.56,58867.096,0.9651973843545654,,0.0
2022-01-10,39.033,39.633,39.843,38.493,15388.23,62487.271,0.9650109569028488,,0.0
2022-01-11,39.633,39.183,40.083000000000006,39.063,11043.87,45036.905,0.9646233382570164,,0.0
2022-01-12,39.243,40.013000000000005,40.233,39.143,11080.77,45460.732,0.9653317249698432,,0.0
2022-01-13,39.633,39.363,40.173,39.223,13254.88,54376.786,0.964779411764706,,0.0
2022-01-14,39.333000000000006,38.873000000000005,39.793,38.853,9912.96,40398.583,0.9643512775986108,,0.0
2022-01-17,38.803,39.283,39.283,37.463,11974.76,47587.002,0.9647102161100196,,0.0
2022-01-18,39.243,38.053,39.243,37.783,14627.05,58146.277,0.9636110407698152,,0.0
2022-01-19,38.023,37.213,38.193000000000005,36.763000000000005,15451.75,60033.349,0.9628201811125484,,0.0
2022-01-20,37.163,36.553,37.713,36.443000000000005,14110.92,54022.748,0.9621742563832588,,0.0
2022-01-21,36.213,36.603,36.693000000000005,35.663000000000004,9718.7,36647.374,0.962223974763407,,0.0
2022-01-24,36.223,35.643,36.553,35.133,11553.14,42879.154,0.9612459546925568,,0.0
2022-01-25,35.853,34.673,35.853,34.643,10379.89,37910.752,0.9602049293824426,,0.0
2022-01-26,34.623000000000005,35.443000000000005,35.543,34.623000000000005,10482.44,38472.635,0.96103579175705,,0.0
2022-01-27,35.363,34.623000000000005,35.403000000000006,34.163000000000004,9230.0,33251.99,0.9601497504159736,,0.0
2022-01-28,35.033,33.763000000000005,35.033,33.643,8139.0,28956.167,0.9591761363636364,,0.0
2022-02-07,34.183,35.963,36.143,34.163000000000004,17953.91,66003.549,0.961577540106952,,0.0
2022-02-08,35.933,36.023,36.033,35.113,10790.17,39924.054,0.961639081687133,,0.0
2022-02-09,36.023,35.863,36.163,35.633,8002.71,29817.231,0.9614745308310992,,0.0
2022-02-10,35.723,35.973,36.263000000000005,35.263000000000005,8832.0,32941.329,0.96158781074579,,0.0
2022-02-11,35.823,35.423,35.823,35.083000000000006,7658.94,28227.664,0.9610146500271296,,0.0
2022-02-14,34.913000000000004,35.043,35.453,34.633,5611.0,20479.658,0.960608552631579,,0.0
2022-02-15,34.773,36.063,36.123000000000005,34.763000000000005,11762.11,43824.725,0.96168,,0.0
2022-02-16,36.753,35.843,36.763000000000005,35.703,6309.0,23615.204,0.9614538626609442,,0.0
2022-02-17,35.863,35.713,36.083000000000006,35.523,5288.92,19684.527,0.9613189771197848,,0.0
2022-02-18,35.463,35.593,35.843,35.213,5691.78,21054.681,0.96119362678909,,0.0
2022-02-21,35.413000000000004,35.223,35.943000000000005,35.173,8520.37,31376.081,0.9608019639934534,,0.0
2022-02-22,35.083000000000006,34.363,35.113,34.113,9092.77,32527.274,0.9598603351955308,,0.0
2022-02-23,34.463,35.133,35.263000000000005,34.453,7057.0,25653.398,0.9607054963084496,,0.0
2022-02-24,35.063,34.093,35.363,33.623000000000005,11819.06,42387.605,0.9595553053757389,,0.0
2022-02-25,34.223,34.343,35.163000000000004,34.113,8375.06,30216.99,0.9598378982671883,,0.0
2022-02-28,34.533,35.033,35.083000000000006,33.683,10514.58,37656.776,0.9605977515766384,,0.0
2022-03-01,34.953,34.793,35.663000000000004,34.663000000000004,9689.2,35336.129,0.9603367375103506,,0.0
2022-03-02,34.463,34.613,34.863,34.383,4583.99,16503.059,0.9601386962552012,,0.0
2022-03-03,34.773,34.253,34.783,34.073,4023.0,14378.124,0.9597366209022136,,0.0
2022-03-04,34.063,33.793,34.543,33.753,6726.0,23870.832,0.9592108998013058,,0.0
2022-03-07,33.803000000000004,31.643,33.993,31.463,20205.26,67958.184,0.9565598548972188,,0.0
2022-03-08,31.463,30.153,32.033,30.153,16728.66,54271.575,0.9545109211775878,,0.0
2022-03-09,30.163,29.063,30.733,27.953,20166.89,62021.81,0.9528852459016393,,0.0
2022-03-10,29.673,29.193,30.043,29.113,16174.72,50049.818,0.9530852105778648,,0.0
2022-03-11,29.053,30.213,30.243,28.273,13168.39,40615.329,0.9545971563981044,,0.0
2022-03-14,30.063,29.153,30.103,29.153,10602.48,32974.053,0.9530238640078456,,0.0
2022-03-15,28.713,27.543,29.023,27.483,12172.59,36279.74,0.9504140786749482,,0.0
2022-03-16,28.173,28.483,28.553,26.563,18595.14,53948.45,0.9519719251336898,,0.0
2022-03-17,28.693,28.683,29.443,28.473,13679.88,41410.309,0.9522908366533864,,0.0
2022-03-18,28.063,28.903,28.923,28.063,11217.87,33865.165,0.952636783124588,,0.0
2022-03-21,29.063,28.863,29.063,28.293,21075.87,63554.286,0.9525742574257424,,0.0
2022-03-22,26.953,27.443,27.863,26.883,25376.89,73060.716,0.950242382271468,,0.0
2022-03-23,27.473,26.593,27.653,26.443,40076.65,112916.08,0.9487334998216196,,0.0
2022-03-24,26.563,25.653,26.563,25.573,23173.0,63079.719,0.9469545957918052,,0.0
2022-03-25,25.623,25.653,26.673,25.463,22554.36,61949.776,0.9469545957918052,,0.0
2022-03-28,25.663,25.713,26.113,24.943,17865.06,48163.404,0.9470718232044198,,0.0
2022-03-29,25.713,25.163,26.113,25.093,13911.5,37465.02,0.9459774436090224,,0.0
2022-03-30,25.393,26.033,26.033,25.173,18641.75,50443.683,0.9476883873316344,,0.0
2022-03-31,25.863,25.553,26.033,25.463,13197.01,35869.043,0.9467580585402,,0.0
2022-04-01,25.363,25.263,25.573,25.213,16310.34,43692.372,0.9461797752808988,,0.0
2022-04-06,25.473,25.063,25.483,24.963,16415.19,43669.337,0.9457735849056604,,0.0
2022-04-07,25.063,24.553,25.383,24.473,16431.93,43164.832,0.944709503655252,,0.0
2022-04-08,24.443,24.023,24.693,23.813,13030.96,33255.514,0.9435585231736056,,0.0
2022-04-11,24.083,23.623,24.943,23.413,21011.58,53817.84,0.942657621707901,,0.0
2022-04-12,23.463,24.493,24.943,23.203,32437.87,82823.809,0.9445815657539528,,0.0
2022-04-13,24.563,24.633,25.333,24.183,31659.48,82886.057,0.94487917146145,,0.0
2022-04-14,24.603,25.073,25.473,24.173,47072.7,124311.168,0.9457940399849112,,0.0
2022-04-15,25.023,25.713,26.313,24.683,47872.7,129497.54,0.9470718232044198,,0.0
2022-04-18,25.663,26.023,26.763,25.213,50001.93,137469.168,0.9476693372177712,,0.0
2022-04-19,26.283,25.923,26.473,25.643,31194.74,85411.499,0.9474780701754384,,0.0
2022-04-20,25.673,27.113,28.223,25.573,64941.04,183508.923,0.9496672504378284,,0.0
2022-04-21,26.783,25.493,26.863,25.173,49941.29,136748.693,0.9466394355737096,,0.0
2022-04-22,25.073,24.903,25.513,24.063,39371.32,102757.036,0.9454441913439636,,0.0
2022-04-25,24.063,22.273,24.553,22.273,38053.4,92760.776,0.9393926613243356,,0.0
2022-04-26,21.393,20.883,22.203,20.783,38990.22,89118.215,0.9356182795698924,,0.0
2022-04-27,20.593,21.813,21.953,20.303,35009.45,78738.38,0.9381935483870968,,0.0
2022-04-28,21.763,20.813,21.813,20.623,25756.72,58110.683,0.9354157303370786,,0.0
2022-04-29,21.413,22.343,22.663,21.363,40950.0,96669.462,0.9395710681244744,,0.0
2022-05-05,22.353,22.303,22.903,22.143,44060.75,105557.523,0.9394692502106148,,0.0
2022-05-06,21.753,21.483,22.173,21.173,32336.98,74367.473,0.937303664921466,,0.0
2022-05-09,21.553,21.853,22.093,21.143,23305.02,54105.438,0.9382996994418203,,0.0
2022-05-10,21.433,22.473,22.583,21.173,28124.49,66270.571,0.9398996235884568,,0.0
2022-05-11,22.663,22.373,23.033,22.293,25204.75,61005.318,0.9396472070558588,,0.0
2022-05-12,22.223,22.923,23.183,22.093,27757.31,67418.138,0.9410098522167488,,0.0
2022-05-13,23.093,22.543,23.213,22.343,19487.97,46833.659,0.9400750625521268,,0.0
2022-05-16,22.533,22.563,22.983,22.453,22489.12,54374.183,0.940125,,0.0
2022-05-17,22.703,22.583,22.873,22.163,19683.39,47001.893,0.9401748542880932,,0.0
2022-05-18,22.593,22.643,23.033,22.263,16914.7,40921.385,0.9403239202657808,,0.0
2022-05-19,22.313,22.563,22.743,21.913,18484.48,44018.733,0.940125,,0.0
2022-05-20,22.903,23.243,23.443,22.763,21419.04,52647.185,0.94177471636953,,0.0
2022-05-23,22.563,22.713,22.983,22.463,32221.77,77719.04,0.940496894409938,,0.0
2022-05-24,22.713,21.663,22.753,21.663,30405.18,71522.029,0.9377922077922076,,0.0
2022-05-25,21.573,22.363,22.563,21.573,24501.2,57917.801,0.9396218487394956,,0.0
2022-05-26,22.623,22.253,22.643,21.683,19409.85,45787.355,0.9393414943013928,,0.0
2022-05-27,22.433,21.883,22.973,21.713,25176.12,59910.926,0.938379073756432,,0.0
2022-05-30,22.053,22.853,23.063,22.053,37531.33,90537.596,0.9408398517908604,,0.0
2022-05-31,22.675,23.815,24.025,22.285,40830.69,100211.609,0.9510782747603832,,0.0
2022-06-01,23.855,23.825,24.475,23.485,32060.73,80697.136,0.9510978043912176,,0.0
2022-06-02,23.675,23.495,23.825,23.245,26690.45,65974.856,0.9504449838187702,,0.0
2022-06-06,23.685,24.715,24.895,23.565,33951.39,87031.391,0.952775636083269,,0.0
2022-06-07,24.545,25.055,25.455,24.525,27958.97,73275.596,0.953386605783866,,0.0
2022-06-08,25.185,25.145,26.125,24.675,36082.2,95994.2,0.9535456958665148,,0.0
2022-06-09,25.145,24.195,25.445,23.975,22323.31,57226.644,0.9518095987411488,,0.0
2022-06-10,24.175,24.195,24.295,23.785,19593.33,49622.064,0.9518095987411488,,0.0
2022-06-13,23.835,24.905,25.275,23.835,27181.53,70639.048,0.9531190202831992,,0.0
2022-06-14,24.905,24.655,25.035,23.955,18375.09,47211.063,0.9526661514683152,,0.0
2022-06-15,24.645,24.445,24.955,24.335,29674.22,76767.069,0.952278924814959,,0.0
2022-06-16,24.545,24.775,25.045,24.385,28242.46,73660.233,0.9528846153846152,,0.0
2022-06-17,24.755,24.595,25.005,24.175,21344.44,55128.575,0.952556158017041,,0.0
2022-06-20,24.575,25.135,25.265,24.565,23877.53,62795.586,0.9535280728376327,,0.0
2022-06-21,25.205,24.725,25.265,24.475,20581.86,53577.151,0.9527938342967244,,0.0
2022-06-22,24.725,24.125,24.775,24.045,16543.94,42286.191,0.9516765285996056,,0.0
2022-06-23,24.075,24.455,24.455,23.775,25215.31,63930.713,0.952297507788162,,0.0
2022-06-24,24.545,25.055,25.385,24.375,39672.21,104160.638,0.953386605783866,,0.0
2022-06-27,25.225,26.855,27.105,25.225,65658.72,180999.592,0.9563746438746438,,0.0
2022-06-28,26.965,26.235,27.045,25.885,52513.18,143860.405,0.9553896576839038,,0.0
2022-06-29,26.425,25.905,26.925,25.885,46450.07,128081.205,0.9548470328050128,,0.0
2022-06-30,26.075,27.405,28.055,26.015,84284.37,239451.15,0.9572127139364304,,0.0
2022-07-01,27.375,27.075,27.735,26.715,48649.21,137493.47,0.9567137809187278,,0.0
2022-07-04,26.905,26.795,26.975,26.255,44732.0,124386.996,0.956281227694504,,0.0
2022-07-05,27.025,26.055,27.045,25.375,48054.95,130776.851,0.9550953079178884,,0.0
2022-07-06,25.625,25.265,25.855,24.925,28398.95,75327.158,0.953756134390336,,0.0
2022-07-07,25.125,24.595,25.255,24.495,39352.42,102294.222,0.952556158017041,,0.0
2022-07-08,24.795,24.515,25.325,24.405,29520.46,76726.513,0.9524087024087023,,0.0
2022-07-11,24.475,24.215,24.635,24.055,22880.85,58365.072,0.9518474842767296,,0.0
2022-07-12,24.275,23.445,24.305,23.405,27854.0,69315.157,0.9503445480340494,,0.0
2022-07-13,23.355,23.395,23.715,23.225,18229.49,44982.504,0.9502437043054428,,0.0
2022-07-14,23.415,23.025,23.575,22.995,23875.93,58602.965,0.9494845360824742,,0.0
2022-07-15,22.785,22.975,23.905,22.385,32232.75,78669.549,0.9493801652892562,,0.0
2022-07-18,22.995,23.375,23.465,22.705,20631.68,50256.078,0.9502032520325204,,0.0
2022-07-19,23.275,23.465,23.775,23.095,17374.71,42910.163,0.950384771162414,,0.0
2022-07-20,23.545,23.995,24.645,23.385,36222.25,91671.899,0.9514274385408406,,0.0
2022-07-21,23.945,23.605,24.075,23.545,20542.0,51243.208,0.950664518727346,,0.0
2022-07-22,23.675,23.125,23.835,22.875,23573.66,57760.026,0.9496919917864476,,0.0
2022-07-25,23.265,23.165,23.585,22.915,17232.38,42227.177,0.9497744977449774,,0.0
2022-07-26,23.205,23.425,23.525,23.035,20223.21,49559.494,0.9503042596348884,,0.0
2022-07-27,23.345,22.985,23.505,22.965,18447.26,44916.621,0.9494010739363898,,0.0
2022-07-28,23.225,23.115,23.325,23.045,17952.08,43796.54,0.949671322925226,,0.0
2022-07-29,23.125,22.545,23.135,22.485,18753.58,44871.625,0.9484644509886412,,0.0
2022-08-01,22.575,22.835,22.965,22.125,16543.77,39517.318,0.9490856192851204,,0.0
2022-08-02,22.725,21.925,22.725,21.575,23411.01,54433.578,0.9470842332613392,,0.0
2022-08-03,21.795,21.755,22.305,21.685,20969.61,48749.594,0.946692776327241,,0.0
2022-08-04,21.955,22.225,22.265,21.785,15826.88,36878.617,0.9477611940298508,,0.0
2022-08-05,22.375,23.085,23.175,22.225,20632.44,49574.871,0.9496092143150966,,0.0
2022-08-08,23.005,23.025,23.165,22.795,13844.91,33502.983,0.9494845360824742,,0.0
2022-08-09,22.935,23.205,23.275,22.685,15860.8,38429.269,0.9498567335243552,,0.0
2022-08-10,23.215,23.375,23.445,23.015,18583.78,45511.833,0.9502032520325204,,0.0
2022-08-11,23.365,23.545,23.965,23.335,15729.73,39090.203,0.950545014129996,,0.0
2022-08-12,23.535,23.485,23.685,23.325,12459.35,30843.923,0.9504249291784702,,0.0
2022-08-15,23.465,23.165,23.585,22.905,18455.81,44908.708,0.9497744977449774,,0.0
2022-08-16,23.325,23.545,23.775,23.015,19170.69,47417.444,0.950545014129996,,0.0
2022-08-17,23.645,23.935,23.935,23.215,21548.6,53684.68,0.9513116057233704,,0.0
2022-08-18,23.935,23.745,23.945,23.455,14307.84,35609.183,0.9509411293552262,,0.0
2022-08-19,23.745,23.515,23.955,23.495,13065.0,32544.604,0.950485044462409,,0.0
2022-08-22,23.155,23.485,23.665,23.105,12445.0,30666.797,0.9504249291784702,,0.0
2022-08-23,23.375,23.155,23.375,22.815,15621.87,37941.112,0.9497538966365872,,0.0
2022-08-24,23.035,22.325,23.135,22.175,22356.4,53114.902,0.9479830148619957,,0.0
2022-08-25,22.435,22.675,22.835,21.955,15471.99,36533.663,0.948744769874477,,0.0
2022-08-26,22.725,25.065,25.065,22.725,40214.04,103995.096,0.9534043362495244,,0.0
2022-08-29,25.685,26.465,27.115,25.385,134247.1,366216.049,0.9557602022390754,,0.0
2022-08-30,26.385,26.315,26.545,25.825,77674.42,212034.992,0.955519244734931,,0.0
2022-08-31,25.895,29.065,29.065,25.865,153804.96,445784.69,0.959557609772202,,0.0
2022-09-01,28.465,29.775,31.575,27.225,180684.74,544538.515,0.960483870967742,,0.0
2022-09-02,28.275,28.475,29.555,28.065,114996.03,342692.868,0.9587542087542088,,0.0
2022-09-05,27.715,27.385,27.845,26.455,100022.66,284675.217,0.9571828032156589,,0.0
2022-09-06,27.305,27.035,27.665,26.605,71488.19,201641.012,0.9566525123849964,,0.0
2022-09-07,26.745,26.895,27.535,26.055,74270.71,207302.336,0.9564366998577524,,0.0
2022-09-08,26.475,25.965,26.885,25.665,70976.17,194448.022,0.9549466715704302,,0.0
2022-09-09,25.955,26.365,26.575,25.585,56994.11,156872.902,0.9555998550199348,,0.0
2022-09-13,25.675,27.005,27.035,25.115,74382.66,204956.638,0.9566064470421536,,0.0
2022-09-14,26.415,26.725,27.075,25.895,52912.96,147193.906,0.9561717352415028,,0.0
2022-09-15,26.625,27.195,27.425,26.275,75886.73,213993.462,0.956896551724138,,0.0
2022-09-16,26.795,27.965,28.185,26.165,99535.3,283973.188,0.9580335731414868,,0.0
2022-09-19,27.475,27.745,28.555,27.075,78020.95,226656.365,0.9577148774594408,,0.0
2022-09-20,27.475,27.045,27.875,26.585,61083.99,172748.623,0.956667845772904,,0.0
2022-09-21,26.535,25.145,26.535,25.135,72384.22,194557.536,0.9535456958665148,,0.0
2022-09-22,24.775,24.725,25.205,24.305,46257.3,120515.106,0.9527938342967244,,0.0
2022-09-23,24.805,23.835,25.135,23.375,56813.44,143569.844,0.951117318435754,,0.0
2022-09-26,23.375,23.135,23.815,22.975,37165.53,91616.262,0.9497126436781608,,0.0
2022-09-27,23.145,25.575,25.575,23.075,66006.02,170760.075,0.9542910447761194,,0.0
2022-09-28,26.455,27.075,27.825,25.975,153717.37,434691.625,0.9567137809187278,,0.0
2022-09-29,27.415,26.805,27.455,26.365,96005.68,269631.672,0.9562968248305388,,0.0
2022-09-30,26.805,25.955,27.035,25.925,54975.77,152079.6,0.9549300956585725,,0.0
2022-10-10,26.575,25.175,26.575,24.965,55576.78,148679.416,0.9535984848484848,,0.0
2022-10-11,25.445,25.185,25.445,24.355,42497.61,110738.803,0.9536160545248012,,0.0
2022-10-12,25.185,24.905,25.315,23.355,63630.77,161884.257,0.9531190202831992,,0.0
2022-10-13,24.455,27.515,27.515,24.425,60076.64,166441.122,0.957376478775226,,0.0
2022-10-14,28.305,27.635,28.315,26.805,131375.5,378178.278,0.9575537075537076,,0.0
2022-10-17,27.435,27.515,27.765,27.025,71958.42,205891.713,0.957376478775226,,0.0
2022-10-18,27.775,27.535,28.015,27.275,68342.15,196811.01,0.9574061196105702,,0.0
2022-10-19,27.575,26.875,27.575,26.535,60317.66,169449.157,0.956405693950178,,0.0
2022-10-20,26.875,27.195,28.405,26.595,98484.76,283487.179,0.956896551724138,,0.0
2022-10-21,27.195,26.465,28.055,25.935,77407.78,215966.726,0.9557602022390754,,0.0
2022-10-24,26.535,25.575,26.605,25.295,58551.36,158371.626,0.9542910447761194,,0.0
2022-10-25,25.695,26.525,27.045,25.215,74869.81,204767.722,0.9558558558558558,,0.0
2022-10-26,26.125,26.555,27.125,26.065,67595.0,188373.617,0.9559035277177824,,0.0
2022-10-27,26.675,27.875,28.225,25.875,113786.23,324743.334,0.9579037800687284,,0.0
2022-10-28,27.775,26.075,27.875,25.985,88911.75,250612.361,0.9551282051282052,,0.0
2022-10-31,26.065,26.825,27.105,25.595,61688.37,171194.982,0.9563279857397504,,0.0
2022-11-01,27.065,28.575,28.765,26.445,107382.06,311586.521,0.9588926174496644,,0.0
2022-11-02,28.565,28.475,28.875,28.085,103172.87,306399.727,0.9587542087542088,,0.0
2022-11-03,27.975,29.065,29.765,27.955,97894.39,295076.371,0.959557609772202,,0.0
2022-11-04,29.275,30.765,31.335,28.835,136515.71,427537.659,0.961706783369803,,0.0
2022-11-07,30.375,31.835,32.165,30.275,99030.47,322061.478,0.9629461584996974,,0.0
2022-11-08,31.455,31.305,31.925,30.545,67233.59,217469.228,0.9623424531201968,,0.0
2022-11-09,31.215,32.605,32.975,30.855,67728.02,224698.13,0.9637895359148684,,0.0
2022-11-10,32.485,30.275,32.995,30.275,99272.44,325457.262,0.961111111111111,,0.0
2022-11-11,30.775,29.785,31.375,29.775,89750.75,284628.171,0.9604966139954852,,0.0
2022-11-14,29.425,32.055,32.065,29.325,84858.19,272510.091,0.9631911057692308,,0.0
2022-11-15,31.395,32.515,32.625,31.225,62731.14,208617.945,0.9636929460580912,,0.0
2022-11-16,32.345,33.625,34.934999999999995,32.205,90940.59,317326.2,0.9648493543758968,,0.0
2022-11-17,33.635,34.595,34.975,32.775,84144.32,299687.573,0.9658012283640424,,0.0
2022-11-18,34.375,34.165,35.045,33.315,53577.31,189447.863,0.9653857021757558,,0.0
2022-11-21,31.365,35.375,37.695,30.625,124766.84,430079.132,0.9665300546448088,,0.0
2022-11-22,35.434999999999995,34.455,35.684999999999995,33.475,70006.35,250002.102,0.9656670403587444,,0.0
2022-11-23,34.455,34.105,35.195,31.875,54496.97,190695.264,0.965326917633739,,0.0
2022-11-24,34.415,34.705,34.775,33.485,42618.02,151200.072,0.96590592819371,,0.0
2022-11-25,34.765,34.525,35.825,34.525,33377.05,121392.795,0.9657342657342656,,0.0
2022-11-28,33.875,35.875,36.765,33.545,43769.5,158801.998,0.9669811320754716,,0.0
2022-11-29,35.655,36.575,36.915,35.295,34370.11,129152.823,0.9675925925925926,,0.0
2022-11-30,36.425,35.775,36.865,35.655,23121.63,86656.096,0.9668918918918918,,0.0
2022-12-01,36.095,38.735,39.475,36.095,96744.9,386513.183,0.9693443443443444,,0.0
2022-12-02,38.245,38.695,39.295,37.445,60299.2,238572.952,0.969313627254509,,0.0
2022-12-05,39.055,38.755,39.065,37.975,40367.05,160184.367,0.96935967983992,,0.0
2022-12-06,38.395,38.985,40.075,38.175,48483.13,195575.942,0.9695349415568266,,0.0
2022-12-07,38.985,38.365,39.115,37.285,43447.35,170779.963,0.9690578428896186,,0.0
2022-12-08,38.115,37.085,38.255,36.635,44026.63,169163.46,0.9680240146175932,,0.0
2022-12-09,37.325,38.725,39.075,36.675,49195.61,192812.253,0.969336670838548,,0.0
2022-12-12,38.525,38.095,39.075,37.655,27022.28,106451.01,0.9688453713123092,,0.0
2022-12-13,37.755,38.405,39.075,37.055,30635.99,120678.002,0.9690890739338884,,0.0
2022-12-14,37.575,38.455,39.075,37.475,23815.34,94732.998,0.9691280241935484,,0.0
2022-12-15,38.775,36.915,38.775,36.875,30618.29,118476.782,0.9678814892501312,,0.0
2022-12-16,36.825,36.575,37.275,36.335,25910.06,98257.58,0.9675925925925926,,0.0
2022-12-19,36.945,35.975,37.065,35.655,25133.18,94060.856,0.9670698924731184,,0.0
2022-12-20,35.975,35.305,36.265,34.985,24226.28,89049.289,0.9664659184232136,,0.0
2022-12-21,35.184999999999995,35.565,35.975,35.145,19720.45,72594.982,0.9667029083990214,,0.0
2022-12-22,35.975,34.415,36.445,34.325,32285.95,117887.84,0.965628507295174,,0.0
2022-12-23,34.425,36.004999999999995,36.765,34.425,42021.84,154436.891,0.9670964276121408,,0.0
2022-12-26,35.675,35.735,35.945,34.965,26965.43,98976.47,0.9668560606060606,,0.0
2022-12-27,35.735,36.665,37.545,34.955,34215.58,128627.705,0.967669569807337,,0.0
2022-12-28,36.345,35.175,36.535,34.975,28659.65,105382.418,0.966346153846154,,0.0
2022-12-29,35.275,35.075,35.434999999999995,34.475,20567.83,74313.015,0.9662534435261708,,0.0
2022-12-30,35.025,35.645,35.985,34.975,28871.22,106322.476,0.9667751559533496,,0.0
2023-01-03,35.635,34.785,36.245,34.555,29396.77,106479.102,0.965981671757845,,0.0
2023-01-04,34.825,34.275,35.375,34.175,25323.0,90852.372,0.9654929577464788,,0.0
2023-01-05,34.365,34.735,35.075,33.545,28849.5,102892.268,0.9659343715239154,,0.0
2023-01-06,34.465,34.075,34.805,33.735,23863.19,84307.287,0.9652974504249292,,0.0
2023-01-09,34.085,35.315,36.375,33.385,46252.13,166498.177,0.9664750957854406,,0.0
2023-01-10,35.315,35.155,35.675,34.455,23513.21,85205.263,0.9663276525563496,,0.0
2023-01-11,35.165,34.125,35.175,33.955,20908.78,74595.163,0.9653465346534652,,0.0
2023-01-12,33.975,33.055,34.184999999999995,32.855,24041.44,83223.599,0.96426487747958,,0.0
2023-01-13,33.095,34.775,34.775,32.955,32133.35,114015.543,0.9659722222222222,,0.0
2023-01-16,34.785,35.355,36.735,34.645,35804.14,132445.672,0.9665117550574084,,0.0
2023-01-17,35.425,34.585,35.925,34.495,17240.21,62546.328,0.9657916783021502,,0.0
2023-01-18,34.775,33.955,35.915,33.945,22516.0,81192.39,0.9651790790221716,,0.0
2023-01-19,33.975,34.135,34.235,33.375,16744.04,58579.22,0.965356334841629,,0.0
2023-01-20,34.135,33.285,34.355,33.205,28422.15,98838.786,0.9645030425963488,,0.0
2023-01-30,33.575,32.915,33.835,32.865,25797.57,88856.046,0.9641183362624488,,0.0
2023-01-31,32.915,33.365,33.975,32.525,35856.07,123493.815,0.9645851402139346,,0.0
2023-02-01,33.105,33.525,33.545,32.485,32140.26,110062.722,0.9647482014388488,,0.0
2023-02-02,33.515,34.855,35.025,33.015,44823.49,159209.975,0.9660476718403548,,0.0
2023-02-03,34.675,34.325,34.825,33.875,30390.87,107964.139,0.9655414908579464,,0.0
2023-02-06,34.145,33.945,34.254999999999995,33.375,17765.94,62271.434,0.9651691782769404,,0.0
2023-02-07,34.045,36.015,36.375,33.975,49797.35,183164.164,0.9671052631578948,,0.0
2023-02-08,36.015,35.175,36.125,35.155,25705.11,94275.826,0.966346153846154,,0.0
2023-02-09,35.225,35.254999999999995,36.415,35.075,26373.93,97133.619,0.9664199561403508,,0.0
2023-02-10,35.205,36.325,36.375,35.004999999999995,34762.35,129036.711,0.9673768308921438,,0.0
2023-02-13,36.285,38.015,38.505,36.095,51627.72,200437.995,0.9687818552497452,,0.0
2023-02-14,37.975,37.875,38.265,36.975,39225.75,153002.227,0.9686700767263426,,0.0
2023-02-15,37.585,37.245,37.885,36.895,28370.0,109006.895,0.968157005458799,,0.0
2023-02-16,36.955,36.225,37.425,35.955,28704.16,109090.651,0.9672897196261682,,0.0
2023-02-17,36.015,36.215,37.205,35.805,21359.0,80847.257,0.9672809829059827,,0.0
2023-02-20,36.215,37.045,37.125,35.684999999999995,24158.12,91091.788,0.9679905931539065,,0.0
2023-02-21,37.325,36.965,37.465,36.225,20650.59,78492.911,0.967923540193768,,0.0
2023-02-22,36.755,38.475,38.745,36.495,41890.15,164695.516,0.9691435768261965,,0.0
2023-02-23,38.305,37.635,39.065,37.365,23741.01,93460.962,0.9684765826042202,,0.0
2023-02-24,37.635,37.935,38.185,37.095,18498.8,71963.247,0.9687180796731358,,0.0
2023-02-27,37.775,37.055,37.855,36.555,28868.32,110816.052,0.9679989550679206,,0.0
2023-02-28,37.245,36.925,37.575,36.685,19734.48,75665.194,0.9678899082568808,,0.0
2023-03-01,36.915,37.235,37.365,36.295,19824.64,75366.328,0.968148725949038,,0.0
2023-03-02,37.165,37.955,38.265,36.865,20574.62,80134.817,0.9687340479836652,,0.0
2023-03-03,37.775,36.755,38.375,36.555,23197.47,89029.617,0.9677461822011584,,0.0
2023-03-06,36.555,37.585,37.895,36.355,19870.16,76773.837,0.9684359701107962,,0.0
2023-03-07,37.565,37.235,37.775,37.125,16165.56,62415.563,0.968148725949038,,0.0
2023-03-08,37.165,36.195,37.165,36.004999999999995,15673.76,58984.933,0.9672634954569748,,0.0
2023-03-09,36.375,35.565,36.595,35.195,20299.64,75040.573,0.9667029083990214,,0.0
2023-03-10,35.365,35.815,36.365,35.365,15940.65,59257.368,0.9669276457883368,,0.0
2023-03-13,35.785,38.295,38.575,35.585,40441.96,157836.043,0.969003036437247,,0.0
2023-03-14,38.295,37.745,38.485,37.375,18660.64,72930.233,0.968565563253785,,0.0
2023-03-15,37.745,36.155,37.775,36.075,24257.41,91900.496,0.9672284644194756,,0.0
2023-03-16,36.155,36.405,36.655,35.615,15566.12,58410.991,0.967446186553282,,0.0
2023-03-17,36.625,35.275,37.795,35.065,35002.23,130722.566,0.9664383561643836,,0.0
2023-03-20,35.245,34.545,35.254999999999995,33.775,31678.83,113130.878,0.9657534246575342,,0.0
2023-03-21,34.535,34.934999999999995,35.315,34.365,24944.89,90221.553,0.9661227876106194,,0.0
2023-03-22,34.754999999999995,35.425,35.795,34.754999999999995,20437.89,74700.035,0.966575716234652,,0.0
2023-03-23,34.715,34.785,35.335,34.275,20155.97,72516.327,0.965981671757845,,0.0
2023-03-24,35.275,35.105,36.655,34.995,38943.61,143741.905,0.966281310211946,,0.0
2023-03-27,34.675,33.665,34.925,33.455,31790.35,111668.301,0.964889653195758,,0.0
2023-03-28,33.765,33.625,34.015,33.345,16177.96,56385.249,0.9648493543758968,,0.0
2023-03-29,33.725,33.805,34.225,33.385,16542.03,57847.331,0.9650299743077362,,0.0
2023-03-30,33.805,33.925,33.995,33.135,17037.0,59285.894,0.965149359886202,,0.0
2023-03-31,33.885,33.305,34.215,33.065,17429.34,60724.652,0.9645236026643498,,0.0
2023-04-03,33.345,33.135,33.625,32.775,21482.73,73830.017,0.964348079161816,,0.0
2023-04-04,33.035,32.725,33.345,32.275,24649.93,83448.634,0.9639175257731958,,0.0
2023-04-06,32.615,32.504999999999995,33.325,32.425,14675.0,49730.278,0.9636821820337976,,0.0
2023-04-07,32.575,32.565,33.015,32.495,15734.0,53409.15,0.9637466706126072,,0.0
2023-04-10,32.475,31.775,32.504999999999995,31.705,18353.35,60829.172,0.962878787878788,,0.0
2023-04-11,31.925,31.525,32.125,31.455,18606.38,61256.21,0.9625954198473282,,0.0
2023-04-12,31.575,31.075,31.875,30.955,20282.29,65737.738,0.9620743034055728,,0.0
2023-04-13,30.965,31.285,31.465,30.785,16851.01,54575.989,0.9623192863734236,,0.0
2023-04-14,31.295,30.785,31.365,30.725,12505.0,40207.183,0.9617307091533897,,0.0
2023-04-17,30.925,31.475,31.805,30.725,17699.0,57694.357,0.962538226299694,,0.0
2023-04-18,31.525,31.825,32.335,30.995,25394.2,83878.703,0.9629349470499244,,0.0
2023-04-19,31.835,31.735,32.105,31.455,14869.76,48953.738,0.9628337378640776,,0.0
2023-04-20,31.775,31.045,31.885,30.925,17154.99,55722.819,0.9620390455531452,,0.0
2023-04-21,31.235,31.545,31.845,31.065,18688.31,61311.904,0.9626182483979248,,0.0
2023-04-24,31.575,31.125,31.754999999999995,30.585,18699.62,60414.432,0.9621329211746522,,0.0
2023-04-25,31.095,30.725,31.735,30.385,16817.29,54122.156,0.961658841940532,,0.0
2023-04-26,30.335,31.254999999999995,31.254999999999995,30.075,16829.0,54175.278,0.9622844827586208,,0.0
2023-04-27,31.004999999999995,31.485,31.855,30.855,21593.89,70414.18,0.9625496789972484,,0.0
2023-04-28,32.775,32.275,32.775,31.575,35399.8,118180.226,0.9634328358208956,,0.0
2023-05-04,32.125,31.975,32.815,31.725,24512.39,82066.809,0.9631024096385542,,0.0
2023-05-05,31.975,31.965,32.235,31.025,20390.98,66878.113,0.9630912925579992,,0.0
2023-05-08,31.995,32.085,32.375,31.465,21750.01,72135.794,0.963224256979886,,0.0
2023-05-09,31.875,30.985,31.975,30.955,16408.33,53583.163,0.9619683328158956,,0.0
2023-05-10,30.975,30.985,31.275,30.655,16853.51,54264.195,0.9619683328158956,,0.0
2023-05-11,30.885,31.265,31.754999999999995,30.705,12238.86,39790.806,0.9622960911049552,,0.0
2023-05-12,30.955,31.635,32.195,30.955,20774.0,68354.829,0.9627206329884358,,0.0
2023-05-15,31.495,30.835,31.625,30.425,16730.18,53612.998,0.9617903930131004,,0.0
2023-05-16,30.775,29.715,30.885,29.255,40468.29,125792.968,0.9604072398190044,,0.0
2023-05-17,29.545,29.425,29.665,29.065,22150.96,67798.94,0.9600326264274062,,0.0
2023-05-18,28.685,28.535,29.255,28.105,29120.14,86998.511,0.9588373655913978,,0.0
2023-05-19,28.405,28.975,29.275,28.075,20787.05,62378.909,0.9594370860927152,,0.0
2023-05-22,28.935,29.475,29.575,28.415,17116.87,52104.058,0.9600977198697068,,0.0
2023-05-23,29.455,29.635,30.455,29.285,17068.63,53002.805,0.960304601425794,,0.0
2023-05-24,29.385,28.825,29.605,28.795,15994.0,48477.076,0.9592346089850248,,0.0
2023-05-25,28.675,28.375,28.955,28.095,15421.0,45681.108,0.9586148648648648,,0.0
2023-05-26,28.365,27.525,28.625,27.475,21493.9,62410.977,0.957391304347826,,0.0
2023-05-29,27.535,27.275,27.905,27.255,22403.04,64375.783,0.9570175438596492,,0.0
2023-05-30,27.275,27.175,27.535,26.595,20445.19,57603.9,0.9568661971830984,,0.0
2023-05-31,27.215,26.875,27.655,26.585,24718.68,69522.058,0.956405693950178,,0.0
2023-06-01,27.175,26.695,27.355,26.625,22655.38,63743.499,0.9561246418338109,,0.0
2023-06-02,26.815,27.275,27.455,26.575,20495.72,58094.287,0.9570175438596492,,0.0
2023-06-05,27.465,27.045,27.465,26.775,16746.96,47242.15,0.956667845772904,,0.0
2023-06-06,27.045,26.845,27.275,26.695,14004.02,39521.694,0.956359102244389,,0.0
2023-06-07,26.858,27.188,27.248,26.638,12828.11,36007.36,0.9654829545454544,,0.0
2023-06-08,27.058,27.488,28.008,26.928,27020.39,77171.83,0.9658468025298664,,0.0
2023-06-09,27.488,26.938,27.488,26.918,35583.0,99850.023,0.9651737728412756,,0.0
2023-06-12,26.998,27.128,27.578,26.638,37600.9,105817.096,0.9654092526690392,,0.0
2023-06-13,27.238,26.898,27.488,26.538,27193.0,75707.341,0.965123789020452,,0.0
2023-06-14,26.808,27.128,27.528,26.748,33037.96,93015.485,0.9654092526690392,,0.0
2023-06-15,27.228,27.418,27.478,26.958,26002.42,73329.122,0.9657625924621344,,0.0
2023-06-16,27.478,27.258,27.768,27.078,26131.55,74052.04,0.9655685441020192,,0.0
2023-06-19,27.378,26.898,27.418,26.868,20189.73,56621.925,0.965123789020452,,0.0
2023-06-20,27.088,26.308,27.088,26.028,38176.99,104778.025,0.9643695014662756,,0.0
2023-06-21,26.378,25.818,26.398,25.808,21618.0,58601.776,0.9637178051511758,,0.0
2023-06-26,25.568,25.258,25.698,25.068,23817.37,62663.841,0.9629431948150972,,0.0
2023-06-27,25.378,25.078,25.378,24.828,34934.68,90953.837,0.9626871401151632,,0.0
2023-06-28,25.048,24.378,25.078,24.218,79230.67,201454.002,0.9616568047337276,,0.0
2023-06-29,24.398,24.028,24.558,23.848,47599.08,119440.781,0.96112,,0.0
2023-06-30,24.118,24.038,24.338,23.898,51296.85,128759.416,0.9611355457816873,,0.0
2023-07-03,24.058,24.488,24.598,23.968,52654.97,133299.689,0.9618224666142968,,0.0
2023-07-04,24.478,24.148,24.478,23.628,63601.0,158330.731,0.9613057324840764,,0.0
2023-07-05,24.028,23.818,24.038,23.738,35197.0,87356.607,0.9607906413876562,,0.0
2023-07-06,23.828,23.508,23.898,23.248,46428.37,113670.738,0.9602941176470589,,0.0
2023-07-07,23.328,23.288,23.618,23.128,44863.0,109050.012,0.959934047815334,,0.0
2023-07-10,23.388,23.598,23.918,23.348,41046.06,101137.786,0.9604395604395604,,0.0
2023-07-11,23.668,23.648,23.868,23.468,29236.84,71896.431,0.9605199025182778,,0.0
2023-07-12,23.658,23.468,23.828,23.438,27048.39,66467.787,0.960229132569558,,0.0
2023-07-13,23.588,23.978,24.038,23.398,54319.0,135069.623,0.9610420841683366,,0.0
2023-07-14,23.978,23.918,24.028,23.538,49115.0,121599.61,0.960948171956609,,0.0
2023-07-17,23.688,23.778,23.868,23.548,19459.99,48037.452,0.9607272727272728,,0.0
2023-07-18,23.768,23.748,23.908,23.488,22422.6,55302.99,0.9606796116504854,,0.0
2023-07-19,23.658,23.768,23.928,23.568,21814.76,53961.925,0.9607113985448664,,0.0
2023-07-20,23.828,23.748,23.978,23.728,36008.0,89304.826,0.9606796116504854,,0.0
2023-07-21,23.648,24.168,24.478,23.588,57412.47,144211.568,0.9613365155131264,,0.0
2023-07-24,24.188,23.728,24.188,23.638,45075.72,111912.984,0.960647773279352,,0.0
2023-07-25,23.878,24.338,24.498,23.878,69635.96,175468.397,0.9615962070327934,,0.0
2023-07-26,24.328,24.218,24.328,23.878,44655.08,111885.701,0.9614132592298532,,0.0
2023-07-27,23.998,23.928,24.158,23.828,35868.51,89449.985,0.9609638554216868,,0.0
2023-07-28,23.808,24.628,24.808,23.638,79946.4,203295.375,0.96203125,,0.0
2023-07-31,24.928,24.918,25.208,24.668,75726.64,195837.581,0.9624565469293164,,0.0
2023-08-01,24.928,24.928,25.378,24.658,72665.91,189167.628,0.9624710424710424,,0.0
2023-08-02,24.828,24.538,24.988,24.488,49627.29,127245.015,0.9618972951783614,,0.0
2023-08-03,24.398,25.558,25.708,24.348,123415.28,323749.568,0.96336223143611,,0.0
2023-08-04,25.808,25.298,25.848,25.228,108836.59,287674.952,0.9629996193376474,,0.0
2023-08-07,25.138,24.788,25.298,24.498,77466.02,199616.49,0.9622670807453416,,0.0
2023-08-08,24.678,24.828,25.008,24.348,56278.41,144390.646,0.9623255813953489,,0.0
2023-08-09,24.528,24.718,24.988,24.488,38223.22,98316.615,0.9621642662514596,,0.0
2023-08-10,24.558,24.768,24.878,24.378,42720.53,109278.057,0.962237762237762,,0.0
2023-08-11,24.738,23.868,24.848,23.828,59503.98,149944.734,0.9608695652173912,,0.0
2023-08-14,23.428,23.518,23.658,23.038,53978.75,131509.059,0.9603103307472436,,0.0
2023-08-15,23.458,23.358,23.598,23.148,30682.0,74507.444,0.9600493218249074,,0.0
2023-08-16,23.208,22.898,23.228,22.568,44102.0,105243.995,0.959279430247172,,0.0
2023-08-17,22.718,23.438,23.508,22.538,41873.0,100858.583,0.9601802539942644,,0.0
2023-08-18,23.438,22.968,23.718,22.958,32118.71,77703.831,0.9593984962406016,,0.0
2023-08-21,22.828,22.838,23.258,22.828,21782.13,52203.053,0.9591768164636708,,0.0
2023-08-22,22.838,22.498,22.998,22.108,32549.34,76379.08,0.9585854282062206,,0.0
2023-08-23,22.468,22.028,22.478,22.028,21989.0,50972.547,0.9577391304347824,,0.0
2023-08-24,22.008,23.478,23.908,21.978,72170.38,173893.967,0.960245398773006,,0.0
2023-08-25,23.478,22.738,23.478,22.578,38383.57,92055.495,0.9590046393926612,,0.0
2023-08-28,24.028,22.278,24.068,22.138,61086.43,146191.391,0.9581935483870968,,0.0
2023-08-29,22.198,23.128,23.218,21.988,42980.52,101991.738,0.9596680497925312,,0.0
2023-08-30,22.628,22.428,23.068,22.328,68187.58,160830.621,0.9584615384615384,,0.0
2023-08-31,22.478,21.828,22.518,21.628,63959.12,146678.22,0.9573684210526316,,0.0
2023-09-01,21.858,22.048,22.478,21.858,44413.01,103016.704,0.9577758470894874,,0.0
2023-09-04,22.088,22.618,22.618,21.978,45109.34,105245.666,0.9587961000423908,,0.0
2023-09-05,22.468,22.298,22.608,22.228,30274.88,70610.302,0.9582294800171894,,0.0
2023-09-06,22.108,22.158,22.228,21.948,24884.96,57355.906,0.957976653696498,,0.0
2023-09-07,22.118,21.458,22.118,21.358,39979.11,90669.151,0.9566651805617477,,0.0
2023-09-08,21.228,21.188,21.448,20.878,32695.33,72364.655,0.9561371841155234,,0.0
2023-09-11,21.128,21.608,21.638,20.908,33316.69,74414.923,0.9569530558015944,,0.0
2023-09-12,21.478,21.778,22.018,21.358,28224.0,64214.481,0.9572747252747252,,0.0
2023-09-13,21.778,21.468,21.898,21.328,23606.0,53203.124,0.9566844919786096,,0.0
2023-09-14,21.358,21.258,21.548,21.098,20106.0,44665.352,0.9562753036437246,,0.0
2023-09-15,21.328,21.788,21.788,21.158,25163.97,56336.053,0.957293497363796,,0.0
2023-09-18,21.578,21.738,21.788,21.188,28918.85,65146.416,0.9571994715984148,,0.0
2023-09-19,21.618,21.508,21.678,21.358,18496.0,41517.203,0.9567615658362988,,0.0
2023-09-20,21.428,21.318,21.568,21.278,20090.36,44971.423,0.956393001345895,,0.0
2023-09-21,21.268,21.068,21.348,20.988,19544.11,43202.815,0.9558983666061706,,0.0
2023-09-22,21.028,21.578,21.588,20.918,26531.23,59184.719,0.9568957871396896,,0.0
2023-09-25,21.528,21.498,21.678,21.408,17865.55,40200.136,0.9567423230974632,,0.0
2023-09-26,21.568,21.138,21.568,21.128,19858.79,44206.907,0.9560379918588872,,0.0
2023-09-27,21.128,21.768,21.858,21.078,38776.71,87706.878,0.9572559366754616,,0.0
2023-09-28,21.758,21.358,21.908,21.298,38375.79,85986.632,0.9564711150918048,,0.0
2023-10-09,21.318,21.088,21.318,21.028,29997.25,66202.614,0.955938349954669,,0.0
2023-10-10,21.078,20.908,21.298,20.898,26521.1,58301.576,0.9555758683729432,,0.0
2023-10-11,20.838,20.988,21.278,20.838,29237.86,64433.787,0.9557377049180328,,0.0
2023-10-12,21.078,21.108,21.268,20.778,29746.08,65393.358,0.9559782608695652,,0.0
2023-10-13,20.988,20.668,20.988,20.558,33231.11,72187.539,0.955083179297597,,0.0
2023-10-16,20.678,20.228,20.818,20.088,34233.92,72895.945,0.9541509433962264,,0.0
2023-10-17,20.298,20.268,20.328,20.028,18689.52,39495.259,0.9542372881355932,,0.0
2023-10-18,20.248,19.848,20.248,19.808,20778.0,43478.868,0.953314121037464,,0.0
2023-10-19,19.608,19.628,20.008,19.568,18942.05,39210.021,0.9528155339805824,,0.0
2023-10-20,19.588,19.318,19.768,19.318,21879.0,44799.851,0.9520946278955148,,0.0
2023-10-23,19.318,18.648,19.318,18.498,35688.31,70762.756,0.9504587155963302,,0.0
2023-10-24,18.858,19.158,19.258,18.718,34027.2,68010.637,0.9517138599105812,,0.0
2023-10-25,19.248,19.138,19.438,19.088,23873.26,48247.217,0.9516658378915962,,0.0
2023-10-26,19.108,19.208,19.218,18.878,22258.53,44532.945,0.9518334985133796,,0.0
2023-10-27,19.188,19.938,19.998,19.028,41272.0,85183.653,0.9535150645624104,,0.0
2023-10-30,19.578,19.528,19.648,19.148,41454.07,84798.109,0.9525853658536584,,0.0
2023-10-31,19.538,19.218,19.538,19.098,31133.0,63020.616,0.9518573551263,,0.0
2023-11-01,19.318,19.358,19.408,19.028,33190.31,67107.726,0.952188883423512,,0.0
2023-11-02,19.318,19.118,19.388,19.088,27181.0,54818.677,0.9516177202588352,,0.0
2023-11-03,19.118,19.548,19.668,19.078,35358.58,72240.693,0.9526315789473684,,0.0
2023-11-06,19.608,19.888,19.908,19.478,35268.05,72935.247,0.9534036433365292,,0.0
2023-11-07,19.838,19.738,19.838,19.578,23446.0,48499.906,0.953066151617576,,0.0
2023-11-08,19.688,19.738,19.878,19.568,18288.35,37825.84,0.953066151617576,,0.0
2023-11-09,19.688,19.728,19.918,19.628,20178.19,41808.826,0.9530434782608695,,0.0
2023-11-10,19.628,19.648,19.758,19.478,17936.4,36927.803,0.9528612997090204,,0.0
2023-11-13,19.648,19.658,19.758,19.508,21590.23,44449.148,0.95288414929714,,0.0
2023-11-14,19.608,19.758,19.978,19.568,36452.69,75620.937,0.9531114327062228,,0.0
2023-11-15,19.938,19.948,20.058,19.828,29792.37,62362.905,0.9535372848948376,,0.0
2023-11-16,19.848,19.508,19.988,19.488,31210.0,64294.424,0.9525390625,,0.0
2023-11-17,19.438,19.568,19.578,19.388,14483.89,29667.602,0.9526777020447906,,0.0
2023-11-20,19.618,19.788,19.788,19.448,21847.0,45075.669,0.9531791907514452,,0.0
2023-11-21,19.738,19.988,20.288,19.738,42574.0,89512.795,0.9536259541984732,,0.0
2023-11-22,19.988,19.878,20.108,19.758,32784.0,68555.217,0.9533812949640288,,0.0
2023-11-23,19.788,19.828,19.978,19.568,30539.16,63163.936,0.9532692307692308,,0.0
2023-11-24,19.778,19.658,19.888,19.648,26713.16,55318.461,0.95288414929714,,0.0
2023-11-27,19.548,18.698,19.548,18.568,69852.81,138777.037,0.9505846466700558,,0.0
2023-11-28,18.698,18.808,18.828,18.298,57564.4,112599.48,0.9508594539939332,,0.0
2023-11-29,18.808,18.558,18.848,18.328,53888.07,105059.951,0.9502304147465436,,0.0
2023-11-30,18.558,18.408,18.658,18.308,52603.0,102242.4,0.94984520123839,,0.0
2023-12-01,19.428,20.348,20.348,19.428,95395.97,201857.418,0.9544090056285176,,0.0
2023-12-04,20.328,22.478,22.478,19.918,336214.28,739524.427,0.958550106609808,,0.0
2023-12-05,21.908,23.028,24.708,21.628,454974.23,1113385.882,0.9595,,0.0
2023-12-06,22.868,21.578,23.228,21.228,322048.36,738206.979,0.9568957871396896,,0.0
2023-12-07,21.538,21.958,22.128,21.248,236153.61,535713.621,0.9576101177496728,,0.0
2023-12-08,21.828,20.938,22.038,20.888,194554.06,434355.01,0.9556366955727976,,0.0
2023-12-11,20.668,21.488,21.678,20.458,146643.71,323990.261,0.9567230632235084,,0.0
2023-12-12,21.378,21.608,21.928,21.238,120274.51,271624.357,0.9569530558015944,,0.0
2023-12-13,21.458,20.908,21.518,20.878,92794.26,205584.698,0.9555758683729432,,0.0
2023-12-14,21.078,20.568,21.148,20.428,80184.8,173686.589,0.954874651810585,,0.0
2023-12-15,20.628,20.528,20.938,20.138,88188.1,189914.041,0.9547906976744186,,0.0
2023-12-18,20.328,19.468,20.508,19.348,102053.22,212309.526,0.9524461839530332,,0.0
2023-12-19,19.348,19.248,19.468,18.938,68942.17,138635.313,0.9519287833827892,,0.0
2023-12-20,19.368,18.738,19.368,18.728,52069.91,103748.985,0.9506849315068492,,0.0
2023-12-21,18.658,19.088,19.148,18.558,63577.41,126310.943,0.9515453639082752,,0.0
2023-12-22,19.048,18.768,19.128,18.628,55246.45,109293.483,0.9507598784194528,,0.0
2023-12-25,18.808,19.278,19.278,18.728,64472.95,129262.775,0.952,,0.0
2023-12-26,19.098,18.898,19.288,18.858,49430.27,98762.157,0.9510820332159032,,0.0
2023-12-27,18.828,19.448,19.588,18.468,81382.53,163882.852,0.952399608227228,,0.0
2023-12-28,19.408,20.518,21.488,19.218,155774.8,330729.188,0.9547696603071196,,0.0
2023-12-29,20.178,20.588,20.928,20.178,101685.37,219644.966,0.9549165120593692,,0.0
2024-01-02,19.928,19.698,20.348,19.698,113576.06,237055.197,0.9529753265602322,,0.0
2024-01-03,19.868,19.598,19.878,19.478,59812.12,123072.528,0.9527467185221196,,0.0
2024-01-04,19.528,19.198,19.608,19.098,49349.82,99916.163,0.9518096182449182,,0.0
2024-01-05,19.188,18.768,19.328,18.638,53161.79,105876.068,0.9507598784194528,,0.0
2024-01-08,18.708,17.548,18.748,17.477999999999998,84953.19,161941.437,0.9475161987041036,,0.0
2024-01-09,17.538,17.038,17.548,16.848,82433.14,149448.622,0.9460299833425874,,0.0
2024-01-10,17.028,18.838,18.838,16.618,194670.2,369332.952,0.9509338717819282,,0.0
2024-01-11,18.778,18.838,19.148,18.458,161742.46,318647.156,0.9509338717819282,,0.0
2024-01-12,18.778,19.528,19.938,18.688,181539.75,371367.321,0.9525853658536584,,0.0
2024-01-15,19.518,19.308,19.918,19.198,111890.37,229382.1,0.9520710059171597,,0.0
2024-01-16,19.288,19.438,19.608,18.878,130877.81,264517.599,0.952376286134248,,0.0
2024-01-17,19.538,18.838,19.638,18.838,74383.83,150517.969,0.9509338717819282,,0.0
2024-01-18,19.038,18.398,19.078,17.727999999999998,98956.61,189632.014,0.94981930820857,,0.0
2024-01-19,18.418,17.958,18.488,17.958,53836.25,103207.324,0.9486529318541996,,0.0
2024-01-22,17.887999999999998,16.387999999999998,17.898,16.278,100147.38,179844.255,0.9440092165898616,,0.0
2024-01-23,16.387999999999998,16.458,16.738,16.067999999999998,80545.25,140212.862,0.9442340791738382,,0.0
2024-01-24,16.538,16.817999999999998,17.128,15.988,90740.71,159305.824,0.945362563237774,,0.0
2024-01-25,16.817999999999998,17.017999999999997,17.128,16.188,100939.0,178714.557,0.9459699833240688,,0.0
2024-01-26,16.828,16.607999999999997,17.168,16.567999999999998,68882.7,122690.381,0.9447098976109214,,0.0
2024-01-29,16.628,16.058,16.808,15.998,63298.0,109570.572,0.9429242513211978,,0.0
2024-01-30,15.928,15.148,15.928,15.098,60477.0,99563.441,0.9397022332506204,,0.0
2024-01-31,15.018,14.688,15.518,14.508,85306.93,135435.365,0.9379310344827586,,0.0
2024-02-01,14.628,14.348,14.798,14.188,63483.21,98208.976,0.9365535248041776,,0.0
2024-02-02,14.458,14.328,15.128000000000002,13.648,109502.12,169759.096,0.9364705882352942,,0.0
2024-02-05,14.158,12.798,14.228,12.798,99379.97,139671.132,0.9294117647058824,,0.0
2024-02-06,12.288,13.408,13.768,11.858,98908.45,135961.463,0.9324061196105704,,0.0
2024-02-07,13.408,13.738,14.178,13.228,83627.75,123639.498,0.9339225016995242,,0.0
2024-02-08,13.748,14.288,14.528,13.728,75620.11,114909.254,0.9363040629095676,,0.0
2024-02-19,14.288,14.128,14.528,13.818,82781.63,125340.358,0.9356291390728476,,0.0
2024-02-20,14.028,14.108,14.148,13.778,46864.77,70040.077,0.9355437665782492,,0.0
2024-02-21,13.938,14.578,15.128000000000002,13.848,95329.13,148715.353,0.9374919614147912,,0.0
2024-02-22,14.488,14.748,14.768,14.388,61877.2,96275.442,0.9381679389312978,,0.0
2024-02-23,14.748,15.048,15.048,14.548,62497.7,98603.762,0.9393258426966292,,0.0
2024-02-26,15.018,15.118,15.358,14.748,76432.71,122390.914,0.9395898073337478,,0.0
2024-02-27,14.978,15.428,15.428,14.918,66122.76,107089.132,0.9407317073170732,,0.0
2024-02-28,15.588,14.448,15.878000000000002,14.438,125906.46,204107.466,0.9369649805447472,,0.0
2024-02-29,14.328,14.858,14.898,14.248,72009.25,112466.655,0.9385975994946304,,0.0
2024-03-01,14.938,15.178,15.228,14.618,80729.46,128798.311,0.9398142414860682,,0.0
2024-03-04,15.108,15.088,15.428,14.938,75121.64,120920.3,0.9394769613947695,,0.0
2024-03-05,15.008,14.698,15.098,14.618,60267.9,95057.874,0.937970644543714,,0.0
2024-03-06,14.628,14.548,14.788,14.278,60180.34,93191.352,0.9373711340206186,,0.0
2024-03-07,14.548,14.318,14.768,14.288,52591.59,81497.314,0.936429038587312,,0.0
2024-03-08,14.308,14.198,14.428,13.888,52494.04,79394.442,0.9359261700725116,,0.0
2024-03-11,14.168,14.898,14.898,14.148,68136.94,106221.162,0.9387523629489604,,0.0
2024-03-12,14.948,15.298,15.328,14.838,75349.99,121539.385,0.9402581438229872,,0.0
2024-03-13,15.288000000000002,15.148,15.338,15.058000000000002,49764.02,80365.416,0.9397022332506204,,0.0
2024-03-14,15.138,14.938,15.228,14.708,44098.0,70286.32,0.9389063482086738,,0.0
2024-03-15,14.868,15.228,15.228,14.768,50183.86,80466.006,0.94,,0.0
2024-03-18,15.238,15.278,15.298,14.928,51582.0,82979.332,0.9401846153846154,,0.0
2024-03-19,15.268,15.228,15.488,15.158,47678.5,77561.839,0.94,,0.0
2024-03-20,15.228,15.288000000000002,15.328,15.088,36628.41,59299.946,0.9402214022140222,,0.0
2024-03-21,15.418,15.348,15.458,15.028,49229.83,80036.782,0.9404411764705882,,0.0
2024-03-22,15.308000000000002,14.708,15.308000000000002,14.668,62149.69,98469.051,0.9380102040816328,,0.0
2024-03-25,14.548,14.088,14.668,14.088,50988.0,78341.778,0.9354581673306772,,0.0
2024-03-26,14.048,14.248,14.308,13.968,46114.78,69882.012,0.9361366622864652,,0.0
2024-03-27,14.388,15.768,15.768,14.278,216800.49,358334.632,0.9419354838709678,,0.0
2024-03-28,15.268,16.028,16.028,15.018,263680.37,432726.13,0.9428235294117646,,0.0
2024-03-29,15.818,15.648,15.928,15.458,122450.7,203489.78,0.9415162454873648,,0.0
2024-04-01,15.608,15.998,16.028,15.528,138378.67,232317.812,0.9427224513847968,,0.0
2024-04-02,16.017999999999997,16.008,16.578,15.898,193136.63,331452.15,0.942756183745583,,0.0
2024-04-03,16.048,16.288,16.427999999999997,15.808000000000002,161220.12,277058.558,0.9436848203939744,,0.0
2024-04-08,16.137999999999998,15.728,16.137999999999998,15.438,132568.15,221722.916,0.9417964071856288,,0.0
2024-04-09,15.528,15.738,15.868,15.418,72974.86,121489.807,0.9418312387791742,,0.0
2024-04-10,15.778,15.098,15.798,14.908,92845.7,150927.723,0.9395146235220908,,0.0
2024-04-11,15.028,14.908,15.278,14.848,66936.32,107407.758,0.9387909319899244,,0.0
2024-04-12,14.878,14.588,14.998,14.458,68708.0,107431.719,0.9375321336760926,,0.0
2024-04-15,14.478,13.618,14.778,13.408,93079.95,138317.27,0.9333790267306374,,0.0
2024-04-16,13.578,12.488,13.578,12.428,98442.23,135963.815,0.9277860326894504,,0.0
2024-04-17,12.718,13.348,13.408,12.718,73098.92,103499.2,0.932122905027933,,0.0
2024-04-18,13.328,13.388,13.698,12.988,73372.64,105495.056,0.9323119777158776,,0.0
2024-04-19,13.278,13.218,13.358,12.938,55015.38,77571.539,0.9315010570824525,,0.0
2024-04-22,13.208,13.468,13.588,12.958,52857.12,75719.068,0.9326869806094183,,0.0
2024-04-23,13.448,13.568,13.668,13.408,43370.0,62995.485,0.9331499312242092,,0.0
2024-04-24,13.528,13.468,13.608,13.228,44625.0,64124.161,0.9326869806094183,,0.0
2024-04-25,13.268,13.448,13.648,13.268,45893.48,66376.643,0.9325936199722608,,0.0
2024-04-26,13.128,13.738,13.738,13.028,73725.89,106431.255,0.9339225016995242,,0.0
2024-04-29,13.748,14.158,14.228,13.728,66157.0,99228.337,0.9357567746199604,,0.0
2024-04-30,14.098,14.068,14.278,13.878,51658.05,77809.541,0.935372340425532,,0.0
2024-05-06,14.428,14.668,14.698,14.258,66213.0,102648.809,0.937851662404092,,0.0
2024-05-07,14.678,14.748,14.808,14.528,43136.0,67630.178,0.9381679389312978,,0.0
2024-05-08,14.688,14.508,14.778,14.478,43934.0,68468.457,0.9372093023255814,,0.0
2024-05-09,14.698,14.728,14.808,14.438,32333.0,50673.183,0.9380891719745224,,0.0
2024-05-10,14.778,14.418,15.018,14.418,46111.0,71755.492,0.936842105263158,,0.0
2024-05-13,14.318,14.128,14.338,14.008,43163.86,65166.657,0.9356291390728476,,0.0
2024-05-14,14.128,14.518,14.598,14.128,41793.86,64343.441,0.937249838605552,,0.0
2024-05-15,14.478,14.198,14.508,14.178,25461.0,38870.907,0.9359261700725116,,0.0
2024-05-16,14.188,14.268,14.428,14.108,31045.71,47373.037,0.9362204724409448,,0.0
2024-05-17,14.268,14.508,14.568,14.188,40664.03,62410.303,0.9372093023255814,,0.0
2024-05-20,14.078,14.158,14.588,13.878,74708.03,113628.726,0.9357567746199604,,0.0
2024-05-21,14.148,13.988,14.158,13.828,41234.9,61592.932,0.9350267379679144,,0.0
2024-05-22,13.988,13.848,14.038,13.748,39286.53,58295.92,0.9344129554655872,,0.0
2024-05-23,13.808,13.308,13.858,13.258,46792.0,67484.999,0.9319327731092436,,0.0
2024-05-24,13.348,13.128,13.438,13.098,38785.62,55114.509,0.931063829787234,,0.0
2024-05-27,13.138,13.198,13.278,12.808,42350.0,59098.623,0.9314043754410728,,0.0
2024-05-28,13.158,12.818,13.158,12.808,39839.69,55391.767,0.9295141406816534,,0.0
2024-05-29,12.808,12.828,12.978,12.738,27226.69,37610.64,0.9295652173913044,,0.0
2024-05-30,12.828,12.738,12.918,12.648,33628.0,46131.92,0.9291028446389498,,0.0
2024-05-31,12.843,12.883,12.973,12.753,30037.0,40862.183,0.9451944240645634,,0.0
2024-06-03,12.833,12.583,12.843,12.503,38622.34,51647.211,0.943960990247562,,0.0
2024-06-04,12.613,12.603,12.683,12.393,30075.0,39897.377,0.9440449438202247,,0.0
2024-06-05,12.543,12.283,12.573,12.273,33856.0,44592.576,0.9426707597851112,,0.0
2024-06-06,12.343,11.793,12.373,11.723,54754.07,69459.341,0.9404306220095694,,0.0
2024-06-07,11.833,12.083,12.123,11.813,36665.0,46640.701,0.9417770849571316,,0.0
2024-06-11,12.023,12.043,12.153,11.753,30789.32,39054.8,0.941594996090696,,0.0
2024-06-12,12.033,12.123,12.193,11.983,27385.32,35265.479,0.941958041958042,,0.0
2024-06-13,12.133,11.903,12.193,11.853,26747.0,34018.044,0.9409486166007904,,0.0
2024-06-14,11.903,12.033,12.043,11.753,27157.0,34366.477,0.941549295774648,,0.0
2024-06-17,11.963,11.903,11.983,11.833,21802.96,27564.109,0.9409486166007904,,0.0
2024-06-18,11.893,11.823,11.993,11.763,30705.0,38707.645,0.9405727923627684,,0.0
2024-06-19,11.853,11.563,11.923,11.533,34009.25,42125.227,0.9393176279447604,,0.0
2024-06-20,11.553,11.213,11.573,11.203,40117.91,48441.302,0.9375418060200668,,0.0
2024-06-21,11.183,11.263,11.363,10.963,28036.0,33616.689,0.9378018318068276,,0.0
2024-06-24,11.143,10.803,11.153,10.743,35341.0,41204.279,0.9353246753246752,,0.0
2024-06-25,10.853,10.883,11.003,10.803,25682.0,29913.976,0.9357695614789338,,0.0
2024-06-26,10.873,11.303,11.303,10.773,31905.09,37670.07,0.9380082987551868,,0.0
2024-06-27,11.253,11.033,11.303,11.013,23466.0,27845.425,0.9365874363327674,,0.0
2024-06-28,11.013,10.923,11.173,10.893,24848.98,29336.896,0.9359897172236504,,0.0
2024-07-01,10.783,11.073,11.113,10.753,19535.0,22875.685,0.9368020304568528,,0.0
2024-07-02,11.083,11.103,11.223,10.973,22410.0,26632.429,0.9369620253164556,,0.0
2024-07-03,11.103,11.183,11.533,11.073,33208.0,39956.475,0.9373847443419948,,0.0
2024-07-04,11.253,10.723,11.293,10.703,39557.0,46028.869,0.93487358326068,,0.0
2024-07-05,10.713,10.843,10.893,10.573,25634.73,29497.845,0.9355478861087144,,0.0
2024-07-08,10.823,10.463,10.823,10.413,32238.91,36382.649,0.9333630686886708,,0.0
2024-07-09,10.383,10.423,10.503,10.083,45744.69,50537.748,0.9331244404655328,,0.0
2024-07-10,10.353,10.523,10.713,10.193,28840.01,32492.145,0.933717834960071,,0.0
2024-07-11,10.683,10.713,10.983,10.553,51559.2,59231.655,0.9348167539267016,,0.0
2024-07-12,10.683,10.593,10.813,10.523,30386.0,34577.995,0.934126984126984,,0.0
2024-07-15,10.573,10.403,10.623,10.333,23725.0,26498.557,0.9330044843049328,,0.0
2024-07-16,10.423,10.343,10.473,10.283,19227.24,21333.386,0.9326420198376916,,0.0
2024-07-17,10.363,10.493,10.643,10.233,41016.24,45833.445,0.933540925266904,,0.0
2024-07-18,10.363,10.513,10.533,10.263,25599.0,28567.751,0.9336589698046182,,0.0
2024-07-19,10.483,10.613,10.653,10.373,24722.95,27873.805,0.9342429577464788,,0.0
2024-07-22,10.553,10.423,10.673,10.373,33025.74,37100.15,0.9331244404655328,,0.0
2024-07-23,10.433,9.883,10.443,9.873,57033.33,61979.119,0.9297271872060208,,0.0
2024-07-24,9.883,9.663,9.953,9.653,42187.25,44375.406,0.928242074927954,,0.0
2024-07-25,9.643,9.863,10.033,9.593,40945.0,43428.65,0.9295947219604148,,0.0
2024-07-26,9.913,9.933,10.093,9.853,31043.72,33152.272,0.9300561797752808,,0.0
2024-07-29,9.923,9.723,9.973,9.723,27541.55,29011.712,0.9286532951289398,,0.0
2024-07-30,9.693,9.853,9.863,9.643,24437.05,25759.164,0.9295283018867924,,0.0
2024-07-31,10.033,10.483,10.503,9.853,60846.0,67106.083,0.9334817453250224,,0.0
2024-08-01,10.643,10.313,10.693,10.283,33205.28,37029.698,0.9324593128390596,,0.0
2024-08-02,10.223,10.323,10.493,10.223,30930.0,34404.406,0.932520325203252,,0.0
2024-08-05,10.103,10.273,10.683,10.103,59622.0,66719.127,0.9322141560798548,,0.0
2024-08-06,10.453,10.623,10.623,10.353,48661.28,54815.916,0.9343007915567282,,0.0
2024-08-07,10.583,10.453,10.623,10.373,35111.0,39287.929,0.9333035714285716,,0.0
2024-08-08,10.333,10.793,10.863,10.333,62947.0,72074.349,0.93526863084922,,0.0
2024-08-09,10.683,10.533,10.803,10.513,45275.0,51566.353,0.9337765957446807,,0.0
2024-08-12,10.413,10.453,10.613,10.403,30070.0,33774.603,0.9333035714285716,,0.0
2024-08-13,10.453,10.413,10.473,10.243,28844.0,31995.416,0.9330645161290324,,0.0
2024-08-14,10.393,10.243,10.413,10.223,27486.0,30300.54,0.9320291173794358,,0.0
2024-08-15,10.243,10.293,10.443,10.093,31502.0,34744.414,0.9323369565217392,,0.0
2024-08-16,10.293,9.893,10.323,9.873,46123.0,49679.227,0.9297932330827068,,0.0
2024-08-19,9.913,9.813,10.053,9.773,27913.0,29595.99,0.9292613636363636,,0.0
2024-08-20,9.853,9.563,9.873,9.533,35488.42,36840.691,0.9275460717749756,,0.0
2024-08-21,9.583,9.483,9.653,9.473,25479.0,26215.562,0.9269794721407624,,0.0
2024-08-22,9.553,9.213,9.583,9.203,37543.07,37689.497,0.925,,0.0
2024-08-23,9.203,9.153,9.293,9.053,32293.0,31990.118,0.9245454545454546,,0.0
2024-08-26,9.153,9.363,9.513,9.113,38007.31,38386.698,0.9261127596439168,,0.0
2024-08-27,9.323,9.323,9.473,9.203,23899.0,24080.771,0.925819265143992,,0.0
2024-08-28,9.323,9.443,9.503,9.233,28054.0,28462.123,0.9266928361138372,,0.0
2024-08-29,9.433,9.613,9.633,9.323,33649.0,34529.433,0.9278957528957528,,0.0
2024-08-30,9.563,9.903,10.083,9.303,63229.0,66411.237,0.9298591549295776,,0.0
2024-09-02,9.833,9.323,9.833,9.323,60411.61,61995.156,0.925819265143992,,0.0
2024-09-03,9.303,9.513,9.613,9.283,39508.21,40388.976,0.9271929824561403,,0.0
2024-09-04,9.413,9.383,9.633,9.373,29621.11,30300.249,0.926258637709773,,0.0
2024-09-05,9.383,9.603,9.643,9.383,38664.28,39961.552,0.9278260869565218,,0.0
2024-09-06,9.583,9.383,9.673,9.363,28069.1,28758.055,0.926258637709773,,0.0
2024-09-09,9.403,9.433,9.513,9.233,23154.0,23478.162,0.9266208251473478,,0.0
2024-09-10,9.533,9.403,9.533,9.213,28125.93,28356.301,0.9264039408866996,,0.0
2024-09-11,9.313,9.393,9.503,9.303,21452.0,21743.12,0.9263313609467456,,0.0
2024-09-12,9.393,9.263,9.513,9.253,27266.0,27584.488,0.9253746253746252,,0.0
2024-09-13,9.273,8.963000000000001,9.313,8.963000000000001,34525.11,33990.489,0.923069001029866,,0.0
2024-09-18,8.973,8.913,9.073,8.713000000000001,30763.06,29469.024,0.922670807453416,,0.0
2024-09-19,8.953,9.583,9.853,8.923,87873.31,89873.718,0.9276863504356244,,0.0
2024-09-20,9.583,9.573,9.643,9.403,48702.43,50072.183,0.9276162790697674,,0.0
2024-09-23,9.613,9.473,9.643,9.433,29246.0,30061.904,0.926908023483366,,0.0
2024-09-24,9.623,9.963,9.983,9.533,62661.98,65932.379,0.9302521008403362,,0.0
2024-09-25,10.093,10.073,10.283,10.013,58510.0,63732.854,0.9309611829944549,,0.0
2024-09-26,10.073,10.943,10.963,10.053,107201.58,121446.796,0.9360992301112062,,0.0
2024-09-27,11.083,11.523,11.523,10.953,90509.5,108180.484,0.939119804400978,,0.0
2024-09-30,12.313,12.653,12.753,11.763,201034.88,263437.887,0.9442537313432836,,0.0
2024-10-08,13.983,13.043,13.993,12.283,215977.7,300072.18,0.9458303118201596,,0.0
2024-10-09,12.533,11.663,12.533,11.663,147004.85,186154.938,0.9398066075745368,,0.0
2024-10-10,11.603,11.353,11.773,11.073,124460.98,151488.878,0.9382644628099174,,0.0
2024-10-11,11.263,10.933,11.653,10.833,80085.0,95855.619,0.9360445205479452,,0.0
2024-10-14,10.943,11.213,11.283,10.653,73453.0,86217.605,0.9375418060200668,,0.0
2024-10-15,11.153,10.913,11.323,10.883,53395.0,63341.254,0.935934819897084,,0.0
2024-10-16,10.753,10.793,11.003,10.653,46382.0,53662.23,0.93526863084922,,0.0
2024-10-17,10.813,10.603,11.023,10.573,47609.0,54837.885,0.9341850220264316,,0.0
2024-10-18,10.603,10.873,11.113,10.503,74035.94,85292.139,0.9357142857142856,,0.0
2024-10-21,10.893,11.063,11.283,10.813,68318.76,80682.64,0.9367485182049112,,0.0
2024-10-22,11.103,11.463,11.463,10.963,89663.85,107678.529,0.9388206388206388,,0.0
2024-10-23,11.463,11.333,11.533,11.283,67232.81,81495.048,0.9381622516556292,,0.0
2024-10-24,11.333,11.333,11.503,11.233,54320.97,65767.388,0.9381622516556292,,0.0
2024-10-25,11.333,11.563,11.643,11.333,62920.23,77117.318,0.9393176279447604,,0.0
2024-10-28,11.653,12.013,12.033,11.583,85727.0,107790.632,0.9414576802507836,,0.0
2024-10-29,12.013,11.603,12.223,11.603,97753.0,123204.705,0.939514170040486,,0.0
2024-10-30,11.503,11.533,11.823,11.373,75362.43,93022.971,0.9391693811074918,,0.0
2024-10-31,11.533,11.513,11.643,11.433,64217.55,78871.86,0.9390701468189232,,0.0
2024-11-01,11.503,11.263,11.563,11.133,71362.0,86273.729,0.9378018318068276,,0.0
2024-11-04,11.013,11.623,11.753,10.883,112085.29,136159.316,0.9396119644300728,,0.0
2024-11-05,11.383,11.923,11.983,11.153,204076.49,253759.857,0.9410418310970796,,0.0
2024-11-06,11.913,11.843,12.093,11.753,147638.0,186665.968,0.9406671961874504,,0.0
2024-11-07,11.753,13.103,13.103,11.713,307586.15,410688.651,0.9460649819494584,,0.0
2024-11-08,13.153,12.623,13.163,12.423,312373.0,419448.467,0.9441286462228872,,0.0
2024-11-11,12.243,12.563,12.573,12.063,179271.82,234285.619,0.943876784372652,,0.0
2024-11-12,12.493,12.543,12.853,12.433,177380.01,237296.095,0.9437923250564334,,0.0
2024-11-13,12.472,12.352,12.542,12.082,102144.0,130584.0,0.9612451361867704,,0.0
2024-11-14,12.302,11.872,12.302,11.842,77203.96,97135.407,0.9597413096200486,,0.0
2024-11-15,11.892,11.782,12.182,11.772,89239.58,111667.809,0.9594462540716612,,0.0
2024-11-18,11.782,11.372,11.882,11.312,86293.58,103984.842,0.9580454928390902,,0.0
2024-11-19,11.632,11.762,11.962000000000002,11.412,92314.18,112184.161,0.9593800978792822,,0.0
2024-11-20,11.722,11.842,11.912,11.602,83187.1,102002.189,0.9596434359805512,,0.0
2024-11-21,11.842,11.922,12.102,11.742,94231.04,116849.153,0.959903381642512,,0.0
2024-11-22,11.882,11.172,11.912,11.102,115411.1,138200.407,0.9573264781491004,,0.0
2024-11-25,11.102,11.382,11.602,10.952,82916.04,97268.376,0.958080808080808,,0.0
2024-11-26,11.302,11.472,11.662,11.302,74497.56,89515.924,0.9583959899749374,,0.0
2024-11-27,11.412,11.672,11.672,11.102,81423.0,97030.473,0.9590797041906328,,0.0
2024-11-28,11.742,11.722,11.912,11.602,77457.0,94969.483,0.9592471358428806,,0.0
2024-11-29,11.752,12.492,12.892,11.732,254125.31,328691.084,0.9616628175519631,,0.0
2024-12-02,12.422,12.762,12.982,12.352,211239.0,279301.553,0.9624434389140272,,0.0
2024-12-03,12.672,12.522,12.742,12.372,121750.0,158414.999,0.9617511520737329,,0.0
2024-12-04,12.522,12.602,13.302,12.212000000000002,181714.63,241151.823,0.9619847328244276,,0.0
2024-12-05,12.602,12.912,13.132,12.332,217602.15,289375.712,0.9628635346756153,,0.0
2024-12-06,12.912,12.882,13.082,12.642,140817.0,187851.301,0.962780269058296,,0.0
2024-12-09,12.832,12.632,12.942,12.532,120616.0,159377.798,0.962071591774562,,0.0
2024-12-10,13.202,13.942,13.942,13.052,219647.35,312648.124,0.9655124653739612,,0.0
2024-12-11,14.302,15.382,15.382,14.002,430565.46,659137.919,0.968639798488665,,0.0
2024-12-12,15.502,16.971999999999998,16.971999999999998,15.402,732062.62,1235837.828,0.9714939896966228,,0.0
2024-12-13,16.802,15.542,16.802,15.222,543932.48,888427.397,0.9689526184538654,,0.0
2024-12-16,15.012,15.062,15.862,14.692,362877.84,575596.673,0.9679948586118252,,0.0
2024-12-17,14.892,14.102,14.992,14.002,309123.34,460762.636,0.9658904109589042,,0.0
2024-12-18,14.102,13.952,14.262,13.822,177923.03,257559.348,0.9655363321799308,,0.0
2024-12-19,13.632,13.852,13.932,13.382,185652.38,263061.144,0.9652961672473868,,0.0
2024-12-20,14.402,14.252,14.952,14.172,329581.15,495074.684,0.9662372881355932,,0.0
2024-12-23,14.162,13.222,14.162,13.212000000000002,216438.91,304887.041,0.9637026239067056,,0.0
2024-12-24,13.222,14.592,14.592,12.982,270972.0,388723.582,0.9669980119284296,,0.0
2024-12-25,14.632,15.382,15.582,14.622,485038.23,755733.802,0.968639798488665,,0.0
2024-12-26,15.002,15.142,15.332,14.822,318229.28,496279.898,0.968158567774936,,0.0
2024-12-27,15.152,14.572,15.152,14.452,254308.1,386886.803,0.9669542136695422,,0.0
2024-12-30,14.522,14.082,14.532,13.982,148245.0,217577.829,0.965843621399177,,0.0
2024-12-31,14.002,13.712000000000002,14.402,13.682,193293.12,281362.194,0.964954257565095,,0.0
2025-01-02,13.902,15.132,15.132,13.802,355766.91,551403.778,0.9681381957773512,,0.0
2025-01-03,15.362,14.792,15.852000000000002,14.572,456141.59,709904.303,0.9674296926095488,,0.0
2025-01-06,14.302,15.032,15.102,14.022,308093.92,465707.005,0.9679330328396653,,0.0
2025-01-07,15.092,14.972,15.272,14.152,292890.97,443981.389,0.967808661926309,,0.0
2025-01-08,14.502,16.002,16.522,14.422,517691.54,849849.592,0.9698181818181818,,0.0
2025-01-09,15.502,16.471999999999998,16.762,15.502,461321.77,763832.862,0.970654095462581,,0.0
2025-01-10,16.052,14.812,16.052,14.802,380248.34,603335.718,0.967472240365774,,0.0
2025-01-13,14.222,14.702,15.702,13.302,337978.87,497018.644,0.9672368421052632,,0.0
2025-01-14,14.362,15.542,15.672000000000002,14.332,356225.98,558868.734,0.9689526184538654,,0.0
2025-01-15,15.862,15.802,16.482,15.432,410069.92,678816.797,0.9694478527607362,,0.0
2025-01-16,15.642,15.952,16.201999999999998,15.232,332973.22,540008.787,0.969726443768997,,0.0
2025-01-17,15.282,15.642,15.942000000000002,15.002,302751.17,482941.618,0.9691449814126396,,0.0
2025-01-20,15.612,14.892,15.832,14.872,232876.76,365492.711,0.9676413255360624,,0.0
2025-01-21,14.992,16.432,16.432,14.262,469274.46,770315.291,0.9705847607796808,,0.0
2025-01-22,16.502,15.652,16.872,15.492,419315.52,690759.869,0.9691640866873066,,0.0
2025-01-23,15.942000000000002,15.812,16.282,15.392,402255.5,656175.427,0.9694665849172288,,0.0
2025-01-24,15.532000000000002,15.702,16.002,15.222,258697.0,417011.974,0.9692592592592592,,0.0
2025-01-27,15.762000000000002,14.542,15.842,14.492,207388.5,323260.166,0.9668882978723404,,0.0
2025-02-05,14.102,13.172,14.362,13.122,279691.34,392418.291,0.96356986100951,,0.0
2025-02-06,13.172,13.342,13.342,12.862,183675.65,250512.568,0.9640173410404624,,0.0
2025-02-07,13.202,13.272,13.472,13.172,179927.27,248332.065,0.9638344226579522,,0.0
2025-02-10,13.222,13.432,13.442,13.162,168435.98,232831.947,0.9642498205312277,,0.0
2025-02-11,13.532,13.352,13.702,13.322,158884.14,221769.067,0.964043321299639,,0.0
2025-02-12,12.992,13.212000000000002,13.212000000000002,12.852,185978.99,251049.264,0.963676148796499,,0.0
2025-02-13,13.082,12.902,13.202,12.892,141567.52,191478.271,0.9628358208955224,,0.0
2025-02-14,12.792,12.552,12.872,12.512,161828.58,212970.85,0.9618390804597702,,0.0
2025-02-17,12.542,12.702,12.722,12.402,114910.0,150694.791,0.9622727272727272,,0.0
2025-02-18,12.702,11.942,12.702,11.872,166533.0,212193.012,0.959967845659164,,0.0
2025-02-19,11.842,12.102,12.302,11.822,122225.0,152966.072,0.9604761904761904,,0.0
2025-02-20,12.042,12.202,12.272,12.012,85864.0,108791.856,0.9607874015748032,,0.0
2025-02-21,12.152,12.052,12.232,11.872,95947.0,119968.518,0.9603187250996016,,0.0
2025-02-24,11.992,12.102,12.132,11.992,84543.24,106215.766,0.9604761904761904,,0.0
2025-02-25,12.002,11.972,12.162,11.872,71909.0,90108.615,0.9600641539695268,,0.0
2025-02-26,11.952,12.182,12.182,11.952,78932.0,99120.703,0.9607255520504732,,0.0
2025-02-27,12.202,13.062,13.392,12.192,323219.05,430805.812,0.963274336283186,,0.0
2025-02-28,13.002,12.652,13.222,12.572,187320.04,251065.264,0.96212927756654,,0.0
2025-03-03,12.722,12.512,12.842,12.382,138150.52,180920.198,0.9617217524980785,,0.0
2025-03-04,12.412,12.322,12.502,12.022,111768.04,142067.765,0.9611544461778472,,0.0
2025-03-05,12.232,12.152,12.322,11.992,81366.52,102419.069,0.9606324110671938,,0.0
2025-03-06,12.152,12.322,12.342,12.092,95336.76,121405.69,0.9611544461778472,,0.0
2025-03-07,12.202,12.182,12.312,12.062,75857.0,96281.16,0.9607255520504732,,0.0
2025-03-10,12.142,12.442,12.722,12.022,124913.0,160290.943,0.961514683153014,,0.0
2025-03-11,12.332,12.492,12.502,12.202,75987.76,97509.397,0.9616628175519631,,0.0
2025-03-12,12.472,12.482,12.632,12.342,74221.24,96110.996,0.961633281972265,,0.0
2025-03-13,12.502,12.202,12.552,12.102,77680.04,99145.929,0.9607874015748032,,0.0
2025-03-14,12.222,12.802,12.832,12.212000000000002,198996.47,261533.76,0.9625563909774436,,0.0
2025-03-17,12.992,12.682,13.052,12.662,129410.99,172473.207,0.9622154779969652,,0.0
2025-03-18,12.702,12.602,12.792,12.552,69466.0,91124.323,0.9619847328244276,,0.0
2025-03-19,12.552,12.472,12.552,12.422,56011.24,72635.53,0.9616037008481112,,0.0
2025-03-20,12.462000000000002,12.402,12.582,12.382,55344.0,71760.229,0.9613953488372092,,0.0
2025-03-21,12.312,12.262,12.392,12.152,59786.24,76330.773,0.960971786833856,,0.0
2025-03-24,12.322,12.242,12.422,11.992,69186.0,87758.461,0.9609105180533752,,0.0
2025-03-25,12.212000000000002,12.112,12.212000000000002,11.962000000000002,54635.0,68652.326,0.96050753370341,,0.0
2025-03-26,12.042,12.172,12.192,12.032,39106.0,49385.122,0.9606945540647198,,0.0
2025-03-27,12.172,12.212000000000002,12.282,11.982,46167.0,58401.677,0.960818253343824,,0.0
2025-03-28,12.212000000000002,11.922,12.232,11.922,49883.0,62485.958,0.959903381642512,,0.0
2025-03-31,11.842,11.482,11.842,11.372,77671.0,93431.018,0.9584307178631052,,0.0
2025-04-01,11.402,11.572,11.692,11.402,51268.0,62044.847,0.9587406793703396,,0.0
2025-04-02,11.572,11.672,11.762,11.552,40303.0,49074.519,0.9590797041906328,,0.0
2025-04-03,11.562,11.772,11.872,11.502,46322.01,56741.518,0.9594132029339854,,0.0
2025-04-07,11.172,10.542,11.472,10.542,95799.49,108945.427,0.954891304347826,,0.0
2025-04-08,10.502,11.462000000000002,11.472,10.482,131235.56,151328.698,0.958361204013378,,0.0
2025-04-09,11.152,11.652,11.772,10.862,126497.2,149458.793,0.9590123456790124,,0.0
2025-04-10,11.652,12.042,12.452,11.552,153423.35,191438.854,0.960287081339713,,0.0
2025-04-11,12.052,12.022,12.232,11.822,112047.0,140129.839,0.960223642172524,,0.0
2025-04-14,12.002,12.202,12.402,11.972,96485.82,122970.252,0.9607874015748032,,0.0
2025-04-15,12.252,12.572,12.652,12.132,188112.0,243190.676,0.9618974751338945,,0.0
2025-04-16,12.302,12.412,12.592,12.032,127444.0,163780.017,0.9614252517428352,,0.0
2025-04-17,12.352,12.762,12.932,12.152,182060.81,239539.28,0.9624434389140272,,0.0
2025-04-18,12.752,12.322,12.752,12.262,106308.82,137288.466,0.9611544461778472,,0.0
2025-04-21,12.162,12.362,12.472,12.102,85063.0,109266.374,0.961275272161742,,0.0
2025-04-22,12.352,12.502,12.822,12.292,104883.0,136694.192,0.9616923076923076,,0.0
2025-04-23,12.482,12.082,12.532,12.072,102769.0,130798.339,0.9604133545310016,,0.0
2025-04-24,12.002,12.062,12.332,11.952,73067.04,92086.341,0.9603503184713376,,0.0
2025-04-25,12.002,11.992,12.292,11.962000000000002,56973.0,71722.522,0.9601281024819855,,0.0
2025-04-28,11.972,11.502,11.972,11.472,76755.0,92686.628,0.9585,,0.0
2025-04-29,11.352,11.482,11.592,11.312,56882.0,68088.484,0.9584307178631052,,0.0
2025-04-30,11.522,11.312,11.742,11.302,68675.0,82253.766,0.9578323454699408,,0.0
2025-05-06,11.342,11.382,11.522,11.302,84394.93,100213.541,0.958080808080808,,0.0
2025-05-07,11.492,11.472,11.712000000000002,11.392,73878.21,88549.004,0.9583959899749374,,0.0
2025-05-08,11.472,11.502,11.522,11.312,69494.84,83163.866,0.9585,,0.0
2025-05-09,11.502,11.312,11.542,11.282,75443.24,89533.526,0.9578323454699408,,0.0
2025-05-12,11.332,11.312,11.372,11.222,44085.24,51963.571,0.9578323454699408,,0.0
2025-05-13,11.392,11.362,11.522,11.352,91560.99,109115.049,0.958010118043845,,0.0
2025-05-14,11.352,11.312,11.372,11.152,66047.67,77493.843,0.9578323454699408,,0.0
2025-05-15,11.282,11.192,11.332,11.172,49655.0,58336.07,0.957399486740804,,0.0
2025-05-16,11.192,11.242,11.272,11.072,52200.16,60941.231,0.957580919931857,,0.0
2025-05-19,11.252,11.642,11.702,11.152,111660.07,133794.364,0.9589785831960462,,0.0
2025-05-20,11.602,11.952,12.102,11.552,130814.62,162365.244,0.96,,0.0
2025-05-21,11.892,11.812,12.202,11.792,70424.0,87360.637,0.959545085296507,,0.0
2025-05-22,11.762,11.632,12.122,11.622,71374.51,87953.987,0.9589447650453422,,0.0
2025-05-23,11.652,11.412,11.712000000000002,11.402,57494.56,69293.933,0.9581863979848868,,0.0
2025-05-26,11.392,12.102,12.142,11.342,127689.04,157353.99,0.9604761904761904,,0.0
2025-05-27,12.222,12.892,13.112,12.222,281699.6,375759.697,0.9628080657206872,,0.0
2025-05-28,12.882,12.992,13.182,12.682,186498.0,249481.379,0.9630837657524092,,0.0
2025-05-29,12.912,12.882,13.022,12.652,120669.07,160854.597,0.962780269058296,,0.0
2025-05-30,12.892,12.742,13.002,12.612,71640.0,94914.727,0.9623867069486404,,0.0
2025-06-03,12.482,12.812,12.912,12.402,93363.0,123739.549,0.9625845229151014,,0.0
2025-06-04,12.851,13.001,13.111,12.771,90963.0,120114.783,0.9812075471698112,,0.0
2025-06-05,12.951,12.681,13.101,12.611,89430.67,116726.505,0.9807424593967516,,0.0
2025-06-06,12.651,12.421,12.731,12.281,83979.89,106509.5,0.98034727703236,,0.0
2025-06-09,12.351,12.511,12.521,12.281,71543.55,90677.347,0.9804858934169278,,0.0
2025-06-10,12.411,12.331,12.651,12.181,75271.0,95231.67,0.9802066772655008,,0.0
2025-06-11,12.281,12.321,12.391,12.261,61318.0,77027.439,0.9801909307875896,,0.0
2025-06-12,12.261,12.111,12.321,12.051,66747.0,82795.194,0.9798543689320388,,0.0
2025-06-13,12.101,11.761,12.101,11.721,110604.0,133490.6,0.9792672772689424,,0.0
2025-06-16,11.831,11.891,11.941,11.681,54115.0,65605.742,0.979489291598023,,0.0
2025-06-17,11.881,11.811,11.961,11.781,47336.74,57274.649,0.9793532338308456,,0.0
2025-06-18,11.811,11.661,11.871,11.611,47368.07,56505.939,0.9790931989924432,,0.0
2025-06-19,11.631,11.451,11.711,11.401,58564.01,69019.224,0.9787179487179488,,0.0
2025-06-20,11.451,11.401,11.571,11.401,36449.0,42724.687,0.97862660944206,,0.0
2025-06-23,11.341,11.531,11.531,11.241,38043.0,44439.3,0.9788624787775893,,0.0
2025-06-24,11.531,11.731,11.741,11.531,53131.0,63327.146,0.9792153589315524,,0.0
2025-06-25,11.811,11.771,11.841,11.581,56447.0,67502.615,0.9792845257903494,,0.0
2025-06-26,11.771,11.731,11.811,11.681,49028.99,58745.216,0.9792153589315524,,0.0
2025-06-27,11.741,11.841,11.961,11.701,60616.99,73286.489,0.9794044665012408,,0.0
2025-06-30,11.841,11.901,11.911,11.771,44021.0,53283.517,0.979506172839506,,0.0
2025-07-01,12.011,11.891,12.021,11.821,46085.0,56030.395,0.979489291598023,,0.0
2025-07-02,11.891,11.801,11.921,11.751,39545.0,47675.684,0.9793360995850622,,0.0
2025-07-03,11.811,11.991,12.121,11.751,60369.0,73797.802,0.979656862745098,,0.0
2025-07-04,11.971,11.871,11.991,11.811,43927.0,53314.02,0.9794554455445544,,0.0
2025-07-07,11.881,11.901,11.981,11.851,44326.0,53900.392,0.979506172839506,,0.0
2025-07-08,11.951,12.251,12.281,11.951,85037.48,105467.12,0.98008,,0.0
2025-07-09,12.231,12.211,12.311,12.181,46841.64,58595.866,0.980016051364366,,0.0
2025-07-10,12.261,13.461,13.461,12.261,291249.47,394369.324,0.9818380743982494,,0.0
2025-07-18,14.641,13.441,14.641,13.371,589685.47,834445.555,0.9818115412710008,,0.0
2025-07-21,13.091,13.211,13.401,12.881,277900.64,373392.638,0.9815007429420504,,0.0
2025-07-22,13.111,12.881,13.211,12.811,221249.07,291756.006,0.981035795887281,,0.0
2025-07-23,12.901,12.801,13.081,12.761,133327.0,175703.067,0.980919540229885,,0.0
2025-07-24,12.781,12.841,12.891,12.751,97868.11,127813.658,0.980977845683728,,0.0
2025-07-25,12.901,12.851,13.151,12.841,141610.23,186916.686,0.9809923664122135,,0.0
2025-07-28,12.781,12.741,12.841,12.661,86569.51,112586.367,0.9808314087759816,,0.0
2025-07-29,12.811,12.751,12.831,12.531,96336.99,124296.927,0.9808461538461538,,0.0
2025-07-30,12.701,12.761,12.841,12.621,74156.0,96362.938,0.9808608762490392,,0.0
2025-07-31,12.751,12.561,12.751,12.521,78201.0,100603.566,0.9805620608899296,,0.0
2025-08-01,12.561,12.651,12.661,12.531,49512.0,63733.291,0.9806976744186046,,0.0
2025-08-04,12.591,12.651,12.651,12.451,51272.0,65624.92,0.9806976744186046,,0.0
2025-08-05,12.631,12.751,12.781,12.621,59184.0,76734.429,0.9808461538461538,,0.0
2025-08-06,12.761,12.711,12.761,12.661,47377.0,61374.168,0.980787037037037,,0.0
2025-08-07,12.731,13.181,13.401,12.681,256731.18,343534.68,0.9814594192107222,,0.0
2025-08-08,13.071,12.941,13.121,12.871,110686.65,146050.312,0.9811220621683092,,0.0
2025-08-11,12.901,13.341,13.401,12.821,180285.35,243758.013,0.9816777041942604,,0.0
2025-08-12,13.351,13.211,13.461,13.141,92704.8,125150.207,0.9815007429420504,,0.0
2025-08-13,13.351,13.191,13.451,13.021,106543.99,142700.188,0.9814732142857142,,0.0
2025-08-14,13.071,12.881,13.451,12.881,107015.0,142996.196,0.981035795887281,,0.0
2025-08-15,12.801,12.921,12.951,12.801,73233.0,96215.606,0.9810933940774488,,0.0
2025-08-18,12.921,13.251,13.531,12.921,136308.01,183650.87,0.9815555555555556,,0.0
2025-08-19,13.251,13.461,13.551,13.251,140199.9,191585.216,0.9818380743982494,,0.0
2025-08-20,13.371,13.581,13.661,13.311,130144.19,179440.278,0.981995661605206,,0.0
2025-08-21,13.551,13.491,13.701,13.401,106362.0,146800.62,0.9818777292576418,,0.0
2025-08-22,13.431,13.441,13.491,13.231,93995.76,127594.356,0.9818115412710008,,0.0
2025-08-25,13.451,13.701,13.851,13.351,170494.6,236935.246,0.9821505376344084,,0.0
2025-08-26,14.151,13.651,14.171,13.641,154789.79,217488.78,0.9820863309352518,,0.0
2025-08-27,13.521,13.301,13.681,13.301,121791.84,167398.518,0.9816236162361625,,0.0
2025-08-28,13.281,13.101,13.411,12.711,111291.5,147853.002,0.9813483146067415,,0.0
2025-08-29,13.161,12.961,13.251,12.951,81757.52,109050.62,0.9811506434519304,,0.0
2025-09-01,12.971,13.371,13.631,12.831,126017.54,170368.765,0.9817180616740088,,0.0
2025-09-02,13.251,13.181,13.511,13.101,73264.94,98779.474,0.9814594192107222,,0.0
2025-09-03,13.161,12.731,13.291,12.691,81587.98,107476.557,0.9808166409861324,,0.0
2025-09-04,12.741,13.121,13.241,12.701,107084.47,142341.09,0.981376215407629,,0.0
2025-09-05,13.051,13.131,13.131,12.771,78291.88,103294.812,0.981390134529148,,0.0
2025-09-08,13.121,13.401,13.431,13.101,90848.33,123326.44,0.9817582417582416,,0.0
2025-09-09,13.331,13.381,13.521,13.261,64019.89,87235.144,0.9817314746881878,,0.0
2025-09-10,13.431,13.441,13.491,13.311,59430.46,81160.336,0.9818115412710008,,0.0
2025-09-11,13.371,13.531,13.531,13.191,69922.0,95377.657,0.9819303338171262,,0.0
2025-09-12,13.531,13.261,13.591,13.251,60236.06,82140.136,0.9815692079940784,,0.0
2025-09-15,13.271,13.241,13.471,13.201,55302.95,74900.072,0.9815418828762046,,0.0
2025-09-16,13.271,13.291,13.531,13.131,53920.0,72912.409,0.9816100443131462,,0.0
2025-09-17,13.291,13.061,13.321,13.021,66654.0,88940.344,0.9812922614575508,,0.0
2025-09-18,13.091,12.681,13.101,12.571,92538.29,120968.184,0.9807424593967516,,0.0
2025-09-19,12.731,12.701,12.791,12.521,49339.65,63633.303,0.9807722007722008,,0.0
2025-09-22,12.701,12.591,12.721,12.481,41183.97,52708.002,0.980607476635514,,0.0
2025-09-23,12.531,12.351,12.741,12.151,57479.46,72366.39,0.9802380952380952,,0.0
2025-09-24,12.321,12.531,12.601,12.211,38852.2,49429.415,0.9805164319248826,,0.0
2025-09-25,12.501,12.441,12.651,12.411,33787.0,43102.609,0.9803782505910164,,0.0
2025-09-26,12.391,12.411,12.541,12.281,30840.44,39084.871,0.9803317535545024,,0.0
2025-09-29,12.371,12.471,12.491,12.151,35521.55,44749.96,0.9804245283018868,,0.0
2025-09-30,12.471,12.451,12.571,12.371,30180.33,38320.393,0.9803937007874016,,0.0
2025-10-09,12.421,12.601,12.741,12.421,51829.84,66581.406,0.9806225680933852,,0.0
2025-10-10,12.591,12.691,12.801,12.501,44748.26,57916.64,0.980757341576507,,0.0
2025-10-13,12.151,12.571,12.571,12.151,43173.1,54739.137,0.9805772230889236,,0.0
2025-10-14,12.571,12.651,12.721,12.501,50706.22,65169.429,0.9806976744186046,,0.0
2025-10-15,12.651,12.751,12.781,12.551,46224.0,59828.597,0.9808461538461538,,0.0
2025-10-16,12.831,12.491,12.831,12.451,41967.22,53861.909,0.9804552590266876,,0.0
2025-10-17,12.251,12.131,12.401,12.111,57975.0,72459.043,0.979886914378029,,0.0
2025-10-20,12.201,12.101,12.221,11.961,42440.0,52231.249,0.979838056680162,,0.0
2025-10-21,12.101,12.341,12.371,12.071,39587.98,49451.959,0.98022239872915,,0.0
2025-10-22,12.261,12.211,12.401,12.191,36760.0,46137.872,0.980016051364366,,0.0
2025-10-23,12.211,12.251,12.291,12.081,31428.0,39109.006,0.98008,,0.0
2025-10-24,12.251,12.051,12.291,12.041,53356.0,66126.748,0.9797560975609756,,0.0
2025-10-27,12.051,12.021,12.171,11.991,38596.02,47488.742,0.9797066014669926,,0.0
2025-10-28,12.051,12.061,12.151,11.991,33536.47,41337.55,0.9797725426482534,,0.0
2025-10-29,12.061,12.081,12.131,11.931,38917.0,47742.467,0.9798053527980536,,0.0
2025-10-30,12.081,11.941,12.301,11.901,68865.23,85103.981,0.9795734208367514,,0.0
2025-10-31,11.901,12.141,12.181,11.901,48155.0,59380.186,0.9799031476997578,,0.0
2025-11-03,12.181,12.171,12.221,12.091,39389.0,48856.488,0.979951690821256,,0.0
2025-11-04,12.191,12.051,12.201,11.991,44605.02,54952.785,0.9797560975609756,,0.0
2025-11-05,12.051,12.111,12.201,11.961,43068.0,53348.683,0.9798543689320388,,0.0
2025-11-06,12.071,12.071,12.131,12.021,32520.0,40071.94,0.979788961038961,,0.0
2025-11-07,12.071,12.041,12.131,12.011,30164.0,37142.649,0.9797396257119608,,0.0
2025-11-10,12.041,12.391,12.431,12.001,86046.0,107684.518,0.9803006329113924,,0.0
2025-11-11,12.401,12.581,12.651,12.291,73727.0,93785.108,0.9805923616523772,,0.0
2025-11-12,12.581,12.501,12.621,12.461,45489.0,58121.841,0.980470588235294,,0.0
2025-11-13,12.441,12.661,12.691,12.361,52688.65,67477.036,0.9807126258714176,,0.0
2025-11-14,12.611,12.571,12.781,12.571,42009.0,54200.155,0.9805772230889236,,0.0
2025-11-17,12.561,12.641,12.671,12.501,32626.09,41918.859,0.9806826997672614,,0.0
2025-11-18,12.631,12.571,12.701,12.501,30023.0,38499.667,0.9805772230889236,,0.0
2025-11-19,12.551,12.501,12.621,12.421,29582.0,37722.137,0.980470588235294,,0.0
2025-11-20,12.501,12.181,12.541,12.111,47557.56,59415.609,0.9799678197908286,,0.0
2025-11-21,12.101,11.721,12.311,11.681,63304.0,76942.782,0.9791979949874686,,0.0
2025-11-24,11.711,11.881,11.921,11.711,36487.0,44100.876,0.979472382522671,,0.0
2025-11-25,11.931,12.031,12.161,11.901,29380.01,36177.515,0.9797231270358304,,0.0
2025-11-26,12.001,11.981,12.221,11.921,36075.0,44361.169,0.9796402289452166,,0.0
2025-11-27,12.031,11.911,12.101,11.891,24405.0,29854.257,0.9795230263157896,,0.0
2025-11-28,11.931,12.061,12.081,11.801,23058.0,28203.838,0.9797725426482534,,0.0
2025-12-01,12.101,12.151,12.271,12.061,29686.72,36922.687,0.9799193548387096,,0.0
2025-12-02,12.151,12.211,12.321,11.991,35003.0,43387.858,0.980016051364366,,0.0
2025-12-03,12.211,12.201,12.291,11.971,42134.0,52071.147,0.98,,0.0
2025-12-04,12.181,11.771,12.221,11.761,57809.0,70315.937,0.9792845257903494,,0.0
2025-12-05,11.791,11.991,12.011,11.691,43594.0,52845.168,0.979656862745098,,0.0
2025-12-08,11.991,11.931,12.031,11.901,31097.0,37920.938,0.9795566502463052,,0.0
2025-12-09,11.951,12.031,12.221,11.801,61002.0,74812.14,0.9797231270358304,,0.0
2025-12-10,12.031,11.951,12.151,11.901,46906.0,57480.499,0.9795901639344262,,0.0
2025-12-11,11.991,11.561,11.991,11.561,69753.05,83308.187,0.9789161727349704,,0.0
2025-12-12,11.561,11.361,11.601,11.351,53602.11,62744.476,0.9785529715762272,,0.0
2025-12-15,11.381,11.371,11.461,11.331,32546.99,37903.531,0.9785714285714284,,0.0
2025-12-16,11.371,11.421,11.701,11.351,59748.99,70187.067,0.97866323907455,,0.0
2025-12-17,11.521,11.581,11.781,11.301,77184.74,91047.317,0.9789518174133558,,0.0
2025-12-18,11.571,12.001,12.551,11.461,147312.27,182362.661,0.979673469387755,,0.0
2025-12-19,12.041,12.331,12.381,11.971,129313.19,161394.414,0.9802066772655008,,0.0
2025-12-22,12.371,12.151,12.381,12.101,71415.42,88766.449,0.9799193548387096,,0.0
2025-12-23,12.151,11.881,12.171,11.841,56621.0,69012.925,0.979472382522671,,0.0
2025-12-24,11.841,11.811,11.921,11.771,51986.85,62799.869,0.9793532338308456,,0.0
2025-12-25,11.801,11.841,11.931,11.781,40091.22,48436.228,0.9794044665012408,,0.0
2025-12-26,11.861,11.721,11.881,11.711,46606.85,56073.413,0.9791979949874686,,0.0
2025-12-29,11.751,11.551,11.801,11.511,48800.87,57701.078,0.9788983050847456,,0.0
2025-12-30,11.501,11.451,11.501,11.361,35816.08,41825.078,0.9787179487179488,,0.0
2025-12-31,11.511,11.461,11.511,11.371,33038.24,38569.498,0.9787361229718188,,0.0
2026-01-05,11.501,11.571,11.601,11.401,36133.08,42547.687,0.9789340101522842,,0.0
2026-01-06,11.591,11.681,11.681,11.511,48885.87,57958.523,0.9791282481139982,,0.0
2026-01-07,11.651,11.571,11.671,11.531,43085.0,51007.483,0.9789340101522842,,0.0
2026-01-08,11.541,11.711,11.811,11.481,62900.3,74848.955,0.9791806020066888,,0.0
2026-01-09,11.711,11.781,11.811,11.651,51933.3,62228.623,0.9793017456359102,,0.0
2026-01-12,11.781,12.051,12.151,11.761,82677.71,100726.623,0.9797560975609756,,0.0
2026-01-13,12.051,11.831,12.121,11.751,80293.29,98144.417,0.979387417218543,,0.0
2026-01-14,11.831,11.791,11.971,11.631,78196.78,94453.539,0.9793189368770764,,0.0
2026-01-15,11.691,11.691,11.831,11.611,53896.69,64295.125,0.979145728643216,,0.0
2026-01-16,11.721,11.551,11.751,11.521,49272.0,58266.503,0.9788983050847456,,0.0
2026-01-19,11.531,11.721,11.801,11.481,51591.04,61615.748,0.9791979949874686,,0.0
2026-01-20,11.721,11.791,11.961,11.721,54087.44,65269.073,0.9793189368770764,,0.0
2026-01-21,11.771,11.711,11.811,11.621,32113.0,38348.389,0.9791806020066888,,0.0
2026-01-22,11.691,11.831,11.861,11.691,41578.77,50095.763,0.979387417218543,,0.0
2026-01-23,11.831,11.871,11.891,11.791,40285.0,48724.085,0.9794554455445544,,0.0
2026-01-26,11.871,11.861,11.931,11.701,47154.29,56844.814,0.97943848059455,,0.0
2026-01-27,11.861,11.741,11.871,11.531,44593.19,53130.719,0.979232693911593,,0.0
2026-01-28,11.741,11.601,11.801,11.581,34172.03,40698.928,0.978987341772152,,0.0
2026-01-29,11.601,11.891,11.931,11.471,69785.39,83994.522,0.979489291598023,,0.0
2026-01-30,11.901,11.671,11.931,11.561,58021.0,69604.481,0.9791107382550336,,0.0
2026-02-02,11.671,11.781,11.971,11.611,75481.0,91489.945,0.9793017456359102,,0.0
2026-02-03,11.781,11.721,11.981,11.611,54927.82,65784.485,0.9791979949874686,,0.0
2026-02-04,11.601,11.741,11.791,11.551,42034.0,50295.673,0.979232693911593,,0.0
2026-02-05,11.721,11.851,12.031,11.651,80944.77,98553.501,0.9794214876033056,,0.0
2026-02-06,11.861,11.751,11.951,11.691,48359.0,58126.053,0.97925,,0.0
2026-02-09,11.801,11.691,11.801,11.631,62907.0,75026.921,0.979145728643216,,0.0
2026-02-10,11.681,11.571,11.681,11.531,51046.1,60361.001,0.9789340101522842,,0.0
2026-02-11,11.551,11.531,11.621,11.511,32566.82,38437.397,0.9788624787775893,,0.0
2026-02-12,11.551,11.311,11.561,11.311,50286.81,58432.036,0.9784602076124568,,0.0
2026-02-13,11.331,11.061,11.371,11.051,47279.0,54139.376,0.9779840848806366,,0.0
2026-02-24,11.051,11.071,11.101,10.961,32491.0,36682.274,0.9780035335689046,,0.0
2026-02-25,11.071,11.141,11.211,11.071,50724.0,57733.889,0.9781387181738368,,0.0
2026-02-26,11.141,10.971,11.151,10.941,40089.0,45170.671,0.977807486631016,,0.0
2026-02-27,10.961,11.011,11.021,10.941,20270.99,22786.105,0.977886323268206,,0.0
2026-03-02,10.871,10.571,10.901,10.551,54317.61,59427.097,0.9769870609981516,,0.0
2026-03-03,10.561,10.411,10.711,10.401,43184.0,46668.299,0.9766416510318948,,0.0
2026-03-04,10.421,10.171,10.421,10.141,35530.0,37284.171,0.9761036468330134,,0.0
2026-03-05,10.301,10.281,10.401,10.251,28993.0,30615.765,0.9763532763532764,,0.0
2026-03-06,10.241,10.481,10.491,10.181,35874.12,38134.815,0.976794035414725,,0.0
2026-03-09,10.361,10.411,10.471,10.301,28315.0,30103.082,0.9766416510318948,,0.0
2026-03-10,10.471,10.501,10.531,10.441,20689.0,22222.696,0.9768372093023256,,0.0
2026-03-11,10.531,10.421,10.551,10.391,20988.0,22426.877,0.976663542642924,,0.0
2026-03-12,10.411,10.381,10.501,10.351,20225.0,21557.209,0.9765757290686736,,0.0
2026-03-13,10.341,10.361,10.461,10.301,25142.99,26756.214,0.9765315739868048,,0.0
2026-03-16,10.311,10.441,10.451,10.291,28560.0,30421.561,0.9767072029934518,,0.0
2026-03-17,10.471,10.381,10.541,10.371,29432.0,31555.744,0.9765757290686736,,0.0
2026-03-18,10.361,10.321,10.381,10.211,26275.01,27630.358,0.9764427625354776,,0.0
2026-03-19,10.211,10.071,10.271,10.051,26582.0,27593.49,0.9758720930232556,,0.0
2026-03-20,10.071,9.831,10.141,9.831,31816.0,32388.769,0.975297619047619,,0.0
2026-03-23,9.831,9.371,9.831,9.311,48269.0,47252.565,0.974116424116424,,0.0
2026-03-24,9.551,9.701,9.721,9.401,33999.0,33335.549,0.9749748743718591,,0.0
2026-03-25,9.751,9.921,9.931,9.741,27269.0,27575.706,0.9755162241887904,,0.0
2026-03-26,9.881,9.761,10.011,9.721,23705.0,23907.776,0.9751248751248752,,0.0
2026-03-27,9.651,9.951,9.971,9.651,26683.01,26994.304,0.9755882352941176,,0.0
2026-03-30,9.831,9.961,10.011,9.811,22846.0,23292.418,0.9756121449559256,,0.0
2026-03-31,10.001,9.871,10.151,9.861,25209.0,25820.002,0.975395256916996,,0.0
2026-04-01,9.951,10.021,10.031,9.881,27744.0,28340.744,0.9757546251217136,,0.0
2026-04-02,10.011,9.901,10.031,9.861,22006.0,22417.184,0.9754679802955664,,0.0
2026-04-03,9.921,9.621,9.921,9.621,21988.0,21899.573,0.974772036474164,,0.0
2026-04-07,9.631,9.841,9.871,9.501,32161.0,32098.107,0.9753221010901882,,0.0
2026-04-08,9.981,10.021,10.051,9.861,28201.49,28914.035,0.9757546251217136,,0.0
2026-04-09,9.991,9.881,10.251,9.861,36990.0,38044.015,0.9754195459032576,,0.0
2026-04-10,9.931,10.051,10.121,9.881,33815.95,34818.219,0.9758252427184464,,0.0
2026-04-13,10.071,10.041,10.151,9.991,24354.95,25108.352,0.9758017492711368,,0.0
2026-04-14,10.041,9.891,10.071,9.741,41834.0,42375.34,0.9754437869822484,,0.0
2026-04-15,9.901,9.811,9.911,9.751,28827.0,29036.526,0.975248508946322,,0.0
2026-04-16,9.821,10.021,10.041,9.761,33784.81,34348.055,0.9757546251217136,,0.0
2026-04-17,9.951,9.861,9.991,9.751,29793.0,30040.359,0.9753709198813056,,0.0
2026-04-20,9.831,9.881,9.921,9.781,18779.0,18982.128,0.9754195459032576,,0.0
2026-04-21,9.891,10.181,10.411,9.831,68816.0,71357.378,0.9761265580057524,,0.0
2026-04-22,10.161,9.911,10.161,9.851,51290.0,52340.9,0.975492125984252,,0.0
2026-04-23,9.881,9.901,10.031,9.711,46625.95,47155.796,0.9754679802955664,,0.0
2026-04-24,9.881,10.001,10.051,9.801,34421.0,35046.984,0.9757073170731708,,0.0
2026-04-27,9.991,10.191,10.251,9.841,45492.0,46976.726,0.9761494252873564,,0.0
2026-04-28,10.101,10.321,10.411,10.101,55409.49,58610.504,0.9764427625354776,,0.0
2026-04-29,10.871,10.921,11.241,10.651,189819.22,214038.387,0.977708146821844,,0.0
2026-04-30,10.871,10.841,11.121,10.781,95980.0,107295.702,0.9775473399458972,,0.0
2026-05-06,10.851,10.981,11.111,10.771,79169.0,88693.471,0.977827248441674,,0.0
2026-05-07,10.961,10.811,10.981,10.801,52864.0,58770.619,0.9774864376130198,,0.0
2026-05-08,10.811,10.871,10.901,10.781,30915.95,34280.716,0.9776079136690649,,0.0
2026-05-11,10.891,10.891,10.921,10.721,436100000.0,483643030.0,0.9776481149012568,,0.0
2026-05-12,10.861,10.651,10.871,10.631,46199.0,50687.681,0.9771559633027522,,0.0
2026-05-13,10.671,10.601,10.741,10.581,29096.95,31658.487,0.9770506912442396,,0.0
2026-05-14,10.601,10.531,10.681,10.441,44940.0,48526.349,0.9769016697588124,,0.0
2026-05-15,10.511,10.481,10.631,10.421,44403.0,47764.421,0.976794035414725,,0.0
2026-05-18,10.451,10.731,10.741,10.321,54995.31,59436.075,0.9773224043715848,,0.0
2026-05-19,10.701,10.881,10.981,10.681,49478.09,55107.496,0.9776280323450134,,0.0
2026-05-20,10.921,10.811,11.021,10.771,44125.47,49095.28,0.9774864376130198,,0.0
2026-05-21,10.781,10.571,11.131,10.561,56390.81,62587.363,0.9769870609981516,,0.0
2026-05-22,10.681,10.511,10.681,10.431,45843.11,49509.808,0.9768587360594796,,0.0
2026-05-25,10.541,10.481,10.671,10.361,31637.0,33969.691,0.976794035414725,,0.0
2026-05-26,10.461,10.171,10.511,10.051,46533.77,48777.611,0.9761036468330134,,0.0
2026-05-27,10.151,10.211,10.301,9.931,40389.0,41998.564,0.9761950286806884,,0.0
2026-05-28,10.171,10.191,10.321,9.991,35516.0,37009.511,0.9761494252873564,,0.0
2026-05-29,10.161,10.381,10.531,10.161,55944.87,59429.452,0.9765757290686736,,0.0
2026-06-01,10.271,10.481,10.511,10.111,52764.1,55856.273,0.976794035414725,,0.0
2026-06-02,10.501,10.081,10.531,10.001,61572.09,64280.645,0.975895450145208,,0.0
2026-06-03,10.081,9.881,10.091,9.751,51680.0,52166.798,0.9754195459032576,,0.0
2026-06-04,9.89,9.69,10.01,9.57,53321.49,51914.516,1.0,,0.0
2026-06-05,9.72,9.64,9.85,9.49,49341.0,47575.798,1.0,,0.0
2026-06-08,9.36,9.4,9.7,9.24,52408.0,49476.636,1.0,,0.0
2026-06-09,9.57,9.25,9.57,9.21,38093.0,35439.19,1.0,,0.0
2026-06-10,9.25,9.27,9.39,9.1,37836.0,34966.549,1.0,,0.0
2026-06-11,9.19,9.18,9.33,9.02,37166.0,34024.283,1.0,,0.0
2026-06-12,9.22,9.63,9.76,9.15,74499.0,70784.267,1.0,,0.0
2026-06-15,9.55,9.6,9.74,9.52,46683.0,44922.514,1.0,,0.0
2026-06-16,9.6,9.29,9.6,9.22,47581.99,44344.148,1.0,,0.0
2026-06-17,9.22,8.97,9.42,8.88,60321.0,54361.611,1.0,,0.0
2026-06-18,8.92,8.94,9.12,8.73,47110.0,42137.69,1.0,,0.0
2026-06-22,8.94,9.05,9.07,8.72,60957.11,54130.598,1.0,,0.0
2026-06-24,9.25,9.13,9.31,9.04,46693.92,42742.092,1.0,,0.0
2026-06-25,9.13,9.06,9.25,8.88,43867.0,39700.379,1.0,,0.0
2026-06-26,8.96,8.7,9.05,8.7,45082.0,39697.437,1.0,,0.0
2026-06-29,8.7,8.89,8.92,8.48,53920.0,47160.219,1.0,,0.0
2026-06-30,8.88,8.65,8.89,8.58,43283.0,37607.02,1.0,,0.0
2026-07-01,8.62,8.92,9.08,8.6,56512.0,50080.57,1.0,,0.0
2026-07-03,8.95,9.01,9.18,8.93,36805.19,33342.373,1.0,,0.0
2026-07-06,8.97,9.1,9.2,8.95,39802.01,36245.173,1.0,,0.0
2026-07-07,9.03,8.87,9.18,8.83,35619.0,31827.24,1.0,,0.0
2026-07-08,8.88,8.85,9.02,8.74,27459.0,24272.432,1.0,,0.0
2026-07-09,8.81,8.71,8.9,8.62,42006.4,36628.568,1.0,,0.0
2026-07-10,8.71,9.0,9.04,8.54,69562.99,61551.676,1.0,,0.0
2026-07-14,8.97,9.12,9.16,8.84,53218.99,47891.516,1.0,,0.0
2026-07-15,8.82,9.18,9.27,8.67,97665.0,88170.395,1.0,,0.0
2026-07-16,9.1,9.38,9.47,9.08,78469.88,72846.324,1.0,,0.0
2026-07-17,9.35,9.03,9.5,9.0,72635.99,67000.292,1.0,,0.0
2026-07-20,8.99,8.79,9.1,8.68,89402.0,79538.927,1.0,,0.0
2026-07-21,8.78,8.46,8.86,8.32,111245.24,94508.741,1.0,,0.0
2026-07-22,8.38,8.35,8.53,8.3,67055.99,56181.02,1.0,,0.0
2026-07-23,8.35,8.47,8.52,8.28,54237.62,45533.862,1.0,,0.0
2026-07-24,8.41,8.19,8.48,8.18,55606.0,46047.888,1.0,,0.0
2026-07-27,8.13,8.33,8.38,8.13,43565.0,36223.056,1.0,,0.0
2026-07-28,8.27,8.59,8.69,8.27,79712.0,68149.949,1.0,,0.0
2026-07-29,8.58,9.45,9.45,8.55,81174.0,74643.827,1.0,,0.0
2026-07-30,9.65,9.16,9.69,9.07,209962.62,198456.892,1.0,,0.0
2026-07-31,9.01,9.52,9.66,9.01,146461.62,137813.901,1.0,,0.0
2026-08-03,9.47,9.83,9.95,9.43,139154.0,135702.469,1.0,,0.0
2026-08-04,9.78,9.76,10.01,9.72,104531.0,102850.959,1.0,,0.0
2026-08-05,9.83,9.95,10.17,9.72,100493.0,100046.314,1.0,,0.0
2026-08-06,10.0,9.94,10.08,9.8,61371.0,60873.193,1.0,,0.0
2026-08-07,9.75,9.85,10.02,9.63,53329.0,52272.566,1.0,,0.0
2026-08-10,9.67,10.08,10.13,9.67,57173.0,57385.61,1.0,,0.0
2026-08-11,9.98,9.9,10.13,9.88,44632.0,44565.348,1.0,,0.0
2026-08-12,9.85,10.06,10.11,9.81,50157.0,49999.912,1.0,1.2603,0.0
2026-08-13,10.0,10.07,10.18,9.89,58723.0,59099.671,1.0,1.48,0.0
2026-08-14,10.05,9.85,10.05,9.76,43625.0,42980.491,1.0,1.1,0.0
2026-08-17,9.85,10.0,10.02,9.77,37369.0,37058.046,1.0,0.0,0.0
2026-08-18,10.01,10.09,10.28,9.97,51448.0,51826.025,1.0,0.0,0.0
2026-08-19,9.98,9.62,10.09,9.6,48009.0,46828.802,1.0,0.0,0.0
2026-08-20,9.62,9.73,9.81,9.5,35457.45,34271.86,1.0,0.8909,0.8909
2026-08-21,9.65,9.53,9.78,9.5,38236.0,36578.93,1.0,0.9607,0.9607
2026-08-24,9.53,9.33,9.65,9.32,35819.45,33670.303,1.0,0.9,0.9
2026-08-25,9.29,9.42,9.5,9.23,48777.0,45826.241,1.0,1.2256,1.2256
2026-08-26,9.42,9.4,9.5,9.37,38886.0,36624.962,1.0,0.9771,0.9771
2026-08-27,9.34,9.43,9.6,9.34,34860.99,32932.298,1.0,0.8759,0.8759
2026-08-28,9.43,9.73,9.78,9.35,48932.0,47088.024,1.0,1.2295,1.2295
2026-08-31,9.75,9.59,9.95,9.56,46355.0,44980.452,1.0,1.1647,1.1647
2026-09-01,9.36,9.69,9.77,9.36,50110.0,48380.772,1.0,1.2591,1.2591
2026-09-02,9.68,9.48,9.72,9.42,38077.0,36239.591,1.0,0.9567,0.9567
2026-09-03,9.48,9.38,9.59,9.38,33510.19,31687.736,1.0,0.842,0.842
2026-09-04,9.4,9.65,9.82,9.34,55717.0,53752.237,1.0,1.4,1.4
2026-09-07,9.65,9.83,9.86,9.6,48165.0,47092.316,1.0,1.2102,1.2102
2026-09-08,9.81,9.99,10.01,9.81,53764.0,53387.835,1.0,1.3509,1.3509
2026-09-09,10.03,9.7,10.03,9.67,54298.0,52943.231,1.0,1.3643,1.3643
2026-09-10,9.66,9.47,9.76,9.46,41370.0,39452.83,1.0,1.0395,1.0395
2026-09-11,9.43,9.09,9.43,9.0,49339.0,45001.153,1.0,1.2397,1.2397
2026-09-14,9.07,9.17,9.25,9.06,40539.0,37144.194,1.0,1.0186,1.0186
2026-09-15,9.18,8.9,9.19,8.88,31026.0,27842.457,1.0,0.7796,0.7796
2026-09-16,8.86,8.91,8.95,8.76,30015.0,26622.93,1.0,0.7542,0.7542
2026-09-17,8.88,8.87,8.92,8.77,22789.98,20157.097,1.0,0.5726,0.5726
2026-09-18,8.87,8.82,9.03,8.82,39560.9,35253.797,1.0,0.994,0.994
2026-09-21,8.89,9.1,9.17,8.86,38282.68,34537.798,1.0,0.9619,0.9619
2026-09-22,9.15,9.21,9.3,9.02,34809.0,31932.299,1.0,0.8746,0.8746
2026-09-23,9.23,9.15,9.34,9.09,32438.0,29803.398,1.0,0.8151,0.8151
